{
  "type": "FeatureCollection",
  "properties": [
    ["id","nama_usaha","alamat","jenis_peta","kecamatan","kelurahan_desa","sls","blok_sensus","telepon","kbli_kategori","sumber_data"],
    ["2321","Kursus Herman Belawan","Belawan I, Medan Kota Belawan, Kota Medan, Sumatera Utara","prelist","MEDAN BELAWAN","BELAWAN II","LINGKUNGAN 42","","","P. Pendidikan","Gmaps + SBR"],
    ["2322","Biro Klasifikasi Indonesia PT Persero","Belawan I, Medan Kota Belawan, Kota Medan, Sumatera Utara 20411","prelist","MEDAN BELAWAN","BELAWAN I","LINGKUNGAN 2","","(061) 6941025","O. Administrasi Pemerintahan, Pertahanan, dan Jaminan Sosial Wajib","Gmaps + SBR"],
    ["2323","RS. Prima Husada Cipta Medan","Jalan Stasiun No.92","prelist","MEDAN BELAWAN","BELAWAN BAHAGIA","LINGKUNGAN 20","","(061) 6941927","Q. Jasa Kesehatan dan Kegiatan Sosial","Gmaps + SBR"],
    ["2324","Apotik Era","Jl. Veteran No.92","prelist","MEDAN BELAWAN","BELAWAN I","LINGKUNGAN 1","","","Q. Jasa Kesehatan dan Kegiatan Sosial","Gmaps + SBR"],
    ["2325","Klinik Bidan Eka","Jl. Lorong Buntu No.2","prelist","MEDAN BELAWAN","BAGAN DELI","LINGKUNGAN 1","","","Q. Jasa Kesehatan dan Kegiatan Sosial","Gmaps + SBR"],
    ["2326","Sumatera Jaya","Jl. Sumatera No.90","prelist","MEDAN BELAWAN","BELAWAN I","LINGKUNGAN 2","","","Q. Jasa Kesehatan dan Kegiatan Sosial","Gmaps + SBR"],
    ["2327","Belawan","Belawan I, Medan Kota Belawan, Kota Medan, Sumatera Utara","prelist","MEDAN BELAWAN","BELAWAN I","LINGKUNGAN 31","","","R. Kesenian, Hiburan dan Rekreasi","Gmaps + SBR"],
    ["2328","Laundry Muslim","Jl. Langkat No.3","prelist","MEDAN BELAWAN","BELAWAN I","LINGKUNGAN 4","","0812-6098-1045","S. Aktivitas Jasa Lainnya","Gmaps + SBR"],
    ["2329","DOOR SMEER (PA PANI)","Belawan Pulau Sicanang, Medan Kota Belawan, Kota Medan, Sumatera Utara","prelist","MEDAN BELAWAN","BELAWAN SICANANG","LINGKUNGAN 19","","","S. Aktivitas Jasa Lainnya","Gmaps + SBR"],
    ["2331","TK Riani","Jl. Sembilang No.14","prelist","MEDAN BELAWAN","BELAWAN BAHAGIA","LINGKUNGAN 11","","0852-9634-4384","P. Pendidikan","Gmaps + SBR"],
    ["2337","Sudi Mampir","Jl. Veteran No.170","prelist","MEDAN BELAWAN","BELAWAN I","LINGKUNGAN 2","","(061) 6941779","I. Penyediaan Akomodasi dan Makan Minum","Gmaps + SBR"],
    ["2338","Rumah Makan TONDONG TA","Jl. Sumatera","prelist","MEDAN BELAWAN","BELAWAN II","LINGKUNGAN 42","","0813-7686-1747","I. Penyediaan Akomodasi dan Makan Minum","Gmaps + SBR"],
    ["2339","Sekolah Menengah Pertama Muhammadiyah 06","Jl. Kl. Yos Sudarso","prelist","MEDAN BELAWAN","BELAWAN BAHARI","LINGKUNGAN 12","","","P. Pendidikan","Gmaps + SBR"],
    ["2340","SD Negeri 060958","Jl. Bengkalis","prelist","MEDAN BELAWAN","BELAWAN I","LINGKUNGAN 3","","","P. Pendidikan","Gmaps + SBR"],
    ["2341","SMA Swasta Nurani","Jl. Kakap","prelist","MEDAN BELAWAN","BELAWAN BAHAGIA","LINGKUNGAN 8","","(061) 6940670","P. Pendidikan","Gmaps + SBR"],
    ["2342","Study Land English & Education","Jl. Bangka No.98","prelist","MEDAN BELAWAN","BELAWAN II","LINGKUNGAN 4","","0822-7610-3722","P. Pendidikan","Gmaps + SBR"],
    ["2343","Sekolah yapim","Jl. Young Panah Hijau","prelist","MEDAN BELAWAN","BELAWAN BAHARI","LINGKUNGAN 1","","","P. Pendidikan","Gmaps + SBR"],
    ["2344","SDN 060967","Jl. Tenggiri No.43","prelist","MEDAN BELAWAN","BELAWAN BAHAGIA","LINGKUNGAN 3","","","P. Pendidikan","Gmaps + SBR"],
    ["2345","SD Negeri No. 060966","Jl. Hiu","prelist","MEDAN BELAWAN","BELAWAN BAHAGIA","LINGKUNGAN 2","","","P. Pendidikan","Gmaps + SBR"],
    ["2346","SD NEGERI 060970","Bagan Deli, Medan Kota Belawan, Kota Medan, Sumatera Utara 20414","prelist","MEDAN BELAWAN","BAGAN DELI","LINGKUNGAN 3","","","P. Pendidikan","Gmaps + SBR"],
    ["2347","SD Negeri No. 064002","Jl. Veteran","prelist","MEDAN BELAWAN","BELAWAN I","LINGKUNGAN 3","","","P. Pendidikan","Gmaps + SBR"],
    ["2348","SD Negeri 060962","Jl. Veteran","prelist","MEDAN BELAWAN","BELAWAN I","LINGKUNGAN 3","","","P. Pendidikan","Gmaps + SBR"],
    ["2350","Kursus Herman Belawan","Jl. Sumatera No.11","prelist","MEDAN BELAWAN","BELAWAN I","LINGKUNGAN 1","","(0626) 940643","P. Pendidikan","Gmaps + SBR"],
    ["2351","SD NEGERI 065010","Jl. Tambak","prelist","MEDAN BELAWAN","BELAWAN SICANANG","LINGKUNGAN 20","","","P. Pendidikan","Gmaps + SBR"],
    ["2352","Kantor Imigrasi Belawan","Jl. Serma Hanafiah No.1","prelist","MEDAN BELAWAN","BELAWAN I","LINGKUNGAN 1","","0878-6900-3061","O. Administrasi Pemerintahan, Pertahanan, dan Jaminan Sosial Wajib","Gmaps + SBR"],
    ["2353","Magma Safety Cargo PT","Jl. Dosomuko 20411 No.403","prelist","MEDAN BELAWAN","BELAWAN I","LINGKUNGAN 31","","(061) 6941749","H. Transportasi dan Pergudangan","Gmaps + SBR"],
    ["2354","Mandiri Sejahtera Perkasa","Jl. St. No.20","prelist","MEDAN BELAWAN","BELAWAN II","LINGKUNGAN 23","","(061) 6945941","H. Transportasi dan Pergudangan","Gmaps + SBR"],
    ["2355","CV. RUKUN SENTOSA","Jl. Stasiun Lor","prelist","MEDAN BELAWAN","BELAWAN I","LINGKUNGAN 15","","0821-6156-7869","H. Transportasi dan Pergudangan","Gmaps + SBR"],
    ["2356","Masaji Kargosentra Tama. PT","Jl. R.Pelabuhan","prelist","MEDAN BELAWAN","BAGAN DELI","LINGKUNGAN 14","","(061) 6944111","H. Transportasi dan Pergudangan","Gmaps + SBR"],
    ["2357","PT. Admiral Lines Belawan","Belawan II, Medan Kota Belawan, Kota Medan, Sumatera Utara","prelist","MEDAN BELAWAN","BELAWAN II","LINGKUNGAN 43","","0821-2323-2273","H. Transportasi dan Pergudangan","Gmaps + SBR"],
    ["2358","Jasa Maritime Utama Indonesia. PT (Jasmin Stevedoring Co.)","Jl. Veteran No.120","prelist","MEDAN BELAWAN","BELAWAN I","LINGKUNGAN 1","","(061) 6940756","H. Transportasi dan Pergudangan","Gmaps + SBR"],
    ["2359","Surya Sumatera. PT","Jl. Selebes No.1 B","prelist","MEDAN BELAWAN","BELAWAN II","LINGKUNGAN 33","","(061) 6940659","H. Transportasi dan Pergudangan","Gmaps + SBR"],
    ["2365","PT. GEUBRINA SAMUDERA LOGISTIK","Jl. Deli No.15 A","prelist","MEDAN BELAWAN","BELAWAN I","LINGKUNGAN 4","","(061) 6941290","H. Transportasi dan Pergudangan","Gmaps + SBR"],
    ["2366","J&T Express Belawan","Jl. Sumatera No.7","prelist","MEDAN BELAWAN","BELAWAN I","LINGKUNGAN 1","","0821-6613-4585","H. Transportasi dan Pergudangan","Gmaps + SBR"],
    ["2367","Semesta Pahala PT EMKL","Jl. Sumatera No.96","prelist","MEDAN BELAWAN","BELAWAN I","LINGKUNGAN 31","","(061) 6940539","H. Transportasi dan Pergudangan","Gmaps + SBR"],
    ["2368","Etek Emi","Jl. Sumatera","prelist","MEDAN BELAWAN","BELAWAN I","LINGKUNGAN 1","","0821-6872-2638","I. Penyediaan Akomodasi dan Makan Minum","Gmaps + SBR"],
    ["2369","Toko Jam Rika","Jl. Veteran No.136","prelist","MEDAN BELAWAN","BELAWAN I","LINGKUNGAN 1","","0813-7666-5706","G. Perdagangan Besar dan Eceran, Reparasi Mobil dan Sepeda Motor","Gmaps + SBR"],
    ["2370","Toko Mas Iyel Manik","Jl. Jawa No.13","prelist","MEDAN BELAWAN","BELAWAN II","LINGKUNGAN 28","","0812-5270-2103","G. Perdagangan Besar dan Eceran, Reparasi Mobil dan Sepeda Motor","Gmaps + SBR"],
    ["2371","Sumber Electronik","Jl. Veteran No.104","prelist","MEDAN BELAWAN","BELAWAN I","LINGKUNGAN 1","","0831-9944-9292","G. Perdagangan Besar dan Eceran, Reparasi Mobil dan Sepeda Motor","Gmaps + SBR"],
    ["2372","MUTIARA FASHION","Jl. Veteran No.57","prelist","MEDAN BELAWAN","BELAWAN I","LINGKUNGAN 1","","0812-6356-5364","G. Perdagangan Besar dan Eceran, Reparasi Mobil dan Sepeda Motor","Gmaps + SBR"],
    ["2373","Athar Clothing","No.140 D","prelist","MEDAN BELAWAN","BELAWAN I","LINGKUNGAN 1","","0821-6545-3638","G. Perdagangan Besar dan Eceran, Reparasi Mobil dan Sepeda Motor","Gmaps + SBR"],
    ["2374","London Cell","Jl. Veteran","prelist","MEDAN BELAWAN","BELAWAN I","LINGKUNGAN 2","","0813-7007-8437","G. Perdagangan Besar dan Eceran, Reparasi Mobil dan Sepeda Motor","Gmaps + SBR"],
    ["2375","ERTAN ELEKTRONIK","Jl. Veteran No.127","prelist","MEDAN BELAWAN","BELAWAN I","LINGKUNGAN 2","","(061) 77550433","G. Perdagangan Besar dan Eceran, Reparasi Mobil dan Sepeda Motor","Gmaps + SBR"],
    ["2376","Toko Kaca & Alumunium","Jl. Bunga Timur No.125","prelist","MEDAN BELAWAN","BELAWAN I","LINGKUNGAN 2","","","G. Perdagangan Besar dan Eceran, Reparasi Mobil dan Sepeda Motor","Gmaps + SBR"],
    ["2377","Schutter Indonesia","Jl. Pelabuhan 2 No.1","prelist","MEDAN BELAWAN","BELAWAN I","LINGKUNGAN 31","","(061) 6940380","G. Perdagangan Besar dan Eceran, Reparasi Mobil dan Sepeda Motor","Gmaps + SBR"],
    ["2378","Toko Kain Oni","Belawan II, Medan Kota Belawan, Kota Medan, Sumatera Utara 20411","prelist","MEDAN BELAWAN","BELAWAN II","LINGKUNGAN 28","","0823-6155-9827","G. Perdagangan Besar dan Eceran, Reparasi Mobil dan Sepeda Motor","Gmaps + SBR"],
    ["2379","PELABUHAN INTERNASIONAL PETIKEMAS BELAWAN","Jl. Raya Pelabuhan Belawan","prelist","MEDAN BELAWAN","BAGAN DELI","LINGKUNGAN 9","","","H. Transportasi dan Pergudangan","Gmaps + SBR"],
    ["2380","cv. asa sejahtera","Jl. Ciamis Timur No.19C","prelist","MEDAN BELAWAN","BELAWAN II","LINGKUNGAN 12","","0812-6220-1184","H. Transportasi dan Pergudangan","Gmaps + SBR"],
    ["2383","CV. Siantar Pematang","Jl. Duyung No.15","prelist","MEDAN BELAWAN","BELAWAN BAHAGIA","LINGKUNGAN 12","","0812-6412-557","H. Transportasi dan Pergudangan","Gmaps + SBR"],
    ["2384","Karya Agung Lestari Jaya","20400 Jl. Gabion Perikanan Nusantara No. 4, Belawan, Medan North Sumatra, Belawan I, Medan Kota Belawan, Medan City, North Sumatra 20411","prelist","MEDAN BELAWAN","BAGAN DELI","LINGKUNGAN 11","","","H. Transportasi dan Pergudangan","Gmaps + SBR"],
    ["2385","PT. JASA SURVEIINDOTAMA","Jl. Bangka No.112","prelist","MEDAN BELAWAN","BELAWAN II","LINGKUNGAN 4","","0812-6038-201","F. Konstruksi","Gmaps + SBR"],
    ["2386","Panglong hidayah","GG 11 Jl. Selebes, Belawan II, Medan Kota Belawan, Kota Medan, Sumatera Utara 20411","prelist","MEDAN BELAWAN","BELAWAN II","LINGKUNGAN 20","","","F. Konstruksi","Gmaps + SBR"],
    ["2387","Panglong olo jaya","Jl. Kl. Yos Sudarso No.10","prelist","MEDAN BELAWAN","BELAWAN BAHARI","LINGKUNGAN 7","","","F. Konstruksi","Gmaps + SBR"],
    ["2388","Alfamart Belawan","Jl. Sumatera","prelist","MEDAN BELAWAN","BELAWAN I","LINGKUNGAN 1","","0812-9467-2012","G. Perdagangan Besar dan Eceran, Reparasi Mobil dan Sepeda Motor","Gmaps + SBR"],
    ["2389","Lucky Mart","Jl. Veteran No.50 & 52","prelist","MEDAN BELAWAN","BELAWAN I","LINGKUNGAN 1","","0853-6036-0777","G. Perdagangan Besar dan Eceran, Reparasi Mobil dan Sepeda Motor","Gmaps + SBR"],
    ["2390","Toko Sarupa","Jl. Veteran No.124","prelist","MEDAN BELAWAN","BELAWAN I","LINGKUNGAN 1","","(061) 6941538","G. Perdagangan Besar dan Eceran, Reparasi Mobil dan Sepeda Motor","Gmaps + SBR"],
    ["2391","Ayung Ponsel","Jl. Veteran No.36","prelist","MEDAN BELAWAN","BELAWAN I","LINGKUNGAN 1","","","G. Perdagangan Besar dan Eceran, Reparasi Mobil dan Sepeda Motor","Gmaps + SBR"],
    ["2392","Saffanah Cake & Bakery","Jl. Langkat No.1","prelist","MEDAN BELAWAN","BELAWAN I","LINGKUNGAN 4","","","G. Perdagangan Besar dan Eceran, Reparasi Mobil dan Sepeda Motor","Gmaps + SBR"],
    ["2393","NAULY PONSEL","Jl. Veteran No.53-55","prelist","MEDAN BELAWAN","BELAWAN I","LINGKUNGAN 1","","0819-624-303","G. Perdagangan Besar dan Eceran, Reparasi Mobil dan Sepeda Motor","Gmaps + SBR"],
    ["2394","Toko Atik Sukat","Belawan I, Medan Kota Belawan, Kota Medan, Sumatera Utara 20411","prelist","MEDAN BELAWAN","BELAWAN I","LINGKUNGAN 1","","0852-9747-4971","G. Perdagangan Besar dan Eceran, Reparasi Mobil dan Sepeda Motor","Gmaps + SBR"],
    ["2395","Fumindo Yasmin","Jl. Bangka No.51","prelist","MEDAN BELAWAN","BELAWAN II","LINGKUNGAN 4","","0819-889-090","G. Perdagangan Besar dan Eceran, Reparasi Mobil dan Sepeda Motor","Gmaps + SBR"],
    ["2396","Usaha Murni Kue 88","Jl. Veteran No.88","prelist","MEDAN BELAWAN","BELAWAN I","LINGKUNGAN 1","","0821-6807-5512","G. Perdagangan Besar dan Eceran, Reparasi Mobil dan Sepeda Motor","Gmaps + SBR"],
    ["2397","jual ikan teri","Jl. Pulau Rupat","prelist","MEDAN BELAWAN","BELAWAN BAHARI","LINGKUNGAN 8","","","G. Perdagangan Besar dan Eceran, Reparasi Mobil dan Sepeda Motor","Gmaps + SBR"],
    ["2398","Toko Utama Jaya","Belawan I, Medan Kota Belawan, Kota Medan, Sumatera Utara 20411","prelist","MEDAN BELAWAN","BELAWAN I","LINGKUNGAN 2","","(061) 4567521","G. Perdagangan Besar dan Eceran, Reparasi Mobil dan Sepeda Motor","Gmaps + SBR"],
    ["2399","PT. Lautan Persada","Jl. Gabion","prelist","MEDAN BELAWAN","BAGAN DELI","LINGKUNGAN 11","","(061) 6943049","G. Perdagangan Besar dan Eceran, Reparasi Mobil dan Sepeda Motor","Gmaps + SBR"],
    ["2400","Toko Mas Maju","Jl. Veteran No.115","prelist","MEDAN BELAWAN","BELAWAN I","LINGKUNGAN 4","","(061) 6940795","G. Perdagangan Besar dan Eceran, Reparasi Mobil dan Sepeda Motor","Gmaps + SBR"],
    ["2401","Belawan Seafood Bang Thamrin","Jl. Serma Hanafiah","prelist","MEDAN BELAWAN","BELAWAN I","LINGKUNGAN 3","","","A. Pertanian, Kehutanan dan Perikanan","Gmaps + SBR"],
    ["2402","Gabion","Bagan Deli, Medan Kota Belawan, Kota Medan, Sumatera Utara 20411","prelist","MEDAN BELAWAN","BAGAN DELI","LINGKUNGAN 1","","","B. Pertambangan dan Penggalian","Gmaps + SBR"],
    ["2403","Belawan International Container Terminal","Jl. Raya Pelabuhan Gabion","prelist","MEDAN BELAWAN","BAGAN DELI","LINGKUNGAN 9","","(061) 6940032","B. Pertambangan dan Penggalian","Gmaps + SBR"],
    ["2404","Prestige Packages Indonesia. PT","Jl. Dosomuko No.2","prelist","MEDAN BELAWAN","BELAWAN I","LINGKUNGAN 31","","(061) 6940491","C. Industri Pengolahan","Gmaps + SBR"],
    ["2405","PT. Musim Mas","Belawan I, Medan Kota Belawan, Kota Medan, Sumatera Utara","prelist","MEDAN BELAWAN","BELAWAN I","LINGKUNGAN 31","","(061) 6943083","C. Industri Pengolahan","Gmaps + SBR"],
    ["2406","Canang Indah, PT","Jl. Pulau Sicanang P","prelist","MEDAN BELAWAN","BELAWAN SICANANG","LINGKUNGAN 1","","0851-6690-0668","C. Industri Pengolahan","Gmaps + SBR"],
    ["2407","Asphalt Bangun Sarana","Komplek Gabion 1-A","prelist","MEDAN BELAWAN","BAGAN DELI","LINGKUNGAN 11","","(061) 6943698","C. Industri Pengolahan","Gmaps + SBR"],
    ["2408","Salim Ivomas Pratama Tbk. PT","Jl. Ujung Baru No.105","prelist","MEDAN BELAWAN","BELAWAN I","LINGKUNGAN 31","","(061) 6940004","C. Industri Pengolahan","Gmaps + SBR"],
    ["2409","Minajaya Persada Makmur. PT","Jl. Gabion Pelabuhan Perikanan","prelist","MEDAN BELAWAN","BELAWAN I","LINGKUNGAN 31","","(061) 6942883","C. Industri Pengolahan","Gmaps + SBR"],
    ["2410","Sumatera Utara Perkasa Semen. PT","Jl. Pelabuhan No.Raya 1","prelist","MEDAN BELAWAN","BAGAN DELI","LINGKUNGAN 8","","(061) 6940160","C. Industri Pengolahan","Gmaps + SBR"],
    ["2411","PT. ECOGREEN OLEOCHEMICALS","Bagan Deli, Medan Kota Belawan, Kota Medan, Sumatera Utara","prelist","MEDAN BELAWAN","BAGAN DELI","LINGKUNGAN 11","","","C. Industri Pengolahan","Gmaps + SBR"],
    ["2412","PT. Waruna Shipyard Indonesia","Jln","prelist","MEDAN BELAWAN","BAGAN DELI","LINGKUNGAN 8","","(061) 4535314","C. Industri Pengolahan","Gmaps + SBR"],
    ["2413","PT. SEAFOOD SAMUDERA PACIFIC","Jl. Gabion No.15 Kel","prelist","MEDAN BELAWAN","BAGAN DELI","LINGKUNGAN 11","","(061) 6941438","C. Industri Pengolahan","Gmaps + SBR"],
    ["2414","PT ARENAS BONIA PRIMA","Jl. Veteran","prelist","MEDAN BELAWAN","BELAWAN I","LINGKUNGAN 2","","(061) 6945601","C. Industri Pengolahan","Gmaps + SBR"],
    ["2415","Tirta Prima Esindo. PT","Jl. Medan Belawan No.Km. 21","prelist","MEDAN BELAWAN","BELAWAN I","LINGKUNGAN 31","","(061) 6941031","C. Industri Pengolahan","Gmaps + SBR"],
    ["2416","Rumah Adat Horas","Jl. Kl. Yos Sudarso","prelist","MEDAN BELAWAN","BELAWAN BAHAGIA","LINGKUNGAN 8","","","L. Real Estat","Gmaps + SBR"],
    ["2428","Sawita Kencana. PT","Belawan Bahari, Medan Kota Belawan, Kota Medan, Sumatera Utara 20414","prelist","MEDAN BELAWAN","BELAWAN BAHARI","LINGKUNGAN 12","","(061) 6941061","A. Pertanian, Kehutanan dan Perikanan","Gmaps + SBR"],
    ["2429","Perkebunan Nusantara IV (Persero). PT","Jl. Sulawesi No.Ii","prelist","MEDAN BELAWAN","BELAWAN I","LINGKUNGAN 31","","(061) 6941694","A. Pertanian, Kehutanan dan Perikanan","Gmaps + SBR"],
    ["2430","Belawan Seafood Bang Tamrin","Jl. Serma Hanafiah","prelist","MEDAN BELAWAN","BELAWAN I","LINGKUNGAN 3","","0812-6484-3200","A. Pertanian, Kehutanan dan Perikanan","Gmaps + SBR"],
    ["2431","Belawan Tanki Indonesia","Medan Kota Jl. Pelabuhan No.1, Belawan I, Medan Kota Belawan, Medan City, North Sumatra 20411","prelist","MEDAN BELAWAN","BELAWAN I","LINGKUNGAN 31","","(0626) 16940555","B. Pertambangan dan Penggalian","Gmaps + SBR"],
    ["2432","PT. Belawan Deli Chemical Industry","JL P Sicanang PLTU, Belawan, Belawan I, Medan Kota Belawan, Kota Medan, Sumatera Utara 20414","prelist","MEDAN BELAWAN","BELAWAN SICANANG","LINGKUNGAN 1","","(061) 4525799","B. Pertambangan dan Penggalian","Gmaps + SBR"],
    ["11414","Himpunan Management Perkebunan Indonesia","Jl. Karo No.14","prelist","MEDAN BELAWAN","BELAWAN I","LINGKUNGAN 4","","(061) 531723","A. Pertanian, Kehutanan dan Perikanan","Gmaps"],
    ["11415","PT Smart Tbk","Belawan II Medan Kota Belawan Kota Medan Sumatera Utara ID, Belmera Toll Rd, Bagan Deli, Medan Kota, Medan City, North Sumatra 20413","prelist","MEDAN BELAWAN","BELAWAN II","LINGKUNGAN 44","","(061) 6941162","A. Pertanian, Kehutanan dan Perikanan","Gmaps"],
    ["11416","Sarana Agro Nusantara. PT","Jl. Ujung Baru","prelist","MEDAN BELAWAN","BELAWAN I","LINGKUNGAN 31","","(061) 6941481","A. Pertanian, Kehutanan dan Perikanan","Gmaps"],
    ["11417","PT. PERKEBUNAN NUSANTARA 3 BELAWAN","Belawan I, Medan Kota Belawan, Kota Medan, Sumatera Utara 20411","prelist","MEDAN BELAWAN","BELAWAN I","LINGKUNGAN 31","","","A. Pertanian, Kehutanan dan Perikanan","Gmaps"],
    ["11418","Sumber Tani. UD","Jl. Deli No.1","prelist","MEDAN BELAWAN","BELAWAN I","LINGKUNGAN 7","","(061) 7953853","A. Pertanian, Kehutanan dan Perikanan","Gmaps"],
    ["11419","HydroValencia","Jl. Bangka No.86","prelist","MEDAN BELAWAN","BELAWAN II","LINGKUNGAN 4","","0823-6666-1998","A. Pertanian, Kehutanan dan Perikanan","Gmaps"],
    ["11420","Dinas Pertanian, Peternakan, Perikanan dan Perkebunan","Jl. Veteran No.24","prelist","MEDAN BELAWAN","BELAWAN I","LINGKUNGAN 1","","(0628) 20003","A. Pertanian, Kehutanan dan Perikanan","Gmaps"],
    ["11421","Balai Besar Karantina Pertanian Belawan","Jl. Sulawesi Ii","prelist","MEDAN BELAWAN","BELAWAN I","LINGKUNGAN 31","","(061) 6941466","A. Pertanian, Kehutanan dan Perikanan","Gmaps"],
    ["11428","Muara Seafood belawan","Jl. Karo No.No","prelist","MEDAN BELAWAN","BELAWAN I","LINGKUNGAN 4","","0852-4429-1441","A. Pertanian, Kehutanan dan Perikanan","Gmaps"],
    ["11429","Ekowisata Mangrove Sicanang","Jl. Pulau Sicanang","prelist","MEDAN BELAWAN","BELAWAN SICANANG","LINGKUNGAN 13","","","A. Pertanian, Kehutanan dan Perikanan","Gmaps"],
    ["11430","Jual udang Hidup","Belawan Bahari, Medan Kota Belawan, Kota Medan, Sumatera Utara 20414","prelist","MEDAN BELAWAN","BELAWAN BAHARI","LINGKUNGAN 11","","","A. Pertanian, Kehutanan dan Perikanan","Gmaps"],
    ["11431","PT. PUTRI INDAH","Bagan Deli, Medan Kota Belawan, Kota Medan, Sumatera Utara","prelist","MEDAN BELAWAN","BAGAN DELI","LINGKUNGAN 11","","","A. Pertanian, Kehutanan dan Perikanan","Gmaps"],
    ["11432","PT Perikanan Indonesia Cabang Belawan","Jl. Gabion","prelist","MEDAN BELAWAN","BAGAN DELI","LINGKUNGAN 11","","0877-3060-6034","A. Pertanian, Kehutanan dan Perikanan","Gmaps"],
    ["11433","PT PUTRI INDAH","Bagan Deli, Medan Kota Belawan, Kota Medan, Sumatera Utara","prelist","MEDAN BELAWAN","BAGAN DELI","LINGKUNGAN 11","","","A. Pertanian, Kehutanan dan Perikanan","Gmaps"],
    ["11434","Pelabuhan Perikanan Samudera Belawan","Jl. Gabion","prelist","MEDAN BELAWAN","BAGAN DELI","LINGKUNGAN 11","","","A. Pertanian, Kehutanan dan Perikanan","Gmaps"],
    ["11435","PT Perikanan Indonesia","Jl. Gabion","prelist","MEDAN BELAWAN","BAGAN DELI","LINGKUNGAN 11","","","A. Pertanian, Kehutanan dan Perikanan","Gmaps"],
    ["11436","Kolam MAS","Belawan Pulau Sicanang, Medan Kota Belawan, Kota Medan, Sumatera Utara","prelist","MEDAN BELAWAN","BELAWAN SICANANG","LINGKUNGAN 18","","","A. Pertanian, Kehutanan dan Perikanan","Gmaps"],
    ["11437","Farm Gajah Mada","Belawan Pulau Sicanang, Medan Kota Belawan, Kota Medan, Sumatera Utara 20411","prelist","MEDAN BELAWAN","BELAWAN SICANANG","LINGKUNGAN 19","","0897-0062-225","A. Pertanian, Kehutanan dan Perikanan","Gmaps"],
    ["11438","Apri AW jual kambing aqiqah","Jln Klumpang Kebun Dusun Xiv Pelita Gg","prelist","MEDAN BELAWAN","BELAWAN SICANANG","LINGKUNGAN 10","","0857-6012-0334","A. Pertanian, Kehutanan dan Perikanan","Gmaps"],
    ["11439","Tan Betta Farm","Jl. Pulau Rupat","prelist","MEDAN BELAWAN","BELAWAN BAHARI","LINGKUNGAN 9","","","A. Pertanian, Kehutanan dan Perikanan","Gmaps"],
    ["11440","Rumah","Lrg. Sekolah, Belawan I, Medan Kota Belawan, Kota Medan, Sumatera Utara 20414","prelist","MEDAN BELAWAN","BELAWAN I","LINGKUNGAN 21","","","A. Pertanian, Kehutanan dan Perikanan","Gmaps"],
    ["11441","Kantor Camat Medan Belawan","Jl. Cimanuk No.03","prelist","MEDAN BELAWAN","BELAWAN II","LINGKUNGAN 23","","","A. Pertanian, Kehutanan dan Perikanan","Gmaps"],
    ["11442","PT KPBN Kantor SEVP Operation II","Jl. Kl. Yos Sudarso No.9","prelist","MEDAN BELAWAN","BELAWAN BAHAGIA","LINGKUNGAN 20","","","A. Pertanian, Kehutanan dan Perikanan","Gmaps"],
    ["11459","PT. Belawan Samudera Abadi (BSA) Gabion Belawan","Jl. Gabion No.13","prelist","MEDAN BELAWAN","BAGAN DELI","LINGKUNGAN 11","","(061) 6940210","B. Pertambangan dan Penggalian","Gmaps"],
    ["11460","Toko Obat Berizin Fellycia Farma","Jl. Pusara","prelist","MEDAN BELAWAN","BELAWAN SICANANG","LINGKUNGAN 19","","","A. Pertanian, Kehutanan dan Perikanan","Gmaps"],
    ["11461","Toko Obat Tiar","Jl. Hidayah","prelist","MEDAN BELAWAN","BELAWAN SICANANG","LINGKUNGAN 3","","0821-6651-0122","A. Pertanian, Kehutanan dan Perikanan","Gmaps"],
    ["11462","Jessico Pet Shop","Jl. Selebes No.55","prelist","MEDAN BELAWAN","BELAWAN II","LINGKUNGAN 34","","0823-6373-7694","A. Pertanian, Kehutanan dan Perikanan","Gmaps"],
    ["11463","Belawan Lautan Kicau","Belawan II, Medan Kota Belawan, Kota Medan, Sumatera Utara 20411","prelist","MEDAN BELAWAN","BELAWAN II","LINGKUNGAN 10","","0813-9675-7559","A. Pertanian, Kehutanan dan Perikanan","Gmaps"],
    ["11464","Dewi, Drh","Jl. Veteran No.17 D","prelist","MEDAN BELAWAN","BELAWAN I","LINGKUNGAN 2","","0811-651-685","A. Pertanian, Kehutanan dan Perikanan","Gmaps"],
    ["11465","Pakan ternak Parlin","Belawan Pulau Sicanang, Medan Kota Belawan, Kota Medan, Sumatera Utara 20411","prelist","MEDAN BELAWAN","BELAWAN SICANANG","LINGKUNGAN 19","","0821-6231-5560","A. Pertanian, Kehutanan dan Perikanan","Gmaps"],
    ["11466","SITI AISYAH PAKAN TERNAK","Jl. Paus","prelist","MEDAN BELAWAN","BELAWAN BAHAGIA","LINGKUNGAN 6","","","A. Pertanian, Kehutanan dan Perikanan","Gmaps"],
    ["11467","Pupuk Sriwidjaja (Persero). PT","Jl. Sulawesi","prelist","MEDAN BELAWAN","BELAWAN I","LINGKUNGAN 31","","0851-6690-0668","G. Perdagangan Besar dan Eceran, Reparasi Mobil dan Sepeda Motor","Gmaps"],
    ["11468","Kolam Pancing Wak Surip","Belawan Pulau Sicanang, Medan Kota Belawan, Kota Medan, Sumatera Utara 20415","prelist","MEDAN BELAWAN","BELAWAN SICANANG","LINGKUNGAN 18","","","A. Pertanian, Kehutanan dan Perikanan","Gmaps"],
    ["11469","Pelabuhan Ikan Gabion","Jl. Pelabuhan","prelist","MEDAN BELAWAN","BAGAN DELI","LINGKUNGAN 11","","","A. Pertanian, Kehutanan dan Perikanan","Gmaps"],
    ["11470","Pantai Olo","Bagan Deli, Medan Kota Belawan, Kota Medan, Sumatera Utara","prelist","MEDAN BELAWAN","BAGAN DELI","LINGKUNGAN 11","","","A. Pertanian, Kehutanan dan Perikanan","Gmaps"],
    ["11471","Tpi Bagan Deli","Unnamed Rd, Bagan Deli, Medan Kota Belawan, Kota Medan, Sumatera Utara 20414","prelist","MEDAN BELAWAN","BAGAN DELI","LINGKUNGAN 3","","","A. Pertanian, Kehutanan dan Perikanan","Gmaps"],
    ["11472","PT AKR Corporindo, Tbk. Terminal Anggada","Unnamed Road, Belawan I, Medan Kota Belawan, Medan City, North Sumatra 20411","prelist","MEDAN BELAWAN","BELAWAN I","LINGKUNGAN 31","","","D. Pengadaan Listrik, Gas, Uap/Air Panas dan Udara Dingin","Gmaps"],
    ["11473","Gas Station Pertamina 14.204.1120","Jl.Pelabuhan 1","prelist","MEDAN BELAWAN","BELAWAN II","LINGKUNGAN 44","","","D. Pengadaan Listrik, Gas, Uap/Air Panas dan Udara Dingin","Gmaps"],
    ["11474","Kopi Kenangan X CHIGO - SPBU Pertamina (Singapore Station Belawan)","Jl. Pelabuhan","prelist","MEDAN BELAWAN","BELAWAN II","LINGKUNGAN 43","","","D. Pengadaan Listrik, Gas, Uap/Air Panas dan Udara Dingin","Gmaps"],
    ["11475","SPBU 14-204129","Jl.Raya Pelabuhan Medan Sumatera Utara","prelist","MEDAN BELAWAN","BELAWAN II","LINGKUNGAN 43","","(061) 6941635","D. Pengadaan Listrik, Gas, Uap/Air Panas dan Udara Dingin","Gmaps"],
    ["11476","Elpiji Pertamina","Jl. St.","prelist","MEDAN BELAWAN","BELAWAN I","LINGKUNGAN 14","","","D. Pengadaan Listrik, Gas, Uap/Air Panas dan Udara Dingin","Gmaps"],
    ["11477","Cupbop - SPBU SS Belawan Medan","Jl. Pelabuhan","prelist","MEDAN BELAWAN","BELAWAN II","LINGKUNGAN 44","","","D. Pengadaan Listrik, Gas, Uap/Air Panas dan Udara Dingin","Gmaps"],
    ["11478","TOMORO COFFEE - SPBU Singapore Station Belawan","Belawan I, Medan Kota Belawan, Kota Medan, Sumatera Utara","prelist","MEDAN BELAWAN","BELAWAN II","LINGKUNGAN 43","","","D. Pengadaan Listrik, Gas, Uap/Air Panas dan Udara Dingin","Gmaps"],
    ["11479","Pertamini Digital","Jl. Tm Pahlawan","prelist","MEDAN BELAWAN","BELAWAN I","LINGKUNGAN 30","","","D. Pengadaan Listrik, Gas, Uap/Air Panas dan Udara Dingin","Gmaps"],
    ["11480","Depot PT Pertamina (Persero) T bbm Medan Group Intalasi Belawan","Belawan II, Medan Kota Belawan, Kota Medan, Sumatera Utara 20411","prelist","MEDAN BELAWAN","BELAWAN II","LINGKUNGAN 44","","0831-5033-1460","D. Pengadaan Listrik, Gas, Uap/Air Panas dan Udara Dingin","Gmaps"],
    ["11481","Spdn bagan deli","Bagan Deli, Medan Kota Belawan, Kota Medan, Sumatera Utara 20414","prelist","MEDAN BELAWAN","BAGAN DELI","LINGKUNGAN 3","","","D. Pengadaan Listrik, Gas, Uap/Air Panas dan Udara Dingin","Gmaps"],
    ["11482","PT Pelabuhan Indonesia (Persero)","Jalan Lingkar Pelabuhan No.1","prelist","MEDAN BELAWAN","BELAWAN II","LINGKUNGAN 44","","(061) 41000055","B. Pertambangan dan Penggalian","Gmaps"],
    ["11483","PT.Samudera Indonesia","Bagan Deli, Medan Kota Belawan, Kota Medan, Sumatera Utara 20411","prelist","MEDAN BELAWAN","BAGAN DELI","LINGKUNGAN 14","","(061) 6940048","B. Pertambangan dan Penggalian","Gmaps"],
    ["11484","SPBN PT.AKR Corporindo Tbk","Jl. Hiu","prelist","MEDAN BELAWAN","BELAWAN BAHAGIA","LINGKUNGAN 2","","0852-6147-8865","B. Pertambangan dan Penggalian","Gmaps"],
    ["11485","Jembatan Sungai Deli Belawan","Sungai Deli, , Belawan Bahari, Medan Maimun, Medan City, North Sumatra 20414","prelist","MEDAN BELAWAN","BELAWAN BAHARI","LINGKUNGAN 1","","","B. Pertambangan dan Penggalian","Gmaps"],
    ["11486","Ivo Mas Tunggal PT","Jl. Belmera Baru No.3","prelist","MEDAN BELAWAN","BELAWAN I","LINGKUNGAN 31","","(061) 6940411","C. Industri Pengolahan","Gmaps"],
    ["11487","Mitra Finex Antarnusa. PT","Jl. Veteran No.146","prelist","MEDAN BELAWAN","BELAWAN I","LINGKUNGAN 1","","(061) 4142755","C. Industri Pengolahan","Gmaps"],
    ["11488","Bulking Sinarmas","Belawan I, Medan Kota Belawan, Kota Medan, Sumatera Utara","prelist","MEDAN BELAWAN","BELAWAN I","LINGKUNGAN 31","","","C. Industri Pengolahan","Gmaps"],
    ["11489","PT GCS Es balok","Bagan Deli, Medan Kota Belawan, Kota Medan, Sumatera Utara","prelist","MEDAN BELAWAN","BAGAN DELI","LINGKUNGAN 11","","","C. Industri Pengolahan","Gmaps"],
    ["11490","Bekas Baja Lempeng Nusantara","Jl. Karo No.14","prelist","MEDAN BELAWAN","BELAWAN I","LINGKUNGAN 4","","(061) 7872643","C. Industri Pengolahan","Gmaps"],
    ["11491","Pabrik ikan teri","Bagan Deli, Medan Kota Belawan, Kota Medan, Sumatera Utara","prelist","MEDAN BELAWAN","BAGAN DELI","LINGKUNGAN 11","","0831-1707-1663","C. Industri Pengolahan","Gmaps"],
    ["11492","EcoGreen OleoChemical(Medan)","Jl Pelabuhan Raya IV, Bagan Deli Gabion, Belawan, Medan, 20414, Belawan I, Medan Kota Belawan, Medan City, North Sumatra 20411","prelist","MEDAN BELAWAN","BELAWAN I","LINGKUNGAN 31","","(061) 6941020","C. Industri Pengolahan","Gmaps"],
    ["11493","Kantor Pusat PT Pelindo Multi Terminal","Jalan Lingkar Pelabuhan No.1","prelist","MEDAN BELAWAN","BELAWAN II","LINGKUNGAN 44","","","C. Industri Pengolahan","Gmaps"],
    ["11494","PT . Pelabuhan Indonesia I - Persero","Jl. Pelabuhan No.2","prelist","MEDAN BELAWAN","BELAWAN I","LINGKUNGAN 31","","(061) 6610220","C. Industri Pengolahan","Gmaps"],
    ["11495","PT Permata Hijau Palm Oleo Belawan","Jalan Pelabuhan Baru No.124","prelist","MEDAN BELAWAN","BAGAN DELI","LINGKUNGAN 14","","(061) 4577777","C. Industri Pengolahan","Gmaps"],
    ["11496","Kantor Agen LPG NPSO PERTAMINA KPN PPS","Bagan Deli, Medan Kota Belawan, Kota Medan, Sumatera Utara","prelist","MEDAN BELAWAN","BAGAN DELI","LINGKUNGAN 12","","","D. Pengadaan Listrik, Gas, Uap/Air Panas dan Udara Dingin","Gmaps"],
    ["11497","GUDANG GAS BALI","Jalan Stasiun Belawan Depan Lorong Stasiun","prelist","MEDAN BELAWAN","BELAWAN I","LINGKUNGAN 13","","0853-6228-1217","D. Pengadaan Listrik, Gas, Uap/Air Panas dan Udara Dingin","Gmaps"],
    ["11498","SPBU SINGAPORE STATION 4","Belawan II, Medan Kota Belawan, Kota Medan, Sumatera Utara","prelist","MEDAN BELAWAN","BELAWAN II","LINGKUNGAN 43","","","D. Pengadaan Listrik, Gas, Uap/Air Panas dan Udara Dingin","Gmaps"],
    ["11499","Depo Bogasari","Komlek Pergudangan Pelindo I Belawan, JL Ujung Baru, Gudang 203, 20410, Belawan I, Medan Kota Belawan, Kota Medan, Sumatera Utara 20411","prelist","MEDAN BELAWAN","BELAWAN I","LINGKUNGAN 31","","(061) 6945841","C. Industri Pengolahan","Gmaps"],
    ["11500","TIB Socfindo","Jl. Ujung Baru","prelist","MEDAN BELAWAN","BELAWAN I","LINGKUNGAN 31","","(061) 6941136","C. Industri Pengolahan","Gmaps"],
    ["11501","Kim Star Nusantara. PT","Jl. Pulau Nias Kawasan Industri Medan Ii No.Selatan","prelist","MEDAN BELAWAN","BELAWAN BAHARI","LINGKUNGAN 5","","(061) 6871234","C. Industri Pengolahan","Gmaps"],
    ["11502","PT. Mitsi Citra Mandiri","Belawan II, Medan Kota Belawan, Kota Medan, Sumatera Utara","prelist","MEDAN BELAWAN","BELAWAN II","LINGKUNGAN 43","","(061) 6943333","C. Industri Pengolahan","Gmaps"],
    ["11503","PT. Graha Segara Belawan","Jl. Raya Pelabuhan Belawan","prelist","MEDAN BELAWAN","BAGAN DELI","LINGKUNGAN 11","","(061) 88810100","C. Industri Pengolahan","Gmaps"],
    ["11504","Garam. PT Persero","Jl. Tm Pahlawan No.3 A","prelist","MEDAN BELAWAN","BELAWAN I","LINGKUNGAN 13","","(061) 6940270","C. Industri Pengolahan","Gmaps"],
    ["11505","Pt. Malindo Feedmill","Jl. Pelabuhan No.1","prelist","MEDAN BELAWAN","BELAWAN I","LINGKUNGAN 31","","","C. Industri Pengolahan","Gmaps"],
    ["11506","PT. BAKRIE SUMATERA PLANTATIONS BELAWAN","Belawan I, Medan Kota Belawan, Kota Medan, Sumatera Utara 20411","prelist","MEDAN BELAWAN","BELAWAN I","LINGKUNGAN 31","","","C. Industri Pengolahan","Gmaps"],
    ["11507","PT PERTAMINA (PERSERO) INTALASI BELAWAN IMG","Belawan II, Medan Kota Belawan, Kota Medan, Sumatera Utara 20411","prelist","MEDAN BELAWAN","BELAWAN II","LINGKUNGAN 44","","","C. Industri Pengolahan","Gmaps"],
    ["11508","Pabrik Getah Pinus","Belawan I, Medan Kota Belawan, Kota Medan, Sumatera Utara 20411","prelist","MEDAN BELAWAN","BELAWAN I","LINGKUNGAN 31","","0852-6057-4646","C. Industri Pengolahan","Gmaps"],
    ["11509","PT. Golden Cup Seafood","Jl. Sulawesi","prelist","MEDAN BELAWAN","BAGAN DELI","LINGKUNGAN 11","","+46 72 831 36 39","C. Industri Pengolahan","Gmaps"],
    ["11526","Kantin Dharmawanita KSU Belawan","Jl. Indrapura","prelist","MEDAN BELAWAN","BELAWAN I","LINGKUNGAN 4","","","C. Industri Pengolahan","Gmaps"],
    ["11527","Warsap Rumah Makan Spesialis Ikan Bakar","Belawan II, Medan Kota Belawan, Kota Medan, Sumatera Utara","prelist","MEDAN BELAWAN","BELAWAN II","LINGKUNGAN 44","","","C. Industri Pengolahan","Gmaps"],
    ["11528","Marine Seafood Cafe","Belawan I, Medan Kota Belawan, Kota Medan, Sumatera Utara 20374","prelist","MEDAN BELAWAN","BELAWAN I","LINGKUNGAN 11","","","C. Industri Pengolahan","Gmaps"],
    ["11529","BELAWAN COFFEE","Belawan I, Medan Kota Belawan, Kota Medan, Sumatera Utara 20411","prelist","MEDAN BELAWAN","BELAWAN I","LINGKUNGAN 19","","","C. Industri Pengolahan","Gmaps"],
    ["11530","Olahan Kampung Nelayan","Kampung Nelayan Sebrang Lk-12, Belawan I, Medan Kota Belawan, Kota Medan, Sumatera Utara 20411","prelist","MEDAN BELAWAN","BELAWAN I","LINGKUNGAN 12","","","C. Industri Pengolahan","Gmaps"],
    ["11531","RM Alpermata Nusantara Belawan","Jl. Langkat No.1","prelist","MEDAN BELAWAN","BELAWAN I","LINGKUNGAN 4","","","C. Industri Pengolahan","Gmaps"],
    ["11532","Terminal Penumpang Bandar Deli","Jln. Pelabuhan Lama No.1","prelist","MEDAN BELAWAN","BELAWAN I","LINGKUNGAN 13","","(061) 6941919","C. Industri Pengolahan","Gmaps"],
    ["11533","Jajanan belawan","Jl. Selebes No.14B","prelist","MEDAN BELAWAN","BELAWAN II","LINGKUNGAN 18","","","C. Industri Pengolahan","Gmaps"],
    ["11534","GRHA Pelindo Belawan","Jl. Lingkar Pelabuhan No.1","prelist","MEDAN BELAWAN","BELAWAN II","LINGKUNGAN 44","","(061) 41000055","C. Industri Pengolahan","Gmaps"],
    ["11535","Sinar Oleochemical International. PT","Jl. Ujung Baru","prelist","MEDAN BELAWAN","BELAWAN I","LINGKUNGAN 31","","(061) 6940537","C. Industri Pengolahan","Gmaps"],
    ["11536","Ecokreen Oleo Chemicals. PT","Jl. Pelabuhan No.4","prelist","MEDAN BELAWAN","BAGAN DELI","LINGKUNGAN 8","","","C. Industri Pengolahan","Gmaps"],
    ["11537","Evergreen International Paper PT","Jl. Dalu","prelist","MEDAN BELAWAN","BELAWAN I","LINGKUNGAN 4","","(061) 7942836","C. Industri Pengolahan","Gmaps"],
    ["11538","Dirga auto service medan belawan","Jl. Veteran","prelist","MEDAN BELAWAN","BELAWAN I","LINGKUNGAN 2","","0852-7003-0081","G. Perdagangan Besar dan Eceran, Reparasi Mobil dan Sepeda Motor","Gmaps"],
    ["11539","Bengkel BARU TEAM BELAWAN","Jl. Pulau Ternate","prelist","MEDAN BELAWAN","BELAWAN BAHARI","LINGKUNGAN 5","","","G. Perdagangan Besar dan Eceran, Reparasi Mobil dan Sepeda Motor","Gmaps"],
    ["11540","Bengkel Resmi Honda AHASS 00976 Harapan Servis Belawan","Jl. Sumatera","prelist","MEDAN BELAWAN","BELAWAN I","LINGKUNGAN 1","","0852-6173-2215","G. Perdagangan Besar dan Eceran, Reparasi Mobil dan Sepeda Motor","Gmaps"],
    ["11541","Bengkel Wak Amat","Jl. Young Panah Hijau No.Lk 1","prelist","MEDAN BELAWAN","BELAWAN BAHARI","LINGKUNGAN 1","","","G. Perdagangan Besar dan Eceran, Reparasi Mobil dan Sepeda Motor","Gmaps"],
    ["11542","Jeheh","Belawan Pulau Sicanang, Medan Kota Belawan, Kota Medan, Sumatera Utara","prelist","MEDAN BELAWAN","BELAWAN SICANANG","LINGKUNGAN 20","","","G. Perdagangan Besar dan Eceran, Reparasi Mobil dan Sepeda Motor","Gmaps"],
    ["11543","Abol servis Handphone, elektronik, Bengkel motor","Belawan Pulau Sicanang, Medan Kota Belawan, Kota Medan, Sumatera Utara 20415","prelist","MEDAN BELAWAN","BELAWAN SICANANG","LINGKUNGAN 18","","0812-6310-3741","G. Perdagangan Besar dan Eceran, Reparasi Mobil dan Sepeda Motor","Gmaps"],
    ["11544","Jaya Motor","Jalan Palu","prelist","MEDAN BELAWAN","BELAWAN SICANANG","LINGKUNGAN 8","","0853-5992-6884","G. Perdagangan Besar dan Eceran, Reparasi Mobil dan Sepeda Motor","Gmaps"],
    ["11545","Bengkel las Junaidi berkah jaya las","Jl. Tongkol No.31","prelist","MEDAN BELAWAN","BELAWAN BAHAGIA","LINGKUNGAN 3","","0813-7170-5553","G. Perdagangan Besar dan Eceran, Reparasi Mobil dan Sepeda Motor","Gmaps"],
    ["11546","MANURUNG JAYA MOTOR","Jl. Sumatera No.107","prelist","MEDAN BELAWAN","BELAWAN I","LINGKUNGAN 2","","","G. Perdagangan Besar dan Eceran, Reparasi Mobil dan Sepeda Motor","Gmaps"],
    ["11547","Bengkel service kulkas-ac-mesin cuci","Lrg. Pahlawan No.28-2, Belawan I, Medan Kota Belawan, Kota Medan, Sumatera Utara 20411","prelist","MEDAN BELAWAN","BELAWAN I","LINGKUNGAN 19","","","G. Perdagangan Besar dan Eceran, Reparasi Mobil dan Sepeda Motor","Gmaps"],
    ["11548","Bengkel las Sekata Jaya","Komplek Kpum","prelist","MEDAN BELAWAN","BELAWAN SICANANG","LINGKUNGAN 14","","","G. Perdagangan Besar dan Eceran, Reparasi Mobil dan Sepeda Motor","Gmaps"],
    ["11549","Pasar 21","Jl. Bunga","prelist","MEDAN BELAWAN","BELAWAN II","LINGKUNGAN 39","","0812-641-902","C. Industri Pengolahan","Gmaps"],
    ["11550","Penjahit Masri","Jl. Selebes","prelist","MEDAN BELAWAN","BELAWAN II","LINGKUNGAN 37","","","C. Industri Pengolahan","Gmaps"],
    ["11551","Bu Nur Tukang Jahit","Lorong Mesjid Lingkungan IV, Bagan Deli, Medan Kota Belawan, Kota Medan, Sumatera Utara 20414","prelist","MEDAN BELAWAN","BAGAN DELI","LINGKUNGAN 4","","(061) 6944357","C. Industri Pengolahan","Gmaps"],
    ["11552","R Belawan Bouquet","Jl. Tm Pahlawan Lorong Supir","prelist","MEDAN BELAWAN","BELAWAN I","LINGKUNGAN 23","","0853-6195-8781","C. Industri Pengolahan","Gmaps"],
    ["11553","Pasar Belawan","Jl. Sumatera","prelist","MEDAN BELAWAN","BELAWAN II","LINGKUNGAN 42","","","C. Industri Pengolahan","Gmaps"],
    ["11554","Bengkel Yudi","Bagan Deli, Medan Kota Belawan, Kota Medan, Sumatera Utara 20411","prelist","MEDAN BELAWAN","BAGAN DELI","LINGKUNGAN 10","","0852-9754-7130","G. Perdagangan Besar dan Eceran, Reparasi Mobil dan Sepeda Motor","Gmaps"],
    ["11555","Paten","Jl. Sumatera No.9","prelist","MEDAN BELAWAN","BELAWAN I","LINGKUNGAN 31","","(061) 6941236","G. Perdagangan Besar dan Eceran, Reparasi Mobil dan Sepeda Motor","Gmaps"],
    ["11556","Bengkel karya sanjaya","Jl.Perikanan Nusantara Jl. Gabion","prelist","MEDAN BELAWAN","BAGAN DELI","LINGKUNGAN 11","","","G. Perdagangan Besar dan Eceran, Reparasi Mobil dan Sepeda Motor","Gmaps"],
    ["11557","Budi Service Bengkel","Jl. Karo No.14","prelist","MEDAN BELAWAN","BELAWAN I","LINGKUNGAN 4","","(061) 4558493","G. Perdagangan Besar dan Eceran, Reparasi Mobil dan Sepeda Motor","Gmaps"],
    ["11558","Jeep Speed. PT","Jl. Bangka No.876","prelist","MEDAN BELAWAN","BELAWAN II","LINGKUNGAN 4","","(061) 7734588","G. Perdagangan Besar dan Eceran, Reparasi Mobil dan Sepeda Motor","Gmaps"],
    ["11559","BARI LOUNDRE","Komplek Peeikanan No.03","prelist","MEDAN BELAWAN","BELAWAN BAHARI","LINGKUNGAN 11","","","G. Perdagangan Besar dan Eceran, Reparasi Mobil dan Sepeda Motor","Gmaps"],
    ["11560","BERKAH JAYA MOTOR","Jl. Selebes No.365","prelist","MEDAN BELAWAN","BELAWAN II","LINGKUNGAN 30","","0853-7020-3907","G. Perdagangan Besar dan Eceran, Reparasi Mobil dan Sepeda Motor","Gmaps"],
    ["11561","Yuasa Battery Paten","Belawan I, Medan Kota Belawan, Kota Medan, Sumatera Utara 20411","prelist","MEDAN BELAWAN","BELAWAN I","LINGKUNGAN 1","","","G. Perdagangan Besar dan Eceran, Reparasi Mobil dan Sepeda Motor","Gmaps"],
    ["11562","Bengkel Ariel belawan","Bagan Deli, Medan Kota Belawan, Kota Medan, Sumatera Utara","prelist","MEDAN BELAWAN","BAGAN DELI","LINGKUNGAN 1","","","G. Perdagangan Besar dan Eceran, Reparasi Mobil dan Sepeda Motor","Gmaps"],
    ["11563","Sianipar Bengkel","Jl. Raya Pelabuhan","prelist","MEDAN BELAWAN","BELAWAN II","LINGKUNGAN 33","","(061) 6941321","G. Perdagangan Besar dan Eceran, Reparasi Mobil dan Sepeda Motor","Gmaps"],
    ["11564","Usaha Mandiri Al Aziziyah","Belawan Bahagia, Medan Kota Belawan, Kota Medan, Sumatera Utara 20414","prelist","MEDAN BELAWAN","BELAWAN BAHAGIA","LINGKUNGAN 15","","","G. Perdagangan Besar dan Eceran, Reparasi Mobil dan Sepeda Motor","Gmaps"],
    ["11565","Bengkel Bubut Metalindo","Jl. Veteran No.52","prelist","MEDAN BELAWAN","BELAWAN I","LINGKUNGAN 2","","(061) 4149030","G. Perdagangan Besar dan Eceran, Reparasi Mobil dan Sepeda Motor","Gmaps"],
    ["11566","SERASI MOTOR","Belawan I, Medan Kota Belawan, Kota Medan, Sumatera Utara","prelist","MEDAN BELAWAN","BELAWAN I","LINGKUNGAN 22","","","G. Perdagangan Besar dan Eceran, Reparasi Mobil dan Sepeda Motor","Gmaps"],
    ["11567","Intan motor service","Jl. Kl. Yos Sudarso No.21168","prelist","MEDAN BELAWAN","BELAWAN BAHARI","LINGKUNGAN 3","","","G. Perdagangan Besar dan Eceran, Reparasi Mobil dan Sepeda Motor","Gmaps"],
    ["11568","Bank Sampah Ritim dan Bengkel Kreasi Daur Ulang","Jl. Riau Timur No.71","prelist","MEDAN BELAWAN","BELAWAN II","LINGKUNGAN 2","","0812-6050-7603","G. Perdagangan Besar dan Eceran, Reparasi Mobil dan Sepeda Motor","Gmaps"],
    ["11569","Sumber Rezeki","Jl. Klp.","prelist","MEDAN BELAWAN","BELAWAN SICANANG","LINGKUNGAN 19","","0823-6564-0202","G. Perdagangan Besar dan Eceran, Reparasi Mobil dan Sepeda Motor","Gmaps"],
    ["11570","TP.3","Jl. Sumatera","prelist","MEDAN BELAWAN","BELAWAN I","LINGKUNGAN 31","","","F. Konstruksi","Gmaps"],
    ["11571","EOP Belawan","Belawan I, Medan Kota Belawan, Kota Medan, Sumatera Utara","prelist","MEDAN BELAWAN","BELAWAN I","LINGKUNGAN 31","","","F. Konstruksi","Gmaps"],
    ["11572","MAUVIA STORE","Belawan II, Medan Kota Belawan, Kota Medan, Sumatera Utara 20411","prelist","MEDAN BELAWAN","BELAWAN II","LINGKUNGAN 37","","","F. Konstruksi","Gmaps"],
    ["11573","PT. MULTI HARAPAN TEHNIK","Jl. Pulau Sicanang No.Lk I","prelist","MEDAN BELAWAN","BELAWAN SICANANG","LINGKUNGAN 1","","0821-6768-4655","F. Konstruksi","Gmaps"],
    ["11574","diexel engine","Belawan I, Medan Kota Belawan, Kota Medan, Sumatera Utara","prelist","MEDAN BELAWAN","BELAWAN I","LINGKUNGAN 29","","0856-6698-986","G. Perdagangan Besar dan Eceran, Reparasi Mobil dan Sepeda Motor","Gmaps"],
    ["11575","Belawan Bengkel","Lor Sentosa Tiang No.6, Belawan I, Medan Kota Belawan, Kota Medan, Sumatera Utara 20411","prelist","MEDAN BELAWAN","BELAWAN I","LINGKUNGAN 31","","(061) 6941762","G. Perdagangan Besar dan Eceran, Reparasi Mobil dan Sepeda Motor","Gmaps"],
    ["11576","Bengkel Man Li","Jl. Sembilang No.14","prelist","MEDAN BELAWAN","BELAWAN BAHAGIA","LINGKUNGAN 12","","(061) 4523131","G. Perdagangan Besar dan Eceran, Reparasi Mobil dan Sepeda Motor","Gmaps"],
    ["11577","Bengkel Wijaya Service ( LAS DAN BUBUT )","Belawan I, Medan Kota Belawan, Kota Medan, Sumatera Utara 20411","prelist","MEDAN BELAWAN","BELAWAN I","LINGKUNGAN 14","","0852-9776-1324","G. Perdagangan Besar dan Eceran, Reparasi Mobil dan Sepeda Motor","Gmaps"],
    ["11578","ASPIRA","Jl. Bawal","prelist","MEDAN BELAWAN","BELAWAN BAHAGIA","LINGKUNGAN 19","","","G. Perdagangan Besar dan Eceran, Reparasi Mobil dan Sepeda Motor","Gmaps"],
    ["11579","Bengkel las ketok Fahri service","Jalan Pulau Ambon Lingkungan Vii","prelist","MEDAN BELAWAN","BELAWAN BAHARI","LINGKUNGAN 7","","0853-6108-4583","G. Perdagangan Besar dan Eceran, Reparasi Mobil dan Sepeda Motor","Gmaps"],
    ["11580","Bengkel ginting","Jl. Cicalengka","prelist","MEDAN BELAWAN","BELAWAN II","LINGKUNGAN 14","","0823-8705-8927","G. Perdagangan Besar dan Eceran, Reparasi Mobil dan Sepeda Motor","Gmaps"],
    ["11581","Taurus Motor (Bengkel Iwan)","lorong 3 veteran Jalan besar, Bagan Deli, Medan Kota Belawan, Medan City, North Sumatra 20414","prelist","MEDAN BELAWAN","BAGAN DELI","LINGKUNGAN 7","","","G. Perdagangan Besar dan Eceran, Reparasi Mobil dan Sepeda Motor","Gmaps"],
    ["11582","FUKUYAMA Motor","Jl. Bawal","prelist","MEDAN BELAWAN","BELAWAN BAHAGIA","LINGKUNGAN 19","","","G. Perdagangan Besar dan Eceran, Reparasi Mobil dan Sepeda Motor","Gmaps"],
    ["11583","Bengkel Pak Lek","Bagan Deli, Medan Kota Belawan, Kota Medan, Sumatera Utara 20411","prelist","MEDAN BELAWAN","BAGAN DELI","LINGKUNGAN 10","","0822-7347-9910","G. Perdagangan Besar dan Eceran, Reparasi Mobil dan Sepeda Motor","Gmaps"],
    ["11584","Sahabat Service Sentosa","Lrg. Sentosa, Belawan I, Medan Kota Belawan, Kota Medan, Sumatera Utara 20411","prelist","MEDAN BELAWAN","BELAWAN I","LINGKUNGAN 17","","0853-6683-0202","G. Perdagangan Besar dan Eceran, Reparasi Mobil dan Sepeda Motor","Gmaps"],
    ["11585","Kari Wijaya Bengkel","Lrg. Pahlawan No.2, Belawan I, Medan Kota Belawan, Kota Medan, Sumatera Utara 20411","prelist","MEDAN BELAWAN","BELAWAN I","LINGKUNGAN 19","","0831-3898-3919","G. Perdagangan Besar dan Eceran, Reparasi Mobil dan Sepeda Motor","Gmaps"],
    ["11586","Wisma Rata","Belawan Bahagia, Medan Kota Belawan, Kota Medan, Sumatera Utara 20414","prelist","MEDAN BELAWAN","BELAWAN BAHARI","LINGKUNGAN 5","","","L. Real Estat","Gmaps"],
    ["11587","belawan","Belawan Bahagia, Medan Kota Belawan, Kota Medan, Sumatera Utara 20414","prelist","MEDAN BELAWAN","BELAWAN BAHAGIA","LINGKUNGAN 8","","","L. Real Estat","Gmaps"],
    ["11588","Lingkungan 8 Belawan Bahari","Belawan Bahari, Medan Kota Belawan, Kota Medan, Sumatera Utara 20414","prelist","MEDAN BELAWAN","BELAWAN BAHARI","LINGKUNGAN 8","","","L. Real Estat","Gmaps"],
    ["11589","Metro Decorindah","Belawan Bahari, Medan Kota Belawan, Kota Medan, Sumatera Utara 20414","prelist","MEDAN BELAWAN","BELAWAN BAHARI","LINGKUNGAN 13","","(061) 4570214","F. Konstruksi","Gmaps"],
    ["11590","PT Solusi Bangun Indonesia Tbk (Unit Pengantongan)","Belawan I, Medan Kota Belawan, Kota Medan, Sumatera Utara","prelist","MEDAN BELAWAN","BELAWAN I","LINGKUNGAN 31","","","F. Konstruksi","Gmaps"],
    ["11591","Multiguna Industri. PT","Jl. Bengkalis No.44","prelist","MEDAN BELAWAN","BELAWAN I","LINGKUNGAN 3","","(061) 6871083","F. Konstruksi","Gmaps"],
    ["11592","PT RASYA MADANI PERKASA","Jl. Simalungun","prelist","MEDAN BELAWAN","BELAWAN I","LINGKUNGAN 4","","(061) 42069476","F. Konstruksi","Gmaps"],
    ["11593","sei rampah","Belawan I, Medan Kota Belawan, Kota Medan, Sumatera Utara","prelist","MEDAN BELAWAN","BELAWAN I","LINGKUNGAN 31","","","F. Konstruksi","Gmaps"],
    ["11594","Delacindo perkasa. CV","Belawan Bahari, Medan Kota Belawan, Kota Medan, Sumatera Utara 20414","prelist","MEDAN BELAWAN","BELAWAN BAHARI","LINGKUNGAN 13","","0811-642-331","F. Konstruksi","Gmaps"],
    ["11595","Baruna Membangun. PT","Jl. Ciliwung No.14","prelist","MEDAN BELAWAN","BELAWAN II","LINGKUNGAN 20","","(061) 6944301","F. Konstruksi","Gmaps"],
    ["11596","Wahana interior","Jl. Citarum No.2","prelist","MEDAN BELAWAN","BELAWAN II","LINGKUNGAN 21","","0823-6253-6311","F. Konstruksi","Gmaps"],
    ["11597","KhaFaNa Plafon PVC","Jl. Serdang","prelist","MEDAN BELAWAN","BELAWAN I","LINGKUNGAN 8","","","F. Konstruksi","Gmaps"],
    ["11598","Rumah azli pace","Bagan Deli, Medan Kota Belawan, Kota Medan, Sumatera Utara 20414","prelist","MEDAN BELAWAN","BAGAN DELI","LINGKUNGAN 5","","","F. Konstruksi","Gmaps"],
    ["11599","Bengkel las Adi jaya las","Jl. Tongkol No.31","prelist","MEDAN BELAWAN","BELAWAN BAHAGIA","LINGKUNGAN 3","","","F. Konstruksi","Gmaps"],
    ["11600","KOST DIUS","Lorong Perhatian, Belawan I, Medan Kota Belawan, Kota Medan, Sumatera Utara 20411","prelist","MEDAN BELAWAN","BELAWAN I","LINGKUNGAN 16","","0813-7674-8113","L. Real Estat","Gmaps"],
    ["11601","Waruna Nusa Sentana","Jl. Bagan Deli Lama No.1","prelist","MEDAN BELAWAN","BAGAN DELI","LINGKUNGAN 9","","(061) 4535314","L. Real Estat","Gmaps"],
    ["11602","PT Alkirany Hut Trans","Jalan Selangat Ujung No.60","prelist","MEDAN BELAWAN","BELAWAN BAHAGIA","LINGKUNGAN 12","","0812-6036-0966","L. Real Estat","Gmaps"],
    ["11603","Mina Jaya","Bagan Deli, Medan Kota Belawan, Kota Medan, Sumatera Utara","prelist","MEDAN BELAWAN","BAGAN DELI","LINGKUNGAN 11","","","L. Real Estat","Gmaps"],
    ["11604","Pusri Upp Belawan","Jl.Duyung","prelist","MEDAN BELAWAN","BELAWAN BAHAGIA","LINGKUNGAN 10","","","L. Real Estat","Gmaps"],
    ["11605","Tanah Kaplingan Ust. Munawar","Belawan Pulau Sicanang, Medan Kota Belawan, Kota Medan, Sumatera Utara 20411","prelist","MEDAN BELAWAN","BELAWAN SICANANG","LINGKUNGAN 19","","0852-9668-7505","L. Real Estat","Gmaps"],
    ["11606","PT. Trivaco Properti","Belawan II, Medan Kota Belawan, Kota Medan, Sumatera Utara 20414","prelist","MEDAN BELAWAN","BELAWAN BAHARI","LINGKUNGAN 11","","0813-7565-2822","L. Real Estat","Gmaps"],
    ["11607","UD.Mubarak","Jl. Gulama","prelist","MEDAN BELAWAN","BELAWAN BAHAGIA","LINGKUNGAN 11","","0823-6903-5777","F. Konstruksi","Gmaps"],
    ["11608","Toko Pausta Sitorus Keramik","Jl. Simalungun No.1","prelist","MEDAN BELAWAN","BELAWAN I","LINGKUNGAN 31","","(061) 6940536","F. Konstruksi","Gmaps"],
    ["11609","Tb Djati","Jl. Veteran No.22","prelist","MEDAN BELAWAN","BELAWAN I","LINGKUNGAN 1","","0821-2218-1234","F. Konstruksi","Gmaps"],
    ["11610","Sinar Harapan","Jl. Veteran No.46","prelist","MEDAN BELAWAN","BELAWAN I","LINGKUNGAN 3","","(061) 6941582","F. Konstruksi","Gmaps"],
    ["11611","Toko Bangunan Laris Jaya","Belawan Bahari, Medan Kota Belawan, Kota Medan, Sumatera Utara 20414","prelist","MEDAN BELAWAN","BELAWAN BAHARI","LINGKUNGAN 7","","0812-7770-0069","F. Konstruksi","Gmaps"],
    ["11612","TOKO MARTUBUNG GYPSUM","Jl. Pancing 1 Martubung No.159A","prelist","MEDAN BELAWAN","BELAWAN I","LINGKUNGAN 2","","0813-9657-7776","F. Konstruksi","Gmaps"],
    ["11613","Alek","Jl. Serdang","prelist","MEDAN BELAWAN","BELAWAN I","LINGKUNGAN 7","","0852-7533-0111","F. Konstruksi","Gmaps"],
    ["11614","Mini Market Belawan","Jl. Sumatera No.04A","prelist","MEDAN BELAWAN","BELAWAN I","LINGKUNGAN 1","","","G. Perdagangan Besar dan Eceran, Reparasi Mobil dan Sepeda Motor","Gmaps"],
    ["11615","Aqilah","Jl. Pusara No.7","prelist","MEDAN BELAWAN","BELAWAN SICANANG","LINGKUNGAN 6","","0823-6754-8859","G. Perdagangan Besar dan Eceran, Reparasi Mobil dan Sepeda Motor","Gmaps"],
    ["11616","Irgi","Jalan Beliton Timur","prelist","MEDAN BELAWAN","BELAWAN II","LINGKUNGAN 6","","0852-7001-6620","G. Perdagangan Besar dan Eceran, Reparasi Mobil dan Sepeda Motor","Gmaps"],
    ["11617","Indomaret Besar Bagan Deli","Jl. Raya Pelabuhan Belawan","prelist","MEDAN BELAWAN","BAGAN DELI","LINGKUNGAN 1","","","G. Perdagangan Besar dan Eceran, Reparasi Mobil dan Sepeda Motor","Gmaps"],
    ["11618","Asia Belawan","Jl. Bunga No.37","prelist","MEDAN BELAWAN","BELAWAN II","LINGKUNGAN 42","","(061) 6941759","G. Perdagangan Besar dan Eceran, Reparasi Mobil dan Sepeda Motor","Gmaps"],
    ["11619","Indomaret Selebes Simp. Citarum","Jl. Selebes","prelist","MEDAN BELAWAN","BELAWAN II","LINGKUNGAN 21","","","G. Perdagangan Besar dan Eceran, Reparasi Mobil dan Sepeda Motor","Gmaps"],
    ["11620","Duina","Jl. Kl. Yos Sudarso","prelist","MEDAN BELAWAN","BELAWAN BAHARI","LINGKUNGAN 7","","0853-6201-6500","G. Perdagangan Besar dan Eceran, Reparasi Mobil dan Sepeda Motor","Gmaps"],
    ["11621","Missel","Jl. Kl. Yos Sudarso","prelist","MEDAN BELAWAN","BELAWAN BAHARI","LINGKUNGAN 12","","0813-7056-6657","G. Perdagangan Besar dan Eceran, Reparasi Mobil dan Sepeda Motor","Gmaps"],
    ["11622","Mini Market Rama","Jl. Kl. Yos Sudarso","prelist","MEDAN BELAWAN","BELAWAN BAHARI","LINGKUNGAN 7","","","G. Perdagangan Besar dan Eceran, Reparasi Mobil dan Sepeda Motor","Gmaps"],
    ["11623","GROSIR SEMBAKO AL FATIH","Unnamed Road, Bagan Deli, Medan Kota Belawan, Kota Medan, Sumatera Utara 20414","prelist","MEDAN BELAWAN","BAGAN DELI","LINGKUNGAN 15","","0853-6232-7451","G. Perdagangan Besar dan Eceran, Reparasi Mobil dan Sepeda Motor","Gmaps"],
    ["11624","R&R 10 bersaudara","Jl. Tm Pahlawan Lorong Amal Gudang Arang","prelist","MEDAN BELAWAN","BELAWAN I","LINGKUNGAN 30","","0858-3318-8831","G. Perdagangan Besar dan Eceran, Reparasi Mobil dan Sepeda Motor","Gmaps"],
    ["11625","Toko Aceh","Jl. Pulau Sicanang","prelist","MEDAN BELAWAN","BELAWAN BAHARI","LINGKUNGAN 7","","0821-6845-9929","G. Perdagangan Besar dan Eceran, Reparasi Mobil dan Sepeda Motor","Gmaps"],
    ["11626","Toko Kelontong Bu Asnah","Belawan I, Medan Kota Belawan, Kota Medan, Sumatera Utara 20411","prelist","MEDAN BELAWAN","BELAWAN I","LINGKUNGAN 18","","0853-5957-3839","G. Perdagangan Besar dan Eceran, Reparasi Mobil dan Sepeda Motor","Gmaps"],
    ["11627","9Bako Distributor Sembako Belawan","Jl. Riau Timur No.11","prelist","MEDAN BELAWAN","BELAWAN II","LINGKUNGAN 2","","0812-3210-8889","G. Perdagangan Besar dan Eceran, Reparasi Mobil dan Sepeda Motor","Gmaps"],
    ["11628","Toko Kelontong","Jl. St.","prelist","MEDAN BELAWAN","BELAWAN I","LINGKUNGAN 15","","","G. Perdagangan Besar dan Eceran, Reparasi Mobil dan Sepeda Motor","Gmaps"],
    ["11629","Haikal ponsel","Jl. Pulau Sicanang No.2","prelist","MEDAN BELAWAN","BELAWAN SICANANG","LINGKUNGAN 9","","","L. Real Estat","Gmaps"],
    ["11630","Pak Fadly","Jl. Selebes No.6","prelist","MEDAN BELAWAN","BELAWAN II","LINGKUNGAN 29","","0813-7000-8936","G. Perdagangan Besar dan Eceran, Reparasi Mobil dan Sepeda Motor","Gmaps"],
    ["11631","BOLU MENARA BELAWAN","Jl. St. No.10","prelist","MEDAN BELAWAN","BELAWAN I","LINGKUNGAN 14","","","G. Perdagangan Besar dan Eceran, Reparasi Mobil dan Sepeda Motor","Gmaps"],
    ["11632","Eti","Jl. Selebes","prelist","MEDAN BELAWAN","BELAWAN II","LINGKUNGAN 33","","0823-0458-0993","G. Perdagangan Besar dan Eceran, Reparasi Mobil dan Sepeda Motor","Gmaps"],
    ["11633","Warung Wak Rebo","Kampung Kolam, Belawan Bahagia, Medan Kota Belawan, Kota Medan, Sumatera Utara 20414","prelist","MEDAN BELAWAN","BELAWAN BAHAGIA","LINGKUNGAN 9","","0821-6605-3119","G. Perdagangan Besar dan Eceran, Reparasi Mobil dan Sepeda Motor","Gmaps"],
    ["11634","Taufik","Jl. Jawa","prelist","MEDAN BELAWAN","BELAWAN II","LINGKUNGAN 6","","0813-7551-7968","G. Perdagangan Besar dan Eceran, Reparasi Mobil dan Sepeda Motor","Gmaps"],
    ["11635","Depot Air Minum Segar","Jl. Sumatera No.05","prelist","MEDAN BELAWAN","BELAWAN II","LINGKUNGAN 41","","0819-6065-100","G. Perdagangan Besar dan Eceran, Reparasi Mobil dan Sepeda Motor","Gmaps"],
    ["11636","immanuel hutapea","Jl. Sumatera No.16","prelist","MEDAN BELAWAN","BELAWAN I","LINGKUNGAN 31","","","G. Perdagangan Besar dan Eceran, Reparasi Mobil dan Sepeda Motor","Gmaps"],
    ["11637","Alfamidi Belawan","Jl. St.","prelist","MEDAN BELAWAN","BELAWAN I","LINGKUNGAN 20","","","G. Perdagangan Besar dan Eceran, Reparasi Mobil dan Sepeda Motor","Gmaps"],
    ["11638","Qolbu","Jl. Pusara No.Blok 7","prelist","MEDAN BELAWAN","BELAWAN SICANANG","LINGKUNGAN 6","","0821-6570-1577","G. Perdagangan Besar dan Eceran, Reparasi Mobil dan Sepeda Motor","Gmaps"],
    ["11639","Indomaret Sumatera Simp. Langkat","Jl. Sumatera","prelist","MEDAN BELAWAN","BELAWAN I","LINGKUNGAN 2","","0811-6020-429","G. Perdagangan Besar dan Eceran, Reparasi Mobil dan Sepeda Motor","Gmaps"],
    ["11640","Warung Desi","Bagan Deli, Medan Kota Belawan, Kota Medan, Sumatera Utara","prelist","MEDAN BELAWAN","BAGAN DELI","LINGKUNGAN 14","","","G. Perdagangan Besar dan Eceran, Reparasi Mobil dan Sepeda Motor","Gmaps"],
    ["11641","Indomaret Stasiun Belawan","Jl. St.","prelist","MEDAN BELAWAN","BELAWAN I","LINGKUNGAN 21","","","G. Perdagangan Besar dan Eceran, Reparasi Mobil dan Sepeda Motor","Gmaps"],
    ["11642","MIJUMA STORE BELAWAN","Jl. Bangka Barat No.46","prelist","MEDAN BELAWAN","BELAWAN II","LINGKUNGAN 1","","0813-6085-1663","G. Perdagangan Besar dan Eceran, Reparasi Mobil dan Sepeda Motor","Gmaps"],
    ["11643","Toko Van Deyli","Bagan Deli, Medan Kota Belawan, Kota Medan, Sumatera Utara 20411","prelist","MEDAN BELAWAN","BAGAN DELI","LINGKUNGAN 1","","0822-7774-0577","G. Perdagangan Besar dan Eceran, Reparasi Mobil dan Sepeda Motor","Gmaps"],
    ["11644","Sarupa Floris","Medan - Belawan No.21, 5, Belawan Bahagia, Medan Kota Belawan, Kota Medan, Sumatera Utara 20411","prelist","MEDAN BELAWAN","BELAWAN BAHAGIA","LINGKUNGAN 8","","0822-7230-0098","G. Perdagangan Besar dan Eceran, Reparasi Mobil dan Sepeda Motor","Gmaps"],
    ["11645","Belawan Sepatu Faeyza Rizqy","Jl. Deli No.26","prelist","MEDAN BELAWAN","BELAWAN I","LINGKUNGAN 4","","","G. Perdagangan Besar dan Eceran, Reparasi Mobil dan Sepeda Motor","Gmaps"],
    ["11646","J. Ginting Suka","Jl. Bunga No.08","prelist","MEDAN BELAWAN","BELAWAN II","LINGKUNGAN 40","","0821-6655-5679","G. Perdagangan Besar dan Eceran, Reparasi Mobil dan Sepeda Motor","Gmaps"],
    ["11647","Toko chip","Belawan Bahagia, Medan Kota Belawan, Kota Medan, Sumatera Utara","prelist","MEDAN BELAWAN","BELAWAN BAHAGIA","LINGKUNGAN 20","","0831-9414-4430","G. Perdagangan Besar dan Eceran, Reparasi Mobil dan Sepeda Motor","Gmaps"],
    ["11648","American Mower Store","Jl. Minyak","prelist","MEDAN BELAWAN","BELAWAN II","LINGKUNGAN 44","","0823-2819-4853","G. Perdagangan Besar dan Eceran, Reparasi Mobil dan Sepeda Motor","Gmaps"],
    ["11649","BELAWAN TOYS","Jl. Veteran No.72","prelist","MEDAN BELAWAN","BELAWAN I","LINGKUNGAN 1","","0831-9899-7722","G. Perdagangan Besar dan Eceran, Reparasi Mobil dan Sepeda Motor","Gmaps"],
    ["11650","Razzaq Water","Jl. Klp.","prelist","MEDAN BELAWAN","BELAWAN SICANANG","LINGKUNGAN 12","","0852-6182-6782","G. Perdagangan Besar dan Eceran, Reparasi Mobil dan Sepeda Motor","Gmaps"],
    ["11651","Alfamat","Jl. Selangat","prelist","MEDAN BELAWAN","BELAWAN BAHAGIA","LINGKUNGAN 12","","","G. Perdagangan Besar dan Eceran, Reparasi Mobil dan Sepeda Motor","Gmaps"],
    ["11652","Ela Water","Jl. Jawa","prelist","MEDAN BELAWAN","BELAWAN II","LINGKUNGAN 10","","0812-6294-5574","G. Perdagangan Besar dan Eceran, Reparasi Mobil dan Sepeda Motor","Gmaps"],
    ["11653","Toko Abun","Jl. Serdang No.8","prelist","MEDAN BELAWAN","BELAWAN I","LINGKUNGAN 5","","","G. Perdagangan Besar dan Eceran, Reparasi Mobil dan Sepeda Motor","Gmaps"],
    ["11654","Charis Water","Jl. Pulau Sicanang No.27","prelist","MEDAN BELAWAN","BELAWAN SICANANG","LINGKUNGAN 16","","0813-6292-7009","G. Perdagangan Besar dan Eceran, Reparasi Mobil dan Sepeda Motor","Gmaps"],
    ["11655","Eka","Jalan Pulau Samosir","prelist","MEDAN BELAWAN","BELAWAN BAHARI","LINGKUNGAN 4","","0821-6386-2758","G. Perdagangan Besar dan Eceran, Reparasi Mobil dan Sepeda Motor","Gmaps"],
    ["11656","Ragly- Ro","Jl. Hiu No.1A","prelist","MEDAN BELAWAN","BELAWAN BAHAGIA","LINGKUNGAN 2","","(061) 6941300","G. Perdagangan Besar dan Eceran, Reparasi Mobil dan Sepeda Motor","Gmaps"],
    ["11657","A'a Market","Jl. Sumatera","prelist","MEDAN BELAWAN","BELAWAN I","LINGKUNGAN 1","","","G. Perdagangan Besar dan Eceran, Reparasi Mobil dan Sepeda Motor","Gmaps"],
    ["11658","Tempet Belanje Brg Impor","Jl. Veteran No.84","prelist","MEDAN BELAWAN","BELAWAN I","LINGKUNGAN 2","","","G. Perdagangan Besar dan Eceran, Reparasi Mobil dan Sepeda Motor","Gmaps"],
    ["11659","Lucky","Jl. Karo No.14","prelist","MEDAN BELAWAN","BELAWAN I","LINGKUNGAN 4","","0812-6442-833","G. Perdagangan Besar dan Eceran, Reparasi Mobil dan Sepeda Motor","Gmaps"],
    ["11660","Columbia Baru","Jl. Sumatera No.52","prelist","MEDAN BELAWAN","BELAWAN I","LINGKUNGAN 1","","","G. Perdagangan Besar dan Eceran, Reparasi Mobil dan Sepeda Motor","Gmaps"],
    ["11661","Gempi Store","Jl. Kl. Yos Sudarso","prelist","MEDAN BELAWAN","BELAWAN BAHARI","LINGKUNGAN 7","","","G. Perdagangan Besar dan Eceran, Reparasi Mobil dan Sepeda Motor","Gmaps"],
    ["11662","Juliana OlshOp MEDAN","Lorong 7 umum bagan deli, Belawan I, Medan Kota Belawan, Kota Medan, Sumatera Utara 20414","prelist","MEDAN BELAWAN","BAGAN DELI","LINGKUNGAN 3","","0821-6061-6474","G. Perdagangan Besar dan Eceran, Reparasi Mobil dan Sepeda Motor","Gmaps"],
    ["11663","Warung Aulia 24 Jam","Belawan II, Medan Kota Belawan, Kota Medan, Sumatera Utara 20412","prelist","MEDAN BELAWAN","BELAWAN II","LINGKUNGAN 36","","0812-6322-3228","G. Perdagangan Besar dan Eceran, Reparasi Mobil dan Sepeda Motor","Gmaps"],
    ["11664","Aroma Bakery Belawan","Jl. Sumatera No.65","prelist","MEDAN BELAWAN","BELAWAN I","LINGKUNGAN 1","","","G. Perdagangan Besar dan Eceran, Reparasi Mobil dan Sepeda Motor","Gmaps"],
    ["11665","Toko Akhuak","Jl. Riau Timur No.15","prelist","MEDAN BELAWAN","BELAWAN II","LINGKUNGAN 2","","","G. Perdagangan Besar dan Eceran, Reparasi Mobil dan Sepeda Motor","Gmaps"],
    ["11666","Azmi Shop Medan","Jl. Tm Pahlawan Lor.Papan Lingkungan No.28","prelist","MEDAN BELAWAN","BELAWAN I","LINGKUNGAN 16","","0812-6069-1947","G. Perdagangan Besar dan Eceran, Reparasi Mobil dan Sepeda Motor","Gmaps"],
    ["11667","Harapan Jaya","Jl. Veteran No.62","prelist","MEDAN BELAWAN","BELAWAN I","LINGKUNGAN 2","","0812-6574-8811","G. Perdagangan Besar dan Eceran, Reparasi Mobil dan Sepeda Motor","Gmaps"],
    ["11668","Jaya Hasil Laut Gudang","Jl. Pelabuhan Perikanan Gabion","prelist","MEDAN BELAWAN","BELAWAN I","LINGKUNGAN 31","","(061) 6940320","G. Perdagangan Besar dan Eceran, Reparasi Mobil dan Sepeda Motor","Gmaps"],
    ["11669","Medan Casual Shop","Jl. Bangka No.68","prelist","MEDAN BELAWAN","BELAWAN II","LINGKUNGAN 4","","0812-6434-7256","G. Perdagangan Besar dan Eceran, Reparasi Mobil dan Sepeda Motor","Gmaps"],
    ["11670","warung mama indah","Jl. Cilacap Timur No.5","prelist","MEDAN BELAWAN","BELAWAN II","LINGKUNGAN 9","","","G. Perdagangan Besar dan Eceran, Reparasi Mobil dan Sepeda Motor","Gmaps"],
    ["11671","Toko Gaza","Jalan Veteran. 202","prelist","MEDAN BELAWAN","BELAWAN I","LINGKUNGAN 4","","0821-8124-2929","G. Perdagangan Besar dan Eceran, Reparasi Mobil dan Sepeda Motor","Gmaps"],
    ["11672","Primkoppol Dit Pol Air","Jl. Deli","prelist","MEDAN BELAWAN","BELAWAN I","LINGKUNGAN 4","","0852-6193-6080","G. Perdagangan Besar dan Eceran, Reparasi Mobil dan Sepeda Motor","Gmaps"],
    ["11673","Eka Jaya Motor","Jl. Sumatera No.54","prelist","MEDAN BELAWAN","BELAWAN I","LINGKUNGAN 1","","","G. Perdagangan Besar dan Eceran, Reparasi Mobil dan Sepeda Motor","Gmaps"],
    ["11674","Iwan Keramik Galery","Jl. Simalungun","prelist","MEDAN BELAWAN","BELAWAN I","LINGKUNGAN 2","","0812-6941-9536","G. Perdagangan Besar dan Eceran, Reparasi Mobil dan Sepeda Motor","Gmaps"],
    ["11675","Belawan","Jl. Sumatera","prelist","MEDAN BELAWAN","BELAWAN I","LINGKUNGAN 31","","","G. Perdagangan Besar dan Eceran, Reparasi Mobil dan Sepeda Motor","Gmaps"],
    ["11676","Belawan jaya","Jl. Sumatera No.36","prelist","MEDAN BELAWAN","BELAWAN I","LINGKUNGAN 1","","0852-6233-1223","G. Perdagangan Besar dan Eceran, Reparasi Mobil dan Sepeda Motor","Gmaps"],
    ["11677","TOKO MUTIARA INDAH BELAWAN","Jl. Veteran No.140","prelist","MEDAN BELAWAN","BELAWAN I","LINGKUNGAN 1","","(061) 66941056","G. Perdagangan Besar dan Eceran, Reparasi Mobil dan Sepeda Motor","Gmaps"],
    ["11678","Bagan Deli Belawan","Bagan Deli, Medan Kota Belawan, Kota Medan, Sumatera Utara 20414","prelist","MEDAN BELAWAN","BAGAN DELI","LINGKUNGAN 6","","","G. Perdagangan Besar dan Eceran, Reparasi Mobil dan Sepeda Motor","Gmaps"],
    ["11679","Bika Ambon rian","Jl. Sumatera No.78","prelist","MEDAN BELAWAN","BELAWAN I","LINGKUNGAN 2","","0852-6200-8666","G. Perdagangan Besar dan Eceran, Reparasi Mobil dan Sepeda Motor","Gmaps"],
    ["11680","Widhia Print Belawan","Jl. Cimanuk No.3","prelist","MEDAN BELAWAN","BELAWAN II","LINGKUNGAN 24","","0858-3049-6455","G. Perdagangan Besar dan Eceran, Reparasi Mobil dan Sepeda Motor","Gmaps"],
    ["11681","HWI Belawan","Jl. Veteran No.29","prelist","MEDAN BELAWAN","BELAWAN I","LINGKUNGAN 3","","0811-6598-666","G. Perdagangan Besar dan Eceran, Reparasi Mobil dan Sepeda Motor","Gmaps"],
    ["11682","Gudang Kapur PT","Jl. Sumatera No.80","prelist","MEDAN BELAWAN","BELAWAN II","LINGKUNGAN 43","","(061) 68772679","G. Perdagangan Besar dan Eceran, Reparasi Mobil dan Sepeda Motor","Gmaps"],
    ["11683","Bali Ponsel","Jl. Sumatera No.107","prelist","MEDAN BELAWAN","BELAWAN I","LINGKUNGAN 2","","(061) 6941368","G. Perdagangan Besar dan Eceran, Reparasi Mobil dan Sepeda Motor","Gmaps"],
    ["11684","Taman Kado","Jl. Sumatera","prelist","MEDAN BELAWAN","BELAWAN I","LINGKUNGAN 2","","","G. Perdagangan Besar dan Eceran, Reparasi Mobil dan Sepeda Motor","Gmaps"],
    ["11685","Dian Ponsel","Jl. Selebes No.45","prelist","MEDAN BELAWAN","BELAWAN II","LINGKUNGAN 36","","0877-6631-4713","G. Perdagangan Besar dan Eceran, Reparasi Mobil dan Sepeda Motor","Gmaps"],
    ["11686","MW PERFUME PUSAT BELAWAN","Jl. Veteran No.1","prelist","MEDAN BELAWAN","BELAWAN I","LINGKUNGAN 4","","0822-7606-7954","G. Perdagangan Besar dan Eceran, Reparasi Mobil dan Sepeda Motor","Gmaps"],
    ["11687","Toko Vina","Jl. Bengkalis Cd No.20B","prelist","MEDAN BELAWAN","BELAWAN I","LINGKUNGAN 6","","0852-7034-5838","G. Perdagangan Besar dan Eceran, Reparasi Mobil dan Sepeda Motor","Gmaps"],
    ["11688","Dodol Juita sadeq","Bagan Deli, Medan Kota Belawan, Kota Medan, Sumatera Utara 20414","prelist","MEDAN BELAWAN","BAGAN DELI","LINGKUNGAN 4","","0823-6654-4429","G. Perdagangan Besar dan Eceran, Reparasi Mobil dan Sepeda Motor","Gmaps"],
    ["11689","Toko Setia Maju","Jl. Sumatera No.66","prelist","MEDAN BELAWAN","BELAWAN I","LINGKUNGAN 31","","(061) 6941812","G. Perdagangan Besar dan Eceran, Reparasi Mobil dan Sepeda Motor","Gmaps"],
    ["11690","Harapan Benderang. PT","JL P Sumatera 13 Kim I, Medan, Belawan I, Medan Kota Belawan, Medan City, North Sumatra 20411","prelist","MEDAN BELAWAN","BELAWAN I","LINGKUNGAN 31","","(061) 6850230","G. Perdagangan Besar dan Eceran, Reparasi Mobil dan Sepeda Motor","Gmaps"],
    ["11691","Ali Toko","Jl. Veteran No.62","prelist","MEDAN BELAWAN","BELAWAN II","LINGKUNGAN 41","","(061) 6941202","G. Perdagangan Besar dan Eceran, Reparasi Mobil dan Sepeda Motor","Gmaps"],
    ["11692","Pasar Kapuas","Belawan II, Medan Kota Belawan, Kota Medan, Sumatera Utara 20411","prelist","MEDAN BELAWAN","BELAWAN II","LINGKUNGAN 40","","","G. Perdagangan Besar dan Eceran, Reparasi Mobil dan Sepeda Motor","Gmaps"],
    ["11693","Pasar Pajak Baru","Jl. Paus","prelist","MEDAN BELAWAN","BELAWAN BAHAGIA","LINGKUNGAN 6","","","G. Perdagangan Besar dan Eceran, Reparasi Mobil dan Sepeda Motor","Gmaps"],
    ["11694","First Sip - Belawan","Jl. Veteran No.144","prelist","MEDAN BELAWAN","BELAWAN I","LINGKUNGAN 2","","0852-7775-5956","G. Perdagangan Besar dan Eceran, Reparasi Mobil dan Sepeda Motor","Gmaps"],
    ["11695","CN STORE Belawan","Jl. Selebes No.37","prelist","MEDAN BELAWAN","BELAWAN II","LINGKUNGAN 37","","","G. Perdagangan Besar dan Eceran, Reparasi Mobil dan Sepeda Motor","Gmaps"],
    ["11696","RS TNI Al Belawan","Jl. Bengkalis No.1","prelist","MEDAN BELAWAN","BELAWAN I","LINGKUNGAN 4","","0813-6241-0434","G. Perdagangan Besar dan Eceran, Reparasi Mobil dan Sepeda Motor","Gmaps"],
    ["11697","TOKO LINA","Jl. Tm Pahlawan","prelist","MEDAN BELAWAN","BELAWAN I","LINGKUNGAN 30","","0813-7533-5961","G. Perdagangan Besar dan Eceran, Reparasi Mobil dan Sepeda Motor","Gmaps"],
    ["11698","SOP SUBARASHI UTSUKUTSHHII Distributor AFC medan belawan","Jl. Duyung No.7","prelist","MEDAN BELAWAN","BELAWAN BAHAGIA","LINGKUNGAN 7","","","G. Perdagangan Besar dan Eceran, Reparasi Mobil dan Sepeda Motor","Gmaps"],
    ["11699","YES248 Xpress Belawan","Jl. Pelabuhan","prelist","MEDAN BELAWAN","BELAWAN II","LINGKUNGAN 43","","0819-3088-7100","G. Perdagangan Besar dan Eceran, Reparasi Mobil dan Sepeda Motor","Gmaps"],
    ["11700","Bagan's toserba","Lorong 1 umum, Bagan Deli, Medan Kota Belawan, Kota Medan, Sumatera Utara 20414","prelist","MEDAN BELAWAN","BAGAN DELI","LINGKUNGAN 1","","","G. Perdagangan Besar dan Eceran, Reparasi Mobil dan Sepeda Motor","Gmaps"],
    ["11701","MIMI Market","Jl. Cilacap Barat No.1","prelist","MEDAN BELAWAN","BELAWAN II","LINGKUNGAN 9","","","G. Perdagangan Besar dan Eceran, Reparasi Mobil dan Sepeda Motor","Gmaps"],
    ["11702","Gudang Belawan","Bagan Deli, Medan Kota Belawan, Kota Medan, Sumatera Utara","prelist","MEDAN BELAWAN","BAGAN DELI","LINGKUNGAN 11","","","G. Perdagangan Besar dan Eceran, Reparasi Mobil dan Sepeda Motor","Gmaps"],
    ["11703","PASHA STORE","Jalan Pulau Sinabang","prelist","MEDAN BELAWAN","BELAWAN BAHARI","LINGKUNGAN 8","","0895-4146-77251","G. Perdagangan Besar dan Eceran, Reparasi Mobil dan Sepeda Motor","Gmaps"],
    ["11704","Toko J. Girsang","Belawan I, Medan Kota Belawan, Kota Medan, Sumatera Utara 20411","prelist","MEDAN BELAWAN","BELAWAN I","LINGKUNGAN 1","","0821-6843-8413","G. Perdagangan Besar dan Eceran, Reparasi Mobil dan Sepeda Motor","Gmaps"],
    ["11705","Warung Anji","JL Besar Bagan Deli, Lorong Buntu, RT. 1 RW. 1, Bagan Deli, Bagan Deli, Medan Kota Belawan, Kota Medan, Sumatera Utara 20414","prelist","MEDAN BELAWAN","BAGAN DELI","LINGKUNGAN 7","","0823-6070-7859","G. Perdagangan Besar dan Eceran, Reparasi Mobil dan Sepeda Motor","Gmaps"],
    ["11706","Edina. PT","Jl. Pelabuhan","prelist","MEDAN BELAWAN","BELAWAN II","LINGKUNGAN 36","","(061) 6940013","G. Perdagangan Besar dan Eceran, Reparasi Mobil dan Sepeda Motor","Gmaps"],
    ["11707","Saragih","Jl. Veteran No.116","prelist","MEDAN BELAWAN","BELAWAN I","LINGKUNGAN 1","","0813-7619-3223","G. Perdagangan Besar dan Eceran, Reparasi Mobil dan Sepeda Motor","Gmaps"],
    ["11708","E Situmorang","Belawan I, Medan Kota Belawan, Kota Medan, Sumatera Utara 20411","prelist","MEDAN BELAWAN","BELAWAN I","LINGKUNGAN 1","","0858-3115-1517","G. Perdagangan Besar dan Eceran, Reparasi Mobil dan Sepeda Motor","Gmaps"],
    ["11709","PT. CITA KARYA AGUNG","Jl. Raya Pelabuhan Belawan No.Ii","prelist","MEDAN BELAWAN","BAGAN DELI","LINGKUNGAN 3","","0852-8988-8819","G. Perdagangan Besar dan Eceran, Reparasi Mobil dan Sepeda Motor","Gmaps"],
    ["11710","Toko Simanjuntak","Bagan Deli, Medan Kota Belawan, Kota Medan, Sumatera Utara 20411","prelist","MEDAN BELAWAN","BAGAN DELI","LINGKUNGAN 1","","0812-6325-2171","G. Perdagangan Besar dan Eceran, Reparasi Mobil dan Sepeda Motor","Gmaps"],
    ["11711","PT. Putra Lautan Indonesia","Bagan Deli, Medan Kota Belawan, Kota Medan, Sumatera Utara","prelist","MEDAN BELAWAN","BAGAN DELI","LINGKUNGAN 11","","","G. Perdagangan Besar dan Eceran, Reparasi Mobil dan Sepeda Motor","Gmaps"],
    ["11712","Toko Budi Jaya","Jl. Deli No.140","prelist","MEDAN BELAWAN","BELAWAN I","LINGKUNGAN 4","","(061) 7990190","G. Perdagangan Besar dan Eceran, Reparasi Mobil dan Sepeda Motor","Gmaps"],
    ["11713","Barokah","Jl. Veteran No.1","prelist","MEDAN BELAWAN","BELAWAN I","LINGKUNGAN 4","","0813-7615-4831","G. Perdagangan Besar dan Eceran, Reparasi Mobil dan Sepeda Motor","Gmaps"],
    ["11714","Toko Indo Mitra Laut","Jl. Gabion","prelist","MEDAN BELAWAN","BELAWAN I","LINGKUNGAN 31","","(061) 6942533","G. Perdagangan Besar dan Eceran, Reparasi Mobil dan Sepeda Motor","Gmaps"],
    ["11731","Mutiara Grosir","Jl. Serdang","prelist","MEDAN BELAWAN","BELAWAN I","LINGKUNGAN 2","","","G. Perdagangan Besar dan Eceran, Reparasi Mobil dan Sepeda Motor","Gmaps"],
    ["11732","AA 2 (Abang Adik)","Jl. Jawa No.10","prelist","MEDAN BELAWAN","BELAWAN II","LINGKUNGAN 28","","0813-7649-2662","G. Perdagangan Besar dan Eceran, Reparasi Mobil dan Sepeda Motor","Gmaps"],
    ["11733","Toko Fajar","Belawan Bahari, Medan Kota Belawan, Kota Medan, Sumatera Utara 20414","prelist","MEDAN BELAWAN","BELAWAN BAHARI","LINGKUNGAN 10","","0813-6225-9185","G. Perdagangan Besar dan Eceran, Reparasi Mobil dan Sepeda Motor","Gmaps"],
    ["11734","GROSIR JOIN","Jl. Raya Pelabuhan Belawan","prelist","MEDAN BELAWAN","BAGAN DELI","LINGKUNGAN 10","","0822-7602-4444","G. Perdagangan Besar dan Eceran, Reparasi Mobil dan Sepeda Motor","Gmaps"],
    ["11735","Toko Pak Satimin","Belawan Pulau Sicanang, Medan Kota Belawan, Kota Medan, Sumatera Utara 20414","prelist","MEDAN BELAWAN","BELAWAN SICANANG","LINGKUNGAN 9","","0882-6210-0842","G. Perdagangan Besar dan Eceran, Reparasi Mobil dan Sepeda Motor","Gmaps"],
    ["11736","Toko Panjaitan","Jl. Tambak Blk. 16","prelist","MEDAN BELAWAN","BELAWAN SICANANG","LINGKUNGAN 13","","0851-1043-5236","G. Perdagangan Besar dan Eceran, Reparasi Mobil dan Sepeda Motor","Gmaps"],
    ["11737","Toko Tami","Jl. Deli No.17","prelist","MEDAN BELAWAN","BELAWAN I","LINGKUNGAN 4","","0877-6867-8545","G. Perdagangan Besar dan Eceran, Reparasi Mobil dan Sepeda Motor","Gmaps"],
    ["11738","Toko Intan","Jl. Sumatera No.95","prelist","MEDAN BELAWAN","BELAWAN I","LINGKUNGAN 31","","(061) 6940275","G. Perdagangan Besar dan Eceran, Reparasi Mobil dan Sepeda Motor","Gmaps"],
    ["11739","Toko Raien","Bagan Deli, Medan Kota Belawan, Kota Medan, Sumatera Utara 20411","prelist","MEDAN BELAWAN","BAGAN DELI","LINGKUNGAN 1","","0823-6165-2340","G. Perdagangan Besar dan Eceran, Reparasi Mobil dan Sepeda Motor","Gmaps"],
    ["11740","Toko P & D \"MR. Ben\"","Jl. Bangka No.68","prelist","MEDAN BELAWAN","BELAWAN II","LINGKUNGAN 4","","(061) 4566668","G. Perdagangan Besar dan Eceran, Reparasi Mobil dan Sepeda Motor","Gmaps"],
    ["11741","Toko Situmorang","Bagan Deli, Medan Kota Belawan, Kota Medan, Sumatera Utara 20411","prelist","MEDAN BELAWAN","BAGAN DELI","LINGKUNGAN 1","","0852-9625-6676","G. Perdagangan Besar dan Eceran, Reparasi Mobil dan Sepeda Motor","Gmaps"],
    ["11742","Grosir ikan asin buk sum","Jalan Pulau Sinabang Lingkungan 8","prelist","MEDAN BELAWAN","BELAWAN BAHARI","LINGKUNGAN 8","","","G. Perdagangan Besar dan Eceran, Reparasi Mobil dan Sepeda Motor","Gmaps"],
    ["11743","Grosir udang basah dan kering","Jalan Pulau Sinabang Kampung Kurnia","prelist","MEDAN BELAWAN","BELAWAN BAHARI","LINGKUNGAN 11","","","G. Perdagangan Besar dan Eceran, Reparasi Mobil dan Sepeda Motor","Gmaps"],
    ["11744","Toko Sudi Mampir Agen BRIlink","Bagan Deli, Medan Kota Belawan, Kota Medan, Sumatera Utara 20414","prelist","MEDAN BELAWAN","BAGAN DELI","LINGKUNGAN 6","","0813-9711-9744","G. Perdagangan Besar dan Eceran, Reparasi Mobil dan Sepeda Motor","Gmaps"],
    ["11745","Toko Yulia","Bagan Deli, Medan Kota Belawan, Kota Medan, Sumatera Utara 20411","prelist","MEDAN BELAWAN","BAGAN DELI","LINGKUNGAN 1","","0852-9753-1897","G. Perdagangan Besar dan Eceran, Reparasi Mobil dan Sepeda Motor","Gmaps"],
    ["11746","Ann Batik","Jl. Serdang No.16","prelist","MEDAN BELAWAN","BELAWAN I","LINGKUNGAN 8","","0813-7041-4264","G. Perdagangan Besar dan Eceran, Reparasi Mobil dan Sepeda Motor","Gmaps"],
    ["11747","Toko Tripel","Jl. Raya Pelabuhan","prelist","MEDAN BELAWAN","BELAWAN II","LINGKUNGAN 27","","","G. Perdagangan Besar dan Eceran, Reparasi Mobil dan Sepeda Motor","Gmaps"],
    ["11748","BERKAH PERFUME","Jl. Veteran No.77","prelist","MEDAN BELAWAN","BELAWAN I","LINGKUNGAN 2","","","G. Perdagangan Besar dan Eceran, Reparasi Mobil dan Sepeda Motor","Gmaps"],
    ["11749","Winda fashionshop","Jl. P. Samosir","prelist","MEDAN BELAWAN","BELAWAN BAHARI","LINGKUNGAN 4","","","G. Perdagangan Besar dan Eceran, Reparasi Mobil dan Sepeda Motor","Gmaps"],
    ["11750","Tk Mas & Permata Purba Jaya","Jl. Jawa No.1","prelist","MEDAN BELAWAN","BELAWAN II","LINGKUNGAN 40","","0822-9941-3531","G. Perdagangan Besar dan Eceran, Reparasi Mobil dan Sepeda Motor","Gmaps"],
    ["11751","CUTS COMPANY","Jl. Selebes No.3A","prelist","MEDAN BELAWAN","BELAWAN II","LINGKUNGAN 43","","","G. Perdagangan Besar dan Eceran, Reparasi Mobil dan Sepeda Motor","Gmaps"],
    ["11752","Arya Olshop","Lorong Dermawan, Belawan I, Medan Kota Belawan, Kota Medan, Sumatera Utara 20253","prelist","MEDAN BELAWAN","BELAWAN I","LINGKUNGAN 23","","0812-6443-1628","G. Perdagangan Besar dan Eceran, Reparasi Mobil dan Sepeda Motor","Gmaps"],
    ["11753","Sophie Paris","Jl. Pulau Sicanang","prelist","MEDAN BELAWAN","BELAWAN SICANANG","LINGKUNGAN 19","","0831-9226-5261","G. Perdagangan Besar dan Eceran, Reparasi Mobil dan Sepeda Motor","Gmaps"],
    ["11754","Trendy Fashion","Jl. Selebes No.371","prelist","MEDAN BELAWAN","BELAWAN II","LINGKUNGAN 30","","","G. Perdagangan Besar dan Eceran, Reparasi Mobil dan Sepeda Motor","Gmaps"],
    ["11755","Alfarizqi Colection","Lorong 4 umum, Bagan Deli, Medan Kota Belawan, Kota Medan, Sumatera Utara","prelist","MEDAN BELAWAN","BAGAN DELI","LINGKUNGAN 2","","0853-5848-0623","G. Perdagangan Besar dan Eceran, Reparasi Mobil dan Sepeda Motor","Gmaps"],
    ["11756","Sumber Maju","Jl. Veteran No.18","prelist","MEDAN BELAWAN","BELAWAN I","LINGKUNGAN 2","","0823-0471-6726","G. Perdagangan Besar dan Eceran, Reparasi Mobil dan Sepeda Motor","Gmaps"],
    ["11757","Sumber Jaya Pahala","Jl. Kl. Yos Sudarso","prelist","MEDAN BELAWAN","BELAWAN BAHARI","LINGKUNGAN 7","","0812-6252-0518","G. Perdagangan Besar dan Eceran, Reparasi Mobil dan Sepeda Motor","Gmaps"],
    ["11758","Mekar Toko","Jl. Sumatera No.14","prelist","MEDAN BELAWAN","BELAWAN I","LINGKUNGAN 2","","(061) 6941826","G. Perdagangan Besar dan Eceran, Reparasi Mobil dan Sepeda Motor","Gmaps"],
    ["11759","Toko Putri","Jl. Veteran No.116","prelist","MEDAN BELAWAN","BELAWAN I","LINGKUNGAN 1","","0852-6076-9247","G. Perdagangan Besar dan Eceran, Reparasi Mobil dan Sepeda Motor","Gmaps"],
    ["11760","Kedai Safira","Bagan Deli, Medan Kota Belawan, Kota Medan, Sumatera Utara 20414","prelist","MEDAN BELAWAN","BAGAN DELI","LINGKUNGAN 2","","0812-6358-6740","G. Perdagangan Besar dan Eceran, Reparasi Mobil dan Sepeda Motor","Gmaps"],
    ["11761","Toko BAHAGIA","Belawan Bahagia, Medan Kota Belawan, Kota Medan, Sumatera Utara 20414","prelist","MEDAN BELAWAN","BELAWAN BAHAGIA","LINGKUNGAN 11","","","G. Perdagangan Besar dan Eceran, Reparasi Mobil dan Sepeda Motor","Gmaps"],
    ["11762","Pan Mas Toko","Jl. Veteran No.1","prelist","MEDAN BELAWAN","BELAWAN I","LINGKUNGAN 4","","(061) 4511796","G. Perdagangan Besar dan Eceran, Reparasi Mobil dan Sepeda Motor","Gmaps"],
    ["11763","XL Collection","Jl. Timah","prelist","MEDAN BELAWAN","BELAWAN BAHAGIA","LINGKUNGAN 8","","0812-2665-8688","G. Perdagangan Besar dan Eceran, Reparasi Mobil dan Sepeda Motor","Gmaps"],
    ["11764","Mir Mir Fashion","Belawan II, Medan Kota Belawan, Kota Medan, Sumatera Utara 20411","prelist","MEDAN BELAWAN","BELAWAN II","LINGKUNGAN 36","","0812-6073-5866","G. Perdagangan Besar dan Eceran, Reparasi Mobil dan Sepeda Motor","Gmaps"],
    ["11765","Siti Fashion","Belawan Pulau Sicanang, Medan Kota Belawan, Kota Medan, Sumatera Utara 20411","prelist","MEDAN BELAWAN","BELAWAN SICANANG","LINGKUNGAN 19","","0831-4589-1800","G. Perdagangan Besar dan Eceran, Reparasi Mobil dan Sepeda Motor","Gmaps"],
    ["11766","Bunda store","Belawan Pulau Sicanang, Medan Kota Belawan, Kota Medan, Sumatera Utara 20411","prelist","MEDAN BELAWAN","BELAWAN SICANANG","LINGKUNGAN 4","","","G. Perdagangan Besar dan Eceran, Reparasi Mobil dan Sepeda Motor","Gmaps"],
    ["11767","Fandi Sport","Jl. Kl. Yos Sudarso No.39","prelist","MEDAN BELAWAN","BELAWAN BAHARI","LINGKUNGAN 12","","","G. Perdagangan Besar dan Eceran, Reparasi Mobil dan Sepeda Motor","Gmaps"],
    ["11768","One Parfume","Jl. Selebes","prelist","MEDAN BELAWAN","BELAWAN II","LINGKUNGAN 43","","","G. Perdagangan Besar dan Eceran, Reparasi Mobil dan Sepeda Motor","Gmaps"],
    ["11769","FAshop","Jl. Cicalengka No.1","prelist","MEDAN BELAWAN","BELAWAN II","LINGKUNGAN 14","","0831-6034-2945","G. Perdagangan Besar dan Eceran, Reparasi Mobil dan Sepeda Motor","Gmaps"],
    ["11770","EQUINOX PERFUME","Jl. Selebes No.1","prelist","MEDAN BELAWAN","BELAWAN II","LINGKUNGAN 43","","","G. Perdagangan Besar dan Eceran, Reparasi Mobil dan Sepeda Motor","Gmaps"],
    ["11771","Ida Olshop","Jalan. Besar","prelist","MEDAN BELAWAN","BAGAN DELI","LINGKUNGAN 5","","","G. Perdagangan Besar dan Eceran, Reparasi Mobil dan Sepeda Motor","Gmaps"],
    ["11772","Wiwik Yr Parfum","Kp.salam, Belawan Bahari, Medan Kota Belawan, Kota Medan, Sumatera Utara 20414","prelist","MEDAN BELAWAN","BELAWAN BAHARI","LINGKUNGAN 12","","0813-9669-4171","G. Perdagangan Besar dan Eceran, Reparasi Mobil dan Sepeda Motor","Gmaps"],
    ["11773","WISNU Taylor","Jl. Veteran No.6","prelist","MEDAN BELAWAN","BELAWAN I","LINGKUNGAN 2","","","G. Perdagangan Besar dan Eceran, Reparasi Mobil dan Sepeda Motor","Gmaps"],
    ["11774","Zelofe","Pasar inpres, Belawan II, Medan Kota Belawan, Kota Medan, Sumatera Utara 20412","prelist","MEDAN BELAWAN","BELAWAN II","LINGKUNGAN 41","","0822-9495-3331","G. Perdagangan Besar dan Eceran, Reparasi Mobil dan Sepeda Motor","Gmaps"],
    ["11775","Sinar Jaya","Jl. Veteran No.34","prelist","MEDAN BELAWAN","BELAWAN I","LINGKUNGAN 1","","0813-9678-8828","G. Perdagangan Besar dan Eceran, Reparasi Mobil dan Sepeda Motor","Gmaps"],
    ["11776","Sinar abadi","Jl. Veteran No.36","prelist","MEDAN BELAWAN","BELAWAN I","LINGKUNGAN 1","","0823-6363-8081","G. Perdagangan Besar dan Eceran, Reparasi Mobil dan Sepeda Motor","Gmaps"],
    ["11777","Reynata Ponsel","Belawan II, Medan Kota Belawan, Kota Medan, Sumatera Utara 20411","prelist","MEDAN BELAWAN","BELAWAN II","LINGKUNGAN 33","","","G. Perdagangan Besar dan Eceran, Reparasi Mobil dan Sepeda Motor","Gmaps"],
    ["11778","MAKMUR JAYA ELEKTRONIK","Jl. Veteran No.98","prelist","MEDAN BELAWAN","BELAWAN I","LINGKUNGAN 1","","","G. Perdagangan Besar dan Eceran, Reparasi Mobil dan Sepeda Motor","Gmaps"],
    ["11779","Bata","Jl. Veteran","prelist","MEDAN BELAWAN","BELAWAN I","LINGKUNGAN 1","","0859-2228-4271","G. Perdagangan Besar dan Eceran, Reparasi Mobil dan Sepeda Motor","Gmaps"],
    ["11780","Jahit Sepatu Wak Kumis","Jl. Cipanas Gg 8 No.14","prelist","MEDAN BELAWAN","BELAWAN II","LINGKUNGAN 17","","0822-7258-6559","G. Perdagangan Besar dan Eceran, Reparasi Mobil dan Sepeda Motor","Gmaps"],
    ["11781","Toko Guci","Jl. Ps.","prelist","MEDAN BELAWAN","BELAWAN I","LINGKUNGAN 2","","0812-9146-9288","G. Perdagangan Besar dan Eceran, Reparasi Mobil dan Sepeda Motor","Gmaps"],
    ["11782","Fitri's Sport","Jl. Sumatera","prelist","MEDAN BELAWAN","BELAWAN I","LINGKUNGAN 31","","0812-6222-6885","G. Perdagangan Besar dan Eceran, Reparasi Mobil dan Sepeda Motor","Gmaps"],
    ["11783","La Paloma","Jl. Veteran","prelist","MEDAN BELAWAN","BELAWAN I","LINGKUNGAN 2","","","G. Perdagangan Besar dan Eceran, Reparasi Mobil dan Sepeda Motor","Gmaps"],
    ["11784","GALLERY PARFUME","Jl. Veteran No.47","prelist","MEDAN BELAWAN","BELAWAN I","LINGKUNGAN 3","","0823-1616-1362","G. Perdagangan Besar dan Eceran, Reparasi Mobil dan Sepeda Motor","Gmaps"],
    ["11785","Echa Fashion","Jl. Pusara No.7","prelist","MEDAN BELAWAN","BELAWAN SICANANG","LINGKUNGAN 6","","0822-7691-3503","G. Perdagangan Besar dan Eceran, Reparasi Mobil dan Sepeda Motor","Gmaps"],
    ["11786","Fadilla store collection shop","Jl. Pusara No.Blok B Lingkungan 9","prelist","MEDAN BELAWAN","BELAWAN SICANANG","LINGKUNGAN 9","","0831-8999-7880","G. Perdagangan Besar dan Eceran, Reparasi Mobil dan Sepeda Motor","Gmaps"],
    ["11787","Jehan Shop","Jl. Veteran No.140 D","prelist","MEDAN BELAWAN","BELAWAN I","LINGKUNGAN 1","","0813-6237-6266","G. Perdagangan Besar dan Eceran, Reparasi Mobil dan Sepeda Motor","Gmaps"],
    ["11788","toko sparepart hp di daerah belawan","Belawan I, Medan Kota Belawan, Kota Medan, Sumatera Utara 20411","prelist","MEDAN BELAWAN","BELAWAN I","LINGKUNGAN 31","","","G. Perdagangan Besar dan Eceran, Reparasi Mobil dan Sepeda Motor","Gmaps"],
    ["11789","Service Handphone","Lrg. Sentosa No.50b, Belawan I, Medan Kota Belawan, Kota Medan, Sumatera Utara 20411","prelist","MEDAN BELAWAN","BELAWAN I","LINGKUNGAN 17","","0897-9300-819","G. Perdagangan Besar dan Eceran, Reparasi Mobil dan Sepeda Motor","Gmaps"],
    ["11790","MULIA PONSEL","Blok 13 Lingkungan 10 P. Sicanang, Belawan Sicanang, Belawan Pulau Sicanang, Medan Kota Belawan, Kota Medan, Sumatera Utara 20416","prelist","MEDAN BELAWAN","BELAWAN SICANANG","LINGKUNGAN 10","","0823-6432-0077","G. Perdagangan Besar dan Eceran, Reparasi Mobil dan Sepeda Motor","Gmaps"],
    ["11791","INDRA PONSEL","Jl. Sumatera","prelist","MEDAN BELAWAN","BELAWAN I","LINGKUNGAN 2","","0823-0403-9500","G. Perdagangan Besar dan Eceran, Reparasi Mobil dan Sepeda Motor","Gmaps"],
    ["11792","Tanjung Ponsel (Service HP)","Jl. Cimanuk No.3","prelist","MEDAN BELAWAN","BELAWAN II","LINGKUNGAN 23","","0852-7007-1946","G. Perdagangan Besar dan Eceran, Reparasi Mobil dan Sepeda Motor","Gmaps"],
    ["11793","Gratefull Cell","Jl. Kl. Yos Sudarso","prelist","MEDAN BELAWAN","BELAWAN BAHARI","LINGKUNGAN 10","","","G. Perdagangan Besar dan Eceran, Reparasi Mobil dan Sepeda Motor","Gmaps"],
    ["11794","Salsa Ponsel","Jl. Kl. Yos Sudarso","prelist","MEDAN BELAWAN","BELAWAN BAHARI","LINGKUNGAN 10","","0812-6528-2444","G. Perdagangan Besar dan Eceran, Reparasi Mobil dan Sepeda Motor","Gmaps"],
    ["11795","BERKAH PONSEL","umum, Lorong 7, Bagan Deli, Medan Kota Belawan, Kota Medan, Sumatera Utara 20411","prelist","MEDAN BELAWAN","BAGAN DELI","LINGKUNGAN 3","","0853-6103-9612","G. Perdagangan Besar dan Eceran, Reparasi Mobil dan Sepeda Motor","Gmaps"],
    ["11796","BERKAH PONSEL","Jl. Young Panah Hijau","prelist","MEDAN BELAWAN","BELAWAN BAHARI","LINGKUNGAN 1","","0815-3451-1981","G. Perdagangan Besar dan Eceran, Reparasi Mobil dan Sepeda Motor","Gmaps"],
    ["11797","Azza Ponsel","Jl. Klp.","prelist","MEDAN BELAWAN","BELAWAN SICANANG","LINGKUNGAN 19","","0882-6253-4244","G. Perdagangan Besar dan Eceran, Reparasi Mobil dan Sepeda Motor","Gmaps"],
    ["11798","Service hp/laptop/pc/kipas angin","Belawan Pulau Sicanang, Medan Kota Belawan, Kota Medan, Sumatera Utara 20414","prelist","MEDAN BELAWAN","BELAWAN SICANANG","LINGKUNGAN 9","","","G. Perdagangan Besar dan Eceran, Reparasi Mobil dan Sepeda Motor","Gmaps"],
    ["11799","Xiaomi Store","Jl. Veteran No.46","prelist","MEDAN BELAWAN","BELAWAN I","LINGKUNGAN 1","","0877-5475-2566","G. Perdagangan Besar dan Eceran, Reparasi Mobil dan Sepeda Motor","Gmaps"],
    ["11800","Sinar Elektronik","Belawan I, Medan Kota Belawan, Kota Medan, Sumatera Utara 20411","prelist","MEDAN BELAWAN","BELAWAN I","LINGKUNGAN 2","","0823-6192-6968","G. Perdagangan Besar dan Eceran, Reparasi Mobil dan Sepeda Motor","Gmaps"],
    ["11801","Multi Elektronik","Belawan I, Medan Kota Belawan, Kota Medan, Sumatera Utara 20411","prelist","MEDAN BELAWAN","BELAWAN I","LINGKUNGAN 1","","(061) 68482683","G. Perdagangan Besar dan Eceran, Reparasi Mobil dan Sepeda Motor","Gmaps"],
    ["11802","JS Plastik","Jl. Veteran No.17 H","prelist","MEDAN BELAWAN","BELAWAN I","LINGKUNGAN 2","","(061) 4521066","G. Perdagangan Besar dan Eceran, Reparasi Mobil dan Sepeda Motor","Gmaps"],
    ["11803","Cipta Perabot","Belawan I, Medan Kota Belawan, Kota Medan, Sumatera Utara 20411","prelist","MEDAN BELAWAN","BELAWAN I","LINGKUNGAN 5","","(061) 4150307","G. Perdagangan Besar dan Eceran, Reparasi Mobil dan Sepeda Motor","Gmaps"],
    ["11804","Jati Furniture Company. PD","Jl. Veteran No.1","prelist","MEDAN BELAWAN","BELAWAN I","LINGKUNGAN 4","","(061) 6765432","G. Perdagangan Besar dan Eceran, Reparasi Mobil dan Sepeda Motor","Gmaps"],
    ["11805","Bulan Perabot Toko","Jl. Veteran No.108","prelist","MEDAN BELAWAN","BELAWAN I","LINGKUNGAN 1","","(061) 6941208","G. Perdagangan Besar dan Eceran, Reparasi Mobil dan Sepeda Motor","Gmaps"],
    ["11806","Istana Perabot Toko","Jl. Sulawesi No.2","prelist","MEDAN BELAWAN","BELAWAN I","LINGKUNGAN 31","","(061) 6945342","G. Perdagangan Besar dan Eceran, Reparasi Mobil dan Sepeda Motor","Gmaps"],
    ["11807","Istana Perabot","Jl. Sumatera No.7-65","prelist","MEDAN BELAWAN","BELAWAN I","LINGKUNGAN 1","","0821-6756-5698","G. Perdagangan Besar dan Eceran, Reparasi Mobil dan Sepeda Motor","Gmaps"],
    ["11808","Sumatera Meubel","Jl. Sumatera No.20","prelist","MEDAN BELAWAN","BELAWAN I","LINGKUNGAN 2","","(061) 6941842","G. Perdagangan Besar dan Eceran, Reparasi Mobil dan Sepeda Motor","Gmaps"],
    ["11809","Sumber Perabot","Belawan I, Medan Kota Belawan, Kota Medan, Sumatera Utara 20411","prelist","MEDAN BELAWAN","BELAWAN I","LINGKUNGAN 5","","(061) 4153674","G. Perdagangan Besar dan Eceran, Reparasi Mobil dan Sepeda Motor","Gmaps"],
    ["11810","Xpresinet","Komplek Pjka","prelist","MEDAN BELAWAN","BELAWAN II","LINGKUNGAN 3","","(061) 6945947","G. Perdagangan Besar dan Eceran, Reparasi Mobil dan Sepeda Motor","Gmaps"],
    ["11811","PT. Sahabat Belawan Insani","Jl. Selebes No.29","prelist","MEDAN BELAWAN","BELAWAN II","LINGKUNGAN 37","","0812-6294-1717","G. Perdagangan Besar dan Eceran, Reparasi Mobil dan Sepeda Motor","Gmaps"],
    ["11812","Adzkiya Komputer","Jl. Langkat No. 1C Belawan","prelist","MEDAN BELAWAN","BELAWAN I","LINGKUNGAN 2","","0812-6389-4718","G. Perdagangan Besar dan Eceran, Reparasi Mobil dan Sepeda Motor","Gmaps"],
    ["11813","Abadi Jaya Komputer","Jl. Sumatera No.102","prelist","MEDAN BELAWAN","BELAWAN II","LINGKUNGAN 43","","(061) 77800654","G. Perdagangan Besar dan Eceran, Reparasi Mobil dan Sepeda Motor","Gmaps"],
    ["11814","Dimas wijaya","Jl. Pulau Sicanang","prelist","MEDAN BELAWAN","BELAWAN SICANANG","LINGKUNGAN 2","","","G. Perdagangan Besar dan Eceran, Reparasi Mobil dan Sepeda Motor","Gmaps"],
    ["11815","Sisteck Kharisma Medan. PT","Jl. Temenung No.18","prelist","MEDAN BELAWAN","BELAWAN BAHAGIA","LINGKUNGAN 5","","(061) 4538920","G. Perdagangan Besar dan Eceran, Reparasi Mobil dan Sepeda Motor","Gmaps"],
    ["11816","Globalstar Co. Ltd","Jl. Serdang No.16","prelist","MEDAN BELAWAN","BELAWAN I","LINGKUNGAN 8","","0813-7010-8880","G. Perdagangan Besar dan Eceran, Reparasi Mobil dan Sepeda Motor","Gmaps"],
    ["11817","Optik Belawan","Jl. Sumatera No.104","prelist","MEDAN BELAWAN","BELAWAN I","LINGKUNGAN 2","","(061) 42069448","G. Perdagangan Besar dan Eceran, Reparasi Mobil dan Sepeda Motor","Gmaps"],
    ["11818","Lingga Jaya","Jl. Jawa No.7","prelist","MEDAN BELAWAN","BELAWAN II","LINGKUNGAN 28","","0823-6803-8555","G. Perdagangan Besar dan Eceran, Reparasi Mobil dan Sepeda Motor","Gmaps"],
    ["11819","Honest Ice Chocolate","Jl. Bliton Jl. Selebes No.Simpang","prelist","MEDAN BELAWAN","BELAWAN II","LINGKUNGAN 6","","0812-8835-8326","G. Perdagangan Besar dan Eceran, Reparasi Mobil dan Sepeda Motor","Gmaps"],
    ["11820","Sinar Mas","Jl. Jawa No.106","prelist","MEDAN BELAWAN","BELAWAN II","LINGKUNGAN 40","","0821-3927-4415","G. Perdagangan Besar dan Eceran, Reparasi Mobil dan Sepeda Motor","Gmaps"],
    ["11821","Maju Pasaribu","Jl. Veteran No.145","prelist","MEDAN BELAWAN","BELAWAN I","LINGKUNGAN 1","","0813-7612-7703","G. Perdagangan Besar dan Eceran, Reparasi Mobil dan Sepeda Motor","Gmaps"],
    ["11822","PT HORAS TUNAS JAYA","Jl. Veteran No.1 B","prelist","MEDAN BELAWAN","BELAWAN I","LINGKUNGAN 4","","(061) 80502000","G. Perdagangan Besar dan Eceran, Reparasi Mobil dan Sepeda Motor","Gmaps"],
    ["11823","Koperasi Bina Usaha Anugrah","Blok V Kel No.Lk. 13, Belawan Pulau Sicanang, Medan Kota Belawan, Kota Medan, Sumatera Utara 20147","prelist","MEDAN BELAWAN","BELAWAN SICANANG","LINGKUNGAN 10","","","G. Perdagangan Besar dan Eceran, Reparasi Mobil dan Sepeda Motor","Gmaps"],
    ["11824","KSP CU HARAPAN KITA","RW.Lk 2AB, Medan - Belawan No.Km 20 5, Belawan Bahari, Kota Medan, Sumatera Utara 20411","prelist","MEDAN BELAWAN","BELAWAN BAHARI","LINGKUNGAN 13","","","G. Perdagangan Besar dan Eceran, Reparasi Mobil dan Sepeda Motor","Gmaps"],
    ["11825","Koperasi Serba Usaha Mitra Belawan Bahari","Jl. Tenggiri No.22","prelist","MEDAN BELAWAN","BELAWAN BAHAGIA","LINGKUNGAN 2","","0812-6452-3066","G. Perdagangan Besar dan Eceran, Reparasi Mobil dan Sepeda Motor","Gmaps"],
    ["11826","Koperasi Serba Usaha Kantanar Sejahtera","Jl. Stasiun","prelist","MEDAN BELAWAN","BELAWAN II","LINGKUNGAN 26","","(061) 7360892","G. Perdagangan Besar dan Eceran, Reparasi Mobil dan Sepeda Motor","Gmaps"],
    ["11827","Kantor Koperasi Bahari","LK IX Blok B, Belawan Pulau Sicanang, Medan Kota Belawan, Medan City, North Sumatra 20414","prelist","MEDAN BELAWAN","BELAWAN SICANANG","LINGKUNGAN 9","","","G. Perdagangan Besar dan Eceran, Reparasi Mobil dan Sepeda Motor","Gmaps"],
    ["11828","Koperasi TKBM Upaya Karya Belawan","Jl. Sumatera","prelist","MEDAN BELAWAN","BELAWAN II","LINGKUNGAN 44","","","G. Perdagangan Besar dan Eceran, Reparasi Mobil dan Sepeda Motor","Gmaps"],
    ["11829","CV.KAWAN SEJATI ABADI","Jl. Sumatera No.39","prelist","MEDAN BELAWAN","BELAWAN I","LINGKUNGAN 1","","0821-3138-0720","G. Perdagangan Besar dan Eceran, Reparasi Mobil dan Sepeda Motor","Gmaps"],
    ["11830","Jual Plastik dan Gelas Pop Es","Jl. Riau Barat","prelist","MEDAN BELAWAN","BELAWAN II","LINGKUNGAN 42","","","G. Perdagangan Besar dan Eceran, Reparasi Mobil dan Sepeda Motor","Gmaps"],
    ["11831","Berjaya Plastik","Jl. Ps. Timur No.64","prelist","MEDAN BELAWAN","BELAWAN II","LINGKUNGAN 39","","0822-6088-8858","G. Perdagangan Besar dan Eceran, Reparasi Mobil dan Sepeda Motor","Gmaps"],
    ["11832","Serikat Plastik","Jl. Temenung No.2","prelist","MEDAN BELAWAN","BELAWAN BAHAGIA","LINGKUNGAN 5","","(061) 4556231","G. Perdagangan Besar dan Eceran, Reparasi Mobil dan Sepeda Motor","Gmaps"],
    ["11833","Toko Kue Buk Nani","Bagan Deli, Medan Kota Belawan, Kota Medan, Sumatera Utara 20414","prelist","MEDAN BELAWAN","BAGAN DELI","LINGKUNGAN 2","","0821-7955-1036","G. Perdagangan Besar dan Eceran, Reparasi Mobil dan Sepeda Motor","Gmaps"],
    ["11834","SUPPLIER IKAN ASIN","Jl. Pulau Seram Lingkungan Vi","prelist","MEDAN BELAWAN","BELAWAN BAHARI","LINGKUNGAN 3","","0821-6840-0547","G. Perdagangan Besar dan Eceran, Reparasi Mobil dan Sepeda Motor","Gmaps"],
    ["11835","Aneka kue basah dan katering makanan Nurul kitchen","Lorong Dermawan No.23, RW.lk 23, Belawan I, Medan Kota Belawan, Kota Medan, Sumatera Utara 20411","prelist","MEDAN BELAWAN","BELAWAN I","LINGKUNGAN 23","","0895-1675-6680","G. Perdagangan Besar dan Eceran, Reparasi Mobil dan Sepeda Motor","Gmaps"],
    ["11836","PT. Tangki Sawit Terminal","Jl. Ujung Baru","prelist","MEDAN BELAWAN","BELAWAN I","LINGKUNGAN 31","","(061) 6941233","G. Perdagangan Besar dan Eceran, Reparasi Mobil dan Sepeda Motor","Gmaps"],
    ["11837","agen telur qory barokah","Belawan II, Medan Kota Belawan, Kota Medan, Sumatera Utara 20411","prelist","MEDAN BELAWAN","BELAWAN II","LINGKUNGAN 37","","0852-7067-4425","G. Perdagangan Besar dan Eceran, Reparasi Mobil dan Sepeda Motor","Gmaps"],
    ["11838","R. Ginting","Jl. Jawa","prelist","MEDAN BELAWAN","BELAWAN II","LINGKUNGAN 28","","0813-9688-1039","G. Perdagangan Besar dan Eceran, Reparasi Mobil dan Sepeda Motor","Gmaps"],
    ["11839","Agen Penyalur Minyak Solar 16-204-108","Jl. Gabion No.4","prelist","MEDAN BELAWAN","BAGAN DELI","LINGKUNGAN 11","","(061) 6940587","G. Perdagangan Besar dan Eceran, Reparasi Mobil dan Sepeda Motor","Gmaps"],
    ["11840","Abadi Kertas. PT","Jl. Kl. Yos Sudarso No.21168","prelist","MEDAN BELAWAN","BELAWAN BAHARI","LINGKUNGAN 5","","0877-9385-8112","G. Perdagangan Besar dan Eceran, Reparasi Mobil dan Sepeda Motor","Gmaps"],
    ["11841","Daffa Gas dan distributor mci","Jl. Bliton No.25","prelist","MEDAN BELAWAN","BELAWAN II","LINGKUNGAN 5","","0852-7077-8678","G. Perdagangan Besar dan Eceran, Reparasi Mobil dan Sepeda Motor","Gmaps"],
    ["11842","Distributor CASTROL Medan - Anugerah Lubrindo Raya (AKR Group)","Bagan Deli, Medan Kota Belawan, Kota Medan, Sumatera Utara","prelist","MEDAN BELAWAN","BAGAN DELI","LINGKUNGAN 9","","0852-7520-0956","G. Perdagangan Besar dan Eceran, Reparasi Mobil dan Sepeda Motor","Gmaps"],
    ["11843","PT PELINDO MULTI TERMINAL BRANCH BELAWAN","Jl. Sumatera No.1","prelist","MEDAN BELAWAN","BELAWAN I","LINGKUNGAN 4","","","G. Perdagangan Besar dan Eceran, Reparasi Mobil dan Sepeda Motor","Gmaps"],
    ["11844","AICE ice cream","Jl, Bagan Deli, Medan Kota Belawan, Kota Medan, Sumatera Utara 20414","prelist","MEDAN BELAWAN","BAGAN DELI","LINGKUNGAN 7","","0877-6381-4647","G. Perdagangan Besar dan Eceran, Reparasi Mobil dan Sepeda Motor","Gmaps"],
    ["11845","Gudang BUS","Jl. Gabion","prelist","MEDAN BELAWAN","BAGAN DELI","LINGKUNGAN 11","","","G. Perdagangan Besar dan Eceran, Reparasi Mobil dan Sepeda Motor","Gmaps"],
    ["11846","Sumber Maju","Jl. Jawa","prelist","MEDAN BELAWAN","BELAWAN II","LINGKUNGAN 28","","0813-9766-3220","G. Perdagangan Besar dan Eceran, Reparasi Mobil dan Sepeda Motor","Gmaps"],
    ["11847","PT. Nubika Dinareta (Bulking PHPO)","Jl. Sumatera No.1","prelist","MEDAN BELAWAN","BELAWAN I","LINGKUNGAN 31","","(061) 6941533","G. Perdagangan Besar dan Eceran, Reparasi Mobil dan Sepeda Motor","Gmaps"],
    ["11848","Kobe Steel","Jl. Sumatera No.3 N","prelist","MEDAN BELAWAN","BELAWAN II","LINGKUNGAN 41","","(061) 6941325","G. Perdagangan Besar dan Eceran, Reparasi Mobil dan Sepeda Motor","Gmaps"],
    ["11849","Grosir Udang Deny","Belawan Bahari, Medan Kota Belawan, Kota Medan, Sumatera Utara 20414","prelist","MEDAN BELAWAN","BELAWAN BAHARI","LINGKUNGAN 8","","0821-6301-6794","G. Perdagangan Besar dan Eceran, Reparasi Mobil dan Sepeda Motor","Gmaps"],
    ["11850","Usaha Abadi","Jl. Bangka No.17","prelist","MEDAN BELAWAN","BELAWAN II","LINGKUNGAN 1","","(061) 6945793","G. Perdagangan Besar dan Eceran, Reparasi Mobil dan Sepeda Motor","Gmaps"],
    ["11851","PT. Yasuriang Samudera Rezeki (YSR)","Jl. Gabion Lingkungan Xi No.98","prelist","MEDAN BELAWAN","BAGAN DELI","LINGKUNGAN 11","","0851-8428-1728","G. Perdagangan Besar dan Eceran, Reparasi Mobil dan Sepeda Motor","Gmaps"],
    ["11852","Pacific Farm","Jl. St. No.46","prelist","MEDAN BELAWAN","BELAWAN I","LINGKUNGAN 14","","0812-1048-7665","G. Perdagangan Besar dan Eceran, Reparasi Mobil dan Sepeda Motor","Gmaps"],
    ["11853","LKM Fishery","Jalan Pelabuhan Gabion","prelist","MEDAN BELAWAN","BAGAN DELI","LINGKUNGAN 11","","","G. Perdagangan Besar dan Eceran, Reparasi Mobil dan Sepeda Motor","Gmaps"],
    ["11854","Gudang Usman","Lorong ujung tanjung 2, Bagan Deli, Medan Kota Belawan, Kota Medan, Sumatera Utara","prelist","MEDAN BELAWAN","BAGAN DELI","LINGKUNGAN 15","","","G. Perdagangan Besar dan Eceran, Reparasi Mobil dan Sepeda Motor","Gmaps"],
    ["11855","kerajinan tangan home industri","Lorong Dermawan No.8, Belawan I, Medan Kota Belawan, Kota Medan, Sumatera Utara 20414","prelist","MEDAN BELAWAN","BELAWAN I","LINGKUNGAN 23","","0813-6013-7012","G. Perdagangan Besar dan Eceran, Reparasi Mobil dan Sepeda Motor","Gmaps"],
    ["11856","Rumah Zivana","Jl. Tol Belmera","prelist","MEDAN BELAWAN","BELAWAN BAHARI","LINGKUNGAN 8","","","G. Perdagangan Besar dan Eceran, Reparasi Mobil dan Sepeda Motor","Gmaps"],
    ["11857","Gaya Abadi Semarak. PT","Jl. Sumatera No.121","prelist","MEDAN BELAWAN","BELAWAN II","LINGKUNGAN 43","","(061) 4568113","G. Perdagangan Besar dan Eceran, Reparasi Mobil dan Sepeda Motor","Gmaps"],
    ["11858","Wirya Sakti Sundari. UD","Lorong Perhatian No.33, Belawan I, Medan Kota Belawan, Kota Medan, Sumatera Utara 20411","prelist","MEDAN BELAWAN","BELAWAN I","LINGKUNGAN 13","","(061) 640602","G. Perdagangan Besar dan Eceran, Reparasi Mobil dan Sepeda Motor","Gmaps"],
    ["11859","Dried Sea Cucumber","Jl. Veteran No.62","prelist","MEDAN BELAWAN","BELAWAN I","LINGKUNGAN 1","","(061) 91161529","G. Perdagangan Besar dan Eceran, Reparasi Mobil dan Sepeda Motor","Gmaps"],
    ["11860","Cv anugerah abadi marine","Jl. Gabion","prelist","MEDAN BELAWAN","BAGAN DELI","LINGKUNGAN 11","","","G. Perdagangan Besar dan Eceran, Reparasi Mobil dan Sepeda Motor","Gmaps"],
    ["11861","Tjitra Jaya","Jl. Veteran No.68","prelist","MEDAN BELAWAN","BELAWAN I","LINGKUNGAN 1","","(061) 6943128","G. Perdagangan Besar dan Eceran, Reparasi Mobil dan Sepeda Motor","Gmaps"],
    ["11862","Jagdish Prsad Trader's","Belawan I, Medan Kota Belawan, Paschim, Sumatera Utara","prelist","MEDAN BELAWAN","BELAWAN I","LINGKUNGAN 31","","","G. Perdagangan Besar dan Eceran, Reparasi Mobil dan Sepeda Motor","Gmaps"],
    ["11863","SALSA TRAVEL","Jl. St.","prelist","MEDAN BELAWAN","BELAWAN I","LINGKUNGAN 21","","0812-6528-2444","H. Transportasi dan Pergudangan","Gmaps"],
    ["11864","MAS TRAVEL MEDAN","Jl. Cimanuk No.14","prelist","MEDAN BELAWAN","BELAWAN II","LINGKUNGAN 23","","0857-6086-1190","H. Transportasi dan Pergudangan","Gmaps"],
    ["11865","Stasiun Belawan (penumpang)","Jl. St.","prelist","MEDAN BELAWAN","BELAWAN II","LINGKUNGAN 3","","","H. Transportasi dan Pergudangan","Gmaps"],
    ["11866","Jalur kereta api Belawanâ€“Medan","Belawan II, Medan Kota Belawan, Kota Medan, Sumatera Utara 20411","prelist","MEDAN BELAWAN","BELAWAN II","LINGKUNGAN 3","","","H. Transportasi dan Pergudangan","Gmaps"],
    ["11867","Stasiun Belawan","Belawan I, Medan Kota Belawan, Kota Medan, Sumatera Utara 20411","prelist","MEDAN BELAWAN","BELAWAN I","LINGKUNGAN 31","","","H. Transportasi dan Pergudangan","Gmaps"],
    ["11868","Stasiun Kereta Api Belawan","Jl. St. No.4","prelist","MEDAN BELAWAN","BELAWAN II","LINGKUNGAN 3","","","H. Transportasi dan Pergudangan","Gmaps"],
    ["11869","Terminal Bus/Non Bus Belawan","Jl. Selebes No.1","prelist","MEDAN BELAWAN","BELAWAN II","LINGKUNGAN 41","","","H. Transportasi dan Pergudangan","Gmaps"],
    ["11870","Terminal Penumpangan Pelabuhan Belawan","Jl. St.","prelist","MEDAN BELAWAN","BELAWAN I","LINGKUNGAN 13","","","H. Transportasi dan Pergudangan","Gmaps"],
    ["11871","Bus Terminal Medan Kota Belawan","Jl. Dosomuko","prelist","MEDAN BELAWAN","BELAWAN I","LINGKUNGAN 31","","","H. Transportasi dan Pergudangan","Gmaps"],
    ["11872","Car Terminal Belawan PELINDO (Persero)","Belawan I, Medan Kota Belawan, Kota Medan, Sumatera Utara 20411","prelist","MEDAN BELAWAN","BELAWAN I","LINGKUNGAN 13","","","H. Transportasi dan Pergudangan","Gmaps"],
    ["11873","Pelabuhan Belawan","Terminal Penumpangan Pelabuhan Jl. St., Belawan I, Medan Kota Belawan, Kota Medan, Sumatera Utara 20411","prelist","MEDAN BELAWAN","BELAWAN I","LINGKUNGAN 13","","","H. Transportasi dan Pergudangan","Gmaps"],
    ["11874","Timothy's Kitchen","Kp salam III lk XII No.kelurahan, Belawan Bahari, Medan Kota Belawan, Kota Medan, Sumatera Utara 20415","prelist","MEDAN BELAWAN","BELAWAN BAHARI","LINGKUNGAN 12","","0823-7008-1633","G. Perdagangan Besar dan Eceran, Reparasi Mobil dan Sepeda Motor","Gmaps"],
    ["11875","Audia Mustika Sari Toko","Jl. Sumatera No.95","prelist","MEDAN BELAWAN","BELAWAN I","LINGKUNGAN 31","","(061) 6944385","G. Perdagangan Besar dan Eceran, Reparasi Mobil dan Sepeda Motor","Gmaps"],
    ["11876","EGG Rizieq","Belawan I, Medan Kota Belawan, Kota Medan, Sumatera Utara 20411","prelist","MEDAN BELAWAN","BELAWAN II","LINGKUNGAN 38","","0813-7030-9543","G. Perdagangan Besar dan Eceran, Reparasi Mobil dan Sepeda Motor","Gmaps"],
    ["11877","AKBAR WATER","lor.2 veteran, Bagan Deli, Medan Kota Belawan, Medan City, North Sumatra 20414","prelist","MEDAN BELAWAN","BAGAN DELI","LINGKUNGAN 7","","0853-6018-0000","G. Perdagangan Besar dan Eceran, Reparasi Mobil dan Sepeda Motor","Gmaps"],
    ["11878","MONDAN TOUR & RENT CAR","Perumahan Grand Sumatera No.47","prelist","MEDAN BELAWAN","BELAWAN I","LINGKUNGAN 1","","","H. Transportasi dan Pergudangan","Gmaps"],
    ["11879","Mega Rent Car","Jl. Cicalengka","prelist","MEDAN BELAWAN","BELAWAN II","LINGKUNGAN 14","","0819-4581-3637","H. Transportasi dan Pergudangan","Gmaps"],
    ["11880","Rental mobil muchtar","Bagan Deli, Medan Kota Belawan, Kota Medan, Sumatera Utara 20414","prelist","MEDAN BELAWAN","BAGAN DELI","LINGKUNGAN 4","","0896-1411-3808","H. Transportasi dan Pergudangan","Gmaps"],
    ["11881","Rental mobil putri","Lorong masjid, Bagan Deli, Medan Kota Belawan, Kota Medan, Sumatera Utara 20414","prelist","MEDAN BELAWAN","BAGAN DELI","LINGKUNGAN 4","","0831-9464-9228","H. Transportasi dan Pergudangan","Gmaps"],
    ["11882","Kontak â€“ JM Travel","Jl. St. No.131","prelist","MEDAN BELAWAN","BELAWAN I","LINGKUNGAN 13","","0853-7310-3618","H. Transportasi dan Pergudangan","Gmaps"],
    ["11883","MUTIARA MAJU WISATA TRAVEL","Jl.Kapten R Surulian Depan Gudang Merah Lapangan Pjka","prelist","MEDAN BELAWAN","BELAWAN II","LINGKUNGAN 38","","0812-6033-9617","H. Transportasi dan Pergudangan","Gmaps"],
    ["11884","Loket KBT","Jl. Kl. Yos Sudarso","prelist","MEDAN BELAWAN","BELAWAN BAHARI","LINGKUNGAN 7","","0853-6227-5447","H. Transportasi dan Pergudangan","Gmaps"],
    ["11885","Hutahaean Travel Pelni (Laut) Pesan Tiket Langsung Ada","Jl. St.","prelist","MEDAN BELAWAN","BELAWAN II","LINGKUNGAN 3","","0813-7420-9002","H. Transportasi dan Pergudangan","Gmaps"],
    ["11886","MARI TRAVEL TRANS","Jl. Selangat","prelist","MEDAN BELAWAN","BELAWAN BAHAGIA","LINGKUNGAN 12","","","H. Transportasi dan Pergudangan","Gmaps"],
    ["11887","Medan Ferry Terminal (Belawan)","Belawan I, Medan Kota Belawan, Kota Medan, Sumatera Utara 20411","prelist","MEDAN BELAWAN","BELAWAN I","LINGKUNGAN 13","","(061) 4521666","H. Transportasi dan Pergudangan","Gmaps"],
    ["11888","Belawan Mangrove Tour","Jl. Deli No.1","prelist","MEDAN BELAWAN","BELAWAN I","LINGKUNGAN 11","","0811-6319-194","H. Transportasi dan Pergudangan","Gmaps"],
    ["11889","ANUGRAH TREVEL","Jl.Stasiun Kereta Api","prelist","MEDAN BELAWAN","BELAWAN II","LINGKUNGAN 3","","0813-7834-2450","H. Transportasi dan Pergudangan","Gmaps"],
    ["11890","TRAVEL MEDAN PADANG PP PADANG MEDAN MWEE","Jl. Cilacap Timur No.6","prelist","MEDAN BELAWAN","BELAWAN II","LINGKUNGAN 9","","0853-6173-3036","H. Transportasi dan Pergudangan","Gmaps"],
    ["11891","AA Travel","Jl. Veteran No.58","prelist","MEDAN BELAWAN","BELAWAN I","LINGKUNGAN 3","","0852-7015-1515","H. Transportasi dan Pergudangan","Gmaps"],
    ["11892","KBIHU AL-Alawiy","Jl. St. No.1","prelist","MEDAN BELAWAN","BELAWAN I","LINGKUNGAN 21","","0812-6081-3671","H. Transportasi dan Pergudangan","Gmaps"],
    ["11893","Cafe sundari travel","Jl. Tm Pahlawan Lingkungan 13 No.04","prelist","MEDAN BELAWAN","BELAWAN I","LINGKUNGAN 13","","","H. Transportasi dan Pergudangan","Gmaps"],
    ["11894","Teguh Andalas Sejahtera. PT","Jl. Veteran No.120","prelist","MEDAN BELAWAN","BELAWAN I","LINGKUNGAN 1","","(061) 4148689","H. Transportasi dan Pergudangan","Gmaps"],
    ["11895","Armada Intan Raya Pelayaran","Jl. Bangka No.52","prelist","MEDAN BELAWAN","BELAWAN II","LINGKUNGAN 4","","(061) 6944978","H. Transportasi dan Pergudangan","Gmaps"],
    ["11896","NayYin EXPRESS","Jl. Serdang No. E-9","prelist","MEDAN BELAWAN","BELAWAN I","LINGKUNGAN 7","","0852-7777-9992","H. Transportasi dan Pergudangan","Gmaps"],
    ["11897","PT. Dwipa Kharisma Mitra Belawan","Jalan Pelabuhan Iv Jl. Gabion","prelist","MEDAN BELAWAN","BAGAN DELI","LINGKUNGAN 12","","(061) 6941256","H. Transportasi dan Pergudangan","Gmaps"],
    ["11898","Bintang Harini Express","Jl. Selebes No.6","prelist","MEDAN BELAWAN","BELAWAN II","LINGKUNGAN 16","","(061) 6942840","H. Transportasi dan Pergudangan","Gmaps"],
    ["11899","Pelabuhan Belawan, Medan","Jl. Pelabuhan Iii","prelist","MEDAN BELAWAN","BELAWAN I","LINGKUNGAN 31","","","H. Transportasi dan Pergudangan","Gmaps"],
    ["11900","Bagan Deli Jaya. CV","Jl. Gabion Bagan Deli","prelist","MEDAN BELAWAN","BELAWAN I","LINGKUNGAN 31","","(061) 6940070","H. Transportasi dan Pergudangan","Gmaps"],
    ["11901","PT. Pelayaran Semesta Sejahtera Lestari (SSL)","Jl. Veteran No.11","prelist","MEDAN BELAWAN","BELAWAN I","LINGKUNGAN 4","","(061) 42069621","H. Transportasi dan Pergudangan","Gmaps"],
    ["11902","GUDANG ATLANTIK CK","Jl. Pelabuhan Jl. Gabion No.Kel","prelist","MEDAN BELAWAN","BAGAN DELI","LINGKUNGAN 12","","0852-8988-8819","H. Transportasi dan Pergudangan","Gmaps"],
    ["11903","Rental mobil yasmine dan ridho","Lorong Sawita Lingkungan XIV, Bagan Deli, Medan Kota Belawan, Kota Medan, Sumatera Utara 20411","prelist","MEDAN BELAWAN","BAGAN DELI","LINGKUNGAN 14","","0823-6288-0760","H. Transportasi dan Pergudangan","Gmaps"],
    ["11904","Rental mobil B O C","Jl. Bengkalis","prelist","MEDAN BELAWAN","BELAWAN I","LINGKUNGAN 2","","0813-7555-6658","H. Transportasi dan Pergudangan","Gmaps"],
    ["11905","Rental mobil bu nur","Bagan Deli, Medan Kota Belawan, Kota Medan, Sumatera Utara 20414","prelist","MEDAN BELAWAN","BAGAN DELI","LINGKUNGAN 4","","0821-6623-4506","H. Transportasi dan Pergudangan","Gmaps"],
    ["11906","SIMBOLON jaya rental mobil","Belawan jl gabion kedai panjang no 14, Kota, Medan Kota Belawan, Sumatera Utara","prelist","MEDAN BELAWAN","BAGAN DELI","LINGKUNGAN 11","","0822-7952-8186","H. Transportasi dan Pergudangan","Gmaps"],
    ["11907","Ecakiya Rental","Jl. Tm Pahlawan Lorong Sempurna No.14","prelist","MEDAN BELAWAN","BELAWAN I","LINGKUNGAN 24","","0812-6851-2147","H. Transportasi dan Pergudangan","Gmaps"],
    ["11908","WJ RENTCAR BELAWAN","Jl. Tm Pahlawan Lor. Sempurna No.28A","prelist","MEDAN BELAWAN","BELAWAN I","LINGKUNGAN 24","","0853-7620-3365","H. Transportasi dan Pergudangan","Gmaps"],
    ["11923","Tiki","Jl. Selebes","prelist","MEDAN BELAWAN","BELAWAN II","LINGKUNGAN 23","","0813-9737-7816","H. Transportasi dan Pergudangan","Gmaps"],
    ["11924","Paruna Tirta Prakarsa, PT","Jl. Ujung Baru Depan Gudang I No.02","prelist","MEDAN BELAWAN","BELAWAN I","LINGKUNGAN 31","","(061) 6941548","H. Transportasi dan Pergudangan","Gmaps"],
    ["11925","Dharma Lautan Nusantara PT","Jl. Indrapura No.9","prelist","MEDAN BELAWAN","BELAWAN I","LINGKUNGAN 4","","(061) 6941477","H. Transportasi dan Pergudangan","Gmaps"],
    ["11926","Morsaeks. PT","Jl. Ujung Baru","prelist","MEDAN BELAWAN","BELAWAN I","LINGKUNGAN 31","","(061) 6941593","H. Transportasi dan Pergudangan","Gmaps"],
    ["11927","Altra CV","Jl. Sulawesi No.Ii","prelist","MEDAN BELAWAN","BELAWAN I","LINGKUNGAN 31","","(061) 6941903","H. Transportasi dan Pergudangan","Gmaps"],
    ["11928","Bima Prima. PT","Jl. Pelabuhan Raya","prelist","MEDAN BELAWAN","BAGAN DELI","LINGKUNGAN 8","","(061) 6941532","H. Transportasi dan Pergudangan","Gmaps"],
    ["11929","Windri Trans Medan","Jl.Nasional","prelist","MEDAN BELAWAN","BAGAN DELI","LINGKUNGAN 8","","0821-8266-6912","H. Transportasi dan Pergudangan","Gmaps"],
    ["11930","Jardine Tangguh Transport Services. PT","Jl. Karo No.14","prelist","MEDAN BELAWAN","BELAWAN I","LINGKUNGAN 4","","(061) 6940046","H. Transportasi dan Pergudangan","Gmaps"],
    ["11931","PT. Multicon Logistik","Jl. Raya Pelabuhan","prelist","MEDAN BELAWAN","BAGAN DELI","LINGKUNGAN 9","","(061) 6943555","H. Transportasi dan Pergudangan","Gmaps"],
    ["11932","Nyonya Cantik Dockyard","Belawan I, Medan Kota Belawan, Kota Medan, Sumatera Utara 20411","prelist","MEDAN BELAWAN","BELAWAN I","LINGKUNGAN 29","","","H. Transportasi dan Pergudangan","Gmaps"],
    ["11933","Berkat Nugraha Sinar Lestari. PT","Belawan II, Medan Kota Belawan, Kota Medan, Sumatera Utara 20411","prelist","MEDAN BELAWAN","BELAWAN II","LINGKUNGAN 44","","(061) 6940496","H. Transportasi dan Pergudangan","Gmaps"],
    ["11934","Budi Karya Jati","Jl. Veteran No.10","prelist","MEDAN BELAWAN","BELAWAN I","LINGKUNGAN 1","","(061) 6941570","H. Transportasi dan Pergudangan","Gmaps"],
    ["11935","CV ANUGERAH JAYA ABADI","Jl Stasiun, Lor Lrg. Pahlawan No.29, Belawan I, Medan Kota Belawan, Kota Medan, Sumatera Utara","prelist","MEDAN BELAWAN","BELAWAN I","LINGKUNGAN 20","","0812-9731-232","H. Transportasi dan Pergudangan","Gmaps"],
    ["11936","Karana Line","Jl. Veteran No.10","prelist","MEDAN BELAWAN","BELAWAN I","LINGKUNGAN 1","","(061) 6941570","H. Transportasi dan Pergudangan","Gmaps"],
    ["11937","Andal Bentara Samudera. PT","Jl. Ujung Baru No.1","prelist","MEDAN BELAWAN","BELAWAN I","LINGKUNGAN 31","","(061) 6945914","H. Transportasi dan Pergudangan","Gmaps"],
    ["11938","PT.KUDA LUMPING","Jl. Belanak","prelist","MEDAN BELAWAN","BELAWAN BAHAGIA","LINGKUNGAN 16","","(021) 6947328","H. Transportasi dan Pergudangan","Gmaps"],
    ["11939","Jaya Bina Usaha Mandiri PT","Jl. Gabion","prelist","MEDAN BELAWAN","BELAWAN I","LINGKUNGAN 31","","(061) 6943276","H. Transportasi dan Pergudangan","Gmaps"],
    ["11940","Trigama Raya, PT","Jl. Selebes No.40","prelist","MEDAN BELAWAN","BELAWAN II","LINGKUNGAN 7","","(061) 6940290","H. Transportasi dan Pergudangan","Gmaps"],
    ["11941","Daya Eka Samudera. PT","Jl. Pelabuhan Raya No.1F","prelist","MEDAN BELAWAN","BELAWAN I","LINGKUNGAN 31","","(061) 6940219","H. Transportasi dan Pergudangan","Gmaps"],
    ["11942","Perintis Lines Pelayaran. PT","Jl. Sumatera No.47","prelist","MEDAN BELAWAN","BELAWAN I","LINGKUNGAN 1","","(061) 6941283","H. Transportasi dan Pergudangan","Gmaps"],
    ["11943","Jembatan timbang","Jl. Ujung Baru","prelist","MEDAN BELAWAN","BELAWAN I","LINGKUNGAN 31","","","H. Transportasi dan Pergudangan","Gmaps"],
    ["11944","Jnt belawan","Jl. Veteran No.17","prelist","MEDAN BELAWAN","BELAWAN I","LINGKUNGAN 3","","","H. Transportasi dan Pergudangan","Gmaps"],
    ["11945","PT. EMKL Teguh Andalas Sejahtera","Jl. Bengkalis No.56","prelist","MEDAN BELAWAN","BELAWAN I","LINGKUNGAN 3","","(061) 6941750","H. Transportasi dan Pergudangan","Gmaps"],
    ["11946","Arpeni Pratama Ocean Line. PT","No. 7 A","prelist","MEDAN BELAWAN","BELAWAN I","LINGKUNGAN 4","","(061) 6941939","H. Transportasi dan Pergudangan","Gmaps"],
    ["11947","Waruna Group","JL Bagan Deli Lama No.1, Bagan Deli, Medan Kota Belawan, Kota Medan, Sumatera Utara","prelist","MEDAN BELAWAN","BAGAN DELI","LINGKUNGAN 9","","(061) 6940571","H. Transportasi dan Pergudangan","Gmaps"],
    ["11948","BAHARI EKA NUSANTARA - BELAWAN","Jl. Kapten Raden Sulian","prelist","MEDAN BELAWAN","BELAWAN II","LINGKUNGAN 43","","","H. Transportasi dan Pergudangan","Gmaps"],
    ["11949","PT. Multi Jaya Samudera","Belawan I, Medan, Kota Medan, Sumatera Utara","prelist","MEDAN BELAWAN","BELAWAN I","LINGKUNGAN 31","","(061) 6944270","H. Transportasi dan Pergudangan","Gmaps"],
    ["11950","Bintang Belawan PT EMKL","Jl. Deli No.18","prelist","MEDAN BELAWAN","BELAWAN I","LINGKUNGAN 4","","(061) 6941631","H. Transportasi dan Pergudangan","Gmaps"],
    ["11951","Indah Cargo Belawan dan Sekitarnya","Jl. Sumatera No.48","prelist","MEDAN BELAWAN","BELAWAN I","LINGKUNGAN 1","","0823-3926-2339","H. Transportasi dan Pergudangan","Gmaps"],
    ["11952","Yusen Logistics Solutions Indonesia. PT - Depo Medan","Jl. Raya Pelabuhan","prelist","MEDAN BELAWAN","BELAWAN I","LINGKUNGAN 31","","(061) 6944111","H. Transportasi dan Pergudangan","Gmaps"],
    ["11953","Pan Belawan Maju Murni. PT","Jl.Dosomuko No.403","prelist","MEDAN BELAWAN","BELAWAN I","LINGKUNGAN 31","","(061) 6941709","H. Transportasi dan Pergudangan","Gmaps"],
    ["11954","Laut Jaya Raya PT Emkl","Jl. Pelabuhan Ii","prelist","MEDAN BELAWAN","BELAWAN I","LINGKUNGAN 31","","(061) 6941193","H. Transportasi dan Pergudangan","Gmaps"],
    ["11955","Ariananda. PT","Jl. Sumatera No.3 N","prelist","MEDAN BELAWAN","BELAWAN II","LINGKUNGAN 41","","(061) 68460525","H. Transportasi dan Pergudangan","Gmaps"],
    ["11956","Bagasi Kereta Api Kiriman Kilat","Jl. St.Ka. No.1","prelist","MEDAN BELAWAN","BELAWAN BAHARI","LINGKUNGAN 12","","(061) 4514161","H. Transportasi dan Pergudangan","Gmaps"],
    ["11957","Ekanuri Shipping Cabang Belawan","Jl. Gabion","prelist","MEDAN BELAWAN","BAGAN DELI","LINGKUNGAN 11","","0821-2401-9698","H. Transportasi dan Pergudangan","Gmaps"],
    ["11958","Kerta Gaya Pusaka. PT","Jl. St.Ka. No.1","prelist","MEDAN BELAWAN","BELAWAN BAHARI","LINGKUNGAN 12","","(061) 4510410","H. Transportasi dan Pergudangan","Gmaps"],
    ["11959","PT.SEMAK BLUKANG","Jl. Cicalengka No.12","prelist","MEDAN BELAWAN","BELAWAN II","LINGKUNGAN 15","","(061) 7395784","H. Transportasi dan Pergudangan","Gmaps"],
    ["11960","PT. Bahana Mitra Belawan","Jl. Veteran No.18","prelist","MEDAN BELAWAN","BELAWAN I","LINGKUNGAN 1","","(061) 6940233","H. Transportasi dan Pergudangan","Gmaps"],
    ["11961","JNE","Jl. Sumatera No.104-105","prelist","MEDAN BELAWAN","BELAWAN I","LINGKUNGAN 2","","(061) 6941782","H. Transportasi dan Pergudangan","Gmaps"],
    ["11973","Gudang SL","Jl. Gabion","prelist","MEDAN BELAWAN","BAGAN DELI","LINGKUNGAN 11","","","H. Transportasi dan Pergudangan","Gmaps"],
    ["11974","Gudang tk belawan","Belawan Bahari, Medan Kota Belawan, Kota Medan, Sumatera Utara 20414","prelist","MEDAN BELAWAN","BELAWAN BAHARI","LINGKUNGAN 3","","0823-6788-8863","H. Transportasi dan Pergudangan","Gmaps"],
    ["11975","Gudang B2","Bagan Deli, Medan Kota Belawan, Kota Medan, Sumatera Utara","prelist","MEDAN BELAWAN","BAGAN DELI","LINGKUNGAN 11","","0812-1177-2110","H. Transportasi dan Pergudangan","Gmaps"],
    ["11976","Pt Pelindo Indonesia logistik","Bagan Deli, Medan Kota Belawan, Kota Medan, Sumatera Utara 20411","prelist","MEDAN BELAWAN","BAGAN DELI","LINGKUNGAN 8","","0853-045-322","H. Transportasi dan Pergudangan","Gmaps"],
    ["11977","PT. Prima Indonesia Logistik","Jl. Raya Pelabuhan","prelist","MEDAN BELAWAN","BELAWAN I","LINGKUNGAN 31","","0852-8012-6796","H. Transportasi dan Pergudangan","Gmaps"],
    ["11978","Silkargo Indonesia. PT","Jl. Raya Pelabuhan Belawan Jl. Gabion","prelist","MEDAN BELAWAN","BAGAN DELI","LINGKUNGAN 14","","(061) 6940048","H. Transportasi dan Pergudangan","Gmaps"],
    ["11979","PT. Jaba Baru Logistik Medan","Jl. Tm Pahlawan","prelist","MEDAN BELAWAN","BELAWAN I","LINGKUNGAN 24","","","H. Transportasi dan Pergudangan","Gmaps"],
    ["11980","PT. Equinox Sentra Bahari Cabang Belawan","Jl. Asahan No.26","prelist","MEDAN BELAWAN","BELAWAN I","LINGKUNGAN 6","","(061) 42069351","H. Transportasi dan Pergudangan","Gmaps"],
    ["11981","Tunas Mekar Express","Jl. Veteran No.1","prelist","MEDAN BELAWAN","BELAWAN I","LINGKUNGAN 4","","","H. Transportasi dan Pergudangan","Gmaps"],
    ["11982","INDAH LOGISTIK CARGO BELAWAN & MARTUBUNG","Jl.Stasiun Depan Gudang Merah Lapangan Pjka","prelist","MEDAN BELAWAN","BELAWAN II","LINGKUNGAN 38","","0812-6033-9617","H. Transportasi dan Pergudangan","Gmaps"],
    ["11983","PT. Pelayaran Ekanuri Indra Perkasa Cabang Belawan","Jalan Pelabuhan Gabion Link. Xii","prelist","MEDAN BELAWAN","BAGAN DELI","LINGKUNGAN 11","","0821-2401-9698","H. Transportasi dan Pergudangan","Gmaps"],
    ["11984","PT. BELAWAN SUMBER KARGO SERVIS","Jl. Selebes No.315","prelist","MEDAN BELAWAN","BELAWAN II","LINGKUNGAN 36","","0852-0735-6272","H. Transportasi dan Pergudangan","Gmaps"],
    ["11985","PT. Sinar Putra Mandiri","Jl. Tm Pahlawan No.29","prelist","MEDAN BELAWAN","BELAWAN I","LINGKUNGAN 25","","(061) 6944491","H. Transportasi dan Pergudangan","Gmaps"],
    ["11986","Lesehan Rumah makan Khas batak Ardin B.P.Hutahaean","Jl. Kl. Yos Sudarso","prelist","MEDAN BELAWAN","BELAWAN BAHARI","LINGKUNGAN 2","","","I. Penyediaan Akomodasi dan Makan Minum","Gmaps"],
    ["11987","Warung Nasi PJKA Belawan (Bu Paini)","Jl. Sumatera No.49","prelist","MEDAN BELAWAN","BELAWAN I","LINGKUNGAN 1","","","I. Penyediaan Akomodasi dan Makan Minum","Gmaps"],
    ["11988","RM Hj. Atiek Bakar","Jl. Serma Hanafiah","prelist","MEDAN BELAWAN","BELAWAN I","LINGKUNGAN 1","","","I. Penyediaan Akomodasi dan Makan Minum","Gmaps"],
    ["11989","RM. PULAU BERHALA","Jl. Sumatera No.102","prelist","MEDAN BELAWAN","BELAWAN II","LINGKUNGAN 43","","","I. Penyediaan Akomodasi dan Makan Minum","Gmaps"],
    ["11990","Rumah Makan Lily Aseng","Jl. Gabion","prelist","MEDAN BELAWAN","BAGAN DELI","LINGKUNGAN 11","","0811-653-125","I. Penyediaan Akomodasi dan Makan Minum","Gmaps"],
    ["11991","Waroeng Resto & Coffe Mbak Siti","Jl. Sumatera No.21","prelist","MEDAN BELAWAN","BELAWAN I","LINGKUNGAN 1","","0812-6500-3908","I. Penyediaan Akomodasi dan Makan Minum","Gmaps"],
    ["11992","Mie pansit ahok belawan","Jl. Sumatera No.88","prelist","MEDAN BELAWAN","BELAWAN I","LINGKUNGAN 2","","0823-6127-2198","I. Penyediaan Akomodasi dan Makan Minum","Gmaps"],
    ["11993","Rumah Makan Al-Barokah","Jl. Pulau Rupat No.6","prelist","MEDAN BELAWAN","BELAWAN BAHARI","LINGKUNGAN 7","","0812-6421-4782","I. Penyediaan Akomodasi dan Makan Minum","Gmaps"],
    ["11994","Eel Coffee Resto","Jl. Raya Pelabuhan Belawan No.Ii","prelist","MEDAN BELAWAN","BELAWAN II","LINGKUNGAN 43","","","I. Penyediaan Akomodasi dan Makan Minum","Gmaps"],
    ["11995","Rumah Makan Ikan Arsik khas Karo Medan Belawan","Jl. Pelabuhan","prelist","MEDAN BELAWAN","BELAWAN II","LINGKUNGAN 36","","0812-6132-8361","I. Penyediaan Akomodasi dan Makan Minum","Gmaps"],
    ["11996","Keude Kupie Mangat","Jl. Veteran","prelist","MEDAN BELAWAN","BELAWAN I","LINGKUNGAN 3","","","I. Penyediaan Akomodasi dan Makan Minum","Gmaps"],
    ["11997","Novika Salon & rumah makan","Jl. St. No.Al/13","prelist","MEDAN BELAWAN","BELAWAN BAHAGIA","LINGKUNGAN 20","","0812-3164-0254","I. Penyediaan Akomodasi dan Makan Minum","Gmaps"],
    ["11998","RM. Minang Saiyo Sakato","Jl. Kl. Yos Sudarso No.Km.21","prelist","MEDAN BELAWAN","BELAWAN BAHARI","LINGKUNGAN 2","","0822-4012-4275","I. Penyediaan Akomodasi dan Makan Minum","Gmaps"],
    ["11999","Rumah Makan Putra padang panjang","Jl. Serdang No.16","prelist","MEDAN BELAWAN","BELAWAN I","LINGKUNGAN 3","","0812-7846-3644","I. Penyediaan Akomodasi dan Makan Minum","Gmaps"],
    ["12000","RedDoorz near Ekowisata Mangrove Belawan","Jl. Pulau Sicanang Lorong Abadi Sicanang No.3","prelist","MEDAN BELAWAN","BELAWAN SICANANG","LINGKUNGAN 2","","","I. Penyediaan Akomodasi dan Makan Minum","Gmaps"],
    ["12001","Gudang 103","Belawan I, Medan Kota Belawan, Kota Medan, Sumatera Utara 20411","prelist","MEDAN BELAWAN","BELAWAN I","LINGKUNGAN 31","","","H. Transportasi dan Pergudangan","Gmaps"],
    ["12002","bakso jodoh mas wawan","Jl. Tongkol No.114","prelist","MEDAN BELAWAN","BELAWAN I","LINGKUNGAN 24","","","I. Penyediaan Akomodasi dan Makan Minum","Gmaps"],
    ["12003","Mak Erah","Jl. Selebes","prelist","MEDAN BELAWAN","BELAWAN II","LINGKUNGAN 29","","0852-6078-1772","I. Penyediaan Akomodasi dan Makan Minum","Gmaps"],
    ["12004","Bakso Mitra Solo","Jl. Sumatera","prelist","MEDAN BELAWAN","BELAWAN I","LINGKUNGAN 1","","0813-9772-7047","I. Penyediaan Akomodasi dan Makan Minum","Gmaps"],
    ["12005","Nasi Goreng Wak ijah","Jl. Veteran No.29","prelist","MEDAN BELAWAN","BELAWAN I","LINGKUNGAN 3","","","I. Penyediaan Akomodasi dan Makan Minum","Gmaps"],
    ["12006","Lontong Aling Belawan","Jl. Veteran No.138","prelist","MEDAN BELAWAN","BELAWAN I","LINGKUNGAN 1","","(061) 6941240","I. Penyediaan Akomodasi dan Makan Minum","Gmaps"],
    ["12007","Nasi Kuning Bambu Laut","Jl. Deli No.1","prelist","MEDAN BELAWAN","BELAWAN I","LINGKUNGAN 7","","","I. Penyediaan Akomodasi dan Makan Minum","Gmaps"],
    ["12008","Mie Pangsit ASUN Belawan","Jl. Bunga Timur No.57","prelist","MEDAN BELAWAN","BELAWAN II","LINGKUNGAN 41","","0823-6121-1410","I. Penyediaan Akomodasi dan Makan Minum","Gmaps"],
    ["12009","Sehati Dimsum & Seafood","Jl. Sumatera No.50","prelist","MEDAN BELAWAN","BELAWAN I","LINGKUNGAN 1","","(061) 4539818","I. Penyediaan Akomodasi dan Makan Minum","Gmaps"],
    ["12010","MANDALA JAYA","Jl. Veteran No.164","prelist","MEDAN BELAWAN","BELAWAN I","LINGKUNGAN 2","","","I. Penyediaan Akomodasi dan Makan Minum","Gmaps"],
    ["12011","Ayam penyet do'a ibu 117 mas man lamongan belawan","Belawan II, Medan Kota Belawan, Kota Medan, Sumatera Utara 20414","prelist","MEDAN BELAWAN","BELAWAN BAHARI","LINGKUNGAN 12","","","I. Penyediaan Akomodasi dan Makan Minum","Gmaps"],
    ["12012","Etek Emi","Jl. Pelabuhan","prelist","MEDAN BELAWAN","BELAWAN II","LINGKUNGAN 37","","","I. Penyediaan Akomodasi dan Makan Minum","Gmaps"],
    ["12013","Warung Sempurna","Sempurna Belawan, Lrg. Aman, Belawan I, Medan Kota Belawan, Kota Medan, Sumatera Utara 20411","prelist","MEDAN BELAWAN","BELAWAN I","LINGKUNGAN 24","","","I. Penyediaan Akomodasi dan Makan Minum","Gmaps"],
    ["12014","Rumah Makan Nurmala Baru","Jl. Stasiun Smp Kp. Salam No.1","prelist","MEDAN BELAWAN","BELAWAN I","LINGKUNGAN 22","","","I. Penyediaan Akomodasi dan Makan Minum","Gmaps"],
    ["12015","Mandala Baru","Jl. Veteran No.1","prelist","MEDAN BELAWAN","BELAWAN I","LINGKUNGAN 4","","","I. Penyediaan Akomodasi dan Makan Minum","Gmaps"],
    ["12016","Rumah Makan Aluan","Jl. Serdang No.4","prelist","MEDAN BELAWAN","BELAWAN I","LINGKUNGAN 2","","0823-0470-1789","I. Penyediaan Akomodasi dan Makan Minum","Gmaps"],
    ["12017","Chigo Belawan","Singapur Station, Belawan II, Medan Kota Belawan, Kota Medan, Sumatera Utara 20411","prelist","MEDAN BELAWAN","BELAWAN II","LINGKUNGAN 43","","0817-6562-301","I. Penyediaan Akomodasi dan Makan Minum","Gmaps"],
    ["12018","Mbak Wiwik","Jl. Langkat No.1 A","prelist","MEDAN BELAWAN","BELAWAN I","LINGKUNGAN 2","","0813-9659-8221","I. Penyediaan Akomodasi dan Makan Minum","Gmaps"],
    ["12019","Warung Oma Lisa","Lrg. Sentosa No.53, Belawan I, Medan Kota Belawan, Kota Medan, Sumatera Utara 20411","prelist","MEDAN BELAWAN","BELAWAN I","LINGKUNGAN 17","","","I. Penyediaan Akomodasi dan Makan Minum","Gmaps"],
    ["12020","Waroeng Mie Aceh Uroe Malam","Jl. Sumatera","prelist","MEDAN BELAWAN","BELAWAN I","LINGKUNGAN 2","","","I. Penyediaan Akomodasi dan Makan Minum","Gmaps"],
    ["12021","IROS CATERING BELAWAN","Jl. Langkat Pompa 5","prelist","MEDAN BELAWAN","BELAWAN I","LINGKUNGAN 2","","0853-6151-4983","I. Penyediaan Akomodasi dan Makan Minum","Gmaps"],
    ["12022","Istana HotPlate","Jl. Veteran No.141","prelist","MEDAN BELAWAN","BELAWAN I","LINGKUNGAN 2","","","I. Penyediaan Akomodasi dan Makan Minum","Gmaps"],
    ["12023","Surya Sea Food","Jl. Veteran","prelist","MEDAN BELAWAN","BELAWAN I","LINGKUNGAN 2","","(061) 6941847","I. Penyediaan Akomodasi dan Makan Minum","Gmaps"],
    ["12024","Sop & soto anak melayu","Jl. Veteran","prelist","MEDAN BELAWAN","BELAWAN I","LINGKUNGAN 2","","0812-6900-666","I. Penyediaan Akomodasi dan Makan Minum","Gmaps"],
    ["12025","Lontong Malam Wak Habsah","Jl. St. Lrg. Sentosa","prelist","MEDAN BELAWAN","BELAWAN I","LINGKUNGAN 17","","","I. Penyediaan Akomodasi dan Makan Minum","Gmaps"],
    ["12026","Simpang Bagan","Jl. Raya Pelabuhan Belawan","prelist","MEDAN BELAWAN","BAGAN DELI","LINGKUNGAN 10","","","I. Penyediaan Akomodasi dan Makan Minum","Gmaps"],
    ["12027","Bakso Bengkalis","Jl. Bengkalis","prelist","MEDAN BELAWAN","BELAWAN I","LINGKUNGAN 5","","","I. Penyediaan Akomodasi dan Makan Minum","Gmaps"],
    ["12028","Pempek Palembang","Jl. Veteran No.150","prelist","MEDAN BELAWAN","BELAWAN I","LINGKUNGAN 2","","0822-7351-2888","I. Penyediaan Akomodasi dan Makan Minum","Gmaps"],
    ["12029","Bakso Rahayu","Jl. Kl. Yos Sudarso","prelist","MEDAN BELAWAN","BELAWAN I","LINGKUNGAN 23","","","I. Penyediaan Akomodasi dan Makan Minum","Gmaps"],
    ["12030","Rm. Mandala Kejepit","Jl. Sumatera","prelist","MEDAN BELAWAN","BELAWAN I","LINGKUNGAN 2","","","I. Penyediaan Akomodasi dan Makan Minum","Gmaps"],
    ["12031","Bakso Wonogiri","Bagan Deli, Medan Kota Belawan, Kota Medan, Sumatera Utara 20414","prelist","MEDAN BELAWAN","BAGAN DELI","LINGKUNGAN 7","","","I. Penyediaan Akomodasi dan Makan Minum","Gmaps"],
    ["12032","Racik Cafe","Belawan Bahagia, Medan Kota Belawan, Kota Medan, Sumatera Utara 20414","prelist","MEDAN BELAWAN","BELAWAN BAHAGIA","LINGKUNGAN 13","","(061) 88316497","I. Penyediaan Akomodasi dan Makan Minum","Gmaps"],
    ["12033","Kok Tong Kopi SPBU SINGAPORE STATION 4","Belawan I, Medan Kota Belawan, Kota Medan, Sumatera Utara","prelist","MEDAN BELAWAN","BELAWAN II","LINGKUNGAN 43","","0851-2915-0173","I. Penyediaan Akomodasi dan Makan Minum","Gmaps"],
    ["12034","BlacK NavY","Jl. Langkat No.3A","prelist","MEDAN BELAWAN","BELAWAN I","LINGKUNGAN 2","","","I. Penyediaan Akomodasi dan Makan Minum","Gmaps"],
    ["12035","Warkop Veteran Agam Kuphi","Jl. Veteran No.190","prelist","MEDAN BELAWAN","BELAWAN I","LINGKUNGAN 2","","","I. Penyediaan Akomodasi dan Makan Minum","Gmaps"],
    ["12036","Cafe Family (Sekretariat Bbf)","Jl.Stasiun Simp","prelist","MEDAN BELAWAN","BELAWAN II","LINGKUNGAN 26","","0813-9636-7150","I. Penyediaan Akomodasi dan Makan Minum","Gmaps"],
    ["12037","kedai kombur belawan","Jl. Pulau Sicanang No.15 B","prelist","MEDAN BELAWAN","BELAWAN BAHAGIA","LINGKUNGAN 8","","","I. Penyediaan Akomodasi dan Makan Minum","Gmaps"],
    ["12038","ROMANSAKOPII","Jl. Deli No.17","prelist","MEDAN BELAWAN","BELAWAN I","LINGKUNGAN 4","","0878-8664-3387","I. Penyediaan Akomodasi dan Makan Minum","Gmaps"],
    ["12039","KEDAI BEDA RASA","Jl. Ps.","prelist","MEDAN BELAWAN","BELAWAN II","LINGKUNGAN 39","","0852-6146-7314","I. Penyediaan Akomodasi dan Makan Minum","Gmaps"],
    ["12040","infinity Stone Cafe","Unnamed Road, Belawan Bahagia, Medan Kota Belawan, Medan City, North Sumatra 20414","prelist","MEDAN BELAWAN","BELAWAN BAHAGIA","LINGKUNGAN 17","","(061) 88112454","I. Penyediaan Akomodasi dan Makan Minum","Gmaps"],
    ["12041","Ikan Bakar dan Seafood Kantin Belawan Medan","Belawan I, Medan Kota Belawan, Kota Medan, Sumatera Utara","prelist","MEDAN BELAWAN","BELAWAN I","LINGKUNGAN 4","","","I. Penyediaan Akomodasi dan Makan Minum","Gmaps"],
    ["12042","COTTA COFFE","Jl. Veteran No.01","prelist","MEDAN BELAWAN","BELAWAN I","LINGKUNGAN 4","","","I. Penyediaan Akomodasi dan Makan Minum","Gmaps"],
    ["12043","Medan belawan","Belawan I, Medan Kota Belawan, Kota Medan, Sumatera Utara","prelist","MEDAN BELAWAN","BELAWAN I","LINGKUNGAN 31","","","I. Penyediaan Akomodasi dan Makan Minum","Gmaps"],
    ["12044","Vinita Cafe","Jl. Deli No.16","prelist","MEDAN BELAWAN","BELAWAN I","LINGKUNGAN 4","","0813-7243-3981","I. Penyediaan Akomodasi dan Makan Minum","Gmaps"],
    ["12045","Gas Cafe","Belawan Bahagia, Medan Kota Belawan, Kota Medan, Sumatera Utara 20414","prelist","MEDAN BELAWAN","BELAWAN BAHAGIA","LINGKUNGAN 13","","(061) 88884521","I. Penyediaan Akomodasi dan Makan Minum","Gmaps"],
    ["12046","Jambo kopi murah jaya","Bagan Deli, Medan Kota Belawan, Kota Medan, Sumatera Utara 20414","prelist","MEDAN BELAWAN","BAGAN DELI","LINGKUNGAN 6","","0812-8636-1001","I. Penyediaan Akomodasi dan Makan Minum","Gmaps"],
    ["12047","Kupi nanggro","Bagan Deli, Medan Kota Belawan, Sumatera Utara 20411","prelist","MEDAN BELAWAN","BAGAN DELI","LINGKUNGAN 5","","0821-6979-6369","I. Penyediaan Akomodasi dan Makan Minum","Gmaps"],
    ["12048","Warung KOPIMEN","Jl. Indrapura No.14","prelist","MEDAN BELAWAN","BELAWAN I","LINGKUNGAN 4","","","I. Penyediaan Akomodasi dan Makan Minum","Gmaps"],
    ["12049","Kongkow Cafe","Jl. Sumatera","prelist","MEDAN BELAWAN","BELAWAN I","LINGKUNGAN 2","","","I. Penyediaan Akomodasi dan Makan Minum","Gmaps"],
    ["12050","Bima Cafe","Jl. Tambak No.Blok 23","prelist","MEDAN BELAWAN","BELAWAN SICANANG","LINGKUNGAN 15","","0852-7010-1229","I. Penyediaan Akomodasi dan Makan Minum","Gmaps"],
    ["12051","Cafe Sundari","Jl. Tm Pahlawan","prelist","MEDAN BELAWAN","BELAWAN I","LINGKUNGAN 13","","","I. Penyediaan Akomodasi dan Makan Minum","Gmaps"],
    ["12052","Kede Kongshi","Jl. Veteran No.200","prelist","MEDAN BELAWAN","BELAWAN I","LINGKUNGAN 2","","","I. Penyediaan Akomodasi dan Makan Minum","Gmaps"],
    ["12053","Orange Cafe","Jl. Sumatera","prelist","MEDAN BELAWAN","BELAWAN I","LINGKUNGAN 1","","","I. Penyediaan Akomodasi dan Makan Minum","Gmaps"],
    ["12054","EVA Caffe","Jl. Sumatera","prelist","MEDAN BELAWAN","BELAWAN II","LINGKUNGAN 43","","0823-7011-6145","I. Penyediaan Akomodasi dan Makan Minum","Gmaps"],
    ["12055","Warung kopi Amri","Jl. St. No.46","prelist","MEDAN BELAWAN","BELAWAN I","LINGKUNGAN 13","","","I. Penyediaan Akomodasi dan Makan Minum","Gmaps"],
    ["12056","Warung kopi station","Jl. Kapten Raden Sulian","prelist","MEDAN BELAWAN","BELAWAN II","LINGKUNGAN 43","","0811-6000-622","I. Penyediaan Akomodasi dan Makan Minum","Gmaps"],
    ["12057","Kopi marnok","Bagan Deli, Medan Kota Belawan, Kota Medan, Sumatera Utara","prelist","MEDAN BELAWAN","BAGAN DELI","LINGKUNGAN 13","","0821-7953-2953","I. Penyediaan Akomodasi dan Makan Minum","Gmaps"],
    ["12058","Azis-Cafe","No.166","prelist","MEDAN BELAWAN","BAGAN DELI","LINGKUNGAN 3","","","I. Penyediaan Akomodasi dan Makan Minum","Gmaps"],
    ["12059","Wbi (BOYS)","Jl. Serdang No.8","prelist","MEDAN BELAWAN","BELAWAN I","LINGKUNGAN 5","","","I. Penyediaan Akomodasi dan Makan Minum","Gmaps"],
    ["12060","Kede Kopi Ridho","Jl. Selebes No.37","prelist","MEDAN BELAWAN","BELAWAN II","LINGKUNGAN 37","","","I. Penyediaan Akomodasi dan Makan Minum","Gmaps"],
    ["12061","Kopi rooman BOC","Jl. Bengkalis","prelist","MEDAN BELAWAN","BELAWAN I","LINGKUNGAN 4","","","I. Penyediaan Akomodasi dan Makan Minum","Gmaps"],
    ["12062","Home Coffee","Jl. Tambak Ujung Blok Kandas No.Lk.18","prelist","MEDAN BELAWAN","BELAWAN SICANANG","LINGKUNGAN 14","","","I. Penyediaan Akomodasi dan Makan Minum","Gmaps"],
    ["12063","Warkop Agam KA","Jl. Sumatera No.49","prelist","MEDAN BELAWAN","BELAWAN I","LINGKUNGAN 2","","","I. Penyediaan Akomodasi dan Makan Minum","Gmaps"],
    ["12064","QM5H+6G7 Belawan Bahari, Kota Medan, Sumatera Utara","Belawan Bahagia, Medan Kota Belawan, Kota Medan, Sumatera Utara 20414","prelist","MEDAN BELAWAN","BELAWAN BAHARI","LINGKUNGAN 5","","","I. Penyediaan Akomodasi dan Makan Minum","Gmaps"],
    ["12065","Angkringan RAPOPO (mie goreng menangis)","Jl. St. No.50","prelist","MEDAN BELAWAN","BELAWAN II","LINGKUNGAN 38","","0831-6721-6889","I. Penyediaan Akomodasi dan Makan Minum","Gmaps"],
    ["12066","Warung nek inum(Ardi)","Jl. Pulau Sicanang","prelist","MEDAN BELAWAN","BELAWAN SICANANG","LINGKUNGAN 1","","","I. Penyediaan Akomodasi dan Makan Minum","Gmaps"],
    ["12067","Bakso selimut","Jl. Ps.","prelist","MEDAN BELAWAN","BELAWAN I","LINGKUNGAN 1","","","I. Penyediaan Akomodasi dan Makan Minum","Gmaps"],
    ["12068","Mangrove Coffee","Jl. Kampar","prelist","MEDAN BELAWAN","BELAWAN I","LINGKUNGAN 11","","","I. Penyediaan Akomodasi dan Makan Minum","Gmaps"],
    ["12069","Sunset Coffee","Jl. Serma Hanafiah","prelist","MEDAN BELAWAN","BELAWAN I","LINGKUNGAN 3","","0812-6986-9996","I. Penyediaan Akomodasi dan Makan Minum","Gmaps"],
    ["12070","Cafe Mini Mas Aris","Lorong Dermawan, Belawan I, Medan Kota Belawan, Kota Medan, Sumatera Utara 20414","prelist","MEDAN BELAWAN","BELAWAN I","LINGKUNGAN 23","","0857-6249-8963","I. Penyediaan Akomodasi dan Makan Minum","Gmaps"],
    ["12071","Warung Tempting","Jalan Cibadak/Gg.Ix No.10 A","prelist","MEDAN BELAWAN","BELAWAN II","LINGKUNGAN 18","","0852-1168-7352","I. Penyediaan Akomodasi dan Makan Minum","Gmaps"],
    ["12072","Ocean Coffee AA","Jl. Veteran No.19/21","prelist","MEDAN BELAWAN","BELAWAN I","LINGKUNGAN 3","","0822-4992-4152","I. Penyediaan Akomodasi dan Makan Minum","Gmaps"],
    ["12073","HHH Cafe","Belawan Bahagia, Medan Kota Belawan, Kota Medan, Sumatera Utara 20414","prelist","MEDAN BELAWAN","BELAWAN BAHAGIA","LINGKUNGAN 17","","(061) 84525436","I. Penyediaan Akomodasi dan Makan Minum","Gmaps"],
    ["12074","Mo coffee88","Jl. Cimanuk","prelist","MEDAN BELAWAN","BELAWAN II","LINGKUNGAN 23","","","I. Penyediaan Akomodasi dan Makan Minum","Gmaps"],
    ["12075","DORANG COFFEE","Bagan Deli, Medan Kota Belawan, Kota Medan, Sumatera Utara 20411","prelist","MEDAN BELAWAN","BAGAN DELI","LINGKUNGAN 1","","","I. Penyediaan Akomodasi dan Makan Minum","Gmaps"],
    ["12076","Coffee Kayu","Jl. Langkat","prelist","MEDAN BELAWAN","BELAWAN I","LINGKUNGAN 4","","0813-7076-8704","I. Penyediaan Akomodasi dan Makan Minum","Gmaps"],
    ["12077","TANAKA SUMATERA COFFEE","Jl. Sumatera No.61","prelist","MEDAN BELAWAN","BELAWAN II","LINGKUNGAN 43","","0822-7290-5858","I. Penyediaan Akomodasi dan Makan Minum","Gmaps"],
    ["12078","Serdadu kopi khop","Jl. Langkat No.3A","prelist","MEDAN BELAWAN","BELAWAN I","LINGKUNGAN 2","","0823-8813-4528","I. Penyediaan Akomodasi dan Makan Minum","Gmaps"],
    ["12079","CAPTAIN COFFEE & BOBA","lorong ujung tanjung 2, Bagan Deli, Medan Kota Belawan, Kota Medan, Sumatera Utara 20411","prelist","MEDAN BELAWAN","BAGAN DELI","LINGKUNGAN 15","","","I. Penyediaan Akomodasi dan Makan Minum","Gmaps"],
    ["12080","Java Coffe House Yati","Blok 24 Link XVI BELAWAN Sicanang, Belawan I, Medan Kota Belawan, Kota Medan, Sumatera Utara 24452","prelist","MEDAN BELAWAN","BELAWAN I","LINGKUNGAN 31","","0813-7009-5596","I. Penyediaan Akomodasi dan Makan Minum","Gmaps"],
    ["12081","WB (Waroeng Bunda Libass)","Jl. Indrapura No.6","prelist","MEDAN BELAWAN","BELAWAN I","LINGKUNGAN 4","","","I. Penyediaan Akomodasi dan Makan Minum","Gmaps"],
    ["12082","Kedai Kopi Tanjung Berindang","Jl. Serdang No.5B","prelist","MEDAN BELAWAN","BELAWAN I","LINGKUNGAN 3","","0853-6096-7188","I. Penyediaan Akomodasi dan Makan Minum","Gmaps"],
    ["12083","Uncledazs Medan,","Jl. Sumatera","prelist","MEDAN BELAWAN","BELAWAN I","LINGKUNGAN 2","","0823-1075-2299","I. Penyediaan Akomodasi dan Makan Minum","Gmaps"],
    ["12084","Kede gadis","Mesjid salam medan, Belawan II, Medan Kota Belawan, Kota Medan, Sumatera Utara","prelist","MEDAN BELAWAN","BELAWAN II","LINGKUNGAN 27","","0895-4024-69551","I. Penyediaan Akomodasi dan Makan Minum","Gmaps"],
    ["12085","Book Cafe","Belawan Bahagia, Medan Kota Belawan, Kota Medan, Sumatera Utara 20414","prelist","MEDAN BELAWAN","BELAWAN BAHAGIA","LINGKUNGAN 13","","(061) 88976431","I. Penyediaan Akomodasi dan Makan Minum","Gmaps"],
    ["12086","Warung Misop Nek rubingat","Unnamed Road, Belawan Bahari, Medan Kota Belawan, Kota Medan, Sumatera Utara 20414","prelist","MEDAN BELAWAN","BELAWAN BAHARI","LINGKUNGAN 8","","0823-0410-0899","I. Penyediaan Akomodasi dan Makan Minum","Gmaps"],
    ["12087","ALi Kopi","Jl. Gulama No.52","prelist","MEDAN BELAWAN","BELAWAN BAHAGIA","LINGKUNGAN 15","","0813-6684-1263","I. Penyediaan Akomodasi dan Makan Minum","Gmaps"],
    ["12088","WARUNG FAMILY","Jl. Kl. Yos Sudarso No.7","prelist","MEDAN BELAWAN","BELAWAN BAHARI","LINGKUNGAN 11","","","I. Penyediaan Akomodasi dan Makan Minum","Gmaps"],
    ["12089","Natgeo Wild","Jl. Belalang","prelist","MEDAN BELAWAN","BELAWAN BAHAGIA","LINGKUNGAN 13","","","I. Penyediaan Akomodasi dan Makan Minum","Gmaps"],
    ["12090","Caffe Baker's","Lorong 3 veteran No.1, Bagan Deli, Medan Kota Belawan, Kota Medan, Sumatera Utara","prelist","MEDAN BELAWAN","BAGAN DELI","LINGKUNGAN 8","","","I. Penyediaan Akomodasi dan Makan Minum","Gmaps"],
    ["12091","Warung kopi bu ana","Belawan Pulau Sicanang, Medan Kota Belawan, Kota Medan, Sumatera Utara 20414","prelist","MEDAN BELAWAN","BELAWAN SICANANG","LINGKUNGAN 11","","0813-6257-8111","I. Penyediaan Akomodasi dan Makan Minum","Gmaps"],
    ["12092","Yansen Siregar","Jl. Tenggiri No.41","prelist","MEDAN BELAWAN","BELAWAN BAHAGIA","LINGKUNGAN 3","","0813-6205-0707","I. Penyediaan Akomodasi dan Makan Minum","Gmaps"],
    ["12093","Waroeng Rokan","Jl. Rokan No.17","prelist","MEDAN BELAWAN","BELAWAN I","LINGKUNGAN 4","","0813-9790-1361","I. Penyediaan Akomodasi dan Makan Minum","Gmaps"],
    ["12094","Bond88","Jl. Cimanuk No.13","prelist","MEDAN BELAWAN","BELAWAN II","LINGKUNGAN 23","","0852-6157-3529","I. Penyediaan Akomodasi dan Makan Minum","Gmaps"],
    ["12095","warung kopi Ibrahim","Jl. Mujahir","prelist","MEDAN BELAWAN","BELAWAN I","LINGKUNGAN 25","","0821-7037-3933","I. Penyediaan Akomodasi dan Makan Minum","Gmaps"],
    ["12096","Warung Nasi Ibu Sri","Belawan II, Medan Kota Belawan, Kota Medan, Sumatera Utara 20414","prelist","MEDAN BELAWAN","BELAWAN II","LINGKUNGAN 27","","0812-6024-2115","I. Penyediaan Akomodasi dan Makan Minum","Gmaps"],
    ["12097","Warung Lontong Bu Ana","Jl. Sumatera","prelist","MEDAN BELAWAN","BELAWAN I","LINGKUNGAN 2","","0853-6120-0489","I. Penyediaan Akomodasi dan Makan Minum","Gmaps"],
    ["12098","Kede Buktuti","Belawan Pulau Sicanang, Medan Kota Belawan, Kota Medan, Sumatera Utara 20414","prelist","MEDAN BELAWAN","BELAWAN SICANANG","LINGKUNGAN 9","","","I. Penyediaan Akomodasi dan Makan Minum","Gmaps"],
    ["12099","Dua Kopi","Jl. Serma Hanafiah","prelist","MEDAN BELAWAN","BELAWAN I","LINGKUNGAN 1","","0821-6364-0688","I. Penyediaan Akomodasi dan Makan Minum","Gmaps"],
    ["12100","Warung Bu sarah","No.46Belawan","prelist","MEDAN BELAWAN","BELAWAN II","LINGKUNGAN 3","","","I. Penyediaan Akomodasi dan Makan Minum","Gmaps"],
    ["12101","Warkop Kak Epa","Belawan Pulau Sicanang, Medan Kota Belawan, Kota Medan, Sumatera Utara 20414","prelist","MEDAN BELAWAN","BELAWAN SICANANG","LINGKUNGAN 20","","","I. Penyediaan Akomodasi dan Makan Minum","Gmaps"],
    ["12102","WARKOP MAKBEL","Jl. Veteran No.140","prelist","MEDAN BELAWAN","BELAWAN I","LINGKUNGAN 1","","0822-4993-6031","I. Penyediaan Akomodasi dan Makan Minum","Gmaps"],
    ["12103","Roti Keluarga","Jl. St.","prelist","MEDAN BELAWAN","BELAWAN II","LINGKUNGAN 26","","0852-6152-7414","I. Penyediaan Akomodasi dan Makan Minum","Gmaps"],
    ["12104","Warung Rahmi","Jl. Rokan","prelist","MEDAN BELAWAN","BELAWAN I","LINGKUNGAN 7","","","I. Penyediaan Akomodasi dan Makan Minum","Gmaps"],
    ["12105","So What Bubble Cheese Belawan","Jl. Kolonel Yos Sudarso","prelist","MEDAN BELAWAN","BELAWAN BAHARI","LINGKUNGAN 8","","","I. Penyediaan Akomodasi dan Makan Minum","Gmaps"],
    ["12106","MIXUE Belawan","Belawan I, Medan Kota Belawan, Kota Medan, Sumatera Utara","prelist","MEDAN BELAWAN","BELAWAN I","LINGKUNGAN 2","","0838-4016-7976","I. Penyediaan Akomodasi dan Makan Minum","Gmaps"],
    ["12107","OldStories_Coffee","Jl. Cimanuk","prelist","MEDAN BELAWAN","BELAWAN II","LINGKUNGAN 23","","","I. Penyediaan Akomodasi dan Makan Minum","Gmaps"],
    ["12108","Riki COFFE","Jalan. Lor. Proyek","prelist","MEDAN BELAWAN","BAGAN DELI","LINGKUNGAN 4","","","I. Penyediaan Akomodasi dan Makan Minum","Gmaps"],
    ["12109","NOA COFFEE Shop","Belawan I, Medan Kota Belawan, Kota Medan, Sumatera Utara 20411","prelist","MEDAN BELAWAN","BELAWAN I","LINGKUNGAN 31","","","I. Penyediaan Akomodasi dan Makan Minum","Gmaps"],
    ["12110","Kedai Kopi Ruslan","Jl.Selebes Gang Al Falah","prelist","MEDAN BELAWAN","BELAWAN II","LINGKUNGAN 37","","0813-7002-1409","I. Penyediaan Akomodasi dan Makan Minum","Gmaps"],
    ["12111","Go Bubble Drinkzzz","Jl. St. No.18","prelist","MEDAN BELAWAN","BELAWAN I","LINGKUNGAN 16","","","I. Penyediaan Akomodasi dan Makan Minum","Gmaps"],
    ["12112","Warung Kak Gadis","Jl. Selebes No.363","prelist","MEDAN BELAWAN","BELAWAN II","LINGKUNGAN 30","","0813-7533-5391","I. Penyediaan Akomodasi dan Makan Minum","Gmaps"],
    ["12113","RM MINANG PADANG PANJANG","Jl. Veteran No.62","prelist","MEDAN BELAWAN","BELAWAN I","LINGKUNGAN 2","","","I. Penyediaan Akomodasi dan Makan Minum","Gmaps"],
    ["12114","Warung Mahadi","Jl. Paluh Putri","prelist","MEDAN BELAWAN","BAGAN DELI","LINGKUNGAN 15","","","I. Penyediaan Akomodasi dan Makan Minum","Gmaps"],
    ["12115","Warung Ayam Penyet Wong Ndeso Lamongan Cakto","Belawan Bahagia, Medan Kota Belawan, Kota Medan, Sumatera Utara 20414","prelist","MEDAN BELAWAN","BELAWAN BAHARI","LINGKUNGAN 10","","0822-7700-3599","I. Penyediaan Akomodasi dan Makan Minum","Gmaps"],
    ["12116","Rm BPK PRIMSA","Belawan Bahagia, Medan Kota Belawan, Kota Medan, Sumatera Utara 20414","prelist","MEDAN BELAWAN","BELAWAN BAHARI","LINGKUNGAN 7","","","I. Penyediaan Akomodasi dan Makan Minum","Gmaps"],
    ["12117","Rumah makan Hajjah Mira","Jl. Ps. Timur No.27","prelist","MEDAN BELAWAN","BELAWAN II","LINGKUNGAN 39","","","I. Penyediaan Akomodasi dan Makan Minum","Gmaps"],
    ["12118","Bu Ida","Jl. Pulau Sicanang","prelist","MEDAN BELAWAN","BELAWAN BAHARI","LINGKUNGAN 7","","0853-6227-3371","I. Penyediaan Akomodasi dan Makan Minum","Gmaps"],
    ["12119","Warung \"arek suroboyo\"","Lrg. Sekolah No.2, Belawan I, Medan Kota Belawan, Kota Medan, Sumatera Utara 20414","prelist","MEDAN BELAWAN","BELAWAN I","LINGKUNGAN 21","","","I. Penyediaan Akomodasi dan Makan Minum","Gmaps"],
    ["12120","Warung Ayam Penyet Do'a Ibu Lamongan","Jl. Young Panah Hijau","prelist","MEDAN BELAWAN","BELAWAN BAHARI","LINGKUNGAN 1","","","I. Penyediaan Akomodasi dan Makan Minum","Gmaps"],
    ["12121","Star aceh kupi","Jl. Veteran No.1","prelist","MEDAN BELAWAN","BELAWAN I","LINGKUNGAN 2","","","I. Penyediaan Akomodasi dan Makan Minum","Gmaps"],
    ["12122","Mamak Putra","Jl. Pusara No.Blok. 7","prelist","MEDAN BELAWAN","BELAWAN SICANANG","LINGKUNGAN 6","","0853-7063-5626","I. Penyediaan Akomodasi dan Makan Minum","Gmaps"],
    ["12123","Kantin Pojok PMK","Jl. Pelabuhan","prelist","MEDAN BELAWAN","BELAWAN I","LINGKUNGAN 31","","0852-6184-8604","I. Penyediaan Akomodasi dan Makan Minum","Gmaps"],
    ["12124","Nasi Goreng Ahuat","Belawan II, Medan Kota Belawan, Kota Medan, Sumatera Utara 20411","prelist","MEDAN BELAWAN","BELAWAN II","LINGKUNGAN 15","","","I. Penyediaan Akomodasi dan Makan Minum","Gmaps"],
    ["12125","Rumah Makan Minang Basamo","Jl. Selebes No.7","prelist","MEDAN BELAWAN","BELAWAN II","LINGKUNGAN 37","","","I. Penyediaan Akomodasi dan Makan Minum","Gmaps"],
    ["12126","Purnama Rumah Makan","Jl. Sumatera No.55","prelist","MEDAN BELAWAN","BELAWAN I","LINGKUNGAN 2","","(061) 4560185","I. Penyediaan Akomodasi dan Makan Minum","Gmaps"],
    ["12127","SD SWASTA ALWASHLIYAH 6 BELAWAN","Jalan Besar Belawan","prelist","MEDAN BELAWAN","BAGAN DELI","LINGKUNGAN 6","","","P. Pendidikan","Gmaps"],
    ["12128","SMP Swasta Hang Tuah 1 Belawan","Jl. Sulawesi Ii No.1","prelist","MEDAN BELAWAN","BELAWAN I","LINGKUNGAN 31","","","P. Pendidikan","Gmaps"],
    ["12129","YPP Taman Siswa Cabang Belawan","Belawan Bahagia, Medan Kota Belawan, Kota Medan, Sumatera Utara 20414","prelist","MEDAN BELAWAN","BELAWAN BAHARI","LINGKUNGAN 11","","","P. Pendidikan","Gmaps"],
    ["12130","Yayasan Al Fathin","Jl. Citarum No.9","prelist","MEDAN BELAWAN","BELAWAN II","LINGKUNGAN 21","","0812-6321-8221","P. Pendidikan","Gmaps"],
    ["12131","MIN 5 KOTA MEDAN","Jl. Cileduk No.12","prelist","MEDAN BELAWAN","BELAWAN II","LINGKUNGAN 25","","","P. Pendidikan","Gmaps"],
    ["12132","SMK Muhammadiyah 04 Medan","Jalan","prelist","MEDAN BELAWAN","BELAWAN BAHARI","LINGKUNGAN 12","","","P. Pendidikan","Gmaps"],
    ["12133","SMA Hang Tuah","Jl. Kapten Raden Sulian","prelist","MEDAN BELAWAN","BELAWAN II","LINGKUNGAN 44","","(061) 6944524","P. Pendidikan","Gmaps"],
    ["12134","Sekolah Menengah Pertama Swasta Yaspemda","Jl. Jawa","prelist","MEDAN BELAWAN","BELAWAN II","LINGKUNGAN 17","","","P. Pendidikan","Gmaps"],
    ["12135","Sekolah Dasar Negeri No.065007","Jaln Penghubung IV, Belawan Pulau Sicanang, Medan Kota Belawan, Kota Medan, Sumatera Utara 20414","prelist","MEDAN BELAWAN","BELAWAN SICANANG","LINGKUNGAN 14","","0821-6650-8970","P. Pendidikan","Gmaps"],
    ["12136","Sekolah Menengah Pertama HKBP Pajak Baru","Jl. Terubuk No.17","prelist","MEDAN BELAWAN","BELAWAN BAHAGIA","LINGKUNGAN 5","","","P. Pendidikan","Gmaps"],
    ["12137","Sekolah Dasar Negeri No. 065006","Jl. Penghubung","prelist","MEDAN BELAWAN","BELAWAN SICANANG","LINGKUNGAN 4","","","P. Pendidikan","Gmaps"],
    ["12138","SD, SMP Pendidikan HKBP Belawan","Jl. Kampar No.3","prelist","MEDAN BELAWAN","BELAWAN I","LINGKUNGAN 7","","0853-6226-8439","P. Pendidikan","Gmaps"],
    ["12139","Sekolah Dasar Muhammadiyah - 16","Jl. Bedukang No.Kelurahan","prelist","MEDAN BELAWAN","BELAWAN BAHAGIA","LINGKUNGAN 13","","0857-6275-0215","P. Pendidikan","Gmaps"],
    ["12140","SDN 065009","Bagan Deli, Medan Kota Belawan, Kota Medan, Sumatera Utara 20414","prelist","MEDAN BELAWAN","BAGAN DELI","LINGKUNGAN 7","","","P. Pendidikan","Gmaps"],
    ["12141","TK Aisyiyah Bustanul Athfal","Medan - Belawan No.22, 5, Belawan Bahari, Medan Kota Belawan, Kota Medan, Sumatera Utara 20411","prelist","MEDAN BELAWAN","BELAWAN BAHARI","LINGKUNGAN 12","","","P. Pendidikan","Gmaps"],
    ["12142","Jakeus aritonang","Belawan Pulau Sicanang, Medan Kota Belawan, Kota Medan, Sumatera Utara 20414","prelist","MEDAN BELAWAN","BELAWAN SICANANG","LINGKUNGAN 2","","","P. Pendidikan","Gmaps"],
    ["12143","ISCO Foundation Bagan Deli","Jl. Ujung Tanjung No.1","prelist","MEDAN BELAWAN","BAGAN DELI","LINGKUNGAN 6","","0812-6294-5904","P. Pendidikan","Gmaps"],
    ["12144","Sekolah Dasar Negeri 060957","Jl. Jawa","prelist","MEDAN BELAWAN","BELAWAN II","LINGKUNGAN 1","","0821-7474-6429","P. Pendidikan","Gmaps"],
    ["12145","SMP Negeri 26 Medan","Jl. Pulau Sicanang No.17","prelist","MEDAN BELAWAN","BELAWAN SICANANG","LINGKUNGAN 19","","","P. Pendidikan","Gmaps"],
    ["12146","KBIH AL-MUKHLISIN Jalan Mujahir Belawan","Belawan Bahagia, Medan Kota Belawan, Kota Medan, Sumatera Utara 20414","prelist","MEDAN BELAWAN","BELAWAN BAHAGIA","LINGKUNGAN 1","","0813-6235-4889","P. Pendidikan","Gmaps"],
    ["12147","Sekolah Menengah Kejuruan Taruna Belawan","Jl. Pulau Seram","prelist","MEDAN BELAWAN","BELAWAN BAHARI","LINGKUNGAN 6","","","P. Pendidikan","Gmaps"],
    ["12148","MTs IT Al-Fathin Belawan","Jl. Tm Pahlawan","prelist","MEDAN BELAWAN","BELAWAN I","LINGKUNGAN 30","","","P. Pendidikan","Gmaps"],
    ["12149","Sekolah Dasar Pendidikan Methodist Indonesia Methodist-10","Jl. St. No.41","prelist","MEDAN BELAWAN","BELAWAN I","LINGKUNGAN 24","","","P. Pendidikan","Gmaps"],
    ["12150","Yapim Unit SMA, SMK Tik, SMK Bm","Jl. Pulau Seram","prelist","MEDAN BELAWAN","BELAWAN BAHARI","LINGKUNGAN 6","","","P. Pendidikan","Gmaps"],
    ["12151","SD Swasta Hang Tuah 1 Belawan","Jl. Veteran No.1","prelist","MEDAN BELAWAN","BELAWAN I","LINGKUNGAN 4","","","P. Pendidikan","Gmaps"],
    ["12152","SMA Negeri 20 Medan","Jalan Lr Proyek No.75","prelist","MEDAN BELAWAN","BAGAN DELI","LINGKUNGAN 3","","(061) 6944495","P. Pendidikan","Gmaps"],
    ["12153","SD PELITA EVANGELINE INDONESIA","Belawan Pulau Sicanang, Medan Kota Belawan, Kota Medan, Sumatera Utara 20411","prelist","MEDAN BELAWAN","BELAWAN SICANANG","LINGKUNGAN 17","","0813-9796-6069","P. Pendidikan","Gmaps"],
    ["12154","Perguruan Taman Siswa","Belawan Bahagia, Medan Kota Belawan, Kota Medan, Sumatera Utara 20414","prelist","MEDAN BELAWAN","BELAWAN BAHAGIA","LINGKUNGAN 8","","","P. Pendidikan","Gmaps"],
    ["12155","Sekolah Menengah Pertama Al Jam'iyatul Washliyah 09","Jl. Selebes No.40","prelist","MEDAN BELAWAN","BELAWAN II","LINGKUNGAN 7","","","P. Pendidikan","Gmaps"],
    ["12156","SMP Taman Siswa","Jl. Kakap","prelist","MEDAN BELAWAN","BAGAN DELI","LINGKUNGAN 9","","","P. Pendidikan","Gmaps"],
    ["12157","Sekolah Dasar Negeri 065005","Jl. Hidayah No.1","prelist","MEDAN BELAWAN","BELAWAN SICANANG","LINGKUNGAN 4","","","P. Pendidikan","Gmaps"],
    ["12158","Yp. Putra bahari","Belawan Pulau Sicanang, Medan Kota Belawan, Kota Medan, Sumatera Utara 20411","prelist","MEDAN BELAWAN","BELAWAN SICANANG","LINGKUNGAN 18","","0851-5771-5491","P. Pendidikan","Gmaps"],
    ["12159","Lng keseniyan","Belawan I, Medan Kota Belawan, Kota Medan, Sumatera Utara 20411","prelist","MEDAN BELAWAN","BELAWAN I","LINGKUNGAN 18","","","P. Pendidikan","Gmaps"],
    ["12160","Majelis Pengajian Al - Ikhsan","Jalan Hidayah","prelist","MEDAN BELAWAN","BELAWAN SICANANG","LINGKUNGAN 4","","0853-6213-2130","P. Pendidikan","Gmaps"],
    ["12161","Tk-Sd Galilea Akreditasi-B","Jl. Kl. Yos Sudarso","prelist","MEDAN BELAWAN","BELAWAN BAHARI","LINGKUNGAN 3","","","P. Pendidikan","Gmaps"],
    ["12162","SDN 060961","Jalan Cipanas Gg. Delapan","prelist","MEDAN BELAWAN","BELAWAN II","LINGKUNGAN 44","","","P. Pendidikan","Gmaps"],
    ["12163","SD Teologi Kristen Ceria Bersama","Jl. Kl. Yos Sudarso No.Km. 20","prelist","MEDAN BELAWAN","BELAWAN BAHARI","LINGKUNGAN 13","","","P. Pendidikan","Gmaps"],
    ["12164","Depan pelabuhan bandar deli","Belawan I, Medan Kota Belawan, Kota Medan, Sumatera Utara","prelist","MEDAN BELAWAN","BELAWAN I","LINGKUNGAN 31","","","P. Pendidikan","Gmaps"],
    ["12180","Melbourne Education Preschool & Bimbel","Jl. Sumatera No.74","prelist","MEDAN BELAWAN","BELAWAN I","LINGKUNGAN 2","","(061) 4568405","P. Pendidikan","Gmaps"],
    ["12181","LKP Kursus Menjahit MS","Jl. Bunga Timur Ester Pasar Vi No.93D","prelist","MEDAN BELAWAN","BELAWAN II","LINGKUNGAN 41","","(061) 8216195","P. Pendidikan","Gmaps"],
    ["12182","NiffiniHenna Jasa Henna Belawan","Lrg. Sekolah No.16A, Belawan I, Medan Kota Belawan, Kota Medan, Sumatera Utara 20411","prelist","MEDAN BELAWAN","BELAWAN I","LINGKUNGAN 21","","0823-7073-2597","P. Pendidikan","Gmaps"],
    ["12183","Sekolah Dasar Negeri 060965","Jl. Asahan","prelist","MEDAN BELAWAN","BELAWAN I","LINGKUNGAN 11","","","P. Pendidikan","Gmaps"],
    ["12184","TK Tunas Bangsa","Jl. Tambak Ujung","prelist","MEDAN BELAWAN","BELAWAN SICANANG","LINGKUNGAN 19","","0813-9744-9460","P. Pendidikan","Gmaps"],
    ["12185","Semesta Salapa","Lrg. Sekolah No.13, Belawan I, Medan Kota Belawan, Kota Medan, Sumatera Utara 20414","prelist","MEDAN BELAWAN","BELAWAN I","LINGKUNGAN 24","","(061) 7563892","P. Pendidikan","Gmaps"],
    ["12186","SD Nasrani HKBP","Belawan I, Medan Kota Belawan, Kota Medan, Sumatera Utara 20411","prelist","MEDAN BELAWAN","BELAWAN I","LINGKUNGAN 20","","","P. Pendidikan","Gmaps"],
    ["12187","BUK ENON","Jl. Veteran No.146","prelist","MEDAN BELAWAN","BELAWAN I","LINGKUNGAN 2","","","P. Pendidikan","Gmaps"],
    ["12188","SMP NASRANI BELAWAN","Unnamed Road No.20411, Belawan I, Medan Kota Belawan, Kota Medan, Sumatera Utara 20411","prelist","MEDAN BELAWAN","BELAWAN I","LINGKUNGAN 20","","","P. Pendidikan","Gmaps"],
    ["12189","Sekolah Dasar Negeri 060963","Jl. Hidayah No.1","prelist","MEDAN BELAWAN","BELAWAN SICANANG","LINGKUNGAN 4","","","P. Pendidikan","Gmaps"],
    ["12190","Sekolah Dasar Negeri 060959","Jl. Cianjur","prelist","MEDAN BELAWAN","BELAWAN II","LINGKUNGAN 16","","","P. Pendidikan","Gmaps"],
    ["12191","SDS Al Washliyah 3/32","Belawan I, Medan Kota Belawan, Kota Medan, Sumatera Utara","prelist","MEDAN BELAWAN","BELAWAN I","LINGKUNGAN 23","","","P. Pendidikan","Gmaps"],
    ["12192","Tempat Vito","Jl. Rokan No.43","prelist","MEDAN BELAWAN","BELAWAN I","LINGKUNGAN 4","","","P. Pendidikan","Gmaps"],
    ["12193","LPK LKP- P2TLP INDONESIA","Jl. Kampar No.01","prelist","MEDAN BELAWAN","BELAWAN I","LINGKUNGAN 7","","0823-6421-8619","P. Pendidikan","Gmaps"],
    ["12194","Stasiun Meteorologi Klas 2 Maritim Belawan Medan","Jl. Raya Pelabuhan Ii Gabion Ringkai Belawan - Medan","prelist","MEDAN BELAWAN","BAGAN DELI","LINGKUNGAN 9","","(061) 694851 ext. 6940340","O. Administrasi Pemerintahan, Pertahanan, dan Jaminan Sosial Wajib","Gmaps"],
    ["12195","Kantor UPT PUSAT KAJIAN EKOLOGI PESISIR DAN LAUT","Jl. Indrapura","prelist","MEDAN BELAWAN","BELAWAN I","LINGKUNGAN 4","","0828-4108-162","O. Administrasi Pemerintahan, Pertahanan, dan Jaminan Sosial Wajib","Gmaps"],
    ["12196","Kantor Kesyahbandaran dan Otoritas Pelabuhan Utama Belawan","Jl. Deli","prelist","MEDAN BELAWAN","BELAWAN I","LINGKUNGAN 4","","(061) 6941051","O. Administrasi Pemerintahan, Pertahanan, dan Jaminan Sosial Wajib","Gmaps"],
    ["12197","Distrik Navigasi Kelas I Belawan","Jalan Suar Jl. Ujung Baru No.2","prelist","MEDAN BELAWAN","BELAWAN I","LINGKUNGAN 31","","","O. Administrasi Pemerintahan, Pertahanan, dan Jaminan Sosial Wajib","Gmaps"],
    ["12198","Kantor Lurah Belawan Sicanang","Jl. Klp. No.1","prelist","MEDAN BELAWAN","BELAWAN SICANANG","LINGKUNGAN 19","","","O. Administrasi Pemerintahan, Pertahanan, dan Jaminan Sosial Wajib","Gmaps"],
    ["12199","Kantor Lurah Belawan II","Jl. Cianjur Gg. Vii No.20","prelist","MEDAN BELAWAN","BELAWAN II","LINGKUNGAN 16","","","O. Administrasi Pemerintahan, Pertahanan, dan Jaminan Sosial Wajib","Gmaps"],
    ["12200","Kantor Lurah Belawan Bahari","Jl. Pulau Rupat No.10","prelist","MEDAN BELAWAN","BELAWAN BAHARI","LINGKUNGAN 8","","0812-6512-0547","O. Administrasi Pemerintahan, Pertahanan, dan Jaminan Sosial Wajib","Gmaps"],
    ["12201","Satkom Lantamal I","Jl. Karo No.1","prelist","MEDAN BELAWAN","BELAWAN I","LINGKUNGAN 4","","","O. Administrasi Pemerintahan, Pertahanan, dan Jaminan Sosial Wajib","Gmaps"],
    ["12202","Kantorpos Belawan","Jl Jalan Kapten Raden Sulian No.173, Belawan Bahagia, Medan Kota Belawan, Kota Medan, Sumatera Utara 20414","prelist","MEDAN BELAWAN","BELAWAN BAHAGIA","LINGKUNGAN 8","","","O. Administrasi Pemerintahan, Pertahanan, dan Jaminan Sosial Wajib","Gmaps"],
    ["12203","DEDEK SATRIA","lorong 2 umum SATRIA HOME, Bagan Deli, Medan Kota Belawan, Kota Medan, Sumatera Utara","prelist","MEDAN BELAWAN","BAGAN DELI","LINGKUNGAN 1","","0812-7482-5030","O. Administrasi Pemerintahan, Pertahanan, dan Jaminan Sosial Wajib","Gmaps"],
    ["12204","BT / BS Bima Belawan","Jl. Pelabuhan","prelist","MEDAN BELAWAN","BELAWAN II","LINGKUNGAN 36","","(061) 91294752","P. Pendidikan","Gmaps"],
    ["12205","Kursus Bahasa Inggris","Jl. Inderagiri No.24","prelist","MEDAN BELAWAN","BELAWAN I","LINGKUNGAN 6","","(061) 77539757","P. Pendidikan","Gmaps"],
    ["12206","LKP Belawan Kursus","Jl. Sumatera No.3 N","prelist","MEDAN BELAWAN","BELAWAN I","LINGKUNGAN 1","","(061) 6940624","P. Pendidikan","Gmaps"],
    ["12207","RA-TPQ NURUL HIKMAH","Gg.Keju","prelist","MEDAN BELAWAN","BELAWAN II","LINGKUNGAN 28","","0823-6162-1640","P. Pendidikan","Gmaps"],
    ["12208","Kantor Lurah Belawan I","Jl. Deli No.1","prelist","MEDAN BELAWAN","BELAWAN I","LINGKUNGAN 7","","(061) 6940099","O. Administrasi Pemerintahan, Pertahanan, dan Jaminan Sosial Wajib","Gmaps"],
    ["12209","Mako Yonmarhanlan I","Jl. Serma Hanafiah No.1","prelist","MEDAN BELAWAN","BELAWAN I","LINGKUNGAN 11","","","O. Administrasi Pemerintahan, Pertahanan, dan Jaminan Sosial Wajib","Gmaps"],
    ["12210","KP. HIU 16","Jl. Raya Pelabuhan","prelist","MEDAN BELAWAN","BELAWAN I","LINGKUNGAN 13","","","O. Administrasi Pemerintahan, Pertahanan, dan Jaminan Sosial Wajib","Gmaps"],
    ["12211","STID CENTER PETIKEMAS BELAWAN","Bagan Deli, Medan Kota Belawan, Kota Medan, Sumatera Utara","prelist","MEDAN BELAWAN","BAGAN DELI","LINGKUNGAN 9","","0812-6478-9611","O. Administrasi Pemerintahan, Pertahanan, dan Jaminan Sosial Wajib","Gmaps"],
    ["12212","Rumah Pompa Zona A Rob Belawan","Jl. Karo No.14","prelist","MEDAN BELAWAN","BELAWAN I","LINGKUNGAN 4","","","O. Administrasi Pemerintahan, Pertahanan, dan Jaminan Sosial Wajib","Gmaps"],
    ["12213","Kantor Pemadam kebakaran & Pas Pelabuhan PT Pelabuhan Indonesia (Reg 1 Cab Belawan)","Belawan I, Medan Kota Belawan, Kota Medan, Sumatera Utara","prelist","MEDAN BELAWAN","BELAWAN I","LINGKUNGAN 31","","","O. Administrasi Pemerintahan, Pertahanan, dan Jaminan Sosial Wajib","Gmaps"],
    ["12214","Polres Pelabuhan Belawan","Jl. Raya Pelabuhan Belawan","prelist","MEDAN BELAWAN","BAGAN DELI","LINGKUNGAN 1","","","O. Administrasi Pemerintahan, Pertahanan, dan Jaminan Sosial Wajib","Gmaps"],
    ["12215","KAPAL BASARNAS RB. 203","Jl. Tm Pahlawan","prelist","MEDAN BELAWAN","BELAWAN I","LINGKUNGAN 13","","0812-6369-6338","O. Administrasi Pemerintahan, Pertahanan, dan Jaminan Sosial Wajib","Gmaps"],
    ["12216","Gerbang Pelabuhan","Jl. Sumatera","prelist","MEDAN BELAWAN","BELAWAN I","LINGKUNGAN 4","","","O. Administrasi Pemerintahan, Pertahanan, dan Jaminan Sosial Wajib","Gmaps"],
    ["12217","Sonang saing","Jl. Pulau Rupat","prelist","MEDAN BELAWAN","BELAWAN BAHARI","LINGKUNGAN 8","","0812-6028-7281","O. Administrasi Pemerintahan, Pertahanan, dan Jaminan Sosial Wajib","Gmaps"],
    ["12218","Badan Meteorologi Dan Geofisika","Jl.Nasional","prelist","MEDAN BELAWAN","BAGAN DELI","LINGKUNGAN 8","","","O. Administrasi Pemerintahan, Pertahanan, dan Jaminan Sosial Wajib","Gmaps"],
    ["12219","Menara Pantau PPSB","Jl. Gabion","prelist","MEDAN BELAWAN","BAGAN DELI","LINGKUNGAN 11","","","O. Administrasi Pemerintahan, Pertahanan, dan Jaminan Sosial Wajib","Gmaps"],
    ["12220","DINAS KESEHATAN LANTAMAL 1 DISKES","Jl. Bengkalis","prelist","MEDAN BELAWAN","BELAWAN I","LINGKUNGAN 4","","","O. Administrasi Pemerintahan, Pertahanan, dan Jaminan Sosial Wajib","Gmaps"],
    ["12221","Pos Masuk Kawasan Pelabuhan Perikanan Samudera Belawan","Jl. Gabion","prelist","MEDAN BELAWAN","BAGAN DELI","LINGKUNGAN 11","","","O. Administrasi Pemerintahan, Pertahanan, dan Jaminan Sosial Wajib","Gmaps"],
    ["12222","UPT Pemadam Kebakaran & Penyelamatan Kota Medan Wil. IV","Belawan II, Medan Kota Belawan, Kota Medan, Sumatera Utara 20411","prelist","MEDAN BELAWAN","BELAWAN II","LINGKUNGAN 23","","","O. Administrasi Pemerintahan, Pertahanan, dan Jaminan Sosial Wajib","Gmaps"],
    ["12223","Kantor Pospay","Jl. St. No.7","prelist","MEDAN BELAWAN","BELAWAN II","LINGKUNGAN 26","","(0621) 441672","O. Administrasi Pemerintahan, Pertahanan, dan Jaminan Sosial Wajib","Gmaps"],
    ["12224","kantor belawan","Jl. Veteran No.1-200","prelist","MEDAN BELAWAN","BELAWAN I","LINGKUNGAN 4","","","O. Administrasi Pemerintahan, Pertahanan, dan Jaminan Sosial Wajib","Gmaps"],
    ["12225","Puskesmas Sicanang","Jl. Klp. No.Blok 21","prelist","MEDAN BELAWAN","BELAWAN SICANANG","LINGKUNGAN 19","","","O. Administrasi Pemerintahan, Pertahanan, dan Jaminan Sosial Wajib","Gmaps"],
    ["12226","Stasiun Meteorologi Maritim Belawan","Jl. Raya Pelabuhan Iii","prelist","MEDAN BELAWAN","BAGAN DELI","LINGKUNGAN 11","","(061) 6941851","O. Administrasi Pemerintahan, Pertahanan, dan Jaminan Sosial Wajib","Gmaps"],
    ["12227","Dermaga Pangkalan Kantor Wilayah DJBC Sumatera Utara","Jl. Indrapura No.13","prelist","MEDAN BELAWAN","BELAWAN I","LINGKUNGAN 4","","(061) 4519520","O. Administrasi Pemerintahan, Pertahanan, dan Jaminan Sosial Wajib","Gmaps"],
    ["12228","SKIPM MEDAN II","Jl. Kompleks Pelabuhan Perikanan Samudera","prelist","MEDAN BELAWAN","BAGAN DELI","LINGKUNGAN 11","","0811-6012-222","O. Administrasi Pemerintahan, Pertahanan, dan Jaminan Sosial Wajib","Gmaps"],
    ["12229","Satya adhi wicaksana","Bagan Deli, Medan Kota Belawan, Kota Medan, Sumatera Utara 20411","prelist","MEDAN BELAWAN","BAGAN DELI","LINGKUNGAN 12","","","O. Administrasi Pemerintahan, Pertahanan, dan Jaminan Sosial Wajib","Gmaps"],
    ["12230","Koterm Belawan","Belawan I, Medan Kota Belawan, Kota Medan, Sumatera Utara 20411","prelist","MEDAN BELAWAN","BELAWAN I","LINGKUNGAN 7","","(061) 6941741","O. Administrasi Pemerintahan, Pertahanan, dan Jaminan Sosial Wajib","Gmaps"],
    ["12231","STID CENTER NON PETIKEMAS PELABUHAN BELAWAN","Belawan I, Medan Kota Belawan, Kota Medan, Sumatera Utara 20411","prelist","MEDAN BELAWAN","BELAWAN II","LINGKUNGAN 44","","0822-6167-4521","O. Administrasi Pemerintahan, Pertahanan, dan Jaminan Sosial Wajib","Gmaps"],
    ["12232","PDAM Tirtanadi Cabang Belawan Kota","Jalan K.L. Yos Sudarso","prelist","MEDAN BELAWAN","BELAWAN I","LINGKUNGAN 1","","(061) 6942980","O. Administrasi Pemerintahan, Pertahanan, dan Jaminan Sosial Wajib","Gmaps"],
    ["12233","PDAM Tirtanadi","Jl. Tm Pahlawan","prelist","MEDAN BELAWAN","BELAWAN I","LINGKUNGAN 13","","","O. Administrasi Pemerintahan, Pertahanan, dan Jaminan Sosial Wajib","Gmaps"],
    ["12234","Polsek Medan Belawan","Jl.Sumatra","prelist","MEDAN BELAWAN","BELAWAN I","LINGKUNGAN 3","","","O. Administrasi Pemerintahan, Pertahanan, dan Jaminan Sosial Wajib","Gmaps"],
    ["12235","UPT. Puskesmas Belawan","Jl. St. No.1","prelist","MEDAN BELAWAN","BELAWAN II","LINGKUNGAN 3","","","O. Administrasi Pemerintahan, Pertahanan, dan Jaminan Sosial Wajib","Gmaps"],
    ["12236","Kantor Lurah Belawan Bahagia","Jl. Gulama","prelist","MEDAN BELAWAN","BELAWAN BAHAGIA","LINGKUNGAN 15","","","O. Administrasi Pemerintahan, Pertahanan, dan Jaminan Sosial Wajib","Gmaps"],
    ["12237","Kantor Kesehatan Pelabuhan Kelas I Medan","Jl. Veteran No.219","prelist","MEDAN BELAWAN","BELAWAN I","LINGKUNGAN 2","","(061) 6941343","O. Administrasi Pemerintahan, Pertahanan, dan Jaminan Sosial Wajib","Gmaps"],
    ["12238","Balai Penyuluhan KB Kecamatan Medan Belawan","Jl. Cimanuk No.3","prelist","MEDAN BELAWAN","BELAWAN II","LINGKUNGAN 23","","","O. Administrasi Pemerintahan, Pertahanan, dan Jaminan Sosial Wajib","Gmaps"],
    ["12239","RS TNI Angkatan Laut Dr. Komang Makes","Jl. Bengkalis No.1","prelist","MEDAN BELAWAN","BELAWAN I","LINGKUNGAN 4","","(061) 6941741","O. Administrasi Pemerintahan, Pertahanan, dan Jaminan Sosial Wajib","Gmaps"],
    ["12240","Komando Armada RI Kawasan Barat","Jl. Serma Hanafiah","prelist","MEDAN BELAWAN","BELAWAN I","LINGKUNGAN 3","","","O. Administrasi Pemerintahan, Pertahanan, dan Jaminan Sosial Wajib","Gmaps"],
    ["12241","MAKO LANTAMAL I","Belawan I, Medan Kota Belawan, Kota Medan, Sumatera Utara 20411","prelist","MEDAN BELAWAN","BELAWAN I","LINGKUNGAN 3","","","O. Administrasi Pemerintahan, Pertahanan, dan Jaminan Sosial Wajib","Gmaps"],
    ["12242","Pemadam kebakaran Belawan","Belawan II, Medan Kota Belawan, Kota Medan, Sumatera Utara 20411","prelist","MEDAN BELAWAN","BELAWAN II","LINGKUNGAN 23","","","O. Administrasi Pemerintahan, Pertahanan, dan Jaminan Sosial Wajib","Gmaps"],
    ["12243","Pos Pelayanan Syahbandar Perikanan","Jl. Gabion","prelist","MEDAN BELAWAN","BAGAN DELI","LINGKUNGAN 11","","","O. Administrasi Pemerintahan, Pertahanan, dan Jaminan Sosial Wajib","Gmaps"],
    ["12244","Kejaksaan Negeri Belawan","Jl. Raya Pelabuhan Belawan","prelist","MEDAN BELAWAN","BAGAN DELI","LINGKUNGAN 1","","","O. Administrasi Pemerintahan, Pertahanan, dan Jaminan Sosial Wajib","Gmaps"],
    ["12245","UPTD Pelayanan Sosial eks Kusta Belidahan Sicanang","Jl. Pulau Sicanang","prelist","MEDAN BELAWAN","BELAWAN SICANANG","LINGKUNGAN 19","","0813-7595-1247","O. Administrasi Pemerintahan, Pertahanan, dan Jaminan Sosial Wajib","Gmaps"],
    ["12246","Direktorat Jenderal Pajak","Jl. Veteran","prelist","MEDAN BELAWAN","BELAWAN I","LINGKUNGAN 1","","","O. Administrasi Pemerintahan, Pertahanan, dan Jaminan Sosial Wajib","Gmaps"],
    ["12247","BNN KOTA MEDAN","Belawan II, Medan Kota Belawan, Kota Medan, Sumatera Utara 20414","prelist","MEDAN BELAWAN","BELAWAN II","LINGKUNGAN 29","","","O. Administrasi Pemerintahan, Pertahanan, dan Jaminan Sosial Wajib","Gmaps"],
    ["12248","Kantor Resort Pelabuhan Belawan","Jl. Riau Timur No.11","prelist","MEDAN BELAWAN","BELAWAN II","LINGKUNGAN 2","","","O. Administrasi Pemerintahan, Pertahanan, dan Jaminan Sosial Wajib","Gmaps"],
    ["12249","POMAL Lantamal I Belawan","Jl. Kapten Raden Sulian No.1","prelist","MEDAN BELAWAN","BELAWAN I","LINGKUNGAN 31","","0812-6597-4575","O. Administrasi Pemerintahan, Pertahanan, dan Jaminan Sosial Wajib","Gmaps"],
    ["12250","Direktorat Kepolisian Perairan dan Udara Kepolisian Negara Republik Indonesia Daerah Sumatera Utara","Belawan I, Medan Kota Belawan, Kota Medan, Sumatera Utara 20411","prelist","MEDAN BELAWAN","BELAWAN I","LINGKUNGAN 13","","","O. Administrasi Pemerintahan, Pertahanan, dan Jaminan Sosial Wajib","Gmaps"],
    ["12251","Rumah Detensi Imigrasi - Medan","Jl. Selebes","prelist","MEDAN BELAWAN","BELAWAN II","LINGKUNGAN 43","","(061) 6945822","O. Administrasi Pemerintahan, Pertahanan, dan Jaminan Sosial Wajib","Gmaps"],
    ["12252","Kantor Kesehatan Belawan","Belawan I, Medan Kota Belawan, Kota Medan, Sumatera Utara 20411","prelist","MEDAN BELAWAN","BELAWAN I","LINGKUNGAN 4","","","O. Administrasi Pemerintahan, Pertahanan, dan Jaminan Sosial Wajib","Gmaps"],
    ["12253","Tempat Sidang Belawan Pengadilan Negeri Medan","Belawan II, Medan Kota Belawan, Kota Medan, Sumatera Utara","prelist","MEDAN BELAWAN","BELAWAN II","LINGKUNGAN 43","","","O. Administrasi Pemerintahan, Pertahanan, dan Jaminan Sosial Wajib","Gmaps"],
    ["12254","Kantor Lurah Bagan Deli","Jl. Besar","prelist","MEDAN BELAWAN","BAGAN DELI","LINGKUNGAN 3","","","O. Administrasi Pemerintahan, Pertahanan, dan Jaminan Sosial Wajib","Gmaps"],
    ["12255","Bidan Ferra Praktek Mandiri","Jl. Terubuk","prelist","MEDAN BELAWAN","BELAWAN BAHAGIA","LINGKUNGAN 8","","0853-6247-1771","Q. Jasa Kesehatan dan Kegiatan Sosial","Gmaps"],
    ["12256","Dr Rivaldi Idris","Jl. Sumatera No.29","prelist","MEDAN BELAWAN","BELAWAN I","LINGKUNGAN 1","","","Q. Jasa Kesehatan dan Kegiatan Sosial","Gmaps"],
    ["12257","Klinik Bidan Pipin Belawan","Jl. Selebes Gang 8 No.11","prelist","MEDAN BELAWAN","BELAWAN II","LINGKUNGAN 16","","","Q. Jasa Kesehatan dan Kegiatan Sosial","Gmaps"],
    ["12258","Nazwa II","Jl. Selebes","prelist","MEDAN BELAWAN","BELAWAN II","LINGKUNGAN 9","","(061) 6841813","Q. Jasa Kesehatan dan Kegiatan Sosial","Gmaps"],
    ["12259","Bintang Ultrasound. CV","Jl. Selebes No.6","prelist","MEDAN BELAWAN","BELAWAN II","LINGKUNGAN 29","","(061) 76941631","Q. Jasa Kesehatan dan Kegiatan Sosial","Gmaps"],
    ["12260","Drg. Irwan Amin","Jl. Veteran No.2","prelist","MEDAN BELAWAN","BELAWAN I","LINGKUNGAN 1","","0813-6975-4942","Q. Jasa Kesehatan dan Kegiatan Sosial","Gmaps"],
    ["12261","Pengobatan Patah Tulang Kem-Kem","Belawan I, Medan Kota Belawan, Kota Medan, Sumatera Utara 20411","prelist","MEDAN BELAWAN","BELAWAN I","LINGKUNGAN 19","","0813-7058-8488","Q. Jasa Kesehatan dan Kegiatan Sosial","Gmaps"],
    ["12262","Praktek Bidan Sinaga","gg 8 Jl. Selebes, Belawan II, Medan Kota Belawan, Kota Medan, Sumatera Utara 20411","prelist","MEDAN BELAWAN","BELAWAN II","LINGKUNGAN 33","","0812-6553-5432","Q. Jasa Kesehatan dan Kegiatan Sosial","Gmaps"],
    ["12263","Pustu Cikampek","Jl. Cimanuk","prelist","MEDAN BELAWAN","BELAWAN II","LINGKUNGAN 23","","","Q. Jasa Kesehatan dan Kegiatan Sosial","Gmaps"],
    ["12264","Posyandu Melati","Jl. Pusara No.Blok 07","prelist","MEDAN BELAWAN","BELAWAN SICANANG","LINGKUNGAN 19","","","Q. Jasa Kesehatan dan Kegiatan Sosial","Gmaps"],
    ["12265","Terapi Kesehatan Mandiri","Jl. Kakap","prelist","MEDAN BELAWAN","BELAWAN BAHAGIA","LINGKUNGAN 4","","0853-7352-3333","Q. Jasa Kesehatan dan Kegiatan Sosial","Gmaps"],
    ["12266","Rumah Bekam Indra jaya","Jl. Besar Lorong 3 Umum","prelist","MEDAN BELAWAN","BAGAN DELI","LINGKUNGAN 2","","0821-7082-1716","Q. Jasa Kesehatan dan Kegiatan Sosial","Gmaps"],
    ["12267","Dokter Gigi Belawan","Jl. Sumatera","prelist","MEDAN BELAWAN","BELAWAN I","LINGKUNGAN 2","","0812-5754-3550","Q. Jasa Kesehatan dan Kegiatan Sosial","Gmaps"],
    ["12268","RUMKITAL Belawan","Jl. Bengkalis No.1","prelist","MEDAN BELAWAN","BELAWAN I","LINGKUNGAN 4","","","Q. Jasa Kesehatan dan Kegiatan Sosial","Gmaps"],
    ["12269","POLISI MILITER LANT I","Jl. Kapten Raden Sulian No.1","prelist","MEDAN BELAWAN","BELAWAN I","LINGKUNGAN 31","","0812-6597-4575","O. Administrasi Pemerintahan, Pertahanan, dan Jaminan Sosial Wajib","Gmaps"],
    ["12270","Klinik Pratama Farah Dina","Jl. Sumatera","prelist","MEDAN BELAWAN","BELAWAN II","LINGKUNGAN 44","","","Q. Jasa Kesehatan dan Kegiatan Sosial","Gmaps"],
    ["12271","Balai Pengobatan FAMILI 100","Unnamed Road, Belawan Pulau Sicanang, Medan Kota Belawan, Kota Medan, Sumatera Utara 20411","prelist","MEDAN BELAWAN","BELAWAN SICANANG","LINGKUNGAN 19","","0812-6554-588","Q. Jasa Kesehatan dan Kegiatan Sosial","Gmaps"],
    ["12272","Klinik Hj Tj Mulia","Jl. Kl. Yos Sudarso No.21","prelist","MEDAN BELAWAN","BELAWAN BAHARI","LINGKUNGAN 2","","(061) 77832084","Q. Jasa Kesehatan dan Kegiatan Sosial","Gmaps"],
    ["12273","Klinik Bunda","klinik bunda, Belawan I, Medan Kota Belawan, Kota Medan, Sumatera Utara 20411","prelist","MEDAN BELAWAN","BELAWAN II","LINGKUNGAN 10","","0812-6041-4059","Q. Jasa Kesehatan dan Kegiatan Sosial","Gmaps"],
    ["12274","Klinik Veteran","Jl. Veteran No.94 A","prelist","MEDAN BELAWAN","BELAWAN I","LINGKUNGAN 2","","0812-6009-0008","Q. Jasa Kesehatan dan Kegiatan Sosial","Gmaps"],
    ["12275","Klinik Helvetia VIII","Belawan Bahari, Medan Kota Belawan, Kota Medan, Sumatera Utara 20414","prelist","MEDAN BELAWAN","BELAWAN BAHARI","LINGKUNGAN 2","","(061) 6940382","Q. Jasa Kesehatan dan Kegiatan Sosial","Gmaps"],
    ["12276","Klinik J Siagian","Belawan Pulau Sicanang, Medan Kota Belawan, Kota Medan, Sumatera Utara 20414","prelist","MEDAN BELAWAN","BELAWAN SICANANG","LINGKUNGAN 2","","0823-6864-7818","Q. Jasa Kesehatan dan Kegiatan Sosial","Gmaps"],
    ["12277","Klinik Delima","Jl. Kolonel Yos Sudarso","prelist","MEDAN BELAWAN","BELAWAN BAHARI","LINGKUNGAN 7","","(061) 6940598","Q. Jasa Kesehatan dan Kegiatan Sosial","Gmaps"],
    ["12278","Klinik Serasi","Jl. Veteran No.202","prelist","MEDAN BELAWAN","BELAWAN I","LINGKUNGAN 4","","0812-6316-6997","Q. Jasa Kesehatan dan Kegiatan Sosial","Gmaps"],
    ["12279","POSYANDU UDANG 1 LINGKUNGAN 14","LOR VI VETERAN LINGKUNGAN No.14, Bagan Deli, Medan Kota Belawan, Kota Medan, Sumatera Utara 20414","prelist","MEDAN BELAWAN","BAGAN DELI","LINGKUNGAN 10","","0821-6612-3813","Q. Jasa Kesehatan dan Kegiatan Sosial","Gmaps"],
    ["12280","Puskesmas Pembantu Bahagia","Jl. Hiu","prelist","MEDAN BELAWAN","BELAWAN BAHAGIA","LINGKUNGAN 2","","","Q. Jasa Kesehatan dan Kegiatan Sosial","Gmaps"],
    ["12281","Posyandu udang 1 LK XIV","Jalan Bagan Deli Lor Veteran No.6","prelist","MEDAN BELAWAN","BAGAN DELI","LINGKUNGAN 14","","","Q. Jasa Kesehatan dan Kegiatan Sosial","Gmaps"],
    ["12282","BP Helvetia VIII","Jl. Sumatera No.52","prelist","MEDAN BELAWAN","BELAWAN II","LINGKUNGAN 43","","(061) 6940382","Q. Jasa Kesehatan dan Kegiatan Sosial","Gmaps"],
    ["12283","Lab Klinik Sumatera","Jl. Veteran No.1","prelist","MEDAN BELAWAN","BELAWAN I","LINGKUNGAN 4","","(061) 4560721","Q. Jasa Kesehatan dan Kegiatan Sosial","Gmaps"],
    ["12284","Klinik Umum Sargiati ( pak haris)","Lorong Proyek, Bagan Deli, Medan Kota Belawan, Kota Medan, Sumatera Utara 20414","prelist","MEDAN BELAWAN","BAGAN DELI","LINGKUNGAN 3","","","Q. Jasa Kesehatan dan Kegiatan Sosial","Gmaps"],
    ["12285","Balai Pengobatan Mandiri","Jl. St. No.20","prelist","MEDAN BELAWAN","BELAWAN II","LINGKUNGAN 38","","0812-6310-952","Q. Jasa Kesehatan dan Kegiatan Sosial","Gmaps"],
    ["12286","Musim Mas Belawan 1","Bagan Deli, Medan Kota Belawan, Kota Medan, Sumatera Utara 20411","prelist","MEDAN BELAWAN","BAGAN DELI","LINGKUNGAN 8","","0895-4263-18400","Q. Jasa Kesehatan dan Kegiatan Sosial","Gmaps"],
    ["12287","Apotek sehat selalu","Jalan Paluh Halia Lingkungan","prelist","MEDAN BELAWAN","BELAWAN BAHARI","LINGKUNGAN 7","","0877-8525-4963","Q. Jasa Kesehatan dan Kegiatan Sosial","Gmaps"],
    ["12288","APOTIK YAKIN SEHAT","Belawan Bahari, Medan Kota Belawan, Kota Medan, Sumatera Utara 20414","prelist","MEDAN BELAWAN","BELAWAN BAHARI","LINGKUNGAN 1","","","Q. Jasa Kesehatan dan Kegiatan Sosial","Gmaps"],
    ["12289","LERIATI JAYA","Jl. Selebes Gang Iii","prelist","MEDAN BELAWAN","BELAWAN II","LINGKUNGAN 12","","0812-6201-2155","Q. Jasa Kesehatan dan Kegiatan Sosial","Gmaps"],
    ["12290","TOKO OBAT SILANGIT","Jl. Selebes No.Gang 8","prelist","MEDAN BELAWAN","BELAWAN II","LINGKUNGAN 16","","0812-6553-5432","Q. Jasa Kesehatan dan Kegiatan Sosial","Gmaps"],
    ["12291","Apotek Pulau Bali","Jl. Veteran No.4D","prelist","MEDAN BELAWAN","BELAWAN I","LINGKUNGAN 2","","(061) 77122246","Q. Jasa Kesehatan dan Kegiatan Sosial","Gmaps"],
    ["12292","Apotek Mary 3","Jl. Kl. Yos Sudarso No.Km 21.5","prelist","MEDAN BELAWAN","BELAWAN BAHARI","LINGKUNGAN 10","","0812-2546-0044","Q. Jasa Kesehatan dan Kegiatan Sosial","Gmaps"],
    ["12293","Adi Makmur Apotik","Lrg. Pahlawan No.2, Belawan I, Medan Kota Belawan, Kota Medan, Sumatera Utara 20411","prelist","MEDAN BELAWAN","BELAWAN I","LINGKUNGAN 19","","(061) 7946787","Q. Jasa Kesehatan dan Kegiatan Sosial","Gmaps"],
    ["12294","Tukang Gigi Sholehuddin","Jln.Stasiun Lorong Dermawan No9C","prelist","MEDAN BELAWAN","BELAWAN I","LINGKUNGAN 23","","0813-6111-6481","Q. Jasa Kesehatan dan Kegiatan Sosial","Gmaps"],
    ["12295","PSIKOLAB BELAWAN (TES PSIKOLOGI SIM)","Bagan Deli, Medan Kota Belawan, Kota Medan, Sumatera Utara","prelist","MEDAN BELAWAN","BAGAN DELI","LINGKUNGAN 9","","","Q. Jasa Kesehatan dan Kegiatan Sosial","Gmaps"],
    ["12296","Klinik Bersalin Sentosa Belawan","JL Taman Makam Pahlawan No.34 A, Belawan I, Medan Kota Belawan, Kota Medan, Sumatera Utara 20411","prelist","MEDAN BELAWAN","BELAWAN I","LINGKUNGAN 31","","(061) 6943318","Q. Jasa Kesehatan dan Kegiatan Sosial","Gmaps"],
    ["12297","Salbiyana","Jl. Veteran","prelist","MEDAN BELAWAN","BELAWAN I","LINGKUNGAN 1","","","Q. Jasa Kesehatan dan Kegiatan Sosial","Gmaps"],
    ["12298","Puskesmas Pembantu Bahari.","Jl. Raya Pelabuhan","prelist","MEDAN BELAWAN","BELAWAN BAHARI","LINGKUNGAN 12","","0822-7785-7315","Q. Jasa Kesehatan dan Kegiatan Sosial","Gmaps"],
    ["12299","Praktek Bersama","Jl. Sumatera No.72","prelist","MEDAN BELAWAN","BELAWAN I","LINGKUNGAN 2","","(061) 76532800","Q. Jasa Kesehatan dan Kegiatan Sosial","Gmaps"],
    ["12300","SKPC","Jl. Pulau Rupat No.6","prelist","MEDAN BELAWAN","BELAWAN BAHARI","LINGKUNGAN 7","","","R. Kesenian, Hiburan dan Rekreasi","Gmaps"],
    ["12301","Taman Digital Sicanang","Belawan Pulau Sicanang, Medan Kota Belawan, Kota Medan, Sumatera Utara 20411","prelist","MEDAN BELAWAN","BELAWAN SICANANG","LINGKUNGAN 19","","","R. Kesenian, Hiburan dan Rekreasi","Gmaps"],
    ["12302","riski sabana","Belawan Bahari, Medan Kota Belawan, Kota Medan, Sumatera Utara","prelist","MEDAN BELAWAN","BELAWAN BAHARI","LINGKUNGAN 8","","","R. Kesenian, Hiburan dan Rekreasi","Gmaps"],
    ["12303","Dian Karaoke/Ktv","Jl. Sumatera No.74","prelist","MEDAN BELAWAN","BELAWAN I","LINGKUNGAN 2","","","R. Kesenian, Hiburan dan Rekreasi","Gmaps"],
    ["12304","Salon Cristilla Spa & Karaoke","Jl. Sumatera","prelist","MEDAN BELAWAN","BELAWAN I","LINGKUNGAN 1","","","R. Kesenian, Hiburan dan Rekreasi","Gmaps"],
    ["12305","Xiau Ling Cafe","Jl. Pelabuhan I Depan No.3","prelist","MEDAN BELAWAN","BELAWAN II","LINGKUNGAN 43","","","R. Kesenian, Hiburan dan Rekreasi","Gmaps"],
    ["12306","Oscar cafe","Jl. Sumatera No.102","prelist","MEDAN BELAWAN","BELAWAN II","LINGKUNGAN 43","","","R. Kesenian, Hiburan dan Rekreasi","Gmaps"],
    ["12307","Ria Bioskop","Jl. Veteran No.1","prelist","MEDAN BELAWAN","BELAWAN I","LINGKUNGAN 4","","(061) 8821176","R. Kesenian, Hiburan dan Rekreasi","Gmaps"],
    ["12308","Panti Asuhan ANDREAS","Jl. Kl. Yos Sudarso No.Km 20","prelist","MEDAN BELAWAN","BELAWAN BAHARI","LINGKUNGAN 3","","","Q. Jasa Kesehatan dan Kegiatan Sosial","Gmaps"],
    ["12309","Lokasi vaksin COVID-19 - KKP Kelas I Medan","Jl. Veteran No.219","prelist","MEDAN BELAWAN","BELAWAN I","LINGKUNGAN 4","","","Q. Jasa Kesehatan dan Kegiatan Sosial","Gmaps"],
    ["12310","Balai Laboratorium Bea dan Cukai Kelas II Medan","Jl. Sumatera No.116","prelist","MEDAN BELAWAN","BELAWAN I","LINGKUNGAN 2","","(061) 6945326","Q. Jasa Kesehatan dan Kegiatan Sosial","Gmaps"],
    ["12311","Apotek Kimia Farma 28 Belawan","Jl. Sumatera No.08","prelist","MEDAN BELAWAN","BELAWAN I","LINGKUNGAN 1","","0811-6533-156","Q. Jasa Kesehatan dan Kegiatan Sosial","Gmaps"],
    ["12312","Toko Sentoul","Jl. Veteran No.94","prelist","MEDAN BELAWAN","BELAWAN I","LINGKUNGAN 1","","(061) 6944463","Q. Jasa Kesehatan dan Kegiatan Sosial","Gmaps"],
    ["12313","Toko Makmur Baru","Jl. Veteran No.62","prelist","MEDAN BELAWAN","BELAWAN I","LINGKUNGAN 1","","(061) 6945354","Q. Jasa Kesehatan dan Kegiatan Sosial","Gmaps"],
    ["12314","A Heng","Jl. Veteran No.12","prelist","MEDAN BELAWAN","BELAWAN I","LINGKUNGAN 3","","0821-6621-1090","Q. Jasa Kesehatan dan Kegiatan Sosial","Gmaps"],
    ["12315","Jetset Fitness","Jl. Veteran No.1A","prelist","MEDAN BELAWAN","BELAWAN I","LINGKUNGAN 4","","(0711) 313303","R. Kesenian, Hiburan dan Rekreasi","Gmaps"],
    ["12316","sanggar senam Marsya Fitness","Lorong Dermawan No.8, Belawan I, Medan Kota Belawan, Kota Medan, Sumatera Utara 20414","prelist","MEDAN BELAWAN","BELAWAN I","LINGKUNGAN 23","","0821-6778-7698","R. Kesenian, Hiburan dan Rekreasi","Gmaps"],
    ["12317","Ujung Titi Kak Kusu","Jl. Bawal","prelist","MEDAN BELAWAN","BELAWAN BAHAGIA","LINGKUNGAN 19","","0813-9731-2005","R. Kesenian, Hiburan dan Rekreasi","Gmaps"],
    ["12318","Kaca Mata K Ion nano Medan","Jl. Sumatera No.103","prelist","MEDAN BELAWAN","BELAWAN I","LINGKUNGAN 2","","0853-6120-0489","R. Kesenian, Hiburan dan Rekreasi","Gmaps"],
    ["12319","Salon Surya/elnada","Jl. Veteran No.164A","prelist","MEDAN BELAWAN","BELAWAN I","LINGKUNGAN 2","","","R. Kesenian, Hiburan dan Rekreasi","Gmaps"],
    ["12320","PIJAT KHUSUS WANITA","Jl. St.","prelist","MEDAN BELAWAN","BELAWAN I","LINGKUNGAN 13","","0821-6897-5002","R. Kesenian, Hiburan dan Rekreasi","Gmaps"],
    ["12321","Kolam pak kopral","Belawan Pulau Sicanang, Medan Kota Belawan, Kota Medan, Sumatera Utara","prelist","MEDAN BELAWAN","BELAWAN SICANANG","LINGKUNGAN 19","","","R. Kesenian, Hiburan dan Rekreasi","Gmaps"],
    ["12322","squad naga hitam","Belawan I, Kec. Hamparan Perak, Kota Medan, Sumatera Utara","prelist","MEDAN BELAWAN","BELAWAN I","LINGKUNGAN 12","","","R. Kesenian, Hiburan dan Rekreasi","Gmaps"],
    ["12323","Jabu RITONGA Tolang","Belawan Pulau Sicanang, Medan Kota Belawan, Kota Medan, Sumatera Utara 20411","prelist","MEDAN BELAWAN","BELAWAN SICANANG","LINGKUNGAN 17","","","R. Kesenian, Hiburan dan Rekreasi","Gmaps"],
    ["12324","Pondok quran","Jl. Pulau Sicanang","prelist","MEDAN BELAWAN","BELAWAN SICANANG","LINGKUNGAN 1","","","R. Kesenian, Hiburan dan Rekreasi","Gmaps"],
    ["12325","Pulau Burung","Hamparan Perak, Medan Kota Belawan, Kabupaten Deli Serdang, Sumatera Utara","prelist","MEDAN BELAWAN","BELAWAN SICANANG","LINGKUNGAN 1","","","R. Kesenian, Hiburan dan Rekreasi","Gmaps"],
    ["12326","Base Camp","Belawan Bahagia, Medan Kota Belawan, Kota Medan, Sumatera Utara 20414","prelist","MEDAN BELAWAN","BELAWAN BAHAGIA","LINGKUNGAN 12","","","R. Kesenian, Hiburan dan Rekreasi","Gmaps"],
    ["12327","Rumah ariq","Jl. Pusara No.Blok B","prelist","MEDAN BELAWAN","BELAWAN SICANANG","LINGKUNGAN 9","","","R. Kesenian, Hiburan dan Rekreasi","Gmaps"],
    ["12328","ANTERAJA BELAWAN","Jl. Pelabuhan No.2","prelist","MEDAN BELAWAN","BELAWAN II","LINGKUNGAN 37","","0831-2152-0674","R. Kesenian, Hiburan dan Rekreasi","Gmaps"],
    ["12329","Rumah abdullah benu","Jl. Klp.","prelist","MEDAN BELAWAN","BELAWAN SICANANG","LINGKUNGAN 19","","0896-0385-919","R. Kesenian, Hiburan dan Rekreasi","Gmaps"],
    ["12330","Adeliaviraa_makeup (perias pengantin)","Jl. Selebes No.Gang 2","prelist","MEDAN BELAWAN","BELAWAN II","LINGKUNGAN 35","","","S. Aktivitas Jasa Lainnya","Gmaps"],
    ["12331","Delima makeup","Jl. Selebes","prelist","MEDAN BELAWAN","BELAWAN II","LINGKUNGAN 34","","0831-7178-0707","S. Aktivitas Jasa Lainnya","Gmaps"],
    ["12332","ENDANG SALON KECANTIKAN","Jl. Raya Pelabuhan Belawan","prelist","MEDAN BELAWAN","BAGAN DELI","LINGKUNGAN 10","","","S. Aktivitas Jasa Lainnya","Gmaps"],
    ["12333","Cida nailart","lorong proyek, Bagan Deli, Medan Kota Belawan, Kota Medan, Sumatera Utara","prelist","MEDAN BELAWAN","BAGAN DELI","LINGKUNGAN 3","","","S. Aktivitas Jasa Lainnya","Gmaps"],
    ["12334","Nailartby.tin","Blk. 18 lingkungan 12, Belawan Pulau Sicanang, Medan Kota Belawan, Kota Medan, Sumatera Utara","prelist","MEDAN BELAWAN","BELAWAN SICANANG","LINGKUNGAN 12","","","S. Aktivitas Jasa Lainnya","Gmaps"],
    ["12335","Oshin Salon","Belawan I, Medan Kota Belawan, Kota Medan, Sumatera Utara 20411","prelist","MEDAN BELAWAN","BELAWAN I","LINGKUNGAN 1","","(061) 4565429","S. Aktivitas Jasa Lainnya","Gmaps"],
    ["12336","Nail Art by ANH","Jl. Selebes No.415","prelist","MEDAN BELAWAN","BELAWAN II","LINGKUNGAN 30","","0821-5108-2230","S. Aktivitas Jasa Lainnya","Gmaps"],
    ["12337","Elsalon","Jl.Paluh Halia","prelist","MEDAN BELAWAN","BELAWAN SICANANG","LINGKUNGAN 2","","0823-5191-7294","S. Aktivitas Jasa Lainnya","Gmaps"],
    ["12338","Pinkan","Jl. Selebes","prelist","MEDAN BELAWAN","BELAWAN II","LINGKUNGAN 18","","0823-0403-4796","S. Aktivitas Jasa Lainnya","Gmaps"],
    ["12339","RINI SALON","Jl. Veteran","prelist","MEDAN BELAWAN","BELAWAN I","LINGKUNGAN 2","","","S. Aktivitas Jasa Lainnya","Gmaps"],
    ["12340","noer beauty saloon","Jl. Sepat No.4","prelist","MEDAN BELAWAN","BELAWAN BAHAGIA","LINGKUNGAN 10","","","S. Aktivitas Jasa Lainnya","Gmaps"],
    ["12341","Salon dagemo","Jl. Tm Pahlawan Lorong Sundari","prelist","MEDAN BELAWAN","BELAWAN I","LINGKUNGAN 13","","","S. Aktivitas Jasa Lainnya","Gmaps"],
    ["12342","Queen Nail art","Jl. Nauli","prelist","MEDAN BELAWAN","BELAWAN BAHARI","LINGKUNGAN 12","","0838-4739-4887","S. Aktivitas Jasa Lainnya","Gmaps"],
    ["12343","PON SALON","Jl. Veteran No.146","prelist","MEDAN BELAWAN","BELAWAN I","LINGKUNGAN 2","","0821-5881-7977","S. Aktivitas Jasa Lainnya","Gmaps"],
    ["12344","jln bliton barat","Jl. Jawa No.18","prelist","MEDAN BELAWAN","BELAWAN II","LINGKUNGAN 7","","0813-6225-4983","R. Kesenian, Hiburan dan Rekreasi","Gmaps"],
    ["12345","Gn","Jl. Inderagiri","prelist","MEDAN BELAWAN","BELAWAN I","LINGKUNGAN 6","","","R. Kesenian, Hiburan dan Rekreasi","Gmaps"],
    ["12346","salon Grand Nevada","Belawan I, Medan Kota Belawan, Kota Medan, Sumatera Utara 20411","prelist","MEDAN BELAWAN","BELAWAN I","LINGKUNGAN 1","","0821-3460-4302","S. Aktivitas Jasa Lainnya","Gmaps"],
    ["12347","IDA SALON","Jl. Bangka No.17","prelist","MEDAN BELAWAN","BELAWAN II","LINGKUNGAN 4","","0823-6156-5141","S. Aktivitas Jasa Lainnya","Gmaps"],
    ["12348","Nancy Salon","Jl. Tenggiri No.7","prelist","MEDAN BELAWAN","BELAWAN BAHAGIA","LINGKUNGAN 2","","(061) 6942235","S. Aktivitas Jasa Lainnya","Gmaps"],
    ["12349","Ratih salon","Jl. Mujahir No.110","prelist","MEDAN BELAWAN","BELAWAN I","LINGKUNGAN 25","","0812-7302-6726","S. Aktivitas Jasa Lainnya","Gmaps"],
    ["12350","La Belle Beauty Studio Belawan","Jalan Stasiun Belawan Ii Ruko Baru Pjka No. F3 (Depan Pelabuhan / Simpang Pajak Pompa","prelist","MEDAN BELAWAN","BELAWAN II","LINGKUNGAN 38","","","S. Aktivitas Jasa Lainnya","Gmaps"],
    ["12351","Borna Salon","Jl. Kl. Yos Sudarso","prelist","MEDAN BELAWAN","BELAWAN BAHARI","LINGKUNGAN 3","","0813-7540-5265","S. Aktivitas Jasa Lainnya","Gmaps"],
    ["12352","DIZA SALON","Jl. Cipanas 8","prelist","MEDAN BELAWAN","BELAWAN II","LINGKUNGAN 17","","0812-6292-3959","S. Aktivitas Jasa Lainnya","Gmaps"],
    ["12353","Shelomita Mua Medan","Blk. 14 p, Belawan Pulau Sicanang, Medan Kota Belawan, Kota Medan, Sumatera Utara 20416","prelist","MEDAN BELAWAN","BELAWAN SICANANG","LINGKUNGAN 10","","0856-6402-1622","S. Aktivitas Jasa Lainnya","Gmaps"],
    ["12354","Tata Salon","Jl. Serdang Depan Rs.Pringadi","prelist","MEDAN BELAWAN","BELAWAN I","LINGKUNGAN 8","","(061) 91123311","S. Aktivitas Jasa Lainnya","Gmaps"],
    ["12355","Bestari Salon","Jl. Raya Pelabuhan Simpang Kampung Salam Simpang Keluar Tol","prelist","MEDAN BELAWAN","BELAWAN BAHARI","LINGKUNGAN 12","","0821-6474-9477","S. Aktivitas Jasa Lainnya","Gmaps"],
    ["12356","Inong Salon","Jalan Cipanas","prelist","MEDAN BELAWAN","BELAWAN II","LINGKUNGAN 12","","0812-6013-5250","S. Aktivitas Jasa Lainnya","Gmaps"],
    ["12357","Novi salon","Belawan Pulau Sicanang, Medan Kota Belawan, Kota Medan, Sumatera Utara 20414","prelist","MEDAN BELAWAN","BELAWAN SICANANG","LINGKUNGAN 9","","","S. Aktivitas Jasa Lainnya","Gmaps"],
    ["12358","Salon Nonita Beauty","Jl. Pusara","prelist","MEDAN BELAWAN","BELAWAN SICANANG","LINGKUNGAN 19","","0821-6551-5388","S. Aktivitas Jasa Lainnya","Gmaps"],
    ["12359","Jalan Kenanga","Belawan Bahagia, Medan Kota Belawan, Kota Medan, Sumatera Utara 20414","prelist","MEDAN BELAWAN","BELAWAN BAHAGIA","LINGKUNGAN 19","","0823-7039-4743","S. Aktivitas Jasa Lainnya","Gmaps"],
    ["12360","Kp. Sentosa barat LK XX Belawan si sicanang","Belawan Pulau Sicanang, Medan Kota Belawan, Kota Medan, Sumatera Utara","prelist","MEDAN BELAWAN","BELAWAN SICANANG","LINGKUNGAN 20","","","S. Aktivitas Jasa Lainnya","Gmaps"],
    ["12361","Tatarias Jira Safitri rambe","Lrg. 6 veteran, Bagan Deli, Medan Kota Belawan, Kota Medan, Sumatera Utara 20414","prelist","MEDAN BELAWAN","BAGAN DELI","LINGKUNGAN 10","","0822-7301-4513","S. Aktivitas Jasa Lainnya","Gmaps"],
    ["12362","Jogja Wash Laundry & Dry Clean","Jl. Veteran No.180","prelist","MEDAN BELAWAN","BELAWAN I","LINGKUNGAN 2","","0812-6650-8889","S. Aktivitas Jasa Lainnya","Gmaps"],
    ["12363","ADRIAN LAUNDRY","Jl. Kl. Yos Sudarso","prelist","MEDAN BELAWAN","BELAWAN BAHARI","LINGKUNGAN 7","","","S. Aktivitas Jasa Lainnya","Gmaps"],
    ["12364","Barbershop Serasi Tampan","Jl. Jawa No.16","prelist","MEDAN BELAWAN","BELAWAN II","LINGKUNGAN 9","","0822-7437-8000","I. Penyediaan Akomodasi dan Makan Minum","Gmaps"],
    ["12365","Pangkas Marley","Bagan Deli, Medan Kota Belawan, Kota Medan, Sumatera Utara 20414","prelist","MEDAN BELAWAN","BAGAN DELI","LINGKUNGAN 4","","","I. Penyediaan Akomodasi dan Makan Minum","Gmaps"],
    ["12366","Sity Pangkas","Bagan Deli, Medan Kota Belawan, Kota Medan, Sumatera Utara 20411","prelist","MEDAN BELAWAN","BAGAN DELI","LINGKUNGAN 1","","0813-7085-3693","I. Penyediaan Akomodasi dan Makan Minum","Gmaps"],
    ["12367","Haris Pangkas","Jl. Kampar","prelist","MEDAN BELAWAN","BELAWAN I","LINGKUNGAN 11","","","I. Penyediaan Akomodasi dan Makan Minum","Gmaps"],
    ["12368","Anugrah Pangkas","Jl. Veteran No.121","prelist","MEDAN BELAWAN","BELAWAN I","LINGKUNGAN 2","","","I. Penyediaan Akomodasi dan Makan Minum","Gmaps"],
    ["12369","HUNTER BARBERSHOP","Jl. Serdang","prelist","MEDAN BELAWAN","BELAWAN I","LINGKUNGAN 1","","","I. Penyediaan Akomodasi dan Makan Minum","Gmaps"],
    ["12370","Aa Barber Shop","Jl. Veteran No.21","prelist","MEDAN BELAWAN","BELAWAN I","LINGKUNGAN 3","","","I. Penyediaan Akomodasi dan Makan Minum","Gmaps"],
    ["12371","PANGKAS MAHKOTA","Jl. Veteran No.25","prelist","MEDAN BELAWAN","BELAWAN I","LINGKUNGAN 3","","0852-7532-4339","I. Penyediaan Akomodasi dan Makan Minum","Gmaps"],
    ["12372","Bravo pangkas ( barbershop )","Jl. Kl. Yos Sudarso","prelist","MEDAN BELAWAN","BELAWAN BAHARI","LINGKUNGAN 11","","","I. Penyediaan Akomodasi dan Makan Minum","Gmaps"],
    ["12373","Belawan Pangkas","Jalan Stasiun Belawan","prelist","MEDAN BELAWAN","BELAWAN I","LINGKUNGAN 21","","0851-5955-3407","I. Penyediaan Akomodasi dan Makan Minum","Gmaps"],
    ["12374","The Man Room (Barbershop)","Jalan Yos Sudarso","prelist","MEDAN BELAWAN","BELAWAN BAHARI","LINGKUNGAN 12","","0813-6216-7688","I. Penyediaan Akomodasi dan Makan Minum","Gmaps"],
    ["12375","Makeup khawlanizia ( yunda rahmayani)","Belawan Pulau Sicanang, Medan Kota Belawan, Kota Medan, Sumatera Utara","prelist","MEDAN BELAWAN","BELAWAN SICANANG","LINGKUNGAN 15","","","S. Aktivitas Jasa Lainnya","Gmaps"],
    ["12376","Lovely Beauty Studio & Academy","Jl. Cimanuk Baru No.Gg.14","prelist","MEDAN BELAWAN","BELAWAN II","LINGKUNGAN 23","","0813-6206-0213","S. Aktivitas Jasa Lainnya","Gmaps"],
    ["12377","Doorsmer pak eko","Jl. Bengkalis No.23","prelist","MEDAN BELAWAN","BELAWAN I","LINGKUNGAN 4","","0852-7195-1518","S. Aktivitas Jasa Lainnya","Gmaps"],
    ["12378","Doorsmeer Samuel","Belawan Bahari, Medan Kota Belawan, Kota Medan, Sumatera Utara 20414","prelist","MEDAN BELAWAN","BELAWAN BAHARI","LINGKUNGAN 7","","0853-6227-5447","S. Aktivitas Jasa Lainnya","Gmaps"],
    ["12379","Doorsmeer Rifin Hutasuhut","Jl. Kl. Yos Sudarso","prelist","MEDAN BELAWAN","BELAWAN BAHARI","LINGKUNGAN 12","","","S. Aktivitas Jasa Lainnya","Gmaps"],
    ["12380","Doorsmeer kak yos","Jalan Cimanuk Baru No.Gg.14","prelist","MEDAN BELAWAN","BELAWAN II","LINGKUNGAN 23","","0812-6264-8411","S. Aktivitas Jasa Lainnya","Gmaps"],
    ["12381","Cuci Steam Buk Inong","Belawan Bahari, Medan Kota Belawan, Kota Medan, Sumatera Utara 20414","prelist","MEDAN BELAWAN","BELAWAN BAHARI","LINGKUNGAN 10","","","S. Aktivitas Jasa Lainnya","Gmaps"],
    ["12382","DOORSMEER ALIF","Jl. Bengkalis","prelist","MEDAN BELAWAN","BELAWAN I","LINGKUNGAN 6","","","S. Aktivitas Jasa Lainnya","Gmaps"],
    ["12383","Doorsmeer Abel","Jl. Baung","prelist","MEDAN BELAWAN","BELAWAN BAHAGIA","LINGKUNGAN 13","","","S. Aktivitas Jasa Lainnya","Gmaps"],
    ["12384","Doorsmeer Stefano","Jl. Selebes","prelist","MEDAN BELAWAN","BELAWAN II","LINGKUNGAN 43","","","S. Aktivitas Jasa Lainnya","Gmaps"],
    ["12385","Happy wash laundry","Jl. Cilacap Timur No.15","prelist","MEDAN BELAWAN","BELAWAN II","LINGKUNGAN 9","","0822-6708-0099","S. Aktivitas Jasa Lainnya","Gmaps"],
    ["12386","FIRZA LOUNDRY","Jl. St. No.19","prelist","MEDAN BELAWAN","BELAWAN II","LINGKUNGAN 3","","0853-7111-3410","S. Aktivitas Jasa Lainnya","Gmaps"],
    ["12387","Orange Laundry","Jl. Jawa No.8","prelist","MEDAN BELAWAN","BELAWAN II","LINGKUNGAN 10","","","S. Aktivitas Jasa Lainnya","Gmaps"],
    ["12388","kusuk dan bekam Wak Serik kurus","Belawan Pulau Sicanang, Medan Kota Belawan, Kota Medan, Sumatera Utara 20414","prelist","MEDAN BELAWAN","BELAWAN SICANANG","LINGKUNGAN 9","","","S. Aktivitas Jasa Lainnya","Gmaps"],
    ["12389","RAQUEL Loundry","Jl. Serdang Cd1 No.5","prelist","MEDAN BELAWAN","BELAWAN I","LINGKUNGAN 6","","0853-6079-4122","S. Aktivitas Jasa Lainnya","Gmaps"],
    ["12390","MARI LAUNDRY","Jl. St.","prelist","MEDAN BELAWAN","BELAWAN I","LINGKUNGAN 22","","0822-9702-8832","S. Aktivitas Jasa Lainnya","Gmaps"],
    ["12391","Bamb's Laundry","Jl. Selebes No.213","prelist","MEDAN BELAWAN","BELAWAN II","LINGKUNGAN 33","","0813-6169-4869","S. Aktivitas Jasa Lainnya","Gmaps"],
    ["12392","PAUD KALAM AR-RIDHO","Lorong Ujung Tanjung ll Lingkungan XV, Bagan Deli, Medan Kota Belawan, Kota Medan, Sumatera Utara","prelist","MEDAN BELAWAN","BAGAN DELI","LINGKUNGAN 15","","","P. Pendidikan","Gmaps"],
    ["12393","Kelompok Bermain Putra Pesisir","Jl. St. No.18","prelist","MEDAN BELAWAN","BELAWAN I","LINGKUNGAN 14","","0813-6101-8213","P. Pendidikan","Gmaps"],
    ["12394","Yayasan Pendidikan Umi Ayu Belawan","Jl. Rokan No.39","prelist","MEDAN BELAWAN","BELAWAN I","LINGKUNGAN 7","","","P. Pendidikan","Gmaps"],
    ["12395","Paud semai tunas baru","Lrg. 5 veteran, Bagan Deli, Medan Kota Belawan, Kota Medan, Sumatera Utara","prelist","MEDAN BELAWAN","BAGAN DELI","LINGKUNGAN 7","","","P. Pendidikan","Gmaps"],
    ["12396","Sekolah Plus Bip Belawan","Gg. Karno No.12","prelist","MEDAN BELAWAN","BELAWAN I","LINGKUNGAN 4","","(061) 6943841","P. Pendidikan","Gmaps"],
    ["12397","Gubuk belajar Al Izzah","Belawan Bahagia, Medan Kota Belawan, Kota Medan, Sumatera Utara 20414","prelist","MEDAN BELAWAN","BELAWAN BAHAGIA","LINGKUNGAN 9","","0821-4070-6086","P. Pendidikan","Gmaps"],
    ["12398","Yayasan Anugerah Ceria Bersama","Belawan Pulau Sicanang, Medan Kota Belawan, Kota Medan, Sumatera Utara 20414","prelist","MEDAN BELAWAN","BELAWAN SICANANG","LINGKUNGAN 2","","0813-7513-2744","P. Pendidikan","Gmaps"],
    ["12399","Asia Mewah Wisata .Pt","Jl. Veteran No.72A 20111","prelist","MEDAN BELAWAN","BELAWAN I","LINGKUNGAN 2","","","S. Aktivitas Jasa Lainnya","Gmaps"],
    ["12400","SEWA FORKLIFT","Jl. Pelabuhan No.08","prelist","MEDAN BELAWAN","BELAWAN II","LINGKUNGAN 43","","0857-6731-9286","S. Aktivitas Jasa Lainnya","Gmaps"],
    ["12401","FAD ALUMINIUM & GLASS","Jl. Pulau Seram","prelist","MEDAN BELAWAN","BELAWAN BAHARI","LINGKUNGAN 3","","0852-7446-6137","S. Aktivitas Jasa Lainnya","Gmaps"],
    ["12402","Service Hp Didi Ponsel","Jalan Besar Lrg. 6","prelist","MEDAN BELAWAN","BAGAN DELI","LINGKUNGAN 13","","","J. Informasi dan Komunikasi","Gmaps"],
    ["12403","AL,KAUTSAR PONSEL service hp","BAGAN DELI, SAMPING, FUUTSALL, Medan Kota Belawan, Sumatera Utara 20411","prelist","MEDAN BELAWAN","BAGAN DELI","LINGKUNGAN 13","","0821-6979-6369","J. Informasi dan Komunikasi","Gmaps"],
    ["12404","Service hp","Blk. 19, Belawan Pulau Sicanang, Medan Kota Belawan, Kota Medan, Sumatera Utara 20114","prelist","MEDAN BELAWAN","BELAWAN SICANANG","LINGKUNGAN 12","","0813-7408-7720","J. Informasi dan Komunikasi","Gmaps"],
    ["12405","Santa Cell (service hp, toko pulsa dan token listrik)","Jl. Yos Sudarso","prelist","MEDAN BELAWAN","BELAWAN BAHARI","LINGKUNGAN 7","","0822-6748-1608","J. Informasi dan Komunikasi","Gmaps"],
    ["12406","Service Electronic","Jl. Kl. Yos Sudarso","prelist","MEDAN BELAWAN","BELAWAN II","LINGKUNGAN 26","","0852-6131-1875","S. Aktivitas Jasa Lainnya","Gmaps"],
    ["12407","Suwandi Service Elektronik","Jl. St.","prelist","MEDAN BELAWAN","BELAWAN I","LINGKUNGAN 19","","0821-6217-2232","S. Aktivitas Jasa Lainnya","Gmaps"],
    ["12414","Pondok pesantren Bahrul Ulum Al Aziziyah","Belawan Pulau Sicanang, Medan Kota Belawan, Kota Medan, Sumatera Utara 20415","prelist","MEDAN BELAWAN","BELAWAN SICANANG","LINGKUNGAN 20","","","P. Pendidikan","Gmaps"],
    ["12415","Pondok Pesantren Babulyaqin","Jl. Hidayah","prelist","MEDAN BELAWAN","BELAWAN SICANANG","LINGKUNGAN 1","","","P. Pendidikan","Gmaps"],
    ["12416","An- Nur","Jl. Langkat","prelist","MEDAN BELAWAN","BELAWAN I","LINGKUNGAN 4","","","P. Pendidikan","Gmaps"],
    ["12417","PAUD Baitul Hidayah","Jl. Serma Hanafiah No.6","prelist","MEDAN BELAWAN","BELAWAN I","LINGKUNGAN 1","","0813-9700-5247","P. Pendidikan","Gmaps"],
    ["12418","Kelompok Bermain Anggrek","Jl. Selebes No.20","prelist","MEDAN BELAWAN","BELAWAN II","LINGKUNGAN 17","","0852-9612-0373","P. Pendidikan","Gmaps"],
    ["12419","TK Chairul Athfal","JJalan TM Pahlawan No. 23, Belawan I, Medan, Sumatera Utara, 20411","prelist","MEDAN BELAWAN","BELAWAN I","LINGKUNGAN 27","","(061) 6945251","P. Pendidikan","Gmaps"],
    ["12420","Kelompok Bermain Pedal","Jl. St. No.18","prelist","MEDAN BELAWAN","BELAWAN I","LINGKUNGAN 14","","0813-7093-8999","P. Pendidikan","Gmaps"],
    ["12421","Mabes s.a.p","Jl.Besar","prelist","MEDAN BELAWAN","BAGAN DELI","LINGKUNGAN 3","","","P. Pendidikan","Gmaps"],
    ["35198","ARMANSYAH , NAMA KRT: ARMANSYAH","LORONG PAPAN","prelist","MEDAN BELAWAN","BELAWAN I","LINGKUNGAN 2","","","A. Pertanian, Kehutanan, dan Perikanan","SBR"],
    ["35203","NELAYAN <AIDIL PADHLAN>","LORONG MELATI BELAWAN 1","prelist","MEDAN BELAWAN","BELAWAN I","LINGKUNGAN 31","","","A. Pertanian, Kehutanan, dan Perikanan","SBR"],
    ["35272","GUDANG KESELAMATAN KAPAL BP N SALI","JALAN R SULIAN LK 26","prelist","MEDAN BELAWAN","BELAWAN II","LINGKUNGAN 43","","","H. Transportasi dan Pergudangan","SBR"],
    ["35313","KANTIN ( RISDA)","JL RAYA PELABUHAN LK 44","prelist","MEDAN BELAWAN","BELAWAN BAHARI","LINGKUNGAN 12","","","I. Penyediaan Akomodasi dan Makan Minum","SBR"],
    ["35322","KEDAI KOPI(MAHLIL MUNADI)","LOR MESJID","prelist","MEDAN BELAWAN","BAGAN DELI","LINGKUNGAN 7","","","I. Penyediaan Akomodasi dan Makan Minum","SBR"],
    ["35324","TUKANG OJEK (LEGIANTO)","GG RUKUN LK 43","prelist","MEDAN BELAWAN","BELAWAN II","LINGKUNGAN 44","","","H. Transportasi dan Pergudangan","SBR"],
    ["35339","JUAL MINYAK (M ARSYAD)","LORONG UJUNG TANJUNG I","prelist","MEDAN BELAWAN","BAGAN DELI","LINGKUNGAN 8","","","G. Perdagangan Besar dan Eceran, Reparasi Mobil dan Sepeda Motor","SBR"],
    ["35348","PRIMKO KARMAR","JALAN VETERAN","prelist","MEDAN BELAWAN","BELAWAN I","LINGKUNGAN 2","","","G. Perdagangan Besar dan Eceran, Reparasi Mobil dan Sepeda Motor","SBR"],
    ["35621","JUAL SAYUR (UDIN)","JLN BUNGA PJKA","prelist","MEDAN BELAWAN","BELAWAN II","LINGKUNGAN 38","","","G. Perdagangan Besar dan Eceran, Reparasi Mobil dan Sepeda Motor","SBR"],
    ["35632","BURUH SERABUTAN (SISWANTO)","JALAN CIANJUR LK 16","prelist","MEDAN BELAWAN","BELAWAN II","LINGKUNGAN 16","","","S. Aktivitas Jasa Lainnya","SBR"],
    ["35633","KLINIK SEHAT","JL CIPANAS","prelist","MEDAN BELAWAN","BELAWAN II","LINGKUNGAN 44","","","Q. Jasa Kesehatan dan Kegiatan Sosial","SBR"],
    ["35816","TOKO WAK UBAN (HIDAYAT)","JL BUNGA NO 60 42","prelist","MEDAN BELAWAN","BELAWAN II","LINGKUNGAN 42","","","G. Perdagangan Besar dan Eceran, Reparasi Mobil dan Sepeda Motor","SBR"],
    ["35911","OUKUP (SIMANJUNTAK)","JL RAYA PELABUHAN LK 44","prelist","MEDAN BELAWAN","BELAWAN BAHARI","LINGKUNGAN 12","","","S. Aktivitas Jasa Lainnya","SBR"],
    ["35922","SD INPRES 068009","KP.NELAYAN","prelist","MEDAN BELAWAN","BELAWAN I","LINGKUNGAN 2","","","P. Pendidikan","SBR"],
    ["35957","JUAL PAKAIAN ANAK","JALAN R SULIAN LK 26","prelist","MEDAN BELAWAN","BELAWAN II","LINGKUNGAN 43","","","G. Perdagangan Besar dan Eceran, Reparasi Mobil dan Sepeda Motor","SBR"],
    ["35958","JUAL AIR AQUA DAN GAS","JALAN R SULIAN LK 26","prelist","MEDAN BELAWAN","BELAWAN II","LINGKUNGAN 43","","","C. Industri Pengolahan","SBR"],
    ["35977","TOKO BAJU (WIDYA)","JLN CIMANUK LK 23","prelist","MEDAN BELAWAN","BELAWAN II","LINGKUNGAN 23","","","G. Perdagangan Besar dan Eceran, Reparasi Mobil dan Sepeda Motor","SBR"],
    ["36050","USAHA BOTOT","JL RAYA PELABUHAN LK 44","prelist","MEDAN BELAWAN","BELAWAN BAHARI","LINGKUNGAN 12","","","G. Perdagangan Besar dan Eceran, Reparasi Mobil dan Sepeda Motor","SBR"],
    ["36058","KEDAI KELONTONG (RAMLI)","JALAN BANGKA TIMUR LK 4","prelist","MEDAN BELAWAN","BELAWAN II","LINGKUNGAN 4","","","G. Perdagangan Besar dan Eceran, Reparasi Mobil dan Sepeda Motor","SBR"],
    ["36256","RM DERMAGA SEAFOOD","JL INDRAPURA N 0 14","prelist","MEDAN BELAWAN","BELAWAN I","LINGKUNGAN 2","","","I. Penyediaan Akomodasi dan Makan Minum","SBR"],
    ["36300","TUKANG CUCI <ANA>","JL PULAU AMBON LINGKUNGAN 7","prelist","MEDAN BELAWAN","BELAWAN BAHARI","LINGKUNGAN 11","","","S. Aktivitas Jasa Lainnya","SBR"],
    ["36479","MARINA RESTAURANT","JL SERMA HANAFIAH","prelist","MEDAN BELAWAN","BELAWAN I","LINGKUNGAN 3","","","I. Penyediaan Akomodasi dan Makan Minum","SBR"],
    ["36480","TOKE KEPITING(FADLI)","JL TM PAHLAWAN LOR PISANG LK 13","prelist","MEDAN BELAWAN","BELAWAN I","LINGKUNGAN 26","","","G. Perdagangan Besar dan Eceran, Reparasi Mobil dan Sepeda Motor","SBR"],
    ["36482","MINYAK BENSIN ECERAN (YAMIN)","JL RAYA PELABUHAN LK 44","prelist","MEDAN BELAWAN","BELAWAN BAHARI","LINGKUNGAN 12","","","G. Perdagangan Besar dan Eceran, Reparasi Mobil dan Sepeda Motor","SBR"],
    ["36518","TOKO AGEK (AGEK)","JL BUNGA NO 26 42","prelist","MEDAN BELAWAN","BELAWAN II","LINGKUNGAN 40","","","G. Perdagangan Besar dan Eceran, Reparasi Mobil dan Sepeda Motor","SBR"],
    ["36591","MADRASAH ISLAMIYAH N","JALAN FILAL LK 26","prelist","MEDAN BELAWAN","BELAWAN II","LINGKUNGAN 23","","","P. Pendidikan","SBR"],
    ["36619","TK PAUD","JL HIU LINGK II BELAWAN BAHAGIA","prelist","MEDAN BELAWAN","BELAWAN BAHAGIA","LINGKUNGAN 2","","","P. Pendidikan","SBR"],
    ["36648","GEDUNG HERMINA","JL RAYA PELABUHAN LK 44","prelist","MEDAN BELAWAN","BELAWAN BAHARI","LINGKUNGAN 12","","","L. Real Estat","SBR"],
    ["36724","LASIDI WARNET","LORONG II VETERAN","prelist","MEDAN BELAWAN","BAGAN DELI","LINGKUNGAN 8","","","J. Informasi dan Komunikasi","SBR"],
    ["36993","USAHA WARNET (SURIL)","JLN CIAMIS BARAT LK 11","prelist","MEDAN BELAWAN","BELAWAN II","LINGKUNGAN 11","","","J. Informasi dan Komunikasi","SBR"],
    ["37058","KLINIK PRATAMA","JL SUMATERA NO 43","prelist","MEDAN BELAWAN","BELAWAN II","LINGKUNGAN 43","","","Q. Jasa Kesehatan dan Kegiatan Sosial","SBR"],
    ["37131","JUAL IKAN (SUBUR)","JLN BUNGA PAJAK BELAWAN","prelist","MEDAN BELAWAN","BELAWAN II","LINGKUNGAN 38","","","G. Perdagangan Besar dan Eceran, Reparasi Mobil dan Sepeda Motor","SBR"],
    ["37147","SS SHOP","JL SUMATERA NO 66","prelist","MEDAN BELAWAN","BELAWAN I","LINGKUNGAN 1","","","G. Perdagangan Besar dan Eceran, Reparasi Mobil dan Sepeda Motor","SBR"],
    ["37170","JUAL PASIR DAN BATU BATA (LILIS)","JALAN RUSLAN LK 26","prelist","MEDAN BELAWAN","BELAWAN II","LINGKUNGAN 44","","","G. Perdagangan Besar dan Eceran, Reparasi Mobil dan Sepeda Motor","SBR"],
    ["37199","KEDAI JAJANAN ANAK ANAK (FADLI)","JL BANGKA TIMUR LK 4","prelist","MEDAN BELAWAN","BELAWAN II","LINGKUNGAN 4","","","G. Perdagangan Besar dan Eceran, Reparasi Mobil dan Sepeda Motor","SBR"],
    ["37252","TOKEN LISTRIK (IZUR)","LOR MESJID","prelist","MEDAN BELAWAN","BAGAN DELI","LINGKUNGAN 8","","","D. Pengadaan Listrik, Gas, Uap/Air Panas, dan Udara Dingin","SBR"],
    ["37514","JUAL BARANG BEKAS RUTA (SANI)","JL SELEBES LK 26","prelist","MEDAN BELAWAN","BELAWAN II","LINGKUNGAN 33","","","G. Perdagangan Besar dan Eceran, Reparasi Mobil dan Sepeda Motor","SBR"],
    ["37520","SERVIS KULKAS ERWIN","JALAN SULIAN LK 26","prelist","MEDAN BELAWAN","BELAWAN II","LINGKUNGAN 43","","","S. Aktivitas Jasa Lainnya","SBR"],
    ["37548","TOKO BUDI (H DARNI)","JL BUNGA NO 30 LK 42","prelist","MEDAN BELAWAN","BELAWAN I","LINGKUNGAN 1","","","G. Perdagangan Besar dan Eceran, Reparasi Mobil dan Sepeda Motor","SBR"],
    ["37567","JUAL MAINAN (JEKSON)","JL BUNDA NO 16 42","prelist","MEDAN BELAWAN","BELAWAN II","LINGKUNGAN 44","","","G. Perdagangan Besar dan Eceran, Reparasi Mobil dan Sepeda Motor","SBR"],
    ["37674","RS AL KOMANG MAKES","JLBENGKALISNO 1 BELAWAN","prelist","MEDAN BELAWAN","BELAWAN I","LINGKUNGAN 4","","","Q. Jasa Kesehatan dan Kegiatan Sosial","SBR"],
    ["37763","USAH ROTI KELUARGA JUHAIRANI","JALAN R SULIAN LK 26","prelist","MEDAN BELAWAN","BELAWAN II","LINGKUNGAN 26","","","C. Industri Pengolahan","SBR"],
    ["37803","SD INPRES 064003","JLN CIMANUK LK 23","prelist","MEDAN BELAWAN","BELAWAN II","LINGKUNGAN 23","","","P. Pendidikan","SBR"],
    ["38143","USAHA JUAL BELI HASIL LAUT (IRFAN)","LOR MESJID LINGK 4","prelist","MEDAN BELAWAN","BAGAN DELI","LINGKUNGAN 8","","","G. Perdagangan Besar dan Eceran, Reparasi Mobil dan Sepeda Motor","SBR"],
    ["38147","DEPOT AIR ISI ULANG (MAHATHAN HASIBUAN)","JL RAYA PELABUHAN LK 44","prelist","MEDAN BELAWAN","BELAWAN BAHARI","LINGKUNGAN 12","","","C. Industri Pengolahan","SBR"],
    ["38164","TOKO ACC (YASIB)","JL BUNGA NO 18 42","prelist","MEDAN BELAWAN","BELAWAN II","LINGKUNGAN 40","","","G. Perdagangan Besar dan Eceran, Reparasi Mobil dan Sepeda Motor","SBR"],
    ["38312","FOTO COPY (SUHENDRI)","JL BANGKA TIMUR LK 4","prelist","MEDAN BELAWAN","BELAWAN II","LINGKUNGAN 4","","","N. Jasa Persewaan, Ketenagakerjaan, Agen Perjalanan, dan Jasa Pendukung","SBR"],
    ["38375","PRAKTEK BIDAN (ROSNANI)","JL TM PAHLAWAN NO-35","prelist","MEDAN BELAWAN","BELAWAN I","LINGKUNGAN 25","","","Q. Jasa Kesehatan dan Kegiatan Sosial","SBR"],
    ["38501","DEPOT ISI ULANG (SUMIATI)","JL SUMATERA NO 29 LK 42","prelist","MEDAN BELAWAN","BELAWAN I","LINGKUNGAN 1","","","C. Industri Pengolahan","SBR"],
    ["38525","KEDAI NASI GORENG (BUTET)","JL BUNGA NO 48 LK 42","prelist","MEDAN BELAWAN","BELAWAN II","LINGKUNGAN 42","","","I. Penyediaan Akomodasi dan Makan Minum","SBR"],
    ["38624","PUSKESMAS","JL BUNGA LK 22","prelist","MEDAN BELAWAN","BELAWAN II","LINGKUNGAN 38","","","Q. Jasa Kesehatan dan Kegiatan Sosial","SBR"],
    ["38630","JUAL SAYUR (MASDALENA)","JL BUNGA PJKA","prelist","MEDAN BELAWAN","BELAWAN II","LINGKUNGAN 38","","","G. Perdagangan Besar dan Eceran, Reparasi Mobil dan Sepeda Motor","SBR"],
    ["38631","KANTOR PEGADAIAN","JL TM PAHLAWAN LK 1 BELAWAN BAHAGIA","prelist","MEDAN BELAWAN","BELAWAN I","LINGKUNGAN 24","","","K. Aktivitas Keuangan Dan Asuransi","SBR"],
    ["38648","SD N 066670","JLN KELAPA LINGKUNGAN 19 SICANANG","prelist","MEDAN BELAWAN","BELAWAN SICANANG","LINGKUNGAN 19","","","P. Pendidikan","SBR"],
    ["38728","KONTRAKTOR <SIMON>","JL BUNGA LK 22","prelist","MEDAN BELAWAN","BELAWAN II","LINGKUNGAN 38","","","F. Konstruksi","SBR"],
    ["38990","TOKO MAS CAHAYA JAYA (CANDRA)","JL BUNGA LK 42","prelist","MEDAN BELAWAN","BELAWAN II","LINGKUNGAN 42","","","G. Perdagangan Besar dan Eceran, Reparasi Mobil dan Sepeda Motor","SBR"],
    ["39207","MENGAJAR PAUD PURNAMA","JALAN GEROPAH","prelist","MEDAN BELAWAN","BAGAN DELI","LINGKUNGAN 8","","","P. Pendidikan","SBR"],
    ["39208","TOKO PAKAIAN (RITA HADI)","JL BUNGA 42","prelist","MEDAN BELAWAN","BELAWAN II","LINGKUNGAN 41","","","G. Perdagangan Besar dan Eceran, Reparasi Mobil dan Sepeda Motor","SBR"],
    ["39314","CIPTA PRIMA INTERWOOD DEVELOPMENT, PT","PLTU PULAU SICANANG, BELAWAN SICANANG","prelist","MEDAN BELAWAN","BELAWAN SICANANG","LINGKUNGAN 1","","","C. Industri Pengolahan","SBR"],
    ["39330","BUDI BARU HOTEL","JLN KL YOS SUDARSO BELAWAN BAHARI","prelist","MEDAN BELAWAN","BELAWAN BAHARI","LINGKUNGAN 7","","","I. Penyediaan Akomodasi dan Makan Minum","SBR"],
    ["39356","BERKATNUGRAHA SINARLESTARI, PT","Jl. Raya Pelabuhan I, Kp. Salam, Belawan RT RW","prelist","MEDAN BELAWAN","BELAWAN BAHARI","LINGKUNGAN 12","","","H. Transportasi dan Pergudangan","SBR"],
    ["39357","JAYA BARUNA, PT","Jl. Sulawesi II Ujung Baru, Medan","prelist","MEDAN BELAWAN","BELAWAN I","LINGKUNGAN 31","","","H. Transportasi dan Pergudangan","SBR"],
    ["39395","SDN 065007","JLN PENGHUBUNG IV","prelist","MEDAN BELAWAN","BELAWAN SICANANG","LINGKUNGAN 5","","","P. Pendidikan","SBR"],
    ["39432","PT. AKR Corporindo Tbk, SPBN Canang","JL. Anggada 1, Belawan","prelist","MEDAN BELAWAN","BELAWAN I","LINGKUNGAN 31","","","G. Perdagangan Besar dan Eceran, Reparasi Mobil dan Sepeda Motor","SBR"],
    ["39492","PT. AKR Corporindo Tbk, SPBN Galbion","Jl. Gabion Belawan, Belawan I, Kecamatan Medan Belawan, Kota Medan, Sumatera Utara","prelist","MEDAN BELAWAN","BAGAN DELI","LINGKUNGAN 11","","","G. Perdagangan Besar dan Eceran, Reparasi Mobil dan Sepeda Motor","SBR"],
    ["39509","PT Pegadaian (Persero), UPC MANGGA","JL JAMIN GINTING KM 9 NO. 126","prelist","MEDAN BELAWAN","BAGAN DELI","LINGKUNGAN 8","","","K. Aktivitas Keuangan Dan Asuransi","SBR"],
    ["39542","PT. POS INDONESIA, Kantor Pos Cabang Luar Kota Belawan","Jl. Kapt R. Sulian No. 173 Belawan","prelist","MEDAN BELAWAN","BELAWAN II","LINGKUNGAN 43","","","M. Jasa Profesional, Ilmiah, dan Teknis","SBR"],
    ["39547","PT Pelabuhan Indonesia I (Persero), Belawan Logistik Center (BLC)","Jl Raya Pelabuhan, Pos II Road VI, Unjung Baru","prelist","MEDAN BELAWAN","BELAWAN I","LINGKUNGAN 31","","","H. Transportasi dan Pergudangan","SBR"],
    ["39548","PT Pelabuhan Indonesia I (Persero), Pelabuhan Belawan","Jl. Kom. Laut Yos Sudarso","prelist","MEDAN BELAWAN","BELAWAN I","LINGKUNGAN 31","","","H. Transportasi dan Pergudangan","SBR"],
    ["39549","PT Pelabuhan Indonesia I (Persero), Belawan International Container Terminal (BICT)","JLN.PELABUHAN RAYA PETI KEMAS","prelist","MEDAN BELAWAN","BAGAN DELI","LINGKUNGAN 9","","","H. Transportasi dan Pergudangan","SBR"],
    ["39555","PERTAMINA TRANS KONTINENTAL, CABANG BELAWAN","JL MINYAK NO 1 LK 1 BELAWAN 1","prelist","MEDAN BELAWAN","BELAWAN II","LINGKUNGAN 44","","","H. Transportasi dan Pergudangan","SBR"],
    ["39562","PT. Superintending Company of Indonesia (Persero), Service Unit Belawan","Graha SUCOFINDO Belawan Jl. Anggada No. 1","prelist","MEDAN BELAWAN","BELAWAN II","LINGKUNGAN 44","","","M. Jasa Profesional, Ilmiah, dan Teknis","SBR"],
    ["39618","PT BIRO KLASIFIKASI INDONESIA","JL VETERAN","prelist","MEDAN BELAWAN","BELAWAN I","LINGKUNGAN 2","","","H. Transportasi dan Pergudangan","SBR"],
    ["39619","SERASI KLINIK (PANDI)","JLNVETERAN","prelist","MEDAN BELAWAN","BELAWAN I","LINGKUNGAN 2","","","Q. Jasa Kesehatan dan Kegiatan Sosial","SBR"],
    ["39620","TOKO SUMBER REZAKI ( M YUNUS)","JLN VETERAN NO 116","prelist","MEDAN BELAWAN","BELAWAN I","LINGKUNGAN 1","","","G. Perdagangan Besar dan Eceran, Reparasi Mobil dan Sepeda Motor","SBR"],
    ["39634","BIDAN LILI (LILI)","LOR DERMAWAN NO-40","prelist","MEDAN BELAWAN","BELAWAN I","LINGKUNGAN 2","","","Q. Jasa Kesehatan dan Kegiatan Sosial","SBR"],
    ["39637","SMK PELAYARAN HANGTUAH BELAWAN","JL SERMA HANAFIAH NO 5 BELAWAN","prelist","MEDAN BELAWAN","BELAWAN I","LINGKUNGAN 11","","","P. Pendidikan","SBR"],
    ["39702","FOTO COPY (SION)","JL VETERAN NO 206","prelist","MEDAN BELAWAN","BELAWAN I","LINGKUNGAN 2","","","N. Jasa Persewaan, Ketenagakerjaan, Agen Perjalanan, dan Jasa Pendukung","SBR"],
    ["39761","TOKO NEW JAYA (KOKTIONG)","JL STASIUN NO 131 LK 13","prelist","MEDAN BELAWAN","BELAWAN I","LINGKUNGAN 13","","","G. Perdagangan Besar dan Eceran, Reparasi Mobil dan Sepeda Motor","SBR"],
    ["39786","TK AISYAH 02 BELAWAN","JL BENGKALIS NO 20 BELAWAN","prelist","MEDAN BELAWAN","BELAWAN I","LINGKUNGAN 3","","","P. Pendidikan","SBR"],
    ["39810","TJIDRA JAYA(MARIANI)","JLN VETERAN NO 70","prelist","MEDAN BELAWAN","BELAWAN I","LINGKUNGAN 4","","","G. Perdagangan Besar dan Eceran, Reparasi Mobil dan Sepeda Motor","SBR"],
    ["39818","STT C GROUP","JLSUMATERA","prelist","MEDAN BELAWAN","BELAWAN I","LINGKUNGAN 31","","","C. Industri Pengolahan","SBR"],
    ["40111","SEKOLAH SD HKBP","JL TERUBUK","prelist","MEDAN BELAWAN","BELAWAN BAHAGIA","LINGKUNGAN 5","","","P. Pendidikan","SBR"],
    ["40116","MTS ISLAMIYAH (DHANI)","JL CILEDUK LK 25","prelist","MEDAN BELAWAN","BELAWAN II","LINGKUNGAN 25","","","P. Pendidikan","SBR"],
    ["40139","MINI MARKET<SUTIN>","JALAN CILEDUK LK 24","prelist","MEDAN BELAWAN","BELAWAN II","LINGKUNGAN 25","","","G. Perdagangan Besar dan Eceran, Reparasi Mobil dan Sepeda Motor","SBR"],
    ["40152","KARYA BAKTI CV","JL LINGKUNGAN XI KEL BAGAN DELI KEC MEDAN BELAWAN","prelist","MEDAN BELAWAN","BAGAN DELI","LINGKUNGAN 8","","","C. Industri Pengolahan","SBR"],
    ["40153","PT JASA PRATAMA ABADI","JI KAR O NOG","prelist","MEDAN BELAWAN","BELAWAN I","LINGKUNGAN 2","","","H. Transportasi dan Pergudangan","SBR"],
    ["40172","CV BELAWAN MANDIRI","J L SELEBES NO 3 15","prelist","MEDAN BELAWAN","BELAWAN II","LINGKUNGAN 31","","","H. Transportasi dan Pergudangan","SBR"],
    ["40277","PANGLONG BUDI","JL YOS SUDARSO","prelist","MEDAN BELAWAN","BELAWAN BAHARI","LINGKUNGAN 7","","","G. Perdagangan Besar dan Eceran, Reparasi Mobil dan Sepeda Motor","SBR"],
    ["40289","SIREGAR","JALAN VETERAN NO 65 P","prelist","MEDAN BELAWAN","BELAWAN I","LINGKUNGAN 4","","","G. Perdagangan Besar dan Eceran, Reparasi Mobil dan Sepeda Motor","SBR"],
    ["40295","PT SERBA TROPHY","JL P SAMOSIR NO 2 KIM 1","prelist","MEDAN BELAWAN","BELAWAN BAHARI","LINGKUNGAN 4","","","C. Industri Pengolahan","SBR"],
    ["40296","TOKO BERKET MURNI","JALAN VETERAN","prelist","MEDAN BELAWAN","BELAWAN I","LINGKUNGAN 3","","","G. Perdagangan Besar dan Eceran, Reparasi Mobil dan Sepeda Motor","SBR"],
    ["40324","BIDAN PERSALINAN (ADRIANA TRG)","JALAN DELI","prelist","MEDAN BELAWAN","BELAWAN I","LINGKUNGAN 4","","","Q. Jasa Kesehatan dan Kegiatan Sosial","SBR"],
    ["40399","KANTOR <PANCA USAHA MAKMUR PT> EMKL","JL SELEBES GG 14 NO 367 LK 30","prelist","MEDAN BELAWAN","BELAWAN II","LINGKUNGAN 30","","","H. Transportasi dan Pergudangan","SBR"],
    ["40478","KLINIK (DOMINIKA N)","JL DUYUNG LINGK 7","prelist","MEDAN BELAWAN","BELAWAN BAHAGIA","LINGKUNGAN 7","","","Q. Jasa Kesehatan dan Kegiatan Sosial","SBR"],
    ["40497","KLINIK (ANNALIDIA)","JL TALANG LINGK 7 BELAWAN BAHAGIA","prelist","MEDAN BELAWAN","BELAWAN BAHAGIA","LINGKUNGAN 6","","","Q. Jasa Kesehatan dan Kegiatan Sosial","SBR"],
    ["40500","SEKOLAH NURANI (SMU)","JL TANGGUL LK 8","prelist","MEDAN BELAWAN","BELAWAN BAHAGIA","LINGKUNGAN 8","","","P. Pendidikan","SBR"],
    ["40530","PT BAHARI EKA NUSANTARA","IL KAR O NO 17","prelist","MEDAN BELAWAN","BELAWAN I","LINGKUNGAN 2","","","H. Transportasi dan Pergudangan","SBR"],
    ["40531","TOKO ELIZABETH (DELVI)","JL SIMALUNGUN","prelist","MEDAN BELAWAN","BELAWAN I","LINGKUNGAN 4","","","G. Perdagangan Besar dan Eceran, Reparasi Mobil dan Sepeda Motor","SBR"],
    ["40535","TOKO MAINAN (SUMARDI)","JLN VETERAN N0138","prelist","MEDAN BELAWAN","BELAWAN I","LINGKUNGAN 2","","","G. Perdagangan Besar dan Eceran, Reparasi Mobil dan Sepeda Motor","SBR"],
    ["40536","ALPHA MIDI","JL R SULIAN LOR PERSAUDARAAN","prelist","MEDAN BELAWAN","BELAWAN II","LINGKUNGAN 43","","","G. Perdagangan Besar dan Eceran, Reparasi Mobil dan Sepeda Motor","SBR"],
    ["40537","SPBU TNI AL","JL SERMA HANAFIAH","prelist","MEDAN BELAWAN","BELAWAN I","LINGKUNGAN 1","","","G. Perdagangan Besar dan Eceran, Reparasi Mobil dan Sepeda Motor","SBR"],
    ["40538","KOPERASI PENGANGKUTAN UMUM","JL TM PAHLAWAN TANGKAHAN SUNDARI LK 13","prelist","MEDAN BELAWAN","BELAWAN I","LINGKUNGAN 13","","","N. Jasa Persewaan, Ketenagakerjaan, Agen Perjalanan, dan Jasa Pendukung","SBR"],
    ["40541","MEGA CITRA,CV","J L TM PAHLAWAN NO 61","prelist","MEDAN BELAWAN","BELAWAN I","LINGKUNGAN 25","","","H. Transportasi dan Pergudangan","SBR"],
    ["40549","PT GELORA ANGKASA","JL DELI","prelist","MEDAN BELAWAN","BELAWAN I","LINGKUNGAN 2","","","H. Transportasi dan Pergudangan","SBR"],
    ["40583","BANK BTN","J L SUMATERAN O BOBELAWAN","prelist","MEDAN BELAWAN","BELAWAN I","LINGKUNGAN 2","","","K. Aktivitas Keuangan Dan Asuransi","SBR"],
    ["40588","PT BINTANG SAMUDRA UTAMA","JL FARD 4020","prelist","MEDAN BELAWAN","BELAWAN I","LINGKUNGAN 4","","","H. Transportasi dan Pergudangan","SBR"],
    ["40755","PUTRI INDAH, PT","JL. PELABUHAN PERIKANAN SAMUDERA BELAWAN NO. 8","prelist","MEDAN BELAWAN","BAGAN DELI","LINGKUNGAN 11","","","C. Industri Pengolahan","SBR"],
    ["41217","SD NEGRI NO 060962","JL VETERAN BELAWAN","prelist","MEDAN BELAWAN","BELAWAN I","LINGKUNGAN 2","","","P. Pendidikan","SBR"],
    ["41220","PT KARANA LINE","JL VETERAN NO 10 BELAWAN","prelist","MEDAN BELAWAN","BELAWAN I","LINGKUNGAN 1","","","H. Transportasi dan Pergudangan","SBR"],
    ["41245","INDOMARET","AL.LIMATER. A...J 7 1","prelist","MEDAN BELAWAN","BELAWAN I","LINGKUNGAN 2","","","G. Perdagangan Besar dan Eceran, Reparasi Mobil dan Sepeda Motor","SBR"],
    ["41264","CV SOONHO","JL GABION NUSANTARA BELAWAN","prelist","MEDAN BELAWAN","BAGAN DELI","LINGKUNGAN 11","","","C. Industri Pengolahan","SBR"],
    ["41405","PT GABION CIPTA SEJAHTERA ( GCS)","JALAN PERIKANAN GABION LINGKUNGAN 11","prelist","MEDAN BELAWAN","BAGAN DELI","LINGKUNGAN 8","","","D. Pengadaan Listrik, Gas, Uap/Air Panas, dan Udara Dingin","SBR"],
    ["41456","KTR TKBM (KOPERASI) PT","JL RAYA PELABUHAN LK 44","prelist","MEDAN BELAWAN","BELAWAN BAHARI","LINGKUNGAN 12","","","H. Transportasi dan Pergudangan","SBR"],
    ["41522","YAYASAN TK/SD ALFATIN","JALAN CITARUM","prelist","MEDAN BELAWAN","BELAWAN II","LINGKUNGAN 22","","","P. Pendidikan","SBR"],
    ["41618","BIDAN PRAKTEK (KIKI)","JALAN INDRAGIRI","prelist","MEDAN BELAWAN","BELAWAN I","LINGKUNGAN 2","","","Q. Jasa Kesehatan dan Kegiatan Sosial","SBR"],
    ["41764","KANTOR POS","JL KAPT R SULIAN","prelist","MEDAN BELAWAN","BELAWAN II","LINGKUNGAN 43","","","H. Transportasi dan Pergudangan","SBR"],
    ["41775","PUSKOPAL","J L SERMA HANAFIAH","prelist","MEDAN BELAWAN","BELAWAN I","LINGKUNGAN 3","","","K. Aktivitas Keuangan Dan Asuransi","SBR"],
    ["41780","TOKO BATA ( HARIANTO)","JLN VETERAN","prelist","MEDAN BELAWAN","BELAWAN I","LINGKUNGAN 1","","","G. Perdagangan Besar dan Eceran, Reparasi Mobil dan Sepeda Motor","SBR"],
    ["41982","BELAWAN INDAH. PT","JL RAYA PELABUHAN SIMPANG KP SALAM NO 1","prelist","MEDAN BELAWAN","BELAWAN II","LINGKUNGAN 44","","","H. Transportasi dan Pergudangan","SBR"],
    ["41999","PT TIGA SINAR PRIMA","JALAN BELANAK NO 4 LK 17 20413","prelist","MEDAN BELAWAN","BELAWAN BAHAGIA","LINGKUNGAN 16","","","H. Transportasi dan Pergudangan","SBR"],
    ["42011","TOKO KERAMIK(FITRI)","JL SIMALUNGUN","prelist","MEDAN BELAWAN","BELAWAN I","LINGKUNGAN 4","","","G. Perdagangan Besar dan Eceran, Reparasi Mobil dan Sepeda Motor","SBR"],
    ["42012","SARANA GEMILANG PT","JL DOSO MUKO PELABUHA N UJUNG BARU BELAWAN","prelist","MEDAN BELAWAN","BELAWAN I","LINGKUNGAN 31","","","H. Transportasi dan Pergudangan","SBR"],
    ["42013","RESTORAN MANDALA (OVI)","JALAN VETERAN","prelist","MEDAN BELAWAN","BELAWAN I","LINGKUNGAN 2","","","I. Penyediaan Akomodasi dan Makan Minum","SBR"],
    ["42021","CV DELI ABADI JAYA (M NURSANI)","JL CIMAHI TIMUR NO 11","prelist","MEDAN BELAWAN","BELAWAN II","LINGKUNGAN 15","","","H. Transportasi dan Pergudangan","SBR"],
    ["42094","SMART BULKING TBK PT","JL PELABUHAN UJUNG BARU BELAWAN RT RW 20411","prelist","MEDAN BELAWAN","BELAWAN I","LINGKUNGAN 31","","","C. Industri Pengolahan","SBR"],
    ["42120","GELORA PERKASA PT","JL RAYA PELABUHAN I GABION 1 B BELAWAN I, MEDAN BELAWAN BELAWAN 20411 SUMATERA UTARA","prelist","MEDAN BELAWAN","BELAWAN I","LINGKUNGAN 23","","","H. Transportasi dan Pergudangan","SBR"],
    ["42168","PAUD BAITUL MALL","JL SELANGAT LK 12","prelist","MEDAN BELAWAN","BELAWAN BAHAGIA","LINGKUNGAN 11","","","P. Pendidikan","SBR"],
    ["42172","SDN 066669","JLN KELAPA LINGKUNGAN 19 SICANANG","prelist","MEDAN BELAWAN","BELAWAN SICANANG","LINGKUNGAN 19","","","P. Pendidikan","SBR"],
    ["42239","PT INTERNATIONAL CARGO SURVEYOR","JL KAR O N 0 8","prelist","MEDAN BELAWAN","BELAWAN I","LINGKUNGAN 2","","","H. Transportasi dan Pergudangan","SBR"],
    ["42242","PT. JAYA TRADE INDONESIA","JL PELABUHAN PETI KEMAS LK 11","prelist","MEDAN BELAWAN","BAGAN DELI","LINGKUNGAN 11","","","G. Perdagangan Besar dan Eceran, Reparasi Mobil dan Sepeda Motor","SBR"],
    ["42415","BURUH MUSIMAN (IBRAHIM)","JL. SELEBES TITI PANJANG LK. 35","prelist","MEDAN BELAWAN","BELAWAN II","LINGKUNGAN 33","","","S. Aktivitas Jasa Lainnya","SBR"],
    ["42441","PT MANDIRI SEJAHTERA PERKASA","JL CIPANAS 16 D RT RW","prelist","MEDAN BELAWAN","BELAWAN II","LINGKUNGAN 17","","","H. Transportasi dan Pergudangan","SBR"],
    ["42702","SINAR SEJAHTERA CV","JL CIMANUK LK 23","prelist","MEDAN BELAWAN","BELAWAN II","LINGKUNGAN 23","","","H. Transportasi dan Pergudangan","SBR"],
    ["42703","SD ALWASLIYAH (PENUNJANG)","JALAN SELEBES PALUH PERTA BELAWAN","prelist","MEDAN BELAWAN","BELAWAN II","LINGKUNGAN 7","","","P. Pendidikan","SBR"],
    ["43083","PACIFIK PALMINDO INDUSTRI PT","JL PELABUHAN UJUNG BARU BELAWAN RT RW 20411","prelist","MEDAN BELAWAN","BELAWAN I","LINGKUNGAN 31","","","C. Industri Pengolahan","SBR"],
    ["43084","PT.PELINDO I CABANG BELAWAN","JL. KSPT. R.SULIYAN NO. 1 BELAWAN","prelist","MEDAN BELAWAN","BELAWAN I","LINGKUNGAN 31","","","H. Transportasi dan Pergudangan","SBR"],
    ["43089","KANTOR SSIS PT","JL BANGKA TIMUR LK 4","prelist","MEDAN BELAWAN","BELAWAN II","LINGKUNGAN 4","","","H. Transportasi dan Pergudangan","SBR"],
    ["43120","PRIMEKOPAL","JL SERMA HANAFIA","prelist","MEDAN BELAWAN","BELAWAN I","LINGKUNGAN 3","","","G. Perdagangan Besar dan Eceran, Reparasi Mobil dan Sepeda Motor","SBR"],
    ["43148","KLINIK (TIURMA SINAGA)","JL KAKAP NO 89 LINK 7 BELAWAN BAHAGIA","prelist","MEDAN BELAWAN","BELAWAN BAHAGIA","LINGKUNGAN 7","","","Q. Jasa Kesehatan dan Kegiatan Sosial","SBR"],
    ["43254","SEKOLAH TAMAN SESWA (SD)","JLN KAKAP LK 8","prelist","MEDAN BELAWAN","BELAWAN BAHAGIA","LINGKUNGAN 8","","","P. Pendidikan","SBR"],
    ["43471","JUAL PAKAIAN KAKI LIMA (H RUSMINI)","JL BUNGA 42","prelist","MEDAN BELAWAN","BELAWAN II","LINGKUNGAN 41","","","G. Perdagangan Besar dan Eceran, Reparasi Mobil dan Sepeda Motor","SBR"],
    ["43500","SAMUDERA INDONESIA PT TBK","JL RAYA PELABUHAN GABION","prelist","MEDAN BELAWAN","BELAWAN I","LINGKUNGAN 31","","","H. Transportasi dan Pergudangan","SBR"],
    ["43528","BNI","J L SUMATER A","prelist","MEDAN BELAWAN","BELAWAN I","LINGKUNGAN 31","","","K. Aktivitas Keuangan Dan Asuransi","SBR"],
    ["43529","SUKA JADI","JL VETERAN NO 123","prelist","MEDAN BELAWAN","BELAWAN I","LINGKUNGAN 4","","","G. Perdagangan Besar dan Eceran, Reparasi Mobil dan Sepeda Motor","SBR"],
    ["43569","SEKOLAH PAUD VICTORY","JL KAPT R SULIAN","prelist","MEDAN BELAWAN","BELAWAN BAHAGIA","LINGKUNGAN 8","","","P. Pendidikan","SBR"],
    ["43619","JASA PERAWATAN KAPAL ( MARWAN )","LORONG PEMANCAR LK 29 BELAWAN I","prelist","MEDAN BELAWAN","BELAWAN I","LINGKUNGAN 31","","","C. Industri Pengolahan","SBR"],
    ["43697","TOKO SUMBER( CITRA)","JLN VETERAN BEL 1","prelist","MEDAN BELAWAN","BELAWAN I","LINGKUNGAN 2","","","G. Perdagangan Besar dan Eceran, Reparasi Mobil dan Sepeda Motor","SBR"],
    ["43719","KARAOKE KELUARGA (YULIA)","JALAN VETERAN","prelist","MEDAN BELAWAN","BELAWAN I","LINGKUNGAN 2","","","R. Kesenian, Hiburan, dan Rekreasi","SBR"],
    ["43723","JUAL SEPATU (PURBA)","JALAN VETERAN","prelist","MEDAN BELAWAN","BELAWAN I","LINGKUNGAN 4","","","G. Perdagangan Besar dan Eceran, Reparasi Mobil dan Sepeda Motor","SBR"],
    ["43740","JASINDO PT","JL ASAHAN","prelist","MEDAN BELAWAN","BELAWAN I","LINGKUNGAN 11","","","H. Transportasi dan Pergudangan","SBR"],
    ["43752","RUDI FOTO <EDI>","JL SUMATERA","prelist","MEDAN BELAWAN","BELAWAN I","LINGKUNGAN 31","","","M. Jasa Profesional, Ilmiah, dan Teknis","SBR"],
    ["43774","TOBA GENA UTAMA","JALAN PELABUHAN PETI KEMAS LINGKUNGAN 11","prelist","MEDAN BELAWAN","BAGAN DELI","LINGKUNGAN 11","","","G. Perdagangan Besar dan Eceran, Reparasi Mobil dan Sepeda Motor","SBR"],
    ["43802","KLINIK SINDA (SALADAMUN)","LORONG ABADI NO-15 D","prelist","MEDAN BELAWAN","BELAWAN I","LINGKUNGAN 22","","","Q. Jasa Kesehatan dan Kegiatan Sosial","SBR"],
    ["43804","PT.PELINDO I UNIT BICT (BELAWAN INTL TERMINAL COUNTENER)","JL. PELABUHAN GABION","prelist","MEDAN BELAWAN","BELAWAN I","LINGKUNGAN 31","","","H. Transportasi dan Pergudangan","SBR"],
    ["43806","JNE","ALN SIIM.ATER A","prelist","MEDAN BELAWAN","BELAWAN I","LINGKUNGAN 2","","","H. Transportasi dan Pergudangan","SBR"],
    ["43810","TOKO SEMBAKO (BOBY)","JL BUNGA NO1 LK 42","prelist","MEDAN BELAWAN","BELAWAN II","LINGKUNGAN 38","","","G. Perdagangan Besar dan Eceran, Reparasi Mobil dan Sepeda Motor","SBR"],
    ["43837","PT MUSIM MAS","JL PELABUHAN RAYA LINGKUNGAN 8 BAGAN DELI BELAWAN","prelist","MEDAN BELAWAN","BAGAN DELI","LINGKUNGAN 8","","","H. Transportasi dan Pergudangan","SBR"],
    ["43896","KULI BONGKAR MUAT (IRWANSYAH)","LINGKUNGAN 13","prelist","MEDAN BELAWAN","BELAWAN BAHARI","LINGKUNGAN 1","","","S. Aktivitas Jasa Lainnya","SBR"],
    ["43976","GUDANG PERTAMINA (DEPO )","JL RAYA PELABUHAN LK 44","prelist","MEDAN BELAWAN","BELAWAN BAHARI","LINGKUNGAN 12","","","H. Transportasi dan Pergudangan","SBR"],
    ["43996","PERIKANAN KEPITING / EDY","LORONG MESJID LK. IV BAGAN DELI","prelist","MEDAN BELAWAN","BAGAN DELI","LINGKUNGAN 8","","","C. Industri Pengolahan","SBR"],
    ["44069","GOLDEN CUP, PT","JL PELABUHAN","prelist","MEDAN BELAWAN","BELAWAN I","LINGKUNGAN 31","","","C. Industri Pengolahan","SBR"],
    ["44250","TOKO GARUDA (PIN POH)","JLN VETERAN BEL 1","prelist","MEDAN BELAWAN","BELAWAN I","LINGKUNGAN 2","","","G. Perdagangan Besar dan Eceran, Reparasi Mobil dan Sepeda Motor","SBR"],
    ["44252","MENJUAL KERAMIK (SIMANJUNTAK)","JLN SIMALUNGUN","prelist","MEDAN BELAWAN","BELAWAN I","LINGKUNGAN 4","","","G. Perdagangan Besar dan Eceran, Reparasi Mobil dan Sepeda Motor","SBR"],
    ["44273","KLINIK POPPY","KP NELAYAN LING K UNGAN 12 BELAWAN","prelist","MEDAN BELAWAN","BELAWAN I","LINGKUNGAN 31","","","Q. Jasa Kesehatan dan Kegiatan Sosial","SBR"],
    ["44277","TANTO INTIM LINE PT PELAYARAN NUSANTARA","JL RAYA PELABUHAN GABION, BELAWAN II, MEDAN BELAWAN","prelist","MEDAN BELAWAN","BELAWAN BAHARI","LINGKUNGAN 12","","","H. Transportasi dan Pergudangan","SBR"],
    ["44460","JUAL PECAH BELAH (BAHTIAR)","JALAN VETERAN","prelist","MEDAN BELAWAN","BELAWAN I","LINGKUNGAN 2","","","G. Perdagangan Besar dan Eceran, Reparasi Mobil dan Sepeda Motor","SBR"],
    ["44471","BBM SOLAR PT APMS","JALAN PERIKANAN GABION LINGKUNGAN 11","prelist","MEDAN BELAWAN","BAGAN DELI","LINGKUNGAN 8","","","G. Perdagangan Besar dan Eceran, Reparasi Mobil dan Sepeda Motor","SBR"],
    ["44474","AZKIA STYILL","JLN VETERAN","prelist","MEDAN BELAWAN","BELAWAN I","LINGKUNGAN 2","","","G. Perdagangan Besar dan Eceran, Reparasi Mobil dan Sepeda Motor","SBR"],
    ["44484","MTS AL WASHLIYAH 05 BELAWAN","JL SELEBES SIMPANG JL BLITON TIMUR","prelist","MEDAN BELAWAN","BELAWAN II","LINGKUNGAN 7","","","P. Pendidikan","SBR"],
    ["44563","SEKOLAH DASAR NEGERI 060969","JL CIMANUK LK 23","prelist","MEDAN BELAWAN","BELAWAN II","LINGKUNGAN 24","","","P. Pendidikan","SBR"],
    ["44575","TITAN UTAMA CV","JL.TENGGIRI","prelist","MEDAN BELAWAN","BELAWAN BAHAGIA","LINGKUNGAN 2","","","H. Transportasi dan Pergudangan","SBR"],
    ["44648","GUDANG YANG SURIANG SAMUDRA REZEKI","JALAN PERIKANAN GABION LINGKUNGAN 11","prelist","MEDAN BELAWAN","BAGAN DELI","LINGKUNGAN 8","","","C. Industri Pengolahan","SBR"],
    ["44658","BANK MANDIRI SYARIAH","JL SUMATERA NO 33","prelist","MEDAN BELAWAN","BELAWAN I","LINGKUNGAN 1","","","K. Aktivitas Keuangan Dan Asuransi","SBR"],
    ["44659","SD MUHAMMADIYAH-04 BELAWAN","JL VETERAN NO 29 BELAWAN","prelist","MEDAN BELAWAN","BELAWAN I","LINGKUNGAN 3","","","P. Pendidikan","SBR"],
    ["44660","PT GLOBAL TRANS NUSA","JL VETERAN NO 16E BELAWAN RT RW 20411","prelist","MEDAN BELAWAN","BELAWAN I","LINGKUNGAN 1","","","H. Transportasi dan Pergudangan","SBR"],
    ["44679","GENTA HARAPAN PT","JL ASAHAN NO 11 BELAWAN","prelist","MEDAN BELAWAN","BELAWAN I","LINGKUNGAN 3","","","H. Transportasi dan Pergudangan","SBR"],
    ["44682","HARAPAN SERVIS","JL SUMATERA NO 42","prelist","MEDAN BELAWAN","BELAWAN I","LINGKUNGAN 1","","","G. Perdagangan Besar dan Eceran, Reparasi Mobil dan Sepeda Motor","SBR"],
    ["44693","SD ALWASHLIYAH 3","JL TM PAHLAWAN LORONG DERMAWAN","prelist","MEDAN BELAWAN","BELAWAN I","LINGKUNGAN 23","","","P. Pendidikan","SBR"],
    ["44713","TOKO COLUMBIA","JL SUMATERA NO 52","prelist","MEDAN BELAWAN","BELAWAN I","LINGKUNGAN 1","","","G. Perdagangan Besar dan Eceran, Reparasi Mobil dan Sepeda Motor","SBR"],
    ["44740","LAPANGAN PARKIR (PELINDO)","JL RAYA PELABUHAN LK 44","prelist","MEDAN BELAWAN","BELAWAN BAHARI","LINGKUNGAN 12","","","H. Transportasi dan Pergudangan","SBR"],
    ["44752","PT FAJAR LESTARI PERKASA","JL K ARD N O 1 1","prelist","MEDAN BELAWAN","BELAWAN I","LINGKUNGAN 2","","","H. Transportasi dan Pergudangan","SBR"],
    ["44758","TOKO MAS MULYA","JALAN VETERAN","prelist","MEDAN BELAWAN","BELAWAN I","LINGKUNGAN 2","","","G. Perdagangan Besar dan Eceran, Reparasi Mobil dan Sepeda Motor","SBR"],
    ["44765","TOKO JUWITA (YULI)","JLN VETERAN","prelist","MEDAN BELAWAN","BELAWAN I","LINGKUNGAN 1","","","G. Perdagangan Besar dan Eceran, Reparasi Mobil dan Sepeda Motor","SBR"],
    ["44778","PT BINTANG BELAWAN","JL KARO N 019","prelist","MEDAN BELAWAN","BELAWAN I","LINGKUNGAN 4","","","H. Transportasi dan Pergudangan","SBR"],
    ["44814","TOKO BANGUNAN BERKAT JAYA(BUDI)","JL STASIUN LK 13","prelist","MEDAN BELAWAN","BELAWAN I","LINGKUNGAN 13","","","G. Perdagangan Besar dan Eceran, Reparasi Mobil dan Sepeda Motor","SBR"],
    ["44817","WARUNG KELONTONG (FERDINAN AS PANDIA)","JL TM PAHLAWAN LK 13","prelist","MEDAN BELAWAN","BELAWAN I","LINGKUNGAN 26","","","G. Perdagangan Besar dan Eceran, Reparasi Mobil dan Sepeda Motor","SBR"],
    ["44935","PANGKALAN GAS (HAMIDI)","JL. TM PAHLAWAN NO. 31","prelist","MEDAN BELAWAN","BELAWAN I","LINGKUNGAN 25","","","G. Perdagangan Besar dan Eceran, Reparasi Mobil dan Sepeda Motor","SBR"],
    ["45129","HOTEL DANAU TOBA","JL RAYA PELABUHAN LK 44","prelist","MEDAN BELAWAN","BELAWAN BAHARI","LINGKUNGAN 12","","","I. Penyediaan Akomodasi dan Makan Minum","SBR"],
    ["45132","UD PMS (ATA OSUI)","JALAN PERIKANAN GABION LINGKUNGAN 11 RT RW 20414","prelist","MEDAN BELAWAN","BAGAN DELI","LINGKUNGAN 8","","","H. Transportasi dan Pergudangan","SBR"],
    ["45337","SINAR PUTRA MANDIRI PT","JL TM PAHLAWAN NO-29","prelist","MEDAN BELAWAN","BELAWAN I","LINGKUNGAN 25","","","H. Transportasi dan Pergudangan","SBR"],
    ["45480","PENGIRIMAN BARANG <LUBIS>","JL CIMANUK NO 12 LK 23","prelist","MEDAN BELAWAN","BELAWAN II","LINGKUNGAN 23","","","H. Transportasi dan Pergudangan","SBR"],
    ["45646","BURUH HARIAN SAFARUDDIN","JL BANGKA GG KEJU","prelist","MEDAN BELAWAN","BELAWAN II","LINGKUNGAN 4","","","S. Aktivitas Jasa Lainnya","SBR"],
    ["45752","TPA (IQRAQ KARYA IBU)","JL FILIAL LK 26 KAMP SALAM","prelist","MEDAN BELAWAN","BELAWAN II","LINGKUNGAN 44","","","P. Pendidikan","SBR"],
    ["45754","SD NEGERI 064004","JALAN PULAU NIAS LINGK 3","prelist","MEDAN BELAWAN","BELAWAN BAHARI","LINGKUNGAN 3","","","P. Pendidikan","SBR"],
    ["45795","SAMUDRA BELAWAN PT","JL CILACAP TIMUR","prelist","MEDAN BELAWAN","BELAWAN II","LINGKUNGAN 9","","","H. Transportasi dan Pergudangan","SBR"],
    ["45871","TOKO JAYA BARU LASTARI","JL SUMATERA NO 58","prelist","MEDAN BELAWAN","BELAWAN I","LINGKUNGAN 1","","","G. Perdagangan Besar dan Eceran, Reparasi Mobil dan Sepeda Motor","SBR"],
    ["45872","USAHA BOTOT (ONG SIN LAM)","JALAN R SULIAN LORONG AMAN LK 15 BELAWAN 1","prelist","MEDAN BELAWAN","BELAWAN I","LINGKUNGAN 15","","","G. Perdagangan Besar dan Eceran, Reparasi Mobil dan Sepeda Motor","SBR"],
    ["45875","TK HANG TUAH 1 (ERLINA)","JL ROKAN","prelist","MEDAN BELAWAN","BELAWAN I","LINGKUNGAN 5","","","P. Pendidikan","SBR"],
    ["46127","SMPN 26 MEDAN SICANANG","JLN KELAPA LINGKUNGAN 19 SICANANG","prelist","MEDAN BELAWAN","BELAWAN SICANANG","LINGKUNGAN 19","","","P. Pendidikan","SBR"],
    ["46132","CANANG INDAH INDUSTRI PARTIC","JL. PLTU SICANANG BELAWAN","prelist","MEDAN BELAWAN","BELAWAN SICANANG","LINGKUNGAN 1","","","C. Industri Pengolahan","SBR"],
    ["46149","LAFARGE CEMENT INDONESIA, PT/ PT. SOLUSI BANGUN INDONESIA TBK","JL. PELABUHAN UJUNG BARU BLW","prelist","MEDAN BELAWAN","BELAWAN II","LINGKUNGAN 35","","","C. Industri Pengolahan","SBR"],
    ["46156","CV DWI GITA BAHARI","JL CIPANAS","prelist","MEDAN BELAWAN","BELAWAN II","LINGKUNGAN 44","","","H. Transportasi dan Pergudangan","SBR"],
    ["46375","SD ALWASLIYAH","JL SEPAT PAJAK BARU BELAWAN BAHAGIA","prelist","MEDAN BELAWAN","BELAWAN BAHAGIA","LINGKUNGAN 6","","","P. Pendidikan","SBR"],
    ["46379","SD NEGERI (060968)","JL HIU LK 2","prelist","MEDAN BELAWAN","BELAWAN BAHAGIA","LINGKUNGAN 2","","","P. Pendidikan","SBR"],
    ["46959","KARYA DELTA MARITIM, PT","JL. TM PAHLAWAN NO 3 BELAWAN I","prelist","MEDAN BELAWAN","BELAWAN I","LINGKUNGAN 14","","","C. Industri Pengolahan","SBR"],
    ["46963","BERDIKARI PT","J L SUM A TER A 00 10 4","prelist","MEDAN BELAWAN","BELAWAN I","LINGKUNGAN 2","","","H. Transportasi dan Pergudangan","SBR"],
    ["46964","PDAM TIRTANADI UNIT KOTA BELAWAN","JL SERMA HANAFIA/KAMPAR","prelist","MEDAN BELAWAN","BELAWAN I","LINGKUNGAN 9","","","E. Pengadaan Air, Pengelolaan Sampah, Limbah, dan Daur Ulang","SBR"],
    ["46970","APOTER SUMBER JAYA","JLN VETERAN","prelist","MEDAN BELAWAN","BELAWAN I","LINGKUNGAN 3","","","G. Perdagangan Besar dan Eceran, Reparasi Mobil dan Sepeda Motor","SBR"],
    ["46988","S D HANG TUAH 1","JL.VETERAN NO 1","prelist","MEDAN BELAWAN","BELAWAN I","LINGKUNGAN 4","","","P. Pendidikan","SBR"],
    ["47000","AKR CV TOPAN","JALAN PERIMNAN GABION LINGKUNGAN 11","prelist","MEDAN BELAWAN","BAGAN DELI","LINGKUNGAN 8","","","G. Perdagangan Besar dan Eceran, Reparasi Mobil dan Sepeda Motor","SBR"],
    ["47081","MULYA ANUGERAH BERSAMA PT","JL CILACAP TIMUR NO. 3 RT RW 20412","prelist","MEDAN BELAWAN","BELAWAN II","LINGKUNGAN 9","","","C. Industri Pengolahan","SBR"],
    ["47122","BERKAT MAJU (A HUA)","JL VE TERAN NO88","prelist","MEDAN BELAWAN","BELAWAN I","LINGKUNGAN 2","","","G. Perdagangan Besar dan Eceran, Reparasi Mobil dan Sepeda Motor","SBR"],
    ["47127","TOKO EMAS MARROAN (ZAINUL)","JLN VETERAN","prelist","MEDAN BELAWAN","BELAWAN I","LINGKUNGAN 2","","","G. Perdagangan Besar dan Eceran, Reparasi Mobil dan Sepeda Motor","SBR"],
    ["47130","GEDUNG MARINA","JL SERMA HANAFIAH","prelist","MEDAN BELAWAN","BELAWAN I","LINGKUNGAN 3","","","L. Real Estat","SBR"],
    ["47143","TRAVEL KAPAL LAUT (EDI)","JALAN SERDANG","prelist","MEDAN BELAWAN","BELAWAN I","LINGKUNGAN 8","","","N. Jasa Persewaan, Ketenagakerjaan, Agen Perjalanan, dan Jasa Pendukung","SBR"],
    ["47377","SD ALWASLIYAH","JALAN SELEBES PALUH PERTA BELAWAN","prelist","MEDAN BELAWAN","BELAWAN II","LINGKUNGAN 7","","","P. Pendidikan","SBR"],
    ["47523","PT GEUBRINA USAHA","JL.DELI N 015","prelist","MEDAN BELAWAN","BELAWAN I","LINGKUNGAN 4","","","H. Transportasi dan Pergudangan","SBR"],
    ["47524","SMART TBK, PT","JL. BELMERA BARU BELAWAN II BELAWAN","prelist","MEDAN BELAWAN","BELAWAN II","LINGKUNGAN 44","","","C. Industri Pengolahan","SBR"],
    ["47543","TOKO OBAT KELUARGA (FRISKA)","JALAN R SULIAN LK 14","prelist","MEDAN BELAWAN","BELAWAN II","LINGKUNGAN 43","","","G. Perdagangan Besar dan Eceran, Reparasi Mobil dan Sepeda Motor","SBR"],
    ["47544","GAZA","JL VETERAN","prelist","MEDAN BELAWAN","BELAWAN I","LINGKUNGAN 2","","","G. Perdagangan Besar dan Eceran, Reparasi Mobil dan Sepeda Motor","SBR"],
    ["47547","MINI MARKET AA","Jl Sumatera no 25","prelist","MEDAN BELAWAN","BELAWAN I","LINGKUNGAN 1","","","G. Perdagangan Besar dan Eceran, Reparasi Mobil dan Sepeda Motor","SBR"],
    ["47553","BURUH HASRIAN (ANSARI AIP)","JL BANGKA GANG KEJU","prelist","MEDAN BELAWAN","BELAWAN II","LINGKUNGAN 4","","","S. Aktivitas Jasa Lainnya","SBR"],
    ["47576","SUCOFINDO PT PERSERO","JL ANGGADA I 1, BELAWAN I, MEDAN BELAWAN","prelist","MEDAN BELAWAN","BELAWAN I","LINGKUNGAN 31","","","H. Transportasi dan Pergudangan","SBR"],
    ["47779","MDA (FATMAWATI SSAG)","JALAN CILEDUK LK 25","prelist","MEDAN BELAWAN","BELAWAN II","LINGKUNGAN 25","","","P. Pendidikan","SBR"],
    ["47840","PAUD TAMAN SISWA","JLN KAKAP LK 8","prelist","MEDAN BELAWAN","BAGAN DELI","LINGKUNGAN 9","","","P. Pendidikan","SBR"],
    ["47911","WARUNG MAKAN <RAHMA>","JLN.PLTU LK 1 P.SICANANG","prelist","MEDAN BELAWAN","BELAWAN SICANANG","LINGKUNGAN 15","","","I. Penyediaan Akomodasi dan Makan Minum","SBR"],
    ["47918","PT BUDI KARYA JATI","JL VETERAN NO 10 BELAWAN","prelist","MEDAN BELAWAN","BELAWAN I","LINGKUNGAN 1","","","H. Transportasi dan Pergudangan","SBR"],
    ["47963","SD NEGERI 060965","JALAN ASAHAN KELURAHAN BELAWAN 1","prelist","MEDAN BELAWAN","BELAWAN I","LINGKUNGAN 11","","","P. Pendidikan","SBR"],
    ["48125","SEKOLAH TAMAN SISWA (SMP)","JLN KAKAP LK 8","prelist","MEDAN BELAWAN","BELAWAN BAHAGIA","LINGKUNGAN 8","","","P. Pendidikan","SBR"],
    ["48149","CV AL RIDHO AL ANJANI","JL MESJID","prelist","MEDAN BELAWAN","BELAWAN BAHARI","LINGKUNGAN 8","","","F. Konstruksi","SBR"],
    ["48201","LAPANGAN PARKIR (PELINDO II)","JL RAYA PELABUHAN LK 44","prelist","MEDAN BELAWAN","BELAWAN BAHARI","LINGKUNGAN 12","","","H. Transportasi dan Pergudangan","SBR"],
    ["48204","LAUT UNITED, PT","PELABUHAN PERIKANAN SAMUDERA BELAWAN","prelist","MEDAN BELAWAN","BAGAN DELI","LINGKUNGAN 11","","","C. Industri Pengolahan","SBR"],
    ["48225","PERMATA HIJAU PALM OLEO (PHG), PT","JL. RAYA PELABUHAN LK. 44","prelist","MEDAN BELAWAN","BAGAN DELI","LINGKUNGAN 14","","","C. Industri Pengolahan","SBR"],
    ["48230","INDOMARET","Lor sekolah Lk 21","prelist","MEDAN BELAWAN","BELAWAN I","LINGKUNGAN 2","","","G. Perdagangan Besar dan Eceran, Reparasi Mobil dan Sepeda Motor","SBR"],
    ["48243","UD WAHYU","JL PASAR LAMA LINK 29","prelist","MEDAN BELAWAN","BELAWAN II","LINGKUNGAN 39","","","G. Perdagangan Besar dan Eceran, Reparasi Mobil dan Sepeda Motor","SBR"],
    ["48264","KLINIK MANAOR","JALAN GULAMA","prelist","MEDAN BELAWAN","BELAWAN BAHAGIA","LINGKUNGAN 15","","","Q. Jasa Kesehatan dan Kegiatan Sosial","SBR"],
    ["48269","KAPUAS JAYA ABADI CV","JL TENGGIRI","prelist","MEDAN BELAWAN","BELAWAN BAHAGIA","LINGKUNGAN 2","","","H. Transportasi dan Pergudangan","SBR"],
    ["48342","BURUH PELABUHAN (RAJAB)","JL BAWAL LINGK 19 BELAWAN BAHAGIA","prelist","MEDAN BELAWAN","BELAWAN BAHAGIA","LINGKUNGAN 19","","","H. Transportasi dan Pergudangan","SBR"],
    ["48438","TOKO MAS KENCANA","JLN VETERAN 109","prelist","MEDAN BELAWAN","BELAWAN I","LINGKUNGAN 4","","","G. Perdagangan Besar dan Eceran, Reparasi Mobil dan Sepeda Motor","SBR"],
    ["48471","PELITA","JALAN VETERAN","prelist","MEDAN BELAWAN","BELAWAN I","LINGKUNGAN 1","","","G. Perdagangan Besar dan Eceran, Reparasi Mobil dan Sepeda Motor","SBR"],
    ["48476","PERMATA LOGISTIC C V","JL TM PAHLAWAN LORONG SEMPURNA","prelist","MEDAN BELAWAN","BELAWAN I","LINGKUNGAN 26","","","H. Transportasi dan Pergudangan","SBR"],
    ["48529","YPKMI METHODIST 10","JL R SULIAN LORONG SEMPURNA","prelist","MEDAN BELAWAN","BELAWAN I","LINGKUNGAN 24","","","P. Pendidikan","SBR"],
    ["48539","TAKAR CV","JL JAWA SIMPANG CILACAP TIMUR","prelist","MEDAN BELAWAN","BELAWAN II","LINGKUNGAN 9","","","H. Transportasi dan Pergudangan","SBR"],
    ["48541","TERMINAL BEHANDLE TPFT GRAHA SEGARA","JALAN PELABUHAN PETI KEMAS LINGKUNGAN 11","prelist","MEDAN BELAWAN","BAGAN DELI","LINGKUNGAN 8","","","H. Transportasi dan Pergudangan","SBR"],
    ["48551","KANTOR KPRI CV","JL BANGKA TIMUR LK 4","prelist","MEDAN BELAWAN","BELAWAN II","LINGKUNGAN 4","","","H. Transportasi dan Pergudangan","SBR"],
    ["48578","BURUH MUSIMAN (SOPIYAN)","JL.SELEBES TITI PANJANG LK.35","prelist","MEDAN BELAWAN","BELAWAN II","LINGKUNGAN 33","","","S. Aktivitas Jasa Lainnya","SBR"],
    ["48623","SMP SWASTA NURANI (SMP)","JL TANGGUL LK 8","prelist","MEDAN BELAWAN","BELAWAN BAHAGIA","LINGKUNGAN 8","","","P. Pendidikan","SBR"],
    ["49111","TK ANUR","J L LANG ZAT N J 1 C","prelist","MEDAN BELAWAN","BELAWAN I","LINGKUNGAN 2","","","P. Pendidikan","SBR"],
    ["49139","SMP ISLAMIAH(ELVI R)","JL CILEDUK LK 25","prelist","MEDAN BELAWAN","BELAWAN II","LINGKUNGAN 25","","","P. Pendidikan","SBR"],
    ["49255","SOCI MAS PT","JL PELABUHAN UJUNG BARU BELAWAN RT RW 20411","prelist","MEDAN BELAWAN","BELAWAN I","LINGKUNGAN 31","","","C. Industri Pengolahan","SBR"],
    ["49265","PT SERASI SHIPPING INDONESIA","JL KARO NO 020","prelist","MEDAN BELAWAN","BELAWAN I","LINGKUNGAN 4","","","H. Transportasi dan Pergudangan","SBR"],
    ["49291","CITRA ANUGRAH BAHARI PT","JALAN DELI NO 2","prelist","MEDAN BELAWAN","BELAWAN I","LINGKUNGAN 4","","","H. Transportasi dan Pergudangan","SBR"],
    ["49408","BELAWAN TANKI INDAH PT","JL PELABUHAN UJUNG BARU BELAWAN","prelist","MEDAN BELAWAN","BELAWAN I","LINGKUNGAN 31","","","H. Transportasi dan Pergudangan","SBR"],
    ["49415","PRAKTEK DOKTER UMUM (DR IRMA YUSARI SRG)","ASRAMA AD","prelist","MEDAN BELAWAN","BELAWAN I","LINGKUNGAN 2","","","Q. Jasa Kesehatan dan Kegiatan Sosial","SBR"],
    ["49541","WARNET <CHAMPION>","JL SUMATERA NO 100 BELAWAN","prelist","MEDAN BELAWAN","BELAWAN I","LINGKUNGAN 2","","","J. Informasi dan Komunikasi","SBR"],
    ["49582","SOCFIN INDONESIA PT","JL PELABUHAN UJUNG BARU BELAWAN RT RW 20411","prelist","MEDAN BELAWAN","BELAWAN I","LINGKUNGAN 31","","","C. Industri Pengolahan","SBR"],
    ["49593","CAHAYA TERANG","JLN VETERAN NO 133","prelist","MEDAN BELAWAN","BELAWAN I","LINGKUNGAN 1","","","G. Perdagangan Besar dan Eceran, Reparasi Mobil dan Sepeda Motor","SBR"],
    ["49606","PUSKOPAL ARMABAR","JALAN R SULIAN LK 75 BELAWAN 1","prelist","MEDAN BELAWAN","BELAWAN II","LINGKUNGAN 43","","","G. Perdagangan Besar dan Eceran, Reparasi Mobil dan Sepeda Motor","SBR"],
    ["49612","PT BANK MANDIRI","JLN SUMATERA PINGGIR REL LK43","prelist","MEDAN BELAWAN","BELAWAN I","LINGKUNGAN 1","","","K. Aktivitas Keuangan Dan Asuransi","SBR"],
    ["49726","KLINIK","JLN LOR III VETERAN BAGAN DELI","prelist","MEDAN BELAWAN","BAGAN DELI","LINGKUNGAN 8","","","Q. Jasa Kesehatan dan Kegiatan Sosial","SBR"],
    ["49744","KEDAI SAMPAH <SITANGGANG>","Blok 21 kk 14","prelist","MEDAN BELAWAN","BELAWAN SICANANG","LINGKUNGAN 15","","","G. Perdagangan Besar dan Eceran, Reparasi Mobil dan Sepeda Motor","SBR"],
    ["49758","PUTRA INDOSEJAHTERA PT","JL ASAHAN NO 11","prelist","MEDAN BELAWAN","BELAWAN I","LINGKUNGAN 3","","","H. Transportasi dan Pergudangan","SBR"],
    ["49761","SUCOU OPTICAL (NELVI)","JLN VETERAN NO 130","prelist","MEDAN BELAWAN","BELAWAN I","LINGKUNGAN 1","","","G. Perdagangan Besar dan Eceran, Reparasi Mobil dan Sepeda Motor","SBR"],
    ["49766","BRANTAS JAYA PT","JL RAYA PELABUHAN LK 44","prelist","MEDAN BELAWAN","BELAWAN BAHARI","LINGKUNGAN 12","","","F. Konstruksi","SBR"],
    ["49775","PT GLOBAL TOTAL BAHAR I","IL KARD N 019","prelist","MEDAN BELAWAN","BELAWAN I","LINGKUNGAN 2","","","H. Transportasi dan Pergudangan","SBR"],
    ["49782","YASURIANG (YSR), UD","JL. PELABHAN PERIKANAN SAMUDERA GABION","prelist","MEDAN BELAWAN","BAGAN DELI","LINGKUNGAN 11","","","C. Industri Pengolahan","SBR"],
    ["49797","BERLIAN EKA SAKTI TANGGUH PT","JL ANGGADA 1 PELABUHAN UJUNG BARU BELAWAN RT RW 20411","prelist","MEDAN BELAWAN","BELAWAN I","LINGKUNGAN 31","","","C. Industri Pengolahan","SBR"],
    ["49873","WARNET <RONALD>","JL VETERAN NO 126 BELAWAN","prelist","MEDAN BELAWAN","BELAWAN I","LINGKUNGAN 4","","","J. Informasi dan Komunikasi","SBR"],
    ["49938","HANGTUAH SMA","JL RAYA PELABUHAN LK 4 4","prelist","MEDAN BELAWAN","BELAWAN BAHARI","LINGKUNGAN 12","","","P. Pendidikan","SBR"],
    ["49939","MITRA JAYA BAHARI. PT","Jl raya pelabuham lk 29","prelist","MEDAN BELAWAN","BELAWAN BAHARI","LINGKUNGAN 11","","","H. Transportasi dan Pergudangan","SBR"],
    ["49945","LUMBUNG JAYA LOGISTIK PT (SYAWAL LUBIS)","JL BANGKA TIMUR LK 4","prelist","MEDAN BELAWAN","BELAWAN II","LINGKUNGAN 4","","","H. Transportasi dan Pergudangan","SBR"],
    ["49949","KLINIK FAUZAN","LORONG PROYEK","prelist","MEDAN BELAWAN","BAGAN DELI","LINGKUNGAN 8","","","Q. Jasa Kesehatan dan Kegiatan Sosial","SBR"],
    ["50032","ALFA MART","JALAN CITARUM","prelist","MEDAN BELAWAN","BELAWAN II","LINGKUNGAN 22","","","G. Perdagangan Besar dan Eceran, Reparasi Mobil dan Sepeda Motor","SBR"],
    ["50062","GUDANG H SYAILENDRA","Jl TM pahlawan lor pisang no 41","prelist","MEDAN BELAWAN","BELAWAN I","LINGKUNGAN 26","","","C. Industri Pengolahan","SBR"],
    ["50089","KRAKATAU BERKAT SINAR","JL RAYA PELABUHAN LK N29","prelist","MEDAN BELAWAN","BELAWAN BAHARI","LINGKUNGAN 12","","","H. Transportasi dan Pergudangan","SBR"],
    ["50095","UNIT TERMINAL PETI KEMAS <UTPK>","JALAN PELABUHAN RAYA LINGKUNGAN 9","prelist","MEDAN BELAWAN","BAGAN DELI","LINGKUNGAN 8","","","H. Transportasi dan Pergudangan","SBR"],
    ["50113","YANG SURIANG SAMUDRA REZEKI.PT","JALAN PERIKANAN GABION LINGKUNGAN 11 RT RW 20414","prelist","MEDAN BELAWAN","BAGAN DELI","LINGKUNGAN 8","","","C. Industri Pengolahan","SBR"],
    ["50117","PT ASPHALT BANGUN SARANA BELAWAN","JLN RAYA PELABUHA BELAWAN","prelist","MEDAN BELAWAN","BAGAN DELI","LINGKUNGAN 11","","","G. Perdagangan Besar dan Eceran, Reparasi Mobil dan Sepeda Motor","SBR"],
    ["50123","PT SALAM PACIFIC INDONESIA LINES (SPIL)","JL PELABUHAN RAYA LINGKUNGAN 8 BAGAN DELI BELAWAN","prelist","MEDAN BELAWAN","BAGAN DELI","LINGKUNGAN 6","","","H. Transportasi dan Pergudangan","SBR"],
    ["50343","KLINIK BERSALIN","JL CIANJUR TIMUR","prelist","MEDAN BELAWAN","BELAWAN II","LINGKUNGAN 16","","","Q. Jasa Kesehatan dan Kegiatan Sosial","SBR"],
    ["50396","WARNET","LOR MESJID","prelist","MEDAN BELAWAN","BAGAN DELI","LINGKUNGAN 8","","","J. Informasi dan Komunikasi","SBR"],
    ["50454","GOLDEN CUP SEAFOOD, PT","JL. GABION PERIKANAN NO. 8 KEL. BAGAN DELI","prelist","MEDAN BELAWAN","BAGAN DELI","LINGKUNGAN 11","","","C. Industri Pengolahan","SBR"],
    ["50479","STASIUN KERETA API <PT KAI>","JL STASIUN KOMPLEK PJKA","prelist","MEDAN BELAWAN","BELAWAN II","LINGKUNGAN 38","","","H. Transportasi dan Pergudangan","SBR"],
    ["50509","SPBU<WILLY>","JL RAYA PELABUHAN LK 29","prelist","MEDAN BELAWAN","BELAWAN BAHARI","LINGKUNGAN 12","","","G. Perdagangan Besar dan Eceran, Reparasi Mobil dan Sepeda Motor","SBR"],
    ["50537","TOKO KERAMIK (SITORUS)","JLN SIMALUNGUN","prelist","MEDAN BELAWAN","BELAWAN I","LINGKUNGAN 4","","","G. Perdagangan Besar dan Eceran, Reparasi Mobil dan Sepeda Motor","SBR"],
    ["50562","BANGUN LESTARI CV","JL TENGGIRI","prelist","MEDAN BELAWAN","BELAWAN BAHAGIA","LINGKUNGAN 2","","","H. Transportasi dan Pergudangan","SBR"],
    ["50687","RENTAL MOBIL (RIO)","JL CIREBON","prelist","MEDAN BELAWAN","BELAWAN II","LINGKUNGAN 24","","","H. Transportasi dan Pergudangan","SBR"],
    ["50691","DEPO PERTAMINA CITRA JETY","BAGAN DELI","prelist","MEDAN BELAWAN","BAGAN DELI","LINGKUNGAN 8","","","G. Perdagangan Besar dan Eceran, Reparasi Mobil dan Sepeda Motor","SBR"],
    ["50696","YAYASAN P IQRA","JL PLTU P SICANDANG LINGKUNGAN 1","prelist","MEDAN BELAWAN","BELAWAN SICANANG","LINGKUNGAN 1","","","P. Pendidikan","SBR"],
    ["50741","BRIDGESTONE PT","JLN BELAWAN BY PASS NO 1 C ( PELABUHAN 2)","prelist","MEDAN BELAWAN","BELAWAN II","LINGKUNGAN 44","","","M. Jasa Profesional, Ilmiah, dan Teknis","SBR"],
    ["50751","CAFE PATAYA","JLN LANGKAT NO 36","prelist","MEDAN BELAWAN","BELAWAN I","LINGKUNGAN 4","","","R. Kesenian, Hiburan, dan Rekreasi","SBR"],
    ["50780","LAPOLOMA (DANI)","JL SIMALUNGUN","prelist","MEDAN BELAWAN","BELAWAN I","LINGKUNGAN 4","","","G. Perdagangan Besar dan Eceran, Reparasi Mobil dan Sepeda Motor","SBR"],
    ["50849","WARNET <FUTURE NET>","JLN.SUMATERA NO 97","prelist","MEDAN BELAWAN","BELAWAN II","LINGKUNGAN 43","","","J. Informasi dan Komunikasi","SBR"],
    ["50892","JUAL PULSA <MIKA>","SIMPANG LOR PERHATIAN LK 16","prelist","MEDAN BELAWAN","BELAWAN I","LINGKUNGAN 2","","","J. Informasi dan Komunikasi","SBR"],
    ["50928","AREMA BONIA PRIMA PT (AGUS)","JLN VETERAN","prelist","MEDAN BELAWAN","BELAWAN I","LINGKUNGAN 2","","","H. Transportasi dan Pergudangan","SBR"],
    ["50962","TOKO PRIMEKOPAL LANTA MAL-I","J L SERMA HANAFIA","prelist","MEDAN BELAWAN","BELAWAN I","LINGKUNGAN 3","","","G. Perdagangan Besar dan Eceran, Reparasi Mobil dan Sepeda Motor","SBR"],
    ["50983","EKSPOR IMPOR (ABDUL)","LOR DERMAWAN NO 14B","prelist","MEDAN BELAWAN","BELAWAN I","LINGKUNGAN 2","","","G. Perdagangan Besar dan Eceran, Reparasi Mobil dan Sepeda Motor","SBR"],
    ["51033","YAN DAN CO (MEGASARI)","JLN VETERAN NO 78","prelist","MEDAN BELAWAN","BELAWAN I","LINGKUNGAN 1","","","G. Perdagangan Besar dan Eceran, Reparasi Mobil dan Sepeda Motor","SBR"],
    ["51035","TOKO ELEKTRONIK (ALANA)","JLN VETERAN NO 96","prelist","MEDAN BELAWAN","BELAWAN I","LINGKUNGAN 1","","","G. Perdagangan Besar dan Eceran, Reparasi Mobil dan Sepeda Motor","SBR"],
    ["51056","JUAL TAS (DEWI)","JLN SIMALUNGUN","prelist","MEDAN BELAWAN","BELAWAN I","LINGKUNGAN 4","","","G. Perdagangan Besar dan Eceran, Reparasi Mobil dan Sepeda Motor","SBR"],
    ["51084","TOKO MAS MAJU PASARIBU","JALAN VETERAN","prelist","MEDAN BELAWAN","BELAWAN I","LINGKUNGAN 4","","","G. Perdagangan Besar dan Eceran, Reparasi Mobil dan Sepeda Motor","SBR"],
    ["51085","RM SURYA (ANTO)","JALAN VETERAN","prelist","MEDAN BELAWAN","BELAWAN I","LINGKUNGAN 2","","","I. Penyediaan Akomodasi dan Makan Minum","SBR"],
    ["51137","MAJU BERSAMA PASARIBU","JALAN VETERAN","prelist","MEDAN BELAWAN","BELAWAN I","LINGKUNGAN 2","","","G. Perdagangan Besar dan Eceran, Reparasi Mobil dan Sepeda Motor","SBR"],
    ["51183","TK PLUS BIP SCHOOL (RETNO)","JL KARO NO 12","prelist","MEDAN BELAWAN","BELAWAN I","LINGKUNGAN 4","","","P. Pendidikan","SBR"],
    ["51189","JELITA","JALAN VETERAN","prelist","MEDAN BELAWAN","BELAWAN I","LINGKUNGAN 2","","","G. Perdagangan Besar dan Eceran, Reparasi Mobil dan Sepeda Motor","SBR"],
    ["51295","PANGLONG BERKAT JAYA (BUDI)","JL STASIUN NO 1 LK 13","prelist","MEDAN BELAWAN","BELAWAN I","LINGKUNGAN 24","","","G. Perdagangan Besar dan Eceran, Reparasi Mobil dan Sepeda Motor","SBR"],
    ["51297","RA AL IMAN (BURHANUDDIN US)","JL TM PAHLAWAN LORONG PISANG LING K UNGAN 13","prelist","MEDAN BELAWAN","BELAWAN I","LINGKUNGAN 26","","","P. Pendidikan","SBR"],
    ["51307","SALON (RIDA)","JLN CIKAMPEK LK 22","prelist","MEDAN BELAWAN","BELAWAN II","LINGKUNGAN 44","","","S. Aktivitas Jasa Lainnya","SBR"],
    ["51313","NUBIKA JAYA PT","JL PELABUHAN UJUNG BARU BELAWAN RT RW 20411","prelist","MEDAN BELAWAN","BELAWAN I","LINGKUNGAN 31","","","C. Industri Pengolahan","SBR"],
    ["51314","TOKO ABENG","JLSUMATERA NOBBELAWAN","prelist","MEDAN BELAWAN","BELAWAN I","LINGKUNGAN 1","","","G. Perdagangan Besar dan Eceran, Reparasi Mobil dan Sepeda Motor","SBR"],
    ["51316","LAFARGE PT","JL PELABUHAN UJUNG BARU BELAWAN RT RW 20411","prelist","MEDAN BELAWAN","BELAWAN I","LINGKUNGAN 31","","","C. Industri Pengolahan","SBR"],
    ["51319","TUKANG MAS MAJU PASARIBU","JLN VETERAN","prelist","MEDAN BELAWAN","BELAWAN I","LINGKUNGAN 1","","","G. Perdagangan Besar dan Eceran, Reparasi Mobil dan Sepeda Motor","SBR"],
    ["51341","PT MUSIM MAS","JALAN PELABUHAN RAYA LINGKUNGAN 9","prelist","MEDAN BELAWAN","BELAWAN I","LINGKUNGAN 31","","","H. Transportasi dan Pergudangan","SBR"],
    ["51514","SPBU","JL RAYA PELABUHAN II BELAWAN","prelist","MEDAN BELAWAN","BELAWAN II","LINGKUNGAN 44","","","G. Perdagangan Besar dan Eceran, Reparasi Mobil dan Sepeda Motor","SBR"],
    ["51966","YAYASAN MUSTIKA ULUM","JLN KELAPA BLOK 21 LINK 19 SICANANG","prelist","MEDAN BELAWAN","BELAWAN SICANANG","LINGKUNGAN 14","","","P. Pendidikan","SBR"],
    ["51987","SD ALWASLIYAH 5 34","LOR PAPAN LK 28 BELAWAN 1","prelist","MEDAN BELAWAN","BELAWAN I","LINGKUNGAN 31","","","P. Pendidikan","SBR"],
    ["51994","INDOMARET","JL SUMATERA NO 26","prelist","MEDAN BELAWAN","BELAWAN II","LINGKUNGAN 43","","","G. Perdagangan Besar dan Eceran, Reparasi Mobil dan Sepeda Motor","SBR"],
    ["52110","BANK BRI PT","JL JAWA LINGKUNGAN 28","prelist","MEDAN BELAWAN","BELAWAN II","LINGKUNGAN 9","","","K. Aktivitas Keuangan Dan Asuransi","SBR"],
    ["52129","SMK BAHARI HANGTUAH","JL SERMA HANAFIAH NO 5 BELAWAN","prelist","MEDAN BELAWAN","BELAWAN I","LINGKUNGAN 11","","","P. Pendidikan","SBR"],
    ["52174","NEW HAPPY (ELI)","JALAN VETERAN","prelist","MEDAN BELAWAN","BELAWAN I","LINGKUNGAN 2","","","G. Perdagangan Besar dan Eceran, Reparasi Mobil dan Sepeda Motor","SBR"],
    ["52193","UNIT USAHA GALANGAN KAPAL PELINDO I PT","JL. SUMATERA NO. 01","prelist","MEDAN BELAWAN","BELAWAN I","LINGKUNGAN 4","","","F. Konstruksi","SBR"],
    ["52211","MITRA JAYA BAHARI PT","J L RAYA PELABUHAN LK 29","prelist","MEDAN BELAWAN","BELAWAN BAHARI","LINGKUNGAN 11","","","H. Transportasi dan Pergudangan","SBR"],
    ["52223","SD NEGERI 065009 BAGAN DELI","LORONG II VETERAN","prelist","MEDAN BELAWAN","BAGAN DELI","LINGKUNGAN 7","","","P. Pendidikan","SBR"],
    ["52269","MAJU BERSAMA PASARIBU(EMRIJAL PSB)","JALAN VETERAN NO 77 LK 2","prelist","MEDAN BELAWAN","BELAWAN I","LINGKUNGAN 2","","","G. Perdagangan Besar dan Eceran, Reparasi Mobil dan Sepeda Motor","SBR"],
    ["52525","JASA GAS ELPIJI (LISCANDRO BARUS)","JL SIMP SICANANG LK IX","prelist","MEDAN BELAWAN","BELAWAN BAHAGIA","LINGKUNGAN 8","","","G. Perdagangan Besar dan Eceran, Reparasi Mobil dan Sepeda Motor","SBR"],
    ["52605","KLINIK SUMATERA","JL SUMATERA NO 50","prelist","MEDAN BELAWAN","BELAWAN I","LINGKUNGAN 1","","","Q. Jasa Kesehatan dan Kegiatan Sosial","SBR"],
    ["53071","SD GALILEA","JL PULAU NIAS LINGKUNGAN 3","prelist","MEDAN BELAWAN","BELAWAN BAHARI","LINGKUNGAN 8","","","P. Pendidikan","SBR"],
    ["53072","IVOMAS TUNGGAL, PT/ SMART TBK","JL. BELMERA BARU BELAWAN III","prelist","MEDAN BELAWAN","BELAWAN II","LINGKUNGAN 44","","","C. Industri Pengolahan","SBR"],
    ["53123","TOKO JELITA (SUWARDI)","JLN VETERAN BELAWAN","prelist","MEDAN BELAWAN","BELAWAN I","LINGKUNGAN 2","","","G. Perdagangan Besar dan Eceran, Reparasi Mobil dan Sepeda Motor","SBR"],
    ["53141","TOKO ASEAN(CITRA)","JLN VETERAN 34","prelist","MEDAN BELAWAN","BELAWAN I","LINGKUNGAN 1","","","G. Perdagangan Besar dan Eceran, Reparasi Mobil dan Sepeda Motor","SBR"],
    ["53144","TOKO JENI(JENITA)","JLN VETERAN","prelist","MEDAN BELAWAN","BELAWAN I","LINGKUNGAN 2","","","G. Perdagangan Besar dan Eceran, Reparasi Mobil dan Sepeda Motor","SBR"],
    ["53146","MINI PHOTO STUDIO","JLN VETERAN","prelist","MEDAN BELAWAN","BELAWAN I","LINGKUNGAN 2","","","M. Jasa Profesional, Ilmiah, dan Teknis","SBR"],
    ["53346","WARNET (AZRIYANI)","JL DELI N0 17","prelist","MEDAN BELAWAN","BELAWAN I","LINGKUNGAN 4","","","J. Informasi dan Komunikasi","SBR"],
    ["53347","JUAL PAKAIAN KAKI LIMA (NOVITA ARI)","JL BUNGA LK 42","prelist","MEDAN BELAWAN","BELAWAN II","LINGKUNGAN 38","","","G. Perdagangan Besar dan Eceran, Reparasi Mobil dan Sepeda Motor","SBR"],
    ["53348","TOKO KAK AMOY (SURYANI) GROSIR SEMBAKO","JL BUNGA NO 64 42","prelist","MEDAN BELAWAN","BELAWAN II","LINGKUNGAN 42","","","G. Perdagangan Besar dan Eceran, Reparasi Mobil dan Sepeda Motor","SBR"],
    ["53443","TOKO PAKAIAN BAJU (ROHANI)","JL BANGKA TIMUR LK 4","prelist","MEDAN BELAWAN","BELAWAN II","LINGKUNGAN 4","","","G. Perdagangan Besar dan Eceran, Reparasi Mobil dan Sepeda Motor","SBR"],
    ["53701","POLIKLINIK SAHABAT","JL SUMATERA NO 29","prelist","MEDAN BELAWAN","BELAWAN I","LINGKUNGAN 1","","","Q. Jasa Kesehatan dan Kegiatan Sosial","SBR"],
    ["53707","JUA CABE (LINA)","JL BUNGA LINGKUNGAN 38","prelist","MEDAN BELAWAN","BELAWAN II","LINGKUNGAN 38","","","G. Perdagangan Besar dan Eceran, Reparasi Mobil dan Sepeda Motor","SBR"],
    ["53721","LOKET PEMBAYARAN LISTRIK","JLN SERDANG CD LK 6","prelist","MEDAN BELAWAN","BELAWAN I","LINGKUNGAN 8","","","D. Pengadaan Listrik, Gas, Uap/Air Panas, dan Udara Dingin","SBR"],
    ["53725","PENERIMA BOTOT","JL RAYA PELABUHAN 44","prelist","MEDAN BELAWAN","BELAWAN II","LINGKUNGAN 29","","","G. Perdagangan Besar dan Eceran, Reparasi Mobil dan Sepeda Motor","SBR"],
    ["53767","PUSKESMAS","JL HIU LINGK II BELAWAN BAHAGIA","prelist","MEDAN BELAWAN","BELAWAN BAHAGIA","LINGKUNGAN 2","","","Q. Jasa Kesehatan dan Kegiatan Sosial","SBR"],
    ["53774","KLINIK LASMA (LASTIUR)","JL TAMBAK BLOK 26 LK 1 5 PULA U SICANANG","prelist","MEDAN BELAWAN","BELAWAN SICANANG","LINGKUNGAN 15","","","Q. Jasa Kesehatan dan Kegiatan Sosial","SBR"],
    ["53839","JUAL SELOP KAKI LIMA (WALMAN)","JL BUNGA NO 14","prelist","MEDAN BELAWAN","BELAWAN II","LINGKUNGAN 40","","","G. Perdagangan Besar dan Eceran, Reparasi Mobil dan Sepeda Motor","SBR"],
    ["53843","TOKO TARIGAN (MULI ANTA)","JL BUNGA NO 58 42","prelist","MEDAN BELAWAN","BELAWAN II","LINGKUNGAN 42","","","G. Perdagangan Besar dan Eceran, Reparasi Mobil dan Sepeda Motor","SBR"],
    ["53856","LES PRIVAT (SONIA) UMUM","JL SUMATERA NO 32 LK 42","prelist","MEDAN BELAWAN","BELAWAN I","LINGKUNGAN 1","","","P. Pendidikan","SBR"],
    ["53866","TUKANG CUCI (AISYAH)","JL PULAU AMBON LINGKUNGAN 7","prelist","MEDAN BELAWAN","BELAWAN BAHARI","LINGKUNGAN 11","","","S. Aktivitas Jasa Lainnya","SBR"],
    ["53886","KEDAI SEMBAKO (ALI)","JLN CIAMIS BARAT","prelist","MEDAN BELAWAN","BELAWAN II","LINGKUNGAN 11","","","G. Perdagangan Besar dan Eceran, Reparasi Mobil dan Sepeda Motor","SBR"],
    ["53895","KANTIN (WATI)","JL RAYA PELABUHAN LK 44","prelist","MEDAN BELAWAN","BELAWAN BAHARI","LINGKUNGAN 12","","","I. Penyediaan Akomodasi dan Makan Minum","SBR"],
    ["53899","SD ALWASHLIYAH 6139","LOR SEKOLAH","prelist","MEDAN BELAWAN","BAGAN DELI","LINGKUNGAN 8","","","P. Pendidikan","SBR"],
    ["53962","TUKANG PANGKAS RAMBUT (ZAINUDDIN)","JALAN R SULIAN LK26","prelist","MEDAN BELAWAN","BELAWAN II","LINGKUNGAN 43","","","S. Aktivitas Jasa Lainnya","SBR"],
    ["54018","TOKO ASIA (JUSLIM S)","JL BUNGA NO 22","prelist","MEDAN BELAWAN","BELAWAN II","LINGKUNGAN 40","","","G. Perdagangan Besar dan Eceran, Reparasi Mobil dan Sepeda Motor","SBR"],
    ["54127","USAHA ONLINE (FITRI)","JL CIAMIS BARAT LK II","prelist","MEDAN BELAWAN","BELAWAN II","LINGKUNGAN 11","","","G. Perdagangan Besar dan Eceran, Reparasi Mobil dan Sepeda Motor","SBR"],
    ["54145","JUAL ES PISANG","JALAN CIANJUR LK 16","prelist","MEDAN BELAWAN","BELAWAN II","LINGKUNGAN 16","","","I. Penyediaan Akomodasi dan Makan Minum","SBR"],
    ["54252","TUKANG BANGUNAN","JL CILACAP TIMUR","prelist","MEDAN BELAWAN","BELAWAN II","LINGKUNGAN 9","","","F. Konstruksi","SBR"],
    ["54253","JUALAN PAKAIAN WANITA (ARMAYA)","JL BANGKA TIMUR LK 4","prelist","MEDAN BELAWAN","BELAWAN II","LINGKUNGAN 4","","","G. Perdagangan Besar dan Eceran, Reparasi Mobil dan Sepeda Motor","SBR"],
    ["54569","TUKANG PANGKAS RAMBUT LEXIUS KAHO RAE","JALAN R SULIAN LK 26","prelist","MEDAN BELAWAN","BELAWAN II","LINGKUNGAN 43","","","S. Aktivitas Jasa Lainnya","SBR"],
    ["54570","JAJANAN ANAK ANAK (LUKMAN)","JALAN R SULIAN LK 26","prelist","MEDAN BELAWAN","BELAWAN II","LINGKUNGAN 43","","","G. Perdagangan Besar dan Eceran, Reparasi Mobil dan Sepeda Motor","SBR"],
    ["54713","ALFRED TRAVEL","JL PULAU AMBON LINGKUNGAN 7","prelist","MEDAN BELAWAN","BELAWAN BAHARI","LINGKUNGAN 11","","","N. Jasa Persewaan, Ketenagakerjaan, Agen Perjalanan, dan Jasa Pendukung","SBR"],
    ["54815","PAUD RISKY","JL GULAMA LK XV BELAWAN BAHAGIA","prelist","MEDAN BELAWAN","BELAWAN BAHAGIA","LINGKUNGAN 15","","","P. Pendidikan","SBR"],
    ["54826","BRI CABANG BELAWAN","JL RAYA PELABUHAN LK 44","prelist","MEDAN BELAWAN","BELAWAN BAHARI","LINGKUNGAN 12","","","K. Aktivitas Keuangan Dan Asuransi","SBR"],
    ["54831","APOTEK SUMATERA JAYA","J L SUMATERANO 1 0 1","prelist","MEDAN BELAWAN","BELAWAN I","LINGKUNGAN 2","","","G. Perdagangan Besar dan Eceran, Reparasi Mobil dan Sepeda Motor","SBR"],
    ["54842","USAHA RENTAL MOBIL (FERRY)","JL PULAU RUPAT N0 70","prelist","MEDAN BELAWAN","BELAWAN BAHARI","LINGKUNGAN 8","","","N. Jasa Persewaan, Ketenagakerjaan, Agen Perjalanan, dan Jasa Pendukung","SBR"],
    ["54881","TOKO RISMA (P HUTAJULU)","JL BUNGA NO 14 42","prelist","MEDAN BELAWAN","BELAWAN II","LINGKUNGAN 40","","","G. Perdagangan Besar dan Eceran, Reparasi Mobil dan Sepeda Motor","SBR"],
    ["54882","TOKO NAULY (NAULY)","JL BUNGA NO 13","prelist","MEDAN BELAWAN","BELAWAN II","LINGKUNGAN 40","","","G. Perdagangan Besar dan Eceran, Reparasi Mobil dan Sepeda Motor","SBR"],
    ["54948","RUMAH KOMPOS/RUMAH SAMPAH","JLN KELAPA SICANANG LINGKUNGAN 19","prelist","MEDAN BELAWAN","BELAWAN SICANANG","LINGKUNGAN 19","","","E. Pengadaan Air, Pengelolaan Sampah, Limbah, dan Daur Ulang","SBR"],
    ["55068","SALON SUCI","JL PLTU P SICANDANG LINGKUNGAN 1","prelist","MEDAN BELAWAN","BELAWAN SICANANG","LINGKUNGAN 1","","","S. Aktivitas Jasa Lainnya","SBR"],
    ["55070","TOKO BUDI MULIA (K PANJAITAN)","JL JAWA NO 8 LK 42","prelist","MEDAN BELAWAN","BELAWAN II","LINGKUNGAN 10","","","G. Perdagangan Besar dan Eceran, Reparasi Mobil dan Sepeda Motor","SBR"],
    ["55071","TOKO AKAW (CUN KANG KAW) SEMBAKO","JL BUNGA NO 33 42","prelist","MEDAN BELAWAN","BELAWAN II","LINGKUNGAN 42","","","G. Perdagangan Besar dan Eceran, Reparasi Mobil dan Sepeda Motor","SBR"],
    ["55072","NAULI ACC SHOP (T SINAGA)","JLN VETERAN","prelist","MEDAN BELAWAN","BELAWAN I","LINGKUNGAN 2","","","J. Informasi dan Komunikasi","SBR"],
    ["55113","PERSEWAAN TEMPAT (EDI)","JL BUNGA LK 28","prelist","MEDAN BELAWAN","BELAWAN II","LINGKUNGAN 38","","","L. Real Estat","SBR"],
    ["55217","SALON KECANTIKAN WANITA (HAMIDAH)","JL BANGKA TIMUR LK 4","prelist","MEDAN BELAWAN","BELAWAN II","LINGKUNGAN 4","","","S. Aktivitas Jasa Lainnya","SBR"],
    ["55251","YAYASAN HANG TUAH","JL BENGKALIS NO 1","prelist","MEDAN BELAWAN","BELAWAN I","LINGKUNGAN 3","","","P. Pendidikan","SBR"],
    ["55252","SMP SWASTA HKBP","JALAN KAMPAR","prelist","MEDAN BELAWAN","BELAWAN I","LINGKUNGAN 7","","","P. Pendidikan","SBR"],
    ["55255","PAUD FITRI","LOR MESJID","prelist","MEDAN BELAWAN","BAGAN DELI","LINGKUNGAN 8","","","P. Pendidikan","SBR"],
    ["55265","RUMAH MAKAN PERMATA (SYAHRUL)","JALAN LANGKAT NO 1 PRIMKOPAL","prelist","MEDAN BELAWAN","BELAWAN I","LINGKUNGAN 4","","","I. Penyediaan Akomodasi dan Makan Minum","SBR"],
    ["55470","TUKANG BECAK MESIN (ZAINAL ASRIL)","JL BANGKA TIMUR LK 4","prelist","MEDAN BELAWAN","BELAWAN II","LINGKUNGAN 4","","","H. Transportasi dan Pergudangan","SBR"],
    ["55550","AGUS WARNET","LORONG 3 UMUM","prelist","MEDAN BELAWAN","BAGAN DELI","LINGKUNGAN 8","","","J. Informasi dan Komunikasi","SBR"],
    ["55649","RUMAH SEWA(SARMAN)","LORONG I VETERAN","prelist","MEDAN BELAWAN","BELAWAN BAHARI","LINGKUNGAN 8","","","L. Real Estat","SBR"],
    ["55680","TUKANG JAMU (BOY)","LORONG MESJID LINGKUNGAN IV","prelist","MEDAN BELAWAN","BAGAN DELI","LINGKUNGAN 8","","","C. Industri Pengolahan","SBR"],
    ["55717","RUMAH MAKAN (ALIDA)","JL RAYA PELABUHAN LK 44","prelist","MEDAN BELAWAN","BELAWAN BAHARI","LINGKUNGAN 12","","","I. Penyediaan Akomodasi dan Makan Minum","SBR"],
    ["56295","BENGKEL SEPERPAK (ELVIN)","JALAN RUSLAN LK 26","prelist","MEDAN BELAWAN","BELAWAN II","LINGKUNGAN 44","","","G. Perdagangan Besar dan Eceran, Reparasi Mobil dan Sepeda Motor","SBR"],
    ["56417","KOS KOSAN (TAMBUNAN)","JL PLTU P SICANDANG LINGKUNGAN 1","prelist","MEDAN BELAWAN","BELAWAN SICANANG","LINGKUNGAN 1","","","I. Penyediaan Akomodasi dan Makan Minum","SBR"],
    ["56418","KLINIK DELIMA","JL PULAU AMBON LINGKUNGAN 7","prelist","MEDAN BELAWAN","BELAWAN BAHARI","LINGKUNGAN 11","","","Q. Jasa Kesehatan dan Kegiatan Sosial","SBR"],
    ["56429","JUAL AIR SUMUR BOR","JL CIMANUK BARU","prelist","MEDAN BELAWAN","BELAWAN II","LINGKUNGAN 23","","","C. Industri Pengolahan","SBR"],
    ["56529","SD MUHAMMADIYAH 16","JALAN BADAU","prelist","MEDAN BELAWAN","BELAWAN BAHAGIA","LINGKUNGAN 13","","","P. Pendidikan","SBR"],
    ["56530","TK NURUL IMAN","JL TALANG LINGK 7 BELAWAN BAHAGIA","prelist","MEDAN BELAWAN","BELAWAN BAHAGIA","LINGKUNGAN 6","","","P. Pendidikan","SBR"],
    ["56668","JUALAN BAKSO (NURHAYATI)","JALAN R SULIAN LK ZG","prelist","MEDAN BELAWAN","BELAWAN II","LINGKUNGAN 43","","","I. Penyediaan Akomodasi dan Makan Minum","SBR"],
    ["56709","ENGLIS HOUSE","JL HIDAYAH II A BLOK 7 NO 718 P.SICANAG","prelist","MEDAN BELAWAN","BELAWAN SICANANG","LINGKUNGAN 5","","","P. Pendidikan","SBR"],
    ["56775","GROSIR JAJANAN (CHILY) CHILY","JL JAWA NO 2 42","prelist","MEDAN BELAWAN","BELAWAN II","LINGKUNGAN 13","","","G. Perdagangan Besar dan Eceran, Reparasi Mobil dan Sepeda Motor","SBR"],
    ["56817","JUAL SPERPAX (ARI)","JALAN R SULIAN LK 26","prelist","MEDAN BELAWAN","BELAWAN II","LINGKUNGAN 43","","","G. Perdagangan Besar dan Eceran, Reparasi Mobil dan Sepeda Motor","SBR"],
    ["56899","TOKO SEMBAKO (SOLEI)","JL BUNGA NO 32 LK 42","prelist","MEDAN BELAWAN","BELAWAN II","LINGKUNGAN 42","","","G. Perdagangan Besar dan Eceran, Reparasi Mobil dan Sepeda Motor","SBR"],
    ["56918","JUALAN JAJANAN (BANG UNI)","JL. SELEBES TITI PANJANG LK. 35","prelist","MEDAN BELAWAN","BELAWAN II","LINGKUNGAN 33","","","G. Perdagangan Besar dan Eceran, Reparasi Mobil dan Sepeda Motor","SBR"],
    ["56943","SYIVA WATER","JL SELEBES GANG 16 NO 395","prelist","MEDAN BELAWAN","BELAWAN II","LINGKUNGAN 33","","","C. Industri Pengolahan","SBR"],
    ["56966","BAKSO WONG SOLO (SITI)","JL BUNGA NO 25 42","prelist","MEDAN BELAWAN","BELAWAN II","LINGKUNGAN 40","","","I. Penyediaan Akomodasi dan Makan Minum","SBR"],
    ["56982","JUAL ALAT ALAT DAPUR (EPRI)","JL BUNBA PIKA","prelist","MEDAN BELAWAN","BELAWAN II","LINGKUNGAN 38","","","G. Perdagangan Besar dan Eceran, Reparasi Mobil dan Sepeda Motor","SBR"],
    ["57305","AIR ISI ULANG","JUALAN R SULIAN LK 26","prelist","MEDAN BELAWAN","BELAWAN II","LINGKUNGAN 43","","","C. Industri Pengolahan","SBR"],
    ["57315","CLEANING KAPAL (HERMAN)","LORONG KENANGA","prelist","MEDAN BELAWAN","BELAWAN I","LINGKUNGAN 2","","","S. Aktivitas Jasa Lainnya","SBR"],
    ["57425","FATMA EMMI","JL RIAU BARAT","prelist","MEDAN BELAWAN","BELAWAN II","LINGKUNGAN 28","","","G. Perdagangan Besar dan Eceran, Reparasi Mobil dan Sepeda Motor","SBR"],
    ["57444","JUAL PULSA (RINI)","GANG DARUL IKHSAN","prelist","MEDAN BELAWAN","BELAWAN II","LINGKUNGAN 38","","","J. Informasi dan Komunikasi","SBR"],
    ["57536","BANK SUMUT","JL SUMATERA NO 35","prelist","MEDAN BELAWAN","BELAWAN I","LINGKUNGAN 1","","","K. Aktivitas Keuangan Dan Asuransi","SBR"],
    ["57543","BANK MUAMALAT","JLSUMATERA N044","prelist","MEDAN BELAWAN","BELAWAN I","LINGKUNGAN 31","","","K. Aktivitas Keuangan Dan Asuransi","SBR"],
    ["57564","NAULY BELAWAN","JL SUMATERA BELAWAN","prelist","MEDAN BELAWAN","BELAWAN I","LINGKUNGAN 1","","","G. Perdagangan Besar dan Eceran, Reparasi Mobil dan Sepeda Motor","SBR"],
    ["57800","GAME ONLINE (WAGIK)","JALAN R SULIAN LK 26","prelist","MEDAN BELAWAN","BELAWAN II","LINGKUNGAN 43","","","J. Informasi dan Komunikasi","SBR"],
    ["57801","PUSKESMAS INDUK","JL STASIUN KOMPLEK PJK LK 03","prelist","MEDAN BELAWAN","BELAWAN I","LINGKUNGAN 13","","","Q. Jasa Kesehatan dan Kegiatan Sosial","SBR"],
    ["57953","WARUNG INTERNET (IRWAN)","JL BANGKA TIMUR LK 4","prelist","MEDAN BELAWAN","BELAWAN II","LINGKUNGAN 4","","","J. Informasi dan Komunikasi","SBR"],
    ["57973","KARANGAN BUNGA (DIUS)","JALN R SULIAN LK 26","prelist","MEDAN BELAWAN","BELAWAN II","LINGKUNGAN 43","","","G. Perdagangan Besar dan Eceran, Reparasi Mobil dan Sepeda Motor","SBR"],
    ["58047","JENGSRI SALON KECANTIKAN","JALAN R SULIAN LK 26","prelist","MEDAN BELAWAN","BELAWAN II","LINGKUNGAN 43","","","S. Aktivitas Jasa Lainnya","SBR"],
    ["58058","PENAMPUNGAN BARANG BARANG BEKAS (BOTOT)","JL RAYA PELABUHAN LK 44","prelist","MEDAN BELAWAN","BELAWAN BAHARI","LINGKUNGAN 12","","","G. Perdagangan Besar dan Eceran, Reparasi Mobil dan Sepeda Motor","SBR"],
    ["58077","AIR ISI ULANG","LOR SEDAR LK 26","prelist","MEDAN BELAWAN","BELAWAN I","LINGKUNGAN 2","","","C. Industri Pengolahan","SBR"],
    ["58082","TOKO ALI FASHION (FITRI)","JL BUNGA NO 20 42","prelist","MEDAN BELAWAN","BELAWAN II","LINGKUNGAN 40","","","G. Perdagangan Besar dan Eceran, Reparasi Mobil dan Sepeda Motor","SBR"],
    ["58083","JUAL SELOP KAKI LIMA (ELVIAN) (SANDAL DAN SEPATU)","JL BUNGA 42","prelist","MEDAN BELAWAN","BELAWAN II","LINGKUNGAN 41","","","G. Perdagangan Besar dan Eceran, Reparasi Mobil dan Sepeda Motor","SBR"],
    ["58101","KIMIA FARMA","JL SUMATERA NO 8","prelist","MEDAN BELAWAN","BELAWAN I","LINGKUNGAN 2","","","G. Perdagangan Besar dan Eceran, Reparasi Mobil dan Sepeda Motor","SBR"],
    ["58354","SPELIALIS GIGI (SHOLEHHUDIN)","LORONG DERMAWAN","prelist","MEDAN BELAWAN","BELAWAN I","LINGKUNGAN 23","","","Q. Jasa Kesehatan dan Kegiatan Sosial","SBR"],
    ["58378","HOTEL BUDI KOTA","VETERAN NO. 160-162","prelist","MEDAN BELAWAN","BELAWAN I","LINGKUNGAN 2","","","I. Penyediaan Akomodasi dan Makan Minum","SBR"],
    ["58481","JUAL AYAM (AZWAR)","JL BUNGA PJKA","prelist","MEDAN BELAWAN","BELAWAN II","LINGKUNGAN 38","","","G. Perdagangan Besar dan Eceran, Reparasi Mobil dan Sepeda Motor","SBR"],
    ["58762","FUTSAL MUHAMMADIYAH","LORONG 7 UMUM JLN BESAR BAGAN DELI","prelist","MEDAN BELAWAN","BAGAN DELI","LINGKUNGAN 3","","","R. Kesenian, Hiburan, dan Rekreasi","SBR"],
    ["58819","KEDAI JAJANAN(PESTA)","LOR KESENIAN NO 13 BELAWAN 1","prelist","MEDAN BELAWAN","BELAWAN I","LINGKUNGAN 18","","","G. Perdagangan Besar dan Eceran, Reparasi Mobil dan Sepeda Motor","SBR"],
    ["58832","KANTIN IWAN","JL RAYA PELABUHAN LK 44","prelist","MEDAN BELAWAN","BELAWAN BAHARI","LINGKUNGAN 12","","","I. Penyediaan Akomodasi dan Makan Minum","SBR"],
    ["58908","PAUD TASMINE KIDS","LORONG V VETERAN BAGAN DELI","prelist","MEDAN BELAWAN","BAGAN DELI","LINGKUNGAN 8","","","P. Pendidikan","SBR"],
    ["59117","BISNIS TV BEKAS","JL CICALENGKA LK 14","prelist","MEDAN BELAWAN","BELAWAN II","LINGKUNGAN 14","","","G. Perdagangan Besar dan Eceran, Reparasi Mobil dan Sepeda Motor","SBR"],
    ["59248","TOKO AJHIN (ARWIN WINATA)","JL BUNGA NO 48","prelist","MEDAN BELAWAN","BELAWAN II","LINGKUNGAN 42","","","G. Perdagangan Besar dan Eceran, Reparasi Mobil dan Sepeda Motor","SBR"],
    ["59257","TOKO PAKAIAN (KAK SRI)","JL BUNGA NO 16 42","prelist","MEDAN BELAWAN","BELAWAN II","LINGKUNGAN 40","","","G. Perdagangan Besar dan Eceran, Reparasi Mobil dan Sepeda Motor","SBR"],
    ["59435","PANGKALAN GAS ELPIJI (BU NURZANI)","JL SELEBES GG 15 NO 379 LK 30","prelist","MEDAN BELAWAN","BELAWAN II","LINGKUNGAN 33","","","G. Perdagangan Besar dan Eceran, Reparasi Mobil dan Sepeda Motor","SBR"],
    ["59508","TUKANG JAHIT DELI","JL DELL NOTA","prelist","MEDAN BELAWAN","BELAWAN I","LINGKUNGAN 2","","","S. Aktivitas Jasa Lainnya","SBR"],
    ["59515","PDAM TIRTANADI","JL SUMATERA NO 1 BELAWAN","prelist","MEDAN BELAWAN","BELAWAN I","LINGKUNGAN 4","","","E. Pengadaan Air, Pengelolaan Sampah, Limbah, dan Daur Ulang","SBR"],
    ["59682","RM TAKANA JUO (ZALMADI)","JL RAYA PELABUHAN 44","prelist","MEDAN BELAWAN","BELAWAN II","LINGKUNGAN 44","","","I. Penyediaan Akomodasi dan Makan Minum","SBR"],
    ["59904","PENGIRIMAN BARANG SOSIS (MUJAHIDIN)","JL BANGKA TIMUR","prelist","MEDAN BELAWAN","BELAWAN II","LINGKUNGAN 4","","","H. Transportasi dan Pergudangan","SBR"],
    ["60128","USAHA DINGDONG SRI SUMARNI","JL. SELEBES TITI PANJANG LK. 35","prelist","MEDAN BELAWAN","BELAWAN II","LINGKUNGAN 33","","","R. Kesenian, Hiburan, dan Rekreasi","SBR"],
    ["60284","DANAU TOBA INTERNATIONAL COTTAGE BELAWAN","JL. GABION UJUNG BARU","prelist","MEDAN BELAWAN","BAGAN DELI","LINGKUNGAN 11","","","I. Penyediaan Akomodasi dan Makan Minum","SBR"],
    ["60360","HOTEL BUDI JAYA BARU","KL YOS SUDARSO KM 9.7","prelist","MEDAN BELAWAN","BELAWAN I","LINGKUNGAN 2","","","I. Penyediaan Akomodasi dan Makan Minum","SBR"],
    ["60419","PLN SEKTOR PEMBANGKIT BELAWAN PT","JL.PLTU SICANANG BELAWAN RT: RW: KODEPOS:","prelist","MEDAN BELAWAN","BELAWAN BAHAGIA","LINGKUNGAN 8","","","D. Pengadaan Listrik, Gas, Uap/Air Panas, dan Udara Dingin","SBR"],
    ["60453","KUB LINGKUNGAN XIII,XIV,XV","LORONG PANCUR NOMOR 16B BELAWAN","prelist","MEDAN BELAWAN","BELAWAN I","LINGKUNGAN 14","","","F. Konstruksi","SBR"],
    ["60558","HARAPAN PRIBUMI","JL.DELI NO No.20, BELAWAN I","prelist","MEDAN BELAWAN","BELAWAN I","LINGKUNGAN 4","","","N. Jasa Persewaan, Ketenagakerjaan, Agen Perjalanan, dan Jasa Pendukung","SBR"],
    ["60645","ABDULLAH ZAKI ANUGERAH","JL LORONG SEKOLAH NO.1","prelist","MEDAN BELAWAN","BELAWAN I","LINGKUNGAN 21","","","N. Jasa Persewaan, Ketenagakerjaan, Agen Perjalanan, dan Jasa Pendukung","SBR"],
    ["60710","ROINTAN","JL PELABUHAN PERIKANAN GABION RT. 000 RW. 000","prelist","MEDAN BELAWAN","BELAWAN I","LINGKUNGAN 31","","","G. Perdagangan Besar dan Eceran, Reparasi Mobil dan Sepeda Motor","SBR"],
    ["60920","REZEKI PARSAORAN NAULI","JALAN KELAPA","prelist","MEDAN BELAWAN","BELAWAN SICANANG","LINGKUNGAN 19","","","G. Perdagangan Besar dan Eceran, Reparasi Mobil dan Sepeda Motor","SBR"],
    ["60922","INDO ENERGY SOLUTIONS","JLN. R.SULIAN UJUNG BARU LINK","prelist","MEDAN BELAWAN","BELAWAN I","LINGKUNGAN 31","","","C. Industri Pengolahan","SBR"],
    ["61018","SINTORA JAYA UTAMA","JL. STASIUN","prelist","MEDAN BELAWAN","BELAWAN I","LINGKUNGAN 13","","","G. Perdagangan Besar dan Eceran, Reparasi Mobil dan Sepeda Motor","SBR"],
    ["61022","BINTANG","YP HIJAU LORONG KESENIAN LK XI NO. 21-A, LABUHAN DELI","prelist","MEDAN BELAWAN","BELAWAN I","LINGKUNGAN 18","","","G. Perdagangan Besar dan Eceran, Reparasi Mobil dan Sepeda Motor","SBR"],
    ["61122","CITRA ANUGERAH BAHARI","JL DELI","prelist","MEDAN BELAWAN","BELAWAN I","LINGKUNGAN 4","","","H. Transportasi dan Pergudangan","SBR"],
    ["61124","SARANA ANUGERAH NIAGA","JL. PELABUHAN","prelist","MEDAN BELAWAN","BELAWAN II","LINGKUNGAN 35","","","H. Transportasi dan Pergudangan","SBR"],
    ["61127","PERGURUAN NURANI","JL.KAKAP NO No.2, BELAWAN BAHAGIA","prelist","MEDAN BELAWAN","BELAWAN BAHAGIA","LINGKUNGAN 8","","","P. Pendidikan","SBR"],
    ["61133","MARITIM BELAWAN JAYA","JALAN VETERAN NO. 178","prelist","MEDAN BELAWAN","BELAWAN I","LINGKUNGAN 2","","","G. Perdagangan Besar dan Eceran, Reparasi Mobil dan Sepeda Motor","SBR"],
    ["61232","PELAYARAN KARANA LINE","JL. VETERAN","prelist","MEDAN BELAWAN","BELAWAN I","LINGKUNGAN 1","","","H. Transportasi dan Pergudangan","SBR"],
    ["61310","GENERASI BINTANG TERANG","PULAU IRIAN LK XI","prelist","MEDAN BELAWAN","BELAWAN BAHARI","LINGKUNGAN 11","","","S. Aktivitas Jasa Lainnya","SBR"],
    ["61448","MANDIRI WIJAYA CARGO","JL. SELEBES NO.23","prelist","MEDAN BELAWAN","BELAWAN II","LINGKUNGAN 37","","","H. Transportasi dan Pergudangan","SBR"],
    ["61494","BANK SYARIAH INDONESIA TBK.","SUMATERA","prelist","MEDAN BELAWAN","BELAWAN I","LINGKUNGAN 31","","","K. Aktivitas Keuangan Dan Asuransi","SBR"],
    ["61524","ATLAS","JL.RAYA PELABUHAN NO.56, BELAWAN II","prelist","MEDAN BELAWAN","BELAWAN II","LINGKUNGAN 29","","","G. Perdagangan Besar dan Eceran, Reparasi Mobil dan Sepeda Motor","SBR"],
    ["61552","ROINTAN MAJU JAYA","JL LINGKUNGAN XI GABION","prelist","MEDAN BELAWAN","BAGAN DELI","LINGKUNGAN 11","","","G. Perdagangan Besar dan Eceran, Reparasi Mobil dan Sepeda Motor","SBR"],
    ["61578","PRIMKO KADPEL BARUNA BARAT","JL.UJUNG BARU BELAWAN, BELAWAN II","prelist","MEDAN BELAWAN","BELAWAN II","LINGKUNGAN 3","","","H. Transportasi dan Pergudangan","SBR"],
    ["61607","KUALA MAKMUR","JL. GEROPAH KOMP KPLP PELABUHAN RAYA NO.18, BAGAN DELI","prelist","MEDAN BELAWAN","BAGAN DELI","LINGKUNGAN 8","","","G. Perdagangan Besar dan Eceran, Reparasi Mobil dan Sepeda Motor","SBR"],
    ["61807","RINI PUSPITA","KP SALAM BLOK 1 BELAWAN","prelist","MEDAN BELAWAN","BELAWAN II","LINGKUNGAN 44","","","K. Aktivitas Keuangan Dan Asuransi","SBR"],
    ["61861","LAUTAN NUSANTARA PERSADA","JL SERMA HANAFIAH (PUSKOPAL)","prelist","MEDAN BELAWAN","BELAWAN I","LINGKUNGAN 3","","","H. Transportasi dan Pergudangan","SBR"],
    ["62029","KHAIRIL USMAN","LORONG PAPAN","prelist","MEDAN BELAWAN","BELAWAN I","LINGKUNGAN 2","","","A. Pertanian, Kehutanan, dan Perikanan","SBR"],
    ["62067","MULYA ANUGRAH BERSAMA","JL CILACAP TIMUR NO 3","prelist","MEDAN BELAWAN","BELAWAN II","LINGKUNGAN 9","","","G. Perdagangan Besar dan Eceran, Reparasi Mobil dan Sepeda Motor","SBR"],
    ["62220","SURYA PUTRA PRATAMA","JL TERUBUK NO 12 LK VIII, BELAWAN BAHAGIA","prelist","MEDAN BELAWAN","BELAWAN BAHAGIA","LINGKUNGAN 6","","","G. Perdagangan Besar dan Eceran, Reparasi Mobil dan Sepeda Motor","SBR"],
    ["62502","CITRA PERDANA KONTAINER","JL. RAYA PELABUHAN BELAWAN","prelist","MEDAN BELAWAN","BELAWAN BAHARI","LINGKUNGAN 11","","","H. Transportasi dan Pergudangan","SBR"],
    ["62582","FAKHRI PUTERA BATANGTORU","JL DELI","prelist","MEDAN BELAWAN","BELAWAN I","LINGKUNGAN 4","","","G. Perdagangan Besar dan Eceran, Reparasi Mobil dan Sepeda Motor","SBR"],
    ["62780","RAMADHANI","JL. KAKAP NO 87 LK VII BLW BHG","prelist","MEDAN BELAWAN","BELAWAN BAHAGIA","LINGKUNGAN 7","","","A. Pertanian, Kehutanan, dan Perikanan","SBR"],
    ["62790","SINTORA JAYA","JL.STASIUN, LK.VIII NO NO.99, BELAWAN BAHAGIA","prelist","MEDAN BELAWAN","BELAWAN I","LINGKUNGAN 13","","","G. Perdagangan Besar dan Eceran, Reparasi Mobil dan Sepeda Motor","SBR"],
    ["62832","MITRAJAYA BAHARI","JL RAYA PELABUHAN GABION, BELAWAN II","prelist","MEDAN BELAWAN","BELAWAN BAHARI","LINGKUNGAN 11","","","H. Transportasi dan Pergudangan","SBR"],
    ["62861","AL JAMIYATUL WASHLIYAH","JL. SELEBES PALUH PERTA NO.40","prelist","MEDAN BELAWAN","BELAWAN II","LINGKUNGAN 33","","","P. Pendidikan","SBR"],
    ["62888","MAYA SHOP INDONESIA","JL SERDANG","prelist","MEDAN BELAWAN","BELAWAN I","LINGKUNGAN 8","","","G. Perdagangan Besar dan Eceran, Reparasi Mobil dan Sepeda Motor","SBR"],
    ["62910","ANUGERAH JAYA ABADI","JL. STASIUN LOR. PAHLAWAN","prelist","MEDAN BELAWAN","BELAWAN I","LINGKUNGAN 20","","","G. Perdagangan Besar dan Eceran, Reparasi Mobil dan Sepeda Motor","SBR"],
    ["62944","WINDA TIARA LUBIS","JL. CIAMIS BARAT","prelist","MEDAN BELAWAN","BELAWAN II","LINGKUNGAN 11","","","A. Pertanian, Kehutanan, dan Perikanan","SBR"],
    ["62976","SINUR GABE","JL. DELI LK.4 NO.2, BELAWAN I","prelist","MEDAN BELAWAN","BELAWAN I","LINGKUNGAN 4","","","H. Transportasi dan Pergudangan","SBR"],
    ["63126","BERKAH DELI","JL DELI","prelist","MEDAN BELAWAN","BELAWAN I","LINGKUNGAN 4","","","G. Perdagangan Besar dan Eceran, Reparasi Mobil dan Sepeda Motor","SBR"],
    ["63137","ALAMSYAH MEGA PERKASA","JL STASIUN LORONG DERMAWAN","prelist","MEDAN BELAWAN","BELAWAN I","LINGKUNGAN 23","","","G. Perdagangan Besar dan Eceran, Reparasi Mobil dan Sepeda Motor","SBR"],
    ["63202","LEMBAGA PENDIDIKAN AL RISKY","JL. GULAMA LK. XV","prelist","MEDAN BELAWAN","BELAWAN BAHAGIA","LINGKUNGAN 15","","","P. Pendidikan","SBR"],
    ["63266","PUTRI LIM","JL. SELEBES","prelist","MEDAN BELAWAN","BELAWAN II","LINGKUNGAN 33","","","G. Perdagangan Besar dan Eceran, Reparasi Mobil dan Sepeda Motor","SBR"],
    ["63355","INDOTAMA JASA SURVEY","JALAN TONGKOL NO 1 BELAWAN BAHAGIA","prelist","MEDAN BELAWAN","BELAWAN BAHAGIA","LINGKUNGAN 3","","","M. Jasa Profesional, Ilmiah, dan Teknis","SBR"],
    ["63370","AULIA DELI","LOR V UMUM BAGAN DELI","prelist","MEDAN BELAWAN","BAGAN DELI","LINGKUNGAN 8","","","G. Perdagangan Besar dan Eceran, Reparasi Mobil dan Sepeda Motor","SBR"],
    ["63379","BELAWAN SUKSES PERKASA","JL. PLTU LINGK. I","prelist","MEDAN BELAWAN","BELAWAN SICANANG","LINGKUNGAN 1","","","G. Perdagangan Besar dan Eceran, Reparasi Mobil dan Sepeda Motor","SBR"],
    ["63386","SIBAYAK JAYA","JL.SERDANG LK.II NO NO.1-C, BELAWAN I","prelist","MEDAN BELAWAN","BELAWAN I","LINGKUNGAN 8","","","J. Informasi dan Komunikasi","SBR"],
    ["63404","SANGGAR TARI / AKSARA BATAK TOBA MARSIHAHOLONGAN BELAWAN","JL. BAGAN DELI LK 03 VETERAN BELAWAN","prelist","MEDAN BELAWAN","BAGAN DELI","LINGKUNGAN 8","","","S. Aktivitas Jasa Lainnya","SBR"],
    ["63421","BALAI PENGOBATAN DELIMA","JL MEDAN BELAWAN KM 21,5 NO 7 SICANANG, BELAWAN BAHARI","prelist","MEDAN BELAWAN","BELAWAN BAHARI","LINGKUNGAN 8","","","Q. Jasa Kesehatan dan Kegiatan Sosial","SBR"],
    ["63601","TERNATE OLI JAYA","JL STASIUN NO 48 BELAWAN I","prelist","MEDAN BELAWAN","BELAWAN I","LINGKUNGAN 2","","","G. Perdagangan Besar dan Eceran, Reparasi Mobil dan Sepeda Motor","SBR"],
    ["63660","CAKSANA MANGGALA NUSANTARA","JL. SUMATERA NO.94","prelist","MEDAN BELAWAN","BELAWAN II","LINGKUNGAN 43","","","H. Transportasi dan Pergudangan","SBR"],
    ["63720","GUNUNG JATI","JL BELANAK LK XVI","prelist","MEDAN BELAWAN","BELAWAN BAHAGIA","LINGKUNGAN 16","","","H. Transportasi dan Pergudangan","SBR"],
    ["63757","KARYA BAKTI","LINGKUNGAN XI GABION, BAGAN DELI","prelist","MEDAN BELAWAN","BAGAN DELI","LINGKUNGAN 8","","","G. Perdagangan Besar dan Eceran, Reparasi Mobil dan Sepeda Motor","SBR"],
    ["63841","SALSALINA","JL.TM PAHLAWAN NO NO.4, BELAWAN BAHAGIA","prelist","MEDAN BELAWAN","BELAWAN I","LINGKUNGAN 13","","","J. Informasi dan Komunikasi","SBR"],
    ["63902","SYAVA MANDIRI JAYA","JL KAMPAR NO 1 A RT. 000 RW. 000","prelist","MEDAN BELAWAN","BELAWAN I","LINGKUNGAN 7","","","G. Perdagangan Besar dan Eceran, Reparasi Mobil dan Sepeda Motor","SBR"],
    ["63996","PAUD HKBP BETHANIA PULAU SICANANG","JL. BLOK. 21 LK. XIX","prelist","MEDAN BELAWAN","BELAWAN SICANANG","LINGKUNGAN 15","","","P. Pendidikan","SBR"],
    ["64222","NUSA JAYA PERSADA","JL VETERAN NO 216","prelist","MEDAN BELAWAN","BELAWAN I","LINGKUNGAN 4","","","H. Transportasi dan Pergudangan","SBR"],
    ["64302","ADHIGANA PRATAMA MULYA","JL SELEBES / JL BUNGA","prelist","MEDAN BELAWAN","BELAWAN II","LINGKUNGAN 40","","","G. Perdagangan Besar dan Eceran, Reparasi Mobil dan Sepeda Motor","SBR"],
    ["64357","DWIPA KHARISMA MITRA","JL PELABUHAN IV GABION","prelist","MEDAN BELAWAN","BAGAN DELI","LINGKUNGAN 12","","","H. Transportasi dan Pergudangan","SBR"],
    ["64358","MULTICON INDRAJAYA TERMINAL","JL. RAYA PELABUHAN POS.II ROAD VI RT. 0 RW. 0","prelist","MEDAN BELAWAN","BELAWAN I","LINGKUNGAN 31","","","H. Transportasi dan Pergudangan","SBR"],
    ["64590","ACC MANDIRI UTAMA CABANG BELAWAN","JL.SUMATERA NO NO.108-109, BELAWAN I","prelist","MEDAN BELAWAN","BELAWAN I","LINGKUNGAN 31","","","I. Penyediaan Akomodasi dan Makan Minum","SBR"],
    ["64687","PUTERA GEMILANG","JL LORONG ANGGREK LINGK IV NO 221","prelist","MEDAN BELAWAN","BELAWAN SICANANG","LINGKUNGAN 15","","","G. Perdagangan Besar dan Eceran, Reparasi Mobil dan Sepeda Motor","SBR"],
    ["64769","MANGROVE CAMAR LAUT","KP NELAYAN LK XII BELAWAN I","prelist","MEDAN BELAWAN","BELAWAN I","LINGKUNGAN 31","","","A. Pertanian, Kehutanan, dan Perikanan","SBR"],
    ["64796","PERS DOK NASIONAL","JL PAHLAWAN 15, BELAWAN I","prelist","MEDAN BELAWAN","BELAWAN I","LINGKUNGAN 19","","","H. Transportasi dan Pergudangan","SBR"],
    ["64882","PERSATUAN PERGURUAN TAMANSISWA","JL. KAKAP NO 1, BELAWAN BAHAGIA","prelist","MEDAN BELAWAN","BELAWAN BAHAGIA","LINGKUNGAN 6","","","P. Pendidikan","SBR"],
    ["64998","SUKSES JAYA MAKMUR","JL STASIUN LORONG PERHATIAN NO 10","prelist","MEDAN BELAWAN","BELAWAN I","LINGKUNGAN 16","","","H. Transportasi dan Pergudangan","SBR"],
    ["65127","SINAR BERKAT GLOBAL","JL TAMAN PAHLAWAN NO 29, BELAWAN I","prelist","MEDAN BELAWAN","BELAWAN I","LINGKUNGAN 2","","","G. Perdagangan Besar dan Eceran, Reparasi Mobil dan Sepeda Motor","SBR"],
    ["65129","MILENIUM KARGO ABADI","JL. SELEBES","prelist","MEDAN BELAWAN","BELAWAN II","LINGKUNGAN 33","","","H. Transportasi dan Pergudangan","SBR"],
    ["65131","ANUGERAH AZRIL LESTARI","JL. CILEDUK NO. 12","prelist","MEDAN BELAWAN","BELAWAN II","LINGKUNGAN 25","","","G. Perdagangan Besar dan Eceran, Reparasi Mobil dan Sepeda Motor","SBR"],
    ["65205","INDO DELI RESOURCES","LINGKUNGAN XIX","prelist","MEDAN BELAWAN","BELAWAN SICANANG","LINGKUNGAN 12","","","C. Industri Pengolahan","SBR"],
    ["65243","ZOHAL EMKL","JL SUMATERA 3N, BELAWAN I","prelist","MEDAN BELAWAN","BELAWAN II","LINGKUNGAN 41","","","H. Transportasi dan Pergudangan","SBR"],
    ["65321","CITRA PULAU PUTRI","JL PLTU SICANANG NO.1","prelist","MEDAN BELAWAN","BELAWAN SICANANG","LINGKUNGAN 1","","","G. Perdagangan Besar dan Eceran, Reparasi Mobil dan Sepeda Motor","SBR"],
    ["65460","PULAU SAMOSIR","JL GABION PELABUHAN PERIKANAN SAMUDERA BELAWAN LINGK. XI","prelist","MEDAN BELAWAN","BAGAN DELI","LINGKUNGAN 11","","","G. Perdagangan Besar dan Eceran, Reparasi Mobil dan Sepeda Motor","SBR"],
    ["65558","PERSATUAN PURNAWIRAWAN ANGKATAN LAUT","JL. VETERAN","prelist","MEDAN BELAWAN","BELAWAN I","LINGKUNGAN 2","","","S. Aktivitas Jasa Lainnya","SBR"],
    ["65624","ARIA EKA SEJATI LAUTINDO","JL PELABUHAN PERIKANAN SAMUDERA BELAWAN LK XI","prelist","MEDAN BELAWAN","BAGAN DELI","LINGKUNGAN 11","","","A. Pertanian, Kehutanan, dan Perikanan","SBR"],
    ["65647","DOK-PERKAPALAN KODYA BAHARI(PERSERO) BELAWAN","JL.SUMATERA NO.1, BELAWAN I","prelist","MEDAN BELAWAN","BELAWAN I","LINGKUNGAN 4","","","H. Transportasi dan Pergudangan","SBR"],
    ["65675","MASAJI TATANAN KONTAINER INDONESIA","JL RAYA PELABUHAN","prelist","MEDAN BELAWAN","BAGAN DELI","LINGKUNGAN 14","","","H. Transportasi dan Pergudangan","SBR"],
    ["65740","BARUNA MEMBANGUN","JL CIMANUK SIMP SELEBES","prelist","MEDAN BELAWAN","BELAWAN II","LINGKUNGAN 33","","","H. Transportasi dan Pergudangan","SBR"],
    ["65784","AMARTA DELI STEVEDORING","JL RAYA PELABUHAN NO 21, BAGAN DELI","prelist","MEDAN BELAWAN","BAGAN DELI","LINGKUNGAN 8","","","H. Transportasi dan Pergudangan","SBR"],
    ["65861","PUPUK SRIWIDJAJA PALEMBANG","JL. SULAWESI II PO. BOX. 04, BELAWAN I","prelist","MEDAN BELAWAN","BELAWAN I","LINGKUNGAN 2","","","C. Industri Pengolahan","SBR"],
    ["65931","SEMESTA LOGISTIK INDONESIA","JL. BENGKALIS NO. 83 LINGKUNGAN II","prelist","MEDAN BELAWAN","BELAWAN I","LINGKUNGAN 4","","","G. Perdagangan Besar dan Eceran, Reparasi Mobil dan Sepeda Motor","SBR"],
    ["66035","SEKAR LAUT CABANG BELAWAN","JL.SUMATERA NO.1, BELAWAN I","prelist","MEDAN BELAWAN","BELAWAN I","LINGKUNGAN 4","","","F. Konstruksi","SBR"],
    ["66079","SAMUDERA ARKAN NUSANTARA","JL. PELABUHAN","prelist","MEDAN BELAWAN","BELAWAN II","LINGKUNGAN 35","","","G. Perdagangan Besar dan Eceran, Reparasi Mobil dan Sepeda Motor","SBR"],
    ["66157","NAVAL GLOBAL TRANS","JL. VETERAN LINGK. III","prelist","MEDAN BELAWAN","BELAWAN I","LINGKUNGAN 2","","","H. Transportasi dan Pergudangan","SBR"],
    ["66166","PENDIDIKAN DAN SOSIAL PUTRA PESISIR","JALAN TAMAN MAKAM PAHLAWAN NO. 23 BELAWAN","prelist","MEDAN BELAWAN","BELAWAN I","LINGKUNGAN 28","","","P. Pendidikan","SBR"],
    ["66169","PERMATA LOGISTICS AND SUPPLY","JL KL. YOS SUDARSO KM 20,5 LINGKUNGAN II","prelist","MEDAN BELAWAN","BELAWAN BAHARI","LINGKUNGAN 13","","","H. Transportasi dan Pergudangan","SBR"],
    ["66186","SARANA KONTAINER MANDIRI","JL SELEBES NO 76","prelist","MEDAN BELAWAN","BELAWAN II","LINGKUNGAN 37","","","G. Perdagangan Besar dan Eceran, Reparasi Mobil dan Sepeda Motor","SBR"],
    ["66294","PUTRA BELAWAN","JL.SELEBES NO No.313, BELAWAN II","prelist","MEDAN BELAWAN","BELAWAN II","LINGKUNGAN 31","","","G. Perdagangan Besar dan Eceran, Reparasi Mobil dan Sepeda Motor","SBR"],
    ["66307","ARONA ABADI JAYA","JALAN GABION LINGKUNGAN XI","prelist","MEDAN BELAWAN","BAGAN DELI","LINGKUNGAN 11","","","H. Transportasi dan Pergudangan","SBR"],
    ["66421","SYAKI TAMA ABADI","JL SUMATERA BELAWAN","prelist","MEDAN BELAWAN","BELAWAN II","LINGKUNGAN 44","","","H. Transportasi dan Pergudangan","SBR"],
    ["66460","CODELI SOLUSINDO","JL RAYA PELABUHAN NO I/B, BAGAN DELI","prelist","MEDAN BELAWAN","BELAWAN I","LINGKUNGAN 31","","","G. Perdagangan Besar dan Eceran, Reparasi Mobil dan Sepeda Motor","SBR"],
    ["66620","TAO RAYA","JL. BUNGA BELAWAN","prelist","MEDAN BELAWAN","BELAWAN II","LINGKUNGAN 38","","","G. Perdagangan Besar dan Eceran, Reparasi Mobil dan Sepeda Motor","SBR"],
    ["66670","BELAWAN JAYA LESTARI","JL CILACAP TIMUR NO 01 BELAWAN II","prelist","MEDAN BELAWAN","BELAWAN II","LINGKUNGAN 9","","","G. Perdagangan Besar dan Eceran, Reparasi Mobil dan Sepeda Motor","SBR"],
    ["66685","HENI PUSPA SARI","JL. CILACAP BARAT NO.53 BLW","prelist","MEDAN BELAWAN","BELAWAN II","LINGKUNGAN 8","","","A. Pertanian, Kehutanan, dan Perikanan","SBR"],
    ["66754","LAFIZI GARTION","JL CILACAP BARAT","prelist","MEDAN BELAWAN","BELAWAN II","LINGKUNGAN 8","","","G. Perdagangan Besar dan Eceran, Reparasi Mobil dan Sepeda Motor","SBR"],
    ["66804","LAKSANA MUDA MULYA MARINE SERVICE CABANG MEDAN","JL.SUMATERA NO No.4, BELAWAN I","prelist","MEDAN BELAWAN","BELAWAN I","LINGKUNGAN 31","","","F. Konstruksi","SBR"],
    ["66819","BERKAH ANUGRAH SEJATI","JL JAWA","prelist","MEDAN BELAWAN","BELAWAN II","LINGKUNGAN 13","","","H. Transportasi dan Pergudangan","SBR"],
    ["66822","TRI GARAMA RAYA","JL.RIAU TIMUR NO.53, BELAWAN I","prelist","MEDAN BELAWAN","BELAWAN II","LINGKUNGAN 2","","","H. Transportasi dan Pergudangan","SBR"],
    ["66869","VINICI INTI LINES","JL. RADEN SULIAN LOR. KESENIAN, BELAWAN I","prelist","MEDAN BELAWAN","BELAWAN II","LINGKUNGAN 43","","","G. Perdagangan Besar dan Eceran, Reparasi Mobil dan Sepeda Motor","SBR"],
    ["66917","MAJELIS THORIQOT RIJALUL GHAIB AN NAQSABANDIYAH BELAWAN","JALAN MEDAN BELAWAN LORONG PANCUR KELURAHAN BELAWAN I KECAMATAN MEDAN BELAWAN","prelist","MEDAN BELAWAN","BELAWAN I","LINGKUNGAN 14","","","P. Pendidikan","SBR"],
    ["67001","GINTING BERJAYA","JL. K.L.YOS SUDARSO LK. I-B","prelist","MEDAN BELAWAN","BELAWAN BAHARI","LINGKUNGAN 13","","","H. Transportasi dan Pergudangan","SBR"],
    ["67178","KELOMPOK USAHA BERSAMA KERANG JAYA","JL TM PAHLAWAN LK.26 LOR.BAHAGIA","prelist","MEDAN BELAWAN","BELAWAN I","LINGKUNGAN 26","","","F. Konstruksi","SBR"],
    ["67225","KOMUNITAS SEDEKAH JUMAT","JL VETERAN LINGKUNGAN III (RUMAH SINGGAH SAHABAT POLISI)","prelist","MEDAN BELAWAN","BELAWAN I","LINGKUNGAN 2","","","Q. Jasa Kesehatan dan Kegiatan Sosial","SBR"],
    ["67247","JABA BARU LOGISTIK MEDAN","JL TM PAHLAWAN LK 24 BELAWAN I","prelist","MEDAN BELAWAN","BELAWAN I","LINGKUNGAN 26","","","H. Transportasi dan Pergudangan","SBR"],
    ["67333","PT INDO DELI MAKMUR","JL PLTU P SICANANG","prelist","MEDAN BELAWAN","BELAWAN SICANANG","LINGKUNGAN 15","","","C. Industri Pengolahan","SBR"],
    ["67370","UMMI AFIFAH AKBAR","PULAU RUPAT NO. 85 LINGKUNGAN 26","prelist","MEDAN BELAWAN","BELAWAN BAHARI","LINGKUNGAN 10","","","P. Pendidikan","SBR"],
    ["67463","ARTHA MAJU GEMILANG","JL. GABION","prelist","MEDAN BELAWAN","BAGAN DELI","LINGKUNGAN 11","","","G. Perdagangan Besar dan Eceran, Reparasi Mobil dan Sepeda Motor","SBR"],
    ["67661","ADMAZA PUTRA AGARA","JL DELI LK IV","prelist","MEDAN BELAWAN","BELAWAN I","LINGKUNGAN 4","","","H. Transportasi dan Pergudangan","SBR"],
    ["67926","PERTAMINA TRANS KONTINENTAL","JL MINYAK LINGKUNGAN I","prelist","MEDAN BELAWAN","BELAWAN II","LINGKUNGAN 43","","","H. Transportasi dan Pergudangan","SBR"],
    ["67939","MEGA BUANA SAMUDERA","JL TM PAHLAWAN NO NO.49, BELAWAN I","prelist","MEDAN BELAWAN","BELAWAN I","LINGKUNGAN 26","","","H. Transportasi dan Pergudangan","SBR"],
    ["67977","PALAYARAN HALUAN SEGARALINE","JL.RAYA PELABUHAN II BPL PELABUHAN INDONESIA NO No.1, BELAWAN II","prelist","MEDAN BELAWAN","BELAWAN II","LINGKUNGAN 44","","","H. Transportasi dan Pergudangan","SBR"],
    ["67994","AMS TETAP JAYA","JL VETERAN NO No.214, BELAWAN I","prelist","MEDAN BELAWAN","BELAWAN I","LINGKUNGAN 2","","","H. Transportasi dan Pergudangan","SBR"],
    ["68000","WIRA ADHYAKSA","JL T M PAHLAWAN BELAWAN","prelist","MEDAN BELAWAN","BELAWAN I","LINGKUNGAN 26","","","H. Transportasi dan Pergudangan","SBR"],
    ["68056","KARYAWAN ANDALAN PT.SEMEN ANDALAS INDONESIA `KOPANDA`","JL UJUNG BARU BELAWAN","prelist","MEDAN BELAWAN","BELAWAN II","LINGKUNGAN 44","","","G. Perdagangan Besar dan Eceran, Reparasi Mobil dan Sepeda Motor","SBR"],
    ["68092","SAPTA SAMUDERA SUAR SEJAHTERA","JL. T.P.I GABION BELAWAN , BELAWAN I","prelist","MEDAN BELAWAN","BAGAN DELI","LINGKUNGAN 11","","","A. Pertanian, Kehutanan, dan Perikanan","SBR"],
    ["68108","TARUNACIPTA KENCANA","JL.SUMATERA BELAWAN I NO 16, BELAWAN I","prelist","MEDAN BELAWAN","BELAWAN I","LINGKUNGAN 31","","","H. Transportasi dan Pergudangan","SBR"],
    ["68124","MULTI CARGO INSPECTION","JL.CIMAHI TIMUR NO NO.20B, BELAWAN II","prelist","MEDAN BELAWAN","BELAWAN II","LINGKUNGAN 15","","","M. Jasa Profesional, Ilmiah, dan Teknis","SBR"],
    ["68302","BAYA JAYA UTAMA","JL.BANGKA NO.48 , BELAWAN II","prelist","MEDAN BELAWAN","BELAWAN II","LINGKUNGAN 44","","","G. Perdagangan Besar dan Eceran, Reparasi Mobil dan Sepeda Motor","SBR"],
    ["68572","BURUNG LAUT","JL.BANGKA NO NO.104, BELAWAN II","prelist","MEDAN BELAWAN","BELAWAN II","LINGKUNGAN 4","","","H. Transportasi dan Pergudangan","SBR"],
    ["68607","SURYA DHARMA","JL.SELEBES NO.167, BELAWAN II","prelist","MEDAN BELAWAN","BELAWAN II","LINGKUNGAN 33","","","F. Konstruksi","SBR"],
    ["68639","PRAKARSA SAMUDERA INDONESIA","JL TANGGUL/SERUWEI LINGKUNGAN I","prelist","MEDAN BELAWAN","BELAWAN BAHAGIA","LINGKUNGAN 8","","","H. Transportasi dan Pergudangan","SBR"],
    ["68704","PERMATA LOGISTIK","JL.TAMAN MAKAM PAHLAWAN NO No.14 RT.24, BELAWAN I","prelist","MEDAN BELAWAN","BELAWAN I","LINGKUNGAN 26","","","H. Transportasi dan Pergudangan","SBR"],
    ["68760","ARTHA SAMUDERA JAYA","JL. GABION PELABUHAN PERIKANAN SAMUDERA BELAWAN","prelist","MEDAN BELAWAN","BAGAN DELI","LINGKUNGAN 11","","","G. Perdagangan Besar dan Eceran, Reparasi Mobil dan Sepeda Motor","SBR"],
    ["68850","SUMATERA BAJA MAJU","JL. BUNGA NO. 1 - KELURAHAN BELAWAN II","prelist","MEDAN BELAWAN","BELAWAN II","LINGKUNGAN 40","","","G. Perdagangan Besar dan Eceran, Reparasi Mobil dan Sepeda Motor","SBR"],
    ["69100","PEMBANGUNAN DAERAH (YASPEMDA)","JL. JAWA CIPANAS BELAWAN II","prelist","MEDAN BELAWAN","BELAWAN II","LINGKUNGAN 9","","","P. Pendidikan","SBR"],
    ["69178","BINTANG SAMUDRA UTAMA","JL SUMATERA","prelist","MEDAN BELAWAN","BELAWAN I","LINGKUNGAN 4","","","H. Transportasi dan Pergudangan","SBR"],
    ["69305","LAUTAN SEMESTA MANDIRI","JL DELI LK IV","prelist","MEDAN BELAWAN","BELAWAN I","LINGKUNGAN 4","","","G. Perdagangan Besar dan Eceran, Reparasi Mobil dan Sepeda Motor","SBR"],
    ["69323","BERKAH AGRARIS NUSANTARA","JL JAWA GG V BELAWAN","prelist","MEDAN BELAWAN","BELAWAN II","LINGKUNGAN 9","","","G. Perdagangan Besar dan Eceran, Reparasi Mobil dan Sepeda Motor","SBR"],
    ["69719","SD SWASTA AL WASHLIYAH 3/32","JL TM PAHLAWAN GD ARANG LK 29","prelist","MEDAN BELAWAN","BELAWAN I","LINGKUNGAN 25","","","P. Pendidikan","SBR"],
    ["69777","SMP HKBP BELAWAN","JL KAMPAR NO 3 RT.000 RW.000, BELAWAN I","prelist","MEDAN BELAWAN","BELAWAN I","LINGKUNGAN 7","","","P. Pendidikan","SBR"],
    ["69878","BELAWAN MANDIRI","JL SELEBES NO.315","prelist","MEDAN BELAWAN","BELAWAN II","LINGKUNGAN 36","","","G. Perdagangan Besar dan Eceran, Reparasi Mobil dan Sepeda Motor","SBR"],
    ["69919","KAR PERUM PPS CAB.BELAWAN","JL.GABION - BELAWAN, BAGAN DELI","prelist","MEDAN BELAWAN","BAGAN DELI","LINGKUNGAN 8","","","G. Perdagangan Besar dan Eceran, Reparasi Mobil dan Sepeda Motor","SBR"],
    ["69934","GIRSANG GROUP","JL.P.SICANANG LK II","prelist","MEDAN BELAWAN","BELAWAN SICANANG","LINGKUNGAN 15","","","G. Perdagangan Besar dan Eceran, Reparasi Mobil dan Sepeda Motor","SBR"],
    ["69978","RAYYAN JAYA ABADI","JL. BANGKA BARAT NO.26","prelist","MEDAN BELAWAN","BELAWAN II","LINGKUNGAN 1","","","G. Perdagangan Besar dan Eceran, Reparasi Mobil dan Sepeda Motor","SBR"],
    ["70149","MASYARAKAT BELAWAN BAHAGIA","JALAN BAWAL LK XIX","prelist","MEDAN BELAWAN","BELAWAN BAHAGIA","LINGKUNGAN 19","","","A. Pertanian, Kehutanan, dan Perikanan","SBR"],
    ["70173","ENERGY MARINE INDONESIA","JL. SELEBES","prelist","MEDAN BELAWAN","BELAWAN II","LINGKUNGAN 33","","","H. Transportasi dan Pergudangan","SBR"],
    ["70206","DWIDANTRI","JL RAYA PELABUHAN BELAWAN","prelist","MEDAN BELAWAN","BELAWAN II","LINGKUNGAN 44","","","G. Perdagangan Besar dan Eceran, Reparasi Mobil dan Sepeda Motor","SBR"],
    ["70375","OREMUS BAHARI ANUGERAH","JL RAYA PELABUHAN GABION","prelist","MEDAN BELAWAN","BAGAN DELI","LINGKUNGAN 11","","","G. Perdagangan Besar dan Eceran, Reparasi Mobil dan Sepeda Motor","SBR"],
    ["70426","IVO MAS PERKASA","JL.BELMERA BARU, BELAWAN II","prelist","MEDAN BELAWAN","BELAWAN II","LINGKUNGAN 35","","","C. Industri Pengolahan","SBR"],
    ["70576","LEMBAGA PENDIDIKAN ANAK USIA DINI PETRA SION INDONESIA","BLOK 31","prelist","MEDAN BELAWAN","BELAWAN SICANANG","LINGKUNGAN 15","","","P. Pendidikan","SBR"],
    ["70691","RANI JAYA UTAMA","JL HIDAYAH LORONG ANGGREK NO 221","prelist","MEDAN BELAWAN","BELAWAN SICANANG","LINGKUNGAN 5","","","G. Perdagangan Besar dan Eceran, Reparasi Mobil dan Sepeda Motor","SBR"],
    ["70758","SAMUDERA BELAWAN","JL CILACAP TIMUR NO.12","prelist","MEDAN BELAWAN","BELAWAN II","LINGKUNGAN 9","","","H. Transportasi dan Pergudangan","SBR"],
    ["70817","PELITA EVANGELINE INDONESIA","JL. TAMBAK LK XVII","prelist","MEDAN BELAWAN","BELAWAN SICANANG","LINGKUNGAN 14","","","Q. Jasa Kesehatan dan Kegiatan Sosial","SBR"],
    ["70880","SD HANG TUAH 1 BELAWAN","JL. VETERAN NO 01, BELAWAN I","prelist","MEDAN BELAWAN","BELAWAN I","LINGKUNGAN 4","","","P. Pendidikan","SBR"],
    ["70910","TIHANA","JL SUMATERA","prelist","MEDAN BELAWAN","BELAWAN I","LINGKUNGAN 31","","","G. Perdagangan Besar dan Eceran, Reparasi Mobil dan Sepeda Motor","SBR"],
    ["70961","AMANAH JAYA PERKASA UTAMA","JL. RUMAH SAKIT JEMBATAN 2","prelist","MEDAN BELAWAN","BELAWAN SICANANG","LINGKUNGAN 15","","","G. Perdagangan Besar dan Eceran, Reparasi Mobil dan Sepeda Motor","SBR"],
    ["70982","PBM. SARANA BANDAR NASIONAL","JL.UJUNG BARU NO.21, BELAWAN II","prelist","MEDAN BELAWAN","BELAWAN II","LINGKUNGAN 44","","","H. Transportasi dan Pergudangan","SBR"],
    ["70986","AZIZI BELAWAN","JL MEDAN BELAWAN KM 20 BELAWAN BAHAGIA KM 20 NO 21 B","prelist","MEDAN BELAWAN","BELAWAN BAHAGIA","LINGKUNGAN 8","","","G. Perdagangan Besar dan Eceran, Reparasi Mobil dan Sepeda Motor","SBR"],
    ["71099","BINA USAHA NELAYAN (KBUN)","LK XV LORONG UJUNG TANJUNG","prelist","MEDAN BELAWAN","BAGAN DELI","LINGKUNGAN 8","","","G. Perdagangan Besar dan Eceran, Reparasi Mobil dan Sepeda Motor","SBR"],
    ["71272","POS INDONESIA (PERSERO)","JL.RAYA MEDAN BELAWAN","prelist","MEDAN BELAWAN","BELAWAN BAHARI","LINGKUNGAN 11","","","H. Transportasi dan Pergudangan","SBR"],
    ["71373","KSU CIPTA KARYA NELAYAN","TM PAHLAWAN LORONG BAHAGIA NO 12 LINGK 26, BELAWAN I","prelist","MEDAN BELAWAN","BELAWAN I","LINGKUNGAN 2","","","G. Perdagangan Besar dan Eceran, Reparasi Mobil dan Sepeda Motor","SBR"],
    ["71392","CAHAYA JAYA","JL. BANDENG","prelist","MEDAN BELAWAN","BELAWAN BAHAGIA","LINGKUNGAN 16","","","G. Perdagangan Besar dan Eceran, Reparasi Mobil dan Sepeda Motor","SBR"],
    ["71419","RIZKITA MASKEN JAYA","JALAN CISADANE NO 7 BELAWAN","prelist","MEDAN BELAWAN","BELAWAN II","LINGKUNGAN 19","","","G. Perdagangan Besar dan Eceran, Reparasi Mobil dan Sepeda Motor","SBR"],
    ["71457","AN NUR BAHRI INDONESIA","JL. LANGKAT LK. IV","prelist","MEDAN BELAWAN","BELAWAN I","LINGKUNGAN 4","","","P. Pendidikan","SBR"],
    ["71510","ARYAGUNA JAYA","JL PUSARA LING. IV","prelist","MEDAN BELAWAN","BELAWAN SICANANG","LINGKUNGAN 19","","","G. Perdagangan Besar dan Eceran, Reparasi Mobil dan Sepeda Motor","SBR"],
    ["71660","BAROKAH JAYA BAHARI","JALAN PELABUHAN RAYA NO 41","prelist","MEDAN BELAWAN","BELAWAN II","LINGKUNGAN 35","","","H. Transportasi dan Pergudangan","SBR"],
    ["71661","KARUNIA ABADI","JL.INDRAPURA NO.13, BELAWAN I","prelist","MEDAN BELAWAN","BELAWAN I","LINGKUNGAN 4","","","H. Transportasi dan Pergudangan","SBR"],
    ["71696","RANGGA SOLY","JL SELEBES GG VIII","prelist","MEDAN BELAWAN","BELAWAN II","LINGKUNGAN 16","","","G. Perdagangan Besar dan Eceran, Reparasi Mobil dan Sepeda Motor","SBR"],
    ["71701","NUANSA SAMUDERA","JL STASIUN I LOR PAHLAWAN LK 19","prelist","MEDAN BELAWAN","BELAWAN I","LINGKUNGAN 13","","","G. Perdagangan Besar dan Eceran, Reparasi Mobil dan Sepeda Motor","SBR"],
    ["71771","JASA SARANA AGRO NUSANTARA","JL UJUNG BARU","prelist","MEDAN BELAWAN","BELAWAN I","LINGKUNGAN 31","","","G. Perdagangan Besar dan Eceran, Reparasi Mobil dan Sepeda Motor","SBR"],
    ["71788","SISKA SARANA UTAMA","JL.RIAU NO No.7, BELAWAN I","prelist","MEDAN BELAWAN","BELAWAN II","LINGKUNGAN 42","","","H. Transportasi dan Pergudangan","SBR"],
    ["71985","ARTHA KURNIA","JL.VETERAN NO.6 / BELAWAN I","prelist","MEDAN BELAWAN","BELAWAN I","LINGKUNGAN 2","","","F. Konstruksi","SBR"],
    ["72001","FAJAR MANYINGSING","JL.VETERAN LK.II NO NO.142, BELAWAN I","prelist","MEDAN BELAWAN","BELAWAN I","LINGKUNGAN 2","","","G. Perdagangan Besar dan Eceran, Reparasi Mobil dan Sepeda Motor","SBR"],
    ["72017","BUANA WIRALESTARI MAS","JL BELMERA BARU III RT. 00 RW. 00","prelist","MEDAN BELAWAN","BELAWAN II","LINGKUNGAN 35","","","C. Industri Pengolahan","SBR"],
    ["72063","WIJAYA KESUMA SEGARA","JL DELI NO I A","prelist","MEDAN BELAWAN","BELAWAN I","LINGKUNGAN 4","","","G. Perdagangan Besar dan Eceran, Reparasi Mobil dan Sepeda Motor","SBR"],
    ["72069","SAHABAT BELAWAN","JL SUMATERA","prelist","MEDAN BELAWAN","BELAWAN I","LINGKUNGAN 31","","","H. Transportasi dan Pergudangan","SBR"],
    ["72118","SMP SWASTA HKBP PAJAK BARU BELAWAN","JL. TERUBUK NO. 17 LINGK. IV","prelist","MEDAN BELAWAN","BELAWAN BAHAGIA","LINGKUNGAN 5","","","P. Pendidikan","SBR"],
    ["72128","PEGAWAI NEGERI PELABUHAN PERIKANAN SAMUDERA BELAWAN","JL.GABION BELAWAN, BAGAN DELI","prelist","MEDAN BELAWAN","BAGAN DELI","LINGKUNGAN 11","","","G. Perdagangan Besar dan Eceran, Reparasi Mobil dan Sepeda Motor","SBR"],
    ["72168","KPN BIMA SAKTI KANTOR DISNAV BELAWAN","JL.SUAR UJUNG BARU NO.2, BAGAN DELI","prelist","MEDAN BELAWAN","BELAWAN I","LINGKUNGAN 31","","","G. Perdagangan Besar dan Eceran, Reparasi Mobil dan Sepeda Motor","SBR"],
    ["72191","PRODUSEN BINA USAHA ANUGRAH","BLOK V LK. 13 KELUARAHAN BELAWAN SICANANG","prelist","MEDAN BELAWAN","BELAWAN SICANANG","LINGKUNGAN 11","","","G. Perdagangan Besar dan Eceran, Reparasi Mobil dan Sepeda Motor","SBR"],
    ["72235","PRIMA SAMUDERA LOGISTIC","JL.BANGKA NO.26","prelist","MEDAN BELAWAN","BELAWAN II","LINGKUNGAN 4","","","H. Transportasi dan Pergudangan","SBR"],
    ["72239","PERUSAHAAN BONGKAR MUAT AYANA NUGRAHA","JL.BANGKA NO 14, BELAWAN II","prelist","MEDAN BELAWAN","BELAWAN II","LINGKUNGAN 4","","","H. Transportasi dan Pergudangan","SBR"],
    ["72265","MORA JAYA","JL CIMANUK BARU NO 16, BELAWAN II","prelist","MEDAN BELAWAN","BELAWAN II","LINGKUNGAN 23","","","G. Perdagangan Besar dan Eceran, Reparasi Mobil dan Sepeda Motor","SBR"],
    ["72437","TANI RAKYAT SEJAHTERA","JL. HIU","prelist","MEDAN BELAWAN","BELAWAN BAHAGIA","LINGKUNGAN 2","","","G. Perdagangan Besar dan Eceran, Reparasi Mobil dan Sepeda Motor","SBR"],
    ["72486","ASOSIASI TANGKI TIMBUN DAN PEMOMPAAN BELAWAN","PELABUHAN RAYA NO. 99 S BELAWAN","prelist","MEDAN BELAWAN","BELAWAN II","LINGKUNGAN 44","","","H. Transportasi dan Pergudangan","SBR"],
    ["72539","YULIA","JL.BENGKALIS NO.85 , BELAWAN I","prelist","MEDAN BELAWAN","BELAWAN I","LINGKUNGAN 4","","","C. Industri Pengolahan","SBR"],
    ["72594","LEMBAGA NUR ATTIN","BAGAN DELI LORONG V VETERAN","prelist","MEDAN BELAWAN","BAGAN DELI","LINGKUNGAN 8","","","P. Pendidikan","SBR"],
    ["72627","PARAMITRA AGUNG CEMERLANG","JL SUMATERA","prelist","MEDAN BELAWAN","BELAWAN I","LINGKUNGAN 31","","","G. Perdagangan Besar dan Eceran, Reparasi Mobil dan Sepeda Motor","SBR"],
    ["72661","UMMI KHADIJAH AKBAR","KOMPLEK PELINDO I JL.PULAU RUPAT NO.85,PEKAN LABUHAN","prelist","MEDAN BELAWAN","BELAWAN BAHARI","LINGKUNGAN 10","","","P. Pendidikan","SBR"],
    ["72662","BANK MANDIRI (PERSERO)","JALAN PELABUHAN II","prelist","MEDAN BELAWAN","BELAWAN II","LINGKUNGAN 44","","","K. Aktivitas Keuangan Dan Asuransi","SBR"],
    ["72698","PERPEGABSU","JL BESAR BAGAN DELI BELAWAN","prelist","MEDAN BELAWAN","BAGAN DELI","LINGKUNGAN 6","","","A. Pertanian, Kehutanan, dan Perikanan","SBR"],
    ["72710","ZADEN BOS GLOBAL","JL. SUMATERA","prelist","MEDAN BELAWAN","BELAWAN I","LINGKUNGAN 1","","","G. Perdagangan Besar dan Eceran, Reparasi Mobil dan Sepeda Motor","SBR"],
    ["72730","LAUTANMAS","LINGK XI GABION","prelist","MEDAN BELAWAN","BAGAN DELI","LINGKUNGAN 8","","","G. Perdagangan Besar dan Eceran, Reparasi Mobil dan Sepeda Motor","SBR"],
    ["72757","MASKAPAI PERKEBUNAN LEIDONG WEST INDONESIA","JL BELMERA BARU III","prelist","MEDAN BELAWAN","BELAWAN II","LINGKUNGAN 35","","","C. Industri Pengolahan","SBR"],
    ["72849","BINASAWIT ABADIPRATAMA","JL PELABUHAN RAYA LINGKUNGAN XXXXIV BELMERA BARU III","prelist","MEDAN BELAWAN","BELAWAN II","LINGKUNGAN 44","","","C. Industri Pengolahan","SBR"],
    ["72859","BINA SUMBER DAYA MASYARAKAT","JL.TM PAHLAWAN LOR MELATI NO No.20, BELAWAN I","prelist","MEDAN BELAWAN","BELAWAN I","LINGKUNGAN 27","","","A. Pertanian, Kehutanan, dan Perikanan","SBR"],
    ["72934","CTK","JL.GABION PELABUHAN PERIKANAN","prelist","MEDAN BELAWAN","BAGAN DELI","LINGKUNGAN 11","","","G. Perdagangan Besar dan Eceran, Reparasi Mobil dan Sepeda Motor","SBR"],
    ["72938","RAIHAN JAYA","LOR. VI VETERAN","prelist","MEDAN BELAWAN","BAGAN DELI","LINGKUNGAN 10","","","G. Perdagangan Besar dan Eceran, Reparasi Mobil dan Sepeda Motor","SBR"],
    ["73035","SUGAI MAS","JL.BENGKALIS NO.24, BELAWAN II","prelist","MEDAN BELAWAN","BELAWAN I","LINGKUNGAN 3","","","F. Konstruksi","SBR"],
    ["73205","FORUM ANAK BELAWAN BERSATU","JL. SUMATERA","prelist","MEDAN BELAWAN","BELAWAN I","LINGKUNGAN 1","","","S. Aktivitas Jasa Lainnya","SBR"],
    ["73248","BAHROENA WINDU","JL.SELEBES NO No.3-A, BELAWAN II","prelist","MEDAN BELAWAN","BELAWAN II","LINGKUNGAN 43","","","G. Perdagangan Besar dan Eceran, Reparasi Mobil dan Sepeda Motor","SBR"],
    ["73252","DAARUL HUFFADZ AL BAROKAH","BAGAN DELI LOR BILAL","prelist","MEDAN BELAWAN","BAGAN DELI","LINGKUNGAN 8","","","P. Pendidikan","SBR"],
    ["73276","ABADI JAYA PARAMESTI","JL. GABION LINGKUNGAN XI","prelist","MEDAN BELAWAN","BAGAN DELI","LINGKUNGAN 11","","","G. Perdagangan Besar dan Eceran, Reparasi Mobil dan Sepeda Motor","SBR"],
    ["73299","SAHABAT SEJATI NUSANTARA INDONESIA","JL. DELI","prelist","MEDAN BELAWAN","BELAWAN I","LINGKUNGAN 4","","","H. Transportasi dan Pergudangan","SBR"],
    ["73305","LEMBAGA PELATIHAN KERJA CITRA","JL. PLATINA/VETERAN LINGKUNGAN 20","prelist","MEDAN BELAWAN","BELAWAN BAHAGIA","LINGKUNGAN 5","","","S. Aktivitas Jasa Lainnya","SBR"],
    ["73318","BUMI LAUT SHIPPING SERVICES","JALAN RAYA PELABUHAN BELAWAN , PRIMA INDONESIA LOGISTITIK","prelist","MEDAN BELAWAN","BAGAN DELI","LINGKUNGAN 9","","","H. Transportasi dan Pergudangan","SBR"],
    ["73324","QUANTA MEGA","JL.GULAMA SP.SEPAT LK.10 NO No.78, BELAWAN BAHAGIA","prelist","MEDAN BELAWAN","BELAWAN BAHAGIA","LINGKUNGAN 15","","","G. Perdagangan Besar dan Eceran, Reparasi Mobil dan Sepeda Motor","SBR"],
    ["73390","PUTRA BAHARI","JALAN DELI NO NO.2, BELAWAN I","prelist","MEDAN BELAWAN","BELAWAN I","LINGKUNGAN 4","","","G. Perdagangan Besar dan Eceran, Reparasi Mobil dan Sepeda Motor","SBR"],
    ["73476","JASA LAUT","JL.TM PAHLAWAN NO.49, BELAWAN I","prelist","MEDAN BELAWAN","BELAWAN I","LINGKUNGAN 25","","","G. Perdagangan Besar dan Eceran, Reparasi Mobil dan Sepeda Motor","SBR"],
    ["73517","KARYA LAUT","GABION PELABUHAN PERIKANAN SAMUDERA BELAWAN","prelist","MEDAN BELAWAN","BAGAN DELI","LINGKUNGAN 11","","","G. Perdagangan Besar dan Eceran, Reparasi Mobil dan Sepeda Motor","SBR"],
    ["73566","KB BAITUL HIDAYAH","JL SERMA HANAFIAH","prelist","MEDAN BELAWAN","BELAWAN I","LINGKUNGAN 1","","","P. Pendidikan","SBR"],
    ["73669","BAROKAH JAYA LOGISTIK","PELABUHAN RAYA LINGKUNGAN 36 PALUH PERTA KELURAHAN BELAWAN II KECAMATAN MEDAN BELAWAN 20412","prelist","MEDAN BELAWAN","BELAWAN II","LINGKUNGAN 44","","","S. Aktivitas Jasa Lainnya","SBR"],
    ["73778","PERMATA DELI","JL.STASIUN LORONG KESENIAN, BELAWAN I","prelist","MEDAN BELAWAN","BELAWAN I","LINGKUNGAN 18","","","F. Konstruksi","SBR"],
    ["73781","GLOBAL TOTAL BAHARI","JL KARO LINGKUNGAN IV","prelist","MEDAN BELAWAN","BELAWAN I","LINGKUNGAN 4","","","H. Transportasi dan Pergudangan","SBR"],
    ["73834","SINAR JATIMITRA","JL. RAYA PELABUHAN POS II ROAD VI UJUNG BARU, LINGKUNGAN XIV","prelist","MEDAN BELAWAN","BAGAN DELI","LINGKUNGAN 8","","","H. Transportasi dan Pergudangan","SBR"],
    ["73876","LOGAM MAJU SUKSES","JL. BUNGA NO. 1 - KELURAHAN BELAWAN II","prelist","MEDAN BELAWAN","BELAWAN II","LINGKUNGAN 40","","","G. Perdagangan Besar dan Eceran, Reparasi Mobil dan Sepeda Motor","SBR"],
    ["73886","ANAK BELAWAN BERSATU","JALAN INDERA PURA","prelist","MEDAN BELAWAN","BELAWAN I","LINGKUNGAN 4","","","S. Aktivitas Jasa Lainnya","SBR"],
    ["73900","BINTANG SAKTI JAYA","JL. VETERAN LINGKUNGAN I NO NO. 16, BELAWAN I","prelist","MEDAN BELAWAN","BELAWAN I","LINGKUNGAN 3","","","N. Jasa Persewaan, Ketenagakerjaan, Agen Perjalanan, dan Jasa Pendukung","SBR"],
    ["73953","YURINDRA TAKAR JAYA","JL CILACAP TIMUR LINGK 09","prelist","MEDAN BELAWAN","BELAWAN II","LINGKUNGAN 9","","","G. Perdagangan Besar dan Eceran, Reparasi Mobil dan Sepeda Motor","SBR"],
    ["74009","TOBA TRANS SEJAHTERA","JL SELEBES/JL BUNGA","prelist","MEDAN BELAWAN","BELAWAN II","LINGKUNGAN 38","","","H. Transportasi dan Pergudangan","SBR"],
    ["74248","SUKSES AULIA NIAGA","JL. PELABUHAN","prelist","MEDAN BELAWAN","BELAWAN II","LINGKUNGAN 35","","","G. Perdagangan Besar dan Eceran, Reparasi Mobil dan Sepeda Motor","SBR"],
    ["74305","CAMAR ATLANTIK","JL.KARO NO No.17, BELAWAN I","prelist","MEDAN BELAWAN","BELAWAN I","LINGKUNGAN 4","","","H. Transportasi dan Pergudangan","SBR"],
    ["74306","VARUNA TIRTA PRAKASYA CABANGMEDAN-BELAWAN","JL.UJUNG BARU DEPAN GUDANG 102, BELAWAN II","prelist","MEDAN BELAWAN","BELAWAN II","LINGKUNGAN 44","","","H. Transportasi dan Pergudangan","SBR"],
    ["74320","HANOMAN SAKTI PRATAMA","JL.RAYA PELABUHAN POS II ROAD VI UJUNG BARU","prelist","MEDAN BELAWAN","BAGAN DELI","LINGKUNGAN 8","","","H. Transportasi dan Pergudangan","SBR"],
    ["74323","BERLIAN EKA SAKTI TANGGUH","JALAN UJUNG BARU, BELAWAN I","prelist","MEDAN BELAWAN","BELAWAN I","LINGKUNGAN 31","","","C. Industri Pengolahan","SBR"],
    ["74329","SOLUSI BANGUN ANDALAS","JL UJUNG BARU BELAWAN","prelist","MEDAN BELAWAN","BELAWAN II","LINGKUNGAN 44","","","C. Industri Pengolahan","SBR"],
    ["74353","U.D. ROSITA","JL DELI BELAWAN","prelist","MEDAN BELAWAN","BELAWAN I","LINGKUNGAN 31","","","I. Penyediaan Akomodasi dan Makan Minum","SBR"],
    ["74433","SERBA USAHA (KSU) MASYARAKAT BELAWAN SEJAHTERA","LOR. PANCUR DALAM LK. 13","prelist","MEDAN BELAWAN","BELAWAN I","LINGKUNGAN 14","","","A. Pertanian, Kehutanan, dan Perikanan","SBR"],
    ["74540","AYOE","JL.VETERAN NO.94 , BELAWAN I","prelist","MEDAN BELAWAN","BELAWAN I","LINGKUNGAN 1","","","F. Konstruksi","SBR"],
    ["74565","BAKRIE SUMATERA PLANTATION","JL.DOSOMUKO PELABUHAN UJUNG BARU BELAWAN, BELAWAN I","prelist","MEDAN BELAWAN","BELAWAN I","LINGKUNGAN 31","","","H. Transportasi dan Pergudangan","SBR"],
    ["74595","DELI LESTARI JAYA","JALAN SELEBES LK. XXXVII","prelist","MEDAN BELAWAN","BELAWAN II","LINGKUNGAN 33","","","G. Perdagangan Besar dan Eceran, Reparasi Mobil dan Sepeda Motor","SBR"],
    ["74696","BAJA PRATAMA NASIONAL","JL. BUNGA NO. 1 - KELURAHAN BELAWAN II","prelist","MEDAN BELAWAN","BELAWAN II","LINGKUNGAN 40","","","G. Perdagangan Besar dan Eceran, Reparasi Mobil dan Sepeda Motor","SBR"],
    ["74720","KEMBAR JAYA ABADI","JL DELI","prelist","MEDAN BELAWAN","BELAWAN I","LINGKUNGAN 4","","","G. Perdagangan Besar dan Eceran, Reparasi Mobil dan Sepeda Motor","SBR"],
    ["74796","BRIDGESTONE SUMATRA RUBBER ESTATE","JL BUNGA","prelist","MEDAN BELAWAN","BELAWAN II","LINGKUNGAN 38","","","C. Industri Pengolahan","SBR"],
    ["74863","GAC SAMUDERA LOGISTICS","JL RAYA PELABUHAN","prelist","MEDAN BELAWAN","BELAWAN I","LINGKUNGAN 4","","","H. Transportasi dan Pergudangan","SBR"],
    ["74902","BINTANG SAMUDRA NUSANTARA","JL PASAR","prelist","MEDAN BELAWAN","BELAWAN II","LINGKUNGAN 39","","","H. Transportasi dan Pergudangan","SBR"],
    ["74970","DAYAGUNA MARITIM CARGOTAMA","JL. TENGGIRI NO.42, BELAWAN BAHAGIA","prelist","MEDAN BELAWAN","BELAWAN BAHAGIA","LINGKUNGAN 8","","","H. Transportasi dan Pergudangan","SBR"],
    ["74972","SILKARGO INDONESIA","KOMPLEK SAMUDERA INDONSESIA JL RAYA PELABUHAN KOMP SAMUDERA INDONESIA","prelist","MEDAN BELAWAN","BELAWAN II","LINGKUNGAN 44","","","H. Transportasi dan Pergudangan","SBR"],
    ["74985","INTERCON TERMINAL INDONESIA","JL. RAYA PELABUHAN POS II ROAD VI","prelist","MEDAN BELAWAN","BAGAN DELI","LINGKUNGAN 8","","","H. Transportasi dan Pergudangan","SBR"],
    ["75007","BANK NEGARA INDONESIA","JL SUMATERA","prelist","MEDAN BELAWAN","BELAWAN I","LINGKUNGAN 31","","","K. Aktivitas Keuangan Dan Asuransi","SBR"],
    ["75013","BADAN KOMUNIKASI SAHABAT MARINIR NAGA SAMUDERA","JL. SERMA HANAFIAH","prelist","MEDAN BELAWAN","BELAWAN I","LINGKUNGAN 3","","","Q. Jasa Kesehatan dan Kegiatan Sosial","SBR"],
    ["75038","KIMIA FARMA APOTEK","JL. SUMATERA LK I","prelist","MEDAN BELAWAN","BELAWAN I","LINGKUNGAN 1","","","G. Perdagangan Besar dan Eceran, Reparasi Mobil dan Sepeda Motor","SBR"],
    ["75067","KEPITING BANG TAMRIN BELAWAN SEAFOOD","JL SERMA HANAFIA BELAWAN 1","prelist","MEDAN BELAWAN","BELAWAN I","LINGKUNGAN 3","","","I. Penyediaan Akomodasi dan Makan Minum","SBR"],
    ["75081","AIS TRANSPORT MANDIRI","JL GULAMA LK XV","prelist","MEDAN BELAWAN","BELAWAN BAHAGIA","LINGKUNGAN 15","","","H. Transportasi dan Pergudangan","SBR"],
    ["75174","SD AL WASHLIYAH 4/36","JL. SEPAT BELAWAN","prelist","MEDAN BELAWAN","BELAWAN BAHAGIA","LINGKUNGAN 10","","","P. Pendidikan","SBR"],
    ["75177","INDO TATA GLOBAL","JL KL YOS SUDARSO KM 20","prelist","MEDAN BELAWAN","BELAWAN BAHARI","LINGKUNGAN 13","","","G. Perdagangan Besar dan Eceran, Reparasi Mobil dan Sepeda Motor","SBR"],
    ["75259","ENERGY LOGISTICS","JL SELEBES NO. 23 BELAWAN","prelist","MEDAN BELAWAN","BELAWAN II","LINGKUNGAN 37","","","H. Transportasi dan Pergudangan","SBR"],
    ["75329","CITA SUMATERA AGUNG","JL PELABUHAN GABION KAV 9, BAGAN DELI","prelist","MEDAN BELAWAN","BAGAN DELI","LINGKUNGAN 11","","","C. Industri Pengolahan","SBR"],
    ["75338","INDRA TEKNIK ABADI SERVIS INTI","JL.PULAU SERAM LK. VI","prelist","MEDAN BELAWAN","BELAWAN BAHARI","LINGKUNGAN 6","","","G. Perdagangan Besar dan Eceran, Reparasi Mobil dan Sepeda Motor","SBR"],
    ["75367","TASDSONY BESTARI JAYA","PELABUHAN RAYA LINGK. XIV NO NO.1, BAGAN DELI","prelist","MEDAN BELAWAN","BAGAN DELI","LINGKUNGAN 8","","","F. Konstruksi","SBR"],
    ["75440","TIGA SINAR PRIMA","JL BELANAK NO 4 LINGK XVII","prelist","MEDAN BELAWAN","BELAWAN BAHAGIA","LINGKUNGAN 16","","","H. Transportasi dan Pergudangan","SBR"],
    ["75491","BAROKAH JAYA ALAMI","JALAN PELABUHAN RAYA LINGKUNGAN 36, PALUH PERTA","prelist","MEDAN BELAWAN","BELAWAN II","LINGKUNGAN 35","","","H. Transportasi dan Pergudangan","SBR"],
    ["75495","CITRA BELAWAN SOLO","JL.DELI NO NO.7-B, BELAWAN I","prelist","MEDAN BELAWAN","BELAWAN I","LINGKUNGAN 4","","","F. Konstruksi","SBR"],
    ["75536","SUMINU KARYA CEMERLANG","JL.BLITON AMBERSING BELAWAN, BELAWAN II","prelist","MEDAN BELAWAN","BELAWAN II","LINGKUNGAN 5","","","H. Transportasi dan Pergudangan","SBR"],
    ["75584","SD AL WASLIYAH 5/34","JL TAMAN MAKAM PAHLAWAN LORONG PAPAN, BELAWAN I","prelist","MEDAN BELAWAN","BELAWAN I","LINGKUNGAN 2","","","P. Pendidikan","SBR"],
    ["75628","RUMAH SAKIT PELABUHAN BELAWANBAHAGIA","JL.STASIUN NO.92 BELAWAN, BELAWAN BAHAGIA","prelist","MEDAN BELAWAN","BELAWAN I","LINGKUNGAN 20","","","Q. Jasa Kesehatan dan Kegiatan Sosial","SBR"],
    ["75674","MGMP BIOLOGI MEDAN UTARA B","LK. XVII","prelist","MEDAN BELAWAN","BELAWAN SICANANG","LINGKUNGAN 14","","","S. Aktivitas Jasa Lainnya","SBR"],
    ["75761","KARYA UTAMA","JL.MAKAM PAHLAWAN NO.43, BELAWAN I","prelist","MEDAN BELAWAN","BELAWAN I","LINGKUNGAN 25","","","F. Konstruksi","SBR"],
    ["75781","MULTI HARAPAN TEHNIK","JL PLTU LK 1","prelist","MEDAN BELAWAN","BELAWAN SICANANG","LINGKUNGAN 1","","","F. Konstruksi","SBR"],
    ["75783","SUKSES MEKAR ABADI","KOMP. PELABUHAN PERIKANAN SAMUDERA BELAWAN LK. XI","prelist","MEDAN BELAWAN","BAGAN DELI","LINGKUNGAN 8","","","C. Industri Pengolahan","SBR"],
    ["75810","PERUSAHAAN LISTRIK NEGARA (PERSERO)","JL. MEDAN BELAWAN KM. 20,5, BELAWAN II","prelist","MEDAN BELAWAN","BELAWAN II","LINGKUNGAN 44","","","F. Konstruksi","SBR"],
    ["75852","SUMATERA INTI SELULER","JL.VETERAN NO No.216, BELAWAN I","prelist","MEDAN BELAWAN","BELAWAN I","LINGKUNGAN 2","","","G. Perdagangan Besar dan Eceran, Reparasi Mobil dan Sepeda Motor","SBR"],
    ["75854","CITRA NITO MIGAS CAB BELAWAN","JL PELABUHAN NUSANTARA/GABION NO 88 RT. 000 RW. 000","prelist","MEDAN BELAWAN","BELAWAN I","LINGKUNGAN 31","","","G. Perdagangan Besar dan Eceran, Reparasi Mobil dan Sepeda Motor","SBR"],
    ["75865","YAYASAN SEMAI TUNAS BARU","LORONG V VETERAN BAGAN DELI","prelist","MEDAN BELAWAN","BAGAN DELI","LINGKUNGAN 7","","","P. Pendidikan","SBR"],
    ["75878","PELAYARAN PASARMATANGGORBAHAR BAHARI","JL.SUMATERA NO.99 BELAWAN, BELAWAN I","prelist","MEDAN BELAWAN","BELAWAN I","LINGKUNGAN 2","","","H. Transportasi dan Pergudangan","SBR"],
    ["75886","LEONY JAYA PRATAMA","JL. VETERAN NO. 19/41 KOTA BELAWAN","prelist","MEDAN BELAWAN","BELAWAN I","LINGKUNGAN 2","","","N. Jasa Persewaan, Ketenagakerjaan, Agen Perjalanan, dan Jasa Pendukung","SBR"],
    ["75948","ALTUS LOGISTICS SERVICES INDONESIA","JL. PELABUHAN UJUNG BARU GEDUNG 101, BELAWAN II","prelist","MEDAN BELAWAN","BELAWAN II","LINGKUNGAN 35","","","H. Transportasi dan Pergudangan","SBR"],
    ["75979","LINTAS SAMUDERA KARGO","JL. KARO","prelist","MEDAN BELAWAN","BELAWAN I","LINGKUNGAN 4","","","G. Perdagangan Besar dan Eceran, Reparasi Mobil dan Sepeda Motor","SBR"],
    ["76004","PANCA BAHARI MAKMUR","JALAN TEMENUNG NOMOR 10","prelist","MEDAN BELAWAN","BELAWAN BAHAGIA","LINGKUNGAN 5","","","H. Transportasi dan Pergudangan","SBR"],
    ["76077","PERSYARIKATAN MUHAMMADIYAH","JL. MEDAN BELAWAN KM. 22,5 KOMPLEK MASJID RAYA TAQWA","prelist","MEDAN BELAWAN","BELAWAN BAHARI","LINGKUNGAN 12","","","Q. Jasa Kesehatan dan Kegiatan Sosial","SBR"],
    ["76090","TRIJAYA RAKSASA THERMO","JALAN BENGKALIS NOMOR 83 LINGKUNGAN II ; LANTAI 2","prelist","MEDAN BELAWAN","BELAWAN I","LINGKUNGAN 4","","","H. Transportasi dan Pergudangan","SBR"],
    ["76146","MITRA BAHARI SUKSES INDONESIA","JL DELI","prelist","MEDAN BELAWAN","BELAWAN I","LINGKUNGAN 4","","","H. Transportasi dan Pergudangan","SBR"],
    ["76161","SINGA MAS MAKIN MAKMUR","JL RAYA PELABUHAN LK XLIII","prelist","MEDAN BELAWAN","BELAWAN BAHARI","LINGKUNGAN 12","","","G. Perdagangan Besar dan Eceran, Reparasi Mobil dan Sepeda Motor","SBR"],
    ["76226","BARUNA INDO NUSA","JALAN LANGKAT NO. 05 LINGKUNGAN II","prelist","MEDAN BELAWAN","BELAWAN I","LINGKUNGAN 4","","","G. Perdagangan Besar dan Eceran, Reparasi Mobil dan Sepeda Motor","SBR"],
    ["76333","SURYA ANUGRAH LOGISTIK","JALAN JAWA GANG V NOMOR 1","prelist","MEDAN BELAWAN","BELAWAN II","LINGKUNGAN 9","","","H. Transportasi dan Pergudangan","SBR"],
    ["76375","PANCA USAHA MAKMUR","JL. SELEBES","prelist","MEDAN BELAWAN","BELAWAN II","LINGKUNGAN 30","","","H. Transportasi dan Pergudangan","SBR"],
    ["76388","HANG TUAH","JL.BENGKALIS NO NO.1, BELAWAN I","prelist","MEDAN BELAWAN","BELAWAN I","LINGKUNGAN 4","","","P. Pendidikan","SBR"],
    ["76396","OCEAN MARINE INDONESIA","JL.GABION PELABUHAN PERIKANAN SAMUDERA BELAWAN NO.88 LK.XI","prelist","MEDAN BELAWAN","BAGAN DELI","LINGKUNGAN 11","","","C. Industri Pengolahan","SBR"],
    ["76410","PATRIA JAYA BONGKAR MUAT","JL. RAYA PELABUHAN","prelist","MEDAN BELAWAN","BELAWAN II","LINGKUNGAN 35","","","H. Transportasi dan Pergudangan","SBR"],
    ["76422","PELAYARAN LAKSITA ADITYA PARAMA","JL SUMATERA","prelist","MEDAN BELAWAN","BELAWAN II","LINGKUNGAN 42","","","H. Transportasi dan Pergudangan","SBR"],
    ["76428","DELTA TIGANA","JL.RIAU TIMUR NO.53, BELAWAN II","prelist","MEDAN BELAWAN","BELAWAN II","LINGKUNGAN 2","","","H. Transportasi dan Pergudangan","SBR"],
    ["76454","BERKAT SARANA DERMAGA MANDIRI","JL RAYA PELABUHAN I KP SALAM, BELAWAN II","prelist","MEDAN BELAWAN","BELAWAN BAHARI","LINGKUNGAN 12","","","H. Transportasi dan Pergudangan","SBR"],
    ["76459","BERKATNUGRAHA SINARLESTARI","JL PELABUHAN RAYA I","prelist","MEDAN BELAWAN","BELAWAN II","LINGKUNGAN 35","","","H. Transportasi dan Pergudangan","SBR"],
    ["76461","JAYDEN LINTAS SAMUDERA","JL P SAMOSIR LK IV","prelist","MEDAN BELAWAN","BELAWAN BAHARI","LINGKUNGAN 4","","","H. Transportasi dan Pergudangan","SBR"],
    ["76514","PBM BARUNA BERSAMA","JL CIMANUK NO 13","prelist","MEDAN BELAWAN","BELAWAN II","LINGKUNGAN 23","","","H. Transportasi dan Pergudangan","SBR"],
    ["76517","PERUSAHAAN BONGKAR MUAT GELORA PERKASA","JL RAYA PELABUHAN NO I B","prelist","MEDAN BELAWAN","BAGAN DELI","LINGKUNGAN 8","","","H. Transportasi dan Pergudangan","SBR"],
    ["76662","SWARNA SARANA SEJATI","JL. VETERAN NO 18, BELAWAN I","prelist","MEDAN BELAWAN","BELAWAN I","LINGKUNGAN 2","","","H. Transportasi dan Pergudangan","SBR"],
    ["76673","MAGNA JASA PELABUHAN","JL.SELEBES NO.25, BELAWAN II","prelist","MEDAN BELAWAN","BELAWAN II","LINGKUNGAN 37","","","H. Transportasi dan Pergudangan","SBR"],
    ["76730","DELI WAHANA SAKTI","JL.LANGKAT NO No.1-A, BELAWAN I","prelist","MEDAN BELAWAN","BELAWAN I","LINGKUNGAN 4","","","H. Transportasi dan Pergudangan","SBR"],
    ["76757","GO TRADING INDUSTRIES","LINGKUNGAN II GABION","prelist","MEDAN BELAWAN","BAGAN DELI","LINGKUNGAN 11","","","G. Perdagangan Besar dan Eceran, Reparasi Mobil dan Sepeda Motor","SBR"],
    ["76775","PARDIMPUAN SAKTI","JL.PULAU RUPAT NO.87 PEKAN LA , PEKAN LABUHAN","prelist","MEDAN BELAWAN","BELAWAN BAHARI","LINGKUNGAN 10","","","F. Konstruksi","SBR"],
    ["76826","FIONA","JL.CITANDUI BARAT NO.16, BELAWAN I","prelist","MEDAN BELAWAN","BELAWAN II","LINGKUNGAN 10","","","H. Transportasi dan Pergudangan","SBR"],
    ["76956","ANUGRAH LAUTAN INDAH","JL JAWA GANG V NO 13 D LINGKUNGAN XIV","prelist","MEDAN BELAWAN","BELAWAN II","LINGKUNGAN 9","","","H. Transportasi dan Pergudangan","SBR"],
    ["76969","INDOTERMINAL BELAWAN PERKASA","JL.UJUNG BARU DEPAN GUDANG 101, BELAWAN I","prelist","MEDAN BELAWAN","BELAWAN I","LINGKUNGAN 31","","","H. Transportasi dan Pergudangan","SBR"],
    ["76999","BELAWAN SUMBER KARGO SERVIS","JALAN SELEBES NOMOR 315","prelist","MEDAN BELAWAN","BELAWAN II","LINGKUNGAN 36","","","C. Industri Pengolahan","SBR"],
    ["77050","TWINS SUKSES ABADI","JL DELI NO 7","prelist","MEDAN BELAWAN","BELAWAN I","LINGKUNGAN 4","","","H. Transportasi dan Pergudangan","SBR"],
    ["77073","PELAYARAN NASIONAL MAGNA GEMA NUSANTARA","JL.SUMATERA NO.60 BELAWAN, BELAWAN I","prelist","MEDAN BELAWAN","BELAWAN I","LINGKUNGAN 2","","","H. Transportasi dan Pergudangan","SBR"],
    ["77190","DELI JAYA SAMUDERA","JL. RAYA PELABUHAN GABION","prelist","MEDAN BELAWAN","BELAWAN II","LINGKUNGAN 44","","","H. Transportasi dan Pergudangan","SBR"],
    ["77210","TK METHODIST-10 BELAWAN","TENGGIRI","prelist","MEDAN BELAWAN","BELAWAN I","LINGKUNGAN 24","","","P. Pendidikan","SBR"],
    ["77322","PAUD LUMBUNG BENIH GANDUM","JL. KELAPA LK. XIX","prelist","MEDAN BELAWAN","BELAWAN SICANANG","LINGKUNGAN 19","","","P. Pendidikan","SBR"],
    ["77340","SAMUDERA AGENCIES INDONESIA","JL. RAYA PELABUHAN","prelist","MEDAN BELAWAN","BELAWAN I","LINGKUNGAN 31","","","H. Transportasi dan Pergudangan","SBR"],
    ["77347","GERAKAN SEMESTA RAKYAT INDONESIA","SEI MATI LINGK 3 LOR 6","prelist","MEDAN BELAWAN","BAGAN DELI","LINGKUNGAN 10","","","S. Aktivitas Jasa Lainnya","SBR"],
    ["77564","PRIMA HUSADA CIPTA MEDAN","JL STASIUN BELAWAN LK XX","prelist","MEDAN BELAWAN","BELAWAN BAHAGIA","LINGKUNGAN 20","","","Q. Jasa Kesehatan dan Kegiatan Sosial","SBR"],
    ["77633","JAYA TRADE INDONESIA","JL RAYA ROAD III GABION BELAWAN","prelist","MEDAN BELAWAN","BAGAN DELI","LINGKUNGAN 11","","","G. Perdagangan Besar dan Eceran, Reparasi Mobil dan Sepeda Motor","SBR"],
    ["77646","GRAND BELAWAN FISHERIES","LINGKUNGAN II GABION","prelist","MEDAN BELAWAN","BAGAN DELI","LINGKUNGAN 11","","","G. Perdagangan Besar dan Eceran, Reparasi Mobil dan Sepeda Motor","SBR"],
    ["77769","CIPTA GLOBAL TEKNIK","JL. STASIUN LK. XIII","prelist","MEDAN BELAWAN","BELAWAN I","LINGKUNGAN 13","","","C. Industri Pengolahan","SBR"],
    ["77776","BREMAN JAYA","JL.TERUBUK NO.12, BELAWAN I","prelist","MEDAN BELAWAN","BELAWAN BAHAGIA","LINGKUNGAN 6","","","H. Transportasi dan Pergudangan","SBR"],
    ["77863","BELAWANDELI CHEMICAL INDUSTRY","JLN.PLTU P SICANANG LK 1","prelist","MEDAN BELAWAN","BELAWAN SICANANG","LINGKUNGAN 1","","","C. Industri Pengolahan","SBR"],
    ["77884","KELOMPOK KERJA GURU MATA PELAJARAN PENDIDIKAN AGAMA KRISTEN","JL. KAMPAR LINGK. VII","prelist","MEDAN BELAWAN","BELAWAN I","LINGKUNGAN 9","","","S. Aktivitas Jasa Lainnya","SBR"],
    ["77931","KODJA PERSERO CABANG BELAWAN","JL.SUMATERA NO.1, BELAWAN I","prelist","MEDAN BELAWAN","BELAWAN I","LINGKUNGAN 4","","","H. Transportasi dan Pergudangan","SBR"],
    ["77980","NAULY MET MET","JL. VETERAN LK. III","prelist","MEDAN BELAWAN","BELAWAN I","LINGKUNGAN 1","","","H. Transportasi dan Pergudangan","SBR"],
    ["78002","BALI VALUTAMA","JL.SUMATERA NO.107, BELAWAN I","prelist","MEDAN BELAWAN","BELAWAN I","LINGKUNGAN 2","","","K. Aktivitas Keuangan Dan Asuransi","SBR"],
    ["78106","GLOBAL FREEZING COMPANY","LINGKUNGAN II GABION","prelist","MEDAN BELAWAN","BAGAN DELI","LINGKUNGAN 11","","","G. Perdagangan Besar dan Eceran, Reparasi Mobil dan Sepeda Motor","SBR"],
    ["78137","KELOMPOK MASYARAKAT LINGKUNGAN CILEDUK","LORONG PAPAN LINGKUNGAN 28","prelist","MEDAN BELAWAN","BELAWAN I","LINGKUNGAN 2","","","F. Konstruksi","SBR"],
    ["78360","AGHRA PUTRA SEMESTA","JL JAWA GG V BELAWAN","prelist","MEDAN BELAWAN","BELAWAN II","LINGKUNGAN 9","","","G. Perdagangan Besar dan Eceran, Reparasi Mobil dan Sepeda Motor","SBR"],
    ["78389","HANJODES KARYA MANDIRI","LORONG PERHATIAN NO NO.47, BELAWAN I","prelist","MEDAN BELAWAN","BELAWAN I","LINGKUNGAN 16","","","F. Konstruksi","SBR"],
    ["78407","SELAT MALAKA FROZEN","KOMPLEK PELABUHAN PERIKANAN SAMUDRA BELAWAN","prelist","MEDAN BELAWAN","BAGAN DELI","LINGKUNGAN 11","","","G. Perdagangan Besar dan Eceran, Reparasi Mobil dan Sepeda Motor","SBR"],
    ["78418","PENDIDIKAN ANAK USIA DINI (PAUD) ICHSAN","JL. BESAR BAGAN DELI","prelist","MEDAN BELAWAN","BAGAN DELI","LINGKUNGAN 8","","","P. Pendidikan","SBR"],
    ["78599","ASSA BELAWAN","KOMPLEK PELABUHAN PERIKANAN GABION GUDANG 14 LK. XI","prelist","MEDAN BELAWAN","BAGAN DELI","LINGKUNGAN 11","","","G. Perdagangan Besar dan Eceran, Reparasi Mobil dan Sepeda Motor","SBR"],
    ["78674","PERUM PERIKANAN INDONESIA","JL GABION","prelist","MEDAN BELAWAN","BAGAN DELI","LINGKUNGAN 11","","","A. Pertanian, Kehutanan, dan Perikanan","SBR"],
    ["79072","KEBENARAN KASIH LUHUR (YAKEKAL)","JL MEDAN BELAWAN KM 20,5 MAKDEN LAMA","prelist","MEDAN BELAWAN","BELAWAN BAHARI","LINGKUNGAN 11","","","P. Pendidikan","SBR"],
    ["79132","GEREJA SEGALA BANGSA (GESBA) JEMAAT KURNIA","JL P HALMAHERA LK X BAHARI","prelist","MEDAN BELAWAN","BELAWAN BAHARI","LINGKUNGAN 11","","","S. Aktivitas Jasa Lainnya","SBR"],
    ["79150","TITIAN REZEKI SWALAYAN","JL.KAPT.R.SULIAN NO No.02, BELAWAN I","prelist","MEDAN BELAWAN","BELAWAN I","LINGKUNGAN 2","","","G. Perdagangan Besar dan Eceran, Reparasi Mobil dan Sepeda Motor","SBR"],
    ["79165","EMKL JANGKAR SAMUDRA","JL.SETASIUN LINK.STASIUN NO.10 , BELAWAN I","prelist","MEDAN BELAWAN","BELAWAN I","LINGKUNGAN 2","","","H. Transportasi dan Pergudangan","SBR"],
    ["79285","KEBENARAN KASIH LUHUR","JL. P NIAS LINGKUNGAN III","prelist","MEDAN BELAWAN","BELAWAN BAHARI","LINGKUNGAN 8","","","P. Pendidikan","SBR"],
    ["79297","GARDA PARAHIANGAN","JL GABION BELAWAN, BAGAN DELI","prelist","MEDAN BELAWAN","BAGAN DELI","LINGKUNGAN 11","","","G. Perdagangan Besar dan Eceran, Reparasi Mobil dan Sepeda Motor","SBR"],
    ["79401","MUARA DELI","JL.TM PAHLAWAN LINGKUNGAN 28 LORONG PAPAN BELAWAN I","prelist","MEDAN BELAWAN","BELAWAN I","LINGKUNGAN 31","","","F. Konstruksi","SBR"],
    ["79498","HENPES","JL KARO LK 04","prelist","MEDAN BELAWAN","BELAWAN I","LINGKUNGAN 4","","","N. Jasa Persewaan, Ketenagakerjaan, Agen Perjalanan, dan Jasa Pendukung","SBR"],
    ["79605","ANUGERAH CERIA BERSAMA","JLN. BERSAMA LINGKUNGAN 2 KELURAHAN BELAWAN SICANANG","prelist","MEDAN BELAWAN","BELAWAN SICANANG","LINGKUNGAN 2","","","S. Aktivitas Jasa Lainnya","SBR"],
    ["79634","SONG HO","JL.LK.XI GABION, BAGAN DELI","prelist","MEDAN BELAWAN","BAGAN DELI","LINGKUNGAN 11","","","H. Transportasi dan Pergudangan","SBR"],
    ["79838","SINAR LAUT","JL.SUMATERA NO.54, BELAWAN I","prelist","MEDAN BELAWAN","BELAWAN I","LINGKUNGAN 2","","","F. Konstruksi","SBR"],
    ["79840","TAMARIA","JL.SUMATERA NO.96, BELAWAN I","prelist","MEDAN BELAWAN","BELAWAN I","LINGKUNGAN 2","","","F. Konstruksi","SBR"],
    ["79979","RISKY MAJU BERSAMA","JALAN BENGKALIS","prelist","MEDAN BELAWAN","BELAWAN I","LINGKUNGAN 2","","","H. Transportasi dan Pergudangan","SBR"],
    ["80121","SADELI","JL.CISADANE NO.10 B BELAWAN, BELAWAN II","prelist","MEDAN BELAWAN","BELAWAN II","LINGKUNGAN 22","","","F. Konstruksi","SBR"],
    ["80123","HUMAYUN JABBAR EXPORTS","JALAN PULAU AMBON, LINGKUNGAN VII","prelist","MEDAN BELAWAN","BELAWAN BAHARI","LINGKUNGAN 11","","","H. Transportasi dan Pergudangan","SBR"],
    ["80167","PT JAYA HASIL LAUT","Jln.pelabuhan perikanan GABION","prelist","MEDAN BELAWAN","BELAWAN I","LINGKUNGAN 31","","","G. Perdagangan Besar dan Eceran, Reparasi Mobil dan Sepeda Motor","SBR"],
    ["80208","HAPSARI","JL SUMATRA NO 44 BELAWAN , BELAWAN I","prelist","MEDAN BELAWAN","BELAWAN I","LINGKUNGAN 1","","","F. Konstruksi","SBR"],
    ["80259","PELAYARAN SPECTRA TIRTASEGARALINE","JL. STASIUN LOR. DERMAWAN","prelist","MEDAN BELAWAN","BELAWAN I","LINGKUNGAN 13","","","H. Transportasi dan Pergudangan","SBR"],
    ["80284","MITRA SUKSES ABADI","JL.STATIUN NO.1 RT. 000 RW. 000","prelist","MEDAN BELAWAN","BELAWAN I","LINGKUNGAN 24","","","G. Perdagangan Besar dan Eceran, Reparasi Mobil dan Sepeda Motor","SBR"],
    ["80412","TOBA GENA UTAMA","JLN RAYA PELABUHAN GABION BELAWAN","prelist","MEDAN BELAWAN","BAGAN DELI","LINGKUNGAN 11","","","G. Perdagangan Besar dan Eceran, Reparasi Mobil dan Sepeda Motor","SBR"],
    ["80451","KARY. NELAYAN ASIA AGUNG","JL.CILIWUNG NO No. 25, BAGAN DELI","prelist","MEDAN BELAWAN","BAGAN DELI","LINGKUNGAN 8","","","G. Perdagangan Besar dan Eceran, Reparasi Mobil dan Sepeda Motor","SBR"],
    ["80538","RATA PRATAMA MONEY CHANGER","JL.SUMATERA NO.68, BELAWAN I","prelist","MEDAN BELAWAN","BELAWAN I","LINGKUNGAN 2","","","K. Aktivitas Keuangan Dan Asuransi","SBR"],
    ["80573","SAMUDERA TRANS JAYA ABADI","JL KAPTEN RADEN SULIAN KP SALAM SEJAHTERA","prelist","MEDAN BELAWAN","BELAWAN II","LINGKUNGAN 43","","","H. Transportasi dan Pergudangan","SBR"],
    ["80602","PAUD JASMIN KIDS","JL BAGAN DELI LORONG V VETERAN RT. 000 RW. 000","prelist","MEDAN BELAWAN","BAGAN DELI","LINGKUNGAN 8","","","P. Pendidikan","SBR"],
    ["80609","GEMILANG BINTANG UTARA","TAMAN LINGKUNGAN III","prelist","MEDAN BELAWAN","BELAWAN SICANANG","LINGKUNGAN 15","","","F. Konstruksi","SBR"],
    ["80634","JASA PRATAMA ABADI","JL KARO NO 9","prelist","MEDAN BELAWAN","BELAWAN I","LINGKUNGAN 4","","","H. Transportasi dan Pergudangan","SBR"],
    ["80698","BERKAH SUARA MEDAN","JL. KL YOS SUDARSO LINGKUNGAN 20","prelist","MEDAN BELAWAN","BELAWAN BAHAGIA","LINGKUNGAN 5","","","J. Informasi dan Komunikasi","SBR"],
    ["80753","LOTUS MITRA FURNINDO","JL. SUMATERA 39/40 LK I","prelist","MEDAN BELAWAN","BELAWAN I","LINGKUNGAN 1","","","G. Perdagangan Besar dan Eceran, Reparasi Mobil dan Sepeda Motor","SBR"],
    ["80767","RICO SEJAHTERA","JL CIAMIS TIMUR","prelist","MEDAN BELAWAN","BELAWAN II","LINGKUNGAN 12","","","H. Transportasi dan Pergudangan","SBR"],
    ["80824","BERKAH SEJATI UTAMA","LOR III VETERAN BAGAN DELI","prelist","MEDAN BELAWAN","BAGAN DELI","LINGKUNGAN 8","","","G. Perdagangan Besar dan Eceran, Reparasi Mobil dan Sepeda Motor","SBR"],
    ["80860","SARANA EXIM ABADI","JL. BANGKA BARAT","prelist","MEDAN BELAWAN","BELAWAN II","LINGKUNGAN 1","","","H. Transportasi dan Pergudangan","SBR"],
    ["80879","PRIMA PENGEMBANGAN KAWASAN","JL LINGKAR PELABUHAN GRHA PELINDO SATU LT 6B","prelist","MEDAN BELAWAN","BELAWAN II","LINGKUNGAN 44","","","N. Jasa Persewaan, Ketenagakerjaan, Agen Perjalanan, dan Jasa Pendukung","SBR"],
    ["80933","MAJELIS TA'LIM AL-MUKHLISHIN","MUJAHIR LINGKUNGAN I","prelist","MEDAN BELAWAN","BELAWAN BAHAGIA","LINGKUNGAN 8","","","S. Aktivitas Jasa Lainnya","SBR"],
    ["80948","SYAFIRA HANDALAN MANDIRI","JL. SERMA HANAFIAH","prelist","MEDAN BELAWAN","BELAWAN I","LINGKUNGAN 3","","","G. Perdagangan Besar dan Eceran, Reparasi Mobil dan Sepeda Motor","SBR"],
    ["81006","ARTHA INDO LOGISTIK PT","DELI LINGKUNGAN IV BELAWAN I","prelist","MEDAN BELAWAN","BELAWAN I","LINGKUNGAN 2","","","H. Transportasi dan Pergudangan","SBR"],
    ["81063","DEWI SUMBER REZEKI","JALAN JAWA GANG V NOMOR 1","prelist","MEDAN BELAWAN","BELAWAN II","LINGKUNGAN 9","","","G. Perdagangan Besar dan Eceran, Reparasi Mobil dan Sepeda Motor","SBR"],
    ["81095","ARTHA SAMUDRA KONTINDO","JL. RAYA PELABUHAN POS II ROAD VI UJUNG BARU BELAWAN MEDAN","prelist","MEDAN BELAWAN","BAGAN DELI","LINGKUNGAN 14","","","H. Transportasi dan Pergudangan","SBR"],
    ["81181","PRODUSEN MASYARAKAT BELAWAN BERSATU","JL SELEBES LINGKUNGAN 30","prelist","MEDAN BELAWAN","BELAWAN II","LINGKUNGAN 33","","","K. Aktivitas Keuangan Dan Asuransi","SBR"],
    ["81335","SUMATERA SARANA SEGARA","JL. DELI NO. 1 A","prelist","MEDAN BELAWAN","BELAWAN I","LINGKUNGAN 7","","","F. Konstruksi","SBR"],
    ["81355","BAHTERA AGRO WISATA","JL. T.M. PAHLAWAN NO. 3","prelist","MEDAN BELAWAN","BELAWAN I","LINGKUNGAN 14","","","I. Penyediaan Akomodasi dan Makan Minum","SBR"],
    ["81401","AJB BUMIPUTERA 1912 RAYON BELAWAN","JL. SUMATERA NO 29, BELAWAN I","prelist","MEDAN BELAWAN","BELAWAN I","LINGKUNGAN 1","","","K. Aktivitas Keuangan Dan Asuransi","SBR"],
    ["81404","AJB.BUMI PUTERA 1912","JL.SUMATERA NO NO.29, BELAWAN I","prelist","MEDAN BELAWAN","BELAWAN I","LINGKUNGAN 1","","","K. Aktivitas Keuangan Dan Asuransi","SBR"],
    ["81522","LEMBAGA PELATIHAN KERJA (LPK) MENTARI","JL. PULAU RUPAT LK. 26","prelist","MEDAN BELAWAN","BELAWAN BAHARI","LINGKUNGAN 8","","","P. Pendidikan","SBR"],
    ["81541","DELIMA PRATAMA","JL. DUYUNG LINGK. VII","prelist","MEDAN BELAWAN","BELAWAN BAHAGIA","LINGKUNGAN 7","","","P. Pendidikan","SBR"],
    ["81633","HADA SAMUDERA MARITIM","JL. KL YOS SUDARSO KM 20,5 LK. II","prelist","MEDAN BELAWAN","BELAWAN BAHARI","LINGKUNGAN 13","","","H. Transportasi dan Pergudangan","SBR"],
    ["81634","SAMODA RAYA BAHARI","JL. VETERAN","prelist","MEDAN BELAWAN","BELAWAN I","LINGKUNGAN 2","","","H. Transportasi dan Pergudangan","SBR"],
    ["81793","MITRA TSUNAMI MARINE","JL TM PAHLAWAN LOR PEMANCAR NO.100 BELAWAN-I","prelist","MEDAN BELAWAN","BELAWAN I","LINGKUNGAN 31","","","H. Transportasi dan Pergudangan","SBR"],
    ["81806","PELAYARAN LOKAL DEWI INDAHRAYA","JALAN SUMATERA","prelist","MEDAN BELAWAN","BELAWAN I","LINGKUNGAN 31","","","H. Transportasi dan Pergudangan","SBR"],
    ["81830","MULIA AGUNG","JL.SUMATERA NO.92 , BELAWAN I","prelist","MEDAN BELAWAN","BELAWAN II","LINGKUNGAN 43","","","F. Konstruksi","SBR"],
    ["81870","TRANS LOGISTIC EXPRESS","JL. SERMA HANAFIAH BELAWAN","prelist","MEDAN BELAWAN","BELAWAN I","LINGKUNGAN 3","","","H. Transportasi dan Pergudangan","SBR"],
    ["81900","PRIMKOPAL LANAL BELAWAN","JL.SERMA HANAFIAH BELAWAN, BELAWAN I","prelist","MEDAN BELAWAN","BELAWAN I","LINGKUNGAN 3","","","Q. Jasa Kesehatan dan Kegiatan Sosial","SBR"],
    ["81909","PER.NEGERI BINA CITRA KANWIL CUKAI","JL.ANGGAADA BELAWAN, BELAWAN I","prelist","MEDAN BELAWAN","BELAWAN I","LINGKUNGAN 31","","","K. Aktivitas Keuangan Dan Asuransi","SBR"],
    ["81941","KARYA MUTIARA","JL VETERAN P.23, BELAWAN I","prelist","MEDAN BELAWAN","BELAWAN I","LINGKUNGAN 2","","","F. Konstruksi","SBR"],
    ["82055","HOTEL DANAU TOBA INTERNATIONAL","JL GABION UJUNG BARU","prelist","MEDAN BELAWAN","BAGAN DELI","LINGKUNGAN 11","","","I. Penyediaan Akomodasi dan Makan Minum","SBR"],
    ["82073","WIRA WIRANDA","JL.INDRAPURA NO.6-A, BELAWAN I","prelist","MEDAN BELAWAN","BELAWAN I","LINGKUNGAN 4","","","G. Perdagangan Besar dan Eceran, Reparasi Mobil dan Sepeda Motor","SBR"],
    ["82147","METRO TEHNIK UTAMA","JL.SUMATERA NO.99 BELAWAN , BELAWAN I","prelist","MEDAN BELAWAN","BELAWAN I","LINGKUNGAN 31","","","F. Konstruksi","SBR"],
    ["82190","PUTRA KARYA","JL.SUMATERA NO No.39-A, BELAWAN I","prelist","MEDAN BELAWAN","BELAWAN I","LINGKUNGAN 1","","","F. Konstruksi","SBR"],
    ["82225","PENDIDIKAN KARYA BAHARI","JL. PENGHUBUGN III BELAWAN SICANANG","prelist","MEDAN BELAWAN","BELAWAN SICANANG","LINGKUNGAN 4","","","P. Pendidikan","SBR"],
    ["82234","CITRA","JL.SUMATERA NO.20 , BELAWAN I","prelist","MEDAN BELAWAN","BELAWAN I","LINGKUNGAN 2","","","F. Konstruksi","SBR"],
    ["82279","SYUKRENI HAWARI","JL.INDRAPURA NO.6-A, BELAWAN I","prelist","MEDAN BELAWAN","BELAWAN I","LINGKUNGAN 4","","","G. Perdagangan Besar dan Eceran, Reparasi Mobil dan Sepeda Motor","SBR"],
    ["82333","PERMATA GALIH PUTRA","JL. LANGKAT","prelist","MEDAN BELAWAN","BELAWAN I","LINGKUNGAN 4","","","G. Perdagangan Besar dan Eceran, Reparasi Mobil dan Sepeda Motor","SBR"],
    ["82364","TRANSUTA LINTAS SAMUDERA","JL SUMATERA NO 28 RT. 000 RW. 000","prelist","MEDAN BELAWAN","BELAWAN II","LINGKUNGAN 42","","","H. Transportasi dan Pergudangan","SBR"],
    ["82433","KARYAWAN P T PUPUK SRIWIJAYA","JL SULAWESI II, BELAWAN BAHAGIA","prelist","MEDAN BELAWAN","BELAWAN I","LINGKUNGAN 31","","","K. Aktivitas Keuangan Dan Asuransi","SBR"],
    ["82461","PENDIDIKAN AL IQRA BELAWAN","JL. PLTU NO.32","prelist","MEDAN BELAWAN","BELAWAN SICANANG","LINGKUNGAN 2","","","P. Pendidikan","SBR"],
    ["82484","CAHAYA PUTRA SUMATERA","JL. SUMATERA NO. 47 , BELAWAN I","prelist","MEDAN BELAWAN","BELAWAN I","LINGKUNGAN 1","","","F. Konstruksi","SBR"],
    ["82516","PRIMER KOPERASI KARTIKA JALA-JALA","JL ROKAN NO 21A RT. 0 RW. 0","prelist","MEDAN BELAWAN","BELAWAN I","LINGKUNGAN 7","","","K. Aktivitas Keuangan Dan Asuransi","SBR"],
    ["82526","SUNARKHO MEKAR JAYA ABADI","KOMPLEK PERIKANAN SAMUDERA BELAWAN LINGK XI GABLON","prelist","MEDAN BELAWAN","BAGAN DELI","LINGKUNGAN 11","","","G. Perdagangan Besar dan Eceran, Reparasi Mobil dan Sepeda Motor","SBR"],
    ["82630","PRIMKOPAL SATPOL AIRUD","JL.TM.PAHLAWAN, BELAWAN I","prelist","MEDAN BELAWAN","BELAWAN I","LINGKUNGAN 26","","","K. Aktivitas Keuangan Dan Asuransi","SBR"],
    ["82631","PRIMER KOPERASI ANGKATAN LAUT POLISI MILITER LANTAMAL I BLWN","JL.KAPTEN R.SULIAN NO NO.1, BELAWAN I","prelist","MEDAN BELAWAN","BELAWAN I","LINGKUNGAN 31","","","K. Aktivitas Keuangan Dan Asuransi","SBR"],
    ["82666","TELESINDO SHOP","JL VETERAN NO 56 LINGKUNGAN 2, BELAWAN I","prelist","MEDAN BELAWAN","BELAWAN I","LINGKUNGAN 1","","","G. Perdagangan Besar dan Eceran, Reparasi Mobil dan Sepeda Motor","SBR"],
    ["82710","PRIMA CONTAINER UTAMA","JL SELEBES LK XXXVII","prelist","MEDAN BELAWAN","BELAWAN II","LINGKUNGAN 33","","","G. Perdagangan Besar dan Eceran, Reparasi Mobil dan Sepeda Motor","SBR"],
    ["82722","REZEKI BERKAH BERSAMA","JL KARO NO 8A","prelist","MEDAN BELAWAN","BELAWAN I","LINGKUNGAN 4","","","H. Transportasi dan Pergudangan","SBR"],
    ["82778","PBM EKA PERDANA","JLN KARO NO 17, BELAWAN I","prelist","MEDAN BELAWAN","BELAWAN I","LINGKUNGAN 4","","","H. Transportasi dan Pergudangan","SBR"],
    ["82780","PELABUHAN-I CAB.BELAWAN UNITUSAHA JASA KONSTRUKSI","JL.SUMATERA NO.1, BELAWAN I","prelist","MEDAN BELAWAN","BELAWAN I","LINGKUNGAN 31","","","H. Transportasi dan Pergudangan","SBR"],
    ["82800","BAHARI SANDI PRATAMA","JL. SUMATERA NO.104","prelist","MEDAN BELAWAN","BELAWAN I","LINGKUNGAN 2","","","H. Transportasi dan Pergudangan","SBR"],
    ["82805","SARANARAYA REKACIPTA","JL. ROAD 3 GABION PELABUHAN BELAWAN BAGAN DELI - MEDAN BELAWAN","prelist","MEDAN BELAWAN","BAGAN DELI","LINGKUNGAN 11","","","G. Perdagangan Besar dan Eceran, Reparasi Mobil dan Sepeda Motor","SBR"],
    ["82807","PEDULI RAKYAT MISKIN & YATIM PIATU","JL.SULAWESI II NO NO.1, BELAWAN I","prelist","MEDAN BELAWAN","BELAWAN I","LINGKUNGAN 31","","","S. Aktivitas Jasa Lainnya","SBR"],
    ["82856","UMRI RAHMATUL HIDAYAH","LOR. MESJID LING. IV BAGAN DELI","prelist","MEDAN BELAWAN","BAGAN DELI","LINGKUNGAN 8","","","P. Pendidikan","SBR"],
    ["83031","SAMUDERA AGUNG SENTOSA","JALAN SELEBES GG. CILIWUNG NO.10","prelist","MEDAN BELAWAN","BELAWAN II","LINGKUNGAN 16","","","G. Perdagangan Besar dan Eceran, Reparasi Mobil dan Sepeda Motor","SBR"],
    ["83157","LABORA JAYA","JL.VETERAN NO.32, BELAWAN I","prelist","MEDAN BELAWAN","BELAWAN I","LINGKUNGAN 2","","","F. Konstruksi","SBR"],
    ["83161","BERJAYA USAHA SAKTI","JL LINGKUNGAN XI GABION","prelist","MEDAN BELAWAN","BAGAN DELI","LINGKUNGAN 11","","","G. Perdagangan Besar dan Eceran, Reparasi Mobil dan Sepeda Motor","SBR"],
    ["83215","MASJID MUHAMMAD AL FALAH","LORONG UJUNG TANJUNG II","prelist","MEDAN BELAWAN","BAGAN DELI","LINGKUNGAN 8","","","S. Aktivitas Jasa Lainnya","SBR"],
    ["83216","KELOMPOK USAHA BERSAMA (KUBE) SEJATI JAYA","BLOK XV","prelist","MEDAN BELAWAN","BELAWAN SICANANG","LINGKUNGAN 11","","","S. Aktivitas Jasa Lainnya","SBR"],
    ["83264","CITA KARYA AGUNG","JL TAMAN MAKAM PAHLAWAN NO 61","prelist","MEDAN BELAWAN","BELAWAN I","LINGKUNGAN 25","","","G. Perdagangan Besar dan Eceran, Reparasi Mobil dan Sepeda Motor","SBR"],
    ["83285","YUWIMAL EXPRES JASATAMA","JL SELEBES","prelist","MEDAN BELAWAN","BELAWAN II","LINGKUNGAN 33","","","H. Transportasi dan Pergudangan","SBR"],
    ["83324","FITRI AL ISLAMI","LOR. MESJID BAGAN DELI","prelist","MEDAN BELAWAN","BAGAN DELI","LINGKUNGAN 8","","","P. Pendidikan","SBR"],
    ["83371","GLOBAL JALISARINA ANTARTIKA","JL. CILACAP TIMUR NO.12-B BELAWAN","prelist","MEDAN BELAWAN","BELAWAN II","LINGKUNGAN 44","","","G. Perdagangan Besar dan Eceran, Reparasi Mobil dan Sepeda Motor","SBR"],
    ["83460","MITRA ISTANA FURNINDO","JL. VETERAN","prelist","MEDAN BELAWAN","BELAWAN I","LINGKUNGAN 2","","","G. Perdagangan Besar dan Eceran, Reparasi Mobil dan Sepeda Motor","SBR"],
    ["83603","PERUSAHAAN LISTRIK NEGARA (PERSERO)","JL PLTU PULAU SICANANG","prelist","MEDAN BELAWAN","BELAWAN SICANANG","LINGKUNGAN 1","","","D. Pengadaan Listrik, Gas, Uap/Air Panas, dan Udara Dingin","SBR"],
    ["83622","PEGAWAI NEGERI PENGUSAHA BELA","JL VETERAN 178, BELAWAN I","prelist","MEDAN BELAWAN","BELAWAN I","LINGKUNGAN 2","","","K. Aktivitas Keuangan Dan Asuransi","SBR"],
    ["83627","JASA KEUANGAN SYARIAH UKHUWAH","JL.SUMATERA NO No.113, BELAWAN I","prelist","MEDAN BELAWAN","BELAWAN I","LINGKUNGAN 31","","","K. Aktivitas Keuangan Dan Asuransi","SBR"],
    ["83637","BAHTERA CAHAYA NUSANTARA","JL GABION KOMPLEK PELABUHAN PERIKANAN SAMUDERA BELAWAN","prelist","MEDAN BELAWAN","BAGAN DELI","LINGKUNGAN 11","","","G. Perdagangan Besar dan Eceran, Reparasi Mobil dan Sepeda Motor","SBR"],
    ["83761","MAJU UTAMA","JL.SUMATERA NO.101 , BELAWAN I","prelist","MEDAN BELAWAN","BELAWAN I","LINGKUNGAN 31","","","F. Konstruksi","SBR"],
    ["83776","SERBA USAHA MINA ABADI","JL. PELABUHAN PERIKANAN SAMUDERA BELAWAN LK. XI, BAGAN DELI","prelist","MEDAN BELAWAN","BAGAN DELI","LINGKUNGAN 11","","","K. Aktivitas Keuangan Dan Asuransi","SBR"],
    ["83815","TRISULA TEGUH BERJAYA","JL.SELEBES G CILIWUNG NO.10","prelist","MEDAN BELAWAN","BELAWAN II","LINGKUNGAN 20","","","C. Industri Pengolahan","SBR"],
    ["83902","ASTA KERAMASAN ENERGI","JL. PLTU","prelist","MEDAN BELAWAN","BELAWAN SICANANG","LINGKUNGAN 1","","","D. Pengadaan Listrik, Gas, Uap/Air Panas, dan Udara Dingin","SBR"],
    ["83904","KARYAWAN NAGA PUTRI","KOMPLEK PLN JL PULAU SICANANG","prelist","MEDAN BELAWAN","BELAWAN SICANANG","LINGKUNGAN 1","","","K. Aktivitas Keuangan Dan Asuransi","SBR"],
    ["83936","NASIONAL RIANI","JL. SEMBILANG PAJAK BARU MEDAN BELAWAN","prelist","MEDAN BELAWAN","BELAWAN BAHAGIA","LINGKUNGAN 13","","","P. Pendidikan","SBR"],
    ["83938","DIRGA NUSANTARA TRANS","JL VETERAN","prelist","MEDAN BELAWAN","BELAWAN I","LINGKUNGAN 2","","","H. Transportasi dan Pergudangan","SBR"],
    ["83962","SELAYAR UTAMA MANDIRI","JL.KL.YOS SUDARSO KM.20,5 NO.2 RT.000 RW.000, BELAWAN BAHARI","prelist","MEDAN BELAWAN","BELAWAN BAHARI","LINGKUNGAN 13","","","H. Transportasi dan Pergudangan","SBR"],
    ["83986","ANDRA NATA SAMUDRA","JL.CILACAP TIMUR NO.3A RT. 000 RW. 000","prelist","MEDAN BELAWAN","BELAWAN II","LINGKUNGAN 9","","","H. Transportasi dan Pergudangan","SBR"],
    ["84007","PEGAWAI NEGERI ADHYAKSAKEJAKSAAN NEGERI BELAWAN","JL SUMATERA NO 115","prelist","MEDAN BELAWAN","BELAWAN I","LINGKUNGAN 31","","","Q. Jasa Kesehatan dan Kegiatan Sosial","SBR"],
    ["84052","LINTANG NUSA GARA","JL.KARO NO No.17, BELAWAN I","prelist","MEDAN BELAWAN","BELAWAN I","LINGKUNGAN 4","","","H. Transportasi dan Pergudangan","SBR"],
    ["84103","PENDIDIKAN ISLAM AL NAQSA","JL. PANCING GG. MANGGIS LK. IV","prelist","MEDAN BELAWAN","BELAWAN I","LINGKUNGAN 2","","","P. Pendidikan","SBR"],
    ["84133","TERATAI NEGERI SUKAVATI","JL.SUMATERA NO.110 A DALAM BELAWAN, BELAWAN I","prelist","MEDAN BELAWAN","BELAWAN II","LINGKUNGAN 43","","","F. Konstruksi","SBR"],
    ["84136","WIJAYA SERVICE","LORONG STASIUN LK XIV, BELAWAN I","prelist","MEDAN BELAWAN","BELAWAN I","LINGKUNGAN 14","","","G. Perdagangan Besar dan Eceran, Reparasi Mobil dan Sepeda Motor","SBR"],
    ["84186","SAMUDRA JAYA TEHNIK","JL.SUMATERA NO.38 , BELAWAN I","prelist","MEDAN BELAWAN","BELAWAN I","LINGKUNGAN 1","","","F. Konstruksi","SBR"],
    ["84193","BUMI KHATULISTIWA BRAVO MANDIRI","ALU-ALU LINGKUNGAN XVIII","prelist","MEDAN BELAWAN","BELAWAN BAHAGIA","LINGKUNGAN 18","","","G. Perdagangan Besar dan Eceran, Reparasi Mobil dan Sepeda Motor","SBR"],
    ["84196","JAYA FISH GEMILANG","JL PELABUHAN PERIKANAN LK XI GABION GUDANG ATLANTIK","prelist","MEDAN BELAWAN","BAGAN DELI","LINGKUNGAN 12","","","G. Perdagangan Besar dan Eceran, Reparasi Mobil dan Sepeda Motor","SBR"],
    ["84320","PENDIDIKAN ISLAM HABIBUL AZZAM","SERMA HANAFIAH, LINGKUNGAN I","prelist","MEDAN BELAWAN","BELAWAN I","LINGKUNGAN 3","","","P. Pendidikan","SBR"],
    ["84395","PULO LATONG JAYA","JL. DELI NO.7","prelist","MEDAN BELAWAN","BELAWAN I","LINGKUNGAN 4","","","H. Transportasi dan Pergudangan","SBR"],
    ["84417","ARIOS","JL. SUMATERA LINGK. I","prelist","MEDAN BELAWAN","BELAWAN I","LINGKUNGAN 31","","","G. Perdagangan Besar dan Eceran, Reparasi Mobil dan Sepeda Motor","SBR"],
    ["84496","KARYA MANDIRI BELAWAN","JL. RAYA PELABUHAN GABION NO 1, BAGAN DELI","prelist","MEDAN BELAWAN","BELAWAN II","LINGKUNGAN 43","","","G. Perdagangan Besar dan Eceran, Reparasi Mobil dan Sepeda Motor","SBR"],
    ["84612","PENDIRIAN KOPERASI SIMPAN PINJAM NELAYAN SEJAHTERA BERSAMA","BLOK 13 ,LINGK XI","prelist","MEDAN BELAWAN","BELAWAN SICANANG","LINGKUNGAN 11","","","K. Aktivitas Keuangan Dan Asuransi","SBR"],
    ["84660","ADIL MANDIRI","JL.CIAMIS BARAT LK-11 NO No.8, BELAWAN II","prelist","MEDAN BELAWAN","BELAWAN II","LINGKUNGAN 11","","","G. Perdagangan Besar dan Eceran, Reparasi Mobil dan Sepeda Motor","SBR"],
    ["84700","UNIT DESA KARYA BAKTI","JL.GULAMA NO.26 BLOK.XV , BELAWAN I","prelist","MEDAN BELAWAN","BELAWAN BAHAGIA","LINGKUNGAN 15","","","K. Aktivitas Keuangan Dan Asuransi","SBR"],
    ["84755","CREDIT UNION HARAPAN KITA","JL.MEDAN BELAWAN KM.20,5 NO NO.2 AB, BELAWAN BAHARI","prelist","MEDAN BELAWAN","BELAWAN BAHARI","LINGKUNGAN 13","","","K. Aktivitas Keuangan Dan Asuransi","SBR"],
    ["84788","APING LENY LEYN","JL DELI NO 2 BELAWAN RT. - RW. -","prelist","MEDAN BELAWAN","BELAWAN I","LINGKUNGAN 4","","","H. Transportasi dan Pergudangan","SBR"],
    ["84838","TERANG BULAN","JL DELI NO 2 BELAWAN RT. - RW. -","prelist","MEDAN BELAWAN","BELAWAN I","LINGKUNGAN 4","","","H. Transportasi dan Pergudangan","SBR"],
    ["84878","BELAWAN MEMBANGUN","TAMBAK LOR. BANDENG TIMUR","prelist","MEDAN BELAWAN","BELAWAN SICANANG","LINGKUNGAN 15","","","G. Perdagangan Besar dan Eceran, Reparasi Mobil dan Sepeda Motor","SBR"],
    ["84921","SEJAHTERA PRIMA MANDIRI","JL DELI LK IV","prelist","MEDAN BELAWAN","BELAWAN I","LINGKUNGAN 4","","","H. Transportasi dan Pergudangan","SBR"],
    ["84937","PENDIDIKAN NURUL HIKMAH","JL. LORONG KEJU LK I","prelist","MEDAN BELAWAN","BELAWAN II","LINGKUNGAN 44","","","P. Pendidikan","SBR"],
    ["85091","BAHARI","JL. PUSARA BLOK B LK. IX","prelist","MEDAN BELAWAN","BELAWAN SICANANG","LINGKUNGAN 9","","","K. Aktivitas Keuangan Dan Asuransi","SBR"],
    ["85187","SINAR HASIL LAUT","LINGKUNGAN XI GABION PERIKANAN SAMUDRA BELAWAN","prelist","MEDAN BELAWAN","BAGAN DELI","LINGKUNGAN 8","","","G. Perdagangan Besar dan Eceran, Reparasi Mobil dan Sepeda Motor","SBR"],
    ["85219","ABDI UTAMA ENTERPRISE","JL.SUMATERA NO.48 , BELAWAN I","prelist","MEDAN BELAWAN","BELAWAN I","LINGKUNGAN 1","","","G. Perdagangan Besar dan Eceran, Reparasi Mobil dan Sepeda Motor","SBR"],
    ["85298","TOYO MAHARDHIKA","JL. DELI NO. 3 , BELAWAN II","prelist","MEDAN BELAWAN","BELAWAN II","LINGKUNGAN 44","","","G. Perdagangan Besar dan Eceran, Reparasi Mobil dan Sepeda Motor","SBR"],
    ["85441","TK AISYIYAH BUSTANUL ATHFAL NO.2","BENGKALIS NO. 20, BELAWAN I","prelist","MEDAN BELAWAN","BELAWAN I","LINGKUNGAN 3","","","P. Pendidikan","SBR"],
    ["85458","MITRA JAYA","JL GULAMA NO 11 LK XV RT. 000 RW. 000","prelist","MEDAN BELAWAN","BELAWAN BAHAGIA","LINGKUNGAN 15","","","G. Perdagangan Besar dan Eceran, Reparasi Mobil dan Sepeda Motor","SBR"],
    ["85574","MADWIN CORPORATION","JL.DELI NO NO.15, BELAWAN I","prelist","MEDAN BELAWAN","BELAWAN I","LINGKUNGAN 4","","","G. Perdagangan Besar dan Eceran, Reparasi Mobil dan Sepeda Motor","SBR"],
    ["85761","SENDANG LIMO","JL.BLITON NO.69, BELAWAN II","prelist","MEDAN BELAWAN","BELAWAN II","LINGKUNGAN 6","","","G. Perdagangan Besar dan Eceran, Reparasi Mobil dan Sepeda Motor","SBR"],
    ["85773","ATHOTAMA BELAWAN JAYA","JL T. M. PAHLAWAN LK. 24","prelist","MEDAN BELAWAN","BELAWAN I","LINGKUNGAN 31","","","H. Transportasi dan Pergudangan","SBR"],
    ["85799","SOON HO","JL.GABION NUSANTARA BELAWAN, BAGAN DELI","prelist","MEDAN BELAWAN","BAGAN DELI","LINGKUNGAN 11","","","G. Perdagangan Besar dan Eceran, Reparasi Mobil dan Sepeda Motor","SBR"],
    ["85873","SARANA JASA PELABUHAN","JL.SELEBES NO No.367, BELAWAN II","prelist","MEDAN BELAWAN","BELAWAN II","LINGKUNGAN 33","","","G. Perdagangan Besar dan Eceran, Reparasi Mobil dan Sepeda Motor","SBR"],
    ["85912","RA AL-ILMAN","JL. TM PAHLAWAN NO. 7 LK. 13","prelist","MEDAN BELAWAN","BELAWAN I","LINGKUNGAN 13","","","P. Pendidikan","SBR"],
    ["85999","PRIMER KOPERASI NELAYAN INDONESIA MEDAN","JL. PELABUHAN PERIKANAN SAMUDERA BELAWAN LK. XI, BAGAN DELI","prelist","MEDAN BELAWAN","BAGAN DELI","LINGKUNGAN 11","","","K. Aktivitas Keuangan Dan Asuransi","SBR"],
    ["86097","BUDI MULYA","JL.JAWA NO.10 , BELAWAN I","prelist","MEDAN BELAWAN","BELAWAN II","LINGKUNGAN 28","","","H. Transportasi dan Pergudangan","SBR"],
    ["86127","PELAYARAN TRI DAYA LAJU","JL. VETERAN PONDOK X LK. 3","prelist","MEDAN BELAWAN","BELAWAN I","LINGKUNGAN 3","","","H. Transportasi dan Pergudangan","SBR"],
    ["86144","LAUTAN KEJORA ABADI","JL LINGKUNGAN XI GABION","prelist","MEDAN BELAWAN","BAGAN DELI","LINGKUNGAN 11","","","G. Perdagangan Besar dan Eceran, Reparasi Mobil dan Sepeda Motor","SBR"],
    ["86168","JAYA ABADI","JL PELABUHAN RAYA - BELAWAN","prelist","MEDAN BELAWAN","BELAWAN II","LINGKUNGAN 35","","","N. Jasa Persewaan, Ketenagakerjaan, Agen Perjalanan, dan Jasa Pendukung","SBR"],
    ["86175","SERBA USAHA REZEKI KERANG","JL. KARO NO.1-F","prelist","MEDAN BELAWAN","BELAWAN I","LINGKUNGAN 4","","","G. Perdagangan Besar dan Eceran, Reparasi Mobil dan Sepeda Motor","SBR"],
    ["86247","FRANA GLOBALINDO","JL KARO NO 19, BELAWAN I","prelist","MEDAN BELAWAN","BELAWAN I","LINGKUNGAN 4","","","G. Perdagangan Besar dan Eceran, Reparasi Mobil dan Sepeda Motor","SBR"],
    ["86273","PANCA INTI PERKASA","JL.BANGKA TIMUR NO.14, BELAWAN II","prelist","MEDAN BELAWAN","BELAWAN II","LINGKUNGAN 4","","","H. Transportasi dan Pergudangan","SBR"],
    ["86353","UTAMA SELAMAT KARYASETIA","JL.RAYA PELABUHAN II NO NO.1 C, BELAWAN II","prelist","MEDAN BELAWAN","BELAWAN II","LINGKUNGAN 44","","","H. Transportasi dan Pergudangan","SBR"],
    ["86379","SURYA MITRA HASINDO","JL RIAU TIMUR NO 53","prelist","MEDAN BELAWAN","BELAWAN II","LINGKUNGAN 2","","","G. Perdagangan Besar dan Eceran, Reparasi Mobil dan Sepeda Motor","SBR"],
    ["86419","ANDIKA NAULI","JL.BAGAN DELI LK.XVI NO No.06, BAGAN DELI","prelist","MEDAN BELAWAN","BAGAN DELI","LINGKUNGAN 8","","","G. Perdagangan Besar dan Eceran, Reparasi Mobil dan Sepeda Motor","SBR"],
    ["86501","DORIC PRATAMA","JL JAWA GANG VI NO 11 RT. - RW. -","prelist","MEDAN BELAWAN","BELAWAN II","LINGKUNGAN 9","","","G. Perdagangan Besar dan Eceran, Reparasi Mobil dan Sepeda Motor","SBR"],
    ["86530","BELAWAN KAMPAR JAYA","JL SELEBES NO 23, BELAWAN II","prelist","MEDAN BELAWAN","BELAWAN II","LINGKUNGAN 37","","","G. Perdagangan Besar dan Eceran, Reparasi Mobil dan Sepeda Motor","SBR"],
    ["86561","MULTILOGISTIK ASIARICH INDONESIA","JALAN STASIUN NOMOR 8 MEDAN","prelist","MEDAN BELAWAN","BELAWAN II","LINGKUNGAN 44","","","G. Perdagangan Besar dan Eceran, Reparasi Mobil dan Sepeda Motor","SBR"],
    ["86668","MUTIARA MAJU WISATA","JL. STASIUN DEPAN GUDANG MERAH","prelist","MEDAN BELAWAN","BELAWAN I","LINGKUNGAN 19","","","N. Jasa Persewaan, Ketenagakerjaan, Agen Perjalanan, dan Jasa Pendukung","SBR"],
    ["86678","PRODUSEN BERSATU BANGUN BELAWAN","JL CIKAMPEK GANG 13","prelist","MEDAN BELAWAN","BELAWAN II","LINGKUNGAN 22","","","K. Aktivitas Keuangan Dan Asuransi","SBR"],
    ["86767","MARINE SEJAHTERA ABADI","JL TAMAN MAKAM PAHLAWAN LINGK 13 SUNDARI BELAWAN","prelist","MEDAN BELAWAN","BELAWAN I","LINGKUNGAN 26","","","C. Industri Pengolahan","SBR"],
    ["86855","WINDUKARSA YASA JASA","JL.TAMAN MAKAM PAHLAWAN NO No.3 A RW.1, BELAWAN I","prelist","MEDAN BELAWAN","BELAWAN I","LINGKUNGAN 26","","","H. Transportasi dan Pergudangan","SBR"],
    ["86882","SUMATRA MADYA JAYA","JL TENGGIRI NO. 7A LINGK. II, BELAWAN BAHAGIA","prelist","MEDAN BELAWAN","BELAWAN BAHAGIA","LINGKUNGAN 2","","","H. Transportasi dan Pergudangan","SBR"],
    ["86907","CITRA BINTANG PARSINDO","JL. DELI NO.2, BELAWAN I","prelist","MEDAN BELAWAN","BELAWAN I","LINGKUNGAN 4","","","H. Transportasi dan Pergudangan","SBR"],
    ["86913","WULANDARI","JL. GABION PERIKANAN BELAWAN","prelist","MEDAN BELAWAN","BAGAN DELI","LINGKUNGAN 11","","","G. Perdagangan Besar dan Eceran, Reparasi Mobil dan Sepeda Motor","SBR"],
    ["86939","ADMIRAL LINES","JL RAYA PELABUHAN II BELAWAN II","prelist","MEDAN BELAWAN","BELAWAN II","LINGKUNGAN 44","","","N. Jasa Persewaan, Ketenagakerjaan, Agen Perjalanan, dan Jasa Pendukung","SBR"],
    ["86965","PT BANK MUAMALAT INDONESIA TBK","JL SUMATERA NO 44 BELAWAN RT. 000 RW. 000","prelist","MEDAN BELAWAN","BELAWAN I","LINGKUNGAN 1","","","K. Aktivitas Keuangan Dan Asuransi","SBR"],
    ["87156","BAHARI HALUANSAMUDRA","JL.VETERAN 196 BELAWAN I, BELAWAN I","prelist","MEDAN BELAWAN","BELAWAN I","LINGKUNGAN 4","","","H. Transportasi dan Pergudangan","SBR"],
    ["87252","AZTEK","JL.SELEBES NO.309, BELAWAN II","prelist","MEDAN BELAWAN","BELAWAN II","LINGKUNGAN 19","","","G. Perdagangan Besar dan Eceran, Reparasi Mobil dan Sepeda Motor","SBR"],
    ["87391","SINAR MAS AGRO RESOURCES AND TECHNOLOGY TBK. (PT. SMART TBK)","JL BELMERA BARU III","prelist","MEDAN BELAWAN","BELAWAN II","LINGKUNGAN 44","","","C. Industri Pengolahan","SBR"],
    ["87480","SALIM IVOMAS PRATAMA, TBK.","JL.UJUNG BARU DEPAN KADE 105, BELAWAN I","prelist","MEDAN BELAWAN","BELAWAN I","LINGKUNGAN 31","","","C. Industri Pengolahan","SBR"],
    ["87551","BINTANG KHATULISTIWA","JL. CILIWUNG NO.25, BELAWAN II","prelist","MEDAN BELAWAN","BELAWAN II","LINGKUNGAN 20","","","G. Perdagangan Besar dan Eceran, Reparasi Mobil dan Sepeda Motor","SBR"],
    ["87589","MITHA TIRTA WIJAYA","JL.RAYA PELABUHAN II NO No.1C, BELAWAN I","prelist","MEDAN BELAWAN","BELAWAN II","LINGKUNGAN 44","","","H. Transportasi dan Pergudangan","SBR"],
    ["87603","AUREOLE","JL.BANGKA TIMUR NO NO. 112, BELAWAN II","prelist","MEDAN BELAWAN","BELAWAN II","LINGKUNGAN 4","","","M. Jasa Profesional, Ilmiah, dan Teknis","SBR"],
    ["87627","JASA PENGANGKUTAN ANUGRAH","JL. JAWA GG. V NO. 13 D LK. XIV","prelist","MEDAN BELAWAN","BELAWAN II","LINGKUNGAN 9","","","N. Jasa Persewaan, Ketenagakerjaan, Agen Perjalanan, dan Jasa Pendukung","SBR"],
    ["87632","SAUDARA LESTARI","JL.CIREBON NO.7 BELAWAN II, BELAWAN II","prelist","MEDAN BELAWAN","BELAWAN II","LINGKUNGAN 24","","","G. Perdagangan Besar dan Eceran, Reparasi Mobil dan Sepeda Motor","SBR"],
    ["87651","KARYAWAN CITRA BAHARI(YAYASANBEA SISWA CAAIP CAB.MEDAN","JL.KARO NO.4, BELAWAN I","prelist","MEDAN BELAWAN","BELAWAN I","LINGKUNGAN 2","","","G. Perdagangan Besar dan Eceran, Reparasi Mobil dan Sepeda Motor","SBR"],
    ["87666","FORMABEM","JL. CIKAMPEK / JAWA GG. VI","prelist","MEDAN BELAWAN","BELAWAN II","LINGKUNGAN 23","","","G. Perdagangan Besar dan Eceran, Reparasi Mobil dan Sepeda Motor","SBR"],
    ["87669","PERKUMPULAN PENGURUSAN TRANSPORTASI LOGISTIK PELABUHAN INDONESIA","JL INDRAPURA LK 04","prelist","MEDAN BELAWAN","BELAWAN I","LINGKUNGAN 4","","","S. Aktivitas Jasa Lainnya","SBR"],
    ["87691","SILO JAYA","JL. SERDANG NO. 8 LK. VII","prelist","MEDAN BELAWAN","BELAWAN I","LINGKUNGAN 5","","","N. Jasa Persewaan, Ketenagakerjaan, Agen Perjalanan, dan Jasa Pendukung","SBR"],
    ["87762","AL - FATHIN BELAWAN","JL. CILIWUNG NO 20 RT.000 RW.000, BELAWAN II","prelist","MEDAN BELAWAN","BELAWAN II","LINGKUNGAN 20","","","Q. Jasa Kesehatan dan Kegiatan Sosial","SBR"],
    ["87804","REKASAMYA DINAMIKA CAB.MEDAN","JL.PAHLAWAN NO.31 BELAWAN, BELAWAN I","prelist","MEDAN BELAWAN","BELAWAN I","LINGKUNGAN 19","","","M. Jasa Profesional, Ilmiah, dan Teknis","SBR"],
    ["87809","PERUSAHAAN PELAYARAN MELDA JAYA","JL STASIUN LORONG DERMAWAN","prelist","MEDAN BELAWAN","BELAWAN I","LINGKUNGAN 23","","","H. Transportasi dan Pergudangan","SBR"],
    ["87843","SUPRA RAJAWALI","JL.SUMATERA NO NO.103, BELAWAN I","prelist","MEDAN BELAWAN","BELAWAN I","LINGKUNGAN 2","","","A. Pertanian, Kehutanan, dan Perikanan","SBR"],
    ["87875","PENDIDIKAN RAUDHATUL JANNAH","JL TM PAHLAWAN NO 7 LK 13, BELAWAN I","prelist","MEDAN BELAWAN","BELAWAN I","LINGKUNGAN 13","","","P. Pendidikan","SBR"],
    ["87895","BAHARI PIRAMID MAS","JL. BELANAK LK. XVII","prelist","MEDAN BELAWAN","BELAWAN BAHAGIA","LINGKUNGAN 16","","","H. Transportasi dan Pergudangan","SBR"],
    ["87905","SEKAR MULIA UTAMA","JL. RAYA PELABUHAN II","prelist","MEDAN BELAWAN","BELAWAN II","LINGKUNGAN 44","","","G. Perdagangan Besar dan Eceran, Reparasi Mobil dan Sepeda Motor","SBR"],
    ["87927","DEPTA JAYA PRATAMA","LORONG PAHLAWAN NO. 178 LK. 19","prelist","MEDAN BELAWAN","BELAWAN I","LINGKUNGAN 19","","","G. Perdagangan Besar dan Eceran, Reparasi Mobil dan Sepeda Motor","SBR"],
    ["87967","NUSANTARA MAS","JL SULAWESI II UJUNG BARU, BELAWAN I","prelist","MEDAN BELAWAN","BELAWAN I","LINGKUNGAN 31","","","C. Industri Pengolahan","SBR"],
    ["87984","DELI ABADI JAYA","JL SELEBES LK XXXVII BELAWAN","prelist","MEDAN BELAWAN","BELAWAN II","LINGKUNGAN 30","","","H. Transportasi dan Pergudangan","SBR"],
    ["88093","PACIFIC PALMINDO INDUSTRI","JL.SELAT LAUT NO NO.99 - S, BELAWAN I","prelist","MEDAN BELAWAN","BELAWAN I","LINGKUNGAN 31","","","C. Industri Pengolahan","SBR"],
    ["88137","MEDIA BUANA PAGI","BLOK 13 LINGKUNGAN X SICANANG","prelist","MEDAN BELAWAN","BELAWAN SICANANG","LINGKUNGAN 11","","","J. Informasi dan Komunikasi","SBR"],
    ["88150","SUCOFINDO","JL ANGGADA NO NO.1, BELAWAN I","prelist","MEDAN BELAWAN","BELAWAN I","LINGKUNGAN 2","","","M. Jasa Profesional, Ilmiah, dan Teknis","SBR"],
    ["88184","BUANA KARYA LANGGENG","JL.GABION","prelist","MEDAN BELAWAN","BAGAN DELI","LINGKUNGAN 11","","","D. Pengadaan Listrik, Gas, Uap/Air Panas, dan Udara Dingin","SBR"],
    ["88232","PERUSAHAAN PELAYARAN EKAWIRASWADAYA ABADI","JL STASIUN","prelist","MEDAN BELAWAN","BELAWAN I","LINGKUNGAN 13","","","H. Transportasi dan Pergudangan","SBR"],
    ["88255","PUTRA SUMATERA JAYA","JL DELI NO 14 LINGK 4, BELAWAN I","prelist","MEDAN BELAWAN","BELAWAN I","LINGKUNGAN 4","","","G. Perdagangan Besar dan Eceran, Reparasi Mobil dan Sepeda Motor","SBR"],
    ["88270","SEALAND SAMUDRA","JL. TAMAN MAKAM PAHLAWAN LR. PISANG, BELAWAN I","prelist","MEDAN BELAWAN","BELAWAN I","LINGKUNGAN 26","","","F. Konstruksi","SBR"],
    ["88337","UTAMA SELAMAT JAYA LINE","JL.RAYA PELABUHAN","prelist","MEDAN BELAWAN","BELAWAN BAHARI","LINGKUNGAN 12","","","H. Transportasi dan Pergudangan","SBR"],
    ["88425","MUARA PRIMA PERKASA","JL DELI NO 2 LK IV BELAWAN","prelist","MEDAN BELAWAN","BELAWAN I","LINGKUNGAN 31","","","G. Perdagangan Besar dan Eceran, Reparasi Mobil dan Sepeda Motor","SBR"],
    ["88436","SERBA USAHA BANDAR","JL.MUJAHIR NO NO.4, BELAWAN I","prelist","MEDAN BELAWAN","BELAWAN BAHAGIA","LINGKUNGAN 1","","","G. Perdagangan Besar dan Eceran, Reparasi Mobil dan Sepeda Motor","SBR"],
    ["88473","SINAR PUTRA MANDIRI","Jln TM. Pahlawan no 29","prelist","MEDAN BELAWAN","BELAWAN I","LINGKUNGAN 25","","","H. Transportasi dan Pergudangan","SBR"],
    ["88512","PERKUMPULAN ARTAJAYA","RUMAH KOMPOS DAN BANK SAMPAH SICANANG. JL. KELAPA NO. 2 BLOK 21 LINK. 19","prelist","MEDAN BELAWAN","BELAWAN SICANANG","LINGKUNGAN 19","","","E. Pengadaan Air, Pengelolaan Sampah, Limbah, dan Daur Ulang","SBR"],
    ["88530","AKR TRANSPORTASI INDONESIA","JL. ROAD III GABION","prelist","MEDAN BELAWAN","BAGAN DELI","LINGKUNGAN 8","","","N. Jasa Persewaan, Ketenagakerjaan, Agen Perjalanan, dan Jasa Pendukung","SBR"],
    ["88684","BUANA MANDIRI","JL TM PAHLAWAN NO 61 RT. 000 RW. 000","prelist","MEDAN BELAWAN","BELAWAN I","LINGKUNGAN 25","","","S. Aktivitas Jasa Lainnya","SBR"],
    ["88708","PERUSAHAAN BONGKAR MUAT BUDI KARYA JATI","JL VETERAN","prelist","MEDAN BELAWAN","BELAWAN I","LINGKUNGAN 1","","","H. Transportasi dan Pergudangan","SBR"],
    ["88720","AL JAMIYATUL WASHLIYAH","JL STASIUN LORONG PERSAUDARAAN","prelist","MEDAN BELAWAN","BELAWAN I","LINGKUNGAN 20","","","P. Pendidikan","SBR"],
    ["88756","BIMA SAKTI SEJAHTERA","JL. SUAR UJUNG BARU","prelist","MEDAN BELAWAN","BELAWAN I","LINGKUNGAN 31","","","G. Perdagangan Besar dan Eceran, Reparasi Mobil dan Sepeda Motor","SBR"],
    ["88829","PUTRA DHARMA","JL.VETERAN NO NO.11-E, BELAWAN I","prelist","MEDAN BELAWAN","BELAWAN I","LINGKUNGAN 4","","","G. Perdagangan Besar dan Eceran, Reparasi Mobil dan Sepeda Motor","SBR"],
    ["88839","SATRIA JAYA TEHNIK","JL.PLN NO.18, BELAWAN BAHAGIA","prelist","MEDAN BELAWAN","BELAWAN BAHAGIA","LINGKUNGAN 8","","","G. Perdagangan Besar dan Eceran, Reparasi Mobil dan Sepeda Motor","SBR"],
    ["88885","KURNIA ALAM PERKASA","JL.HIU LK.MUJAHIR NO No.61, BELAWAN BAHAGIA","prelist","MEDAN BELAWAN","BELAWAN BAHAGIA","LINGKUNGAN 8","","","G. Perdagangan Besar dan Eceran, Reparasi Mobil dan Sepeda Motor","SBR"],
    ["88888","TERMINAL LIQUID BELAWAN","JL. UJUNG BARU PELABUHAN BELAWAN","prelist","MEDAN BELAWAN","BELAWAN I","LINGKUNGAN 31","","","H. Transportasi dan Pergudangan","SBR"],
    ["88992","RIZKITA ABADI","JL. SELEBES","prelist","MEDAN BELAWAN","BELAWAN II","LINGKUNGAN 33","","","G. Perdagangan Besar dan Eceran, Reparasi Mobil dan Sepeda Motor","SBR"],
    ["89049","PASIAT MARTUA","JL.SUMATERA NO NO.94, BELAWAN I","prelist","MEDAN BELAWAN","BELAWAN II","LINGKUNGAN 43","","","H. Transportasi dan Pergudangan","SBR"],
    ["89071","FATMA","JL. TM PAHLAWAN SUNDARI LK 13 P","prelist","MEDAN BELAWAN","BELAWAN I","LINGKUNGAN 13","","","G. Perdagangan Besar dan Eceran, Reparasi Mobil dan Sepeda Motor","SBR"],
    ["89095","ANSONI BUMI PERKASA","JL.SUMATERA NO.2, BELAWAN II","prelist","MEDAN BELAWAN","BELAWAN II","LINGKUNGAN 41","","","G. Perdagangan Besar dan Eceran, Reparasi Mobil dan Sepeda Motor","SBR"],
    ["89123","DERIA PRIMA","JL STASIUN LOR ABADI LK 22","prelist","MEDAN BELAWAN","BELAWAN I","LINGKUNGAN 22","","","G. Perdagangan Besar dan Eceran, Reparasi Mobil dan Sepeda Motor","SBR"],
    ["89130","PRIMA JAYA","JL.VETERAN NO No.11E, BELAWAN I","prelist","MEDAN BELAWAN","BELAWAN I","LINGKUNGAN 4","","","G. Perdagangan Besar dan Eceran, Reparasi Mobil dan Sepeda Motor","SBR"],
    ["89332","PRIMKOPAL SATROL LANTAMAL I","JL BENGKALIS","prelist","MEDAN BELAWAN","BELAWAN I","LINGKUNGAN 4","","","G. Perdagangan Besar dan Eceran, Reparasi Mobil dan Sepeda Motor","SBR"],
    ["89357","NELAYAN SELAT MALAKA","JL. PELABUHAN PERIKANAN GABION NO.45","prelist","MEDAN BELAWAN","BELAWAN I","LINGKUNGAN 31","","","G. Perdagangan Besar dan Eceran, Reparasi Mobil dan Sepeda Motor","SBR"],
    ["89407","MASA HARAPAN NUSANTARA","JL.BANGUNAN BARU NO.6, BAGAN DELI","prelist","MEDAN BELAWAN","BAGAN DELI","LINGKUNGAN 8","","","F. Konstruksi","SBR"],
    ["89411","KING JASA","JL STASIUN NO 131, BELAWAN I","prelist","MEDAN BELAWAN","BELAWAN I","LINGKUNGAN 13","","","S. Aktivitas Jasa Lainnya","SBR"],
    ["89430","NAFAS MARINDO UTAMA","JL PELABUHAN II","prelist","MEDAN BELAWAN","BELAWAN II","LINGKUNGAN 44","","","G. Perdagangan Besar dan Eceran, Reparasi Mobil dan Sepeda Motor","SBR"],
    ["89488","SUKSES ANANDA","JL KELAPA BLOK 21 NO 1242","prelist","MEDAN BELAWAN","BELAWAN SICANANG","LINGKUNGAN 14","","","G. Perdagangan Besar dan Eceran, Reparasi Mobil dan Sepeda Motor","SBR"],
    ["89501","ARENAS BONIA PRIMA","JL VETERAN","prelist","MEDAN BELAWAN","BELAWAN I","LINGKUNGAN 2","","","C. Industri Pengolahan","SBR"],
    ["89521","CV SAMUDRA MANDIRI UTAMA","JL SERDANG P 12 BELAWAN","prelist","MEDAN BELAWAN","BELAWAN I","LINGKUNGAN 31","","","C. Industri Pengolahan","SBR"],
    ["89527","BAROKAH JAYA BERJAYA","JALAN PELABUHAN RAYA NOMOR 41","prelist","MEDAN BELAWAN","BELAWAN II","LINGKUNGAN 43","","","H. Transportasi dan Pergudangan","SBR"],
    ["89589","LAUTAN INDAH SEJAHTERA","JL DELI LK IV","prelist","MEDAN BELAWAN","BELAWAN I","LINGKUNGAN 4","","","H. Transportasi dan Pergudangan","SBR"],
    ["89616","DIAN MUTIARA LESTARI BELAWAN","JL SERMA HANAFIAH","prelist","MEDAN BELAWAN","BELAWAN I","LINGKUNGAN 3","","","G. Perdagangan Besar dan Eceran, Reparasi Mobil dan Sepeda Motor","SBR"],
    ["89679","AULIA ABADI","JL.VETERAN NO.2, BELAWAN I","prelist","MEDAN BELAWAN","BELAWAN I","LINGKUNGAN 1","","","G. Perdagangan Besar dan Eceran, Reparasi Mobil dan Sepeda Motor","SBR"],
    ["89737","SENTOSA MANDIRI","KP SENTOSA TIMUR LINGKUNGAN XVIII RT. 000 RW. 000","prelist","MEDAN BELAWAN","BELAWAN SICANANG","LINGKUNGAN 19","","","S. Aktivitas Jasa Lainnya","SBR"],
    ["89766","KUDA LAUT SAKTI","JL.JAWA NO.7 , BELAWAN I","prelist","MEDAN BELAWAN","BELAWAN II","LINGKUNGAN 12","","","G. Perdagangan Besar dan Eceran, Reparasi Mobil dan Sepeda Motor","SBR"],
    ["89823","KARUNIA CAHAYA","JL VETERAN NO. 11-B RT. 000 RW. 000","prelist","MEDAN BELAWAN","BELAWAN I","LINGKUNGAN 4","","","G. Perdagangan Besar dan Eceran, Reparasi Mobil dan Sepeda Motor","SBR"],
    ["89985","ARTHA TRANS DJAYA","JL. SELEBES","prelist","MEDAN BELAWAN","BELAWAN II","LINGKUNGAN 33","","","H. Transportasi dan Pergudangan","SBR"],
    ["90016","KARYA VALENTINE","JL CIMANUK BARU NO 23 BELAWAN II","prelist","MEDAN BELAWAN","BELAWAN II","LINGKUNGAN 23","","","G. Perdagangan Besar dan Eceran, Reparasi Mobil dan Sepeda Motor","SBR"],
    ["90019","MITRA ABADI","JL PULAU SAMOSIR","prelist","MEDAN BELAWAN","BELAWAN BAHARI","LINGKUNGAN 4","","","G. Perdagangan Besar dan Eceran, Reparasi Mobil dan Sepeda Motor","SBR"],
    ["90082","RINDU SEJATI","JL CIMAHI TIMUR","prelist","MEDAN BELAWAN","BELAWAN II","LINGKUNGAN 15","","","G. Perdagangan Besar dan Eceran, Reparasi Mobil dan Sepeda Motor","SBR"],
    ["90104","SUMBER JAYA MARINE SERVICE","JL PULAU TERNATE LINGK V BAHARI NO. 40 RT. 000 RW. 000","prelist","MEDAN BELAWAN","BELAWAN BAHARI","LINGKUNGAN 5","","","S. Aktivitas Jasa Lainnya","SBR"],
    ["90218","PERGURUAN NASRANI HKBP BELAWAN II","JL STASIUN LORONG PERSAUDARAAN RT. 000 RW. 000","prelist","MEDAN BELAWAN","BELAWAN I","LINGKUNGAN 20","","","S. Aktivitas Jasa Lainnya","SBR"],
    ["90324","WALI AMANAT","JALAN BANGKA BARAT NO. 36 RT. 000 RW. 000","prelist","MEDAN BELAWAN","BELAWAN II","LINGKUNGAN 1","","","G. Perdagangan Besar dan Eceran, Reparasi Mobil dan Sepeda Motor","SBR"],
    ["90360","PUTRA BAHARI","JL TM PAHLAWAN NO 61","prelist","MEDAN BELAWAN","BELAWAN I","LINGKUNGAN 25","","","G. Perdagangan Besar dan Eceran, Reparasi Mobil dan Sepeda Motor","SBR"],
    ["90754","MITRA USAHA","JL GULAMA NO 11 LK XV RT. 000 RW. 000","prelist","MEDAN BELAWAN","BELAWAN BAHAGIA","LINGKUNGAN 15","","","G. Perdagangan Besar dan Eceran, Reparasi Mobil dan Sepeda Motor","SBR"],
    ["90761","DAGMAR TEKNIK","JLN RAYA PELABUHAN BELAWAN","prelist","MEDAN BELAWAN","BAGAN DELI","LINGKUNGAN 9","","","G. Perdagangan Besar dan Eceran, Reparasi Mobil dan Sepeda Motor","SBR"],
    ["90762","MITRA KENCANA","JL.KARO NO No.8, BELAWAN I","prelist","MEDAN BELAWAN","BELAWAN I","LINGKUNGAN 4","","","G. Perdagangan Besar dan Eceran, Reparasi Mobil dan Sepeda Motor","SBR"],
    ["90855","KARUNIA SEJAHTERA","LORONG PERHATIAN NO 10 LK 16 RT. 000 RW. 000","prelist","MEDAN BELAWAN","BELAWAN I","LINGKUNGAN 16","","","S. Aktivitas Jasa Lainnya","SBR"],
    ["90958","ANDALAS MITRA SAMUDRA","JL.VETERAN NO.198 , BELAWAN I","prelist","MEDAN BELAWAN","BELAWAN I","LINGKUNGAN 4","","","H. Transportasi dan Pergudangan","SBR"],
    ["90969","ANUGERAH SAMUDERA","JL LORONG PERHATIAN NO 10 LINGKUNGAN 16 RT. 000 RW. 000","prelist","MEDAN BELAWAN","BELAWAN I","LINGKUNGAN 16","","","S. Aktivitas Jasa Lainnya","SBR"],
    ["90981","PENDIDIKAN ANAK USIA DINI (PAUD) KALAM AR-RIDHO","LORONG UJUNG TANJUNG 2 LK.15, BAGAN DELI","prelist","MEDAN BELAWAN","BAGAN DELI","LINGKUNGAN 15","","","P. Pendidikan","SBR"],
    ["91021","KEPEDULIAN PENDIDIKAN ANAK NELAYAN","JL BESAR BAGAN DELI","prelist","MEDAN BELAWAN","BAGAN DELI","LINGKUNGAN 8","","","Q. Jasa Kesehatan dan Kegiatan Sosial","SBR"],
    ["91034","T K B M PELABUHAN BELAWAN (UPAYA KARYA)","JL MINYAK","prelist","MEDAN BELAWAN","BELAWAN II","LINGKUNGAN 44","","","H. Transportasi dan Pergudangan","SBR"],
    ["91079","MITRA BERSAMA","LORONG PERHATIAN NO NO.47, BELAWAN I","prelist","MEDAN BELAWAN","BELAWAN I","LINGKUNGAN 16","","","G. Perdagangan Besar dan Eceran, Reparasi Mobil dan Sepeda Motor","SBR"],
    ["91141","MANTRA RAJA","JLN. TM PAHLAWAN LORONG PISANG BELAWAN","prelist","MEDAN BELAWAN","BELAWAN I","LINGKUNGAN 26","","","G. Perdagangan Besar dan Eceran, Reparasi Mobil dan Sepeda Motor","SBR"],
    ["91493","ALASKA PERMAI","JL. CIMANUK BARU","prelist","MEDAN BELAWAN","BELAWAN II","LINGKUNGAN 44","","","G. Perdagangan Besar dan Eceran, Reparasi Mobil dan Sepeda Motor","SBR"],
    ["91539","TAMAN BETA BELAWAN","JL SUMATERA LK.XLIII","prelist","MEDAN BELAWAN","BELAWAN I","LINGKUNGAN 31","","","A. Pertanian, Kehutanan, dan Perikanan","SBR"],
    ["91570","SYAFIRA MITRA MANDIRI","JL SERMA HANAFIAH NO 1-A","prelist","MEDAN BELAWAN","BELAWAN I","LINGKUNGAN 1","","","G. Perdagangan Besar dan Eceran, Reparasi Mobil dan Sepeda Motor","SBR"],
    ["91589","ABADI JAYA 09","JL GABION","prelist","MEDAN BELAWAN","BAGAN DELI","LINGKUNGAN 11","","","G. Perdagangan Besar dan Eceran, Reparasi Mobil dan Sepeda Motor","SBR"],
    ["91623","MARITIM SEJAHTERA JAYA","JL PERUM PELABUHAN PERIKANAN LINGK XI GABION","prelist","MEDAN BELAWAN","BAGAN DELI","LINGKUNGAN 11","","","G. Perdagangan Besar dan Eceran, Reparasi Mobil dan Sepeda Motor","SBR"],
    ["91721","MULTI SARANA AGUNG","JL.CIBATU NO No.13 A, BELAWAN II","prelist","MEDAN BELAWAN","BELAWAN II","LINGKUNGAN 34","","","N. Jasa Persewaan, Ketenagakerjaan, Agen Perjalanan, dan Jasa Pendukung","SBR"],
    ["91786","BERKAT JAYA","JL. RIAU NO 48, BELAWAN II","prelist","MEDAN BELAWAN","BELAWAN II","LINGKUNGAN 2","","","G. Perdagangan Besar dan Eceran, Reparasi Mobil dan Sepeda Motor","SBR"],
    ["91794","TICA FIZ MANDIRI","JL. SELEBES GG.09 NO.5A","prelist","MEDAN BELAWAN","BELAWAN II","LINGKUNGAN 18","","","G. Perdagangan Besar dan Eceran, Reparasi Mobil dan Sepeda Motor","SBR"],
    ["91848","SAKHA ZAHRAZHRD THAMBT","JL CIANJUR","prelist","MEDAN BELAWAN","BELAWAN II","LINGKUNGAN 16","","","G. Perdagangan Besar dan Eceran, Reparasi Mobil dan Sepeda Motor","SBR"],
    ["91850","JAYA MAKMUR SENTOSA","JL. K. L. YOS SUDARSO KM. 21,5 LK. VII","prelist","MEDAN BELAWAN","BELAWAN BAHARI","LINGKUNGAN 2","","","G. Perdagangan Besar dan Eceran, Reparasi Mobil dan Sepeda Motor","SBR"],
    ["91923","WIDI KARYA","JL.BANGKA BARAT NO No.40, BELAWAN II","prelist","MEDAN BELAWAN","BELAWAN II","LINGKUNGAN 1","","","G. Perdagangan Besar dan Eceran, Reparasi Mobil dan Sepeda Motor","SBR"],
    ["91999","KARYAWAN ORGANDA KARYA WAHANACAKTI DPC ORG.KHUSUS PEL.BLWN","JL.SUMATERA NO.80, BELAWAN I","prelist","MEDAN BELAWAN","BELAWAN II","LINGKUNGAN 43","","","G. Perdagangan Besar dan Eceran, Reparasi Mobil dan Sepeda Motor","SBR"],
    ["92105","SUBUR TANAH KITA","JALAN BUNGA NOMOR: 123","prelist","MEDAN BELAWAN","BELAWAN II","LINGKUNGAN 41","","","H. Transportasi dan Pergudangan","SBR"],
    ["92144","MULIA CARGO","JL T M PAHLAWAN LK 25","prelist","MEDAN BELAWAN","BELAWAN I","LINGKUNGAN 26","","","G. Perdagangan Besar dan Eceran, Reparasi Mobil dan Sepeda Motor","SBR"],
    ["92327","NAILA JAYA","JL. STASIUN LOR. KESENIAN LK. 18","prelist","MEDAN BELAWAN","BELAWAN I","LINGKUNGAN 18","","","H. Transportasi dan Pergudangan","SBR"],
    ["92366","ANUGRAH SINAR LOGISTIK","JL CIPANAS NO.16 D LANTAI II GG. VIII LK. XVII","prelist","MEDAN BELAWAN","BELAWAN II","LINGKUNGAN 44","","","H. Transportasi dan Pergudangan","SBR"],
    ["92399","ARTHA GUNA MANDIRI","JL.CIMAHI TIMUR NO No.20, BELAWAN II","prelist","MEDAN BELAWAN","BELAWAN II","LINGKUNGAN 15","","","G. Perdagangan Besar dan Eceran, Reparasi Mobil dan Sepeda Motor","SBR"],
    ["92482","PENDIDIKAN HURIA KRISTEN BATAK PROTESTAN BELAWAN SATU","JL DELI","prelist","MEDAN BELAWAN","BELAWAN I","LINGKUNGAN 4","","","P. Pendidikan","SBR"],
    ["92644","ALDI PRATAMA JAYA","LORONG SENTOSA BELAWAN NO NO.4A, BELAWAN I","prelist","MEDAN BELAWAN","BELAWAN I","LINGKUNGAN 31","","","G. Perdagangan Besar dan Eceran, Reparasi Mobil dan Sepeda Motor","SBR"],
    ["92679","RIZKY UTAMA TEKNIK","JL.INDRAPURA NO.19 , BELAWAN I","prelist","MEDAN BELAWAN","BELAWAN I","LINGKUNGAN 4","","","G. Perdagangan Besar dan Eceran, Reparasi Mobil dan Sepeda Motor","SBR"],
    ["92824","LEMBAGA KURSUS PELATIHAN (LKP) LEMBAYUNG","JL. PULAU RUPAT LINGK. 26","prelist","MEDAN BELAWAN","BELAWAN BAHARI","LINGKUNGAN 8","","","P. Pendidikan","SBR"],
    ["92845","NAGA SEJAHTERA LESTARI","JALAN DONDONG NOMOR 108 LINGKUNGAN IX BELAWAN","prelist","MEDAN BELAWAN","BELAWAN BAHAGIA","LINGKUNGAN 12","","","H. Transportasi dan Pergudangan","SBR"],
    ["92875","PERUSAHAAN ANGKUTAN DARAT SAMUDERA PERDANA","SAMUDERA LOGISTICS CENTRE JL.RAYA PELABUHAN GABION","prelist","MEDAN BELAWAN","BAGAN DELI","LINGKUNGAN 8","","","H. Transportasi dan Pergudangan","SBR"],
    ["92889","MANDIRI KARYA","JL.VETERAN NO.2-A, BELAWAN I","prelist","MEDAN BELAWAN","BELAWAN I","LINGKUNGAN 1","","","G. Perdagangan Besar dan Eceran, Reparasi Mobil dan Sepeda Motor","SBR"],
    ["93028","AMNURYSTA","JL.BAWAL NO.15, BELAWAN I","prelist","MEDAN BELAWAN","BELAWAN BAHAGIA","LINGKUNGAN 19","","","G. Perdagangan Besar dan Eceran, Reparasi Mobil dan Sepeda Motor","SBR"],
    ["93092","BERKAH PUTRA MELAYU","JL. BAWAL LK. XIX","prelist","MEDAN BELAWAN","BELAWAN BAHAGIA","LINGKUNGAN 19","","","G. Perdagangan Besar dan Eceran, Reparasi Mobil dan Sepeda Motor","SBR"],
    ["93094","NADDIANDA MARITIM","JL GEROPAH LK VIII","prelist","MEDAN BELAWAN","BAGAN DELI","LINGKUNGAN 8","","","G. Perdagangan Besar dan Eceran, Reparasi Mobil dan Sepeda Motor","SBR"],
    ["93163","GUNUNG TALANG","JL.INDRAPURA NO.6-A, BELAWAN I","prelist","MEDAN BELAWAN","BELAWAN I","LINGKUNGAN 2","","","G. Perdagangan Besar dan Eceran, Reparasi Mobil dan Sepeda Motor","SBR"],
    ["93183","BAHTERA CITRA PERDANA","JL. SELEBES NO No. 389, BELAWAN II","prelist","MEDAN BELAWAN","BELAWAN II","LINGKUNGAN 33","","","G. Perdagangan Besar dan Eceran, Reparasi Mobil dan Sepeda Motor","SBR"],
    ["93240","JAYA KHALA","JL MUJAHIR LINGK I, BELAWAN BAHAGIA","prelist","MEDAN BELAWAN","BELAWAN BAHAGIA","LINGKUNGAN 1","","","G. Perdagangan Besar dan Eceran, Reparasi Mobil dan Sepeda Motor","SBR"],
    ["93306","FAJAR HARAPAN","JL.BANGKA TIMUR NO.10, BELAWAN I","prelist","MEDAN BELAWAN","BELAWAN II","LINGKUNGAN 4","","","G. Perdagangan Besar dan Eceran, Reparasi Mobil dan Sepeda Motor","SBR"],
    ["93310","KARYAWAN BELAWAN LOGISTIC CENTER (KOPKAR BLC)","JL. RAYA PELABUHAN GABION POS- II ROAD VI UJUNG BA RT.000 RW.000, BAGAN DELI","prelist","MEDAN BELAWAN","BAGAN DELI","LINGKUNGAN 11","","","G. Perdagangan Besar dan Eceran, Reparasi Mobil dan Sepeda Motor","SBR"],
    ["93519","KARYA AGUNG","JL SUMATERA NO 12 , BELAWAN I","prelist","MEDAN BELAWAN","BELAWAN I","LINGKUNGAN 1","","","G. Perdagangan Besar dan Eceran, Reparasi Mobil dan Sepeda Motor","SBR"],
    ["93593","LESTARI JAYA MANDIRI","JL.TM.PAHLAWAN NO No.29, BELAWAN I","prelist","MEDAN BELAWAN","BELAWAN I","LINGKUNGAN 25","","","G. Perdagangan Besar dan Eceran, Reparasi Mobil dan Sepeda Motor","SBR"],
    ["93616","GRAHA SEGARA","JL RAYA PELABUHAN GABION LK XII","prelist","MEDAN BELAWAN","BAGAN DELI","LINGKUNGAN 11","","","N. Jasa Persewaan, Ketenagakerjaan, Agen Perjalanan, dan Jasa Pendukung","SBR"],
    ["93631","PUTRA CANANG","JL PLTU PULAU SICANANG NO 18","prelist","MEDAN BELAWAN","BELAWAN SICANANG","LINGKUNGAN 1","","","G. Perdagangan Besar dan Eceran, Reparasi Mobil dan Sepeda Motor","SBR"],
    ["93718","PUTRA PRIBUMI UTAMA","JL. DELI NO No. 2, BELAWAN I","prelist","MEDAN BELAWAN","BELAWAN I","LINGKUNGAN 4","","","G. Perdagangan Besar dan Eceran, Reparasi Mobil dan Sepeda Motor","SBR"],
    ["93751","PANGERAN MAJU","JL KOMPLEK PELABUHAN PERIKANAN SAMUDERA BELAWAN","prelist","MEDAN BELAWAN","BAGAN DELI","LINGKUNGAN 11","","","A. Pertanian, Kehutanan, dan Perikanan","SBR"],
    ["93788","LION JAYA PERKASA","JL KLY SUDARSO KM 20","prelist","MEDAN BELAWAN","BELAWAN BAHARI","LINGKUNGAN 13","","","G. Perdagangan Besar dan Eceran, Reparasi Mobil dan Sepeda Motor","SBR"],
    ["93806","SURYA PUTRA UTAMA","JL. TERUMBUK NO. 12 LK. VIII RT.000 RW.000, BELAWAN BAHAGIA","prelist","MEDAN BELAWAN","BELAWAN BAHAGIA","LINGKUNGAN 6","","","G. Perdagangan Besar dan Eceran, Reparasi Mobil dan Sepeda Motor","SBR"],
    ["93816","PERMATA LIMA CARGO INTERNASIONAL","JL.BUNGA NO No.125, BELAWAN II","prelist","MEDAN BELAWAN","BELAWAN II","LINGKUNGAN 41","","","G. Perdagangan Besar dan Eceran, Reparasi Mobil dan Sepeda Motor","SBR"],
    ["93819","SERBA USAHA ADIL MAKMUR","JL.STASIUN LK VIII NO No.99, BELAWAN BAHAGIA","prelist","MEDAN BELAWAN","BELAWAN I","LINGKUNGAN 13","","","G. Perdagangan Besar dan Eceran, Reparasi Mobil dan Sepeda Motor","SBR"],
    ["93836","BAROSA PRATAMA","JL. TALANG LK. VII, BELAWAN BAHAGIA","prelist","MEDAN BELAWAN","BELAWAN BAHAGIA","LINGKUNGAN 6","","","F. Konstruksi","SBR"],
    ["94012","HAGA","JL SELAR NO 60 A BELAWAN BAHAGIA","prelist","MEDAN BELAWAN","BELAWAN BAHAGIA","LINGKUNGAN 11","","","G. Perdagangan Besar dan Eceran, Reparasi Mobil dan Sepeda Motor","SBR"],
    ["94135","KAWAN SEJATI ABADI","JL. SUMATERA","prelist","MEDAN BELAWAN","BELAWAN I","LINGKUNGAN 1","","","G. Perdagangan Besar dan Eceran, Reparasi Mobil dan Sepeda Motor","SBR"],
    ["94476","LASKAR PEDAL INDONESIA","JL. SUMATERA","prelist","MEDAN BELAWAN","BELAWAN I","LINGKUNGAN 1","","","P. Pendidikan","SBR"],
    ["94507","PIRMA DONA","DONDONG LK IX NO 18/19, BELAWAN BAHAGIA","prelist","MEDAN BELAWAN","BELAWAN BAHAGIA","LINGKUNGAN 10","","","G. Perdagangan Besar dan Eceran, Reparasi Mobil dan Sepeda Motor","SBR"],
    ["94538","NELAYAN HARAPAN","JL.BAWAL LINGKUNGAN 19 PAJAK BARU","prelist","MEDAN BELAWAN","BELAWAN BAHAGIA","LINGKUNGAN 19","","","F. Konstruksi","SBR"],
    ["94603","BIJIN KUMITA MUTIARA","JL HIU NO 28 RT. 000 RW. 000","prelist","MEDAN BELAWAN","BELAWAN BAHAGIA","LINGKUNGAN 2","","","L. Real Estat","SBR"],
    ["94763","VANESSA GRACE","JL. SELEBES LK. XXXIV","prelist","MEDAN BELAWAN","BELAWAN II","LINGKUNGAN 33","","","G. Perdagangan Besar dan Eceran, Reparasi Mobil dan Sepeda Motor","SBR"],
    ["94836","PUTRI LAUT INDONESIA","JL.GABION PERIKANAN","prelist","MEDAN BELAWAN","BAGAN DELI","LINGKUNGAN 11","","","G. Perdagangan Besar dan Eceran, Reparasi Mobil dan Sepeda Motor","SBR"],
    ["95024","IMEI VALAS","JL.SUMATERA NO No.23, BELAWAN I","prelist","MEDAN BELAWAN","BELAWAN I","LINGKUNGAN 1","","","K. Aktivitas Keuangan Dan Asuransi","SBR"],
    ["95030","SUMBER TEKNIK BELAWAN","JL SELEBES, BELAWAN II","prelist","MEDAN BELAWAN","BELAWAN II","LINGKUNGAN 33","","","G. Perdagangan Besar dan Eceran, Reparasi Mobil dan Sepeda Motor","SBR"],
    ["95057","RADIT PUTRA MAJU","JL LOR PAPAN LK 28","prelist","MEDAN BELAWAN","BELAWAN I","LINGKUNGAN 2","","","C. Industri Pengolahan","SBR"],
    ["95061","JAYA MAS","JL.VETERAN NO No.206, BELAWAN BAHAGIA","prelist","MEDAN BELAWAN","BELAWAN BAHAGIA","LINGKUNGAN 8","","","G. Perdagangan Besar dan Eceran, Reparasi Mobil dan Sepeda Motor","SBR"],
    ["95070","PALMA INDAH","JL.STASIUN C I NO.12/13, BELAWAN II","prelist","MEDAN BELAWAN","BELAWAN I","LINGKUNGAN 13","","","F. Konstruksi","SBR"],
    ["95156","NURUL IMAN","JL TALANG NO 1B","prelist","MEDAN BELAWAN","BELAWAN BAHAGIA","LINGKUNGAN 6","","","P. Pendidikan","SBR"],
    ["95217","WONG BELAONE","PULAU SICANANG","prelist","MEDAN BELAWAN","BELAWAN SICANANG","LINGKUNGAN 1","","","G. Perdagangan Besar dan Eceran, Reparasi Mobil dan Sepeda Motor","SBR"],
    ["95301","EKA TEKNIK ABADI","JL PASAR 50, BELAWAN I","prelist","MEDAN BELAWAN","BELAWAN II","LINGKUNGAN 39","","","H. Transportasi dan Pergudangan","SBR"],
    ["95341","ALTA MARITIM INDONESIA","JL. RAYA PELABUHAN GABION","prelist","MEDAN BELAWAN","BELAWAN I","LINGKUNGAN 1","","","H. Transportasi dan Pergudangan","SBR"],
    ["95508","FATMA JAYA LESTARI","JL. TM. PAHLAWAN SUNDARI BELAWAN I","prelist","MEDAN BELAWAN","BELAWAN I","LINGKUNGAN 26","","","G. Perdagangan Besar dan Eceran, Reparasi Mobil dan Sepeda Motor","SBR"],
    ["95597","BUBU GURITA","JL.BAGAN DELI LORONG PROYEK LINGKUNGAN 03","prelist","MEDAN BELAWAN","BAGAN DELI","LINGKUNGAN 8","","","F. Konstruksi","SBR"],
    ["95676","MAKMUR CIPTA SEJAHTERA","JL KL YOS SUDARSO GG PERWIRA LK VI","prelist","MEDAN BELAWAN","BELAWAN BAHAGIA","LINGKUNGAN 8","","","G. Perdagangan Besar dan Eceran, Reparasi Mobil dan Sepeda Motor","SBR"],
    ["95686","NATASYA JAYA SENTOSA","JL STASIUN LORONG SENTOSA LINGKUNGAN XVII","prelist","MEDAN BELAWAN","BELAWAN I","LINGKUNGAN 17","","","H. Transportasi dan Pergudangan","SBR"],
    ["95736","SERBA USAHA LAUT DELI","LORONG MESJID","prelist","MEDAN BELAWAN","BAGAN DELI","LINGKUNGAN 8","","","K. Aktivitas Keuangan Dan Asuransi","SBR"],
    ["95774","DELI PUTRA ABADI","JL. BENGKALIS BLOK C D.3","prelist","MEDAN BELAWAN","BELAWAN I","LINGKUNGAN 2","","","G. Perdagangan Besar dan Eceran, Reparasi Mobil dan Sepeda Motor","SBR"],
    ["95783","PUTRA PLATINA PRATAMA LINES","JL VETERAN NO 2 B, BELAWAN I","prelist","MEDAN BELAWAN","BELAWAN I","LINGKUNGAN 4","","","H. Transportasi dan Pergudangan","SBR"],
    ["95799","SILINDUNG","KAMPUNG SALAM I , BELAWAN II","prelist","MEDAN BELAWAN","BELAWAN II","LINGKUNGAN 37","","","G. Perdagangan Besar dan Eceran, Reparasi Mobil dan Sepeda Motor","SBR"],
    ["95917","SURYA SEJATI","JL.SUMATERA NO.66, BELAWAN I","prelist","MEDAN BELAWAN","BELAWAN I","LINGKUNGAN 31","","","G. Perdagangan Besar dan Eceran, Reparasi Mobil dan Sepeda Motor","SBR"],
    ["95998","TALHA TRADING","JL CITARUM NO 11, BELAWAN II","prelist","MEDAN BELAWAN","BELAWAN II","LINGKUNGAN 21","","","G. Perdagangan Besar dan Eceran, Reparasi Mobil dan Sepeda Motor","SBR"],
    ["96044","BINTANG PERMATA DELI","JL.TAMAN MAKAM PAHLAWAN 38-B, BELAWAN I","prelist","MEDAN BELAWAN","BELAWAN I","LINGKUNGAN 25","","","G. Perdagangan Besar dan Eceran, Reparasi Mobil dan Sepeda Motor","SBR"],
    ["96076","EKAESINDO JAYATAMA","JALAN MUJAHIR LK. 25","prelist","MEDAN BELAWAN","BELAWAN BAHAGIA","LINGKUNGAN 1","","","A. Pertanian, Kehutanan, dan Perikanan","SBR"],
    ["96101","ALFREDO SUPLIER","JALAN TENGGIRI","prelist","MEDAN BELAWAN","BELAWAN BAHAGIA","LINGKUNGAN 2","","","G. Perdagangan Besar dan Eceran, Reparasi Mobil dan Sepeda Motor","SBR"],
    ["96124","PRIMER KOPERASI KARYAWAN MARITIM.I","JL SUMATERA NO. 1, BELAWAN I","prelist","MEDAN BELAWAN","BELAWAN I","LINGKUNGAN 4","","","N. Jasa Persewaan, Ketenagakerjaan, Agen Perjalanan, dan Jasa Pendukung","SBR"],
    ["96144","WARUNA SHIPYARD INDONESIA","JLN BAGAN DELI LAMA NO 1","prelist","MEDAN BELAWAN","BAGAN DELI","LINGKUNGAN 8","","","C. Industri Pengolahan","SBR"],
    ["96177","CIPTARAYA NIAGA","BUNGA NO 65, BELAWAN II","prelist","MEDAN BELAWAN","BELAWAN II","LINGKUNGAN 44","","","G. Perdagangan Besar dan Eceran, Reparasi Mobil dan Sepeda Motor","SBR"],
    ["96200","CAHAYA ABADI","JL. DELI","prelist","MEDAN BELAWAN","BELAWAN I","LINGKUNGAN 4","","","G. Perdagangan Besar dan Eceran, Reparasi Mobil dan Sepeda Motor","SBR"],
    ["96203","RATU JASA KARYA","JL. SELEBES NO 8 RT. 000 RW. 000","prelist","MEDAN BELAWAN","BELAWAN II","LINGKUNGAN 16","","","G. Perdagangan Besar dan Eceran, Reparasi Mobil dan Sepeda Motor","SBR"],
    ["96211","AYU LESTARI","JL KAMPAR LINGKUNGAN VII","prelist","MEDAN BELAWAN","BELAWAN I","LINGKUNGAN 9","","","G. Perdagangan Besar dan Eceran, Reparasi Mobil dan Sepeda Motor","SBR"],
    ["96274","NANBONGSU","JL SERMA HANAFIAH AL B-8, BELAWAN I","prelist","MEDAN BELAWAN","BELAWAN I","LINGKUNGAN 3","","","G. Perdagangan Besar dan Eceran, Reparasi Mobil dan Sepeda Motor","SBR"],
    ["96425","KARYA PUTRA MANDIRI BELAWAN","JL TM PAHLAWAN","prelist","MEDAN BELAWAN","BELAWAN I","LINGKUNGAN 26","","","H. Transportasi dan Pergudangan","SBR"],
    ["96478","TAKAR","JL CILACAP TIMUR NO 8 BELAWAN II","prelist","MEDAN BELAWAN","BELAWAN II","LINGKUNGAN 9","","","G. Perdagangan Besar dan Eceran, Reparasi Mobil dan Sepeda Motor","SBR"],
    ["96489","NIAGA LESTARI","LORONG KESENIAN BELAWAN NO No.29, BELAWAN I","prelist","MEDAN BELAWAN","BELAWAN I","LINGKUNGAN 18","","","G. Perdagangan Besar dan Eceran, Reparasi Mobil dan Sepeda Motor","SBR"],
    ["96552","NIKMAT LESTARI JAYA","JL.KAMPAR NO.1-A, BELAWAN I","prelist","MEDAN BELAWAN","BELAWAN I","LINGKUNGAN 7","","","G. Perdagangan Besar dan Eceran, Reparasi Mobil dan Sepeda Motor","SBR"],
    ["96577","LANDORO ARTA","JL PARANG-PARANG / JL TONGKOL RT. 000 RW. 000","prelist","MEDAN BELAWAN","BELAWAN BAHAGIA","LINGKUNGAN 4","","","F. Konstruksi","SBR"],
    ["96588","BAHAGIA","JL GABION","prelist","MEDAN BELAWAN","BAGAN DELI","LINGKUNGAN 11","","","G. Perdagangan Besar dan Eceran, Reparasi Mobil dan Sepeda Motor","SBR"],
    ["96643","SOCHI","JL.SEPAT NO NO.58, BELAWAN BAHAGIA","prelist","MEDAN BELAWAN","BELAWAN BAHAGIA","LINGKUNGAN 12","","","F. Konstruksi","SBR"],
    ["96728","NELAMROF BERKAT ABADI","JL. TONGKOL NO 32 LK. III KEL. BELAWAN BAHAGIA","prelist","MEDAN BELAWAN","BELAWAN BAHAGIA","LINGKUNGAN 20","","","G. Perdagangan Besar dan Eceran, Reparasi Mobil dan Sepeda Motor","SBR"],
    ["96730","DELI MAKMUR LESTARI","JL. JAWA NO.11.C, BELAWAN II","prelist","MEDAN BELAWAN","BELAWAN II","LINGKUNGAN 44","","","G. Perdagangan Besar dan Eceran, Reparasi Mobil dan Sepeda Motor","SBR"],
    ["96741","YASURIANG SAMUDERA REZEKI, PT","JL. GABION PELABUHAN PERIKANAN SAMUDERA BELAWAN NO. 98, KEL. BAGAN DELI","prelist","MEDAN BELAWAN","BAGAN DELI","LINGKUNGAN 11","","","G. Perdagangan Besar dan Eceran, Reparasi Mobil dan Sepeda Motor","SBR"],
    ["96903","SURYA CIPTA SEJAHTERA","JL.RIAU TIMUR NO.39, BELAWAN II","prelist","MEDAN BELAWAN","BELAWAN II","LINGKUNGAN 2","","","G. Perdagangan Besar dan Eceran, Reparasi Mobil dan Sepeda Motor","SBR"],
    ["96994","REZEKI BERSAMA BERSINAR","JL KP SENTOSA TIMUR BLOK KANDAS LINGK XVIII","prelist","MEDAN BELAWAN","BELAWAN SICANANG","LINGKUNGAN 14","","","G. Perdagangan Besar dan Eceran, Reparasi Mobil dan Sepeda Motor","SBR"],
    ["97083","ACE COMMODITIES EXIMINDO","STASIUN LORONG SEKOLAH LINGKUNGAN XXI","prelist","MEDAN BELAWAN","BELAWAN I","LINGKUNGAN 21","","","G. Perdagangan Besar dan Eceran, Reparasi Mobil dan Sepeda Motor","SBR"],
    ["97165","FERRY PUTRA MANDIRI","JL. STASIUN LINGK 17 LOR SENTOSA","prelist","MEDAN BELAWAN","BELAWAN I","LINGKUNGAN 17","","","G. Perdagangan Besar dan Eceran, Reparasi Mobil dan Sepeda Motor","SBR"],
    ["97169","UNIVERSAL KURSUS","JL.STASIUN NO No.9, BELAWAN II","prelist","MEDAN BELAWAN","BELAWAN I","LINGKUNGAN 13","","","G. Perdagangan Besar dan Eceran, Reparasi Mobil dan Sepeda Motor","SBR"],
    ["97195","ENERGI BUMI PUSAKA","JL GEROPAH","prelist","MEDAN BELAWAN","BAGAN DELI","LINGKUNGAN 8","","","G. Perdagangan Besar dan Eceran, Reparasi Mobil dan Sepeda Motor","SBR"],
    ["97206","DAMAI PRATAMA ENTERPRISE","JL PLTU","prelist","MEDAN BELAWAN","BELAWAN BAHAGIA","LINGKUNGAN 8","","","N. Jasa Persewaan, Ketenagakerjaan, Agen Perjalanan, dan Jasa Pendukung","SBR"],
    ["97281","RIDHO MANDIRI","JL.KAPT R.SULIAN LOR.KESENIAN NO NO.21, BELAWAN I","prelist","MEDAN BELAWAN","BELAWAN II","LINGKUNGAN 43","","","G. Perdagangan Besar dan Eceran, Reparasi Mobil dan Sepeda Motor","SBR"],
    ["97341","HANDALAN MANDIRI TRANS","JL. SERMA HANAFIAH","prelist","MEDAN BELAWAN","BELAWAN I","LINGKUNGAN 3","","","G. Perdagangan Besar dan Eceran, Reparasi Mobil dan Sepeda Motor","SBR"],
    ["97397","KOP PEGAWAI NEGERI KKP","JL.VETERAN NO.219, BELAWAN I","prelist","MEDAN BELAWAN","BELAWAN I","LINGKUNGAN 4","","","Q. Jasa Kesehatan dan Kegiatan Sosial","SBR"],
    ["97491","SUAR","JL.KARO NO.2 , BELAWAN I","prelist","MEDAN BELAWAN","BELAWAN I","LINGKUNGAN 4","","","G. Perdagangan Besar dan Eceran, Reparasi Mobil dan Sepeda Motor","SBR"],
    ["97527","GOLDEN CUP SEAFOOD","JL GABION PERIKANAN","prelist","MEDAN BELAWAN","BAGAN DELI","LINGKUNGAN 11","","","G. Perdagangan Besar dan Eceran, Reparasi Mobil dan Sepeda Motor","SBR"],
    ["97599","RIFA GROUP","JL. CIAMIS TIMUR","prelist","MEDAN BELAWAN","BELAWAN II","LINGKUNGAN 12","","","G. Perdagangan Besar dan Eceran, Reparasi Mobil dan Sepeda Motor","SBR"],
    ["97828","PANCA ABADI SAMUDERA","JL. SELEBES","prelist","MEDAN BELAWAN","BELAWAN II","LINGKUNGAN 33","","","H. Transportasi dan Pergudangan","SBR"],
    ["98108","NELAYAN MELATI","JL.TM PAHLAWAN LINGKUNGAN 27 LORONG MELATI BELAWAN","prelist","MEDAN BELAWAN","BELAWAN I","LINGKUNGAN 26","","","F. Konstruksi","SBR"],
    ["98131","BHAGASKARA","JL. CICALENGKA NO. 2","prelist","MEDAN BELAWAN","BELAWAN II","LINGKUNGAN 14","","","G. Perdagangan Besar dan Eceran, Reparasi Mobil dan Sepeda Motor","SBR"],
    ["98163","ISLAM AT-TAQWA","JL.CILEDUK, BELAWAN II","prelist","MEDAN BELAWAN","BELAWAN II","LINGKUNGAN 25","","","P. Pendidikan","SBR"],
    ["98232","TOTAL TRANS OIL","JL KL YOS SUDARSO KM 21, BELAWAN BAHARI","prelist","MEDAN BELAWAN","BELAWAN BAHARI","LINGKUNGAN 2","","","G. Perdagangan Besar dan Eceran, Reparasi Mobil dan Sepeda Motor","SBR"],
    ["98234","PT. GLOBAL MONEK INDONESIA","JL.R. SULIAN","prelist","MEDAN BELAWAN","BELAWAN I","LINGKUNGAN 2","","","G. Perdagangan Besar dan Eceran, Reparasi Mobil dan Sepeda Motor","SBR"],
    ["98279","PANCA WIRAKARYA","LINGKUNGAN 8 P.BAYU NO No.10, PEKAN LABUHAN","prelist","MEDAN BELAWAN","BELAWAN BAHARI","LINGKUNGAN 8","","","G. Perdagangan Besar dan Eceran, Reparasi Mobil dan Sepeda Motor","SBR"],
    ["98531","WINDOMAS PERKASA","JL.ASAHAN NO NO.18, BELAWAN I","prelist","MEDAN BELAWAN","BELAWAN I","LINGKUNGAN 11","","","J. Informasi dan Komunikasi","SBR"],
    ["98724","PERGURUAN ISLAM AMANNA","JL. KELAPA LK XI","prelist","MEDAN BELAWAN","BELAWAN SICANANG","LINGKUNGAN 19","","","P. Pendidikan","SBR"],
    ["98759","MITRA JAYA UTAMA","JL PLTU","prelist","MEDAN BELAWAN","BELAWAN SICANANG","LINGKUNGAN 1","","","G. Perdagangan Besar dan Eceran, Reparasi Mobil dan Sepeda Motor","SBR"],
    ["98762","MASKEN JAYA","JL. SELEBES NO 1-H","prelist","MEDAN BELAWAN","BELAWAN II","LINGKUNGAN 43","","","G. Perdagangan Besar dan Eceran, Reparasi Mobil dan Sepeda Motor","SBR"],
    ["98878","BELAWAN BARU","DUYUNG","prelist","MEDAN BELAWAN","BELAWAN BAHAGIA","LINGKUNGAN 7","","","G. Perdagangan Besar dan Eceran, Reparasi Mobil dan Sepeda Motor","SBR"],
    ["98980","ADI JAYA MANDIRI","BLOK B LK. V LOR. IV","prelist","MEDAN BELAWAN","BELAWAN SICANANG","LINGKUNGAN 15","","","G. Perdagangan Besar dan Eceran, Reparasi Mobil dan Sepeda Motor","SBR"],
    ["98992","SYAFER","JL DELI NO 2 BELAWAN RT. - RW. -","prelist","MEDAN BELAWAN","BELAWAN I","LINGKUNGAN 4","","","G. Perdagangan Besar dan Eceran, Reparasi Mobil dan Sepeda Motor","SBR"],
    ["99014","MUTIARA ZASKYA MANDIRI","JL CIMAHI BARAT NO 8 RT. 0 RW. 0","prelist","MEDAN BELAWAN","BELAWAN II","LINGKUNGAN 15","","","G. Perdagangan Besar dan Eceran, Reparasi Mobil dan Sepeda Motor","SBR"],
    ["99262","PELAYARAN SEMESTA SEJAHTERA LESTARI","JL. VETERAN NO. 11 BELAWAN","prelist","MEDAN BELAWAN","BELAWAN I","LINGKUNGAN 4","","","H. Transportasi dan Pergudangan","SBR"],
    ["99274","DOK DAN PERKAPALAN MEDAN","JL TM. PAHLAWAN NO 3 LINGKUNGAN 13","prelist","MEDAN BELAWAN","BELAWAN I","LINGKUNGAN 14","","","C. Industri Pengolahan","SBR"],
    ["99288","CAHAYA HARAPAN","LOR IV UMUM","prelist","MEDAN BELAWAN","BAGAN DELI","LINGKUNGAN 8","","","G. Perdagangan Besar dan Eceran, Reparasi Mobil dan Sepeda Motor","SBR"],
    ["99341","DELI CITRA BELAWAN","JL. JAWA NO. 11-C RT.000 RW.000, BELAWAN II","prelist","MEDAN BELAWAN","BELAWAN II","LINGKUNGAN 28","","","G. Perdagangan Besar dan Eceran, Reparasi Mobil dan Sepeda Motor","SBR"],
    ["99432","REZEKI FAJAR","JL TM PAHLAWAN LOR PAPAN","prelist","MEDAN BELAWAN","BELAWAN I","LINGKUNGAN 26","","","C. Industri Pengolahan","SBR"],
    ["99483","SUKSES MITRA GUNA NUSA","JL.GABION KOMPLEX BELAWAN, BAGAN DELI","prelist","MEDAN BELAWAN","BAGAN DELI","LINGKUNGAN 11","","","A. Pertanian, Kehutanan, dan Perikanan","SBR"],
    ["99550","SUMATERA TELITAMA PERDANA","JL.RAYA PELABUHAN NO No.II-B, BELAWAN II","prelist","MEDAN BELAWAN","BAGAN DELI","LINGKUNGAN 12","","","H. Transportasi dan Pergudangan","SBR"],
    ["99554","RINDU USAHA","JL.LOR SEKOLAH NO No.18, BAGAN DELI","prelist","MEDAN BELAWAN","BAGAN DELI","LINGKUNGAN 8","","","G. Perdagangan Besar dan Eceran, Reparasi Mobil dan Sepeda Motor","SBR"],
    ["99563","HARAPAN MANDIRI","JL. CILACAP TIMUR","prelist","MEDAN BELAWAN","BELAWAN II","LINGKUNGAN 9","","","G. Perdagangan Besar dan Eceran, Reparasi Mobil dan Sepeda Motor","SBR"],
    ["99612","SUMATERA PERKASA","JL.DELI NO.11, BELAWAN I","prelist","MEDAN BELAWAN","BELAWAN I","LINGKUNGAN 4","","","H. Transportasi dan Pergudangan","SBR"],
    ["99688","PUSKOPAL ARMABAR BELAWAN","JL. SERMA HANAFIAH NO.1","prelist","MEDAN BELAWAN","BELAWAN I","LINGKUNGAN 3","","","G. Perdagangan Besar dan Eceran, Reparasi Mobil dan Sepeda Motor","SBR"],
    ["99691","PERGURUAN NURANI","JL. KAKAP LK. VIII","prelist","MEDAN BELAWAN","BELAWAN BAHAGIA","LINGKUNGAN 8","","","P. Pendidikan","SBR"],
    ["99751","DWI SARANA HANDLING","JL DOSOMUKO NO 403, BELAWAN I","prelist","MEDAN BELAWAN","BELAWAN I","LINGKUNGAN 2","","","H. Transportasi dan Pergudangan","SBR"],
    ["99777","DARMA PUTRA","JL. STASIUN LORONG DERMAWAN NO NO. 28- B, BELAWAN I","prelist","MEDAN BELAWAN","BELAWAN I","LINGKUNGAN 23","","","G. Perdagangan Besar dan Eceran, Reparasi Mobil dan Sepeda Motor","SBR"],
    ["99778","FIRSAN'D","JL SEMBILANG LK XIII","prelist","MEDAN BELAWAN","BELAWAN BAHAGIA","LINGKUNGAN 13","","","G. Perdagangan Besar dan Eceran, Reparasi Mobil dan Sepeda Motor","SBR"],
    ["99873","APTA TEHNIKAL JAYA","JL MUJAHIR LINGK 1","prelist","MEDAN BELAWAN","BELAWAN BAHAGIA","LINGKUNGAN 1","","","F. Konstruksi","SBR"],
    ["100029","PRIMA TERMINAL PETIKEMAS","GRHA PELINDO SATU GEDUNG B LT 2 JL LINGKAR PELABUHAN","prelist","MEDAN BELAWAN","BELAWAN II","LINGKUNGAN 44","","","H. Transportasi dan Pergudangan","SBR"],
    ["100038","LEMBAGA STUDYLAND ENGLISH & EDUCATION (LKP STUDYLAND ENGLISH & EDUCATION)","JL BANGKA TIMUR BELAWAN","prelist","MEDAN BELAWAN","BELAWAN II","LINGKUNGAN 4","","","P. Pendidikan","SBR"],
    ["100161","DUNIA TANGKAS BERJAYA","JALAN CIKAMPEK UJUNG GANG 13 LINGKUNGAN 23 NO.51.","prelist","MEDAN BELAWAN","BELAWAN II","LINGKUNGAN 44","","","G. Perdagangan Besar dan Eceran, Reparasi Mobil dan Sepeda Motor","SBR"],
    ["100232","JASA BUANA PERTIWI","JL VETERAN NO 216","prelist","MEDAN BELAWAN","BELAWAN I","LINGKUNGAN 4","","","H. Transportasi dan Pergudangan","SBR"],
    ["100489","ANISA PRATAMA","LK. XII","prelist","MEDAN BELAWAN","BELAWAN SICANANG","LINGKUNGAN 15","","","G. Perdagangan Besar dan Eceran, Reparasi Mobil dan Sepeda Motor","SBR"],
    ["100491","BINA KERJASAMA ANTAR GENERASI","PULAU HALMAHERA","prelist","MEDAN BELAWAN","BELAWAN BAHARI","LINGKUNGAN 11","","","S. Aktivitas Jasa Lainnya","SBR"],
    ["100496","MITRA KARIR PERSADA","JL TALANG LK VI NO 14","prelist","MEDAN BELAWAN","BELAWAN BAHAGIA","LINGKUNGAN 6","","","G. Perdagangan Besar dan Eceran, Reparasi Mobil dan Sepeda Motor","SBR"],
    ["100500","SURYA DHARMA","LORONG I UMUM LINGKUNGAN I","prelist","MEDAN BELAWAN","BELAWAN BAHARI","LINGKUNGAN 8","","","G. Perdagangan Besar dan Eceran, Reparasi Mobil dan Sepeda Motor","SBR"],
    ["100541","WIRA MITRA SENTOSA","JL. STASIUN LORONG SENTOSA LINGKUNGAN 17","prelist","MEDAN BELAWAN","BELAWAN I","LINGKUNGAN 17","","","H. Transportasi dan Pergudangan","SBR"],
    ["100544","BENDAHARA SD NEGERI NO.060962","JL. VETERAN","prelist","MEDAN BELAWAN","BELAWAN I","LINGKUNGAN 2","","","P. Pendidikan","SBR"],
    ["100565","BALMERA ADHI MITRA","JL. SUMATERA","prelist","MEDAN BELAWAN","BELAWAN II","LINGKUNGAN 44","","","H. Transportasi dan Pergudangan","SBR"],
    ["100572","BINTANG SAMUDERA BERLIAN","JL.CIKAMPEK BLOK GANG 13 NO 9 RT 0 RW 0, BELAWAN II","prelist","MEDAN BELAWAN","BELAWAN II","LINGKUNGAN 22","","","H. Transportasi dan Pergudangan","SBR"],
    ["100597","MIGAS BELAWAN MEGAH","JL PELABUHAN BELAWAN","prelist","MEDAN BELAWAN","BAGAN DELI","LINGKUNGAN 9","","","G. Perdagangan Besar dan Eceran, Reparasi Mobil dan Sepeda Motor","SBR"],
    ["100675","FORUM KOMUNIKASI GENERASI MUDA PEDULI (FK-GMP)","JLN. KELAPA LINGKUNGAN XIX","prelist","MEDAN BELAWAN","BELAWAN SICANANG","LINGKUNGAN 19","","","A. Pertanian, Kehutanan, dan Perikanan","SBR"],
    ["100678","TEKNOLOGI LINGKUNGAN INDONESIA","KOMP LINGK INDUSTRI KECIL KIM TAHAP II NO SUIK V/6, BELAWAN II","prelist","MEDAN BELAWAN","BELAWAN II","LINGKUNGAN 44","","","C. Industri Pengolahan","SBR"],
    ["100695","SARANA MANDIRI SEJAHTERA","RAYA PELABUHAN GABION BELAWAN, BAGAN DELI","prelist","MEDAN BELAWAN","BAGAN DELI","LINGKUNGAN 11","","","H. Transportasi dan Pergudangan","SBR"],
    ["100697","JASA USAHA AIMS BERSAMA","JL. RAYA PELABUHAN BELAWAN KOMP DEPO PETI KEMAS SBP","prelist","MEDAN BELAWAN","BAGAN DELI","LINGKUNGAN 9","","","N. Jasa Persewaan, Ketenagakerjaan, Agen Perjalanan, dan Jasa Pendukung","SBR"],
    ["100855","LINTAS MANDIRI ABADI","JL VETERAN","prelist","MEDAN BELAWAN","BELAWAN I","LINGKUNGAN 2","","","G. Perdagangan Besar dan Eceran, Reparasi Mobil dan Sepeda Motor","SBR"],
    ["100882","CV. SEMANGAT MANDIRI","JL. SUMATERA NO 82 RT. 000 RW. 000","prelist","MEDAN BELAWAN","BELAWAN I","LINGKUNGAN 2","","","G. Perdagangan Besar dan Eceran, Reparasi Mobil dan Sepeda Motor","SBR"],
    ["100890","HORAS TUNAS JAYA","JL. VETERAN NO. 1-B","prelist","MEDAN BELAWAN","BELAWAN I","LINGKUNGAN 4","","","G. Perdagangan Besar dan Eceran, Reparasi Mobil dan Sepeda Motor","SBR"],
    ["100979","REZY PERDANA","JL BANGKA BARAT BELAWAN","prelist","MEDAN BELAWAN","BELAWAN II","LINGKUNGAN 1","","","G. Perdagangan Besar dan Eceran, Reparasi Mobil dan Sepeda Motor","SBR"],
    ["101009","KELOMPOK USAHA BERSAMA PUTRA DELI","JL. BAGAN DELI AL WASLIYAH II LINGKUNGAN 6","prelist","MEDAN BELAWAN","BAGAN DELI","LINGKUNGAN 8","","","F. Konstruksi","SBR"],
    ["101023","KARYAWAN PELABUHAN I UNIT UTPK","JL RAYA PELABUHAN GABION BELAWAN","prelist","MEDAN BELAWAN","BAGAN DELI","LINGKUNGAN 8","","","G. Perdagangan Besar dan Eceran, Reparasi Mobil dan Sepeda Motor","SBR"],
    ["101040","SEMESTA LAUTAN ABADI","JL SELEBES NO 367 BELAWAN, BELAWAN I","prelist","MEDAN BELAWAN","BELAWAN II","LINGKUNGAN 30","","","H. Transportasi dan Pergudangan","SBR"],
    ["101046","UNITAMA GLOBAL TRANS","JL VETERAN","prelist","MEDAN BELAWAN","BELAWAN I","LINGKUNGAN 2","","","H. Transportasi dan Pergudangan","SBR"],
    ["101122","KARYA BUMI NUSANTARA 2002","JL SUMATERA NO.49","prelist","MEDAN BELAWAN","BELAWAN I","LINGKUNGAN 1","","","C. Industri Pengolahan","SBR"],
    ["101298","MANDIRI FISHERY BELAWAN","JL.GABION PERIKANAN BELAWAN, BAGAN DELI","prelist","MEDAN BELAWAN","BAGAN DELI","LINGKUNGAN 11","","","G. Perdagangan Besar dan Eceran, Reparasi Mobil dan Sepeda Motor","SBR"],
    ["101313","YOUNG OLAH RAGA BELAWAN FOOTBALL KLUB","JL STASIUN LOR PAHLAWAN","prelist","MEDAN BELAWAN","BELAWAN I","LINGKUNGAN 13","","","R. Kesenian, Hiburan, dan Rekreasi","SBR"],
    ["101344","BERKAH SAKA BAITA","JL BANGKA TIMUR LK 04 NO 88","prelist","MEDAN BELAWAN","BELAWAN II","LINGKUNGAN 4","","","C. Industri Pengolahan","SBR"],
    ["101363","SENTOSA JAYA","JL BLOK XVIII LK. XII","prelist","MEDAN BELAWAN","BELAWAN SICANANG","LINGKUNGAN 14","","","H. Transportasi dan Pergudangan","SBR"],
    ["101364","SUMATRA INDAH RAYA LINE","JL. VETERAN NO NO. 34, BELAWAN I","prelist","MEDAN BELAWAN","BELAWAN I","LINGKUNGAN 31","","","H. Transportasi dan Pergudangan","SBR"],
    ["101510","PARLAUNGAN JAYA","JL. BAUNG LK XIII PAJAK BARU","prelist","MEDAN BELAWAN","BELAWAN BAHAGIA","LINGKUNGAN 14","","","F. Konstruksi","SBR"],
    ["101518","KRISTEN METHODIST BELAWAN - BRAYAN","JL. STASIUN","prelist","MEDAN BELAWAN","BELAWAN I","LINGKUNGAN 24","","","P. Pendidikan","SBR"],
    ["101697","LAUTAN SEMBILAN MANDIRI","JL RAYA PELABUHAN BELAWAN","prelist","MEDAN BELAWAN","BAGAN DELI","LINGKUNGAN 9","","","G. Perdagangan Besar dan Eceran, Reparasi Mobil dan Sepeda Motor","SBR"],
    ["101758","ALI ABDUR RAHMAN","JL STASIUN LR SEKOLAH NO 1, BELAWAN II","prelist","MEDAN BELAWAN","BELAWAN I","LINGKUNGAN 21","","","P. Pendidikan","SBR"],
    ["101827","SABARATI A.A.BEL","JL. DELI NO. 02, BELAWAN I","prelist","MEDAN BELAWAN","BELAWAN I","LINGKUNGAN 4","","","J. Informasi dan Komunikasi","SBR"],
    ["101853","DOCK NYONYA CANTIK","LORONG PEMANCAR LK 29","prelist","MEDAN BELAWAN","BELAWAN I","LINGKUNGAN 2","","","C. Industri Pengolahan","SBR"],
    ["102133","BUGAR GASINDO","JL TM PAHLAWAN LR BAKTI LK 30, BELAWAN I","prelist","MEDAN BELAWAN","BELAWAN I","LINGKUNGAN 26","","","D. Pengadaan Listrik, Gas, Uap/Air Panas, dan Udara Dingin","SBR"],
    ["102156","PENDIDIKAN CINTA BANGSASEMESTA","JL.PAHLAWAN COMPLEX PLN NO.5-B, BELAWAN I","prelist","MEDAN BELAWAN","BELAWAN I","LINGKUNGAN 2","","","P. Pendidikan","SBR"],
    ["102190","SALINDO MARINE SAFETY","JL STASIUN","prelist","MEDAN BELAWAN","BELAWAN I","LINGKUNGAN 13","","","C. Industri Pengolahan","SBR"],
    ["102203","PEMBERDAYAAN MASYARAKAT PESISIR SUMUT","JL STASIUN","prelist","MEDAN BELAWAN","BELAWAN I","LINGKUNGAN 13","","","S. Aktivitas Jasa Lainnya","SBR"],
    ["102265","SEPAKAT BERSIH UTAMA","JL.TERMINAL PENUMPANG UJUNG BARU BELAWAN, BELAWAN I","prelist","MEDAN BELAWAN","BELAWAN I","LINGKUNGAN 31","","","E. Pengadaan Air, Pengelolaan Sampah, Limbah, dan Daur Ulang","SBR"],
    ["102270","SUMBER LAUT,PT","Jln.Pelabuhan Gabion Belawan","prelist","MEDAN BELAWAN","BAGAN DELI","LINGKUNGAN 8","","","H. Transportasi dan Pergudangan","SBR"],
    ["102271","ABADI JAYA,PT","Jln.Pelabuhan Gabion Belawan","prelist","MEDAN BELAWAN","BELAWAN I","LINGKUNGAN 31","","","H. Transportasi dan Pergudangan","SBR"],
    ["102272","GUDANG KAS,PT","Jln.Pelabuhan Gabion Belawan","prelist","MEDAN BELAWAN","BAGAN DELI","LINGKUNGAN 8","","","H. Transportasi dan Pergudangan","SBR"],
    ["102273","LAUTAN KEJORA,PT","Jl Pelabuhan Gabion Belawan","prelist","MEDAN BELAWAN","BAGAN DELI","LINGKUNGAN 11","","","C. Industri Pengolahan","SBR"],
    ["102274","SUMBER UTAMA,PT","Jln.Pelabuhan Gabion Belawan","prelist","MEDAN BELAWAN","BELAWAN I","LINGKUNGAN 31","","","H. Transportasi dan Pergudangan","SBR"],
    ["102275","HORAS,PT","Jln.Pelabuhan Gabion Belawan","prelist","MEDAN BELAWAN","BELAWAN I","LINGKUNGAN 31","","","H. Transportasi dan Pergudangan","SBR"],
    ["102277","ALSA,PT","Jln.Pelabuhan Gabion Belawan","prelist","MEDAN BELAWAN","BELAWAN I","LINGKUNGAN 31","","","H. Transportasi dan Pergudangan","SBR"],
    ["102292","GUDANG PNP,PT","Jln.Pelabuhan Gabion Belawan","prelist","MEDAN BELAWAN","BAGAN DELI","LINGKUNGAN 8","","","H. Transportasi dan Pergudangan","SBR"],
    ["102293","GUDANG PEKONG,PT","Jln.Pelabuhan Gabion Belawan","prelist","MEDAN BELAWAN","BAGAN DELI","LINGKUNGAN 11","","","H. Transportasi dan Pergudangan","SBR"],
    ["102294","GUDANG BENGKEL,PT","Jln.Pelabuhan Gabion Belawan","prelist","MEDAN BELAWAN","BAGAN DELI","LINGKUNGAN 11","","","H. Transportasi dan Pergudangan","SBR"],
    ["102295","MBF,PT","Jl.Pelabuhan Gabion No.09 Belawan","prelist","MEDAN BELAWAN","BELAWAN I","LINGKUNGAN 31","","","H. Transportasi dan Pergudangan","SBR"],
    ["102296","BCN,PT","Jln.Pelabuhan Gabion Belawan","prelist","MEDAN BELAWAN","BELAWAN I","LINGKUNGAN 31","","","H. Transportasi dan Pergudangan","SBR"],
    ["102297","SINAR NUSANTARA REZEKI,PT","Jln.Pelabuham Gabion Belawan","prelist","MEDAN BELAWAN","BELAWAN I","LINGKUNGAN 31","","","H. Transportasi dan Pergudangan","SBR"],
    ["102298","KUD ,PT","Jln.Pelabuhan Gabion Belawan","prelist","MEDAN BELAWAN","BELAWAN I","LINGKUNGAN 31","","","H. Transportasi dan Pergudangan","SBR"],
    ["102299","PBB SARWO, PT","Jl. Pelabuhan Gabion Belawan","prelist","MEDAN BELAWAN","BELAWAN I","LINGKUNGAN 31","","","A. Pertanian, Kehutanan, dan Perikanan","SBR"],
    ["102300","UNT UNITED,PT","Jln.Pelabuhan Gabion Belawan","prelist","MEDAN BELAWAN","BELAWAN I","LINGKUNGAN 31","","","H. Transportasi dan Pergudangan","SBR"],
    ["102301","SBU,PT","Jln.Pelabuhan Gabion Belawan","prelist","MEDAN BELAWAN","BELAWAN I","LINGKUNGAN 31","","","H. Transportasi dan Pergudangan","SBR"],
    ["103483","INDUSTRI SAPU LIDI <JAMALIYAH>","JL PASAR LAMA","prelist","MEDAN BELAWAN","BELAWAN II","LINGKUNGAN 39","","","C. Industri Pengolahan","SBR"],
    ["103484","INDUSTRI SAPU LIDI <PONIYEM>","JL PASAR LAMA LINK 29","prelist","MEDAN BELAWAN","BELAWAN II","LINGKUNGAN 39","","","C. Industri Pengolahan","SBR"],
    ["103485","INDUSTRI PENGOLAHAN RENGINANG <SAMINAWATI>","JALAN PULAU RUPAT N0 74","prelist","MEDAN BELAWAN","BELAWAN BAHARI","LINGKUNGAN 8","","","C. Industri Pengolahan","SBR"],
    ["103550","BUAT IKAN ASIN <RUSLI>","JALAN PULAU SERAM","prelist","MEDAN BELAWAN","BELAWAN BAHARI","LINGKUNGAN 6","","","C. Industri Pengolahan","SBR"],
    ["103551","TENUN ULOS <MINDO>","JL.PULAU TERNATE LK5","prelist","MEDAN BELAWAN","BELAWAN BAHARI","LINGKUNGAN 5","","","C. Industri Pengolahan","SBR"],
    ["103552","JUAL GORENGAN <DOLOK>","LORONG ANDALAS LK 13 BAHARI","prelist","MEDAN BELAWAN","BELAWAN BAHARI","LINGKUNGAN 11","","","C. Industri Pengolahan","SBR"],
    ["103553","JUAL AIR GALON <INDRA>","JL HIU BELAWAN","prelist","MEDAN BELAWAN","BELAWAN BAHAGIA","LINGKUNGAN 2","","","C. Industri Pengolahan","SBR"],
    ["103554","JUALAN GOREN GAN","JL KERTANG LINGK 7 BELAWAN BAHAGIA","prelist","MEDAN BELAWAN","BELAWAN BAHAGIA","LINGKUNGAN 8","","","C. Industri Pengolahan","SBR"],
    ["103555","PENJAHIT <NUR>","BLOK B LK 5","prelist","MEDAN BELAWAN","BELAWAN SICANANG","LINGKUNGAN 15","","","C. Industri Pengolahan","SBR"],
    ["103556","JUAL KUE <SRI>","BLOK 3 LK 4","prelist","MEDAN BELAWAN","BELAWAN SICANANG","LINGKUNGAN 15","","","C. Industri Pengolahan","SBR"],
    ["103558","KUPAS JENGKOL","PULAU SICANANG LINGKUNGAN 18","prelist","MEDAN BELAWAN","BELAWAN SICANANG","LINGKUNGAN 1","","","C. Industri Pengolahan","SBR"],
    ["103559","JUAL KRIPIK PISANG KELILING <MELATI>","BLOK 16 LK 73 SICANANG","prelist","MEDAN BELAWAN","BELAWAN SICANANG","LINGKUNGAN 14","","","C. Industri Pengolahan","SBR"],
    ["103560","JAHIT PAKAIAN<EVI>","BELAWAN","prelist","MEDAN BELAWAN","BELAWAN SICANANG","LINGKUNGAN 15","","","C. Industri Pengolahan","SBR"],
    ["103566","GUDANG PENGOLAHAN TERI <KEDAI MAN>","JALAN P RUPA LING 9","prelist","MEDAN BELAWAN","BELAWAN BAHARI","LINGKUNGAN 11","","","C. Industri Pengolahan","SBR"],
    ["103567","GUDANG PEMBUATAN MAKANAN TERNAK <AKAE>","JALAN PULAU RUPAT LING 9","prelist","MEDAN BELAWAN","BELAWAN BAHARI","LINGKUNGAN 8","","","C. Industri Pengolahan","SBR"],
    ["103568","BELAH IKAN ASIN <IMAH>","JL PULAU RUPAT LING 9","prelist","MEDAN BELAWAN","BELAWAN BAHARI","LINGKUNGAN 8","","","C. Industri Pengolahan","SBR"],
    ["103569","JEMUR IKAN TERI <MARIANI>","JALAN PULAU SINABANG LINGKUNGAN 8","prelist","MEDAN BELAWAN","BELAWAN BAHARI","LINGKUNGAN 11","","","C. Industri Pengolahan","SBR"],
    ["103570","BELAH IKAN ASIN <LINA>","JALAN PULAU SINABANG LINGKUNGAN 8","prelist","MEDAN BELAWAN","BELAWAN BAHARI","LINGKUNGAN 11","","","C. Industri Pengolahan","SBR"],
    ["103571","JEMUR IKAN ASIN <TINA>","JALAN PULAU SINABANG LINGKUNGAN 8","prelist","MEDAN BELAWAN","BELAWAN BAHARI","LINGKUNGAN 11","","","C. Industri Pengolahan","SBR"],
    ["103572","BELAH IKAN ASIN <RATNI>","JALAN PULAU SINABANG LINGKUNGAN 8","prelist","MEDAN BELAWAN","BELAWAN BAHARI","LINGKUNGAN 11","","","C. Industri Pengolahan","SBR"],
    ["103573","PENGASINAN IKAN <RAHMAN>","JALAN PULAU SINABANG LINGKUNGAN 8","prelist","MEDAN BELAWAN","BELAWAN BAHARI","LINGKUNGAN 11","","","C. Industri Pengolahan","SBR"],
    ["103574","BELAH IKAN <MAYA>","JALAN PULAU SINABANG LINGKUNGAN 8","prelist","MEDAN BELAWAN","BELAWAN BAHARI","LINGKUNGAN 11","","","C. Industri Pengolahan","SBR"],
    ["103575","BELAH IKAN <SARIFAH>","JALAN PULAU SINABANG LINGKUNGAN 8","prelist","MEDAN BELAWAN","BELAWAN BAHARI","LINGKUNGAN 11","","","C. Industri Pengolahan","SBR"],
    ["103576","BELAH IKAN <SALBIAH>","JALAN PULAU SINABANG LINGKUNGAN 8","prelist","MEDAN BELAWAN","BELAWAN BAHARI","LINGKUNGAN 11","","","C. Industri Pengolahan","SBR"],
    ["103577","ISI ULANG AQUA <LUMIRIA>","JALAN KAPTEN SULIAN LINGKUNGAN 10","prelist","MEDAN BELAWAN","BELAWAN II","LINGKUNGAN 43","","","C. Industri Pengolahan","SBR"],
    ["103578","BENGKEL LAS <FAHRI>","JL PULAU AMBON LINGKUNGAN 7","prelist","MEDAN BELAWAN","BELAWAN BAHARI","LINGKUNGAN 11","","","C. Industri Pengolahan","SBR"],
    ["103579","PEMBUATAN BAKSO <AKOK>","JLN PULAU AMBON LK 7 BAHARI","prelist","MEDAN BELAWAN","BELAWAN BAHARI","LINGKUNGAN 11","","","C. Industri Pengolahan","SBR"],
    ["103580","TURANG JAHIT <JEPRI>","JALAN PULAU SERAM","prelist","MEDAN BELAWAN","BELAWAN BAHARI","LINGKUNGAN 6","","","C. Industri Pengolahan","SBR"],
    ["103581","BUAT IKAN ASIN <HAMANAR>","JALAN PULAU SERAM","prelist","MEDAN BELAWAN","BELAWAN BAHARI","LINGKUNGAN 6","","","C. Industri Pengolahan","SBR"],
    ["103582","JUAL IKAN ASIN","BAGAN DELI","prelist","MEDAN BELAWAN","BAGAN DELI","LINGKUNGAN 8","","","C. Industri Pengolahan","SBR"],
    ["103583","TOKO PASAR 21","JL PASAR TIMUR","prelist","MEDAN BELAWAN","BELAWAN II","LINGKUNGAN 39","","","C. Industri Pengolahan","SBR"],
    ["103584","TUKANG JAHIT","JL PASAR TIMUR","prelist","MEDAN BELAWAN","BELAWAN II","LINGKUNGAN 39","","","C. Industri Pengolahan","SBR"],
    ["103585","JUAL BUMBU <MAWAR>","JLN PASAR BARAT","prelist","MEDAN BELAWAN","BELAWAN II","LINGKUNGAN 28","","","C. Industri Pengolahan","SBR"],
    ["103586","JUALAN KUE GORENG","JL PASAR BLOK 2","prelist","MEDAN BELAWAN","BELAWAN II","LINGKUNGAN 39","","","C. Industri Pengolahan","SBR"],
    ["103587","JUALAN BUMBU GILING <HARTONO>","JL RIAU BARAT","prelist","MEDAN BELAWAN","BELAWAN II","LINGKUNGAN 28","","","C. Industri Pengolahan","SBR"],
    ["103588","JUAL EMPING BASAH","BELAWAN II MEDAN BELAWAN","prelist","MEDAN BELAWAN","BELAWAN II","LINGKUNGAN 44","","","C. Industri Pengolahan","SBR"],
    ["103589","BURUH GALANGAN KAPAL","PALUH PERTA","prelist","MEDAN BELAWAN","BELAWAN II","LINGKUNGAN 44","","","C. Industri Pengolahan","SBR"],
    ["103590","BURUH GALANGAN KAPAL<MIIN>","JALAN SEBELAS PALUH PERTA LINGKUNGAN 36","prelist","MEDAN BELAWAN","BELAWAN II","LINGKUNGAN 44","","","C. Industri Pengolahan","SBR"],
    ["103591","BURUH GALANGAN KAPAL <YOGI>","JALAN SELEBES TITI PANJANG LINGKUNGAN 35","prelist","MEDAN BELAWAN","BELAWAN II","LINGKUNGAN 33","","","C. Industri Pengolahan","SBR"],
    ["103592","JUALAN GORENGAN <ROSMAH>","JL SELEBES TITI PANJANG LK.35","prelist","MEDAN BELAWAN","BELAWAN II","LINGKUNGAN 33","","","C. Industri Pengolahan","SBR"],
    ["103593","DEPOT AIR MINUM<RINI>","JALAN SELEBES","prelist","MEDAN BELAWAN","BELAWAN II","LINGKUNGAN 33","","","C. Industri Pengolahan","SBR"],
    ["103594","BENGKEL LAS","JL CIANJUR TIMUR","prelist","MEDAN BELAWAN","BELAWAN II","LINGKUNGAN 16","","","C. Industri Pengolahan","SBR"],
    ["103595","TUKANG JAHIT <BUTET>","JL CISADANE","prelist","MEDAN BELAWAN","BELAWAN II","LINGKUNGAN 22","","","C. Industri Pengolahan","SBR"],
    ["103596","JUAL IKAN ASIN <FRISKA>","KP.SALAM SEJAHTERA","prelist","MEDAN BELAWAN","BELAWAN II","LINGKUNGAN 44","","","C. Industri Pengolahan","SBR"],
    ["103597","PENJUAL IKAN TERI <TIOMINA>","BELAWAN BAHARI","prelist","MEDAN BELAWAN","BELAWAN BAHARI","LINGKUNGAN 8","","","C. Industri Pengolahan","SBR"],
    ["103600","AIR ISI ULANG<ANA>","KP NELAYAN LING XII BELAWAN I BELAWAN","prelist","MEDAN BELAWAN","BELAWAN I","LINGKUNGAN 31","","","C. Industri Pengolahan","SBR"],
    ["103601","JUAL KUE <LENA>","JL D ELL N 0 11","prelist","MEDAN BELAWAN","BELAWAN I","LINGKUNGAN 2","","","C. Industri Pengolahan","SBR"],
    ["103602","JUAL KACANG TOJEN<YUSLIANA>","JALAN SERDANG EF 3 LK 8","prelist","MEDAN BELAWAN","BELAWAN I","LINGKUNGAN 8","","","C. Industri Pengolahan","SBR"],
    ["103603","PENGOLAHAN IKAN ASIN <SAMSUL>","JALAN TM PAH LAWAN","prelist","MEDAN BELAWAN","BELAWAN I","LINGKUNGAN 26","","","C. Industri Pengolahan","SBR"],
    ["103604","BURUH HARIAN LEPAS WARUNA< ZULKIFLI>","JL TM PAHLAWAN LORONG PISANG LK 13","prelist","MEDAN BELAWAN","BELAWAN I","LINGKUNGAN 26","","","C. Industri Pengolahan","SBR"],
    ["103605","REPARASI MESIN <SYARIFUDDIN>","JALAN TAMAN MAKAM PAHLAWAN LORONG AMAN LK 15","prelist","MEDAN BELAWAN","BELAWAN I","LINGKUNGAN 15","","","C. Industri Pengolahan","SBR"],
    ["103606","TUKANG JAHIT <RAHMAH>","JI.TM.PAHLAWAN LOR PERHATIAN","prelist","MEDAN BELAWAN","BELAWAN I","LINGKUNGAN 26","","","C. Industri Pengolahan","SBR"],
    ["103607","PEDAGANG TAPE <BUDI>","LORONG KESENIAN LK-18","prelist","MEDAN BELAWAN","BELAWAN I","LINGKUNGAN 18","","","C. Industri Pengolahan","SBR"],
    ["103608","SERVICE TEMPEL <UDIN>/ YUWANA REKLAME","LORONG ABADI","prelist","MEDAN BELAWAN","BELAWAN I","LINGKUNGAN 22","","","C. Industri Pengolahan","SBR"],
    ["103609","PEKERJA LAS BORONGAN <YUBHAN>","LORONG PEMANCAR","prelist","MEDAN BELAWAN","BELAWAN I","LINGKUNGAN 2","","","C. Industri Pengolahan","SBR"],
    ["103610","JUAL KERIPIK <MARDIAH>","LINGKUNGAN 29 BELAWAN I","prelist","MEDAN BELAWAN","BELAWAN I","LINGKUNGAN 2","","","C. Industri Pengolahan","SBR"],
    ["103611","TUKANG JAHIT HALIMHA","LORONG SUPIR","prelist","MEDAN BELAWAN","BELAWAN I","LINGKUNGAN 29","","","C. Industri Pengolahan","SBR"],
    ["103612","KONTRUKSI BOAT","LINGKUNGAN 30","prelist","MEDAN BELAWAN","BELAWAN I","LINGKUNGAN 2","","","C. Industri Pengolahan","SBR"],
    ["103613","TUKANG JAHIT<BAINAH>","LORONG UJUNG TANJUNG 1","prelist","MEDAN BELAWAN","BAGAN DELI","LINGKUNGAN 8","","","C. Industri Pengolahan","SBR"],
    ["103828","JAHIT <KEMALAWATI>","LOR MESJID","prelist","MEDAN BELAWAN","BAGAN DELI","LINGKUNGAN 8","","","C. Industri Pengolahan","SBR"],
    ["103829","DEPOT AIR <ANDI>","JL BUNGA KOMPLEK PJK LO 03","prelist","MEDAN BELAWAN","BELAWAN II","LINGKUNGAN 38","","","C. Industri Pengolahan","SBR"],
    ["104023","JUAL AIR LEDING <AFRIZAL>","Jl. Pasar lama no 29","prelist","MEDAN BELAWAN","BELAWAN II","LINGKUNGAN 39","","","E. Pengadaan Air, Pengelolaan Sampah, Limbah, dan Daur Ulang","SBR"],
    ["104024","PENGUMPUL BARANG BEKAS <AZWAR>","JL PASAR LAMA LINK 29","prelist","MEDAN BELAWAN","BELAWAN II","LINGKUNGAN 39","","","E. Pengadaan Air, Pengelolaan Sampah, Limbah, dan Daur Ulang","SBR"],
    ["104030","JUALAN AIR SUMUR BOR","JL RAYA PELABUHAN","prelist","MEDAN BELAWAN","BELAWAN BAHARI","LINGKUNGAN 12","","","E. Pengadaan Air, Pengelolaan Sampah, Limbah, dan Daur Ulang","SBR"],
    ["104031","PENYALUR AIR <KAMAL>","JL SELEBES TITI PANJANG LK 35","prelist","MEDAN BELAWAN","BELAWAN II","LINGKUNGAN 33","","","E. Pengadaan Air, Pengelolaan Sampah, Limbah, dan Daur Ulang","SBR"],
    ["104032","PEMULUNG <AWALUDIN>","JALAN CIAMIS BARAT LK 11 BELAWAN 2","prelist","MEDAN BELAWAN","BELAWAN II","LINGKUNGAN 11","","","E. Pengadaan Air, Pengelolaan Sampah, Limbah, dan Daur Ulang","SBR"],
    ["104033","JUAL AIR <YUNUS>","JL SELEBES LK 32","prelist","MEDAN BELAWAN","BELAWAN II","LINGKUNGAN 33","","","E. Pengadaan Air, Pengelolaan Sampah, Limbah, dan Daur Ulang","SBR"],
    ["104034","PENYALURAN AIR MINUM <LELA WATI>","JL PULAU RUPAT LING 9","prelist","MEDAN BELAWAN","BELAWAN BAHARI","LINGKUNGAN 8","","","E. Pengadaan Air, Pengelolaan Sampah, Limbah, dan Daur Ulang","SBR"],
    ["104035","MENJUAL AIR SUMUR BOR","JALAN PULAU SINABANG LINGKUNGAN 8","prelist","MEDAN BELAWAN","BELAWAN BAHARI","LINGKUNGAN 11","","","E. Pengadaan Air, Pengelolaan Sampah, Limbah, dan Daur Ulang","SBR"],
    ["104036","AIR SUMURBUR","JALAN PULAU SINABANG LINGKUNGAN B","prelist","MEDAN BELAWAN","BELAWAN BAHARI","LINGKUNGAN 11","","","E. Pengadaan Air, Pengelolaan Sampah, Limbah, dan Daur Ulang","SBR"],
    ["104037","BOTOT <MAN>","JLN PULAU AMBON LK 7 BAHARI","prelist","MEDAN BELAWAN","BELAWAN BAHARI","LINGKUNGAN 11","","","E. Pengadaan Air, Pengelolaan Sampah, Limbah, dan Daur Ulang","SBR"],
    ["104038","JUAL AIR BERSIH","JALAN PULAU AMBON LINGKUNGAN 7 BAHARI","prelist","MEDAN BELAWAN","BELAWAN BAHARI","LINGKUNGAN 11","","","E. Pengadaan Air, Pengelolaan Sampah, Limbah, dan Daur Ulang","SBR"],
    ["104039","MENYALURKAN AIR KE RUMAH-RUMAH <TUMPAL>","LORONG PARDOMUAN LK 13 BELAWAN BAHARI","prelist","MEDAN BELAWAN","BAGAN DELI","LINGKUNGAN 13","","","E. Pengadaan Air, Pengelolaan Sampah, Limbah, dan Daur Ulang","SBR"],
    ["104048","PEMULUNG <RAMLI>","LORONG PAPAN LK 28","prelist","MEDAN BELAWAN","BELAWAN I","LINGKUNGAN 2","","","E. Pengadaan Air, Pengelolaan Sampah, Limbah, dan Daur Ulang","SBR"],
    ["104049","JUAL AIR <IWAN>","LORONG PAPAN LK 28 BELAWAN 1","prelist","MEDAN BELAWAN","BELAWAN I","LINGKUNGAN 2","","","E. Pengadaan Air, Pengelolaan Sampah, Limbah, dan Daur Ulang","SBR"],
    ["104050","JUAL AIR BERSI <ALEX>","LORONG SUPIR","prelist","MEDAN BELAWAN","BELAWAN I","LINGKUNGAN 29","","","E. Pengadaan Air, Pengelolaan Sampah, Limbah, dan Daur Ulang","SBR"],
    ["104051","JUAL AIR <SAKDIAH>","LORONG IV UMUM LINGKUNGAN II","prelist","MEDAN BELAWAN","BAGAN DELI","LINGKUNGAN 8","","","E. Pengadaan Air, Pengelolaan Sampah, Limbah, dan Daur Ulang","SBR"],
    ["104052","USAHA AIR <BU IYAH>","LORONG VI UMUM BAGAN DELI","prelist","MEDAN BELAWAN","BAGAN DELI","LINGKUNGAN 10","","","E. Pengadaan Air, Pengelolaan Sampah, Limbah, dan Daur Ulang","SBR"],
    ["104053","SUMUR BOR <ZAENAB>","LORONG PROYEK","prelist","MEDAN BELAWAN","BAGAN DELI","LINGKUNGAN 8","","","E. Pengadaan Air, Pengelolaan Sampah, Limbah, dan Daur Ulang","SBR"],
    ["104054","TUKANG AIR <RIDWAN HARUN>","LORONG UJUNG TANJUNG I","prelist","MEDAN BELAWAN","BAGAN DELI","LINGKUNGAN 8","","","E. Pengadaan Air, Pengelolaan Sampah, Limbah, dan Daur Ulang","SBR"],
    ["104055","TUKANG AIR <FATIMAH>","LORONG UJUNG TANJUNG 1","prelist","MEDAN BELAWAN","BAGAN DELI","LINGKUNGAN 8","","","E. Pengadaan Air, Pengelolaan Sampah, Limbah, dan Daur Ulang","SBR"],
    ["104056","JUAL AIR <RUSDI>","LORONG UJUNG TANJUNG I","prelist","MEDAN BELAWAN","BAGAN DELI","LINGKUNGAN 8","","","E. Pengadaan Air, Pengelolaan Sampah, Limbah, dan Daur Ulang","SBR"],
    ["104057","BOTOT <ROMLAH>","LORONG UJUNG TANJUNG II","prelist","MEDAN BELAWAN","BAGAN DELI","LINGKUNGAN 8","","","E. Pengadaan Air, Pengelolaan Sampah, Limbah, dan Daur Ulang","SBR"],
    ["104058","JUAL AIR BERSIH","LORONG IV VETERAN","prelist","MEDAN BELAWAN","BAGAN DELI","LINGKUNGAN 8","","","E. Pengadaan Air, Pengelolaan Sampah, Limbah, dan Daur Ulang","SBR"],
    ["104059","AIR SUMUR BOR","LORONG V VETERAN BAGAN DELI","prelist","MEDAN BELAWAN","BAGAN DELI","LINGKUNGAN 7","","","E. Pengadaan Air, Pengelolaan Sampah, Limbah, dan Daur Ulang","SBR"],
    ["104060","BOTOT <JK>","JLN BUNGA TIMUR LK 41","prelist","MEDAN BELAWAN","BELAWAN II","LINGKUNGAN 41","","","E. Pengadaan Air, Pengelolaan Sampah, Limbah, dan Daur Ulang","SBR"],
    ["104061","BOTOT KELILING","JL SELEBES GANG RUKUN LK 43","prelist","MEDAN BELAWAN","BELAWAN II","LINGKUNGAN 33","","","E. Pengadaan Air, Pengelolaan Sampah, Limbah, dan Daur Ulang","SBR"],
    ["104190","BURUH BANGUNAN <HERMAN>","LING 20 BEL SICANANG","prelist","MEDAN BELAWAN","BELAWAN SICANANG","LINGKUNGAN 12","","","F. Konstruksi","SBR"],
    ["104206","TUKANG BANGUNAN FADYL","JALAN SELEBES PALUH PERTA","prelist","MEDAN BELAWAN","BELAWAN II","LINGKUNGAN 33","","","F. Konstruksi","SBR"],
    ["104207","TUKANG BANGUNAN <WIDIANTO>","JL STASIUN PJKA LK 38","prelist","MEDAN BELAWAN","BELAWAN I","LINGKUNGAN 13","","","F. Konstruksi","SBR"],
    ["104208","BURUH BANGUNAN <PAISAL>","JALAN CIAMIS LK 11","prelist","MEDAN BELAWAN","BELAWAN II","LINGKUNGAN 11","","","F. Konstruksi","SBR"],
    ["104209","KONTRAKTOR BANGUNAN","JL CIMAHI","prelist","MEDAN BELAWAN","BELAWAN II","LINGKUNGAN 15","","","F. Konstruksi","SBR"],
    ["104210","TUKANG BANGUNAN <YAKUB>","JL SELEBES LK 32","prelist","MEDAN BELAWAN","BELAWAN II","LINGKUNGAN 33","","","F. Konstruksi","SBR"],
    ["104211","TUKANG BANGUNAN <DAMIER>","JALAN CITARUM","prelist","MEDAN BELAWAN","BELAWAN II","LINGKUNGAN 22","","","F. Konstruksi","SBR"],
    ["104212","PEKERJA SERABUTAN <SYALIR>","JL KAYA PELABUHAN","prelist","MEDAN BELAWAN","BELAWAN II","LINGKUNGAN 44","","","F. Konstruksi","SBR"],
    ["104213","TUKANG BANGUNAN <KHAIRIL>","JL BAWAL LK 18","prelist","MEDAN BELAWAN","BELAWAN BAHAGIA","LINGKUNGAN 19","","","F. Konstruksi","SBR"],
    ["104214","BURUH BANGUNAN <JULIUS>","JLN KELAPA LINGKUNGAN 19","prelist","MEDAN BELAWAN","BELAWAN SICANANG","LINGKUNGAN 19","","","F. Konstruksi","SBR"],
    ["104215","BURUH BANGUNAN <AMIN>","PULAU SICANANG LINGKUNGAN 8","prelist","MEDAN BELAWAN","BELAWAN BAHARI","LINGKUNGAN 8","","","F. Konstruksi","SBR"],
    ["104216","BURUH LEPAS <SUKRI>","PULAU SICANANG LINGKUNGAN 8","prelist","MEDAN BELAWAN","BELAWAN BAHARI","LINGKUNGAN 8","","","F. Konstruksi","SBR"],
    ["104217","BURUH LEPAS <SRI YANTO>","PULAU SICANANG LINGKUNGAN 18","prelist","MEDAN BELAWAN","BELAWAN SICANANG","LINGKUNGAN 1","","","F. Konstruksi","SBR"],
    ["104218","BURUH HARIAN LEPAS <EDISON>","PULAU SICANANG LINGKUNGAN 8","prelist","MEDAN BELAWAN","BELAWAN BAHARI","LINGKUNGAN 8","","","F. Konstruksi","SBR"],
    ["104219","BURUH PELABUHAN <KAMER>","PULAU SICANANG LINGKUNGAN 8","prelist","MEDAN BELAWAN","BELAWAN BAHARI","LINGKUNGAN 8","","","F. Konstruksi","SBR"],
    ["104220","BURUH BANNGUNAN","JLN KELAPA LINGKUNGAN 19","prelist","MEDAN BELAWAN","BELAWAN SICANANG","LINGKUNGAN 19","","","F. Konstruksi","SBR"],
    ["104221","BURLIH BANGUNAN <YATIMIN>","BLOK 31 LK 17","prelist","MEDAN BELAWAN","BELAWAN SICANANG","LINGKUNGAN 15","","","F. Konstruksi","SBR"],
    ["104229","TUKANG BANGUNAN<ZUL>","LORONG PERHATIAN NO-41 L K 1 6","prelist","MEDAN BELAWAN","BELAWAN I","LINGKUNGAN 16","","","F. Konstruksi","SBR"],
    ["104230","TUKANG BANGUNAN <IDRIS>","LORONG MELATI LK-27","prelist","MEDAN BELAWAN","BELAWAN I","LINGKUNGAN 2","","","F. Konstruksi","SBR"],
    ["104231","KONTRUKSI BANGUNAN <ARMAN>","LORONG SUKUR","prelist","MEDAN BELAWAN","BELAWAN I","LINGKUNGAN 2","","","F. Konstruksi","SBR"],
    ["104232","BURUH BANGUNAN <MUKUS>","LINGKUNGAN 30","prelist","MEDAN BELAWAN","BELAWAN I","LINGKUNGAN 2","","","F. Konstruksi","SBR"],
    ["104233","KONTRUKSI BANGUNAN <PANTUN>","LINGKUNGAN 1 2","prelist","MEDAN BELAWAN","BAGAN DELI","LINGKUNGAN 8","","","F. Konstruksi","SBR"],
    ["104234","KONTRUKSI RUMAH <HASAN>","LORONG UJUNG TANJUNG","prelist","MEDAN BELAWAN","BAGAN DELI","LINGKUNGAN 8","","","F. Konstruksi","SBR"],
    ["104235","KONSTRUKSI BANGUNAN","JL LORONG IV VETERAN BAGAN DELI","prelist","MEDAN BELAWAN","BAGAN DELI","LINGKUNGAN 8","","","F. Konstruksi","SBR"],
    ["104236","TUKANGBANGUNAN","JALAN SELEBES ALFALAH I LK 37","prelist","MEDAN BELAWAN","BELAWAN II","LINGKUNGAN 37","","","F. Konstruksi","SBR"],
    ["104237","KERJAA BANGUNAN <RUDI>","JALAN SELEBES ALFALAH I LK 37","prelist","MEDAN BELAWAN","BELAWAN II","LINGKUNGAN 37","","","F. Konstruksi","SBR"],
    ["104299","TUKANG LISTRIK","JALAN SELEBES ALFALAH 1 LK 37","prelist","MEDAN BELAWAN","BELAWAN II","LINGKUNGAN 37","","","F. Konstruksi","SBR"],
    ["104300","TUKANG SUMUR BOR","PALUH DERTA","prelist","MEDAN BELAWAN","BELAWAN II","LINGKUNGAN 44","","","F. Konstruksi","SBR"],
    ["105233","JUAL IKAN SEGAR <AKUN>","JL BERUANG BELAWAN SIMP KURNIA","prelist","MEDAN BELAWAN","BELAWAN I","LINGKUNGAN 31","","","G. Perdagangan Besar dan Eceran, Reparasi Mobil dan Sepeda Motor","SBR"],
    ["106704","JUAL SERBU <IBRAHIM>","JL YOS SUDARSO LK","prelist","MEDAN BELAWAN","BELAWAN BAHARI","LINGKUNGAN 10","","","G. Perdagangan Besar dan Eceran, Reparasi Mobil dan Sepeda Motor","SBR"],
    ["106748","KEDAI JAJANAN ANAK ANAK <ZAHARA>","JLN SPEKSI LINGK 18","prelist","MEDAN BELAWAN","BELAWAN II","LINGKUNGAN 26","","","G. Perdagangan Besar dan Eceran, Reparasi Mobil dan Sepeda Motor","SBR"],
    ["106763","TOKO KELONTONG <SABARIAH>","JL PASAR LAMA LINK 29","prelist","MEDAN BELAWAN","BELAWAN II","LINGKUNGAN 39","","","G. Perdagangan Besar dan Eceran, Reparasi Mobil dan Sepeda Motor","SBR"],
    ["106943","JAJANAN <MERANI>","BELAWANSICANANG LINGZO","prelist","MEDAN BELAWAN","BELAWAN SICANANG","LINGKUNGAN 15","","","G. Perdagangan Besar dan Eceran, Reparasi Mobil dan Sepeda Motor","SBR"],
    ["106958","JUAL KOSMETIK <ONLINE TIARA>","BLOK B LK 5","prelist","MEDAN BELAWAN","BELAWAN SICANANG","LINGKUNGAN 15","","","G. Perdagangan Besar dan Eceran, Reparasi Mobil dan Sepeda Motor","SBR"],
    ["106959","JAL ES CAMPUR <MARNI>","BLOK 3 LK 4","prelist","MEDAN BELAWAN","BELAWAN SICANANG","LINGKUNGAN 15","","","G. Perdagangan Besar dan Eceran, Reparasi Mobil dan Sepeda Motor","SBR"],
    ["106961","JUAL GAS <HARWATI>","BLOK B LK 9 PULAU SICANANG","prelist","MEDAN BELAWAN","BELAWAN BAHARI","LINGKUNGAN 7","","","G. Perdagangan Besar dan Eceran, Reparasi Mobil dan Sepeda Motor","SBR"],
    ["106962","WARUNG SEMBAKO <SUTINAH>","BLOK B LK 9 PULAU SICANANG","prelist","MEDAN BELAWAN","BELAWAN SICANANG","LINGKUNGAN 15","","","G. Perdagangan Besar dan Eceran, Reparasi Mobil dan Sepeda Motor","SBR"],
    ["106963","BENGKEL <SIMBOLON>","BLOK 13 LK 10","prelist","MEDAN BELAWAN","BELAWAN SICANANG","LINGKUNGAN 11","","","G. Perdagangan Besar dan Eceran, Reparasi Mobil dan Sepeda Motor","SBR"],
    ["106964","KEDAI SEMBAKO <MAK LINA>","BLOK 14 LK 10","prelist","MEDAN BELAWAN","BELAWAN SICANANG","LINGKUNGAN 10","","","G. Perdagangan Besar dan Eceran, Reparasi Mobil dan Sepeda Motor","SBR"],
    ["106965","JUAL JAJANAN <WENNI>","BLOK 13 LK 11 PULAU SICANANG","prelist","MEDAN BELAWAN","BELAWAN SICANANG","LINGKUNGAN 11","","","G. Perdagangan Besar dan Eceran, Reparasi Mobil dan Sepeda Motor","SBR"],
    ["106966","JUAL UDANG <RATNA>","BLOK 14 LK 11 PULAU SICANANG","prelist","MEDAN BELAWAN","BELAWAN SICANANG","LINGKUNGAN 10","","","G. Perdagangan Besar dan Eceran, Reparasi Mobil dan Sepeda Motor","SBR"],
    ["106967","KREDIT BARANG <LUSI>","BLOK 16 LK 14","prelist","MEDAN BELAWAN","BELAWAN SICANANG","LINGKUNGAN 14","","","G. Perdagangan Besar dan Eceran, Reparasi Mobil dan Sepeda Motor","SBR"],
    ["106968","JAJANAN <RAHMAWATI>","BLOK 21 LK 12","prelist","MEDAN BELAWAN","BELAWAN SICANANG","LINGKUNGAN 15","","","G. Perdagangan Besar dan Eceran, Reparasi Mobil dan Sepeda Motor","SBR"],
    ["106969","KLONTONG <SUSILAWATI>","BLOK 19 LK 12","prelist","MEDAN BELAWAN","BELAWAN SICANANG","LINGKUNGAN 12","","","G. Perdagangan Besar dan Eceran, Reparasi Mobil dan Sepeda Motor","SBR"],
    ["106970","JUALAN TELUR <ARIANTO>","BLOK 21 LK 15 BEL SICANANG","prelist","MEDAN BELAWAN","BELAWAN SICANANG","LINGKUNGAN 15","","","G. Perdagangan Besar dan Eceran, Reparasi Mobil dan Sepeda Motor","SBR"],
    ["106971","JAJANAN <ERNI>","BLOK 27 LK 17","prelist","MEDAN BELAWAN","BELAWAN SICANANG","LINGKUNGAN 14","","","G. Perdagangan Besar dan Eceran, Reparasi Mobil dan Sepeda Motor","SBR"],
    ["106972","KLONTONG <LAMASI>","BLOK 31 LK 17","prelist","MEDAN BELAWAN","BELAWAN SICANANG","LINGKUNGAN 15","","","G. Perdagangan Besar dan Eceran, Reparasi Mobil dan Sepeda Motor","SBR"],
    ["106973","BOTOT <ALDO LOTUS>","JL KELAPA LK 19 BELAWAN SICANANG","prelist","MEDAN BELAWAN","BELAWAN SICANANG","LINGKUNGAN 19","","","G. Perdagangan Besar dan Eceran, Reparasi Mobil dan Sepeda Motor","SBR"],
    ["106974","JUALAN JAJANAN <RIDWAN>","JL KAPT R SULIAN","prelist","MEDAN BELAWAN","BELAWAN II","LINGKUNGAN 43","","","G. Perdagangan Besar dan Eceran, Reparasi Mobil dan Sepeda Motor","SBR"],
    ["106975","JUAL ES KELAPA","JL PAUS BELAWAN BAHAGIA","prelist","MEDAN BELAWAN","BELAWAN BAHAGIA","LINGKUNGAN 2","","","G. Perdagangan Besar dan Eceran, Reparasi Mobil dan Sepeda Motor","SBR"],
    ["106976","DOOR SMEER<SAMSUL>","JL GULAMA LK XV BELAWAN BAHAGIA","prelist","MEDAN BELAWAN","BELAWAN BAHAGIA","LINGKUNGAN 15","","","G. Perdagangan Besar dan Eceran, Reparasi Mobil dan Sepeda Motor","SBR"],
    ["106977","JUALAN BUKAAN BULAN PUASA DAN KATERING <M YUSUF>","JLN BAWAL LK XV","prelist","MEDAN BELAWAN","BELAWAN BAHAGIA","LINGKUNGAN 19","","","G. Perdagangan Besar dan Eceran, Reparasi Mobil dan Sepeda Motor","SBR"],
    ["106978","MENJUAL JAJANAN <SAHMENIK>","JL SELAR PAJAK BARU BELAWAN","prelist","MEDAN BELAWAN","BELAWAN BAHAGIA","LINGKUNGAN 6","","","G. Perdagangan Besar dan Eceran, Reparasi Mobil dan Sepeda Motor","SBR"],
    ["106979","JUAL JAJANAN <LASMA>","JL SEPAT PAJAK BARU BELAWAN BAHAGIA","prelist","MEDAN BELAWAN","BELAWAN BAHAGIA","LINGKUNGAN 6","","","G. Perdagangan Besar dan Eceran, Reparasi Mobil dan Sepeda Motor","SBR"],
    ["106980","JUALAN SAPU <NENGSIH>","JL DUYUNG LK 7","prelist","MEDAN BELAWAN","BELAWAN BAHAGIA","LINGKUNGAN 7","","","G. Perdagangan Besar dan Eceran, Reparasi Mobil dan Sepeda Motor","SBR"],
    ["106981","KEDAI SEMBAKO <TONI>","JALAN SEPAT","prelist","MEDAN BELAWAN","BELAWAN BAHAGIA","LINGKUNGAN 10","","","G. Perdagangan Besar dan Eceran, Reparasi Mobil dan Sepeda Motor","SBR"],
    ["106982","KEDAI SEMBAKO <TIASDAH>","JL PARANG PARANG LK 4 BELAWAN BAHAGIA","prelist","MEDAN BELAWAN","BELAWAN BAHAGIA","LINGKUNGAN 4","","","G. Perdagangan Besar dan Eceran, Reparasi Mobil dan Sepeda Motor","SBR"],
    ["106983","PEDAGANG ECERAN <SINUR>","JLN KARAPU LK 8","prelist","MEDAN BELAWAN","BELAWAN BAHAGIA","LINGKUNGAN 8","","","G. Perdagangan Besar dan Eceran, Reparasi Mobil dan Sepeda Motor","SBR"],
    ["106984","JUAL KEPITING<GITO>","KAMPUNG KOLAM L K.IX","prelist","MEDAN BELAWAN","BELAWAN BAHAGIA","LINGKUNGAN 9","","","G. Perdagangan Besar dan Eceran, Reparasi Mobil dan Sepeda Motor","SBR"],
    ["106985","JUALAN JAJANAN <SRI>","KAMPUNG KOLAM LK IX","prelist","MEDAN BELAWAN","BELAWAN BAHAGIA","LINGKUNGAN 9","","","G. Perdagangan Besar dan Eceran, Reparasi Mobil dan Sepeda Motor","SBR"],
    ["106986","JUAL SEMBAKO <DEDI ARBI>","JALAN BELANAK UJUNG","prelist","MEDAN BELAWAN","BELAWAN BAHAGIA","LINGKUNGAN 16","","","G. Perdagangan Besar dan Eceran, Reparasi Mobil dan Sepeda Motor","SBR"],
    ["106987","JAJANAN <WIWIN>","JL BAWAL LINGK 19 BELAWAN BAHAGIA","prelist","MEDAN BELAWAN","BELAWAN BAHAGIA","LINGKUNGAN 19","","","G. Perdagangan Besar dan Eceran, Reparasi Mobil dan Sepeda Motor","SBR"],
    ["106988","JAJANAN < GUSKA >","BLOK 3 JL HIDAYAH","prelist","MEDAN BELAWAN","BELAWAN SICANANG","LINGKUNGAN 4","","","G. Perdagangan Besar dan Eceran, Reparasi Mobil dan Sepeda Motor","SBR"],
    ["106989","BENSIN < AMIR >","J L HIDAYAH LK 3","prelist","MEDAN BELAWAN","BELAWAN SICANANG","LINGKUNGAN 5","","","G. Perdagangan Besar dan Eceran, Reparasi Mobil dan Sepeda Motor","SBR"],
    ["106990","DOOR SMEAR","JL CIMANUK","prelist","MEDAN BELAWAN","BELAWAN II","LINGKUNGAN 23","","","G. Perdagangan Besar dan Eceran, Reparasi Mobil dan Sepeda Motor","SBR"],
    ["106991","JUALAM JAJANAN <SUMIATI>","JL CIMANUK NO 4 LK 23","prelist","MEDAN BELAWAN","BELAWAN II","LINGKUNGAN 23","","","G. Perdagangan Besar dan Eceran, Reparasi Mobil dan Sepeda Motor","SBR"],
    ["106993","JUALAN JAM KELILING","LK 26 KAMP SYUKUR","prelist","MEDAN BELAWAN","BELAWAN II","LINGKUNGAN 44","","","G. Perdagangan Besar dan Eceran, Reparasi Mobil dan Sepeda Motor","SBR"],
    ["106994","JUALAN JAJANAN <IVAN>","KAMPUNG SALAM LINGKUNGAN 27 BELAWAN","prelist","MEDAN BELAWAN","BELAWAN II","LINGKUNGAN 37","","","G. Perdagangan Besar dan Eceran, Reparasi Mobil dan Sepeda Motor","SBR"],
    ["106995","BENGKEL KERETA <SYAMSUL>","JLN P IRIAN BELAWAN BAHARI","prelist","MEDAN BELAWAN","BELAWAN BAHARI","LINGKUNGAN 11","","","G. Perdagangan Besar dan Eceran, Reparasi Mobil dan Sepeda Motor","SBR"],
    ["106996","JUAL JAJANAN ES <RUBINEM>","JL PUNDU IRIAN LK XI BELAWAN BAHARI","prelist","MEDAN BELAWAN","BELAWAN BAHARI","LINGKUNGAN 11","","","G. Perdagangan Besar dan Eceran, Reparasi Mobil dan Sepeda Motor","SBR"],
    ["106997","DOORSMEER <ABDULGANI>","JALAN PULAU RUPAT","prelist","MEDAN BELAWAN","BELAWAN BAHARI","LINGKUNGAN 8","","","G. Perdagangan Besar dan Eceran, Reparasi Mobil dan Sepeda Motor","SBR"],
    ["106998","JUALAN SEMBAKO <FIDA>","JL PULAU SINABANG LK 8","prelist","MEDAN BELAWAN","BELAWAN BAHARI","LINGKUNGAN 11","","","G. Perdagangan Besar dan Eceran, Reparasi Mobil dan Sepeda Motor","SBR"],
    ["106999","JUAL GAS ECERAN <NAIBAHO>","JL PULAU AMBON LINGKUNGAN 7","prelist","MEDAN BELAWAN","BELAWAN BAHARI","LINGKUNGAN 11","","","G. Perdagangan Besar dan Eceran, Reparasi Mobil dan Sepeda Motor","SBR"],
    ["107000","JUALAN JAJANAN <SINEPUNG>","JALAN PULAU AMBON LINGKUNGAN 7 BAHARI","prelist","MEDAN BELAWAN","BELAWAN BAHARI","LINGKUNGAN 11","","","G. Perdagangan Besar dan Eceran, Reparasi Mobil dan Sepeda Motor","SBR"],
    ["107001","JUALAN JAJANAN<TARMIZI>","JALAN PULAU SERAM","prelist","MEDAN BELAWAN","BELAWAN BAHARI","LINGKUNGAN 6","","","G. Perdagangan Besar dan Eceran, Reparasi Mobil dan Sepeda Motor","SBR"],
    ["107002","JUAL JAJANAN <JODI>","JL PULAU TERNATE","prelist","MEDAN BELAWAN","BELAWAN BAHARI","LINGKUNGAN 5","","","G. Perdagangan Besar dan Eceran, Reparasi Mobil dan Sepeda Motor","SBR"],
    ["107003","KIOS ROKOK","JALAN PULAU SAMOSIR LINGKUNGAN 4","prelist","MEDAN BELAWAN","BELAWAN BAHARI","LINGKUNGAN 4","","","G. Perdagangan Besar dan Eceran, Reparasi Mobil dan Sepeda Motor","SBR"],
    ["107004","KEDAI IKAN <NAINGGOLAN>","LINGKUNGAN 13 LORONG SATAHI","prelist","MEDAN BELAWAN","BELAWAN BAHARI","LINGKUNGAN 11","","","G. Perdagangan Besar dan Eceran, Reparasi Mobil dan Sepeda Motor","SBR"],
    ["107005","JUALAN SEMBAKO <SRI HARTINI>","JL KRAKATAU LINK 01","prelist","MEDAN BELAWAN","BELAWAN BAHARI","LINGKUNGAN 11","","","G. Perdagangan Besar dan Eceran, Reparasi Mobil dan Sepeda Motor","SBR"],
    ["107006","BENGKEL MOBIL <PASARIBU>","JL. RAYA PELABUHAN","prelist","MEDAN BELAWAN","BELAWAN BAHARI","LINGKUNGAN 12","","","G. Perdagangan Besar dan Eceran, Reparasi Mobil dan Sepeda Motor","SBR"],
    ["107007","JUALAN KEDAI SAMPAH <DERIANTO>","JALAN SELEBES TITI PANJANG LINGKUNGAN 35","prelist","MEDAN BELAWAN","BELAWAN II","LINGKUNGAN 33","","","G. Perdagangan Besar dan Eceran, Reparasi Mobil dan Sepeda Motor","SBR"],
    ["107008","BENGKEL KERETA <SUGIONO>","JALAN CITANDUI BELAWAN","prelist","MEDAN BELAWAN","BELAWAN II","LINGKUNGAN 10","","","G. Perdagangan Besar dan Eceran, Reparasi Mobil dan Sepeda Motor","SBR"],
    ["107009","JUAL JAJANAN <ANGGI>","JL STASIUN PJKA LK 38","prelist","MEDAN BELAWAN","BELAWAN I","LINGKUNGAN 13","","","G. Perdagangan Besar dan Eceran, Reparasi Mobil dan Sepeda Motor","SBR"],
    ["107010","JUAL IKAN<MARINA>","JL BUNGA BELAWAN II","prelist","MEDAN BELAWAN","BELAWAN II","LINGKUNGAN 38","","","G. Perdagangan Besar dan Eceran, Reparasi Mobil dan Sepeda Motor","SBR"],
    ["107011","JUAL IKAN <IMANUEL>","JLN BUNGA BELAWAN","prelist","MEDAN BELAWAN","BELAWAN II","LINGKUNGAN 38","","","G. Perdagangan Besar dan Eceran, Reparasi Mobil dan Sepeda Motor","SBR"],
    ["107012","MENJUAL BUNGA RAMPAI <MISRI YANI>","JL STASIUN KOMPLEK PJKA LK 38","prelist","MEDAN BELAWAN","BELAWAN II","LINGKUNGAN 38","","","G. Perdagangan Besar dan Eceran, Reparasi Mobil dan Sepeda Motor","SBR"],
    ["107013","USAHA KUE <YUNI WATI>","JL STASIUN KOMPLEK PJKA LK 38","prelist","MEDAN BELAWAN","BELAWAN II","LINGKUNGAN 44","","","G. Perdagangan Besar dan Eceran, Reparasi Mobil dan Sepeda Motor","SBR"],
    ["107014","USAHA KONTRAKAN <ROSMIATI>","JL CIMANUK BARU LK 03","prelist","MEDAN BELAWAN","BELAWAN II","LINGKUNGAN 23","","","G. Perdagangan Besar dan Eceran, Reparasi Mobil dan Sepeda Motor","SBR"],
    ["107015","USAHA ANGSURAN PAKAIAN <RATNA S>","JL CIAMIS","prelist","MEDAN BELAWAN","BELAWAN II","LINGKUNGAN 11","","","G. Perdagangan Besar dan Eceran, Reparasi Mobil dan Sepeda Motor","SBR"],
    ["107016","JUAL JAJANAN <SUDARMI>","JLN CIAMIS BARAT LK II","prelist","MEDAN BELAWAN","BELAWAN II","LINGKUNGAN 11","","","G. Perdagangan Besar dan Eceran, Reparasi Mobil dan Sepeda Motor","SBR"],
    ["107017","KEDAI SEMBAKO","JL CIANJUR TIMUR","prelist","MEDAN BELAWAN","BELAWAN II","LINGKUNGAN 16","","","G. Perdagangan Besar dan Eceran, Reparasi Mobil dan Sepeda Motor","SBR"],
    ["107018","JUAL MINYAK BENSIN <LINDA>","JL SELEBES 668","prelist","MEDAN BELAWAN","BELAWAN II","LINGKUNGAN 26","","","G. Perdagangan Besar dan Eceran, Reparasi Mobil dan Sepeda Motor","SBR"],
    ["107019","JUAL CABE SAYUR DLL","PALUH LK 31","prelist","MEDAN BELAWAN","BELAWAN II","LINGKUNGAN 44","","","G. Perdagangan Besar dan Eceran, Reparasi Mobil dan Sepeda Motor","SBR"],
    ["107020","JUALAN KELILING <DAHRITA>","JALAN CITARUM","prelist","MEDAN BELAWAN","BELAWAN II","LINGKUNGAN 22","","","G. Perdagangan Besar dan Eceran, Reparasi Mobil dan Sepeda Motor","SBR"],
    ["107021","JAJANAN ANAK ANAK <NINGSIH>","JLN CITARUM 2","prelist","MEDAN BELAWAN","BELAWAN II","LINGKUNGAN 21","","","G. Perdagangan Besar dan Eceran, Reparasi Mobil dan Sepeda Motor","SBR"],
    ["107022","JUALAN SAYUR <BARIAH>","JL RIAU BARAT LK I","prelist","MEDAN BELAWAN","BELAWAN II","LINGKUNGAN 28","","","G. Perdagangan Besar dan Eceran, Reparasi Mobil dan Sepeda Motor","SBR"],
    ["107023","JUALAN SEMBAKO <JUMIATI>","JL RIAU BARAT","prelist","MEDAN BELAWAN","BELAWAN II","LINGKUNGAN 28","","","G. Perdagangan Besar dan Eceran, Reparasi Mobil dan Sepeda Motor","SBR"],
    ["107024","GROSIR JAJANAN <ACUN>","JL RIAU BARAT","prelist","MEDAN BELAWAN","BELAWAN II","LINGKUNGAN 28","","","G. Perdagangan Besar dan Eceran, Reparasi Mobil dan Sepeda Motor","SBR"],
    ["107025","JUALAN TELUR <ALIEN>","JL RIAU BARAT","prelist","MEDAN BELAWAN","BELAWAN II","LINGKUNGAN 28","","","G. Perdagangan Besar dan Eceran, Reparasi Mobil dan Sepeda Motor","SBR"],
    ["107026","JUAL ES BATU","GG RUKUN LK 43","prelist","MEDAN BELAWAN","BELAWAN II","LINGKUNGAN 44","","","G. Perdagangan Besar dan Eceran, Reparasi Mobil dan Sepeda Motor","SBR"],
    ["107027","JUALAN JAJANAN ANAK <NGATINEM>","JL BANGKA TIMUR LK 4","prelist","MEDAN BELAWAN","BELAWAN II","LINGKUNGAN 4","","","G. Perdagangan Besar dan Eceran, Reparasi Mobil dan Sepeda Motor","SBR"],
    ["107028","JUAL SAYURAN <ZULKARNAIN>","JLN BANGKA BARAT LK I","prelist","MEDAN BELAWAN","BELAWAN II","LINGKUNGAN 1","","","G. Perdagangan Besar dan Eceran, Reparasi Mobil dan Sepeda Motor","SBR"],
    ["107029","JUAL GULA MERAH <SIANRTA>","JL BANGKA BARAT","prelist","MEDAN BELAWAN","BELAWAN II","LINGKUNGAN 1","","","G. Perdagangan Besar dan Eceran, Reparasi Mobil dan Sepeda Motor","SBR"],
    ["107030","JUAL PECAH BELAH <SARIL>","JLN BANGKA BARAT LK I","prelist","MEDAN BELAWAN","BELAWAN II","LINGKUNGAN 1","","","G. Perdagangan Besar dan Eceran, Reparasi Mobil dan Sepeda Motor","SBR"],
    ["107031","JUALAN JAJANAN <EDY>","JLN BANGKA BARAT LK I","prelist","MEDAN BELAWAN","BELAWAN II","LINGKUNGAN 1","","","G. Perdagangan Besar dan Eceran, Reparasi Mobil dan Sepeda Motor","SBR"],
    ["107032","JUALAN SEMBAKOJ AJANAN","JL BLITON BARAT","prelist","MEDAN BELAWAN","BELAWAN II","LINGKUNGAN 5","","","G. Perdagangan Besar dan Eceran, Reparasi Mobil dan Sepeda Motor","SBR"],
    ["107033","JUAL IKAN BASAH <ELIANTO>","BAGAN DELI","prelist","MEDAN BELAWAN","BELAWAN II","LINGKUNGAN 44","","","G. Perdagangan Besar dan Eceran, Reparasi Mobil dan Sepeda Motor","SBR"],
    ["107034","JUALAN KUE <YEZMI>","JALAN SELEBES BELAWAN","prelist","MEDAN BELAWAN","BELAWAN II","LINGKUNGAN 33","","","G. Perdagangan Besar dan Eceran, Reparasi Mobil dan Sepeda Motor","SBR"],
    ["107035","TUKANG BOTOT","JL RAYA PELABUHAN","prelist","MEDAN BELAWAN","BELAWAN BAHARI","LINGKUNGAN 12","","","G. Perdagangan Besar dan Eceran, Reparasi Mobil dan Sepeda Motor","SBR"],
    ["107036","JUALAN JAJANAN <IRMA>","IJALAN SELEBES. TITI 'PANJANG LINGKUNGAN 35","prelist","MEDAN BELAWAN","BELAWAN II","LINGKUNGAN 33","","","G. Perdagangan Besar dan Eceran, Reparasi Mobil dan Sepeda Motor","SBR"],
    ["107037","JUALAN REMPAH REMPAH <INUR>","JL. SELEBES TITI PANJANG LK. 35","prelist","MEDAN BELAWAN","BELAWAN II","LINGKUNGAN 33","","","G. Perdagangan Besar dan Eceran, Reparasi Mobil dan Sepeda Motor","SBR"],
    ["107038","JUALAN PAKAIAN SEKOLAH <UCOK>","JALAN PASAR LK28 BELAWAN","prelist","MEDAN BELAWAN","BELAWAN II","LINGKUNGAN 39","","","G. Perdagangan Besar dan Eceran, Reparasi Mobil dan Sepeda Motor","SBR"],
    ["107039","JUAL AYAM <MINAR>","JL PASAR BARAT","prelist","MEDAN BELAWAN","BELAWAN II","LINGKUNGAN 28","","","G. Perdagangan Besar dan Eceran, Reparasi Mobil dan Sepeda Motor","SBR"],
    ["107040","JUALAN PAKAIAN <JULIANA>","JL BUNGA LK 28","prelist","MEDAN BELAWAN","BELAWAN II","LINGKUNGAN 38","","","G. Perdagangan Besar dan Eceran, Reparasi Mobil dan Sepeda Motor","SBR"],
    ["107041","JUALAN SEPATU DAN SANDAL <FITRIANI>","JALAN PASAR LK 28","prelist","MEDAN BELAWAN","BELAWAN II","LINGKUNGAN 39","","","G. Perdagangan Besar dan Eceran, Reparasi Mobil dan Sepeda Motor","SBR"],
    ["107042","JUALAN PAKAIAN <DEWI KARTIKA SARI>","JL BUNGA LK 28","prelist","MEDAN BELAWAN","BELAWAN II","LINGKUNGAN 38","","","G. Perdagangan Besar dan Eceran, Reparasi Mobil dan Sepeda Motor","SBR"],
    ["107043","JUALAN PAKAIAN <SULASIRI>","JL PASAR LK 28","prelist","MEDAN BELAWAN","BELAWAN II","LINGKUNGAN 39","","","G. Perdagangan Besar dan Eceran, Reparasi Mobil dan Sepeda Motor","SBR"],
    ["107044","JUALAN PAKAIAN <IDA 1>","JLN PASAR LK 28","prelist","MEDAN BELAWAN","BELAWAN II","LINGKUNGAN 39","","","G. Perdagangan Besar dan Eceran, Reparasi Mobil dan Sepeda Motor","SBR"],
    ["107045","TOKO SEMBAKO <WILKER>","JL SUMATERA NO 49 LK 42","prelist","MEDAN BELAWAN","BELAWAN I","LINGKUNGAN 1","","","G. Perdagangan Besar dan Eceran, Reparasi Mobil dan Sepeda Motor","SBR"],
    ["107046","KIOS SAMUEL <ERNI>","JL SUMATERA LK 42","prelist","MEDAN BELAWAN","BELAWAN I","LINGKUNGAN 1","","","G. Perdagangan Besar dan Eceran, Reparasi Mobil dan Sepeda Motor","SBR"],
    ["107047","JUAL KELAPA PARUT <SOFYAN>","JL BUNGA 54 42","prelist","MEDAN BELAWAN","BELAWAN II","LINGKUNGAN 42","","","G. Perdagangan Besar dan Eceran, Reparasi Mobil dan Sepeda Motor","SBR"],
    ["107048","SAYURAN <RAHMASARI>","SUNGAI MATI","prelist","MEDAN BELAWAN","BELAWAN II","LINGKUNGAN 44","","","G. Perdagangan Besar dan Eceran, Reparasi Mobil dan Sepeda Motor","SBR"],
    ["107049","JUAL BUAH <ERLINA>","CANANG","prelist","MEDAN BELAWAN","BELAWAN II","LINGKUNGAN 44","","","G. Perdagangan Besar dan Eceran, Reparasi Mobil dan Sepeda Motor","SBR"],
    ["107050","MONZA SIBURIAN <HENDRIK>","JL RIAU LK 42","prelist","MEDAN BELAWAN","BELAWAN II","LINGKUNGAN 28","","","G. Perdagangan Besar dan Eceran, Reparasi Mobil dan Sepeda Motor","SBR"],
    ["107051","JUALAN PAKAIAN <NURAIN>","JL PASAR LINGKUNGAN 28","prelist","MEDAN BELAWAN","BELAWAN II","LINGKUNGAN 39","","","G. Perdagangan Besar dan Eceran, Reparasi Mobil dan Sepeda Motor","SBR"],
    ["107052","JUALAN JAJANAN <ACUN>","JL RIAU BARAT","prelist","MEDAN BELAWAN","BELAWAN II","LINGKUNGAN 28","","","G. Perdagangan Besar dan Eceran, Reparasi Mobil dan Sepeda Motor","SBR"],
    ["107053","JUALAN BAJU","JL RIAU BARAT","prelist","MEDAN BELAWAN","BELAWAN II","LINGKUNGAN 28","","","G. Perdagangan Besar dan Eceran, Reparasi Mobil dan Sepeda Motor","SBR"],
    ["107054","JAJANNA KELIILING <ZAINAB>","LOR MESJID","prelist","MEDAN BELAWAN","BAGAN DELI","LINGKUNGAN 8","","","G. Perdagangan Besar dan Eceran, Reparasi Mobil dan Sepeda Motor","SBR"],
    ["107055","ANGSURAN BAJU<RISKA>","LORONG PROYEK","prelist","MEDAN BELAWAN","BAGAN DELI","LINGKUNGAN 8","","","G. Perdagangan Besar dan Eceran, Reparasi Mobil dan Sepeda Motor","SBR"],
    ["107056","JUAL MINYAK <LINDA>","LORONG MESSID UNGK.IV","prelist","MEDAN BELAWAN","BAGAN DELI","LINGKUNGAN 8","","","G. Perdagangan Besar dan Eceran, Reparasi Mobil dan Sepeda Motor","SBR"],
    ["107057","WARUNG JAJANAN <SURATIH>","LORONG MESJID","prelist","MEDAN BELAWAN","BAGAN DELI","LINGKUNGAN 8","","","G. Perdagangan Besar dan Eceran, Reparasi Mobil dan Sepeda Motor","SBR"],
    ["107058","WARUNG SEMBAKO <SA'BANIAH>","LOR UJUNG TANJUNG SEBRANG","prelist","MEDAN BELAWAN","BAGAN DELI","LINGKUNGAN 8","","","G. Perdagangan Besar dan Eceran, Reparasi Mobil dan Sepeda Motor","SBR"],
    ["107059","BOTOT <ASNI DAR>","LORONG UJUNG TANJUNG SEBERANG","prelist","MEDAN BELAWAN","BAGAN DELI","LINGKUNGAN 8","","","G. Perdagangan Besar dan Eceran, Reparasi Mobil dan Sepeda Motor","SBR"],
    ["107060","JUAL BELI HASIL LAUT <ASBULLAH>","LOR SEKOLAH I LINGKUNGAN VI","prelist","MEDAN BELAWAN","BAGAN DELI","LINGKUNGAN 10","","","G. Perdagangan Besar dan Eceran, Reparasi Mobil dan Sepeda Motor","SBR"],
    ["107061","KEDAI SAMPAH <ALI IMRAN>","LOR PERTAMINA LINGKUNGAN VI","prelist","MEDAN BELAWAN","BAGAN DELI","LINGKUNGAN 10","","","G. Perdagangan Besar dan Eceran, Reparasi Mobil dan Sepeda Motor","SBR"],
    ["107062","KEDAI SAMPAH <P.SIMANJUNTAK>","LORONG 2 VETERAN","prelist","MEDAN BELAWAN","BAGAN DELI","LINGKUNGAN 8","","","G. Perdagangan Besar dan Eceran, Reparasi Mobil dan Sepeda Motor","SBR"],
    ["107063","DAGANG IKAN <AMISTAR>","JLN LOR III VETERAN BAGAN DELI","prelist","MEDAN BELAWAN","BAGAN DELI","LINGKUNGAN 8","","","G. Perdagangan Besar dan Eceran, Reparasi Mobil dan Sepeda Motor","SBR"],
    ["107065","TEMPEL BAN SEPEDA MOTOR <SUDIMAN>","JL RAYA PELABUHAN LK 44","prelist","MEDAN BELAWAN","BELAWAN BAHARI","LINGKUNGAN 12","","","G. Perdagangan Besar dan Eceran, Reparasi Mobil dan Sepeda Motor","SBR"],
    ["107066","JAJANAN RINGAN <TANJUNG>","JL RAYA PELABUHAN LK 44","prelist","MEDAN BELAWAN","BELAWAN BAHARI","LINGKUNGAN 12","","","G. Perdagangan Besar dan Eceran, Reparasi Mobil dan Sepeda Motor","SBR"],
    ["107067","KIOS ROKOK MINUMAN <ANTO>","JL RAYA PELABUHAN LK 44","prelist","MEDAN BELAWAN","BELAWAN II","LINGKUNGAN 44","","","G. Perdagangan Besar dan Eceran, Reparasi Mobil dan Sepeda Motor","SBR"],
    ["107068","TOKO PAKAIAN BATIK <RAYMON>","JL PASAR","prelist","MEDAN BELAWAN","BELAWAN II","LINGKUNGAN 39","","","G. Perdagangan Besar dan Eceran, Reparasi Mobil dan Sepeda Motor","SBR"],
    ["107069","TOKO MAS I GINTING","JL PASAR","prelist","MEDAN BELAWAN","BELAWAN II","LINGKUNGAN 39","","","G. Perdagangan Besar dan Eceran, Reparasi Mobil dan Sepeda Motor","SBR"],
    ["107070","JUAL IKAN <NURSIYAH>","LORONG AMAL","prelist","MEDAN BELAWAN","BELAWAN I","LINGKUNGAN 2","","","G. Perdagangan Besar dan Eceran, Reparasi Mobil dan Sepeda Motor","SBR"],
    ["107071","PANGKALAN GAS DAN MINYAK SOLAR <TARIGAN>","JL. MUJAHIR NO. 4","prelist","MEDAN BELAWAN","BELAWAN BAHAGIA","LINGKUNGAN 1","","","G. Perdagangan Besar dan Eceran, Reparasi Mobil dan Sepeda Motor","SBR"],
    ["107072","KELONTONG SEMBAKO <DAHLIA>","LORONG AMAL","prelist","MEDAN BELAWAN","BELAWAN I","LINGKUNGAN 2","","","G. Perdagangan Besar dan Eceran, Reparasi Mobil dan Sepeda Motor","SBR"],
    ["107073","JUAL PAKAIAN <MASITAH>","LINGKUNGAN 8","prelist","MEDAN BELAWAN","BELAWAN BAHARI","LINGKUNGAN 8","","","G. Perdagangan Besar dan Eceran, Reparasi Mobil dan Sepeda Motor","SBR"],
    ["107074","JUAL IKAN <JALO>","LORONG GEREJA LK 12","prelist","MEDAN BELAWAN","BAGAN DELI","LINGKUNGAN 8","","","G. Perdagangan Besar dan Eceran, Reparasi Mobil dan Sepeda Motor","SBR"],
    ["107075","WARUNG JAJANAN <USMAN>","LORONG I UMUM UNGKUMIAN II","prelist","MEDAN BELAWAN","BELAWAN BAHARI","LINGKUNGAN 8","","","G. Perdagangan Besar dan Eceran, Reparasi Mobil dan Sepeda Motor","SBR"],
    ["107076","KEDAI SEMBAKO <R GULTOM>","JL BESAR BAGAN DELI LINGKUNGAN 1","prelist","MEDAN BELAWAN","BAGAN DELI","LINGKUNGAN 13","","","G. Perdagangan Besar dan Eceran, Reparasi Mobil dan Sepeda Motor","SBR"],
    ["107077","JUAL GAS <SAKDIAH>","LORONG IV UMUM LINGKUMGAN II","prelist","MEDAN BELAWAN","BAGAN DELI","LINGKUNGAN 8","","","G. Perdagangan Besar dan Eceran, Reparasi Mobil dan Sepeda Motor","SBR"],
    ["107078","KEDAI JAJANAN <RAHMAN>","LORONG IV UMUM","prelist","MEDAN BELAWAN","BAGAN DELI","LINGKUNGAN 8","","","G. Perdagangan Besar dan Eceran, Reparasi Mobil dan Sepeda Motor","SBR"],
    ["107079","KEDAI JAJANAN <EVA>","LORONG 5 UMUM BAGAN DELI LINGKUNGAN XIII","prelist","MEDAN BELAWAN","BAGAN DELI","LINGKUNGAN 7","","","G. Perdagangan Besar dan Eceran, Reparasi Mobil dan Sepeda Motor","SBR"],
    ["107080","KEDAI SEMBAKO <YAYUK>","LORONG VI UMUM BAGAN DELI LINGKUNGAN XIII","prelist","MEDAN BELAWAN","BAGAN DELI","LINGKUNGAN 10","","","G. Perdagangan Besar dan Eceran, Reparasi Mobil dan Sepeda Motor","SBR"],
    ["107081","KEDAI MENJUAL ALAT NELAYAN <ERMES>","JALAN PERIKANAN GABION LINGKUNGAN 11","prelist","MEDAN BELAWAN","BAGAN DELI","LINGKUNGAN 8","","","G. Perdagangan Besar dan Eceran, Reparasi Mobil dan Sepeda Motor","SBR"],
    ["107082","DAGANG IKAN ECERAN <MARSAULINA.>","JALAN PERIKANAN GABION LINGKUNGAN 11","prelist","MEDAN BELAWAN","BAGAN DELI","LINGKUNGAN 8","","","G. Perdagangan Besar dan Eceran, Reparasi Mobil dan Sepeda Motor","SBR"],
    ["107083","DOORSMEER","LOR 7 UMUM BAGAN DELI","prelist","MEDAN BELAWAN","BAGAN DELI","LINGKUNGAN 3","","","G. Perdagangan Besar dan Eceran, Reparasi Mobil dan Sepeda Motor","SBR"],
    ["107084","WARUNG JAJANAN <ZAENAL>","LORONG PROYEK","prelist","MEDAN BELAWAN","BAGAN DELI","LINGKUNGAN 8","","","G. Perdagangan Besar dan Eceran, Reparasi Mobil dan Sepeda Motor","SBR"],
    ["107085","JUAL BENSIN <IDAH>","LORONG MESJID","prelist","MEDAN BELAWAN","BAGAN DELI","LINGKUNGAN 8","","","G. Perdagangan Besar dan Eceran, Reparasi Mobil dan Sepeda Motor","SBR"],
    ["107087","JUALAN TUPPERWARE <BADATUL UKHTIAH >","JL TM PAHLAWAN LOR PANCUR LK 13","prelist","MEDAN BELAWAN","BELAWAN I","LINGKUNGAN 14","","","G. Perdagangan Besar dan Eceran, Reparasi Mobil dan Sepeda Motor","SBR"],
    ["107088","JUALAN BATU <JUALIANA WATI MANIK>","JL TM PAHLAWAN LORONG PISANG LK 13","prelist","MEDAN BELAWAN","BELAWAN I","LINGKUNGAN 26","","","G. Perdagangan Besar dan Eceran, Reparasi Mobil dan Sepeda Motor","SBR"],
    ["107089","WARUNG JAJANAN<HARIANA>","JL TM PAHLAWAN LK 13","prelist","MEDAN BELAWAN","BELAWAN I","LINGKUNGAN 26","","","G. Perdagangan Besar dan Eceran, Reparasi Mobil dan Sepeda Motor","SBR"],
    ["107090","JUALAN JAJANAN <NURAZMI>","LORONG BAHAGIA LK 26","prelist","MEDAN BELAWAN","BELAWAN I","LINGKUNGAN 26","","","G. Perdagangan Besar dan Eceran, Reparasi Mobil dan Sepeda Motor","SBR"],
    ["107091","JUALAN JAJANAN RINGAN <ROISAH>","LOR MELATI LK 27 BELAWAN 1","prelist","MEDAN BELAWAN","BELAWAN I","LINGKUNGAN 27","","","G. Perdagangan Besar dan Eceran, Reparasi Mobil dan Sepeda Motor","SBR"],
    ["107092","JUAL ES BATU<BU AINI>","LORONG KENANGA","prelist","MEDAN BELAWAN","BELAWAN BAHAGIA","LINGKUNGAN 19","","","G. Perdagangan Besar dan Eceran, Reparasi Mobil dan Sepeda Motor","SBR"],
    ["107093","JUALAN BAJU <FITRI>","LORONG KESENIAN N019 LK 18 BELANAN 1","prelist","MEDAN BELAWAN","BELAWAN I","LINGKUNGAN 18","","","G. Perdagangan Besar dan Eceran, Reparasi Mobil dan Sepeda Motor","SBR"],
    ["107094","KEDAI SEMBAKO <MARIANA>","LORONG PAPAN LK 28 BELAWAN 1","prelist","MEDAN BELAWAN","BELAWAN I","LINGKUNGAN 2","","","G. Perdagangan Besar dan Eceran, Reparasi Mobil dan Sepeda Motor","SBR"],
    ["107095","KEDAI IKAN <MUSA ADAH>","LOR PAPAN LK 28 BELAWAN 1","prelist","MEDAN BELAWAN","BELAWAN I","LINGKUNGAN 2","","","G. Perdagangan Besar dan Eceran, Reparasi Mobil dan Sepeda Motor","SBR"],
    ["107096","PEDAGANG KELILING <TAMRIN>","LORONG PEMANCAR","prelist","MEDAN BELAWAN","BELAWAN I","LINGKUNGAN 2","","","G. Perdagangan Besar dan Eceran, Reparasi Mobil dan Sepeda Motor","SBR"],
    ["107097","PEDAGANGAN ECERAN <TAING>","LORONG PEMANCAR","prelist","MEDAN BELAWAN","BELAWAN I","LINGKUNGAN 2","","","G. Perdagangan Besar dan Eceran, Reparasi Mobil dan Sepeda Motor","SBR"],
    ["107098","PEDAGANG IKAN <JUANDA>","LORONG PEMANCAR LK 29","prelist","MEDAN BELAWAN","BELAWAN I","LINGKUNGAN 2","","","G. Perdagangan Besar dan Eceran, Reparasi Mobil dan Sepeda Motor","SBR"],
    ["107099","KELONTONG <JUMARNA>","LORONG SUPIR","prelist","MEDAN BELAWAN","BELAWAN I","LINGKUNGAN 29","","","G. Perdagangan Besar dan Eceran, Reparasi Mobil dan Sepeda Motor","SBR"],
    ["107100","JUAL IKAN KELILING/ JUALAN <IWAK ISAF>","LINGKUNGAN 29 BELAWAN I","prelist","MEDAN BELAWAN","BELAWAN I","LINGKUNGAN 2","","","G. Perdagangan Besar dan Eceran, Reparasi Mobil dan Sepeda Motor","SBR"],
    ["107101","JUAL ES BATU<FANDI>","LINGKUNGAN 30","prelist","MEDAN BELAWAN","BELAWAN I","LINGKUNGAN 2","","","G. Perdagangan Besar dan Eceran, Reparasi Mobil dan Sepeda Motor","SBR"],
    ["107107","JUALA JAJANAN DAN ES<SARINAH>","KAMPUNG NELAYAN LINGKUNGAN 12","prelist","MEDAN BELAWAN","BELAWAN I","LINGKUNGAN 2","","","G. Perdagangan Besar dan Eceran, Reparasi Mobil dan Sepeda Motor","SBR"],
    ["107108","KEDAI SEMBAKO <SALBIAH>","KP NELAYAN LINGKUNGAN 12 BELAWAN-1","prelist","MEDAN BELAWAN","BELAWAN I","LINGKUNGAN 31","","","G. Perdagangan Besar dan Eceran, Reparasi Mobil dan Sepeda Motor","SBR"],
    ["107109","JUAL JAJANAN <LESTARI TRG>","JALAN ROKAN","prelist","MEDAN BELAWAN","BELAWAN I","LINGKUNGAN 4","","","G. Perdagangan Besar dan Eceran, Reparasi Mobil dan Sepeda Motor","SBR"],
    ["107110","JAJANAN ANAK<SUKRON>","JALAN VETERAN NO 88","prelist","MEDAN BELAWAN","BELAWAN I","LINGKUNGAN 1","","","G. Perdagangan Besar dan Eceran, Reparasi Mobil dan Sepeda Motor","SBR"],
    ["107111","JUAL KERAMIK <ENDANG>","JL SIMALUNGUN","prelist","MEDAN BELAWAN","BELAWAN I","LINGKUNGAN 4","","","G. Perdagangan Besar dan Eceran, Reparasi Mobil dan Sepeda Motor","SBR"],
    ["107112","TOK O AVIEL 1","JLS/MALUNGUN 401","prelist","MEDAN BELAWAN","BELAWAN I","LINGKUNGAN 2","","","G. Perdagangan Besar dan Eceran, Reparasi Mobil dan Sepeda Motor","SBR"],
    ["107113","BEGAWAN SOLO","JL SERDANG NO 2 BELAWAN","prelist","MEDAN BELAWAN","BELAWAN I","LINGKUNGAN 1","","","G. Perdagangan Besar dan Eceran, Reparasi Mobil dan Sepeda Motor","SBR"],
    ["107114","TB SAHABAT JAYA <LIE HONG NAI>","JL VETERAN NO 31 BELAWAN","prelist","MEDAN BELAWAN","BELAWAN I","LINGKUNGAN 2","","","G. Perdagangan Besar dan Eceran, Reparasi Mobil dan Sepeda Motor","SBR"],
    ["107115","JUAL SEMBAKO <ABUN>","JLN SERDANG LK 6 BELAWAN 1","prelist","MEDAN BELAWAN","BELAWAN I","LINGKUNGAN 7","","","G. Perdagangan Besar dan Eceran, Reparasi Mobil dan Sepeda Motor","SBR"],
    ["107116","JUAL ROKOK <SUZANA>","JALAN BENGKALIS CD 4 LK6","prelist","MEDAN BELAWAN","BELAWAN I","LINGKUNGAN 2","","","G. Perdagangan Besar dan Eceran, Reparasi Mobil dan Sepeda Motor","SBR"],
    ["107117","JUALAN JAJANAN <ADI>","JL ASAHAN UNI KAMPUNG LK 10","prelist","MEDAN BELAWAN","BELAWAN I","LINGKUNGAN 11","","","G. Perdagangan Besar dan Eceran, Reparasi Mobil dan Sepeda Motor","SBR"],
    ["107659","JULANA MAKANAN <NUR AFRIDA>","LORONG PEMANCAR","prelist","MEDAN BELAWAN","BELAWAN I","LINGKUNGAN 2","","","G. Perdagangan Besar dan Eceran, Reparasi Mobil dan Sepeda Motor","SBR"],
    ["107660","JUAL JAJANAN <JUNAIDAH>","LINGKUNGAN 29 BELAWAN 1","prelist","MEDAN BELAWAN","BELAWAN I","LINGKUNGAN 31","","","G. Perdagangan Besar dan Eceran, Reparasi Mobil dan Sepeda Motor","SBR"],
    ["108356","JASA TRANSPORTASI OJEK <BENGET>","JL GABION","prelist","MEDAN BELAWAN","BAGAN DELI","LINGKUNGAN 11","","","H. Transportasi dan Pergudangan","SBR"],
    ["108372","JASA ANGKUTAN BECAK SEPEDA MOTOR <ZULHAM>","JL PASAR LAMA LINK 29","prelist","MEDAN BELAWAN","BELAWAN II","LINGKUNGAN 39","","","H. Transportasi dan Pergudangan","SBR"],
    ["108398","BURUH PELABUHAN <SAMSON>","BLOK 24 LK 16","prelist","MEDAN BELAWAN","BELAWAN SICANANG","LINGKUNGAN 15","","","H. Transportasi dan Pergudangan","SBR"],
    ["108399","TUKANG OJEK<PAK KARAL>","BLOK 33 LK 17","prelist","MEDAN BELAWAN","BELAWAN SICANANG","LINGKUNGAN 15","","","H. Transportasi dan Pergudangan","SBR"],
    ["108400","BURUH PELABUHAN<JEFRI>","BLOK 33 LK 17","prelist","MEDAN BELAWAN","BELAWAN SICANANG","LINGKUNGAN 15","","","H. Transportasi dan Pergudangan","SBR"],
    ["108401","BURUH PELABUHAN <EDISON>","BLOK 34 LK 17","prelist","MEDAN BELAWAN","BELAWAN SICANANG","LINGKUNGAN 15","","","H. Transportasi dan Pergudangan","SBR"],
    ["108402","BURUH PELABUHAN <M SALEH>","BLOK 27 LK 17","prelist","MEDAN BELAWAN","BELAWAN SICANANG","LINGKUNGAN 14","","","H. Transportasi dan Pergudangan","SBR"],
    ["108403","BURUH PELABUHAN <ABDULLAH>","BLOK 31 LK 17","prelist","MEDAN BELAWAN","BELAWAN SICANANG","LINGKUNGAN 14","","","H. Transportasi dan Pergudangan","SBR"],
    ["108404","OJEK MOTOR","LING 18 B SICANANG","prelist","MEDAN BELAWAN","BELAWAN SICANANG","LINGKUNGAN 14","","","H. Transportasi dan Pergudangan","SBR"],
    ["108414","SUPIR ANGKOT <SUGIO>","JL IPUSARA LK 4","prelist","MEDAN BELAWAN","BELAWAN SICANANG","LINGKUNGAN 15","","","H. Transportasi dan Pergudangan","SBR"],
    ["108415","OJEK MOTOR <PONIRIN>","BLOK 3 LK 4","prelist","MEDAN BELAWAN","BELAWAN SICANANG","LINGKUNGAN 15","","","H. Transportasi dan Pergudangan","SBR"],
    ["108417","BURUH PELABUHAN <EDISON>","BLOK 9 LK 6","prelist","MEDAN BELAWAN","BELAWAN SICANANG","LINGKUNGAN 19","","","H. Transportasi dan Pergudangan","SBR"],
    ["108418","BURUH <ANTO>","BLOK B LK 9 PULAU SICANANG","prelist","MEDAN BELAWAN","BELAWAN BAHARI","LINGKUNGAN 7","","","H. Transportasi dan Pergudangan","SBR"],
    ["108419","BONGKAR MUAT GARAM SEMEN <SAPRI>","BELAWAN UJUNG BARU","prelist","MEDAN BELAWAN","BELAWAN I","LINGKUNGAN 31","","","H. Transportasi dan Pergudangan","SBR"],
    ["108422","BURAH <PARTOMUAN>","PELABUHAN BELAWAN","prelist","MEDAN BELAWAN","BELAWAN SICANANG","LINGKUNGAN 15","","","H. Transportasi dan Pergudangan","SBR"],
    ["108423","BURUH BONGKAR MUAT <SUMINAR>","PELABUHAN BELAWAN","prelist","MEDAN BELAWAN","BELAWAN SICANANG","LINGKUNGAN 15","","","H. Transportasi dan Pergudangan","SBR"],
    ["108424","BURUH PELABUHAN <WILL>","BLOK 16 LK 13 SICANANG","prelist","MEDAN BELAWAN","BELAWAN SICANANG","LINGKUNGAN 14","","","H. Transportasi dan Pergudangan","SBR"],
    ["108425","OJEK <LILIK>","BLOCK 17 LK 14","prelist","MEDAN BELAWAN","BELAWAN SICANANG","LINGKUNGAN 14","","","H. Transportasi dan Pergudangan","SBR"],
    ["108426","BURUH PELABUHAN <SUWARDI>","BLOK 17 LK 20 P SICANANG","prelist","MEDAN BELAWAN","BELAWAN SICANANG","LINGKUNGAN 15","","","H. Transportasi dan Pergudangan","SBR"],
    ["108427","BURUH PELABUHAN<AWAL>","LK 15 BEL SICANANG","prelist","MEDAN BELAWAN","BELAWAN SICANANG","LINGKUNGAN 11","","","H. Transportasi dan Pergudangan","SBR"],
    ["108428","BURUH PELABUHAN <ANTO>","BLOK 21 LK 16","prelist","MEDAN BELAWAN","BELAWAN SICANANG","LINGKUNGAN 15","","","H. Transportasi dan Pergudangan","SBR"],
    ["108429","SOPIR ANGKOT <MARHAN>","BLOK 24 LK 16","prelist","MEDAN BELAWAN","BELAWAN SICANANG","LINGKUNGAN 15","","","H. Transportasi dan Pergudangan","SBR"],
    ["108430","BURUH TKBM <RAFII>","JL DUYUNG LINGK 7","prelist","MEDAN BELAWAN","BELAWAN BAHAGIA","LINGKUNGAN 7","","","H. Transportasi dan Pergudangan","SBR"],
    ["108431","BURUH BONGKAR MUAT <M SIAHAAN>","JL TERUBUK LK 8","prelist","MEDAN BELAWAN","BELAWAN BAHAGIA","LINGKUNGAN 5","","","H. Transportasi dan Pergudangan","SBR"],
    ["108432","BECAK <JOMSON>","JL KERAPU LK 8","prelist","MEDAN BELAWAN","BELAWAN BAHAGIA","LINGKUNGAN 8","","","H. Transportasi dan Pergudangan","SBR"],
    ["108433","BECAK <BUDI>","JL KAPT R SULAIMAN","prelist","MEDAN BELAWAN","BELAWAN BAHAGIA","LINGKUNGAN 8","","","H. Transportasi dan Pergudangan","SBR"],
    ["108434","BURUH BONGKAR MUAT <MUSTARI>","JL BELAKANG K POS LK IX","prelist","MEDAN BELAWAN","BELAWAN BAHAGIA","LINGKUNGAN 8","","","H. Transportasi dan Pergudangan","SBR"],
    ["108435","BURUH BONGKAR","KAMPUNG KOLAM LK IX","prelist","MEDAN BELAWAN","BELAWAN BAHAGIA","LINGKUNGAN 9","","","H. Transportasi dan Pergudangan","SBR"],
    ["108436","BURUH BONGKAR MUAT< RAHIM>","KAMPUNG KOLAM LK IX","prelist","MEDAN BELAWAN","BELAWAN BAHAGIA","LINGKUNGAN 9","","","H. Transportasi dan Pergudangan","SBR"],
    ["108437","TUKANG BECAK <EDI>","JL SELAR UJUNG LK 12","prelist","MEDAN BELAWAN","BELAWAN BAHAGIA","LINGKUNGAN 11","","","H. Transportasi dan Pergudangan","SBR"],
    ["108438","OJEK <M RIZKY>","JL SELAR UJUNG LK 12","prelist","MEDAN BELAWAN","BELAWAN BAHAGIA","LINGKUNGAN 11","","","H. Transportasi dan Pergudangan","SBR"],
    ["108439","BURUH PELABUHAN <AHMAD>","JL BAWAL LINGK 19 BELAWAN BAHAGIA","prelist","MEDAN BELAWAN","BELAWAN BAHAGIA","LINGKUNGAN 19","","","H. Transportasi dan Pergudangan","SBR"],
    ["108440","BURUH PUPUK <USMAN H>/ BURUH PELABUHAN","P HALIA LK 2","prelist","MEDAN BELAWAN","BELAWAN SICANANG","LINGKUNGAN 15","","","H. Transportasi dan Pergudangan","SBR"],
    ["108441","BURUH PELABUHAN","BLOK B LING 5","prelist","MEDAN BELAWAN","BELAWAN SICANANG","LINGKUNGAN 15","","","H. Transportasi dan Pergudangan","SBR"],
    ["108442","BURUH PELABUHAN <INDRA>","BLOK B LING 5","prelist","MEDAN BELAWAN","BELAWAN SICANANG","LINGKUNGAN 15","","","H. Transportasi dan Pergudangan","SBR"],
    ["108443","BURUH BONGKAR MUAT <SUGIONO>","BLOOK 6A LK 4","prelist","MEDAN BELAWAN","BELAWAN SICANANG","LINGKUNGAN 15","","","H. Transportasi dan Pergudangan","SBR"],
    ["108444","BURUH BONGKAR MUAT <SALAMUN>","BLOK 6B LK 4","prelist","MEDAN BELAWAN","BELAWAN SICANANG","LINGKUNGAN 15","","","H. Transportasi dan Pergudangan","SBR"],
    ["108445","BURUH BONGKAR MUAT <SYAHRUL>","BLOK 4 LK 4","prelist","MEDAN BELAWAN","BELAWAN SICANANG","LINGKUNGAN 15","","","H. Transportasi dan Pergudangan","SBR"],
    ["108446","OJEK MOTOR <FIRMAN>","KP SYUKUR","prelist","MEDAN BELAWAN","BELAWAN II","LINGKUNGAN 29","","","H. Transportasi dan Pergudangan","SBR"],
    ["108447","BURUH PELABUHAN","KP SYUKUR","prelist","MEDAN BELAWAN","BELAWAN II","LINGKUNGAN 29","","","H. Transportasi dan Pergudangan","SBR"],
    ["108448","HARLEP PELABUHAN <MUSLIM>","KP SALAM SEJAHTEHA","prelist","MEDAN BELAWAN","BELAWAN II","LINGKUNGAN 44","","","H. Transportasi dan Pergudangan","SBR"],
    ["108449","HARLEP <PARSAN>","KP SALAM SEJAHTERA","prelist","MEDAN BELAWAN","BELAWAN II","LINGKUNGAN 44","","","H. Transportasi dan Pergudangan","SBR"],
    ["108450","BECAK MESIN <IBRAHIM>","KP.SALAM SEJAHTERA","prelist","MEDAN BELAWAN","BELAWAN II","LINGKUNGAN 44","","","H. Transportasi dan Pergudangan","SBR"],
    ["108451","JEMUR TERI<LIA>","JALAN PULAU SINABANG LK 8","prelist","MEDAN BELAWAN","BELAWAN BAHARI","LINGKUNGAN 11","","","H. Transportasi dan Pergudangan","SBR"],
    ["108452","SUPIR TRUCK <AZRI>","JLN PULAU AMBON LK 7 BAHARI","prelist","MEDAN BELAWAN","BELAWAN BAHARI","LINGKUNGAN 11","","","H. Transportasi dan Pergudangan","SBR"],
    ["108453","OJEK MOTOR <UMAR>","JALAN PULAU AMBON LK 7 BAHARI","prelist","MEDAN BELAWAN","BELAWAN BAHARI","LINGKUNGAN 11","","","H. Transportasi dan Pergudangan","SBR"],
    ["108454","MANDOR ANGKOT <THOMSON>","JLN PULAU AMBON LK 7 BELAWAN BAHARI","prelist","MEDAN BELAWAN","BELAWAN BAHARI","LINGKUNGAN 11","","","H. Transportasi dan Pergudangan","SBR"],
    ["108455","BURUH PELABUHAN <P TAMBA>","JALAN PULAU TERNATE","prelist","MEDAN BELAWAN","BELAWAN BAHARI","LINGKUNGAN 5","","","H. Transportasi dan Pergudangan","SBR"],
    ["108456","BURUH <S SIHOMBING >","JL PULAU TERNATE","prelist","MEDAN BELAWAN","BELAWAN BAHARI","LINGKUNGAN 5","","","H. Transportasi dan Pergudangan","SBR"],
    ["108457","SUPIR TRUK <DARWIN>","JL PULAU TERNATE LK 5","prelist","MEDAN BELAWAN","BELAWAN BAHARI","LINGKUNGAN 5","","","H. Transportasi dan Pergudangan","SBR"],
    ["108458","SUPIR ANGKOT <BIDEN>","LINGKUNGAN 13 LORONG SATAHI","prelist","MEDAN BELAWAN","BELAWAN BAHARI","LINGKUNGAN 11","","","H. Transportasi dan Pergudangan","SBR"],
    ["108459","SUPIR TRUCK <ALNERI>","LORONG PARDAMEAN LK 13 BAHARI","prelist","MEDAN BELAWAN","BELAWAN BAHARI","LINGKUNGAN 11","","","H. Transportasi dan Pergudangan","SBR"],
    ["108460","BURUH PELABUHAN <ARDIN>","JLN GULAMA LK 18 BELAWAN BAHAGIA","prelist","MEDAN BELAWAN","BELAWAN BAHAGIA","LINGKUNGAN 15","","","H. Transportasi dan Pergudangan","SBR"],
    ["108461","TUKANG BECAK <JHONSON>","JALAN GULAMA","prelist","MEDAN BELAWAN","BELAWAN BAHAGIA","LINGKUNGAN 15","","","H. Transportasi dan Pergudangan","SBR"],
    ["108462","TUKANG BECAK <HAMZAH>","JL CIBADAK NO 10","prelist","MEDAN BELAWAN","BELAWAN II","LINGKUNGAN 44","","","H. Transportasi dan Pergudangan","SBR"],
    ["108463","BURUH PELABUHAN <MARULI>","JL SELEBES PALOH LK 33","prelist","MEDAN BELAWAN","BELAWAN II","LINGKUNGAN 33","","","H. Transportasi dan Pergudangan","SBR"],
    ["108464","TUKANG OJEK","JL SELEBES PALOH LK 33","prelist","MEDAN BELAWAN","BELAWAN II","LINGKUNGAN 33","","","H. Transportasi dan Pergudangan","SBR"],
    ["108465","TUKANG BECAK <DUAN>","JL SELEBES LK 32","prelist","MEDAN BELAWAN","BELAWAN II","LINGKUNGAN 36","","","H. Transportasi dan Pergudangan","SBR"],
    ["108466","BURUH PELABUHAN <ISMAIL>","JL CISADANE LK.19","prelist","MEDAN BELAWAN","BELAWAN II","LINGKUNGAN 22","","","H. Transportasi dan Pergudangan","SBR"],
    ["108467","TUKANG BECAK","JL CISADANE","prelist","MEDAN BELAWAN","BELAWAN II","LINGKUNGAN 22","","","H. Transportasi dan Pergudangan","SBR"],
    ["108468","BURUH PELABUHAN <SOPIAN>","JL CISADANE LK.19","prelist","MEDAN BELAWAN","BELAWAN II","LINGKUNGAN 22","","","H. Transportasi dan Pergudangan","SBR"],
    ["108469","BURUH PELABUHAN <ZEIN>","JALAN CILIWUNG LK 20","prelist","MEDAN BELAWAN","BELAWAN II","LINGKUNGAN 20","","","H. Transportasi dan Pergudangan","SBR"],
    ["108470","BURUH CONTAINER <ILHAM>","JL CIKAMPEK LK 22","prelist","MEDAN BELAWAN","BELAWAN II","LINGKUNGAN 44","","","H. Transportasi dan Pergudangan","SBR"],
    ["108471","PENARIK BECAK <M.YUSUF LUBIS>","JALAN CIKAMPEK PALOH","prelist","MEDAN BELAWAN","BELAWAN II","LINGKUNGAN 44","","","H. Transportasi dan Pergudangan","SBR"],
    ["108472","BURUH PELABUHAN <FAUZI>","JL SELEBES GG 15 PALUH LK 30","prelist","MEDAN BELAWAN","BELAWAN II","LINGKUNGAN 33","","","H. Transportasi dan Pergudangan","SBR"],
    ["108473","BURUH PELABUHAN <DENY>","JLN CIMANUK BARU LK23","prelist","MEDAN BELAWAN","BELAWAN II","LINGKUNGAN 23","","","H. Transportasi dan Pergudangan","SBR"],
    ["108474","PEKERJA BEBAS<DEDY>","JALAN CILEDUK LK 25","prelist","MEDAN BELAWAN","BELAWAN II","LINGKUNGAN 25","","","H. Transportasi dan Pergudangan","SBR"],
    ["108475","TK BECAK MOTOR","JL CIREBON LK 24","prelist","MEDAN BELAWAN","BELAWAN II","LINGKUNGAN 24","","","H. Transportasi dan Pergudangan","SBR"],
    ["108476","BURUH HARIAN <MARNO>","KP SALAM I LK 26","prelist","MEDAN BELAWAN","BELAWAN II","LINGKUNGAN 44","","","H. Transportasi dan Pergudangan","SBR"],
    ["108477","TUKANG BECAK DAYUNG","JL SELEBES GG 16","prelist","MEDAN BELAWAN","BELAWAN II","LINGKUNGAN 25","","","H. Transportasi dan Pergudangan","SBR"],
    ["108478","BURUH PELABUHAN <JULIANIS>","JL SEBELAS PALUH PERTA LINGKUNGAN 36","prelist","MEDAN BELAWAN","BELAWAN II","LINGKUNGAN 44","","","H. Transportasi dan Pergudangan","SBR"],
    ["108479","TUKANG BECAK MOTOR","JL SELEBES PALUH PERTA LINGKUNGAN 36","prelist","MEDAN BELAWAN","BELAWAN II","LINGKUNGAN 33","","","H. Transportasi dan Pergudangan","SBR"],
    ["108480","BURUH PELABUHAN <WAGINO>","IJALAN SELEBES TITI IPANTANG LINGKINGAN 35","prelist","MEDAN BELAWAN","BELAWAN II","LINGKUNGAN 33","","","H. Transportasi dan Pergudangan","SBR"],
    ["108481","BURUH PELABUHAN <JHON>","JL SELEBES TITI PANJANG LK 35","prelist","MEDAN BELAWAN","BELAWAN II","LINGKUNGAN 33","","","H. Transportasi dan Pergudangan","SBR"],
    ["108482","BURUH PELABUHAN <ADE> BONGKAR MUAT","JL SELEBES TITI PANJANG LK 35","prelist","MEDAN BELAWAN","BELAWAN II","LINGKUNGAN 33","","","H. Transportasi dan Pergudangan","SBR"],
    ["108483","BECAK MOTOR <RIDWAN>","JALAN SELEBES TITI PANJANG","prelist","MEDAN BELAWAN","BELAWAN II","LINGKUNGAN 33","","","H. Transportasi dan Pergudangan","SBR"],
    ["108484","TUKANG OJEK <RAHMADI>","JL STASIUN PJKA LK 38","prelist","MEDAN BELAWAN","BELAWAN I","LINGKUNGAN 13","","","H. Transportasi dan Pergudangan","SBR"],
    ["108485","SUPIR ANGKOT <ALPIAN>","JL STASIUN PJKA LK 38","prelist","MEDAN BELAWAN","BELAWAN I","LINGKUNGAN 13","","","H. Transportasi dan Pergudangan","SBR"],
    ["108486","TUKANG BECAK MESIN IRWANSYAH","JL BUNGA PJKA LK 03","prelist","MEDAN BELAWAN","BELAWAN II","LINGKUNGAN 38","","","H. Transportasi dan Pergudangan","SBR"],
    ["108487","BURUH HARIAN <ZAINAIL SIREEGAR>","JL BUNGA PJKA LK 03","prelist","MEDAN BELAWAN","BELAWAN II","LINGKUNGAN 38","","","H. Transportasi dan Pergudangan","SBR"],
    ["108488","TUKANG BECAK DAYUNG <ABD GANI SRG>","JL.CICALENGKA LK.14","prelist","MEDAN BELAWAN","BELAWAN II","LINGKUNGAN 14","","","H. Transportasi dan Pergudangan","SBR"],
    ["108489","BURUH PELABUHAN <SUPRI>","JL.CICALENGKA LK.14","prelist","MEDAN BELAWAN","BELAWAN II","LINGKUNGAN 14","","","H. Transportasi dan Pergudangan","SBR"],
    ["108490","BURUH PELABUHAN <MUHAMMAD>","JL CIMAHI LK 15","prelist","MEDAN BELAWAN","BELAWAN II","LINGKUNGAN 15","","","H. Transportasi dan Pergudangan","SBR"],
    ["108491","TUKANG BECAK DAYUNG <ZAKWAN>","JL CIPANAS","prelist","MEDAN BELAWAN","BELAWAN II","LINGKUNGAN 44","","","H. Transportasi dan Pergudangan","SBR"],
    ["108492","BURUH PELABUHAN <ZULKIFLI DAULAY>","JL CIPANAS LK 17","prelist","MEDAN BELAWAN","BELAWAN II","LINGKUNGAN 44","","","H. Transportasi dan Pergudangan","SBR"],
    ["108493","SOPIR AMBULANCE","JL CIBADAK LK 18","prelist","MEDAN BELAWAN","BELAWAN II","LINGKUNGAN 44","","","H. Transportasi dan Pergudangan","SBR"],
    ["108494","OJEK MOTOR <SARING>","LORONG VI UMUM BAGAN DELI LINGKUNGAN XIII","prelist","MEDAN BELAWAN","BAGAN DELI","LINGKUNGAN 10","","","H. Transportasi dan Pergudangan","SBR"],
    ["108495","SOPIR ANGKOT <AZHARUDDIN>","GABION","prelist","MEDAN BELAWAN","BAGAN DELI","LINGKUNGAN 11","","","H. Transportasi dan Pergudangan","SBR"],
    ["108496","OJEK <M DAUD>","LORONG PROYEK","prelist","MEDAN BELAWAN","BAGAN DELI","LINGKUNGAN 8","","","H. Transportasi dan Pergudangan","SBR"],
    ["108497","TUKANG OJEK < H RAJA GUKGUK>","JL VETERAN II","prelist","MEDAN BELAWAN","BELAWAN I","LINGKUNGAN 2","","","H. Transportasi dan Pergudangan","SBR"],
    ["108498","SUPIR ANGKUT IKAN <MONANG SIHOMBING>","LORONG IV VETERAN","prelist","MEDAN BELAWAN","BAGAN DELI","LINGKUNGAN 8","","","H. Transportasi dan Pergudangan","SBR"],
    ["108499","OJEK <RICAD>","LORONG V VETARAN JLN BESAR BAGAN DELI","prelist","MEDAN BELAWAN","BAGAN DELI","LINGKUNGAN 8","","","H. Transportasi dan Pergudangan","SBR"],
    ["108500","TK. BECAK DAYUNG <LEE>","LK 42 SUMATRA REL","prelist","MEDAN BELAWAN","BELAWAN II","LINGKUNGAN 44","","","H. Transportasi dan Pergudangan","SBR"],
    ["108501","TUKANG OJEK <SABIRIN>","JL RIAU LINGKUNGAN 28","prelist","MEDAN BELAWAN","BELAWAN II","LINGKUNGAN 28","","","H. Transportasi dan Pergudangan","SBR"],
    ["108502","BURUH HARIAN <NGATIMAN>","JL SELEBES GG RUKUN","prelist","MEDAN BELAWAN","BELAWAN II","LINGKUNGAN 33","","","H. Transportasi dan Pergudangan","SBR"],
    ["108503","BURUH PELABUHAN <RANGGA>","JL SELEBES ALFALAH 2 LK 37","prelist","MEDAN BELAWAN","BELAWAN II","LINGKUNGAN 33","","","H. Transportasi dan Pergudangan","SBR"],
    ["108504","TUKANG BECAK MESIN <SUPRAPTO>","JL BANGKA GANG KEJU","prelist","MEDAN BELAWAN","BELAWAN II","LINGKUNGAN 4","","","H. Transportasi dan Pergudangan","SBR"],
    ["108505","TUKANG BECAK <JUNAIDI>","JL BLITON BARAT","prelist","MEDAN BELAWAN","BELAWAN II","LINGKUNGAN 5","","","H. Transportasi dan Pergudangan","SBR"],
    ["108506","BURUH HARIAN <RIDWAN CANIAGO>","JL BLITON GANG AMBARSENG","prelist","MEDAN BELAWAN","BELAWAN II","LINGKUNGAN 5","","","H. Transportasi dan Pergudangan","SBR"],
    ["108507","BURUH PELABUHAN <KAMALUDIN>","PALUH PERTA","prelist","MEDAN BELAWAN","BELAWAN II","LINGKUNGAN 44","","","H. Transportasi dan Pergudangan","SBR"],
    ["108509","TUKANG OJEK <YUSMAN>","JL SEBELAS PALUH PERTA LINGKUNGAN 36","prelist","MEDAN BELAWAN","BELAWAN II","LINGKUNGAN 44","","","H. Transportasi dan Pergudangan","SBR"],
    ["108510","BOAT PENYEBERANGAN","KP NELAYAN LINGKUNGAN 12 BELAWAN","prelist","MEDAN BELAWAN","BELAWAN I","LINGKUNGAN 31","","","H. Transportasi dan Pergudangan","SBR"],
    ["108511","TRANSPORTASI LAUT <CANDRA>","KP NELAYAN LINGKUNGAN 12 BELAWAN","prelist","MEDAN BELAWAN","BELAWAN I","LINGKUNGAN 31","","","H. Transportasi dan Pergudangan","SBR"],
    ["108512","TUKANG BECAK MESIN<MAKMUR HRP>","JALAN KAMPAR LK 7","prelist","MEDAN BELAWAN","BELAWAN I","LINGKUNGAN 9","","","H. Transportasi dan Pergudangan","SBR"],
    ["108513","TUKANG BECAK DAYUNG","JL BENGKALIS","prelist","MEDAN BELAWAN","BELAWAN I","LINGKUNGAN 2","","","H. Transportasi dan Pergudangan","SBR"],
    ["108514","BECAK MOTOR <SYAMSUL>","JALAN INDRAGIRI LK6","prelist","MEDAN BELAWAN","BELAWAN I","LINGKUNGAN 2","","","H. Transportasi dan Pergudangan","SBR"],
    ["108515","OJEKSEPEDAMOTOR <MHD BAHTRIN>","JALAN ASAHAN PT 3 LK10","prelist","MEDAN BELAWAN","BELAWAN I","LINGKUNGAN 11","","","H. Transportasi dan Pergudangan","SBR"],
    ["108516","TUKANG BECAK MESIN <ZULFAN RAMADHANI>","JALAN ASAHAN RS 4 LK 11","prelist","MEDAN BELAWAN","BELAWAN I","LINGKUNGAN 11","","","H. Transportasi dan Pergudangan","SBR"],
    ["108517","PENARIK BECAK <ARFAN AFANDI>","JALAN ASAHAN RS 1 LK 11","prelist","MEDAN BELAWAN","BELAWAN I","LINGKUNGAN 11","","","H. Transportasi dan Pergudangan","SBR"],
    ["108518","TRANSPORTASI <M EFENDI BATU BARA>","JL TM PAHLAWAN SUNDARI LK 13","prelist","MEDAN BELAWAN","BELAWAN I","LINGKUNGAN 26","","","H. Transportasi dan Pergudangan","SBR"],
    ["108519","BETOR <SYAFRIAL>","LORONG PERHATIAN NO-22 LK 7 6","prelist","MEDAN BELAWAN","BELAWAN I","LINGKUNGAN 16","","","H. Transportasi dan Pergudangan","SBR"],
    ["108520","BECAK DAYUNG<HASAN>","LORONG KENANGA","prelist","MEDAN BELAWAN","BELAWAN I","LINGKUNGAN 2","","","H. Transportasi dan Pergudangan","SBR"],
    ["108521","TUKANG BECAK MOTOR <KAMEL>","LOR PAPAN LK 28 BELAWAN 1","prelist","MEDAN BELAWAN","BELAWAN I","LINGKUNGAN 31","","","H. Transportasi dan Pergudangan","SBR"],
    ["108522","SUPIR ANGKOT<TARIGAN>","LOR PAPAN LK 28 BELAWAN 1","prelist","MEDAN BELAWAN","BELAWAN I","LINGKUNGAN 31","","","H. Transportasi dan Pergudangan","SBR"],
    ["108523","BETOR <SYAHRIAL>","LORONG SEMPURNA NO- 19 B","prelist","MEDAN BELAWAN","BELAWAN I","LINGKUNGAN 24","","","H. Transportasi dan Pergudangan","SBR"],
    ["108524","OJEK MOTOR <HERRY>","LORONG GEREJA LINGKUNGAN 11","prelist","MEDAN BELAWAN","BAGAN DELI","LINGKUNGAN 8","","","H. Transportasi dan Pergudangan","SBR"],
    ["108535","TRANSPORTASI LAUT <KASHDI>","KAMPUNG NELAYAN LINK 12","prelist","MEDAN BELAWAN","BELAWAN I","LINGKUNGAN 2","","","H. Transportasi dan Pergudangan","SBR"],
    ["108536","TRANSPORTASI LAUT <PERAHU BOAT>","KP NELAYAN LING XII BELAWAN I BELAWAN","prelist","MEDAN BELAWAN","BELAWAN I","LINGKUNGAN 31","","","H. Transportasi dan Pergudangan","SBR"],
    ["108537","TRANSPORTASI SUNGAI<H ILYAS>","KP NELAYAN LING XII BELAWAN I","prelist","MEDAN BELAWAN","BELAWAN I","LINGKUNGAN 31","","","H. Transportasi dan Pergudangan","SBR"],
    ["108538","TRANSPORTASI SUNGAI<FIDLI>","KP NELAYAN LING XII BELAWAN I BELAWAN","prelist","MEDAN BELAWAN","BELAWAN I","LINGKUNGAN 31","","","H. Transportasi dan Pergudangan","SBR"],
    ["108539","TRANSPORTASI SUNGAI <M.YAKUB>","KP NELAYAN LINGKUNGAN 12 BELAWAN-1","prelist","MEDAN BELAWAN","BELAWAN I","LINGKUNGAN 31","","","H. Transportasi dan Pergudangan","SBR"],
    ["108540","TRANSPORTASI SUNGAI <SAHARUDDIN>","KP NELAYAN LINGKUNGAN 12 BELAWAN-1","prelist","MEDAN BELAWAN","BELAWAN I","LINGKUNGAN 31","","","H. Transportasi dan Pergudangan","SBR"],
    ["108541","TRANSPORTASI SUNGAI <PONIMIN>","KP NELAYAN LINGKUNGAN 12 BELAWAN-1","prelist","MEDAN BELAWAN","BELAWAN I","LINGKUNGAN 31","","","H. Transportasi dan Pergudangan","SBR"],
    ["108672","PEKERJA HARIAN <JENI>","LINGKUNGAN 29 BEAWAN I","prelist","MEDAN BELAWAN","BELAWAN I","LINGKUNGAN 2","","","H. Transportasi dan Pergudangan","SBR"],
    ["108673","OJEK <RAMAWARDI>","LOR DERMAWAN NO 38","prelist","MEDAN BELAWAN","BELAWAN I","LINGKUNGAN 2","","","H. Transportasi dan Pergudangan","SBR"],
    ["108674","BURUH PELABUHAN <KAMARUDIN>","JL SELEBES GANG RUKUN LK 43","prelist","MEDAN BELAWAN","BELAWAN II","LINGKUNGAN 33","","","H. Transportasi dan Pergudangan","SBR"],
    ["108675","BURUH PELABUHAN <SYHRUL>","JL SELEBES LK 32","prelist","MEDAN BELAWAN","BELAWAN II","LINGKUNGAN 33","","","H. Transportasi dan Pergudangan","SBR"],
    ["108676","KERJA SERABUTAN DI PELABUHAN","JL SEBELAS GANG 15 PALUH LINGKUNGAN 30","prelist","MEDAN BELAWAN","BELAWAN II","LINGKUNGAN 44","","","H. Transportasi dan Pergudangan","SBR"],
    ["108677","KOPEK UDANG<LIANA>","JLN PULAU SINABANG LK 8","prelist","MEDAN BELAWAN","BELAWAN BAHARI","LINGKUNGAN 11","","","H. Transportasi dan Pergudangan","SBR"],
    ["110141","JUAL MIE KELILING <LUICING>","LINGKUNGAN 20","prelist","MEDAN BELAWAN","BELAWAN BAHAGIA","LINGKUNGAN 5","","","I. Penyediaan Akomodasi dan Makan Minum","SBR"],
    ["110180","JUALAN SARAPAN PAGI","JL YOS SUDARSO","prelist","MEDAN BELAWAN","BELAWAN I","LINGKUNGAN 28","","","I. Penyediaan Akomodasi dan Makan Minum","SBR"],
    ["110202","JUALAN SARAPAN PAGI <FITRI>","JL PASAR LAMA LINK 29","prelist","MEDAN BELAWAN","BELAWAN II","LINGKUNGAN 39","","","I. Penyediaan Akomodasi dan Makan Minum","SBR"],
    ["110204","WARUNG NASI<DARMANSYAH>","JL PASAR LAMA LINK 29","prelist","MEDAN BELAWAN","BELAWAN II","LINGKUNGAN 39","","","I. Penyediaan Akomodasi dan Makan Minum","SBR"],
    ["110222","JUAL SARAPAN<SETIA>","JL KR BUDIN LK 09","prelist","MEDAN BELAWAN","BELAWAN I","LINGKUNGAN 28","","","I. Penyediaan Akomodasi dan Makan Minum","SBR"],
    ["110270","NASI GORENG <BU RUS>","BLOK 14 LK 10","prelist","MEDAN BELAWAN","BELAWAN SICANANG","LINGKUNGAN 10","","","I. Penyediaan Akomodasi dan Makan Minum","SBR"],
    ["110271","GORENGAN <NINING>","BLOK 17 LK 14","prelist","MEDAN BELAWAN","BELAWAN SICANANG","LINGKUNGAN 14","","","I. Penyediaan Akomodasi dan Makan Minum","SBR"],
    ["110272","JUAL KERIPIK < BUK SRI>","JLN KELAPA LINGKUNGAN 19 SICANANG","prelist","MEDAN BELAWAN","BELAWAN SICANANG","LINGKUNGAN 19","","","I. Penyediaan Akomodasi dan Makan Minum","SBR"],
    ["110273","WARUNG SARAPAN <MURNI>","BLOK 25 LK 15 BEL SICANANG","prelist","MEDAN BELAWAN","BELAWAN SICANANG","LINGKUNGAN 15","","","I. Penyediaan Akomodasi dan Makan Minum","SBR"],
    ["110274","WARUNG NORI<LASMA>","BLOK 30 LK 17","prelist","MEDAN BELAWAN","BELAWAN SICANANG","LINGKUNGAN 15","","","I. Penyediaan Akomodasi dan Makan Minum","SBR"],
    ["110278","JUAL MIE GORENG <KK EVI>","JLN YOUNG PANAH HIJAU LINGK 7","prelist","MEDAN BELAWAN","BELAWAN BAHARI","LINGKUNGAN 1","","","I. Penyediaan Akomodasi dan Makan Minum","SBR"],
    ["110286","JUAL LAUK DAN SAYUR MASAK","KAMP SYUKUR LK 29","prelist","MEDAN BELAWAN","BELAWAN II","LINGKUNGAN 44","","","I. Penyediaan Akomodasi dan Makan Minum","SBR"],
    ["110287","WARUNG MAKANAN DAN MINUMAN <LATIPAH>","KAMPUNG SALAM III LKL 12","prelist","MEDAN BELAWAN","BELAWAN II","LINGKUNGAN 37","","","I. Penyediaan Akomodasi dan Makan Minum","SBR"],
    ["110288","MENJUAL MAKANAN <ROSMAULI>","JALAN P HALMAHERA LING 10","prelist","MEDAN BELAWAN","BELAWAN BAHARI","LINGKUNGAN 11","","","I. Penyediaan Akomodasi dan Makan Minum","SBR"],
    ["110289","WARUNG NASI <NONONG>","JLN PULAU AMBON LK 7 BAHARI","prelist","MEDAN BELAWAN","BELAWAN BAHARI","LINGKUNGAN 11","","","I. Penyediaan Akomodasi dan Makan Minum","SBR"],
    ["110290","JUAL ES KRIM <ANTO>","JL PULAU AMBON LK 7","prelist","MEDAN BELAWAN","BELAWAN BAHARI","LINGKUNGAN 11","","","I. Penyediaan Akomodasi dan Makan Minum","SBR"],
    ["110291","WARUNG NASI SOTO","JLN PULAU SAMOSIR","prelist","MEDAN BELAWAN","BELAWAN BAHARI","LINGKUNGAN 11","","","I. Penyediaan Akomodasi dan Makan Minum","SBR"],
    ["110292","KEDAI KOPI<ANTON>","LORONG ANDALAS LK 13 BAHARI","prelist","MEDAN BELAWAN","BELAWAN BAHARI","LINGKUNGAN 11","","","I. Penyediaan Akomodasi dan Makan Minum","SBR"],
    ["110293","KEDAI SARAPAH PAGI <WAGINTAN>","JALAN BELANAK","prelist","MEDAN BELAWAN","BELAWAN BAHAGIA","LINGKUNGAN 16","","","I. Penyediaan Akomodasi dan Makan Minum","SBR"],
    ["110294","LONTONG <WAK SANGKOT)","JL TERUBUK","prelist","MEDAN BELAWAN","BELAWAN BAHAGIA","LINGKUNGAN 5","","","I. Penyediaan Akomodasi dan Makan Minum","SBR"],
    ["110295","JUAL SAYUR MASAK <DEDEK>/MARIANI","KAMPUNG KOLAM L K.IX","prelist","MEDAN BELAWAN","BELAWAN BAHAGIA","LINGKUNGAN 9","","","I. Penyediaan Akomodasi dan Makan Minum","SBR"],
    ["110296","JUALAN SARAPAN PAGI <ZAINAL ABIDIN>","JL BAWAL LINGK 19","prelist","MEDAN BELAWAN","BELAWAN BAHAGIA","LINGKUNGAN 19","","","I. Penyediaan Akomodasi dan Makan Minum","SBR"],
    ["110297","WARUNG MAKAN <NORMA>","JL PLTU P SICANDANG LINGKUNGAN 1","prelist","MEDAN BELAWAN","BELAWAN SICANANG","LINGKUNGAN 1","","","I. Penyediaan Akomodasi dan Makan Minum","SBR"],
    ["110298","MENJUAL BUAH TAING","BLOK B LK 5","prelist","MEDAN BELAWAN","BELAWAN SICANANG","LINGKUNGAN 15","","","I. Penyediaan Akomodasi dan Makan Minum","SBR"],
    ["110299","KEDAI KOPI <SUYONO>","JIHIDAYAH LK 4","prelist","MEDAN BELAWAN","BELAWAN SICANANG","LINGKUNGAN 15","","","I. Penyediaan Akomodasi dan Makan Minum","SBR"],
    ["110302","JUALAN NASI <NURZAITUN>","JALAN CITANDUI BELAWAN","prelist","MEDAN BELAWAN","BELAWAN II","LINGKUNGAN 10","","","I. Penyediaan Akomodasi dan Makan Minum","SBR"],
    ["110303","BAKSO BAKAR <YUSMAINI>","JLSTASIUN KOMPLEK PJKA LK 38","prelist","MEDAN BELAWAN","BELAWAN II","LINGKUNGAN 38","","","I. Penyediaan Akomodasi dan Makan Minum","SBR"],
    ["110304","MENJUAL GORENGAN <IMAH>","JLN BUNGA KOMPLEKS PJKA LING 38","prelist","MEDAN BELAWAN","BELAWAN II","LINGKUNGAN 38","","","I. Penyediaan Akomodasi dan Makan Minum","SBR"],
    ["110305","WARUNG MAKANAN <NURSIAH>","JL STASIUN PJKA LK 03","prelist","MEDAN BELAWAN","BELAWAN I","LINGKUNGAN 13","","","I. Penyediaan Akomodasi dan Makan Minum","SBR"],
    ["110306","JUAL ES CENDOL <SAMSUL>","JL BUNGA KOMPLEK PJKA LK 03","prelist","MEDAN BELAWAN","BELAWAN II","LINGKUNGAN 38","","","I. Penyediaan Akomodasi dan Makan Minum","SBR"],
    ["110307","KEDAI KOPI <SAMSUDIN>","JL CIAMIS TIMUR LK 12","prelist","MEDAN BELAWAN","BELAWAN II","LINGKUNGAN 12","","","I. Penyediaan Akomodasi dan Makan Minum","SBR"],
    ["110308","GINA JUAL MIE SOP/NASI GORENG","JL CIBATU BARAT LK 13 BELAWAN","prelist","MEDAN BELAWAN","BELAWAN II","LINGKUNGAN 34","","","I. Penyediaan Akomodasi dan Makan Minum","SBR"],
    ["110309","JUALAN MIE SOP <DARA>","JL CIANJUR TIMUR","prelist","MEDAN BELAWAN","BELAWAN II","LINGKUNGAN 16","","","I. Penyediaan Akomodasi dan Makan Minum","SBR"],
    ["110310","JUALAN KACANG TOJIN <MIKO>","JL CIPANAS","prelist","MEDAN BELAWAN","BELAWAN II","LINGKUNGAN 44","","","I. Penyediaan Akomodasi dan Makan Minum","SBR"],
    ["110311","JUAL PISANG MOLEN TELA TELA <IMAM>","JL SELEBES GG 6 PALUH","prelist","MEDAN BELAWAN","BELAWAN II","LINGKUNGAN 33","","","I. Penyediaan Akomodasi dan Makan Minum","SBR"],
    ["110312","WARUNG MIE <TINA>","J L SELEBES","prelist","MEDAN BELAWAN","BELAWAN II","LINGKUNGAN 33","","","I. Penyediaan Akomodasi dan Makan Minum","SBR"],
    ["110313","JUALAN MIE BALAP <EGA>","JALAN CITARUM","prelist","MEDAN BELAWAN","BELAWAN II","LINGKUNGAN 22","","","I. Penyediaan Akomodasi dan Makan Minum","SBR"],
    ["110314","RUJAK KELILING HAMDANI","JL CIMANUK NO 6 LK 23","prelist","MEDAN BELAWAN","BELAWAN II","LINGKUNGAN 23","","","I. Penyediaan Akomodasi dan Makan Minum","SBR"],
    ["110315","JUAL KUE GORENGAN <SUPIA>","JL BUNGAN LK 21","prelist","MEDAN BELAWAN","BELAWAN II","LINGKUNGAN 38","","","I. Penyediaan Akomodasi dan Makan Minum","SBR"],
    ["110316","KEDAI KOPI","LK 26","prelist","MEDAN BELAWAN","BELAWAN II","LINGKUNGAN 44","","","I. Penyediaan Akomodasi dan Makan Minum","SBR"],
    ["110317","JUALN LONTONG","LINGKUNGAN 26","prelist","MEDAN BELAWAN","BELAWAN II","LINGKUNGAN 44","","","I. Penyediaan Akomodasi dan Makan Minum","SBR"],
    ["110318","KEDAI MINUMAN <N PANDIANGAN>","LORONG 2 VETERAN","prelist","MEDAN BELAWAN","BAGAN DELI","LINGKUNGAN 8","","","I. Penyediaan Akomodasi dan Makan Minum","SBR"],
    ["110319","JUALAN SARAPAN PAGI","JLN LOR III VETERAN BAGAN DELI","prelist","MEDAN BELAWAN","BAGAN DELI","LINGKUNGAN 8","","","I. Penyediaan Akomodasi dan Makan Minum","SBR"],
    ["110320","JUALAN BUBUR KELILING","LORONG V VETERAN BAGAN DELI","prelist","MEDAN BELAWAN","BAGAN DELI","LINGKUNGAN 7","","","I. Penyediaan Akomodasi dan Makan Minum","SBR"],
    ["110321","WARUNG MIESOP<LISA>","LORONG SAWITA LINGKUNGAN XIV","prelist","MEDAN BELAWAN","BELAWAN SICANANG","LINGKUNGAN 15","","","I. Penyediaan Akomodasi dan Makan Minum","SBR"],
    ["110322","CAFE <RISMAWATI>","JL.SUMATERA PINGGIR REL","prelist","MEDAN BELAWAN","BELAWAN I","LINGKUNGAN 1","","","I. Penyediaan Akomodasi dan Makan Minum","SBR"],
    ["110323","JUAL MIE PANGSIT <ANG I SUN>","JIN BUNGA TIMUR LK 41","prelist","MEDAN BELAWAN","BELAWAN II","LINGKUNGAN 41","","","I. Penyediaan Akomodasi dan Makan Minum","SBR"],
    ["110324","KEDAI NASI BATAK <RITA>","JL SUMATERA NO 25 LK 42","prelist","MEDAN BELAWAN","BELAWAN I","LINGKUNGAN 1","","","I. Penyediaan Akomodasi dan Makan Minum","SBR"],
    ["110325","JUALAN CENDOL <RUSMIATI>","JL RIAU BARAT LK I","prelist","MEDAN BELAWAN","BELAWAN II","LINGKUNGAN 28","","","I. Penyediaan Akomodasi dan Makan Minum","SBR"],
    ["110326","JUALAN MIE <FITRIANI>","JL RIAU BARAT LK I","prelist","MEDAN BELAWAN","BELAWAN II","LINGKUNGAN 28","","","I. Penyediaan Akomodasi dan Makan Minum","SBR"],
    ["110327","JUAL MAKANAN MASAK <LINDA ARIANI>","JL. SELEBES GANG RUKUN LK 43","prelist","MEDAN BELAWAN","BELAWAN II","LINGKUNGAN 33","","","I. Penyediaan Akomodasi dan Makan Minum","SBR"],
    ["110328","RUMAH KOST KOSTAN <SOFYAN NURDIN>","JL SELEBES GG RUKUN LK 43","prelist","MEDAN BELAWAN","BELAWAN II","LINGKUNGAN 33","","","I. Penyediaan Akomodasi dan Makan Minum","SBR"],
    ["110329","DAGANG SATE KELILING <SUWATRI>","JL. SELEBES GG RUKUN","prelist","MEDAN BELAWAN","BELAWAN II","LINGKUNGAN 33","","","I. Penyediaan Akomodasi dan Makan Minum","SBR"],
    ["110330","JUAL SARAPAN <HELMA>","JL CILACAP BARAT LK 08","prelist","MEDAN BELAWAN","BELAWAN II","LINGKUNGAN 8","","","I. Penyediaan Akomodasi dan Makan Minum","SBR"],
    ["110331","JUAL MINUNAN <AYU>","JL CILACAP TIMUR","prelist","MEDAN BELAWAN","BELAWAN II","LINGKUNGAN 9","","","I. Penyediaan Akomodasi dan Makan Minum","SBR"],
    ["110332","JUALAN NASI GORENG <NURUL HUDA>","JL CILACAP TIMUR","prelist","MEDAN BELAWAN","BELAWAN II","LINGKUNGAN 9","","","I. Penyediaan Akomodasi dan Makan Minum","SBR"],
    ["110333","JUALAN GORENGAN <ANI>","JL SELEBES TITI PANJANG LK 35","prelist","MEDAN BELAWAN","BELAWAN II","LINGKUNGAN 33","","","I. Penyediaan Akomodasi dan Makan Minum","SBR"],
    ["110334","JUAL MIE GORENG <AINUN>","LOR MELATI LK 27 BELAWAN 1","prelist","MEDAN BELAWAN","BELAWAN I","LINGKUNGAN 27","","","I. Penyediaan Akomodasi dan Makan Minum","SBR"],
    ["110335","JUALAN RUJAK <RAMLAN>","LORONG PAPAN BELAWAN","prelist","MEDAN BELAWAN","BELAWAN I","LINGKUNGAN 31","","","I. Penyediaan Akomodasi dan Makan Minum","SBR"],
    ["110336","JUAL TAKJIL","LORONG PAPAN","prelist","MEDAN BELAWAN","BELAWAN I","LINGKUNGAN 2","","","I. Penyediaan Akomodasi dan Makan Minum","SBR"],
    ["110337","KEDAI KUE <BU ASNI>","LORONG PAPAN LK 28 BE LAWAN 1","prelist","MEDAN BELAWAN","BELAWAN I","LINGKUNGAN 2","","","I. Penyediaan Akomodasi dan Makan Minum","SBR"],
    ["110338","JUAL MAKANAN<HADIJAH>/ PUJ AKESUMA","LORONG SUAR LK 29 BELAWAN","prelist","MEDAN BELAWAN","BELAWAN I","LINGKUNGAN 31","","","I. Penyediaan Akomodasi dan Makan Minum","SBR"],
    ["110339","WARUNG LONTONG <BUATI>","JL BELAWAN","prelist","MEDAN BELAWAN","BELAWAN I","LINGKUNGAN 2","","","I. Penyediaan Akomodasi dan Makan Minum","SBR"],
    ["110340","WARUNG SARAPAN <SRI WAHYUNI>","LORONG 1 UMUM BAGAN DELI","prelist","MEDAN BELAWAN","BELAWAN I","LINGKUNGAN 29","","","I. Penyediaan Akomodasi dan Makan Minum","SBR"],
    ["110341","JUAL MIE SOP <RUPANA>","LINGKUNGAN 12","prelist","MEDAN BELAWAN","BAGAN DELI","LINGKUNGAN 8","","","I. Penyediaan Akomodasi dan Makan Minum","SBR"],
    ["110342","JUALAN JAMU KELILING","LORONG 5 UMUM BAGAN DELI LINGK XIII","prelist","MEDAN BELAWAN","BAGAN DELI","LINGKUNGAN 7","","","I. Penyediaan Akomodasi dan Makan Minum","SBR"],
    ["110343","WARUNG MIE SOP <WAK IJAR>","LORONG VI UMUM BAGAN DELI LINGKUNGAN XIII","prelist","MEDAN BELAWAN","BAGAN DELI","LINGKUNGAN 10","","","I. Penyediaan Akomodasi dan Makan Minum","SBR"],
    ["110344","WARUNG JUS <KEMBAR>","LORONG VI UMUM BAGAN DELI LINGKUNGAN XIII","prelist","MEDAN BELAWAN","BAGAN DELI","LINGKUNGAN 8","","","I. Penyediaan Akomodasi dan Makan Minum","SBR"],
    ["110345","KEDAI NASI <LIA>","JALAN PERIKANAN GABION LINGKUNGAN 11","prelist","MEDAN BELAWAN","BAGAN DELI","LINGKUNGAN 8","","","I. Penyediaan Akomodasi dan Makan Minum","SBR"],
    ["110346","JUAL NASI GORENG <IRAWAN>","LOR MESJID","prelist","MEDAN BELAWAN","BAGAN DELI","LINGKUNGAN 8","","","I. Penyediaan Akomodasi dan Makan Minum","SBR"],
    ["110347","KEDAI SARAPAN PAGI <SYOFYAN>","LORONG UJUNG TANJUNG I","prelist","MEDAN BELAWAN","BAGAN DELI","LINGKUNGAN 8","","","I. Penyediaan Akomodasi dan Makan Minum","SBR"],
    ["110348","KEDAI JAJANAN <SALBIAH>","LORONG UJUNG TANJUNG 1","prelist","MEDAN BELAWAN","BAGAN DELI","LINGKUNGAN 8","","","I. Penyediaan Akomodasi dan Makan Minum","SBR"],
    ["110349","WARUNG NASI <JAMILAH>","LORONG UJUNG TANJUNG II","prelist","MEDAN BELAWAN","BAGAN DELI","LINGKUNGAN 8","","","I. Penyediaan Akomodasi dan Makan Minum","SBR"],
    ["110354","WARUNG NASI GORENG LMIS BAH 7","KP NELAYAN LINGKUNGAN 12 BELAWAN","prelist","MEDAN BELAWAN","BELAWAN I","LINGKUNGAN 31","","","I. Penyediaan Akomodasi dan Makan Minum","SBR"],
    ["110355","KANTIN TAMTAMA-AL <ANISYAH>","JALAN DELI","prelist","MEDAN BELAWAN","BELAWAN I","LINGKUNGAN 4","","","I. Penyediaan Akomodasi dan Makan Minum","SBR"],
    ["110356","JUALAN ES <WATI>","JALAN KAMPAR LK 7","prelist","MEDAN BELAWAN","BELAWAN I","LINGKUNGAN 9","","","I. Penyediaan Akomodasi dan Makan Minum","SBR"],
    ["110357","KEDAI BANG AM","JALAN SERDANG P 9","prelist","MEDAN BELAWAN","BELAWAN I","LINGKUNGAN 2","","","I. Penyediaan Akomodasi dan Makan Minum","SBR"],
    ["110358","MITRA SOLO BAKSO","JL LANGKAT","prelist","MEDAN BELAWAN","BELAWAN I","LINGKUNGAN 4","","","I. Penyediaan Akomodasi dan Makan Minum","SBR"],
    ["110359","JUAL LONTONG <BU CICIK>","JLN BENGKALIS CD 1 LK 6 BELAWAN 1","prelist","MEDAN BELAWAN","BELAWAN I","LINGKUNGAN 31","","","I. Penyediaan Akomodasi dan Makan Minum","SBR"],
    ["110360","JUAL KUE KELILING <NAIRAS>","JLN BENGKALIS CD4 LK6","prelist","MEDAN BELAWAN","BELAWAN I","LINGKUNGAN 2","","","I. Penyediaan Akomodasi dan Makan Minum","SBR"],
    ["110361","KEDAI NASI GORENG<JULHAM>","JLN SERDANG LK 8 BELAWAN","prelist","MEDAN BELAWAN","BELAWAN I","LINGKUNGAN 8","","","I. Penyediaan Akomodasi dan Makan Minum","SBR"],
    ["110362","JUAL MINUMAN <PONIRA>","JL SERDANG","prelist","MEDAN BELAWAN","BELAWAN I","LINGKUNGAN 8","","","I. Penyediaan Akomodasi dan Makan Minum","SBR"],
    ["110363","JUALAN MIE SOP <ROSMA>","JLN KAMPAR BELAWAN","prelist","MEDAN BELAWAN","BELAWAN I","LINGKUNGAN 9","","","I. Penyediaan Akomodasi dan Makan Minum","SBR"],
    ["110364","WARUNG NASI <MEGA TARI>","JL TM PAHLAWAN TANGKAHAN SUNDARI LK 13","prelist","MEDAN BELAWAN","BELAWAN I","LINGKUNGAN 13","","","I. Penyediaan Akomodasi dan Makan Minum","SBR"],
    ["110365","JUALAN LONTONG MALAM<JUNAIDAH>","JL TM PAHLAWAN PERHATIAN","prelist","MEDAN BELAWAN","BELAWAN I","LINGKUNGAN 26","","","I. Penyediaan Akomodasi dan Makan Minum","SBR"],
    ["110678","JUALAN SARAPAN <RAMLAH>","JL KL YOS SUDARSO","prelist","MEDAN BELAWAN","BELAWAN I","LINGKUNGAN 28","","","I. Penyediaan Akomodasi dan Makan Minum","SBR"],
    ["110711","JUAL SAYUR MASAK <HAMIDAH>","LORONG BAKTI","prelist","MEDAN BELAWAN","BELAWAN I","LINGKUNGAN 31","","","I. Penyediaan Akomodasi dan Makan Minum","SBR"],
    ["110712","WARUNG KOPI SUSU <EDI RAMADANA>","JL PASAR LINGKUNGAN 20","prelist","MEDAN BELAWAN","BELAWAN II","LINGKUNGAN 39","","","I. Penyediaan Akomodasi dan Makan Minum","SBR"],
    ["110990","JUAL PULSA <SINTA>","JLN PULAU SINABANG LK 8","prelist","MEDAN BELAWAN","BELAWAN BAHARI","LINGKUNGAN 11","","","J. Informasi dan Komunikasi","SBR"],
    ["110991","PENJUAL PULSA MAKNUR","JL GULAMA LK XV BELAWAN BAHAGIA","prelist","MEDAN BELAWAN","BELAWAN BAHAGIA","LINGKUNGAN 15","","","J. Informasi dan Komunikasi","SBR"],
    ["110992","JUAL PULSA","JLN KELAPA LINGKUNGAN 19 CANANG","prelist","MEDAN BELAWAN","BELAWAN SICANANG","LINGKUNGAN 19","","","J. Informasi dan Komunikasi","SBR"],
    ["110993","WARNET UZAIFAH","BLOK 9 LK 6","prelist","MEDAN BELAWAN","BELAWAN SICANANG","LINGKUNGAN 19","","","J. Informasi dan Komunikasi","SBR"],
    ["111014","WARUNG INTERNET <KAK AYU>","KP NELAYAN LINGKUNGAN 12 BELAWAN","prelist","MEDAN BELAWAN","BELAWAN I","LINGKUNGAN 31","","","J. Informasi dan Komunikasi","SBR"],
    ["111015","JUAL PULSA <DINDA>","JALAN ASAHAN CDS NO6 LK6","prelist","MEDAN BELAWAN","BELAWAN I","LINGKUNGAN 11","","","J. Informasi dan Komunikasi","SBR"],
    ["111016","ISTIANA PULSA <HENI>","LORONG PAHLAWAN","prelist","MEDAN BELAWAN","BELAWAN I","LINGKUNGAN 19","","","J. Informasi dan Komunikasi","SBR"],
    ["111017","PONSEL MINI <ULPA>","LOR MESJID","prelist","MEDAN BELAWAN","BAGAN DELI","LINGKUNGAN 8","","","J. Informasi dan Komunikasi","SBR"],
    ["111018","JUAL PULSA <TATI>","JLN RIAU TIMUR LK 2","prelist","MEDAN BELAWAN","BELAWAN II","LINGKUNGAN 2","","","J. Informasi dan Komunikasi","SBR"],
    ["111019","JUALAN MAKANAN RINGAN DAN WARNET","JL CILACAP TIMUR","prelist","MEDAN BELAWAN","BELAWAN II","LINGKUNGAN 9","","","J. Informasi dan Komunikasi","SBR"],
    ["111020","JUAL PULSA ELEKTRIK <SITI>","JL CIBADAK LK 18","prelist","MEDAN BELAWAN","BELAWAN II","LINGKUNGAN 44","","","J. Informasi dan Komunikasi","SBR"],
    ["111021","WARNET <SUMARDI>","JL CIMANUK LK 23","prelist","MEDAN BELAWAN","BELAWAN II","LINGKUNGAN 23","","","J. Informasi dan Komunikasi","SBR"],
    ["111090","JUAL PULSA <MEGA SARI>","LINGKUNGAN 29 BELAWAN 1","prelist","MEDAN BELAWAN","BELAWAN I","LINGKUNGAN 2","","","J. Informasi dan Komunikasi","SBR"],
    ["111091","MENJUAL PULSA <SUWARNI>","JALAN BELANAK","prelist","MEDAN BELAWAN","BELAWAN BAHAGIA","LINGKUNGAN 16","","","J. Informasi dan Komunikasi","SBR"],
    ["111104","KREDIT UANG <ROSI>","LORONG VI UMUM BAGAN DELI LINGKUNGAN XIII","prelist","MEDAN BELAWAN","BAGAN DELI","LINGKUNGAN 10","","","K. Aktivitas Keuangan Dan Asuransi","SBR"],
    ["111105","KREDIT UANG <NURAINI>","PALUH LK 31","prelist","MEDAN BELAWAN","BELAWAN II","LINGKUNGAN 44","","","K. Aktivitas Keuangan Dan Asuransi","SBR"],
    ["111106","RENTENIR <MAK NINGSIH>","JL. PULAU AMBON LK. 7","prelist","MEDAN BELAWAN","BELAWAN BAHARI","LINGKUNGAN 11","","","K. Aktivitas Keuangan Dan Asuransi","SBR"],
    ["111486","PERSEWAAN RUMAH","JL RAYA PELABUHAN","prelist","MEDAN BELAWAN","BELAWAN BAHARI","LINGKUNGAN 12","","","L. Real Estat","SBR"],
    ["111487","PERSEWAAN TEMPAT <DEDI>","JL BUNGA BLOK 1 NO 1","prelist","MEDAN BELAWAN","BELAWAN II","LINGKUNGAN 40","","","L. Real Estat","SBR"],
    ["111488","PERSEWAAN RUMAH","JL. CILACAP TIMUR","prelist","MEDAN BELAWAN","BELAWAN II","LINGKUNGAN 9","","","L. Real Estat","SBR"],
    ["111489","PENYEWAAN LAPAK JUALAN <ANDI>","JALAN BUNGA KOMPLEK PJKA BELAWAN II","prelist","MEDAN BELAWAN","BELAWAN II","LINGKUNGAN 38","","","L. Real Estat","SBR"],
    ["111490","USAHA KONTRAKAN <AHYAR>","JLN CIAMIS BARAT LK II","prelist","MEDAN BELAWAN","BELAWAN II","LINGKUNGAN 11","","","L. Real Estat","SBR"],
    ["111491","PENYEWAAN RUMAH<FANI>","JL CITARUM","prelist","MEDAN BELAWAN","BELAWAN II","LINGKUNGAN 22","","","L. Real Estat","SBR"],
    ["111492","PENYEWAAN RUMAH","JLN PULAU AMBON LINGKUNGAN 7","prelist","MEDAN BELAWAN","BELAWAN BAHARI","LINGKUNGAN 11","","","L. Real Estat","SBR"],
    ["111493","DDE <CV>","JL PITU LK 2","prelist","MEDAN BELAWAN","BELAWAN SICANANG","LINGKUNGAN 15","","","L. Real Estat","SBR"],
    ["111515","KONTRAKAN","LORONG UMUM LINGKUNGAN 1","prelist","MEDAN BELAWAN","BAGAN DELI","LINGKUNGAN 8","","","L. Real Estat","SBR"],
    ["111516","RUMAH SEWA <IBRAHIM>","LOR MESJID LINGK 4","prelist","MEDAN BELAWAN","BAGAN DELI","LINGKUNGAN 8","","","L. Real Estat","SBR"],
    ["111813","JASA KEAMANAN","LORONG GEREJA LINGKUNGAN X11","prelist","MEDAN BELAWAN","BAGAN DELI","LINGKUNGAN 8","","","N. Jasa Persewaan, Ketenagakerjaan, Agen Perjalanan, dan Jasa Pendukung","SBR"],
    ["111814","JASA KEAMANAN PRIBADI <IYUS FS>","LINGKUNGAN 12 BAGAN DELI","prelist","MEDAN BELAWAN","BAGAN DELI","LINGKUNGAN 8","","","N. Jasa Persewaan, Ketenagakerjaan, Agen Perjalanan, dan Jasa Pendukung","SBR"],
    ["111815","USAHA CAS BATRE <KAMALUDDIN>","LORONG UJUNG TANJUNG SEBERANG","prelist","MEDAN BELAWAN","BAGAN DELI","LINGKUNGAN 8","","","N. Jasa Persewaan, Ketenagakerjaan, Agen Perjalanan, dan Jasa Pendukung","SBR"],
    ["111816","JASA CALO <TIKET>","JALAN SELEBES ALFALAH 1 LK 37","prelist","MEDAN BELAWAN","BELAWAN II","LINGKUNGAN 37","","","N. Jasa Persewaan, Ketenagakerjaan, Agen Perjalanan, dan Jasa Pendukung","SBR"],
    ["111817","FOTO COPY","JL GULAMA","prelist","MEDAN BELAWAN","BELAWAN BAHAGIA","LINGKUNGAN 15","","","N. Jasa Persewaan, Ketenagakerjaan, Agen Perjalanan, dan Jasa Pendukung","SBR"],
    ["111818","MENYEWAKAN ANGKUTAN","ISL SELANGAT LK 12 RT: RW: KODEPOS: 20413","prelist","MEDAN BELAWAN","BELAWAN BAHAGIA","LINGKUNGAN 11","","","N. Jasa Persewaan, Ketenagakerjaan, Agen Perjalanan, dan Jasa Pendukung","SBR"],
    ["111926","GURU NGAJI DI RUMAH <MUSLIM>","JL RAYA PELABUHAN LK 44","prelist","MEDAN BELAWAN","BELAWAN BAHARI","LINGKUNGAN 12","","","P. Pendidikan","SBR"],
    ["111927","SD NEGRI 065957","JALAN BANGKA JAWA LK I","prelist","MEDAN BELAWAN","BELAWAN II","LINGKUNGAN 4","","","P. Pendidikan","SBR"],
    ["111928","GURU NGAJI <KHADIJAH>","JALAN CIREBON LK 24","prelist","MEDAN BELAWAN","BELAWAN II","LINGKUNGAN 24","","","P. Pendidikan","SBR"],
    ["111929","MENGAJAR PRIPAT <MARIANTI>","KAMPUNG SALAM LINGKUN..0-AN 2 6 B E LAWAN","prelist","MEDAN BELAWAN","BELAWAN II","LINGKUNGAN 44","","","P. Pendidikan","SBR"],
    ["111930","SMK MUHAMADIYAH BELAWAN","KAMPUNG SALAM LK 12 RT: RW: KODEPOS: 20415","prelist","MEDAN BELAWAN","BELAWAN II","LINGKUNGAN 37","","","P. Pendidikan","SBR"],
    ["112025","PELAYANAN KESEHATAN BETHEL BELAWAN","I L SUMATERA NOBB","prelist","MEDAN BELAWAN","BELAWAN I","LINGKUNGAN 31","","","Q. Jasa Kesehatan dan Kegiatan Sosial","SBR"],
    ["112026","PASANG BEHEL <TANTRI>","JL BUNGA TIMUR NO 22","prelist","MEDAN BELAWAN","BELAWAN II","LINGKUNGAN 40","","","Q. Jasa Kesehatan dan Kegiatan Sosial","SBR"],
    ["112027","MARWIYAH CERAGEM","JL CIBATU BARAT LK 13 BELAWAN","prelist","MEDAN BELAWAN","BELAWAN II","LINGKUNGAN 34","","","Q. Jasa Kesehatan dan Kegiatan Sosial","SBR"],
    ["112118","GAME PS <FAISAL>","JLN SERDANG LK 8 BELAWAN","prelist","MEDAN BELAWAN","BELAWAN I","LINGKUNGAN 8","","","R. Kesenian, Hiburan, dan Rekreasi","SBR"],
    ["112120","USAHA PS <HALIMAH>","LOR MELATI LK 27 BELAWAN","prelist","MEDAN BELAWAN","BELAWAN I","LINGKUNGAN 27","","","R. Kesenian, Hiburan, dan Rekreasi","SBR"],
    ["112121","BIDUAN KEYBOARD <SANGKOT>","LORONG KENANGA","prelist","MEDAN BELAWAN","BELAWAN I","LINGKUNGAN 2","","","R. Kesenian, Hiburan, dan Rekreasi","SBR"],
    ["112122","GAME PS <LIA>","JL PULAU SINABANG LK 8","prelist","MEDAN BELAWAN","BELAWAN BAHARI","LINGKUNGAN 11","","","R. Kesenian, Hiburan, dan Rekreasi","SBR"],
    ["112123","DINGDONG <HERMANSYAH>","JL DUYUNG LINGK 7","prelist","MEDAN BELAWAN","BELAWAN BAHAGIA","LINGKUNGAN 7","","","R. Kesenian, Hiburan, dan Rekreasi","SBR"],
    ["112124","DING DONG <EDI>","KAMPUNG KOLAM LK IX","prelist","MEDAN BELAWAN","BELAWAN BAHAGIA","LINGKUNGAN 9","","","R. Kesenian, Hiburan, dan Rekreasi","SBR"],
    ["112125","RENTAL PS <ZULKIFLI>","JALAN KAKAP LINGKUNGAN 1 6","prelist","MEDAN BELAWAN","BELAWAN BAHAGIA","LINGKUNGAN 8","","","R. Kesenian, Hiburan, dan Rekreasi","SBR"],
    ["112734","BELAH IKAN <SITI ARBIAH>","JALAN PULAU SINABANG LINGUNGAN 8","prelist","MEDAN BELAWAN","BELAWAN BAHARI","LINGKUNGAN 11","","","S. Aktivitas Jasa Lainnya","SBR"],
    ["112735","BELAH IKAN ASIN <NIA>","JALAN PULAU SINABANG LINGKUNGAN 8","prelist","MEDAN BELAWAN","BELAWAN BAHARI","LINGKUNGAN 11","","","S. Aktivitas Jasa Lainnya","SBR"],
    ["112736","BILAL MAYAT <ABSAH>","JLN PULAU AMBON LK 7 BAHARI","prelist","MEDAN BELAWAN","BELAWAN BAHARI","LINGKUNGAN 11","","","S. Aktivitas Jasa Lainnya","SBR"],
    ["112737","SERVIS TV <ANTO>","JL. PULAU LOMBOK LK. 7","prelist","MEDAN BELAWAN","BELAWAN BAHARI","LINGKUNGAN 11","","","S. Aktivitas Jasa Lainnya","SBR"],
    ["112738","JEMUR IKAN ASIN<MOHAYATI>","JALAN PULAU SERAM","prelist","MEDAN BELAWAN","BELAWAN BAHARI","LINGKUNGAN 6","","","S. Aktivitas Jasa Lainnya","SBR"],
    ["112739","JASA JEMUR IKAN ASIN","JALAN PULAU NIAS LINGKUNGAN 3","prelist","MEDAN BELAWAN","BELAWAN BAHARI","LINGKUNGAN 8","","","S. Aktivitas Jasa Lainnya","SBR"],
    ["112740","BURUH PELABUHAN <PRENGKI>","JLN PULAU TERNATE LK 5","prelist","MEDAN BELAWAN","BELAWAN BAHARI","LINGKUNGAN 5","","","S. Aktivitas Jasa Lainnya","SBR"],
    ["112741","JEMUR IKAN TERI","LORONG PARDOMUAN LK 13 BAHARI","prelist","MEDAN BELAWAN","BELAWAN BAHARI","LINGKUNGAN 11","","","S. Aktivitas Jasa Lainnya","SBR"],
    ["112742","SALON <YUNI CHANIAGO>","JL SELANGAT PAJAK BARU BELAWAN BAHAGIA","prelist","MEDAN BELAWAN","BELAWAN BAHAGIA","LINGKUNGAN 6","","","S. Aktivitas Jasa Lainnya","SBR"],
    ["112743","TUKANG CUCI <MAHYUN>","KAMPUNG KOLAM LK IX","prelist","MEDAN BELAWAN","BELAWAN BAHAGIA","LINGKUNGAN 9","","","S. Aktivitas Jasa Lainnya","SBR"],
    ["112744","TUKANG KUSUK <PONIMAN>","BLOK 12A LK 6","prelist","MEDAN BELAWAN","BELAWAN SICANANG","LINGKUNGAN 15","","","S. Aktivitas Jasa Lainnya","SBR"],
    ["112745","REPERASI ELEKTRONIK <SIDIK>","BLOK B LK 9 PULAU SICANANG","prelist","MEDAN BELAWAN","BELAWAN BAHARI","LINGKUNGAN 7","","","S. Aktivitas Jasa Lainnya","SBR"],
    ["112750","TUKANG KUSUK","JLSELEBES LK 33","prelist","MEDAN BELAWAN","BELAWAN II","LINGKUNGAN 44","","","S. Aktivitas Jasa Lainnya","SBR"],
    ["112751","RIAS PENGANTIN <M YANI>","JL","prelist","MEDAN BELAWAN","BELAWAN II","LINGKUNGAN 44","","","S. Aktivitas Jasa Lainnya","SBR"],
    ["112752","PEKERJA SERABUTAN","PALUH LK31","prelist","MEDAN BELAWAN","BELAWAN II","LINGKUNGAN 44","","","S. Aktivitas Jasa Lainnya","SBR"],
    ["112753","TUKANG KUSUK <FAISAL>","JLN CIKAMPEK","prelist","MEDAN BELAWAN","BELAWAN II","LINGKUNGAN 44","","","S. Aktivitas Jasa Lainnya","SBR"],
    ["112754","TK KUSUK","JL CIMANUK LK 23","prelist","MEDAN BELAWAN","BELAWAN II","LINGKUNGAN 23","","","S. Aktivitas Jasa Lainnya","SBR"],
    ["112755","BURUH PANGGUL <HIDAYAT>","LK 26 KAMP SALAM","prelist","MEDAN BELAWAN","BELAWAN II","LINGKUNGAN 44","","","S. Aktivitas Jasa Lainnya","SBR"],
    ["112756","TUKANG JAHIT VERMAK <ESNI>","KP SALAM I LK 26","prelist","MEDAN BELAWAN","BELAWAN II","LINGKUNGAN 44","","","S. Aktivitas Jasa Lainnya","SBR"],
    ["112757","PEKERJA SERABUTAN <JAINDIN>","JL SELEBES LK 30","prelist","MEDAN BELAWAN","BELAWAN II","LINGKUNGAN 33","","","S. Aktivitas Jasa Lainnya","SBR"],
    ["112758","TUKANG CUCI <ASIYAH>","KP SYUKUR","prelist","MEDAN BELAWAN","BELAWAN II","LINGKUNGAN 29","","","S. Aktivitas Jasa Lainnya","SBR"],
    ["112759","SALON PANGKAS KARYA INDAH","KAMP UNG SALAM LK 12","prelist","MEDAN BELAWAN","BELAWAN BAHARI","LINGKUNGAN 12","","","S. Aktivitas Jasa Lainnya","SBR"],
    ["112760","CUCI SAMPAN <FAISAL>","JALAN PULAU SINABANG LINGKUNGAN 8","prelist","MEDAN BELAWAN","BELAWAN BAHARI","LINGKUNGAN 11","","","S. Aktivitas Jasa Lainnya","SBR"],
    ["112761","CUCI SAMPAN<DONAL>","JLN PULAU SINABANG LK 8","prelist","MEDAN BELAWAN","BELAWAN BAHARI","LINGKUNGAN 11","","","S. Aktivitas Jasa Lainnya","SBR"],
    ["112762","BELAH IKAN DAN JEMUR <IRMA>","JLN PULAU SINABANG LK 8","prelist","MEDAN BELAWAN","BELAWAN BAHARI","LINGKUNGAN 11","","","S. Aktivitas Jasa Lainnya","SBR"],
    ["112763","CUCI IKAN ASIN< HANIF>","JLN PULAU SINABANG LK 8","prelist","MEDAN BELAWAN","BELAWAN BAHARI","LINGKUNGAN 11","","","S. Aktivitas Jasa Lainnya","SBR"],
    ["112764","BELAH IKAN ASIN <RATNA>","JALAN PULAU SINABANG LINGKUNGAN 8","prelist","MEDAN BELAWAN","BELAWAN BAHARI","LINGKUNGAN 11","","","S. Aktivitas Jasa Lainnya","SBR"],
    ["112765","CUCI SAMPAN <PEM>","JALAN PULAU SINABANG LINGKUNGAN 8","prelist","MEDAN BELAWAN","BELAWAN BAHARI","LINGKUNGAN 11","","","S. Aktivitas Jasa Lainnya","SBR"],
    ["112766","KULI PANGGUL <LILI SUHERI>","JL BUNGA PJKA","prelist","MEDAN BELAWAN","BELAWAN II","LINGKUNGAN 38","","","S. Aktivitas Jasa Lainnya","SBR"],
    ["112767","KULI PANGGUL <DERMAN>","JL BUNGA PJKA LK 03","prelist","MEDAN BELAWAN","BELAWAN II","LINGKUNGAN 38","","","S. Aktivitas Jasa Lainnya","SBR"],
    ["112768","CLINING TANGKI MINYAK <HERI>","JL STASIUN PJKA LK 38","prelist","MEDAN BELAWAN","BELAWAN I","LINGKUNGAN 13","","","S. Aktivitas Jasa Lainnya","SBR"],
    ["112769","PENJAGA KAROKE <JUHELA>","JL STASIUN PJKA LK 38","prelist","MEDAN BELAWAN","BELAWAN I","LINGKUNGAN 13","","","S. Aktivitas Jasa Lainnya","SBR"],
    ["112770","KULI ANGKAT IKAN <SUHENDRA>","JL STASIUN PJKA","prelist","MEDAN BELAWAN","BELAWAN I","LINGKUNGAN 13","","","S. Aktivitas Jasa Lainnya","SBR"],
    ["112771","BENGKEL DINAMO <IWAN>","JL STASIUN KOMPLEK PJKA LK 38","prelist","MEDAN BELAWAN","BELAWAN II","LINGKUNGAN 38","","","S. Aktivitas Jasa Lainnya","SBR"],
    ["112772","BURUH BANGUNAN <AGUS>","JL STASIUN PJKA LK 03","prelist","MEDAN BELAWAN","BELAWAN I","LINGKUNGAN 13","","","S. Aktivitas Jasa Lainnya","SBR"],
    ["112773","BURUH PANGGUL <TUKIMAN>","JL PELABUHAN","prelist","MEDAN BELAWAN","BELAWAN II","LINGKUNGAN 35","","","S. Aktivitas Jasa Lainnya","SBR"],
    ["112774","<TONGAM S>","JL BUNGA PJKA LK 03","prelist","MEDAN BELAWAN","BELAWAN II","LINGKUNGAN 38","","","S. Aktivitas Jasa Lainnya","SBR"],
    ["112775","SERVICE JAM <TOROPAN T>","GL SLIMATERA RELAWAN","prelist","MEDAN BELAWAN","BELAWAN II","LINGKUNGAN 44","","","S. Aktivitas Jasa Lainnya","SBR"],
    ["112776","BURUH PELABUHAN <FREDDY>","JL. PELABUHAN","prelist","MEDAN BELAWAN","BELAWAN II","LINGKUNGAN 35","","","S. Aktivitas Jasa Lainnya","SBR"],
    ["112777","BURUH HARIAN <RIDWAN>","JALAN CIAMIS LK 11","prelist","MEDAN BELAWAN","BELAWAN II","LINGKUNGAN 11","","","S. Aktivitas Jasa Lainnya","SBR"],
    ["112778","BURUH SERABUTAN <MULYANTO>","JL CIAMIS BARAT LK 11","prelist","MEDAN BELAWAN","BELAWAN II","LINGKUNGAN 11","","","S. Aktivitas Jasa Lainnya","SBR"],
    ["112779","BURUH HARIAN <INTAN>","JALAN CIANJUR LK 16","prelist","MEDAN BELAWAN","BELAWAN II","LINGKUNGAN 16","","","S. Aktivitas Jasa Lainnya","SBR"],
    ["112780","PERBAIKAN TV <MUAS>","JALAN CIANJUR LK 16","prelist","MEDAN BELAWAN","BELAWAN II","LINGKUNGAN 16","","","S. Aktivitas Jasa Lainnya","SBR"],
    ["112781","BURUH HARIAN <M ARIP>","JL CIPANAS","prelist","MEDAN BELAWAN","BELAWAN II","LINGKUNGAN 44","","","S. Aktivitas Jasa Lainnya","SBR"],
    ["112783","BURUH HARIAN <ARDI>","JL PELABUHAN BELAWAN","prelist","MEDAN BELAWAN","BAGAN DELI","LINGKUNGAN 9","","","S. Aktivitas Jasa Lainnya","SBR"],
    ["112784","CLENING SERVIS <FAUZI>","JL BUNGA LK 28","prelist","MEDAN BELAWAN","BELAWAN II","LINGKUNGAN 38","","","S. Aktivitas Jasa Lainnya","SBR"],
    ["112785","BURUH HARIAN <M YANI>","JL BANGKA GANG KEJU LK 1","prelist","MEDAN BELAWAN","BELAWAN II","LINGKUNGAN 4","","","S. Aktivitas Jasa Lainnya","SBR"],
    ["112786","BURUH HARIAN LEPAS <ARIANDY>","GG RUKUN LK 43","prelist","MEDAN BELAWAN","BELAWAN II","LINGKUNGAN 44","","","S. Aktivitas Jasa Lainnya","SBR"],
    ["112787","BURUH <JEPRI>","GG RUKUN LK 43","prelist","MEDAN BELAWAN","BELAWAN II","LINGKUNGAN 44","","","S. Aktivitas Jasa Lainnya","SBR"],
    ["112788","BURUH BONGKAR MUAT <ZUL HENDRI>","JL SELEBES ALFALAH I","prelist","MEDAN BELAWAN","BELAWAN II","LINGKUNGAN 37","","","S. Aktivitas Jasa Lainnya","SBR"],
    ["112789","BURUH <JHONI>","JL BANGKA TIMUR LK 4","prelist","MEDAN BELAWAN","BELAWAN II","LINGKUNGAN 4","","","S. Aktivitas Jasa Lainnya","SBR"],
    ["112790","TUKANG LULUR <HASNAH>","JL CILACAP BARAT LK 08","prelist","MEDAN BELAWAN","BELAWAN II","LINGKUNGAN 8","","","S. Aktivitas Jasa Lainnya","SBR"],
    ["112791","TUKANG KUSUK <UMI>","JL CILACAP TIMUR","prelist","MEDAN BELAWAN","BELAWAN II","LINGKUNGAN 9","","","S. Aktivitas Jasa Lainnya","SBR"],
    ["112792","BURUH SERABUTAH","PALUH PERTA","prelist","MEDAN BELAWAN","BELAWAN II","LINGKUNGAN 44","","","S. Aktivitas Jasa Lainnya","SBR"],
    ["112793","BURUH GUDANG IKAN <JAFAR>","JL SELEBES TITI PANJANG LK 35","prelist","MEDAN BELAWAN","BELAWAN II","LINGKUNGAN 33","","","S. Aktivitas Jasa Lainnya","SBR"],
    ["112794","BURUH SERABUTAN <HERMAN>","JL SELEBES TITI PANJANG LK 35","prelist","MEDAN BELAWAN","BELAWAN II","LINGKUNGAN 33","","","S. Aktivitas Jasa Lainnya","SBR"],
    ["112795","BURUH SERABUTAN <BUKHARI>","JL SELEBES TITI PANJANG LK 35","prelist","MEDAN BELAWAN","BELAWAN II","LINGKUNGAN 33","","","S. Aktivitas Jasa Lainnya","SBR"],
    ["112796","BURUH SERABUTAN <TARMIZI>","JL SELEBES TITI PANJANG LK 35","prelist","MEDAN BELAWAN","BELAWAN II","LINGKUNGAN 33","","","S. Aktivitas Jasa Lainnya","SBR"],
    ["112797","TUKANG KUSUK KELILING <RASYID>","JALAN SELEBES TITI PANJANG LINGKUNGAN 35","prelist","MEDAN BELAWAN","BELAWAN II","LINGKUNGAN 33","","","S. Aktivitas Jasa Lainnya","SBR"],
    ["112798","TUKANG KOPEK SOKAT <RAHIL>","LORONG UJUNG TANJUNG 1","prelist","MEDAN BELAWAN","BAGAN DELI","LINGKUNGAN 8","","","S. Aktivitas Jasa Lainnya","SBR"],
    ["112799","TUKANG CUCI <RAJEMAH.","LORONG UJUNG TANJUNG I","prelist","MEDAN BELAWAN","BAGAN DELI","LINGKUNGAN 8","","","S. Aktivitas Jasa Lainnya","SBR"],
    ["112800","TUKANG PIJAT","LORONG UJUNG TANJUNG 1","prelist","MEDAN BELAWAN","BAGAN DELI","LINGKUNGAN 8","","","S. Aktivitas Jasa Lainnya","SBR"],
    ["112801","GURU NGAJI <IIS SHOLIHAT>","LORONG UJUNG TANJUNG I","prelist","MEDAN BELAWAN","BAGAN DELI","LINGKUNGAN 8","","","S. Aktivitas Jasa Lainnya","SBR"],
    ["112802","TUKANG JEMUR TERI <ROHAYA>","LORONG UJUNG TANJUNG SEBERANG","prelist","MEDAN BELAWAN","BAGAN DELI","LINGKUNGAN 8","","","S. Aktivitas Jasa Lainnya","SBR"],
    ["112803","KERJA BURUH SOKAT <SYAFII>","LORONG UJUNG TANJUNG II","prelist","MEDAN BELAWAN","BAGAN DELI","LINGKUNGAN 8","","","S. Aktivitas Jasa Lainnya","SBR"],
    ["112804","TUKANG KULI PANGGUL <SURYA>","LORONG SEKOLAH II","prelist","MEDAN BELAWAN","BELAWAN I","LINGKUNGAN 21","","","S. Aktivitas Jasa Lainnya","SBR"],
    ["112806","TUKANG GONGKAR BOAT","LORONG IV VETERAN","prelist","MEDAN BELAWAN","BAGAN DELI","LINGKUNGAN 8","","","S. Aktivitas Jasa Lainnya","SBR"],
    ["112807","REPERASI TV","JLN LOR III VETERAN BAGAN DELI","prelist","MEDAN BELAWAN","BAGAN DELI","LINGKUNGAN 8","","","S. Aktivitas Jasa Lainnya","SBR"],
    ["112808","BONGKAR MUAT","LORONG V VETERAN","prelist","MEDAN BELAWAN","BAGAN DELI","LINGKUNGAN 7","","","S. Aktivitas Jasa Lainnya","SBR"],
    ["112809","JEMUR TERI <TIRMIN LUMBAN TOBING>","LURONG V VETERAN","prelist","MEDAN BELAWAN","BAGAN DELI","LINGKUNGAN 8","","","S. Aktivitas Jasa Lainnya","SBR"],
    ["112810","BONGKAR MUAT KAPAL <SAPARUDDIN>","JL VETERAN","prelist","MEDAN BELAWAN","BELAWAN I","LINGKUNGAN 2","","","S. Aktivitas Jasa Lainnya","SBR"],
    ["112812","BURUH HARIAN LEPAS <JUWITA>","LORONG VI VETERAN","prelist","MEDAN BELAWAN","BAGAN DELI","LINGKUNGAN 10","","","S. Aktivitas Jasa Lainnya","SBR"],
    ["112813","BURUH BELAH IKAN BASAH","LORONG VI VETERAN LINGKUNGAN X","prelist","MEDAN BELAWAN","BAGAN DELI","LINGKUNGAN 10","","","S. Aktivitas Jasa Lainnya","SBR"],
    ["112814","TUKANG JEMUR TERI <DINA>","LORONG VI UMUM BAGAN DELI LINGKUNGAN XIII","prelist","MEDAN BELAWAN","BAGAN DELI","LINGKUNGAN 10","","","S. Aktivitas Jasa Lainnya","SBR"],
    ["112815","TUKANG JEMUR TERI <NENEK>","LORONG VI UMUM LINGKUNGAN XIII BAGAN DELI","prelist","MEDAN BELAWAN","BAGAN DELI","LINGKUNGAN 10","","","S. Aktivitas Jasa Lainnya","SBR"],
    ["112816","TUKANG POTONG IKAN <TARMI>","LORONG VI UMUM BAGAN DELI LINGKUNGAN XIII","prelist","MEDAN BELAWAN","BAGAN DELI","LINGKUNGAN 10","","","S. Aktivitas Jasa Lainnya","SBR"],
    ["112817","TUKANG MILIH SOKAT <NURAINUN>","LORONG UJUNG TANJUNG","prelist","MEDAN BELAWAN","BAGAN DELI","LINGKUNGAN 8","","","S. Aktivitas Jasa Lainnya","SBR"],
    ["112819","MEMILIH SOKAT <RITA APRANI>","LORONG PROYEK","prelist","MEDAN BELAWAN","BAGAN DELI","LINGKUNGAN 8","","","S. Aktivitas Jasa Lainnya","SBR"],
    ["112820","TUKANG BELAH IKAN <RODIAH>","LORONG UJUNG TANJUNG I","prelist","MEDAN BELAWAN","BAGAN DELI","LINGKUNGAN 8","","","S. Aktivitas Jasa Lainnya","SBR"],
    ["112821","TUKANG JEMUR TERI <NURMAYA SIREGAR>","LOR GEREJA","prelist","MEDAN BELAWAN","BAGAN DELI","LINGKUNGAN 8","","","S. Aktivitas Jasa Lainnya","SBR"],
    ["112822","TUKANG BONGKAR MUAT IKAN <ANTO>","LORONG PROYEK","prelist","MEDAN BELAWAN","BAGAN DELI","LINGKUNGAN 8","","","S. Aktivitas Jasa Lainnya","SBR"],
    ["112823","TUKANG JEMUR TERI <ROSLINA>","LORONG GEREJA","prelist","MEDAN BELAWAN","BAGAN DELI","LINGKUNGAN 8","","","S. Aktivitas Jasa Lainnya","SBR"],
    ["112824","JEMUR TERI <RANI>","LORONG V VETERAN","prelist","MEDAN BELAWAN","BAGAN DELI","LINGKUNGAN 7","","","S. Aktivitas Jasa Lainnya","SBR"],
    ["112825","TUKANG JEMUR TERI <NINING>","LORONG PROYEK","prelist","MEDAN BELAWAN","BAGAN DELI","LINGKUNGAN 8","","","S. Aktivitas Jasa Lainnya","SBR"],
    ["112826","GURU NGAJI <KHAIRIAH>","BAGAN DELI","prelist","MEDAN BELAWAN","BAGAN DELI","LINGKUNGAN 8","","","S. Aktivitas Jasa Lainnya","SBR"],
    ["112827","SERVICE HP <RAHMADI>","LOR MESJID","prelist","MEDAN BELAWAN","BAGAN DELI","LINGKUNGAN 8","","","S. Aktivitas Jasa Lainnya","SBR"],
    ["112828","PENJAGA WARNET <FAHMIZAR>","LORONG MASJID GANG BERJAYA","prelist","MEDAN BELAWAN","BAGAN DELI","LINGKUNGAN 8","","","S. Aktivitas Jasa Lainnya","SBR"],
    ["112829","TUKANG KOPEK SOKAT <RAFIKA>","GANG BILAL LINGKUNGAN IV","prelist","MEDAN BELAWAN","BAGAN DELI","LINGKUNGAN 8","","","S. Aktivitas Jasa Lainnya","SBR"],
    ["112830","CLEANING MINYAK <SAFRIZAL>","J L TM PAHLAWAN LORONG MAKMUR LK 26","prelist","MEDAN BELAWAN","BELAWAN I","LINGKUNGAN 26","","","S. Aktivitas Jasa Lainnya","SBR"],
    ["112832","TUKANG KUSUK<OPUNG>","LORONG KENANGA","prelist","MEDAN BELAWAN","BELAWAN I","LINGKUNGAN 2","","","S. Aktivitas Jasa Lainnya","SBR"],
    ["112833","PENJAHIT<TJOE SIM>","LORONG KESENIAN NO-19A LK 18","prelist","MEDAN BELAWAN","BELAWAN I","LINGKUNGAN 18","","","S. Aktivitas Jasa Lainnya","SBR"],
    ["112834","PENCUCI BOAT <TOIB>","LORONG PAPAN LK-28","prelist","MEDAN BELAWAN","BELAWAN I","LINGKUNGAN 2","","","S. Aktivitas Jasa Lainnya","SBR"],
    ["112835","BIIAL MAYAT <RAMLI>/<KAPSAH>","LORONG SUKUR","prelist","MEDAN BELAWAN","BELAWAN I","LINGKUNGAN 2","","","S. Aktivitas Jasa Lainnya","SBR"],
    ["112836","TUKANG PARKIR <NASIB>","LORONG SUPIR","prelist","MEDAN BELAWAN","BELAWAN I","LINGKUNGAN 29","","","S. Aktivitas Jasa Lainnya","SBR"],
    ["112837","SALON <RUBIAH>","LINGKUNGAN 9","prelist","MEDAN BELAWAN","BAGAN DELI","LINGKUNGAN 8","","","S. Aktivitas Jasa Lainnya","SBR"],
    ["112838","BURUH BONGKAR MUAT <JUKITO>","LORONG 1 UMUM LINGKUNGAN 1","prelist","MEDAN BELAWAN","BELAWAN BAHARI","LINGKUNGAN 8","","","S. Aktivitas Jasa Lainnya","SBR"],
    ["112839","TUKANG JEMUR TERI <NURMIA BUTAR BUTAR>","LORONG GEREJA","prelist","MEDAN BELAWAN","BAGAN DELI","LINGKUNGAN 8","","","S. Aktivitas Jasa Lainnya","SBR"],
    ["112840","TUKANG MUAT BONGKAR IKAN","LORONG GEREJA","prelist","MEDAN BELAWAN","BAGAN DELI","LINGKUNGAN 8","","","S. Aktivitas Jasa Lainnya","SBR"],
    ["112841","TUKANG BONGKAR IKAN <MARSINTIN>","LORONG GEREJA GABION","prelist","MEDAN BELAWAN","BAGAN DELI","LINGKUNGAN 11","","","S. Aktivitas Jasa Lainnya","SBR"],
    ["112842","TUKANG JEMUR TERI <LINCE>","LORONG GEREJA","prelist","MEDAN BELAWAN","BAGAN DELI","LINGKUNGAN 8","","","S. Aktivitas Jasa Lainnya","SBR"],
    ["112843","TUKANG JEMUR TERI <RUSTINA>","LORONG GEREJA LK 12","prelist","MEDAN BELAWAN","BAGAN DELI","LINGKUNGAN 8","","","S. Aktivitas Jasa Lainnya","SBR"],
    ["112845","TUKANG MASAK DIKANTIN <ANITA>","LORONG V UMUM LINGKUNGAN XIII BAGAN DELI","prelist","MEDAN BELAWAN","BAGAN DELI","LINGKUNGAN 8","","","S. Aktivitas Jasa Lainnya","SBR"],
    ["112855","BURUH PELABUHAN <SABDAS>","JALAN KAMPAR LK 7","prelist","MEDAN BELAWAN","BELAWAN I","LINGKUNGAN 9","","","S. Aktivitas Jasa Lainnya","SBR"],
    ["112856","TUKANG SERVIS KUNCI <MUSLIM>","JALAN BENGKALIS LK 6","prelist","MEDAN BELAWAN","BELAWAN I","LINGKUNGAN 2","","","S. Aktivitas Jasa Lainnya","SBR"],
    ["112857","TUKANG PANGKAS <SITI>","JL SERDANG LK 8 BELAWAN","prelist","MEDAN BELAWAN","BELAWAN I","LINGKUNGAN 8","","","S. Aktivitas Jasa Lainnya","SBR"],
    ["112858","BURUH PELABUHAN<ZULKIFLI>","JALAN ASAHAN LK 11","prelist","MEDAN BELAWAN","BELAWAN I","LINGKUNGAN 11","","","S. Aktivitas Jasa Lainnya","SBR"],
    ["112859","REPERASI TV <FARULLIAN>","JL R SULIAN NO 129 LK 13","prelist","MEDAN BELAWAN","BELAWAN II","LINGKUNGAN 43","","","S. Aktivitas Jasa Lainnya","SBR"],
    ["112860","BURUH HARIAN <MAHYARUDIN>","LORONG PANCUR DALAM LK 13 BELAWAN 1","prelist","MEDAN BELAWAN","BELAWAN I","LINGKUNGAN 14","","","S. Aktivitas Jasa Lainnya","SBR"],
    ["112861","TUKANG CUCI BOAT <INDRA AMDANI>","JL TM PAHLAWAN LORONG BAHAGIA LK 26","prelist","MEDAN BELAWAN","BELAWAN I","LINGKUNGAN 26","","","S. Aktivitas Jasa Lainnya","SBR"],
    ["112974","BURUH SERABUTAN <IRVAN>","JL SEBELAS PALUH PERTA LINK 36","prelist","MEDAN BELAWAN","BELAWAN II","LINGKUNGAN 44","","","S. Aktivitas Jasa Lainnya","SBR"],
    ["112975","CLINING TANGKI MINYAK <JUPRI>","JL STASIUN PJKA","prelist","MEDAN BELAWAN","BELAWAN I","LINGKUNGAN 13","","","S. Aktivitas Jasa Lainnya","SBR"],
    ["112976","GURU NGAJI","JL CIMAHI BARAT","prelist","MEDAN BELAWAN","BELAWAN II","LINGKUNGAN 15","","","S. Aktivitas Jasa Lainnya","SBR"],
    ["112977","MENGEPAK BARANG TIKI","JL CIMANUK LK 23","prelist","MEDAN BELAWAN","BELAWAN II","LINGKUNGAN 44","","","S. Aktivitas Jasa Lainnya","SBR"],
    ["113000","GURU NGAJI <AFIZA>","JLN SERDANG LK 8 BELAWAN","prelist","MEDAN BELAWAN","BELAWAN I","LINGKUNGAN 8","","","S. Aktivitas Jasa Lainnya","SBR"],
    ["113001","BURUH PELABUHAN <DARLAN>","LINGKUNGAN 22","prelist","MEDAN BELAWAN","BELAWAN I","LINGKUNGAN 2","","","S. Aktivitas Jasa Lainnya","SBR"],
    ["113002","TUKANG CUCI <SAPTIAH>","LORONG SUPIR","prelist","MEDAN BELAWAN","BELAWAN I","LINGKUNGAN 29","","","S. Aktivitas Jasa Lainnya","SBR"],
    ["113003","TUKANG JEMUR TERI <MARYATI>","LORONG 111 VETERAN","prelist","MEDAN BELAWAN","BAGAN DELI","LINGKUNGAN 8","","","S. Aktivitas Jasa Lainnya","SBR"],
    ["113004","TUKANG BONGKAR IKAN<MULYADI>","LORONG IV VETERAN","prelist","MEDAN BELAWAN","BAGAN DELI","LINGKUNGAN 8","","","S. Aktivitas Jasa Lainnya","SBR"],
    ["113067","PANGLONG SAHABAT JAYA","JL VETERAN NO 31","prelist","MEDAN BELAWAN","BELAWAN I","LINGKUNGAN 2","","","G. Perdagangan Besar dan Eceran, Reparasi Mobil dan Sepeda Motor","SBR"],
    ["113068","PANGLONG BERKAS JAYA","JL STASIUN NO 1 GUDANG ARANG","prelist","MEDAN BELAWAN","BELAWAN I","LINGKUNGAN 24","","","G. Perdagangan Besar dan Eceran, Reparasi Mobil dan Sepeda Motor","SBR"],
    ["113069","PANGLONG AL HIDAYAH","JL SELEBES LK 30","prelist","MEDAN BELAWAN","BELAWAN II","LINGKUNGAN 33","","","G. Perdagangan Besar dan Eceran, Reparasi Mobil dan Sepeda Motor","SBR"],
    ["113238","WARUNA SHIPYARD INDONESIA, PT","JL. BAGAN DELI LAMA BELAWAN I","prelist","MEDAN BELAWAN","BAGAN DELI","LINGKUNGAN 8","","","C. Industri Pengolahan","SBR"],
    ["113596","AL RIDHO AL ANJANI, CV","JL MESJID","prelist","MEDAN BELAWAN","BELAWAN BAHARI","LINGKUNGAN 8","","","F. Konstruksi","SBR"],
    ["114544","REZEKI BERSAMA, CV","JL STASIUN LORONG ABADI NO 6A, MEDAN BELAWAN","prelist","MEDAN BELAWAN","BELAWAN I","LINGKUNGAN 22","","","F. Konstruksi","SBR"],
    ["114545","MEKAR, UD","JL SELEBES NO 1-A BELAWAN","prelist","MEDAN BELAWAN","BELAWAN II","LINGKUNGAN 43","","","F. Konstruksi","SBR"],
    ["114546","GAJAH MAS, UD","JL SUMATERA NO 74 BELAWAN","prelist","MEDAN BELAWAN","BELAWAN I","LINGKUNGAN 2","","","F. Konstruksi","SBR"],
    ["114547","ARTHA KURNIA, CV","JL VETERAN NO 6, MEDAN BELAWAN","prelist","MEDAN BELAWAN","BELAWAN I","LINGKUNGAN 2","","","F. Konstruksi","SBR"],
    ["114548","PILAR PERDANA UTAMA, CV","JL LORONG II NO 42 BAGAN DELI BELAWAN","prelist","MEDAN BELAWAN","BAGAN DELI","LINGKUNGAN 6","","","F. Konstruksi","SBR"],
    ["114549","PUTRA BELAWAN, CV","JL SELEBES NO 313 KEL. BELAWAN II BELAWAN","prelist","MEDAN BELAWAN","BELAWAN II","LINGKUNGAN 31","","","F. Konstruksi","SBR"],
    ["114550","ABADI JAYA, CV","JL TENGGIRI NO 42","prelist","MEDAN BELAWAN","BELAWAN BAHAGIA","LINGKUNGAN 4","","","F. Konstruksi","SBR"],
    ["114808","CAHAYA JAYA, CV","JL BANDENG NO 5 A PAJAK BARU BELAWAN","prelist","MEDAN BELAWAN","BELAWAN BAHAGIA","LINGKUNGAN 16","","","F. Konstruksi","SBR"],
    ["114972","RIZKITA MASKEN JAYA, CV","JL CISADANE GANG X NO 7 BELAWAN","prelist","MEDAN BELAWAN","BELAWAN II","LINGKUNGAN 3","","","F. Konstruksi","SBR"],
    ["115131","RANI JAYA UTAMA, CV","JL HIDAYAH LR. ANGGREK NO.221 LK. IV KEL. BELAWAN KEL. SICANANG","prelist","MEDAN BELAWAN","BELAWAN SICANANG","LINGKUNGAN 5","","","F. Konstruksi","SBR"],
    ["115183","AYU LESTARI, PT","JL KAMPAR NO-1-A LK. VII","prelist","MEDAN BELAWAN","BELAWAN I","LINGKUNGAN 7","","","F. Konstruksi","SBR"],
    ["115326","PUTERA GEMILANG, CV","JL LORONG ANGGREK LINGK. IV NO 221 KEL. BELAWAN SICANANG, KEC. MEDAN BELAWAN","prelist","MEDAN BELAWAN","BELAWAN SICANANG","LINGKUNGAN 15","","","F. Konstruksi","SBR"],
    ["115393","AZIZI BELAWAN, CV","JL MEDAN BELAWAN KM. 20 NO 21 B","prelist","MEDAN BELAWAN","BELAWAN BAHAGIA","LINGKUNGAN 8","","","F. Konstruksi","SBR"],
    ["115455","APTA TEHNIKAL JAYA, CV","JL MUJAHIR LINGK 1 NO 100 BELAWAN BAHAGIA, KEC. MEDAN BELAWAN","prelist","MEDAN BELAWAN","BELAWAN BAHAGIA","LINGKUNGAN 1","","","F. Konstruksi","SBR"],
    ["115645","MULTI HARAPAN TEHNIK, PT","JL PLTU LK.I KEL. BELAWAN SICANANG KEC. MEDAN BELAWAN","prelist","MEDAN BELAWAN","BELAWAN SICANANG","LINGKUNGAN 1","","","F. Konstruksi","SBR"],
    ["115657","ARYAGUNA JAYA, CV","JL PUSARA NO 221LINGK. IV KEL. BELAWAN SICANANG KEC. MEDAN BELAWAN","prelist","MEDAN BELAWAN","BELAWAN SICANANG","LINGKUNGAN 19","","","F. Konstruksi","SBR"],
    ["115682","DWIDANTRI, CV","JL RAYA PELABUHAN 12 LK. 43","prelist","MEDAN BELAWAN","BELAWAN II","LINGKUNGAN 44","","","F. Konstruksi","SBR"],
    ["115796","RANGGA SOLY, CV","JL SELEBES GG. VII NO 12","prelist","MEDAN BELAWAN","BELAWAN II","LINGKUNGAN 16","","","F. Konstruksi","SBR"],
    ["116021","LAUTAN BELAWAN JAYA, PT","JL VETERAN NO 178","prelist","MEDAN BELAWAN","BELAWAN I","LINGKUNGAN 2","","","F. Konstruksi","SBR"],
    ["116022","MARITIM BELAWAN JAYA, PT","JL VETERAN NO 178 BELAWAN","prelist","MEDAN BELAWAN","BELAWAN I","LINGKUNGAN 2","","","F. Konstruksi","SBR"],
    ["116852","SINTORA JAYA UTAMA, PT","JL STASIUN NO 99 LK. VIII","prelist","MEDAN BELAWAN","BELAWAN I","LINGKUNGAN 13","","","F. Konstruksi","SBR"],
    ["116853","NATASYA JAYA SENTOSA, PT","JL STASIUN LOR. SENTOSA LINK 17 NO 22","prelist","MEDAN BELAWAN","BELAWAN I","LINGKUNGAN 2","","","F. Konstruksi","SBR"],
    ["116864","WARUNA SHIPYARD INDONESIA, PT","JL BAGAN DELI NO 1. KEL BAGAN DELI ,KEC. MEDAN BELAWAN","prelist","MEDAN BELAWAN","BAGAN DELI","LINGKUNGAN 8","","","F. Konstruksi","SBR"],
    ["116919","Vivo & samsung store (Nitariani)","Lingkungan 20","prelist","MEDAN BELAWAN","BELAWAN BAHAGIA","LINGKUNGAN 5","","","G. Perdagangan Besar dan Eceran, Reparasi Mobil dan Sepeda Motor","SBR"],
    ["116921","J&T exprest (Tom)","Lingkungan 20","prelist","MEDAN BELAWAN","BELAWAN BAHAGIA","LINGKUNGAN 5","","","H. Transportasi dan Pergudangan","SBR"],
    ["117419","PENJAHIT WARNI","LINGKUNGAN 8","prelist","MEDAN BELAWAN","BELAWAN BAHARI","LINGKUNGAN 8","","","C. Industri Pengolahan","SBR"],
    ["117422","KOPEK KERANG","JL P. IRIAN LINGKUNGAN XI BELAWAN BAHARI","prelist","MEDAN BELAWAN","BELAWAN BAHARI","LINGKUNGAN 11","","","C. Industri Pengolahan","SBR"],
    ["117423","MEMBUAT LONTONG","JL P. IRIAN LINGKUNGAN XI BELAWAN BAHARI","prelist","MEDAN BELAWAN","BELAWAN BAHARI","LINGKUNGAN 11","","","C. Industri Pengolahan","SBR"],
    ["117424","KOPEK KERANG","JL P. IRIAN LINGKUNGAN 2","prelist","MEDAN BELAWAN","BELAWAN BAHARI","LINGKUNGAN 11","","","C. Industri Pengolahan","SBR"],
    ["117425","TERI ATAU PENGGARAMAN TERI","JL P. RUPAT LINGKUNGAN 9","prelist","MEDAN BELAWAN","BELAWAN BAHARI","LINGKUNGAN 11","","","C. Industri Pengolahan","SBR"],
    ["117446","MITRA BERSAMA LINTAS SAMUDRA, PT","JL. BENGKALIS NO 56","prelist","MEDAN BELAWAN","BELAWAN I","LINGKUNGAN 3","","","H. Transportasi dan Pergudangan","SBR"],
    ["117450","BENGKEL LAS","JL KL. YOS SUDARSO LORONG SEKOLAH","prelist","MEDAN BELAWAN","BELAWAN I","LINGKUNGAN 21","","","C. Industri Pengolahan","SBR"],
    ["117451","TUKANG LONTONG","JL PJKA LINGKUNGAN 03 BELAWAN 2","prelist","MEDAN BELAWAN","BELAWAN II","LINGKUNGAN 44","","","C. Industri Pengolahan","SBR"],
    ["117452","TUKANG JAHIT AMINAH","JL PJKA LINGKUNGAN 03 BELAWAN 2","prelist","MEDAN BELAWAN","BELAWAN II","LINGKUNGAN 44","","","C. Industri Pengolahan","SBR"],
    ["117453","AIR GALON AMRI","JL PJKA LINGKUNGAN 3 BELAWAN 2","prelist","MEDAN BELAWAN","BELAWAN II","LINGKUNGAN 44","","","C. Industri Pengolahan","SBR"],
    ["117528","TOBA GEMA UTAMA PT","Jl Raya Road 3","prelist","MEDAN BELAWAN","BELAWAN II","LINGKUNGAN 44","","","G. Perdagangan Besar dan Eceran, Reparasi Mobil dan Sepeda Motor","SBR"],
    ["117539","AKR CORPORINDO","Jl. Anggada I, Belawan I Kel. Belawan Kec. Medan Belawan","prelist","MEDAN BELAWAN","BELAWAN I","LINGKUNGAN 31","","","G. Perdagangan Besar dan Eceran, Reparasi Mobil dan Sepeda Motor","SBR"]
  ],
  "geometry": [
    [98.6842, 3.7825],
    [98.6887, 3.7846],
    [98.6821, 3.7644],
    [98.6851, 3.7832],
    [98.7032, 3.7773],
    [98.6879, 3.7831],
    [98.6939, 3.7845],
    [98.6866, 3.7845],
    [98.654, 3.7528],
    [98.6779, 3.7664],
    [98.6846, 3.7835],
    [98.6842, 3.7824],
    [98.683, 3.769],
    [98.6832, 3.7836],
    [98.6817, 3.7644],
    [98.6853, 3.7804],
    [98.6749, 3.7541],
    [98.6819, 3.7671],
    [98.6808, 3.768],
    [98.7046, 3.7743],
    [98.6831, 3.7835],
    [98.6831, 3.7835],
    [98.6839, 3.7827],
    [98.6485, 3.751],
    [98.6823, 3.7825],
    [98.6974, 3.7862],
    [98.6817, 3.7754],
    [98.6804, 3.7743],
    [98.6986, 3.7773],
    [98.6878, 3.7813],
    [98.686, 3.7833],
    [98.6848, 3.7769],
    [98.6866, 3.7852],
    [98.6836, 3.7827],
    [98.7013, 3.787],
    [98.6843, 3.7829],
    [98.686, 3.7833],
    [98.6843, 3.7819],
    [98.6856, 3.7833],
    [98.6837, 3.7832],
    [98.6864, 3.7833],
    [98.6871, 3.7834],
    [98.6862, 3.7835],
    [98.6862, 3.7835],
    [98.6982, 3.7847],
    [98.684, 3.7819],
    [98.7132, 3.7875],
    [98.6844, 3.7784],
    [98.6795, 3.7653],
    [98.7109, 3.7817],
    [98.6856, 3.7805],
    [98.6838, 3.7749],
    [98.6802, 3.7594],
    [98.6835, 3.7826],
    [98.6841, 3.7832],
    [98.6862, 3.7834],
    [98.6836, 3.7832],
    [98.6866, 3.784],
    [98.6837, 3.7827],
    [98.6854, 3.7831],
    [98.6852, 3.7805],
    [98.6851, 3.7833],
    [98.6815, 3.7609],
    [98.686, 3.7836],
    [98.7129, 3.785],
    [98.6871, 3.7836],
    [98.6811, 3.7826],
    [98.704, 3.7787],
    [98.717, 3.7933],
    [98.6999, 3.7857],
    [98.7038, 3.7858],
    [98.671, 3.7644],
    [98.7063, 3.7804],
    [98.6944, 3.7873],
    [98.6942, 3.7847],
    [98.7014, 3.7774],
    [98.7112, 3.7849],
    [98.7005, 3.781],
    [98.7088, 3.778],
    [98.6886, 3.7845],
    [98.6942, 3.7843],
    [98.6814, 3.7622],
    [98.6842, 3.7686],
    [98.7007, 3.7855],
    [98.6811, 3.7826],
    [98.7017, 3.7868],
    [98.6713, 3.7639],
    [98.6886, 3.7854],
    [98.6881, 3.7786],
    [98.6989, 3.7874],
    [98.6952, 3.7863],
    [98.6848, 3.7855],
    [98.6851, 3.7804],
    [98.686, 3.7832],
    [98.6915, 3.7839],
    [98.6869, 3.7868],
    [98.6519, 3.7582],
    [98.683, 3.7659],
    [98.7104, 3.7803],
    [98.7124, 3.7851],
    [98.7104, 3.7803],
    [98.7123, 3.7838],
    [98.7124, 3.7851],
    [98.649, 3.7409],
    [98.6673, 3.7545],
    [98.6552, 3.7589],
    [98.685, 3.7604],
    [98.6805, 3.7717],
    [98.6822, 3.7742],
    [98.682, 3.7687],
    [98.7093, 3.7789],
    [98.6576, 3.7591],
    [98.6631, 3.759],
    [98.6855, 3.7791],
    [98.6839, 3.7791],
    [98.6856, 3.7836],
    [98.6581, 3.754],
    [98.6805, 3.7672],
    [98.7012, 3.7854],
    [98.6512, 3.7477],
    [98.7098, 3.7792],
    [98.719, 3.7921],
    [98.7058, 3.7739],
    [98.6935, 3.7863],
    [98.6858, 3.7716],
    [98.6879, 3.7816],
    [98.6879, 3.7817],
    [98.6811, 3.7747],
    [98.6859, 3.7716],
    [98.6878, 3.7817],
    [98.6785, 3.7705],
    [98.6894, 3.783],
    [98.706, 3.7738],
    [98.6885, 3.7814],
    [98.6986, 3.7772],
    [98.6809, 3.7686],
    [98.676, 3.7545],
    [98.6943, 3.785],
    [98.6852, 3.7831],
    [98.703, 3.7866],
    [98.7137, 3.785],
    [98.6874, 3.7858],
    [98.7165, 3.7902],
    [98.6937, 3.7837],
    [98.6886, 3.7814],
    [98.6942, 3.7856],
    [98.6938, 3.781],
    [98.7087, 3.7788],
    [98.6809, 3.7757],
    [98.6879, 3.7817],
    [98.6973, 3.7877],
    [98.6973, 3.7869],
    [98.6779, 3.7578],
    [98.6878, 3.7809],
    [98.7119, 3.7855],
    [98.6792, 3.7742],
    [98.6941, 3.7858],
    [98.6955, 3.7863],
    [98.6901, 3.7827],
    [98.6942, 3.7842],
    [98.7144, 3.7842],
    [98.6881, 3.786],
    [98.6921, 3.7808],
    [98.6829, 3.7874],
    [98.6814, 3.7726],
    [98.6795, 3.7901],
    [98.6866, 3.784],
    [98.6811, 3.778],
    [98.6836, 3.7759],
    [98.6885, 3.7811],
    [98.6934, 3.7876],
    [98.6993, 3.7788],
    [98.6869, 3.7853],
    [98.6877, 3.7835],
    [98.6773, 3.7583],
    [98.6855, 3.7828],
    [98.6753, 3.7543],
    [98.6437, 3.743],
    [98.647, 3.7448],
    [98.6569, 3.7593],
    [98.6822, 3.7652],
    [98.6884, 3.7832],
    [98.6793, 3.7723],
    [98.6545, 3.7577],
    [98.6854, 3.7817],
    [98.6858, 3.7803],
    [98.7049, 3.7731],
    [98.6783, 3.7709],
    [98.6829, 3.7819],
    [98.7022, 3.7769],
    [98.6933, 3.7868],
    [98.7093, 3.7789],
    [98.6874, 3.7858],
    [98.685, 3.7806],
    [98.6889, 3.7647],
    [98.6836, 3.7739],
    [98.6839, 3.7827],
    [98.7029, 3.7764],
    [98.6862, 3.7763],
    [98.6772, 3.7684],
    [98.6865, 3.7834],
    [98.6817, 3.7714],
    [98.6786, 3.7577],
    [98.6851, 3.7811],
    [98.6587, 3.7571],
    [98.6894, 3.7847],
    [98.6948, 3.7863],
    [98.686, 3.7807],
    [98.6712, 3.7618],
    [98.6761, 3.7705],
    [98.6942, 3.7842],
    [98.6783, 3.766],
    [98.681, 3.7752],
    [98.675, 3.7654],
    [98.6783, 3.7612],
    [98.6837, 3.7777],
    [98.7027, 3.7756],
    [98.6751, 3.7655],
    [98.7021, 3.7768],
    [98.6798, 3.7733],
    [98.6806, 3.7725],
    [98.6783, 3.7578],
    [98.6819, 3.7646],
    [98.6817, 3.7599],
    [98.6761, 3.7565],
    [98.6994, 3.7843],
    [98.684, 3.7838],
    [98.6879, 3.7838],
    [98.6942, 3.7842],
    [98.6756, 3.7566],
    [98.6832, 3.7751],
    [98.6826, 3.775],
    [98.6839, 3.7865],
    [98.7028, 3.7713],
    [98.6822, 3.7652],
    [98.6801, 3.7737],
    [98.7003, 3.7814],
    [98.6779, 3.7655],
    [98.7144, 3.7846],
    [98.6797, 3.7668],
    [98.6551, 3.7529],
    [98.6867, 3.771],
    [98.6786, 3.7677],
    [98.6942, 3.7842],
    [98.6835, 3.7832],
    [98.6836, 3.7833],
    [98.6799, 3.7599],
    [98.6884, 3.7841],
    [98.6843, 3.785],
    [98.6834, 3.7825],
    [98.6596, 3.7586],
    [98.685, 3.78],
    [98.7023, 3.777],
    [98.6839, 3.7821],
    [98.6837, 3.7747],
    [98.6803, 3.7597],
    [98.682, 3.7709],
    [98.6809, 3.7604],
    [98.7039, 3.7725],
    [98.6784, 3.7706],
    [98.6772, 3.7612],
    [98.679, 3.7729],
    [98.6847, 3.7811],
    [98.6811, 3.7746],
    [98.6594, 3.7612],
    [98.683, 3.7722],
    [98.6811, 3.775],
    [98.6841, 3.7756],
    [98.6793, 3.7633],
    [98.6842, 3.78],
    [98.6858, 3.7824],
    [98.6898, 3.7839],
    [98.6813, 3.7724],
    [98.6601, 3.7584],
    [98.6869, 3.7828],
    [98.7008, 3.7766],
    [98.6815, 3.7718],
    [98.684, 3.7804],
    [98.7028, 3.776],
    [98.6813, 3.7619],
    [98.6858, 3.7851],
    [98.6845, 3.7819],
    [98.6824, 3.7658],
    [98.6901, 3.7832],
    [98.6847, 3.7832],
    [98.6557, 3.7571],
    [98.6779, 3.7646],
    [98.6838, 3.779],
    [98.6844, 3.7846],
    [98.6535, 3.7556],
    [98.6771, 3.7578],
    [98.6802, 3.7674],
    [98.6842, 3.7827],
    [98.6881, 3.7836],
    [98.6874, 3.7858],
    [98.6859, 3.7828],
    [98.6799, 3.7591],
    [98.7047, 3.7747],
    [98.6872, 3.7786],
    [98.6863, 3.7828],
    [98.6848, 3.7811],
    [98.6793, 3.7736],
    [98.6851, 3.7834],
    [98.6942, 3.7847],
    [98.6847, 3.7805],
    [98.6846, 3.7795],
    [98.6879, 3.7837],
    [98.6857, 3.7851],
    [98.686, 3.7828],
    [98.6885, 3.7838],
    [98.689, 3.7839],
    [98.6853, 3.7827],
    [98.6863, 3.7834],
    [98.7028, 3.7726],
    [98.6871, 3.7829],
    [98.6824, 3.7738],
    [98.6837, 3.7834],
    [98.6869, 3.7825],
    [98.6883, 3.7832],
    [98.6878, 3.7829],
    [98.6856, 3.7795],
    [98.6866, 3.7836],
    [98.6842, 3.784],
    [98.7043, 3.7717],
    [98.6944, 3.7837],
    [98.6952, 3.7866],
    [98.685, 3.7824],
    [98.6845, 3.782],
    [98.6807, 3.767],
    [98.6866, 3.7833],
    [98.6858, 3.7802],
    [98.6862, 3.7844],
    [98.6786, 3.7704],
    [98.6799, 3.7666],
    [98.6879, 3.7817],
    [98.7031, 3.7769],
    [98.6842, 3.7796],
    [98.7118, 3.7824],
    [98.681, 3.7592],
    [98.6855, 3.7832],
    [98.7022, 3.7751],
    [98.687, 3.7788],
    [98.6856, 3.7833],
    [98.6854, 3.7832],
    [98.7073, 3.7754],
    [98.7024, 3.7767],
    [98.7117, 3.7843],
    [98.6857, 3.7853],
    [98.6875, 3.7837],
    [98.6942, 3.7847],
    [98.6845, 3.7834],
    [98.6843, 3.7811],
    [98.6823, 3.7631],
    [98.7011, 3.7767],
    [98.6609, 3.761],
    [98.6536, 3.7582],
    [98.6865, 3.7852],
    [98.6942, 3.7847],
    [98.7026, 3.776],
    [98.6846, 3.7805],
    [98.7025, 3.7765],
    [98.6811, 3.7579],
    [98.6889, 3.7647],
    [98.7031, 3.7747],
    [98.7025, 3.7762],
    [98.684, 3.7854],
    [98.6826, 3.7717],
    [98.6846, 3.7834],
    [98.6764, 3.7583],
    [98.6845, 3.7821],
    [98.6864, 3.7819],
    [98.6806, 3.771],
    [98.6586, 3.7541],
    [98.6835, 3.7738],
    [98.7034, 3.7756],
    [98.6851, 3.7834],
    [98.6807, 3.7602],
    [98.687, 3.7828],
    [98.6856, 3.7833],
    [98.7032, 3.7752],
    [98.6787, 3.7671],
    [98.6872, 3.7835],
    [98.6814, 3.7641],
    [98.6871, 3.7795],
    [98.6576, 3.7543],
    [98.6629, 3.7589],
    [98.6821, 3.7703],
    [98.6861, 3.7811],
    [98.6828, 3.778],
    [98.6866, 3.7825],
    [98.7039, 3.772],
    [98.6829, 3.7697],
    [98.6856, 3.7834],
    [98.6854, 3.7822],
    [98.6836, 3.7832],
    [98.6836, 3.7832],
    [98.6843, 3.7758],
    [98.6853, 3.7833],
    [98.6862, 3.7833],
    [98.6837, 3.7765],
    [98.6884, 3.7837],
    [98.689, 3.7839],
    [98.688, 3.7836],
    [98.6842, 3.7834],
    [98.6596, 3.7586],
    [98.6613, 3.7613],
    [98.6864, 3.7833],
    [98.6942, 3.7842],
    [98.68, 3.7734],
    [98.6567, 3.7592],
    [98.6885, 3.7834],
    [98.6826, 3.7743],
    [98.6816, 3.7619],
    [98.6813, 3.7611],
    [98.7053, 3.7749],
    [98.6749, 3.7542],
    [98.6568, 3.757],
    [98.6597, 3.761],
    [98.6836, 3.7832],
    [98.6859, 3.7836],
    [98.6853, 3.7832],
    [98.6857, 3.7836],
    [98.6845, 3.7843],
    [98.6872, 3.7837],
    [98.6855, 3.7833],
    [98.6942, 3.7842],
    [98.6853, 3.7828],
    [98.6867, 3.7829],
    [98.6846, 3.7843],
    [98.6816, 3.7791],
    [98.6859, 3.7805],
    [98.6883, 3.7834],
    [98.6881, 3.7827],
    [98.6686, 3.7592],
    [98.6813, 3.7658],
    [98.684, 3.7854],
    [98.688, 3.783],
    [98.6843, 3.782],
    [98.6856, 3.7801],
    [98.6845, 3.7819],
    [98.6855, 3.7833],
    [98.6868, 3.7836],
    [98.6558, 3.759],
    [98.6768, 3.7563],
    [98.6816, 3.7683],
    [98.6816, 3.7744],
    [98.6579, 3.7613],
    [98.6889, 3.7831],
    [98.6839, 3.7825],
    [98.6828, 3.7817],
    [98.686, 3.7816],
    [98.6811, 3.7672],
    [98.7034, 3.7753],
    [98.6792, 3.7567],
    [98.6801, 3.7708],
    [98.6934, 3.7877],
    [98.6858, 3.78],
    [98.6842, 3.7815],
    [98.7076, 3.7807],
    [98.6783, 3.7585],
    [98.6839, 3.7801],
    [98.708, 3.7836],
    [98.69, 3.7863],
    [98.7026, 3.7758],
    [98.7124, 3.7825],
    [98.6843, 3.782],
    [98.6938, 3.7873],
    [98.686, 3.7824],
    [98.6812, 3.7592],
    [98.6833, 3.7808],
    [98.7141, 3.7846],
    [98.6808, 3.7755],
    [98.7109, 3.7825],
    [98.7026, 3.7725],
    [98.6798, 3.7709],
    [98.6824, 3.7592],
    [98.6871, 3.7826],
    [98.6793, 3.7743],
    [98.6845, 3.7832],
    [98.711, 3.7828],
    [98.6846, 3.7832],
    [98.6942, 3.7843],
    [98.6815, 3.7721],
    [98.6833, 3.774],
    [98.6818, 3.7782],
    [98.6818, 3.7772],
    [98.6942, 3.7843],
    [98.6815, 3.7786],
    [98.6865, 3.7825],
    [98.6809, 3.7775],
    [98.699, 3.7855],
    [98.6813, 3.7793],
    [98.6811, 3.7768],
    [98.6837, 3.7693],
    [98.6942, 3.7844],
    [98.6823, 3.7818],
    [98.7028, 3.7754],
    [98.6839, 3.7829],
    [98.6831, 3.7778],
    [98.7038, 3.7735],
    [98.7038, 3.7735],
    [98.681, 3.7761],
    [98.6818, 3.781],
    [98.6805, 3.7604],
    [98.6813, 3.7772],
    [98.6779, 3.7655],
    [98.681, 3.7783],
    [98.6826, 3.7873],
    [98.6816, 3.7788],
    [98.6844, 3.7793],
    [98.6842, 3.7834],
    [98.6815, 3.7718],
    [98.6791, 3.7749],
    [98.6861, 3.7833],
    [98.6852, 3.7807],
    [98.6846, 3.7853],
    [98.7068, 3.7797],
    [98.6843, 3.7765],
    [98.6963, 3.7859],
    [98.694, 3.7848],
    [98.6875, 3.7837],
    [98.7073, 3.7798],
    [98.6975, 3.7768],
    [98.6864, 3.784],
    [98.7048, 3.7731],
    [98.7094, 3.7798],
    [98.6809, 3.7707],
    [98.6803, 3.7705],
    [98.6833, 3.7739],
    [98.6924, 3.7859],
    [98.6882, 3.7862],
    [98.6929, 3.7875],
    [98.7026, 3.786],
    [98.7014, 3.7774],
    [98.6999, 3.78],
    [98.6874, 3.7858],
    [98.7061, 3.7818],
    [98.6755, 3.7711],
    [98.688, 3.7745],
    [98.6832, 3.7832],
    [98.6814, 3.7725],
    [98.6832, 3.7832],
    [98.6958, 3.7875],
    [98.6765, 3.7666],
    [98.694, 3.7849],
    [98.6854, 3.78],
    [98.694, 3.7848],
    [98.6839, 3.7829],
    [98.703, 3.7857],
    [98.6834, 3.7833],
    [98.6843, 3.7838],
    [98.687, 3.7852],
    [98.7006, 3.7817],
    [98.6879, 3.7822],
    [98.6998, 3.783],
    [98.6869, 3.7849],
    [98.684, 3.7825],
    [98.6972, 3.7843],
    [98.6953, 3.7861],
    [98.6942, 3.7843],
    [98.686, 3.7824],
    [98.6826, 3.7684],
    [98.7119, 3.7854],
    [98.6822, 3.7701],
    [98.6836, 3.7772],
    [98.6836, 3.7832],
    [98.6882, 3.7832],
    [98.7149, 3.7846],
    [98.6779, 3.7571],
    [98.7126, 3.7816],
    [98.6979, 3.7809],
    [98.6942, 3.7842],
    [98.6983, 3.7771],
    [98.6813, 3.7702],
    [98.6831, 3.7844],
    [98.6872, 3.7835],
    [98.6818, 3.781],
    [98.7118, 3.7852],
    [98.6855, 3.7795],
    [98.6802, 3.7702],
    [98.6764, 3.7555],
    [98.6857, 3.7828],
    [98.6824, 3.7831],
    [98.6881, 3.7827],
    [98.7108, 3.7824],
    [98.6845, 3.7827],
    [98.6875, 3.7829],
    [98.6811, 3.7609],
    [98.688, 3.7822],
    [98.6871, 3.7789],
    [98.6826, 3.7832],
    [98.6823, 3.7683],
    [98.6763, 3.7546],
    [98.6843, 3.7837],
    [98.6759, 3.7612],
    [98.693, 3.787],
    [98.6819, 3.77],
    [98.6833, 3.7723],
    [98.6836, 3.7826],
    [98.6843, 3.7834],
    [98.6861, 3.7833],
    [98.6843, 3.7875],
    [98.6851, 3.7822],
    [98.6839, 3.783],
    [98.6871, 3.7834],
    [98.682, 3.771],
    [98.6879, 3.7803],
    [98.6818, 3.7706],
    [98.6816, 3.7717],
    [98.687, 3.7836],
    [98.6844, 3.7838],
    [98.6877, 3.7817],
    [98.6866, 3.783],
    [98.6796, 3.7733],
    [98.6886, 3.7835],
    [98.6864, 3.7841],
    [98.6862, 3.7835],
    [98.6858, 3.7835],
    [98.6864, 3.7835],
    [98.6797, 3.7733],
    [98.7021, 3.777],
    [98.6848, 3.7841],
    [98.6868, 3.7834],
    [98.6817, 3.7711],
    [98.687, 3.7828],
    [98.703, 3.7749],
    [98.6771, 3.7672],
    [98.6879, 3.7817],
    [98.6864, 3.784],
    [98.6877, 3.7835],
    [98.6813, 3.7747],
    [98.6795, 3.7614],
    [98.6857, 3.7852],
    [98.6852, 3.7817],
    [98.677, 3.7673],
    [98.6879, 3.7874],
    [98.687, 3.7836],
    [98.6942, 3.7843],
    [98.6869, 3.7852],
    [98.6772, 3.7672],
    [98.7032, 3.7745],
    [98.7041, 3.77],
    [98.6882, 3.7871],
    [98.6881, 3.783],
    [98.6537, 3.7557],
    [98.6791, 3.7751],
    [98.6878, 3.7835],
    [98.6864, 3.7828],
    [98.6873, 3.7826],
    [98.681, 3.7764],
    [98.688, 3.7818],
    [98.704, 3.7747],
    [98.706, 3.7752],
    [98.6843, 3.7848],
    [98.6858, 3.7802],
    [98.6864, 3.7842],
    [98.6545, 3.7577],
    [98.6889, 3.7838],
    [98.6787, 3.7581],
    [98.6823, 3.7817],
    [98.6712, 3.7618],
    [98.6842, 3.7827],
    [98.6826, 3.7873],
    [98.6821, 3.7827],
    [98.6801, 3.7709],
    [98.6832, 3.776],
    [98.684, 3.7834],
    [98.677, 3.7672],
    [98.6834, 3.774],
    [98.7031, 3.7775],
    [98.6866, 3.785],
    [98.687, 3.7825],
    [98.6864, 3.784],
    [98.7024, 3.7726],
    [98.6912, 3.7853],
    [98.6879, 3.7867],
    [98.6843, 3.7834],
    [98.6893, 3.7847],
    [98.6822, 3.7722],
    [98.6771, 3.767],
    [98.6827, 3.7603],
    [98.6771, 3.7684],
    [98.6829, 3.7652],
    [98.6771, 3.767],
    [98.7013, 3.7784],
    [98.6521, 3.7588],
    [98.6819, 3.7668],
    [98.6855, 3.786],
    [98.6835, 3.7741],
    [98.6794, 3.7698],
    [98.6825, 3.7716],
    [98.6882, 3.7831],
    [98.661, 3.7605],
    [98.6824, 3.7826],
    [98.6813, 3.7755],
    [98.6467, 3.7491],
    [98.6861, 3.7834],
    [98.6814, 3.774],
    [98.6854, 3.7867],
    [98.6812, 3.7603],
    [98.6872, 3.7829],
    [98.6835, 3.7739],
    [98.7049, 3.7733],
    [98.6897, 3.7852],
    [98.6862, 3.7798],
    [98.6812, 3.7741],
    [98.6837, 3.7741],
    [98.6846, 3.7834],
    [98.7025, 3.7719],
    [98.682, 3.7629],
    [98.6807, 3.7601],
    [98.6853, 3.7817],
    [98.6791, 3.7613],
    [98.6815, 3.772],
    [98.676, 3.7545],
    [98.6863, 3.7835],
    [98.6603, 3.7584],
    [98.6912, 3.7857],
    [98.6837, 3.7773],
    [98.6876, 3.7798],
    [98.687, 3.783],
    [98.7036, 3.7736],
    [98.6899, 3.7838],
    [98.6826, 3.7645],
    [98.6831, 3.775],
    [98.682, 3.7738],
    [98.6831, 3.7687],
    [98.6887, 3.7827],
    [98.6837, 3.7765],
    [98.6553, 3.7572],
    [98.6809, 3.767],
    [98.6624, 3.7595],
    [98.6844, 3.7872],
    [98.6775, 3.7669],
    [98.7022, 3.7748],
    [98.6828, 3.7681],
    [98.6761, 3.7603],
    [98.7035, 3.7731],
    [98.6842, 3.7807],
    [98.6572, 3.7582],
    [98.6806, 3.7694],
    [98.6798, 3.758],
    [98.6787, 3.7704],
    [98.6817, 3.7705],
    [98.6797, 3.7581],
    [98.6876, 3.7836],
    [98.7055, 3.774],
    [98.6536, 3.7548],
    [98.6819, 3.7647],
    [98.6855, 3.7798],
    [98.7052, 3.7808],
    [98.6632, 3.7578],
    [98.6535, 3.7529],
    [98.679, 3.7729],
    [98.6626, 3.7588],
    [98.6778, 3.757],
    [98.6885, 3.7805],
    [98.6768, 3.7567],
    [98.6942, 3.7843],
    [98.6869, 3.783],
    [98.6864, 3.7823],
    [98.6808, 3.7718],
    [98.6831, 3.7855],
    [98.6538, 3.7532],
    [98.6805, 3.7705],
    [98.6808, 3.7722],
    [98.6867, 3.7834],
    [98.6812, 3.7724],
    [98.6632, 3.7578],
    [98.6839, 3.7768],
    [98.679, 3.7705],
    [98.6855, 3.7858],
    [98.6844, 3.7874],
    [98.7026, 3.7789],
    [98.6881, 3.786],
    [98.6877, 3.7854],
    [98.6996, 3.7836],
    [98.6575, 3.7572],
    [98.6841, 3.7767],
    [98.6821, 3.7606],
    [98.6872, 3.7873],
    [98.682, 3.7638],
    [98.7031, 3.7764],
    [98.6868, 3.7789],
    [98.6834, 3.7846],
    [98.6839, 3.7832],
    [98.6837, 3.781],
    [98.6847, 3.7851],
    [98.6818, 3.7871],
    [98.6802, 3.7772],
    [98.7141, 3.7886],
    [98.6866, 3.7857],
    [98.6942, 3.7842],
    [98.7031, 3.7777],
    [98.6801, 3.7767],
    [98.6897, 3.7854],
    [98.6821, 3.7605],
    [98.7001, 3.7796],
    [98.7152, 3.7846],
    [98.6876, 3.7843],
    [98.708, 3.7797],
    [98.6822, 3.7744],
    [98.6813, 3.7744],
    [98.6867, 3.7837],
    [98.6556, 3.7568],
    [98.7149, 3.7881],
    [98.6874, 3.7873],
    [98.7124, 3.7847],
    [98.7041, 3.7788],
    [98.6851, 3.7866],
    [98.6932, 3.7836],
    [98.6824, 3.7824],
    [98.6804, 3.7762],
    [98.6827, 3.784],
    [98.6822, 3.7784],
    [98.6761, 3.7687],
    [98.6886, 3.7844],
    [98.682, 3.7743],
    [98.6859, 3.7846],
    [98.6822, 3.7844],
    [98.6806, 3.7844],
    [98.6823, 3.7742],
    [98.715, 3.7847],
    [98.704, 3.7786],
    [98.6594, 3.7556],
    [98.6845, 3.7833],
    [98.6852, 3.7724],
    [98.6847, 3.7811],
    [98.6898, 3.7851],
    [98.6801, 3.7758],
    [98.687, 3.7814],
    [98.6884, 3.7847],
    [98.6872, 3.7813],
    [98.7037, 3.7738],
    [98.6802, 3.7645],
    [98.685, 3.7828],
    [98.6843, 3.7763],
    [98.6853, 3.7793],
    [98.6829, 3.7722],
    [98.6825, 3.783],
    [98.6801, 3.7726],
    [98.6844, 3.7762],
    [98.6819, 3.7749],
    [98.6568, 3.7574],
    [98.6815, 3.7651],
    [98.7042, 3.7764],
    [98.6881, 3.7831],
    [98.6862, 3.7844],
    [98.6899, 3.7851],
    [98.6888, 3.7835],
    [98.6599, 3.7553],
    [98.6764, 3.7553],
    [98.684, 3.7791],
    [98.6861, 3.7835],
    [98.6773, 3.7567],
    [98.6756, 3.7591],
    [98.6809, 3.7605],
    [98.6878, 3.7837],
    [98.7005, 3.7758],
    [98.6809, 3.7684],
    [98.7005, 3.7761],
    [98.6873, 3.7826],
    [98.6875, 3.7837],
    [98.7051, 3.7738],
    [98.6818, 3.7797],
    [98.7013, 3.7784],
    [98.678, 3.7612],
    [98.6755, 3.7544],
    [98.6851, 3.7787],
    [98.6835, 3.7767],
    [98.6859, 3.7835],
    [98.6813, 3.7612],
    [98.6801, 3.7724],
    [98.681, 3.771],
    [98.7017, 3.7783],
    [98.6942, 3.7843],
    [98.6852, 3.783],
    [98.684, 3.7714],
    [98.687, 3.783],
    [98.6813, 3.761],
    [98.657, 3.7576],
    [98.6817, 3.7604],
    [98.687, 3.7829],
    [98.684, 3.7827],
    [98.688, 3.7823],
    [98.6881, 3.7827],
    [98.6867, 3.7836],
    [98.6783, 3.7575],
    [98.6883, 3.7846],
    [98.6894, 3.7851],
    [98.6838, 3.7826],
    [98.6852, 3.7832],
    [98.6845, 3.7832],
    [98.684, 3.7834],
    [98.6871, 3.7837],
    [98.6798, 3.7709],
    [98.6753, 3.7661],
    [98.688, 3.783],
    [98.687, 3.7834],
    [98.6812, 3.7767],
    [98.6631, 3.7514],
    [98.6799, 3.7918],
    [98.6528, 3.754],
    [98.6686, 3.7592],
    [98.6735, 3.7705],
    [98.6794, 3.7647],
    [98.6613, 3.7613],
    [98.6877, 3.78],
    [98.6592, 3.7553],
    [98.686, 3.7784],
    [98.6853, 3.7787],
    [98.7016, 3.7767],
    [98.7049, 3.7735],
    [98.656, 3.7579],
    [98.6837, 3.7827],
    [98.6832, 3.7728],
    [98.675, 3.76],
    [98.6828, 3.7762],
    [98.6863, 3.7835],
    [98.6791, 3.767],
    [98.6796, 3.7747],
    [98.6827, 3.7712],
    [98.6867, 3.7834],
    [98.6841, 3.7798],
    [98.6831, 3.7848],
    [98.6855, 3.7828],
    [98.6844, 3.7804],
    [98.6814, 3.7691],
    [98.6802, 3.7697],
    [98.6823, 3.7817],
    [98.6781, 3.7573],
    [98.6829, 3.7766],
    [98.6552, 3.7589],
    [98.6842, 3.7858],
    [98.6848, 3.771],
    [98.685, 3.7783],
    [98.6593, 3.7609],
    [98.6586, 3.7587],
    [98.6754, 3.7666],
    [98.6468, 3.7479],
    [98.7012, 3.7759],
    [98.6878, 3.7835],
    [98.68, 3.7591],
    [98.6841, 3.7796],
    [98.7045, 3.7724],
    [98.7024, 3.7767],
    [98.6826, 3.7873],
    [98.6859, 3.7835],
    [98.6843, 3.7832],
    [98.6841, 3.7834],
    [98.6841, 3.7834],
    [98.6828, 3.7668],
    [98.6815, 3.772],
    [98.6822, 3.77],
    [98.6546, 3.7563],
    [98.6817, 3.7747],
    [98.6873, 3.7844],
    [98.6807, 3.7606],
    [98.6822, 3.7697],
    [98.6817, 3.7747],
    [98.6818, 3.7609],
    [98.6836, 3.784],
    [98.677, 3.767],
    [98.6864, 3.7818],
    [98.6854, 3.7796],
    [98.6815, 3.778],
    [98.684, 3.7787],
    [98.6597, 3.7608],
    [98.6843, 3.7843],
    [98.6816, 3.7714],
    [98.6846, 3.7768],
    [98.7037, 3.7727],
    [98.6801, 3.7748],
    [98.6853, 3.7871],
    [98.702, 3.7758],
    [98.6873, 3.7862],
    [98.6787, 3.7643],
    [98.6751, 3.7592],
    [98.6851, 3.7835],
    [98.6878, 3.7813],
    [98.6787, 3.7566],
    [98.7056, 3.7754],
    [98.7035, 3.7744],
    [98.6562, 3.7576],
    [98.6807, 3.7605],
    [98.6814, 3.7739],
    [98.6814, 3.7729],
    [98.6429, 3.7491],
    [98.6715, 3.7612],
    [98.6868, 3.7855],
    [98.6825, 3.783],
    [98.6837, 3.7766],
    [98.6789, 3.7733],
    [98.6801, 3.7746],
    [98.7049, 3.7747],
    [98.6889, 3.7848],
    [98.6962, 3.7865],
    [98.688, 3.7813],
    [98.6835, 3.7717],
    [98.7024, 3.7762],
    [98.6885, 3.7805],
    [98.7013, 3.7784],
    [98.6864, 3.7835],
    [98.6821, 3.7804],
    [98.6826, 3.7772],
    [98.6885, 3.7805],
    [98.6842, 3.7821],
    [98.6835, 3.7717],
    [98.6889, 3.7848],
    [98.688, 3.7813],
    [98.688, 3.7813],
    [98.6824, 3.7744],
    [98.6835, 3.7717],
    [98.6859, 3.7806],
    [98.6888, 3.7839],
    [98.6889, 3.7647],
    [98.6823, 3.7843],
    [98.6791, 3.7735],
    [98.6835, 3.7717],
    [98.6862, 3.7821],
    [98.6832, 3.7741],
    [98.6806, 3.7679],
    [98.6835, 3.7717],
    [98.7013, 3.7784],
    [98.6834, 3.7786],
    [98.687, 3.7824],
    [98.6821, 3.7804],
    [98.6864, 3.7828],
    [98.6885, 3.7805],
    [98.6859, 3.7806],
    [98.7013, 3.7784],
    [98.6847, 3.7772],
    [98.688, 3.7813],
    [98.6847, 3.7828],
    [98.6885, 3.7805],
    [98.6859, 3.7846],
    [98.6814, 3.774],
    [98.6824, 3.7744],
    [98.7013, 3.7784],
    [98.6835, 3.7717],
    [98.6859, 3.7821],
    [98.6859, 3.7806],
    [98.6794, 3.7703],
    [98.685, 3.7828],
    [98.684, 3.7821],
    [98.6821, 3.7804],
    [98.6821, 3.7804],
    [98.6815, 3.77],
    [98.6583, 3.7565],
    [98.6821, 3.7804],
    [98.6843, 3.7823],
    [98.7013, 3.7784],
    [98.6851, 3.7823],
    [98.6711, 3.7654],
    [98.681, 3.7609],
    [98.6835, 3.7717],
    [98.6947, 3.7832],
    [98.6625, 3.7594],
    [98.6942, 3.7843],
    [98.7074, 3.7799],
    [98.7013, 3.7784],
    [98.6881, 3.7817],
    [98.6942, 3.7843],
    [98.6942, 3.7843],
    [98.717, 3.7933],
    [98.6892, 3.7833],
    [98.6885, 3.7805],
    [98.6864, 3.7835],
    [98.6864, 3.7835],
    [98.6853, 3.7833],
    [98.6889, 3.7848],
    [98.6821, 3.7854],
    [98.6883, 3.7838],
    [98.681, 3.7761],
    [98.6836, 3.7838],
    [98.6876, 3.7837],
    [98.689, 3.7839],
    [98.681, 3.7657],
    [98.682, 3.7739],
    [98.6823, 3.7737],
    [98.7013, 3.7784],
    [98.6889, 3.7848],
    [98.6839, 3.7751],
    [98.6802, 3.7594],
    [98.6876, 3.7837],
    [98.677, 3.7581],
    [98.6841, 3.7834],
    [98.6873, 3.7851],
    [98.6836, 3.7739],
    [98.68, 3.7665],
    [98.6806, 3.7663],
    [98.6817, 3.7644],
    [98.6889, 3.7848],
    [98.6876, 3.7842],
    [98.6864, 3.7835],
    [98.6882, 3.7825],
    [98.6824, 3.7829],
    [98.6791, 3.7751],
    [98.6794, 3.7703],
    [98.6847, 3.7839],
    [98.6872, 3.7829],
    [98.6867, 3.7858],
    [98.7123, 3.7838],
    [98.6864, 3.7835],
    [98.6832, 3.7832],
    [98.6889, 3.7848],
    [98.7106, 3.7821],
    [98.7013, 3.7784],
    [98.6835, 3.7717],
    [98.6825, 3.7752],
    [98.6889, 3.7848],
    [98.6881, 3.7817],
    [98.6818, 3.7826],
    [98.6862, 3.7833],
    [98.6885, 3.7805],
    [98.676, 3.7652],
    [98.6876, 3.7842],
    [98.6942, 3.7843],
    [98.6871, 3.7834],
    [98.6838, 3.7773],
    [98.7016, 3.7856],
    [98.6818, 3.7713],
    [98.6781, 3.7665],
    [98.6583, 3.7568],
    [98.6889, 3.7848],
    [98.7073, 3.7813],
    [98.6847, 3.7772],
    [98.6838, 3.7762],
    [98.6824, 3.7744],
    [98.6855, 3.7798],
    [98.7018, 3.7865],
    [98.6942, 3.7843],
    [98.6859, 3.7806],
    [98.6823, 3.7843],
    [98.6799, 3.7655],
    [98.6819, 3.7647],
    [98.6851, 3.7823],
    [98.6936, 3.7823],
    [98.689, 3.7839],
    [98.6876, 3.7837],
    [98.6807, 3.7648],
    [98.6942, 3.7843],
    [98.6864, 3.7835],
    [98.6864, 3.7835],
    [98.6877, 3.7836],
    [98.6831, 3.7848],
    [98.689, 3.7839],
    [98.7079, 3.7819],
    [98.6807, 3.7713],
    [98.6942, 3.7856],
    [98.6889, 3.7848],
    [98.6821, 3.7804],
    [98.7013, 3.7784],
    [98.6745, 3.7544],
    [98.6835, 3.7717],
    [98.7013, 3.7784],
    [98.6971, 3.786],
    [98.6845, 3.7835],
    [98.6876, 3.7842],
    [98.6942, 3.7843],
    [98.6835, 3.7717],
    [98.6864, 3.7835],
    [98.7013, 3.7784],
    [98.6864, 3.7835],
    [98.6855, 3.7798],
    [98.6828, 3.7738],
    [98.6817, 3.7674],
    [98.7013, 3.7784],
    [98.6851, 3.7829],
    [98.6837, 3.7835],
    [98.6834, 3.7831],
    [98.683, 3.7835],
    [98.6839, 3.7825],
    [98.6802, 3.7709],
    [98.6859, 3.7829],
    [98.6835, 3.7717],
    [98.6889, 3.7848],
    [98.6855, 3.7834],
    [98.6856, 3.7833],
    [98.6869, 3.7849],
    [98.6812, 3.7767],
    [98.6791, 3.7735],
    [98.6801, 3.7701],
    [98.6835, 3.7717],
    [98.7013, 3.7784],
    [98.6802, 3.7702],
    [98.6833, 3.7739],
    [98.6859, 3.7806],
    [98.6885, 3.7805],
    [98.6782, 3.7559],
    [98.6846, 3.7794],
    [98.6861, 3.7828],
    [98.6799, 3.7741],
    [98.6852, 3.7842],
    [98.6572, 3.7582],
    [98.671, 3.7644],
    [98.687, 3.7776],
    [98.6885, 3.7805],
    [98.6807, 3.767],
    [98.6806, 3.7679],
    [98.6798, 3.7748],
    [98.6889, 3.7848],
    [98.6837, 3.7873],
    [98.6837, 3.7833],
    [98.6876, 3.7836],
    [98.7013, 3.7784],
    [98.6845, 3.7796],
    [98.6889, 3.7848],
    [98.6852, 3.7834],
    [98.6823, 3.7843],
    [98.6843, 3.785],
    [98.6855, 3.7798],
    [98.6873, 3.7851],
    [98.6881, 3.7786],
    [98.6882, 3.7825],
    [98.6889, 3.7848],
    [98.6842, 3.7827],
    [98.6859, 3.7806],
    [98.6942, 3.7843],
    [98.6823, 3.7737],
    [98.7052, 3.7808],
    [98.6547, 3.7562],
    [98.6832, 3.7832],
    [98.6831, 3.7855],
    [98.6819, 3.7647],
    [98.6812, 3.7591],
    [98.6835, 3.7717],
    [98.7123, 3.7838],
    [98.6938, 3.781],
    [98.6889, 3.7848],
    [98.6855, 3.7817],
    [98.6782, 3.7679],
    [98.6817, 3.7674],
    [98.6753, 3.7661],
    [98.6876, 3.7837],
    [98.6859, 3.7832],
    [98.6791, 3.774],
    [98.6817, 3.7705],
    [98.6848, 3.7795],
    [98.7013, 3.7784],
    [98.6859, 3.7806],
    [98.6847, 3.7772],
    [98.6801, 3.7644],
    [98.6889, 3.7848],
    [98.682, 3.7739],
    [98.7016, 3.7856],
    [98.6874, 3.7856],
    [98.6887, 3.7851],
    [98.7017, 3.7868],
    [98.6889, 3.7848],
    [98.6874, 3.7829],
    [98.6934, 3.7857],
    [98.686, 3.7833],
    [98.6882, 3.7825],
    [98.6859, 3.7827],
    [98.7013, 3.7784],
    [98.6546, 3.7563],
    [98.683, 3.7835],
    [98.6859, 3.7833],
    [98.6835, 3.7717],
    [98.6889, 3.7848],
    [98.7123, 3.7838],
    [98.6942, 3.7843],
    [98.6876, 3.7837],
    [98.6835, 3.7717],
    [98.6852, 3.7681],
    [98.6859, 3.7806],
    [98.7013, 3.7784],
    [98.6825, 3.7752],
    [98.6791, 3.7735],
    [98.6835, 3.7717],
    [98.7013, 3.7784],
    [98.7013, 3.7784],
    [98.7063, 3.7804],
    [98.7028, 3.7726],
    [98.6826, 3.7772],
    [98.7013, 3.7784],
    [98.7074, 3.7799],
    [98.6826, 3.7803],
    [98.6835, 3.7717],
    [98.6876, 3.7842],
    [98.6817, 3.7674],
    [98.6828, 3.7738],
    [98.7013, 3.7784],
    [98.6686, 3.7592],
    [98.6884, 3.7818],
    [98.6867, 3.7857],
    [98.6876, 3.7842],
    [98.6872, 3.7827],
    [98.6889, 3.7848],
    [98.6864, 3.7835],
    [98.6806, 3.7844],
    [98.6889, 3.7848],
    [98.6848, 3.7832],
    [98.6852, 3.7833],
    [98.6876, 3.7842],
    [98.687, 3.7836],
    [98.6864, 3.7835],
    [98.6846, 3.7835],
    [98.6872, 3.7861],
    [98.6864, 3.7835],
    [98.6818, 3.7707],
    [98.6791, 3.7735],
    [98.6885, 3.7805],
    [98.6942, 3.7843],
    [98.6834, 3.7825],
    [98.7007, 3.7855],
    [98.6855, 3.7833],
    [98.6971, 3.786],
    [98.6913, 3.7837],
    [98.655, 3.7572],
    [98.6962, 3.7865],
    [98.6876, 3.7827],
    [98.684, 3.7794],
    [98.6821, 3.7862],
    [98.6864, 3.7835],
    [98.69, 3.7864],
    [98.6852, 3.7681],
    [98.7022, 3.7748],
    [98.6846, 3.7835],
    [98.6807, 3.7648],
    [98.6839, 3.783],
    [98.6808, 3.7575],
    [98.6881, 3.7786],
    [98.6864, 3.7835],
    [98.6836, 3.7832],
    [98.6864, 3.7835],
    [98.6857, 3.7834],
    [98.6873, 3.7851],
    [98.6821, 3.7804],
    [98.6842, 3.7821],
    [98.6859, 3.7806],
    [98.685, 3.7828],
    [98.6821, 3.7804],
    [98.6843, 3.785],
    [98.6835, 3.7718],
    [98.6806, 3.7679],
    [98.654, 3.7562],
    [98.6856, 3.782],
    [98.6842, 3.7821],
    [98.6839, 3.7825],
    [98.6889, 3.7647],
    [98.6834, 3.7786],
    [98.6835, 3.7717],
    [98.7013, 3.7784],
    [98.688, 3.7813],
    [98.6861, 3.7821],
    [98.6834, 3.7786],
    [98.6826, 3.7772],
    [98.6846, 3.7794],
    [98.6859, 3.7806],
    [98.688, 3.7813],
    [98.688, 3.7813],
    [98.6889, 3.7647],
    [98.6762, 3.7687],
    [98.6835, 3.7717],
    [98.6878, 3.7831],
    [98.6815, 3.7609],
    [98.6856, 3.782],
    [98.6856, 3.782],
    [98.6568, 3.757],
    [98.6686, 3.7592],
    [98.6839, 3.7789],
    [98.6839, 3.7821],
    [98.6864, 3.7835],
    [98.6821, 3.7804],
    [98.6859, 3.7806],
    [98.6837, 3.7837],
    [98.6844, 3.7872],
    [98.7013, 3.7784],
    [98.6866, 3.7839],
    [98.6859, 3.7806],
    [98.7013, 3.7784],
    [98.6817, 3.7599],
    [98.7013, 3.7784],
    [98.6835, 3.7717],
    [98.6885, 3.7805],
    [98.6686, 3.7592],
    [98.6889, 3.7647],
    [98.6824, 3.7744],
    [98.6774, 3.7669],
    [98.6807, 3.7666],
    [98.688, 3.7813],
    [98.6625, 3.7594],
    [98.6839, 3.7782],
    [98.688, 3.7813],
    [98.6839, 3.7821],
    [98.6847, 3.7772],
    [98.6847, 3.7772],
    [98.6851, 3.7821],
    [98.6821, 3.7804],
    [98.688, 3.7813],
    [98.6889, 3.7848],
    [98.683, 3.7814],
    [98.6818, 3.7797],
    [98.6839, 3.7825],
    [98.689, 3.7839],
    [98.6837, 3.7828],
    [98.688, 3.7813],
    [98.6812, 3.7765],
    [98.6859, 3.7806],
    [98.688, 3.7813],
    [98.688, 3.7813],
    [98.6835, 3.7717],
    [98.6889, 3.7848],
    [98.686, 3.782],
    [98.6851, 3.7823],
    [98.6869, 3.7829],
    [98.6802, 3.7709],
    [98.687, 3.7831],
    [98.6821, 3.7804],
    [98.704, 3.7744],
    [98.6808, 3.7732],
    [98.6835, 3.7717],
    [98.7013, 3.7784],
    [98.6837, 3.7776],
    [98.684, 3.7821],
    [98.6856, 3.782],
    [98.6847, 3.7772],
    [98.6889, 3.7848],
    [98.69, 3.7864],
    [98.6885, 3.7805],
    [98.6859, 3.7806],
    [98.6847, 3.7772],
    [98.7074, 3.7799],
    [98.687, 3.7831],
    [98.6819, 3.7646],
    [98.6808, 3.7756],
    [98.6873, 3.7851],
    [98.6814, 3.7719],
    [98.6971, 3.786],
    [98.6568, 3.757],
    [98.7016, 3.7856],
    [98.6812, 3.7767],
    [98.6802, 3.773],
    [98.6873, 3.7851],
    [98.687, 3.7776],
    [98.6809, 3.7652],
    [98.6877, 3.7834],
    [98.6832, 3.7832],
    [98.6889, 3.7647],
    [98.6859, 3.7806],
    [98.6942, 3.7843],
    [98.6835, 3.7718],
    [98.7074, 3.7799],
    [98.6815, 3.7766],
    [98.7013, 3.7784],
    [98.6885, 3.7805],
    [98.6818, 3.7826],
    [98.6889, 3.7848],
    [98.6845, 3.7796],
    [98.681, 3.7662],
    [98.6864, 3.7673],
    [98.6873, 3.7851],
    [98.6799, 3.7655],
    [98.6812, 3.7767],
    [98.6852, 3.7681],
    [98.6847, 3.7772],
    [98.6843, 3.785],
    [98.6814, 3.7725],
    [98.6834, 3.7786],
    [98.6873, 3.7851],
    [98.6873, 3.7851],
    [98.6802, 3.7709],
    [98.6762, 3.7687],
    [98.6847, 3.7772],
    [98.6823, 3.7663],
    [98.7013, 3.7784],
    [98.6686, 3.7592],
    [98.6843, 3.785],
    [98.7013, 3.7784],
    [98.6807, 3.7578],
    [98.6889, 3.7848],
    [98.6877, 3.7827],
    [98.6762, 3.766],
    [98.7013, 3.7784],
    [98.6791, 3.7749],
    [98.6848, 3.7872],
    [98.6546, 3.7563],
    [98.6885, 3.7846],
    [98.6859, 3.7821],
    [98.7069, 3.7795],
    [98.6936, 3.7823],
    [98.689, 3.7839],
    [98.6546, 3.7563],
    [98.6942, 3.7843],
    [98.6802, 3.7726],
    [98.6805, 3.7653],
    [98.6804, 3.7737],
    [98.6889, 3.7848],
    [98.6847, 3.7772],
    [98.6831, 3.7731],
    [98.6562, 3.7576],
    [98.686, 3.7824],
    [98.6709, 3.7724],
    [98.7123, 3.7838],
    [98.6864, 3.7835],
    [98.7123, 3.7838],
    [98.69, 3.7864],
    [98.6988, 3.7778],
    [98.6847, 3.7772],
    [98.6981, 3.7814],
    [98.6889, 3.7848],
    [98.6869, 3.7843],
    [98.69, 3.7864],
    [98.687, 3.7776],
    [98.6864, 3.7835],
    [98.6787, 3.7722],
    [98.6769, 3.7567],
    [98.6859, 3.7806],
    [98.6839, 3.7751],
    [98.7074, 3.7799],
    [98.6885, 3.7805],
    [98.6936, 3.7823],
    [98.6821, 3.7804],
    [98.6844, 3.7795],
    [98.6833, 3.7797],
    [98.6835, 3.7795],
    [98.689, 3.7839],
    [98.6837, 3.7779],
    [98.6856, 3.7813],
    [98.6882, 3.7825],
    [98.6811, 3.7754],
    [98.6764, 3.7561],
    [98.6791, 3.7735],
    [98.6889, 3.7848],
    [98.6791, 3.7735],
    [98.6546, 3.7563],
    [98.6822, 3.7606],
    [98.7112, 3.7814],
    [98.6873, 3.7851],
    [98.688, 3.7818],
    [98.6791, 3.7735],
    [98.6885, 3.7805],
    [98.6883, 3.7841],
    [98.6791, 3.7735],
    [98.6885, 3.7805],
    [98.7093, 3.7789],
    [98.6898, 3.7839],
    [98.6837, 3.7771],
    [98.6885, 3.7805],
    [98.6854, 3.7804],
    [98.6847, 3.7774],
    [98.6801, 3.7644],
    [98.6792, 3.7739],
    [98.7123, 3.7838],
    [98.6851, 3.782],
    [98.684, 3.7794],
    [98.6867, 3.7858],
    [98.6873, 3.7851],
    [98.684, 3.7794],
    [98.6794, 3.7703],
    [98.6843, 3.7872],
    [98.6855, 3.7795],
    [98.7013, 3.7784],
    [98.6547, 3.7562],
    [98.6837, 3.7805],
    [98.6753, 3.7661],
    [98.6847, 3.7772],
    [98.6881, 3.7799],
    [98.7074, 3.7799],
    [98.6866, 3.7763],
    [98.6546, 3.7563],
    [98.6625, 3.7594],
    [98.6849, 3.7793],
    [98.6546, 3.758],
    [98.6876, 3.7836],
    [98.689, 3.7839],
    [98.6546, 3.7563],
    [98.6885, 3.7805],
    [98.6807, 3.7648],
    [98.7013, 3.7784],
    [98.6889, 3.7647],
    [98.6889, 3.7848],
    [98.6757, 3.7657],
    [98.683, 3.7758],
    [98.6864, 3.7841],
    [98.6582, 3.7589],
    [98.687, 3.7776],
    [98.6878, 3.7855],
    [98.6842, 3.7762],
    [98.6812, 3.7767],
    [98.6989, 3.7874],
    [98.6825, 3.7817],
    [98.6856, 3.7835],
    [98.6864, 3.7835],
    [98.6866, 3.7763],
    [98.6873, 3.7851],
    [98.689, 3.7839],
    [98.6809, 3.767],
    [98.7123, 3.7838],
    [98.6996, 3.7836],
    [98.6547, 3.7591],
    [98.6851, 3.7805],
    [98.6846, 3.7806],
    [98.6824, 3.7744],
    [98.6806, 3.7679],
    [98.6885, 3.7805],
    [98.6869, 3.7843],
    [98.7013, 3.7784],
    [98.689, 3.7839],
    [98.6822, 3.7606],
    [98.6913, 3.7837],
    [98.7028, 3.7726],
    [98.6859, 3.7827],
    [98.7013, 3.7784],
    [98.6866, 3.7763],
    [98.6885, 3.7805],
    [98.6788, 3.7733],
    [98.7131, 3.7838],
    [98.7013, 3.7759],
    [98.6837, 3.7838],
    [98.6829, 3.7823],
    [98.6864, 3.7819],
    [98.7013, 3.7784],
    [98.7074, 3.7799],
    [98.6873, 3.7851],
    [98.6813, 3.7656],
    [98.7057, 3.7806],
    [98.6782, 3.7679],
    [98.6887, 3.7851],
    [98.6794, 3.7703],
    [98.7123, 3.7838],
    [98.6825, 3.783],
    [98.6885, 3.7805],
    [98.6802, 3.773],
    [98.6872, 3.7862],
    [98.696, 3.7815],
    [98.6851, 3.782],
    [98.688, 3.7866],
    [98.6837, 3.7833],
    [98.6848, 3.7795],
    [98.6821, 3.7804],
    [98.687, 3.7776],
    [98.6869, 3.7868],
    [98.6885, 3.7805],
    [98.7013, 3.7784],
    [98.7016, 3.7856],
    [98.6885, 3.7805],
    [98.6942, 3.7843],
    [98.6811, 3.7754],
    [98.6852, 3.7832],
    [98.7016, 3.7856],
    [98.6847, 3.7772],
    [98.6851, 3.782],
    [98.6887, 3.7851],
    [98.6821, 3.7804],
    [98.6866, 3.7852],
    [98.6855, 3.7817],
    [98.6807, 3.7648],
    [98.6885, 3.7805],
    [98.6988, 3.78],
    [98.689, 3.7839],
    [98.6823, 3.7843],
    [98.6838, 3.7826],
    [98.681, 3.7826],
    [98.6782, 3.7679],
    [98.6793, 3.7672],
    [98.6769, 3.7567],
    [98.6859, 3.7806],
    [98.7162, 3.787],
    [98.6795, 3.7577],
    [98.7013, 3.7784],
    [98.676, 3.7652],
    [98.687, 3.7776],
    [98.6886, 3.7854],
    [98.6841, 3.7799],
    [98.6889, 3.7848],
    [98.6813, 3.7722],
    [98.6546, 3.758],
    [98.6794, 3.7703],
    [98.6712, 3.7618],
    [98.7013, 3.7784],
    [98.6885, 3.7805],
    [98.6864, 3.7835],
    [98.6934, 3.7857],
    [98.702, 3.7758],
    [98.6879, 3.7831],
    [98.6863, 3.7838],
    [98.687, 3.7776],
    [98.6872, 3.7862],
    [98.6813, 3.7668],
    [98.6829, 3.7686],
    [98.6869, 3.7843],
    [98.6873, 3.7851],
    [98.6835, 3.7717],
    [98.6864, 3.7845],
    [98.684, 3.7794],
    [98.6836, 3.7739],
    [98.6863, 3.7845],
    [98.7123, 3.7838],
    [98.6867, 3.7784],
    [98.6837, 3.7825],
    [98.6856, 3.7813],
    [98.6835, 3.7717],
    [98.687, 3.7776],
    [98.6767, 3.7581],
    [98.6835, 3.7741],
    [98.7, 3.7782],
    [98.6846, 3.7834],
    [98.6859, 3.7806],
    [98.6866, 3.784],
    [98.7074, 3.7799],
    [98.6822, 3.7606],
    [98.6829, 3.7792],
    [98.684, 3.7794],
    [98.7016, 3.7856],
    [98.6855, 3.7795],
    [98.6886, 3.7854],
    [98.6871, 3.783],
    [98.6924, 3.7808],
    [98.6817, 3.7705],
    [98.6572, 3.7569],
    [98.6936, 3.7823],
    [98.7013, 3.7759],
    [98.6821, 3.7644],
    [98.7073, 3.7813],
    [98.7074, 3.7799],
    [98.6812, 3.7767],
    [98.681, 3.7662],
    [98.6714, 3.7639],
    [98.6837, 3.7873],
    [98.69, 3.7864],
    [98.6837, 3.7827],
    [98.6883, 3.7832],
    [98.7074, 3.7799],
    [98.6889, 3.7848],
    [98.684, 3.7794],
    [98.6796, 3.7737],
    [98.7123, 3.7838],
    [98.7013, 3.7784],
    [98.7123, 3.7838],
    [98.7074, 3.7799],
    [98.6889, 3.7647],
    [98.6889, 3.7647],
    [98.6889, 3.7848],
    [98.6889, 3.7848],
    [98.6808, 3.7575],
    [98.7074, 3.7799],
    [98.6942, 3.7843],
    [98.6872, 3.7862],
    [98.6751, 3.7592],
    [98.7074, 3.7799],
    [98.6867, 3.7829],
    [98.6878, 3.7828],
    [98.6855, 3.784],
    [98.6825, 3.7759],
    [98.6889, 3.7647],
    [98.6971, 3.786],
    [98.6847, 3.7827],
    [98.6812, 3.7767],
    [98.6818, 3.7707],
    [98.7079, 3.7819],
    [98.7013, 3.7784],
    [98.6867, 3.7828],
    [98.688, 3.7813],
    [98.7013, 3.7784],
    [98.6546, 3.7563],
    [98.6872, 3.7858],
    [98.6813, 3.7656],
    [98.6839, 3.7825],
    [98.6845, 3.7785],
    [98.7013, 3.7784],
    [98.6833, 3.7808],
    [98.6885, 3.7805],
    [98.6807, 3.7648],
    [98.6823, 3.7843],
    [98.6889, 3.7848],
    [98.684, 3.7794],
    [98.6952, 3.7803],
    [98.6847, 3.7772],
    [98.6847, 3.7851],
    [98.6798, 3.7748],
    [98.685, 3.7828],
    [98.685, 3.7828],
    [98.6815, 3.7609],
    [98.68, 3.7665],
    [98.6769, 3.7567],
    [98.6889, 3.7848],
    [98.6942, 3.7843],
    [98.689, 3.7839],
    [98.6877, 3.7827],
    [98.6823, 3.7843],
    [98.6823, 3.7843],
    [98.6942, 3.7843],
    [98.6864, 3.7835],
    [98.7074, 3.7799],
    [98.6883, 3.7857],
    [98.6942, 3.7843],
    [98.6839, 3.7825],
    [98.6611, 3.7584],
    [98.6867, 3.7829],
    [98.6883, 3.7857],
    [98.6864, 3.7841],
    [98.6837, 3.7825],
    [98.7027, 3.786],
    [98.669, 3.7592],
    [98.6839, 3.7829],
    [98.6853, 3.7866],
    [98.7074, 3.7799],
    [98.6791, 3.7735],
    [98.6899, 3.785],
    [98.6843, 3.7832],
    [98.6847, 3.7772],
    [98.6873, 3.7872],
    [98.687, 3.7856],
    [98.689, 3.7839],
    [98.688, 3.783],
    [98.7067, 3.7803],
    [98.7027, 3.786],
    [98.7013, 3.7784],
    [98.6842, 3.7764],
    [98.6889, 3.7848],
    [98.7085, 3.7774],
    [98.7013, 3.7784],
    [98.6542, 3.7586],
    [98.6794, 3.7703],
    [98.6847, 3.7772],
    [98.7013, 3.7784],
    [98.6885, 3.7805],
    [98.686, 3.7835],
    [98.6686, 3.7592],
    [98.6877, 3.7834],
    [98.689, 3.7839],
    [98.7123, 3.7838],
    [98.689, 3.7838],
    [98.7123, 3.7838],
    [98.6829, 3.7753],
    [98.6686, 3.7592],
    [98.6686, 3.7592],
    [98.6778, 3.7668],
    [98.6864, 3.7835],
    [98.6769, 3.7567],
    [98.6845, 3.7796],
    [98.6888, 3.7836],
    [98.6869, 3.7868],
    [98.6864, 3.7835],
    [98.6865, 3.7827],
    [98.681, 3.7752],
    [98.6839, 3.7825],
    [98.6755, 3.7679],
    [98.7077, 3.777],
    [98.6823, 3.7843],
    [98.6886, 3.7854],
    [98.689, 3.7839],
    [98.6881, 3.7824],
    [98.6547, 3.7591],
    [98.6834, 3.7786],
    [98.6776, 3.7681],
    [98.6768, 3.7563],
    [98.6887, 3.7851],
    [98.6887, 3.7851],
    [98.6536, 3.7561],
    [98.6873, 3.7851],
    [98.6885, 3.7805],
    [98.6613, 3.7613],
    [98.7013, 3.7784],
    [98.684, 3.7825],
    [98.6885, 3.7805],
    [98.6836, 3.7838],
    [98.6789, 3.7678],
    [98.6866, 3.7852],
    [98.6853, 3.78],
    [98.6942, 3.7843],
    [98.7106, 3.7821],
    [98.6847, 3.7772],
    [98.6794, 3.7742],
    [98.7123, 3.7838],
    [98.6843, 3.7811],
    [98.6837, 3.7835],
    [98.7088, 3.7781],
    [98.687, 3.7776],
    [98.6872, 3.7873],
    [98.687, 3.7856],
    [98.6846, 3.7806],
    [98.6894, 3.7815],
    [98.6856, 3.7813],
    [98.7013, 3.7784],
    [98.684, 3.7794],
    [98.6859, 3.7806],
    [98.6885, 3.7805],
    [98.6814, 3.7729],
    [98.6824, 3.7747],
    [98.6791, 3.7735],
    [98.6785, 3.7744],
    [98.6814, 3.7691],
    [98.6887, 3.7851],
    [98.7124, 3.7851],
    [98.6885, 3.7805],
    [98.6847, 3.7827],
    [98.6877, 3.7837],
    [98.6839, 3.7752],
    [98.6881, 3.7786],
    [98.6944, 3.7873],
    [98.6834, 3.7753],
    [98.6894, 3.7815],
    [98.6856, 3.7805],
    [98.684, 3.7794],
    [98.6828, 3.7738],
    [98.6889, 3.7848],
    [98.6823, 3.7745],
    [98.688, 3.7866],
    [98.6844, 3.7847],
    [98.6837, 3.775],
    [98.6802, 3.7726],
    [98.6802, 3.7709],
    [98.688, 3.783],
    [98.6794, 3.7742],
    [98.6762, 3.766],
    [98.6913, 3.7837],
    [98.6806, 3.7726],
    [98.7027, 3.786],
    [98.6836, 3.7739],
    [98.7018, 3.7865],
    [98.6547, 3.7591],
    [98.6889, 3.7848],
    [98.7074, 3.7799],
    [98.6812, 3.7767],
    [98.686, 3.7855],
    [98.6791, 3.7735],
    [98.6835, 3.7717],
    [98.6942, 3.7843],
    [98.6802, 3.7698],
    [98.6802, 3.7702],
    [98.6572, 3.7572],
    [98.7013, 3.7784],
    [98.6794, 3.7703],
    [98.6832, 3.7832],
    [98.68, 3.7721],
    [98.7016, 3.7856],
    [98.6876, 3.7837],
    [98.6807, 3.7648],
    [98.6807, 3.7648],
    [98.7016, 3.7856],
    [98.6847, 3.7772],
    [98.6877, 3.7828],
    [98.6791, 3.7751],
    [98.6861, 3.7824],
    [98.6796, 3.7715],
    [98.6876, 3.7837],
    [98.6876, 3.7844],
    [98.6971, 3.786],
    [98.7013, 3.7784],
    [98.681, 3.7761],
    [98.6913, 3.7837],
    [98.655, 3.7572],
    [98.6886, 3.7845],
    [98.6942, 3.7843],
    [98.6861, 3.7811],
    [98.6873, 3.7851],
    [98.6823, 3.7843],
    [98.6826, 3.783],
    [98.6569, 3.7544],
    [98.6839, 3.7787],
    [98.6876, 3.7837],
    [98.6847, 3.7772],
    [98.6824, 3.7744],
    [98.6767, 3.7581],
    [98.6837, 3.7771],
    [98.6772, 3.7583],
    [98.6807, 3.7724],
    [98.6839, 3.7804],
    [98.6794, 3.7703],
    [98.6789, 3.7678],
    [98.7057, 3.7806],
    [98.6869, 3.7868],
    [98.6804, 3.7737],
    [98.6877, 3.7837],
    [98.6804, 3.7737],
    [98.7037, 3.7727],
    [98.7013, 3.7784],
    [98.6901, 3.7832],
    [98.6796, 3.7737],
    [98.6791, 3.7735],
    [98.6885, 3.7805],
    [98.689, 3.7839],
    [98.6827, 3.7825],
    [98.7074, 3.7799],
    [98.7123, 3.7838],
    [98.685, 3.778],
    [98.6858, 3.781],
    [98.6831, 3.7762],
    [98.6826, 3.7772],
    [98.6763, 3.7546],
    [98.6833, 3.7808],
    [98.6869, 3.7825],
    [98.6862, 3.7823],
    [98.6791, 3.7735],
    [98.6802, 3.773],
    [98.6885, 3.7805],
    [98.6837, 3.7771],
    [98.6882, 3.785],
    [98.6942, 3.7842],
    [98.6873, 3.7862],
    [98.6815, 3.7609],
    [98.6792, 3.7656],
    [98.7013, 3.7784],
    [98.6826, 3.783],
    [98.6748, 3.7646],
    [98.6753, 3.7661],
    [98.7013, 3.7784],
    [98.6889, 3.7848],
    [98.6847, 3.7772],
    [98.6804, 3.7697],
    [98.685, 3.7805],
    [98.7098, 3.7792],
    [98.6837, 3.7825],
    [98.6801, 3.7701],
    [98.7119, 3.7855],
    [98.671, 3.7644],
    [98.6873, 3.7851],
    [98.7123, 3.7838],
    [98.6769, 3.7567],
    [98.681, 3.7662],
    [98.6851, 3.7822],
    [98.6812, 3.7767],
    [98.6806, 3.7663],
    [98.6787, 3.767],
    [98.6839, 3.7825],
    [98.6859, 3.7827],
    [98.6795, 3.7666],
    [98.6753, 3.7661],
    [98.6805, 3.7676],
    [98.6847, 3.7772],
    [98.7074, 3.7799],
    [98.6846, 3.7828],
    [98.6847, 3.7772],
    [98.6889, 3.7848],
    [98.6807, 3.7648],
    [98.6812, 3.7765],
    [98.6807, 3.7666],
    [98.6686, 3.7592],
    [98.6858, 3.7815],
    [98.6833, 3.7832],
    [98.6791, 3.7735],
    [98.7013, 3.7784],
    [98.6812, 3.7617],
    [98.6803, 3.7734],
    [98.7013, 3.7784],
    [98.6855, 3.784],
    [98.6866, 3.7843],
    [98.6876, 3.7798],
    [98.6944, 3.7837],
    [98.6833, 3.7749],
    [98.6794, 3.7703],
    [98.6802, 3.7698],
    [98.6817, 3.7674],
    [98.69, 3.7864],
    [98.7005, 3.781],
    [98.6885, 3.7805],
    [98.6873, 3.7851],
    [98.6843, 3.7764],
    [98.6837, 3.7873],
    [98.6823, 3.7843],
    [98.6791, 3.7735],
    [98.6848, 3.7796],
    [98.6802, 3.773],
    [98.6848, 3.7872],
    [98.6819, 3.7661],
    [98.7074, 3.7799],
    [98.679, 3.7657],
    [98.6822, 3.7668],
    [98.6885, 3.7805],
    [98.7142, 3.7846],
    [98.6853, 3.7812],
    [98.6545, 3.7577],
    [98.6817, 3.772],
    [98.6799, 3.7733],
    [98.6812, 3.7765],
    [98.7013, 3.7784],
    [98.6783, 3.7613],
    [98.6882, 3.7825],
    [98.6823, 3.7843],
    [98.6883, 3.7846],
    [98.6873, 3.7873],
    [98.7074, 3.7799],
    [98.6845, 3.7785],
    [98.6847, 3.7772],
    [98.6791, 3.7735],
    [98.6827, 3.7778],
    [98.6823, 3.7737],
    [98.6763, 3.7546],
    [98.6889, 3.7848],
    [98.6817, 3.7599],
    [98.6831, 3.7848],
    [98.6568, 3.757],
    [98.6686, 3.7592],
    [98.6867, 3.7824],
    [98.68, 3.7665],
    [98.6546, 3.7563],
    [98.6887, 3.7851],
    [98.6833, 3.7772],
    [98.6876, 3.7837],
    [98.6798, 3.7748],
    [98.7013, 3.7784],
    [98.6844, 3.7818],
    [98.6791, 3.7735],
    [98.7074, 3.7799],
    [98.7071, 3.7758],
    [98.7013, 3.7784],
    [98.6846, 3.7794],
    [98.6886, 3.7851],
    [98.6818, 3.7826],
    [98.6809, 3.7652],
    [98.6889, 3.7848],
    [98.6802, 3.7709],
    [98.6778, 3.7668],
    [98.6804, 3.7697],
    [98.6889, 3.7814],
    [98.6853, 3.7804],
    [98.6885, 3.7805],
    [98.6885, 3.7846],
    [98.6546, 3.7563],
    [98.6889, 3.7647],
    [98.6806, 3.7663],
    [98.6817, 3.7599],
    [98.6803, 3.7734],
    [98.6864, 3.7835],
    [98.6885, 3.7805],
    [98.6836, 3.7742],
    [98.7057, 3.7806],
    [98.6568, 3.757],
    [98.6885, 3.7805],
    [98.7098, 3.7792],
    [98.7057, 3.7806],
    [98.6864, 3.7835],
    [98.687, 3.7829],
    [98.6868, 3.7836],
    [98.6833, 3.7808],
    [98.7013, 3.7784],
    [98.7013, 3.7784],
    [98.6836, 3.7739],
    [98.6864, 3.7835],
    [98.6857, 3.7828],
    [98.7074, 3.7799],
    [98.6812, 3.7767],
    [98.6859, 3.7806],
    [98.6545, 3.7578],
    [98.6942, 3.7843],
    [98.6768, 3.7666],
    [98.6817, 3.7705],
    [98.7057, 3.7806],
    [98.6814, 3.7719],
    [98.6887, 3.7851],
    [98.6889, 3.7848],
    [98.6791, 3.7735],
    [98.6889, 3.7848],
    [98.6812, 3.7765],
    [98.6812, 3.7767],
    [98.7016, 3.7856],
    [98.7013, 3.7784],
    [98.6971, 3.786],
    [98.7013, 3.7784],
    [98.7088, 3.7781],
    [98.6971, 3.786],
    [98.6971, 3.786],
    [98.6971, 3.786],
    [98.7013, 3.7784],
    [98.7074, 3.7799],
    [98.7116, 3.7802],
    [98.6971, 3.786],
    [98.6971, 3.786],
    [98.6971, 3.786],
    [98.6971, 3.786],
    [98.6971, 3.786],
    [98.6971, 3.786],
    [98.6971, 3.786],
    [98.6855, 3.7817],
    [98.6855, 3.7817],
    [98.6815, 3.7609],
    [98.6795, 3.7577],
    [98.6772, 3.7583],
    [98.6889, 3.7647],
    [98.6806, 3.7679],
    [98.6807, 3.7648],
    [98.6546, 3.7563],
    [98.6546, 3.7563],
    [98.6686, 3.7592],
    [98.6542, 3.7583],
    [98.6546, 3.7563],
    [98.6889, 3.7647],
    [98.6815, 3.7609],
    [98.6815, 3.7609],
    [98.6889, 3.7647],
    [98.6889, 3.7647],
    [98.6889, 3.7647],
    [98.6889, 3.7647],
    [98.6889, 3.7647],
    [98.6889, 3.7647],
    [98.6889, 3.7647],
    [98.6889, 3.7647],
    [98.6881, 3.7817],
    [98.6889, 3.7647],
    [98.6889, 3.7647],
    [98.6795, 3.7577],
    [98.6795, 3.7577],
    [98.7013, 3.7784],
    [98.6854, 3.7817],
    [98.6855, 3.7817],
    [98.6842, 3.7816],
    [98.6845, 3.7815],
    [98.683, 3.7814],
    [98.6885, 3.7805],
    [98.6885, 3.7805],
    [98.6885, 3.7805],
    [98.6847, 3.7772],
    [98.6847, 3.7772],
    [98.6847, 3.7772],
    [98.6826, 3.7772],
    [98.6825, 3.7759],
    [98.6885, 3.7805],
    [98.6807, 3.7578],
    [98.6942, 3.7843],
    [98.6889, 3.7848],
    [98.6843, 3.785],
    [98.6791, 3.7735],
    [98.6791, 3.7735],
    [98.6799, 3.7741],
    [98.6791, 3.7735],
    [98.6802, 3.773],
    [98.6796, 3.7715],
    [98.6889, 3.7848],
    [98.6889, 3.7848],
    [98.6778, 3.7709],
    [98.6889, 3.7848],
    [98.7013, 3.7784],
    [98.7013, 3.7784],
    [98.6821, 3.7804],
    [98.6855, 3.7817],
    [98.6855, 3.7817],
    [98.6835, 3.7717],
    [98.6847, 3.7772],
    [98.6834, 3.7786],
    [98.6847, 3.7772],
    [98.6815, 3.7609],
    [98.6889, 3.7647],
    [98.6889, 3.7647],
    [98.6889, 3.7647],
    [98.6889, 3.7647],
    [98.7051, 3.7752],
    [98.6889, 3.7848],
    [98.6889, 3.7848],
    [98.6778, 3.7709],
    [98.7013, 3.7784],
    [98.7013, 3.7759],
    [98.7013, 3.7784],
    [98.7013, 3.7784],
    [98.7013, 3.7784],
    [98.7013, 3.7784],
    [98.7013, 3.7784],
    [98.7013, 3.7784],
    [98.702, 3.7758],
    [98.6864, 3.7822],
    [98.6847, 3.7772],
    [98.656, 3.7573],
    [98.6847, 3.7772],
    [98.6812, 3.7765],
    [98.6834, 3.7786],
    [98.6837, 3.7771],
    [98.6847, 3.7772],
    [98.6825, 3.7752],
    [98.6885, 3.7805],
    [98.6753, 3.7661],
    [98.6568, 3.757],
    [98.6817, 3.7599],
    [98.6817, 3.7599],
    [98.6686, 3.7592],
    [98.6817, 3.7599],
    [98.6817, 3.7599],
    [98.6568, 3.757],
    [98.6546, 3.7563],
    [98.6797, 3.7738],
    [98.6889, 3.7848],
    [98.6889, 3.7848],
    [98.6889, 3.7848],
    [98.7013, 3.7784],
    [98.7013, 3.7784],
    [98.7013, 3.7784],
    [98.6864, 3.7806],
    [98.6864, 3.7806],
    [98.6864, 3.7806],
    [98.6885, 3.7805],
    [98.6942, 3.7843],
    [98.6813, 3.7613],
    [98.6826, 3.773],
    [98.6855, 3.7817],
    [98.6546, 3.7563],
    [98.6546, 3.7563],
    [98.6546, 3.7563],
    [98.68, 3.7611],
    [98.6546, 3.7563],
    [98.6547, 3.7591],
    [98.6552, 3.7589],
    [98.6547, 3.7591],
    [98.6552, 3.7589],
    [98.6542, 3.7583],
    [98.6546, 3.7563],
    [98.6562, 3.7576],
    [98.6546, 3.7563],
    [98.6546, 3.758],
    [98.6546, 3.7563],
    [98.6568, 3.757],
    [98.6881, 3.7817],
    [98.6815, 3.7674],
    [98.6782, 3.7679],
    [98.6753, 3.7661],
    [98.6807, 3.767],
    [98.6807, 3.767],
    [98.68, 3.7665],
    [98.6791, 3.7668],
    [98.6819, 3.7661],
    [98.6807, 3.7648],
    [98.677, 3.7636],
    [98.677, 3.7636],
    [98.6762, 3.766],
    [98.6753, 3.7661],
    [98.6634, 3.7578],
    [98.6625, 3.7594],
    [98.6824, 3.7744],
    [98.682, 3.7745],
    [98.6885, 3.7805],
    [98.6876, 3.7798],
    [98.6889, 3.7647],
    [98.6889, 3.7647],
    [98.6815, 3.7609],
    [98.6889, 3.7647],
    [98.6889, 3.7647],
    [98.6889, 3.7647],
    [98.6795, 3.7577],
    [98.6772, 3.7583],
    [98.6767, 3.7581],
    [98.6889, 3.7647],
    [98.6889, 3.7647],
    [98.6835, 3.7717],
    [98.6847, 3.7772],
    [98.6846, 3.7789],
    [98.6812, 3.7765],
    [98.6821, 3.7804],
    [98.6821, 3.7804],
    [98.6826, 3.7803],
    [98.6885, 3.7805],
    [98.6824, 3.7744],
    [98.6834, 3.7786],
    [98.6834, 3.7786],
    [98.6826, 3.7772],
    [98.6829, 3.7723],
    [98.6885, 3.7805],
    [98.6825, 3.7752],
    [98.6826, 3.775],
    [98.683, 3.7814],
    [98.683, 3.7814],
    [98.683, 3.7814],
    [98.683, 3.7814],
    [98.6885, 3.7805],
    [98.6859, 3.7806],
    [98.6833, 3.7808],
    [98.6833, 3.7808],
    [98.6833, 3.7808],
    [98.6833, 3.7808],
    [98.6841, 3.7799],
    [98.6885, 3.7805],
    [98.6847, 3.7772],
    [98.6835, 3.7717],
    [98.6847, 3.7772],
    [98.6847, 3.7772],
    [98.6847, 3.7816],
    [98.6842, 3.7816],
    [98.6821, 3.7804],
    [98.6855, 3.7817],
    [98.6821, 3.7804],
    [98.6855, 3.7817],
    [98.685, 3.7818],
    [98.6857, 3.7828],
    [98.6859, 3.7827],
    [98.6841, 3.7821],
    [98.6885, 3.7805],
    [98.6885, 3.7805],
    [98.683, 3.7814],
    [98.6855, 3.7817],
    [98.683, 3.7814],
    [98.683, 3.7814],
    [98.7013, 3.7784],
    [98.7013, 3.7784],
    [98.7013, 3.7784],
    [98.7013, 3.7784],
    [98.7013, 3.7784],
    [98.7013, 3.7784],
    [98.7013, 3.7759],
    [98.7013, 3.7759],
    [98.7013, 3.7784],
    [98.7013, 3.7784],
    [98.6835, 3.7717],
    [98.6835, 3.7717],
    [98.6885, 3.7805],
    [98.6855, 3.7817],
    [98.6847, 3.7816],
    [98.6889, 3.7848],
    [98.6802, 3.7698],
    [98.6889, 3.7848],
    [98.6817, 3.7599],
    [98.7013, 3.7784],
    [98.6817, 3.7599],
    [98.7034, 3.7745],
    [98.7013, 3.7784],
    [98.7013, 3.7784],
    [98.702, 3.7758],
    [98.7013, 3.7759],
    [98.7013, 3.7784],
    [98.7013, 3.7784],
    [98.704, 3.7744],
    [98.7013, 3.7784],
    [98.7013, 3.7784],
    [98.6811, 3.7754],
    [98.6791, 3.7735],
    [98.6791, 3.7735],
    [98.6787, 3.7741],
    [98.6788, 3.7733],
    [98.6747, 3.7657],
    [98.6802, 3.773],
    [98.6889, 3.7848],
    [98.6889, 3.7848],
    [98.6889, 3.7848],
    [98.6889, 3.7848],
    [98.6889, 3.7848],
    [98.6778, 3.7709],
    [98.6889, 3.7848],
    [98.6889, 3.7848],
    [98.6889, 3.7848],
    [98.6962, 3.7865],
    [98.6854, 3.7856],
    [98.6851, 3.7833],
    [98.6877, 3.7836],
    [98.6886, 3.7834],
    [98.6843, 3.7828],
    [98.6853, 3.7835],
    [98.6843, 3.7851],
    [98.6855, 3.784],
    [98.6831, 3.7848],
    [98.6889, 3.7848],
    [98.6962, 3.7865],
    [98.7074, 3.7799],
    [98.6855, 3.7817],
    [98.6546, 3.7563],
    [98.6546, 3.7563],
    [98.6546, 3.7563],
    [98.6546, 3.7563],
    [98.6546, 3.758],
    [98.6546, 3.758],
    [98.6545, 3.7578],
    [98.6546, 3.7563],
    [98.6546, 3.7563],
    [98.6594, 3.7585],
    [98.68, 3.7611],
    [98.7016, 3.7856],
    [98.6546, 3.7563],
    [98.6546, 3.7563],
    [98.6542, 3.7583],
    [98.6546, 3.758],
    [98.6547, 3.7562],
    [98.6542, 3.7586],
    [98.6546, 3.7563],
    [98.6546, 3.7563],
    [98.68, 3.7665],
    [98.681, 3.7657],
    [98.6807, 3.7648],
    [98.6807, 3.7648],
    [98.6807, 3.7648],
    [98.677, 3.7636],
    [98.677, 3.7636],
    [98.6787, 3.7669],
    [98.6787, 3.7669],
    [98.6753, 3.7661],
    [98.6546, 3.7563],
    [98.6546, 3.7563],
    [98.6546, 3.7563],
    [98.6546, 3.7563],
    [98.6546, 3.7563],
    [98.6546, 3.7563],
    [98.6836, 3.7719],
    [98.6836, 3.7719],
    [98.6885, 3.7805],
    [98.6885, 3.7805],
    [98.6885, 3.7805],
    [98.6889, 3.7647],
    [98.6889, 3.7647],
    [98.6889, 3.7647],
    [98.6889, 3.7647],
    [98.6772, 3.7583],
    [98.6772, 3.7583],
    [98.6772, 3.7583],
    [98.6889, 3.7647],
    [98.6889, 3.7647],
    [98.6782, 3.7679],
    [98.6782, 3.7679],
    [98.6885, 3.7805],
    [98.6847, 3.7772],
    [98.6847, 3.7772],
    [98.6856, 3.7795],
    [98.6825, 3.7759],
    [98.6825, 3.7759],
    [98.6825, 3.7759],
    [98.6835, 3.7751],
    [98.6885, 3.7805],
    [98.6885, 3.7805],
    [98.6847, 3.7772],
    [98.6824, 3.7744],
    [98.6823, 3.7737],
    [98.6828, 3.7738],
    [98.6885, 3.7805],
    [98.6831, 3.7732],
    [98.6885, 3.7805],
    [98.6847, 3.7772],
    [98.6847, 3.7772],
    [98.6847, 3.7772],
    [98.6847, 3.7772],
    [98.6847, 3.7772],
    [98.6812, 3.7765],
    [98.6812, 3.7765],
    [98.6821, 3.7804],
    [98.6821, 3.7804],
    [98.6837, 3.7776],
    [98.6837, 3.7776],
    [98.6837, 3.7771],
    [98.6885, 3.7805],
    [98.6885, 3.7805],
    [98.6885, 3.7805],
    [98.7013, 3.7759],
    [98.7074, 3.7799],
    [98.7013, 3.7784],
    [98.6864, 3.7835],
    [98.7013, 3.7784],
    [98.7013, 3.7784],
    [98.6885, 3.7805],
    [98.683, 3.7814],
    [98.6847, 3.7772],
    [98.6847, 3.7772],
    [98.6859, 3.7806],
    [98.6841, 3.7799],
    [98.6841, 3.7799],
    [98.6885, 3.7805],
    [98.6885, 3.7805],
    [98.6942, 3.7843],
    [98.6942, 3.7843],
    [98.6837, 3.7873],
    [98.6855, 3.784],
    [98.6889, 3.7848],
    [98.6831, 3.7848],
    [98.6831, 3.7848],
    [98.6831, 3.7848],
    [98.6791, 3.7735],
    [98.68, 3.7738],
    [98.6889, 3.7848],
    [98.6962, 3.7865],
    [98.6962, 3.7865],
    [98.681, 3.7705],
    [98.7013, 3.7784],
    [98.6889, 3.7848],
    [98.6942, 3.7843],
    [98.6942, 3.7843],
    [98.6942, 3.7843],
    [98.6962, 3.7865],
    [98.6962, 3.7865],
    [98.6962, 3.7865],
    [98.6889, 3.7848],
    [98.6889, 3.7848],
    [98.6847, 3.7772],
    [98.6847, 3.7772],
    [98.6885, 3.7805],
    [98.6889, 3.7647],
    [98.6813, 3.7656],
    [98.6773, 3.7735],
    [98.6855, 3.7817],
    [98.6855, 3.7817],
    [98.6773, 3.7735],
    [98.6552, 3.7589],
    [98.6546, 3.758],
    [98.6568, 3.757],
    [98.6546, 3.7563],
    [98.6546, 3.7563],
    [98.6754, 3.7544],
    [98.6885, 3.7805],
    [98.6876, 3.7798],
    [98.6889, 3.7647],
    [98.6889, 3.7647],
    [98.6889, 3.7647],
    [98.6889, 3.7647],
    [98.6889, 3.7647],
    [98.6762, 3.766],
    [98.681, 3.7657],
    [98.677, 3.7636],
    [98.6753, 3.7661],
    [98.6686, 3.7592],
    [98.6546, 3.7563],
    [98.6546, 3.7563],
    [98.6846, 3.7789],
    [98.6826, 3.7803],
    [98.6821, 3.7804],
    [98.6812, 3.7765],
    [98.6826, 3.7803],
    [98.6845, 3.7785],
    [98.685, 3.778],
    [98.6826, 3.7772],
    [98.6885, 3.7805],
    [98.6847, 3.7772],
    [98.6847, 3.7772],
    [98.6825, 3.7752],
    [98.682, 3.7745],
    [98.6821, 3.7804],
    [98.6885, 3.7805],
    [98.6885, 3.7805],
    [98.7013, 3.7784],
    [98.7013, 3.7784],
    [98.702, 3.7758],
    [98.6541, 3.7567],
    [98.6859, 3.7827],
    [98.6864, 3.7822],
    [98.6838, 3.7825],
    [98.683, 3.7814],
    [98.683, 3.7814],
    [98.6847, 3.7772],
    [98.6847, 3.7772],
    [98.6847, 3.7772],
    [98.6835, 3.7795],
    [98.6846, 3.7794],
    [98.6846, 3.7794],
    [98.6847, 3.7772],
    [98.6788, 3.7733],
    [98.6942, 3.7843],
    [98.6889, 3.7848],
    [98.6889, 3.7848],
    [98.6942, 3.7843],
    [98.6889, 3.7848],
    [98.6774, 3.7701],
    [98.7013, 3.7784],
    [98.702, 3.7758],
    [98.7013, 3.7759],
    [98.7013, 3.7784],
    [98.7013, 3.7784],
    [98.7013, 3.7784],
    [98.7013, 3.7784],
    [98.7013, 3.7784],
    [98.7013, 3.7784],
    [98.6942, 3.7843],
    [98.6873, 3.7851],
    [98.6837, 3.7873],
    [98.6844, 3.7834],
    [98.6864, 3.7841],
    [98.6942, 3.7843],
    [98.6855, 3.784],
    [98.6843, 3.785],
    [98.6843, 3.785],
    [98.6837, 3.7873],
    [98.6791, 3.7751],
    [98.6791, 3.7735],
    [98.6773, 3.7735],
    [98.6942, 3.7843],
    [98.6855, 3.7817],
    [98.6889, 3.7647],
    [98.6782, 3.7679],
    [98.6568, 3.757],
    [98.6594, 3.7585],
    [98.6942, 3.7843],
    [98.6831, 3.7848],
    [98.6806, 3.7726],
    [98.7013, 3.7784],
    [98.6858, 3.7811],
    [98.6846, 3.7794],
    [98.6885, 3.7805],
    [98.6824, 3.7744],
    [98.6889, 3.7848],
    [98.6762, 3.766],
    [98.7013, 3.7759],
    [98.6885, 3.7805],
    [98.6889, 3.7647],
    [98.6835, 3.7717],
    [98.6851, 3.782],
    [98.6846, 3.7794],
    [98.6826, 3.7803],
    [98.6834, 3.7786],
    [98.6825, 3.7752],
    [98.6889, 3.7647],
    [98.6546, 3.7563],
    [98.7013, 3.7784],
    [98.7013, 3.7784],
    [98.7013, 3.7784],
    [98.7013, 3.7784],
    [98.7013, 3.7784],
    [98.6864, 3.7806],
    [98.6782, 3.7679],
    [98.6781, 3.7665],
    [98.6835, 3.7717],
    [98.6859, 3.7806],
    [98.6828, 3.7738],
    [98.6885, 3.7805],
    [98.6876, 3.7798],
    [98.6942, 3.7843],
    [98.6861, 3.7821],
    [98.685, 3.778],
    [98.6843, 3.785],
    [98.6788, 3.7733],
    [98.6889, 3.7848],
    [98.6889, 3.7647],
    [98.68, 3.7665],
    [98.677, 3.7636],
    [98.6809, 3.7652],
    [98.6889, 3.7647],
    [98.6889, 3.7647],
    [98.6889, 3.7647],
    [98.6889, 3.7647],
    [98.6795, 3.7577],
    [98.6808, 3.7575],
    [98.6772, 3.7583],
    [98.6889, 3.7647],
    [98.6807, 3.767],
    [98.677, 3.7636],
    [98.6546, 3.7563],
    [98.68, 3.7611],
    [98.6885, 3.7805],
    [98.6885, 3.7805],
    [98.6885, 3.7805],
    [98.6885, 3.7805],
    [98.6824, 3.7744],
    [98.6885, 3.7805],
    [98.6885, 3.7805],
    [98.6847, 3.7772],
    [98.6836, 3.7719],
    [98.6823, 3.7694],
    [98.6889, 3.7647],
    [98.6889, 3.7647],
    [98.6889, 3.7647],
    [98.6889, 3.7647],
    [98.6889, 3.7647],
    [98.6889, 3.7647],
    [98.6821, 3.7804],
    [98.6821, 3.7804],
    [98.6812, 3.7765],
    [98.6812, 3.7765],
    [98.6812, 3.7765],
    [98.6826, 3.7803],
    [98.6812, 3.7765],
    [98.687, 3.7776],
    [98.6821, 3.7804],
    [98.6885, 3.7805],
    [98.687, 3.7776],
    [98.6834, 3.7786],
    [98.6834, 3.7786],
    [98.6826, 3.7772],
    [98.6826, 3.7772],
    [98.6885, 3.7805],
    [98.7057, 3.7806],
    [98.6821, 3.7804],
    [98.6859, 3.7806],
    [98.6885, 3.7805],
    [98.6885, 3.7805],
    [98.6864, 3.7806],
    [98.6859, 3.7806],
    [98.6835, 3.7795],
    [98.6846, 3.7794],
    [98.6885, 3.7805],
    [98.6847, 3.7772],
    [98.6847, 3.7772],
    [98.6847, 3.7772],
    [98.6847, 3.7772],
    [98.6847, 3.7772],
    [98.7013, 3.7784],
    [98.7013, 3.7784],
    [98.7013, 3.7784],
    [98.7013, 3.7784],
    [98.7013, 3.7784],
    [98.7013, 3.7784],
    [98.6817, 3.772],
    [98.7013, 3.7784],
    [98.7013, 3.7784],
    [98.702, 3.7758],
    [98.7013, 3.7784],
    [98.6864, 3.7835],
    [98.7013, 3.7759],
    [98.7013, 3.7759],
    [98.7013, 3.7759],
    [98.7013, 3.7759],
    [98.7013, 3.7759],
    [98.7013, 3.7784],
    [98.7013, 3.7784],
    [98.7013, 3.7784],
    [98.7013, 3.7784],
    [98.7013, 3.7784],
    [98.7013, 3.7784],
    [98.702, 3.7758],
    [98.7013, 3.7784],
    [98.7013, 3.7784],
    [98.7013, 3.7784],
    [98.7013, 3.7784],
    [98.7013, 3.7784],
    [98.6791, 3.7735],
    [98.6889, 3.7848],
    [98.6791, 3.7727],
    [98.6889, 3.7848],
    [98.6889, 3.7848],
    [98.6778, 3.7709],
    [98.7013, 3.7784],
    [98.6817, 3.7599],
    [98.7013, 3.7784],
    [98.7013, 3.7784],
    [98.7074, 3.7799],
    [98.7013, 3.7784],
    [98.7013, 3.7784],
    [98.7013, 3.7784],
    [98.6837, 3.7873],
    [98.6855, 3.784],
    [98.6843, 3.785],
    [98.6831, 3.7848],
    [98.6882, 3.7825],
    [98.6811, 3.7754],
    [98.6787, 3.7741],
    [98.6885, 3.7805],
    [98.6812, 3.7765],
    [98.6837, 3.7771],
    [98.6885, 3.7805],
    [98.6843, 3.785],
    [98.6889, 3.7848],
    [98.6778, 3.7709],
    [98.7013, 3.7784],
    [98.7013, 3.7784],
    [98.6853, 3.7835],
    [98.6818, 3.7707],
    [98.6847, 3.7772],
    [98.7005, 3.781],
    [98.6812, 3.7591],
    [98.6812, 3.7716],
    [98.6867, 3.7824],
    [98.6869, 3.783],
    [98.6856, 3.7835],
    [98.7028, 3.7726],
    [98.6839, 3.7751],
    [98.6817, 3.7669],
    [98.676, 3.7669],
    [98.6825, 3.7759],
    [98.6625, 3.7594],
    [98.6848, 3.7872],
    [98.6546, 3.7563],
    [98.6807, 3.7648],
    [98.6804, 3.7697],
    [98.6712, 3.7618],
    [98.6582, 3.7589],
    [98.6881, 3.7799],
    [98.6842, 3.7762],
    [98.6877, 3.7834],
    [98.6877, 3.7834],
    [98.681, 3.7761],
    [98.6889, 3.7848],
    [98.7005, 3.781],
    [98.6813, 3.7656],
    [98.6813, 3.7656],
    [98.6817, 3.7599],
    [98.6889, 3.7647],
    [98.6889, 3.7647],
    [98.6889, 3.7647],
    [98.6889, 3.7647],
    [98.6842, 3.7839],
    [98.6817, 3.772],
    [98.6885, 3.7805],
    [98.6885, 3.7805],
    [98.6885, 3.7805],
    [98.6885, 3.7805],
    [98.6942, 3.7843]
  ]
}
