{
  "type": "FeatureCollection",
  "properties": [
    ["id","nama_usaha","alamat","jenis_peta","kecamatan","kelurahan_desa","sls","blok_sensus","telepon","kbli_kategori","sumber_data"],
    ["1","Global Duta Development. PT","Jl. Bambu Runcing No.36","prelist","MEDAN PERJUANGAN","PAHLAWAN","LINGKUNGAN 17","","(061) 4553203","F. Konstruksi","Gmaps + SBR"],
    ["2","PT MiradelimaCemerlangSelalu","Gg. Sekolah No.6","prelist","MEDAN PERJUANGAN","SIDORAME BARAT II","LINGKUNGAN 9","","0882-1004-7269","F. Konstruksi","Gmaps + SBR"],
    ["3","CV. Masindo Jaya Perkasa","Jl. Ibrahim Umar No.9B","prelist","MEDAN PERJUANGAN","SEI KERA HILIR I","LINGKUNGAN 7","","(061) 88812120","F. Konstruksi","Gmaps + SBR"],
    ["4","Karya Anugrah Rezeki. PT","Jl. Malaka No.176","prelist","MEDAN PERJUANGAN","PANDAU HILIR","LINGKUNGAN 3","","0812-1530-0555","F. Konstruksi","Gmaps + SBR"],
    ["5","Satria Tama Jaya. CV","Gg. Nuri No.4","prelist","MEDAN PERJUANGAN","TEGAL REJO","LINGKUNGAN 11","","(061) 4539212","F. Konstruksi","Gmaps + SBR"],
    ["6","Ganesha. CV","Jl. Pimpinan No.67","prelist","MEDAN PERJUANGAN","SEI KERA HILIR I","LINGKUNGAN 11","","(061) 4555347","F. Konstruksi","Gmaps + SBR"],
    ["7","Karya Tehnik Sejahtera. CV","Jl. Pendidikan No.72","prelist","MEDAN PERJUANGAN","TEGAL REJO","LINGKUNGAN 6","","(061) 6627072","F. Konstruksi","Gmaps + SBR"],
    ["8","Perkasa Property","Jl. Prof. H. M. Yamin No.388 A","prelist","MEDAN PERJUANGAN","SEI KERA HULU","LINGKUNGAN 3","","(061) 4147558","L. Real Estat","Gmaps + SBR"],
    ["9","Toko Ikhlas","Jl. Prof. H. M. Yamin No.328","prelist","MEDAN PERJUANGAN","SEI KERA HULU","LINGKUNGAN 1","","0813-7580-7033","F. Konstruksi","Gmaps + SBR"],
    ["10","APINDO TEKNIK JAYA","Jl. Setia Jadi No.5","prelist","MEDAN PERJUANGAN","TEGAL REJO","LINGKUNGAN 14","","(061) 80088550","C. Industri Pengolahan","Gmaps + SBR"],
    ["11","Aneka Ragam Eng. PT","Jl. Palembang No.35","prelist","MEDAN PERJUANGAN","PANDAU HILIR","LINGKUNGAN 5","","(061) 4150136","C. Industri Pengolahan","Gmaps + SBR"],
    ["12","CV. Mega Baru Jaya Perkasa","Jl. Prof. H. M. Yamin No.602 Simpang Jalan","prelist","MEDAN PERJUANGAN","PAHLAWAN","LINGKUNGAN 1","","(061) 4573229","C. Industri Pengolahan","Gmaps + SBR"],
    ["13","Alfamidi Rakyat 1","Jl. Sehati No.153","prelist","MEDAN PERJUANGAN","TEGAL REJO","LINGKUNGAN 7","","","G. Perdagangan Besar dan Eceran, Reparasi Mobil dan Sepeda Motor","Gmaps + SBR"],
    ["14","Berkah","Gg. Indah No.81","prelist","MEDAN PERJUANGAN","SIDORAME BARAT II","LINGKUNGAN 4","","0821-6312-9132","G. Perdagangan Besar dan Eceran, Reparasi Mobil dan Sepeda Motor","Gmaps + SBR"],
    ["15","Alfamidi Perjuangan","Jl. Perjuangan No.96 Abc","prelist","MEDAN PERJUANGAN","SEI KERA HILIR I","LINGKUNGAN 11","","","G. Perdagangan Besar dan Eceran, Reparasi Mobil dan Sepeda Motor","Gmaps + SBR"],
    ["16","Toko Harapan Baru","Jl. Rakyat No.112 A","prelist","MEDAN PERJUANGAN","SIDORAME TIMUR","LINGKUNGAN 12","","","G. Perdagangan Besar dan Eceran, Reparasi Mobil dan Sepeda Motor","Gmaps + SBR"],
    ["32","CV Dira Alam Lestari","Jl. Madong Lubis No.18D","prelist","MEDAN PERJUANGAN","PANDAU HILIR","LINGKUNGAN 5","","(061) 42002272","F. Konstruksi","Gmaps + SBR"],
    ["2817","Apotik Araska","Jl. Purwo No.26","prelist","MEDAN PERJUANGAN","SIDORAME TIMUR","LINGKUNGAN 3","","(061) 4559687","Q. Jasa Kesehatan dan Kegiatan Sosial","Gmaps + SBR"],
    ["2818","Hafinda Danaries. PT","Jl. Prof. H. M. Yamin No.532","prelist","MEDAN PERJUANGAN","SEI KERA HILIR II","LINGKUNGAN 9","","(061) 4142781","Q. Jasa Kesehatan dan Kegiatan Sosial","Gmaps + SBR"],
    ["2819","The Beauty Symphony","Jl. Madong Lubis No.47 B","prelist","MEDAN PERJUANGAN","PANDAU HILIR","LINGKUNGAN 7","","(061) 4158108","S. Aktivitas Jasa Lainnya","Gmaps + SBR"],
    ["2820","PELITA LAUNDRY KILOAN","Jl. Pelita Iv No.18 A","prelist","MEDAN PERJUANGAN","SIDORAME BARAT I","LINGKUNGAN 1","","0813-6105-6112","S. Aktivitas Jasa Lainnya","Gmaps + SBR"],
    ["2821","Berkah Laundry","Jl. Gurilla No.132","prelist","MEDAN PERJUANGAN","SEI KERA HILIR II","LINGKUNGAN 12","","","S. Aktivitas Jasa Lainnya","Gmaps + SBR"],
    ["2822","Doorsmeer panglima","Jl. Panglima No.3-21","prelist","MEDAN PERJUANGAN","SEI KERA HILIR I","LINGKUNGAN 1","","0831-9541-6006","S. Aktivitas Jasa Lainnya","Gmaps + SBR"],
    ["2823","PAUD Ikhlas","Jl. Pimpinan No.79","prelist","MEDAN PERJUANGAN","SEI KERA HILIR I","LINGKUNGAN 11","","(061) 4154267","P. Pendidikan","Gmaps + SBR"],
    ["2833","Klinik Utama Nehemia - Spesialis Penyakit Dalam, Saluran Hati dan Cerna","Jl. Pelita Iv No.1","prelist","MEDAN PERJUANGAN","SIDORAME TIMUR","LINGKUNGAN 15","","(061) 80033681","Q. Jasa Kesehatan dan Kegiatan Sosial","Gmaps + SBR"],
    ["2834","Kantor Konsultan Pajak Drs. Sunardi Lie, BKP","Jl. Prof. H. M. Yamin No.262-C","prelist","MEDAN PERJUANGAN","SEI KERA HULU","LINGKUNGAN 1","","(061) 4555656","O. Administrasi Pemerintahan, Pertahanan, dan Jaminan Sosial Wajib","Gmaps + SBR"],
    ["2835","Klinik Rakyat","Jl. Rakyat No.81","prelist","MEDAN PERJUANGAN","SIDORAME TIMUR","LINGKUNGAN 15","","(061) 77623299","Q. Jasa Kesehatan dan Kegiatan Sosial","Gmaps + SBR"],
    ["2836","KLINIK PRATAMA NIRMALA","Jl. Pasar Iii Gg. Gelatik No.4D","prelist","MEDAN PERJUANGAN","TEGAL REJO","LINGKUNGAN 14","","0811-6261-995","Q. Jasa Kesehatan dan Kegiatan Sosial","Gmaps + SBR"],
    ["2837","Klinik Pratama Rawat Jalan Hadijah","Jl. Batu Putih","prelist","MEDAN PERJUANGAN","PAHLAWAN","LINGKUNGAN 14","","0852-6833-5757","Q. Jasa Kesehatan dan Kegiatan Sosial","Gmaps + SBR"],
    ["2838","Pusat Bekam Ruqyah Medan","Jl. Prof. H. M. Yamin No.305","prelist","MEDAN PERJUANGAN","SEI KERA HILIR II","LINGKUNGAN 11","","0853-6136-2323","Q. Jasa Kesehatan dan Kegiatan Sosial","Gmaps + SBR"],
    ["2839","Apotik Rio farma","Jl. Hm. Said","prelist","MEDAN PERJUANGAN","SIDORAME BARAT I","LINGKUNGAN 3","","(061) 6619816","Q. Jasa Kesehatan dan Kegiatan Sosial","Gmaps + SBR"],
    ["2840","Puskesmas Pembantu Sei Rengas","Jl. Madong Lubis","prelist","MEDAN PERJUANGAN","PANDAU HILIR","LINGKUNGAN 5","","(061) 4516123","P. Pendidikan","Gmaps + SBR"],
    ["2841","Apotek Keluarga Kita","Jl. Rakyat No.99","prelist","MEDAN PERJUANGAN","SIDORAME TIMUR","LINGKUNGAN 15","","","Q. Jasa Kesehatan dan Kegiatan Sosial","Gmaps + SBR"],
    ["2842","Apotik Central","Jl. Prof. H. M. Yamin No.271 C","prelist","MEDAN PERJUANGAN","SEI KERA HILIR I","LINGKUNGAN 1","","0813-3330-9818","Q. Jasa Kesehatan dan Kegiatan Sosial","Gmaps + SBR"],
    ["2843","Apotik Yamin","Jl. Prof. H. M. Yamin No.185A","prelist","MEDAN PERJUANGAN","SEI KERA HILIR II","LINGKUNGAN 8","","(061) 4564718","Q. Jasa Kesehatan dan Kegiatan Sosial","Gmaps + SBR"],
    ["2844","Apotek Surya Farma","Jl. Prof. H. M. Yamin No.233B","prelist","MEDAN PERJUANGAN","SEI KERA HILIR I","LINGKUNGAN 1","","(061) 4153188","Q. Jasa Kesehatan dan Kegiatan Sosial","Gmaps + SBR"],
    ["2845","CV Siraja Sonang","Jl. Perjuangan No.30","prelist","MEDAN PERJUANGAN","SIDORAME TIMUR","LINGKUNGAN 8","","(061) 4552635","A. Pertanian, Kehutanan dan Perikanan","Gmaps + SBR"],
    ["2846","PT. MAZUMA AGRO INDONESIA","Jl. Prof. H. M. Yamin No.235","prelist","MEDAN PERJUANGAN","SEI KERA HILIR I","LINGKUNGAN 1","","0823-8086-1355","A. Pertanian, Kehutanan dan Perikanan","Gmaps + SBR"],
    ["2847","Apotik Rahayu","Jl. Prof. H. M. Yamin No.170","prelist","MEDAN PERJUANGAN","SEI KERA HULU","LINGKUNGAN 4","","(061) 570247","Q. Jasa Kesehatan dan Kegiatan Sosial","Gmaps + SBR"],
    ["2848","Apotik Nurhayati","Jl. Prof. H. M. Yamin No.410","prelist","MEDAN PERJUANGAN","SEI KERA HULU","LINGKUNGAN 4","","","Q. Jasa Kesehatan dan Kegiatan Sosial","Gmaps + SBR"],
    ["2849","Lembaga Pendidikan Pelita Mandiri","Jl. Pelita Iv No.90","prelist","MEDAN PERJUANGAN","SIDORAME BARAT II","LINGKUNGAN 7","","(061) 6612690","P. Pendidikan","Gmaps + SBR"],
    ["2850","Bandrek Sahib","Jl. Prof. H. M. Yamin No.151","prelist","MEDAN PERJUANGAN","SEI KERA HILIR II","LINGKUNGAN 15","","","I. Penyediaan Akomodasi dan Makan Minum","Gmaps + SBR"],
    ["2851","YAYASAN PERGURUAN HUSNI THAMRIN PLAYGROUP & TAMAN KANAK KANAK","Jalan Galang Nompr 4A / 14","prelist","MEDAN PERJUANGAN","PANDAU HILIR","LINGKUNGAN 8","","(061) 4149795","P. Pendidikan","Gmaps + SBR"],
    ["2852","SD Negeri 060875","Jl. Pendidikan No.142","prelist","MEDAN PERJUANGAN","TEGAL REJO","LINGKUNGAN 4","","","P. Pendidikan","Gmaps + SBR"],
    ["2853","SD Muhammadiyah 21","Gg. Madrasah Jl. Pendidikan No.5","prelist","MEDAN PERJUANGAN","TEGAL REJO","LINGKUNGAN 6","","","P. Pendidikan","Gmaps + SBR"],
    ["2854","SD Muhammadiyah 18","Jl. Pelita Ii No.5","prelist","MEDAN PERJUANGAN","SIDORAME BARAT I","LINGKUNGAN 3","","(061) 6621557","P. Pendidikan","Gmaps + SBR"],
    ["2855","SD Negeri No.060872","Jl. Pendidikan No.142","prelist","MEDAN PERJUANGAN","TEGAL REJO","LINGKUNGAN 4","","","P. Pendidikan","Gmaps + SBR"],
    ["2856","SD Ikhlashiyah","Jl. Rakyat No.148-166","prelist","MEDAN PERJUANGAN","TEGAL REJO","LINGKUNGAN 8","","","P. Pendidikan","Gmaps + SBR"],
    ["2857","MDA AL ISLAH","Jl. Pelita Iv No.8A","prelist","MEDAN PERJUANGAN","SIDORAME TIMUR","LINGKUNGAN 15","","","P. Pendidikan","Gmaps + SBR"],
    ["2858","SD Swasta Muhammadiyah 6","Jl. Pahlawan No.67","prelist","MEDAN PERJUANGAN","PAHLAWAN","LINGKUNGAN 12","","(061) 4568535","P. Pendidikan","Gmaps + SBR"],
    ["2859","SMK Negeri 6 Medan","Jl. Jambi No.23D","prelist","MEDAN PERJUANGAN","PANDAU HILIR","LINGKUNGAN 3","","(061) 4535780","P. Pendidikan","Gmaps + SBR"],
    ["2860","PAUD Arifah","Jl. Mesjid Taufik No.77","prelist","MEDAN PERJUANGAN","TEGAL REJO","LINGKUNGAN 7","","0821-6848-5505","P. Pendidikan","Gmaps + SBR"],
    ["2861","TK Aisyiyah Bustanul Atfhal 33","Jl. Pahlawan No.76","prelist","MEDAN PERJUANGAN","PAHLAWAN","LINGKUNGAN 5","","(061) 4568535","P. Pendidikan","Gmaps + SBR"],
    ["2862","Boobo Petshop","Jl. Hos Cokroaminoto No.89A","prelist","MEDAN PERJUANGAN","PANDAU HILIR","LINGKUNGAN 6","","","A. Pertanian, Kehutanan dan Perikanan","Gmaps + SBR"],
    ["2863","Ganesha Operation","No. 253 C","prelist","MEDAN PERJUANGAN","SEI KERA HILIR I","LINGKUNGAN 1","","(061) 4151694","P. Pendidikan","Gmaps + SBR"],
    ["2864","Sanggar Musik Anugerah","Jl. Dorowati Jl. Gereja No.40","prelist","MEDAN PERJUANGAN","SIDORAME BARAT II","LINGKUNGAN 1","","0813-7642-67511","P. Pendidikan","Gmaps + SBR"],
    ["2865","TOKO PERABOT INDAH","Jl. Prof. H. M. Yamin No.263A","prelist","MEDAN PERJUANGAN","SEI KERA HILIR I","LINGKUNGAN 1","","0851-0622-3636","G. Perdagangan Besar dan Eceran, Reparasi Mobil dan Sepeda Motor","Gmaps + SBR"],
    ["2866","rizky Prabot","Jl. Satria Barat Jl. Pahlawan","prelist","MEDAN PERJUANGAN","PAHLAWAN","LINGKUNGAN 16","","0812-6408-8944","G. Perdagangan Besar dan Eceran, Reparasi Mobil dan Sepeda Motor","Gmaps + SBR"],
    ["2867","Sumber Rezeki","Jl. Rakyat No.130/132","prelist","MEDAN PERJUANGAN","TEGAL REJO","LINGKUNGAN 12","","0852-7682-3870","G. Perdagangan Besar dan Eceran, Reparasi Mobil dan Sepeda Motor","Gmaps + SBR"],
    ["2868","Aneka Pancing","Jl. Prof. Dr Jl. Prof. H. M. Yamin No.259","prelist","MEDAN PERJUANGAN","SEI KERA HILIR I","LINGKUNGAN 1","","","G. Perdagangan Besar dan Eceran, Reparasi Mobil dan Sepeda Motor","Gmaps + SBR"],
    ["2869","Bank Sahabat Sampoerna KC Medan","Jl. Sutomo No.27 02","prelist","MEDAN PERJUANGAN","PANDAU HILIR","LINGKUNGAN 2","","(061) 4565666","G. Perdagangan Besar dan Eceran, Reparasi Mobil dan Sepeda Motor","Gmaps + SBR"],
    ["2870","Optik Jayatama","Jl. Prof. H. M. Yamin No.285","prelist","MEDAN PERJUANGAN","SEI KERA HILIR I","LINGKUNGAN 1","","0813-7528-8217","G. Perdagangan Besar dan Eceran, Reparasi Mobil dan Sepeda Motor","Gmaps + SBR"],
    ["2871","Rental Mobil Medan - Alfatel Mobil","Jl. Gurilla Gg. Tunggal No.2","prelist","MEDAN PERJUANGAN","SIDORAME TIMUR","LINGKUNGAN 5","","0852-9771-9557","H. Transportasi dan Pergudangan","Gmaps + SBR"],
    ["2872","Rumah Makan Negara","Jl. Negara No.9","prelist","MEDAN PERJUANGAN","PAHLAWAN","LINGKUNGAN 11","","0851-0264-1212","I. Penyediaan Akomodasi dan Makan Minum","Gmaps + SBR"],
    ["2873","Rumah Makan Barokah","Jl. Pasar Iii No.97","prelist","MEDAN PERJUANGAN","TEGAL REJO","LINGKUNGAN 14","","0821-6153-0944","I. Penyediaan Akomodasi dan Makan Minum","Gmaps + SBR"],
    ["2874","Rumah Makan Hasian Khas Batak","Jl. Pelita Iv","prelist","MEDAN PERJUANGAN","SIDORAME BARAT II","LINGKUNGAN 3","","","I. Penyediaan Akomodasi dan Makan Minum","Gmaps + SBR"],
    ["2875","Mie Balap Bang Udin","Jl. Pendidikan No.150","prelist","MEDAN PERJUANGAN","TEGAL REJO","LINGKUNGAN 8","","(0650) 253000","I. Penyediaan Akomodasi dan Makan Minum","Gmaps + SBR"],
    ["2876","Martabak Den Bagoes","Depan mesjid perjuangan Jl. Perintis Kemerdekaan, Perintis, Kec. Medan Tim., Kota Medan, Sumatera Utara 20233","prelist","MEDAN PERJUANGAN","SEI KERA HILIR II","LINGKUNGAN 2","","","I. Penyediaan Akomodasi dan Makan Minum","Gmaps + SBR"],
    ["2877","WARUNG MAMAK","Jalsn Tuasan Jl. Pasar III, Tegal Rejo, Kec. Medan Perjuangan, Kota Medan, Sumatera Utara 20236","prelist","MEDAN PERJUANGAN","TEGAL REJO","LINGKUNGAN 10","","0822-7443-7891","I. Penyediaan Akomodasi dan Makan Minum","Gmaps + SBR"],
    ["2878","SMP Swasta Muhammadiyah 49","Gg. Madrasah No.5","prelist","MEDAN PERJUANGAN","TEGAL REJO","LINGKUNGAN 6","","","P. Pendidikan","Gmaps + SBR"],
    ["2879",",SMA S NASRANI 2 MEDAN","Jl. Pendidikan No.88","prelist","MEDAN PERJUANGAN","TEGAL REJO","LINGKUNGAN 7","","(061) 6612139","P. Pendidikan","Gmaps + SBR"],
    ["2880","Zahira School","Jl. Ibrahim Umar No.19","prelist","MEDAN PERJUANGAN","SEI KERA HILIR I","LINGKUNGAN 7","","0813-6136-4435","P. Pendidikan","Gmaps + SBR"],
    ["2881","Alfamart HM Yamin","Jl. Prof. H. M. Yamin No.500","prelist","MEDAN PERJUANGAN","PAHLAWAN","LINGKUNGAN 1","","","G. Perdagangan Besar dan Eceran, Reparasi Mobil dan Sepeda Motor","Gmaps + SBR"],
    ["2882","Alfamart Rakyat","Jl. Rakyat","prelist","MEDAN PERJUANGAN","SIDORAME TIMUR","LINGKUNGAN 15","","0815-4620-2758","G. Perdagangan Besar dan Eceran, Reparasi Mobil dan Sepeda Motor","Gmaps + SBR"],
    ["2883","Indomaret (CV Jaya Makmur)","Jl. Hm. Said","prelist","MEDAN PERJUANGAN","SIDORAME BARAT I","LINGKUNGAN 3","","0811-6098-963","G. Perdagangan Besar dan Eceran, Reparasi Mobil dan Sepeda Motor","Gmaps + SBR"],
    ["2884","Toko Aleng","Jl. Letkol Martinus","prelist","MEDAN PERJUANGAN","PANDAU HILIR","LINGKUNGAN 1","","(061) 4560995","G. Perdagangan Besar dan Eceran, Reparasi Mobil dan Sepeda Motor","Gmaps + SBR"],
    ["2885","Sehati Water R.O","Jl. Pendidikan No.134","prelist","MEDAN PERJUANGAN","TEGAL REJO","LINGKUNGAN 7","","0812-8229-0561","G. Perdagangan Besar dan Eceran, Reparasi Mobil dan Sepeda Motor","Gmaps + SBR"],
    ["2886","Toko Usaha Baru","Jl. Veteran No.31","prelist","MEDAN PERJUANGAN","PANDAU HILIR","LINGKUNGAN 1","","","G. Perdagangan Besar dan Eceran, Reparasi Mobil dan Sepeda Motor","Gmaps + SBR"],
    ["2887","Grosir Albarokah","Jl. Hm. Said No.12","prelist","MEDAN PERJUANGAN","SIDORAME BARAT I","LINGKUNGAN 6","","","G. Perdagangan Besar dan Eceran, Reparasi Mobil dan Sepeda Motor","Gmaps + SBR"],
    ["2888","Parkir Fashion","Jl. Rakyat","prelist","MEDAN PERJUANGAN","SIDORAME TIMUR","LINGKUNGAN 11","","0878-6866-1149","G. Perdagangan Besar dan Eceran, Reparasi Mobil dan Sepeda Motor","Gmaps + SBR"],
    ["2889","Syahfira Bakery & Cakes Shop","Jl. Ibrahim Umar No.8","prelist","MEDAN PERJUANGAN","SEI KERA HILIR I","LINGKUNGAN 6","","(061) 4152158","G. Perdagangan Besar dan Eceran, Reparasi Mobil dan Sepeda Motor","Gmaps + SBR"],
    ["2890","Gramindo Luhur Abadi. PT","Pandau Hilir, Kec. Medan Perjuangan, Kota Medan, Sumatera Utara 20232","prelist","MEDAN PERJUANGAN","PANDAU HILIR","LINGKUNGAN 2","","(061) 4576243","G. Perdagangan Besar dan Eceran, Reparasi Mobil dan Sepeda Motor","Gmaps + SBR"],
    ["2891","Prima Elektronik","Jl. Prof. H. M. Yamin No.261","prelist","MEDAN PERJUANGAN","SEI KERA HILIR I","LINGKUNGAN 1","","(061) 4530738","G. Perdagangan Besar dan Eceran, Reparasi Mobil dan Sepeda Motor","Gmaps + SBR"],
    ["2892","Cahaya Makmur","Jl. Prof. H. M. Yamin No.105","prelist","MEDAN PERJUANGAN","SEI KERA HILIR II","LINGKUNGAN 3","","0813-1838-3730","G. Perdagangan Besar dan Eceran, Reparasi Mobil dan Sepeda Motor","Gmaps + SBR"],
    ["2893","Nasional Elektronik","Jl. Prof. H. M. Yamin No.137","prelist","MEDAN PERJUANGAN","SEI KERA HILIR II","LINGKUNGAN 15","","","G. Perdagangan Besar dan Eceran, Reparasi Mobil dan Sepeda Motor","Gmaps + SBR"],
    ["2894","Wira Abadi","Jl. Rencong","prelist","MEDAN PERJUANGAN","PAHLAWAN","LINGKUNGAN 9","","(061) 4551112","C. Industri Pengolahan","Gmaps + SBR"],
    ["2895","Smart Electronik","Jl. Dorowati No.15","prelist","MEDAN PERJUANGAN","SIDORAME BARAT I","LINGKUNGAN 9","","(061) 4578942","G. Perdagangan Besar dan Eceran, Reparasi Mobil dan Sepeda Motor","Gmaps + SBR"],
    ["2896","Anju Ponsel, Grosir & Eceran","Jl. Dorowati No.2","prelist","MEDAN PERJUANGAN","SIDORAME BARAT II","LINGKUNGAN 1","","0853-6181-2021","G. Perdagangan Besar dan Eceran, Reparasi Mobil dan Sepeda Motor","Gmaps + SBR"],
    ["2913","PT ANUGERAH MUARA TECHNINDO","Jl. Pelita Vi No.30","prelist","MEDAN PERJUANGAN","SIDORAME BARAT II","LINGKUNGAN 9","","(061) 80080185","F. Konstruksi","Gmaps + SBR"],
    ["2914","PT.MARKHA NAULI PERSADA","Gg. Melur No.8","prelist","MEDAN PERJUANGAN","TEGAL REJO","LINGKUNGAN 9","","0822-8761-6698","F. Konstruksi","Gmaps + SBR"],
    ["2915","Kutilang Kursus Menjahit","Jl. Perjuangan","prelist","MEDAN PERJUANGAN","SIDORAME TIMUR","LINGKUNGAN 8","","0821-7925-0091","C. Industri Pengolahan","Gmaps + SBR"],
    ["2916","SENTOSA MOTOR","Jl. Sentosa Lama","prelist","MEDAN PERJUANGAN","SEI KERA HILIR II","LINGKUNGAN 12","","","G. Perdagangan Besar dan Eceran, Reparasi Mobil dan Sepeda Motor","Gmaps + SBR"],
    ["2950","Bengkel sepeda motor special injeksi","Jl. Perjuangan No.3","prelist","MEDAN PERJUANGAN","SIDORAME TIMUR","LINGKUNGAN 9","","","G. Perdagangan Besar dan Eceran, Reparasi Mobil dan Sepeda Motor","Gmaps"],
    ["2951","BENGKEL LOGAM SERVICE","Jl. Rakyat No.158C","prelist","MEDAN PERJUANGAN","TEGAL REJO","LINGKUNGAN 8","","0812-6079-5570","G. Perdagangan Besar dan Eceran, Reparasi Mobil dan Sepeda Motor","Gmaps"],
    ["2952","Bengkel Mobil Cuann Jaya","Jl. M.H Thamrin No.15-55","prelist","MEDAN PERJUANGAN","PANDAU HILIR","LINGKUNGAN 4","","0852-7667-8888","G. Perdagangan Besar dan Eceran, Reparasi Mobil dan Sepeda Motor","Gmaps"],
    ["2953","Ahok Jaya Service","Jl. Pasar Iii No.122","prelist","MEDAN PERJUANGAN","TEGAL REJO","LINGKUNGAN 9","","0852-9787-2288","G. Perdagangan Besar dan Eceran, Reparasi Mobil dan Sepeda Motor","Gmaps"],
    ["2954","Pratama king medan","Jl. Sehati No.150","prelist","MEDAN PERJUANGAN","TEGAL REJO","LINGKUNGAN 8","","0813-7701-2351","G. Perdagangan Besar dan Eceran, Reparasi Mobil dan Sepeda Motor","Gmaps"],
    ["2955","CAHAYA MOTOR","Jl. Prof. H. M. Yamin No.424","prelist","MEDAN PERJUANGAN","SEI KERA HULU","LINGKUNGAN 5","","","G. Perdagangan Besar dan Eceran, Reparasi Mobil dan Sepeda Motor","Gmaps"],
    ["2956","Hongz Bengkel spesialis transmisi matic","Jl. M. Yakub No.10B","prelist","MEDAN PERJUANGAN","SEI KERA HILIR I","LINGKUNGAN 1","","","G. Perdagangan Besar dan Eceran, Reparasi Mobil dan Sepeda Motor","Gmaps"],
    ["2957","Bengkel Iqbal","Jl. Mapilindo No.37","prelist","MEDAN PERJUANGAN","TEGAL REJO","LINGKUNGAN 1","","0858-3488-4326","G. Perdagangan Besar dan Eceran, Reparasi Mobil dan Sepeda Motor","Gmaps"],
    ["2958","BENGKEL MONJA SPEED","Jl. Pasar Iii No.119","prelist","MEDAN PERJUANGAN","TEGAL REJO","LINGKUNGAN 11","","0813-7414-0715","G. Perdagangan Besar dan Eceran, Reparasi Mobil dan Sepeda Motor","Gmaps"],
    ["2959","Masterban HM Yamin (HM) Medan","Jl. Prof. H. M. Yamin No.271Bc","prelist","MEDAN PERJUANGAN","SEI KERA HILIR II","LINGKUNGAN 10","","0811-6146-571","G. Perdagangan Besar dan Eceran, Reparasi Mobil dan Sepeda Motor","Gmaps"],
    ["2960","Masterban Rakyat (RY) Medan","Jl. Rakyat No.47","prelist","MEDAN PERJUANGAN","SIDORAME TIMUR","LINGKUNGAN 11","","0811-6146-593","G. Perdagangan Besar dan Eceran, Reparasi Mobil dan Sepeda Motor","Gmaps"],
    ["2961","GAS ( GARAGE AUTO STUDIO MEDAN )","Jl. Pasar Iii No.110","prelist","MEDAN PERJUANGAN","TEGAL REJO","LINGKUNGAN 9","","0815-5688-2288","G. Perdagangan Besar dan Eceran, Reparasi Mobil dan Sepeda Motor","Gmaps"],
    ["2962","Bengkel Sepeda Motor Radja Tanggor","Jl. Rakyat No.74","prelist","MEDAN PERJUANGAN","SIDORAME TIMUR","LINGKUNGAN 12","","","G. Perdagangan Besar dan Eceran, Reparasi Mobil dan Sepeda Motor","Gmaps"],
    ["2963","BENGKEL MOBIL SEHATI JAYA","Jl. Pendidikan No.123","prelist","MEDAN PERJUANGAN","TEGAL REJO","LINGKUNGAN 8","","0813-6228-2626","G. Perdagangan Besar dan Eceran, Reparasi Mobil dan Sepeda Motor","Gmaps"],
    ["2964","VZ MOTOR","Jl. Perjuangan","prelist","MEDAN PERJUANGAN","SIDORAME TIMUR","LINGKUNGAN 9","","","G. Perdagangan Besar dan Eceran, Reparasi Mobil dan Sepeda Motor","Gmaps"],
    ["2965","STATION MOTOR","Jl. Rakyat No.37 E","prelist","MEDAN PERJUANGAN","SIDORAME TIMUR","LINGKUNGAN 11","","0877-0922-7888","G. Perdagangan Besar dan Eceran, Reparasi Mobil dan Sepeda Motor","Gmaps"],
    ["2966","TAKIM RACING MEDAN","Jl. Sehati Gg. Cemp. No.02","prelist","MEDAN PERJUANGAN","TEGAL REJO","LINGKUNGAN 9","","0821-6846-1661","G. Perdagangan Besar dan Eceran, Reparasi Mobil dan Sepeda Motor","Gmaps"],
    ["2967","Bengkel Abdul Karim","Jl. Ibrahim Umar","prelist","MEDAN PERJUANGAN","SEI KERA HILIR I","LINGKUNGAN 8","","","G. Perdagangan Besar dan Eceran, Reparasi Mobil dan Sepeda Motor","Gmaps"],
    ["2968","Pusuk Jaya Motor","Jl. Pelita I","prelist","MEDAN PERJUANGAN","SIDORAME BARAT II","LINGKUNGAN 3","","0852-6112-4628","G. Perdagangan Besar dan Eceran, Reparasi Mobil dan Sepeda Motor","Gmaps"],
    ["2969","BENGKEL IWAN BONGKAR","Jl. Pelita I No.105","prelist","MEDAN PERJUANGAN","SIDORAME BARAT II","LINGKUNGAN 3","","","G. Perdagangan Besar dan Eceran, Reparasi Mobil dan Sepeda Motor","Gmaps"],
    ["2970","Sin Motor Mekanik Profesional","Jl. Negara Dalam 1/2 D ( Belakang","prelist","MEDAN PERJUANGAN","PAHLAWAN","LINGKUNGAN 10","","0813-6111-6662","G. Perdagangan Besar dan Eceran, Reparasi Mobil dan Sepeda Motor","Gmaps"],
    ["2971","Bengkel mobil-CEMARA JAYA DINAMO","Jl. Rakyat No.14","prelist","MEDAN PERJUANGAN","SIDORAME TIMUR","LINGKUNGAN 3","","0853-6199-0900","G. Perdagangan Besar dan Eceran, Reparasi Mobil dan Sepeda Motor","Gmaps"],
    ["2972","Alfian Jaya Motor","Jl. Pasar Iii No.194","prelist","MEDAN PERJUANGAN","TEGAL REJO","LINGKUNGAN 8","","0812-6368-0049","G. Perdagangan Besar dan Eceran, Reparasi Mobil dan Sepeda Motor","Gmaps"],
    ["2973","Bengkel Auto Project","Jl. Setia Jadi No.48","prelist","MEDAN PERJUANGAN","TEGAL REJO","LINGKUNGAN 14","","","G. Perdagangan Besar dan Eceran, Reparasi Mobil dan Sepeda Motor","Gmaps"],
    ["2974","Rumah","Sidorame Bar. I, Kec. Medan Perjuangan, Kota Medan, Sumatera Utara 20236","prelist","MEDAN PERJUANGAN","SIDORAME BARAT I","LINGKUNGAN 11","","","G. Perdagangan Besar dan Eceran, Reparasi Mobil dan Sepeda Motor","Gmaps"],
    ["2975","Winner Motor 2","Jl. Pasar Iii No.124","prelist","MEDAN PERJUANGAN","TEGAL REJO","LINGKUNGAN 8","","","G. Perdagangan Besar dan Eceran, Reparasi Mobil dan Sepeda Motor","Gmaps"],
    ["2976","Yogi Motor Service","Jl. Rakyat No.100C","prelist","MEDAN PERJUANGAN","SIDORAME TIMUR","LINGKUNGAN 15","","","G. Perdagangan Besar dan Eceran, Reparasi Mobil dan Sepeda Motor","Gmaps"],
    ["2977","Bengkel Rendi scooter","Gg. Bimaraya","prelist","MEDAN PERJUANGAN","TEGAL REJO","LINGKUNGAN 9","","0852-2115-6353","G. Perdagangan Besar dan Eceran, Reparasi Mobil dan Sepeda Motor","Gmaps"],
    ["2978","RAKYAT MOTOR","Jl. Rakyat No.117","prelist","MEDAN PERJUANGAN","TEGAL REJO","LINGKUNGAN 13","","0853-7376-1832","G. Perdagangan Besar dan Eceran, Reparasi Mobil dan Sepeda Motor","Gmaps"],
    ["2979","Bengkel fajrul","Jl. Hm. Said Kampung No.128","prelist","MEDAN PERJUANGAN","SIDORAME BARAT I","LINGKUNGAN 2","","0822-8497-6188","G. Perdagangan Besar dan Eceran, Reparasi Mobil dan Sepeda Motor","Gmaps"],
    ["2980","Juan Motor","Jl. Pasar Iii","prelist","MEDAN PERJUANGAN","TEGAL REJO","LINGKUNGAN 11","","0852-7077-7216","G. Perdagangan Besar dan Eceran, Reparasi Mobil dan Sepeda Motor","Gmaps"],
    ["2981","Rifki Jaya Motor","Jl. Rakyat No.87-A","prelist","MEDAN PERJUANGAN","TEGAL REJO","LINGKUNGAN 2","","0821-6429-4137","G. Perdagangan Besar dan Eceran, Reparasi Mobil dan Sepeda Motor","Gmaps"],
    ["2982","Bengkel Putra Andalan","Jl. Gurilla No.114","prelist","MEDAN PERJUANGAN","SEI KERA HILIR II","LINGKUNGAN 12","","0813-7021-9549","G. Perdagangan Besar dan Eceran, Reparasi Mobil dan Sepeda Motor","Gmaps"],
    ["2983","Kembar Service","Jl. Gurilla No.112","prelist","MEDAN PERJUANGAN","SEI KERA HILIR II","LINGKUNGAN 12","","0812-7961-1414","G. Perdagangan Besar dan Eceran, Reparasi Mobil dan Sepeda Motor","Gmaps"],
    ["2984","Bengkel Dcb","Jl. Pasar Iii Jl. Gunung Krakatau No.161","prelist","MEDAN PERJUANGAN","TEGAL REJO","LINGKUNGAN 10","","0821-6675-9944","G. Perdagangan Besar dan Eceran, Reparasi Mobil dan Sepeda Motor","Gmaps"],
    ["2985","A3R","Gg. Agama No.6","prelist","MEDAN PERJUANGAN","SEI KERA HILIR I","LINGKUNGAN 11","","","G. Perdagangan Besar dan Eceran, Reparasi Mobil dan Sepeda Motor","Gmaps"],
    ["2986","Andalusia Motor","Jl. Rakyat No.48","prelist","MEDAN PERJUANGAN","SIDORAME TIMUR","LINGKUNGAN 11","","0815-4644-55888","G. Perdagangan Besar dan Eceran, Reparasi Mobil dan Sepeda Motor","Gmaps"],
    ["2987","SERVIS ELEKTRONIK SURYA ATMAJA(service elektronik)","Jl. Pasar Iii Gg. Seriti No.54A","prelist","MEDAN PERJUANGAN","TEGAL REJO","LINGKUNGAN 9","","0821-6070-6717","G. Perdagangan Besar dan Eceran, Reparasi Mobil dan Sepeda Motor","Gmaps"],
    ["2988","Syaiful Oil Supply","Jl. Prof. H. M. Yamin","prelist","MEDAN PERJUANGAN","SEI KERA HULU","LINGKUNGAN 1","","(061) 4511976","G. Perdagangan Besar dan Eceran, Reparasi Mobil dan Sepeda Motor","Gmaps"],
    ["2989","Bengkel Mobil Ombun","Jl. Mapilindo No.39-41","prelist","MEDAN PERJUANGAN","TEGAL REJO","LINGKUNGAN 1","","0813-7011-5527","G. Perdagangan Besar dan Eceran, Reparasi Mobil dan Sepeda Motor","Gmaps"],
    ["2990","MK KNALPOT (CABANG JL. KRAKATAU)","Jl. Prof. H. M. Yamin No.332","prelist","MEDAN PERJUANGAN","SEI KERA HULU","LINGKUNGAN 1","","0895-6112-80148","G. Perdagangan Besar dan Eceran, Reparasi Mobil dan Sepeda Motor","Gmaps"],
    ["2991","Joshua","Jl. Pasar Iii No.92","prelist","MEDAN PERJUANGAN","TEGAL REJO","LINGKUNGAN 9","","0878-6836-2747","G. Perdagangan Besar dan Eceran, Reparasi Mobil dan Sepeda Motor","Gmaps"],
    ["2992","RC Auto","Jl. Negara No.22","prelist","MEDAN PERJUANGAN","PAHLAWAN","LINGKUNGAN 11","","0821-6868-6122","G. Perdagangan Besar dan Eceran, Reparasi Mobil dan Sepeda Motor","Gmaps"],
    ["2993","BENGKEL MOTOR 6299 ENGINEER","Jl. Rakyat No.58","prelist","MEDAN PERJUANGAN","TEGAL REJO","LINGKUNGAN 8","","0896-1825-0585","G. Perdagangan Besar dan Eceran, Reparasi Mobil dan Sepeda Motor","Gmaps"],
    ["2994","BUANA BENGKEL MOTOR","Jl. Rakyat No.37C","prelist","MEDAN PERJUANGAN","SIDORAME TIMUR","LINGKUNGAN 11","","","G. Perdagangan Besar dan Eceran, Reparasi Mobil dan Sepeda Motor","Gmaps"],
    ["2995","BENGKEL BUDI","Jalan Hm Said #125","prelist","MEDAN PERJUANGAN","SIDORAME BARAT I","LINGKUNGAN 6","","0812-6276-1239","G. Perdagangan Besar dan Eceran, Reparasi Mobil dan Sepeda Motor","Gmaps"],
    ["2996","Las Babet Rakyat","Jl. Rakyat No.12","prelist","MEDAN PERJUANGAN","SIDORAME TIMUR","LINGKUNGAN 3","","0813-7608-2302","G. Perdagangan Besar dan Eceran, Reparasi Mobil dan Sepeda Motor","Gmaps"],
    ["2997","Winner Motor","Jl. Perjuangan","prelist","MEDAN PERJUANGAN","SEI KERA HILIR I","LINGKUNGAN 8","","0821-6562-5344","G. Perdagangan Besar dan Eceran, Reparasi Mobil dan Sepeda Motor","Gmaps"],
    ["2998","Tito Jaya Motor","Jl. Rakyat Gg. Sahata No.9","prelist","MEDAN PERJUANGAN","SIDORAME TIMUR","LINGKUNGAN 12","","0813-7580-2216","G. Perdagangan Besar dan Eceran, Reparasi Mobil dan Sepeda Motor","Gmaps"],
    ["2999","Berdikari Bikers Shop","Jl. Perjuangan No.57","prelist","MEDAN PERJUANGAN","SIDORAME TIMUR","LINGKUNGAN 9","","0813-6241-6139","G. Perdagangan Besar dan Eceran, Reparasi Mobil dan Sepeda Motor","Gmaps"],
    ["3000","Bengkel Aan Jaya Motor","Jl. Rakyat No.100","prelist","MEDAN PERJUANGAN","SIDORAME TIMUR","LINGKUNGAN 15","","0812-6285-1022","G. Perdagangan Besar dan Eceran, Reparasi Mobil dan Sepeda Motor","Gmaps"],
    ["3001","Bengkel New Pelangi Service / Mitra Jaya","Jl.Perjuangan No.102 (Seberang Pergudangan Mmtc Jl.Willem Iskandar/Jl.Pancing)","prelist","MEDAN PERJUANGAN","SEI KERA HILIR I","LINGKUNGAN 12","","(061) 4527083","G. Perdagangan Besar dan Eceran, Reparasi Mobil dan Sepeda Motor","Gmaps"],
    ["3002","Agnes Modiste","Jl. Pelita I","prelist","MEDAN PERJUANGAN","SIDORAME TIMUR","LINGKUNGAN 2","","0821-6704-3524","C. Industri Pengolahan","Gmaps"],
    ["3003","Panorama Tailor, Penjahit Jas","Jl. Madio Utomo No.4","prelist","MEDAN PERJUANGAN","TEGAL REJO","LINGKUNGAN 3","","0813-7692-2784","C. Industri Pengolahan","Gmaps"],
    ["3004","San Tailor","Jl. Perjuangan No.48 A","prelist","MEDAN PERJUANGAN","SEI KERA HILIR I","LINGKUNGAN 9","","(061) 4575812","C. Industri Pengolahan","Gmaps"],
    ["3005","Penjahit pak kalis","Jl. Gurilla No.45","prelist","MEDAN PERJUANGAN","SIDORAME TIMUR","LINGKUNGAN 5","","0813-7511-2536","C. Industri Pengolahan","Gmaps"],
    ["3006","Rumah Jahit Caca","Jl. Perjuangan Gg. Cendrawasih No.27","prelist","MEDAN PERJUANGAN","SIDORAME TIMUR","LINGKUNGAN 7","","0895-0262-7738","C. Industri Pengolahan","Gmaps"],
    ["3007","Kursus Menjahit KUTILANG","Jl. Perjuangan No.45","prelist","MEDAN PERJUANGAN","SIDORAME TIMUR","LINGKUNGAN 9","","0821-7925-0091","C. Industri Pengolahan","Gmaps"],
    ["3008","Semangat Baru Taylor","Jl. Gurilla No.20 B","prelist","MEDAN PERJUANGAN","SEI KERA HILIR II","LINGKUNGAN 4","","0812-6004-3128","C. Industri Pengolahan","Gmaps"],
    ["3009","NESA BORDIR","Jl. Perjuangan","prelist","MEDAN PERJUANGAN","SEI KERA HILIR I","LINGKUNGAN 7","","0813-7766-3025","C. Industri Pengolahan","Gmaps"],
    ["3010","Konveksi Kita Medan / Selempang Kita Medan / Bordir Komputer","Gg. Redahati No.2","prelist","MEDAN PERJUANGAN","SEI KERA HILIR I","LINGKUNGAN 8","","0812-6911-0306","C. Industri Pengolahan","Gmaps"],
    ["3011","Usaha kerajinan tangan rajutan Apriani","Gg. Enggang","prelist","MEDAN PERJUANGAN","TEGAL REJO","LINGKUNGAN 11","","","C. Industri Pengolahan","Gmaps"],
    ["3012","SAGA PERINTIS MANDIRI","Jl. Rakyat Gg. Sahata No.12","prelist","MEDAN PERJUANGAN","SIDORAME TIMUR","LINGKUNGAN 12","","0813-6058-5388","F. Konstruksi","Gmaps"],
    ["3013","Isipol.Kontruksi","Jl. Dwikora No.11","prelist","MEDAN PERJUANGAN","TEGAL REJO","LINGKUNGAN 2","","0822-9004-9104","F. Konstruksi","Gmaps"],
    ["3014","Rcreative production","Gg. Salam No.8","prelist","MEDAN PERJUANGAN","SEI KERA HILIR I","LINGKUNGAN 9","","","F. Konstruksi","Gmaps"],
    ["3015","CV. IRON MAN","Jl. Bambu Runcing","prelist","MEDAN PERJUANGAN","PAHLAWAN","LINGKUNGAN 9","","","F. Konstruksi","Gmaps"],
    ["3016","PT. Barat Putra Mandiri","Jl. Pelita Ii No.110","prelist","MEDAN PERJUANGAN","SIDORAME TIMUR","LINGKUNGAN 11","","","F. Konstruksi","Gmaps"],
    ["3017","Bengkel Cat Arya Guna","Gg. Sekolah No.11","prelist","MEDAN PERJUANGAN","SEI KERA HILIR I","LINGKUNGAN 11","","0821-6985-7962","G. Perdagangan Besar dan Eceran, Reparasi Mobil dan Sepeda Motor","Gmaps"],
    ["3018","GARASI 01","Jl. Hos Cokroaminoto No.217 153 Medan","prelist","MEDAN PERJUANGAN","SEI KERA HULU","LINGKUNGAN 13","","0811-6139-007","G. Perdagangan Besar dan Eceran, Reparasi Mobil dan Sepeda Motor","Gmaps"],
    ["3019","Bengkel sepeda motor","Gg. Murai No.22A","prelist","MEDAN PERJUANGAN","TEGAL REJO","LINGKUNGAN 14","","0813-7525-4900","G. Perdagangan Besar dan Eceran, Reparasi Mobil dan Sepeda Motor","Gmaps"],
    ["3020","R2M Speed","Jl. Mesjid Taufik No.101","prelist","MEDAN PERJUANGAN","TEGAL REJO","LINGKUNGAN 7","","0813-9624-2552","G. Perdagangan Besar dan Eceran, Reparasi Mobil dan Sepeda Motor","Gmaps"],
    ["3021","SPECIAL REPAIR VELG","Jl. Prof. H. M. Yamin","prelist","MEDAN PERJUANGAN","SEI KERA HILIR II","LINGKUNGAN 1","","0813-6748-9398","G. Perdagangan Besar dan Eceran, Reparasi Mobil dan Sepeda Motor","Gmaps"],
    ["3022","Telaga Sembilan","Gg. Penghulu Jl. Prof. H. M. Yamin No.1","prelist","MEDAN PERJUANGAN","SEI KERA HULU","LINGKUNGAN 6","","(061) 76311893","F. Konstruksi","Gmaps"],
    ["3023","Tua Apul. CV","Gg. Penghulu Jl. Prof. H. M. Yamin No.1","prelist","MEDAN PERJUANGAN","SEI KERA HULU","LINGKUNGAN 5","","0813-7538-0066","F. Konstruksi","Gmaps"],
    ["3024","Rcreativeproduction","Gg. Sabar","prelist","MEDAN PERJUANGAN","SEI KERA HILIR I","LINGKUNGAN 8","","","F. Konstruksi","Gmaps"],
    ["3025","CV. Nugraha","Jl. Mapilindo No.52","prelist","MEDAN PERJUANGAN","TEGAL REJO","LINGKUNGAN 5","","(061) 7866141","F. Konstruksi","Gmaps"],
    ["3026","Abang Adek Bengkel Las","Jl. Perjuangan No.54","prelist","MEDAN PERJUANGAN","SEI KERA HILIR I","LINGKUNGAN 10","","","F. Konstruksi","Gmaps"],
    ["3027","Bengkel las Rejeki Jaya","Jl. Pelita Iv No.124","prelist","MEDAN PERJUANGAN","SIDORAME BARAT II","LINGKUNGAN 6","","0812-6496-3112","F. Konstruksi","Gmaps"],
    ["3028","Komplek Pasar iii Residence","Jl. Pasar Iii No.116","prelist","MEDAN PERJUANGAN","TEGAL REJO","LINGKUNGAN 9","","0821-9913-8964","F. Konstruksi","Gmaps"],
    ["3029","Jembatan Hos Cokro","Jl. Hos Cokroaminoto No.140","prelist","MEDAN PERJUANGAN","SEI KERA HULU","LINGKUNGAN 14","","","F. Konstruksi","Gmaps"],
    ["3030","WOODVILLE Townhouse (Angkasa Property)","Jl. Mustafa Raya","prelist","MEDAN PERJUANGAN","TEGAL REJO","LINGKUNGAN 13","","0811-6552-607","F. Konstruksi","Gmaps"],
    ["3031","KIREI INTERIOR DESIGN","Jl. Negara No.46 B","prelist","MEDAN PERJUANGAN","PAHLAWAN","LINGKUNGAN 11","","0811-604-711","F. Konstruksi","Gmaps"],
    ["3032","Kokoh Bersama Sukses. CV","Jl. Madong Lubis No.18D","prelist","MEDAN PERJUANGAN","PANDAU HILIR","LINGKUNGAN 5","","(061) 4519832","F. Konstruksi","Gmaps"],
    ["3033","SINAR SERDANG","Jalan Prof. H.M. Yamin","prelist","MEDAN PERJUANGAN","SEI KERA HILIR II","LINGKUNGAN 15","","0812-6503-942","F. Konstruksi","Gmaps"],
    ["3034","Bengkel las Jakes","Jl. Kesehatan No.2","prelist","MEDAN PERJUANGAN","SEI KERA HILIR I","LINGKUNGAN 3","","0852-7701-1381","F. Konstruksi","Gmaps"],
    ["3035","MHDS | MyHomeDesignStudio | Arsitek Medan","Jl. Pasar Iii","prelist","MEDAN PERJUANGAN","TEGAL REJO","LINGKUNGAN 8","","0877-6967-0882","F. Konstruksi","Gmaps"],
    ["3036","Jasa Pembuat Kitchen Set","Jl. Rakyat No.100C","prelist","MEDAN PERJUANGAN","SIDORAME TIMUR","LINGKUNGAN 15","","0823-6221-4318","F. Konstruksi","Gmaps"],
    ["3037","Arsitek Medan VECTOR 41","Jalan Gurilla. 106. Kel. Sei Kera Hilir Ii","prelist","MEDAN PERJUANGAN","SEI KERA HILIR I","LINGKUNGAN 4","","","F. Konstruksi","Gmaps"],
    ["3038","Wisma Bethesda","Jl. Mesjid Taufik Jl. Rakyat No.129","prelist","MEDAN PERJUANGAN","TEGAL REJO","LINGKUNGAN 13","","","L. Real Estat","Gmaps"],
    ["3039","Agen Property di medan ( BISA Property Medan (medanhouse.com)) Bantu Jual Beli Rumah Tanah Property","Jalan","prelist","MEDAN PERJUANGAN","TEGAL REJO","LINGKUNGAN 4","","","L. Real Estat","Gmaps"],
    ["3040","Royal Pelita","Jl. Pelita Iv No.102","prelist","MEDAN PERJUANGAN","SIDORAME BARAT II","LINGKUNGAN 6","","","L. Real Estat","Gmaps"],
    ["3041","Berman Sidauruk, SH","Jl. Rakyat No.78","prelist","MEDAN PERJUANGAN","SIDORAME TIMUR","LINGKUNGAN 15","","(061) 6623361","F. Konstruksi","Gmaps"],
    ["3042","Service Garansi AC { SEGAR AC @}","Jl. Malaka","prelist","MEDAN PERJUANGAN","PANDAU HILIR","LINGKUNGAN 8","","0853-7345-4573","F. Konstruksi","Gmaps"],
    ["3043","CV. Venindo Megah Creasi","Jl. Mesjid Taufik","prelist","MEDAN PERJUANGAN","TEGAL REJO","LINGKUNGAN 6","","0821-6398-4218","F. Konstruksi","Gmaps"],
    ["3044","City Land","Jl. Pasar Iii Krakatau No.26A/B","prelist","MEDAN PERJUANGAN","TEGAL REJO","LINGKUNGAN 11","","0821-6778-8999","F. Konstruksi","Gmaps"],
    ["3045","WC TUMPAT MEDAN DIAN SERVICE","Jalan Mapilindo Gg","prelist","MEDAN PERJUANGAN","TEGAL REJO","LINGKUNGAN 1","","0853-6209-1401","F. Konstruksi","Gmaps"],
    ["3046","UD.PakBell","Jl. Kesatria Barat No.44","prelist","MEDAN PERJUANGAN","PAHLAWAN","LINGKUNGAN 16","","0822-7247-2009","F. Konstruksi","Gmaps"],
    ["3047","SGKA GARAGE","Jl. Pendidikan","prelist","MEDAN PERJUANGAN","TEGAL REJO","LINGKUNGAN 9","","","F. Konstruksi","Gmaps"],
    ["3048","Bengkel Las Erwin Jaya Steel","Jl. Pasar Iii No.142","prelist","MEDAN PERJUANGAN","TEGAL REJO","LINGKUNGAN 8","","0813-7553-3001","F. Konstruksi","Gmaps"],
    ["3049","Toko Murah Berkah","Jl. Malaka Gg. Saudara No.71C Blok 2","prelist","MEDAN PERJUANGAN","PANDAU HILIR","LINGKUNGAN 4","","0853-7013-3440","F. Konstruksi","Gmaps"],
    ["3050","Menara Kreasi Utama. CV","Jl. Pimpinan No.31","prelist","MEDAN PERJUANGAN","SEI KERA HILIR I","LINGKUNGAN 9","","(061) 7030073","F. Konstruksi","Gmaps"],
    ["3051","toko peralatan bangunan pelangi","Pandau Hilir, Kec. Medan Perjuangan, Kota Medan, Sumatera Utara","prelist","MEDAN PERJUANGAN","PANDAU HILIR","LINGKUNGAN 3","","","F. Konstruksi","Gmaps"],
    ["3052","Cipta Jaya","Jl. Prof. H. M. Yamin No.528","prelist","MEDAN PERJUANGAN","PAHLAWAN","LINGKUNGAN 1","","(061) 4152721","F. Konstruksi","Gmaps"],
    ["3053","Global Bangunan","Jl. Prof. H. M. Yamin No.378","prelist","MEDAN PERJUANGAN","SEI KERA HULU","LINGKUNGAN 3","","(061) 4551958","F. Konstruksi","Gmaps"],
    ["3054","UD. Sinar Saudara","Jl. Rakyat No.106/116","prelist","MEDAN PERJUANGAN","TEGAL REJO","LINGKUNGAN 12","","0813-9653-1046","F. Konstruksi","Gmaps"],
    ["3055","Toko Jaya Pratama","Jl. Prof. H. M. Yamin No.137","prelist","MEDAN PERJUANGAN","SEI KERA HILIR II","LINGKUNGAN 15","","(061) 4156664","F. Konstruksi","Gmaps"],
    ["3056","Mitra Sejati. UD","Gg. Tangga Batu No.6","prelist","MEDAN PERJUANGAN","SIDORAME BARAT II","LINGKUNGAN 4","","(061) 6611261","F. Konstruksi","Gmaps"],
    ["3057","Toko Rizki Bersaudara","Jl. Kesatria No.64","prelist","MEDAN PERJUANGAN","PAHLAWAN","LINGKUNGAN 13","","","F. Konstruksi","Gmaps"],
    ["3058","Toko Besi HH","Jl. Prof. H. M. Yamin No.83","prelist","MEDAN PERJUANGAN","SEI KERA HILIR II","LINGKUNGAN 2","","(061) 4147678","F. Konstruksi","Gmaps"],
    ["3059","TOKO UD. MULIA","Jl. Prof. H. M. Yamin No.329","prelist","MEDAN PERJUANGAN","SEI KERA HILIR II","LINGKUNGAN 11","","0813-6203-3536","F. Konstruksi","Gmaps"],
    ["3060","JAYA KURNIA","Jl. Rakyat No.138C","prelist","MEDAN PERJUANGAN","TEGAL REJO","LINGKUNGAN 13","","","F. Konstruksi","Gmaps"],
    ["3061","Panglong Ilham","Jl. Rakyat No.105","prelist","MEDAN PERJUANGAN","SIDORAME TIMUR","LINGKUNGAN 15","","0812-6030-968","F. Konstruksi","Gmaps"],
    ["3062","TB. Sinar Makmur","Jl. Pasar Iii","prelist","MEDAN PERJUANGAN","TEGAL REJO","LINGKUNGAN 10","","","F. Konstruksi","Gmaps"],
    ["3063","UD. Sinar","Jl. Prof. H. M. Yamin No.304","prelist","MEDAN PERJUANGAN","SEI KERA HILIR II","LINGKUNGAN 1","","(061) 4146940","F. Konstruksi","Gmaps"],
    ["3064","Kontrakan sinaga (dwikora)","Gg. Mesjid No.3","prelist","MEDAN PERJUANGAN","TEGAL REJO","LINGKUNGAN 1","","","L. Real Estat","Gmaps"],
    ["3065","Kos Andong","Gg. Pinang No.12","prelist","MEDAN PERJUANGAN","SEI KERA HULU","LINGKUNGAN 3","","0812-6024-818","L. Real Estat","Gmaps"],
    ["3066","MAPILINDO RESIDENCE","Jl. Mapilindo No.84","prelist","MEDAN PERJUANGAN","TEGAL REJO","LINGKUNGAN 13","","","L. Real Estat","Gmaps"],
    ["3067","UD. Karya Teduh","Jl. Rakyat No.24","prelist","MEDAN PERJUANGAN","SIDORAME TIMUR","LINGKUNGAN 7","","(061) 4149576","L. Real Estat","Gmaps"],
    ["3068","PT .RIM","Jl. Prof. H. M. Yamin","prelist","MEDAN PERJUANGAN","SEI KERA HILIR I","LINGKUNGAN 1","","0815-3331-8364","L. Real Estat","Gmaps"],
    ["3069","Kos pondok rahmah","Jl. Prof. H. M. Yamin Gg. Kitab No.9","prelist","MEDAN PERJUANGAN","SEI KERA HILIR II","LINGKUNGAN 2","","0822-6123-4499","L. Real Estat","Gmaps"],
    ["3070","Kantor Pemasaran Perumahan Bersubsidi Mutiara Patumbak","Jl. Prof. H. M. Yamin","prelist","MEDAN PERJUANGAN","PAHLAWAN","LINGKUNGAN 15","","(061) 4514777","L. Real Estat","Gmaps"],
    ["3071","MUSLIM HOUSE / Mapilindo House","Gg. Nangka No.2","prelist","MEDAN PERJUANGAN","TEGAL REJO","LINGKUNGAN 2","","0821-1452-6353","L. Real Estat","Gmaps"],
    ["3072","TEMPEL BAN KAPAL","Jl. Pimpinan","prelist","MEDAN PERJUANGAN","SEI KERA HILIR I","LINGKUNGAN 11","","","L. Real Estat","Gmaps"],
    ["3073","Graha Realty Official | Jual Beli Rumah di Medan","Gg. Rahayu No.2","prelist","MEDAN PERJUANGAN","SEI KERA HILIR I","LINGKUNGAN 12","","","L. Real Estat","Gmaps"],
    ["3074","Graha Agung Property","Jl. Wahidin No.338","prelist","MEDAN PERJUANGAN","PAHLAWAN","LINGKUNGAN 10","","(061) 4571518","L. Real Estat","Gmaps"],
    ["3075","Komplek Sehati Indah","Jl. Pasar Iii No.93","prelist","MEDAN PERJUANGAN","TEGAL REJO","LINGKUNGAN 9","","","L. Real Estat","Gmaps"],
    ["3076","Pelita Sejati","Jl. Pelita I","prelist","MEDAN PERJUANGAN","SIDORAME BARAT I","LINGKUNGAN 5","","0812-6332-6622","L. Real Estat","Gmaps"],
    ["3077","TOKO CAT BERJAYA","No. 282 E","prelist","MEDAN PERJUANGAN","SEI KERA HILIR II","LINGKUNGAN 1","","0812-6007-018","F. Konstruksi","Gmaps"],
    ["3078","Wahana Prima Gypsum","Jl. Mapilindo No.52","prelist","MEDAN PERJUANGAN","TEGAL REJO","LINGKUNGAN 1","","(061) 69684677","F. Konstruksi","Gmaps"],
    ["3079","FRAME HOUSE UPVC - DISTRIBUTOR Medan","Jl. Mesjid Taufik No.48","prelist","MEDAN PERJUANGAN","TEGAL REJO","LINGKUNGAN 5","","","F. Konstruksi","Gmaps"],
    ["3080","Dimsum Maidanii","Jl. Prof. H. M. Yamin No.121","prelist","MEDAN PERJUANGAN","SEI KERA HILIR II","LINGKUNGAN 3","","","C. Industri Pengolahan","Gmaps"],
    ["3081","TIAM BENG'S MUSLIM!!","Jl. Sentosa Baru No.8","prelist","MEDAN PERJUANGAN","SEI KERA HILIR I","LINGKUNGAN 1","","","C. Industri Pengolahan","Gmaps"],
    ["3082","Maidanii Pancake Durian","Jl. Prof. H. M. Yamin No.121","prelist","MEDAN PERJUANGAN","SEI KERA HILIR II","LINGKUNGAN 3","","","C. Industri Pengolahan","Gmaps"],
    ["3083","DAPUR MAMI UWI","Jl. Ibrahim Umar Gg. Rahmat No.6","prelist","MEDAN PERJUANGAN","SEI KERA HILIR I","LINGKUNGAN 7","","","C. Industri Pengolahan","Gmaps"],
    ["3084","Toko Bumbu dan Santan Alfira Medan","Jl. Pasar Iii No.99","prelist","MEDAN PERJUANGAN","TEGAL REJO","LINGKUNGAN 11","","0853-7070-7080","C. Industri Pengolahan","Gmaps"],
    ["3085","Dapur Kecil Medan Perjuangan","Gg. Tamtama No.4B","prelist","MEDAN PERJUANGAN","TEGAL REJO","LINGKUNGAN 13","","","C. Industri Pengolahan","Gmaps"],
    ["3086","MW Store (UD.Mahmudwali)","Jl. Rakyat Gg. Pelajar No.12","prelist","MEDAN PERJUANGAN","TEGAL REJO","LINGKUNGAN 4","","","C. Industri Pengolahan","Gmaps"],
    ["3087","Jahe Merah dan Kunyit Temulawak KYTa Medan","Jl. Dwikora No.29","prelist","MEDAN PERJUANGAN","TEGAL REJO","LINGKUNGAN 2","","","C. Industri Pengolahan","Gmaps"],
    ["3088","Aneka Kertas Toko","JL Prof HM Yamin SH 283, Medan, 20232, Sidodadi, Medan Timur, Medan City, North Sumatra 20233","prelist","MEDAN PERJUANGAN","SEI KERA HILIR II","LINGKUNGAN 11","","(061) 4579173","C. Industri Pengolahan","Gmaps"],
    ["3089","Karet Industry","Pandau Hilir, Kec. Medan Perjuangan, Kota Medan, Sumatera Utara 20233","prelist","MEDAN PERJUANGAN","PANDAU HILIR","LINGKUNGAN 6","","","C. Industri Pengolahan","Gmaps"],
    ["3090","CV. NAURA UTAMA JAYA","Jl. Prof. H. M. Yamin No.236","prelist","MEDAN PERJUANGAN","SEI KERA HILIR II","LINGKUNGAN 1","","0853-6204-9293","C. Industri Pengolahan","Gmaps"],
    ["3091","Ethica. PT","Jl. Sei Kera Asahan Dalam Simpang No.101","prelist","MEDAN PERJUANGAN","SEI KERA HULU","LINGKUNGAN 11","","","C. Industri Pengolahan","Gmaps"],
    ["3092","Kantor","Jl. Sehati","prelist","MEDAN PERJUANGAN","TEGAL REJO","LINGKUNGAN 9","","","C. Industri Pengolahan","Gmaps"],
    ["3093","UD. Ira Jaya","Jl. Perjuangan No.6","prelist","MEDAN PERJUANGAN","SIDORAME TIMUR","LINGKUNGAN 7","","0813-7000-8275","G. Perdagangan Besar dan Eceran, Reparasi Mobil dan Sepeda Motor","Gmaps"],
    ["3094","Fauzi","Jl. Mesjid Taufik No.84","prelist","MEDAN PERJUANGAN","TEGAL REJO","LINGKUNGAN 5","","0812-6092-5467","G. Perdagangan Besar dan Eceran, Reparasi Mobil dan Sepeda Motor","Gmaps"],
    ["3095","Lina","Jl. Setia Jadi No.15","prelist","MEDAN PERJUANGAN","TEGAL REJO","LINGKUNGAN 14","","0823-6869-6622","G. Perdagangan Besar dan Eceran, Reparasi Mobil dan Sepeda Motor","Gmaps"],
    ["3096","Citra","Jl. Pelita Vi","prelist","MEDAN PERJUANGAN","TEGAL REJO","LINGKUNGAN 1","","0812-6017-842","G. Perdagangan Besar dan Eceran, Reparasi Mobil dan Sepeda Motor","Gmaps"],
    ["3097","Toko Elsadai","Jl. Perjuangan No.94","prelist","MEDAN PERJUANGAN","SEI KERA HILIR I","LINGKUNGAN 11","","0821-6457-1942","G. Perdagangan Besar dan Eceran, Reparasi Mobil dan Sepeda Motor","Gmaps"],
    ["3098","Tika Minimarket","Jl. Gurilla","prelist","MEDAN PERJUANGAN","SEI KERA HILIR II","LINGKUNGAN 12","","0822-7148-471","G. Perdagangan Besar dan Eceran, Reparasi Mobil dan Sepeda Motor","Gmaps"],
    ["3099","UD AHMAD","Jl. M. Yakub No.25","prelist","MEDAN PERJUANGAN","SEI KERA HILIR II","LINGKUNGAN 5","","0852-7002-5997","G. Perdagangan Besar dan Eceran, Reparasi Mobil dan Sepeda Motor","Gmaps"],
    ["3100","Raja Bubuk Minuman Medan","Jl. M. Yakub No.153 A","prelist","MEDAN PERJUANGAN","SEI KERA HILIR II","LINGKUNGAN 9","","0822-7427-0883","G. Perdagangan Besar dan Eceran, Reparasi Mobil dan Sepeda Motor","Gmaps"],
    ["3101","Toko Sembako Pimpinan Baru 1","Jl. Ibrahim Umar Jl. Pimpinan No.Simpang","prelist","MEDAN PERJUANGAN","SEI KERA HILIR I","LINGKUNGAN 6","","0816-308-393","G. Perdagangan Besar dan Eceran, Reparasi Mobil dan Sepeda Motor","Gmaps"],
    ["3102","Toko Sembako Laris Jaya","Lorong Rejo No.19, Sidorame Bar. I, Kec. Medan Perjuangan, Kota Medan, Sumatera Utara 20233","prelist","MEDAN PERJUANGAN","SIDORAME BARAT I","LINGKUNGAN 10","","","G. Perdagangan Besar dan Eceran, Reparasi Mobil dan Sepeda Motor","Gmaps"],
    ["3103","TOKO W SARAGIH","Jl. Rakyat No.180","prelist","MEDAN PERJUANGAN","TEGAL REJO","LINGKUNGAN 15","","0852-6100-6637","G. Perdagangan Besar dan Eceran, Reparasi Mobil dan Sepeda Motor","Gmaps"],
    ["3104","Toko sembako MK","Jl. Perjuangan No.33","prelist","MEDAN PERJUANGAN","SIDORAME TIMUR","LINGKUNGAN 10","","0813-7523-5500","G. Perdagangan Besar dan Eceran, Reparasi Mobil dan Sepeda Motor","Gmaps"],
    ["3105","Hidayah","Jl. Pelita Iv","prelist","MEDAN PERJUANGAN","SIDORAME BARAT II","LINGKUNGAN 7","","0821-6478-1615","G. Perdagangan Besar dan Eceran, Reparasi Mobil dan Sepeda Motor","Gmaps"],
    ["3106","Toko Amsah","Jl. Pimpinan No.69","prelist","MEDAN PERJUANGAN","SEI KERA HILIR I","LINGKUNGAN 11","","0822-7537-1818","G. Perdagangan Besar dan Eceran, Reparasi Mobil dan Sepeda Motor","Gmaps"],
    ["3107","Indomaret","Jl. Rakyat Blk. C No.102","prelist","MEDAN PERJUANGAN","SIDORAME TIMUR","LINGKUNGAN 15","","","G. Perdagangan Besar dan Eceran, Reparasi Mobil dan Sepeda Motor","Gmaps"],
    ["3108","warung sinaga","Jl. Setia Jadi No.26","prelist","MEDAN PERJUANGAN","TEGAL REJO","LINGKUNGAN 15","","","G. Perdagangan Besar dan Eceran, Reparasi Mobil dan Sepeda Motor","Gmaps"],
    ["3109","Barona","Jl. Gurilla","prelist","MEDAN PERJUANGAN","SIDORAME TIMUR","LINGKUNGAN 5","","0852-7000-1775","G. Perdagangan Besar dan Eceran, Reparasi Mobil dan Sepeda Motor","Gmaps"],
    ["3110","Jabal Water","Jl. M. Yakub","prelist","MEDAN PERJUANGAN","SEI KERA HILIR II","LINGKUNGAN 5","","0852-6181-3241","G. Perdagangan Besar dan Eceran, Reparasi Mobil dan Sepeda Motor","Gmaps"],
    ["3111","Sianipar","Jl. Pasar Iii No.174","prelist","MEDAN PERJUANGAN","TEGAL REJO","LINGKUNGAN 8","","0812-6070-0490","G. Perdagangan Besar dan Eceran, Reparasi Mobil dan Sepeda Motor","Gmaps"],
    ["3112","Toko Hutajulu","Jl. Pelita I No.101","prelist","MEDAN PERJUANGAN","SIDORAME BARAT II","LINGKUNGAN 3","","0877-8910-7949","G. Perdagangan Besar dan Eceran, Reparasi Mobil dan Sepeda Motor","Gmaps"],
    ["3113","Bunty Sariana","Jl. Rakyat No.190 B","prelist","MEDAN PERJUANGAN","TEGAL REJO","LINGKUNGAN 10","","0852-6162-0971","G. Perdagangan Besar dan Eceran, Reparasi Mobil dan Sepeda Motor","Gmaps"],
    ["3114","Dimin","Jl. Mesjid Taufik No.79","prelist","MEDAN PERJUANGAN","TEGAL REJO","LINGKUNGAN 7","","0813-7520-9957","G. Perdagangan Besar dan Eceran, Reparasi Mobil dan Sepeda Motor","Gmaps"],
    ["3115","Alfamidi Pelita","Jl. Pelita I","prelist","MEDAN PERJUANGAN","SIDORAME BARAT II","LINGKUNGAN 4","","","G. Perdagangan Besar dan Eceran, Reparasi Mobil dan Sepeda Motor","Gmaps"],
    ["3116","Dahlan","Jl. Pembangunan Iv Gg. Mesjid No.7","prelist","MEDAN PERJUANGAN","TEGAL REJO","LINGKUNGAN 1","","0812-6337-1404","G. Perdagangan Besar dan Eceran, Reparasi Mobil dan Sepeda Motor","Gmaps"],
    ["3117","Benua Jaya","Jl. Prof. H. M. Yamin No.446","prelist","MEDAN PERJUANGAN","SEI KERA HULU","LINGKUNGAN 5","","","G. Perdagangan Besar dan Eceran, Reparasi Mobil dan Sepeda Motor","Gmaps"],
    ["3118","Serasi Water","Jl. Pelita No.4","prelist","MEDAN PERJUANGAN","SIDORAME BARAT I","LINGKUNGAN 1","","0822-7206-2370","G. Perdagangan Besar dan Eceran, Reparasi Mobil dan Sepeda Motor","Gmaps"],
    ["3119","Budi","Gg. Indah No.6","prelist","MEDAN PERJUANGAN","TEGAL REJO","LINGKUNGAN 2","","0822-7370-8131","G. Perdagangan Besar dan Eceran, Reparasi Mobil dan Sepeda Motor","Gmaps"],
    ["3120","Mustika","Jl. Veteran No.47","prelist","MEDAN PERJUANGAN","PANDAU HILIR","LINGKUNGAN 1","","0851-0148-5653","G. Perdagangan Besar dan Eceran, Reparasi Mobil dan Sepeda Motor","Gmaps"],
    ["3121","Jaya Wangi","Pandau Hilir, Kec. Medan Perjuangan, Kota Medan, Sumatera Utara 20232","prelist","MEDAN PERJUANGAN","PANDAU HILIR","LINGKUNGAN 1","","(061) 4567305","G. Perdagangan Besar dan Eceran, Reparasi Mobil dan Sepeda Motor","Gmaps"],
    ["3122","Indomaret Malaka","Jl. Malaka No.120","prelist","MEDAN PERJUANGAN","PANDAU HILIR","LINGKUNGAN 6","","","G. Perdagangan Besar dan Eceran, Reparasi Mobil dan Sepeda Motor","Gmaps"],
    ["3123","Rumah Horas","Jl. Dorowati No.33B","prelist","MEDAN PERJUANGAN","SIDORAME BARAT I","LINGKUNGAN 8","","0813-6239-241","G. Perdagangan Besar dan Eceran, Reparasi Mobil dan Sepeda Motor","Gmaps"],
    ["3124","Prima Freshmart Rakyat","Jl. Rakyat No.102","prelist","MEDAN PERJUANGAN","SIDORAME TIMUR","LINGKUNGAN 15","","0817-0107-137","G. Perdagangan Besar dan Eceran, Reparasi Mobil dan Sepeda Motor","Gmaps"],
    ["3125","REZKY KALI PASIR","Jl. Gurilla No.103","prelist","MEDAN PERJUANGAN","SEI KERA HILIR I","LINGKUNGAN 5","","0813-9640-0559","G. Perdagangan Besar dan Eceran, Reparasi Mobil dan Sepeda Motor","Gmaps"],
    ["3126","Yanto","Jl. Pelita I","prelist","MEDAN PERJUANGAN","SIDORAME BARAT I","LINGKUNGAN 4","","(061) 6635724","G. Perdagangan Besar dan Eceran, Reparasi Mobil dan Sepeda Motor","Gmaps"],
    ["3127","UD Sejahtera","Jl. M. Yakub No.10","prelist","MEDAN PERJUANGAN","SEI KERA HILIR II","LINGKUNGAN 2","","0823-7040-2932","G. Perdagangan Besar dan Eceran, Reparasi Mobil dan Sepeda Motor","Gmaps"],
    ["3128","Ramadhani Water","Jl. Setia Jadi No.14","prelist","MEDAN PERJUANGAN","TEGAL REJO","LINGKUNGAN 15","","(061) 6628345","G. Perdagangan Besar dan Eceran, Reparasi Mobil dan Sepeda Motor","Gmaps"],
    ["3129","Tina Naibaho","Jl. Pasar Iii No.175 D","prelist","MEDAN PERJUANGAN","TEGAL REJO","LINGKUNGAN 10","","(061) 6628064","G. Perdagangan Besar dan Eceran, Reparasi Mobil dan Sepeda Motor","Gmaps"],
    ["3130","Harapan Baru","Jl. Mesjid Taufik No.138/37","prelist","MEDAN PERJUANGAN","TEGAL REJO","LINGKUNGAN 6","","0859-2214-1613","G. Perdagangan Besar dan Eceran, Reparasi Mobil dan Sepeda Motor","Gmaps"],
    ["3131","Alfamart Ibrahim Umar","Jl. Ibrahim Umar Gang Sado No.9 D-E","prelist","MEDAN PERJUANGAN","SEI KERA HILIR I","LINGKUNGAN 7","","0855-1780-651","G. Perdagangan Besar dan Eceran, Reparasi Mobil dan Sepeda Motor","Gmaps"],
    ["3132","Indomaret","Jl. Bintang No.7-11","prelist","MEDAN PERJUANGAN","PANDAU HILIR","LINGKUNGAN 1","","","G. Perdagangan Besar dan Eceran, Reparasi Mobil dan Sepeda Motor","Gmaps"],
    ["3133","Alma-Ro","Jl. M. Yakub No.15","prelist","MEDAN PERJUANGAN","SEI KERA HILIR I","LINGKUNGAN 3","","0857-6370-9177","G. Perdagangan Besar dan Eceran, Reparasi Mobil dan Sepeda Motor","Gmaps"],
    ["3134","Organic shop","Jl. Tapanuli No.18","prelist","MEDAN PERJUANGAN","PANDAU HILIR","LINGKUNGAN 3","","","G. Perdagangan Besar dan Eceran, Reparasi Mobil dan Sepeda Motor","Gmaps"],
    ["3135","ummy karim","Gg. Kelambir No.27","prelist","MEDAN PERJUANGAN","SEI KERA HULU","LINGKUNGAN 1","","0857-6544-4822","G. Perdagangan Besar dan Eceran, Reparasi Mobil dan Sepeda Motor","Gmaps"],
    ["3136","Galang Water","Jl. Mesjid Taufik No.57 / 122","prelist","MEDAN PERJUANGAN","TEGAL REJO","LINGKUNGAN 6","","0812-6381-5616","G. Perdagangan Besar dan Eceran, Reparasi Mobil dan Sepeda Motor","Gmaps"],
    ["3137","Indomaret","Jl. Wahidin No.48","prelist","MEDAN PERJUANGAN","PAHLAWAN","LINGKUNGAN 10","","","G. Perdagangan Besar dan Eceran, Reparasi Mobil dan Sepeda Motor","Gmaps"],
    ["3138","Indah Market","Jl. Negara No.6","prelist","MEDAN PERJUANGAN","PAHLAWAN","LINGKUNGAN 11","","","G. Perdagangan Besar dan Eceran, Reparasi Mobil dan Sepeda Motor","Gmaps"],
    ["3139","Ridho. RO","Jl. Pimpinan No.27","prelist","MEDAN PERJUANGAN","SEI KERA HILIR I","LINGKUNGAN 9","","(061) 4525808","G. Perdagangan Besar dan Eceran, Reparasi Mobil dan Sepeda Motor","Gmaps"],
    ["3140","TOKO NANDO (Kebutuhan Sehari-hari)","Jl. Prof. H. M. Yamin Gg. Padi No.2","prelist","MEDAN PERJUANGAN","SEI KERA HULU","LINGKUNGAN 5","","","G. Perdagangan Besar dan Eceran, Reparasi Mobil dan Sepeda Motor","Gmaps"],
    ["3141","Gunung Terang","Jl. Veteran No.55 / 133","prelist","MEDAN PERJUANGAN","PANDAU HILIR","LINGKUNGAN 1","","(061) 4573354","G. Perdagangan Besar dan Eceran, Reparasi Mobil dan Sepeda Motor","Gmaps"],
    ["3142","Dolla Water","Jl. Perjuangan","prelist","MEDAN PERJUANGAN","SEI KERA HILIR I","LINGKUNGAN 8","","0813-9748-5434","G. Perdagangan Besar dan Eceran, Reparasi Mobil dan Sepeda Motor","Gmaps"],
    ["3143","Ali Water","Jl. Rakyat No.189","prelist","MEDAN PERJUANGAN","TEGAL REJO","LINGKUNGAN 11","","0852-6263-4380","G. Perdagangan Besar dan Eceran, Reparasi Mobil dan Sepeda Motor","Gmaps"],
    ["3144","Toko Jasa Barona 3","Sei Kera Hilir I, Kec. Medan Perjuangan, Kota Medan, Sumatera Utara 20222","prelist","MEDAN PERJUANGAN","SEI KERA HILIR I","LINGKUNGAN 5","","","G. Perdagangan Besar dan Eceran, Reparasi Mobil dan Sepeda Motor","Gmaps"],
    ["3145","Alfamart H. M. Yamin 2","Jl. Prof. H. M. Yamin No.137","prelist","MEDAN PERJUANGAN","SEI KERA HILIR II","LINGKUNGAN 15","","","G. Perdagangan Besar dan Eceran, Reparasi Mobil dan Sepeda Motor","Gmaps"],
    ["3146","Ikbaz Water","Jl. Rakyat No.116 Pasar 2","prelist","MEDAN PERJUANGAN","SIDORAME TIMUR","LINGKUNGAN 15","","0823-6823-6888","G. Perdagangan Besar dan Eceran, Reparasi Mobil dan Sepeda Motor","Gmaps"],
    ["3147","Alfamart Bright","Jl. Prof. H. M. Yamin No.56","prelist","MEDAN PERJUANGAN","SEI KERA HILIR II","LINGKUNGAN 6","","","G. Perdagangan Besar dan Eceran, Reparasi Mobil dan Sepeda Motor","Gmaps"],
    ["3148","Toko Ikan Asin JS ( JAWARA SAMUDERA )","Jl. Seram No.39","prelist","MEDAN PERJUANGAN","PANDAU HILIR","LINGKUNGAN 2","","(061) 4145270","G. Perdagangan Besar dan Eceran, Reparasi Mobil dan Sepeda Motor","Gmaps"],
    ["3149","TOKO RIZKI JAYA","Jl. Sentosa Lama No.38","prelist","MEDAN PERJUANGAN","SEI KERA HULU","LINGKUNGAN 12","","","G. Perdagangan Besar dan Eceran, Reparasi Mobil dan Sepeda Motor","Gmaps"],
    ["3150","MW STORE (GROSIR ALAT RUMAH TANGGA) Jl.Rakyat Gg.Pelajar No.12 Link.IV Medan Perjuangan 20237)","Jl. Rakyat Gg. Pelajar No.12","prelist","MEDAN PERJUANGAN","SIDORAME BARAT I","LINGKUNGAN 4","","","G. Perdagangan Besar dan Eceran, Reparasi Mobil dan Sepeda Motor","Gmaps"],
    ["3151","KERTAS BURGER MEDAN","Jl. M. Yakub Gg. Lurah No.25","prelist","MEDAN PERJUANGAN","SEI KERA HILIR II","LINGKUNGAN 8","","0821-6747-2201","G. Perdagangan Besar dan Eceran, Reparasi Mobil dan Sepeda Motor","Gmaps"],
    ["3152","Kedai Syawal","Jl. Malaka No.2","prelist","MEDAN PERJUANGAN","PANDAU HILIR","LINGKUNGAN 3","","0822-1407-1406","G. Perdagangan Besar dan Eceran, Reparasi Mobil dan Sepeda Motor","Gmaps"],
    ["3153","Drezza","Jl. Madio Utomo","prelist","MEDAN PERJUANGAN","TEGAL REJO","LINGKUNGAN 3","","0813-6055-2783","G. Perdagangan Besar dan Eceran, Reparasi Mobil dan Sepeda Motor","Gmaps"],
    ["3154","Toko Usaha Baru","Jl. Rakyat No.109","prelist","MEDAN PERJUANGAN","TEGAL REJO","LINGKUNGAN 2","","","G. Perdagangan Besar dan Eceran, Reparasi Mobil dan Sepeda Motor","Gmaps"],
    ["3155","AMAR JAYA","Jl. Pelita I No.78","prelist","MEDAN PERJUANGAN","SIDORAME BARAT I","LINGKUNGAN 7","","","G. Perdagangan Besar dan Eceran, Reparasi Mobil dan Sepeda Motor","Gmaps"],
    ["3156","Kedai Wak Iya","Gg. Kadhi","prelist","MEDAN PERJUANGAN","TEGAL REJO","LINGKUNGAN 3","","","G. Perdagangan Besar dan Eceran, Reparasi Mobil dan Sepeda Motor","Gmaps"],
    ["3157","Toko Silalahi","Jl. Nanggarjati No.100","prelist","MEDAN PERJUANGAN","SIDORAME TIMUR","LINGKUNGAN 6","","0822-5145-4171","G. Perdagangan Besar dan Eceran, Reparasi Mobil dan Sepeda Motor","Gmaps"],
    ["3158","Toko Aneka Jaya","Jl. Rakyat Jl. Pasar Iii","prelist","MEDAN PERJUANGAN","TEGAL REJO","LINGKUNGAN 8","","","G. Perdagangan Besar dan Eceran, Reparasi Mobil dan Sepeda Motor","Gmaps"],
    ["3159","Toko Herry Aceh Baru'","Jl. Gurilla No.39","prelist","MEDAN PERJUANGAN","SEI KERA HILIR I","LINGKUNGAN 6","","0822-7524-3474","G. Perdagangan Besar dan Eceran, Reparasi Mobil dan Sepeda Motor","Gmaps"],
    ["3160","Kede Dimas","Jl. Madio Utomo No.31","prelist","MEDAN PERJUANGAN","SIDORAME TIMUR","LINGKUNGAN 14","","","G. Perdagangan Besar dan Eceran, Reparasi Mobil dan Sepeda Motor","Gmaps"],
    ["3161","Indomaret Pasar 3 Tegal Rejo","Jl. Pasar Iii No.58","prelist","MEDAN PERJUANGAN","TEGAL REJO","LINGKUNGAN 9","","","G. Perdagangan Besar dan Eceran, Reparasi Mobil dan Sepeda Motor","Gmaps"],
    ["3162","Aisyiyahmart Medan Perjuangan","Jl. Pelita Ii No.5","prelist","MEDAN PERJUANGAN","SIDORAME BARAT I","LINGKUNGAN 3","","0812-6311-1643","G. Perdagangan Besar dan Eceran, Reparasi Mobil dan Sepeda Motor","Gmaps"],
    ["3163","toko perjuangan baru","Jl. Perjuangan No.1","prelist","MEDAN PERJUANGAN","SIDORAME TIMUR","LINGKUNGAN 7","","","G. Perdagangan Besar dan Eceran, Reparasi Mobil dan Sepeda Motor","Gmaps"],
    ["3164","UD. JASA KAWAN","Jl. Gurilla No.66","prelist","MEDAN PERJUANGAN","SEI KERA HILIR II","LINGKUNGAN 5","","","G. Perdagangan Besar dan Eceran, Reparasi Mobil dan Sepeda Motor","Gmaps"],
    ["3165","kedai Bas","Jl. Dorowati No.10","prelist","MEDAN PERJUANGAN","SIDORAME BARAT II","LINGKUNGAN 1","","","G. Perdagangan Besar dan Eceran, Reparasi Mobil dan Sepeda Motor","Gmaps"],
    ["3166","Toko Abadi Jaya","Jl. Prof. H. Moh. Yamin No.198","prelist","MEDAN PERJUANGAN","SEI KERA HULU","LINGKUNGAN 5","","(061) 4533019","G. Perdagangan Besar dan Eceran, Reparasi Mobil dan Sepeda Motor","Gmaps"],
    ["3167","Naga Jaya Plastik","Jl. Veteran No.47/125","prelist","MEDAN PERJUANGAN","PANDAU HILIR","LINGKUNGAN 1","","0813-7551-2881","G. Perdagangan Besar dan Eceran, Reparasi Mobil dan Sepeda Motor","Gmaps"],
    ["3168","Toko Mega Sari","Jl. Ibrahim Umar No.52","prelist","MEDAN PERJUANGAN","SEI KERA HILIR II","LINGKUNGAN 14","","(061) 8440572","G. Perdagangan Besar dan Eceran, Reparasi Mobil dan Sepeda Motor","Gmaps"],
    ["3169","Toko Apeng","Jl. Prof. H. M. Yamin No.342","prelist","MEDAN PERJUANGAN","SEI KERA HULU","LINGKUNGAN 1","","0821-6506-7111","G. Perdagangan Besar dan Eceran, Reparasi Mobil dan Sepeda Motor","Gmaps"],
    ["3170","GROSIR HIDAYAH","Jl. Gurilla","prelist","MEDAN PERJUANGAN","SEI KERA HILIR II","LINGKUNGAN 14","","","G. Perdagangan Besar dan Eceran, Reparasi Mobil dan Sepeda Motor","Gmaps"],
    ["3171","ARLISIA STORE","Jl. Dwikora No.38","prelist","MEDAN PERJUANGAN","TEGAL REJO","LINGKUNGAN 2","","","G. Perdagangan Besar dan Eceran, Reparasi Mobil dan Sepeda Motor","Gmaps"],
    ["3172","Toko. Mubarak Jaya","Jl. Rakyat No.88 B","prelist","MEDAN PERJUANGAN","TEGAL REJO","LINGKUNGAN 3","","","G. Perdagangan Besar dan Eceran, Reparasi Mobil dan Sepeda Motor","Gmaps"],
    ["3173","TOKO MUKHLIS","Jl. Hm. Said No.24","prelist","MEDAN PERJUANGAN","SIDORAME BARAT I","LINGKUNGAN 6","","0811-631-414","G. Perdagangan Besar dan Eceran, Reparasi Mobil dan Sepeda Motor","Gmaps"],
    ["3174","Distributor | Jual Kerang Kupas Murah Medan","Jl. Perjuangan Gg. Rahayu No.13","prelist","MEDAN PERJUANGAN","SEI KERA HILIR I","LINGKUNGAN 12","","0895-6116-22929","G. Perdagangan Besar dan Eceran, Reparasi Mobil dan Sepeda Motor","Gmaps"],
    ["3175","Grosir Baruna","Gg. Terima No.2","prelist","MEDAN PERJUANGAN","SEI KERA HILIR I","LINGKUNGAN 6","","0852-7000-1775","G. Perdagangan Besar dan Eceran, Reparasi Mobil dan Sepeda Motor","Gmaps"],
    ["3176","UD BERKAH JAYA","Jl. Perjuangan No.98","prelist","MEDAN PERJUANGAN","SEI KERA HILIR I","LINGKUNGAN 12","","0822-2647-1981","G. Perdagangan Besar dan Eceran, Reparasi Mobil dan Sepeda Motor","Gmaps"],
    ["3177","Pusat Pisang Kepok Medan","Gg. Tunggal No.2","prelist","MEDAN PERJUANGAN","SIDORAME TIMUR","LINGKUNGAN 5","","0822-8843-5196","G. Perdagangan Besar dan Eceran, Reparasi Mobil dan Sepeda Motor","Gmaps"],
    ["3178","Grosir Jajanan","Jl. Rakyat No.162","prelist","MEDAN PERJUANGAN","TEGAL REJO","LINGKUNGAN 8","","","G. Perdagangan Besar dan Eceran, Reparasi Mobil dan Sepeda Motor","Gmaps"],
    ["3179","Hasil Jaya","Jl. Mapilindo No.112","prelist","MEDAN PERJUANGAN","TEGAL REJO","LINGKUNGAN 13","","(061) 4511913","G. Perdagangan Besar dan Eceran, Reparasi Mobil dan Sepeda Motor","Gmaps"],
    ["3180","MEGA TRENDKIOS","Jl. Mesjid Taufik Kelurahan No.90","prelist","MEDAN PERJUANGAN","TEGAL REJO","LINGKUNGAN 13","","0813-4457-1970","G. Perdagangan Besar dan Eceran, Reparasi Mobil dan Sepeda Motor","Gmaps"],
    ["3181","SAGALA","Jl. Rakyat Jl. Pasar Iii No.Simpang","prelist","MEDAN PERJUANGAN","TEGAL REJO","LINGKUNGAN 11","","0812-6345-8345","G. Perdagangan Besar dan Eceran, Reparasi Mobil dan Sepeda Motor","Gmaps"],
    ["3182","PT ASIA BINA SUKSES (ASIA MART)","Jl. Pelita I No.10","prelist","MEDAN PERJUANGAN","SIDORAME BARAT I","LINGKUNGAN 5","","0853-7349-7224","G. Perdagangan Besar dan Eceran, Reparasi Mobil dan Sepeda Motor","Gmaps"],
    ["3183","ROTI JALA MEDAN KOTA","Jl. Mesjid Taufik Gg. Sedar","prelist","MEDAN PERJUANGAN","TEGAL REJO","LINGKUNGAN 7","","0822-7247-9277","G. Perdagangan Besar dan Eceran, Reparasi Mobil dan Sepeda Motor","Gmaps"],
    ["3184","Toko Ikan Asin SPN","Jl. Seram No.85","prelist","MEDAN PERJUANGAN","PANDAU HILIR","LINGKUNGAN 2","","","G. Perdagangan Besar dan Eceran, Reparasi Mobil dan Sepeda Motor","Gmaps"],
    ["3185","Distributor dan Jual Armani Silk Premium Medan","Jl. Gurilla No.77","prelist","MEDAN PERJUANGAN","SEI KERA HILIR I","LINGKUNGAN 5","","0813-9614-7827","G. Perdagangan Besar dan Eceran, Reparasi Mobil dan Sepeda Motor","Gmaps"],
    ["3186","Kede Rakyat aka KEDERA","Jl. Rakyat No.123","prelist","MEDAN PERJUANGAN","TEGAL REJO","LINGKUNGAN 13","","0813-7075-9607","G. Perdagangan Besar dan Eceran, Reparasi Mobil dan Sepeda Motor","Gmaps"],
    ["3187","Muatiara Jaya","Jl. Mapilindo No.41A","prelist","MEDAN PERJUANGAN","TEGAL REJO","LINGKUNGAN 1","","0853-6011-0315","G. Perdagangan Besar dan Eceran, Reparasi Mobil dan Sepeda Motor","Gmaps"],
    ["3188","Supplier dan Jual Ayam Fillet Medan","Jl. Perjuangan Gg. Suka Rahmat No.12","prelist","MEDAN PERJUANGAN","SEI KERA HILIR I","LINGKUNGAN 12","","0895-2121-6293","G. Perdagangan Besar dan Eceran, Reparasi Mobil dan Sepeda Motor","Gmaps"],
    ["3189","supplier dan Jual Ayam Fillet Medan | Jual Daging Sapi Medan","Jl. Perjuangan","prelist","MEDAN PERJUANGAN","SEI KERA HILIR I","LINGKUNGAN 12","","0858-3438-3173","G. Perdagangan Besar dan Eceran, Reparasi Mobil dan Sepeda Motor","Gmaps"],
    ["3190","BANKIEBIZ","Jl. Hm. Said No.80","prelist","MEDAN PERJUANGAN","SIDORAME BARAT I","LINGKUNGAN 5","","0823-1212-3533","G. Perdagangan Besar dan Eceran, Reparasi Mobil dan Sepeda Motor","Gmaps"],
    ["3191","USAHA ANNISA","Jl. Pipit","prelist","MEDAN PERJUANGAN","SIDORAME TIMUR","LINGKUNGAN 7","","0813-7070-7770","G. Perdagangan Besar dan Eceran, Reparasi Mobil dan Sepeda Motor","Gmaps"],
    ["3192","My Way One Family Medan Timur","Jl. Kesehatan","prelist","MEDAN PERJUANGAN","SEI KERA HILIR I","LINGKUNGAN 3","","0812-8000-7376","G. Perdagangan Besar dan Eceran, Reparasi Mobil dan Sepeda Motor","Gmaps"],
    ["3193","Hafizah. UD","Jl. Mesjid Taufik No.66","prelist","MEDAN PERJUANGAN","TEGAL REJO","LINGKUNGAN 5","","0813-7009-6123","G. Perdagangan Besar dan Eceran, Reparasi Mobil dan Sepeda Motor","Gmaps"],
    ["3194","Tasya Fashion Medan","Jl. Ibrahim Umar","prelist","MEDAN PERJUANGAN","SEI KERA HILIR II","LINGKUNGAN 14","","","G. Perdagangan Besar dan Eceran, Reparasi Mobil dan Sepeda Motor","Gmaps"],
    ["3195","Toko Mama Thariq","Tegal Rejo, Kec. Medan Perjuangan, Kota Medan, Sumatera Utara 20236","prelist","MEDAN PERJUANGAN","TEGAL REJO","LINGKUNGAN 5","","(061) 77011177","G. Perdagangan Besar dan Eceran, Reparasi Mobil dan Sepeda Motor","Gmaps"],
    ["3196","Home Wear Medan","Jl. Setia Jadi","prelist","MEDAN PERJUANGAN","TEGAL REJO","LINGKUNGAN 10","","0812-1317-5550","G. Perdagangan Besar dan Eceran, Reparasi Mobil dan Sepeda Motor","Gmaps"],
    ["3197","Castle Store","Jl. Ngalengko No.15 A","prelist","MEDAN PERJUANGAN","SIDORAME BARAT I","LINGKUNGAN 10","","0823-8300-1004","G. Perdagangan Besar dan Eceran, Reparasi Mobil dan Sepeda Motor","Gmaps"],
    ["3198","Sensuri Coffee","Jl. Sei Kera No.218","prelist","MEDAN PERJUANGAN","PANDAU HILIR","LINGKUNGAN 8","","","G. Perdagangan Besar dan Eceran, Reparasi Mobil dan Sepeda Motor","Gmaps"],
    ["3199","Exporter Coffee Indonesia PT Majid Setia Indo","Jl. Prof. H. M. Yamin No.121 Lantai 3","prelist","MEDAN PERJUANGAN","SEI KERA HILIR II","LINGKUNGAN 3","","0822-7517-6174","G. Perdagangan Besar dan Eceran, Reparasi Mobil dan Sepeda Motor","Gmaps"],
    ["3200","Fatanlubis","Jl. Prajurit","prelist","MEDAN PERJUANGAN","SIDORAME BARAT I","LINGKUNGAN 11","","","G. Perdagangan Besar dan Eceran, Reparasi Mobil dan Sepeda Motor","Gmaps"],
    ["3201","Permata Alam Semesta. PT","Jl. Sei Kera No.218","prelist","MEDAN PERJUANGAN","PANDAU HILIR","LINGKUNGAN 5","","(061) 4512073","G. Perdagangan Besar dan Eceran, Reparasi Mobil dan Sepeda Motor","Gmaps"],
    ["3202","CIPTA PERABOT","Jl. Prof. H. M. Yamin No.630","prelist","MEDAN PERJUANGAN","PAHLAWAN","LINGKUNGAN 15","","","G. Perdagangan Besar dan Eceran, Reparasi Mobil dan Sepeda Motor","Gmaps"],
    ["3203","Toko Skin care perjuangan","Jl. Perjuangan No.2Aa","prelist","MEDAN PERJUANGAN","SEI KERA HILIR I","LINGKUNGAN 7","","0878-5349-1217","G. Perdagangan Besar dan Eceran, Reparasi Mobil dan Sepeda Motor","Gmaps"],
    ["3204","Pengrajin Tenun","Gg. Natio No.1","prelist","MEDAN PERJUANGAN","SIDORAME BARAT II","LINGKUNGAN 3","","0813-9603-1870","G. Perdagangan Besar dan Eceran, Reparasi Mobil dan Sepeda Motor","Gmaps"],
    ["3205","House of Celain","Jl. Setia Jadi Komp. Krakatau Garden No.A16","prelist","MEDAN PERJUANGAN","TEGAL REJO","LINGKUNGAN 15","","0822-7378-0265","G. Perdagangan Besar dan Eceran, Reparasi Mobil dan Sepeda Motor","Gmaps"],
    ["3206","Amanda Brownies - M. Yamin","Jl. Prof. H. M. Yamin No.271","prelist","MEDAN PERJUANGAN","SEI KERA HILIR I","LINGKUNGAN 1","","","G. Perdagangan Besar dan Eceran, Reparasi Mobil dan Sepeda Motor","Gmaps"],
    ["3207","TOKO ANISA","Jl. Ibrahim Umar","prelist","MEDAN PERJUANGAN","SEI KERA HILIR I","LINGKUNGAN 8","","","G. Perdagangan Besar dan Eceran, Reparasi Mobil dan Sepeda Motor","Gmaps"],
    ["3208","Matahari Grosir","Tegal Rejo, Kec. Medan Perjuangan, Kota Medan, Sumatera Utara 20222","prelist","MEDAN PERJUANGAN","TEGAL REJO","LINGKUNGAN 8","","","G. Perdagangan Besar dan Eceran, Reparasi Mobil dan Sepeda Motor","Gmaps"],
    ["3209","Our.Kedai","Jl. Pelita 5 No.24","prelist","MEDAN PERJUANGAN","SIDORAME BARAT I","LINGKUNGAN 11","","0878-6740-9183","G. Perdagangan Besar dan Eceran, Reparasi Mobil dan Sepeda Motor","Gmaps"],
    ["3210","Cindy Store","Jl. Permai No.5","prelist","MEDAN PERJUANGAN","SIDORAME TIMUR","LINGKUNGAN 15","","0852-7707-0354","G. Perdagangan Besar dan Eceran, Reparasi Mobil dan Sepeda Motor","Gmaps"],
    ["3211","Grosir Baju","Gg. Pelita A","prelist","MEDAN PERJUANGAN","TEGAL REJO","LINGKUNGAN 13","","0852-6042-9444","G. Perdagangan Besar dan Eceran, Reparasi Mobil dan Sepeda Motor","Gmaps"],
    ["3212","Gerard monza","Gg. Tangga Batu","prelist","MEDAN PERJUANGAN","SIDORAME BARAT II","LINGKUNGAN 7","","0821-6888-4373","G. Perdagangan Besar dan Eceran, Reparasi Mobil dan Sepeda Motor","Gmaps"],
    ["3213","ZAS Rental Jas Medan","Jl. Pelita Iii No.20","prelist","MEDAN PERJUANGAN","SIDORAME BARAT I","LINGKUNGAN 2","","0821-7189-9299","G. Perdagangan Besar dan Eceran, Reparasi Mobil dan Sepeda Motor","Gmaps"],
    ["3214","Jeans murah medan","Jl. Rakyat No.59A","prelist","MEDAN PERJUANGAN","SIDORAME TIMUR","LINGKUNGAN 11","","0821-6398-9512","G. Perdagangan Besar dan Eceran, Reparasi Mobil dan Sepeda Motor","Gmaps"],
    ["3215","DM beauty and fashion","Jl. Rakyat","prelist","MEDAN PERJUANGAN","SIDORAME TIMUR","LINGKUNGAN 15","","0888-0777-6446","G. Perdagangan Besar dan Eceran, Reparasi Mobil dan Sepeda Motor","Gmaps"],
    ["3216","ud. viona","Gg. Bersama","prelist","MEDAN PERJUANGAN","SIDORAME BARAT II","LINGKUNGAN 9","","0812-6200-0652","G. Perdagangan Besar dan Eceran, Reparasi Mobil dan Sepeda Motor","Gmaps"],
    ["3217","Borreg Tailor","Sidorame Timur, Medan Perjuangan, Sidorame Tim., Kec. Medan Perjuangan, Kota Medan, Sumatera Utara 20233","prelist","MEDAN PERJUANGAN","SIDORAME TIMUR","LINGKUNGAN 12","","0813-7570-9331","G. Perdagangan Besar dan Eceran, Reparasi Mobil dan Sepeda Motor","Gmaps"],
    ["3218","jihan fashion","Gg. Wongso No.48","prelist","MEDAN PERJUANGAN","SIDORAME BARAT I","LINGKUNGAN 7","","","G. Perdagangan Besar dan Eceran, Reparasi Mobil dan Sepeda Motor","Gmaps"],
    ["3219","Angel Fashion","Jl. Mesjid Taufik No.139","prelist","MEDAN PERJUANGAN","TEGAL REJO","LINGKUNGAN 4","","","G. Perdagangan Besar dan Eceran, Reparasi Mobil dan Sepeda Motor","Gmaps"],
    ["3220","Royal Butik Medan","Jl. Prof. H. M. Yamin No.281","prelist","MEDAN PERJUANGAN","SEI KERA HILIR I","LINGKUNGAN 1","","0821-3008-8822","G. Perdagangan Besar dan Eceran, Reparasi Mobil dan Sepeda Motor","Gmaps"],
    ["3221","Gloryours fashion & boutique","Jl. Pasar Iii No.186","prelist","MEDAN PERJUANGAN","TEGAL REJO","LINGKUNGAN 8","","","G. Perdagangan Besar dan Eceran, Reparasi Mobil dan Sepeda Motor","Gmaps"],
    ["3222","LifeWithFashionable","Gg. Besi No.11","prelist","MEDAN PERJUANGAN","SEI KERA HULU","LINGKUNGAN 4","","","G. Perdagangan Besar dan Eceran, Reparasi Mobil dan Sepeda Motor","Gmaps"],
    ["3223","Toko MANIK Collection","Jl. Perjuangan No.43","prelist","MEDAN PERJUANGAN","SIDORAME TIMUR","LINGKUNGAN 9","","0852-7630-5510","G. Perdagangan Besar dan Eceran, Reparasi Mobil dan Sepeda Motor","Gmaps"],
    ["3224","yussi galeri sewa baju tari Medan","Jl. Pimpinan No.131","prelist","MEDAN PERJUANGAN","SEI KERA HILIR I","LINGKUNGAN 13","","0822-7215-2626","G. Perdagangan Besar dan Eceran, Reparasi Mobil dan Sepeda Motor","Gmaps"],
    ["3225","Ocis Monza Medan","Jl. Pelita Vi Gang Rapini No.5","prelist","MEDAN PERJUANGAN","SIDORAME BARAT II","LINGKUNGAN 8","","0821-6288-4398","G. Perdagangan Besar dan Eceran, Reparasi Mobil dan Sepeda Motor","Gmaps"],
    ["3226","Al Anshar Fashion","Jl. Tirto No.14","prelist","MEDAN PERJUANGAN","SEI KERA HILIR II","LINGKUNGAN 4","","0813-7069-1456","G. Perdagangan Besar dan Eceran, Reparasi Mobil dan Sepeda Motor","Gmaps"],
    ["3227","Toko Tri arta songket","Jl. Sehati No.27","prelist","MEDAN PERJUANGAN","TEGAL REJO","LINGKUNGAN 7","","0813-7097-2558","G. Perdagangan Besar dan Eceran, Reparasi Mobil dan Sepeda Motor","Gmaps"],
    ["3228","The Original Edushirt","Jl. Sei Kera No.218","prelist","MEDAN PERJUANGAN","PANDAU HILIR","LINGKUNGAN 8","","0819-5999-9979","G. Perdagangan Besar dan Eceran, Reparasi Mobil dan Sepeda Motor","Gmaps"],
    ["3229","Fanya fashion","Jl. Pelita 5 No.66C","prelist","MEDAN PERJUANGAN","SIDORAME BARAT II","LINGKUNGAN 9","","0822-1130-6412","G. Perdagangan Besar dan Eceran, Reparasi Mobil dan Sepeda Motor","Gmaps"],
    ["3230","Gerai Ias / ZnW Store","Jl. Hm. Said No.140","prelist","MEDAN PERJUANGAN","SIDORAME BARAT I","LINGKUNGAN 1","","","G. Perdagangan Besar dan Eceran, Reparasi Mobil dan Sepeda Motor","Gmaps"],
    ["3231","Peci Mahkota","Jl. Prof. H. M. Yamin No.344","prelist","MEDAN PERJUANGAN","SEI KERA HULU","LINGKUNGAN 2","","","G. Perdagangan Besar dan Eceran, Reparasi Mobil dan Sepeda Motor","Gmaps"],
    ["3232","Sajorra Ulos & Songket","Jl. Pelita I No.101","prelist","MEDAN PERJUANGAN","SIDORAME BARAT II","LINGKUNGAN 3","","","G. Perdagangan Besar dan Eceran, Reparasi Mobil dan Sepeda Motor","Gmaps"],
    ["3233","MAVERICKZ KENZO IMPORT BRANDED STORE","Jl. Hos Cokroaminoto Gg. Natawijaya No.13","prelist","MEDAN PERJUANGAN","SEI KERA HULU","LINGKUNGAN 13","","","G. Perdagangan Besar dan Eceran, Reparasi Mobil dan Sepeda Motor","Gmaps"],
    ["3234","Fashion","Jl. Durung Gg. Keluarga No.14 C","prelist","MEDAN PERJUANGAN","TEGAL REJO","LINGKUNGAN 14","","0815-3757-9033","G. Perdagangan Besar dan Eceran, Reparasi Mobil dan Sepeda Motor","Gmaps"],
    ["3235","Second_Vetements Store","Jl. Perkutut No.5","prelist","MEDAN PERJUANGAN","SIDORAME TIMUR","LINGKUNGAN 13","","","G. Perdagangan Besar dan Eceran, Reparasi Mobil dan Sepeda Motor","Gmaps"],
    ["3236","Eleven Store Medan","Jl. Ibrahim Umar Simpang","prelist","MEDAN PERJUANGAN","SEI KERA HILIR II","LINGKUNGAN 7","","","G. Perdagangan Besar dan Eceran, Reparasi Mobil dan Sepeda Motor","Gmaps"],
    ["3237","Griya busana aisyah","Gg. Rahayu","prelist","MEDAN PERJUANGAN","SEI KERA HILIR I","LINGKUNGAN 12","","0812-9578-4356","G. Perdagangan Besar dan Eceran, Reparasi Mobil dan Sepeda Motor","Gmaps"],
    ["3238","TOKO TRI ARTA","Jl. Pendidikan Jl. Sehati No.27","prelist","MEDAN PERJUANGAN","TEGAL REJO","LINGKUNGAN 9","","0813-7097-2558","G. Perdagangan Besar dan Eceran, Reparasi Mobil dan Sepeda Motor","Gmaps"],
    ["3239","GABINO MEDAN SERDANG","Jl. Prof. H. M. Yamin No.289","prelist","MEDAN PERJUANGAN","SEI KERA HILIR I","LINGKUNGAN 1","","(061) 4144157","G. Perdagangan Besar dan Eceran, Reparasi Mobil dan Sepeda Motor","Gmaps"],
    ["3240","Misuta Brand Store","Jl. Rakyat No.41B","prelist","MEDAN PERJUANGAN","SIDORAME TIMUR","LINGKUNGAN 11","","0821-6429-2897","G. Perdagangan Besar dan Eceran, Reparasi Mobil dan Sepeda Motor","Gmaps"],
    ["3241","TOKO KUDA MAS","Jl. Pusat Ps. Lantai 2 No.923","prelist","MEDAN PERJUANGAN","PANDAU HILIR","LINGKUNGAN 1","","0853-7096-2282","G. Perdagangan Besar dan Eceran, Reparasi Mobil dan Sepeda Motor","Gmaps"],
    ["3242","Slimpify Indonesia","Komplek Armani Residence","prelist","MEDAN PERJUANGAN","SIDORAME BARAT II","LINGKUNGAN 7","","0821-6214-1237","G. Perdagangan Besar dan Eceran, Reparasi Mobil dan Sepeda Motor","Gmaps"],
    ["3243","zoey's collections","Jl. Pasar Iii No.170 A-B","prelist","MEDAN PERJUANGAN","TEGAL REJO","LINGKUNGAN 8","","0853-6202-0990","G. Perdagangan Besar dan Eceran, Reparasi Mobil dan Sepeda Motor","Gmaps"],
    ["3244","Kartika Fashion","Jl pelita II gg. Tangga batu II no 65/7, Sidorame Bar. II, Kec. Medan Perjuangan, Kota Medan, Sumatera Utara 20236","prelist","MEDAN PERJUANGAN","SIDORAME BARAT II","LINGKUNGAN 6","","0813-7087-6553","G. Perdagangan Besar dan Eceran, Reparasi Mobil dan Sepeda Motor","Gmaps"],
    ["3245","Songket Tarutung (Lidia Shop)","Gg. Pribadi No.04","prelist","MEDAN PERJUANGAN","TEGAL REJO","LINGKUNGAN 8","","0815-6066-0655","G. Perdagangan Besar dan Eceran, Reparasi Mobil dan Sepeda Motor","Gmaps"],
    ["3246","Eris Fashion Mode","Jl. Panglima No.10","prelist","MEDAN PERJUANGAN","SEI KERA HILIR I","LINGKUNGAN 1","","0813-7720-7965","G. Perdagangan Besar dan Eceran, Reparasi Mobil dan Sepeda Motor","Gmaps"],
    ["3247","Desi fashion","Jl. Sei Kera No.265","prelist","MEDAN PERJUANGAN","SEI KERA HULU","LINGKUNGAN 5","","0822-6734-4213","G. Perdagangan Besar dan Eceran, Reparasi Mobil dan Sepeda Motor","Gmaps"],
    ["3248","Q.bo Boutique","Jl. Nanggarjati No.1","prelist","MEDAN PERJUANGAN","SIDORAME TIMUR","LINGKUNGAN 4","","0852-6228-0214","G. Perdagangan Besar dan Eceran, Reparasi Mobil dan Sepeda Motor","Gmaps"],
    ["3249","Toko Baju Jesisca","Tegal Rejo, Kec. Medan Perjuangan, Kota Medan, Sumatera Utara 20236","prelist","MEDAN PERJUANGAN","TEGAL REJO","LINGKUNGAN 14","","0812-6080-7000","G. Perdagangan Besar dan Eceran, Reparasi Mobil dan Sepeda Motor","Gmaps"],
    ["3250","Butik ponsel ozana","Jl. Pelita I No.32","prelist","MEDAN PERJUANGAN","SIDORAME BARAT I","LINGKUNGAN 7","","0821-6543-1475","G. Perdagangan Besar dan Eceran, Reparasi Mobil dan Sepeda Motor","Gmaps"],
    ["3251","Mandala Sports","Jl. Prof. H. M. Yamin No.374","prelist","MEDAN PERJUANGAN","PAHLAWAN","LINGKUNGAN 1","","(061) 4148130","G. Perdagangan Besar dan Eceran, Reparasi Mobil dan Sepeda Motor","Gmaps"],
    ["3252","Grabi shop","Jl. Nanggarjati","prelist","MEDAN PERJUANGAN","SIDORAME TIMUR","LINGKUNGAN 8","","0878-1356-7019","G. Perdagangan Besar dan Eceran, Reparasi Mobil dan Sepeda Motor","Gmaps"],
    ["3253","BKT Lanut","Jl. Pancing","prelist","MEDAN PERJUANGAN","SEI KERA HILIR I","LINGKUNGAN 1","","","G. Perdagangan Besar dan Eceran, Reparasi Mobil dan Sepeda Motor","Gmaps"],
    ["3254","Toko Amel Nst","Jl. Badik No.35-10","prelist","MEDAN PERJUANGAN","PAHLAWAN","LINGKUNGAN 7","","","G. Perdagangan Besar dan Eceran, Reparasi Mobil dan Sepeda Motor","Gmaps"],
    ["3255","Toko surya elektronik dan perabot","Jl. Rakyat No.112","prelist","MEDAN PERJUANGAN","SIDORAME TIMUR","LINGKUNGAN 15","","0852-0707-9944","G. Perdagangan Besar dan Eceran, Reparasi Mobil dan Sepeda Motor","Gmaps"],
    ["3256","toko fortuna electronic","Jl. Prof. H. M. Yamin","prelist","MEDAN PERJUANGAN","SEI KERA HILIR I","LINGKUNGAN 1","","0823-6856-8100","G. Perdagangan Besar dan Eceran, Reparasi Mobil dan Sepeda Motor","Gmaps"],
    ["3257","Cahaya Jaya Elektronik","Jl. Prof. H. M. Yamin No.281","prelist","MEDAN PERJUANGAN","SEI KERA HILIR II","LINGKUNGAN 11","","","G. Perdagangan Besar dan Eceran, Reparasi Mobil dan Sepeda Motor","Gmaps"],
    ["3258","Sinar Electric","Jl. Prof. H. M. Yamin No.282 D","prelist","MEDAN PERJUANGAN","SEI KERA HILIR II","LINGKUNGAN 1","","0813-6176-8835","G. Perdagangan Besar dan Eceran, Reparasi Mobil dan Sepeda Motor","Gmaps"],
    ["3259","SERVICE Elektronik Medan Perjuangan","Jln Gg. Indraloka No.150/13","prelist","MEDAN PERJUANGAN","SEI KERA HULU","LINGKUNGAN 12","","0852-6054-7373","G. Perdagangan Besar dan Eceran, Reparasi Mobil dan Sepeda Motor","Gmaps"],
    ["3260","CONSINA YAMIN - MEDAN","Jl. Prof. H. M. Yamin No.324","prelist","MEDAN PERJUANGAN","SEI KERA HULU","LINGKUNGAN 8","","(061) 4568970","G. Perdagangan Besar dan Eceran, Reparasi Mobil dan Sepeda Motor","Gmaps"],
    ["3261","ONENSHOECLEAN","Gg. Langgar Padang","prelist","MEDAN PERJUANGAN","SEI KERA HILIR I","LINGKUNGAN 13","","0811-6322-091","G. Perdagangan Besar dan Eceran, Reparasi Mobil dan Sepeda Motor","Gmaps"],
    ["3262","HORAS","Jl. Pasar Iii No.141","prelist","MEDAN PERJUANGAN","TEGAL REJO","LINGKUNGAN 11","","0813-7020-7776","G. Perdagangan Besar dan Eceran, Reparasi Mobil dan Sepeda Motor","Gmaps"],
    ["3263","Arsenal Sports","Jl. Prof. H. M. Yamin","prelist","MEDAN PERJUANGAN","PAHLAWAN","LINGKUNGAN 1","","(061) 4517409","G. Perdagangan Besar dan Eceran, Reparasi Mobil dan Sepeda Motor","Gmaps"],
    ["3264","Toko millenium 2 semparuk","Jl. Pendidikan No.2","prelist","MEDAN PERJUANGAN","TEGAL REJO","LINGKUNGAN 6","","","G. Perdagangan Besar dan Eceran, Reparasi Mobil dan Sepeda Motor","Gmaps"],
    ["3265","Toko Sepatu Jihan Syahreza","Jl. Kesehatan No.15","prelist","MEDAN PERJUANGAN","SEI KERA HILIR I","LINGKUNGAN 3","","0821-6699-9926","G. Perdagangan Besar dan Eceran, Reparasi Mobil dan Sepeda Motor","Gmaps"],
    ["3266","Tempahan Sepatu Sarma","Jl. Rakyat No.144","prelist","MEDAN PERJUANGAN","TEGAL REJO","LINGKUNGAN 4","","0813-6124-1309","G. Perdagangan Besar dan Eceran, Reparasi Mobil dan Sepeda Motor","Gmaps"],
    ["3267","Toko Sepatu Mantan","Gg. Indraloka","prelist","MEDAN PERJUANGAN","SEI KERA HULU","LINGKUNGAN 12","","0821-3785-7743","G. Perdagangan Besar dan Eceran, Reparasi Mobil dan Sepeda Motor","Gmaps"],
    ["3268","Pablo Shoe. PT","Pandau Hilir, Kec. Medan Perjuangan, Kota Medan, Sumatera Utara 20232","prelist","MEDAN PERJUANGAN","PANDAU HILIR","LINGKUNGAN 2","","(061) 78291683","G. Perdagangan Besar dan Eceran, Reparasi Mobil dan Sepeda Motor","Gmaps"],
    ["3269","TOKO DEWI ELECTRONIC SERVICE","Jl. Prof. H. M. Yamin No.265 B","prelist","MEDAN PERJUANGAN","SEI KERA HILIR I","LINGKUNGAN 1","","0813-4023-2284","G. Perdagangan Besar dan Eceran, Reparasi Mobil dan Sepeda Motor","Gmaps"],
    ["3270","RAM CELLULER","Jl. Pelita Iv No.116","prelist","MEDAN PERJUANGAN","SIDORAME BARAT II","LINGKUNGAN 6","","0823-6258-8339","G. Perdagangan Besar dan Eceran, Reparasi Mobil dan Sepeda Motor","Gmaps"],
    ["3271","Toko Hosana","Jl. Prof. H. M. Yamin No.282","prelist","MEDAN PERJUANGAN","SEI KERA HILIR II","LINGKUNGAN 1","","(061) 4550017","G. Perdagangan Besar dan Eceran, Reparasi Mobil dan Sepeda Motor","Gmaps"],
    ["3272","SINAR INDAH","Jl. Prof. H. M. Yamin No.109","prelist","MEDAN PERJUANGAN","SEI KERA HILIR II","LINGKUNGAN 3","","0821-6107-3325","G. Perdagangan Besar dan Eceran, Reparasi Mobil dan Sepeda Motor","Gmaps"],
    ["3273","PRIMA SERVIS ELEKTRONIK","Jl. Rakyat No.108","prelist","MEDAN PERJUANGAN","SIDORAME TIMUR","LINGKUNGAN 15","","","G. Perdagangan Besar dan Eceran, Reparasi Mobil dan Sepeda Motor","Gmaps"],
    ["3274","Azka Ponsel","Jl. M. Yakub No.26A","prelist","MEDAN PERJUANGAN","SEI KERA HILIR II","LINGKUNGAN 3","","","G. Perdagangan Besar dan Eceran, Reparasi Mobil dan Sepeda Motor","Gmaps"],
    ["3275","Multi Cellular","Jl. Rakyat No.37B","prelist","MEDAN PERJUANGAN","SIDORAME TIMUR","LINGKUNGAN 11","","0813-7607-8745","G. Perdagangan Besar dan Eceran, Reparasi Mobil dan Sepeda Motor","Gmaps"],
    ["3276","BAROKAH SELULER 2","Jl. Perjuangan No.77","prelist","MEDAN PERJUANGAN","SEI KERA HILIR I","LINGKUNGAN 11","","0822-7644-4025","G. Perdagangan Besar dan Eceran, Reparasi Mobil dan Sepeda Motor","Gmaps"],
    ["3277","Toko Agung Lestari","Jl. Prof. H. M. Yamin No.202","prelist","MEDAN PERJUANGAN","SEI KERA HILIR II","LINGKUNGAN 8","","(061) 4148662","G. Perdagangan Besar dan Eceran, Reparasi Mobil dan Sepeda Motor","Gmaps"],
    ["3278","GAZALI CELL","Unnamed Road, Sei Kera Hilir I, Kec. Medan Perjuangan, Kota Medan, Sumatera Utara 20222","prelist","MEDAN PERJUANGAN","SEI KERA HILIR I","LINGKUNGAN 5","","0821-6655-3095","G. Perdagangan Besar dan Eceran, Reparasi Mobil dan Sepeda Motor","Gmaps"],
    ["3279","Citra Indah Elektronik","Jl. Rakyat No.106","prelist","MEDAN PERJUANGAN","TEGAL REJO","LINGKUNGAN 2","","0821-7606-1300","G. Perdagangan Besar dan Eceran, Reparasi Mobil dan Sepeda Motor","Gmaps"],
    ["3280","toko cahaya terang elektrik","Jl. Rakyat No.178","prelist","MEDAN PERJUANGAN","TEGAL REJO","LINGKUNGAN 10","","","G. Perdagangan Besar dan Eceran, Reparasi Mobil dan Sepeda Motor","Gmaps"],
    ["3281","Aleza Elektronik Part","Jl. Pelita Iv","prelist","MEDAN PERJUANGAN","SIDORAME BARAT II","LINGKUNGAN 7","","0822-7322-7707","G. Perdagangan Besar dan Eceran, Reparasi Mobil dan Sepeda Motor","Gmaps"],
    ["3282","AEKBOLON ELECTRONICS","Gg. Setia No.39/12","prelist","MEDAN PERJUANGAN","SEI KERA HILIR I","LINGKUNGAN 2","","0811-6546-699","G. Perdagangan Besar dan Eceran, Reparasi Mobil dan Sepeda Motor","Gmaps"],
    ["3283","Toko Sinar Cemerlang","Jl. Pasar Iii No.92-94","prelist","MEDAN PERJUANGAN","TEGAL REJO","LINGKUNGAN 9","","","G. Perdagangan Besar dan Eceran, Reparasi Mobil dan Sepeda Motor","Gmaps"],
    ["3284","Spare Part Pabrik Sawit","Jl. Pahlawan No.No.5B","prelist","MEDAN PERJUANGAN","PAHLAWAN","LINGKUNGAN 14","","","C. Industri Pengolahan","Gmaps"],
    ["3285","Unza Vitalis. PT","Jl. Pelita I Komplek Medan Star No. Bl A/30","prelist","MEDAN PERJUANGAN","SIDORAME BARAT I","LINGKUNGAN 7","","(061) 7944972","C. Industri Pengolahan","Gmaps"],
    ["3286","Depot Kuliner - Toko Frozen Food","Jl. M. Yakub No.153A/8C","prelist","MEDAN PERJUANGAN","SEI KERA HILIR II","LINGKUNGAN 12","","","C. Industri Pengolahan","Gmaps"],
    ["3287","Asim Pabrik Roti","Jl. Sentosa Lama No.76","prelist","MEDAN PERJUANGAN","SEI KERA HULU","LINGKUNGAN 18","","","C. Industri Pengolahan","Gmaps"],
    ["3288","Tauco Halimah","Jl. Pelita Iii No.1A","prelist","MEDAN PERJUANGAN","SIDORAME BARAT I","LINGKUNGAN 2","","(061) 6633084","C. Industri Pengolahan","Gmaps"],
    ["3289","PT WYNTAMA TEKNIK MANDIRI | Distributor Brothoterm - alat-alat instrumen pabrik","Jl. Seram No.6","prelist","MEDAN PERJUANGAN","PANDAU HILIR","LINGKUNGAN 1","","","C. Industri Pengolahan","Gmaps"],
    ["3290","Produsen Dimsum Medan | TBM GRUP","Jl. Gurilla No.44","prelist","MEDAN PERJUANGAN","SEI KERA HILIR II","LINGKUNGAN 14","","0813-7512-6758","C. Industri Pengolahan","Gmaps"],
    ["3291","Jeje water","Jl. Mesjid Taufik No.103","prelist","MEDAN PERJUANGAN","TEGAL REJO","LINGKUNGAN 7","","0812-1815-1286","C. Industri Pengolahan","Gmaps"],
    ["3292","PT.Pangeran Putra Sejahtera Medan","Jl. Prof. H. M. Yamin No.262","prelist","MEDAN PERJUANGAN","SEI KERA HULU","LINGKUNGAN 1","","0812-6005-0715","C. Industri Pengolahan","Gmaps"],
    ["3293","PT. Walet Solusindo","Jl. Mesjid Taufik","prelist","MEDAN PERJUANGAN","TEGAL REJO","LINGKUNGAN 5","","(061) 6618629","C. Industri Pengolahan","Gmaps"],
    ["3294","Marquisa Juice Sarang Tawon/ Tunggal Jaya Prima. PT","Jl. Pelita","prelist","MEDAN PERJUANGAN","SIDORAME BARAT II","LINGKUNGAN 5","","(061) 7944978","C. Industri Pengolahan","Gmaps"],
    ["3295","PT.Wicana Indo Nugraha","Jl. Negara No.64 Cde","prelist","MEDAN PERJUANGAN","PAHLAWAN","LINGKUNGAN 11","","(061) 4519223","C. Industri Pengolahan","Gmaps"],
    ["3296","Tirkumsari. PT","Jl. Madong Lubis No.125","prelist","MEDAN PERJUANGAN","PANDAU HILIR","LINGKUNGAN 5","","(061) 4155940","C. Industri Pengolahan","Gmaps"],
    ["3297","Pabrik Risol Medan","Jl. Pimpinan Sebelah Gang Kenanga No.46","prelist","MEDAN PERJUANGAN","SEI KERA HILIR I","LINGKUNGAN 6","","0853-7863-3688","C. Industri Pengolahan","Gmaps"],
    ["3298","Sidojadi. PT","Jl. Malaka No.20 Ab","prelist","MEDAN PERJUANGAN","PANDAU HILIR","LINGKUNGAN 4","","(061) 4520264","C. Industri Pengolahan","Gmaps"],
    ["3299","Digi Utama CCTV","Jl. Prof. H. M. Yamin","prelist","MEDAN PERJUANGAN","SEI KERA HILIR I","LINGKUNGAN 1","","0812-6947-4588","G. Perdagangan Besar dan Eceran, Reparasi Mobil dan Sepeda Motor","Gmaps"],
    ["3300","CV.METROPOLIS - DAIKIN AUTHORIZED SERVICE PARTNER","Jl. Rakyat No.202","prelist","MEDAN PERJUANGAN","TEGAL REJO","LINGKUNGAN 15","","0813-6142-1743","G. Perdagangan Besar dan Eceran, Reparasi Mobil dan Sepeda Motor","Gmaps"],
    ["3301","Mata Cctv pku","Jl. Perjuangan","prelist","MEDAN PERJUANGAN","SEI KERA HILIR I","LINGKUNGAN 10","","","G. Perdagangan Besar dan Eceran, Reparasi Mobil dan Sepeda Motor","Gmaps"],
    ["3302","Citra Jaya Computer","Jl. M. Yakub Sei Kera No.71","prelist","MEDAN PERJUANGAN","SEI KERA HILIR II","LINGKUNGAN 14","","0813-9606-6975","G. Perdagangan Besar dan Eceran, Reparasi Mobil dan Sepeda Motor","Gmaps"],
    ["3303","Andy CCTV","Jl. Sei Kera No.270A","prelist","MEDAN PERJUANGAN","SEI KERA HULU","LINGKUNGAN 10","","0852-2222-3396","G. Perdagangan Besar dan Eceran, Reparasi Mobil dan Sepeda Motor","Gmaps"],
    ["3304","Rumah anugrah ramadhan","Lrg. Maninjau, Sidorame Tim., Kec. Medan Perjuangan, Kota Medan, Sumatera Utara 20233","prelist","MEDAN PERJUANGAN","SIDORAME TIMUR","LINGKUNGAN 12","","0852-7393-7342","G. Perdagangan Besar dan Eceran, Reparasi Mobil dan Sepeda Motor","Gmaps"],
    ["3305","Use","Jl. Satria Barat No.66","prelist","MEDAN PERJUANGAN","PAHLAWAN","LINGKUNGAN 13","","(061) 4554166","G. Perdagangan Besar dan Eceran, Reparasi Mobil dan Sepeda Motor","Gmaps"],
    ["3306","Mercury Cell","Jl. Prof. H. M. Yamin No.:524","prelist","MEDAN PERJUANGAN","PAHLAWAN","LINGKUNGAN 1","","0877-9905-8800","G. Perdagangan Besar dan Eceran, Reparasi Mobil dan Sepeda Motor","Gmaps"],
    ["3307","PIMPINAN CELLULAR","Jl. Pimpinan No.68","prelist","MEDAN PERJUANGAN","SEI KERA HILIR I","LINGKUNGAN 5","","","G. Perdagangan Besar dan Eceran, Reparasi Mobil dan Sepeda Motor","Gmaps"],
    ["3308","Zoel Hendri Service","Jl. Pelita Vi No.45","prelist","MEDAN PERJUANGAN","TEGAL REJO","LINGKUNGAN 2","","","G. Perdagangan Besar dan Eceran, Reparasi Mobil dan Sepeda Motor","Gmaps"],
    ["3309","RAKYAT PONSEL","Jl. Rakyat No.109 B","prelist","MEDAN PERJUANGAN","SIDORAME TIMUR","LINGKUNGAN 15","","0821-6122-1818","G. Perdagangan Besar dan Eceran, Reparasi Mobil dan Sepeda Motor","Gmaps"],
    ["3310","SentosaJaya Teknik","Jl. Wahidin Jl. Negara No.Dekat No. 412 A","prelist","MEDAN PERJUANGAN","PAHLAWAN","LINGKUNGAN 10","","","G. Perdagangan Besar dan Eceran, Reparasi Mobil dan Sepeda Motor","Gmaps"],
    ["3311","WAGE ELECTRONIC","Jl. Prof. H. M. Yamin No.574A","prelist","MEDAN PERJUANGAN","PAHLAWAN","LINGKUNGAN 1","","0822-8646-3880","G. Perdagangan Besar dan Eceran, Reparasi Mobil dan Sepeda Motor","Gmaps"],
    ["3312","Sam Seluler","Jl. Rakyat No.28","prelist","MEDAN PERJUANGAN","SIDORAME TIMUR","LINGKUNGAN 7","","0823-7074-7572","G. Perdagangan Besar dan Eceran, Reparasi Mobil dan Sepeda Motor","Gmaps"],
    ["3313","IPAN BATERAI","Jl. Pelita Iv No.1","prelist","MEDAN PERJUANGAN","SIDORAME BARAT I","LINGKUNGAN 1","","0823-6633-8478","G. Perdagangan Besar dan Eceran, Reparasi Mobil dan Sepeda Motor","Gmaps"],
    ["3314","Omah Service HP","Jl. Ibrahim Umar No.25","prelist","MEDAN PERJUANGAN","SEI KERA HILIR I","LINGKUNGAN 7","","0812-2888-6873","G. Perdagangan Besar dan Eceran, Reparasi Mobil dan Sepeda Motor","Gmaps"],
    ["3315","Tarik Tunai via QRIS di Medan","Jl. Sentosa Baru No.15","prelist","MEDAN PERJUANGAN","SEI KERA HILIR II","LINGKUNGAN 11","","0853-6001-2366","G. Perdagangan Besar dan Eceran, Reparasi Mobil dan Sepeda Motor","Gmaps"],
    ["3316","NSP (Nay Sukses Ponsel)","Jl. Sentosa Baru Kota No.23-25","prelist","MEDAN PERJUANGAN","SEI KERA HILIR II","LINGKUNGAN 11","","","G. Perdagangan Besar dan Eceran, Reparasi Mobil dan Sepeda Motor","Gmaps"],
    ["3317","SERVICE HP TERDEKAT (klinikhpmedan)","Jl. Sentosa Baru No.16","prelist","MEDAN PERJUANGAN","SEI KERA HILIR I","LINGKUNGAN 1","","0853-6001-2366","G. Perdagangan Besar dan Eceran, Reparasi Mobil dan Sepeda Motor","Gmaps"],
    ["3318","Service HP RM","Gg. Sepakat No.05","prelist","MEDAN PERJUANGAN","TEGAL REJO","LINGKUNGAN 2","","0821-6888-4341","G. Perdagangan Besar dan Eceran, Reparasi Mobil dan Sepeda Motor","Gmaps"],
    ["3319","Klinik Handphone Medan SERVICE HP","Jl. Sentosa Baru No.14","prelist","MEDAN PERJUANGAN","SEI KERA HILIR I","LINGKUNGAN 1","","","G. Perdagangan Besar dan Eceran, Reparasi Mobil dan Sepeda Motor","Gmaps"],
    ["3320","Oce Acc HP","Jl. Rakyat","prelist","MEDAN PERJUANGAN","SIDORAME TIMUR","LINGKUNGAN 2","","0822-7727-8878","G. Perdagangan Besar dan Eceran, Reparasi Mobil dan Sepeda Motor","Gmaps"],
    ["3321","HAI ACC","Jl. Hm. Said No.98B","prelist","MEDAN PERJUANGAN","SIDORAME BARAT I","LINGKUNGAN 4","","","G. Perdagangan Besar dan Eceran, Reparasi Mobil dan Sepeda Motor","Gmaps"],
    ["3322","M PONSEL","Jl. G.B. Joshua","prelist","MEDAN PERJUANGAN","PANDAU HILIR","LINGKUNGAN 4","","0821-6761-1991","G. Perdagangan Besar dan Eceran, Reparasi Mobil dan Sepeda Motor","Gmaps"],
    ["3323","Pinky Boy Ponsel","Jl. Rakyat No.53 D","prelist","MEDAN PERJUANGAN","SIDORAME TIMUR","LINGKUNGAN 12","","0853-5899-2999","G. Perdagangan Besar dan Eceran, Reparasi Mobil dan Sepeda Motor","Gmaps"],
    ["3324","Mustika Ponsel","Jl. Perjuangan","prelist","MEDAN PERJUANGAN","SEI KERA HILIR I","LINGKUNGAN 11","","0896-2000-8007","G. Perdagangan Besar dan Eceran, Reparasi Mobil dan Sepeda Motor","Gmaps"],
    ["3325","Astore Service","Jl. Perjuangan No.24","prelist","MEDAN PERJUANGAN","SEI KERA HILIR I","LINGKUNGAN 8","","0822-4487-3687","G. Perdagangan Besar dan Eceran, Reparasi Mobil dan Sepeda Motor","Gmaps"],
    ["3326","RSTOREMEDAN","Jl. Perjuangan No.76","prelist","MEDAN PERJUANGAN","SEI KERA HILIR I","LINGKUNGAN 11","","","G. Perdagangan Besar dan Eceran, Reparasi Mobil dan Sepeda Motor","Gmaps"],
    ["3327","Global Selular","Jl. Pimpinan No.59","prelist","MEDAN PERJUANGAN","SEI KERA HILIR I","LINGKUNGAN 10","","0852-3353-5363","G. Perdagangan Besar dan Eceran, Reparasi Mobil dan Sepeda Motor","Gmaps"],
    ["3328","AFY Jaya Computer","Gg. Rahayu No.17","prelist","MEDAN PERJUANGAN","SEI KERA HILIR I","LINGKUNGAN 12","","0858-1732-6870","G. Perdagangan Besar dan Eceran, Reparasi Mobil dan Sepeda Motor","Gmaps"],
    ["3329","Dinasti Jepara Medan","Jl. Pasar Iii Krakatau No.156","prelist","MEDAN PERJUANGAN","TEGAL REJO","LINGKUNGAN 8","","","G. Perdagangan Besar dan Eceran, Reparasi Mobil dan Sepeda Motor","Gmaps"],
    ["3330","AYU PERABOT","Jl. Pimpinan No.45","prelist","MEDAN PERJUANGAN","SEI KERA HILIR I","LINGKUNGAN 5","","0853-6048-0150","G. Perdagangan Besar dan Eceran, Reparasi Mobil dan Sepeda Motor","Gmaps"],
    ["3331","Sumber Jati Furniture Medan","Jl. Setia Jadi No.60","prelist","MEDAN PERJUANGAN","TEGAL REJO","LINGKUNGAN 15","","0813-7011-6006","G. Perdagangan Besar dan Eceran, Reparasi Mobil dan Sepeda Motor","Gmaps"],
    ["3332","MPSSOFT","Jl. Pasar Iii Krakatau No.100 Ii","prelist","MEDAN PERJUANGAN","TEGAL REJO","LINGKUNGAN 9","","(021) 50858771","G. Perdagangan Besar dan Eceran, Reparasi Mobil dan Sepeda Motor","Gmaps"],
    ["3333","BROVEGAS","Jl. Prof. H. M. Yamin No.279","prelist","MEDAN PERJUANGAN","SEI KERA HILIR II","LINGKUNGAN 10","","","G. Perdagangan Besar dan Eceran, Reparasi Mobil dan Sepeda Motor","Gmaps"],
    ["3334","spesialist macbook","Jl. Pendidikan Jl. Sehati No.124","prelist","MEDAN PERJUANGAN","TEGAL REJO","LINGKUNGAN 7","","0822-2393-9001","G. Perdagangan Besar dan Eceran, Reparasi Mobil dan Sepeda Motor","Gmaps"],
    ["3335","Rental 21 Komputer","Jl. Prof. H. M. Yamin No.350C","prelist","MEDAN PERJUANGAN","SEI KERA HULU","LINGKUNGAN 8","","(061) 42001708","G. Perdagangan Besar dan Eceran, Reparasi Mobil dan Sepeda Motor","Gmaps"],
    ["3336","Mediacom","Jl. Flores No.41","prelist","MEDAN PERJUANGAN","PANDAU HILIR","LINGKUNGAN 2","","0811-617-972","G. Perdagangan Besar dan Eceran, Reparasi Mobil dan Sepeda Motor","Gmaps"],
    ["3337","N&R Aksesoris","Jl. Satria Barat No.40A","prelist","MEDAN PERJUANGAN","PAHLAWAN","LINGKUNGAN 16","","0821-8852-2400","G. Perdagangan Besar dan Eceran, Reparasi Mobil dan Sepeda Motor","Gmaps"],
    ["3338","SUMBER JAYA COMPUTER","Jl. Sentosa Lama No.21","prelist","MEDAN PERJUANGAN","SEI KERA HULU","LINGKUNGAN 21","","","G. Perdagangan Besar dan Eceran, Reparasi Mobil dan Sepeda Motor","Gmaps"],
    ["3339","Sahabat88 Komputer","Jl. Gurilla No.85","prelist","MEDAN PERJUANGAN","SEI KERA HILIR I","LINGKUNGAN 5","","0813-7000-0267","G. Perdagangan Besar dan Eceran, Reparasi Mobil dan Sepeda Motor","Gmaps"],
    ["3340","BAGUS Computer","Jl. Perjuangan No.80A","prelist","MEDAN PERJUANGAN","SEI KERA HILIR I","LINGKUNGAN 11","","","G. Perdagangan Besar dan Eceran, Reparasi Mobil dan Sepeda Motor","Gmaps"],
    ["3341","Serdang Komputer","Gg. Setia No.3","prelist","MEDAN PERJUANGAN","SEI KERA HILIR I","LINGKUNGAN 2","","0821-6739-5941","G. Perdagangan Besar dan Eceran, Reparasi Mobil dan Sepeda Motor","Gmaps"],
    ["3342","Buka 24 jam","Gg. Anyelir No.7","prelist","MEDAN PERJUANGAN","SEI KERA HILIR I","LINGKUNGAN 6","","0853-7332-1110","G. Perdagangan Besar dan Eceran, Reparasi Mobil dan Sepeda Motor","Gmaps"],
    ["3343","Hendra service handphone","Sidorame Tim., Kec. Medan Perjuangan, Kota Medan, Sumatera Utara 20233","prelist","MEDAN PERJUANGAN","SIDORAME TIMUR","LINGKUNGAN 12","","0822-8576-9801","G. Perdagangan Besar dan Eceran, Reparasi Mobil dan Sepeda Motor","Gmaps"],
    ["3344","Bintang Plastik","Gg. Kelambir No.93","prelist","MEDAN PERJUANGAN","SEI KERA HULU","LINGKUNGAN 1","","0852-7689-1949","G. Perdagangan Besar dan Eceran, Reparasi Mobil dan Sepeda Motor","Gmaps"],
    ["3345","Cantik Kayu","Jl. M.H Thamrin No.30-A","prelist","MEDAN PERJUANGAN","PANDAU HILIR","LINGKUNGAN 2","","","G. Perdagangan Besar dan Eceran, Reparasi Mobil dan Sepeda Motor","Gmaps"],
    ["3346","Haroon Furniture","Jl. Bintang No.5","prelist","MEDAN PERJUANGAN","PANDAU HILIR","LINGKUNGAN 2","","","G. Perdagangan Besar dan Eceran, Reparasi Mobil dan Sepeda Motor","Gmaps"],
    ["3347","GUDANG JAYA PERABOT -2","Gg. Melur No.7","prelist","MEDAN PERJUANGAN","TEGAL REJO","LINGKUNGAN 9","","0812-6042-1818","G. Perdagangan Besar dan Eceran, Reparasi Mobil dan Sepeda Motor","Gmaps"],
    ["3348","Cahaya Raya Makmur","Jl. Pasar Iii Jl. Gunung Krakatau 100 B","prelist","MEDAN PERJUANGAN","TEGAL REJO","LINGKUNGAN 9","","","G. Perdagangan Besar dan Eceran, Reparasi Mobil dan Sepeda Motor","Gmaps"],
    ["3349","SP PERABOT","Jl. Prof. H. M. Yamin No.548","prelist","MEDAN PERJUANGAN","PAHLAWAN","LINGKUNGAN 1","","0852-7583-8748","G. Perdagangan Besar dan Eceran, Reparasi Mobil dan Sepeda Motor","Gmaps"],
    ["3350","Olala","Jl. Madio Utomo No.22","prelist","MEDAN PERJUANGAN","SIDORAME BARAT II","LINGKUNGAN 8","","(061) 6624354","G. Perdagangan Besar dan Eceran, Reparasi Mobil dan Sepeda Motor","Gmaps"],
    ["3351","Evan Jepara","Jl. Ibrahim Umar Gang Sado No. 15 A","prelist","MEDAN PERJUANGAN","SEI KERA HILIR I","LINGKUNGAN 7","","0813-7011-5253","G. Perdagangan Besar dan Eceran, Reparasi Mobil dan Sepeda Motor","Gmaps"],
    ["3352","Anugrah Mulia","Jl. Pasar Iii","prelist","MEDAN PERJUANGAN","TEGAL REJO","LINGKUNGAN 14","","0823-6557-4488","G. Perdagangan Besar dan Eceran, Reparasi Mobil dan Sepeda Motor","Gmaps"],
    ["3353","sofaindo","Jl. Pelita Vi No.32A","prelist","MEDAN PERJUANGAN","SIDORAME BARAT II","LINGKUNGAN 9","","0811-6501-819","G. Perdagangan Besar dan Eceran, Reparasi Mobil dan Sepeda Motor","Gmaps"],
    ["3354","Asiento Medan","Jl. Pahlawan No.51","prelist","MEDAN PERJUANGAN","PAHLAWAN","LINGKUNGAN 13","","0812-1551-586","G. Perdagangan Besar dan Eceran, Reparasi Mobil dan Sepeda Motor","Gmaps"],
    ["3355","Custom sofa minimalis medan - kita sofa","Jl. Gunung Krakatau Gg. Kenanga No.10","prelist","MEDAN PERJUANGAN","TEGAL REJO","LINGKUNGAN 9","","","G. Perdagangan Besar dan Eceran, Reparasi Mobil dan Sepeda Motor","Gmaps"],
    ["3356","TANJUNG RAYA","Jl. Rakyat No.64","prelist","MEDAN PERJUANGAN","SIDORAME TIMUR","LINGKUNGAN 11","","0821-6382-2614","G. Perdagangan Besar dan Eceran, Reparasi Mobil dan Sepeda Motor","Gmaps"],
    ["3357","Dinasty Minimalis","Jl. Pasar Iii No.163","prelist","MEDAN PERJUANGAN","TEGAL REJO","LINGKUNGAN 10","","0813-6055-2600","G. Perdagangan Besar dan Eceran, Reparasi Mobil dan Sepeda Motor","Gmaps"],
    ["3358","KASIMURA STORE distributor santan&kelapa cab.sentosa baru","Jl. Gurilla","prelist","MEDAN PERJUANGAN","SEI KERA HILIR I","LINGKUNGAN 3","","0882-6186-9553","G. Perdagangan Besar dan Eceran, Reparasi Mobil dan Sepeda Motor","Gmaps"],
    ["3359","Medical Shop","JL H. Moh Yamin. 241-241A, Sei Kera, Sei Kera Hilir II, Kec. Medan Perjuangan, Kota Medan, Sumatera Utara 20233","prelist","MEDAN PERJUANGAN","SEI KERA HILIR I","LINGKUNGAN 1","","","G. Perdagangan Besar dan Eceran, Reparasi Mobil dan Sepeda Motor","Gmaps"],
    ["3360","Cv.Berkat Sejahtera Abadi","Jl. Malaka No.166A","prelist","MEDAN PERJUANGAN","PANDAU HILIR","LINGKUNGAN 9","","0851-0027-6122","G. Perdagangan Besar dan Eceran, Reparasi Mobil dan Sepeda Motor","Gmaps"],
    ["3361","GREE PROSHOP MEDAN, PT STAVIN LUXURY INDONESIA","Jl. Pasar Iii No.55","prelist","MEDAN PERJUANGAN","TEGAL REJO","LINGKUNGAN 14","","0852-7009-7173","G. Perdagangan Besar dan Eceran, Reparasi Mobil dan Sepeda Motor","Gmaps"],
    ["3362","Kalsiboard Medan","Jl. M.H Thamrin No.23","prelist","MEDAN PERJUANGAN","PANDAU HILIR","LINGKUNGAN 4","","(061) 4567800","G. Perdagangan Besar dan Eceran, Reparasi Mobil dan Sepeda Motor","Gmaps"],
    ["3363","Ainiqua Medan Perjuangan","Gg. Gembira No.11","prelist","MEDAN PERJUANGAN","PAHLAWAN","LINGKUNGAN 2","","0822-7298-1517","G. Perdagangan Besar dan Eceran, Reparasi Mobil dan Sepeda Motor","Gmaps"],
    ["3364","Herman Dexter Home Furnishings","Jl. Prof Dr Hm Yamin","prelist","MEDAN PERJUANGAN","SEI KERA HILIR II","LINGKUNGAN 8","","(061) 77120312","G. Perdagangan Besar dan Eceran, Reparasi Mobil dan Sepeda Motor","Gmaps"],
    ["3365","Akkraf Furniture","Jl. Gaharu Gg. Pairan No.14","prelist","MEDAN PERJUANGAN","SEI KERA HILIR I","LINGKUNGAN 4","","0812-6542-6229","G. Perdagangan Besar dan Eceran, Reparasi Mobil dan Sepeda Motor","Gmaps"],
    ["3366","F4 Bersaudara","Jl. Perjuangan No.112 B","prelist","MEDAN PERJUANGAN","SEI KERA HILIR I","LINGKUNGAN 12","","0813-9737-9282","G. Perdagangan Besar dan Eceran, Reparasi Mobil dan Sepeda Motor","Gmaps"],
    ["3367","Olala","Jl. Hm. Said No.120C","prelist","MEDAN PERJUANGAN","SIDORAME BARAT I","LINGKUNGAN 3","","0813-9674-4480","G. Perdagangan Besar dan Eceran, Reparasi Mobil dan Sepeda Motor","Gmaps"],
    ["3368","Weston Baby Shop","Jl. Rakyat No.100C","prelist","MEDAN PERJUANGAN","SIDORAME TIMUR","LINGKUNGAN 15","","0852-0681-3311","G. Perdagangan Besar dan Eceran, Reparasi Mobil dan Sepeda Motor","Gmaps"],
    ["3369","Toko Seribu Karpet","Jl. Prof. H. M. Yamin No.306","prelist","MEDAN PERJUANGAN","SEI KERA HILIR II","LINGKUNGAN 1","","(061) 4539115","G. Perdagangan Besar dan Eceran, Reparasi Mobil dan Sepeda Motor","Gmaps"],
    ["3370","Toko Bahan Kue Stella","Jl. Rakyat No.109A","prelist","MEDAN PERJUANGAN","SIDORAME TIMUR","LINGKUNGAN 15","","","G. Perdagangan Besar dan Eceran, Reparasi Mobil dan Sepeda Motor","Gmaps"],
    ["3371","Toko Rezeki Plastik","Jl. Sentosa Baru No.23E","prelist","MEDAN PERJUANGAN","SEI KERA HILIR II","LINGKUNGAN 11","","0851-0302-7885","G. Perdagangan Besar dan Eceran, Reparasi Mobil dan Sepeda Motor","Gmaps"],
    ["3372","Ruzac","Jl. Sei Kera No.22/2M","prelist","MEDAN PERJUANGAN","PANDAU HILIR","LINGKUNGAN 2","","","G. Perdagangan Besar dan Eceran, Reparasi Mobil dan Sepeda Motor","Gmaps"],
    ["3373","Grosir/import sepatu luar dan dlm negri","Jl. Indrapura No.32","prelist","MEDAN PERJUANGAN","PANDAU HILIR","LINGKUNGAN 7","","","G. Perdagangan Besar dan Eceran, Reparasi Mobil dan Sepeda Motor","Gmaps"],
    ["3374","AHS ANDI","Jl. Rakyat No.190 B","prelist","MEDAN PERJUANGAN","TEGAL REJO","LINGKUNGAN 10","","0813-7561-3597","G. Perdagangan Besar dan Eceran, Reparasi Mobil dan Sepeda Motor","Gmaps"],
    ["3375","Bumi rempah","Jalan Veteran 47 / 19E","prelist","MEDAN PERJUANGAN","PANDAU HILIR","LINGKUNGAN 1","","0812-6142-5356","G. Perdagangan Besar dan Eceran, Reparasi Mobil dan Sepeda Motor","Gmaps"],
    ["3376","UD. MUNTY FASHION SHOCKS","Jl. Mesjid Taufik No.29","prelist","MEDAN PERJUANGAN","TEGAL REJO","LINGKUNGAN 6","","0813-6130-1092","G. Perdagangan Besar dan Eceran, Reparasi Mobil dan Sepeda Motor","Gmaps"],
    ["3377","GROSIR LIDIA GURNING OLSHOP","Jl. Pelita Iv Gg. Pertama No.3","prelist","MEDAN PERJUANGAN","SIDORAME TIMUR","LINGKUNGAN 15","","","G. Perdagangan Besar dan Eceran, Reparasi Mobil dan Sepeda Motor","Gmaps"],
    ["3378","SSS","Jl. Seram No.8","prelist","MEDAN PERJUANGAN","PANDAU HILIR","LINGKUNGAN 2","","0813-879-498","G. Perdagangan Besar dan Eceran, Reparasi Mobil dan Sepeda Motor","Gmaps"],
    ["3379","PLANET HELM MEDAN","Sidorame Tim., Kec. Medan Perjuangan, Kota Medan, Sumatera Utara 20222","prelist","MEDAN PERJUANGAN","SEI KERA HILIR II","LINGKUNGAN 6","","0812-8899-9208","G. Perdagangan Besar dan Eceran, Reparasi Mobil dan Sepeda Motor","Gmaps"],
    ["3380","Toko Sinar Harapan","Jl. Sutomo Baru No.30","prelist","MEDAN PERJUANGAN","PANDAU HILIR","LINGKUNGAN 1","","0812-6613-5444","G. Perdagangan Besar dan Eceran, Reparasi Mobil dan Sepeda Motor","Gmaps"],
    ["3381","KEDE BEMBENG","Gg. Perwira Kel No.12","prelist","MEDAN PERJUANGAN","SEI KERA HULU","LINGKUNGAN 20","","0813-7642-9133","G. Perdagangan Besar dan Eceran, Reparasi Mobil dan Sepeda Motor","Gmaps"],
    ["3382","YOLDA","Jl. Permai","prelist","MEDAN PERJUANGAN","SIDORAME TIMUR","LINGKUNGAN 14","","0812-6321-192","G. Perdagangan Besar dan Eceran, Reparasi Mobil dan Sepeda Motor","Gmaps"],
    ["3383","Grosir Jos","Jl. Pelita Vi No.95","prelist","MEDAN PERJUANGAN","TEGAL REJO","LINGKUNGAN 2","","0821-8596-5274","G. Perdagangan Besar dan Eceran, Reparasi Mobil dan Sepeda Motor","Gmaps"],
    ["3384","Toko Hasanah","Jl. M. Yakub","prelist","MEDAN PERJUANGAN","SEI KERA HILIR II","LINGKUNGAN 12","","","G. Perdagangan Besar dan Eceran, Reparasi Mobil dan Sepeda Motor","Gmaps"],
    ["3385","TOKO MAJU JAYA","Jl. Ibrahim Umar No.27","prelist","MEDAN PERJUANGAN","SEI KERA HILIR II","LINGKUNGAN 7","","(061) 4149701","G. Perdagangan Besar dan Eceran, Reparasi Mobil dan Sepeda Motor","Gmaps"],
    ["3386","Toko kosmetik sinar fajar cosmetics","Jl. Ambon No.32/22","prelist","MEDAN PERJUANGAN","PANDAU HILIR","LINGKUNGAN 1","","","G. Perdagangan Besar dan Eceran, Reparasi Mobil dan Sepeda Motor","Gmaps"],
    ["3387","Arigatou holiday","Gg. Manggis","prelist","MEDAN PERJUANGAN","SEI KERA HILIR II","LINGKUNGAN 11","","0852-6112-5581","H. Transportasi dan Pergudangan","Gmaps"],
    ["3388","ALIZA TOUR & TRAVEL","Jl. Prof. H. M. Yamin No.570","prelist","MEDAN PERJUANGAN","PAHLAWAN","LINGKUNGAN 1","","(061) 42006437","H. Transportasi dan Pergudangan","Gmaps"],
    ["3389","PT. MASITOH TRAVEL QOLBI","Jl. Prof. H. M. Yamin No.249","prelist","MEDAN PERJUANGAN","SEI KERA HILIR I","LINGKUNGAN 1","","","H. Transportasi dan Pergudangan","Gmaps"],
    ["3390","Toba Transporter","Jl. Pelita Iv No.76","prelist","MEDAN PERJUANGAN","SIDORAME BARAT II","LINGKUNGAN 7","","0852-6149-2668","H. Transportasi dan Pergudangan","Gmaps"],
    ["3391","Thalia Travel & Tour","Jl. Pelita Ii Gg. Pos Ii Jl. Pelita Ii No.20","prelist","MEDAN PERJUANGAN","SIDORAME BARAT II","LINGKUNGAN 6","","0813-7570-7573","H. Transportasi dan Pergudangan","Gmaps"],
    ["3392","Putra Diva Tours & Travel. PT","Jl. Mesjid Taufik No.90","prelist","MEDAN PERJUANGAN","TEGAL REJO","LINGKUNGAN 13","","(061) 6621235","H. Transportasi dan Pergudangan","Gmaps"],
    ["3393","Travel medan pekanbaru CV.KJS Travel & Tour Medan","Jl. Panglima No.2","prelist","MEDAN PERJUANGAN","SEI KERA HILIR I","LINGKUNGAN 1","","0822-7300-3026","H. Transportasi dan Pergudangan","Gmaps"],
    ["3394","GoExperience Indonesia Tours","Gg. Selamat No.7","prelist","MEDAN PERJUANGAN","SIDORAME TIMUR","LINGKUNGAN 14","","","H. Transportasi dan Pergudangan","Gmaps"],
    ["3395","Medan trip & tour","Jl. Prajurit No.9","prelist","MEDAN PERJUANGAN","SIDORAME BARAT I","LINGKUNGAN 11","","0838-9111-8072","H. Transportasi dan Pergudangan","Gmaps"],
    ["3396","Wings Holiday Tour & Travel","Jl. Pelita Iv No.90","prelist","MEDAN PERJUANGAN","SIDORAME BARAT II","LINGKUNGAN 7","","0813-6244-4224","H. Transportasi dan Pergudangan","Gmaps"],
    ["3397","MEDAN DRIVER","Jl. Pelita Iv No.76","prelist","MEDAN PERJUANGAN","SIDORAME BARAT II","LINGKUNGAN 7","","0821-1430-4668","H. Transportasi dan Pergudangan","Gmaps"],
    ["3398","Royal Crown Holiday Travel","Jl. M.H Thamrin No.36-C/60","prelist","MEDAN PERJUANGAN","PANDAU HILIR","LINGKUNGAN 2","","(061) 4550899","H. Transportasi dan Pergudangan","Gmaps"],
    ["3399","Senyum Tour Travel","Jl. Hm. Said No.20","prelist","MEDAN PERJUANGAN","SIDORAME BARAT I","LINGKUNGAN 6","","0811-614-761","H. Transportasi dan Pergudangan","Gmaps"],
    ["3400","Bursa Tiket Pesawat & Tour Murah","Jl. Rakyat No.90","prelist","MEDAN PERJUANGAN","TEGAL REJO","LINGKUNGAN 3","","0813-6266-6744","H. Transportasi dan Pergudangan","Gmaps"],
    ["3401","Kantor Camat Medan Perjuangan","Tegal Rejo, Kec. Medan Perjuangan, Kota Medan, Sumatera Utara","prelist","MEDAN PERJUANGAN","TEGAL REJO","LINGKUNGAN 9","","","H. Transportasi dan Pergudangan","Gmaps"],
    ["3402","Pak Semar","Jl. Hos Cokroaminoto No.245A","prelist","MEDAN PERJUANGAN","SEI KERA HULU","LINGKUNGAN 13","","0821-7170-0716","G. Perdagangan Besar dan Eceran, Reparasi Mobil dan Sepeda Motor","Gmaps"],
    ["3403","CV. Parapat Taxi","No. 45","prelist","MEDAN PERJUANGAN","PANDAU HILIR","LINGKUNGAN 6","","0812-6487-733","H. Transportasi dan Pergudangan","Gmaps"],
    ["3404","Toba Parapat","Jl. Pelita Iv Gg. Dame No.7B","prelist","MEDAN PERJUANGAN","TEGAL REJO","LINGKUNGAN 6","","0812-6994-4820","H. Transportasi dan Pergudangan","Gmaps"],
    ["3405","Mitra Tour Sumatera","Green Hidroponik, Sei Kera Hulu, Kec. Medan Perjuangan, Kota Medan, Sumatera Utara 20233","prelist","MEDAN PERJUANGAN","SEI KERA HULU","LINGKUNGAN 12","","","H. Transportasi dan Pergudangan","Gmaps"],
    ["3406","Atlas Travel","Jl. M.H Thamrin No.27","prelist","MEDAN PERJUANGAN","PANDAU HILIR","LINGKUNGAN 4","","(061) 4523625","H. Transportasi dan Pergudangan","Gmaps"],
    ["3407","PTS TRAVEL GROUP","Jl. Madong Lubis No.31","prelist","MEDAN PERJUANGAN","PANDAU HILIR","LINGKUNGAN 8","","0858-0055-3131","H. Transportasi dan Pergudangan","Gmaps"],
    ["3408","Pakejtourtermurahdimedan","Jl. Perbatasan No.58","prelist","MEDAN PERJUANGAN","TEGAL REJO","LINGKUNGAN 15","","0812-6370-5485","H. Transportasi dan Pergudangan","Gmaps"],
    ["3409","SHOFIA Tour","Jl. Pahlawan No.88","prelist","MEDAN PERJUANGAN","PAHLAWAN","LINGKUNGAN 2","","0812-6491-329","H. Transportasi dan Pergudangan","Gmaps"],
    ["3410","DjamNur Family House","Jl. Pasar Iii Jl. Gunung Krakatau No.86","prelist","MEDAN PERJUANGAN","TEGAL REJO","LINGKUNGAN 9","","0812-6056-5616","H. Transportasi dan Pergudangan","Gmaps"],
    ["3411","Pt.Madina Iman Wisata","Jl. Pasar Iii No.87","prelist","MEDAN PERJUANGAN","TEGAL REJO","LINGKUNGAN 14","","","H. Transportasi dan Pergudangan","Gmaps"],
    ["3412","Pt.fahri sinurat travel","Jl. Badik Gg. Tengah No.12","prelist","MEDAN PERJUANGAN","PAHLAWAN","LINGKUNGAN 7","","0838-4031-0200","H. Transportasi dan Pergudangan","Gmaps"],
    ["3413","Sumatra vacations","Jl. Panglima No.40","prelist","MEDAN PERJUANGAN","SEI KERA HILIR I","LINGKUNGAN 1","","0812-4607-8773","H. Transportasi dan Pergudangan","Gmaps"],
    ["3414","MMBC IZUL TOUR & TRAVEL","Jl. Gurilla No.2/16A","prelist","MEDAN PERJUANGAN","SEI KERA HILIR I","LINGKUNGAN 3","","0813-7546-9200","H. Transportasi dan Pergudangan","Gmaps"],
    ["3415","Aishwarya Tour & Travel","Jl. Gurilla No.57 B","prelist","MEDAN PERJUANGAN","SEI KERA HILIR I","LINGKUNGAN 5","","(061) 4575889","H. Transportasi dan Pergudangan","Gmaps"],
    ["3416","Loket Chandra Mahkota Transport","Jl. Gurilla No.104","prelist","MEDAN PERJUANGAN","SEI KERA HILIR II","LINGKUNGAN 12","","0813-6232-0375","H. Transportasi dan Pergudangan","Gmaps"],
    ["3417","PT TRAVEL TUAN SIHUBIL TRANSPORTASI","Jl. Mesjid Taufik Jl. M. Taufik Gg. Nangka","prelist","MEDAN PERJUANGAN","TEGAL REJO","LINGKUNGAN 12","","0823-6761-2931","H. Transportasi dan Pergudangan","Gmaps"],
    ["3418","Wie Travel Group ( PT WIE SUKSES MANDIRI WISATA )","Jl. Pahlawan","prelist","MEDAN PERJUANGAN","PAHLAWAN","LINGKUNGAN 15","","0813-9888-8199","H. Transportasi dan Pergudangan","Gmaps"],
    ["3419","AGEN JNE RAKYAT MEDAN","Jl. Rakyat No.99","prelist","MEDAN PERJUANGAN","SIDORAME TIMUR","LINGKUNGAN 15","","0812-6378-0194","H. Transportasi dan Pergudangan","Gmaps"],
    ["3420","SCL Trans","Jl. Palembang No.48","prelist","MEDAN PERJUANGAN","PANDAU HILIR","LINGKUNGAN 5","","(061) 4558092","H. Transportasi dan Pergudangan","Gmaps"],
    ["3421","J & R MEDAN EXPRESS","Jl. Pendidikan No.126","prelist","MEDAN PERJUANGAN","TEGAL REJO","LINGKUNGAN 7","","0813-7005-0000","H. Transportasi dan Pergudangan","Gmaps"],
    ["3422","Rudi Tamba","Jl. Mesjid Taufik Gg. Kenari","prelist","MEDAN PERJUANGAN","TEGAL REJO","LINGKUNGAN 4","","0813-6946-7919","H. Transportasi dan Pergudangan","Gmaps"],
    ["3423","Rumah Riko Sinaga","Jl. Mesjid Taufik Gg. Tamtama No.2 No 8","prelist","MEDAN PERJUANGAN","TEGAL REJO","LINGKUNGAN 7","","","H. Transportasi dan Pergudangan","Gmaps"],
    ["3424","Trevel Putri Hana Khalila (Naga Parna Gruop)","Jl. Lubuk Kuda No.202","prelist","MEDAN PERJUANGAN","SEI KERA HULU","LINGKUNGAN 18","","0812-7737-533","H. Transportasi dan Pergudangan","Gmaps"],
    ["3425","Rental Mobil Anugerah Ilahi","Jl. Sentosa Lama No.11 A","prelist","MEDAN PERJUANGAN","SEI KERA HULU","LINGKUNGAN 21","","0813-6038-9688","H. Transportasi dan Pergudangan","Gmaps"],
    ["3426","Rental mobil / Travel","Jl. Pelita Iii No.64","prelist","MEDAN PERJUANGAN","SIDORAME BARAT II","LINGKUNGAN 7","","0821-6888-4327","H. Transportasi dan Pergudangan","Gmaps"],
    ["3427","RAZA Rental Medan AirPort","Gg. Lumumba No.28","prelist","MEDAN PERJUANGAN","PAHLAWAN","LINGKUNGAN 5","","0852-6149-9898","H. Transportasi dan Pergudangan","Gmaps"],
    ["3428","Calvin Rental Car","No Jl. Prof. H. M. Yamin No.522, Sei Kera Hilir I, Kec. Medan Perjuangan, Kota Medan, Sumatera Utara 20233","prelist","MEDAN PERJUANGAN","SEI KERA HILIR I","LINGKUNGAN 1","","0812-6542-8688","H. Transportasi dan Pergudangan","Gmaps"],
    ["3429","UCOK RENTAL","Gg. Serayu No.1","prelist","MEDAN PERJUANGAN","SIDORAME BARAT II","LINGKUNGAN 3","","","H. Transportasi dan Pergudangan","Gmaps"],
    ["3430","NauRa'S Kitchen & Transport-Medan","Gg. Tunggal","prelist","MEDAN PERJUANGAN","SIDORAME TIMUR","LINGKUNGAN 5","","0823-7078-7878","H. Transportasi dan Pergudangan","Gmaps"],
    ["3431","All transport","Jl. Pelita I No.85A","prelist","MEDAN PERJUANGAN","SIDORAME BARAT II","LINGKUNGAN 4","","0811-677-066","H. Transportasi dan Pergudangan","Gmaps"],
    ["3432","Lahi rental mobil medan","Jl. Pelita Iv Gg. Dame No.12","prelist","MEDAN PERJUANGAN","SIDORAME BARAT II","LINGKUNGAN 8","","0813-7607-9967","H. Transportasi dan Pergudangan","Gmaps"],
    ["3433","CV. Mandiri Abadi (tour & travel)","Jl. Prof. H. M. Yamin","prelist","MEDAN PERJUANGAN","SEI KERA HILIR I","LINGKUNGAN 1","","0852-7011-1456","H. Transportasi dan Pergudangan","Gmaps"],
    ["3434","Rumah Makan Barkah","Jl. Ibrahim Umar No.2","prelist","MEDAN PERJUANGAN","SEI KERA HILIR I","LINGKUNGAN 6","","0812-6341-0838","I. Penyediaan Akomodasi dan Makan Minum","Gmaps"],
    ["3435","Rumah Makan Nurmala Baru","Jl. Perjuangan No.98","prelist","MEDAN PERJUANGAN","SEI KERA HILIR I","LINGKUNGAN 12","","","I. Penyediaan Akomodasi dan Makan Minum","Gmaps"],
    ["3436","Capital O 93533 Griya Denok","Tegalrejo, Kec. Purwantoro, Kabupaten Wonogiri, Jawa Tengah 57695","prelist","MEDAN PERJUANGAN","TEGAL REJO","LINGKUNGAN 15","","","I. Penyediaan Akomodasi dan Makan Minum","Gmaps"],
    ["3437","Hotel O Krakatau Near Universitas Muhammadiya Sumatra Utara ( UMSU )","135, Tegal Rejo, Kec. Medan Perjuangan, Kota Medan, Sumatera Utara 20236","prelist","MEDAN PERJUANGAN","TEGAL REJO","LINGKUNGAN 11","","","I. Penyediaan Akomodasi dan Makan Minum","Gmaps"],
    ["3438","Lion Parcel Louis Kno (POS18065)","Komplek Serdang Residence","prelist","MEDAN PERJUANGAN","SEI KERA HILIR II","LINGKUNGAN 14","","0852-8080-0098","H. Transportasi dan Pergudangan","Gmaps"],
    ["3439","Sicepat Point (AGP Pelita)","Jl. Pelita Vi No.82","prelist","MEDAN PERJUANGAN","SIDORAME BARAT II","LINGKUNGAN 8","","(021) 30205050","H. Transportasi dan Pergudangan","Gmaps"],
    ["3440","J&T TUASAN","Jl.Rakyat.184C (Belakang Rsia Artha Mahinrus","prelist","MEDAN PERJUANGAN","TEGAL REJO","LINGKUNGAN 10","","0852-7444-0147","H. Transportasi dan Pergudangan","Gmaps"],
    ["3441","Tiki Gerai 07 Hm. Yamin","Jl. Prof. H. M. Yamin No.299","prelist","MEDAN PERJUANGAN","SEI KERA HILIR II","LINGKUNGAN 11","","(061) 4148579","H. Transportasi dan Pergudangan","Gmaps"],
    ["3442","Rorfa Express","Jl. Flores No.1","prelist","MEDAN PERJUANGAN","PANDAU HILIR","LINGKUNGAN 2","","0812-6886-9885","H. Transportasi dan Pergudangan","Gmaps"],
    ["3443","TIKI Agen HM. Yamin","Jl. Hm. Yamin Sh No. 299","prelist","MEDAN PERJUANGAN","SEI KERA HILIR II","LINGKUNGAN 1","","(061) 4143542","H. Transportasi dan Pergudangan","Gmaps"],
    ["3444","KIBAR EKSPRES","Jl. Perjuangan","prelist","MEDAN PERJUANGAN","SEI KERA HILIR I","LINGKUNGAN 11","","0813-7444-5153","H. Transportasi dan Pergudangan","Gmaps"],
    ["3445","AA Express. CV","Jl. Pasar Iii No.110","prelist","MEDAN PERJUANGAN","TEGAL REJO","LINGKUNGAN 9","","(061) 8454171","H. Transportasi dan Pergudangan","Gmaps"],
    ["3446","CV.CITRA BARU MEDAN - SINABANG","Jl. Lembing 5","prelist","MEDAN PERJUANGAN","PAHLAWAN","LINGKUNGAN 12","","0831-3796-2451","H. Transportasi dan Pergudangan","Gmaps"],
    ["3447","Agen Pos Rakyat dan Toko Kosmetik","Jl. Rakyat No.156","prelist","MEDAN PERJUANGAN","TEGAL REJO","LINGKUNGAN 4","","","H. Transportasi dan Pergudangan","Gmaps"],
    ["3448","J&T Express HM SAID","Jl. Hm. Said No.28","prelist","MEDAN PERJUANGAN","SIDORAME BARAT I","LINGKUNGAN 12","","","H. Transportasi dan Pergudangan","Gmaps"],
    ["3449","Jnt","Sidorame Tim., Kec. Medan Perjuangan, Kota Medan, Sumatera Utara","prelist","MEDAN PERJUANGAN","SIDORAME TIMUR","LINGKUNGAN 15","","","H. Transportasi dan Pergudangan","Gmaps"],
    ["3450","RUMAH MAKAN ANAK PADANG PANJANG","Jl. Gurilla No.18","prelist","MEDAN PERJUANGAN","SEI KERA HILIR I","LINGKUNGAN 5","","","I. Penyediaan Akomodasi dan Makan Minum","Gmaps"],
    ["3451","Warung Pecel dan lontong 1968 Wak Sapak Enak - Kota Medan","Tegal Rejo, Kec. Medan Perjuangan, Kota Medan, Sumatera Utara 20236","prelist","MEDAN PERJUANGAN","TEGAL REJO","LINGKUNGAN 1","","","I. Penyediaan Akomodasi dan Makan Minum","Gmaps"],
    ["3452","Ajo Sayang","Jalan Sentosa Lama Simp. Sei Kera No 311 Kel. Pandau Hilir Kec. Medan","prelist","MEDAN PERJUANGAN","SEI KERA HULU","LINGKUNGAN 9","","","I. Penyediaan Akomodasi dan Makan Minum","Gmaps"],
    ["3453","Mamatjoe Dimsum Restaurant","Jl. Madong Lubis No.47B","prelist","MEDAN PERJUANGAN","PANDAU HILIR","LINGKUNGAN 7","","","I. Penyediaan Akomodasi dan Makan Minum","Gmaps"],
    ["3454","Restoran halal pecal medan","Jl. Dwikora No.34","prelist","MEDAN PERJUANGAN","TEGAL REJO","LINGKUNGAN 2","","","I. Penyediaan Akomodasi dan Makan Minum","Gmaps"],
    ["3455","Rumah Makan Tiga Bersaudara","Jl. Hm. Said No.128","prelist","MEDAN PERJUANGAN","SIDORAME BARAT I","LINGKUNGAN 2","","0858-3638-9249","I. Penyediaan Akomodasi dan Makan Minum","Gmaps"],
    ["3456","Rumah Makan Siang Malam Sipirok","Jl. Rakyat No.45","prelist","MEDAN PERJUANGAN","SIDORAME TIMUR","LINGKUNGAN 11","","","I. Penyediaan Akomodasi dan Makan Minum","Gmaps"],
    ["3457","Rumah Makan Padang Murni","Jl. Letkol Martinus","prelist","MEDAN PERJUANGAN","PANDAU HILIR","LINGKUNGAN 1","","0822-6021-9077","I. Penyediaan Akomodasi dan Makan Minum","Gmaps"],
    ["3458","R.M. \"Onen\"","Jl. Pimpinan No.137B","prelist","MEDAN PERJUANGAN","SEI KERA HILIR I","LINGKUNGAN 13","","","I. Penyediaan Akomodasi dan Makan Minum","Gmaps"],
    ["3459","Rumah Makan Batak Tarboto Daina","Jl. Madio Utomo No.133","prelist","MEDAN PERJUANGAN","TEGAL REJO","LINGKUNGAN 3","","0821-6287-0032","I. Penyediaan Akomodasi dan Makan Minum","Gmaps"],
    ["3460","RUMAH MAKAN RINDANG MUDA 2","Jl. Perjuangan No.57","prelist","MEDAN PERJUANGAN","SEI KERA HILIR I","LINGKUNGAN 10","","0826-1724-116","I. Penyediaan Akomodasi dan Makan Minum","Gmaps"],
    ["3461","Rumah Makan Intan Mananti","Jl. Perjuangan No.98","prelist","MEDAN PERJUANGAN","SEI KERA HILIR I","LINGKUNGAN 12","","0813-9751-5752","I. Penyediaan Akomodasi dan Makan Minum","Gmaps"],
    ["3462","RUMAH MAKAN GARUDA","Gg. Rezeki B No.53","prelist","MEDAN PERJUANGAN","SEI KERA HULU","LINGKUNGAN 10","","0813-7558-5055","I. Penyediaan Akomodasi dan Makan Minum","Gmaps"],
    ["3463","Rumah Makan Khas Batak Rumabutar","Jl. Pelita Vi No.93","prelist","MEDAN PERJUANGAN","TEGAL REJO","LINGKUNGAN 2","","","I. Penyediaan Akomodasi dan Makan Minum","Gmaps"],
    ["3464","Rumah makan Anissa","Jl. Perjuangan","prelist","MEDAN PERJUANGAN","SEI KERA HILIR I","LINGKUNGAN 11","","","I. Penyediaan Akomodasi dan Makan Minum","Gmaps"],
    ["3465","RUMAH MAKAN MINANG JAYA","Jl. Hm. Said No.4","prelist","MEDAN PERJUANGAN","SIDORAME BARAT I","LINGKUNGAN 6","","0823-6222-9234","I. Penyediaan Akomodasi dan Makan Minum","Gmaps"],
    ["3466","WARUNG BAKSO MAS NO","Jl. Pimpinan No.66","prelist","MEDAN PERJUANGAN","SEI KERA HILIR I","LINGKUNGAN 5","","","I. Penyediaan Akomodasi dan Makan Minum","Gmaps"],
    ["3467","Warung ayam penyet zahra perjuangan","Jl. Perjuangan No.8A","prelist","MEDAN PERJUANGAN","SEI KERA HILIR I","LINGKUNGAN 7","","","I. Penyediaan Akomodasi dan Makan Minum","Gmaps"],
    ["3468","Rumah makan minang sakti II","Jl. Rakyat No.163","prelist","MEDAN PERJUANGAN","TEGAL REJO","LINGKUNGAN 8","","0895-3420-10230","I. Penyediaan Akomodasi dan Makan Minum","Gmaps"],
    ["3469","RUMAH MAKAN SINAR MINANG","Sidorame Tim., Kec. Medan Perjuangan, Kota Medan, Sumatera Utara 20336","prelist","MEDAN PERJUANGAN","SIDORAME TIMUR","LINGKUNGAN 2","","0812-1661-2525","I. Penyediaan Akomodasi dan Makan Minum","Gmaps"],
    ["3470","PAK TIAM SEAFOOD SENTOSA BARU","Jl. Sentosa Baru","prelist","MEDAN PERJUANGAN","SEI KERA HILIR II","LINGKUNGAN 11","","","I. Penyediaan Akomodasi dan Makan Minum","Gmaps"],
    ["3471","RUMAH MAKAN RESTU BUNDO","Jl. Rakyat No.67","prelist","MEDAN PERJUANGAN","SIDORAME TIMUR","LINGKUNGAN 12","","","I. Penyediaan Akomodasi dan Makan Minum","Gmaps"],
    ["3472","Rumah Makan Ndik Sayang","Jl. Rakyat No.43","prelist","MEDAN PERJUANGAN","SIDORAME TIMUR","LINGKUNGAN 11","","0822-7663-8568","I. Penyediaan Akomodasi dan Makan Minum","Gmaps"],
    ["3473","Rumah makan","Jl. Pelita Iv No.118 A","prelist","MEDAN PERJUANGAN","SIDORAME BARAT II","LINGKUNGAN 6","","","I. Penyediaan Akomodasi dan Makan Minum","Gmaps"],
    ["3474","Rumah Makan Samudra Khas Minang","Jl. Dr. F.L. Tobing No.1A","prelist","MEDAN PERJUANGAN","PANDAU HILIR","LINGKUNGAN 2","","","I. Penyediaan Akomodasi dan Makan Minum","Gmaps"],
    ["3475","Nasi Kotak DANU","Jl. Perjuangan No.30B","prelist","MEDAN PERJUANGAN","SIDORAME TIMUR","LINGKUNGAN 8","","","I. Penyediaan Akomodasi dan Makan Minum","Gmaps"],
    ["3476","Restoran Royal Thamrin","Jl. M.H Thamrin No.15A/55 15A/55","prelist","MEDAN PERJUANGAN","PANDAU HILIR","LINGKUNGAN 4","","0813-6135-6762","I. Penyediaan Akomodasi dan Makan Minum","Gmaps"],
    ["3477","Rumah Makan Fajar Minang","Jl. G.B. Joshua No.65","prelist","MEDAN PERJUANGAN","PANDAU HILIR","LINGKUNGAN 4","","","I. Penyediaan Akomodasi dan Makan Minum","Gmaps"],
    ["3478","Rumah Makan Batak Ezra","Jl. Pelita I No.24","prelist","MEDAN PERJUANGAN","SIDORAME BARAT I","LINGKUNGAN 5","","0821-6710-0822","I. Penyediaan Akomodasi dan Makan Minum","Gmaps"],
    ["3479","Ifu mie","Jl. Perjuangan No.38","prelist","MEDAN PERJUANGAN","SIDORAME TIMUR","LINGKUNGAN 8","","","I. Penyediaan Akomodasi dan Makan Minum","Gmaps"],
    ["3480","RM. Khas Batak Manalu","Jl. Rakyat No.149","prelist","MEDAN PERJUANGAN","TEGAL REJO","LINGKUNGAN 7","","0813-9771-6246","I. Penyediaan Akomodasi dan Makan Minum","Gmaps"],
    ["3481","Rm.makan ANA","Jl. Sei Kera No.166","prelist","MEDAN PERJUANGAN","PANDAU HILIR","LINGKUNGAN 4","","0812-6038-045","I. Penyediaan Akomodasi dan Makan Minum","Gmaps"],
    ["3482","Tapanuli Vegetarian","Jl. Tapanuli No.21","prelist","MEDAN PERJUANGAN","PANDAU HILIR","LINGKUNGAN 6","","(061) 4516537","I. Penyediaan Akomodasi dan Makan Minum","Gmaps"],
    ["3483","Pisang Pasir Mandheling","Jl. Perjuangan No.134","prelist","MEDAN PERJUANGAN","SEI KERA HILIR I","LINGKUNGAN 13","","","I. Penyediaan Akomodasi dan Makan Minum","Gmaps"],
    ["3484","Mie Bagan Prapat","Jl.Prapat No.73 Medan Kota","prelist","MEDAN PERJUANGAN","PANDAU HILIR","LINGKUNGAN 6","","","I. Penyediaan Akomodasi dan Makan Minum","Gmaps"],
    ["3485","Uvl vege food cabang medan","Jl. Jambi No.2","prelist","MEDAN PERJUANGAN","PANDAU HILIR","LINGKUNGAN 3","","0852-5353-6869","I. Penyediaan Akomodasi dan Makan Minum","Gmaps"],
    ["3486","Ayam Penyet anugerah","simpang Jl. Rakyat, Sidorame Tim., Kec. Medan Perjuangan, Kota Medan, Sumatera Utara 20233","prelist","MEDAN PERJUANGAN","SIDORAME TIMUR","LINGKUNGAN 1","","","I. Penyediaan Akomodasi dan Makan Minum","Gmaps"],
    ["3487","B - House Dining and Cafe","Jl. Hm. Said No.23","prelist","MEDAN PERJUANGAN","SIDORAME BARAT I","LINGKUNGAN 12","","","I. Penyediaan Akomodasi dan Makan Minum","Gmaps"],
    ["3488","AR KULINER PERJUANGAN ((Supplier Aneka Dimsum | Pancake Durian | Durian Kupas | Daging Durian)","Jl. Hos Cokroaminoto Gg. Alidrus No.1","prelist","MEDAN PERJUANGAN","SEI KERA HULU","LINGKUNGAN 14","","","I. Penyediaan Akomodasi dan Makan Minum","Gmaps"],
    ["3489","RUMAH MAKAN AJO SAYANG","Jl. Rakyat No.137","prelist","MEDAN PERJUANGAN","TEGAL REJO","LINGKUNGAN 13","","0852-7612-1009","I. Penyediaan Akomodasi dan Makan Minum","Gmaps"],
    ["3490","Kwetiau Akok","Jl. Galang No.10A","prelist","MEDAN PERJUANGAN","PANDAU HILIR","LINGKUNGAN 8","","","I. Penyediaan Akomodasi dan Makan Minum","Gmaps"],
    ["3491","Warung mie gomak linceria","Gg. Roma No.24B","prelist","MEDAN PERJUANGAN","SIDORAME TIMUR","LINGKUNGAN 10","","","I. Penyediaan Akomodasi dan Makan Minum","Gmaps"],
    ["3492","Pisang pasir geboy","Jl. Perjuangan No.75","prelist","MEDAN PERJUANGAN","SEI KERA HILIR I","LINGKUNGAN 10","","","I. Penyediaan Akomodasi dan Makan Minum","Gmaps"],
    ["3493","Captain Chicken","Jl. Perjuangan No.97","prelist","MEDAN PERJUANGAN","SEI KERA HILIR I","LINGKUNGAN 12","","","I. Penyediaan Akomodasi dan Makan Minum","Gmaps"],
    ["3494","R.M. Minang Empat Saudara","Jl. Pimpinan No.133","prelist","MEDAN PERJUANGAN","SEI KERA HILIR I","LINGKUNGAN 4","","0813-6107-5188","I. Penyediaan Akomodasi dan Makan Minum","Gmaps"],
    ["3495","GUSHUR Chillin' Space","Gg. Melati No.7","prelist","MEDAN PERJUANGAN","PAHLAWAN","LINGKUNGAN 14","","0812-6797-1332","I. Penyediaan Akomodasi dan Makan Minum","Gmaps"],
    ["3496","Habibi Kopi","Jl. Prof. H. M. Yamin No.444","prelist","MEDAN PERJUANGAN","SEI KERA HULU","LINGKUNGAN 6","","","I. Penyediaan Akomodasi dan Makan Minum","Gmaps"],
    ["3497","Roemah Poetih Barkah Kopi","Jalan Ibrahim Umar No. 2","prelist","MEDAN PERJUANGAN","SEI KERA HILIR I","LINGKUNGAN 6","","","I. Penyediaan Akomodasi dan Makan Minum","Gmaps"],
    ["3498","Ludo Kopitiam","Jl. Sei Kera","prelist","MEDAN PERJUANGAN","PANDAU HILIR","LINGKUNGAN 2","","","I. Penyediaan Akomodasi dan Makan Minum","Gmaps"],
    ["3499","Galaxy cafe & pool","Jl. Pasar Iii No.145A-145B","prelist","MEDAN PERJUANGAN","TEGAL REJO","LINGKUNGAN 11","","","I. Penyediaan Akomodasi dan Makan Minum","Gmaps"],
    ["3500","REAL FAMILY CAFE","Gg. Sabar No.64","prelist","MEDAN PERJUANGAN","SEI KERA HILIR I","LINGKUNGAN 10","","0813-2287-1609","I. Penyediaan Akomodasi dan Makan Minum","Gmaps"],
    ["3501","Caffe istana rakyat","Jl. Rakyat No.14","prelist","MEDAN PERJUANGAN","SIDORAME TIMUR","LINGKUNGAN 3","","","I. Penyediaan Akomodasi dan Makan Minum","Gmaps"],
    ["3502","Parau Coffee","Jl. Dorowati No.35","prelist","MEDAN PERJUANGAN","SIDORAME BARAT II","LINGKUNGAN 1","","","I. Penyediaan Akomodasi dan Makan Minum","Gmaps"],
    ["3503","Chapo Coffee Medan","Jl. Gurilla No.98","prelist","MEDAN PERJUANGAN","SEI KERA HILIR II","LINGKUNGAN 12","","0822-7705-7959","I. Penyediaan Akomodasi dan Makan Minum","Gmaps"],
    ["3504","Maro Coffee Medan","Gg. Delima No.11","prelist","MEDAN PERJUANGAN","SEI KERA HILIR I","LINGKUNGAN 5","","","I. Penyediaan Akomodasi dan Makan Minum","Gmaps"],
    ["3505","Seneca Coffee Studio","Jl. Gurilla No.61 1","prelist","MEDAN PERJUANGAN","SEI KERA HILIR I","LINGKUNGAN 5","","","I. Penyediaan Akomodasi dan Makan Minum","Gmaps"],
    ["3506","Sinkron caffe","Jl. Perjuangan No.112","prelist","MEDAN PERJUANGAN","SEI KERA HILIR I","LINGKUNGAN 12","","","I. Penyediaan Akomodasi dan Makan Minum","Gmaps"],
    ["3507","NAULI catering","Gg. Amal","prelist","MEDAN PERJUANGAN","SIDORAME TIMUR","LINGKUNGAN 14","","0821-6814-6771","I. Penyediaan Akomodasi dan Makan Minum","Gmaps"],
    ["3508","Dailybox Perjuangan Medan","Jl. Prof. H. M. Yamin No.261B","prelist","MEDAN PERJUANGAN","PAHLAWAN","LINGKUNGAN 15","","","I. Penyediaan Akomodasi dan Makan Minum","Gmaps"],
    ["3509","Kopi Ketua","Jl. Prof. H. M. Yamin No.143","prelist","MEDAN PERJUANGAN","SEI KERA HILIR II","LINGKUNGAN 15","","","I. Penyediaan Akomodasi dan Makan Minum","Gmaps"],
    ["3510","Ahi yakun jaya","Jl. Wahidin No.37A","prelist","MEDAN PERJUANGAN","PAHLAWAN","LINGKUNGAN 10","","","I. Penyediaan Akomodasi dan Makan Minum","Gmaps"],
    ["3511","Cafe Keluarga","Jl. Pelita I No.48","prelist","MEDAN PERJUANGAN","SIDORAME BARAT I","LINGKUNGAN 7","","0822-7624-8414","I. Penyediaan Akomodasi dan Makan Minum","Gmaps"],
    ["3512","Perjuangan Kita Kopi","Jl. Perjuangan No.138","prelist","MEDAN PERJUANGAN","SEI KERA HILIR I","LINGKUNGAN 13","","","I. Penyediaan Akomodasi dan Makan Minum","Gmaps"],
    ["3513","Slou Coffee and Healthy Drink","Jl. Rakyat No.108","prelist","MEDAN PERJUANGAN","SIDORAME TIMUR","LINGKUNGAN 15","","0818-977-770","I. Penyediaan Akomodasi dan Makan Minum","Gmaps"],
    ["3514","Swiss Cafe","Tegal Rejo, Kec. Medan Perjuangan, Kota Medan, Sumatera Utara 20236","prelist","MEDAN PERJUANGAN","TEGAL REJO","LINGKUNGAN 13","","","I. Penyediaan Akomodasi dan Makan Minum","Gmaps"],
    ["3515","Warkop AGAM 1001","Jl. Rakyat No.56-E","prelist","MEDAN PERJUANGAN","SIDORAME TIMUR","LINGKUNGAN 11","","0898-8987-977","I. Penyediaan Akomodasi dan Makan Minum","Gmaps"],
    ["3516","Coffee MAX'24","Jl. Rakyat No.116","prelist","MEDAN PERJUANGAN","SIDORAME TIMUR","LINGKUNGAN 15","","0813-7057-0349","I. Penyediaan Akomodasi dan Makan Minum","Gmaps"],
    ["3517","Authentic coffee house","Jl. Permai No.41","prelist","MEDAN PERJUANGAN","SIDORAME TIMUR","LINGKUNGAN 14","","","I. Penyediaan Akomodasi dan Makan Minum","Gmaps"],
    ["3518","Cafe Bunda Iqbal","Jl. Pimpinan No.51","prelist","MEDAN PERJUANGAN","SEI KERA HILIR I","LINGKUNGAN 10","","","I. Penyediaan Akomodasi dan Makan Minum","Gmaps"],
    ["3519","Ninety-Nine Percent Coffee House","Jl. Gurilla No.99","prelist","MEDAN PERJUANGAN","SEI KERA HILIR I","LINGKUNGAN 5","","","I. Penyediaan Akomodasi dan Makan Minum","Gmaps"],
    ["3520","Tempat Biasa Medan Coffee Shop","Jl. Gurilla No.102","prelist","MEDAN PERJUANGAN","SEI KERA HILIR II","LINGKUNGAN 12","","","I. Penyediaan Akomodasi dan Makan Minum","Gmaps"],
    ["3521","Hokkaido Cafe and Bake","Jl. Hos Cokroaminoto No.65","prelist","MEDAN PERJUANGAN","PANDAU HILIR","LINGKUNGAN 3","","","I. Penyediaan Akomodasi dan Makan Minum","Gmaps"],
    ["3522","90 Degree Aquascape Cafe","Komplek The Town House","prelist","MEDAN PERJUANGAN","SEI KERA HILIR II","LINGKUNGAN 14","","","I. Penyediaan Akomodasi dan Makan Minum","Gmaps"],
    ["3523","Kede Ojol","Lrg. Sehati No.24, Sidorame Bar. II, Kec. Medan Perjuangan, Kota Medan, Sumatera Utara 20233","prelist","MEDAN PERJUANGAN","SIDORAME BARAT II","LINGKUNGAN 2","","0852-5847-896","I. Penyediaan Akomodasi dan Makan Minum","Gmaps"],
    ["3524","DOMM CAFE","Jl. Perjuangan","prelist","MEDAN PERJUANGAN","SIDORAME TIMUR","LINGKUNGAN 8","","0877-9812-4618","I. Penyediaan Akomodasi dan Makan Minum","Gmaps"],
    ["3525","Oud Coffee","Jl. Perjuangan No.74","prelist","MEDAN PERJUANGAN","SEI KERA HILIR I","LINGKUNGAN 11","","0812-6335-9813","I. Penyediaan Akomodasi dan Makan Minum","Gmaps"],
    ["3526","3 Boyz Cafe","Jl. Sumba No.11","prelist","MEDAN PERJUANGAN","PANDAU HILIR","LINGKUNGAN 2","","","I. Penyediaan Akomodasi dan Makan Minum","Gmaps"],
    ["3527","Cafe Chloe","Jl. Gereja No.6","prelist","MEDAN PERJUANGAN","SIDORAME BARAT I","LINGKUNGAN 8","","","I. Penyediaan Akomodasi dan Makan Minum","Gmaps"],
    ["3528","FWB COFFEE","Jl. Pelita I No.71-75","prelist","MEDAN PERJUANGAN","SIDORAME BARAT I","LINGKUNGAN 7","","0853-7053-3980","I. Penyediaan Akomodasi dan Makan Minum","Gmaps"],
    ["3529","Ona Cafe","Sidorame Bar. I, Kec. Medan Perjuangan, Kota Medan, Sumatera Utara 20233","prelist","MEDAN PERJUANGAN","SIDORAME BARAT I","LINGKUNGAN 5","","","I. Penyediaan Akomodasi dan Makan Minum","Gmaps"],
    ["3530","Sahla Coffee","Jl. Mesjid Taufik No.80","prelist","MEDAN PERJUANGAN","TEGAL REJO","LINGKUNGAN 7","","","I. Penyediaan Akomodasi dan Makan Minum","Gmaps"],
    ["3531","UGARI COFFEE","Jl. Prof. H. M. Yamin Gg. Bidan No.52","prelist","MEDAN PERJUANGAN","SEI KERA HILIR II","LINGKUNGAN 15","","0812-2885-6959","I. Penyediaan Akomodasi dan Makan Minum","Gmaps"],
    ["3532","Dear Cafe Jln Pelita 1 no 53 Sidorame Barat Kota Medan","Jl. Pelita I","prelist","MEDAN PERJUANGAN","SIDORAME BARAT II","LINGKUNGAN 5","","0812-6585-8945","I. Penyediaan Akomodasi dan Makan Minum","Gmaps"],
    ["3533","Kok Tong Kopi H.M. Said Medan","Jl. Hm. Said 6 Perum Kodam No.5","prelist","MEDAN PERJUANGAN","SIDORAME BARAT I","LINGKUNGAN 12","","","I. Penyediaan Akomodasi dan Makan Minum","Gmaps"],
    ["3534","JG COFFEE","Jl. Perjuangan","prelist","MEDAN PERJUANGAN","SEI KERA HILIR I","LINGKUNGAN 8","","","I. Penyediaan Akomodasi dan Makan Minum","Gmaps"],
    ["3535","Bagasta Tenun Cafe","Jl. Pelita Ii No.70","prelist","MEDAN PERJUANGAN","SIDORAME BARAT II","LINGKUNGAN 5","","0813-7095-8021","I. Penyediaan Akomodasi dan Makan Minum","Gmaps"],
    ["3536","Rama coffee","Jl. M. Yakub No.78","prelist","MEDAN PERJUANGAN","SEI KERA HILIR II","LINGKUNGAN 6","","","I. Penyediaan Akomodasi dan Makan Minum","Gmaps"],
    ["3537","Nggawe coffee house","Jl. Gurilla No.25","prelist","MEDAN PERJUANGAN","SEI KERA HILIR I","LINGKUNGAN 6","","0823-7011-7615","I. Penyediaan Akomodasi dan Makan Minum","Gmaps"],
    ["3538","Furever Coffee Medan","Jl. Jambi No.2 Aa","prelist","MEDAN PERJUANGAN","PANDAU HILIR","LINGKUNGAN 4","","","I. Penyediaan Akomodasi dan Makan Minum","Gmaps"],
    ["3539","Okopi","Jl. Perjuangan No.136","prelist","MEDAN PERJUANGAN","SEI KERA HILIR I","LINGKUNGAN 13","","0811-6084-455","I. Penyediaan Akomodasi dan Makan Minum","Gmaps"],
    ["3540","C'est Bon Coffee&Brunch","Jl. Malaka No.25B","prelist","MEDAN PERJUANGAN","PANDAU HILIR","LINGKUNGAN 4","","","I. Penyediaan Akomodasi dan Makan Minum","Gmaps"],
    ["3541","Founri","Jl. Wahidin","prelist","MEDAN PERJUANGAN","PAHLAWAN","LINGKUNGAN 10","","","I. Penyediaan Akomodasi dan Makan Minum","Gmaps"],
    ["3542","Pojok Santai","Jl. Adinegoro","prelist","MEDAN PERJUANGAN","SIDORAME BARAT I","LINGKUNGAN 6","","","I. Penyediaan Akomodasi dan Makan Minum","Gmaps"],
    ["3543","Tentang Kopi Pasar 3","Jl. Komp. Sehati Indah","prelist","MEDAN PERJUANGAN","TEGAL REJO","LINGKUNGAN 9","","","I. Penyediaan Akomodasi dan Makan Minum","Gmaps"],
    ["3544","The Shinjo Coffee (Sutomo)","Jl. Sutomo Jalan Buntu No.27","prelist","MEDAN PERJUANGAN","PANDAU HILIR","LINGKUNGAN 2","","","I. Penyediaan Akomodasi dan Makan Minum","Gmaps"],
    ["3545","angkorcoffee.id","Jl. Nanggarjati No.02","prelist","MEDAN PERJUANGAN","SIDORAME TIMUR","LINGKUNGAN 3","","","I. Penyediaan Akomodasi dan Makan Minum","Gmaps"],
    ["3546","TOMORO COFFEE RUKO PASAR 3","Jl. Pasar Iii No.145","prelist","MEDAN PERJUANGAN","TEGAL REJO","LINGKUNGAN 11","","","I. Penyediaan Akomodasi dan Makan Minum","Gmaps"],
    ["3547","The Hidden Hertiv","Jl. Malaka No.73","prelist","MEDAN PERJUANGAN","PANDAU HILIR","LINGKUNGAN 5","","0896-8999-9116","I. Penyediaan Akomodasi dan Makan Minum","Gmaps"],
    ["3548","CAFE BANG HEN TST","Jl. Ibrahim Umar","prelist","MEDAN PERJUANGAN","SEI KERA HILIR II","LINGKUNGAN 8","","","I. Penyediaan Akomodasi dan Makan Minum","Gmaps"],
    ["3549","Cafe YAFI","Jl. Ngalengko No.12","prelist","MEDAN PERJUANGAN","SIDORAME TIMUR","LINGKUNGAN 1","","0813-6108-7823","I. Penyediaan Akomodasi dan Makan Minum","Gmaps"],
    ["3550","Cafe Rakyat","Jl. Mesjid Taufik","prelist","MEDAN PERJUANGAN","TEGAL REJO","LINGKUNGAN 13","","0852-4685-98568","I. Penyediaan Akomodasi dan Makan Minum","Gmaps"],
    ["3551","Cafe tua ciak lang","Gg. Wongso No.30","prelist","MEDAN PERJUANGAN","SIDORAME BARAT I","LINGKUNGAN 7","","","I. Penyediaan Akomodasi dan Makan Minum","Gmaps"],
    ["3552","Coffee Shop Rakyat 113","Jl. Rakyat No.113 B","prelist","MEDAN PERJUANGAN","TEGAL REJO","LINGKUNGAN 13","","0853-6072-3374","I. Penyediaan Akomodasi dan Makan Minum","Gmaps"],
    ["3553","ILC Coffee","Jl. Pelita Vi No.96","prelist","MEDAN PERJUANGAN","SIDORAME TIMUR","LINGKUNGAN 15","","0821-6626-1955","I. Penyediaan Akomodasi dan Makan Minum","Gmaps"],
    ["3554","Apollo coffee & Kwetiau","Jl. Sei Kera","prelist","MEDAN PERJUANGAN","PANDAU HILIR","LINGKUNGAN 2","","","I. Penyediaan Akomodasi dan Makan Minum","Gmaps"],
    ["3555","Kedai Kopi Wak Tato","Jl. Pelita Iv No.3","prelist","MEDAN PERJUANGAN","SIDORAME BARAT I","LINGKUNGAN 1","","","I. Penyediaan Akomodasi dan Makan Minum","Gmaps"],
    ["3556","Cafe Pojok Temu","Jl. Pasar Iii No.55","prelist","MEDAN PERJUANGAN","TEGAL REJO","LINGKUNGAN 14","","0822-8861-4748","I. Penyediaan Akomodasi dan Makan Minum","Gmaps"],
    ["3557","Panglima Cafe","Jl. Panglima No.3-21","prelist","MEDAN PERJUANGAN","SEI KERA HILIR I","LINGKUNGAN 1","","0895-6132-97568","I. Penyediaan Akomodasi dan Makan Minum","Gmaps"],
    ["3558","Brain.In Coffee","Jl. Rakyat No.116B","prelist","MEDAN PERJUANGAN","SIDORAME TIMUR","LINGKUNGAN 15","","","I. Penyediaan Akomodasi dan Makan Minum","Gmaps"],
    ["3559","Mie Bagan Agiok","Jl. Sehati No.2 Blok B","prelist","MEDAN PERJUANGAN","TEGAL REJO","LINGKUNGAN 7","","","I. Penyediaan Akomodasi dan Makan Minum","Gmaps"],
    ["3560","Rumah makan Nurjanah","Sidorame Bar. I, Kec. Medan Perjuangan, Kota Medan, Sumatera Utara 20236","prelist","MEDAN PERJUANGAN","SIDORAME BARAT I","LINGKUNGAN 11","","","I. Penyediaan Akomodasi dan Makan Minum","Gmaps"],
    ["3561","Warung Pojok Simpang Tiga","Jl. Gurilla No.93","prelist","MEDAN PERJUANGAN","SEI KERA HILIR I","LINGKUNGAN 5","","","I. Penyediaan Akomodasi dan Makan Minum","Gmaps"],
    ["3562","Warung Gorengan Bu'rom","Jl. Pasar Iii Gg.Cendrawasih","prelist","MEDAN PERJUANGAN","TEGAL REJO","LINGKUNGAN 10","","0853-7042-6920","I. Penyediaan Akomodasi dan Makan Minum","Gmaps"],
    ["3563","WARUNG TENDA NURI","Jl. Pasar Iii No.123","prelist","MEDAN PERJUANGAN","TEGAL REJO","LINGKUNGAN 11","","","I. Penyediaan Akomodasi dan Makan Minum","Gmaps"],
    ["3564","Warung Bu Atik","Jl. Pasar Iii","prelist","MEDAN PERJUANGAN","TEGAL REJO","LINGKUNGAN 11","","","I. Penyediaan Akomodasi dan Makan Minum","Gmaps"],
    ["3565","Warung Nazwa","Jl. Pimpinan","prelist","MEDAN PERJUANGAN","SEI KERA HILIR I","LINGKUNGAN 13","","0895-0260-9577","I. Penyediaan Akomodasi dan Makan Minum","Gmaps"],
    ["3566","Warung Kak FENTI","Jl. Perjuangan Gg Burung Sepatu No.8","prelist","MEDAN PERJUANGAN","SIDORAME TIMUR","LINGKUNGAN 8","","","I. Penyediaan Akomodasi dan Makan Minum","Gmaps"],
    ["3567","Lintong Coffee","Jl. Spear No. 61 F","prelist","MEDAN PERJUANGAN","SEI KERA HILIR I","LINGKUNGAN 11","","0852-7668-1400","I. Penyediaan Akomodasi dan Makan Minum","Gmaps"],
    ["3568","Nelz_Coffee","Jl. Perjuangan No.88","prelist","MEDAN PERJUANGAN","SEI KERA HILIR I","LINGKUNGAN 11","","0812-6454-0981","I. Penyediaan Akomodasi dan Makan Minum","Gmaps"],
    ["3569","BEANS KUPHI","Jl. Rakyat No.55","prelist","MEDAN PERJUANGAN","SIDORAME TIMUR","LINGKUNGAN 12","","","I. Penyediaan Akomodasi dan Makan Minum","Gmaps"],
    ["3570","Yokla.ngopi","Jl. M. Yakub No.9","prelist","MEDAN PERJUANGAN","SEI KERA HILIR I","LINGKUNGAN 3","","","I. Penyediaan Akomodasi dan Makan Minum","Gmaps"],
    ["3571","Bersama Kawan Kopi","Jl. Pelita I No.32","prelist","MEDAN PERJUANGAN","SIDORAME BARAT I","LINGKUNGAN 7","","","I. Penyediaan Akomodasi dan Makan Minum","Gmaps"],
    ["3572","RUMAH ARUAN'08","Jl. Rakyat No.8","prelist","MEDAN PERJUANGAN","SIDORAME TIMUR","LINGKUNGAN 3","","","I. Penyediaan Akomodasi dan Makan Minum","Gmaps"],
    ["3573","Kreasi Coffee","Jl. Pasar Iii","prelist","MEDAN PERJUANGAN","TEGAL REJO","LINGKUNGAN 11","","","I. Penyediaan Akomodasi dan Makan Minum","Gmaps"],
    ["3574","Kerang Rebus Abadi","Jl. Prof. H. M. Yamin No.316","prelist","MEDAN PERJUANGAN","SEI KERA HULU","LINGKUNGAN 1","","","I. Penyediaan Akomodasi dan Makan Minum","Gmaps"],
    ["3575","BAKSO DIAN","Jl. Gurilla","prelist","MEDAN PERJUANGAN","SEI KERA HILIR I","LINGKUNGAN 5","","0853-7333-3596","I. Penyediaan Akomodasi dan Makan Minum","Gmaps"],
    ["3576","pempek sentosa","Pahlawan, Kec. Medan Perjuangan, Kota Medan, Sumatera Utara 20222","prelist","MEDAN PERJUANGAN","PAHLAWAN","LINGKUNGAN 1","","","I. Penyediaan Akomodasi dan Makan Minum","Gmaps"],
    ["3577","BAKSO MAS TEJO","Jl. Prof. H. M. Yamin No.80","prelist","MEDAN PERJUANGAN","SEI KERA HILIR II","LINGKUNGAN 2","","","I. Penyediaan Akomodasi dan Makan Minum","Gmaps"],
    ["3578","WarBak (Warkop Gerobak)","Jl. Pimpinan No.70/74","prelist","MEDAN PERJUANGAN","SEI KERA HILIR I","LINGKUNGAN 5","","","I. Penyediaan Akomodasi dan Makan Minum","Gmaps"],
    ["3579","KULINER BAPETAI","Jl. Rakyat No.119","prelist","MEDAN PERJUANGAN","TEGAL REJO","LINGKUNGAN 13","","0813-6034-4837","I. Penyediaan Akomodasi dan Makan Minum","Gmaps"],
    ["3580","Rumah Makan Siti Hajar","Sidorame Bar. I, Kec. Medan Perjuangan, Kota Medan, Sumatera Utara 20233","prelist","MEDAN PERJUANGAN","SIDORAME BARAT I","LINGKUNGAN 12","","0813-7582-8910","I. Penyediaan Akomodasi dan Makan Minum","Gmaps"],
    ["3581","Salomo Rumah Makan","Jl. Pasar Iii No.154","prelist","MEDAN PERJUANGAN","TEGAL REJO","LINGKUNGAN 8","","(061) 6632160","I. Penyediaan Akomodasi dan Makan Minum","Gmaps"],
    ["3582","warung bu ani ayam penyet","Jl. Perjuangan","prelist","MEDAN PERJUANGAN","SEI KERA HILIR I","LINGKUNGAN 11","","0852-7548-8394","I. Penyediaan Akomodasi dan Makan Minum","Gmaps"],
    ["3583","Mie Sop Tiar","Tegal Rejo, Kec. Medan Perjuangan, Kota Medan, Sumatera Utara 20236","prelist","MEDAN PERJUANGAN","TEGAL REJO","LINGKUNGAN 3","","","I. Penyediaan Akomodasi dan Makan Minum","Gmaps"],
    ["3584","Rumah Makan Ayam Penyet Ridho","Sei Kera Hilir I, Kec. Medan Perjuangan, Kota Medan, Sumatera Utara 20222","prelist","MEDAN PERJUANGAN","SEI KERA HILIR I","LINGKUNGAN 11","","0822-6834-6303","I. Penyediaan Akomodasi dan Makan Minum","Gmaps"],
    ["3585","Warung Srikandi","Jl. Rakyat","prelist","MEDAN PERJUANGAN","SIDORAME TIMUR","LINGKUNGAN 15","","0853-7012-9087","I. Penyediaan Akomodasi dan Makan Minum","Gmaps"],
    ["3586","Warung Bunda Mania","Jl. Ibrahim Umar No.23","prelist","MEDAN PERJUANGAN","SEI KERA HILIR I","LINGKUNGAN 7","","0852-7028-6354","I. Penyediaan Akomodasi dan Makan Minum","Gmaps"],
    ["3587","Es Segar dan Kedai Bu Sari - Jl. Pimpinan, Medan","Sei Kera Hilir I, Kec. Medan Perjuangan, Kota Medan, Sumatera Utara 20222","prelist","MEDAN PERJUANGAN","SEI KERA HILIR I","LINGKUNGAN 4","","0852-7722-5950","I. Penyediaan Akomodasi dan Makan Minum","Gmaps"],
    ["3588","Pabrik ABC tegal","Gg. Abc","prelist","MEDAN PERJUANGAN","TEGAL REJO","LINGKUNGAN 2","","","C. Industri Pengolahan","Gmaps"],
    ["3589","Kober Industri Plastik","Jl. Sei Kera No.50","prelist","MEDAN PERJUANGAN","PANDAU HILIR","LINGKUNGAN 4","","","C. Industri Pengolahan","Gmaps"],
    ["3590","Duta Plastik Industri","Jl. Pelita Iii No.Km 12","prelist","MEDAN PERJUANGAN","SIDORAME BARAT I","LINGKUNGAN 2","","(061) 8452638","C. Industri Pengolahan","Gmaps"],
    ["3591","Pangkalan LPG Erianto","Jl. Rencong No.80B","prelist","MEDAN PERJUANGAN","PAHLAWAN","LINGKUNGAN 9","","","D. Pengadaan Listrik, Gas, Uap/Air Panas dan Udara Dingin","Gmaps"],
    ["3592","Pangkalan Gas LPG 3Kg Timbul","Jl. Mapilindo No.58","prelist","MEDAN PERJUANGAN","TEGAL REJO","LINGKUNGAN 5","","0821-2328-1217","D. Pengadaan Listrik, Gas, Uap/Air Panas dan Udara Dingin","Gmaps"],
    ["3593","Agen Elpiji","Jl. Sei Kera","prelist","MEDAN PERJUANGAN","SEI KERA HULU","LINGKUNGAN 2","","0823-3617-1946","D. Pengadaan Listrik, Gas, Uap/Air Panas dan Udara Dingin","Gmaps"],
    ["3594","Agen LPG 3KG SeanKidung","Jl. Lintas Sumatra","prelist","MEDAN PERJUANGAN","PANDAU HILIR","LINGKUNGAN 1","","0823-6751-1876","D. Pengadaan Listrik, Gas, Uap/Air Panas dan Udara Dingin","Gmaps"],
    ["3595","SUB AGEN PT. YUNITA PERTIWI","Jl. Rakyat No.159","prelist","MEDAN PERJUANGAN","TEGAL REJO","LINGKUNGAN 8","","(061) 6628646","D. Pengadaan Listrik, Gas, Uap/Air Panas dan Udara Dingin","Gmaps"],
    ["3596","Bright Gas","Jl. Karya Rakyat No.190B","prelist","MEDAN PERJUANGAN","TEGAL REJO","LINGKUNGAN 8","","0813-7561-3597","D. Pengadaan Listrik, Gas, Uap/Air Panas dan Udara Dingin","Gmaps"],
    ["3597","Pangkalan gas LPG bunty sariana","Jl. Rakyat Ujung No.190","prelist","MEDAN PERJUANGAN","TEGAL REJO","LINGKUNGAN 10","","0813-7561-3597","D. Pengadaan Listrik, Gas, Uap/Air Panas dan Udara Dingin","Gmaps"],
    ["3598","PERTAMINI DIGITAL","Jl. Ibrahim Umar","prelist","MEDAN PERJUANGAN","SEI KERA HILIR II","LINGKUNGAN 14","","","D. Pengadaan Listrik, Gas, Uap/Air Panas dan Udara Dingin","Gmaps"],
    ["3599","Pertamini Warkop","Jl. Pasar Iii No.174","prelist","MEDAN PERJUANGAN","TEGAL REJO","LINGKUNGAN 8","","","D. Pengadaan Listrik, Gas, Uap/Air Panas dan Udara Dingin","Gmaps"],
    ["3600","Pertamini Digital Jonathan","Jl. Rakyat No.139","prelist","MEDAN PERJUANGAN","TEGAL REJO","LINGKUNGAN 7","","","D. Pengadaan Listrik, Gas, Uap/Air Panas dan Udara Dingin","Gmaps"],
    ["3601","Noviandri","Jl. Bangau I","prelist","MEDAN PERJUANGAN","SIDORAME TIMUR","LINGKUNGAN 13","","","D. Pengadaan Listrik, Gas, Uap/Air Panas dan Udara Dingin","Gmaps"],
    ["3602","Pertamini","Jl. Pelita Ii No.110 94A","prelist","MEDAN PERJUANGAN","SIDORAME BARAT II","LINGKUNGAN 5","","","D. Pengadaan Listrik, Gas, Uap/Air Panas dan Udara Dingin","Gmaps"],
    ["3603","Eni","Jl. Pimpinan No.61","prelist","MEDAN PERJUANGAN","SEI KERA HILIR I","LINGKUNGAN 10","","","D. Pengadaan Listrik, Gas, Uap/Air Panas dan Udara Dingin","Gmaps"],
    ["3604","Sekolah Menengah Kejuruan Swasta Josua","Jl. G.B. Joshua No.30","prelist","MEDAN PERJUANGAN","PANDAU HILIR","LINGKUNGAN 4","","(061) 4516401","P. Pendidikan","Gmaps"],
    ["3605","Pondok cholish","Jl. Perjuangan Gg. Wisma No.20","prelist","MEDAN PERJUANGAN","SEI KERA HILIR I","LINGKUNGAN 10","","0821-6486-7750","P. Pendidikan","Gmaps"],
    ["3606","SMA YAPSI MEDAN","Jl. Sehati No.150","prelist","MEDAN PERJUANGAN","TEGAL REJO","LINGKUNGAN 4","","","P. Pendidikan","Gmaps"],
    ["3607","Komplek Krakatau Indah","Jl. Pendidikan","prelist","MEDAN PERJUANGAN","TEGAL REJO","LINGKUNGAN 7","","","P. Pendidikan","Gmaps"],
    ["3608","Sekolah Menengah Kejuruan (SMK) Swasta Siloam 1","Lrg. Sehati No.150, Sidorame Bar. II, Kec. Medan Perjuangan, Kota Medan, Sumatera Utara 20237","prelist","MEDAN PERJUANGAN","SIDORAME BARAT II","LINGKUNGAN 2","","(061) 6614640","P. Pendidikan","Gmaps"],
    ["3609","Sekolah Menengah Kejuruan Swasta Siloam 2","Jl. Rakyat No.145","prelist","MEDAN PERJUANGAN","TEGAL REJO","LINGKUNGAN 7","","(061) 6611991","P. Pendidikan","Gmaps"],
    ["3610","Yayasan tarbiayah islamiyah","Jl. Pendidikan","prelist","MEDAN PERJUANGAN","TEGAL REJO","LINGKUNGAN 9","","0852-1554-7913","P. Pendidikan","Gmaps"],
    ["3611","Ayam Penyet Lamongan Indah Mas Johan","Jl. Prof. H. M. Yamin No.129","prelist","MEDAN PERJUANGAN","SEI KERA HILIR II","LINGKUNGAN 15","","","I. Penyediaan Akomodasi dan Makan Minum","Gmaps"],
    ["3612","Pempek BEGE","Jl. Gurilla No.45","prelist","MEDAN PERJUANGAN","SEI KERA HILIR II","LINGKUNGAN 14","","","I. Penyediaan Akomodasi dan Makan Minum","Gmaps"],
    ["3613","KULINER BUNIDA","Jl. Pimpinan No.135","prelist","MEDAN PERJUANGAN","SEI KERA HILIR I","LINGKUNGAN 13","","","I. Penyediaan Akomodasi dan Makan Minum","Gmaps"],
    ["3614","Sate Padang Alfresco","Jl. Prof. H. M. Yamin No.117","prelist","MEDAN PERJUANGAN","SEI KERA HILIR II","LINGKUNGAN 3","","","I. Penyediaan Akomodasi dan Makan Minum","Gmaps"],
    ["3615","Sekolah Dasar Swasta Ichwanusshafa","Jl. Kerambik No.2","prelist","MEDAN PERJUANGAN","PAHLAWAN","LINGKUNGAN 6","","","P. Pendidikan","Gmaps"],
    ["3616","Sekolah Menengah Atas Swasta Huria Kristen Batak Protestan Sidorame","Jl. Dorowati No.40","prelist","MEDAN PERJUANGAN","SIDORAME BARAT II","LINGKUNGAN 1","","","P. Pendidikan","Gmaps"],
    ["3617","Playgroup Swasta Husni Thamrin Medan","Jl. Galang No.1","prelist","MEDAN PERJUANGAN","PANDAU HILIR","LINGKUNGAN 8","","","P. Pendidikan","Gmaps"],
    ["3618","SD Muhammadiyah 9 Medan","Jl. Permai No.2A","prelist","MEDAN PERJUANGAN","SIDORAME TIMUR","LINGKUNGAN 12","","","P. Pendidikan","Gmaps"],
    ["3619","Sekolah Menengah Pertama Swasta Taman Harapan","Kecamatan Jl. Ibrahim Umar No.11, RW.02, Sei Kera Hilir II, Kec. Medan Perjuangan, Kota Medan, Sumatera Utara 20233","prelist","MEDAN PERJUANGAN","SEI KERA HILIR II","LINGKUNGAN 6","","","P. Pendidikan","Gmaps"],
    ["3620","Sekolah Dasar Negeri 060856","Jl. Gereja No.30","prelist","MEDAN PERJUANGAN","SIDORAME TIMUR","LINGKUNGAN 1","","0812-6594-241","P. Pendidikan","Gmaps"],
    ["3621","Raudhatul Athfal (RA) Al-Ikhlas","Jl. Perjuangan No.3A","prelist","MEDAN PERJUANGAN","SIDORAME TIMUR","LINGKUNGAN 10","","0813-7021-7182","P. Pendidikan","Gmaps"],
    ["3622","Taman Kanak-Kanak Rolina","Jl. Pelita Iv No.79","prelist","MEDAN PERJUANGAN","SIDORAME BARAT II","LINGKUNGAN 9","","0813-9654-8837","P. Pendidikan","Gmaps"],
    ["3623","Taman Kanak-Kanak National Plus Generasi Bintang","Jl. Permai No.30 - 32","prelist","MEDAN PERJUANGAN","SIDORAME TIMUR","LINGKUNGAN 13","","0823-6332-4332","P. Pendidikan","Gmaps"],
    ["3624","Sekolah Dasar Rk Setia Budi (Budi Murni-6 )","Jl. Pelita Vi Jl. Pelita 5","prelist","MEDAN PERJUANGAN","SIDORAME BARAT II","LINGKUNGAN 9","","0813-6266-5265","P. Pendidikan","Gmaps"],
    ["3625","Sekolah Menengah Pertama Madya Utama","Jl. Madio Utomo No.25","prelist","MEDAN PERJUANGAN","SIDORAME TIMUR","LINGKUNGAN 15","","","P. Pendidikan","Gmaps"],
    ["3626","SMA SWASTA KHATULISTIWA","Jl. Mapilindo No.38","prelist","MEDAN PERJUANGAN","TEGAL REJO","LINGKUNGAN 5","","0877-1131-4183","P. Pendidikan","Gmaps"],
    ["3627","SMP 14 medan","Jl. Pelita I C No.109","prelist","MEDAN PERJUANGAN","SIDORAME TIMUR","LINGKUNGAN 11","","","P. Pendidikan","Gmaps"],
    ["3628","MENTARI SCHOOL","Jl. Gurilla No.57","prelist","MEDAN PERJUANGAN","SEI KERA HILIR I","LINGKUNGAN 5","","0823-6020-3009","P. Pendidikan","Gmaps"],
    ["3629","Sekolah Dasar Negeri No. 064966","Jl. Sehati No.142","prelist","MEDAN PERJUANGAN","TEGAL REJO","LINGKUNGAN 4","","(061) 55312561","P. Pendidikan","Gmaps"],
    ["3630","Aristoteles School","Jl. Sibolga","prelist","MEDAN PERJUANGAN","PANDAU HILIR","LINGKUNGAN 5","","0811-4557-362","P. Pendidikan","Gmaps"],
    ["3631","Perguruan Muhammadiyah","Jl. Pelita Ii","prelist","MEDAN PERJUANGAN","SIDORAME BARAT I","LINGKUNGAN 3","","(061) 6621557","P. Pendidikan","Gmaps"],
    ["3632","DIFIS MEDAN","Jl. Pahlawan No.27","prelist","MEDAN PERJUANGAN","PAHLAWAN","LINGKUNGAN 2","","0813-6011-7075","P. Pendidikan","Gmaps"],
    ["3633","RA/BA/TA Miftahul Jannah","Jl. Pimpinan No.27","prelist","MEDAN PERJUANGAN","SEI KERA HILIR I","LINGKUNGAN 6","","(061) 7871837","P. Pendidikan","Gmaps"],
    ["3634","Harford Institute","Jl. Pelita Ii No.116A","prelist","MEDAN PERJUANGAN","SIDORAME BARAT II","LINGKUNGAN 3","","","P. Pendidikan","Gmaps"],
    ["3635","Sekolah Dasar Negeri 060877","Jl. Ibrahim Umar No.1","prelist","MEDAN PERJUANGAN","SEI KERA HILIR I","LINGKUNGAN 7","","","P. Pendidikan","Gmaps"],
    ["3636","SMP ISLAM TERPADU AL WASHLIYAH 20 MEDAN","Jl. Mabar No.2","prelist","MEDAN PERJUANGAN","SEI KERA HILIR II","LINGKUNGAN 1","","","P. Pendidikan","Gmaps"],
    ["3637","Mentari Bangsa, Jl. Negara Medan","Jl. Negara","prelist","MEDAN PERJUANGAN","PAHLAWAN","LINGKUNGAN 11","","","P. Pendidikan","Gmaps"],
    ["3638","Sekolah Dasar Negeri 060855","Jl. Gereja No.50","prelist","MEDAN PERJUANGAN","SIDORAME TIMUR","LINGKUNGAN 2","","0812-6356-2442","P. Pendidikan","Gmaps"],
    ["3639","Sekolah Menengah Kejuruan Siloam-I","Jl. Sehati No.150","prelist","MEDAN PERJUANGAN","TEGAL REJO","LINGKUNGAN 4","","(061) 6614640","P. Pendidikan","Gmaps"],
    ["3640","Playgroup Generasi Bintang","Jl. Permai No.30 - 32","prelist","MEDAN PERJUANGAN","SIDORAME TIMUR","LINGKUNGAN 13","","0852-7561-6119","P. Pendidikan","Gmaps"],
    ["3641","Sekolah Menengah Pertama I Bilah Hulu","Jl. Pendidikan No.69","prelist","MEDAN PERJUANGAN","TEGAL REJO","LINGKUNGAN 9","","(0624) 290174","P. Pendidikan","Gmaps"],
    ["3642","MAGERUN CENTER MEDAN","b Jl. Pimpinan No.184, Sei Kera Hilir I, Kec. Medan Perjuangan, Kota Medan, Sumatera Utara 20222","prelist","MEDAN PERJUANGAN","SEI KERA HILIR I","LINGKUNGAN 4","","","P. Pendidikan","Gmaps"],
    ["3643","SMP Negeri 12 MEDAN","Jl. Pertemuan No.15","prelist","MEDAN PERJUANGAN","SIDORAME TIMUR","LINGKUNGAN 5","","","P. Pendidikan","Gmaps"],
    ["3644","Sendi Private Learning Centre","Jl. Sei Kera","prelist","MEDAN PERJUANGAN","PANDAU HILIR","LINGKUNGAN 2","","","P. Pendidikan","Gmaps"],
    ["3645","Raudhatul Athfal/Taman Kanak-Kanak Al-Qur'an Ubudiyah","Jl. Pelita Ii No.49","prelist","MEDAN PERJUANGAN","SIDORAME TIMUR","LINGKUNGAN 13","","0813-6171-7680","P. Pendidikan","Gmaps"],
    ["3646","Fika wahyuni","Jl. Bintang","prelist","MEDAN PERJUANGAN","PANDAU HILIR","LINGKUNGAN 1","","","P. Pendidikan","Gmaps"],
    ["3647","Lembaga Pendidikan Islam Umaira Medan","Gang Paeran Jl. Gurilla No.11","prelist","MEDAN PERJUANGAN","SEI KERA HILIR I","LINGKUNGAN 4","","(061) 4511252","P. Pendidikan","Gmaps"],
    ["3648","gg.kelambir","Gg. Kelambir","prelist","MEDAN PERJUANGAN","SEI KERA HULU","LINGKUNGAN 1","","","P. Pendidikan","Gmaps"],
    ["3649","SD Sutomo 1 Thamrin","Jl. M.H Thamrin No.121","prelist","MEDAN PERJUANGAN","PANDAU HILIR","LINGKUNGAN 3","","","P. Pendidikan","Gmaps"],
    ["3650","s","Gg. H.M. Said","prelist","MEDAN PERJUANGAN","SEI KERA HULU","LINGKUNGAN 4","","","P. Pendidikan","Gmaps"],
    ["3651","Dikdasmen Muhammadiyah Cabang Medan Perjuangan","Jl. Pelita Ii No.3-5","prelist","MEDAN PERJUANGAN","SIDORAME BARAT I","LINGKUNGAN 3","","","P. Pendidikan","Gmaps"],
    ["3652","Sekolah Menengah Pertama Muhammadiyah 2","Jl. Pahlawan No.67","prelist","MEDAN PERJUANGAN","PAHLAWAN","LINGKUNGAN 12","","","P. Pendidikan","Gmaps"],
    ["3653","Sekolah Dasar Negeri 060874","Jl. Ibrahim Umar No.1","prelist","MEDAN PERJUANGAN","SEI KERA HILIR I","LINGKUNGAN 7","","","P. Pendidikan","Gmaps"],
    ["3654","SMP N 77 TANA TIDUNG","Jl. Pendidikan No.Rt. 001","prelist","MEDAN PERJUANGAN","TEGAL REJO","LINGKUNGAN 9","","","P. Pendidikan","Gmaps"],
    ["3655","Ma Nurul hasanah","Jl. Pendidikan","prelist","MEDAN PERJUANGAN","TEGAL REJO","LINGKUNGAN 9","","","P. Pendidikan","Gmaps"],
    ["3656","Rumah Tahfidz Ya Bunayya","Jl. Dorowati No.14","prelist","MEDAN PERJUANGAN","SIDORAME BARAT II","LINGKUNGAN 1","","","P. Pendidikan","Gmaps"],
    ["3657","Sekolah Dasar Negeri 060851","Jl. Madong Lubis No.1","prelist","MEDAN PERJUANGAN","SEI KERA HILIR II","LINGKUNGAN 1","","","P. Pendidikan","Gmaps"],
    ["3658","Sekretariat Junior Futsal Academy Medan","Gg. Muslim","prelist","MEDAN PERJUANGAN","SIDORAME BARAT II","LINGKUNGAN 8","","0821-6122-0010","P. Pendidikan","Gmaps"],
    ["3659","One compilation RIBAKSUDE!","Jl. Hos Cokroaminoto","prelist","MEDAN PERJUANGAN","PANDAU HILIR","LINGKUNGAN 9","","","P. Pendidikan","Gmaps"],
    ["3660","Pusat belajar Prakerja 04","Jl. Prof. H. M. Yamin No.526","prelist","MEDAN PERJUANGAN","PAHLAWAN","LINGKUNGAN 1","","","P. Pendidikan","Gmaps"],
    ["3661","Yayasan Al-Kahfi Daerah Medan Perjuangan Kota Medan","Jl. Pelita Iii No.51","prelist","MEDAN PERJUANGAN","SIDORAME BARAT II","LINGKUNGAN 7","","0812-6314-7500","P. Pendidikan","Gmaps"],
    ["3662","Smp Tut Wuri Handayani","Gg. Pelajar No.25","prelist","MEDAN PERJUANGAN","SIDORAME BARAT I","LINGKUNGAN 4","","","P. Pendidikan","Gmaps"],
    ["3663","SMP bnkp","Jl. Pendidikan No.17","prelist","MEDAN PERJUANGAN","TEGAL REJO","LINGKUNGAN 9","","","P. Pendidikan","Gmaps"],
    ["3664","jalan sempali","Gg. Kelambir","prelist","MEDAN PERJUANGAN","SEI KERA HULU","LINGKUNGAN 1","","","P. Pendidikan","Gmaps"],
    ["3665","Ra Al Amin","Jalan Haji Muhammad Yamin No.482","prelist","MEDAN PERJUANGAN","SEI KERA HULU","LINGKUNGAN 9","","0812-9771-150","P. Pendidikan","Gmaps"],
    ["3666","Sekolah Dasar Swasta Sentosa","Gg. Penghulu Jl. Prof. H. M. Yamin No.450","prelist","MEDAN PERJUANGAN","SEI KERA HULU","LINGKUNGAN 6","","(061) 4154491","P. Pendidikan","Gmaps"],
    ["3667","SD Swasta Muhammadiyah 27 Medan","Gg. Wisma","prelist","MEDAN PERJUANGAN","SEI KERA HILIR I","LINGKUNGAN 10","","","P. Pendidikan","Gmaps"],
    ["3668","Mawaridussalam","Jl. Pimpinan No.11/02/19","prelist","MEDAN PERJUANGAN","SEI KERA HILIR I","LINGKUNGAN 10","","","P. Pendidikan","Gmaps"],
    ["3669","Kursus Keterampilan Menjahit Mitra Karya","Jl. Pasar Iii No.84","prelist","MEDAN PERJUANGAN","TEGAL REJO","LINGKUNGAN 9","","","P. Pendidikan","Gmaps"],
    ["3670","STANDARD ENGLISH COURSE","Jl. Ibrahim Umar No.26 B","prelist","MEDAN PERJUANGAN","SEI KERA HILIR I","LINGKUNGAN 8","","0821-6091-4940","P. Pendidikan","Gmaps"],
    ["3671","Lembaga Pelatihan Kerja Thalia","Jl. Pelita Ii Gg. Pos Ii Jl. Pelita Ii No.20","prelist","MEDAN PERJUANGAN","SIDORAME BARAT II","LINGKUNGAN 6","","0823-6505-0498","P. Pendidikan","Gmaps"],
    ["3672","JokiSprint","Jl. Perjuangan","prelist","MEDAN PERJUANGAN","SEI KERA HILIR I","LINGKUNGAN 10","","0821-7628-5529","P. Pendidikan","Gmaps"],
    ["3673","IEC (International Education Centre)","Jl. Malaka No.29/59","prelist","MEDAN PERJUANGAN","PANDAU HILIR","LINGKUNGAN 5","","(061) 4517895","P. Pendidikan","Gmaps"],
    ["3674","LPK MEIKO /Meiko Japanese Training Centre","Lorong Rejo No.18, Sidorame Bar. I, Kec. Medan Perjuangan, Kota Medan, Sumatera Utara 20233","prelist","MEDAN PERJUANGAN","SIDORAME BARAT I","LINGKUNGAN 9","","0821-6189-2155","P. Pendidikan","Gmaps"],
    ["3675","fis unimed","Gg. Delima","prelist","MEDAN PERJUANGAN","SEI KERA HILIR I","LINGKUNGAN 5","","","P. Pendidikan","Gmaps"],
    ["3676","TPQ/TPA Aisyiyah","Jl. Rakyat No.68","prelist","MEDAN PERJUANGAN","SIDORAME TIMUR","LINGKUNGAN 11","","0812-6300-904","P. Pendidikan","Gmaps"],
    ["3677","CEF (Cindy's Education Foundation)","Jl. Parapat No.43","prelist","MEDAN PERJUANGAN","PANDAU HILIR","LINGKUNGAN 6","","0812-6008-038","P. Pendidikan","Gmaps"],
    ["3678","Ruang Belajar Mengaji Umma Myefha","Gg. Kelambir No.77","prelist","MEDAN PERJUANGAN","SEI KERA HULU","LINGKUNGAN 2","","0851-9191-0093","P. Pendidikan","Gmaps"],
    ["3679","Leni","Jl. Dorowati No.13-31","prelist","MEDAN PERJUANGAN","SIDORAME BARAT I","LINGKUNGAN 9","","","P. Pendidikan","Gmaps"],
    ["3680","Les Drum","Jl. Mapilindo No.85","prelist","MEDAN PERJUANGAN","TEGAL REJO","LINGKUNGAN 2","","","P. Pendidikan","Gmaps"],
    ["3681","Galesi Hotel Academy","No.53","prelist","MEDAN PERJUANGAN","TEGAL REJO","LINGKUNGAN 6","","0852-7070-2070","P. Pendidikan","Gmaps"],
    ["3682","Sekolah Dasar Negeri 060853","Jl. Madong Lubis No.1","prelist","MEDAN PERJUANGAN","SEI KERA HILIR II","LINGKUNGAN 1","","","P. Pendidikan","Gmaps"],
    ["3683","Pesantren Bina Dakwah 4 Tarbiatul Quran","Jl. Pendidikan","prelist","MEDAN PERJUANGAN","TEGAL REJO","LINGKUNGAN 9","","","P. Pendidikan","Gmaps"],
    ["3684","Pertamini Opung kumis","Jl. Permai No.15","prelist","MEDAN PERJUANGAN","SIDORAME TIMUR","LINGKUNGAN 14","","","D. Pengadaan Listrik, Gas, Uap/Air Panas dan Udara Dingin","Gmaps"],
    ["3685","Pertamini - Madio Utomo","Tegal Rejo, Kec. Medan Perjuangan, Kota Medan, Sumatera Utara 20236","prelist","MEDAN PERJUANGAN","TEGAL REJO","LINGKUNGAN 3","","","D. Pengadaan Listrik, Gas, Uap/Air Panas dan Udara Dingin","Gmaps"],
    ["3686","SPBU Coco 11.201.107","Jl. Prof. H. M. Yamin No.56","prelist","MEDAN PERJUANGAN","SEI KERA HILIR II","LINGKUNGAN 6","","","D. Pengadaan Listrik, Gas, Uap/Air Panas dan Udara Dingin","Gmaps"],
    ["3687","Jual pakan kucing&anjing","Jl. Pasar Iii Jl. Gunung Krakatau","prelist","MEDAN PERJUANGAN","TEGAL REJO","LINGKUNGAN 14","","0822-8733-85225","A. Pertanian, Kehutanan dan Perikanan","Gmaps"],
    ["3688","Venice Petshop","Jl. Prof. H. M. Yamin No.147C","prelist","MEDAN PERJUANGAN","SEI KERA HILIR II","LINGKUNGAN 15","","","A. Pertanian, Kehutanan dan Perikanan","Gmaps"],
    ["3689","Dokter Hewan dan Petshop Agatha Vet","Jl. Prof. H. M. Yamin No.350A","prelist","MEDAN PERJUANGAN","SEI KERA HULU","LINGKUNGAN 8","","0821-6166-6495","A. Pertanian, Kehutanan dan Perikanan","Gmaps"],
    ["3690","JUANG PET CLINIC","Jl. Prof. H. M. Yamin No.572","prelist","MEDAN PERJUANGAN","PAHLAWAN","LINGKUNGAN 1","","0822-7650-0146","A. Pertanian, Kehutanan dan Perikanan","Gmaps"],
    ["3691","Butuh sayur","Gg. Pribadi No.42","prelist","MEDAN PERJUANGAN","SEI KERA HULU","LINGKUNGAN 9","","","G. Perdagangan Besar dan Eceran, Reparasi Mobil dan Sepeda Motor","Gmaps"],
    ["3692","Nest' Parfume","Jl. Rakyat No.94C","prelist","MEDAN PERJUANGAN","TEGAL REJO","LINGKUNGAN 3","","(061) 6643744","G. Perdagangan Besar dan Eceran, Reparasi Mobil dan Sepeda Motor","Gmaps"],
    ["3693","Distributor Supplier Toko Kios","Gg. Antara No.83","prelist","MEDAN PERJUANGAN","SEI KERA HULU","LINGKUNGAN 19","","0813-7018-9675","G. Perdagangan Besar dan Eceran, Reparasi Mobil dan Sepeda Motor","Gmaps"],
    ["3694","ADZNAR FROZEN FOODS","Jl. Pasar Iii No.118","prelist","MEDAN PERJUANGAN","TEGAL REJO","LINGKUNGAN 9","","0822-7634-3252","G. Perdagangan Besar dan Eceran, Reparasi Mobil dan Sepeda Motor","Gmaps"],
    ["3695","UD.tani subur","Jl. Pukat Banting Iii","prelist","MEDAN PERJUANGAN","PANDAU HILIR","LINGKUNGAN 2","","0851-0234-5566","G. Perdagangan Besar dan Eceran, Reparasi Mobil dan Sepeda Motor","Gmaps"],
    ["3696","Aqua Shrimp Medan","Jl. Setia Jadi Komplek Krakatau Garden No.A20","prelist","MEDAN PERJUANGAN","TEGAL REJO","LINGKUNGAN 15","","","A. Pertanian, Kehutanan dan Perikanan","Gmaps"],
    ["3697","Rumah koi medan","Jl. Bambu Runcing","prelist","MEDAN PERJUANGAN","PAHLAWAN","LINGKUNGAN 9","","0857-1032-8033","A. Pertanian, Kehutanan dan Perikanan","Gmaps"],
    ["3698","Rumah chana segala jenis","Gg. Mangga No.10","prelist","MEDAN PERJUANGAN","TEGAL REJO","LINGKUNGAN 5","","","A. Pertanian, Kehutanan dan Perikanan","Gmaps"],
    ["3699","PRIMA Private","Jl. Pelita Iv No.26","prelist","MEDAN PERJUANGAN","SIDORAME BARAT I","LINGKUNGAN 1","","0813-9778-0866","P. Pendidikan","Gmaps"],
    ["3700","Jade Music Academy","Jl. M.H Thamrin No.11","prelist","MEDAN PERJUANGAN","PANDAU HILIR","LINGKUNGAN 4","","(061) 7348416","P. Pendidikan","Gmaps"],
    ["3701","Kursus Bahasa Mandarin Tuňgu?ng","Jl. Veteran Dalam No. 31F/145 Kel","prelist","MEDAN PERJUANGAN","PANDAU HILIR","LINGKUNGAN 1","","0877-6881-5858","P. Pendidikan","Gmaps"],
    ["3702","Menerima tempahan busana dan menerima kursus","Jl. Pelita Iv No.135","prelist","MEDAN PERJUANGAN","SIDORAME BARAT II","LINGKUNGAN 8","","0812-6383-4286","P. Pendidikan","Gmaps"],
    ["3703","Kumon Thamrin","Jl. M.H Thamrin No.143","prelist","MEDAN PERJUANGAN","PANDAU HILIR","LINGKUNGAN 3","","0851-8688-8300","P. Pendidikan","Gmaps"],
    ["3704","Komplek Pasar III Town House","Jl. Pasar Iii","prelist","MEDAN PERJUANGAN","TEGAL REJO","LINGKUNGAN 10","","","P. Pendidikan","Gmaps"],
    ["3705","LKP Gracia","Jl. Sei Kera Gg. H.M. Said No.19","prelist","MEDAN PERJUANGAN","SEI KERA HULU","LINGKUNGAN 4","","0822-7373-0060","P. Pendidikan","Gmaps"],
    ["3706","Kursus Sempoa","Sidorame Bar. I, Kec. Medan Perjuangan, Kota Medan, Sumatera Utara 20233","prelist","MEDAN PERJUANGAN","SIDORAME BARAT I","LINGKUNGAN 10","","","P. Pendidikan","Gmaps"],
    ["3707","Dolling School Of Fashion Design","Jl. Parapat No.42","prelist","MEDAN PERJUANGAN","PANDAU HILIR","LINGKUNGAN 6","","(061) 4520731","P. Pendidikan","Gmaps"],
    ["3708","Tempat pendaftaran belajar mengemudi mobil Ruby Baru","Jl. Prof. H. M. Yamin No.55","prelist","MEDAN PERJUANGAN","SEI KERA HILIR II","LINGKUNGAN 2","","0852-9628-7744","P. Pendidikan","Gmaps"],
    ["3709","Ananda Learning Center","Jl. Prof. H. M. Yamin","prelist","MEDAN PERJUANGAN","SEI KERA HULU","LINGKUNGAN 5","","(061) 77012448","P. Pendidikan","Gmaps"],
    ["3710","Petra Salon (Menerima kursus salon)","Jl. Rakyat No.73","prelist","MEDAN PERJUANGAN","SIDORAME TIMUR","LINGKUNGAN 12","","0812-6333-8286","P. Pendidikan","Gmaps"],
    ["3711","STTSI SUMUT","Jl. Pasar Iii No.103","prelist","MEDAN PERJUANGAN","TEGAL REJO","LINGKUNGAN 11","","0823-6868-1335","P. Pendidikan","Gmaps"],
    ["3712","artikel mengenai komputer","Jl. Perjuangan No.8","prelist","MEDAN PERJUANGAN","SIDORAME TIMUR","LINGKUNGAN 7","","0813-7676-9651","P. Pendidikan","Gmaps"],
    ["3713","Kursus Komputer Medicom","Jl. Prof. H. M. Yamin No.508 - 510","prelist","MEDAN PERJUANGAN","PAHLAWAN","LINGKUNGAN 1","","(061) 4557494","P. Pendidikan","Gmaps"],
    ["3714","Jasa Sederhana","Tegal Rejo, Kec. Medan Perjuangan, Kota Medan, Sumatera Utara 20236","prelist","MEDAN PERJUANGAN","TEGAL REJO","LINGKUNGAN 15","","0812-8868-234","O. Administrasi Pemerintahan, Pertahanan, dan Jaminan Sosial Wajib","Gmaps"],
    ["3715","Press Room Swara Swadek","Jl. Karantina No.Kelurahan","prelist","MEDAN PERJUANGAN","SIDORAME BARAT I","LINGKUNGAN 11","","0822-7475-8418","O. Administrasi Pemerintahan, Pertahanan, dan Jaminan Sosial Wajib","Gmaps"],
    ["3716","Suara Anak Kolong","Jl Karantina Ujung Asmil TNI AD Glugur Hong Blok C10 Kelurahan, Glugur Darat I, Kec. Medan Perjuangan, Kota Medan, Sumatera Utara 20265","prelist","MEDAN PERJUANGAN","SIDORAME BARAT I","LINGKUNGAN 11","","0853-7276-6289","O. Administrasi Pemerintahan, Pertahanan, dan Jaminan Sosial Wajib","Gmaps"],
    ["3717","Puskopau TNI AU Medan","Jl. Gurilla","prelist","MEDAN PERJUANGAN","SEI KERA HILIR II","LINGKUNGAN 12","","","O. Administrasi Pemerintahan, Pertahanan, dan Jaminan Sosial Wajib","Gmaps"],
    ["3718","Balai Penyuluhan KB Kecamatan Medan Perjuangan","Jl. Pendidikan No.89","prelist","MEDAN PERJUANGAN","TEGAL REJO","LINGKUNGAN 9","","","O. Administrasi Pemerintahan, Pertahanan, dan Jaminan Sosial Wajib","Gmaps"],
    ["3719","Pythagoras Jambi","Jl. Jambi No.9Dd","prelist","MEDAN PERJUANGAN","PANDAU HILIR","LINGKUNGAN 3","","0812-8800-6089","P. Pendidikan","Gmaps"],
    ["3720","best education center","Jl. Hos Cokroaminoto No.47","prelist","MEDAN PERJUANGAN","PANDAU HILIR","LINGKUNGAN 3","","0821-6211-0688","P. Pendidikan","Gmaps"],
    ["3721","Bimbel Mesjid Taufiq BAS","Jl. Mesjid Taufik No.: 91","prelist","MEDAN PERJUANGAN","TEGAL REJO","LINGKUNGAN 7","","0895-3423-71906","P. Pendidikan","Gmaps"],
    ["3722","PROSUS INTEN YAMIN","Jl. Prof. H. M. Yamin No.239","prelist","MEDAN PERJUANGAN","SEI KERA HILIR I","LINGKUNGAN 1","","","P. Pendidikan","Gmaps"],
    ["3723","Bimbel tempat Belajar","Jl. Gagak Hitam Ringroad Pusat Bisnis Ringroad No B3 Pasar 2","prelist","MEDAN PERJUANGAN","TEGAL REJO","LINGKUNGAN 5","","","P. Pendidikan","Gmaps"],
    ["3724","Nice Bimbel","Jl. Hos Cokroaminoto No.68A","prelist","MEDAN PERJUANGAN","SEI KERA HULU","LINGKUNGAN 15","","0821-6556-9449","P. Pendidikan","Gmaps"],
    ["3725","Colorful lash studio","Jl. Rakyat No.93I","prelist","MEDAN PERJUANGAN","TEGAL REJO","LINGKUNGAN 2","","0812-2167-5108","P. Pendidikan","Gmaps"],
    ["3726","Sekolah Tinggi Teologi Siloam","Jl. Rakyat No.145","prelist","MEDAN PERJUANGAN","TEGAL REJO","LINGKUNGAN 7","","(061) 6611991","P. Pendidikan","Gmaps"],
    ["3727","Saodah Club","Jl. Rakyat No.25 Pasar 1","prelist","MEDAN PERJUANGAN","SIDORAME TIMUR","LINGKUNGAN 7","","0852-7505-1880","P. Pendidikan","Gmaps"],
    ["3728","HARFORD COKROAMINOTO","Jl. Hos Cokroaminoto Blok A7","prelist","MEDAN PERJUANGAN","SEI KERA HULU","LINGKUNGAN 13","","0821-6187-5797","P. Pendidikan","Gmaps"],
    ["3729","Klinik Intan Hong","Sidorame Bar. I, Kec. Medan Perjuangan, Kota Medan, Sumatera Utara 20236","prelist","MEDAN PERJUANGAN","SIDORAME BARAT I","LINGKUNGAN 11","","","Q. Jasa Kesehatan dan Kegiatan Sosial","Gmaps"],
    ["3730","w","Jl. Keris No.43","prelist","MEDAN PERJUANGAN","PAHLAWAN","LINGKUNGAN 8","","","Q. Jasa Kesehatan dan Kegiatan Sosial","Gmaps"],
    ["3731","Klinik Bertuah","Jl. Sei Kera No.142-A","prelist","MEDAN PERJUANGAN","PANDAU HILIR","LINGKUNGAN 8","","(061) 4554152","Q. Jasa Kesehatan dan Kegiatan Sosial","Gmaps"],
    ["3732","Sinar Sehat Hospital","Gg. Bidan","prelist","MEDAN PERJUANGAN","SEI KERA HILIR II","LINGKUNGAN 15","","","Q. Jasa Kesehatan dan Kegiatan Sosial","Gmaps"],
    ["3733","Lab Pirngadi","Jl. Madong Lubis No.1","prelist","MEDAN PERJUANGAN","SEI KERA HILIR II","LINGKUNGAN 1","","","Q. Jasa Kesehatan dan Kegiatan Sosial","Gmaps"],
    ["3734","Rs.pelangi","Sidorame Tim., Kec. Medan Perjuangan, Kota Medan, Sumatera Utara 20233","prelist","MEDAN PERJUANGAN","SIDORAME TIMUR","LINGKUNGAN 12","","","Q. Jasa Kesehatan dan Kegiatan Sosial","Gmaps"],
    ["3735","Klinik An-Nahl","Jl. Pasar Iii No.78","prelist","MEDAN PERJUANGAN","TEGAL REJO","LINGKUNGAN 9","","(061) 42066609","Q. Jasa Kesehatan dan Kegiatan Sosial","Gmaps"],
    ["3736","klinik masyarakat indo","Tegal Rejo, Kec. Medan Perjuangan, Kota Medan, Sumatera Utara 20222","prelist","MEDAN PERJUANGAN","TEGAL REJO","LINGKUNGAN 10","","","Q. Jasa Kesehatan dan Kegiatan Sosial","Gmaps"],
    ["3737","Ridho","Jl. Mesjid Taufik Gg. Sempurna No.2B","prelist","MEDAN PERJUANGAN","TEGAL REJO","LINGKUNGAN 6","","(061) 77063190","Q. Jasa Kesehatan dan Kegiatan Sosial","Gmaps"],
    ["3738","Praktek Dr Zulkifli Sp Tht","Jl. Prof. H. M. Yamin No.185B","prelist","MEDAN PERJUANGAN","SEI KERA HILIR II","LINGKUNGAN 8","","0821-6020-2924","Q. Jasa Kesehatan dan Kegiatan Sosial","Gmaps"],
    ["3739","Klinik Rizki","Gg. Perkauman Jl. Perjuangan No.8","prelist","MEDAN PERJUANGAN","SEI KERA HILIR I","LINGKUNGAN 11","","(061) 4566340","Q. Jasa Kesehatan dan Kegiatan Sosial","Gmaps"],
    ["3740","rumah sakit terdekat","Jl. Bambu Runcing No.64","prelist","MEDAN PERJUANGAN","PAHLAWAN","LINGKUNGAN 12","","","Q. Jasa Kesehatan dan Kegiatan Sosial","Gmaps"],
    ["3741","RSIA Artha Mahinrus","Jl. Rakyat No.178","prelist","MEDAN PERJUANGAN","TEGAL REJO","LINGKUNGAN 10","","","Q. Jasa Kesehatan dan Kegiatan Sosial","Gmaps"],
    ["3742","Kantor Konsultan Pajak Jasa Alam Semesta (KKP JASC)","Komp. Percut Permai Jl. HOS Cokroaminoto No.6C, Sei Kera Hulu, Kec. Medan Perjuangan, Kota Medan, Sumatera Utara 20233","prelist","MEDAN PERJUANGAN","SEI KERA HULU","LINGKUNGAN 13","","0853-6258-6131","O. Administrasi Pemerintahan, Pertahanan, dan Jaminan Sosial Wajib","Gmaps"],
    ["3743","Klinik Andalusia","Jl. Gurilla No.21","prelist","MEDAN PERJUANGAN","SIDORAME TIMUR","LINGKUNGAN 4","","(061) 4568884","Q. Jasa Kesehatan dan Kegiatan Sosial","Gmaps"],
    ["3744","KLINIK PRATAMA CITRA HM YAMIN No 99","Jl. Prof. H. M. Yamin No.99","prelist","MEDAN PERJUANGAN","SEI KERA HILIR II","LINGKUNGAN 3","","","Q. Jasa Kesehatan dan Kegiatan Sosial","Gmaps"],
    ["3745","Klinik Godiva","Jl. Rakyat No.212","prelist","MEDAN PERJUANGAN","TEGAL REJO","LINGKUNGAN 15","","","Q. Jasa Kesehatan dan Kegiatan Sosial","Gmaps"],
    ["3746","Klinik Polrestabes Medan","Sidorame Bar. I, Kec. Medan Perjuangan, Kota Medan, Sumatera Utara 20232","prelist","MEDAN PERJUANGAN","SIDORAME BARAT I","LINGKUNGAN 12","","","Q. Jasa Kesehatan dan Kegiatan Sosial","Gmaps"],
    ["3747","Klinik Mindamora - Melayani Dengan Hati","Jl. Sentosa Lama No.35","prelist","MEDAN PERJUANGAN","SEI KERA HULU","LINGKUNGAN 21","","0812-2770-7766","Q. Jasa Kesehatan dan Kegiatan Sosial","Gmaps"],
    ["3748","Klinik Pratama Pahlawan","Jl. Pahlawan No.09","prelist","MEDAN PERJUANGAN","PAHLAWAN","LINGKUNGAN 14","","0853-5961-5353","Q. Jasa Kesehatan dan Kegiatan Sosial","Gmaps"],
    ["3749","Klinik Dunia Sehat","Jl. Perjuangan","prelist","MEDAN PERJUANGAN","SEI KERA HILIR I","LINGKUNGAN 11","","0851-0644-1314","Q. Jasa Kesehatan dan Kegiatan Sosial","Gmaps"],
    ["3750","rumah sakit rakyat","Tegal Rejo, Kec. Medan Perjuangan, Kota Medan, Sumatera Utara 20222","prelist","MEDAN PERJUANGAN","TEGAL REJO","LINGKUNGAN 10","","","Q. Jasa Kesehatan dan Kegiatan Sosial","Gmaps"],
    ["3751","Klinik metta Dr Nani MKT","Sei Kera Hulu, Kec. Medan Perjuangan, Kota Medan, Sumatera Utara 20233","prelist","MEDAN PERJUANGAN","SEI KERA HULU","LINGKUNGAN 19","","","Q. Jasa Kesehatan dan Kegiatan Sosial","Gmaps"],
    ["3752","Puskesmas Sentosa Baru","Jl. Sentosa Baru","prelist","MEDAN PERJUANGAN","SEI KERA HILIR I","LINGKUNGAN 3","","","Q. Jasa Kesehatan dan Kegiatan Sosial","Gmaps"],
    ["3753","SoS","Jl. Keris No.43","prelist","MEDAN PERJUANGAN","PAHLAWAN","LINGKUNGAN 8","","0812-6669-8899","Q. Jasa Kesehatan dan Kegiatan Sosial","Gmaps"],
    ["3754","lab badik","Jl. Badik No.9","prelist","MEDAN PERJUANGAN","PAHLAWAN","LINGKUNGAN 12","","","Q. Jasa Kesehatan dan Kegiatan Sosial","Gmaps"],
    ["3755","Drg.Hasanlim","Jl. Keris No.5-81","prelist","MEDAN PERJUANGAN","PAHLAWAN","LINGKUNGAN 8","","0813-6243-5189","Q. Jasa Kesehatan dan Kegiatan Sosial","Gmaps"],
    ["3756","Praktek Bidan FERAWATI-II","Jalan Perjuangan Simpang","prelist","MEDAN PERJUANGAN","SEI KERA HILIR I","LINGKUNGAN 8","","0821-6464-5066","Q. Jasa Kesehatan dan Kegiatan Sosial","Gmaps"],
    ["3757","Clinica Dental - Praktek drg. aflah triana","Jl. Gurilla No.11B","prelist","MEDAN PERJUANGAN","SIDORAME TIMUR","LINGKUNGAN 3","","0857-6212-6181","Q. Jasa Kesehatan dan Kegiatan Sosial","Gmaps"],
    ["3758","Pelita Kasih","Jl. Rakyat","prelist","MEDAN PERJUANGAN","SIDORAME TIMUR","LINGKUNGAN 15","","(061) 6645013","Q. Jasa Kesehatan dan Kegiatan Sosial","Gmaps"],
    ["3759","Klinik Kartini","Jl. Keruntung No.106","prelist","MEDAN PERJUANGAN","SEI KERA HILIR I","LINGKUNGAN 11","","(061) 6617485","Q. Jasa Kesehatan dan Kegiatan Sosial","Gmaps"],
    ["3760","Klinik Victory","Jl. Pasar Iii No.104","prelist","MEDAN PERJUANGAN","TEGAL REJO","LINGKUNGAN 9","","","Q. Jasa Kesehatan dan Kegiatan Sosial","Gmaps"],
    ["3761","Klinik Prof Najib Ibrahim","Jl. Prof. H. M. Yamin No.249","prelist","MEDAN PERJUANGAN","SEI KERA HILIR II","LINGKUNGAN 10","","(061) 4563401","Q. Jasa Kesehatan dan Kegiatan Sosial","Gmaps"],
    ["3762","Jinan Beauty","Jl. Pasar Iii No.88","prelist","MEDAN PERJUANGAN","TEGAL REJO","LINGKUNGAN 9","","0812-1451-1600","Q. Jasa Kesehatan dan Kegiatan Sosial","Gmaps"],
    ["3763","Klinik Guilla Medika","Jl. Gurilla No.66","prelist","MEDAN PERJUANGAN","SEI KERA HILIR II","LINGKUNGAN 5","","","Q. Jasa Kesehatan dan Kegiatan Sosial","Gmaps"],
    ["3764","Klinik Simpati","Jl. Rakyat No.55","prelist","MEDAN PERJUANGAN","SIDORAME TIMUR","LINGKUNGAN 12","","0852-7073-7321","Q. Jasa Kesehatan dan Kegiatan Sosial","Gmaps"],
    ["3765","Klinik Gina","Jl. Pimpinan No.27","prelist","MEDAN PERJUANGAN","SEI KERA HILIR I","LINGKUNGAN 9","","0813-6919-3554","Q. Jasa Kesehatan dan Kegiatan Sosial","Gmaps"],
    ["3766","Nababan klinik nehemia","Jl. Rakyat No.81","prelist","MEDAN PERJUANGAN","SIDORAME TIMUR","LINGKUNGAN 15","","","Q. Jasa Kesehatan dan Kegiatan Sosial","Gmaps"],
    ["3767","Praktek Fisioterapi Spectrum","Jl. Prof. H. M. Yamin No.243","prelist","MEDAN PERJUANGAN","SEI KERA HILIR I","LINGKUNGAN 1","","0823-2974-8043","Q. Jasa Kesehatan dan Kegiatan Sosial","Gmaps"],
    ["3768","Klinik Bersama","Gg. Aman","prelist","MEDAN PERJUANGAN","SIDORAME BARAT I","LINGKUNGAN 10","","","Q. Jasa Kesehatan dan Kegiatan Sosial","Gmaps"],
    ["3769","Klinik surat keterangan sakit","Jl. Gurilla","prelist","MEDAN PERJUANGAN","SIDORAME TIMUR","LINGKUNGAN 3","","","Q. Jasa Kesehatan dan Kegiatan Sosial","Gmaps"],
    ["3770","klinik umum setia","Sidorame Bar. I, Kec. Medan Perjuangan, Kota Medan, Sumatera Utara 20233","prelist","MEDAN PERJUANGAN","SIDORAME BARAT I","LINGKUNGAN 9","","","Q. Jasa Kesehatan dan Kegiatan Sosial","Gmaps"],
    ["3771","Apotek Anugrah Pelita Farma","Jl. Pelita Ii No.118 A","prelist","MEDAN PERJUANGAN","SIDORAME TIMUR","LINGKUNGAN 11","","0853-7253-8898","Q. Jasa Kesehatan dan Kegiatan Sosial","Gmaps"],
    ["3772","Apotek Hani","Jl. Prof. H. Moh. Yamin No.315","prelist","MEDAN PERJUANGAN","SEI KERA HILIR II","LINGKUNGAN 11","","(061) 4142069","Q. Jasa Kesehatan dan Kegiatan Sosial","Gmaps"],
    ["3773","apotik abadi jaya","Jl. Rakyat No.101","prelist","MEDAN PERJUANGAN","TEGAL REJO","LINGKUNGAN 2","","","Q. Jasa Kesehatan dan Kegiatan Sosial","Gmaps"],
    ["3774","Apotek Rakyat Sehat","Sidorame Tim., Kec. Medan Perjuangan, Kota Medan, Sumatera Utara 20233","prelist","MEDAN PERJUANGAN","SIDORAME TIMUR","LINGKUNGAN 11","","0822-6705-2235","Q. Jasa Kesehatan dan Kegiatan Sosial","Gmaps"],
    ["3775","Apotek Made Farma","Jl. Perjuangan","prelist","MEDAN PERJUANGAN","SEI KERA HILIR I","LINGKUNGAN 10","","0852-7078-1827","Q. Jasa Kesehatan dan Kegiatan Sosial","Gmaps"],
    ["3776","Apotek Perjuangan","Jl. Perjuangan","prelist","MEDAN PERJUANGAN","SEI KERA HILIR I","LINGKUNGAN 10","","","Q. Jasa Kesehatan dan Kegiatan Sosial","Gmaps"],
    ["3777","Puskesmas pembantu sidorame timur","Jl. Perkutut","prelist","MEDAN PERJUANGAN","SIDORAME TIMUR","LINGKUNGAN 13","","","P. Pendidikan","Gmaps"],
    ["3778","Klub Sehat Rakyat","Jl. Mapilindo No.104","prelist","MEDAN PERJUANGAN","TEGAL REJO","LINGKUNGAN 13","","0813-7568-3588","Q. Jasa Kesehatan dan Kegiatan Sosial","Gmaps"],
    ["3779","Klinik Teh Mayang","Jl. Rakyat No.102","prelist","MEDAN PERJUANGAN","SIDORAME TIMUR","LINGKUNGAN 15","","","Q. Jasa Kesehatan dan Kegiatan Sosial","Gmaps"],
    ["3780","Shafwah Dental Care","Gg. Sejahtera","prelist","MEDAN PERJUANGAN","SIDORAME BARAT II","LINGKUNGAN 8","","0813-7942-7677","Q. Jasa Kesehatan dan Kegiatan Sosial","Gmaps"],
    ["3781","Klinik Alvi","Jl. Sentosa Lama No.53","prelist","MEDAN PERJUANGAN","SEI KERA HULU","LINGKUNGAN 21","","(061) 4144004","Q. Jasa Kesehatan dan Kegiatan Sosial","Gmaps"],
    ["3782","Klinik Helvetia II","Jl. Kelambir V No.58 A","prelist","MEDAN PERJUANGAN","SEI KERA HULU","LINGKUNGAN 1","","(061) 8443173","Q. Jasa Kesehatan dan Kegiatan Sosial","Gmaps"],
    ["3783","Nurul Hayati","Gg. Mesjid Jl. Pelita Vi No.5","prelist","MEDAN PERJUANGAN","TEGAL REJO","LINGKUNGAN 1","","(061) 6620355","Q. Jasa Kesehatan dan Kegiatan Sosial","Gmaps"],
    ["3784","Silvia clinic","Tegal Rejo, Kec. Medan Perjuangan, Kota Medan, Sumatera Utara 20236","prelist","MEDAN PERJUANGAN","TEGAL REJO","LINGKUNGAN 13","","","Q. Jasa Kesehatan dan Kegiatan Sosial","Gmaps"],
    ["3785","Eunice Rajawali","Jl. Mapilindo No.62","prelist","MEDAN PERJUANGAN","TEGAL REJO","LINGKUNGAN 1","","(061) 77156842","Q. Jasa Kesehatan dan Kegiatan Sosial","Gmaps"],
    ["3786","APOTEK BERKAT JAYA","Jl. Rakyat No.186","prelist","MEDAN PERJUANGAN","TEGAL REJO","LINGKUNGAN 10","","","Q. Jasa Kesehatan dan Kegiatan Sosial","Gmaps"],
    ["3787","Apotek Intan","Jl. Mapilindo No.41A","prelist","MEDAN PERJUANGAN","TEGAL REJO","LINGKUNGAN 1","","(061) 8458157","Q. Jasa Kesehatan dan Kegiatan Sosial","Gmaps"],
    ["3788","APOTEK FAMILYTTA","Jl. Rakyat No.175","prelist","MEDAN PERJUANGAN","TEGAL REJO","LINGKUNGAN 8","","","Q. Jasa Kesehatan dan Kegiatan Sosial","Gmaps"],
    ["3789","APOTEK RAPHAEL FARMA","Jl. Ibrahim Umar No.43","prelist","MEDAN PERJUANGAN","SEI KERA HILIR I","LINGKUNGAN 8","","","Q. Jasa Kesehatan dan Kegiatan Sosial","Gmaps"],
    ["3790","Apotek Saudara Parna","Jl. Pasar Iii No.114","prelist","MEDAN PERJUANGAN","TEGAL REJO","LINGKUNGAN 9","","","Q. Jasa Kesehatan dan Kegiatan Sosial","Gmaps"],
    ["3791","Gino Farma","Jl. Rakyat No.27","prelist","MEDAN PERJUANGAN","SIDORAME TIMUR","LINGKUNGAN 2","","(061) 4145812","Q. Jasa Kesehatan dan Kegiatan Sosial","Gmaps"],
    ["3792","Apotek Sondi Family","Jl. Pasar Iii No.96","prelist","MEDAN PERJUANGAN","TEGAL REJO","LINGKUNGAN 9","","(061) 75119012","Q. Jasa Kesehatan dan Kegiatan Sosial","Gmaps"],
    ["3793","Apotek family farma","Jl. Perjuangan","prelist","MEDAN PERJUANGAN","SEI KERA HILIR I","LINGKUNGAN 10","","","Q. Jasa Kesehatan dan Kegiatan Sosial","Gmaps"],
    ["3794","Apotek Sehati Jaya","Jl. Pasar Iii No.45 B","prelist","MEDAN PERJUANGAN","TEGAL REJO","LINGKUNGAN 14","","(061) 6639969","Q. Jasa Kesehatan dan Kegiatan Sosial","Gmaps"],
    ["3795","Sehat Serasi","Jl. Hm. Said","prelist","MEDAN PERJUANGAN","SIDORAME BARAT I","LINGKUNGAN 2","","","Q. Jasa Kesehatan dan Kegiatan Sosial","Gmaps"],
    ["3796","Apotek Mitra Perintis","Jl. Pelita Iv Komplek Pelita Iv Residence No.38K","prelist","MEDAN PERJUANGAN","SIDORAME TIMUR","LINGKUNGAN 12","","","Q. Jasa Kesehatan dan Kegiatan Sosial","Gmaps"],
    ["3797","Naga Aquatic","Jl. Pelita Vi No.52","prelist","MEDAN PERJUANGAN","SIDORAME BARAT II","LINGKUNGAN 9","","","A. Pertanian, Kehutanan dan Perikanan","Gmaps"],
    ["3798","Pusat pembibitan ikan terlengkap disumatera utara","Jl. Mesjid Taufik Gg. Mangga No.10","prelist","MEDAN PERJUANGAN","TEGAL REJO","LINGKUNGAN 5","","0813-7656-6892","A. Pertanian, Kehutanan dan Perikanan","Gmaps"],
    ["3799","Pusat jual bibit lele Sangkuriang medan","Jl. Mesjid Taufik Gg. Mangga No.12","prelist","MEDAN PERJUANGAN","TEGAL REJO","LINGKUNGAN 5","","0813-7656-6892","A. Pertanian, Kehutanan dan Perikanan","Gmaps"],
    ["3800","Komplek Pancing Perjuangan Permai","Jl. Perjuangan","prelist","MEDAN PERJUANGAN","SEI KERA HILIR I","LINGKUNGAN 11","","","A. Pertanian, Kehutanan dan Perikanan","Gmaps"],
    ["3801","Bandid-Kelinci","Jl. Pendidikan No.85","prelist","MEDAN PERJUANGAN","TEGAL REJO","LINGKUNGAN 9","","0821-6881-7876","A. Pertanian, Kehutanan dan Perikanan","Gmaps"],
    ["3802","Ayam Hias Cenderawasih","Jl. Nanggarjati Gg. Cendrawasih No.17","prelist","MEDAN PERJUANGAN","SIDORAME TIMUR","LINGKUNGAN 3","","0823-6090-0655","A. Pertanian, Kehutanan dan Perikanan","Gmaps"],
    ["3803","Seller ayam fillet Frozen dan fresh","Jl. Sentosa Baru","prelist","MEDAN PERJUANGAN","SEI KERA HILIR I","LINGKUNGAN 1","","0857-8925-1020","A. Pertanian, Kehutanan dan Perikanan","Gmaps"],
    ["3804","Sekretariat Peternakan Nommensen (GEMPUR)","Gg. Tangsi","prelist","MEDAN PERJUANGAN","SIDORAME BARAT I","LINGKUNGAN 8","","","A. Pertanian, Kehutanan dan Perikanan","Gmaps"],
    ["3805","Evaluasi Terhadap Kinerja Kemitraan Pt. Perkebunan Nusantara Iii Dengan Usaha Kecil","Jl. Perjuangan No.4 17","prelist","MEDAN PERJUANGAN","SIDORAME TIMUR","LINGKUNGAN 7","","","A. Pertanian, Kehutanan dan Perikanan","Gmaps"],
    ["3806","Soeloeng Laut. PT","Jl. Hos Cokroaminoto No.14 B/28","prelist","MEDAN PERJUANGAN","PANDAU HILIR","LINGKUNGAN 3","","(061) 525864","A. Pertanian, Kehutanan dan Perikanan","Gmaps"],
    ["3807","PT Berkat Sawit","Tegal Rejo, Kec. Medan Perjuangan, Kota Medan, Sumatera Utara 20222","prelist","MEDAN PERJUANGAN","TEGAL REJO","LINGKUNGAN 8","","","A. Pertanian, Kehutanan dan Perikanan","Gmaps"],
    ["3808","Mariani S.Pane","Gg. Pos Iii No.7","prelist","MEDAN PERJUANGAN","SIDORAME BARAT II","LINGKUNGAN 8","","","A. Pertanian, Kehutanan dan Perikanan","Gmaps"],
    ["3809","Tim Penggerak PKK","Jl. Pelita Iii Gg. Pepaya No.9","prelist","MEDAN PERJUANGAN","SIDORAME BARAT I","LINGKUNGAN 3","","0852-7500-6204","A. Pertanian, Kehutanan dan Perikanan","Gmaps"],
    ["3810","Meow Pet Shop (* CAT FOOD * DOG FOOD * HAMSTER * ACCESORIES * GROOMING * CAT HOTEL)","Jl. Hm. Said No.116","prelist","MEDAN PERJUANGAN","SIDORAME BARAT I","LINGKUNGAN 3","","","A. Pertanian, Kehutanan dan Perikanan","Gmaps"],
    ["3811","Apotek Tri Farma","Jl. Panah No.12","prelist","MEDAN PERJUANGAN","PAHLAWAN","LINGKUNGAN 12","","","Q. Jasa Kesehatan dan Kegiatan Sosial","Gmaps"],
    ["3812","San Farma","Jl. Rakyat No.100 B","prelist","MEDAN PERJUANGAN","SIDORAME TIMUR","LINGKUNGAN 15","","0813-6164-6188","Q. Jasa Kesehatan dan Kegiatan Sosial","Gmaps"],
    ["3813","Apotek Carlisa","Jl. Rakyat","prelist","MEDAN PERJUANGAN","TEGAL REJO","LINGKUNGAN 4","","0813-1784-4498","Q. Jasa Kesehatan dan Kegiatan Sosial","Gmaps"],
    ["3814","Apotek Family Jaya Farma","Jl. Gereja No.40 Lk Vii","prelist","MEDAN PERJUANGAN","SIDORAME TIMUR","LINGKUNGAN 7","","","Q. Jasa Kesehatan dan Kegiatan Sosial","Gmaps"],
    ["3815","Apotik Sempurna","Jl. Prof. H. M. Yamin No.302","prelist","MEDAN PERJUANGAN","SEI KERA HULU","LINGKUNGAN 1","","(061) 4573070","Q. Jasa Kesehatan dan Kegiatan Sosial","Gmaps"],
    ["3816","APOTEK KELUARGA SEHAT","Jl. Pasar Iii No.146","prelist","MEDAN PERJUANGAN","TEGAL REJO","LINGKUNGAN 8","","","Q. Jasa Kesehatan dan Kegiatan Sosial","Gmaps"],
    ["3817","apotek Cinta Sehat","Jl. Pendidikan Jl. Sehati No.150","prelist","MEDAN PERJUANGAN","TEGAL REJO","LINGKUNGAN 8","","","Q. Jasa Kesehatan dan Kegiatan Sosial","Gmaps"],
    ["3818","Apotek Rs Farma","Jl. Pasar Iii No.146","prelist","MEDAN PERJUANGAN","TEGAL REJO","LINGKUNGAN 8","","","Q. Jasa Kesehatan dan Kegiatan Sosial","Gmaps"],
    ["3819","Apotek Cendana abadi","Jl. Pelita I","prelist","MEDAN PERJUANGAN","SIDORAME TIMUR","LINGKUNGAN 11","","","Q. Jasa Kesehatan dan Kegiatan Sosial","Gmaps"],
    ["3820","Apotik Sehati","Lorong Rejo No.28, Sidorame Bar. I, Kec. Medan Perjuangan, Kota Medan, Sumatera Utara 20233","prelist","MEDAN PERJUANGAN","SIDORAME BARAT I","LINGKUNGAN 9","","","Q. Jasa Kesehatan dan Kegiatan Sosial","Gmaps"],
    ["3821","San Farma Apotik","Jl. Rakyat No.102C","prelist","MEDAN PERJUANGAN","TEGAL REJO","LINGKUNGAN 2","","(061) 6636129","Q. Jasa Kesehatan dan Kegiatan Sosial","Gmaps"],
    ["3822","Asia Apotek","Jl. Sutomo No.344","prelist","MEDAN PERJUANGAN","PANDAU HILIR","LINGKUNGAN 2","","0838-9612-8294","Q. Jasa Kesehatan dan Kegiatan Sosial","Gmaps"],
    ["3823","Apotik Aman","Jl. Setia Jadi","prelist","MEDAN PERJUANGAN","TEGAL REJO","LINGKUNGAN 15","","0821-6384-2951","Q. Jasa Kesehatan dan Kegiatan Sosial","Gmaps"],
    ["3824","Yayasan panti asuhan adil peduli kasih Indonesia","Jl. Perjuangan Gg. Wisma No.28B","prelist","MEDAN PERJUANGAN","SEI KERA HILIR I","LINGKUNGAN 10","","","Q. Jasa Kesehatan dan Kegiatan Sosial","Gmaps"],
    ["3825","YAYASAN PANTI ASUHAN AVORE ANAK INDONESIA","Jl. Nanggarjati No.25","prelist","MEDAN PERJUANGAN","SIDORAME TIMUR","LINGKUNGAN 7","","0812-1013-6665","Q. Jasa Kesehatan dan Kegiatan Sosial","Gmaps"],
    ["3826","Panti asuhan jaya","Jl. Perjuangan","prelist","MEDAN PERJUANGAN","SIDORAME TIMUR","LINGKUNGAN 10","","","Q. Jasa Kesehatan dan Kegiatan Sosial","Gmaps"],
    ["3827","Panti Asuhan Frans Imanuel Medan","Jl. Pendidikan","prelist","MEDAN PERJUANGAN","TEGAL REJO","LINGKUNGAN 9","","0822-7767-2629","Q. Jasa Kesehatan dan Kegiatan Sosial","Gmaps"],
    ["3828","Panti asuhan kasih sahabat dermawan","Jl. Sehati No.84","prelist","MEDAN PERJUANGAN","TEGAL REJO","LINGKUNGAN 6","","0822-7735-4694","Q. Jasa Kesehatan dan Kegiatan Sosial","Gmaps"],
    ["3829","PANTI ASUHAN LESTARI SUMUT INDONESIA","Jl. Pelita Iii No.43","prelist","MEDAN PERJUANGAN","SIDORAME BARAT II","LINGKUNGAN 7","","0812-6456-1110","Q. Jasa Kesehatan dan Kegiatan Sosial","Gmaps"],
    ["3830","Panti Asuhan Yayasan Peduli Kasih Sumatera Utara","Gg. Rukun No.16","prelist","MEDAN PERJUANGAN","PAHLAWAN","LINGKUNGAN 1","","0813-7878-1631","Q. Jasa Kesehatan dan Kegiatan Sosial","Gmaps"],
    ["3831","Panti Asuhan Kasih Setia Sumut Indonesia","Jl. Pasar Iii No.162","prelist","MEDAN PERJUANGAN","TEGAL REJO","LINGKUNGAN 8","","0813-7092-6336","Q. Jasa Kesehatan dan Kegiatan Sosial","Gmaps"],
    ["3832","Laboratorium Klinik Metta Health Care Centre","Jl. Wahidin No.323","prelist","MEDAN PERJUANGAN","PAHLAWAN","LINGKUNGAN 11","","(061) 4553252","Q. Jasa Kesehatan dan Kegiatan Sosial","Gmaps"],
    ["3833","Laboratorium Klinik Thamrin","Jl. M.H Thamrin No.72 / 38-Bb","prelist","MEDAN PERJUANGAN","PANDAU HILIR","LINGKUNGAN 1","","(061) 4571734","Q. Jasa Kesehatan dan Kegiatan Sosial","Gmaps"],
    ["3834","PT. Aroindo","Gg. Tangga Batu No.5","prelist","MEDAN PERJUANGAN","SIDORAME BARAT II","LINGKUNGAN 5","","(061) 4569395","Q. Jasa Kesehatan dan Kegiatan Sosial","Gmaps"],
    ["3835","Apotek farmakes jaya","No.69I","prelist","MEDAN PERJUANGAN","SEI KERA HULU","LINGKUNGAN 20","","0852-7571-3323","Q. Jasa Kesehatan dan Kegiatan Sosial","Gmaps"],
    ["3836","TOKO OBAT CAHAYA FARMA","Jl. Rakyat No.174","prelist","MEDAN PERJUANGAN","TEGAL REJO","LINGKUNGAN 8","","","Q. Jasa Kesehatan dan Kegiatan Sosial","Gmaps"],
    ["3837","Apotik Panca Jaya","Jl. M. Yakub Lubis","prelist","MEDAN PERJUANGAN","SEI KERA HILIR I","LINGKUNGAN 3","","(061) 7380752","Q. Jasa Kesehatan dan Kegiatan Sosial","Gmaps"],
    ["3838","Mini Medical Psr 3","Jl. Rakyat No.163","prelist","MEDAN PERJUANGAN","TEGAL REJO","LINGKUNGAN 8","","(061) 80017419","Q. Jasa Kesehatan dan Kegiatan Sosial","Gmaps"],
    ["3839","Gonzales Gym","Jl. Pasar Iii No.1 B","prelist","MEDAN PERJUANGAN","TEGAL REJO","LINGKUNGAN 10","","0853-5961-7209","R. Kesenian, Hiburan dan Rekreasi","Gmaps"],
    ["3840","Gang tamtama","Jl. Mesjid Taufik Gg. Tamtama No.10 M","prelist","MEDAN PERJUANGAN","TEGAL REJO","LINGKUNGAN 13","","","R. Kesenian, Hiburan dan Rekreasi","Gmaps"],
    ["3841","RUMAH KREATIF ANAK MEDAN","Jl. Pasar Iii Gg. Tunggal No.3 Lingkungan X","prelist","MEDAN PERJUANGAN","TEGAL REJO","LINGKUNGAN 10","","0852-6005-1549","R. Kesenian, Hiburan dan Rekreasi","Gmaps"],
    ["3842","fina","Gg. Mesjid","prelist","MEDAN PERJUANGAN","TEGAL REJO","LINGKUNGAN 1","","","R. Kesenian, Hiburan dan Rekreasi","Gmaps"],
    ["3843","RULLY PRANATA BIN MUHAMMAD AMRI","Jl. Pelita Iii No.11","prelist","MEDAN PERJUANGAN","SIDORAME BARAT I","LINGKUNGAN 2","","","R. Kesenian, Hiburan dan Rekreasi","Gmaps"],
    ["3844","lokasi ps","Jl. M. Yakub","prelist","MEDAN PERJUANGAN","SEI KERA HILIR II","LINGKUNGAN 12","","","R. Kesenian, Hiburan dan Rekreasi","Gmaps"],
    ["3845","FUTSAL KAPAL SPORT","Jl. Mesjid Taufik","prelist","MEDAN PERJUANGAN","TEGAL REJO","LINGKUNGAN 7","","","R. Kesenian, Hiburan dan Rekreasi","Gmaps"],
    ["3846","Langit Perjuangan","Jl. Perjuangan","prelist","MEDAN PERJUANGAN","SIDORAME TIMUR","LINGKUNGAN 8","","0895-2700-4653","R. Kesenian, Hiburan dan Rekreasi","Gmaps"],
    ["3847","Griya Yatim Dan Dhuafa","Jl. Pimpinan No.27","prelist","MEDAN PERJUANGAN","SEI KERA HILIR I","LINGKUNGAN 6","","(061) 8467471","Q. Jasa Kesehatan dan Kegiatan Sosial","Gmaps"],
    ["3848","Panti Asuhan Yayasan Dima Berkat Anak Indonesia","Jl. Perbatasan No.62","prelist","MEDAN PERJUANGAN","TEGAL REJO","LINGKUNGAN 15","","0823-2777-4600","Q. Jasa Kesehatan dan Kegiatan Sosial","Gmaps"],
    ["3849","Panti asuhan sanjaya","Jl. Perjuangan","prelist","MEDAN PERJUANGAN","SIDORAME TIMUR","LINGKUNGAN 10","","","Q. Jasa Kesehatan dan Kegiatan Sosial","Gmaps"],
    ["3850","Panti Asuhan Pintu Abadi Anak","Jl. Mapilindo No.114","prelist","MEDAN PERJUANGAN","TEGAL REJO","LINGKUNGAN 13","","","Q. Jasa Kesehatan dan Kegiatan Sosial","Gmaps"],
    ["3851","Panti Asuhan Kasih Syukur Zuanda","Jl. Mesjid Taufik No.122","prelist","MEDAN PERJUANGAN","TEGAL REJO","LINGKUNGAN 13","","0813-6915-6097","Q. Jasa Kesehatan dan Kegiatan Sosial","Gmaps"],
    ["3852","Panti Asuhan Kasih Amal Bersama","Jl. Sehati No.137","prelist","MEDAN PERJUANGAN","TEGAL REJO","LINGKUNGAN 8","","0813-2837-5914","Q. Jasa Kesehatan dan Kegiatan Sosial","Gmaps"],
    ["3853","Panti asuhan tabur kasih anak indonesia","Jl. Permai No.8","prelist","MEDAN PERJUANGAN","SIDORAME TIMUR","LINGKUNGAN 12","","0813-6001-3113","Q. Jasa Kesehatan dan Kegiatan Sosial","Gmaps"],
    ["3854","Panti Asuhan Kasih Agung Suka Cita Indonesia","Jl. Pendidikan No.56 A","prelist","MEDAN PERJUANGAN","TEGAL REJO","LINGKUNGAN 6","","0813-6066-1515","Q. Jasa Kesehatan dan Kegiatan Sosial","Gmaps"],
    ["3855","Hendri Galeri","Jl. Pimpinan","prelist","MEDAN PERJUANGAN","SEI KERA HILIR I","LINGKUNGAN 8","","0853-6117-0704","R. Kesenian, Hiburan dan Rekreasi","Gmaps"],
    ["3856","Sanggar Tari Citra Budaya","Jl. Hm. Said Gg. Wongso No.17","prelist","MEDAN PERJUANGAN","SIDORAME BARAT I","LINGKUNGAN 5","","0812-3313-7993","R. Kesenian, Hiburan dan Rekreasi","Gmaps"],
    ["3857","Sanggar Seni Sunda Gentra Parahyangan Medan","Jl. Rakyat No.202 B","prelist","MEDAN PERJUANGAN","TEGAL REJO","LINGKUNGAN 15","","0821-6712-1502","R. Kesenian, Hiburan dan Rekreasi","Gmaps"],
    ["3858","Ahs Yogi","Jl. Gurilla No.65","prelist","MEDAN PERJUANGAN","SEI KERA HILIR I","LINGKUNGAN 5","","","R. Kesenian, Hiburan dan Rekreasi","Gmaps"],
    ["3859","Toni gym","Jl. Gurilla Gang Tinik No.16","prelist","MEDAN PERJUANGAN","SEI KERA HILIR II","LINGKUNGAN 5","","0812-6478-5710","R. Kesenian, Hiburan dan Rekreasi","Gmaps"],
    ["3860","Alfa Gym","Sidorame Bar. I, Kec. Medan Perjuangan, Kota Medan, Sumatera Utara 20233","prelist","MEDAN PERJUANGAN","SIDORAME BARAT I","LINGKUNGAN 10","","","R. Kesenian, Hiburan dan Rekreasi","Gmaps"],
    ["3861","JS Gym","Unnamed Road, Tegal Rejo, Kec. Medan Perjuangan, Kota Medan, Sumatera Utara 20236","prelist","MEDAN PERJUANGAN","TEGAL REJO","LINGKUNGAN 9","","0822-6133-3333","R. Kesenian, Hiburan dan Rekreasi","Gmaps"],
    ["3862","Jalan adam","Dusuni Tanu Wajib Lapor Lx24Jan","prelist","MEDAN PERJUANGAN","SIDORAME BARAT II","LINGKUNGAN 8","","","R. Kesenian, Hiburan dan Rekreasi","Gmaps"],
    ["3863","Endy Gym","Jl. Pasar Iii No.181 A","prelist","MEDAN PERJUANGAN","TEGAL REJO","LINGKUNGAN 10","","0812-6982-4935","R. Kesenian, Hiburan dan Rekreasi","Gmaps"],
    ["3864","Reza Gym & Al-bani Parfume","Sei Kera Hilir II, Kec. Medan Perjuangan, Kota Medan, Sumatera Utara","prelist","MEDAN PERJUANGAN","SEI KERA HILIR II","LINGKUNGAN 14","","0813-6455-9269","R. Kesenian, Hiburan dan Rekreasi","Gmaps"],
    ["3865","RINO GYM MEDAN","Jl. Prof. H. M. Yamin No.143","prelist","MEDAN PERJUANGAN","SEI KERA HILIR II","LINGKUNGAN 15","","0823-6662-1161","R. Kesenian, Hiburan dan Rekreasi","Gmaps"],
    ["3866","Royal Fit Gym","Jl. Sei Kera","prelist","MEDAN PERJUANGAN","PANDAU HILIR","LINGKUNGAN 8","","0812-6334-1208","R. Kesenian, Hiburan dan Rekreasi","Gmaps"],
    ["3867","FITRA CLUB GYM","Sei Kera Hilir II, Kec. Medan Perjuangan, Kota Medan, Sumatera Utara 20222","prelist","MEDAN PERJUANGAN","SEI KERA HILIR II","LINGKUNGAN 14","","","R. Kesenian, Hiburan dan Rekreasi","Gmaps"],
    ["3868","Revan Spa Khusus therapist Pria","Jl. Flores","prelist","MEDAN PERJUANGAN","PANDAU HILIR","LINGKUNGAN 2","","0831-2517-8421","R. Kesenian, Hiburan dan Rekreasi","Gmaps"],
    ["3869","Sanggar Senam DMF","Jl. Dorowati No.27","prelist","MEDAN PERJUANGAN","SIDORAME BARAT I","LINGKUNGAN 9","","0813-7578-5632","R. Kesenian, Hiburan dan Rekreasi","Gmaps"],
    ["3870","Roxit Gym Bintang","Jl. Bintang No.5","prelist","MEDAN PERJUANGAN","PANDAU HILIR","LINGKUNGAN 1","","0811-6585-838","R. Kesenian, Hiburan dan Rekreasi","Gmaps"],
    ["3871","Tiurma Beau'T & Hair Salon","Jl. Perjuangan No.17","prelist","MEDAN PERJUANGAN","SEI KERA HILIR I","LINGKUNGAN 7","","0852-6019-8775","S. Aktivitas Jasa Lainnya","Gmaps"],
    ["3872","Anggian Naburju Salon and Hair Do","Jl. Perjuangan No.16","prelist","MEDAN PERJUANGAN","SIDORAME TIMUR","LINGKUNGAN 7","","0858-3147-3157","S. Aktivitas Jasa Lainnya","Gmaps"],
    ["3873","Teguh Salon","Jl. Perjuangan No.17B","prelist","MEDAN PERJUANGAN","SEI KERA HILIR I","LINGKUNGAN 7","","","S. Aktivitas Jasa Lainnya","Gmaps"],
    ["3874","Asna Salon","Jl. Rakyat","prelist","MEDAN PERJUANGAN","SIDORAME TIMUR","LINGKUNGAN 12","","0813-6207-0711","S. Aktivitas Jasa Lainnya","Gmaps"],
    ["3875","VINA SALON","Jl. Hm. Said No.8","prelist","MEDAN PERJUANGAN","SIDORAME BARAT I","LINGKUNGAN 6","","0812-6317-912","S. Aktivitas Jasa Lainnya","Gmaps"],
    ["3876","Rosa salon","Jl. Perjuangan","prelist","MEDAN PERJUANGAN","SEI KERA HILIR I","LINGKUNGAN 7","","0821-6568-0991","S. Aktivitas Jasa Lainnya","Gmaps"],
    ["3877","Intan Beauty Salon","Jl. Perjuangan No.30A","prelist","MEDAN PERJUANGAN","SIDORAME TIMUR","LINGKUNGAN 8","","0823-7012-3567","S. Aktivitas Jasa Lainnya","Gmaps"],
    ["3878","Hanifa Beauty Salon","Jl. Pimpinan","prelist","MEDAN PERJUANGAN","SEI KERA HILIR I","LINGKUNGAN 4","","0823-6259-1092","S. Aktivitas Jasa Lainnya","Gmaps"],
    ["3879","Rachel Salon","Jl. Perjuangan No.167","prelist","MEDAN PERJUANGAN","SEI KERA HILIR I","LINGKUNGAN 4","","0813-6146-3737","S. Aktivitas Jasa Lainnya","Gmaps"],
    ["3880","CHASYA SALON","Jl. Rakyat No.86B","prelist","MEDAN PERJUANGAN","TEGAL REJO","LINGKUNGAN 3","","0813-6654-2931","S. Aktivitas Jasa Lainnya","Gmaps"],
    ["3881","WISDOM Salon","Jl. Perjuangan No.19","prelist","MEDAN PERJUANGAN","SIDORAME TIMUR","LINGKUNGAN 10","","0822-6731-4700","S. Aktivitas Jasa Lainnya","Gmaps"],
    ["3882","Trendy Salon","Jl. Perjuangan No.46","prelist","MEDAN PERJUANGAN","SIDORAME TIMUR","LINGKUNGAN 8","","0853-6173-7471","S. Aktivitas Jasa Lainnya","Gmaps"],
    ["3883","Lisa Beauty Studio","Jl. Perjuangan No.2","prelist","MEDAN PERJUANGAN","SIDORAME TIMUR","LINGKUNGAN 7","","0821-6220-0398","S. Aktivitas Jasa Lainnya","Gmaps"],
    ["3884","Embun Art Space","Jl. Parapat No.19","prelist","MEDAN PERJUANGAN","PANDAU HILIR","LINGKUNGAN 6","","","R. Kesenian, Hiburan dan Rekreasi","Gmaps"],
    ["3885","Baroza Gallery KALIGRAFI","Jl. Pimpinan No.132","prelist","MEDAN PERJUANGAN","SEI KERA HILIR I","LINGKUNGAN 13","","0852-7519-9555","R. Kesenian, Hiburan dan Rekreasi","Gmaps"],
    ["3886","Kun Art","Jalan Danau Singkarak Gg. Madrasah No.22","prelist","MEDAN PERJUANGAN","TEGAL REJO","LINGKUNGAN 6","","(061) 76257377","R. Kesenian, Hiburan dan Rekreasi","Gmaps"],
    ["3887","Lviors Beauty Clinic Medan","Jl. Perintis Kemerdekaan No.27","prelist","MEDAN PERJUANGAN","SIDORAME BARAT I","LINGKUNGAN 10","","0852-6203-5858","S. Aktivitas Jasa Lainnya","Gmaps"],
    ["3888","Salon Morina","Jl. Prof. H. M. Yamin","prelist","MEDAN PERJUANGAN","SEI KERA HILIR II","LINGKUNGAN 2","","","S. Aktivitas Jasa Lainnya","Gmaps"],
    ["3889","Winny Beauty Secret","Jl. Rakyat Komp Permata Sapphire No.B1","prelist","MEDAN PERJUANGAN","TEGAL REJO","LINGKUNGAN 4","","0821-1188-8086","S. Aktivitas Jasa Lainnya","Gmaps"],
    ["3890","VITRY SALON","Jl. Rakyat No.68","prelist","MEDAN PERJUANGAN","SIDORAME TIMUR","LINGKUNGAN 11","","0813-7581-0886","S. Aktivitas Jasa Lainnya","Gmaps"],
    ["3891","Salon Teratai","Jl. Prof. H. M. Yamin","prelist","MEDAN PERJUANGAN","SEI KERA HILIR II","LINGKUNGAN 1","","0812-6497-096","S. Aktivitas Jasa Lainnya","Gmaps"],
    ["3892","ATAN SALON","Jl. Gurilla No.74A","prelist","MEDAN PERJUANGAN","SEI KERA HILIR II","LINGKUNGAN 13","","0813-6176-1276","S. Aktivitas Jasa Lainnya","Gmaps"],
    ["3893","Salon Top","Jl. Prajurit","prelist","MEDAN PERJUANGAN","SIDORAME BARAT I","LINGKUNGAN 11","","0852-1403-1636","S. Aktivitas Jasa Lainnya","Gmaps"],
    ["3894","Queen Salon Kecantikan","Tegal Rejo, Kec. Medan Perjuangan, Kota Medan, Sumatera Utara 20236","prelist","MEDAN PERJUANGAN","TEGAL REJO","LINGKUNGAN 9","","0813-1117-3744","S. Aktivitas Jasa Lainnya","Gmaps"],
    ["3895","AYU SALON","Jl. Pimpinan No.56","prelist","MEDAN PERJUANGAN","SEI KERA HILIR I","LINGKUNGAN 6","","0852-7052-7039","S. Aktivitas Jasa Lainnya","Gmaps"],
    ["3896","Mey Salon","Jl. M. Yakub No.170A","prelist","MEDAN PERJUANGAN","SEI KERA HILIR II","LINGKUNGAN 10","","0813-6223-7575","S. Aktivitas Jasa Lainnya","Gmaps"],
    ["3897","Gita studio","Jl. Rakyat No.67 Sidorame","prelist","MEDAN PERJUANGAN","SIDORAME TIMUR","LINGKUNGAN 12","","0823-8749-9082","S. Aktivitas Jasa Lainnya","Gmaps"],
    ["3898","Salon Lia","Jl. Rakyat No.175","prelist","MEDAN PERJUANGAN","TEGAL REJO","LINGKUNGAN 8","","0813-6131-0589","S. Aktivitas Jasa Lainnya","Gmaps"],
    ["3899","Aka Hair & Beauty Salon","Jl. Hm. Said No.96","prelist","MEDAN PERJUANGAN","SIDORAME BARAT I","LINGKUNGAN 4","","0812-8326-6366","S. Aktivitas Jasa Lainnya","Gmaps"],
    ["3900","FANNY Salon","Jl. Rakyat No.37 C","prelist","MEDAN PERJUANGAN","SIDORAME TIMUR","LINGKUNGAN 11","","0853-7271-4790","S. Aktivitas Jasa Lainnya","Gmaps"],
    ["3901","Asri Salon","Sei Kera Hilir II, Kec. Medan Perjuangan, Kota Medan, Sumatera Utara","prelist","MEDAN PERJUANGAN","SEI KERA HILIR II","LINGKUNGAN 14","","0821-6101-3141","S. Aktivitas Jasa Lainnya","Gmaps"],
    ["3902","Salon June","Jl. Perjuangan No.15","prelist","MEDAN PERJUANGAN","SEI KERA HILIR I","LINGKUNGAN 7","","0823-6209-0352","S. Aktivitas Jasa Lainnya","Gmaps"],
    ["3903","Dear Beauty Salon","Jl. Pendidikan No.120 A","prelist","MEDAN PERJUANGAN","TEGAL REJO","LINGKUNGAN 7","","0812-6246-7949","S. Aktivitas Jasa Lainnya","Gmaps"],
    ["3904","MONA SALON","Jl. Pasar Iii No.159","prelist","MEDAN PERJUANGAN","TEGAL REJO","LINGKUNGAN 10","","","S. Aktivitas Jasa Lainnya","Gmaps"],
    ["3905","Angel B'e Salon","Jl. Prof. H. M. Yamin No.368D","prelist","MEDAN PERJUANGAN","SEI KERA HULU","LINGKUNGAN 2","","0812-6204-9298","S. Aktivitas Jasa Lainnya","Gmaps"],
    ["3906","SANY SALON","Jl. Pelita Iv Kampung Durian No.26","prelist","MEDAN PERJUANGAN","SIDORAME BARAT I","LINGKUNGAN 1","","0821-6443-4439","S. Aktivitas Jasa Lainnya","Gmaps"],
    ["3907","RITU SALON","Jl. Gurilla No.35","prelist","MEDAN PERJUANGAN","SIDORAME TIMUR","LINGKUNGAN 5","","","S. Aktivitas Jasa Lainnya","Gmaps"],
    ["3908","Aqilla Salon","Jl. Rakyat No.49","prelist","MEDAN PERJUANGAN","SIDORAME TIMUR","LINGKUNGAN 11","","0823-6316-9156","S. Aktivitas Jasa Lainnya","Gmaps"],
    ["3909","Eva Salon","Gg. Perwira","prelist","MEDAN PERJUANGAN","TEGAL REJO","LINGKUNGAN 13","","0812-6398-3183","S. Aktivitas Jasa Lainnya","Gmaps"],
    ["3910","Salon Yosa Mega","Jl. Hm. Said No.104","prelist","MEDAN PERJUANGAN","SIDORAME BARAT I","LINGKUNGAN 4","","0823-6336-4383","S. Aktivitas Jasa Lainnya","Gmaps"],
    ["3911","IRMA SALON","Jl. Pelita I No.61","prelist","MEDAN PERJUANGAN","SIDORAME BARAT II","LINGKUNGAN 5","","0831-9422-8281","S. Aktivitas Jasa Lainnya","Gmaps"],
    ["3912","DORA BEAUTY SALON","Jl. Pelita Vi No.82","prelist","MEDAN PERJUANGAN","SIDORAME BARAT II","LINGKUNGAN 8","","0813-7506-5300","S. Aktivitas Jasa Lainnya","Gmaps"],
    ["3913","WIWIK SALON","Jl. Pelita I No.35","prelist","MEDAN PERJUANGAN","SIDORAME BARAT II","LINGKUNGAN 5","","0853-5856-4239","S. Aktivitas Jasa Lainnya","Gmaps"],
    ["3914","ESTAM SALON","Jl. Pelita I","prelist","MEDAN PERJUANGAN","SIDORAME BARAT I","LINGKUNGAN 7","","0822-8540-8605","S. Aktivitas Jasa Lainnya","Gmaps"],
    ["3915","Ayu Salon Medan","Jl. Rakyat No.106","prelist","MEDAN PERJUANGAN","SIDORAME TIMUR","LINGKUNGAN 15","","0853-7379-9306","S. Aktivitas Jasa Lainnya","Gmaps"],
    ["3916","Wati Salon","Jl. Hos Cokroaminoto No.153 E","prelist","MEDAN PERJUANGAN","SEI KERA HULU","LINGKUNGAN 13","","0895-6115-49292","S. Aktivitas Jasa Lainnya","Gmaps"],
    ["3917","Viona Salon","Jl. Panglima No.3","prelist","MEDAN PERJUANGAN","SEI KERA HILIR I","LINGKUNGAN 1","","0858-3776-7533","S. Aktivitas Jasa Lainnya","Gmaps"],
    ["3918","RAMAYANA SALON","Jl. Pasar Iii No.175 B","prelist","MEDAN PERJUANGAN","TEGAL REJO","LINGKUNGAN 10","","0821-6388-4701","S. Aktivitas Jasa Lainnya","Gmaps"],
    ["3919","Ocean Salon","Jl. G.B. Joshua No.50","prelist","MEDAN PERJUANGAN","PANDAU HILIR","LINGKUNGAN 4","","(061) 4537219","S. Aktivitas Jasa Lainnya","Gmaps"],
    ["3920","Casy Salon HM Yamin","Jl. Prof. H. M. Yamin No.225 E","prelist","MEDAN PERJUANGAN","SEI KERA HILIR I","LINGKUNGAN 1","","0878-6814-7913","S. Aktivitas Jasa Lainnya","Gmaps"],
    ["3921","Mister Pangkas","Jl. Pasar Iii No.143","prelist","MEDAN PERJUANGAN","TEGAL REJO","LINGKUNGAN 11","","","S. Aktivitas Jasa Lainnya","Gmaps"],
    ["3922","Salon MNK beautee","Jl. Rakyat No.199","prelist","MEDAN PERJUANGAN","TEGAL REJO","LINGKUNGAN 15","","0896-0343-1098","S. Aktivitas Jasa Lainnya","Gmaps"],
    ["3923","Salon muslimah serdang","Jl. Prof. H. M. Yamin","prelist","MEDAN PERJUANGAN","SEI KERA HILIR II","LINGKUNGAN 11","","","S. Aktivitas Jasa Lainnya","Gmaps"],
    ["3924","Dahlia Salon","Jl. Pasar Iii No.63/95","prelist","MEDAN PERJUANGAN","TEGAL REJO","LINGKUNGAN 8","","0853-5889-8995","S. Aktivitas Jasa Lainnya","Gmaps"],
    ["3925","Lily Salon","Jl. Pelita Iv No.4","prelist","MEDAN PERJUANGAN","SIDORAME BARAT II","LINGKUNGAN 8","","0813-7026-9029","S. Aktivitas Jasa Lainnya","Gmaps"],
    ["3926","Olla Princes Salon","Jl. Rakyat No.134","prelist","MEDAN PERJUANGAN","TEGAL REJO","LINGKUNGAN 12","","","S. Aktivitas Jasa Lainnya","Gmaps"],
    ["3927","Ponpon Beauty Studio","Jl. Sentosa Lama No.52Dd","prelist","MEDAN PERJUANGAN","SEI KERA HULU","LINGKUNGAN 15","","","S. Aktivitas Jasa Lainnya","Gmaps"],
    ["3928","Anni Salon","Jl. Pelita Ii No.91","prelist","MEDAN PERJUANGAN","SIDORAME BARAT II","LINGKUNGAN 6","","","S. Aktivitas Jasa Lainnya","Gmaps"],
    ["3929","Mini Salon","Jl. Pasar Iii No.143","prelist","MEDAN PERJUANGAN","TEGAL REJO","LINGKUNGAN 11","","(061) 6632560","S. Aktivitas Jasa Lainnya","Gmaps"],
    ["3930","Reni Salon","Jl. Rakyat No.49","prelist","MEDAN PERJUANGAN","SIDORAME TIMUR","LINGKUNGAN 11","","","S. Aktivitas Jasa Lainnya","Gmaps"],
    ["3931","Dona Salon","Jl. Pelita Iv No.7A","prelist","MEDAN PERJUANGAN","SIDORAME BARAT I","LINGKUNGAN 1","","","S. Aktivitas Jasa Lainnya","Gmaps"],
    ["3932","YLBeautyStudio","Jl. Letkol Martinus No.8H","prelist","MEDAN PERJUANGAN","PANDAU HILIR","LINGKUNGAN 1","","0852-7778-9967","S. Aktivitas Jasa Lainnya","Gmaps"],
    ["3933","Rikie Salon & Make-up","Jl. Setia Jadi Ujung No.99A","prelist","MEDAN PERJUANGAN","TEGAL REJO","LINGKUNGAN 10","","0878-6801-2300","S. Aktivitas Jasa Lainnya","Gmaps"],
    ["3934","Maria Salon","Jl. Rakyat No.208","prelist","MEDAN PERJUANGAN","TEGAL REJO","LINGKUNGAN 15","","(061) 6625366","S. Aktivitas Jasa Lainnya","Gmaps"],
    ["3935","Mutiara Salon","Jl. Pasar Iii","prelist","MEDAN PERJUANGAN","TEGAL REJO","LINGKUNGAN 14","","0852-6241-9806","S. Aktivitas Jasa Lainnya","Gmaps"],
    ["3936","CRISTINA SALON & RIAS PENGANTIN","Jalan Pasar 3 Krakatau No.124A","prelist","MEDAN PERJUANGAN","TEGAL REJO","LINGKUNGAN 8","","0812-6043-9782","S. Aktivitas Jasa Lainnya","Gmaps"],
    ["3937","Perjuangan Kita Barbershop","Jl. Perjuangan No.138B","prelist","MEDAN PERJUANGAN","SEI KERA HILIR I","LINGKUNGAN 13","","","S. Aktivitas Jasa Lainnya","Gmaps"],
    ["3938","Lavonne Studio","Jl. Gurilla No.37","prelist","MEDAN PERJUANGAN","SEI KERA HILIR I","LINGKUNGAN 6","","0851-8318-2162","S. Aktivitas Jasa Lainnya","Gmaps"],
    ["3939","Siska Salon","Jl. Dorowati No.39-68","prelist","MEDAN PERJUANGAN","SIDORAME BARAT I","LINGKUNGAN 7","","0813-7510-5489","S. Aktivitas Jasa Lainnya","Gmaps"],
    ["3940","Violet Salon","Jl. Rakyat","prelist","MEDAN PERJUANGAN","SIDORAME TIMUR","LINGKUNGAN 12","","0813-7049-4166","S. Aktivitas Jasa Lainnya","Gmaps"],
    ["3941","CELO SALON","Jl. Rakyat No.67","prelist","MEDAN PERJUANGAN","SIDORAME TIMUR","LINGKUNGAN 11","","0838-5282-3694","S. Aktivitas Jasa Lainnya","Gmaps"],
    ["3942","Lia salon","Jl. Sei Kera No.132","prelist","MEDAN PERJUANGAN","SEI KERA HILIR I","LINGKUNGAN 12","","","S. Aktivitas Jasa Lainnya","Gmaps"],
    ["3943","My Salon","Jl. Rakyat No.175","prelist","MEDAN PERJUANGAN","TEGAL REJO","LINGKUNGAN 8","","0853-7379-9306","S. Aktivitas Jasa Lainnya","Gmaps"],
    ["3944","Tina salon","Jl. Rakyat No.14","prelist","MEDAN PERJUANGAN","SIDORAME TIMUR","LINGKUNGAN 3","","0812-9089-5640","S. Aktivitas Jasa Lainnya","Gmaps"],
    ["3945","Yunna Salon 2","Jl. Rakyat No.73","prelist","MEDAN PERJUANGAN","SIDORAME TIMUR","LINGKUNGAN 12","","","S. Aktivitas Jasa Lainnya","Gmaps"],
    ["3946","Fanny Salon","Jl. Hm. Said No.12 C","prelist","MEDAN PERJUANGAN","SIDORAME BARAT I","LINGKUNGAN 12","","0823-6867-7255","S. Aktivitas Jasa Lainnya","Gmaps"],
    ["3947","Shanty Salon","Jl. Madio Utomo No.4","prelist","MEDAN PERJUANGAN","TEGAL REJO","LINGKUNGAN 3","","0852-6064-8182","S. Aktivitas Jasa Lainnya","Gmaps"],
    ["3948","Reny Salon","Jl. Madio Utomo","prelist","MEDAN PERJUANGAN","SIDORAME TIMUR","LINGKUNGAN 14","","","S. Aktivitas Jasa Lainnya","Gmaps"],
    ["3949","SYELA SALON","Jl. Pahlawan No.17","prelist","MEDAN PERJUANGAN","PAHLAWAN","LINGKUNGAN 14","","0813-6105-8493","S. Aktivitas Jasa Lainnya","Gmaps"],
    ["3950","Mr Klimiss Barbershop","Jl. Rakyat No.62B","prelist","MEDAN PERJUANGAN","SIDORAME TIMUR","LINGKUNGAN 11","","0812-6901-4465","I. Penyediaan Akomodasi dan Makan Minum","Gmaps"],
    ["3951","Friendship style barbershop","Gg. Arsitek No.57","prelist","MEDAN PERJUANGAN","TEGAL REJO","LINGKUNGAN 6","","0857-6169-9205","I. Penyediaan Akomodasi dan Makan Minum","Gmaps"],
    ["3952","Barat Lase Barbershop | Pangkas","Jl. Rakyat","prelist","MEDAN PERJUANGAN","SIDORAME TIMUR","LINGKUNGAN 11","","0821-6052-2366","I. Penyediaan Akomodasi dan Makan Minum","Gmaps"],
    ["3953","BARBERSHOP DREAMS","Jl. Perjuangan No.2C","prelist","MEDAN PERJUANGAN","SIDORAME TIMUR","LINGKUNGAN 7","","","I. Penyediaan Akomodasi dan Makan Minum","Gmaps"],
    ["3954","Yakhan Barbershop","Jl. Hm. Said Perum Kodam No.8","prelist","MEDAN PERJUANGAN","SIDORAME BARAT I","LINGKUNGAN 12","","0812-6269-3008","I. Penyediaan Akomodasi dan Makan Minum","Gmaps"],
    ["3955","The Man Barbershop","Jl. Prof. H. M. Yamin No.241","prelist","MEDAN PERJUANGAN","SEI KERA HILIR II","LINGKUNGAN 9","","(061) 42011758","I. Penyediaan Akomodasi dan Makan Minum","Gmaps"],
    ["3956","D Bray Barber","Jl. Perjuangan No.30 Kel","prelist","MEDAN PERJUANGAN","SEI KERA HILIR I","LINGKUNGAN 10","","0831-2357-4038","I. Penyediaan Akomodasi dan Makan Minum","Gmaps"],
    ["3957","Sisca Salon","Jl. Pasar Iii No.69","prelist","MEDAN PERJUANGAN","TEGAL REJO","LINGKUNGAN 14","","","S. Aktivitas Jasa Lainnya","Gmaps"],
    ["3958","Salon Valen","Jl. Rakyat No.109B","prelist","MEDAN PERJUANGAN","TEGAL REJO","LINGKUNGAN 2","","","S. Aktivitas Jasa Lainnya","Gmaps"],
    ["3959","Tikaeyebeauty","Sidorame Bar. II, Kec. Medan Perjuangan, Kota Medan, Sumatera Utara 20233","prelist","MEDAN PERJUANGAN","SIDORAME BARAT II","LINGKUNGAN 4","","0877-1990-1818","S. Aktivitas Jasa Lainnya","Gmaps"],
    ["3960","Joy Salon","Jl. Rakyat No.36","prelist","MEDAN PERJUANGAN","SIDORAME TIMUR","LINGKUNGAN 7","","","S. Aktivitas Jasa Lainnya","Gmaps"],
    ["3961","Eva saloon ( Monica )","Jl. Pahlawan","prelist","MEDAN PERJUANGAN","PAHLAWAN","LINGKUNGAN 3","","0818-0964-7566","S. Aktivitas Jasa Lainnya","Gmaps"],
    ["3962","Salon Rizqi","Jl. Sentosa Lama No.48-42","prelist","MEDAN PERJUANGAN","SEI KERA HULU","LINGKUNGAN 12","","0812-1389-115","S. Aktivitas Jasa Lainnya","Gmaps"],
    ["3963","Navabeauty salon","Jl. Dorowati No.36","prelist","MEDAN PERJUANGAN","SIDORAME BARAT II","LINGKUNGAN 1","","0813-3763-9286","S. Aktivitas Jasa Lainnya","Gmaps"],
    ["3964","JUWBEAUTE23","Jl. Komp. Graha Krakatau","prelist","MEDAN PERJUANGAN","TEGAL REJO","LINGKUNGAN 10","","0853-6239-3544","S. Aktivitas Jasa Lainnya","Gmaps"],
    ["3965","LYNE GLAM","Gg. Suka Famili No.8","prelist","MEDAN PERJUANGAN","SEI KERA HILIR I","LINGKUNGAN 13","","0816-1193-783","S. Aktivitas Jasa Lainnya","Gmaps"],
    ["3966","Laundry King Clean Laundromat","Jl. Pasar Iii No.60","prelist","MEDAN PERJUANGAN","TEGAL REJO","LINGKUNGAN 9","","","S. Aktivitas Jasa Lainnya","Gmaps"],
    ["3967","Yorin Fast Wash-Coin Laundry","Jl. Permai No.42B","prelist","MEDAN PERJUANGAN","SIDORAME TIMUR","LINGKUNGAN 13","","0813-7571-7042","S. Aktivitas Jasa Lainnya","Gmaps"],
    ["3968","Shine laundry","Jl. Rakyat No.61A","prelist","MEDAN PERJUANGAN","SIDORAME TIMUR","LINGKUNGAN 12","","0822-7292-6325","S. Aktivitas Jasa Lainnya","Gmaps"],
    ["3969","BENRESIK LAUNDRY","Jl. Pimpinan No.70","prelist","MEDAN PERJUANGAN","SEI KERA HILIR I","LINGKUNGAN 10","","0895-0402-4304","S. Aktivitas Jasa Lainnya","Gmaps"],
    ["3970","Max Laundry Express","Jl. Rakyat No.132","prelist","MEDAN PERJUANGAN","TEGAL REJO","LINGKUNGAN 12","","0812-1096-8096","S. Aktivitas Jasa Lainnya","Gmaps"],
    ["3971","Wash n Co Laundry","Jl. Pasar Iii Jl. Gunung Krakatau No.63/132","prelist","MEDAN PERJUANGAN","TEGAL REJO","LINGKUNGAN 8","","0812-8333-8006","S. Aktivitas Jasa Lainnya","Gmaps"],
    ["3972","HELSA LAUNDRY","Jl. Perjuangan No.28","prelist","MEDAN PERJUANGAN","SIDORAME TIMUR","LINGKUNGAN 8","","0819-9774-7820","S. Aktivitas Jasa Lainnya","Gmaps"],
    ["3973","Coin Laundry ANDDORA","Jl. Perjuangan No.96","prelist","MEDAN PERJUANGAN","SEI KERA HILIR I","LINGKUNGAN 11","","0813-6128-3288","S. Aktivitas Jasa Lainnya","Gmaps"],
    ["3974","Berkah Laundry","Jl. Perjuangan No.2","prelist","MEDAN PERJUANGAN","SEI KERA HILIR I","LINGKUNGAN 7","","0852-7600-9245","S. Aktivitas Jasa Lainnya","Gmaps"],
    ["3975","Quick Clen Laundromat","Jl. Perjuangan No.57B","prelist","MEDAN PERJUANGAN","SIDORAME TIMUR","LINGKUNGAN 8","","0853-5877-3165","S. Aktivitas Jasa Lainnya","Gmaps"],
    ["3976","Laundry 99","Jl. Perjuangan No.60","prelist","MEDAN PERJUANGAN","SEI KERA HILIR I","LINGKUNGAN 10","","0895-2879-3932","S. Aktivitas Jasa Lainnya","Gmaps"],
    ["3977","Yuin Wash Laundry and Dryclean","Jl. Perjuangan","prelist","MEDAN PERJUANGAN","SEI KERA HILIR I","LINGKUNGAN 11","","0878-3933-0999","S. Aktivitas Jasa Lainnya","Gmaps"],
    ["3978","Nikland Barbershop","Jl. Rakyat No.120","prelist","MEDAN PERJUANGAN","TEGAL REJO","LINGKUNGAN 12","","","I. Penyediaan Akomodasi dan Makan Minum","Gmaps"],
    ["3979","SIGA BARBERSHOP","Jl. Gurilla No.165","prelist","MEDAN PERJUANGAN","SEI KERA HILIR I","LINGKUNGAN 4","","0821-2378-5971","I. Penyediaan Akomodasi dan Makan Minum","Gmaps"],
    ["3980","Avore Pangkas","Sidorame Tim., Kec. Medan Perjuangan, Kota Medan, Sumatera Utara 20233","prelist","MEDAN PERJUANGAN","SIDORAME TIMUR","LINGKUNGAN 1","","0852-6650-0021","I. Penyediaan Akomodasi dan Makan Minum","Gmaps"],
    ["3981","49 barbershop medan","Jl. Deli Tua No.47","prelist","MEDAN PERJUANGAN","PANDAU HILIR","LINGKUNGAN 9","","","I. Penyediaan Akomodasi dan Makan Minum","Gmaps"],
    ["3982","AZKA FRESH LOUNDRY","Jl. Gurilla No.57","prelist","MEDAN PERJUANGAN","SEI KERA HILIR I","LINGKUNGAN 5","","0852-7073-1978","S. Aktivitas Jasa Lainnya","Gmaps"],
    ["3983","Meza Laundry","Jl. Pasar Iii No.103","prelist","MEDAN PERJUANGAN","TEGAL REJO","LINGKUNGAN 11","","","S. Aktivitas Jasa Lainnya","Gmaps"],
    ["3984","Mom's loundry","Jl. Nanggarjati No.39","prelist","MEDAN PERJUANGAN","SIDORAME TIMUR","LINGKUNGAN 6","","0813-7077-6522","S. Aktivitas Jasa Lainnya","Gmaps"],
    ["3985","BEAUTY LAUNDRY","Jl. Rakyat No.184","prelist","MEDAN PERJUANGAN","TEGAL REJO","LINGKUNGAN 10","","","S. Aktivitas Jasa Lainnya","Gmaps"],
    ["3986","Savon Laundry","Jl. Pimpinan No.121","prelist","MEDAN PERJUANGAN","SEI KERA HILIR I","LINGKUNGAN 12","","","S. Aktivitas Jasa Lainnya","Gmaps"],
    ["3987","Smart Laundry","Jl. Rakyat No.43A","prelist","MEDAN PERJUANGAN","SIDORAME TIMUR","LINGKUNGAN 11","","0813-6577-8595","S. Aktivitas Jasa Lainnya","Gmaps"],
    ["3988","Do Wash Laundry Medan","Jl. Pasar Iii No.54C","prelist","MEDAN PERJUANGAN","TEGAL REJO","LINGKUNGAN 9","","0812-9517-3898","S. Aktivitas Jasa Lainnya","Gmaps"],
    ["3989","Ice Laundry","Jl. Gurilla No.85","prelist","MEDAN PERJUANGAN","SEI KERA HILIR I","LINGKUNGAN 5","","0812-1000-0650","S. Aktivitas Jasa Lainnya","Gmaps"],
    ["3990","Andalusia Fresh Laundry","Jl. Gurilla No.10","prelist","MEDAN PERJUANGAN","SEI KERA HILIR II","LINGKUNGAN 4","","0812-6000-0572","S. Aktivitas Jasa Lainnya","Gmaps"],
    ["3991","Arkris Loundry (Loundry Antar Jemput)","Gg. Sejahtera No.8","prelist","MEDAN PERJUANGAN","SIDORAME BARAT II","LINGKUNGAN 8","","0852-7488-2448","S. Aktivitas Jasa Lainnya","Gmaps"],
    ["3992","LUBIS LAUNDRY","Jl. Perjuangan No.76","prelist","MEDAN PERJUANGAN","SEI KERA HILIR I","LINGKUNGAN 11","","0838-4233-7142","S. Aktivitas Jasa Lainnya","Gmaps"],
    ["3993","Lex Laundry Rakyat","Jl. Rakyat","prelist","MEDAN PERJUANGAN","SIDORAME TIMUR","LINGKUNGAN 15","","0812-6076-0363","S. Aktivitas Jasa Lainnya","Gmaps"],
    ["3994","Xpress laundry","Jl. Mesjid Taufik No.87","prelist","MEDAN PERJUANGAN","TEGAL REJO","LINGKUNGAN 7","","","S. Aktivitas Jasa Lainnya","Gmaps"],
    ["3995","Dede Laundry","Jl. Rakyat No.175","prelist","MEDAN PERJUANGAN","TEGAL REJO","LINGKUNGAN 8","","0852-6219-2882","S. Aktivitas Jasa Lainnya","Gmaps"],
    ["3996","Smart Laundry","Jl. Pasar Iii","prelist","MEDAN PERJUANGAN","TEGAL REJO","LINGKUNGAN 10","","0813-6577-8595","S. Aktivitas Jasa Lainnya","Gmaps"],
    ["3997","Laundry Kemboja","Jl. Gurilla No.35","prelist","MEDAN PERJUANGAN","SEI KERA HILIR I","LINGKUNGAN 6","","","S. Aktivitas Jasa Lainnya","Gmaps"],
    ["3998","Vey Laundry","Jl. Pendidikan No.116","prelist","MEDAN PERJUANGAN","TEGAL REJO","LINGKUNGAN 7","","","S. Aktivitas Jasa Lainnya","Gmaps"],
    ["3999","Elma Loundry","Jl. M. Yakub Gg. Salamah No.18","prelist","MEDAN PERJUANGAN","SEI KERA HILIR II","LINGKUNGAN 13","","0823-7674-5184","S. Aktivitas Jasa Lainnya","Gmaps"],
    ["4000","Vey Laundry (lorong karto)","Jl. Pelita Ii No.121","prelist","MEDAN PERJUANGAN","SIDORAME BARAT II","LINGKUNGAN 3","","0852-7606-7513","S. Aktivitas Jasa Lainnya","Gmaps"],
    ["4001","CLC LAUNDRY","Jl. Rakyat No.76","prelist","MEDAN PERJUANGAN","SIDORAME TIMUR","LINGKUNGAN 12","","0821-6679-1339","S. Aktivitas Jasa Lainnya","Gmaps"],
    ["4002","Max Wash Laundry","Jl. M. Yakub No.44","prelist","MEDAN PERJUANGAN","SEI KERA HILIR I","LINGKUNGAN 1","","","S. Aktivitas Jasa Lainnya","Gmaps"],
    ["4003","Laundry Gen Z","Jl. Pimpinan No.128 1","prelist","MEDAN PERJUANGAN","SEI KERA HILIR I","LINGKUNGAN 4","","0813-6228-6358","S. Aktivitas Jasa Lainnya","Gmaps"],
    ["4004","KITAB LAUNDRY","Gg. Kitab","prelist","MEDAN PERJUANGAN","SEI KERA HILIR II","LINGKUNGAN 5","","","S. Aktivitas Jasa Lainnya","Gmaps"],
    ["4005","ISTANA KOST & LAUNDRY","Jl. Perjuangan","prelist","MEDAN PERJUANGAN","SEI KERA HILIR I","LINGKUNGAN 10","","","S. Aktivitas Jasa Lainnya","Gmaps"],
    ["4006","Laundry & Dry Clean","Jl. Hm. Said No.34","prelist","MEDAN PERJUANGAN","SIDORAME BARAT I","LINGKUNGAN 5","","(061) 77611711","S. Aktivitas Jasa Lainnya","Gmaps"],
    ["4007","Taira Laundry","Jl. Pelita I No.28","prelist","MEDAN PERJUANGAN","SIDORAME BARAT I","LINGKUNGAN 5","","","S. Aktivitas Jasa Lainnya","Gmaps"],
    ["4008","Dragon's Laundry","Jl. M. Yakub No.89","prelist","MEDAN PERJUANGAN","SEI KERA HILIR II","LINGKUNGAN 13","","0857-6214-5270","S. Aktivitas Jasa Lainnya","Gmaps"],
    ["4009","Milano","Jl. Perjuangan","prelist","MEDAN PERJUANGAN","SIDORAME TIMUR","LINGKUNGAN 10","","0853-5809-0477","S. Aktivitas Jasa Lainnya","Gmaps"],
    ["4010","Tunas Laundry","Jl. Madio Utomo No.94","prelist","MEDAN PERJUANGAN","SIDORAME TIMUR","LINGKUNGAN 14","","","S. Aktivitas Jasa Lainnya","Gmaps"],
    ["4011","Sahabat laundry","Jl. Pimpinan No.141A","prelist","MEDAN PERJUANGAN","SEI KERA HILIR I","LINGKUNGAN 13","","","S. Aktivitas Jasa Lainnya","Gmaps"],
    ["4012","Super Fresh","Lorong 3 No.2, Sidorame Bar. II, Kec. Medan Perjuangan, Kota Medan, Sumatera Utara 20233","prelist","MEDAN PERJUANGAN","SIDORAME BARAT II","LINGKUNGAN 1","","(061) 4140497","S. Aktivitas Jasa Lainnya","Gmaps"],
    ["4013","BANGAL LAUNDRY","Jl. Madio Utomo No.18","prelist","MEDAN PERJUANGAN","TEGAL REJO","LINGKUNGAN 3","","","S. Aktivitas Jasa Lainnya","Gmaps"],
    ["4014","TOP Laundry Serdang","Jl. Prof. H. M. Yamin","prelist","MEDAN PERJUANGAN","SEI KERA HULU","LINGKUNGAN 5","","0822-2691-4466","S. Aktivitas Jasa Lainnya","Gmaps"],
    ["4015","Betty Wash","Jl. Pelita Iv No.184","prelist","MEDAN PERJUANGAN","SIDORAME BARAT II","LINGKUNGAN 3","","0813-6250-1741","S. Aktivitas Jasa Lainnya","Gmaps"],
    ["4016","JAYA LAUNDRY","Jl. Gurilla No.63","prelist","MEDAN PERJUANGAN","SEI KERA HILIR I","LINGKUNGAN 5","","","S. Aktivitas Jasa Lainnya","Gmaps"],
    ["4017","Laundry Berkah & Toko Peralatan Laundry","Jl. Mesjid Taufik No.118","prelist","MEDAN PERJUANGAN","TEGAL REJO","LINGKUNGAN 7","","0823-6060-6464","S. Aktivitas Jasa Lainnya","Gmaps"],
    ["4018","Gkm Laundry","Jl. Rakyat No.74","prelist","MEDAN PERJUANGAN","SIDORAME TIMUR","LINGKUNGAN 12","","","S. Aktivitas Jasa Lainnya","Gmaps"],
    ["4019","88 Laundry","Jl. Pelita Ii No.101","prelist","MEDAN PERJUANGAN","SIDORAME BARAT II","LINGKUNGAN 6","","","S. Aktivitas Jasa Lainnya","Gmaps"],
    ["4020","F1 LAUNDRY & DRY CLEANING","Jl. Panglima No.3","prelist","MEDAN PERJUANGAN","SEI KERA HILIR I","LINGKUNGAN 1","","0812-6074-9500","S. Aktivitas Jasa Lainnya","Gmaps"],
    ["4021","Laundry Devy","Jl. Mesjid Taufik Gg. Beringin","prelist","MEDAN PERJUANGAN","TEGAL REJO","LINGKUNGAN 13","","","S. Aktivitas Jasa Lainnya","Gmaps"],
    ["4022","Care Laundry","Jl. Pelita I No.49","prelist","MEDAN PERJUANGAN","SIDORAME BARAT II","LINGKUNGAN 5","","","S. Aktivitas Jasa Lainnya","Gmaps"],
    ["4023","Laundry Klin","Jl. Hm. Said No.26","prelist","MEDAN PERJUANGAN","SIDORAME BARAT I","LINGKUNGAN 12","","","S. Aktivitas Jasa Lainnya","Gmaps"],
    ["4024","HAPPY LAUNDRY","Jl. Pasar Iii Jl. Gunung Krakatau No.128","prelist","MEDAN PERJUANGAN","TEGAL REJO","LINGKUNGAN 8","","","S. Aktivitas Jasa Lainnya","Gmaps"],
    ["4025","Laundry.id","Jl. Gurilla","prelist","MEDAN PERJUANGAN","SEI KERA HILIR I","LINGKUNGAN 2","","0822-1382-6213","S. Aktivitas Jasa Lainnya","Gmaps"],
    ["4026","Quick Clen Laundromat (Pelita1)","Jl. Pelita I No.85A","prelist","MEDAN PERJUANGAN","SIDORAME BARAT II","LINGKUNGAN 4","","","S. Aktivitas Jasa Lainnya","Gmaps"],
    ["4027","Kirei Laundry Pancing","Jl. Rakyat","prelist","MEDAN PERJUANGAN","TEGAL REJO","LINGKUNGAN 3","","0852-7038-1197","S. Aktivitas Jasa Lainnya","Gmaps"],
    ["4028","ZANET LAUNDRY","Jl. Rakyat No.163","prelist","MEDAN PERJUANGAN","TEGAL REJO","LINGKUNGAN 8","","","S. Aktivitas Jasa Lainnya","Gmaps"],
    ["4029","Piramidd coin laundry","Jl. Sei Kera No.212-200","prelist","MEDAN PERJUANGAN","PANDAU HILIR","LINGKUNGAN 5","","","S. Aktivitas Jasa Lainnya","Gmaps"],
    ["4030","Violet laundry Gurilla","Jl. Gurilla Gg. Suka Damai","prelist","MEDAN PERJUANGAN","SEI KERA HILIR I","LINGKUNGAN 5","","","S. Aktivitas Jasa Lainnya","Gmaps"],
    ["4031","Olive Laundry","Jl. Sei Kera No.276","prelist","MEDAN PERJUANGAN","SEI KERA HULU","LINGKUNGAN 10","","0851-7531-1688","S. Aktivitas Jasa Lainnya","Gmaps"],
    ["4032","Naito Laundry","Jl. Hos Cokroaminoto No.209","prelist","MEDAN PERJUANGAN","SEI KERA HULU","LINGKUNGAN 14","","0851-0128-0333","S. Aktivitas Jasa Lainnya","Gmaps"],
    ["4033","PIMPINAN LAUNDRY","Jl. Pimpinan No.105","prelist","MEDAN PERJUANGAN","SEI KERA HILIR I","LINGKUNGAN 12","","","S. Aktivitas Jasa Lainnya","Gmaps"],
    ["4034","Berkah la","Jl. Ibrahim Umar Jl. Pimpinan No.Simpang","prelist","MEDAN PERJUANGAN","SEI KERA HILIR I","LINGKUNGAN 6","","","S. Aktivitas Jasa Lainnya","Gmaps"],
    ["4035","Queen Laundry","Jl. Mesjid Taufik No.175","prelist","MEDAN PERJUANGAN","TEGAL REJO","LINGKUNGAN 4","","","S. Aktivitas Jasa Lainnya","Gmaps"],
    ["4036","Y & D LAUNDRY","Jl. Gurilla No.129","prelist","MEDAN PERJUANGAN","SEI KERA HILIR I","LINGKUNGAN 4","","","S. Aktivitas Jasa Lainnya","Gmaps"],
    ["4037","FAMILY LAUNDRY","Jl. Dorowati No.77","prelist","MEDAN PERJUANGAN","SIDORAME BARAT I","LINGKUNGAN 7","","","S. Aktivitas Jasa Lainnya","Gmaps"],
    ["4038","AURORA LAUNDRY EXPRESS","Jl. Pelita I No.78","prelist","MEDAN PERJUANGAN","SIDORAME BARAT I","LINGKUNGAN 7","","","S. Aktivitas Jasa Lainnya","Gmaps"],
    ["4039","Super","Jl. M. Yakub No.82 H","prelist","MEDAN PERJUANGAN","SEI KERA HILIR II","LINGKUNGAN 13","","0853-6326-9409","S. Aktivitas Jasa Lainnya","Gmaps"],
    ["4040","Muslimah Laundry","Jl. Gurilla No.71","prelist","MEDAN PERJUANGAN","SEI KERA HILIR I","LINGKUNGAN 5","","","S. Aktivitas Jasa Lainnya","Gmaps"],
    ["4041","El Mart & Al Laundry","Jl. Ibrahim Umar","prelist","MEDAN PERJUANGAN","SEI KERA HILIR II","LINGKUNGAN 14","","","S. Aktivitas Jasa Lainnya","Gmaps"],
    ["4042","E.r Laundry","Jl. Mesjid Taufik No.111","prelist","MEDAN PERJUANGAN","TEGAL REJO","LINGKUNGAN 7","","","S. Aktivitas Jasa Lainnya","Gmaps"],
    ["4043","Lilis Laundry","Jl. Pasar Iii No.75 B","prelist","MEDAN PERJUANGAN","TEGAL REJO","LINGKUNGAN 14","","0821-6089-8934","S. Aktivitas Jasa Lainnya","Gmaps"],
    ["4044","Istana laundry","Jl. Sentosa Lama Jl. Aksara No.Dekat","prelist","MEDAN PERJUANGAN","SEI KERA HULU","LINGKUNGAN 12","","","S. Aktivitas Jasa Lainnya","Gmaps"],
    ["4045","Athena Laundry","Jl. M.H Thamrin No.79","prelist","MEDAN PERJUANGAN","PANDAU HILIR","LINGKUNGAN 4","","(061) 75117400","S. Aktivitas Jasa Lainnya","Gmaps"],
    ["4046","Alvi-Azmi Laundry","Gg. Leman","prelist","MEDAN PERJUANGAN","SEI KERA HULU","LINGKUNGAN 12","","","S. Aktivitas Jasa Lainnya","Gmaps"],
    ["4047","ANUGERAH ABADI LAUNDRY","Jl. Prof. H. M. Yamin No.441","prelist","MEDAN PERJUANGAN","SEI KERA HILIR I","LINGKUNGAN 1","","","S. Aktivitas Jasa Lainnya","Gmaps"],
    ["4048","FN Laundry Coin","Jl. Prof. H. M. Yamin No.249","prelist","MEDAN PERJUANGAN","SEI KERA HILIR II","LINGKUNGAN 10","","0812-6074-9588","S. Aktivitas Jasa Lainnya","Gmaps"],
    ["4049","Trineterance Laundry","Jl. Sei Kera","prelist","MEDAN PERJUANGAN","PANDAU HILIR","LINGKUNGAN 8","","0813-6714-2214","S. Aktivitas Jasa Lainnya","Gmaps"],
    ["4050","Laundry Plus Pahlawan","Jl. Pahlawan No.88B","prelist","MEDAN PERJUANGAN","PAHLAWAN","LINGKUNGAN 2","","0821-2288-6388","S. Aktivitas Jasa Lainnya","Gmaps"],
    ["4051","Fast & Fresh","Jl. Gurilla No.50","prelist","MEDAN PERJUANGAN","SEI KERA HILIR I","LINGKUNGAN 2","","0813-9675-3264","S. Aktivitas Jasa Lainnya","Gmaps"],
    ["4052","D'ALYA LAUNDRY","Jl. Terusan Negara No.10","prelist","MEDAN PERJUANGAN","PAHLAWAN","LINGKUNGAN 14","","0813-9751-5823","S. Aktivitas Jasa Lainnya","Gmaps"],
    ["4053","Arsalan Laundry","Jl. Gurilla No.69","prelist","MEDAN PERJUANGAN","SEI KERA HILIR I","LINGKUNGAN 5","","","S. Aktivitas Jasa Lainnya","Gmaps"],
    ["4054","KAK FIZAH LAUNDRY","Jl. Setia Jadi No.46","prelist","MEDAN PERJUANGAN","TEGAL REJO","LINGKUNGAN 15","","","S. Aktivitas Jasa Lainnya","Gmaps"],
    ["4055","Al - Azhar Asy - Syarif Laundry","Jl. Ibrahim Umar No.15","prelist","MEDAN PERJUANGAN","SEI KERA HILIR I","LINGKUNGAN 7","","","S. Aktivitas Jasa Lainnya","Gmaps"],
    ["4056","Hohocoinlaundry","Jl. Pelita I No.41","prelist","MEDAN PERJUANGAN","SIDORAME BARAT II","LINGKUNGAN 5","","0822-6776-7120","S. Aktivitas Jasa Lainnya","Gmaps"],
    ["4057","Tenun Laundry Jalan Sibolga","Jl. Sibolga No.7","prelist","MEDAN PERJUANGAN","PANDAU HILIR","LINGKUNGAN 5","","0838-2404-8240","S. Aktivitas Jasa Lainnya","Gmaps"],
    ["4058","Salama Laundry","Jl. Pimpinan No.143","prelist","MEDAN PERJUANGAN","SEI KERA HILIR I","LINGKUNGAN 13","","","S. Aktivitas Jasa Lainnya","Gmaps"],
    ["4059","Cm Laundry","Jl. Pahlawan No.199 C","prelist","MEDAN PERJUANGAN","PAHLAWAN","LINGKUNGAN 15","","0813-6248-2020","S. Aktivitas Jasa Lainnya","Gmaps"],
    ["4060","Kawan Nusantara Premium Wash & Cafe","Jl. Rakyat No.36","prelist","MEDAN PERJUANGAN","SIDORAME TIMUR","LINGKUNGAN 7","","0811-6511-680","S. Aktivitas Jasa Lainnya","Gmaps"],
    ["4061","DOORSMEER OZIEL","Jl. Pelita Ii No.108","prelist","MEDAN PERJUANGAN","SIDORAME TIMUR","LINGKUNGAN 11","","","S. Aktivitas Jasa Lainnya","Gmaps"],
    ["4062","Doorsmeer Beni","Jl. Pelita Iv","prelist","MEDAN PERJUANGAN","SIDORAME BARAT I","LINGKUNGAN 1","","","S. Aktivitas Jasa Lainnya","Gmaps"],
    ["4063","Cuci Motor Hidrolik","Jl. Rakyat No.112","prelist","MEDAN PERJUANGAN","SIDORAME TIMUR","LINGKUNGAN 15","","","S. Aktivitas Jasa Lainnya","Gmaps"],
    ["4064","DOORSMEER MOBIL DAN MOTOR BG RIO","Jl. Pasar Iii No.190","prelist","MEDAN PERJUANGAN","TEGAL REJO","LINGKUNGAN 8","","","S. Aktivitas Jasa Lainnya","Gmaps"],
    ["4065","Doorsmeer Bersih Indah Rapi","Jl. Permai","prelist","MEDAN PERJUANGAN","SIDORAME TIMUR","LINGKUNGAN 12","","0821-6087-1391","S. Aktivitas Jasa Lainnya","Gmaps"],
    ["4066","DOORSMEER A&G","Jl. Gurilla No.20","prelist","MEDAN PERJUANGAN","SEI KERA HILIR I","LINGKUNGAN 3","","0851-7794-9670","S. Aktivitas Jasa Lainnya","Gmaps"],
    ["4067","RAJA CUCI MOTOR","Jl. Pahlawan No.17","prelist","MEDAN PERJUANGAN","PAHLAWAN","LINGKUNGAN 1","","","S. Aktivitas Jasa Lainnya","Gmaps"],
    ["4068","HERO DOORSMEER (HANYA SEPEDA MOTOR/AMBAL)","Jl. Pahlawan No.40 Rt.02","prelist","MEDAN PERJUANGAN","PAHLAWAN","LINGKUNGAN 2","","0823-6761-0300","S. Aktivitas Jasa Lainnya","Gmaps"],
    ["4069","Steam Wash Medan","Jl. Pimpinan No.127","prelist","MEDAN PERJUANGAN","SEI KERA HILIR I","LINGKUNGAN 13","","","S. Aktivitas Jasa Lainnya","Gmaps"],
    ["4070","R & F","Jl. Prajurit","prelist","MEDAN PERJUANGAN","SIDORAME BARAT I","LINGKUNGAN 11","","0812-6097-022","S. Aktivitas Jasa Lainnya","Gmaps"],
    ["4071","Wash Zone","Jl. Negara No.68","prelist","MEDAN PERJUANGAN","PAHLAWAN","LINGKUNGAN 11","","(061) 4526740","S. Aktivitas Jasa Lainnya","Gmaps"],
    ["4072","Terang diana jaya","Jl. Rakyat No.112","prelist","MEDAN PERJUANGAN","SIDORAME TIMUR","LINGKUNGAN 15","","0815-3463-5499","S. Aktivitas Jasa Lainnya","Gmaps"],
    ["4073","Kinclong Doorsmeer","Jl. Pelita Ii No.63","prelist","MEDAN PERJUANGAN","SIDORAME BARAT II","LINGKUNGAN 7","","0812-6538-542","S. Aktivitas Jasa Lainnya","Gmaps"],
    ["4074","RAISA LAUNDRY","Jl. G.B. Joshua No.67","prelist","MEDAN PERJUANGAN","PANDAU HILIR","LINGKUNGAN 4","","","S. Aktivitas Jasa Lainnya","Gmaps"],
    ["4075","DINAN SELULAR","Jl. Panglima Jl. Sentosa Baru No.Simpang","prelist","MEDAN PERJUANGAN","SEI KERA HILIR I","LINGKUNGAN 1","","0821-6147-5743","S. Aktivitas Jasa Lainnya","Gmaps"],
    ["4076","Gang Rezeki C","Gg. Rezeki C","prelist","MEDAN PERJUANGAN","SEI KERA HULU","LINGKUNGAN 11","","0856-6057-386","S. Aktivitas Jasa Lainnya","Gmaps"],
    ["4077","Bisnis Web","Jl. Pimpinan No.29","prelist","MEDAN PERJUANGAN","SEI KERA HILIR I","LINGKUNGAN 9","","0813-7590-5606","S. Aktivitas Jasa Lainnya","Gmaps"],
    ["4078","COGA SERVICE KOMPUTER","Jln.H.M Said No.3 Jln.Klambir 5 Komplek Graha Indah Kelapa Gading Blok G No.15","prelist","MEDAN PERJUANGAN","SIDORAME BARAT I","LINGKUNGAN 6","","0812-6078-8692","S. Aktivitas Jasa Lainnya","Gmaps"],
    ["4079","FC SERVES","Jl. Hm. Said No.17","prelist","MEDAN PERJUANGAN","SIDORAME BARAT I","LINGKUNGAN 12","","0812-6246-9639","S. Aktivitas Jasa Lainnya","Gmaps"],
    ["4080","Anugerah : Service HP dan Laptop","Jl. Perjuangan No.140","prelist","MEDAN PERJUANGAN","SEI KERA HILIR I","LINGKUNGAN 13","","","S. Aktivitas Jasa Lainnya","Gmaps"],
    ["4081","Radja Technique","Jl. Pelita I No.37","prelist","MEDAN PERJUANGAN","SIDORAME BARAT II","LINGKUNGAN 5","","0853-1070-9582","D. Pengadaan Listrik, Gas, Uap/Air Panas, dan Udara Dingin","Gmaps"],
    ["4082","Berkah AC","Jl. Setia Jadi Gg. Selamat No.24A","prelist","MEDAN PERJUANGAN","TEGAL REJO","LINGKUNGAN 15","","0812-7280-5131","D. Pengadaan Listrik, Gas, Uap/Air Panas, dan Udara Dingin","Gmaps"],
    ["4083","TEMAN TUKANG","Gg. Langgar Padang No.4","prelist","MEDAN PERJUANGAN","SEI KERA HILIR I","LINGKUNGAN 13","","0811-6392-506","D. Pengadaan Listrik, Gas, Uap/Air Panas, dan Udara Dingin","Gmaps"],
    ["4084","MERAH SERVICE AC","Jl Hm Yamin Gg Obat, Kec. Medan Perjuangan, Sumatera Utara 20232","prelist","MEDAN PERJUANGAN","SEI KERA HILIR II","LINGKUNGAN 3","","0821-3030-6167","D. Pengadaan Listrik, Gas, Uap/Air Panas, dan Udara Dingin","Gmaps"],
    ["4085","Doctorhelmet","Jl. Perjuangan No.118","prelist","MEDAN PERJUANGAN","SEI KERA HILIR I","LINGKUNGAN 12","","","S. Aktivitas Jasa Lainnya","Gmaps"],
    ["4086","BERKAT DOORSMEER","Jl. Rakyat No.116C","prelist","MEDAN PERJUANGAN","SIDORAME TIMUR","LINGKUNGAN 15","","","S. Aktivitas Jasa Lainnya","Gmaps"],
    ["4087","DOORSMER ANAK BANGSA","Jl. Perjuangan No.84","prelist","MEDAN PERJUANGAN","SEI KERA HILIR I","LINGKUNGAN 11","","0822-7263-5389","S. Aktivitas Jasa Lainnya","Gmaps"],
    ["4088","DOORSMEER ELCIA MOTOWASH","Jl. Pasar Iii","prelist","MEDAN PERJUANGAN","TEGAL REJO","LINGKUNGAN 8","","0813-7424-3802","S. Aktivitas Jasa Lainnya","Gmaps"],
    ["4089","Snow wash","Jl. Pasar Iii No.124A","prelist","MEDAN PERJUANGAN","TEGAL REJO","LINGKUNGAN 8","","0852-9717-7799","S. Aktivitas Jasa Lainnya","Gmaps"],
    ["4090","JKY INDONESIA","Jl. Prof. H. M. Yamin No.340","prelist","MEDAN PERJUANGAN","SEI KERA HULU","LINGKUNGAN 1","","0851-9110-3113","S. Aktivitas Jasa Lainnya","Gmaps"],
    ["4091","Rumah Jona","Jl. Letkol Martinus Doloksanggul No.30","prelist","MEDAN PERJUANGAN","PANDAU HILIR","LINGKUNGAN 1","","","P. Pendidikan","Gmaps"],
    ["4092","Rumah Aset Negara","Jl. Gurilla No.94","prelist","MEDAN PERJUANGAN","SEI KERA HILIR II","LINGKUNGAN 12","","","P. Pendidikan","Gmaps"],
    ["4093","ASMITA HOME","Gg. Sabar","prelist","MEDAN PERJUANGAN","SEI KERA HILIR I","LINGKUNGAN 8","","","P. Pendidikan","Gmaps"],
    ["4094","Rumah fitria","Jl. Gurilla Gg. Suka Damai No.6","prelist","MEDAN PERJUANGAN","SEI KERA HILIR I","LINGKUNGAN 5","","","P. Pendidikan","Gmaps"],
    ["4095","PAUD Islam Hidayah","Jl. Pelita Vi Gg. Sejahtera No.6","prelist","MEDAN PERJUANGAN","SIDORAME BARAT II","LINGKUNGAN 8","","0853-7029-2929","P. Pendidikan","Gmaps"],
    ["4096","Finnberd Preschool","Jalan Sibolga No. 41 A","prelist","MEDAN PERJUANGAN","PANDAU HILIR","LINGKUNGAN 5","","0822-7689-8608","P. Pendidikan","Gmaps"],
    ["4097","Pokdakan bersama pelita berkah","Jl. Pelita I No.19","prelist","MEDAN PERJUANGAN","SIDORAME BARAT I","LINGKUNGAN 4","","","P. Pendidikan","Gmaps"],
    ["4098","Rumah","Tegal Rejo, Kec. Medan Perjuangan, Kota Medan, Sumatera Utara 20236","prelist","MEDAN PERJUANGAN","SIDORAME BARAT I","LINGKUNGAN 4","","","P. Pendidikan","Gmaps"],
    ["4099","Edukids Play Group And Education Centre","Jl. Palembang No.25","prelist","MEDAN PERJUANGAN","PANDAU HILIR","LINGKUNGAN 5","","(061) 4159134","P. Pendidikan","Gmaps"],
    ["4100","Kelompok Bermain & Taman Kanak-Kanak Happy Holy Kids","Kompleks Krakatau Indah","prelist","MEDAN PERJUANGAN","TEGAL REJO","LINGKUNGAN 7","","0813-7516-8646","P. Pendidikan","Gmaps"],
    ["4101","Akademi Pariwisata Medan School Hotel","JL Dwikora 17, Medan, 20122, Tegal Rejo, Medan Perjuangan, Medan City, North Sumatra 20236","prelist","MEDAN PERJUANGAN","TEGAL REJO","LINGKUNGAN 1","","(061) 8214345","P. Pendidikan","Gmaps"],
    ["4102","Sewacool","Jl. Pasar Iii No.88C","prelist","MEDAN PERJUANGAN","TEGAL REJO","LINGKUNGAN 14","","0853-6277-7813","S. Aktivitas Jasa Lainnya","Gmaps"],
    ["4103","Rio Tenda","Jalan Karto No.18 A","prelist","MEDAN PERJUANGAN","SIDORAME TIMUR","LINGKUNGAN 10","","(061) 4557737","S. Aktivitas Jasa Lainnya","Gmaps"],
    ["4104","SERVICE HP 51","Jl. Gurilla No.51","prelist","MEDAN PERJUANGAN","SEI KERA HILIR I","LINGKUNGAN 4","","0853-1157-6836","J. Informasi dan Komunikasi","Gmaps"],
    ["4105","servis iphone medan (dnd apple repair)","Jl. Perjuangan Jl. Sentosa Baru No.57A","prelist","MEDAN PERJUANGAN","SIDORAME TIMUR","LINGKUNGAN 9","","0813-7708-9111","J. Informasi dan Komunikasi","Gmaps"],
    ["4106","WIJAYA PHONE SERVICE","Jl. Mesjid Taufik Gg. Langgar No.4","prelist","MEDAN PERJUANGAN","TEGAL REJO","LINGKUNGAN 12","","0821-6181-3525","J. Informasi dan Komunikasi","Gmaps"],
    ["4107","ROEMAH DJATI","Jl. Ngalengko No.19-21","prelist","MEDAN PERJUANGAN","SIDORAME BARAT I","LINGKUNGAN 10","","","I. Penyediaan Akomodasi dan Makan Minum","Gmaps"],
    ["4108","KANTOR POS PELITA","Jl. Pelita Vi No.82","prelist","MEDAN PERJUANGAN","TEGAL REJO","LINGKUNGAN 2","","(061) 6637128","H. Transportasi dan Pergudangan","Gmaps"],
    ["4109","PT MURAH REZEKI JAYA","Komplek Mentari Park","prelist","MEDAN PERJUANGAN","TEGAL REJO","LINGKUNGAN 2","","","H. Transportasi dan Pergudangan","Gmaps"],
    ["4110","JNE Ibrahim Umar","Jl. Ibrahim Umar No.21","prelist","MEDAN PERJUANGAN","SEI KERA HILIR I","LINGKUNGAN 7","","","H. Transportasi dan Pergudangan","Gmaps"],
    ["4111","Raudhah Anani Wisata","Jl. Pimpinan No.27","prelist","MEDAN PERJUANGAN","SEI KERA HILIR I","LINGKUNGAN 9","","0812-6058-936","H. Transportasi dan Pergudangan","Gmaps"],
    ["4112","MCL Toko","Jl. Sutomo Baru No.35","prelist","MEDAN PERJUANGAN","PANDAU HILIR","LINGKUNGAN 1","","(061) 4513087","G. Perdagangan Besar dan Eceran, Reparasi Mobil dan Sepeda Motor","Gmaps"],
    ["4113","Koperasi KPNJ","Lorong Rejo No.5, Sidorame Bar. I, Kec. Medan Perjuangan, Kota Medan, Sumatera Utara 20233","prelist","MEDAN PERJUANGAN","SIDORAME BARAT I","LINGKUNGAN 10","","","G. Perdagangan Besar dan Eceran, Reparasi Mobil dan Sepeda Motor","Gmaps"],
    ["4114","Pegadaian","Jl. Rakyat","prelist","MEDAN PERJUANGAN","SIDORAME TIMUR","LINGKUNGAN 15","","(061) 6643597","G. Perdagangan Besar dan Eceran, Reparasi Mobil dan Sepeda Motor","Gmaps"],
    ["4115","Mazaya Shop","Jl. Mesjid Taufik No.177","prelist","MEDAN PERJUANGAN","TEGAL REJO","LINGKUNGAN 4","","","G. Perdagangan Besar dan Eceran, Reparasi Mobil dan Sepeda Motor","Gmaps"],
    ["4116","Interior by Naya","Jl. Rakyat No.105","prelist","MEDAN PERJUANGAN","SIDORAME TIMUR","LINGKUNGAN 15","","0812-6030-968","G. Perdagangan Besar dan Eceran, Reparasi Mobil dan Sepeda Motor","Gmaps"],
    ["4117","Panglong perdana jaya 45","Jl. Pahlawan No.45","prelist","MEDAN PERJUANGAN","PAHLAWAN","LINGKUNGAN 13","","0852-1622-0092","G. Perdagangan Besar dan Eceran, Reparasi Mobil dan Sepeda Motor","Gmaps"],
    ["4118","Pondok pesantren Al Anshar center hafo","Jl. Pendidikan","prelist","MEDAN PERJUANGAN","TEGAL REJO","LINGKUNGAN 9","","","P. Pendidikan","Gmaps"],
    ["4119","Pondok Pesantren Daarul 'Ilmi - DA'I Putri","Gg. Keluarga","prelist","MEDAN PERJUANGAN","TEGAL REJO","LINGKUNGAN 14","","","P. Pendidikan","Gmaps"],
    ["4120","Wak Leng Areaa","Jl. Perbatasan No.84-86","prelist","MEDAN PERJUANGAN","TEGAL REJO","LINGKUNGAN 15","","","P. Pendidikan","Gmaps"],
    ["4121","Taman Pkk","Jl. Madong Lubis No.54","prelist","MEDAN PERJUANGAN","PANDAU HILIR","LINGKUNGAN 6","","","P. Pendidikan","Gmaps"],
    ["4122","Yin Yin Chinese Food","Jl. Pelita Vi No.72","prelist","MEDAN PERJUANGAN","SIDORAME BARAT II","LINGKUNGAN 8","","","I. Penyediaan Akomodasi dan Makan Minum","Gmaps"],
    ["4123","Bakmie Lidah Gaul","Jl. Rakyat No.51","prelist","MEDAN PERJUANGAN","SIDORAME TIMUR","LINGKUNGAN 11","","","I. Penyediaan Akomodasi dan Makan Minum","Gmaps"],
    ["4124","Burger Nasfa","Sidorame Tim., Kec. Medan Perjuangan, Kota Medan, Sumatera Utara 20233","prelist","MEDAN PERJUANGAN","SIDORAME TIMUR","LINGKUNGAN 11","","0857-6596-2249","I. Penyediaan Akomodasi dan Makan Minum","Gmaps"],
    ["4125","Teras Miesop Anggie","Gg. Batu Iii","prelist","MEDAN PERJUANGAN","SIDORAME BARAT II","LINGKUNGAN 9","","0823-6077-0142","I. Penyediaan Akomodasi dan Makan Minum","Gmaps"],
    ["4126","RM. TABO BAH","Jl. Pelita Ii No.51","prelist","MEDAN PERJUANGAN","SIDORAME TIMUR","LINGKUNGAN 13","","0812-6099-9822","I. Penyediaan Akomodasi dan Makan Minum","Gmaps"],
    ["4127","Partukkoan Marsada Ni Roha","Jl. Perjuangan","prelist","MEDAN PERJUANGAN","SIDORAME TIMUR","LINGKUNGAN 8","","0821-6121-3676","I. Penyediaan Akomodasi dan Makan Minum","Gmaps"],
    ["4128","BAKSO MAS TRESNO","Jl. Rakyat","prelist","MEDAN PERJUANGAN","SIDORAME TIMUR","LINGKUNGAN 3","","0823-3293-8726","I. Penyediaan Akomodasi dan Makan Minum","Gmaps"],
    ["4129","RM KHAS KARO RIKA BPK","Jl. Pelita Iv No.118A","prelist","MEDAN PERJUANGAN","SIDORAME BARAT II","LINGKUNGAN 6","","","I. Penyediaan Akomodasi dan Makan Minum","Gmaps"],
    ["4130","Rumah Makan \"Alifa\"","Jl. Pimpinan","prelist","MEDAN PERJUANGAN","SEI KERA HILIR I","LINGKUNGAN 13","","","I. Penyediaan Akomodasi dan Makan Minum","Gmaps"],
    ["4131","Rumah Makan Mandailing","Jl. Profesor Muhammad Yamin No.346","prelist","MEDAN PERJUANGAN","SEI KERA HILIR I","LINGKUNGAN 1","","0852-7552-6013","I. Penyediaan Akomodasi dan Makan Minum","Gmaps"],
    ["4132","MAKCIK By Cilok Milenial","Jl. Prof. H. M. Yamin No.512","prelist","MEDAN PERJUANGAN","PAHLAWAN","LINGKUNGAN 1","","","I. Penyediaan Akomodasi dan Makan Minum","Gmaps"],
    ["4133","Rumah makan PERMATA HATI","Jl. Prof. H. M. Yamin No.243","prelist","MEDAN PERJUANGAN","SEI KERA HILIR II","LINGKUNGAN 9","","0813-7658-6494","I. Penyediaan Akomodasi dan Makan Minum","Gmaps"],
    ["4134","HIDANGAN EMBUN PAGI","Jl. Hm. Said","prelist","MEDAN PERJUANGAN","SIDORAME BARAT I","LINGKUNGAN 6","","0813-7524-4447","I. Penyediaan Akomodasi dan Makan Minum","Gmaps"],
    ["4135","RM BPK PERSADA","Jl. Pendidikan No.71B","prelist","MEDAN PERJUANGAN","TEGAL REJO","LINGKUNGAN 9","","0821-6641-2576","I. Penyediaan Akomodasi dan Makan Minum","Gmaps"],
    ["4136","Rumah Makan Parsito","Jl. Pelita Iv No.1","prelist","MEDAN PERJUANGAN","SIDORAME BARAT I","LINGKUNGAN 1","","","I. Penyediaan Akomodasi dan Makan Minum","Gmaps"],
    ["4137","RM Sari Bundo","Jalan H.M. Yamin #177","prelist","MEDAN PERJUANGAN","SEI KERA HILIR II","LINGKUNGAN 8","","0852-7534-7979","I. Penyediaan Akomodasi dan Makan Minum","Gmaps"],
    ["4138","KEDAI NASI BATAK, MAKSIMAL BORNENG","Jl. Pelita I No.92 F","prelist","MEDAN PERJUANGAN","SIDORAME BARAT II","LINGKUNGAN 3","","0812-7616-8144","I. Penyediaan Akomodasi dan Makan Minum","Gmaps"],
    ["4139","RM.MINANG RAYA","Jl. Rakyat No.29A","prelist","MEDAN PERJUANGAN","SIDORAME TIMUR","LINGKUNGAN 2","","","I. Penyediaan Akomodasi dan Makan Minum","Gmaps"],
    ["4140","Panorama","Jl. Rakyat No.112 A","prelist","MEDAN PERJUANGAN","SIDORAME TIMUR","LINGKUNGAN 15","","0813-7630-0449","I. Penyediaan Akomodasi dan Makan Minum","Gmaps"],
    ["4141","Sapo \"Nangin 801\"","Jl. Pelita Vi","prelist","MEDAN PERJUANGAN","TEGAL REJO","LINGKUNGAN 2","","","I. Penyediaan Akomodasi dan Makan Minum","Gmaps"],
    ["4142","Lie Qing Vegetarian","Jl. Rakyat No.94A","prelist","MEDAN PERJUANGAN","TEGAL REJO","LINGKUNGAN 3","","","I. Penyediaan Akomodasi dan Makan Minum","Gmaps"],
    ["4143","WARUNG BU NUR","Jl. Rakyat No.111","prelist","MEDAN PERJUANGAN","TEGAL REJO","LINGKUNGAN 13","","","I. Penyediaan Akomodasi dan Makan Minum","Gmaps"],
    ["4144","IMPOLA DAI","Jl. Pelita Iv No.19","prelist","MEDAN PERJUANGAN","SIDORAME BARAT II","LINGKUNGAN 3","","0852-7099-2999","I. Penyediaan Akomodasi dan Makan Minum","Gmaps"],
    ["4145","Warung Jawa Mas Gusti Medan","Jl. Rakyat No.52","prelist","MEDAN PERJUANGAN","SIDORAME TIMUR","LINGKUNGAN 11","","","I. Penyediaan Akomodasi dan Makan Minum","Gmaps"],
    ["4146","Bakcang Ennak","Jl. Pelita Iv","prelist","MEDAN PERJUANGAN","SIDORAME BARAT II","LINGKUNGAN 6","","","I. Penyediaan Akomodasi dan Makan Minum","Gmaps"],
    ["4147","Dunsanak Kanduang","Jl. Rakyat No.3","prelist","MEDAN PERJUANGAN","TEGAL REJO","LINGKUNGAN 13","","0823-0420-6518","I. Penyediaan Akomodasi dan Makan Minum","Gmaps"],
    ["4148","Nasi Rendang","Jl. Rakyat No.67","prelist","MEDAN PERJUANGAN","SIDORAME TIMUR","LINGKUNGAN 12","","","I. Penyediaan Akomodasi dan Makan Minum","Gmaps"],
    ["4149","Serumpun Indah","Gg. Setia No.18","prelist","MEDAN PERJUANGAN","SIDORAME BARAT II","LINGKUNGAN 9","","0812-6090-4570","I. Penyediaan Akomodasi dan Makan Minum","Gmaps"],
    ["4150","Putri Padang Panjang","Jl. Rakyat No.116","prelist","MEDAN PERJUANGAN","SIDORAME TIMUR","LINGKUNGAN 15","","0821-6711-4446","I. Penyediaan Akomodasi dan Makan Minum","Gmaps"],
    ["4151","MIE ACEH REBORN","Jl. Rakyat No.47","prelist","MEDAN PERJUANGAN","SIDORAME TIMUR","LINGKUNGAN 11","","","I. Penyediaan Akomodasi dan Makan Minum","Gmaps"],
    ["4152","Warung Lontong Pagi dan Malam Buk Muji","Jl. Dwikora No.23-27","prelist","MEDAN PERJUANGAN","TEGAL REJO","LINGKUNGAN 2","","","I. Penyediaan Akomodasi dan Makan Minum","Gmaps"],
    ["4153","MIE SOP BU ITO","Jl. Madio Utomo No.107","prelist","MEDAN PERJUANGAN","TEGAL REJO","LINGKUNGAN 3","","0812-6243-0455","I. Penyediaan Akomodasi dan Makan Minum","Gmaps"],
    ["4154","Warkop Rakyat","Jl. Rakyat No.113","prelist","MEDAN PERJUANGAN","SIDORAME TIMUR","LINGKUNGAN 15","","","I. Penyediaan Akomodasi dan Makan Minum","Gmaps"],
    ["4155","D'GABRY SIMPLE CAFE","Jl. Perjuangan No.28","prelist","MEDAN PERJUANGAN","SIDORAME TIMUR","LINGKUNGAN 8","","","I. Penyediaan Akomodasi dan Makan Minum","Gmaps"],
    ["4156","Moonthe Cafe","Jl. Prof. H. M. Yamin","prelist","MEDAN PERJUANGAN","SEI KERA HULU","LINGKUNGAN 9","","0853-6214-0996","I. Penyediaan Akomodasi dan Makan Minum","Gmaps"],
    ["4157","RM.CLAUDIA","Jl. Dorowati No.44","prelist","MEDAN PERJUANGAN","SIDORAME BARAT II","LINGKUNGAN 1","","0812-6953-8222","I. Penyediaan Akomodasi dan Makan Minum","Gmaps"],
    ["4158","Bar bar gorengan frozen food","Gg. Selamat No.17","prelist","MEDAN PERJUANGAN","SIDORAME TIMUR","LINGKUNGAN 14","","","I. Penyediaan Akomodasi dan Makan Minum","Gmaps"],
    ["4159","Warung Pecal Bu Atik","Jl. Rakyat No.52","prelist","MEDAN PERJUANGAN","SIDORAME TIMUR","LINGKUNGAN 11","","","I. Penyediaan Akomodasi dan Makan Minum","Gmaps"],
    ["4160","Warung BUK EPI","Jl. Rakyat No.41","prelist","MEDAN PERJUANGAN","SIDORAME TIMUR","LINGKUNGAN 11","","0813-9638-4991","I. Penyediaan Akomodasi dan Makan Minum","Gmaps"],
    ["4161","J&A Cuisine","Jl. Rakyat No.96B","prelist","MEDAN PERJUANGAN","SIDORAME TIMUR","LINGKUNGAN 15","","0813-7016-2651","I. Penyediaan Akomodasi dan Makan Minum","Gmaps"],
    ["4162","Waroeng Bu sumi","Jl. Rakyat No.87A","prelist","MEDAN PERJUANGAN","TEGAL REJO","LINGKUNGAN 2","","0822-7750-5336","I. Penyediaan Akomodasi dan Makan Minum","Gmaps"],
    ["4163","Warung Mak Po","Tim., Sidorame Tim., Kec. Medan Perjuangan, Kota Medan, Sumatera Utara 20233","prelist","MEDAN PERJUANGAN","SIDORAME TIMUR","LINGKUNGAN 10","","0821-6733-4031","I. Penyediaan Akomodasi dan Makan Minum","Gmaps"],
    ["4164","Pecel,Rujak Ulek & Tahu Goreng Meranti","Jl. Pelita Iii","prelist","MEDAN PERJUANGAN","SIDORAME BARAT II","LINGKUNGAN 7","","","I. Penyediaan Akomodasi dan Makan Minum","Gmaps"],
    ["4165","Pecal Mie Sop Mak Bores","Jl. Madio Utomo","prelist","MEDAN PERJUANGAN","SIDORAME TIMUR","LINGKUNGAN 14","","0853-5848-9596","I. Penyediaan Akomodasi dan Makan Minum","Gmaps"],
    ["4166","Burger CBR Sumut","Jl. Perjuangan","prelist","MEDAN PERJUANGAN","SIDORAME TIMUR","LINGKUNGAN 8","","0852-9720-3857","I. Penyediaan Akomodasi dan Makan Minum","Gmaps"],
    ["4167","Bakso Mercon Bismillah","Gg. Sejahtera","prelist","MEDAN PERJUANGAN","SIDORAME BARAT II","LINGKUNGAN 8","","","I. Penyediaan Akomodasi dan Makan Minum","Gmaps"],
    ["4168","Saroha kitchen","Lorong 3 No.1, Sidorame Bar. II, Kec. Medan Perjuangan, Kota Medan, Sumatera Utara 20232","prelist","MEDAN PERJUANGAN","SIDORAME BARAT II","LINGKUNGAN 1","","0822-9427-3542","I. Penyediaan Akomodasi dan Makan Minum","Gmaps"],
    ["4169","DAPOER ALL","Jl. Pelita I","prelist","MEDAN PERJUANGAN","SIDORAME BARAT II","LINGKUNGAN 4","","","I. Penyediaan Akomodasi dan Makan Minum","Gmaps"],
    ["4170","Warung Kopi Setia Naro","Jl. Prof. H. M. Yamin Gg. Setia No.249-241","prelist","MEDAN PERJUANGAN","SEI KERA HILIR I","LINGKUNGAN 1","","","I. Penyediaan Akomodasi dan Makan Minum","Gmaps"],
    ["4171","Lebat Coffeshop","Jl. Pelita Vi","prelist","MEDAN PERJUANGAN","TEGAL REJO","LINGKUNGAN 2","","","I. Penyediaan Akomodasi dan Makan Minum","Gmaps"],
    ["4172","Kedai Opung Rien","Gg. Pelajar No.24 56 A","prelist","MEDAN PERJUANGAN","SIDORAME BARAT II","LINGKUNGAN 5","","","I. Penyediaan Akomodasi dan Makan Minum","Gmaps"],
    ["4173","stroom_coffe.id","Jl. Satria Barat","prelist","MEDAN PERJUANGAN","PAHLAWAN","LINGKUNGAN 16","","0813-1890-5587","I. Penyediaan Akomodasi dan Makan Minum","Gmaps"],
    ["4174","SUNSHINE COFFE","Jl. Pelita Iii No.67","prelist","MEDAN PERJUANGAN","SIDORAME BARAT II","LINGKUNGAN 7","","","I. Penyediaan Akomodasi dan Makan Minum","Gmaps"],
    ["4175","Mandhe Coffee Shop","Jl. Prof. H. M. Yamin No.121","prelist","MEDAN PERJUANGAN","SEI KERA HILIR II","LINGKUNGAN 3","","0812-6524-4769","I. Penyediaan Akomodasi dan Makan Minum","Gmaps"],
    ["4176","Ode Shop & Drink","Jl. Pelita Ii No.14B","prelist","MEDAN PERJUANGAN","SIDORAME BARAT I","LINGKUNGAN 3","","0822-7521-5826","I. Penyediaan Akomodasi dan Makan Minum","Gmaps"],
    ["4177","Kedai Kopi Wak Anto","Tegal Rejo, Kec. Medan Perjuangan, Kota Medan, Sumatera Utara 20236","prelist","MEDAN PERJUANGAN","TEGAL REJO","LINGKUNGAN 9","","0813-6977-2211","I. Penyediaan Akomodasi dan Makan Minum","Gmaps"],
    ["4178","Honk kopi","Jl. Pelita Vi No.7","prelist","MEDAN PERJUANGAN","SIDORAME BARAT I","LINGKUNGAN 11","","","I. Penyediaan Akomodasi dan Makan Minum","Gmaps"],
    ["4179","Aiondo Coffee Shop","Jl. Pasar Iii No.186","prelist","MEDAN PERJUANGAN","TEGAL REJO","LINGKUNGAN 8","","0895-1331-9900","I. Penyediaan Akomodasi dan Makan Minum","Gmaps"],
    ["4180","CHAMILAN Coffee","Jl. Prof. H. M. Yamin Gg. Pinang No.12","prelist","MEDAN PERJUANGAN","SEI KERA HULU","LINGKUNGAN 3","","0811-6022-669","I. Penyediaan Akomodasi dan Makan Minum","Gmaps"],
    ["4181","Vip coffee","Jl. Parapat No.44","prelist","MEDAN PERJUANGAN","PANDAU HILIR","LINGKUNGAN 6","","","I. Penyediaan Akomodasi dan Makan Minum","Gmaps"],
    ["4182","Unlimited Espresso (?? ESPRESSO)","Jl. Pasar Iii No.51A","prelist","MEDAN PERJUANGAN","TEGAL REJO","LINGKUNGAN 14","","","I. Penyediaan Akomodasi dan Makan Minum","Gmaps"],
    ["4183","Ice coffee blend perjuangan","Sei Kera Hilir I, Kec. Medan Perjuangan, Kota Medan, Sumatera Utara 20222","prelist","MEDAN PERJUANGAN","SEI KERA HILIR I","LINGKUNGAN 8","","","I. Penyediaan Akomodasi dan Makan Minum","Gmaps"],
    ["4184","Sehangat Coffee","Jl. Perjuangan No.2","prelist","MEDAN PERJUANGAN","SIDORAME TIMUR","LINGKUNGAN 7","","","I. Penyediaan Akomodasi dan Makan Minum","Gmaps"],
    ["4185","Cafe Tirta Abdi","Jl. Dorowati No.26","prelist","MEDAN PERJUANGAN","SIDORAME BARAT II","LINGKUNGAN 1","","0821-7834-1650","I. Penyediaan Akomodasi dan Makan Minum","Gmaps"],
    ["4190","Kantor TPP Provinsi Sumatera Utara","Jl. Setia Jadi No.54","prelist","MEDAN PERJUANGAN","TEGAL REJO","LINGKUNGAN 15","","","O. Administrasi Pemerintahan, Pertahanan, dan Jaminan Sosial Wajib","Gmaps"],
    ["4191","Kantor Kelurahan Sidorame Timur","Jl. Pelita I No.83","prelist","MEDAN PERJUANGAN","SIDORAME TIMUR","LINGKUNGAN 11","","","O. Administrasi Pemerintahan, Pertahanan, dan Jaminan Sosial Wajib","Gmaps"],
    ["4192","Kantor Kelurahan Sidorame Barat I","Jl. Pelita Iii Gg. Pepaya No.9","prelist","MEDAN PERJUANGAN","SIDORAME BARAT I","LINGKUNGAN 3","","","O. Administrasi Pemerintahan, Pertahanan, dan Jaminan Sosial Wajib","Gmaps"],
    ["4193","Kantor Lurah Tegal Rejo","Jl. Pendidikan No.111","prelist","MEDAN PERJUANGAN","TEGAL REJO","LINGKUNGAN 8","","0813-7076-5402","O. Administrasi Pemerintahan, Pertahanan, dan Jaminan Sosial Wajib","Gmaps"],
    ["4194","Kantor Panwaslu Kecamatan Medan Perjuangan","Jl. Ibrahim Umar No.5-9","prelist","MEDAN PERJUANGAN","SEI KERA HILIR I","LINGKUNGAN 7","","0852-9648-2212","O. Administrasi Pemerintahan, Pertahanan, dan Jaminan Sosial Wajib","Gmaps"],
    ["4195","Sekolah Tinggi Teologia Oikumene","Jl. Bambu Runcing No.30","prelist","MEDAN PERJUANGAN","PAHLAWAN","LINGKUNGAN 9","","(061) 4156477","P. Pendidikan","Gmaps"],
    ["4196","Sekolah Menengah Pertama Yapsi ( Siloam )","Jl. Sehati No.15 A","prelist","MEDAN PERJUANGAN","TEGAL REJO","LINGKUNGAN 4","","","P. Pendidikan","Gmaps"],
    ["4197","Kampung UTA","Jl. Pendidikan","prelist","MEDAN PERJUANGAN","TEGAL REJO","LINGKUNGAN 9","","","P. Pendidikan","Gmaps"],
    ["4198","\"WARUNG NASI BUK NUR\"","Jl. Gurilla No.33","prelist","MEDAN PERJUANGAN","SEI KERA HILIR I","LINGKUNGAN 4","","","I. Penyediaan Akomodasi dan Makan Minum","Gmaps"],
    ["4199","Warung Nasi Bunda","Jl. Sentosa Lama","prelist","MEDAN PERJUANGAN","SEI KERA HULU","LINGKUNGAN 20","","0812-6534-1501","I. Penyediaan Akomodasi dan Makan Minum","Gmaps"],
    ["4200","Warung Bu Minah","Sidorame Bar. I, Kec. Medan Perjuangan, Kota Medan, Sumatera Utara 20236","prelist","MEDAN PERJUANGAN","SIDORAME BARAT I","LINGKUNGAN 1","","0813-6130-8681","I. Penyediaan Akomodasi dan Makan Minum","Gmaps"],
    ["4201","Narito Senchoi medan.","Jl. Sei Kera No.168","prelist","MEDAN PERJUANGAN","PANDAU HILIR","LINGKUNGAN 4","","","I. Penyediaan Akomodasi dan Makan Minum","Gmaps"],
    ["4355","SEGAR TELUR als aseng jaya","Jl. Letkol Martinus No.4","prelist","MEDAN PERJUANGAN","PANDAU HILIR","LINGKUNGAN 1","","0812-7710-3638","A. Pertanian, Kehutanan dan Perikanan","Gmaps"],
    ["4356","Pjm motor","Jl. Sentosa Lama No.91F","prelist","MEDAN PERJUANGAN","SEI KERA HULU","LINGKUNGAN 19","","","A. Pertanian, Kehutanan dan Perikanan","Gmaps"],
    ["4357","SR.3BETTA&GUPPY FISH","Jl. Galang No.18","prelist","MEDAN PERJUANGAN","PANDAU HILIR","LINGKUNGAN 8","","0853-9022-0007","A. Pertanian, Kehutanan dan Perikanan","Gmaps"],
    ["4358","Dinas Pendidikan Kota Medan","Jl. Pelita Iv No.77","prelist","MEDAN PERJUANGAN","SIDORAME BARAT II","LINGKUNGAN 9","","(061) 80089992","A. Pertanian, Kehutanan dan Perikanan","Gmaps"],
    ["4359","Madu Murni Samtari 1st","Jl. Setiajadi Komp Krakatau Minimalis","prelist","MEDAN PERJUANGAN","TEGAL REJO","LINGKUNGAN 15","","0813-7594-5155","A. Pertanian, Kehutanan dan Perikanan","Gmaps"],
    ["4360","Berkah Petshop","Jl. Pahlawan No.2","prelist","MEDAN PERJUANGAN","PAHLAWAN","LINGKUNGAN 15","","","A. Pertanian, Kehutanan dan Perikanan","Gmaps"],
    ["4361","Agen Murai Batu Medan","Jl. Prof. H. M. Yamin","prelist","MEDAN PERJUANGAN","SEI KERA HULU","LINGKUNGAN 5","","0858-2171-2738","A. Pertanian, Kehutanan dan Perikanan","Gmaps"],
    ["4362","Haura_cats","Gg. Gembira No.15C","prelist","MEDAN PERJUANGAN","PAHLAWAN","LINGKUNGAN 2","","","A. Pertanian, Kehutanan dan Perikanan","Gmaps"],
    ["4363","PT Aneka Teknindo Persada (ATP) - Bengkel Bubut, Supplier Sparepart, Alat dan Mesin Pabrik dan industri Terdekat di Medan","Jl. Pelita Vi No.7","prelist","MEDAN PERJUANGAN","TEGAL REJO","LINGKUNGAN 1","","","A. Pertanian, Kehutanan dan Perikanan","Gmaps"],
    ["4364","CV Tio Jaya","Jl. Sutomo Baru No.27","prelist","MEDAN PERJUANGAN","PANDAU HILIR","LINGKUNGAN 1","","0878-6712-8338","A. Pertanian, Kehutanan dan Perikanan","Gmaps"],
    ["4365","Pusat pupuk hayati Klink Bioboost Kota Tebing Tinggi","Jl. Pahlawan No.06","prelist","MEDAN PERJUANGAN","PAHLAWAN","LINGKUNGAN 1","","0852-7514-3788","A. Pertanian, Kehutanan dan Perikanan","Gmaps"],
    ["4366","ZELLA PETSHOP","Jl. Rakyat No.62 C","prelist","MEDAN PERJUANGAN","SIDORAME TIMUR","LINGKUNGAN 11","","0812-9901-7626","A. Pertanian, Kehutanan dan Perikanan","Gmaps"],
    ["4367","Luri goet Farm","Sei Kera Hilir II, Kec. Medan Perjuangan, Kota Medan, Sumatera Utara 20222","prelist","MEDAN PERJUANGAN","SEI KERA HILIR II","LINGKUNGAN 5","","0859-2177-3844","A. Pertanian, Kehutanan dan Perikanan","Gmaps"],
    ["4368","PT. Agro Perkasa Abadi","Jl. Sutomo Baru No.3","prelist","MEDAN PERJUANGAN","PANDAU HILIR","LINGKUNGAN 1","","0812-6066-258","A. Pertanian, Kehutanan dan Perikanan","Gmaps"],
    ["4369","pestblocker","Jl. Pimpinan No.54","prelist","MEDAN PERJUANGAN","SEI KERA HILIR I","LINGKUNGAN 6","","0812-6016-2977","A. Pertanian, Kehutanan dan Perikanan","Gmaps"],
    ["4370","AgroGrow Sitompul","Jl. Dwikora No.3C","prelist","MEDAN PERJUANGAN","TEGAL REJO","LINGKUNGAN 2","","","A. Pertanian, Kehutanan dan Perikanan","Gmaps"],
    ["4565","Markas Oombetta Medan","Sidorame Tim., Kec. Medan Perjuangan, Kota Medan, Sumatera Utara 20233","prelist","MEDAN PERJUANGAN","SIDORAME TIMUR","LINGKUNGAN 4","","0818-0290-6146","A. Pertanian, Kehutanan dan Perikanan","Gmaps"],
    ["4566","Ruko Pisang","Jl. Bintang No.5D","prelist","MEDAN PERJUANGAN","PANDAU HILIR","LINGKUNGAN 2","","0813-7582-9192","A. Pertanian, Kehutanan dan Perikanan","Gmaps"],
    ["4567","Kos Pertanian 014","Jl. Mapilindo No.55","prelist","MEDAN PERJUANGAN","TEGAL REJO","LINGKUNGAN 2","","0823-6342-5428","A. Pertanian, Kehutanan dan Perikanan","Gmaps"],
    ["4568","PUPUK ORGANIK ECO FARMING","Jl. Madio Utomo Gg. Amal","prelist","MEDAN PERJUANGAN","SIDORAME TIMUR","LINGKUNGAN 14","","0853-6006-7891","A. Pertanian, Kehutanan dan Perikanan","Gmaps"],
    ["4569","Ry Farmers Hidroponik","Jl. Kesatria","prelist","MEDAN PERJUANGAN","PAHLAWAN","LINGKUNGAN 13","","","A. Pertanian, Kehutanan dan Perikanan","Gmaps"],
    ["4570","Sibarani Giant Fams","Gg. Roma No.11","prelist","MEDAN PERJUANGAN","SIDORAME TIMUR","LINGKUNGAN 10","","0858-3373-3665","A. Pertanian, Kehutanan dan Perikanan","Gmaps"],
    ["4571","Lucky Farm Fresh","Gg. Rezeki A","prelist","MEDAN PERJUANGAN","SEI KERA HULU","LINGKUNGAN 10","","0812-6543-672","A. Pertanian, Kehutanan dan Perikanan","Gmaps"],
    ["4572","Jamoerkoe","Unnamed Road, Sei Kera Hulu, Medan Perjuangan, Medan City, North Sumatra 20222","prelist","MEDAN PERJUANGAN","SEI KERA HULU","LINGKUNGAN 1","","0815-3327-1489","A. Pertanian, Kehutanan dan Perikanan","Gmaps"],
    ["4573","PT. Ekspor Pertanian Indonesia","Jl. Setia Jadi No.68B","prelist","MEDAN PERJUANGAN","TEGAL REJO","LINGKUNGAN 15","","0858-3792-9430","A. Pertanian, Kehutanan dan Perikanan","Gmaps"],
    ["4574","PT PUTRI LAHI SETIA","Jl. Mesjid Taufik","prelist","MEDAN PERJUANGAN","TEGAL REJO","LINGKUNGAN 7","","0812-8555-0736","A. Pertanian, Kehutanan dan Perikanan","Gmaps"],
    ["35473","PERIAS PENGANTIN (WINA)","ASRAMA KOWILHAN","prelist","MEDAN PERJUANGAN","SIDORAME BARAT I","LINGKUNGAN 7","","","S. Aktivitas Jasa Lainnya","SBR"],
    ["35487","JUAL MIE GORENG (WAK UDIN)","GG LANGKAT NO 100 B","prelist","MEDAN PERJUANGAN","TEGAL REJO","LINGKUNGAN 3","","","C. Industri Pengolahan","SBR"],
    ["35492","JUALAN PULSA KELILING (RISMA)","ASRAMA KOWILHAN K 42","prelist","MEDAN PERJUANGAN","SIDORAME BARAT I","LINGKUNGAN 7","","","J. Informasi dan Komunikasi","SBR"],
    ["35847","MICHAEL WATER (JHONFRIED)","JL PASAR III NO 159","prelist","MEDAN PERJUANGAN","TEGAL REJO","LINGKUNGAN 10","","","C. Industri Pengolahan","SBR"],
    ["36021","TOKO SEMPURNA JAYA","JL.PROF.HM.YAMIN,SH NO 161","prelist","MEDAN PERJUANGAN","SEI KERA HILIR II","LINGKUNGAN 6","","","G. Perdagangan Besar dan Eceran, Reparasi Mobil dan Sepeda Motor","SBR"],
    ["36122","TOKO PERABOT (SMART FORM)","JL PROF HM YAMIN SH NO 534","prelist","MEDAN PERJUANGAN","PAHLAWAN","LINGKUNGAN 1","","","G. Perdagangan Besar dan Eceran, Reparasi Mobil dan Sepeda Motor","SBR"],
    ["36130","USAHA PERCETAKAN <YANSEN>","JALAN MESJID TAUFIK NO 120 A LINGKUNGAN 13","prelist","MEDAN PERJUANGAN","TEGAL REJO","LINGKUNGAN 13","","","C. Industri Pengolahan","SBR"],
    ["36135","APOTEK SERASI","JALAN HM SAID NO 132","prelist","MEDAN PERJUANGAN","SIDORAME BARAT I","LINGKUNGAN 2","","","G. Perdagangan Besar dan Eceran, Reparasi Mobil dan Sepeda Motor","SBR"],
    ["36185","AKUNTAN PUPLIK","JL KRAKATEU PASAR III KOMPLEKS GREN SEVILLA NO 181 MEDAN","prelist","MEDAN PERJUANGAN","TEGAL REJO","LINGKUNGAN 10","","","K. Aktivitas Keuangan Dan Asuransi","SBR"],
    ["36196","DR JOHAN (JOHAN)","JL TAPANULI NO 416","prelist","MEDAN PERJUANGAN","PANDAU HILIR","LINGKUNGAN 6","","","Q. Jasa Kesehatan dan Kegiatan Sosial","SBR"],
    ["36271","TK TAMAN RAYA","JL RAKYAT NO.4","prelist","MEDAN PERJUANGAN","SIDORAME TIMUR","LINGKUNGAN 3","","","P. Pendidikan","SBR"],
    ["36272","REZEKI PONSEL","JLN.RAKYAT NO. 132 LINK. 12","prelist","MEDAN PERJUANGAN","TEGAL REJO","LINGKUNGAN 12","","","J. Informasi dan Komunikasi","SBR"],
    ["36351","SUMBER JATI (SRI NINGSIH EKA SARI)","JL SETIA JADI 60 LINGK 15","prelist","MEDAN PERJUANGAN","TEGAL REJO","LINGKUNGAN 15","","","G. Perdagangan Besar dan Eceran, Reparasi Mobil dan Sepeda Motor","SBR"],
    ["36359","JUALAN SATE (YUSUF)","ASRAMA KOWILHAN K 54","prelist","MEDAN PERJUANGAN","SEI KERA HILIR I","LINGKUNGAN 5","","","I. Penyediaan Akomodasi dan Makan Minum","SBR"],
    ["36376","KEDAI NASI (NASRUL)","JL PASAR III NO 161 B","prelist","MEDAN PERJUANGAN","TEGAL REJO","LINGKUNGAN 10","","","I. Penyediaan Akomodasi dan Makan Minum","SBR"],
    ["36409","ES KMS KELILING (SLAMAT)","JL M YAKUB LINGKUNGAN 13","prelist","MEDAN PERJUANGAN","SEI KERA HILIR II","LINGKUNGAN 14","","","I. Penyediaan Akomodasi dan Makan Minum","SBR"],
    ["36428","JUALAN BUKU (FAZRIL)","JL.PERTEMUAN NO.52","prelist","MEDAN PERJUANGAN","SIDORAME TIMUR","LINGKUNGAN 5","","","G. Perdagangan Besar dan Eceran, Reparasi Mobil dan Sepeda Motor","SBR"],
    ["36469","BANK SUMUT","JL PROF HM YAMIN SH NO 484","prelist","MEDAN PERJUANGAN","SEI KERA HULU","LINGKUNGAN 9","","","K. Aktivitas Keuangan Dan Asuransi","SBR"],
    ["36471","SALON COCOLYN","JLN PROF HM YAMIN SH NO 277","prelist","MEDAN PERJUANGAN","SEI KERA HILIR I","LINGKUNGAN 1","","","S. Aktivitas Jasa Lainnya","SBR"],
    ["36489","PENYEWAAN GUDANG MEBEL (ACENG)","JALAN PELITA 2 NOMOR 59","prelist","MEDAN PERJUANGAN","SIDORAME BARAT II","LINGKUNGAN 7","","","S. Aktivitas Jasa Lainnya","SBR"],
    ["36495","PEDAGANG MIE (J TAMBA)","JL MESJID TAUFIQ GG BUDI","prelist","MEDAN PERJUANGAN","TEGAL REJO","LINGKUNGAN 5","","","G. Perdagangan Besar dan Eceran, Reparasi Mobil dan Sepeda Motor","SBR"],
    ["36498","SEWA KIOS MINUMAN (DEDDY)","JL PASAR 3 NO.86 LING 9 KELURAHAN TEGAL REJO","prelist","MEDAN PERJUANGAN","TEGAL REJO","LINGKUNGAN 14","","","L. Real Estat","SBR"],
    ["36501","PENJAHIT (NONA)","ASRAMA KOWILHAN","prelist","MEDAN PERJUANGAN","SIDORAME BARAT I","LINGKUNGAN 7","","","C. Industri Pengolahan","SBR"],
    ["36502","KEDAI KELONTONG (KEVIN)","JL PASAR III NO 173","prelist","MEDAN PERJUANGAN","TEGAL REJO","LINGKUNGAN 10","","","G. Perdagangan Besar dan Eceran, Reparasi Mobil dan Sepeda Motor","SBR"],
    ["36511","KUALA ABADI SEJATI","JL SERAM NO 50 LINGKUNGAN I","prelist","MEDAN PERJUANGAN","PANDAU HILIR","LINGKUNGAN 1","","","G. Perdagangan Besar dan Eceran, Reparasi Mobil dan Sepeda Motor","SBR"],
    ["36574","TOKO PERABOT","JLN PROF HM YAMIN NO 251A","prelist","MEDAN PERJUANGAN","SEI KERA HILIR I","LINGKUNGAN 1","","","G. Perdagangan Besar dan Eceran, Reparasi Mobil dan Sepeda Motor","SBR"],
    ["36593","USAHA TRIPANG (SURIYADI)","JL BAMBU RUNCING NO 13 LINGKUNGAN 12","prelist","MEDAN PERJUANGAN","PAHLAWAN","LINGKUNGAN 17","","","G. Perdagangan Besar dan Eceran, Reparasi Mobil dan Sepeda Motor","SBR"],
    ["36594","KANTOR PENGACARA (CHARLES)","JALAN HM YAMIN KOMPLEK SERDANG MAS C3","prelist","MEDAN PERJUANGAN","SEI KERA HULU","LINGKUNGAN 5","","","M. Jasa Profesional, Ilmiah, dan Teknis","SBR"],
    ["36599","MADRASAH AL-IKHWAN","JL COKRO AMINOTO GG MESJID NO 1","prelist","MEDAN PERJUANGAN","SEI KERA HULU","LINGKUNGAN 15","","","P. Pendidikan","SBR"],
    ["36612","JUALAN AIR MINERAL (CATERINA)","ASRAMA KOWILHAN K4","prelist","MEDAN PERJUANGAN","SIDORAME BARAT I","LINGKUNGAN 7","","","I. Penyediaan Akomodasi dan Makan Minum","SBR"],
    ["36613","PULSA","ASRAMA KOWILHAN K 16","prelist","MEDAN PERJUANGAN","SIDORAME BARAT I","LINGKUNGAN 7","","","J. Informasi dan Komunikasi","SBR"],
    ["36656","PENJAHIT (RINA)","JL PENDIDIKAN GG MELUR NO 92","prelist","MEDAN PERJUANGAN","TEGAL REJO","LINGKUNGAN 9","","","C. Industri Pengolahan","SBR"],
    ["36670","GUDANG PENYIMPANAN","JALAN SIANTAR NO. 15","prelist","MEDAN PERJUANGAN","PANDAU HILIR","LINGKUNGAN 6","","","H. Transportasi dan Pergudangan","SBR"],
    ["36675","KANTOR HUKUM","JALAN DOROWATI NO 24","prelist","MEDAN PERJUANGAN","SIDORAME BARAT II","LINGKUNGAN 1","","","M. Jasa Profesional, Ilmiah, dan Teknis","SBR"],
    ["36676","JUALAN BAWANG (PANDAPOTAN)","JALAN DOROWATI GANG WONGSO NO 30","prelist","MEDAN PERJUANGAN","SIDORAME BARAT I","LINGKUNGAN 7","","","G. Perdagangan Besar dan Eceran, Reparasi Mobil dan Sepeda Motor","SBR"],
    ["36682","RAINBOW SCHOOL","JL HOS COKROAMINOTO 47","prelist","MEDAN PERJUANGAN","PANDAU HILIR","LINGKUNGAN 3","","","P. Pendidikan","SBR"],
    ["36685","JIV","JL SEI KERA LINGKUNGAN 5","prelist","MEDAN PERJUANGAN","PANDAU HILIR","LINGKUNGAN 4","","","N. Jasa Persewaan, Ketenagakerjaan, Agen Perjalanan, dan Jasa Pendukung","SBR"],
    ["36691","PONSEL NISA","JALAN PRAJURIT","prelist","MEDAN PERJUANGAN","SIDORAME BARAT I","LINGKUNGAN 11","","","J. Informasi dan Komunikasi","SBR"],
    ["36693","SAUDARA JAYA (IRWAN)","JALAN RAKYAT NO 129 A LINGKUNGAN 13","prelist","MEDAN PERJUANGAN","TEGAL REJO","LINGKUNGAN 13","","","G. Perdagangan Besar dan Eceran, Reparasi Mobil dan Sepeda Motor","SBR"],
    ["36698","WATER AIR (A ARITONANG)","JALAN PASAR TIGA","prelist","MEDAN PERJUANGAN","TEGAL REJO","LINGKUNGAN 11","","","G. Perdagangan Besar dan Eceran, Reparasi Mobil dan Sepeda Motor","SBR"],
    ["36699","SHOW ROOM <HARAPAN MAJU>","JL PROF HM YAMIN SH NO 576","prelist","MEDAN PERJUANGAN","PAHLAWAN","LINGKUNGAN 1","","","G. Perdagangan Besar dan Eceran, Reparasi Mobil dan Sepeda Motor","SBR"],
    ["36700","PROSSESING SYAFIRA","JALAN IBRAHIM UMAR NO 12 LINGKUNGAN 6","prelist","MEDAN PERJUANGAN","SEI KERA HILIR I","LINGKUNGAN 6","","","C. Industri Pengolahan","SBR"],
    ["36718","PEMBUATAN GELAS (RUSLI)","JL PASAR 3 NO 72 LING 9 TEGAL REJO","prelist","MEDAN PERJUANGAN","TEGAL REJO","LINGKUNGAN 9","","","C. Industri Pengolahan","SBR"],
    ["36720","TK SURYA","JL MESJID TAUFIK","prelist","MEDAN PERJUANGAN","TEGAL REJO","LINGKUNGAN 7","","","P. Pendidikan","SBR"],
    ["36723","LEASING (NANDAYUS)","IJALA.N PROF HM YAMINSH 140672","prelist","MEDAN PERJUANGAN","PAHLAWAN","LINGKUNGAN 15","","","K. Aktivitas Keuangan Dan Asuransi","SBR"],
    ["36737","SALON (RISMA)","JL PASAR III NO 175 A","prelist","MEDAN PERJUANGAN","TEGAL REJO","LINGKUNGAN 10","","","S. Aktivitas Jasa Lainnya","SBR"],
    ["36738","BOTOT (AMIR)","JALAN PASAR 3 NO 99/168","prelist","MEDAN PERJUANGAN","TEGAL REJO","LINGKUNGAN 11","","","G. Perdagangan Besar dan Eceran, Reparasi Mobil dan Sepeda Motor","SBR"],
    ["36747","BECAK BERMOTOR (FRADLIN)","JALAN PASAR TIGA GANG PAKIS NO.157 LK.8","prelist","MEDAN PERJUANGAN","TEGAL REJO","LINGKUNGAN 11","","","H. Transportasi dan Pergudangan","SBR"],
    ["36775","USAHA KAMAR KOST (MORALAM)","ASRAMA KOWILHAN K 52","prelist","MEDAN PERJUANGAN","SIDORAME BARAT I","LINGKUNGAN 9","","","I. Penyediaan Akomodasi dan Makan Minum","SBR"],
    ["36810","KLINIK CITRA","JL HM YAMIN NO 99 LK 3","prelist","MEDAN PERJUANGAN","SEI KERA HILIR II","LINGKUNGAN 3","","","Q. Jasa Kesehatan dan Kegiatan Sosial","SBR"],
    ["36876","PRAKTEK DOTER SPESIALIS (PURNAMA)","JALAN PERGURUAN NO 16","prelist","MEDAN PERJUANGAN","SEI KERA HULU","LINGKUNGAN 2","","","Q. Jasa Kesehatan dan Kegiatan Sosial","SBR"],
    ["36883","ANA SALON","JL HOS COKROAMINOTO NO 123","prelist","MEDAN PERJUANGAN","PANDAU HILIR","LINGKUNGAN 7","","","S. Aktivitas Jasa Lainnya","SBR"],
    ["36884","JUAL PULSA (MORIN)","JALAN PAHLAWAN","prelist","MEDAN PERJUANGAN","PAHLAWAN","LINGKUNGAN 13","","","J. Informasi dan Komunikasi","SBR"],
    ["36904","BESI TUA (ALO)","JL KERIS NO 13/10","prelist","MEDAN PERJUANGAN","PAHLAWAN","LINGKUNGAN 8","","","G. Perdagangan Besar dan Eceran, Reparasi Mobil dan Sepeda Motor","SBR"],
    ["36908","THAMRIN CORNER","JL THAMRIN NO 159","prelist","MEDAN PERJUANGAN","PANDAU HILIR","LINGKUNGAN 3","","","I. Penyediaan Akomodasi dan Makan Minum","SBR"],
    ["36916","TAN NAPARAS (A YANI)","JL DELITUA NO 45/15K LINGKUNGAN 9","prelist","MEDAN PERJUANGAN","PANDAU HILIR","LINGKUNGAN 9","","","G. Perdagangan Besar dan Eceran, Reparasi Mobil dan Sepeda Motor","SBR"],
    ["36922","BIRO JASA ADMINISTRASI FAJAR ABADI","JL THAMRIN 113","prelist","MEDAN PERJUANGAN","PANDAU HILIR","LINGKUNGAN 3","","","N. Jasa Persewaan, Ketenagakerjaan, Agen Perjalanan, dan Jasa Pendukung","SBR"],
    ["36943","PAUD SENTOSA","JALAN LUBUK KUDA NOMOR 11","prelist","MEDAN PERJUANGAN","SEI KERA HULU","LINGKUNGAN 17","","","P. Pendidikan","SBR"],
    ["36945","SEMBAKO (EVA)","ASRAMA KOWILHAN K 12","prelist","MEDAN PERJUANGAN","SIDORAME BARAT I","LINGKUNGAN 7","","","G. Perdagangan Besar dan Eceran, Reparasi Mobil dan Sepeda Motor","SBR"],
    ["36992","JUAL IKAN (HAMZAH)","JLN KARTO","prelist","MEDAN PERJUANGAN","SIDORAME TIMUR","LINGKUNGAN 10","","","G. Perdagangan Besar dan Eceran, Reparasi Mobil dan Sepeda Motor","SBR"],
    ["37001","TOKO MAKANAN KESEHATAN","JL PROF HM YAMIN SH NO 496","prelist","MEDAN PERJUANGAN","PAHLAWAN","LINGKUNGAN 1","","","G. Perdagangan Besar dan Eceran, Reparasi Mobil dan Sepeda Motor","SBR"],
    ["37003","INDOLA IMOBIL","JL HM YAMIN NO 372 MEDAN","prelist","MEDAN PERJUANGAN","SEI KERA HULU","LINGKUNGAN 3","","","G. Perdagangan Besar dan Eceran, Reparasi Mobil dan Sepeda Motor","SBR"],
    ["37060","PISANG BANDUNG","JALAN PERINTIS KEMERDEKAAN","prelist","MEDAN PERJUANGAN","SIDORAME TIMUR","LINGKUNGAN 12","","","I. Penyediaan Akomodasi dan Makan Minum","SBR"],
    ["37061","USAHA TELUR(MEGA)","JL HM SAID NO 168","prelist","MEDAN PERJUANGAN","SIDORAME BARAT I","LINGKUNGAN 1","","","G. Perdagangan Besar dan Eceran, Reparasi Mobil dan Sepeda Motor","SBR"],
    ["37284","KONTER HP (S SIREGAR)","JALAN PASAR TIGA NO 147 A","prelist","MEDAN PERJUANGAN","TEGAL REJO","LINGKUNGAN 11","","","G. Perdagangan Besar dan Eceran, Reparasi Mobil dan Sepeda Motor","SBR"],
    ["37310","TOKO BAJU DAN SEPATU (SIAGIAN)","JALAN HM SAID NO 172","prelist","MEDAN PERJUANGAN","SIDORAME BARAT I","LINGKUNGAN 1","","","G. Perdagangan Besar dan Eceran, Reparasi Mobil dan Sepeda Motor","SBR"],
    ["37341","GUDANG GAS","JL PRAJURIT","prelist","MEDAN PERJUANGAN","SIDORAME BARAT I","LINGKUNGAN 11","","","G. Perdagangan Besar dan Eceran, Reparasi Mobil dan Sepeda Motor","SBR"],
    ["37407","PLAY STATION(NAINGGOLAN)","JALAN PRAJURIT","prelist","MEDAN PERJUANGAN","SIDORAME BARAT I","LINGKUNGAN 11","","","J. Informasi dan Komunikasi","SBR"],
    ["37823","SPARE PART (MASTER BAN)","JALAN HM YAMIN SH","prelist","MEDAN PERJUANGAN","SEI KERA HILIR II","LINGKUNGAN 10","","","G. Perdagangan Besar dan Eceran, Reparasi Mobil dan Sepeda Motor","SBR"],
    ["37824","JUAL GALON AQUA (PORMAN SIMORANGKIR)","JL BAMBU RUNCING NO 47 23 LINGKUNGAN 12","prelist","MEDAN PERJUANGAN","PAHLAWAN","LINGKUNGAN 12","","","C. Industri Pengolahan","SBR"],
    ["37827","FORTUNA ELEKTRONIK","JL PROF HM YAMIN NO 225","prelist","MEDAN PERJUANGAN","SEI KERA HILIR I","LINGKUNGAN 1","","","G. Perdagangan Besar dan Eceran, Reparasi Mobil dan Sepeda Motor","SBR"],
    ["37828","FUTSAL","JALAN PELITA I","prelist","MEDAN PERJUANGAN","SIDORAME BARAT I","LINGKUNGAN 7","","","R. Kesenian, Hiburan, dan Rekreasi","SBR"],
    ["37832","SEWA TENDA TERATAK (EFRIDA)","JL RAKYAT NO 24","prelist","MEDAN PERJUANGAN","SIDORAME TIMUR","LINGKUNGAN 7","","","N. Jasa Persewaan, Ketenagakerjaan, Agen Perjalanan, dan Jasa Pendukung","SBR"],
    ["37833","YAYASAN PG/TK/SD GENERASI BINTANG","JL PERMAI NO 32","prelist","MEDAN PERJUANGAN","SIDORAME TIMUR","LINGKUNGAN 13","","","P. Pendidikan","SBR"],
    ["37835","JUAL GAS ELPIJI (MANIK)","JL.M YAKUB NO.72","prelist","MEDAN PERJUANGAN","SEI KERA HILIR II","LINGKUNGAN 6","","","G. Perdagangan Besar dan Eceran, Reparasi Mobil dan Sepeda Motor","SBR"],
    ["37836","JUAL KUE (SUIDA)","JALAN SEI KERA GG REZEKI A NO 5","prelist","MEDAN PERJUANGAN","SEI KERA HULU","LINGKUNGAN 10","","","I. Penyediaan Akomodasi dan Makan Minum","SBR"],
    ["37837","CLINIC MODE (BUTIK)","JL.GURILLA NO 50","prelist","MEDAN PERJUANGAN","SEI KERA HILIR I","LINGKUNGAN 2","","","G. Perdagangan Besar dan Eceran, Reparasi Mobil dan Sepeda Motor","SBR"],
    ["37844","MENYORTIR BAWANG MERAH (EDI)","JL SETIA JADI NO 110 MEDAN LINGK 15","prelist","MEDAN PERJUANGAN","TEGAL REJO","LINGKUNGAN 15","","","G. Perdagangan Besar dan Eceran, Reparasi Mobil dan Sepeda Motor","SBR"],
    ["37845","MEMBUAT KAWAT NYAMUK RUANGAN RUMAH (IRFAN)","JL LUBUK RAYA NO 1 LINGK 15","prelist","MEDAN PERJUANGAN","TEGAL REJO","LINGKUNGAN 13","","","C. Industri Pengolahan","SBR"],
    ["37846","PRAKTEK DOKTER JUWITA","JALAN RAKYAT","prelist","MEDAN PERJUANGAN","SIDORAME TIMUR","LINGKUNGAN 7","","","Q. Jasa Kesehatan dan Kegiatan Sosial","SBR"],
    ["37847","KAMAR KOST","ASRAMA KOWILHAN K7","prelist","MEDAN PERJUANGAN","SIDORAME BARAT I","LINGKUNGAN 7","","","I. Penyediaan Akomodasi dan Makan Minum","SBR"],
    ["37849","GROSIR IKAN ASIN (ASELA)","JL SERAM NO 72LINGUNGAN I","prelist","MEDAN PERJUANGAN","PANDAU HILIR","LINGKUNGAN 4","","","G. Perdagangan Besar dan Eceran, Reparasi Mobil dan Sepeda Motor","SBR"],
    ["37896","APOTIK HERI","JLN HOS COKRO AMINOTO 115 B","prelist","MEDAN PERJUANGAN","PANDAU HILIR","LINGKUNGAN 7","","","G. Perdagangan Besar dan Eceran, Reparasi Mobil dan Sepeda Motor","SBR"],
    ["37897","DUTA JAVA","JALAN THAMRIN NO 51","prelist","MEDAN PERJUANGAN","PANDAU HILIR","LINGKUNGAN 4","","","G. Perdagangan Besar dan Eceran, Reparasi Mobil dan Sepeda Motor","SBR"],
    ["37898","SIMPONY","JLN MADONG LUBIS NO 45","prelist","MEDAN PERJUANGAN","PANDAU HILIR","LINGKUNGAN 1","","","S. Aktivitas Jasa Lainnya","SBR"],
    ["37900","TOKO KERAMIK (SEJAHTERA MAJU)","JL PROF HM YAMIN SH NO 574 C","prelist","MEDAN PERJUANGAN","PAHLAWAN","LINGKUNGAN 1","","","G. Perdagangan Besar dan Eceran, Reparasi Mobil dan Sepeda Motor","SBR"],
    ["37902","JUALAN KENTANG (MUHAMMADDIN)","ASRAMA KOWILHAN K 58","prelist","MEDAN PERJUANGAN","SIDORAME BARAT I","LINGKUNGAN 7","","","G. Perdagangan Besar dan Eceran, Reparasi Mobil dan Sepeda Motor","SBR"],
    ["37920","RUMAH MAKAN (NURHAYATI)","JL PASAR III","prelist","MEDAN PERJUANGAN","TEGAL REJO","LINGKUNGAN 11","","","I. Penyediaan Akomodasi dan Makan Minum","SBR"],
    ["37921","KEDAI KELONTONG (RENI)","JL PASAR III NO 100","prelist","MEDAN PERJUANGAN","TEGAL REJO","LINGKUNGAN 9","","","G. Perdagangan Besar dan Eceran, Reparasi Mobil dan Sepeda Motor","SBR"],
    ["37933","KLINIK BERSALIN (ELPERIA)","JL PERMAI NO 9","prelist","MEDAN PERJUANGAN","SIDORAME TIMUR","LINGKUNGAN 15","","","Q. Jasa Kesehatan dan Kegiatan Sosial","SBR"],
    ["37934","TOKO KACA (GALERI GLASS)","JALAN PROF HM YAMIN SH NO 524 MEDAN","prelist","MEDAN PERJUANGAN","PAHLAWAN","LINGKUNGAN 1","","","G. Perdagangan Besar dan Eceran, Reparasi Mobil dan Sepeda Motor","SBR"],
    ["37936","TAMAN KANAK KANAK AL KAUTSAR","JL GURILLA NO 117","prelist","MEDAN PERJUANGAN","SEI KERA HILIR I","LINGKUNGAN 4","","","P. Pendidikan","SBR"],
    ["37950","SALON (MONA)","JL PASAR III NO 159 B","prelist","MEDAN PERJUANGAN","TEGAL REJO","LINGKUNGAN 10","","","S. Aktivitas Jasa Lainnya","SBR"],
    ["37955","JNE","JL.SEI KERA NO.295","prelist","MEDAN PERJUANGAN","SEI KERA HULU","LINGKUNGAN 9","","","H. Transportasi dan Pergudangan","SBR"],
    ["37982","UD MULIA JAYA","JL THAMRIN 117","prelist","MEDAN PERJUANGAN","PANDAU HILIR","LINGKUNGAN 3","","","G. Perdagangan Besar dan Eceran, Reparasi Mobil dan Sepeda Motor","SBR"],
    ["37999","SUPIR TAXI (FERY AL)","JALAN MAPILINDO","prelist","MEDAN PERJUANGAN","SIDORAME BARAT I","LINGKUNGAN 11","","","H. Transportasi dan Pergudangan","SBR"],
    ["38007","PENJAHIT PAKAIAN","JL GUNUNG KRAKATU","prelist","MEDAN PERJUANGAN","TEGAL REJO","LINGKUNGAN 9","","","C. Industri Pengolahan","SBR"],
    ["38017","SINAR SAUDARA UD","JLN RAKYAT NO 116 LINK 12","prelist","MEDAN PERJUANGAN","SIDORAME TIMUR","LINGKUNGAN 3","","","G. Perdagangan Besar dan Eceran, Reparasi Mobil dan Sepeda Motor","SBR"],
    ["38093","SDS MUHAMMADIYAH 0 9","JALAN RAKYAT LORONG MANINJAVINURI NO. 4 A","prelist","MEDAN PERJUANGAN","SIDORAME TIMUR","LINGKUNGAN 12","","","P. Pendidikan","SBR"],
    ["38103","PENJAHIT JEANS","JL.PROF.HM.YAMIN,SH NO 153","prelist","MEDAN PERJUANGAN","SEI KERA HILIR II","LINGKUNGAN 6","","","C. Industri Pengolahan","SBR"],
    ["38109","GUDANG MULIA JAYA","JL THAMRIN 111","prelist","MEDAN PERJUANGAN","PANDAU HILIR","LINGKUNGAN 3","","","H. Transportasi dan Pergudangan","SBR"],
    ["38531","KANTOR NOTANS (IKHSAN LUBIS)","JL PROF HM YAMIN SH 299 B LK II","prelist","MEDAN PERJUANGAN","SEI KERA HILIR II","LINGKUNGAN 11","","","M. Jasa Profesional, Ilmiah, dan Teknis","SBR"],
    ["38655","AGEN CELANA JEANS (TJIK SENG HANG)","JL PANAH NO 154 LINGKUNGAN 72","prelist","MEDAN PERJUANGAN","PAHLAWAN","LINGKUNGAN 12","","","G. Perdagangan Besar dan Eceran, Reparasi Mobil dan Sepeda Motor","SBR"],
    ["38664","PRAKTEK DOKTER SPESIALIS ANAK (DR NOVAL AZIZ SPA)","JALAN SAKTI NO 2/64 MEDAN LINGKUNGAN IV","prelist","MEDAN PERJUANGAN","PAHLAWAN","LINGKUNGAN 4","","","Q. Jasa Kesehatan dan Kegiatan Sosial","SBR"],
    ["38665","KMP UD PANGLONG KAYU (KARIAMAN)","JL PAHLAWAN NO 69 LINGKUNGAN 12","prelist","MEDAN PERJUANGAN","PAHLAWAN","LINGKUNGAN 2","","","C. Industri Pengolahan","SBR"],
    ["38666","KANTOR HUKUM (DAM HAS ONANGAN HARAHAP)","J L PAHLAWAN NO 61 C LINGKUNGAN 12","prelist","MEDAN PERJUANGAN","PAHLAWAN","LINGKUNGAN 4","","","M. Jasa Profesional, Ilmiah, dan Teknis","SBR"],
    ["38669","SMILE STUDIO","JL WAHIDIN NO 35B/414","prelist","MEDAN PERJUANGAN","PAHLAWAN","LINGKUNGAN 10","","","Q. Jasa Kesehatan dan Kegiatan Sosial","SBR"],
    ["39075","JAJANAN ANAK ANAK (PONIATI)","JL PELITA VI KUCICA 1 LK 1","prelist","MEDAN PERJUANGAN","TEGAL REJO","LINGKUNGAN 1","","","G. Perdagangan Besar dan Eceran, Reparasi Mobil dan Sepeda Motor","SBR"],
    ["39077","PRAKTEK NABABAN","JLN PELITA IV NO 3","prelist","MEDAN PERJUANGAN","SIDORAME TIMUR","LINGKUNGAN 15","","","Q. Jasa Kesehatan dan Kegiatan Sosial","SBR"],
    ["39078","SEKOLAH UBUDIYAH","JL PERMAI NO 100","prelist","MEDAN PERJUANGAN","SIDORAME TIMUR","LINGKUNGAN 13","","","P. Pendidikan","SBR"],
    ["39079","JUNE SALON (JUNE)","JALAN PERJUANGAN NO 15","prelist","MEDAN PERJUANGAN","SEI KERA HILIR I","LINGKUNGAN 7","","","S. Aktivitas Jasa Lainnya","SBR"],
    ["39086","AD NAN TRAVEL","JALAN PELITA 2 NOMOR 49","prelist","MEDAN PERJUANGAN","SIDORAME BARAT II","LINGKUNGAN 7","","","N. Jasa Persewaan, Ketenagakerjaan, Agen Perjalanan, dan Jasa Pendukung","SBR"],
    ["39098","YAKULT (FANI WIDIA PR ATAMA)","JL BAMBU RUNCING NO 68 LINGKUNGAN 12","prelist","MEDAN PERJUANGAN","PAHLAWAN","LINGKUNGAN 12","","","G. Perdagangan Besar dan Eceran, Reparasi Mobil dan Sepeda Motor","SBR"],
    ["39099","PEMBUATAN KERAJINAN PERABOTAN (BUNSENG)","JL TOMONG","prelist","MEDAN PERJUANGAN","SEI KERA HULU","LINGKUNGAN 19","","","C. Industri Pengolahan","SBR"],
    ["39101","TOKO BAJU (URSAN)","JL PAHLAWAN GG LUMUMBA NO 27","prelist","MEDAN PERJUANGAN","PAHLAWAN","LINGKUNGAN 5","","","G. Perdagangan Besar dan Eceran, Reparasi Mobil dan Sepeda Motor","SBR"],
    ["39113","DEPOT ISI ULANG SAHARA","JL SENTOSA LAMA NO 8","prelist","MEDAN PERJUANGAN","SEI KERA HULU","LINGKUNGAN 9","","","C. Industri Pengolahan","SBR"],
    ["39118","KURSUS JARIMATIKA","JL RAKYAT NO 122 LINK 12","prelist","MEDAN PERJUANGAN","TEGAL REJO","LINGKUNGAN 12","","","P. Pendidikan","SBR"],
    ["39126","ONLINE SHOP (YASA)","JALAN PAHLAWAN GANG PERKASA","prelist","MEDAN PERJUANGAN","PAHLAWAN","LINGKUNGAN 2","","","G. Perdagangan Besar dan Eceran, Reparasi Mobil dan Sepeda Motor","SBR"],
    ["39139","APOTEK MURAH FARMA","JLN RAKYAT NO 111 C","prelist","MEDAN PERJUANGAN","SIDORAME TIMUR","LINGKUNGAN 15","","","G. Perdagangan Besar dan Eceran, Reparasi Mobil dan Sepeda Motor","SBR"],
    ["39140","TECH GEAR","TALAN H.M.E.A.MIN VA.354.T.50 MEDAN","prelist","MEDAN PERJUANGAN","SEI KERA HULU","LINGKUNGAN 15","","","G. Perdagangan Besar dan Eceran, Reparasi Mobil dan Sepeda Motor","SBR"],
    ["39141","WARUNG NASI GORENG (CAKLI)","SEI KERA HULU","prelist","MEDAN PERJUANGAN","SEI KERA HULU","LINGKUNGAN 15","","","I. Penyediaan Akomodasi dan Makan Minum","SBR"],
    ["39142","PERABOTAN RUMAH TANGGA (NURDIN)","JL BADIK GG AMAN NO 21 B","prelist","MEDAN PERJUANGAN","SEI KERA HULU","LINGKUNGAN 18","","","G. Perdagangan Besar dan Eceran, Reparasi Mobil dan Sepeda Motor","SBR"],
    ["39143","BUTIK BAJU(SUNARTI)","IL M YAKUB NO.65 LINGKUNGAN 14","prelist","MEDAN PERJUANGAN","SEI KERA HILIR II","LINGKUNGAN 7","","","G. Perdagangan Besar dan Eceran, Reparasi Mobil dan Sepeda Motor","SBR"],
    ["39148","KLINIK PELITA KASIH","JLN RAKYAT NO 101 I","prelist","MEDAN PERJUANGAN","SIDORAME TIMUR","LINGKUNGAN 15","","","Q. Jasa Kesehatan dan Kegiatan Sosial","SBR"],
    ["39156","BINTANG ANUGERAH","JL.PASAR 3 NO 104","prelist","MEDAN PERJUANGAN","TEGAL REJO","LINGKUNGAN 9","","","G. Perdagangan Besar dan Eceran, Reparasi Mobil dan Sepeda Motor","SBR"],
    ["39157","KURSUS MOBIL BIMA","JL PROF HM YAMINSH","prelist","MEDAN PERJUANGAN","SEI KERA HILIR II","LINGKUNGAN 8","","","S. Aktivitas Jasa Lainnya","SBR"],
    ["39174","TK AISYAH BUSTANUL ATHFA","JL PAHLAWAN NO 76","prelist","MEDAN PERJUANGAN","PAHLAWAN","LINGKUNGAN 5","","","P. Pendidikan","SBR"],
    ["39261","KEDAI<ADIT>","JALAN CEMPAKA GANG SA HABAT","prelist","MEDAN PERJUANGAN","SEI KERA HULU","LINGKUNGAN 20","","","G. Perdagangan Besar dan Eceran, Reparasi Mobil dan Sepeda Motor","SBR"],
    ["39308","PERKREDITAN (INTERYASA)","JL PROF HM YAMIN SH NO 574 A","prelist","MEDAN PERJUANGAN","PAHLAWAN","LINGKUNGAN 1","","","N. Jasa Persewaan, Ketenagakerjaan, Agen Perjalanan, dan Jasa Pendukung","SBR"],
    ["39315","SINAR MEDAN","JL. RENCONG NO. 23 MEDAN","prelist","MEDAN PERJUANGAN","PAHLAWAN","LINGKUNGAN 9","","","C. Industri Pengolahan","SBR"],
    ["39320","PENGACARA DUTA KEADILAN","JALAN HM YAMIN KOMPLEK SERDANG MAS B9","prelist","MEDAN PERJUANGAN","SEI KERA HULU","LINGKUNGAN 5","","","M. Jasa Profesional, Ilmiah, dan Teknis","SBR"],
    ["39321","KANTOR NOTARIS (RINGGO JULIANTO)","JL SENTOSA LAMA","prelist","MEDAN PERJUANGAN","SEI KERA HULU","LINGKUNGAN 20","","","M. Jasa Profesional, Ilmiah, dan Teknis","SBR"],
    ["39322","TOKO BATA(ABDUL)","JL PROF HM YAMIN SH NO 261","prelist","MEDAN PERJUANGAN","SEI KERA HILIR I","LINGKUNGAN 1","","","G. Perdagangan Besar dan Eceran, Reparasi Mobil dan Sepeda Motor","SBR"],
    ["39345","SINAR SANATA ELECTRONIC INDUSTRY, PT","JL. PERTAHANAN LR.III/7","prelist","MEDAN PERJUANGAN","SIDORAME BARAT II","LINGKUNGAN 1","","","C. Industri Pengolahan","SBR"],
    ["39520","PT. Bank Tabungan Negara (Persero) Tbk., Kantor Cabang Pembantu M. Yamin","JL.HM YAMIN SH NO 56","prelist","MEDAN PERJUANGAN","SEI KERA HILIR II","LINGKUNGAN 6","","","K. Aktivitas Keuangan Dan Asuransi","SBR"],
    ["39545","POS INDONESIA PT","JALAN PELITA IV NO 68","prelist","MEDAN PERJUANGAN","SIDORAME BARAT II","LINGKUNGAN 7","","","M. Jasa Profesional, Ilmiah, dan Teknis","SBR"],
    ["39561","Bank Sahabat Sampoerna, Kantor Cabang Medan","JL.SUTOMO NO.27","prelist","MEDAN PERJUANGAN","PANDAU HILIR","LINGKUNGAN 2","","","K. Aktivitas Keuangan Dan Asuransi","SBR"],
    ["39799","DR UMUM (EDI WALUYO)","JL AIPTU KS TUBUN NO 28AA LK 4","prelist","MEDAN PERJUANGAN","SIDORAME BARAT I","LINGKUNGAN 7","","","Q. Jasa Kesehatan dan Kegiatan Sosial","SBR"],
    ["40127","TOKO JAM <INDAH>","CENTRAL PASAR LANTAI 1 BLOK 2 LK 4","prelist","MEDAN PERJUANGAN","SIDORAME TIMUR","LINGKUNGAN 15","","","G. Perdagangan Besar dan Eceran, Reparasi Mobil dan Sepeda Motor","SBR"],
    ["40307","JACO","LT 4 NO 16 SUN PLAZA","prelist","MEDAN PERJUANGAN","SEI KERA HULU","LINGKUNGAN 2","","","G. Perdagangan Besar dan Eceran, Reparasi Mobil dan Sepeda Motor","SBR"],
    ["40643","VECO OPTICAL","JL WAHIDIN NO 196","prelist","MEDAN PERJUANGAN","PAHLAWAN","LINGKUNGAN 10","","","G. Perdagangan Besar dan Eceran, Reparasi Mobil dan Sepeda Motor","SBR"],
    ["40750","OPTIK MAKMUR","JLN PROF HM YAMIN SH NO 271","prelist","MEDAN PERJUANGAN","SEI KERA HILIR II","LINGKUNGAN 10","","","G. Perdagangan Besar dan Eceran, Reparasi Mobil dan Sepeda Motor","SBR"],
    ["40778","PRAKTEK GIGI (DR RENIM)","JLN PROF HM YAMIN SH","prelist","MEDAN PERJUANGAN","PAHLAWAN","LINGKUNGAN 15","","","Q. Jasa Kesehatan dan Kegiatan Sosial","SBR"],
    ["40877","WIJAYA KESUMA SEGARA CV","JL PROF HM YAMIN SH GG KABU KABU NO 14","prelist","MEDAN PERJUANGAN","SEI KERA HULU","LINGKUNGAN 9","","","C. Industri Pengolahan","SBR"],
    ["40900","BENGKEL SEPEDA MOTOR","JL RAKYAT NO 48","prelist","MEDAN PERJUANGAN","SIDORAME TIMUR","LINGKUNGAN 11","","","G. Perdagangan Besar dan Eceran, Reparasi Mobil dan Sepeda Motor","SBR"],
    ["40910","MORI ENIEERING PT","JL SEHATI LIG 9","prelist","MEDAN PERJUANGAN","TEGAL REJO","LINGKUNGAN 9","","","F. Konstruksi","SBR"],
    ["40911","WARUNG KOPI (SYAHRIL)","JL PERMAI","prelist","MEDAN PERJUANGAN","SIDORAME TIMUR","LINGKUNGAN 14","","","I. Penyediaan Akomodasi dan Makan Minum","SBR"],
    ["40939","PT RED CAPIT","JALAN PERINTIS KEMERDEKAAN NO 27 LINGKUNGAN 10","prelist","MEDAN PERJUANGAN","SIDORAME BARAT I","LINGKUNGAN 10","","","I. Penyediaan Akomodasi dan Makan Minum","SBR"],
    ["40940","PRAKTEK DOKTER SPESIALIS","JALAN PROF HM YAMIN S H NOMOR 257","prelist","MEDAN PERJUANGAN","SEI KERA HILIR II","LINGKUNGAN 10","","","Q. Jasa Kesehatan dan Kegiatan Sosial","SBR"],
    ["41064","KANTOR POS CABANG THAMRIN","JALAN THAMRIN NO15 4 LK G","prelist","MEDAN PERJUANGAN","PANDAU HILIR","LINGKUNGAN 4","","","H. Transportasi dan Pergudangan","SBR"],
    ["41074","SANTA BIMA NAGASAKI, PT","JL. RAKYAT NO. 5","prelist","MEDAN PERJUANGAN","SIDORAME TIMUR","LINGKUNGAN 3","","","F. Konstruksi","SBR"],
    ["41106","CV. CITRA YUDA","JL SEI KERA GG PENGHULU NO.12 MEDAN","prelist","MEDAN PERJUANGAN","SEI KERA HULU","LINGKUNGAN 6","","","G. Perdagangan Besar dan Eceran, Reparasi Mobil dan Sepeda Motor","SBR"],
    ["41125","NOTESINDO, CV","JL MALAKA NO 25A","prelist","MEDAN PERJUANGAN","PANDAU HILIR","LINGKUNGAN 4","","","F. Konstruksi","SBR"],
    ["41262","OPTIK BONIA","PALLADIUM MALL G5 25 NO 17","prelist","MEDAN PERJUANGAN","SEI KERA HULU","LINGKUNGAN 5","","","G. Perdagangan Besar dan Eceran, Reparasi Mobil dan Sepeda Motor","SBR"],
    ["41583","ENGLISH FIRST","JALAN HANGKES TURINO 13","prelist","MEDAN PERJUANGAN","TEGAL REJO","LINGKUNGAN 8","","","P. Pendidikan","SBR"],
    ["41620","NELY SITOMURANG 1","1 L LETIJEN S PARMAN G G ARS YAD NO 1 56 1","prelist","MEDAN PERJUANGAN","SEI KERA HILIR II","LINGKUNGAN 13","","","I. Penyediaan Akomodasi dan Makan Minum","SBR"],
    ["41704","TEMPAHAN BAJU KEMEJA (ZEGA)","JLN GURILLA NO 20 B LK 4","prelist","MEDAN PERJUANGAN","SEI KERA HILIR II","LINGKUNGAN 4","","","C. Industri Pengolahan","SBR"],
    ["41903","RUMAH MAKAN DA & NU <YUSRI >","JL.PERJUANGAN NO.308","prelist","MEDAN PERJUANGAN","SEI KERA HILIR I","LINGKUNGAN 11","","","I. Penyediaan Akomodasi dan Makan Minum","SBR"],
    ["41909","TOKEN PULSA (AZDKIA)","JL PROF HM YAMIN NO 213 LINGKUNGAN 13","prelist","MEDAN PERJUANGAN","SEI KERA HILIR II","LINGKUNGAN 8","","","J. Informasi dan Komunikasi","SBR"],
    ["41923","SD SENTOSA","JL.PROF H M YAMIN SH GG PENGHULU NO 1 MEDAN","prelist","MEDAN PERJUANGAN","SEI KERA HULU","LINGKUNGAN 6","","","P. Pendidikan","SBR"],
    ["41924","PT JASA ANGKASA SEMESTA","JL HM YAMIN GANG HABIR NO 34 B","prelist","MEDAN PERJUANGAN","SEI KERA HULU","LINGKUNGAN 8","","","P. Pendidikan","SBR"],
    ["41926","KWRI(DARMAWANS","JALAN HM YAMIN NO 414","prelist","MEDAN PERJUANGAN","SEI KERA HULU","LINGKUNGAN 4","","","J. Informasi dan Komunikasi","SBR"],
    ["41930","TK NASRANI 2","JL PENDIDIKAN NO 88 LINGKUNGAN 7","prelist","MEDAN PERJUANGAN","TEGAL REJO","LINGKUNGAN 7","","","P. Pendidikan","SBR"],
    ["42060","SMK FARMASI APIPSU","JL JAMBI","prelist","MEDAN PERJUANGAN","PANDAU HILIR","LINGKUNGAN 3","","","P. Pendidikan","SBR"],
    ["42066","DEKORASI RUMAH","KOMPLEK SETIA JADI NO 50 X","prelist","MEDAN PERJUANGAN","TEGAL REJO","LINGKUNGAN 15","","","N. Jasa Persewaan, Ketenagakerjaan, Agen Perjalanan, dan Jasa Pendukung","SBR"],
    ["42131","MARISON PT","JL. RAKYAT NO. 78","prelist","MEDAN PERJUANGAN","SIDORAME TIMUR","LINGKUNGAN 15","","","F. Konstruksi","SBR"],
    ["42159","PT COLUMBIA","SEI KERA HILIR II","prelist","MEDAN PERJUANGAN","SEI KERA HILIR II","LINGKUNGAN 8","","","G. Perdagangan Besar dan Eceran, Reparasi Mobil dan Sepeda Motor","SBR"],
    ["42410","PT PURKESA PRIMA","JL BRIGJEND KATAMSO GG ANDIKA NO 33","prelist","MEDAN PERJUANGAN","SEI KERA HILIR I","LINGKUNGAN 8","","","F. Konstruksi","SBR"],
    ["42453","SUPIR ANGKOT (KARLOS)","JALAN PELITA 5 NO 9","prelist","MEDAN PERJUANGAN","SIDORAME BARAT II","LINGKUNGAN 9","","","H. Transportasi dan Pergudangan","SBR"],
    ["42457","RUMAH MAKAN PADANG ( JUMIATUL )","JL RAKYAT NO 68","prelist","MEDAN PERJUANGAN","SIDORAME TIMUR","LINGKUNGAN 3","","","I. Penyediaan Akomodasi dan Makan Minum","SBR"],
    ["42495","CENDANA UTAMA CY","JALAN PERJUANGAN NO 26 LING 10 RT RW 20233","prelist","MEDAN PERJUANGAN","SEI KERA HILIR I","LINGKUNGAN 10","","","G. Perdagangan Besar dan Eceran, Reparasi Mobil dan Sepeda Motor","SBR"],
    ["42502","SERVICE KOMPUTER (ALI GENO)","JL COKROAMINOTO KOMP PERCUT PERMAI NO 5B","prelist","MEDAN PERJUANGAN","SEI KERA HULU","LINGKUNGAN 13","","","S. Aktivitas Jasa Lainnya","SBR"],
    ["42503","SD NEGERI 060853","JL PROF HM YAMIN NO 1","prelist","MEDAN PERJUANGAN","SEI KERA HILIR II","LINGKUNGAN 1","","","P. Pendidikan","SBR"],
    ["42504","KANTOR ADVOKAT SAUDIN <SINAGA SH>","JL PROF HM YAMIN SH NO 77","prelist","MEDAN PERJUANGAN","SEI KERA HILIR II","LINGKUNGAN 2","","","M. Jasa Profesional, Ilmiah, dan Teknis","SBR"],
    ["42506","KANA PELANGI SEJATI PT(ARIEF FADILLAH)","JL PIMPINAN GG SEKOLAH NO 674 LK 11","prelist","MEDAN PERJUANGAN","SEI KERA HILIR I","LINGKUNGAN 11","","","G. Perdagangan Besar dan Eceran, Reparasi Mobil dan Sepeda Motor","SBR"],
    ["42558","AMIK MEDICOM","JALAN SENTOSA BARU NO 17 LINK II","prelist","MEDAN PERJUANGAN","SEI KERA HILIR II","LINGKUNGAN 11","","","P. Pendidikan","SBR"],
    ["42561","TOKO ANEKA KERTAS (SUJONDI)","JL PROF HH YAMIN SH 283 LK II","prelist","MEDAN PERJUANGAN","SEI KERA HILIR II","LINGKUNGAN 11","","","G. Perdagangan Besar dan Eceran, Reparasi Mobil dan Sepeda Motor","SBR"],
    ["42576","WISMA AGAPE<YAYASAN GKPI>","JL PELITA 4","prelist","MEDAN PERJUANGAN","SIDORAME BARAT II","LINGKUNGAN 8","","","L. Real Estat","SBR"],
    ["42578","OLC","JL JAMBI NO 3","prelist","MEDAN PERJUANGAN","PANDAU HILIR","LINGKUNGAN 4","","","P. Pendidikan","SBR"],
    ["42579","TK RA KUSUMA","JALAN SE I KERA NOMOR 262 MEDAN","prelist","MEDAN PERJUANGAN","SEI KERA HULU","LINGKUNGAN 12","","","P. Pendidikan","SBR"],
    ["42594","PT BINA ULI GRAHA","JL PROF HM YAMIN GG LURAH NO 12 MEDAN","prelist","MEDAN PERJUANGAN","SEI KERA HULU","LINGKUNGAN 3","","","F. Konstruksi","SBR"],
    ["42600","PRAKTEK DR GIGI (PUTRA)","JL PROF HM YAMIN SH NO 307 LK II","prelist","MEDAN PERJUANGAN","SEI KERA HILIR I","LINGKUNGAN 1","","","Q. Jasa Kesehatan dan Kegiatan Sosial","SBR"],
    ["42614","BISNIS ON LINE JOVEM(NOVA)","JL PROF HMYAMIN SH GG MANGGIS NO 194 LK II","prelist","MEDAN PERJUANGAN","SEI KERA HILIR II","LINGKUNGAN 11","","","G. Perdagangan Besar dan Eceran, Reparasi Mobil dan Sepeda Motor","SBR"],
    ["42643","CV MANUNGGAL RIAMERTA DEV CONSULTANT","JL MAPILINDO NO 63","prelist","MEDAN PERJUANGAN","TEGAL REJO","LINGKUNGAN 2","","","F. Konstruksi","SBR"],
    ["42658","SUPPLY BERLIAN (BAHRIZAL)","JALAN M YAKUB LK 5","prelist","MEDAN PERJUANGAN","SEI KERA HILIR II","LINGKUNGAN 14","","","G. Perdagangan Besar dan Eceran, Reparasi Mobil dan Sepeda Motor","SBR"],
    ["42666","CV MAJU JAYA","JL PROF HM YAMIN SH NO 937 LINK 15","prelist","MEDAN PERJUANGAN","SEI KERA HILIR II","LINGKUNGAN 3","","","F. Konstruksi","SBR"],
    ["42669","CV ZAI GRAFIKA","JALAN PROF HM YAMIN S H NOMOR 5 RT RW 20233","prelist","MEDAN PERJUANGAN","SEI KERA HULU","LINGKUNGAN 3","","","C. Industri Pengolahan","SBR"],
    ["42670","NIHA PONSEL","JL RAKYAT NO 66","prelist","MEDAN PERJUANGAN","SIDORAME TIMUR","LINGKUNGAN 11","","","J. Informasi dan Komunikasi","SBR"],
    ["42672","SD 2 H K B P SIDORAME","IJL DOROWATI NO 40","prelist","MEDAN PERJUANGAN","SIDORAME BARAT II","LINGKUNGAN 1","","","P. Pendidikan","SBR"],
    ["42673","SD RK SETIA BUDI","JALAN PELITA 6 NO 1","prelist","MEDAN PERJUANGAN","SIDORAME BARAT II","LINGKUNGAN 9","","","P. Pendidikan","SBR"],
    ["42678","SD SMP MUHAMMADDIYAH","JL PELITA II NO 3 / 5","prelist","MEDAN PERJUANGAN","SIDORAME BARAT I","LINGKUNGAN 3","","","P. Pendidikan","SBR"],
    ["42684","PENGACARA (SUKRI)","JALAN HM YAMIN SH GANG WASLIYAH","prelist","MEDAN PERJUANGAN","SEI KERA HILIR II","LINGKUNGAN 11","","","M. Jasa Profesional, Ilmiah, dan Teknis","SBR"],
    ["42769","SUBUR AGUNG CV","JL PROF HM YAMIN SH NO 536","prelist","MEDAN PERJUANGAN","PAHLAWAN","LINGKUNGAN 1","","","G. Perdagangan Besar dan Eceran, Reparasi Mobil dan Sepeda Motor","SBR"],
    ["42770","INTERNET FIVE NET","JL MALAKA NO 125 LINGKUNGAN 8","prelist","MEDAN PERJUANGAN","PANDAU HILIR","LINGKUNGAN 8","","","J. Informasi dan Komunikasi","SBR"],
    ["42771","TOKO SEMBAKO (OLOAN)","JL PERMAI","prelist","MEDAN PERJUANGAN","SIDORAME TIMUR","LINGKUNGAN 13","","","G. Perdagangan Besar dan Eceran, Reparasi Mobil dan Sepeda Motor","SBR"],
    ["42782","SALON HEWAN VENICE","JL PROF HM YAMIN SH NO 147 C","prelist","MEDAN PERJUANGAN","SEI KERA HILIR II","LINGKUNGAN 15","","","S. Aktivitas Jasa Lainnya","SBR"],
    ["42783","SEKOLAH ALWASLIYAH (02)","JL MABAR NO 2","prelist","MEDAN PERJUANGAN","SEI KERA HILIR II","LINGKUNGAN 1","","","P. Pendidikan","SBR"],
    ["42787","DAYAGUNA JALANUSA PT","JL. MAPILINDO GG. SEKOLAH NO. 15","prelist","MEDAN PERJUANGAN","TEGAL REJO","LINGKUNGAN 2","","","F. Konstruksi","SBR"],
    ["42789","KANTOR PENGACARA","JALAN PROF HM YAMIN SH NOMOR 253","prelist","MEDAN PERJUANGAN","SEI KERA HILIR II","LINGKUNGAN 10","","","M. Jasa Profesional, Ilmiah, dan Teknis","SBR"],
    ["42800","SM ICHWANUSAPA","JALAN TOMONG NO 2","prelist","MEDAN PERJUANGAN","SEI KERA HULU","LINGKUNGAN 19","","","P. Pendidikan","SBR"],
    ["42806","SEKOLAH TK HUSNI THAMRIN","JL GALANG LINGKUNGAN 8","prelist","MEDAN PERJUANGAN","PANDAU HILIR","LINGKUNGAN 8","","","P. Pendidikan","SBR"],
    ["42807","KANTOR NOTARIS TRI YANTI","JL PROF HM YAMIN SH","prelist","MEDAN PERJUANGAN","SEI KERA HILIR II","LINGKUNGAN 8","","","M. Jasa Profesional, Ilmiah, dan Teknis","SBR"],
    ["42809","YAYASAH GB JOSUA (SMK)","BALAH GB JOSUA NO.30","prelist","MEDAN PERJUANGAN","PANDAU HILIR","LINGKUNGAN 4","","","P. Pendidikan","SBR"],
    ["42812","YAYASAN PENDIDIKAN (MEDICOM)","JL. PROF HM YAMIN SH NO 512","prelist","MEDAN PERJUANGAN","PAHLAWAN","LINGKUNGAN 1","","","P. Pendidikan","SBR"],
    ["42813","JASA FINISHING (AWEN)","JL SEI KERA NO 176 LINGKUNGAN 8","prelist","MEDAN PERJUANGAN","PANDAU HILIR","LINGKUNGAN 8","","","S. Aktivitas Jasa Lainnya","SBR"],
    ["42864","PANGKALAN GAS ELPIJI 3 KG (FANTASI)","JL MADIO UTOMO NO 83","prelist","MEDAN PERJUANGAN","TEGAL REJO","LINGKUNGAN 3","","","G. Perdagangan Besar dan Eceran, Reparasi Mobil dan Sepeda Motor","SBR"],
    ["42865","ASURANSI(HABIBAH)","ASRAMA KOWILHAN K 40","prelist","MEDAN PERJUANGAN","SIDORAME BARAT I","LINGKUNGAN 7","","","K. Aktivitas Keuangan Dan Asuransi","SBR"],
    ["42868","SMA H K B P SIDORAME","JL DOROWATI NO 40","prelist","MEDAN PERJUANGAN","SIDORAME BARAT II","LINGKUNGAN 1","","","P. Pendidikan","SBR"],
    ["42876","PRAKTEK BIDAN(SOHALOHO)","JL SETIA JADI GG PRIBADI LINGK 15","prelist","MEDAN PERJUANGAN","TEGAL REJO","LINGKUNGAN 15","","","Q. Jasa Kesehatan dan Kegiatan Sosial","SBR"],
    ["42907","BIMBINGAN BELAJAR (GANESHA)","JL PROF HM YAMIN SH NO 572","prelist","MEDAN PERJUANGAN","PAHLAWAN","LINGKUNGAN 1","","","P. Pendidikan","SBR"],
    ["42923","KANTOR PENGACARA","JL SERAM NO 20 UNGAJNGAN I","prelist","MEDAN PERJUANGAN","PANDAU HILIR","LINGKUNGAN 2","","","M. Jasa Profesional, Ilmiah, dan Teknis","SBR"],
    ["42934","KREDIT KERETA (MALVIN)","JL PROF HM YAMIN SH NO 442","prelist","MEDAN PERJUANGAN","SEI KERA HULU","LINGKUNGAN 5","","","G. Perdagangan Besar dan Eceran, Reparasi Mobil dan Sepeda Motor","SBR"],
    ["42936","APENG IKAN ASIN","JL SUTOMO BARU NO77 UNGKUNGAN I","prelist","MEDAN PERJUANGAN","PANDAU HILIR","LINGKUNGAN 1","","","G. Perdagangan Besar dan Eceran, Reparasi Mobil dan Sepeda Motor","SBR"],
    ["42945","PR1AKTEK DOKTER (WARMANSYAH)","JL SENTOSA BARU NO 10","prelist","MEDAN PERJUANGAN","SEI KERA HILIR I","LINGKUNGAN 1","","","Q. Jasa Kesehatan dan Kegiatan Sosial","SBR"],
    ["42949","SERBAGUNA","JL G KARAKATU NO 51 B","prelist","MEDAN PERJUANGAN","TEGAL REJO","LINGKUNGAN 14","","","G. Perdagangan Besar dan Eceran, Reparasi Mobil dan Sepeda Motor","SBR"],
    ["43002","CO BAKERY (BENNY)","JL MADONG LUBIS NO 23 A LK 4","prelist","MEDAN PERJUANGAN","PANDAU HILIR","LINGKUNGAN 8","","","C. Industri Pengolahan","SBR"],
    ["43313","GROSIR IKAN ASIN<EDI SUSANTO>","JL SERAM NO 100 LINGKUNGAN I","prelist","MEDAN PERJUANGAN","PANDAU HILIR","LINGKUNGAN 1","","","G. Perdagangan Besar dan Eceran, Reparasi Mobil dan Sepeda Motor","SBR"],
    ["43320","INTERNATIONAL EDUCATION CENTER","JL MALAKA NO 53 LINGKUNGAN 5","prelist","MEDAN PERJUANGAN","PANDAU HILIR","LINGKUNGAN 5","","","P. Pendidikan","SBR"],
    ["43323","MUJUR AGUNG MANDIRI","JL PASAR 3 G.SERITI NO.76","prelist","MEDAN PERJUANGAN","TEGAL REJO","LINGKUNGAN 11","","","C. Industri Pengolahan","SBR"],
    ["43324","METRO ARTHA PRAKARSA PT","JALAN MESJID TAUFIK NO 120 B LINGKUNGAN 13","prelist","MEDAN PERJUANGAN","TEGAL REJO","LINGKUNGAN 13","","","G. Perdagangan Besar dan Eceran, Reparasi Mobil dan Sepeda Motor","SBR"],
    ["43336","GRAND KWOLOON","JALAN THAMRIN NO 57/15","prelist","MEDAN PERJUANGAN","PANDAU HILIR","LINGKUNGAN 4","","","I. Penyediaan Akomodasi dan Makan Minum","SBR"],
    ["43339","CIPTA KARYA ELEKTRONIK (GUNAWAN)","JL SEI KERA NO 120G LINGKUNGAN 2","prelist","MEDAN PERJUANGAN","PANDAU HILIR","LINGKUNGAN 2","","","G. Perdagangan Besar dan Eceran, Reparasi Mobil dan Sepeda Motor","SBR"],
    ["43356","TK ALHIDAYAH","JL DOROWATI","prelist","MEDAN PERJUANGAN","SIDORAME BARAT II","LINGKUNGAN 1","","","P. Pendidikan","SBR"],
    ["43357","ATLANTIS WATER","JL PERINTIS","prelist","MEDAN PERJUANGAN","SIDORAME BARAT II","LINGKUNGAN 1","","","C. Industri Pengolahan","SBR"],
    ["43359","PT KREASI FAUNA INDAH","JALAN PASAR TIGA NO 131 LINGKUNGAN II","prelist","MEDAN PERJUANGAN","TEGAL REJO","LINGKUNGAN 11","","","C. Industri Pengolahan","SBR"],
    ["43369","APOTIK HANI (NURAINI)","JL PROF HM SH NO 315 LK II","prelist","MEDAN PERJUANGAN","SEI KERA HILIR II","LINGKUNGAN 11","","","G. Perdagangan Besar dan Eceran, Reparasi Mobil dan Sepeda Motor","SBR"],
    ["43370","SEKOLAH SLTP MUHAMMADIYAH 49","JL MESJID TAUFIK GG MADRASAH LK 6","prelist","MEDAN PERJUANGAN","TEGAL REJO","LINGKUNGAN 6","","","P. Pendidikan","SBR"],
    ["43371","SEKOLAH NOBLE","JALAN PELITA 2 NO 46","prelist","MEDAN PERJUANGAN","SIDORAME BARAT II","LINGKUNGAN 5","","","P. Pendidikan","SBR"],
    ["43383","SPESIALIS KULIT DAN KELAMIN (DR YUNIAR)","JL.PROF.HM.YAMIN,SH NO 165","prelist","MEDAN PERJUANGAN","SEI KERA HILIR II","LINGKUNGAN 6","","","Q. Jasa Kesehatan dan Kegiatan Sosial","SBR"],
    ["43398","KOPERASI KOMINFO SUMUT","JALAN HM SAID NO 27","prelist","MEDAN PERJUANGAN","SIDORAME BARAT I","LINGKUNGAN 12","","","K. Aktivitas Keuangan Dan Asuransi","SBR"],
    ["43412","PERGENDANGAN,CV","JL PROF HM","prelist","MEDAN PERJUANGAN","SEI KERA HULU","LINGKUNGAN 15","","","F. Konstruksi","SBR"],
    ["43416","GOJEK (ANDRI B)","JL PERJUANGAN NO 122 LINK 20","prelist","MEDAN PERJUANGAN","SEI KERA HILIR I","LINGKUNGAN 12","","","H. Transportasi dan Pergudangan","SBR"],
    ["43623","BECAK MOTOR (BENNY)","JALAN PELITA 1 GANG NATIO NO.5","prelist","MEDAN PERJUANGAN","SIDORAME BARAT II","LINGKUNGAN 6","","","H. Transportasi dan Pergudangan","SBR"],
    ["43626","OJEK ONLINE (ALEX)","JL PELITA 6","prelist","MEDAN PERJUANGAN","SIDORAME BARAT II","LINGKUNGAN 9","","","H. Transportasi dan Pergudangan","SBR"],
    ["43627","MEMBER SOPHIE MARTIN (VERA)","JL PELITA I LR TIRTON IADI NO 25","prelist","MEDAN PERJUANGAN","SIDORAME BARAT II","LINGKUNGAN 5","","","G. Perdagangan Besar dan Eceran, Reparasi Mobil dan Sepeda Motor","SBR"],
    ["43639","TUKANG URUT MALUMTA (SARUL)","J L GURILLANO 58 LING K UNG AN 1 4","prelist","MEDAN PERJUANGAN","SEI KERA HILIR II","LINGKUNGAN 12","","","Q. Jasa Kesehatan dan Kegiatan Sosial","SBR"],
    ["43659","TOKO KELONTONG (SUKMA)","JL M YACOB GG MANGGIS NO 23 LK II","prelist","MEDAN PERJUANGAN","SEI KERA HILIR II","LINGKUNGAN 10","","","G. Perdagangan Besar dan Eceran, Reparasi Mobil dan Sepeda Motor","SBR"],
    ["43682","CIPTA PRIMA FURNITURE","JL PROF HM YAMIN SH NO 325 LK II","prelist","MEDAN PERJUANGAN","SEI KERA HILIR I","LINGKUNGAN 1","","","G. Perdagangan Besar dan Eceran, Reparasi Mobil dan Sepeda Motor","SBR"],
    ["43711","REZEKI RAFAEL ROSALYN UD (LILI)","JALAN NEGARA NO 64 MEDAN","prelist","MEDAN PERJUANGAN","PAHLAWAN","LINGKUNGAN 11","","","G. Perdagangan Besar dan Eceran, Reparasi Mobil dan Sepeda Motor","SBR"],
    ["43712","ANDRY KARYA CIPTA, PT","JL. PIMPINAN NO. 24","prelist","MEDAN PERJUANGAN","SEI KERA HILIR I","LINGKUNGAN 6","","","F. Konstruksi","SBR"],
    ["43713","WARUNG JAJANAN (NURUL)","JALAN SETIA JADI GANG MESJID","prelist","MEDAN PERJUANGAN","TEGAL REJO","LINGKUNGAN 15","","","G. Perdagangan Besar dan Eceran, Reparasi Mobil dan Sepeda Motor","SBR"],
    ["44303","PRAKTEK DR YUNELDI ANWAR NEUROLOGI ST","JL AMLIUN NO 18A LK 12","prelist","MEDAN PERJUANGAN","SIDORAME TIMUR","LINGKUNGAN 7","","","Q. Jasa Kesehatan dan Kegiatan Sosial","SBR"],
    ["44319","CORDELA HOTEL","JL. PRO. HM. YAMIN NO 90","prelist","MEDAN PERJUANGAN","SEI KERA HILIR II","LINGKUNGAN 2","","","I. Penyediaan Akomodasi dan Makan Minum","SBR"],
    ["44327","MULIA KRIDA SERI PT","JALAN DURIAN NO 2 CD","prelist","MEDAN PERJUANGAN","SIDORAME BARAT I","LINGKUNGAN 4","","","G. Perdagangan Besar dan Eceran, Reparasi Mobil dan Sepeda Motor","SBR"],
    ["44351","ARTEK UTAMA, PT","JL. PROF. H. M. YAMIN, S.H. NO. 370","prelist","MEDAN PERJUANGAN","SEI KERA HULU","LINGKUNGAN 2","","","F. Konstruksi","SBR"],
    ["44436","TIMOR BARU TRAVEL PT","JALAN HM YAMIN KOMPLEK SERDANG MAS NO B8","prelist","MEDAN PERJUANGAN","SEI KERA HULU","LINGKUNGAN 4","","","N. Jasa Persewaan, Ketenagakerjaan, Agen Perjalanan, dan Jasa Pendukung","SBR"],
    ["44437","KLINIK MAMA HARFAS","JL PROF HM YAMIN SH NO 462","prelist","MEDAN PERJUANGAN","SEI KERA HULU","LINGKUNGAN 7","","","Q. Jasa Kesehatan dan Kegiatan Sosial","SBR"],
    ["44977","KEDAI JAJANAN JULIANI","JL.PROF HM YAMIN GG LURAH NO.48","prelist","MEDAN PERJUANGAN","SEI KERA HILIR II","LINGKUNGAN 8","","","G. Perdagangan Besar dan Eceran, Reparasi Mobil dan Sepeda Motor","SBR"],
    ["44991","USAHA BENGKEL TIGA SAUDARA <NURI WIDYA ASTUTI>","JL. IBRAHIM UMAR NO 27 LINGKUNGAN 7","prelist","MEDAN PERJUANGAN","SEI KERA HILIR II","LINGKUNGAN 7","","","G. Perdagangan Besar dan Eceran, Reparasi Mobil dan Sepeda Motor","SBR"],
    ["45018","SHOWROOM MOBIL <NURALI>","Jl. Profesi HM Yakin SH No 301","prelist","MEDAN PERJUANGAN","SEI KERA HILIR II","LINGKUNGAN 8","","","G. Perdagangan Besar dan Eceran, Reparasi Mobil dan Sepeda Motor","SBR"],
    ["45024","BALAI PENGOBATAN BERTUAH","JL SEI KERA NO 190 LINGKUNGAN 5","prelist","MEDAN PERJUANGAN","PANDAU HILIR","LINGKUNGAN 5","","","Q. Jasa Kesehatan dan Kegiatan Sosial","SBR"],
    ["45029","APOTEK SAN FARMA","JLN RAKYAT NO 100 B","prelist","MEDAN PERJUANGAN","SIDORAME TIMUR","LINGKUNGAN 15","","","G. Perdagangan Besar dan Eceran, Reparasi Mobil dan Sepeda Motor","SBR"],
    ["45030","KONSULTAN","JL M.YAKUB LINGKUNGAN 13","prelist","MEDAN PERJUANGAN","SEI KERA HILIR II","LINGKUNGAN 14","","","M. Jasa Profesional, Ilmiah, dan Teknis","SBR"],
    ["45121","PT AKS ARA MOTOR","Jl. Prof H. M Yakin SH No 271","prelist","MEDAN PERJUANGAN","SEI KERA HILIR II","LINGKUNGAN 10","","","G. Perdagangan Besar dan Eceran, Reparasi Mobil dan Sepeda Motor","SBR"],
    ["45141","NICO PERKASA CV","JL PERJUANGAN NO 2A","prelist","MEDAN PERJUANGAN","SEI KERA HILIR I","LINGKUNGAN 7","","","F. Konstruksi","SBR"],
    ["45144","ONLINE TIKET PESAWAT","ASRAMA KOWILHAN NO K9","prelist","MEDAN PERJUANGAN","SIDORAME BARAT I","LINGKUNGAN 7","","","N. Jasa Persewaan, Ketenagakerjaan, Agen Perjalanan, dan Jasa Pendukung","SBR"],
    ["45173","TK MENTARI SCHOLL","JL GURILLA NO 57 B LINGK 5","prelist","MEDAN PERJUANGAN","SEI KERA HILIR I","LINGKUNGAN 5","","","P. Pendidikan","SBR"],
    ["45174","KLINIK GURILA MEDIKA (LAI LAN)","JL GURILA NO 43","prelist","MEDAN PERJUANGAN","SIDORAME TIMUR","LINGKUNGAN 5","","","Q. Jasa Kesehatan dan Kegiatan Sosial","SBR"],
    ["45176","PARKIR (SABARALEX)","JL PERMAI GG BAKTI","prelist","MEDAN PERJUANGAN","SIDORAME TIMUR","LINGKUNGAN 14","","","S. Aktivitas Jasa Lainnya","SBR"],
    ["45181","PT SIRA PERKASA UTAMA","JL. PELITA 1 NO 56","prelist","MEDAN PERJUANGAN","SIDORAME BARAT II","LINGKUNGAN 5","","","F. Konstruksi","SBR"],
    ["45374","POS SENA CV (ANDY)","JL RAKYAT","prelist","MEDAN PERJUANGAN","TEGAL REJO","LINGKUNGAN 3","","","S. Aktivitas Jasa Lainnya","SBR"],
    ["45375","USAHA COK KO TENGOK","JL PERJUANGAN NO 46","prelist","MEDAN PERJUANGAN","SIDORAME TIMUR","LINGKUNGAN 8","","","G. Perdagangan Besar dan Eceran, Reparasi Mobil dan Sepeda Motor","SBR"],
    ["45376","CV POLYTAMA PLASTIK (INDRA)","JL FL TOBING NO 1 LINGKUNGAN 2 RT RW 20232","prelist","MEDAN PERJUANGAN","PANDAU HILIR","LINGKUNGAN 2","","","G. Perdagangan Besar dan Eceran, Reparasi Mobil dan Sepeda Motor","SBR"],
    ["45377","PERCETAKAN KOTAK OBAT CV KARYA SETIA ABADI (ARMITA DEWI)","JL BAMBU RUNCING NOSB LINGKUNGAN 12 RT RW 20233","prelist","MEDAN PERJUANGAN","PAHLAWAN","LINGKUNGAN 12","","","C. Industri Pengolahan","SBR"],
    ["45379","PERCETAKAN (MEDIA PERSADA)","JL PROF HM YAMIN SH 452 RT RW","prelist","MEDAN PERJUANGAN","SEI KERA HULU","LINGKUNGAN 9","","","C. Industri Pengolahan","SBR"],
    ["45381","SYAFIRA FRIED CHIKEN","JALAN IBRAHIM UMAR NO 4 LINGKUNGAN 6","prelist","MEDAN PERJUANGAN","SEI KERA HILIR I","LINGKUNGAN 6","","","I. Penyediaan Akomodasi dan Makan Minum","SBR"],
    ["45402","BETOR<SUTOPO>","JALAN NGALENGKO NO 35","prelist","MEDAN PERJUANGAN","SIDORAME BARAT II","LINGKUNGAN 1","","","H. Transportasi dan Pergudangan","SBR"],
    ["45405","SAMA ELOK PT (ANWAR)","JL THAMRIN LINGKUNGAN 2","prelist","MEDAN PERJUANGAN","PANDAU HILIR","LINGKUNGAN 4","","","G. Perdagangan Besar dan Eceran, Reparasi Mobil dan Sepeda Motor","SBR"],
    ["45441","SMKN 4","JALAN SEI KERA NO132","prelist","MEDAN PERJUANGAN","PANDAU HILIR","LINGKUNGAN 4","","","P. Pendidikan","SBR"],
    ["45664","MAJU SEJAHTERA CV","JL RAKYAT NO 122 B LINK 12","prelist","MEDAN PERJUANGAN","TEGAL REJO","LINGKUNGAN 12","","","S. Aktivitas Jasa Lainnya","SBR"],
    ["45665","TK ALFIKRI SCHOOL","JL M YACUB NO 22","prelist","MEDAN PERJUANGAN","SEI KERA HILIR I","LINGKUNGAN 1","","","P. Pendidikan","SBR"],
    ["45668","BECAK MOTOR (HENDRIK)","JALAN PELITA I GANG NATIO NO 9","prelist","MEDAN PERJUANGAN","SIDORAME BARAT II","LINGKUNGAN 6","","","H. Transportasi dan Pergudangan","SBR"],
    ["45669","YAYASAN PENDIDIKAN ROLINA","JALAN PELITA 4 NO 79 LK 9","prelist","MEDAN PERJUANGAN","SIDORAME BARAT II","LINGKUNGAN 9","","","P. Pendidikan","SBR"],
    ["45670","SD MUHAMMADIYAH 27","JALAN PIMPINAN GANG WISMA NO 12 LING 90","prelist","MEDAN PERJUANGAN","SEI KERA HILIR I","LINGKUNGAN 9","","","P. Pendidikan","SBR"],
    ["45671","SUPIR ANGKOT (ERWIN)","JL PERJUANGAN GG SABAR NO 1 LK 8","prelist","MEDAN PERJUANGAN","SEI KERA HILIR I","LINGKUNGAN 9","","","H. Transportasi dan Pergudangan","SBR"],
    ["45677","SUNSHINE","JL SULANG SALING NO 7","prelist","MEDAN PERJUANGAN","PAHLAWAN","LINGKUNGAN 10","","","P. Pendidikan","SBR"],
    ["45834","MAXIMART","JALAN THAMRIN NO 79 R THAMRIN PLAZA LT 1","prelist","MEDAN PERJUANGAN","PANDAU HILIR","LINGKUNGAN 4","","","G. Perdagangan Besar dan Eceran, Reparasi Mobil dan Sepeda Motor","SBR"],
    ["45927","DEPOT AIR MINUM (KALTEKJ EREMY)","JL COKROMINOTO NO 183 LINGKUNGAN 9","prelist","MEDAN PERJUANGAN","PANDAU HILIR","LINGKUNGAN 4","","","C. Industri Pengolahan","SBR"],
    ["45942","CV SERDANG JAYA","JL PROF H YAMIN NO 468","prelist","MEDAN PERJUANGAN","SEI KERA HULU","LINGKUNGAN 9","","","F. Konstruksi","SBR"],
    ["45949","MURNI BAKERY","J L RAKY AT","prelist","MEDAN PERJUANGAN","SIDORAME TIMUR","LINGKUNGAN 11","","","I. Penyediaan Akomodasi dan Makan Minum","SBR"],
    ["45950","SALSA WATER","JALNA PELITA 6 NO 12","prelist","MEDAN PERJUANGAN","SIDORAME BARAT II","LINGKUNGAN 9","","","C. Industri Pengolahan","SBR"],
    ["45973","SD NEGERI 060851","JL PROF HM YAMIN NO I","prelist","MEDAN PERJUANGAN","SEI KERA HILIR II","LINGKUNGAN 1","","","P. Pendidikan","SBR"],
    ["45977","PENYEWAAN ANGKOT (GINTING)","JALAN PELITA 6","prelist","MEDAN PERJUANGAN","TEGAL REJO","LINGKUNGAN 1","","","H. Transportasi dan Pergudangan","SBR"],
    ["45987","BIMBINGAN BELAJAR (MEDICA)","JL. PROF HM YAMIN SH NO. 516","prelist","MEDAN PERJUANGAN","PAHLAWAN","LINGKUNGAN 1","","","P. Pendidikan","SBR"],
    ["45991","MDTA NURUL IKHLAS","JL SETIA JADI GG MESJID NO 50 LINGK 15","prelist","MEDAN PERJUANGAN","TEGAL REJO","LINGKUNGAN 15","","","P. Pendidikan","SBR"],
    ["45993","FIFY SALON (ALI)","JL MADIO UTOMO","prelist","MEDAN PERJUANGAN","TEGAL REJO","LINGKUNGAN 3","","","S. Aktivitas Jasa Lainnya","SBR"],
    ["45998","KOPERASI PRIMKOPOL","JL HM SAID NO I","prelist","MEDAN PERJUANGAN","SIDORAME BARAT I","LINGKUNGAN 14","","","N. Jasa Persewaan, Ketenagakerjaan, Agen Perjalanan, dan Jasa Pendukung","SBR"],
    ["46004","TK SUTOMO I MEDAN","JL JAMBI 40 B","prelist","MEDAN PERJUANGAN","PANDAU HILIR","LINGKUNGAN 3","","","P. Pendidikan","SBR"],
    ["46009","CV NABILA (LAKSAMANA)","JALAN SENTOSA LAMA GANG ALIYAH NO 12","prelist","MEDAN PERJUANGAN","SEI KERA HULU","LINGKUNGAN 18","","","L. Real Estat","SBR"],
    ["46011","WARNET MP <EDDY>","JL MADIO UTOMO","prelist","MEDAN PERJUANGAN","TEGAL REJO","LINGKUNGAN 3","","","J. Informasi dan Komunikasi","SBR"],
    ["46013","BANK BTN","JALAN PROF HM YAMIN SH NO 566","prelist","MEDAN PERJUANGAN","PAHLAWAN","LINGKUNGAN 1","","","K. Aktivitas Keuangan Dan Asuransi","SBR"],
    ["46019","PRAKTEK DR GIGI(EKA)","JLN PROF HM YAMIN SH","prelist","MEDAN PERJUANGAN","SEI KERA HILIR I","LINGKUNGAN 1","","","Q. Jasa Kesehatan dan Kegiatan Sosial","SBR"],
    ["46022","PRAKTEK BIDA (SITI)","JLN PERMAI GG TUNGGAL","prelist","MEDAN PERJUANGAN","SIDORAME TIMUR","LINGKUNGAN 13","","","Q. Jasa Kesehatan dan Kegiatan Sosial","SBR"],
    ["46036","KLINIK GIGI (DR BENNY)","JL GUNUNG TUA NO 1 LINGKUNGAN 9","prelist","MEDAN PERJUANGAN","PANDAU HILIR","LINGKUNGAN 9","","","Q. Jasa Kesehatan dan Kegiatan Sosial","SBR"],
    ["46059","PEMBORONG (FAHFURROZI)","JL M YAKUB LINGKUNGAN 13","prelist","MEDAN PERJUANGAN","SEI KERA HILIR II","LINGKUNGAN 14","","","F. Konstruksi","SBR"],
    ["46072","BETOR (RIDHO)","JL PERKUTUT NO 3","prelist","MEDAN PERJUANGAN","SIDORAME TIMUR","LINGKUNGAN 13","","","G. Perdagangan Besar dan Eceran, Reparasi Mobil dan Sepeda Motor","SBR"],
    ["46374","PT DIRGA NUSANTARA I","JL PASAR 3 GG MERAK NO.4","prelist","MEDAN PERJUANGAN","TEGAL REJO","LINGKUNGAN 11","","","N. Jasa Persewaan, Ketenagakerjaan, Agen Perjalanan, dan Jasa Pendukung","SBR"],
    ["46392","DEPOT AIR MINIIM","JL RAKYAT NO 52B","prelist","MEDAN PERJUANGAN","SIDORAME TIMUR","LINGKUNGAN 11","","","C. Industri Pengolahan","SBR"],
    ["46399","SUPIR ANGKOT (EBEN)","JALAN PELITA 1 NO 14","prelist","MEDAN PERJUANGAN","SIDORAME BARAT II","LINGKUNGAN 4","","","H. Transportasi dan Pergudangan","SBR"],
    ["46427","ABG USAHA HASIL LAUT","JL SERAM NO 46 LINGKUNGAN I","prelist","MEDAN PERJUANGAN","PANDAU HILIR","LINGKUNGAN 1","","","G. Perdagangan Besar dan Eceran, Reparasi Mobil dan Sepeda Motor","SBR"],
    ["46478","YAYASAN KLINIK TERAPI TERPADU","JL PELITA II NO 33","prelist","MEDAN PERJUANGAN","SIDORAME BARAT I","LINGKUNGAN 3","","","Q. Jasa Kesehatan dan Kegiatan Sosial","SBR"],
    ["46479","UD MULIA CAHAYA TERANG","JL PASAR 3 NO 66 LINGKUNGAN 9","prelist","MEDAN PERJUANGAN","TEGAL REJO","LINGKUNGAN 9","","","K. Aktivitas Keuangan Dan Asuransi","SBR"],
    ["46482","BINA SANTRI JL PASAR 3 NO 88 C LINGKUNGAN 9","TEGAL REJO","prelist","MEDAN PERJUANGAN","TEGAL REJO","LINGKUNGAN 9","","","I. Penyediaan Akomodasi dan Makan Minum","SBR"],
    ["46505","INDOSAT","JALAN PERINTIS KEMERDEKAAN N0 39","prelist","MEDAN PERJUANGAN","SIDORAME BARAT I","LINGKUNGAN 10","","","J. Informasi dan Komunikasi","SBR"],
    ["46506","YARASAN PERGURUAN AZIZI","JALAN KESATRIA NO 70 LINGKUNGAN 13","prelist","MEDAN PERJUANGAN","PAHLAWAN","LINGKUNGAN 13","","","P. Pendidikan","SBR"],
    ["46507","YAYASAN AL CHAIRIAH","JL PROF HM YAMIN SH GG TITI BATU NO 74A","prelist","MEDAN PERJUANGAN","SEI KERA HILIR II","LINGKUNGAN 15","","","P. Pendidikan","SBR"],
    ["46516","PAUD TASYA (BUDI RAHMAYANA)","JALAN MANDAAN 8 LINGKUNGAN 12 GANG PELAJAR","prelist","MEDAN PERJUANGAN","TEGAL REJO","LINGKUNGAN 4","","","P. Pendidikan","SBR"],
    ["46555","HARRYO CLINIC","JL. AIPTU KS TUBUN NO 16 LK 6","prelist","MEDAN PERJUANGAN","SEI KERA HULU","LINGKUNGAN 2","","","Q. Jasa Kesehatan dan Kegiatan Sosial","SBR"],
    ["46593","PT INDOMARCO PRISMA TAMA","JL MALAKA NO 130 132","prelist","MEDAN PERJUANGAN","PANDAU HILIR","LINGKUNGAN 7","","","G. Perdagangan Besar dan Eceran, Reparasi Mobil dan Sepeda Motor","SBR"],
    ["46611","PT PENERTIBAN KELUARGA MANURUNG","JALAN HM YAMIN NO 352 MEDAN","prelist","MEDAN PERJUANGAN","SEI KERA HULU","LINGKUNGAN 2","","","J. Informasi dan Komunikasi","SBR"],
    ["46615","PT DEWI BHAKTI PERSADA","JALAN RAKYAT LR KARTO NO 37","prelist","MEDAN PERJUANGAN","TEGAL REJO","LINGKUNGAN 3","","","F. Konstruksi","SBR"],
    ["46616","AZKA CV (HAFNI)","JL. IBRAHIM UMAR LINGKUNAGAN 7","prelist","MEDAN PERJUANGAN","SEI KERA HILIR II","LINGKUNGAN 8","","","C. Industri Pengolahan","SBR"],
    ["46629","KEDAI LONTONG(ATIK)","JL TITIPAN GG REZEKI NO 44 LINGKUNGAN 12","prelist","MEDAN PERJUANGAN","SEI KERA HULU","LINGKUNGAN 14","","","I. Penyediaan Akomodasi dan Makan Minum","SBR"],
    ["46659","MENYEWAKAN KAMAR KOS (MARIANI)","JL PROF HM YAMIN SH GG PINANG NO 12 MEDAN","prelist","MEDAN PERJUANGAN","SEI KERA HULU","LINGKUNGAN 3","","","I. Penyediaan Akomodasi dan Makan Minum","SBR"],
    ["46707","TK BINA SANTRI","JL PASAR 3 NO 80 LINGK 9 REL TEGAL REJO","prelist","MEDAN PERJUANGAN","TEGAL REJO","LINGKUNGAN 9","","","P. Pendidikan","SBR"],
    ["46718","SMP SWASTA MADYA UTAMA","JL MADIO UTOMO NO 25","prelist","MEDAN PERJUANGAN","SIDORAME TIMUR","LINGKUNGAN 15","","","P. Pendidikan","SBR"],
    ["46738","PEDAGANG BAWANG <ARDI>","JL PERJUANGAN GG ROMA","prelist","MEDAN PERJUANGAN","SIDORAME TIMUR","LINGKUNGAN 10","","","G. Perdagangan Besar dan Eceran, Reparasi Mobil dan Sepeda Motor","SBR"],
    ["47396","UD BINTANG","JALAN THAMRIN 20 00. A LK Q","prelist","MEDAN PERJUANGAN","PANDAU HILIR","LINGKUNGAN 2","","","G. Perdagangan Besar dan Eceran, Reparasi Mobil dan Sepeda Motor","SBR"],
    ["47609","CV PUTRA PERTAMA","JL PATTIMURA GG MANDAILING NO 28","prelist","MEDAN PERJUANGAN","SEI KERA HULU","LINGKUNGAN 6","","","F. Konstruksi","SBR"],
    ["47711","SUPIR ANGKOT (DARWIN)","JALAN PELITA 5 GANG JABAT NO 70/08","prelist","MEDAN PERJUANGAN","SIDORAME BARAT II","LINGKUNGAN 9","","","H. Transportasi dan Pergudangan","SBR"],
    ["47712","KEDAI RAKYAT (AZIZAH FAJIRAH)","JALAN RAKYAT NO LINGKUNGAN 13","prelist","MEDAN PERJUANGAN","TEGAL REJO","LINGKUNGAN 13","","","N. Jasa Persewaan, Ketenagakerjaan, Agen Perjalanan, dan Jasa Pendukung","SBR"],
    ["47721","BENGKEL SEPEDA MOTOR (JOHAN)","JL MADIO UTOMNO","prelist","MEDAN PERJUANGAN","TEGAL REJO","LINGKUNGAN 3","","","G. Perdagangan Besar dan Eceran, Reparasi Mobil dan Sepeda Motor","SBR"],
    ["47727","TOKO AROMA (SUHARDI)","JALAN RAKYAT 146 B RT RW","prelist","MEDAN PERJUANGAN","TEGAL REJO","LINGKUNGAN 8","","","C. Industri Pengolahan","SBR"],
    ["47731","KADO SHOES","JL RAKYAT NO 56B","prelist","MEDAN PERJUANGAN","SIDORAME TIMUR","LINGKUNGAN 11","","","G. Perdagangan Besar dan Eceran, Reparasi Mobil dan Sepeda Motor","SBR"],
    ["47732","SUPIR ANGKOT (PAHALA)","JALAN PELITA 4 GANG PEPAYA NO 35","prelist","MEDAN PERJUANGAN","SIDORAME BARAT I","LINGKUNGAN 1","","","H. Transportasi dan Pergudangan","SBR"],
    ["47736","TOKO SPAREPART MOTOR (ALI)","JL SENTOSA LAMA GG AMAN","prelist","MEDAN PERJUANGAN","SEI KERA HULU","LINGKUNGAN 18","","","G. Perdagangan Besar dan Eceran, Reparasi Mobil dan Sepeda Motor","SBR"],
    ["47749","TK PAUD ITTIHADUL MUBALL","JL GURILLA GG MAWAR NO 37 LING 5","prelist","MEDAN PERJUANGAN","SEI KERA HILIR I","LINGKUNGAN 5","","","P. Pendidikan","SBR"],
    ["47752","TK.ALSYIYAH BUSTANUL ATHFAL","JL MESJID TAUFIK GG MADRASAH LK 6","prelist","MEDAN PERJUANGAN","TEGAL REJO","LINGKUNGAN 9","","","P. Pendidikan","SBR"],
    ["47755","AGEN ASURANSI PRUDENTIAL (ELISABETH)","JALAN CAMAR NO 22","prelist","MEDAN PERJUANGAN","SIDORAME BARAT II","LINGKUNGAN 6","","","K. Aktivitas Keuangan Dan Asuransi","SBR"],
    ["47756","SMP H K B P SIDORAME","JL DOROWATI NO 40","prelist","MEDAN PERJUANGAN","SIDORAME BARAT II","LINGKUNGAN 1","","","P. Pendidikan","SBR"],
    ["47767","PABRIK SANTAN AL-FIRA","JL.PASAR 3 NO.99","prelist","MEDAN PERJUANGAN","TEGAL REJO","LINGKUNGAN 11","","","C. Industri Pengolahan","SBR"],
    ["47771","PAUD JUNITA","JL PROF HM YAMIN SH GG BIDAN","prelist","MEDAN PERJUANGAN","SEI KERA HILIR II","LINGKUNGAN 3","","","P. Pendidikan","SBR"],
    ["47790","PERCETAKAN (MEI HUA)","JL COKROAMINOTO NO 241 RT RW","prelist","MEDAN PERJUANGAN","SEI KERA HULU","LINGKUNGAN 13","","","C. Industri Pengolahan","SBR"],
    ["47792","KEDAI SEMBAKO (SAID)","JL MADIO UTOMO","prelist","MEDAN PERJUANGAN","TEGAL REJO","LINGKUNGAN 3","","","G. Perdagangan Besar dan Eceran, Reparasi Mobil dan Sepeda Motor","SBR"],
    ["47795","BRI","JLN PROF HM YAMIN SH","prelist","MEDAN PERJUANGAN","SEI KERA HILIR II","LINGKUNGAN 6","","","K. Aktivitas Keuangan Dan Asuransi","SBR"],
    ["47803","KLINIK MUNAWAR","JL IBRAHIM UMAR NO 8","prelist","MEDAN PERJUANGAN","SEI KERA HILIR I","LINGKUNGAN 6","","","Q. Jasa Kesehatan dan Kegiatan Sosial","SBR"],
    ["47804","ARSITEMA. CV","JL PROF HM YAMIN SH NO 506","prelist","MEDAN PERJUANGAN","PAHLAWAN","LINGKUNGAN 1","","","C. Industri Pengolahan","SBR"],
    ["47806","PEGADAIAN","JALAN GB.JOSUA NO 38","prelist","MEDAN PERJUANGAN","PANDAU HILIR","LINGKUNGAN 4","","","K. Aktivitas Keuangan Dan Asuransi","SBR"],
    ["47810","SEWA KEYBORD (DARMANSYAH)","JALAN PELITA 1 NOMOR 81","prelist","MEDAN PERJUANGAN","SIDORAME BARAT II","LINGKUNGAN 1","","","N. Jasa Persewaan, Ketenagakerjaan, Agen Perjalanan, dan Jasa Pendukung","SBR"],
    ["47830","TK TUNAS CERIA","TEGAL REJO","prelist","MEDAN PERJUANGAN","TEGAL REJO","LINGKUNGAN 9","","","P. Pendidikan","SBR"],
    ["47831","TABIRNA,CV","JL.PROF H.M YAMIN,SH NO.398","prelist","MEDAN PERJUANGAN","SEI KERA HULU","LINGKUNGAN 4","","","F. Konstruksi","SBR"],
    ["47844","SD NEGERI 060874","JL IBRAHIM UMAR NO 1","prelist","MEDAN PERJUANGAN","SEI KERA HILIR I","LINGKUNGAN 7","","","P. Pendidikan","SBR"],
    ["47855","KLINIK BERSALIN SOVIA","JL PERJUANGAN 40 GB A LINGK 10","prelist","MEDAN PERJUANGAN","SIDORAME TIMUR","LINGKUNGAN 8","","","Q. Jasa Kesehatan dan Kegiatan Sosial","SBR"],
    ["47902","TOKO ALUMINIUM (CIPTA JAYA)","JALAN PROF HM YAMIN SH NO 528 MEDAN","prelist","MEDAN PERJUANGAN","PAHLAWAN","LINGKUNGAN 1","","","G. Perdagangan Besar dan Eceran, Reparasi Mobil dan Sepeda Motor","SBR"],
    ["47909","TK QURRMA AKYUN","JL PIMPINAN NO LING 5","prelist","MEDAN PERJUANGAN","SEI KERA HILIR I","LINGKUNGAN 11","","","P. Pendidikan","SBR"],
    ["47912","EGA PONSEL","JL RAKYAT NO 31","prelist","MEDAN PERJUANGAN","SIDORAME TIMUR","LINGKUNGAN 11","","","J. Informasi dan Komunikasi","SBR"],
    ["47936","PENJUALAN GAS ELPIJI (IRVAN)","JL PIMPINAN NO 27 LINGKUNGAN 9","prelist","MEDAN PERJUANGAN","SEI KERA HILIR I","LINGKUNGAN 9","","","G. Perdagangan Besar dan Eceran, Reparasi Mobil dan Sepeda Motor","SBR"],
    ["48277","JUAL PULSA <NAOR>","JL.PELITA 5 GG JABAT NO 10","prelist","MEDAN PERJUANGAN","SIDORAME BARAT II","LINGKUNGAN 9","","","J. Informasi dan Komunikasi","SBR"],
    ["48371","BLACKBERI SERVICE CENTRE","JL PASAR 3 NO 103","prelist","MEDAN PERJUANGAN","TEGAL REJO","LINGKUNGAN 11","","","S. Aktivitas Jasa Lainnya","SBR"],
    ["48400","LUCKY KING","JL THAMRIN","prelist","MEDAN PERJUANGAN","PANDAU HILIR","LINGKUNGAN 2","","","I. Penyediaan Akomodasi dan Makan Minum","SBR"],
    ["48410","CU DUTA SUMUT","JALAN PRAJURIT","prelist","MEDAN PERJUANGAN","SIDORAME BARAT I","LINGKUNGAN 11","","","K. Aktivitas Keuangan Dan Asuransi","SBR"],
    ["48513","PT TELAGA SEMBILAN","JL HM SAID NO 120 B","prelist","MEDAN PERJUANGAN","SIDORAME BARAT I","LINGKUNGAN 3","","","F. Konstruksi","SBR"],
    ["48670","PRAKTEK DOKTER GIGI (WIHANTA ONGKO SARI)","JL SIBOLGA NO 17 LINGKUNGAN 5","prelist","MEDAN PERJUANGAN","PANDAU HILIR","LINGKUNGAN 5","","","Q. Jasa Kesehatan dan Kegiatan Sosial","SBR"],
    ["48672","SMP NASRANI 2","JL PENDIDIKAN NO 88 LINGKUNGAN 7","prelist","MEDAN PERJUANGAN","TEGAL REJO","LINGKUNGAN 7","","","P. Pendidikan","SBR"],
    ["48680","NEW SERVIS PELANGI (RUDY)","JL PERJUANGAN NO 102","prelist","MEDAN PERJUANGAN","SEI KERA HILIR I","LINGKUNGAN 12","","","G. Perdagangan Besar dan Eceran, Reparasi Mobil dan Sepeda Motor","SBR"],
    ["48689","SUBUR CV","JL MALAKA GG SAUDARA NO 24B","prelist","MEDAN PERJUANGAN","PANDAU HILIR","LINGKUNGAN 3","","","M. Jasa Profesional, Ilmiah, dan Teknis","SBR"],
    ["48708","WARNET (NAIF)","Jl.Prof HM Yamin SH No. 444","prelist","MEDAN PERJUANGAN","SEI KERA HULU","LINGKUNGAN 6","","","J. Informasi dan Komunikasi","SBR"],
    ["48716","KONTRAKTOR BANGUNAN","JALAN GURILLA GANG.KARTAWI NO.11","prelist","MEDAN PERJUANGAN","SEI KERA HILIR II","LINGKUNGAN 12","","","F. Konstruksi","SBR"],
    ["48769","SPESIAILS GIGI <DRG LINA HADI>","JL SULANG SALING NO 52","prelist","MEDAN PERJUANGAN","PAHLAWAN","LINGKUNGAN 10","","","Q. Jasa Kesehatan dan Kegiatan Sosial","SBR"],
    ["48799","YUDHA PRATAMA,CV","JL.GURILLA GG.MELATI NO.7 MEDAN","prelist","MEDAN PERJUANGAN","SEI KERA HILIR I","LINGKUNGAN 5","","","F. Konstruksi","SBR"],
    ["48806","ANUGRAH MUARA SEJATI, PT","JL. PELITA II NO. 111","prelist","MEDAN PERJUANGAN","SIDORAME BARAT II","LINGKUNGAN 3","","","F. Konstruksi","SBR"],
    ["48808","PRAKTEK DR GIGI (ROHAYA)","JALAN PROF HM YAMIN SH GG MANGGIS NO 2 LK 11","prelist","MEDAN PERJUANGAN","SEI KERA HILIR II","LINGKUNGAN 11","","","Q. Jasa Kesehatan dan Kegiatan Sosial","SBR"],
    ["48809","PUSTU SID-TIMUR","JL PERKUTUT","prelist","MEDAN PERJUANGAN","SIDORAME TIMUR","LINGKUNGAN 13","","","Q. Jasa Kesehatan dan Kegiatan Sosial","SBR"],
    ["48812","DEPOT AIR MINUM (RENI)","JL PERJUANGAN NO 34","prelist","MEDAN PERJUANGAN","SEI KERA HILIR I","LINGKUNGAN 8","","","C. Industri Pengolahan","SBR"],
    ["48813","AGEN ASURANSI PRUDENTIAL","JALAN RAKYAT G CAMAR NO 22","prelist","MEDAN PERJUANGAN","SIDORAME BARAT II","LINGKUNGAN 1","","","K. Aktivitas Keuangan Dan Asuransi","SBR"],
    ["48815","TOKO BESI MAKMUR (HENRI)","JALAN PROF HM YAMIN SH NO 323 LK II","prelist","MEDAN PERJUANGAN","SEI KERA HILIR I","LINGKUNGAN 1","","","G. Perdagangan Besar dan Eceran, Reparasi Mobil dan Sepeda Motor","SBR"],
    ["48819","BIDAN (TIRAMLAN BR PAKPAHAN)","JLN. SEHATI GG.SEPAKAT NO.07 LINK VII","prelist","MEDAN PERJUANGAN","TEGAL REJO","LINGKUNGAN 9","","","Q. Jasa Kesehatan dan Kegiatan Sosial","SBR"],
    ["48821","TK HAPPY HOLY KIDS","JL PENDIDIKAN KOMP KRAKATAU INDAH BLOKA NO3 LK 7","prelist","MEDAN PERJUANGAN","TEGAL REJO","LINGKUNGAN 7","","","P. Pendidikan","SBR"],
    ["48827","PT JANGKAR MAS","JL VETERAN BARU NO 17 E","prelist","MEDAN PERJUANGAN","PANDAU HILIR","LINGKUNGAN 4","","","C. Industri Pengolahan","SBR"],
    ["48830","PANGKALAN GAS (S SAGALA)","JALAN RAKYAT NO 177 LINGKUNGAN 11","prelist","MEDAN PERJUANGAN","TEGAL REJO","LINGKUNGAN 11","","","G. Perdagangan Besar dan Eceran, Reparasi Mobil dan Sepeda Motor","SBR"],
    ["48838","JUAL TIKET ONLINE","JL M TAUFIQ NO 8 GG BERINGIN I LK 5","prelist","MEDAN PERJUANGAN","TEGAL REJO","LINGKUNGAN 5","","","N. Jasa Persewaan, Ketenagakerjaan, Agen Perjalanan, dan Jasa Pendukung","SBR"],
    ["48854","OPTIK FLORIDA","JL PROF HM YAMIN NO 225B","prelist","MEDAN PERJUANGAN","SEI KERA HILIR I","LINGKUNGAN 1","","","G. Perdagangan Besar dan Eceran, Reparasi Mobil dan Sepeda Motor","SBR"],
    ["48855","KANTOR NOTARIS (ILIANA SE, SH, M,KN)","JL WAHIDIN NO 39 B","prelist","MEDAN PERJUANGAN","PAHLAWAN","LINGKUNGAN 10","","","M. Jasa Profesional, Ilmiah, dan Teknis","SBR"],
    ["48863","K SPA","JL GALANG/BANGAU NO 31","prelist","MEDAN PERJUANGAN","PANDAU HILIR","LINGKUNGAN 8","","","S. Aktivitas Jasa Lainnya","SBR"],
    ["48865","TRAVEL HAJI DAN UMROH","JALAN PROF HM YAMIN SH NO 578 MEDAN","prelist","MEDAN PERJUANGAN","SEI KERA HULU","LINGKUNGAN 5","","","N. Jasa Persewaan, Ketenagakerjaan, Agen Perjalanan, dan Jasa Pendukung","SBR"],
    ["48866","SEKOLAH SD MUHAMMADIYAH 06","JL PAHLAWAN NO 67 LINGKUNGAN 12","prelist","MEDAN PERJUANGAN","PAHLAWAN","LINGKUNGAN 12","","","P. Pendidikan","SBR"],
    ["48868","HAVEA NUGRAHA PRATAMA PT","JL GALANG NO 48","prelist","MEDAN PERJUANGAN","PANDAU HILIR","LINGKUNGAN 8","","","F. Konstruksi","SBR"],
    ["48874","ELGRAMA SARI, PT","JL. MESJID TAUFIQ NO. 159","prelist","MEDAN PERJUANGAN","TEGAL REJO","LINGKUNGAN 4","","","F. Konstruksi","SBR"],
    ["48881","PT MARDIAH ABADI SENTRAL","JL.HM YAMIN GG SAID NO 2","prelist","MEDAN PERJUANGAN","SEI KERA HULU","LINGKUNGAN 1","","","N. Jasa Persewaan, Ketenagakerjaan, Agen Perjalanan, dan Jasa Pendukung","SBR"],
    ["48882","BUNGA BALAI PENGANTIN (ENDRIANI)","JALAN M YACUB GG.ULUNG NO.3 LK.S","prelist","MEDAN PERJUANGAN","SEI KERA HILIR II","LINGKUNGAN 5","","","C. Industri Pengolahan","SBR"],
    ["48891","INDOMARET","Jl prof HM Yamin no 239","prelist","MEDAN PERJUANGAN","SEI KERA HILIR II","LINGKUNGAN 9","","","G. Perdagangan Besar dan Eceran, Reparasi Mobil dan Sepeda Motor","SBR"],
    ["48921","WARNET","JL RAKYAT NO 43","prelist","MEDAN PERJUANGAN","SIDORAME TIMUR","LINGKUNGAN 11","","","J. Informasi dan Komunikasi","SBR"],
    ["48939","MONTAIN FURNITURE (ANDI)","JALAN PROF HM YAMIN SH NO 309 LK II","prelist","MEDAN PERJUANGAN","SEI KERA HILIR I","LINGKUNGAN 1","","","G. Perdagangan Besar dan Eceran, Reparasi Mobil dan Sepeda Motor","SBR"],
    ["48958","JUAL KUE BASAH <NURAIDAH>","JL PIMPINAN GG SABUT NO 2","prelist","MEDAN PERJUANGAN","SEI KERA HILIR I","LINGKUNGAN 11","","","G. Perdagangan Besar dan Eceran, Reparasi Mobil dan Sepeda Motor","SBR"],
    ["48976","MAX X SALON FOR MAN","JL THAMRIN 121","prelist","MEDAN PERJUANGAN","PANDAU HILIR","LINGKUNGAN 3","","","S. Aktivitas Jasa Lainnya","SBR"],
    ["48986","MAKMUR INTI PRIMA CV (CHARLES)","JL PROF HM YAMIN SH NO 283 A LK II","prelist","MEDAN PERJUANGAN","SEI KERA HILIR II","LINGKUNGAN 11","","","G. Perdagangan Besar dan Eceran, Reparasi Mobil dan Sepeda Motor","SBR"],
    ["48999","PRAKTEK DR EMILIAWINA","JL MALAKA NO 90","prelist","MEDAN PERJUANGAN","PANDAU HILIR","LINGKUNGAN 6","","","Q. Jasa Kesehatan dan Kegiatan Sosial","SBR"],
    ["49009","DA VINCI EDUCATION CENTRE (VITO)","JL JAMBI 30","prelist","MEDAN PERJUANGAN","PANDAU HILIR","LINGKUNGAN 3","","","P. Pendidikan","SBR"],
    ["49035","KOSTRA TRAVEL","JL PARAPAT NO 59","prelist","MEDAN PERJUANGAN","PANDAU HILIR","LINGKUNGAN 6","","","N. Jasa Persewaan, Ketenagakerjaan, Agen Perjalanan, dan Jasa Pendukung","SBR"],
    ["49086","JUAL PULSA <HENY>","JALAN PELITA 2 NO 102","prelist","MEDAN PERJUANGAN","SIDORAME BARAT II","LINGKUNGAN 3","","","J. Informasi dan Komunikasi","SBR"],
    ["49115","TOPO BAWANG <SITANGGANG>","IL VETERAN NO 6A LK 3","prelist","MEDAN PERJUANGAN","SIDORAME TIMUR","LINGKUNGAN 15","","","G. Perdagangan Besar dan Eceran, Reparasi Mobil dan Sepeda Motor","SBR"],
    ["49290","PONSEL<CICI>","JL.PELITA 1 GG PELAJAR NO 60 A","prelist","MEDAN PERJUANGAN","SIDORAME BARAT II","LINGKUNGAN 5","","","J. Informasi dan Komunikasi","SBR"],
    ["49310","KONVEKSI (HAN SIONG)","JL PAHLAWAN GG RUKUN NO 2","prelist","MEDAN PERJUANGAN","PAHLAWAN","LINGKUNGAN 15","","","C. Industri Pengolahan","SBR"],
    ["49314","KONVEKSI BAJU CANDRA SON","JL. DELI TUA NO 8","prelist","MEDAN PERJUANGAN","PANDAU HILIR","LINGKUNGAN 9","","","C. Industri Pengolahan","SBR"],
    ["49331","NUNIK PULSA","JL.PELITA 1 GG PISANG NO 7","prelist","MEDAN PERJUANGAN","SIDORAME BARAT II","LINGKUNGAN 5","","","J. Informasi dan Komunikasi","SBR"],
    ["49334","BETHESDA GROUP MUSIK TIUP (HENDRA)","JLN MESJID TAUFIK NO 125 MEDAN","prelist","MEDAN PERJUANGAN","TEGAL REJO","LINGKUNGAN 7","","","N. Jasa Persewaan, Ketenagakerjaan, Agen Perjalanan, dan Jasa Pendukung","SBR"],
    ["49337","PUSAT ALAT BANTU DENGAR (EAR SOUND)","JL PROF HM YAMIN SH NO 75","prelist","MEDAN PERJUANGAN","SEI KERA HILIR II","LINGKUNGAN 2","","","G. Perdagangan Besar dan Eceran, Reparasi Mobil dan Sepeda Motor","SBR"],
    ["49341","MAJESTIK","JLN PROF HM YAMIN SH","prelist","MEDAN PERJUANGAN","SEI KERA HILIR I","LINGKUNGAN 1","","","C. Industri Pengolahan","SBR"],
    ["49350","SUPIR ANGKOT (SIGIRO)","JALAN PELITA 5 GANG BERSAMA","prelist","MEDAN PERJUANGAN","SIDORAME BARAT II","LINGKUNGAN 9","","","H. Transportasi dan Pergudangan","SBR"],
    ["49352","KOPERASI SUTOMO I MEDAN","JL JAMBI 40 B","prelist","MEDAN PERJUANGAN","PANDAU HILIR","LINGKUNGAN 3","","","G. Perdagangan Besar dan Eceran, Reparasi Mobil dan Sepeda Motor","SBR"],
    ["49460","THE WASH PORT","JL JAMBI NO 18C LK 6","prelist","MEDAN PERJUANGAN","PANDAU HILIR","LINGKUNGAN 3","","","S. Aktivitas Jasa Lainnya","SBR"],
    ["49500","JUAL PULSA <SIDABUTAR>","JALAN PELITA 2 GG TANGGA BATU NO 65","prelist","MEDAN PERJUANGAN","SIDORAME BARAT II","LINGKUNGAN 7","","","J. Informasi dan Komunikasi","SBR"],
    ["49542","PEMASANGAN JARINGAN SELULER <ZULKIFLI>","JL.PELITA 6 NO 88","prelist","MEDAN PERJUANGAN","SIDORAME BARAT II","LINGKUNGAN 8","","","J. Informasi dan Komunikasi","SBR"],
    ["49550","JUAL PULSA <ENDANG>","JL.PELITA 3 NO 43","prelist","MEDAN PERJUANGAN","SIDORAME BARAT II","LINGKUNGAN 7","","","J. Informasi dan Komunikasi","SBR"],
    ["49576","MENJUAL PULSA ELEKTRONIK <EVA>","JL.RAKYAT NO 204","prelist","MEDAN PERJUANGAN","TEGAL REJO","LINGKUNGAN 15","","","J. Informasi dan Komunikasi","SBR"],
    ["49580","JUALAN HELM (ASWANDA)","JL. PELITA IV NO.30","prelist","MEDAN PERJUANGAN","SIDORAME BARAT II","LINGKUNGAN 6","","","G. Perdagangan Besar dan Eceran, Reparasi Mobil dan Sepeda Motor","SBR"],
    ["49581","TK RA-AL-AMIN","JL PROF HM YAMIN SH<DIDALAM MESJID AL-AMIN>","prelist","MEDAN PERJUANGAN","SEI KERA HULU","LINGKUNGAN 9","","","P. Pendidikan","SBR"],
    ["49597","YAYASAN MARGA KHO","JALAN NEGARA NO 72 MEDAN","prelist","MEDAN PERJUANGAN","PAHLAWAN","LINGKUNGAN 11","","","N. Jasa Persewaan, Ketenagakerjaan, Agen Perjalanan, dan Jasa Pendukung","SBR"],
    ["49846","JUAL PULSA <VERA>","JL.PELITA 6 NO 104","prelist","MEDAN PERJUANGAN","SIDORAME TIMUR","LINGKUNGAN 15","","","J. Informasi dan Komunikasi","SBR"],
    ["49850","BAJU <PAK ABDI>","JL TUNGGAL NO 35","prelist","MEDAN PERJUANGAN","SIDORAME TIMUR","LINGKUNGAN 10","","","G. Perdagangan Besar dan Eceran, Reparasi Mobil dan Sepeda Motor","SBR"],
    ["49879","JUAL PULSA <EWIN>","JL.PELITA IV NO.89","prelist","MEDAN PERJUANGAN","SIDORAME BARAT II","LINGKUNGAN 6","","","J. Informasi dan Komunikasi","SBR"],
    ["49882","INDOMARCO PRISMATAMA PT","JL.RAKYAT NO 102","prelist","MEDAN PERJUANGAN","SIDORAME TIMUR","LINGKUNGAN 15","","","G. Perdagangan Besar dan Eceran, Reparasi Mobil dan Sepeda Motor","SBR"],
    ["49884","KEDAI <MIFTAHULJANNAH>","JL.PAHLAWAN GG PERKASA NO 10","prelist","MEDAN PERJUANGAN","PAHLAWAN","LINGKUNGAN 2","","","G. Perdagangan Besar dan Eceran, Reparasi Mobil dan Sepeda Motor","SBR"],
    ["49897","JUAL PULSA <SRI>","JL.PELITA 3 NO 71","prelist","MEDAN PERJUANGAN","SIDORAME BARAT II","LINGKUNGAN 7","","","J. Informasi dan Komunikasi","SBR"],
    ["49916","SERVICE HP <DINUL>","JL. M YAKUB NO 2","prelist","MEDAN PERJUANGAN","SEI KERA HILIR II","LINGKUNGAN 13","","","J. Informasi dan Komunikasi","SBR"],
    ["49983","TOKO RIMBUN JAYA","Jl Veteran Pusat pasar lt 2","prelist","MEDAN PERJUANGAN","PANDAU HILIR","LINGKUNGAN 2","","","G. Perdagangan Besar dan Eceran, Reparasi Mobil dan Sepeda Motor","SBR"],
    ["50008","SERVICE LAPTOP <TOMI>","JL.M YAKOB GG ULUNG NO 5","prelist","MEDAN PERJUANGAN","SEI KERA HILIR II","LINGKUNGAN 5","","","J. Informasi dan Komunikasi","SBR"],
    ["50054","SAKTI NET","JL.PROF.HM YAMIN SH NO 79","prelist","MEDAN PERJUANGAN","SEI KERA HILIR II","LINGKUNGAN 2","","","J. Informasi dan Komunikasi","SBR"],
    ["50189","BENGKEL MOBIL AENG","JL NIBUN RAYA","prelist","MEDAN PERJUANGAN","TEGAL REJO","LINGKUNGAN 8","","","G. Perdagangan Besar dan Eceran, Reparasi Mobil dan Sepeda Motor","SBR"],
    ["50353","SAYUR MASAK","KOWILHAN SATU JALAN SEJATI K12","prelist","MEDAN PERJUANGAN","SIDORAME BARAT I","LINGKUNGAN 13","","","I. Penyediaan Akomodasi dan Makan Minum","SBR"],
    ["50360","JUAL PULSA <NINGSIH>","JL. PELITA 5","prelist","MEDAN PERJUANGAN","SIDORAME BARAT II","LINGKUNGAN 9","","","J. Informasi dan Komunikasi","SBR"],
    ["50384","KONTRAKTOR < CV TAHTIL >","JL NGALENGKO GG REZEKI NO 17A LINGK 10","prelist","MEDAN PERJUANGAN","SIDORAME BARAT I","LINGKUNGAN 10","","","F. Konstruksi","SBR"],
    ["50450","TOKEN PULSA <MIRAYALI>","Jl.Pahlawan Gg Bunga","prelist","MEDAN PERJUANGAN","PAHLAWAN","LINGKUNGAN 13","","","J. Informasi dan Komunikasi","SBR"],
    ["50578","JUAL PULS <JIMMY>","JL.RAKYAT NO 101 PSR 3","prelist","MEDAN PERJUANGAN","TEGAL REJO","LINGKUNGAN 2","","","J. Informasi dan Komunikasi","SBR"],
    ["50593","JUAL PULSA <LENA>","JALAN PELITA 6 NO 87","prelist","MEDAN PERJUANGAN","TEGAL REJO","LINGKUNGAN 2","","","J. Informasi dan Komunikasi","SBR"],
    ["50600","PULSA <HALIMA>","JALAN PELITA 4 GG PERTAMA NO 11","prelist","MEDAN PERJUANGAN","SIDORAME BARAT II","LINGKUNGAN 8","","","J. Informasi dan Komunikasi","SBR"],
    ["50602","KONVEKSI KERIS SAKTI<AHWI>","JL KERIS NO 27/47","prelist","MEDAN PERJUANGAN","PAHLAWAN","LINGKUNGAN 8","","","C. Industri Pengolahan","SBR"],
    ["50605","PONSEL <RAJALI>","JL.PELITA 3 NO.65","prelist","MEDAN PERJUANGAN","SIDORAME BARAT II","LINGKUNGAN 7","","","J. Informasi dan Komunikasi","SBR"],
    ["50617","KIOS PULSA <KELIN>","JL.GB JOSUA NO 65","prelist","MEDAN PERJUANGAN","PANDAU HILIR","LINGKUNGAN 4","","","J. Informasi dan Komunikasi","SBR"],
    ["50667","WARNET DOREMI","JL RAKYAT NO 154 LK 4","prelist","MEDAN PERJUANGAN","TEGAL REJO","LINGKUNGAN 4","","","J. Informasi dan Komunikasi","SBR"],
    ["50964","MULTI DWI TUNGGAL GRAHA PT","JL TAPANULI NO 42C LK 3","prelist","MEDAN PERJUANGAN","PANDAU HILIR","LINGKUNGAN 3","","","F. Konstruksi","SBR"],
    ["50974","KEDAI SAMPAH <MARDIANA>","JL.BADIK GG TENGAH NO 20","prelist","MEDAN PERJUANGAN","PAHLAWAN","LINGKUNGAN 7","","","G. Perdagangan Besar dan Eceran, Reparasi Mobil dan Sepeda Motor","SBR"],
    ["51041","BENGKEL KELILING <RUSLI>","JL MASJID TAUFIK GANG SYUKUR NO 3","prelist","MEDAN PERJUANGAN","TEGAL REJO","LINGKUNGAN 7","","","G. Perdagangan Besar dan Eceran, Reparasi Mobil dan Sepeda Motor","SBR"],
    ["51102","SMP TUT WURI HANDAYANI","JL MANGAAN 3 LINGKUNGAN 9 GG PELAJAR","prelist","MEDAN PERJUANGAN","SIDORAME BARAT I","LINGKUNGAN 4","","","P. Pendidikan","SBR"],
    ["51173","TAMA BERJAYA KONSTRUKSI, PT","JL. MESJID TAUFIQ GG. TAMTAMA NO. 32","prelist","MEDAN PERJUANGAN","TEGAL REJO","LINGKUNGAN 13","","","F. Konstruksi","SBR"],
    ["51234","SINAR KUMALA CV","JL GB JOSUA NO 67","prelist","MEDAN PERJUANGAN","PANDAU HILIR","LINGKUNGAN 4","","","C. Industri Pengolahan","SBR"],
    ["51237","CV BERDIKARI","JL PERJUANGAN NO 57 MEDAN","prelist","MEDAN PERJUANGAN","SIDORAME TIMUR","LINGKUNGAN 9","","","F. Konstruksi","SBR"],
    ["51238","SD NEGERI 064017","JL.PROF HM.YAMIN NO.1","prelist","MEDAN PERJUANGAN","SEI KERA HILIR II","LINGKUNGAN 1","","","P. Pendidikan","SBR"],
    ["51248","MANDIRI PRINTING UD","JL SEI KERA LINGKUNGAN II NO. 10RT RW","prelist","MEDAN PERJUANGAN","PANDAU HILIR","LINGKUNGAN 2","","","C. Industri Pengolahan","SBR"],
    ["51252","SHOWROOM SEPEDA MOTOR <RAHMAN>","JL PROF HM YAMIN SH 454/460 MEDAN","prelist","MEDAN PERJUANGAN","SEI KERA HULU","LINGKUNGAN 7","","","G. Perdagangan Besar dan Eceran, Reparasi Mobil dan Sepeda Motor","SBR"],
    ["51256","DEPOT AIRISLAH (LATIF)","LR GEREJA NO 24 A","prelist","MEDAN PERJUANGAN","SIDORAME BARAT II","LINGKUNGAN 2","","","C. Industri Pengolahan","SBR"],
    ["51352","JATI WAJA PRATAMA PT","JL SUTOMO NO 31 BC/211 LK 9","prelist","MEDAN PERJUANGAN","SEI KERA HILIR II","LINGKUNGAN 1","","","G. Perdagangan Besar dan Eceran, Reparasi Mobil dan Sepeda Motor","SBR"],
    ["51538","TK SANTA LUSIA","JALAN PELITA 6 NO 1","prelist","MEDAN PERJUANGAN","SIDORAME BARAT I","LINGKUNGAN 11","","","P. Pendidikan","SBR"],
    ["51540","JUAL PULSA <DEDI SYAHPUTRA>","JL.BATU PUTIH NO 30","prelist","MEDAN PERJUANGAN","PAHLAWAN","LINGKUNGAN 14","","","J. Informasi dan Komunikasi","SBR"],
    ["51541","JUAL PULSA <MASDIANA>","JL.BATU PUTIH NO 25","prelist","MEDAN PERJUANGAN","PAHLAWAN","LINGKUNGAN 14","","","J. Informasi dan Komunikasi","SBR"],
    ["51554","APOTIK YAMIN (YAMIN)","JL PROF HM YAMIN NO 185","prelist","MEDAN PERJUANGAN","SEI KERA HILIR II","LINGKUNGAN 8","","","G. Perdagangan Besar dan Eceran, Reparasi Mobil dan Sepeda Motor","SBR"],
    ["51587","LAMPU GALERY (RONAL)","JL THAMRIN NO 22AA/22BB LINGKUNGAN 2","prelist","MEDAN PERJUANGAN","PANDAU HILIR","LINGKUNGAN 2","","","G. Perdagangan Besar dan Eceran, Reparasi Mobil dan Sepeda Motor","SBR"],
    ["51591","PT TUREDO SIBURIAN","JL PELITA VI NO 17","prelist","MEDAN PERJUANGAN","TEGAL REJO","LINGKUNGAN 1","","","S. Aktivitas Jasa Lainnya","SBR"],
    ["51592","TK ABA 25","JL PELITA 11 NO 5","prelist","MEDAN PERJUANGAN","SIDORAME BARAT I","LINGKUNGAN 3","","","P. Pendidikan","SBR"],
    ["51593","MAKMUR JAYA","JL MADONG LUBIS NO 34 LINGKUNGAN 5","prelist","MEDAN PERJUANGAN","PANDAU HILIR","LINGKUNGAN 5","","","N. Jasa Persewaan, Ketenagakerjaan, Agen Perjalanan, dan Jasa Pendukung","SBR"],
    ["51605","HARA PUTRA UTAMA, PT","JL. PURWOSARI / HILIGEO I NO. 99","prelist","MEDAN PERJUANGAN","SIDORAME TIMUR","LINGKUNGAN 10","","","F. Konstruksi","SBR"],
    ["51606","TOKO BURUNG (AYOAN)","JL MADIO UTOMO","prelist","MEDAN PERJUANGAN","TEGAL REJO","LINGKUNGAN 3","","","G. Perdagangan Besar dan Eceran, Reparasi Mobil dan Sepeda Motor","SBR"],
    ["51709","PERPUSTAKAAN MIKROSKIL","JALAN THAMRIN NO 72 LK 8","prelist","MEDAN PERJUANGAN","PANDAU HILIR","LINGKUNGAN 1","","","R. Kesenian, Hiburan, dan Rekreasi","SBR"],
    ["52135","SD NASRANI 2","JL PENDIDIKAN NO 88 LK 7","prelist","MEDAN PERJUANGAN","TEGAL REJO","LINGKUNGAN 7","","","P. Pendidikan","SBR"],
    ["52140","SD NEGERI 060852","JL PROF HM YAMIN NO I","prelist","MEDAN PERJUANGAN","SEI KERA HILIR II","LINGKUNGAN 1","","","P. Pendidikan","SBR"],
    ["52141","PAUD IKLAS BINAAN PKK KELURAHAN SEI KERA HILIR I","JL PIMPINAN NO 79","prelist","MEDAN PERJUANGAN","SEI KERA HILIR I","LINGKUNGAN 11","","","P. Pendidikan","SBR"],
    ["52350","PT SASTRA AGROSEHAT BERSAMA","JL PROF HM YAMIN SH NO 350A","prelist","MEDAN PERJUANGAN","SEI KERA HULU","LINGKUNGAN 8","","","S. Aktivitas Jasa Lainnya","SBR"],
    ["52442","PASAMAN TAYLOR (SYAFRIZAL)","JL MADIO UTOMO","prelist","MEDAN PERJUANGAN","SIDORAME TIMUR","LINGKUNGAN 14","","","C. Industri Pengolahan","SBR"],
    ["52449","SRI WIJAYA","JL SUTOMO NO 27","prelist","MEDAN PERJUANGAN","PANDAU HILIR","LINGKUNGAN 2","","","G. Perdagangan Besar dan Eceran, Reparasi Mobil dan Sepeda Motor","SBR"],
    ["52450","MUJUR MAS CV","JL MALAKA NO 15 / 1F","prelist","MEDAN PERJUANGAN","PANDAU HILIR","LINGKUNGAN 4","","","G. Perdagangan Besar dan Eceran, Reparasi Mobil dan Sepeda Motor","SBR"],
    ["52451","KUSUMA WIDJAJA MUSIK","JL MADONG LUBIS NO 19 F LINGKUNGAN 8","prelist","MEDAN PERJUANGAN","PANDAU HILIR","LINGKUNGAN 8","","","P. Pendidikan","SBR"],
    ["52464","BETOR (DENNY)","JALAN RAKYAT GANG CAMAR NO 30","prelist","MEDAN PERJUANGAN","SIDORAME TIMUR","LINGKUNGAN 12","","","H. Transportasi dan Pergudangan","SBR"],
    ["52465","TPA QURRATA AYUNI","JL PELITA II NO 25 B","prelist","MEDAN PERJUANGAN","SIDORAME BARAT I","LINGKUNGAN 3","","","P. Pendidikan","SBR"],
    ["52467","CV MAHA KARYA MULIA","JL PIMPINAN NO 24 MEDAN PERJUANGAN","prelist","MEDAN PERJUANGAN","SEI KERA HILIR I","LINGKUNGAN 6","","","F. Konstruksi","SBR"],
    ["52469","SD NEGERI 060877","JL IBRAHIM UMAR NO 1","prelist","MEDAN PERJUANGAN","SEI KERA HILIR I","LINGKUNGAN 7","","","P. Pendidikan","SBR"],
    ["52470","PARIS PONSEL","JL RAKYAT NO 68","prelist","MEDAN PERJUANGAN","SIDORAME TIMUR","LINGKUNGAN 11","","","J. Informasi dan Komunikasi","SBR"],
    ["52471","TITIPAN KILAT PT <ONGGA>","JL PROF HM YAMIN SH NO 299 LK II","prelist","MEDAN PERJUANGAN","SEI KERA HILIR II","LINGKUNGAN 11","","","H. Transportasi dan Pergudangan","SBR"],
    ["52472","TOKO CAHAYA ELECTRIC(EDI7","JL PROF HM YAMIN SH NO 281 LK II","prelist","MEDAN PERJUANGAN","SEI KERA HILIR I","LINGKUNGAN 1","","","G. Perdagangan Besar dan Eceran, Reparasi Mobil dan Sepeda Motor","SBR"],
    ["52492","SUPIR TAXI(BAHARUDDIN)","JL PERMAI GG SELANAT","prelist","MEDAN PERJUANGAN","SIDORAME TIMUR","LINGKUNGAN 14","","","H. Transportasi dan Pergudangan","SBR"],
    ["52495","PRAKTEK DRG WIDAHWATI","JL MADONG LUBIS NO 80","prelist","MEDAN PERJUANGAN","PANDAU HILIR","LINGKUNGAN 5","","","Q. Jasa Kesehatan dan Kegiatan Sosial","SBR"],
    ["52496","KOPERASI DINAS PENDIDIKAN KOTA MEDAN","JALAN PELITA 4 NO 77","prelist","MEDAN PERJUANGAN","SIDORAME BARAT II","LINGKUNGAN 9","","","K. Aktivitas Keuangan Dan Asuransi","SBR"],
    ["52520","SEKOLAH SD ICHWANNUSSAFAH","JL TOMONG NO 6","prelist","MEDAN PERJUANGAN","SEI KERA HULU","LINGKUNGAN 19","","","P. Pendidikan","SBR"],
    ["52530","SEKOLAH NURUL IKHLAS","JL SETIA JADI GG MESJID NO 50 LINGK 15","prelist","MEDAN PERJUANGAN","TEGAL REJO","LINGKUNGAN 15","","","P. Pendidikan","SBR"],
    ["52719","SD IKHLASYIAH","JALAN RAKYAT NO 148","prelist","MEDAN PERJUANGAN","TEGAL REJO","LINGKUNGAN 4","","","P. Pendidikan","SBR"],
    ["52720","SMK BM SILOAM 2 MEDAN","JLN RAKYAT NO 145","prelist","MEDAN PERJUANGAN","TEGAL REJO","LINGKUNGAN 7","","","P. Pendidikan","SBR"],
    ["52732","YAYASAN PERGURUAN JOSUA MEDAN (SMA-SMA)","JALAN GB JOSUA NO 30 MEDAN","prelist","MEDAN PERJUANGAN","PANDAU HILIR","LINGKUNGAN 4","","","P. Pendidikan","SBR"],
    ["52748","MTS NURUL IKHLAS","JL SETIA JADI GG MESJID NO 50 LINGK 15","prelist","MEDAN PERJUANGAN","TEGAL REJO","LINGKUNGAN 15","","","P. Pendidikan","SBR"],
    ["52749","TK SILOAM","JALAN SEHATI NO 150","prelist","MEDAN PERJUANGAN","TEGAL REJO","LINGKUNGAN 8","","","P. Pendidikan","SBR"],
    ["52750","GARUDA","JALAN KRAKATAU 201","prelist","MEDAN PERJUANGAN","TEGAL REJO","LINGKUNGAN 15","","","J. Informasi dan Komunikasi","SBR"],
    ["52756","ASURANSI CENTRAL ASIA,PT","KOMPLEK SERDANG MAS JL PROF H M YAMIN SH BLOK A NO 1","prelist","MEDAN PERJUANGAN","SEI KERA HULU","LINGKUNGAN 5","","","K. Aktivitas Keuangan Dan Asuransi","SBR"],
    ["52757","CV JAYA MAKMUR","JL HM SAID NO 114","prelist","MEDAN PERJUANGAN","SIDORAME BARAT I","LINGKUNGAN 4","","","G. Perdagangan Besar dan Eceran, Reparasi Mobil dan Sepeda Motor","SBR"],
    ["52759","MEGA ENGINEERING SERVICES","JALAN NEGARA NO 8 MEDAN","prelist","MEDAN PERJUANGAN","PAHLAWAN","LINGKUNGAN 17","","","G. Perdagangan Besar dan Eceran, Reparasi Mobil dan Sepeda Motor","SBR"],
    ["52760","BRI SIMPAN PINJAM","JL GURILA NO 18","prelist","MEDAN PERJUANGAN","SEI KERA HILIR II","LINGKUNGAN 12","","","K. Aktivitas Keuangan Dan Asuransi","SBR"],
    ["52769","SEKOLAH SD MUHAMMADIYAH 21","JL MESJID TAUFIK GG MADRASAH LK 6","prelist","MEDAN PERJUANGAN","TEGAL REJO","LINGKUNGAN 6","","","P. Pendidikan","SBR"],
    ["52808","PT PRIMA MEDIA INDONESIA","JLN VETERAH NO 23 CC 23 DD","prelist","MEDAN PERJUANGAN","PANDAU HILIR","LINGKUNGAN 1","","","G. Perdagangan Besar dan Eceran, Reparasi Mobil dan Sepeda Motor","SBR"],
    ["52809","KONTAN AUDIO","JL MALAKA NO 53 LINGKUNGAN 5","prelist","MEDAN PERJUANGAN","PANDAU HILIR","LINGKUNGAN 5","","","G. Perdagangan Besar dan Eceran, Reparasi Mobil dan Sepeda Motor","SBR"],
    ["52810","KLINIK METTA (PIMPIN TANADI)","JALAN WAH I DIN NO 3 23 MEDAN","prelist","MEDAN PERJUANGAN","PAHLAWAN","LINGKUNGAN 11","","","Q. Jasa Kesehatan dan Kegiatan Sosial","SBR"],
    ["52836","BAJA AGUNG","JL SULANG SALING NO 6-8","prelist","MEDAN PERJUANGAN","PAHLAWAN","LINGKUNGAN 10","","","G. Perdagangan Besar dan Eceran, Reparasi Mobil dan Sepeda Motor","SBR"],
    ["52857","SD 1 H K B P SIDORAME","IJL DOROWATI NO 40","prelist","MEDAN PERJUANGAN","SIDORAME BARAT II","LINGKUNGAN 1","","","P. Pendidikan","SBR"],
    ["52929","PT. GOLDEN VICTORY SOURCE","JL MADONG LUBIS NO 1","prelist","MEDAN PERJUANGAN","SEI KERA HILIR II","LINGKUNGAN 1","","","N. Jasa Persewaan, Ketenagakerjaan, Agen Perjalanan, dan Jasa Pendukung","SBR"],
    ["52944","PT TEGUH ARTHA JAYA <TIA RINA>","IL PERJUANGAN 66 SUKA MAJU NOL 6 LINGK 10","prelist","MEDAN PERJUANGAN","SEI KERA HILIR I","LINGKUNGAN 10","","","G. Perdagangan Besar dan Eceran, Reparasi Mobil dan Sepeda Motor","SBR"],
    ["52945","FA KOESMAN KOESMAN DAN RAMONA","JL MADONG LUBIS NO 42","prelist","MEDAN PERJUANGAN","PANDAU HILIR","LINGKUNGAN 7","","","M. Jasa Profesional, Ilmiah, dan Teknis","SBR"],
    ["52946","PT BANK MUAMALAT INDONESIA TBK","JL.PROF HM YAMIN NO 22 C","prelist","MEDAN PERJUANGAN","SEI KERA HILIR II","LINGKUNGAN 2","","","K. Aktivitas Keuangan Dan Asuransi","SBR"],
    ["52948","JUAL PISANG GORENG (INTAN)","JL. PELITA V NO 44","prelist","MEDAN PERJUANGAN","SIDORAME BARAT I","LINGKUNGAN 11","","","I. Penyediaan Akomodasi dan Makan Minum","SBR"],
    ["52949","KIMIA FARMA","JL HM YAMIN NO 282 B","prelist","MEDAN PERJUANGAN","SEI KERA HILIR II","LINGKUNGAN 1","","","G. Perdagangan Besar dan Eceran, Reparasi Mobil dan Sepeda Motor","SBR"],
    ["52950","TOKO SEPATU(EFFENDY)","JLN PROF HM YAMIN SH NO 265D","prelist","MEDAN PERJUANGAN","SEI KERA HILIR I","LINGKUNGAN 1","","","G. Perdagangan Besar dan Eceran, Reparasi Mobil dan Sepeda Motor","SBR"],
    ["52951","SD SUTOMO 1 MEDAN","JL JAMBI 40 B","prelist","MEDAN PERJUANGAN","PANDAU HILIR","LINGKUNGAN 3","","","P. Pendidikan","SBR"],
    ["52952","STANFORD","JALAN MADONG LUBIS NO 64","prelist","MEDAN PERJUANGAN","PANDAU HILIR","LINGKUNGAN 6","","","P. Pendidikan","SBR"],
    ["52960","PERKASA BAN","JL SUTOMO NO 29 I UNGKUNGAN I","prelist","MEDAN PERJUANGAN","PANDAU HILIR","LINGKUNGAN 1","","","G. Perdagangan Besar dan Eceran, Reparasi Mobil dan Sepeda Motor","SBR"],
    ["52961","ADAH MODE","JALAN DOROWATI NO 16","prelist","MEDAN PERJUANGAN","SIDORAME BARAT I","LINGKUNGAN 9","","","C. Industri Pengolahan","SBR"],
    ["52983","ISI ULANG AIR MINUM <RAMLI>","JL MESJID TAUFIK NO 175","prelist","MEDAN PERJUANGAN","TEGAL REJO","LINGKUNGAN 4","","","C. Industri Pengolahan","SBR"],
    ["52984","SMP MUHAMMADIYAH 2 MEDAN","JL PAHLAWAN NO 67 LINGKUNGAN 12","prelist","MEDAN PERJUANGAN","PAHLAWAN","LINGKUNGAN 12","","","P. Pendidikan","SBR"],
    ["52994","PT SUMBER ALFARIA TRIJAYA TBK <ALFAMART>","JL IBRAHIM UMAR 9","prelist","MEDAN PERJUANGAN","SEI KERA HILIR I","LINGKUNGAN 7","","","G. Perdagangan Besar dan Eceran, Reparasi Mobil dan Sepeda Motor","SBR"],
    ["52995","YAYASAN BIMBEL (SORMIN INSANI)","JALAN GURILLA NO 31 LINGKUNGAN 6","prelist","MEDAN PERJUANGAN","SEI KERA HILIR I","LINGKUNGAN 6","","","P. Pendidikan","SBR"],
    ["52996","GAS ELPIJI","J LPELITA 11","prelist","MEDAN PERJUANGAN","SIDORAME TIMUR","LINGKUNGAN 15","","","G. Perdagangan Besar dan Eceran, Reparasi Mobil dan Sepeda Motor","SBR"],
    ["52997","TOKO SEMBAKO","JL.RAKYAT NO 26C","prelist","MEDAN PERJUANGAN","SIDORAME TIMUR","LINGKUNGAN 7","","","G. Perdagangan Besar dan Eceran, Reparasi Mobil dan Sepeda Motor","SBR"],
    ["53009","PERCETAKAN KURNIA, CV","JL GB JOSUA NO 79 RT RW 20232","prelist","MEDAN PERJUANGAN","PANDAU HILIR","LINGKUNGAN 4","","","C. Industri Pengolahan","SBR"],
    ["53017","TEHNO PLUS (NGSEHPENG)","JALAN PROF HM YAMIN SH NO 307 LINK II","prelist","MEDAN PERJUANGAN","SEI KERA HILIR I","LINGKUNGAN 1","","","S. Aktivitas Jasa Lainnya","SBR"],
    ["53018","YAYASAN TAMAN HARAPAN","JL.IBRAHIM UMAR NO.11","prelist","MEDAN PERJUANGAN","SEI KERA HILIR II","LINGKUNGAN 6","","","P. Pendidikan","SBR"],
    ["53037","SUPIR ANGKOT (ROBERT)","JALAN PELITA 1 GANG NATIO NO 20","prelist","MEDAN PERJUANGAN","SIDORAME BARAT II","LINGKUNGAN 3","","","H. Transportasi dan Pergudangan","SBR"],
    ["53151","MITRA MANDIRI","JL.SENTOSA LAMA NO.21 A","prelist","MEDAN PERJUANGAN","SEI KERA HULU","LINGKUNGAN 21","","","S. Aktivitas Jasa Lainnya","SBR"],
    ["53155","CV KOKOH BERSAMA SUKSES","JL MADONG LUBIS NO 2 B RT RW","prelist","MEDAN PERJUANGAN","PANDAU HILIR","LINGKUNGAN 5","","","G. Perdagangan Besar dan Eceran, Reparasi Mobil dan Sepeda Motor","SBR"],
    ["53157","TUPERWARE (NURUL)","JALAN PROF HM YAMIN SH NO 12 LINK II","prelist","MEDAN PERJUANGAN","SEI KERA HULU","LINGKUNGAN 3","","","G. Perdagangan Besar dan Eceran, Reparasi Mobil dan Sepeda Motor","SBR"],
    ["53161","TRAVEL SENA CV","JL RAKYAT NO 90","prelist","MEDAN PERJUANGAN","TEGAL REJO","LINGKUNGAN 3","","","N. Jasa Persewaan, Ketenagakerjaan, Agen Perjalanan, dan Jasa Pendukung","SBR"],
    ["53266","KONVEKSI RENCONG MAS","JL. KERIS NO. 27/47","prelist","MEDAN PERJUANGAN","PAHLAWAN","LINGKUNGAN 8","","","C. Industri Pengolahan","SBR"],
    ["53267","JANGKAR MAS/TEDDIMAN","JL.SUTOMO BARU NO 34","prelist","MEDAN PERJUANGAN","PANDAU HILIR","LINGKUNGAN 1","","","C. Industri Pengolahan","SBR"],
    ["53356","KLINIK BIDAN (DEWI)","JLBATANG KILAT","prelist","MEDAN PERJUANGAN","SEI KERA HILIR I","LINGKUNGAN 6","","","Q. Jasa Kesehatan dan Kegiatan Sosial","SBR"],
    ["53819","TOKO WIJAYA","PASAR OETISAH LINGKUNGAN 12","prelist","MEDAN PERJUANGAN","SIDORAME BARAT I","LINGKUNGAN 9","","","G. Perdagangan Besar dan Eceran, Reparasi Mobil dan Sepeda Motor","SBR"],
    ["53966","BALLE SPA","JLN HOS C AMINOTO NO 133","prelist","MEDAN PERJUANGAN","PANDAU HILIR","LINGKUNGAN 4","","","S. Aktivitas Jasa Lainnya","SBR"],
    ["53967","EQUINOX PRIVATE","JL THAMRIN NO 131","prelist","MEDAN PERJUANGAN","PANDAU HILIR","LINGKUNGAN 3","","","P. Pendidikan","SBR"],
    ["53985","TOKO GROSIR TIGA JAYA","JALAN PROF HM YAMIN SH NO 568 MEDAN","prelist","MEDAN PERJUANGAN","PAHLAWAN","LINGKUNGAN 1","","","G. Perdagangan Besar dan Eceran, Reparasi Mobil dan Sepeda Motor","SBR"],
    ["53996","KOS KOSAN (SIHARI)","JALAN PELITA 2 NO 117","prelist","MEDAN PERJUANGAN","SIDORAME BARAT II","LINGKUNGAN 3","","","L. Real Estat","SBR"],
    ["54131","KEDE MANDIRI (ADI)","IJALAN RAKYAT NO 129 B ILINGKUNGAN 13","prelist","MEDAN PERJUANGAN","TEGAL REJO","LINGKUNGAN 13","","","G. Perdagangan Besar dan Eceran, Reparasi Mobil dan Sepeda Motor","SBR"],
    ["54328","DEPOT ISI ULANG AIR MINUM (H M NASIR)","JALAN RAHMADSYAH","prelist","MEDAN PERJUANGAN","SEI KERA HILIR I","LINGKUNGAN 1","","","C. Industri Pengolahan","SBR"],
    ["54580","PARFUM (YURI)","JLN PROF HM YAMIN SH NO 439","prelist","MEDAN PERJUANGAN","SEI KERA HILIR I","LINGKUNGAN 1","","","G. Perdagangan Besar dan Eceran, Reparasi Mobil dan Sepeda Motor","SBR"],
    ["54581","KANGEN WATER","JALAN PROF HM YAMIN SH NO 578 MEDAN","prelist","MEDAN PERJUANGAN","SEI KERA HULU","LINGKUNGAN 5","","","C. Industri Pengolahan","SBR"],
    ["54612","GARECA PONSEL","JL HM YAMIN NO 99A","prelist","MEDAN PERJUANGAN","SEI KERA HILIR II","LINGKUNGAN 3","","","G. Perdagangan Besar dan Eceran, Reparasi Mobil dan Sepeda Motor","SBR"],
    ["54649","TOKO SEPATU (AISYAH)","JLN PROF HM YAMIN SH NO 267A","prelist","MEDAN PERJUANGAN","SEI KERA HILIR I","LINGKUNGAN 1","","","G. Perdagangan Besar dan Eceran, Reparasi Mobil dan Sepeda Motor","SBR"],
    ["54651","PENGACARA (ARPAN HSB SH)","JL. PAHLAWAN GG RUKUN NO 4","prelist","MEDAN PERJUANGAN","PAHLAWAN","LINGKUNGAN 1","","","M. Jasa Profesional, Ilmiah, dan Teknis","SBR"],
    ["54652","BANGUNAN <PURWADI>","JALAN PAHLAWAN","prelist","MEDAN PERJUANGAN","PAHLAWAN","LINGKUNGAN 13","","","F. Konstruksi","SBR"],
    ["54653","PEMBORONG (MAHYUDIN S)","JL TUNGGAL NO 31","prelist","MEDAN PERJUANGAN","SIDORAME TIMUR","LINGKUNGAN 10","","","F. Konstruksi","SBR"],
    ["54656","JUAL SOPHIR MARTIN (NELLY)","JL PELITA VI G KUCICA 2","prelist","MEDAN PERJUANGAN","TEGAL REJO","LINGKUNGAN 1","","","G. Perdagangan Besar dan Eceran, Reparasi Mobil dan Sepeda Motor","SBR"],
    ["54657","TUKANG MEBEL (RUBI)","JL PASAR 3 NO 84 B LING 9 KEL TEGAL REJO","prelist","MEDAN PERJUANGAN","TEGAL REJO","LINGKUNGAN 9","","","C. Industri Pengolahan","SBR"],
    ["54661","HARAPAN KITA (WARDANI )","IL N SETIA NO 13","prelist","MEDAN PERJUANGAN","TEGAL REJO","LINGKUNGAN 1","","","P. Pendidikan","SBR"],
    ["54671","RUMAH SEWAAN (TIORIA)","JL PERMAI GG AMAL NO 11","prelist","MEDAN PERJUANGAN","SIDORAME TIMUR","LINGKUNGAN 14","","","L. Real Estat","SBR"],
    ["54672","KOST-KOSTAN (SIHITE)","JALAN DOROWATI LORONG REJO NO 18/20","prelist","MEDAN PERJUANGAN","SIDORAME BARAT II","LINGKUNGAN 1","","","I. Penyediaan Akomodasi dan Makan Minum","SBR"],
    ["54673","RENTAL MOBIL (JOHNIAR)","JL PELITA 4 GG SERAYU NO 2A","prelist","MEDAN PERJUANGAN","SIDORAME BARAT II","LINGKUNGAN 3","","","N. Jasa Persewaan, Ketenagakerjaan, Agen Perjalanan, dan Jasa Pendukung","SBR"],
    ["54678","KEDAI KELONTONG (MEY)","JL PASAR III NO 173 B","prelist","MEDAN PERJUANGAN","TEGAL REJO","LINGKUNGAN 10","","","G. Perdagangan Besar dan Eceran, Reparasi Mobil dan Sepeda Motor","SBR"],
    ["54681","KLINIK <AMBARITA>","JALAN PASAR 3 GANG DAME NO 8","prelist","MEDAN PERJUANGAN","TEGAL REJO","LINGKUNGAN 6","","","Q. Jasa Kesehatan dan Kegiatan Sosial","SBR"],
    ["54682","DEPOT ISI ULANG","JL PROF HM YAMIN NO 247","prelist","MEDAN PERJUANGAN","SEI KERA HILIR II","LINGKUNGAN 10","","","C. Industri Pengolahan","SBR"],
    ["54683","GUDANG KERAMIK (ERWIN)","JL MESJID TAUFIK NO 75 LK 7","prelist","MEDAN PERJUANGAN","TEGAL REJO","LINGKUNGAN 7","","","H. Transportasi dan Pergudangan","SBR"],
    ["54691","USAHA KACANG ARAB (KOS EN JAPIT)","JL PANAH NO 38 LINGKUNG AN 12","prelist","MEDAN PERJUANGAN","PAHLAWAN","LINGKUNGAN 12","","","C. Industri Pengolahan","SBR"],
    ["54695","STTC","JL HOS COKROAMINOTO NO 11","prelist","MEDAN PERJUANGAN","PANDAU HILIR","LINGKUNGAN 6","","","G. Perdagangan Besar dan Eceran, Reparasi Mobil dan Sepeda Motor","SBR"],
    ["54696","LES PRIVAT","ASRAMA KOWILHAN D 2","prelist","MEDAN PERJUANGAN","SIDORAME BARAT I","LINGKUNGAN 7","","","P. Pendidikan","SBR"],
    ["54699","INDUSTRI MABEL (ALEX)","JL MESJID TAUFIK NO 89 A LK 7","prelist","MEDAN PERJUANGAN","TEGAL REJO","LINGKUNGAN 7","","","C. Industri Pengolahan","SBR"],
    ["54770","THE NEW MILLENIUM (WENDI)","JALAN GALANG NO.55","prelist","MEDAN PERJUANGAN","PANDAU HILIR","LINGKUNGAN 9","","","C. Industri Pengolahan","SBR"],
    ["54851","SERVICE GENSET (NURDIN)","JL BATU PUTIH NO 25","prelist","MEDAN PERJUANGAN","PAHLAWAN","LINGKUNGAN 14","","","C. Industri Pengolahan","SBR"],
    ["54852","TOKO ALAT LISTRIK (JAYA)","JALAN PROF HM YAMIN SH NO 546","prelist","MEDAN PERJUANGAN","PAHLAWAN","LINGKUNGAN 1","","","G. Perdagangan Besar dan Eceran, Reparasi Mobil dan Sepeda Motor","SBR"],
    ["54853","BIMBINGAN BELAJAR EUREKA","JL SIBOLGA NO 41A LINGKUNGAN 5","prelist","MEDAN PERJUANGAN","PANDAU HILIR","LINGKUNGAN 5","","","P. Pendidikan","SBR"],
    ["55012","TOKO DAVID COLLECTION","PASAR PETISAH LINGKUNGAN 12","prelist","MEDAN PERJUANGAN","SIDORAME BARAT II","LINGKUNGAN 3","","","G. Perdagangan Besar dan Eceran, Reparasi Mobil dan Sepeda Motor","SBR"],
    ["55023","WARUNG PECAL (ANA)","JL PERJUANGAN LK 19","prelist","MEDAN PERJUANGAN","SEI KERA HILIR I","LINGKUNGAN 8","","","I. Penyediaan Akomodasi dan Makan Minum","SBR"],
    ["55207","MDA AL JIHAD","JL MESSID","prelist","MEDAN PERJUANGAN","TEGAL REJO","LINGKUNGAN 4","","","P. Pendidikan","SBR"],
    ["55208","KSU TUNGGAL GANDA (MUDA)","JALAN KERUTUNG NO 12","prelist","MEDAN PERJUANGAN","PANDAU HILIR","LINGKUNGAN 1","","","K. Aktivitas Keuangan Dan Asuransi","SBR"],
    ["55285","PEMULUNG UMAR","JALAN SEHATI NO.127 LK.8","prelist","MEDAN PERJUANGAN","TEGAL REJO","LINGKUNGAN 8","","","E. Pengadaan Air, Pengelolaan Sampah, Limbah, dan Daur Ulang","SBR"],
    ["55289","ZIRO WATER SYARIAH (MARLON NABABAN)","JALAN MESJID TAUFIK NO 112 LINGKUNGAN 13","prelist","MEDAN PERJUANGAN","TEGAL REJO","LINGKUNGAN 7","","","C. Industri Pengolahan","SBR"],
    ["55434","SEMBAKO (IYAN)","JL PELITA 6 NO 19","prelist","MEDAN PERJUANGAN","TEGAL REJO","LINGKUNGAN 1","","","G. Perdagangan Besar dan Eceran, Reparasi Mobil dan Sepeda Motor","SBR"],
    ["55726","SEWA KAMR (HADI)","JL PELITA 4 NO 15","prelist","MEDAN PERJUANGAN","SIDORAME BARAT II","LINGKUNGAN 9","","","I. Penyediaan Akomodasi dan Makan Minum","SBR"],
    ["55728","GROSIR MUKLIS","JL HM SAID NO 24","prelist","MEDAN PERJUANGAN","SIDORAME BARAT I","LINGKUNGAN 6","","","G. Perdagangan Besar dan Eceran, Reparasi Mobil dan Sepeda Motor","SBR"],
    ["55752","INDOLA MOBIL","JL PROF HM YAMIN","prelist","MEDAN PERJUANGAN","SEI KERA HULU","LINGKUNGAN 3","","","G. Perdagangan Besar dan Eceran, Reparasi Mobil dan Sepeda Motor","SBR"],
    ["55757","BANDREK SAHIB I","JL PROF HM YAMIN SH NO 151 C","prelist","MEDAN PERJUANGAN","SEI KERA HILIR II","LINGKUNGAN 15","","","I. Penyediaan Akomodasi dan Makan Minum","SBR"],
    ["55784","TOKO BAJU(ANI)","JL HM SAID NO 170","prelist","MEDAN PERJUANGAN","SIDORAME BARAT I","LINGKUNGAN 1","","","G. Perdagangan Besar dan Eceran, Reparasi Mobil dan Sepeda Motor","SBR"],
    ["55785","JUALAN AIR MINERAL (RAMADANIAH)","ASRAMA KOWILHAN K 4","prelist","MEDAN PERJUANGAN","SIDORAME BARAT I","LINGKUNGAN 7","","","I. Penyediaan Akomodasi dan Makan Minum","SBR"],
    ["55786","KEVINS SCHOOL","JL RAKTAT.NO 194","prelist","MEDAN PERJUANGAN","TEGAL REJO","LINGKUNGAN 10","","","P. Pendidikan","SBR"],
    ["55793","JUALAN SARAPAN DAN MINUMAN ( NURLELA)","ASRAMA KOWILHAN K59","prelist","MEDAN PERJUANGAN","SIDORAME BARAT I","LINGKUNGAN 7","","","I. Penyediaan Akomodasi dan Makan Minum","SBR"],
    ["55816","SENA TLMB MOBIL (TUMPAL MAROJAHAN S)","JALAN RAKYAT NO 115 LINGKUNGAN 13","prelist","MEDAN PERJUANGAN","TEGAL REJO","LINGKUNGAN 13","","","H. Transportasi dan Pergudangan","SBR"],
    ["55830","JUAL BELI BESI TUA (LAMSANI)","SEI KERA HULU","prelist","MEDAN PERJUANGAN","SEI KERA HULU","LINGKUNGAN 15","","","G. Perdagangan Besar dan Eceran, Reparasi Mobil dan Sepeda Motor","SBR"],
    ["55841","BIDAN <ROSANA>","JL PENDIDIKAN","prelist","MEDAN PERJUANGAN","TEGAL REJO","LINGKUNGAN 9","","","Q. Jasa Kesehatan dan Kegiatan Sosial","SBR"],
    ["55859","JUAL MIE DAN MINUMAN","ASRAMA KOWILHAN K14 <NURAINUN>","prelist","MEDAN PERJUANGAN","SIDORAME BARAT I","LINGKUNGAN 7","","","I. Penyediaan Akomodasi dan Makan Minum","SBR"],
    ["55884","PONDOK AFRA PERCETAKAN","JL GURILLA GANG SUKA DAMAI LINGKUNGAN 4","prelist","MEDAN PERJUANGAN","SEI KERA HILIR I","LINGKUNGAN 5","","","C. Industri Pengolahan","SBR"],
    ["55893","CORPUS","JL PARAPAT NO 19","prelist","MEDAN PERJUANGAN","PANDAU HILIR","LINGKUNGAN 6","","","P. Pendidikan","SBR"],
    ["55949","SUMBER JAYA (ANDRIE)","JL MALUKU 23","prelist","MEDAN PERJUANGAN","PANDAU HILIR","LINGKUNGAN 3","","","C. Industri Pengolahan","SBR"],
    ["55981","SEWA RUMAH ( IRFAN)","JL GURILLA GG MELUR NO 4 LING 5","prelist","MEDAN PERJUANGAN","SEI KERA HILIR I","LINGKUNGAN 5","","","L. Real Estat","SBR"],
    ["56001","BENGKEL JAYA MOTOR","JL.PROF.HM.YAMIN,SH NO 173","prelist","MEDAN PERJUANGAN","SEI KERA HILIR II","LINGKUNGAN 6","","","G. Perdagangan Besar dan Eceran, Reparasi Mobil dan Sepeda Motor","SBR"],
    ["56003","TOKO ROTI (CHOCHO BAKERY)","JL PROF HM YAMIN NO 253","prelist","MEDAN PERJUANGAN","SEI KERA HILIR I","LINGKUNGAN 1","","","C. Industri Pengolahan","SBR"],
    ["56023","TOKO SEMBAKO (JAYANTA)","JALAN PELITA 4 NO 85 LK 9","prelist","MEDAN PERJUANGAN","SIDORAME BARAT II","LINGKUNGAN 9","","","G. Perdagangan Besar dan Eceran, Reparasi Mobil dan Sepeda Motor","SBR"],
    ["56027","PEMBAYARAN REKENING LISTRIK ONLINE","JL PAHLAWAN GG PERWIRA NO 2/49 MEDAN LK IV","prelist","MEDAN PERJUANGAN","PAHLAWAN","LINGKUNGAN 13","","","J. Informasi dan Komunikasi","SBR"],
    ["56031","BY WAY","JLN PROF HM YAMIN SH NO 281","prelist","MEDAN PERJUANGAN","SEI KERA HILIR II","LINGKUNGAN 10","","","G. Perdagangan Besar dan Eceran, Reparasi Mobil dan Sepeda Motor","SBR"],
    ["56032","DOLLING","JALAN PARAPAT NO 42","prelist","MEDAN PERJUANGAN","PANDAU HILIR","LINGKUNGAN 6","","","P. Pendidikan","SBR"],
    ["56042","TOKO ANEKAPANCING","JLN PROF HM YAMIN SH NO 259","prelist","MEDAN PERJUANGAN","SEI KERA HILIR I","LINGKUNGAN 1","","","G. Perdagangan Besar dan Eceran, Reparasi Mobil dan Sepeda Motor","SBR"],
    ["56058","JUAL IKAN LAGA (KARIM)","JALAN RAKYAT NO.141 LK.8","prelist","MEDAN PERJUANGAN","TEGAL REJO","LINGKUNGAN 7","","","G. Perdagangan Besar dan Eceran, Reparasi Mobil dan Sepeda Motor","SBR"],
    ["56084","PENGOLAHAN MAKANAN RUMAH SAKIT (FAISAL O NASUTION SH)","JALAN SEI KERA NO184","prelist","MEDAN PERJUANGAN","PANDAU HILIR","LINGKUNGAN 4","","","C. Industri Pengolahan","SBR"],
    ["56114","SEWA KAMAR KOST","JALAN SEJATI ASRAMA KOWILHAN K 24","prelist","MEDAN PERJUANGAN","SIDORAME BARAT I","LINGKUNGAN 9","","","I. Penyediaan Akomodasi dan Makan Minum","SBR"],
    ["56115","KEDAI KELONTONG (MARAJOHAN)","JL PASAR III NO 159","prelist","MEDAN PERJUANGAN","TEGAL REJO","LINGKUNGAN 10","","","G. Perdagangan Besar dan Eceran, Reparasi Mobil dan Sepeda Motor","SBR"],
    ["56126","FOTO PRAWEDDING (JOHAN RAMLI)","JALAN WAHIDIN NO 317 MEDAN","prelist","MEDAN PERJUANGAN","PAHLAWAN","LINGKUNGAN 11","","","M. Jasa Profesional, Ilmiah, dan Teknis","SBR"],
    ["56129","CALO SIM <DAULAT>","ASRAMA KOWILHAN K 38","prelist","MEDAN PERJUANGAN","SIDORAME BARAT I","LINGKUNGAN 7","","","S. Aktivitas Jasa Lainnya","SBR"],
    ["56137","BOTOT (R SILALAHI)","JALAN RAKYAT NO 177 LINGKUNGAN 11","prelist","MEDAN PERJUANGAN","TEGAL REJO","LINGKUNGAN 11","","","G. Perdagangan Besar dan Eceran, Reparasi Mobil dan Sepeda Motor","SBR"],
    ["56138","GUDANG (TIEK WAN)","JL PASAR 3 KOMPLEK SEHATI INDAH NO 92 RR","prelist","MEDAN PERJUANGAN","TEGAL REJO","LINGKUNGAN 9","","","I. Penyediaan Akomodasi dan Makan Minum","SBR"],
    ["56150","USAHA KAMAR KOST (ROBERT)","ASRAMA KOWILHAN K81","prelist","MEDAN PERJUANGAN","SIDORAME BARAT I","LINGKUNGAN 7","","","I. Penyediaan Akomodasi dan Makan Minum","SBR"],
    ["56151","BECAK MESIN (TAKIYAL)","ASRAMA KOWILHAN K 15","prelist","MEDAN PERJUANGAN","SIDORAME BARAT I","LINGKUNGAN 7","","","H. Transportasi dan Pergudangan","SBR"],
    ["56186","KONTRAKTOR","ASRAMA KOWILHAN H4","prelist","MEDAN PERJUANGAN","SIDORAME BARAT I","LINGKUNGAN 7","","","F. Konstruksi","SBR"],
    ["56189","LSM BAKINDO (ENRICO)","JL PERMAI GG AMAL NO 1","prelist","MEDAN PERJUANGAN","SIDORAME TIMUR","LINGKUNGAN 14","","","S. Aktivitas Jasa Lainnya","SBR"],
    ["56329","TOKO SEMBAKO SUKMA","JLN MESJID TAUFIK NO 43 LINK 12","prelist","MEDAN PERJUANGAN","TEGAL REJO","LINGKUNGAN 6","","","G. Perdagangan Besar dan Eceran, Reparasi Mobil dan Sepeda Motor","SBR"],
    ["56550","RM RESTU BUNDO","JALAN RAKYAT NO 67 E","prelist","MEDAN PERJUANGAN","SIDORAME TIMUR","LINGKUNGAN 12","","","I. Penyediaan Akomodasi dan Makan Minum","SBR"],
    ["56573","PEMBUATAN ROTI BASAH (LIM)","JLN MALAKA NO 162 A","prelist","MEDAN PERJUANGAN","PANDAU HILIR","LINGKUNGAN 7","","","C. Industri Pengolahan","SBR"],
    ["56665","TOKO ROTI (JOFIE)","JL PROF HM YAMIN SH NO 574 B","prelist","MEDAN PERJUANGAN","PAHLAWAN","LINGKUNGAN 1","","","G. Perdagangan Besar dan Eceran, Reparasi Mobil dan Sepeda Motor","SBR"],
    ["56666","TOKO KASET MGM","JL THAMRIN 57 A","prelist","MEDAN PERJUANGAN","PANDAU HILIR","LINGKUNGAN 3","","","G. Perdagangan Besar dan Eceran, Reparasi Mobil dan Sepeda Motor","SBR"],
    ["56718","PUSAT KURSUS BAHASA MANDARIN QING YU","JALAN MAHONI MAS BLOK C NOMOR 6","prelist","MEDAN PERJUANGAN","SIDORAME BARAT I","LINGKUNGAN 14","","","P. Pendidikan","SBR"],
    ["56719","JUALAN KEDAI SAMPAH (SITI ARMILA)","JL MADIO UTOMO GG KETAPANG NO 18 LIK 3","prelist","MEDAN PERJUANGAN","TEGAL REJO","LINGKUNGAN 3","","","G. Perdagangan Besar dan Eceran, Reparasi Mobil dan Sepeda Motor","SBR"],
    ["56720","TOKO BAJU (AGUS)","JL RAKYAT","prelist","MEDAN PERJUANGAN","TEGAL REJO","LINGKUNGAN 13","","","G. Perdagangan Besar dan Eceran, Reparasi Mobil dan Sepeda Motor","SBR"],
    ["56721","BECAK BERMOTOR (MANASIL)","JALAN RAKYAT NO.159 LK.8","prelist","MEDAN PERJUANGAN","TEGAL REJO","LINGKUNGAN 8","","","H. Transportasi dan Pergudangan","SBR"],
    ["56722","JUAL BELI KERETA BARU /BEKAS (SUMADI)","JALAN PROF HM YAMIN SH NOMOR 247","prelist","MEDAN PERJUANGAN","SEI KERA HILIR II","LINGKUNGAN 10","","","G. Perdagangan Besar dan Eceran, Reparasi Mobil dan Sepeda Motor","SBR"],
    ["56727","HAWA PERFUME","JL SENTOSA LAMA NO.26","prelist","MEDAN PERJUANGAN","SEI KERA HULU","LINGKUNGAN 9","","","G. Perdagangan Besar dan Eceran, Reparasi Mobil dan Sepeda Motor","SBR"],
    ["56746","MEMINJAMKAN UANG (YUSMINA)","ASRAMA KOWILHAN K 38","prelist","MEDAN PERJUANGAN","SIDORAME BARAT I","LINGKUNGAN 7","","","K. Aktivitas Keuangan Dan Asuransi","SBR"],
    ["56748","TUKANG PARKIR (BAKAR)","ASRAMA KOWILHAN K 82","prelist","MEDAN PERJUANGAN","SIDORAME BARAT I","LINGKUNGAN 7","","","H. Transportasi dan Pergudangan","SBR"],
    ["56753","DARA LAUNDRY (IRMA)","JALAN PIMPINAN NO 14","prelist","MEDAN PERJUANGAN","SEI KERA HILIR I","LINGKUNGAN 6","","","S. Aktivitas Jasa Lainnya","SBR"],
    ["56778","WARUNG KOPI (VINA)","MAPILINDO","prelist","MEDAN PERJUANGAN","SIDORAME BARAT I","LINGKUNGAN 11","","","I. Penyediaan Akomodasi dan Makan Minum","SBR"],
    ["56789","KARTU PAKET DATA INTERNET (ARUL)","IL CENDERAWASI NO 12","prelist","MEDAN PERJUANGAN","SIDORAME TIMUR","LINGKUNGAN 10","","","J. Informasi dan Komunikasi","SBR"],
    ["56790","LOKET PEMBAYARAN LISTRIK AIR","JALAN GALANG","prelist","MEDAN PERJUANGAN","PANDAU HILIR","LINGKUNGAN 8","","","D. Pengadaan Listrik, Gas, Uap/Air Panas, dan Udara Dingin","SBR"],
    ["56791","ALAM INDAH KOSMETIK","JLN MALAKA NO 148","prelist","MEDAN PERJUANGAN","PANDAU HILIR","LINGKUNGAN 7","","","G. Perdagangan Besar dan Eceran, Reparasi Mobil dan Sepeda Motor","SBR"],
    ["56792","PRAKTEK DOKTER DIANA","JL MADONG LUBIS NO 39","prelist","MEDAN PERJUANGAN","PANDAU HILIR","LINGKUNGAN 8","","","Q. Jasa Kesehatan dan Kegiatan Sosial","SBR"],
    ["56803","SOLUSI","JL PROF HM YAMIN NO 225E","prelist","MEDAN PERJUANGAN","SEI KERA HILIR I","LINGKUNGAN 1","","","G. Perdagangan Besar dan Eceran, Reparasi Mobil dan Sepeda Motor","SBR"],
    ["56804","TOKO ELEKTRONIK (SURYA JAYA)","JALAN PROF HM YAMIN SH NO 520 MEDAN","prelist","MEDAN PERJUANGAN","PAHLAWAN","LINGKUNGAN 1","","","G. Perdagangan Besar dan Eceran, Reparasi Mobil dan Sepeda Motor","SBR"],
    ["56807","KLINIK GIGI (LELY)","JL PROF M YAMIN GG PINANG NO 12 MEDAN","prelist","MEDAN PERJUANGAN","SEI KERA HULU","LINGKUNGAN 3","","","Q. Jasa Kesehatan dan Kegiatan Sosial","SBR"],
    ["56808","KANTOR NOTARIS <ERWANSYAH>","JALAN HM YAMIN KOMPLEK SERDANG MAS C1","prelist","MEDAN PERJUANGAN","SEI KERA HULU","LINGKUNGAN 5","","","M. Jasa Profesional, Ilmiah, dan Teknis","SBR"],
    ["56813","TUKANG BECAK (DEDY)","GG KADHI LK 3","prelist","MEDAN PERJUANGAN","TEGAL REJO","LINGKUNGAN 3","","","H. Transportasi dan Pergudangan","SBR"],
    ["56928","FOTO COPY DAN ATK (ANITA)","JL PANGLIMA DENAL NO 113","prelist","MEDAN PERJUANGAN","SEI KERA HILIR I","LINGKUNGAN 1","","","N. Jasa Persewaan, Ketenagakerjaan, Agen Perjalanan, dan Jasa Pendukung","SBR"],
    ["57128","TUKANG BECAK (GANDA)","JL KERIS NO 27","prelist","MEDAN PERJUANGAN","PAHLAWAN","LINGKUNGAN 8","","","H. Transportasi dan Pergudangan","SBR"],
    ["57168","PRAKTEK DOKTER GIGI (LENI HADI)","JL MADONG LUBIS NO II DD LINGKUNGAN 5","prelist","MEDAN PERJUANGAN","PANDAU HILIR","LINGKUNGAN 8","","","Q. Jasa Kesehatan dan Kegiatan Sosial","SBR"],
    ["57185","USAHA JUAL GAS ELPIJI (MARASI)","JL PASAR III NO 175 D","prelist","MEDAN PERJUANGAN","TEGAL REJO","LINGKUNGAN 10","","","G. Perdagangan Besar dan Eceran, Reparasi Mobil dan Sepeda Motor","SBR"],
    ["57201","WARTAWAN","ASRAMA KOWILHAN","prelist","MEDAN PERJUANGAN","SIDORAME BARAT I","LINGKUNGAN 7","","","S. Aktivitas Jasa Lainnya","SBR"],
    ["57213","YAYASAN KASIH IBU( NUR HASNA PURBA)","JL PAHLAWAN NO 63 LIN GKUNGAN 12","prelist","MEDAN PERJUANGAN","PAHLAWAN","LINGKUNGAN 12","","","N. Jasa Persewaan, Ketenagakerjaan, Agen Perjalanan, dan Jasa Pendukung","SBR"],
    ["57702","WARUNG AYAM PENYET (HABIBI)","JL PASAR 2 MARELAN","prelist","MEDAN PERJUANGAN","TEGAL REJO","LINGKUNGAN 2","","","I. Penyediaan Akomodasi dan Makan Minum","SBR"],
    ["57707","KUMON (LILIWATY)","JL THAMRIN 143/57 C","prelist","MEDAN PERJUANGAN","PANDAU HILIR","LINGKUNGAN 3","","","P. Pendidikan","SBR"],
    ["57753","KEDAI KELONTONG (RIZKI)","JALAN PELITA 1 NOMOR 85","prelist","MEDAN PERJUANGAN","SIDORAME BARAT II","LINGKUNGAN 4","","","G. Perdagangan Besar dan Eceran, Reparasi Mobil dan Sepeda Motor","SBR"],
    ["57759","KACA ALUMINIUM","JL PALEMBANG NO 12 LINGKUNGAN 5","prelist","MEDAN PERJUANGAN","PANDAU HILIR","LINGKUNGAN 5","","","G. Perdagangan Besar dan Eceran, Reparasi Mobil dan Sepeda Motor","SBR"],
    ["57897","TOKO SARINGAN AIR (HASAN)","JL PROF HM YAMIN NO 243","prelist","MEDAN PERJUANGAN","SEI KERA HILIR II","LINGKUNGAN 9","","","G. Perdagangan Besar dan Eceran, Reparasi Mobil dan Sepeda Motor","SBR"],
    ["57921","PABRIK ROTI AROMA LARIS (SULAIMAN LIPUTRA)","JL LEMBING NO 3 LINGKUNGAN 12","prelist","MEDAN PERJUANGAN","PAHLAWAN","LINGKUNGAN 12","","","C. Industri Pengolahan","SBR"],
    ["57928","STANDARD COURSE","JLN PROF HM YAMIN SH NO 253","prelist","MEDAN PERJUANGAN","SEI KERA HILIR I","LINGKUNGAN 1","","","P. Pendidikan","SBR"],
    ["57931","PENJAHIT PAKAIAN (ROS)","JL AMALIUN GANG KYIAB NO 9","prelist","MEDAN PERJUANGAN","SEI KERA HILIR II","LINGKUNGAN 2","","","C. Industri Pengolahan","SBR"],
    ["57937","PENJUAL PULSA (DESSY)","JALAN PIMPINAN NO 127 LINK 13","prelist","MEDAN PERJUANGAN","SEI KERA HILIR I","LINGKUNGAN 13","","","J. Informasi dan Komunikasi","SBR"],
    ["58661","JUAL BESI TUA (SYAMSUL BAHRI)","JL PAHLAWAN GG LUMUMBA NO 41","prelist","MEDAN PERJUANGAN","PAHLAWAN","LINGKUNGAN 5","","","G. Perdagangan Besar dan Eceran, Reparasi Mobil dan Sepeda Motor","SBR"],
    ["58681","JUAL SEMBAKO DAN ALAT TULIS","ASRAMA GLUGUR HONG BLOK BATU NOMOR 12","prelist","MEDAN PERJUANGAN","SIDORAME BARAT I","LINGKUNGAN 11","","","G. Perdagangan Besar dan Eceran, Reparasi Mobil dan Sepeda Motor","SBR"],
    ["58688","TUKANG JAHIT (MURNI)","JL M YACUB NO 41","prelist","MEDAN PERJUANGAN","SEI KERA HILIR I","LINGKUNGAN 2","","","C. Industri Pengolahan","SBR"],
    ["58689","TUTOR EDUCATION (FEBRI)","JL MALAKA 30-32","prelist","MEDAN PERJUANGAN","PANDAU HILIR","LINGKUNGAN 3","","","P. Pendidikan","SBR"],
    ["58692","TAMAN KANAK KANAK","JALAN SETIA JADI KOMPLEK ALBARAKAH","prelist","MEDAN PERJUANGAN","TEGAL REJO","LINGKUNGAN 15","","","P. Pendidikan","SBR"],
    ["58697","JAJANAN ANAK ANAK (KUSBIARTINI)","ASRAMA KOWILHAN K 58","prelist","MEDAN PERJUANGAN","SIDORAME BARAT I","LINGKUNGAN 7","","","G. Perdagangan Besar dan Eceran, Reparasi Mobil dan Sepeda Motor","SBR"],
    ["58698","TOKO KACA (KACA SAKTI)","JL PROF HM YAMIN SH","prelist","MEDAN PERJUANGAN","PAHLAWAN","LINGKUNGAN 1","","","G. Perdagangan Besar dan Eceran, Reparasi Mobil dan Sepeda Motor","SBR"],
    ["58710","KOPERASI SERBA USAHA (PARULIAN)","JL. PERJUANGAN GG ROMA NO 51 A","prelist","MEDAN PERJUANGAN","SIDORAME TIMUR","LINGKUNGAN 10","","","K. Aktivitas Keuangan Dan Asuransi","SBR"],
    ["58716","PRAKTEK DOKTER <HERMAN>","JL HDS COKROAMINOTO NO 115","prelist","MEDAN PERJUANGAN","PANDAU HILIR","LINGKUNGAN 7","","","Q. Jasa Kesehatan dan Kegiatan Sosial","SBR"],
    ["58725","SUPIR BUS","ASRAMA KOWILHAN D4","prelist","MEDAN PERJUANGAN","SIDORAME BARAT I","LINGKUNGAN 7","","","H. Transportasi dan Pergudangan","SBR"],
    ["58807","OKTORYO FASHION","PUSAT PASAR LT 2 NO 88 LK 4","prelist","MEDAN PERJUANGAN","PANDAU HILIR","LINGKUNGAN 1","","","C. Industri Pengolahan","SBR"],
    ["58984","JUALAN SABUN(LIDIA)","JL PENDIDIKAN","prelist","MEDAN PERJUANGAN","TEGAL REJO","LINGKUNGAN 9","","","C. Industri Pengolahan","SBR"],
    ["59067","TOKO ULOS (YENY)","PASAR PETISAH LINGKUNGAN 12","prelist","MEDAN PERJUANGAN","SIDORAME BARAT I","LINGKUNGAN 7","","","G. Perdagangan Besar dan Eceran, Reparasi Mobil dan Sepeda Motor","SBR"],
    ["59262","BENGKEL MOTOR (JAYA M MOTOR)","JALAN PRAJURIT NO 16","prelist","MEDAN PERJUANGAN","SIDORAME BARAT I","LINGKUNGAN 11","","","G. Perdagangan Besar dan Eceran, Reparasi Mobil dan Sepeda Motor","SBR"],
    ["59280","JUALAN SEPATU","ASRAMA KOWILHAN H5","prelist","MEDAN PERJUANGAN","SIDORAME BARAT I","LINGKUNGAN 7","","","G. Perdagangan Besar dan Eceran, Reparasi Mobil dan Sepeda Motor","SBR"],
    ["59281","KOPERASI MEMINJAMKAN UANG (GUSTAULI)","ASRAMA KOWILHAN H 1","prelist","MEDAN PERJUANGAN","SIDORAME BARAT I","LINGKUNGAN 7","","","K. Aktivitas Keuangan Dan Asuransi","SBR"],
    ["59296","WATER AIR (GULTOM)","JALAN RAKYAT NO 187 LLINGKUNGAN 11","prelist","MEDAN PERJUANGAN","TEGAL REJO","LINGKUNGAN 11","","","C. Industri Pengolahan","SBR"],
    ["59307","USAHA KAMAR KOST","JALAN SEJATI NO 11/13","prelist","MEDAN PERJUANGAN","SIDORAME BARAT I","LINGKUNGAN 9","","","I. Penyediaan Akomodasi dan Makan Minum","SBR"],
    ["59309","SEWA KAMAR KOST (LISBET)","ASRAMA KOWILHAN SATU JALAN SEJATI 19A","prelist","MEDAN PERJUANGAN","SIDORAME BARAT I","LINGKUNGAN 9","","","I. Penyediaan Akomodasi dan Makan Minum","SBR"],
    ["59320","PANGKALAN GAS HOPKAR","JALAN MAPILINDO","prelist","MEDAN PERJUANGAN","SIDORAME BARAT I","LINGKUNGAN 11","","","G. Perdagangan Besar dan Eceran, Reparasi Mobil dan Sepeda Motor","SBR"],
    ["59687","KEDAI KOPI (WATI)","JL.T PAPAN GG REZEKI LINGKUNGAN 12","prelist","MEDAN PERJUANGAN","SEI KERA HULU","LINGKUNGAN 11","","","I. Penyediaan Akomodasi dan Makan Minum","SBR"],
    ["59728","DE SPA","JLN MALAKA NO 136","prelist","MEDAN PERJUANGAN","PANDAU HILIR","LINGKUNGAN 7","","","S. Aktivitas Jasa Lainnya","SBR"],
    ["59729","BS LEARNING CENTRE","JLTHAMRIN 115/270","prelist","MEDAN PERJUANGAN","PANDAU HILIR","LINGKUNGAN 3","","","P. Pendidikan","SBR"],
    ["59766","KOS KOSAN (SUNWERVIN HUTABARAT)","JLN SETIA JADI NO 33 LINK 14","prelist","MEDAN PERJUANGAN","TEGAL REJO","LINGKUNGAN 14","","","I. Penyediaan Akomodasi dan Makan Minum","SBR"],
    ["59780","JUAL MAINAN ANAK (A FOAK)","JL PASAR 3 KOMPLEK SEHATI INDAH NO 88 KK","prelist","MEDAN PERJUANGAN","TEGAL REJO","LINGKUNGAN 9","","","G. Perdagangan Besar dan Eceran, Reparasi Mobil dan Sepeda Motor","SBR"],
    ["59781","SEWA KAMAR","ASRAMA KOWLHAN H2","prelist","MEDAN PERJUANGAN","SIDORAME BARAT I","LINGKUNGAN 7","","","I. Penyediaan Akomodasi dan Makan Minum","SBR"],
    ["59789","DOORSMER (IRVANSYAH)","ASRAMA KOWILHAN K 58","prelist","MEDAN PERJUANGAN","SEI KERA HILIR II","LINGKUNGAN 9","","","G. Perdagangan Besar dan Eceran, Reparasi Mobil dan Sepeda Motor","SBR"],
    ["59795","KANTIN KPP PAJAK (ABDUL KHALIK)","JALAN SEI KERA NO 286","prelist","MEDAN PERJUANGAN","SEI KERA HULU","LINGKUNGAN 10","","","I. Penyediaan Akomodasi dan Makan Minum","SBR"],
    ["59796","APOTIK MAKMUR","JL MADONG LUBIS NO.76","prelist","MEDAN PERJUANGAN","PANDAU HILIR","LINGKUNGAN 6","","","G. Perdagangan Besar dan Eceran, Reparasi Mobil dan Sepeda Motor","SBR"],
    ["59802","BRAM WATER DEPOT (RAMSON PURBA)","JL.MADIO UTOMO","prelist","MEDAN PERJUANGAN","TEGAL REJO","LINGKUNGAN 3","","","C. Industri Pengolahan","SBR"],
    ["59954","RUMAH PELITA","JALAN PELITA 3","prelist","MEDAN PERJUANGAN","SIDORAME BARAT I","LINGKUNGAN 2","","","I. Penyediaan Akomodasi dan Makan Minum","SBR"],
    ["59955","BENGKEL LAS (DONNY)","JL PASAR 3 LING 9","prelist","MEDAN PERJUANGAN","TEGAL REJO","LINGKUNGAN 11","","","C. Industri Pengolahan","SBR"],
    ["59957","DEPOT AIR MINUM ALBA ROKAH (HAMBALI)","JALAN SENTOSA NO 31 LINGKUNGAN 12","prelist","MEDAN PERJUANGAN","SEI KERA HILIR II","LINGKUNGAN 12","","","C. Industri Pengolahan","SBR"],
    ["59958","TOKO FURNITURE NZA","JLN RAKYAT NO 123 LINK 12","prelist","MEDAN PERJUANGAN","TEGAL REJO","LINGKUNGAN 13","","","G. Perdagangan Besar dan Eceran, Reparasi Mobil dan Sepeda Motor","SBR"],
    ["59967","AYAM POTONG","JL MARTINUS LUBIS 4L LINGKUNGAN II","prelist","MEDAN PERJUANGAN","PANDAU HILIR","LINGKUNGAN 2","","","G. Perdagangan Besar dan Eceran, Reparasi Mobil dan Sepeda Motor","SBR"],
    ["59968","TOKO ARSENAL SPORT","JL PROF HM YAMIN SH NO 494","prelist","MEDAN PERJUANGAN","PAHLAWAN","LINGKUNGAN 1","","","G. Perdagangan Besar dan Eceran, Reparasi Mobil dan Sepeda Motor","SBR"],
    ["60129","RUMAH KOS KOSAN SABAR SITUNGKIR","JALAN GEREJA LORONG SEPAKAT LK II","prelist","MEDAN PERJUANGAN","SIDORAME TIMUR","LINGKUNGAN 2","","","I. Penyediaan Akomodasi dan Makan Minum","SBR"],
    ["60363","PERCETAKAN ANEKA CIPTASURYA PERSADA PLASINDO","JL. COKRO AMINOTO NO. 241","prelist","MEDAN PERJUANGAN","SEI KERA HULU","LINGKUNGAN 13","","","C. Industri Pengolahan","SBR"],
    ["60400","OYO SUTOMO INN","SUTOMO NO. 29D","prelist","MEDAN PERJUANGAN","PANDAU HILIR","LINGKUNGAN 1","","","I. Penyediaan Akomodasi dan Makan Minum","SBR"],
    ["60466","TEKNIKA JAYA INDONESIA","JL. PELITA VI LK. IX","prelist","MEDAN PERJUANGAN","TEGAL REJO","LINGKUNGAN 1","","","G. Perdagangan Besar dan Eceran, Reparasi Mobil dan Sepeda Motor","SBR"],
    ["60473","IMMANUEL MINISTRY","JL.MAPILINDO NO.56, TEGAL REJO","prelist","MEDAN PERJUANGAN","TEGAL REJO","LINGKUNGAN 1","","","P. Pendidikan","SBR"],
    ["60491","AB. ELECTRONICS","JL GURILLA GANG SETIA","prelist","MEDAN PERJUANGAN","SEI KERA HILIR I","LINGKUNGAN 3","","","G. Perdagangan Besar dan Eceran, Reparasi Mobil dan Sepeda Motor","SBR"],
    ["60499","SUMATERA SIBERIA KOMPANIYA","JL PROF HM YAMIN SH","prelist","MEDAN PERJUANGAN","SEI KERA HILIR II","LINGKUNGAN 1","","","G. Perdagangan Besar dan Eceran, Reparasi Mobil dan Sepeda Motor","SBR"],
    ["60503","TAMAN HARAPAN JAYA ABADI","JL. IBRAHIM UMAR","prelist","MEDAN PERJUANGAN","SEI KERA HILIR II","LINGKUNGAN 8","","","P. Pendidikan","SBR"],
    ["60506","SERASI","JL.PELITA IV NO.15 KP DURIAN, SIDORAME BARAT I","prelist","MEDAN PERJUANGAN","SIDORAME BARAT II","LINGKUNGAN 9","","","S. Aktivitas Jasa Lainnya","SBR"],
    ["60517","MITRA KOKO ABADI","JL M H THAMRIN","prelist","MEDAN PERJUANGAN","PANDAU HILIR","LINGKUNGAN 3","","","G. Perdagangan Besar dan Eceran, Reparasi Mobil dan Sepeda Motor","SBR"],
    ["60596","EKA MAKMUR JAYA","JL BINTANG","prelist","MEDAN PERJUANGAN","PANDAU HILIR","LINGKUNGAN 1","","","G. Perdagangan Besar dan Eceran, Reparasi Mobil dan Sepeda Motor","SBR"],
    ["60606","MEDAN TOP INDONESIA","JL PASAR III","prelist","MEDAN PERJUANGAN","TEGAL REJO","LINGKUNGAN 11","","","C. Industri Pengolahan","SBR"],
    ["60622","KREASINDO SECURITY SOLUTION","JL. SELAR","prelist","MEDAN PERJUANGAN","SEI KERA HULU","LINGKUNGAN 15","","","N. Jasa Persewaan, Ketenagakerjaan, Agen Perjalanan, dan Jasa Pendukung","SBR"],
    ["60629","BUDI SENTOSA","JL PERJUANGAN, SIDORAME TIMUR","prelist","MEDAN PERJUANGAN","SIDORAME TIMUR","LINGKUNGAN 8","","","M. Jasa Profesional, Ilmiah, dan Teknis","SBR"],
    ["60662","PURNA GRAHA UTAMA","JL.RAKYAT NO.109, SIDORAME TIMUR","prelist","MEDAN PERJUANGAN","SIDORAME TIMUR","LINGKUNGAN 15","","","F. Konstruksi","SBR"],
    ["60684","ASMAWATI","JL M TAUFIK GG SARJANA","prelist","MEDAN PERJUANGAN","TEGAL REJO","LINGKUNGAN 5","","","G. Perdagangan Besar dan Eceran, Reparasi Mobil dan Sepeda Motor","SBR"],
    ["60696","STEDY DAMAI MADINA","PASAR III","prelist","MEDAN PERJUANGAN","TEGAL REJO","LINGKUNGAN 9","","","C. Industri Pengolahan","SBR"],
    ["60727","MAS MASITA AUTO DARAT","JL. PERJUANGAN GG. AMAL NO.17, SEI KERA HILIR I","prelist","MEDAN PERJUANGAN","SEI KERA HILIR I","LINGKUNGAN 4","","","G. Perdagangan Besar dan Eceran, Reparasi Mobil dan Sepeda Motor","SBR"],
    ["60730","PUTRA PURBA GASINDO","JL. MESJID TAUFIK","prelist","MEDAN PERJUANGAN","TEGAL REJO","LINGKUNGAN 4","","","G. Perdagangan Besar dan Eceran, Reparasi Mobil dan Sepeda Motor","SBR"],
    ["60738","NIRWANA INDAH HOLIDAY","JL MAPILINDO","prelist","MEDAN PERJUANGAN","TEGAL REJO","LINGKUNGAN 13","","","N. Jasa Persewaan, Ketenagakerjaan, Agen Perjalanan, dan Jasa Pendukung","SBR"],
    ["60763","BUNGA INDAH","JL.IBRAHIM UMAR GG.RAHMAD NO.2, SEI KERA HILIR I","prelist","MEDAN PERJUANGAN","SEI KERA HILIR I","LINGKUNGAN 7","","","G. Perdagangan Besar dan Eceran, Reparasi Mobil dan Sepeda Motor","SBR"],
    ["60779","REZEKI ANUGERAH SWASTIKA","JL FLORES","prelist","MEDAN PERJUANGAN","PANDAU HILIR","LINGKUNGAN 2","","","H. Transportasi dan Pergudangan","SBR"],
    ["60786","HARRYANTO PERDANA MENTARI","JL PELITA II","prelist","MEDAN PERJUANGAN","SIDORAME BARAT II","LINGKUNGAN 4","","","I. Penyediaan Akomodasi dan Makan Minum","SBR"],
    ["60813","PRIMA TANGKI INDONESIA","JL RENCONG","prelist","MEDAN PERJUANGAN","PAHLAWAN","LINGKUNGAN 9","","","G. Perdagangan Besar dan Eceran, Reparasi Mobil dan Sepeda Motor","SBR"],
    ["60847","RORA ALAM NUSANTARA","SETIA JADI KOMPLEK SETIA JADI","prelist","MEDAN PERJUANGAN","TEGAL REJO","LINGKUNGAN 15","","","G. Perdagangan Besar dan Eceran, Reparasi Mobil dan Sepeda Motor","SBR"],
    ["60851","TK AISYIYAH BUSTANUL ATHFAL 25","JLPELITA II","prelist","MEDAN PERJUANGAN","SIDORAME BARAT I","LINGKUNGAN 3","","","P. Pendidikan","SBR"],
    ["60904","WAHANA MANDIRI","JL.SEJATI D-7 ASR.KOWILHAN I, SIDORAME BARAT I","prelist","MEDAN PERJUANGAN","SIDORAME BARAT I","LINGKUNGAN 9","","","F. Konstruksi","SBR"],
    ["60917","REJEKI FAJAR","JL PELITA I","prelist","MEDAN PERJUANGAN","SIDORAME BARAT II","LINGKUNGAN 5","","","G. Perdagangan Besar dan Eceran, Reparasi Mobil dan Sepeda Motor","SBR"],
    ["60927","JAYA LIMARIBU","JL MALAKA","prelist","MEDAN PERJUANGAN","PANDAU HILIR","LINGKUNGAN 5","","","G. Perdagangan Besar dan Eceran, Reparasi Mobil dan Sepeda Motor","SBR"],
    ["60936","BUKIT MAS ENGINERING","JL KAMPER MAS","prelist","MEDAN PERJUANGAN","SIDORAME BARAT I","LINGKUNGAN 7","","","G. Perdagangan Besar dan Eceran, Reparasi Mobil dan Sepeda Motor","SBR"],
    ["60978","SAMUDERA ASAHAN","JL.PROF HM YAMIN SH NO.147 LK XV, SEI KERA HILIR II","prelist","MEDAN PERJUANGAN","SEI KERA HILIR II","LINGKUNGAN 15","","","G. Perdagangan Besar dan Eceran, Reparasi Mobil dan Sepeda Motor","SBR"],
    ["61019","RISERINDO","PROF HM YAMIN NO 300 RT.0 RW.0, SEI KERA HILIR II","prelist","MEDAN PERJUANGAN","SEI KERA HILIR II","LINGKUNGAN 11","","","G. Perdagangan Besar dan Eceran, Reparasi Mobil dan Sepeda Motor","SBR"],
    ["61032","BANK PASAR KODYA MEDAN","JL.DURIAN NO.2-H, DURIAN","prelist","MEDAN PERJUANGAN","SIDORAME BARAT I","LINGKUNGAN 4","","","K. Aktivitas Keuangan Dan Asuransi","SBR"],
    ["61042","POKMAS ANTARA","JALAN SENTOSA LAMA GG ANTARA","prelist","MEDAN PERJUANGAN","SEI KERA HULU","LINGKUNGAN 19","","","A. Pertanian, Kehutanan, dan Perikanan","SBR"],
    ["61044","SAMBIROTO LARAS SEJAHTERA","JL.DWIKORA NO.38, TEGAL REJO","prelist","MEDAN PERJUANGAN","TEGAL REJO","LINGKUNGAN 2","","","H. Transportasi dan Pergudangan","SBR"],
    ["61081","MITRA ROYAL SENTOSA","JL SERAM DALAM NO 86S","prelist","MEDAN PERJUANGAN","PANDAU HILIR","LINGKUNGAN 2","","","G. Perdagangan Besar dan Eceran, Reparasi Mobil dan Sepeda Motor","SBR"],
    ["61095","MANGASI","JL.DOROWATI GG.WONGSO NO.27 MEDAN, SIDORAME BARAT I","prelist","MEDAN PERJUANGAN","SIDORAME BARAT I","LINGKUNGAN 9","","","G. Perdagangan Besar dan Eceran, Reparasi Mobil dan Sepeda Motor","SBR"],
    ["61096","SETIA KARYA SEJATI","JL.SEI KERA NO.275-B, PAHLAWAN","prelist","MEDAN PERJUANGAN","SEI KERA HULU","LINGKUNGAN 6","","","G. Perdagangan Besar dan Eceran, Reparasi Mobil dan Sepeda Motor","SBR"],
    ["61099","WINDA MESTIKA ALAM","JL.IBRAHIM UMAR GG.NIKMAT 1-F, SEI KERA HILIR I","prelist","MEDAN PERJUANGAN","SEI KERA HILIR I","LINGKUNGAN 7","","","F. Konstruksi","SBR"],
    ["61161","DEYANA ENERGI JAYA","JL PELITA IV","prelist","MEDAN PERJUANGAN","SIDORAME BARAT II","LINGKUNGAN 9","","","G. Perdagangan Besar dan Eceran, Reparasi Mobil dan Sepeda Motor","SBR"],
    ["61206","KENANGAN","JL.PROF.H.M.YAMIN.SH NO.23-B, PAHLAWAN","prelist","MEDAN PERJUANGAN","SEI KERA HILIR II","LINGKUNGAN 2","","","G. Perdagangan Besar dan Eceran, Reparasi Mobil dan Sepeda Motor","SBR"],
    ["61211","SILATURRAHMI WARTAWAN INDONESIA","JL.HM SAID GG.YAHYA NO.48, GAHARU","prelist","MEDAN PERJUANGAN","SIDORAME BARAT I","LINGKUNGAN 5","","","S. Aktivitas Jasa Lainnya","SBR"],
    ["61260","SEMESTA PERMATA PRIMA","JL GALANG","prelist","MEDAN PERJUANGAN","PANDAU HILIR","LINGKUNGAN 8","","","F. Konstruksi","SBR"],
    ["61269","BUDI","JL.SEI KERA GG.REZEKI-E NO.3, SEI KERA HILIR II","prelist","MEDAN PERJUANGAN","SEI KERA HULU","LINGKUNGAN 11","","","G. Perdagangan Besar dan Eceran, Reparasi Mobil dan Sepeda Motor","SBR"],
    ["61286","DELI MUDA INDAH","JL HOS COKROAMINOTO","prelist","MEDAN PERJUANGAN","SEI KERA HULU","LINGKUNGAN 15","","","G. Perdagangan Besar dan Eceran, Reparasi Mobil dan Sepeda Motor","SBR"],
    ["61338","HARMONI MAHARDIKA INDAH","JL KERIS","prelist","MEDAN PERJUANGAN","PAHLAWAN","LINGKUNGAN 8","","","G. Perdagangan Besar dan Eceran, Reparasi Mobil dan Sepeda Motor","SBR"],
    ["61360","ANIISAH","JL PASAR III GANG ENGGANG","prelist","MEDAN PERJUANGAN","TEGAL REJO","LINGKUNGAN 11","","","F. Konstruksi","SBR"],
    ["61361","J & F ENGINEERING","JL PAHLAWAN","prelist","MEDAN PERJUANGAN","PAHLAWAN","LINGKUNGAN 13","","","G. Perdagangan Besar dan Eceran, Reparasi Mobil dan Sepeda Motor","SBR"],
    ["61378","RIANTO AGRO SEMESTA","JL PASAR III","prelist","MEDAN PERJUANGAN","TEGAL REJO","LINGKUNGAN 11","","","G. Perdagangan Besar dan Eceran, Reparasi Mobil dan Sepeda Motor","SBR"],
    ["61389","DIVA DAVA YUZA","JL RAKYAT GG PIPIT","prelist","MEDAN PERJUANGAN","SIDORAME TIMUR","LINGKUNGAN 7","","","F. Konstruksi","SBR"],
    ["61415","INDONESIA BEBAS SAMPAH","JL GURILLA","prelist","MEDAN PERJUANGAN","SEI KERA HILIR I","LINGKUNGAN 5","","","E. Pengadaan Air, Pengelolaan Sampah, Limbah, dan Daur Ulang","SBR"],
    ["61440","TORR NAHAPALL","JL.PASAR III G.ENGGANG NO.11, TEGAL REJO","prelist","MEDAN PERJUANGAN","TEGAL REJO","LINGKUNGAN 11","","","F. Konstruksi","SBR"],
    ["61469","KEBAYORAN UTAMA","JL.RENCONG NO.52, SEI KERA HULU","prelist","MEDAN PERJUANGAN","PAHLAWAN","LINGKUNGAN 9","","","G. Perdagangan Besar dan Eceran, Reparasi Mobil dan Sepeda Motor","SBR"],
    ["61485","PERDANA KARYA","JL. SETIAJADI NO. 11 A, TEGAL REJO","prelist","MEDAN PERJUANGAN","TEGAL REJO","LINGKUNGAN 15","","","G. Perdagangan Besar dan Eceran, Reparasi Mobil dan Sepeda Motor","SBR"],
    ["61510","SURYA INTI MEGAH LESTARI","JL.PROF.H.M.YAMIN.SH NO.350, PAHLAWAN","prelist","MEDAN PERJUANGAN","SEI KERA HULU","LINGKUNGAN 9","","","G. Perdagangan Besar dan Eceran, Reparasi Mobil dan Sepeda Motor","SBR"],
    ["61515","TPQ AISYIYAH 07 SIDORAME BARAT","JL PELITA II NO.5","prelist","MEDAN PERJUANGAN","SIDORAME BARAT I","LINGKUNGAN 3","","","P. Pendidikan","SBR"],
    ["61546","DASILA MAJU","JL DURIAN/HM SAID","prelist","MEDAN PERJUANGAN","SIDORAME BARAT I","LINGKUNGAN 3","","","G. Perdagangan Besar dan Eceran, Reparasi Mobil dan Sepeda Motor","SBR"],
    ["61556","WIJAYA KUSUMA CONSULTANCY SERVICES","JL. PASAR III","prelist","MEDAN PERJUANGAN","TEGAL REJO","LINGKUNGAN 11","","","G. Perdagangan Besar dan Eceran, Reparasi Mobil dan Sepeda Motor","SBR"],
    ["61558","DWI PUTRA MANDIRI","JL PELITA IV GG POS III","prelist","MEDAN PERJUANGAN","SIDORAME BARAT II","LINGKUNGAN 9","","","G. Perdagangan Besar dan Eceran, Reparasi Mobil dan Sepeda Motor","SBR"],
    ["61567","HASTA PUJA PERKASA","JL.MALAKA NO.40, PANDAU HILIR","prelist","MEDAN PERJUANGAN","PANDAU HILIR","LINGKUNGAN 3","","","G. Perdagangan Besar dan Eceran, Reparasi Mobil dan Sepeda Motor","SBR"],
    ["61571","MAXS","AMBON NO 28 RT. 0 RW. 00","prelist","MEDAN PERJUANGAN","PANDAU HILIR","LINGKUNGAN 1","","","G. Perdagangan Besar dan Eceran, Reparasi Mobil dan Sepeda Motor","SBR"],
    ["61616","FARIANY LESTARI","JL GURILLA","prelist","MEDAN PERJUANGAN","SEI KERA HILIR I","LINGKUNGAN 6","","","G. Perdagangan Besar dan Eceran, Reparasi Mobil dan Sepeda Motor","SBR"],
    ["61627","KASIH SAYANG LESTARI","JL JAMBI","prelist","MEDAN PERJUANGAN","PANDAU HILIR","LINGKUNGAN 4","","","P. Pendidikan","SBR"],
    ["61633","ALPIN BOGA PANGAN","JL MARTINUS LUBIS","prelist","MEDAN PERJUANGAN","PANDAU HILIR","LINGKUNGAN 1","","","G. Perdagangan Besar dan Eceran, Reparasi Mobil dan Sepeda Motor","SBR"],
    ["61642","BULMA","JL.SEHATI NO.51, TEGAL REJO","prelist","MEDAN PERJUANGAN","TEGAL REJO","LINGKUNGAN 9","","","F. Konstruksi","SBR"],
    ["61695","NOEY MANDIRI","JL.GURILLA NO.33, SEI KERA HILIR I","prelist","MEDAN PERJUANGAN","SEI KERA HILIR I","LINGKUNGAN 6","","","K. Aktivitas Keuangan Dan Asuransi","SBR"],
    ["61704","AGUNG PASIFIC","JL. SUTOMO BARU","prelist","MEDAN PERJUANGAN","PANDAU HILIR","LINGKUNGAN 1","","","F. Konstruksi","SBR"],
    ["61724","KARYA ANDALAN SEMESTA","JL PROF HM YAMIN SH","prelist","MEDAN PERJUANGAN","SEI KERA HULU","LINGKUNGAN 4","","","G. Perdagangan Besar dan Eceran, Reparasi Mobil dan Sepeda Motor","SBR"],
    ["61729","HARDCOM","JL.PELITA VI GG.JABAT NO.16, SIDORAME BARAT II","prelist","MEDAN PERJUANGAN","SIDORAME BARAT II","LINGKUNGAN 9","","","G. Perdagangan Besar dan Eceran, Reparasi Mobil dan Sepeda Motor","SBR"],
    ["61785","NEW SINAR JAYA TRADING","JL SUTOMO BARU","prelist","MEDAN PERJUANGAN","PANDAU HILIR","LINGKUNGAN 1","","","G. Perdagangan Besar dan Eceran, Reparasi Mobil dan Sepeda Motor","SBR"],
    ["61822","TRISNA SIMANJUNTAK","JL PELITA I GG SELARAS NO 9","prelist","MEDAN PERJUANGAN","SIDORAME BARAT II","LINGKUNGAN 4","","","A. Pertanian, Kehutanan, dan Perikanan","SBR"],
    ["61830","MIFTAH AGRO SUMATERA","JL. PROF HM YAMIN SH","prelist","MEDAN PERJUANGAN","PAHLAWAN","LINGKUNGAN 15","","","G. Perdagangan Besar dan Eceran, Reparasi Mobil dan Sepeda Motor","SBR"],
    ["61832","ASURANSI MITRA PELINDUNG MUSTIKA","KOMPLEK SERDANG PERMAI JL PROF HM YAMIN SH","prelist","MEDAN PERJUANGAN","SEI KERA HILIR II","LINGKUNGAN 8","","","K. Aktivitas Keuangan Dan Asuransi","SBR"],
    ["61862","GANTARI SAMUDERA JAYA","JL. DURIAN","prelist","MEDAN PERJUANGAN","SIDORAME BARAT I","LINGKUNGAN 3","","","H. Transportasi dan Pergudangan","SBR"],
    ["61875","PAUD RAIFA RAIHANY","JL. GURILLA","prelist","MEDAN PERJUANGAN","SEI KERA HILIR II","LINGKUNGAN 12","","","P. Pendidikan","SBR"],
    ["61903","JONSON ENGINEERING KONSTRUKSI","JL.RAKYAT NO.5, SIDORAME TIMUR","prelist","MEDAN PERJUANGAN","SIDORAME TIMUR","LINGKUNGAN 3","","","G. Perdagangan Besar dan Eceran, Reparasi Mobil dan Sepeda Motor","SBR"],
    ["61917","SEPU ANUGERAH PERKASA","JL PASAR III GG MAWAR","prelist","MEDAN PERJUANGAN","TEGAL REJO","LINGKUNGAN 14","","","H. Transportasi dan Pergudangan","SBR"],
    ["61982","BENTARA LIMA INSAN SURYA","JL MALAKA","prelist","MEDAN PERJUANGAN","PANDAU HILIR","LINGKUNGAN 5","","","G. Perdagangan Besar dan Eceran, Reparasi Mobil dan Sepeda Motor","SBR"],
    ["62006","JITU PRODUCTION","SEJATI NO 75-K ASRAMA KOWILHAN I RT.0 RW.0, SIDORAME BARAT I","prelist","MEDAN PERJUANGAN","SIDORAME BARAT I","LINGKUNGAN 7","","","R. Kesenian, Hiburan, dan Rekreasi","SBR"],
    ["62017","CAHAYA FORTUNA","JL. HM. SAID","prelist","MEDAN PERJUANGAN","SIDORAME BARAT I","LINGKUNGAN 14","","","G. Perdagangan Besar dan Eceran, Reparasi Mobil dan Sepeda Motor","SBR"],
    ["62089","HONGKONG TICKSEN BRIDAL","JL.WAHIDIN NO.36 K/200 MEDAN, PANDAU HULU II","prelist","MEDAN PERJUANGAN","PAHLAWAN","LINGKUNGAN 11","","","M. Jasa Profesional, Ilmiah, dan Teknis","SBR"],
    ["62123","MONANG GABE INDONESIA","JL PROF HM YAMIN GANG BUNGA","prelist","MEDAN PERJUANGAN","PAHLAWAN","LINGKUNGAN 15","","","J. Informasi dan Komunikasi","SBR"],
    ["62155","UDARA SEJAHTERA","JL MAPILINDO","prelist","MEDAN PERJUANGAN","SIDORAME BARAT I","LINGKUNGAN 11","","","G. Perdagangan Besar dan Eceran, Reparasi Mobil dan Sepeda Motor","SBR"],
    ["62175","VENINDO MEGAH KREASI","JL MESJID TAUFIQ","prelist","MEDAN PERJUANGAN","TEGAL REJO","LINGKUNGAN 7","","","G. Perdagangan Besar dan Eceran, Reparasi Mobil dan Sepeda Motor","SBR"],
    ["62218","EMPAT PUTRA","JL.BUBU NO.45, SEI KERA HILIR I","prelist","MEDAN PERJUANGAN","SEI KERA HILIR I","LINGKUNGAN 11","","","G. Perdagangan Besar dan Eceran, Reparasi Mobil dan Sepeda Motor","SBR"],
    ["62227","KIRAYNA NURSIVA","JL KESEHATAN GG SAKTI","prelist","MEDAN PERJUANGAN","SEI KERA HILIR I","LINGKUNGAN 4","","","G. Perdagangan Besar dan Eceran, Reparasi Mobil dan Sepeda Motor","SBR"],
    ["62254","MULTIMEDIA KOMUNIKA GROUP","JL SEJATI","prelist","MEDAN PERJUANGAN","SIDORAME BARAT I","LINGKUNGAN 9","","","J. Informasi dan Komunikasi","SBR"],
    ["62283","USAHA MINA SEJAHTERA","JL.SERAM NO.55, PANDAU HILIR","prelist","MEDAN PERJUANGAN","PANDAU HILIR","LINGKUNGAN 2","","","A. Pertanian, Kehutanan, dan Perikanan","SBR"],
    ["62310","SENTOSA MAKMUR","SENTOSA LAMA NO.21-C RT.0 RW.0, SEI KERA HULU","prelist","MEDAN PERJUANGAN","SEI KERA HULU","LINGKUNGAN 21","","","G. Perdagangan Besar dan Eceran, Reparasi Mobil dan Sepeda Motor","SBR"],
    ["62316","RIAUTAMA SUMATERA","JL.DURIAN NO.3-B ASR.TNI-AD, SIDORAME BARAT I","prelist","MEDAN PERJUANGAN","SIDORAME BARAT I","LINGKUNGAN 3","","","F. Konstruksi","SBR"],
    ["62346","PRIORITAS RAKYAT SEJAHTERA","JL PROF HM YAMIN SH","prelist","MEDAN PERJUANGAN","PAHLAWAN","LINGKUNGAN 15","","","K. Aktivitas Keuangan Dan Asuransi","SBR"],
    ["62372","VIHARA VAISALI","JL. AMBON NO 55 RT. 0 RW. 000","prelist","MEDAN PERJUANGAN","PANDAU HILIR","LINGKUNGAN 1","","","G. Perdagangan Besar dan Eceran, Reparasi Mobil dan Sepeda Motor","SBR"],
    ["62403","D E N I S","JL.RAKYAT NO.68-A, SIDORAME TIMUR","prelist","MEDAN PERJUANGAN","SIDORAME TIMUR","LINGKUNGAN 11","","","J. Informasi dan Komunikasi","SBR"],
    ["62407","SERBA USAHA USWAH HASANAH YAMKI","JL.SENTOSA BARU NO.53, SEI KERA HILIR II","prelist","MEDAN PERJUANGAN","SEI KERA HILIR II","LINGKUNGAN 12","","","K. Aktivitas Keuangan Dan Asuransi","SBR"],
    ["62418","WELINDO JAYA LESTARI","JL PROF HM YAMIN SH","prelist","MEDAN PERJUANGAN","PAHLAWAN","LINGKUNGAN 15","","","G. Perdagangan Besar dan Eceran, Reparasi Mobil dan Sepeda Motor","SBR"],
    ["62426","ARTO PUTRA PRATAMA","JALAN MESJID TAUFIK","prelist","MEDAN PERJUANGAN","TEGAL REJO","LINGKUNGAN 7","","","G. Perdagangan Besar dan Eceran, Reparasi Mobil dan Sepeda Motor","SBR"],
    ["62439","PANGAN MAJU ABADI","JL PASAR III","prelist","MEDAN PERJUANGAN","TEGAL REJO","LINGKUNGAN 11","","","G. Perdagangan Besar dan Eceran, Reparasi Mobil dan Sepeda Motor","SBR"],
    ["62472","MAYA MURNI","JL.PELITA IV NO.16 MEDAN, SIDORAME BARAT I","prelist","MEDAN PERJUANGAN","SIDORAME BARAT I","LINGKUNGAN 1","","","P. Pendidikan","SBR"],
    ["62515","PERGURUAN JOSUA","JL.GB.JOSUA NO.30 MEDAN, PANDAU HILIR","prelist","MEDAN PERJUANGAN","PANDAU HILIR","LINGKUNGAN 4","","","P. Pendidikan","SBR"],
    ["62518","PERKUMPULAN ROHANI SANTO PETRUS MEDAN","JL. PELITA V","prelist","MEDAN PERJUANGAN","SIDORAME BARAT II","LINGKUNGAN 9","","","S. Aktivitas Jasa Lainnya","SBR"],
    ["62567","ANDALAN SUKSES BAJA","JL JAMBI","prelist","MEDAN PERJUANGAN","PANDAU HILIR","LINGKUNGAN 4","","","C. Industri Pengolahan","SBR"],
    ["62602","FIKRY JAYA","JL GURILLA","prelist","MEDAN PERJUANGAN","SEI KERA HILIR I","LINGKUNGAN 5","","","G. Perdagangan Besar dan Eceran, Reparasi Mobil dan Sepeda Motor","SBR"],
    ["62632","CIRAKINDO","JL SUTOMO","prelist","MEDAN PERJUANGAN","SIDORAME BARAT I","LINGKUNGAN 3","","","C. Industri Pengolahan","SBR"],
    ["62633","GOE INDONESIA TOURS","JL. PERMAI GANG SELAMAT","prelist","MEDAN PERJUANGAN","SIDORAME TIMUR","LINGKUNGAN 14","","","N. Jasa Persewaan, Ketenagakerjaan, Agen Perjalanan, dan Jasa Pendukung","SBR"],
    ["62636","PANCA USAHA MOTOR","JL.PROF.HM.YAMIN SH NO.410, SEI KERA HULU","prelist","MEDAN PERJUANGAN","SEI KERA HULU","LINGKUNGAN 4","","","G. Perdagangan Besar dan Eceran, Reparasi Mobil dan Sepeda Motor","SBR"],
    ["62645","RATU PRABU JAYA","PENDIDIKAN NO 65-D RT.0 RW.0, GLUGUR DARAT I","prelist","MEDAN PERJUANGAN","TEGAL REJO","LINGKUNGAN 9","","","M. Jasa Profesional, Ilmiah, dan Teknis","SBR"],
    ["62707","ANDALAN JAYA DUTA","JL PROF H M YAMIN SH LINGK II","prelist","MEDAN PERJUANGAN","PANDAU HILIR","LINGKUNGAN 4","","","N. Jasa Persewaan, Ketenagakerjaan, Agen Perjalanan, dan Jasa Pendukung","SBR"],
    ["62712","M FARIZ SIREGAR","JL H M YAMIN GG KELAMBIR","prelist","MEDAN PERJUANGAN","SEI KERA HULU","LINGKUNGAN 1","","","A. Pertanian, Kehutanan, dan Perikanan","SBR"],
    ["62747","MITRA PRATAMA SEJAHTERA","JL. MESJID TAUFIQ NO. 70/107 RT.00 RW.0, TEGAL REJO","prelist","MEDAN PERJUANGAN","TEGAL REJO","LINGKUNGAN 7","","","G. Perdagangan Besar dan Eceran, Reparasi Mobil dan Sepeda Motor","SBR"],
    ["62755","BUAT MAMA BANGGA","JL. WILLIAM ISKANDAR GANG MURNI","prelist","MEDAN PERJUANGAN","SEI KERA HILIR I","LINGKUNGAN 13","","","N. Jasa Persewaan, Ketenagakerjaan, Agen Perjalanan, dan Jasa Pendukung","SBR"],
    ["62810","PAHLAWAN","JL. PAHLAWAN","prelist","MEDAN PERJUANGAN","PAHLAWAN","LINGKUNGAN 13","","","Q. Jasa Kesehatan dan Kegiatan Sosial","SBR"],
    ["62825","MEDIA PANDAWA BERKAWAN","ASRAMA TNI AD GLUGUR HONG BLOK E 2","prelist","MEDAN PERJUANGAN","SIDORAME BARAT I","LINGKUNGAN 7","","","M. Jasa Profesional, Ilmiah, dan Teknis","SBR"],
    ["62826","RODA RODA GLOBAL MOTORINDO","JL PROF HM YAMIN","prelist","MEDAN PERJUANGAN","SEI KERA HILIR II","LINGKUNGAN 8","","","G. Perdagangan Besar dan Eceran, Reparasi Mobil dan Sepeda Motor","SBR"],
    ["62833","FARHAN","JL KESATRIA BARAT","prelist","MEDAN PERJUANGAN","PAHLAWAN","LINGKUNGAN 16","","","G. Perdagangan Besar dan Eceran, Reparasi Mobil dan Sepeda Motor","SBR"],
    ["62874","DELTA EKA ARWANA","JL.SEHATI NO.91, TEGAL REJO","prelist","MEDAN PERJUANGAN","TEGAL REJO","LINGKUNGAN 9","","","F. Konstruksi","SBR"],
    ["62878","PUTRA MANDIRI GROUP","JL RAKYAT-PELITA VI","prelist","MEDAN PERJUANGAN","TEGAL REJO","LINGKUNGAN 2","","","G. Perdagangan Besar dan Eceran, Reparasi Mobil dan Sepeda Motor","SBR"],
    ["62938","MASTERBAN BERJAYA INDONESIA","JL PROF HM YAMIN SH","prelist","MEDAN PERJUANGAN","SEI KERA HILIR II","LINGKUNGAN 10","","","G. Perdagangan Besar dan Eceran, Reparasi Mobil dan Sepeda Motor","SBR"],
    ["62950","PRABU SERUNI BERJAYA","MESJID TAUFIK GG. BERINGIN","prelist","MEDAN PERJUANGAN","TEGAL REJO","LINGKUNGAN 7","","","J. Informasi dan Komunikasi","SBR"],
    ["62996","BADAN WAKAF PERGURUAN UBUDIYAH","JL. PERMAI","prelist","MEDAN PERJUANGAN","SIDORAME TIMUR","LINGKUNGAN 13","","","P. Pendidikan","SBR"],
    ["63016","MITRA SENTOSA JAYA","JL. SENTOSA LAMA GG. SANUN","prelist","MEDAN PERJUANGAN","SEI KERA HULU","LINGKUNGAN 20","","","G. Perdagangan Besar dan Eceran, Reparasi Mobil dan Sepeda Motor","SBR"],
    ["63034","VECTOR 41","JL GURILLA","prelist","MEDAN PERJUANGAN","SEI KERA HILIR I","LINGKUNGAN 4","","","G. Perdagangan Besar dan Eceran, Reparasi Mobil dan Sepeda Motor","SBR"],
    ["63097","SAHABAT KEMILAU JAYA","JL PERJUANGAN","prelist","MEDAN PERJUANGAN","SIDORAME TIMUR","LINGKUNGAN 7","","","G. Perdagangan Besar dan Eceran, Reparasi Mobil dan Sepeda Motor","SBR"],
    ["63149","ANUGRAH PERDANA LESTARI","JL PERJUANGAN GG TUNGGAL LK IX","prelist","MEDAN PERJUANGAN","SIDORAME TIMUR","LINGKUNGAN 9","","","G. Perdagangan Besar dan Eceran, Reparasi Mobil dan Sepeda Motor","SBR"],
    ["63186","INFRA ENGINEERING CONSULTANT","PIMPINAN NO 4-B RT. 0 RW. 00","prelist","MEDAN PERJUANGAN","SEI KERA HILIR I","LINGKUNGAN 6","","","M. Jasa Profesional, Ilmiah, dan Teknis","SBR"],
    ["63210","AGRO MITRA INDONESIA","JL.THAMRIN NO.157/59-E, PANDAU HILIR","prelist","MEDAN PERJUANGAN","PANDAU HILIR","LINGKUNGAN 3","","","A. Pertanian, Kehutanan, dan Perikanan","SBR"],
    ["63318","INNA JAYA ABADI","JL. MERBAU MAS KOMPLEK JATI MAS NO 10 RT. 0 RW. 0","prelist","MEDAN PERJUANGAN","SIDORAME BARAT I","LINGKUNGAN 14","","","G. Perdagangan Besar dan Eceran, Reparasi Mobil dan Sepeda Motor","SBR"],
    ["63340","NASUTION SAKTI PERKASA","JL. PAHLAWAN","prelist","MEDAN PERJUANGAN","PAHLAWAN","LINGKUNGAN 2","","","G. Perdagangan Besar dan Eceran, Reparasi Mobil dan Sepeda Motor","SBR"],
    ["63367","SEMANGAT BARU","JL. WAHIDIN NO.37-C, PAHLAWAN","prelist","MEDAN PERJUANGAN","PAHLAWAN","LINGKUNGAN 10","","","K. Aktivitas Keuangan Dan Asuransi","SBR"],
    ["63431","RIZKY BERSAMA","JL. M YAKUB GG. BILAL","prelist","MEDAN PERJUANGAN","SEI KERA HILIR II","LINGKUNGAN 7","","","G. Perdagangan Besar dan Eceran, Reparasi Mobil dan Sepeda Motor","SBR"],
    ["63439","R A I S","JL.RAKYAT NO.116, SIDORAME TIMUR","prelist","MEDAN PERJUANGAN","SIDORAME TIMUR","LINGKUNGAN 15","","","J. Informasi dan Komunikasi","SBR"],
    ["63558","LOYA TUJUH DUA","JL PROF HM YAMIN","prelist","MEDAN PERJUANGAN","SEI KERA HILIR II","LINGKUNGAN 8","","","N. Jasa Persewaan, Ketenagakerjaan, Agen Perjalanan, dan Jasa Pendukung","SBR"],
    ["63564","PUTRA MULIA ILMU","JALAN RAKYAT NO 110 MEDAN","prelist","MEDAN PERJUANGAN","SIDORAME TIMUR","LINGKUNGAN 15","","","G. Perdagangan Besar dan Eceran, Reparasi Mobil dan Sepeda Motor","SBR"],
    ["63628","FORTUNA MATAHARI","JL.SAKTI NO.39, PAHLAWAN","prelist","MEDAN PERJUANGAN","PAHLAWAN","LINGKUNGAN 4","","","L. Real Estat","SBR"],
    ["63728","TUE CAPITAL JAYA BHINNEKA","JL. AMBON","prelist","MEDAN PERJUANGAN","PANDAU HILIR","LINGKUNGAN 1","","","L. Real Estat","SBR"],
    ["63744","MEDAN SECURITY SYSTEM","JL THAMRIN","prelist","MEDAN PERJUANGAN","PANDAU HILIR","LINGKUNGAN 1","","","G. Perdagangan Besar dan Eceran, Reparasi Mobil dan Sepeda Motor","SBR"],
    ["63765","CAKRAWALA INDONUSA","JL.DURIAN NO.2-E, GAHARU","prelist","MEDAN PERJUANGAN","SIDORAME BARAT I","LINGKUNGAN 4","","","C. Industri Pengolahan","SBR"],
    ["63791","RAFIQI","JL. PERJUANGAN GG. AMAL","prelist","MEDAN PERJUANGAN","SEI KERA HILIR I","LINGKUNGAN 11","","","G. Perdagangan Besar dan Eceran, Reparasi Mobil dan Sepeda Motor","SBR"],
    ["63825","INDUSTRI EKSPOR IMPOR INDONESIA","JL.SUTOMO BARU NO.3-5, PANDAU HILIR","prelist","MEDAN PERJUANGAN","PANDAU HILIR","LINGKUNGAN 1","","","C. Industri Pengolahan","SBR"],
    ["63836","TRISAKTI MITRA ABADI","JL. RAKYAT","prelist","MEDAN PERJUANGAN","SIDORAME TIMUR","LINGKUNGAN 11","","","G. Perdagangan Besar dan Eceran, Reparasi Mobil dan Sepeda Motor","SBR"],
    ["63851","HENI BRADERS KONSULTAN","PIMPINAN GG.AGAMA NO.11 RT.01 RW.0, SEI KERA HILIR I","prelist","MEDAN PERJUANGAN","SEI KERA HILIR I","LINGKUNGAN 11","","","M. Jasa Profesional, Ilmiah, dan Teknis","SBR"],
    ["63862","FERHUGA","JL.PASAR III","prelist","MEDAN PERJUANGAN","TEGAL REJO","LINGKUNGAN 11","","","G. Perdagangan Besar dan Eceran, Reparasi Mobil dan Sepeda Motor","SBR"],
    ["63877","SUMATERA PERSADA","JL SEI KERA GG INDRALOKA","prelist","MEDAN PERJUANGAN","SEI KERA HULU","LINGKUNGAN 12","","","G. Perdagangan Besar dan Eceran, Reparasi Mobil dan Sepeda Motor","SBR"],
    ["63879","TUMANDI ARTHANANDA","JL RAKYAT GG CAMAR","prelist","MEDAN PERJUANGAN","SIDORAME TIMUR","LINGKUNGAN 11","","","G. Perdagangan Besar dan Eceran, Reparasi Mobil dan Sepeda Motor","SBR"],
    ["63899","BUDI MULIA SENTOSA","JL.SENTOSA BARU NO.15-A, SEI KERA HILIR I","prelist","MEDAN PERJUANGAN","SEI KERA HILIR II","LINGKUNGAN 11","","","F. Konstruksi","SBR"],
    ["63911","PUTRA MUTIARA SEJAHTERA","JL. PELITA VI","prelist","MEDAN PERJUANGAN","TEGAL REJO","LINGKUNGAN 2","","","G. Perdagangan Besar dan Eceran, Reparasi Mobil dan Sepeda Motor","SBR"],
    ["63961","GRIYA KENCANA LESTARI","JL PROF HM YAMIN SH","prelist","MEDAN PERJUANGAN","PAHLAWAN","LINGKUNGAN 15","","","G. Perdagangan Besar dan Eceran, Reparasi Mobil dan Sepeda Motor","SBR"],
    ["64011","RINA","JL SENTOSA GG RINGGIT NO 67","prelist","MEDAN PERJUANGAN","SEI KERA HULU","LINGKUNGAN 15","","","A. Pertanian, Kehutanan, dan Perikanan","SBR"],
    ["64019","TONDINTA","JL PROF HM YAMIN SH","prelist","MEDAN PERJUANGAN","SEI KERA HILIR I","LINGKUNGAN 11","","","G. Perdagangan Besar dan Eceran, Reparasi Mobil dan Sepeda Motor","SBR"],
    ["64038","MITRA INDUSTRI MAJU","MASJID TAUFIK GG.BERINGIN I","prelist","MEDAN PERJUANGAN","TEGAL REJO","LINGKUNGAN 5","","","G. Perdagangan Besar dan Eceran, Reparasi Mobil dan Sepeda Motor","SBR"],
    ["64062","SEKAWAN JAYA","JL PERJUANGAN GG MULIA","prelist","MEDAN PERJUANGAN","SIDORAME TIMUR","LINGKUNGAN 10","","","G. Perdagangan Besar dan Eceran, Reparasi Mobil dan Sepeda Motor","SBR"],
    ["64089","SINAR EXPRESS NUSANTARA","HUSNI THAMRIN NO 143/57-C RT.0 RW.0, PANDAU HILIR","prelist","MEDAN PERJUANGAN","PANDAU HILIR","LINGKUNGAN 3","","","G. Perdagangan Besar dan Eceran, Reparasi Mobil dan Sepeda Motor","SBR"],
    ["64101","CIPTA USAHA MANDIRI SEJAHTERA","JL SEI KERA","prelist","MEDAN PERJUANGAN","SEI KERA HULU","LINGKUNGAN 11","","","G. Perdagangan Besar dan Eceran, Reparasi Mobil dan Sepeda Motor","SBR"],
    ["64123","SABANG ERA UTAMA","JL.H.O.S COKROAMINOTO NO.1-KK, PANDAU HILIR","prelist","MEDAN PERJUANGAN","SEI KERA HULU","LINGKUNGAN 14","","","C. Industri Pengolahan","SBR"],
    ["64127","KARYA NUSANTARA","JL SUMBA NO 26","prelist","MEDAN PERJUANGAN","PANDAU HILIR","LINGKUNGAN 2","","","G. Perdagangan Besar dan Eceran, Reparasi Mobil dan Sepeda Motor","SBR"],
    ["64203","MUSTAFA SEJAHTERA MULIA","JL SENTOSA LAMA","prelist","MEDAN PERJUANGAN","SEI KERA HULU","LINGKUNGAN 20","","","L. Real Estat","SBR"],
    ["64264","YAYASAN HARAPAN MAMA","JL.PROF.H.M.YAMIN.SH NO.320, SEI KERA HILIR I","prelist","MEDAN PERJUANGAN","SEI KERA HULU","LINGKUNGAN 7","","","Q. Jasa Kesehatan dan Kegiatan Sosial","SBR"],
    ["64266","GUNUNG KAWI MULIA ABADI","JL. THAMRIN NO. 38 - KELURAHAN PANDAU HILIR","prelist","MEDAN PERJUANGAN","PANDAU HILIR","LINGKUNGAN 1","","","G. Perdagangan Besar dan Eceran, Reparasi Mobil dan Sepeda Motor","SBR"],
    ["64293","SARI RIZKY PRATAMA","JL PAHLAWAN GG GEMBIRA","prelist","MEDAN PERJUANGAN","PAHLAWAN","LINGKUNGAN 2","","","G. Perdagangan Besar dan Eceran, Reparasi Mobil dan Sepeda Motor","SBR"],
    ["64312","MUSTIKA SAWIT AGUNG","JL.PERTEMUAN NO.57, SIDORAME TIMUR","prelist","MEDAN PERJUANGAN","SIDORAME TIMUR","LINGKUNGAN 6","","","G. Perdagangan Besar dan Eceran, Reparasi Mobil dan Sepeda Motor","SBR"],
    ["64353","KENCANA MAS","JL TANJUNG KASAU","prelist","MEDAN PERJUANGAN","PANDAU HILIR","LINGKUNGAN 7","","","G. Perdagangan Besar dan Eceran, Reparasi Mobil dan Sepeda Motor","SBR"],
    ["64363","DODI KASIH ABADI","JL GURILLA","prelist","MEDAN PERJUANGAN","SEI KERA HILIR I","LINGKUNGAN 6","","","G. Perdagangan Besar dan Eceran, Reparasi Mobil dan Sepeda Motor","SBR"],
    ["64380","DELAPAN SANUR BERSAUDARA","JALAN GURILLA NOMOR 114","prelist","MEDAN PERJUANGAN","SEI KERA HILIR II","LINGKUNGAN 12","","","H. Transportasi dan Pergudangan","SBR"],
    ["64389","MULTI STAR KREASINDO","JL PROF HM YAMIN SH","prelist","MEDAN PERJUANGAN","SEI KERA HULU","LINGKUNGAN 15","","","G. Perdagangan Besar dan Eceran, Reparasi Mobil dan Sepeda Motor","SBR"],
    ["64432","LEMBAGA KURSUS PELATIHAN FRISKA (LKP)","JL. PELITA I GG SEPAKAT","prelist","MEDAN PERJUANGAN","SIDORAME TIMUR","LINGKUNGAN 2","","","P. Pendidikan","SBR"],
    ["64440","MULTI MANDIRITAMA","JL PROF.H.M.YAMIN, SH NO 204","prelist","MEDAN PERJUANGAN","SEI KERA HULU","LINGKUNGAN 4","","","F. Konstruksi","SBR"],
    ["64448","VIHARA BUDI KEBAJIKAN","JL PALEMBANG","prelist","MEDAN PERJUANGAN","PANDAU HILIR","LINGKUNGAN 5","","","S. Aktivitas Jasa Lainnya","SBR"],
    ["64480","MEDIA MITRA BRATADIGJAYA","JALAN MESJID TAUFIQ GANG SARJANA A NOMOR 8","prelist","MEDAN PERJUANGAN","TEGAL REJO","LINGKUNGAN 5","","","M. Jasa Profesional, Ilmiah, dan Teknis","SBR"],
    ["64507","MINDPAND","KOMP. VILLA JATI MAS BLOK. C","prelist","MEDAN PERJUANGAN","SIDORAME BARAT I","LINGKUNGAN 14","","","N. Jasa Persewaan, Ketenagakerjaan, Agen Perjalanan, dan Jasa Pendukung","SBR"],
    ["64571","GENERASI ASIA SEJAHTERA","JL PARAPAT","prelist","MEDAN PERJUANGAN","PANDAU HILIR","LINGKUNGAN 6","","","G. Perdagangan Besar dan Eceran, Reparasi Mobil dan Sepeda Motor","SBR"],
    ["64579","HIDUP HARMONIS","JL M YAKUB","prelist","MEDAN PERJUANGAN","SEI KERA HILIR II","LINGKUNGAN 2","","","G. Perdagangan Besar dan Eceran, Reparasi Mobil dan Sepeda Motor","SBR"],
    ["64637","MANDIRI PROPERTI SEJAHTERA","JALAN VETERAN NOMOR: 53","prelist","MEDAN PERJUANGAN","PANDAU HILIR","LINGKUNGAN 1","","","L. Real Estat","SBR"],
    ["64657","HANDAYANI","JL.MESJID TAUFIQ NO.100, TEGAL REJO","prelist","MEDAN PERJUANGAN","TEGAL REJO","LINGKUNGAN 13","","","J. Informasi dan Komunikasi","SBR"],
    ["64682","HIJRAH BAKTI CABANG MEDAN","JL.PAHLAWAN GG.GEMBIRA NO.13, PANDAU HILIR","prelist","MEDAN PERJUANGAN","PAHLAWAN","LINGKUNGAN 2","","","F. Konstruksi","SBR"],
    ["64754","SMP SWASTA MUHAMMADIYAH 7","JL.PELITA II NO 3-5 RT. 0 RW. 0","prelist","MEDAN PERJUANGAN","SIDORAME BARAT I","LINGKUNGAN 3","","","P. Pendidikan","SBR"],
    ["64756","PENDIDIKAN SENTOSA","JL.PROF.H.M YAMIN SH NO.450, SIDODADI","prelist","MEDAN PERJUANGAN","SEI KERA HULU","LINGKUNGAN 6","","","P. Pendidikan","SBR"],
    ["64763","FORUM TRANSFORMASI SUMATERA UTARA","JL. PASAR III","prelist","MEDAN PERJUANGAN","TEGAL REJO","LINGKUNGAN 11","","","P. Pendidikan","SBR"],
    ["64780","GEMA PRIMASINDO","JL.KERIS NO.30 MEDAN, PAHLAWAN","prelist","MEDAN PERJUANGAN","PAHLAWAN","LINGKUNGAN 8","","","F. Konstruksi","SBR"],
    ["64783","CHINA TRADING INDONESIA","JALAN PASAR III KOMPLEK SEHATI INDAH NO 88 MM","prelist","MEDAN PERJUANGAN","TEGAL REJO","LINGKUNGAN 9","","","G. Perdagangan Besar dan Eceran, Reparasi Mobil dan Sepeda Motor","SBR"],
    ["64814","METROPOLIS","RAKYAT UJUNG NO 202 RT.0 RW.00, TEGAL REJO","prelist","MEDAN PERJUANGAN","TEGAL REJO","LINGKUNGAN 15","","","G. Perdagangan Besar dan Eceran, Reparasi Mobil dan Sepeda Motor","SBR"],
    ["64817","HYDRO UTAMA","JL.PROF HM YAMIN SH NO.299-B, SEI KERA HILIR II","prelist","MEDAN PERJUANGAN","SEI KERA HILIR II","LINGKUNGAN 11","","","G. Perdagangan Besar dan Eceran, Reparasi Mobil dan Sepeda Motor","SBR"],
    ["64864","SAMARA SEJAHTERA","JALAN SEI KERA","prelist","MEDAN PERJUANGAN","SEI KERA HULU","LINGKUNGAN 11","","","G. Perdagangan Besar dan Eceran, Reparasi Mobil dan Sepeda Motor","SBR"],
    ["65006","KARYA PRIMA","JL DURIAN UJUNG PELITA V","prelist","MEDAN PERJUANGAN","SIDORAME BARAT I","LINGKUNGAN 3","","","G. Perdagangan Besar dan Eceran, Reparasi Mobil dan Sepeda Motor","SBR"],
    ["65015","GANTARI JAYA PERSADA","JL. DURIAN","prelist","MEDAN PERJUANGAN","SIDORAME BARAT I","LINGKUNGAN 3","","","G. Perdagangan Besar dan Eceran, Reparasi Mobil dan Sepeda Motor","SBR"],
    ["65021","RAHMAT MANDIRI GROUP","JL PELITA VI NO 87","prelist","MEDAN PERJUANGAN","TEGAL REJO","LINGKUNGAN 2","","","G. Perdagangan Besar dan Eceran, Reparasi Mobil dan Sepeda Motor","SBR"],
    ["65091","BANGUN KONSTRUKSI INTERNUSA","JL SUTOMO BARU","prelist","MEDAN PERJUANGAN","PANDAU HILIR","LINGKUNGAN 1","","","L. Real Estat","SBR"],
    ["65120","SEJATI ANUGERAH TEKNIK","JL LETKOL MARTINUS LUBIS","prelist","MEDAN PERJUANGAN","PANDAU HILIR","LINGKUNGAN 1","","","G. Perdagangan Besar dan Eceran, Reparasi Mobil dan Sepeda Motor","SBR"],
    ["65153","NUSANTARA JADI","JL.PASAR III NO.80, TEGAL REJO","prelist","MEDAN PERJUANGAN","TEGAL REJO","LINGKUNGAN 9","","","F. Konstruksi","SBR"],
    ["65159","PERTANIAN YEOFNA","JL MADIO UTOMO GG NAULI","prelist","MEDAN PERJUANGAN","TEGAL REJO","LINGKUNGAN 3","","","C. Industri Pengolahan","SBR"],
    ["65185","ASRO JAYA","JL RAKYAT LR KARTO","prelist","MEDAN PERJUANGAN","TEGAL REJO","LINGKUNGAN 8","","","G. Perdagangan Besar dan Eceran, Reparasi Mobil dan Sepeda Motor","SBR"],
    ["65214","GUNUNG SEMERU","JL.RAKYAT NO.7, SIDORAME BARAT I","prelist","MEDAN PERJUANGAN","SIDORAME BARAT I","LINGKUNGAN 7","","","G. Perdagangan Besar dan Eceran, Reparasi Mobil dan Sepeda Motor","SBR"],
    ["65264","KOMBAK AMESTAKU INDONESIA","JL. SEHATI","prelist","MEDAN PERJUANGAN","TEGAL REJO","LINGKUNGAN 9","","","R. Kesenian, Hiburan, dan Rekreasi","SBR"],
    ["65279","GADING PERKASA","JL PIMPINAN","prelist","MEDAN PERJUANGAN","SEI KERA HILIR I","LINGKUNGAN 11","","","G. Perdagangan Besar dan Eceran, Reparasi Mobil dan Sepeda Motor","SBR"],
    ["65328","MAHA KARYA MESINDO","JL DELI TUA / ENGGANG","prelist","MEDAN PERJUANGAN","PANDAU HILIR","LINGKUNGAN 9","","","G. Perdagangan Besar dan Eceran, Reparasi Mobil dan Sepeda Motor","SBR"],
    ["65330","JIANGSU CONSTRUCTION ENGINEERING","KOMPLEK SEHATI INDAH JL PASAR III","prelist","MEDAN PERJUANGAN","TEGAL REJO","LINGKUNGAN 13","","","G. Perdagangan Besar dan Eceran, Reparasi Mobil dan Sepeda Motor","SBR"],
    ["65393","LEMBAGA KURSUS DAN PELATIHAN THALIA","JL PELITA II GG POS II","prelist","MEDAN PERJUANGAN","SIDORAME BARAT II","LINGKUNGAN 6","","","P. Pendidikan","SBR"],
    ["65414","GARUDA NUSANTARA","JL PIMPINAN","prelist","MEDAN PERJUANGAN","SEI KERA HILIR I","LINGKUNGAN 11","","","F. Konstruksi","SBR"],
    ["65471","SANDANG PRIMA","JL VETERAN","prelist","MEDAN PERJUANGAN","PANDAU HILIR","LINGKUNGAN 1","","","G. Perdagangan Besar dan Eceran, Reparasi Mobil dan Sepeda Motor","SBR"],
    ["65493","AMAS UTAMA","JL.PERJUANGAN NO.80, PANDAU HULU I","prelist","MEDAN PERJUANGAN","SEI KERA HILIR I","LINGKUNGAN 11","","","G. Perdagangan Besar dan Eceran, Reparasi Mobil dan Sepeda Motor","SBR"],
    ["65503","MULTI SARANA","JL GURILLA GG MANDOR SURO","prelist","MEDAN PERJUANGAN","SEI KERA HILIR II","LINGKUNGAN 14","","","G. Perdagangan Besar dan Eceran, Reparasi Mobil dan Sepeda Motor","SBR"],
    ["65576","MATA PENA MADANI","JL PROF HM YAMIN SH","prelist","MEDAN PERJUANGAN","SEI KERA HILIR II","LINGKUNGAN 8","","","P. Pendidikan","SBR"],
    ["65628","ARINZA DWI PUTRA","JL.IBRAHIM UMAR NO.26, PAHLAWAN","prelist","MEDAN PERJUANGAN","SEI KERA HILIR I","LINGKUNGAN 8","","","F. Konstruksi","SBR"],
    ["65693","RIZQINA SUMBER SEJAHTERA","PERJUANGAN GG. SEKOLAH","prelist","MEDAN PERJUANGAN","SEI KERA HILIR I","LINGKUNGAN 11","","","G. Perdagangan Besar dan Eceran, Reparasi Mobil dan Sepeda Motor","SBR"],
    ["65717","LEMBAGA SOSIAL KESEJAHTERAAN MASYARAKAT HABIT PRIMA","JL. PSR III","prelist","MEDAN PERJUANGAN","TEGAL REJO","LINGKUNGAN 11","","","Q. Jasa Kesehatan dan Kegiatan Sosial","SBR"],
    ["65749","FARIDA HAINI","JL TOMONG","prelist","MEDAN PERJUANGAN","SEI KERA HULU","LINGKUNGAN 19","","","S. Aktivitas Jasa Lainnya","SBR"],
    ["65781","PENDIDIKAN PELITA GUNA MANDIRI","JL. PELITA IV","prelist","MEDAN PERJUANGAN","SIDORAME BARAT II","LINGKUNGAN 6","","","F. Konstruksi","SBR"],
    ["65800","LITERATA VICTORIA","JL.MESJID TAUFIQ NO.136, TEGAL REJO","prelist","MEDAN PERJUANGAN","TEGAL REJO","LINGKUNGAN 4","","","J. Informasi dan Komunikasi","SBR"],
    ["65835","SEKAWAN JAYA INDONESIA","JL M YAKUB","prelist","MEDAN PERJUANGAN","SEI KERA HILIR I","LINGKUNGAN 5","","","G. Perdagangan Besar dan Eceran, Reparasi Mobil dan Sepeda Motor","SBR"],
    ["65885","SARANA CIPTA KARYA MANDIRI","JL PELITA IV GG TENTERAM","prelist","MEDAN PERJUANGAN","SIDORAME BARAT II","LINGKUNGAN 8","","","L. Real Estat","SBR"],
    ["65911","NUSA CEMERLANG LESTARI","JL GALANG LING VIII","prelist","MEDAN PERJUANGAN","PANDAU HILIR","LINGKUNGAN 8","","","G. Perdagangan Besar dan Eceran, Reparasi Mobil dan Sepeda Motor","SBR"],
    ["65921","ANTARA PULNAS ENERGI","JALAN M. YAKUB GANG SERSAN NOMOR 1 A","prelist","MEDAN PERJUANGAN","SEI KERA HILIR II","LINGKUNGAN 5","","","N. Jasa Persewaan, Ketenagakerjaan, Agen Perjalanan, dan Jasa Pendukung","SBR"],
    ["65925","USAHA PRIMA","JL SUMBA","prelist","MEDAN PERJUANGAN","PANDAU HILIR","LINGKUNGAN 2","","","G. Perdagangan Besar dan Eceran, Reparasi Mobil dan Sepeda Motor","SBR"],
    ["65993","FIRMAN JAYA","JL.PERJUANGAN NO.34, SIDORAME BARAT I","prelist","MEDAN PERJUANGAN","SEI KERA HILIR I","LINGKUNGAN 8","","","F. Konstruksi","SBR"],
    ["66004","BERKAT JAYA BERSAMA","JL. DELI TUA","prelist","MEDAN PERJUANGAN","PANDAU HILIR","LINGKUNGAN 9","","","G. Perdagangan Besar dan Eceran, Reparasi Mobil dan Sepeda Motor","SBR"],
    ["66034","IKATAN KELUARGA NASUTION DOHOT ANAK BORUNA (IKANAS)","HM SAID","prelist","MEDAN PERJUANGAN","SIDORAME BARAT I","LINGKUNGAN 6","","","S. Aktivitas Jasa Lainnya","SBR"],
    ["66047","DPP WANITA PPKBI","JL. SENTOSA LAMA GANG PERWIRA","prelist","MEDAN PERJUANGAN","PAHLAWAN","LINGKUNGAN 16","","","S. Aktivitas Jasa Lainnya","SBR"],
    ["66050","PANCA JAYA SAKTI","JL KETAPANG","prelist","MEDAN PERJUANGAN","TEGAL REJO","LINGKUNGAN 3","","","G. Perdagangan Besar dan Eceran, Reparasi Mobil dan Sepeda Motor","SBR"],
    ["66093","MORI PERKASA UTAMA","JL. PENDIDIKAN","prelist","MEDAN PERJUANGAN","TEGAL REJO","LINGKUNGAN 9","","","G. Perdagangan Besar dan Eceran, Reparasi Mobil dan Sepeda Motor","SBR"],
    ["66098","REZKY PRIMA","M YAKUB GG ULUNG NO 10 RT.0 RW.0, SEI KERA HILIR II","prelist","MEDAN PERJUANGAN","SEI KERA HILIR II","LINGKUNGAN 2","","","G. Perdagangan Besar dan Eceran, Reparasi Mobil dan Sepeda Motor","SBR"],
    ["66118","INDRA HUSIN ALAMSYAH","JL GURILA","prelist","MEDAN PERJUANGAN","SEI KERA HILIR I","LINGKUNGAN 5","","","N. Jasa Persewaan, Ketenagakerjaan, Agen Perjalanan, dan Jasa Pendukung","SBR"],
    ["66127","CITRA BINA INTI","JL.SEI KERA NO.108, PANDAU HILIR","prelist","MEDAN PERJUANGAN","PANDAU HILIR","LINGKUNGAN 2","","","F. Konstruksi","SBR"],
    ["66130","SUMUT PERKASA MANDIRI","JLN BAMBU RUNCING","prelist","MEDAN PERJUANGAN","PAHLAWAN","LINGKUNGAN 12","","","L. Real Estat","SBR"],
    ["66162","INDOKARYA SINAR AGUNG","GURILLA","prelist","MEDAN PERJUANGAN","SEI KERA HILIR II","LINGKUNGAN 14","","","G. Perdagangan Besar dan Eceran, Reparasi Mobil dan Sepeda Motor","SBR"],
    ["66163","RAJKA SEJAHTERA","JL. PAHLAWAN GG GEMBIRA NO. 24 RT. 0 RW. 0, PAHLAWAN","prelist","MEDAN PERJUANGAN","PAHLAWAN","LINGKUNGAN 2","","","G. Perdagangan Besar dan Eceran, Reparasi Mobil dan Sepeda Motor","SBR"],
    ["66194","INDAH PRIMA","JL SIBOLGA NO 15","prelist","MEDAN PERJUANGAN","PANDAU HILIR","LINGKUNGAN 5","","","F. Konstruksi","SBR"],
    ["66205","METRO ARTHA PRAKARSA","JL PANAH","prelist","MEDAN PERJUANGAN","PAHLAWAN","LINGKUNGAN 12","","","G. Perdagangan Besar dan Eceran, Reparasi Mobil dan Sepeda Motor","SBR"],
    ["66215","KARYA SEJAHTERA","JL.SEI KERA NO.234","prelist","MEDAN PERJUANGAN","PANDAU HILIR","LINGKUNGAN 8","","","G. Perdagangan Besar dan Eceran, Reparasi Mobil dan Sepeda Motor","SBR"],
    ["66250","GENERASI BINTANG TIMUR","JL PERMAI","prelist","MEDAN PERJUANGAN","SIDORAME TIMUR","LINGKUNGAN 13","","","Q. Jasa Kesehatan dan Kegiatan Sosial","SBR"],
    ["66257","CIPTASARI PRATAMA","JL.PENYABUNGAN NO.28, PANDAU HILIR","prelist","MEDAN PERJUANGAN","PANDAU HILIR","LINGKUNGAN 7","","","F. Konstruksi","SBR"],
    ["66265","DELTAXINDO","JL.PELITA I NO.26, SIDORAME BARAT I","prelist","MEDAN PERJUANGAN","SIDORAME BARAT I","LINGKUNGAN 5","","","H. Transportasi dan Pergudangan","SBR"],
    ["66324","HARUMEI PUTRA WIRAJAYA","JL RAKYAT NO 23, SIDORAME TIMUR","prelist","MEDAN PERJUANGAN","SIDORAME TIMUR","LINGKUNGAN 2","","","G. Perdagangan Besar dan Eceran, Reparasi Mobil dan Sepeda Motor","SBR"],
    ["66379","KARYA AGUNG SEJATI","JL PASAR III NO 88-NN","prelist","MEDAN PERJUANGAN","TEGAL REJO","LINGKUNGAN 9","","","G. Perdagangan Besar dan Eceran, Reparasi Mobil dan Sepeda Motor","SBR"],
    ["66403","AL ITTIHADIYAH","JL. PROF HM YAMIN","prelist","MEDAN PERJUANGAN","SEI KERA HULU","LINGKUNGAN 15","","","S. Aktivitas Jasa Lainnya","SBR"],
    ["66428","GLOBAL SEMESTA MANDIRI","JL PASAR III NO 84 A","prelist","MEDAN PERJUANGAN","TEGAL REJO","LINGKUNGAN 9","","","G. Perdagangan Besar dan Eceran, Reparasi Mobil dan Sepeda Motor","SBR"],
    ["66476","PKG-PAUD KECAMATAN MEDAN PERJUANGAN","JL. PENDIDIKAN","prelist","MEDAN PERJUANGAN","TEGAL REJO","LINGKUNGAN 9","","","S. Aktivitas Jasa Lainnya","SBR"],
    ["66627","ADEHA ANEKAHARUM CABANG MEDAN","JL.PINTU PADANG NO.8, PANDAU HILIR","prelist","MEDAN PERJUANGAN","PANDAU HILIR","LINGKUNGAN 4","","","G. Perdagangan Besar dan Eceran, Reparasi Mobil dan Sepeda Motor","SBR"],
    ["66665","MULIA BARU","JL.M.YAKUB G.SERSAN NO.15, SEI KERA HILIR II","prelist","MEDAN PERJUANGAN","SEI KERA HILIR II","LINGKUNGAN 8","","","H. Transportasi dan Pergudangan","SBR"],
    ["66671","HAMONANGAN","JL.PIMPINAN NO.112, SEI KERA HILIR I","prelist","MEDAN PERJUANGAN","SEI KERA HILIR I","LINGKUNGAN 4","","","K. Aktivitas Keuangan Dan Asuransi","SBR"],
    ["66684","AMANAH TEHNIK","JL.MESJID TAUFIQ GG.MANGGA NO.16","prelist","MEDAN PERJUANGAN","TEGAL REJO","LINGKUNGAN 5","","","F. Konstruksi","SBR"],
    ["66716","NOVIA KARYA","JL.MESJID TAUFIK NO.20, TEGAL REJO","prelist","MEDAN PERJUANGAN","TEGAL REJO","LINGKUNGAN 5","","","G. Perdagangan Besar dan Eceran, Reparasi Mobil dan Sepeda Motor","SBR"],
    ["66755","PRIMA TIGA PERKASA","JL. PASAR 3 GG KELUARGA","prelist","MEDAN PERJUANGAN","TEGAL REJO","LINGKUNGAN 14","","","C. Industri Pengolahan","SBR"],
    ["66772","PREMIER MOTOR UTAMA","KOMP SERDANG MAS JL PROF HM YAMIN SH","prelist","MEDAN PERJUANGAN","SEI KERA HULU","LINGKUNGAN 5","","","G. Perdagangan Besar dan Eceran, Reparasi Mobil dan Sepeda Motor","SBR"],
    ["66786","SINAR INTERMARK","JL MALAKA","prelist","MEDAN PERJUANGAN","PANDAU HILIR","LINGKUNGAN 5","","","G. Perdagangan Besar dan Eceran, Reparasi Mobil dan Sepeda Motor","SBR"],
    ["66838","MITRA TATA USAHA BERSAMA","JL PARAPAT","prelist","MEDAN PERJUANGAN","PANDAU HILIR","LINGKUNGAN 6","","","A. Pertanian, Kehutanan, dan Perikanan","SBR"],
    ["66854","ARDHIKAL 234","JL. PIMPINAN","prelist","MEDAN PERJUANGAN","SEI KERA HILIR I","LINGKUNGAN 4","","","G. Perdagangan Besar dan Eceran, Reparasi Mobil dan Sepeda Motor","SBR"],
    ["66856","KARYA MASTER PARTSINDO","JL PROF HM YAMIN SH","prelist","MEDAN PERJUANGAN","SEI KERA HILIR II","LINGKUNGAN 10","","","G. Perdagangan Besar dan Eceran, Reparasi Mobil dan Sepeda Motor","SBR"],
    ["66872","BERKAT MANDIRI JAYA","KOMPLEK TAMAN PASAR III JL PASAR III","prelist","MEDAN PERJUANGAN","TEGAL REJO","LINGKUNGAN 8","","","G. Perdagangan Besar dan Eceran, Reparasi Mobil dan Sepeda Motor","SBR"],
    ["66916","PERTENUNAN SIANIPAR","JL. PENDIDIKAN","prelist","MEDAN PERJUANGAN","TEGAL REJO","LINGKUNGAN 9","","","P. Pendidikan","SBR"],
    ["66932","FUTURE WORK PARTNER IDEAS (FWP IDEAS)","JL.SEI KERA GANG SARING","prelist","MEDAN PERJUANGAN","SEI KERA HULU","LINGKUNGAN 12","","","N. Jasa Persewaan, Ketenagakerjaan, Agen Perjalanan, dan Jasa Pendukung","SBR"],
    ["66964","BRASTAGI WISATA INDONESIA","JL TELUK BETUNG","prelist","MEDAN PERJUANGAN","PANDAU HILIR","LINGKUNGAN 5","","","R. Kesenian, Hiburan, dan Rekreasi","SBR"],
    ["66986","INDO DEAR PERKASA","PASAR III KOMP. GRAHA KRAKATAU","prelist","MEDAN PERJUANGAN","TEGAL REJO","LINGKUNGAN 10","","","G. Perdagangan Besar dan Eceran, Reparasi Mobil dan Sepeda Motor","SBR"],
    ["67038","TIMOR BARU TRAVEL","KOMPLEK SERDANG MAS B","prelist","MEDAN PERJUANGAN","SEI KERA HULU","LINGKUNGAN 5","","","N. Jasa Persewaan, Ketenagakerjaan, Agen Perjalanan, dan Jasa Pendukung","SBR"],
    ["67063","KITA","PIMPINAN G.SUKA FAMILI NO.5 RT.000 RW.000, SEI KERA HILIR I","prelist","MEDAN PERJUANGAN","SEI KERA HILIR I","LINGKUNGAN 13","","","L. Real Estat","SBR"],
    ["67088","AMRISTAMA JAYA","JL.KESEHATAN NO.15, SEI KERA HILIR I","prelist","MEDAN PERJUANGAN","SEI KERA HILIR I","LINGKUNGAN 3","","","G. Perdagangan Besar dan Eceran, Reparasi Mobil dan Sepeda Motor","SBR"],
    ["67093","JASANI PRATAMA NUSANTARA","JL VETERAN","prelist","MEDAN PERJUANGAN","PANDAU HILIR","LINGKUNGAN 1","","","G. Perdagangan Besar dan Eceran, Reparasi Mobil dan Sepeda Motor","SBR"],
    ["67134","PANATAPAN JAYA","PENDIDIKAN LK VIII NO 106 RT.0 RW.0, INDRA KASIH","prelist","MEDAN PERJUANGAN","TEGAL REJO","LINGKUNGAN 9","","","R. Kesenian, Hiburan, dan Rekreasi","SBR"],
    ["67198","MITRA SOLID PRATAMA","JL SENTOSA LK XXI","prelist","MEDAN PERJUANGAN","SEI KERA HULU","LINGKUNGAN 15","","","G. Perdagangan Besar dan Eceran, Reparasi Mobil dan Sepeda Motor","SBR"],
    ["67215","NUSA AGUNG","JL. M. YAKUB","prelist","MEDAN PERJUANGAN","SEI KERA HILIR II","LINGKUNGAN 14","","","G. Perdagangan Besar dan Eceran, Reparasi Mobil dan Sepeda Motor","SBR"],
    ["67256","DAMAI INDAH BERSAMA","JL HOS COKROAMINOTO","prelist","MEDAN PERJUANGAN","SEI KERA HULU","LINGKUNGAN 15","","","G. Perdagangan Besar dan Eceran, Reparasi Mobil dan Sepeda Motor","SBR"],
    ["67257","TRISULA MITRA ARTHA","JL. UMAR KOMP. MUSTAFA INDAH","prelist","MEDAN PERJUANGAN","SEI KERA HILIR II","LINGKUNGAN 14","","","G. Perdagangan Besar dan Eceran, Reparasi Mobil dan Sepeda Motor","SBR"],
    ["67268","WILMER PUTRA AGUNG","JL PROF HM YAMIN SH NO.247C RT. 000 RW. 000","prelist","MEDAN PERJUANGAN","SEI KERA HILIR II","LINGKUNGAN 10","","","G. Perdagangan Besar dan Eceran, Reparasi Mobil dan Sepeda Motor","SBR"],
    ["67295","NEW WORLD HOLIDAYS","JL MADONG LUBIS","prelist","MEDAN PERJUANGAN","PANDAU HILIR","LINGKUNGAN 5","","","N. Jasa Persewaan, Ketenagakerjaan, Agen Perjalanan, dan Jasa Pendukung","SBR"],
    ["67298","TARA TARA ANUGERAH TEHNIK MANDIRI","JL PELITA I","prelist","MEDAN PERJUANGAN","SIDORAME BARAT I","LINGKUNGAN 7","","","C. Industri Pengolahan","SBR"],
    ["67301","ANEKA TEKNIK MANDIRI","JL. PELITA VI GG KUCICA I","prelist","MEDAN PERJUANGAN","TEGAL REJO","LINGKUNGAN 1","","","G. Perdagangan Besar dan Eceran, Reparasi Mobil dan Sepeda Motor","SBR"],
    ["67321","DUTA DAMAR PERKASA","JL DURIAN GG KACUNG","prelist","MEDAN PERJUANGAN","SIDORAME BARAT I","LINGKUNGAN 5","","","G. Perdagangan Besar dan Eceran, Reparasi Mobil dan Sepeda Motor","SBR"],
    ["67345","SUKSES ALAM GEMILANG JAYA","JL SENA","prelist","MEDAN PERJUANGAN","PANDAU HILIR","LINGKUNGAN 2","","","L. Real Estat","SBR"],
    ["67412","GEREJA KRISTUS YESUS","JL. THAMRIN","prelist","MEDAN PERJUANGAN","PANDAU HILIR","LINGKUNGAN 4","","","S. Aktivitas Jasa Lainnya","SBR"],
    ["67431","PERGURUAN HUSNI THAMRIN","JL GALANG NO 1","prelist","MEDAN PERJUANGAN","PANDAU HILIR","LINGKUNGAN 8","","","P. Pendidikan","SBR"],
    ["67442","MEDAN LUBRINDO PRATAMA","JL.SERAM NO.8, PANDAU HILIR","prelist","MEDAN PERJUANGAN","PANDAU HILIR","LINGKUNGAN 1","","","G. Perdagangan Besar dan Eceran, Reparasi Mobil dan Sepeda Motor","SBR"],
    ["67471","HOTNELO ANUGERAH MANDIRI","JALAN SEHATI NOMOR 133 A","prelist","MEDAN PERJUANGAN","TEGAL REJO","LINGKUNGAN 4","","","G. Perdagangan Besar dan Eceran, Reparasi Mobil dan Sepeda Motor","SBR"],
    ["67528","ANITA","JL. M. TAUFIK GG. RUKUN.","prelist","MEDAN PERJUANGAN","TEGAL REJO","LINGKUNGAN 6","","","A. Pertanian, Kehutanan, dan Perikanan","SBR"],
    ["67578","WALET SOLUSINDO","JL PROF HM YAMIN SH","prelist","MEDAN PERJUANGAN","SEI KERA HILIR II","LINGKUNGAN 2","","","N. Jasa Persewaan, Ketenagakerjaan, Agen Perjalanan, dan Jasa Pendukung","SBR"],
    ["67592","AKBAR AR RAHMAN","JL. PAHLAWAN","prelist","MEDAN PERJUANGAN","PAHLAWAN","LINGKUNGAN 13","","","G. Perdagangan Besar dan Eceran, Reparasi Mobil dan Sepeda Motor","SBR"],
    ["67659","TOTAL UTAMA","KMP.MAHONI MAS 3 BLOK.E RT.000 RW.000, SIDORAME BARAT I","prelist","MEDAN PERJUANGAN","SIDORAME BARAT I","LINGKUNGAN 14","","","G. Perdagangan Besar dan Eceran, Reparasi Mobil dan Sepeda Motor","SBR"],
    ["67664","MOTIVINDO PERSADA NUSANTARA","M YAKUB","prelist","MEDAN PERJUANGAN","SEI KERA HILIR II","LINGKUNGAN 10","","","G. Perdagangan Besar dan Eceran, Reparasi Mobil dan Sepeda Motor","SBR"],
    ["67671","GLOBAL SUKSES","JL SEI KERA GG.PRIBADI","prelist","MEDAN PERJUANGAN","SEI KERA HULU","LINGKUNGAN 9","","","G. Perdagangan Besar dan Eceran, Reparasi Mobil dan Sepeda Motor","SBR"],
    ["67692","SUMBER DAYAALAM ABADI","JL HUSNI THAMRIN","prelist","MEDAN PERJUANGAN","PANDAU HILIR","LINGKUNGAN 8","","","G. Perdagangan Besar dan Eceran, Reparasi Mobil dan Sepeda Motor","SBR"],
    ["67707","ANAK PANAH INDONESIA","JL. HM SAID","prelist","MEDAN PERJUANGAN","SIDORAME BARAT I","LINGKUNGAN 6","","","A. Pertanian, Kehutanan, dan Perikanan","SBR"],
    ["67728","PENGEMBANGAN TEKNOLOGI & MANAJEMEN INDONESIA - JERMAN","JL.DELI TUA D/H JL.ENGGANG NO.10/14, PANDAU HILIR","prelist","MEDAN PERJUANGAN","PANDAU HILIR","LINGKUNGAN 4","","","M. Jasa Profesional, Ilmiah, dan Teknis","SBR"],
    ["67733","ANUGERAH JAYA PERKASA","JL PELITA III","prelist","MEDAN PERJUANGAN","SIDORAME BARAT I","LINGKUNGAN 2","","","G. Perdagangan Besar dan Eceran, Reparasi Mobil dan Sepeda Motor","SBR"],
    ["67740","WAHANA KARYA AGUNG","SEHATI NO.51, TEGAL REJO","prelist","MEDAN PERJUANGAN","TEGAL REJO","LINGKUNGAN 8","","","G. Perdagangan Besar dan Eceran, Reparasi Mobil dan Sepeda Motor","SBR"],
    ["67760","MARI KITA BERSYUKUR","JL M YAKOB","prelist","MEDAN PERJUANGAN","SEI KERA HILIR II","LINGKUNGAN 14","","","G. Perdagangan Besar dan Eceran, Reparasi Mobil dan Sepeda Motor","SBR"],
    ["67766","YAYASAN PELITA PELANGI KASIH","JALAN RAKYAT PELITA VI","prelist","MEDAN PERJUANGAN","SIDORAME TIMUR","LINGKUNGAN 15","","","Q. Jasa Kesehatan dan Kegiatan Sosial","SBR"],
    ["67775","HIKMAH JAYA BERSAMA","JL PIMPINAN","prelist","MEDAN PERJUANGAN","SEI KERA HILIR I","LINGKUNGAN 9","","","G. Perdagangan Besar dan Eceran, Reparasi Mobil dan Sepeda Motor","SBR"],
    ["67777","AGRO PERKASA ABADI","JL SUTOMO BARU","prelist","MEDAN PERJUANGAN","PANDAU HILIR","LINGKUNGAN 1","","","G. Perdagangan Besar dan Eceran, Reparasi Mobil dan Sepeda Motor","SBR"],
    ["67782","WILLIE PRATAMA","JL. PROF HM YAMIN SH","prelist","MEDAN PERJUANGAN","PAHLAWAN","LINGKUNGAN 15","","","G. Perdagangan Besar dan Eceran, Reparasi Mobil dan Sepeda Motor","SBR"],
    ["67828","PRIMA PUTRA MANDIRI","TANJUNG KASAU NO 01 RT. 0 RW. 0","prelist","MEDAN PERJUANGAN","PANDAU HILIR","LINGKUNGAN 7","","","G. Perdagangan Besar dan Eceran, Reparasi Mobil dan Sepeda Motor","SBR"],
    ["67847","BOGA AMANDA","JL. PROF. HM. YAMIN SH","prelist","MEDAN PERJUANGAN","PAHLAWAN","LINGKUNGAN 15","","","C. Industri Pengolahan","SBR"],
    ["67868","D THREE KARYA UTAMA","JL PELITA IV","prelist","MEDAN PERJUANGAN","SIDORAME BARAT II","LINGKUNGAN 9","","","G. Perdagangan Besar dan Eceran, Reparasi Mobil dan Sepeda Motor","SBR"],
    ["67869","SWAKARSA MITRABISNIS SEJATI","JL PROF HM YAMIN SH KOMP SERDANG MAS","prelist","MEDAN PERJUANGAN","SEI KERA HULU","LINGKUNGAN 5","","","F. Konstruksi","SBR"],
    ["67915","PEGAWAI NEGERI DEPHUB PROP .SUMATERA UTARA.","JL.PROF.HM.YAMIN SH NO.11, SIDODADI","prelist","MEDAN PERJUANGAN","SEI KERA HULU","LINGKUNGAN 1","","","G. Perdagangan Besar dan Eceran, Reparasi Mobil dan Sepeda Motor","SBR"],
    ["67918","SAMUDRA KARGO INDONESIA","KOMPLEK KRAKATAU GARDEN BLOK B/1 JL SETIA JADI","prelist","MEDAN PERJUANGAN","TEGAL REJO","LINGKUNGAN 14","","","H. Transportasi dan Pergudangan","SBR"],
    ["67938","METTA KARUNA MUDITA UPEKKHA","JALAN SENTOSA LAMA NOMOR 101 C","prelist","MEDAN PERJUANGAN","SEI KERA HULU","LINGKUNGAN 18","","","G. Perdagangan Besar dan Eceran, Reparasi Mobil dan Sepeda Motor","SBR"],
    ["67949","EMPAT BERSAUDARA","JL SETIA JADI KOMPLEK TAMAN SETIA JADI","prelist","MEDAN PERJUANGAN","TEGAL REJO","LINGKUNGAN 15","","","G. Perdagangan Besar dan Eceran, Reparasi Mobil dan Sepeda Motor","SBR"],
    ["67966","VARIA INTRA FINANCE","JL PROF HM YAMIN ,SH","prelist","MEDAN PERJUANGAN","SEI KERA HULU","LINGKUNGAN 4","","","K. Aktivitas Keuangan Dan Asuransi","SBR"],
    ["67971","NAPINDO JAYA","JL.PELITA II NO.111, SIDORAME BARAT II","prelist","MEDAN PERJUANGAN","SIDORAME BARAT II","LINGKUNGAN 3","","","G. Perdagangan Besar dan Eceran, Reparasi Mobil dan Sepeda Motor","SBR"],
    ["67991","PENDIDIKAN MADYA UTAMA","JL.MADIO UTOMO NO.25","prelist","MEDAN PERJUANGAN","SIDORAME TIMUR","LINGKUNGAN 15","","","P. Pendidikan","SBR"],
    ["67993","VARIAMOTOR LESTARI","JL. THAMRIN NO.20-A, PANDAU HILIR","prelist","MEDAN PERJUANGAN","PANDAU HILIR","LINGKUNGAN 2","","","G. Perdagangan Besar dan Eceran, Reparasi Mobil dan Sepeda Motor","SBR"],
    ["68012","PUTRI BANGE 17","JL TUNGGAL","prelist","MEDAN PERJUANGAN","TEGAL REJO","LINGKUNGAN 13","","","G. Perdagangan Besar dan Eceran, Reparasi Mobil dan Sepeda Motor","SBR"],
    ["68063","MUDA INDONESIA","JL. M. YAKUB NO. 53, SEI KERA HILIR II","prelist","MEDAN PERJUANGAN","SEI KERA HILIR II","LINGKUNGAN 5","","","Q. Jasa Kesehatan dan Kegiatan Sosial","SBR"],
    ["68067","PATIH GAJAH MADA","JL BAMBU RUNCING","prelist","MEDAN PERJUANGAN","PAHLAWAN","LINGKUNGAN 12","","","G. Perdagangan Besar dan Eceran, Reparasi Mobil dan Sepeda Motor","SBR"],
    ["68075","SAKHI","DOROWATI NO 5-19 RT.0 RW.0, SIDORAME BARAT I","prelist","MEDAN PERJUANGAN","SIDORAME BARAT I","LINGKUNGAN 7","","","G. Perdagangan Besar dan Eceran, Reparasi Mobil dan Sepeda Motor","SBR"],
    ["68095","BAKTI INTELEKTUAL INDONESIA","JL.PROF.HM.YAMIN SH NO.254, SEI KERA HILIR II","prelist","MEDAN PERJUANGAN","SEI KERA HILIR II","LINGKUNGAN 1","","","Q. Jasa Kesehatan dan Kegiatan Sosial","SBR"],
    ["68130","MULTI MALINDO MANDIRI","JL FLORES NO 26","prelist","MEDAN PERJUANGAN","PANDAU HILIR","LINGKUNGAN 2","","","G. Perdagangan Besar dan Eceran, Reparasi Mobil dan Sepeda Motor","SBR"],
    ["68139","MASYARAKAT PEDULI LALU LINTAS","JL.PROF.HM.YAMIN SH NO.143, SEI KERA HILIR II","prelist","MEDAN PERJUANGAN","SEI KERA HILIR II","LINGKUNGAN 6","","","Q. Jasa Kesehatan dan Kegiatan Sosial","SBR"],
    ["68157","ANUGERAH KARYA BERSAMA","KOMPLEK GRAHA TJ SARI","prelist","MEDAN PERJUANGAN","PANDAU HILIR","LINGKUNGAN 5","","","G. Perdagangan Besar dan Eceran, Reparasi Mobil dan Sepeda Motor","SBR"],
    ["68159","AHZA KANDAR","JL. PROF HM. YAMIN SH","prelist","MEDAN PERJUANGAN","SEI KERA HULU","LINGKUNGAN 4","","","G. Perdagangan Besar dan Eceran, Reparasi Mobil dan Sepeda Motor","SBR"],
    ["68178","BERKAH AMESTAKU INDONESIA JAYA","JL. SEHATI","prelist","MEDAN PERJUANGAN","TEGAL REJO","LINGKUNGAN 9","","","G. Perdagangan Besar dan Eceran, Reparasi Mobil dan Sepeda Motor","SBR"],
    ["68183","DIRGA NUSANTARA","JL PASAR III KRAKATAU GG MERAK NO 4","prelist","MEDAN PERJUANGAN","TEGAL REJO","LINGKUNGAN 11","","","G. Perdagangan Besar dan Eceran, Reparasi Mobil dan Sepeda Motor","SBR"],
    ["68198","SAPTA INTI OLAH NEGERI","JL HM SAID","prelist","MEDAN PERJUANGAN","SIDORAME BARAT I","LINGKUNGAN 6","","","G. Perdagangan Besar dan Eceran, Reparasi Mobil dan Sepeda Motor","SBR"],
    ["68202","CIPTA MANDIRI","JL.DOROWATI LR.REJO NO.17, SIDORAME BARAT I","prelist","MEDAN PERJUANGAN","SIDORAME BARAT I","LINGKUNGAN 9","","","G. Perdagangan Besar dan Eceran, Reparasi Mobil dan Sepeda Motor","SBR"],
    ["68219","SD SWASTA ADHYAKSA","JL HM SAID","prelist","MEDAN PERJUANGAN","SIDORAME BARAT I","LINGKUNGAN 6","","","P. Pendidikan","SBR"],
    ["68247","SINAR MAKMUR","JL. KESEHATAN GG. BAHAGIA NO. 7, SEI KERA HILIR I","prelist","MEDAN PERJUANGAN","SEI KERA HILIR I","LINGKUNGAN 11","","","H. Transportasi dan Pergudangan","SBR"],
    ["68254","RETRO PERKASA","JL HM YAMIN SH","prelist","MEDAN PERJUANGAN","SEI KERA HULU","LINGKUNGAN 3","","","N. Jasa Persewaan, Ketenagakerjaan, Agen Perjalanan, dan Jasa Pendukung","SBR"],
    ["68275","SULTAN PERINTIS PERKASA","JL HOS COKROAMINOTO LK XIV","prelist","MEDAN PERJUANGAN","SEI KERA HULU","LINGKUNGAN 15","","","G. Perdagangan Besar dan Eceran, Reparasi Mobil dan Sepeda Motor","SBR"],
    ["68298","TUNAS ASLI MULIA","JL MESJID TAUFIK NO 51","prelist","MEDAN PERJUANGAN","TEGAL REJO","LINGKUNGAN 6","","","G. Perdagangan Besar dan Eceran, Reparasi Mobil dan Sepeda Motor","SBR"],
    ["68303","SURYAMAS INDOPRATAMA","JL MALAKA","prelist","MEDAN PERJUANGAN","PANDAU HILIR","LINGKUNGAN 5","","","G. Perdagangan Besar dan Eceran, Reparasi Mobil dan Sepeda Motor","SBR"],
    ["68322","PAMA ASRI GEMILANG","JL.MESJID TAUFIQ NO.114, TEGAL REJO","prelist","MEDAN PERJUANGAN","TEGAL REJO","LINGKUNGAN 13","","","G. Perdagangan Besar dan Eceran, Reparasi Mobil dan Sepeda Motor","SBR"],
    ["68324","MANDIRI JAYA PERKASA","JL. PAHLAWAN","prelist","MEDAN PERJUANGAN","PAHLAWAN","LINGKUNGAN 4","","","G. Perdagangan Besar dan Eceran, Reparasi Mobil dan Sepeda Motor","SBR"],
    ["68331","INANTA LAND","JL. GURILLA GG AMAT NO 14 RT. 0 RW. 000","prelist","MEDAN PERJUANGAN","SEI KERA HILIR II","LINGKUNGAN 4","","","G. Perdagangan Besar dan Eceran, Reparasi Mobil dan Sepeda Motor","SBR"],
    ["68365","MULTI SEJAHTERA","JL PERJUANGAN GANG TUNGGAL","prelist","MEDAN PERJUANGAN","SIDORAME TIMUR","LINGKUNGAN 9","","","G. Perdagangan Besar dan Eceran, Reparasi Mobil dan Sepeda Motor","SBR"],
    ["68389","KEKAL JAYA","JL MALAKA","prelist","MEDAN PERJUANGAN","PANDAU HILIR","LINGKUNGAN 5","","","G. Perdagangan Besar dan Eceran, Reparasi Mobil dan Sepeda Motor","SBR"],
    ["68403","DENKA LOGISTIK INDONESIA","JL PASAR III KRAKATAU GG MERAK","prelist","MEDAN PERJUANGAN","TEGAL REJO","LINGKUNGAN 11","","","G. Perdagangan Besar dan Eceran, Reparasi Mobil dan Sepeda Motor","SBR"],
    ["68436","PUTRI KEMBAR","JL. KEBUN BUNGA NO. 16 LR. V RT. 000 RW. 000","prelist","MEDAN PERJUANGAN","SEI KERA HULU","LINGKUNGAN 2","","","N. Jasa Persewaan, Ketenagakerjaan, Agen Perjalanan, dan Jasa Pendukung","SBR"],
    ["68439","BATANG ILUNG","JL.PELITA IV NO.34, SIDORAME BARAT I","prelist","MEDAN PERJUANGAN","SIDORAME BARAT I","LINGKUNGAN 1","","","F. Konstruksi","SBR"],
    ["68447","TRILAKSANA TEKNINDO AGUNG","JL.MESJID TAUFIQ NO.137, TEGAL REJO","prelist","MEDAN PERJUANGAN","TEGAL REJO","LINGKUNGAN 4","","","G. Perdagangan Besar dan Eceran, Reparasi Mobil dan Sepeda Motor","SBR"],
    ["68451","SURYA KUMALA","JL SUTOMO","prelist","MEDAN PERJUANGAN","PANDAU HILIR","LINGKUNGAN 2","","","G. Perdagangan Besar dan Eceran, Reparasi Mobil dan Sepeda Motor","SBR"],
    ["68460","INVASI TEKNOLOGI","JL HM SAID","prelist","MEDAN PERJUANGAN","SIDORAME BARAT I","LINGKUNGAN 6","","","G. Perdagangan Besar dan Eceran, Reparasi Mobil dan Sepeda Motor","SBR"],
    ["68488","ANDI INDAH","JL GURILLA GG PAERAN","prelist","MEDAN PERJUANGAN","SEI KERA HILIR I","LINGKUNGAN 5","","","G. Perdagangan Besar dan Eceran, Reparasi Mobil dan Sepeda Motor","SBR"],
    ["68507","WAHANA ANTARTIKA","SETIA JADI NO.94, TEGAL REJO","prelist","MEDAN PERJUANGAN","TEGAL REJO","LINGKUNGAN 13","","","G. Perdagangan Besar dan Eceran, Reparasi Mobil dan Sepeda Motor","SBR"],
    ["68538","RAHMAT MANDIRI","JL M YACUB GG HASIBAH","prelist","MEDAN PERJUANGAN","SEI KERA HILIR II","LINGKUNGAN 14","","","G. Perdagangan Besar dan Eceran, Reparasi Mobil dan Sepeda Motor","SBR"],
    ["68554","BINTANG UTAMA","JL.GURILLA NO.125 RT. 0 RW. 0, SEI KERA HILIR I","prelist","MEDAN PERJUANGAN","SEI KERA HILIR I","LINGKUNGAN 4","","","G. Perdagangan Besar dan Eceran, Reparasi Mobil dan Sepeda Motor","SBR"],
    ["68559","ASIA BINA SUKSES","JL PELITA I","prelist","MEDAN PERJUANGAN","SIDORAME BARAT I","LINGKUNGAN 5","","","G. Perdagangan Besar dan Eceran, Reparasi Mobil dan Sepeda Motor","SBR"],
    ["68568","PT. PLUS FOCUS PUBLIKA","JALAN SEHATI NO. 146","prelist","MEDAN PERJUANGAN","TEGAL REJO","LINGKUNGAN 4","","","G. Perdagangan Besar dan Eceran, Reparasi Mobil dan Sepeda Motor","SBR"],
    ["68618","RAKHA KARYA UTAMA","MESJID TAUFIK GG SYUKUR NO 07 RT.0 RW.00, TEGAL REJO","prelist","MEDAN PERJUANGAN","TEGAL REJO","LINGKUNGAN 7","","","G. Perdagangan Besar dan Eceran, Reparasi Mobil dan Sepeda Motor","SBR"],
    ["68627","DAMAR MAKMUR PERKASA","JL JATI MAS","prelist","MEDAN PERJUANGAN","SIDORAME BARAT I","LINGKUNGAN 7","","","G. Perdagangan Besar dan Eceran, Reparasi Mobil dan Sepeda Motor","SBR"],
    ["68640","BANTAYAN MEGAH","JL HOS COKROAMINOTO","prelist","MEDAN PERJUANGAN","SEI KERA HULU","LINGKUNGAN 15","","","F. Konstruksi","SBR"],
    ["68665","CODESHOP MEDAN","JL. RAKYAT PASAR I NO. 25 MEDAN","prelist","MEDAN PERJUANGAN","SIDORAME TIMUR","LINGKUNGAN 11","","","C. Industri Pengolahan","SBR"],
    ["68666","TRI WANGSA GEMILANG","JALAN SEI KERA NOMOR 112/124","prelist","MEDAN PERJUANGAN","PANDAU HILIR","LINGKUNGAN 2","","","G. Perdagangan Besar dan Eceran, Reparasi Mobil dan Sepeda Motor","SBR"],
    ["68699","TUNAS CITRA INDONESIA","JL.HUSNI THAMRIN NO.33 LK.IV RT.000 RW.000, PANDAU HILIR","prelist","MEDAN PERJUANGAN","PANDAU HILIR","LINGKUNGAN 4","","","G. Perdagangan Besar dan Eceran, Reparasi Mobil dan Sepeda Motor","SBR"],
    ["68718","CITRA NUANSA PERSADA","JL.PELITA I NO.40-A, SIDORAME BARAT I","prelist","MEDAN PERJUANGAN","SIDORAME BARAT II","LINGKUNGAN 5","","","R. Kesenian, Hiburan, dan Rekreasi","SBR"],
    ["68745","MITRA MANUNGGAL CONSULTANT","JL. MAPILINDO LT I","prelist","MEDAN PERJUANGAN","TEGAL REJO","LINGKUNGAN 13","","","M. Jasa Profesional, Ilmiah, dan Teknis","SBR"],
    ["68774","BONARTHA CLARIN","JL PERTEMUAN NO 45","prelist","MEDAN PERJUANGAN","SIDORAME TIMUR","LINGKUNGAN 6","","","G. Perdagangan Besar dan Eceran, Reparasi Mobil dan Sepeda Motor","SBR"],
    ["68811","DELTA PRIMA ABADI","JL MESJID TAUFIQ NO 51","prelist","MEDAN PERJUANGAN","TEGAL REJO","LINGKUNGAN 6","","","G. Perdagangan Besar dan Eceran, Reparasi Mobil dan Sepeda Motor","SBR"],
    ["68837","RASYA MUTIARA REZEKI","JL MAPILINDO","prelist","MEDAN PERJUANGAN","TEGAL REJO","LINGKUNGAN 13","","","G. Perdagangan Besar dan Eceran, Reparasi Mobil dan Sepeda Motor","SBR"],
    ["68849","KENCANA FANIRA ABADI","JL PRAJURIT","prelist","MEDAN PERJUANGAN","SIDORAME BARAT I","LINGKUNGAN 11","","","G. Perdagangan Besar dan Eceran, Reparasi Mobil dan Sepeda Motor","SBR"],
    ["68870","SUMBER REZEKI MANDIRI","JL.GALANG NO.26, PANDAU HILIR","prelist","MEDAN PERJUANGAN","PANDAU HILIR","LINGKUNGAN 8","","","F. Konstruksi","SBR"],
    ["68871","MULIA TETAP GEMILANG","JL.HOS.COKROAMINOTO NO.3, PANDAU HILIR","prelist","MEDAN PERJUANGAN","PANDAU HILIR","LINGKUNGAN 3","","","F. Konstruksi","SBR"],
    ["68881","LOLA BERSAMA","JL.NEGARA NO.01/02, PAHLAWAN","prelist","MEDAN PERJUANGAN","PAHLAWAN","LINGKUNGAN 11","","","C. Industri Pengolahan","SBR"],
    ["69018","SENA","JL RAKYAT NO 90","prelist","MEDAN PERJUANGAN","TEGAL REJO","LINGKUNGAN 3","","","G. Perdagangan Besar dan Eceran, Reparasi Mobil dan Sepeda Motor","SBR"],
    ["69021","SINAR MURNI","JL.AMBON NO.39, PANDAU HILIR","prelist","MEDAN PERJUANGAN","PANDAU HILIR","LINGKUNGAN 1","","","G. Perdagangan Besar dan Eceran, Reparasi Mobil dan Sepeda Motor","SBR"],
    ["69024","MARSHANDA","JL.MESJID TAUFIK NO.33 MEDAN, TEGAL REJO","prelist","MEDAN PERJUANGAN","TEGAL REJO","LINGKUNGAN 6","","","G. Perdagangan Besar dan Eceran, Reparasi Mobil dan Sepeda Motor","SBR"],
    ["69055","NAGA BINTANG REJEKI","JALAN GALANG NOMOR 28","prelist","MEDAN PERJUANGAN","PANDAU HILIR","LINGKUNGAN 8","","","G. Perdagangan Besar dan Eceran, Reparasi Mobil dan Sepeda Motor","SBR"],
    ["69088","GENIS MANDIRI","JL PERJUANGAN GG TUNGGAL NO 11","prelist","MEDAN PERJUANGAN","SIDORAME TIMUR","LINGKUNGAN 5","","","G. Perdagangan Besar dan Eceran, Reparasi Mobil dan Sepeda Motor","SBR"],
    ["69112","SINAR ENERGY MANDIRI","JL. M. YAKUB GG. SIDDIK","prelist","MEDAN PERJUANGAN","SEI KERA HILIR II","LINGKUNGAN 13","","","G. Perdagangan Besar dan Eceran, Reparasi Mobil dan Sepeda Motor","SBR"],
    ["69122","MUSTIKA RAJA","JL.PELITA VI NO.59, TEGAL REJO","prelist","MEDAN PERJUANGAN","TEGAL REJO","LINGKUNGAN 2","","","G. Perdagangan Besar dan Eceran, Reparasi Mobil dan Sepeda Motor","SBR"],
    ["69142","MITRA TRANSINDO PERSADA","JL. PASAR III KRAKATAU GG MERAK","prelist","MEDAN PERJUANGAN","TEGAL REJO","LINGKUNGAN 14","","","H. Transportasi dan Pergudangan","SBR"],
    ["69152","SD SWASTA ZAHIRA","JL IBRAHIM UMAR NO 19, SEI KERA HILIR I","prelist","MEDAN PERJUANGAN","SEI KERA HILIR I","LINGKUNGAN 7","","","P. Pendidikan","SBR"],
    ["69156","SATURA MANAGEMENT","JL.PELITA I NO.13","prelist","MEDAN PERJUANGAN","SIDORAME BARAT I","LINGKUNGAN 4","","","G. Perdagangan Besar dan Eceran, Reparasi Mobil dan Sepeda Motor","SBR"],
    ["69164","AL GUFRON","JL. PERJUANGAN GG SUKAMAJU","prelist","MEDAN PERJUANGAN","SEI KERA HILIR I","LINGKUNGAN 10","","","G. Perdagangan Besar dan Eceran, Reparasi Mobil dan Sepeda Motor","SBR"],
    ["69190","MULTI SARANA INDAH","JL SEHATI GG PRIBADI","prelist","MEDAN PERJUANGAN","TEGAL REJO","LINGKUNGAN 9","","","G. Perdagangan Besar dan Eceran, Reparasi Mobil dan Sepeda Motor","SBR"],
    ["69197","MEDIA PERSADA","JL.PROF.H.M.YAMIN.SH NO.452, PAHLAWAN","prelist","MEDAN PERJUANGAN","SEI KERA HULU","LINGKUNGAN 9","","","G. Perdagangan Besar dan Eceran, Reparasi Mobil dan Sepeda Motor","SBR"],
    ["69219","YAN YAN BAKING INDONESIA","JL PROF HM YAMIN SH","prelist","MEDAN PERJUANGAN","SEI KERA HILIR I","LINGKUNGAN 1","","","G. Perdagangan Besar dan Eceran, Reparasi Mobil dan Sepeda Motor","SBR"],
    ["69231","DELI KENCANA FOOD","JL THAMRIN","prelist","MEDAN PERJUANGAN","PANDAU HILIR","LINGKUNGAN 4","","","G. Perdagangan Besar dan Eceran, Reparasi Mobil dan Sepeda Motor","SBR"],
    ["69250","MANDIRI","JL. PASAR 3 GG BUNTU 3 NO 90 RT. 0 RW. 0, TEGAL REJO","prelist","MEDAN PERJUANGAN","TEGAL REJO","LINGKUNGAN 14","","","G. Perdagangan Besar dan Eceran, Reparasi Mobil dan Sepeda Motor","SBR"],
    ["69254","BERDIKARI","JL.SOLANG SALING NO.72-28-B RT.0 RW.0, PAHLAWAN","prelist","MEDAN PERJUANGAN","SEI KERA HULU","LINGKUNGAN 18","","","G. Perdagangan Besar dan Eceran, Reparasi Mobil dan Sepeda Motor","SBR"],
    ["69273","ANUGERAH MANDIRI","JL PELITA II KOMPLEK PELITA II RESIDEN NO B7 RT. 000 RW. 00","prelist","MEDAN PERJUANGAN","SIDORAME BARAT II","LINGKUNGAN 7","","","G. Perdagangan Besar dan Eceran, Reparasi Mobil dan Sepeda Motor","SBR"],
    ["69276","LUCKY COINS","JL.NEGARA NO.33/44-A, PAHLAWAN","prelist","MEDAN PERJUANGAN","PAHLAWAN","LINGKUNGAN 11","","","G. Perdagangan Besar dan Eceran, Reparasi Mobil dan Sepeda Motor","SBR"],
    ["69302","MITRA KITA","JL SEI KERA","prelist","MEDAN PERJUANGAN","PANDAU HILIR","LINGKUNGAN 4","","","G. Perdagangan Besar dan Eceran, Reparasi Mobil dan Sepeda Motor","SBR"],
    ["69320","CHAIRANI","JL MESJID TAUFIQ","prelist","MEDAN PERJUANGAN","TEGAL REJO","LINGKUNGAN 7","","","G. Perdagangan Besar dan Eceran, Reparasi Mobil dan Sepeda Motor","SBR"],
    ["69327","SANTINILESTARI GEMILANG UTAMA","JL SETIA JADI KOMPLEK KRAKATAU RESIDENCE","prelist","MEDAN PERJUANGAN","TEGAL REJO","LINGKUNGAN 15","","","G. Perdagangan Besar dan Eceran, Reparasi Mobil dan Sepeda Motor","SBR"],
    ["69340","LUSINDO MAKMUR SENTOSA","JL KERIS NO","prelist","MEDAN PERJUANGAN","PAHLAWAN","LINGKUNGAN 8","","","G. Perdagangan Besar dan Eceran, Reparasi Mobil dan Sepeda Motor","SBR"],
    ["69431","ARB JAYA KONSULTAN","JL. PERJUANGAN","prelist","MEDAN PERJUANGAN","SIDORAME TIMUR","LINGKUNGAN 7","","","M. Jasa Profesional, Ilmiah, dan Teknis","SBR"],
    ["69450","WANDA","ASR.KOWILHAN I/SEJATI K NO.13, SIDORAME BARAT I","prelist","MEDAN PERJUANGAN","SIDORAME BARAT I","LINGKUNGAN 9","","","J. Informasi dan Komunikasi","SBR"],
    ["69453","FORUM KOMUNIKASI PENGEMUDI SUMUT","MADIO UTOMO NO 86 RT.0 RW.0, SIDORAME TIMUR","prelist","MEDAN PERJUANGAN","SIDORAME TIMUR","LINGKUNGAN 14","","","Q. Jasa Kesehatan dan Kegiatan Sosial","SBR"],
    ["69480","SIMEG","JL MESJID TAUFIK GG.BUDI","prelist","MEDAN PERJUANGAN","TEGAL REJO","LINGKUNGAN 5","","","G. Perdagangan Besar dan Eceran, Reparasi Mobil dan Sepeda Motor","SBR"],
    ["69580","DIN NA DEL","JL. MADIO UTOMO GG. LUBIS","prelist","MEDAN PERJUANGAN","TEGAL REJO","LINGKUNGAN 3","","","G. Perdagangan Besar dan Eceran, Reparasi Mobil dan Sepeda Motor","SBR"],
    ["69584","YAAZADA INDONESIA","JL M YAKUB GG MANDORSURO","prelist","MEDAN PERJUANGAN","SEI KERA HILIR II","LINGKUNGAN 14","","","C. Industri Pengolahan","SBR"],
    ["69601","CHAYA MURNI","JL. SAKTI","prelist","MEDAN PERJUANGAN","PAHLAWAN","LINGKUNGAN 4","","","G. Perdagangan Besar dan Eceran, Reparasi Mobil dan Sepeda Motor","SBR"],
    ["69618","JODY","JL PERMAI GG KATIK WALIK","prelist","MEDAN PERJUANGAN","SIDORAME TIMUR","LINGKUNGAN 14","","","G. Perdagangan Besar dan Eceran, Reparasi Mobil dan Sepeda Motor","SBR"],
    ["69630","DWI KARYA CIPTA SOFTINDO","JL SIANTAR","prelist","MEDAN PERJUANGAN","PANDAU HILIR","LINGKUNGAN 6","","","J. Informasi dan Komunikasi","SBR"],
    ["69668","MANUNGGAL RIAMERTA DEVELOPMENT CONSULTANT","JL. DWIKORA NO. 29","prelist","MEDAN PERJUANGAN","TEGAL REJO","LINGKUNGAN 2","","","M. Jasa Profesional, Ilmiah, dan Teknis","SBR"],
    ["69703","TIGA WARNA PERKASA","JL. MESJID TAUFIK GG RAMBUTAN","prelist","MEDAN PERJUANGAN","TEGAL REJO","LINGKUNGAN 7","","","G. Perdagangan Besar dan Eceran, Reparasi Mobil dan Sepeda Motor","SBR"],
    ["69704","DWIJAYA TEKNIK","MAPILINDO GG FAMILI NO 7 RT.0 RW.0, TEGAL REJO","prelist","MEDAN PERJUANGAN","TEGAL REJO","LINGKUNGAN 13","","","G. Perdagangan Besar dan Eceran, Reparasi Mobil dan Sepeda Motor","SBR"],
    ["69723","PERDANA","JL PERMAI GG SION","prelist","MEDAN PERJUANGAN","SIDORAME TIMUR","LINGKUNGAN 15","","","G. Perdagangan Besar dan Eceran, Reparasi Mobil dan Sepeda Motor","SBR"],
    ["69751","CIPTA KARYA NUSANTARA","JL KESEHATAN GG. SAKTI","prelist","MEDAN PERJUANGAN","SEI KERA HILIR I","LINGKUNGAN 3","","","G. Perdagangan Besar dan Eceran, Reparasi Mobil dan Sepeda Motor","SBR"],
    ["69754","SUKSES BERKAT SWASTIKA","JL VETERAN DALAM","prelist","MEDAN PERJUANGAN","PANDAU HILIR","LINGKUNGAN 1","","","G. Perdagangan Besar dan Eceran, Reparasi Mobil dan Sepeda Motor","SBR"],
    ["69791","SUARA KREASI NUSANTARA","JL PELITA III","prelist","MEDAN PERJUANGAN","SIDORAME BARAT I","LINGKUNGAN 2","","","G. Perdagangan Besar dan Eceran, Reparasi Mobil dan Sepeda Motor","SBR"],
    ["69847","MAJU BERSAMA","JL.M YAKUB NO.63-A, SEI KERA HILIR II","prelist","MEDAN PERJUANGAN","SEI KERA HILIR II","LINGKUNGAN 7","","","J. Informasi dan Komunikasi","SBR"],
    ["69877","ARTA JAYA","JL. DOROWATI LR. REJO LING. X","prelist","MEDAN PERJUANGAN","SIDORAME BARAT I","LINGKUNGAN 10","","","G. Perdagangan Besar dan Eceran, Reparasi Mobil dan Sepeda Motor","SBR"],
    ["69882","GRACIA JAYA ABADI","JL.DOROWATI LR.GEREJA NO.27-A, SIDORAME BARAT I","prelist","MEDAN PERJUANGAN","SIDORAME BARAT I","LINGKUNGAN 9","","","G. Perdagangan Besar dan Eceran, Reparasi Mobil dan Sepeda Motor","SBR"],
    ["69905","SAN","JL PERJUANGAN","prelist","MEDAN PERJUANGAN","SEI KERA HILIR I","LINGKUNGAN 9","","","G. Perdagangan Besar dan Eceran, Reparasi Mobil dan Sepeda Motor","SBR"],
    ["69908","SERENA MANDIRI UTAMA","JL GURILLA","prelist","MEDAN PERJUANGAN","SEI KERA HILIR I","LINGKUNGAN 5","","","G. Perdagangan Besar dan Eceran, Reparasi Mobil dan Sepeda Motor","SBR"],
    ["69914","MATEMATIKA","JL.PELITA-IV NO.17, SIDORAME BARAT I","prelist","MEDAN PERJUANGAN","SIDORAME BARAT I","LINGKUNGAN 1","","","G. Perdagangan Besar dan Eceran, Reparasi Mobil dan Sepeda Motor","SBR"],
    ["69924","MAHA KARYA MULIA","JL RAKYAT GG BARUMUN","prelist","MEDAN PERJUANGAN","TEGAL REJO","LINGKUNGAN 12","","","G. Perdagangan Besar dan Eceran, Reparasi Mobil dan Sepeda Motor","SBR"],
    ["69946","AP RAPTAMA JAYA","JL PERKUTUT, SIDORAME TIMUR","prelist","MEDAN PERJUANGAN","SIDORAME TIMUR","LINGKUNGAN 13","","","G. Perdagangan Besar dan Eceran, Reparasi Mobil dan Sepeda Motor","SBR"],
    ["70010","JAYA FEDORA ABADI","JL PELITA I NO 92","prelist","MEDAN PERJUANGAN","SIDORAME BARAT II","LINGKUNGAN 2","","","G. Perdagangan Besar dan Eceran, Reparasi Mobil dan Sepeda Motor","SBR"],
    ["70016","BAROKAH MAKMUR ABADI","GURILLA GG AL KAUSAR NO 5 RT.00 RW.0, SEI KERA HILIR I","prelist","MEDAN PERJUANGAN","SEI KERA HILIR I","LINGKUNGAN 11","","","G. Perdagangan Besar dan Eceran, Reparasi Mobil dan Sepeda Motor","SBR"],
    ["70024","TIGA SIDOLI JAYA","JL PELITA GG PEPAYA NO 16","prelist","MEDAN PERJUANGAN","SIDORAME BARAT I","LINGKUNGAN 3","","","G. Perdagangan Besar dan Eceran, Reparasi Mobil dan Sepeda Motor","SBR"],
    ["70030","KARYA LESTARI","JL.KERIS NO.6-A, PAHLAWAN","prelist","MEDAN PERJUANGAN","PAHLAWAN","LINGKUNGAN 8","","","G. Perdagangan Besar dan Eceran, Reparasi Mobil dan Sepeda Motor","SBR"],
    ["70047","PEDULI HIV AIDS DAN NARKOTIKA INDONESIA (LPHANI)","JL. MAPILINDO","prelist","MEDAN PERJUANGAN","TEGAL REJO","LINGKUNGAN 13","","","Q. Jasa Kesehatan dan Kegiatan Sosial","SBR"],
    ["70066","SINAR MAJU","JL.PROF.HM.YAMIN,SH NO.266 MEDAN, SEI KERA HILIR II","prelist","MEDAN PERJUANGAN","SEI KERA HILIR II","LINGKUNGAN 1","","","G. Perdagangan Besar dan Eceran, Reparasi Mobil dan Sepeda Motor","SBR"],
    ["70095","INDEX'S PERSADA GRUP","JL. MESJID TAUFIK GG RAMBUTAN","prelist","MEDAN PERJUANGAN","TEGAL REJO","LINGKUNGAN 12","","","G. Perdagangan Besar dan Eceran, Reparasi Mobil dan Sepeda Motor","SBR"],
    ["70100","JASA KARYA","JL.RAKYAT PASAR II NO.89, SIDORAME TIMUR","prelist","MEDAN PERJUANGAN","SIDORAME TIMUR","LINGKUNGAN 11","","","J. Informasi dan Komunikasi","SBR"],
    ["70104","BARAT PUTRA MANDIRI","JL. PELITA II","prelist","MEDAN PERJUANGAN","SIDORAME TIMUR","LINGKUNGAN 11","","","G. Perdagangan Besar dan Eceran, Reparasi Mobil dan Sepeda Motor","SBR"],
    ["70128","BATU UNGGUL MAKMUR","JL MADONG LUBIS","prelist","MEDAN PERJUANGAN","PANDAU HILIR","LINGKUNGAN 6","","","G. Perdagangan Besar dan Eceran, Reparasi Mobil dan Sepeda Motor","SBR"],
    ["70194","TANPA BATAS","JL PERJUANGAN GG TABAH","prelist","MEDAN PERJUANGAN","SEI KERA HILIR I","LINGKUNGAN 9","","","G. Perdagangan Besar dan Eceran, Reparasi Mobil dan Sepeda Motor","SBR"],
    ["70196","MEDCOM JAYA PERKASA","JL BADIK","prelist","MEDAN PERJUANGAN","PAHLAWAN","LINGKUNGAN 7","","","G. Perdagangan Besar dan Eceran, Reparasi Mobil dan Sepeda Motor","SBR"],
    ["70203","GANTARA","JL SENTOSA GG ANTARA","prelist","MEDAN PERJUANGAN","SEI KERA HULU","LINGKUNGAN 19","","","G. Perdagangan Besar dan Eceran, Reparasi Mobil dan Sepeda Motor","SBR"],
    ["70208","DEWI ELEKTRICA","JL RAKYAT","prelist","MEDAN PERJUANGAN","TEGAL REJO","LINGKUNGAN 7","","","G. Perdagangan Besar dan Eceran, Reparasi Mobil dan Sepeda Motor","SBR"],
    ["70209","FIVE RIVERS INTERNATIONAL","JL MESJID TAUFIQ","prelist","MEDAN PERJUANGAN","TEGAL REJO","LINGKUNGAN 7","","","G. Perdagangan Besar dan Eceran, Reparasi Mobil dan Sepeda Motor","SBR"],
    ["70309","ERA JAYA PERDANA","JL SETIA JADI","prelist","MEDAN PERJUANGAN","TEGAL REJO","LINGKUNGAN 15","","","G. Perdagangan Besar dan Eceran, Reparasi Mobil dan Sepeda Motor","SBR"],
    ["70324","BERKAH DUA PUTRA","JL. DOROWATI LR. REJO LING. X","prelist","MEDAN PERJUANGAN","SIDORAME BARAT I","LINGKUNGAN 9","","","G. Perdagangan Besar dan Eceran, Reparasi Mobil dan Sepeda Motor","SBR"],
    ["70330","WIRA INTI NIAGA","PROF HM YAMIN SH /KOMPLEK SERDANG MAS","prelist","MEDAN PERJUANGAN","SEI KERA HULU","LINGKUNGAN 5","","","G. Perdagangan Besar dan Eceran, Reparasi Mobil dan Sepeda Motor","SBR"],
    ["70350","PERDANA TAMA","JL PROF HM YAMIN SH","prelist","MEDAN PERJUANGAN","SEI KERA HULU","LINGKUNGAN 4","","","J. Informasi dan Komunikasi","SBR"],
    ["70389","SAFA MARWAH","JL PROF HM YAMIN SH GG.HABIR","prelist","MEDAN PERJUANGAN","SEI KERA HULU","LINGKUNGAN 8","","","G. Perdagangan Besar dan Eceran, Reparasi Mobil dan Sepeda Motor","SBR"],
    ["70397","RAHMAT ELEKTRONIC UTAMA","JL.SEI KERA NO.245, SEI KERA HULU","prelist","MEDAN PERJUANGAN","SEI KERA HULU","LINGKUNGAN 4","","","G. Perdagangan Besar dan Eceran, Reparasi Mobil dan Sepeda Motor","SBR"],
    ["70445","KARYAWAN PAROMA CAB.MEDAN","JL.PELITA IV NO.40, SIDORAME TIMUR","prelist","MEDAN PERJUANGAN","SIDORAME TIMUR","LINGKUNGAN 15","","","J. Informasi dan Komunikasi","SBR"],
    ["70449","EKA WIRA ABADI","JALAN VETERAN","prelist","MEDAN PERJUANGAN","PANDAU HILIR","LINGKUNGAN 1","","","G. Perdagangan Besar dan Eceran, Reparasi Mobil dan Sepeda Motor","SBR"],
    ["70453","CIPTA SAUDARA ABADI","JL THAMRIN","prelist","MEDAN PERJUANGAN","PANDAU HILIR","LINGKUNGAN 1","","","G. Perdagangan Besar dan Eceran, Reparasi Mobil dan Sepeda Motor","SBR"],
    ["70481","MEGAH CHITRA INTAN LESTARI","JL. PROF. H.M. YAMIN, S.H.","prelist","MEDAN PERJUANGAN","PAHLAWAN","LINGKUNGAN 15","","","G. Perdagangan Besar dan Eceran, Reparasi Mobil dan Sepeda Motor","SBR"],
    ["70498","SUKSES MUJUR ABADI","JL SERAM DALAM","prelist","MEDAN PERJUANGAN","PANDAU HILIR","LINGKUNGAN 1","","","G. Perdagangan Besar dan Eceran, Reparasi Mobil dan Sepeda Motor","SBR"],
    ["70538","NUSA CIPTA PERDANA","JL.MESJID TAUFIK NO.36, TEGAL REJO","prelist","MEDAN PERJUANGAN","TEGAL REJO","LINGKUNGAN 5","","","G. Perdagangan Besar dan Eceran, Reparasi Mobil dan Sepeda Motor","SBR"],
    ["70565","AGRO JAYA PERKASA","JL.PROF.HM.YAMIN KOMPLEKS SERDANG MAS BLOK C","prelist","MEDAN PERJUANGAN","SEI KERA HULU","LINGKUNGAN 5","","","G. Perdagangan Besar dan Eceran, Reparasi Mobil dan Sepeda Motor","SBR"],
    ["70575","SUMBER UTAMA MEDICALINDO","JL PROF HM YAMIN SH","prelist","MEDAN PERJUANGAN","PAHLAWAN","LINGKUNGAN 15","","","G. Perdagangan Besar dan Eceran, Reparasi Mobil dan Sepeda Motor","SBR"],
    ["70639","MASYARAKAT EKONOMI KREATIF KELUARGA SEJAHTERA INDONESIA","JL. RAKYAT GG. PELAJAR","prelist","MEDAN PERJUANGAN","TEGAL REJO","LINGKUNGAN 4","","","S. Aktivitas Jasa Lainnya","SBR"],
    ["70665","DHARMA KENCANA ABADI","JL.SUTOMO BARU NO.11, PANDAU HILIR","prelist","MEDAN PERJUANGAN","PANDAU HILIR","LINGKUNGAN 1","","","G. Perdagangan Besar dan Eceran, Reparasi Mobil dan Sepeda Motor","SBR"],
    ["70705","MARISON","JL RAKYAT","prelist","MEDAN PERJUANGAN","SIDORAME TIMUR","LINGKUNGAN 11","","","G. Perdagangan Besar dan Eceran, Reparasi Mobil dan Sepeda Motor","SBR"],
    ["70721","SINAR BARU MUTIARA MANDIRI","JL PERMAI GANG KATIK WALIK , SIDORAME TIMUR","prelist","MEDAN PERJUANGAN","SIDORAME TIMUR","LINGKUNGAN 14","","","G. Perdagangan Besar dan Eceran, Reparasi Mobil dan Sepeda Motor","SBR"],
    ["70751","SEU BERKAH","JL PROF HM YAMIN SH GG KELAMBIR","prelist","MEDAN PERJUANGAN","SEI KERA HULU","LINGKUNGAN 1","","","G. Perdagangan Besar dan Eceran, Reparasi Mobil dan Sepeda Motor","SBR"],
    ["70879","SEMESTA JAYA","JL. MALAKA LK. IV","prelist","MEDAN PERJUANGAN","PANDAU HILIR","LINGKUNGAN 5","","","G. Perdagangan Besar dan Eceran, Reparasi Mobil dan Sepeda Motor","SBR"],
    ["70881","CITRA PERTIWI","JL.PELITA IV NO.105, SIDORAME BARAT II","prelist","MEDAN PERJUANGAN","SIDORAME BARAT II","LINGKUNGAN 8","","","F. Konstruksi","SBR"],
    ["70897","KHARISMA ABADI","JL M YAKUB GG SERSAN","prelist","MEDAN PERJUANGAN","SEI KERA HILIR II","LINGKUNGAN 5","","","G. Perdagangan Besar dan Eceran, Reparasi Mobil dan Sepeda Motor","SBR"],
    ["70905","RALIS DWI PUTRI","JL SEI KERA GG REZEKI D","prelist","MEDAN PERJUANGAN","SEI KERA HULU","LINGKUNGAN 14","","","G. Perdagangan Besar dan Eceran, Reparasi Mobil dan Sepeda Motor","SBR"],
    ["70911","BANGUN TIRTA SAMUDERA","JL. PROF HM YAMIN SH","prelist","MEDAN PERJUANGAN","SEI KERA HILIR II","LINGKUNGAN 3","","","G. Perdagangan Besar dan Eceran, Reparasi Mobil dan Sepeda Motor","SBR"],
    ["70924","SUNNY PRODUCTION GROUP","JL PELITA I","prelist","MEDAN PERJUANGAN","SIDORAME BARAT I","LINGKUNGAN 7","","","G. Perdagangan Besar dan Eceran, Reparasi Mobil dan Sepeda Motor","SBR"],
    ["71015","SENTANI ARYAGUNA NUSANTARA","JL PASAR III GG BERSAMA LK XIII","prelist","MEDAN PERJUANGAN","TEGAL REJO","LINGKUNGAN 14","","","G. Perdagangan Besar dan Eceran, Reparasi Mobil dan Sepeda Motor","SBR"],
    ["71064","FORUM PENGEMBANGAN INFORMASI INDONESIA","JL.PELITA IV NO.90, SIDORAME BARAT II","prelist","MEDAN PERJUANGAN","SIDORAME BARAT II","LINGKUNGAN 9","","","N. Jasa Persewaan, Ketenagakerjaan, Agen Perjalanan, dan Jasa Pendukung","SBR"],
    ["71114","WATER CHEMICAL","JL GALANG","prelist","MEDAN PERJUANGAN","PANDAU HILIR","LINGKUNGAN 8","","","G. Perdagangan Besar dan Eceran, Reparasi Mobil dan Sepeda Motor","SBR"],
    ["71126","PERKASA UTAMA PROPERTY","JL PROF HM YAMIN SH","prelist","MEDAN PERJUANGAN","SEI KERA HULU","LINGKUNGAN 4","","","G. Perdagangan Besar dan Eceran, Reparasi Mobil dan Sepeda Motor","SBR"],
    ["71168","ZEST ANUGERAH KREASINDO","JL PROF H M YAMIN SH","prelist","MEDAN PERJUANGAN","SEI KERA HULU","LINGKUNGAN 15","","","M. Jasa Profesional, Ilmiah, dan Teknis","SBR"],
    ["71185","BANK MUAMALAT INDONESIA","JL PROF HM YAMIN SH","prelist","MEDAN PERJUANGAN","SEI KERA HILIR I","LINGKUNGAN 1","","","K. Aktivitas Keuangan Dan Asuransi","SBR"],
    ["71247","PALTI RAJA","JL.RAKYAT NO.5, SIDORAME BARAT I","prelist","MEDAN PERJUANGAN","SIDORAME TIMUR","LINGKUNGAN 3","","","F. Konstruksi","SBR"],
    ["71251","ANUGRAH BORNEO UTAMA","H.M.SAID NO.132 RT.000 RW.000, SIDORAME BARAT I","prelist","MEDAN PERJUANGAN","SIDORAME BARAT I","LINGKUNGAN 7","","","G. Perdagangan Besar dan Eceran, Reparasi Mobil dan Sepeda Motor","SBR"],
    ["71280","PT PENERUS SILINTONG JAYA","JL HM SAID","prelist","MEDAN PERJUANGAN","SIDORAME BARAT I","LINGKUNGAN 4","","","G. Perdagangan Besar dan Eceran, Reparasi Mobil dan Sepeda Motor","SBR"],
    ["71305","ANUGRAH INDO DISTRIBUSI","JL SETIA JADI","prelist","MEDAN PERJUANGAN","TEGAL REJO","LINGKUNGAN 15","","","G. Perdagangan Besar dan Eceran, Reparasi Mobil dan Sepeda Motor","SBR"],
    ["71334","ALIF BARON","PROF HM YAMIN","prelist","MEDAN PERJUANGAN","PAHLAWAN","LINGKUNGAN 15","","","G. Perdagangan Besar dan Eceran, Reparasi Mobil dan Sepeda Motor","SBR"],
    ["71498","MUTIARA","JL RAKYAT NO.119A RT. - RW. -, TEGAL REJO","prelist","MEDAN PERJUANGAN","TEGAL REJO","LINGKUNGAN 13","","","G. Perdagangan Besar dan Eceran, Reparasi Mobil dan Sepeda Motor","SBR"],
    ["71518","HENI BRADERS","JL.PIMPINAN GG AGAMA NO.11, SEI KERA HILIR I","prelist","MEDAN PERJUANGAN","SEI KERA HILIR I","LINGKUNGAN 11","","","F. Konstruksi","SBR"],
    ["71573","PUSAT KAJIAN KONSULTASI HULUM DAN POLITIK","DAHLIA NO 16-D RT.0 RW.00, SIDOREJO HILIR","prelist","MEDAN PERJUANGAN","SEI KERA HULU","LINGKUNGAN 2","","","Q. Jasa Kesehatan dan Kegiatan Sosial","SBR"],
    ["71587","MAULANA SYABIL MUMTAZ","JL BAMBU RUNCING","prelist","MEDAN PERJUANGAN","PAHLAWAN","LINGKUNGAN 12","","","G. Perdagangan Besar dan Eceran, Reparasi Mobil dan Sepeda Motor","SBR"],
    ["71599","SERBA USAHA WILLIE PRATAMA","JL PROF H M YAMIN SH","prelist","MEDAN PERJUANGAN","PAHLAWAN","LINGKUNGAN 15","","","K. Aktivitas Keuangan Dan Asuransi","SBR"],
    ["71618","BENTARA SATYA NUSANTARA","JALAN BADIK NO.6","prelist","MEDAN PERJUANGAN","PAHLAWAN","LINGKUNGAN 7","","","G. Perdagangan Besar dan Eceran, Reparasi Mobil dan Sepeda Motor","SBR"],
    ["71626","KARYA TIGA PUTRA ENGINEERING","JL. PELITA VI GG. PRIBADI","prelist","MEDAN PERJUANGAN","SIDORAME BARAT II","LINGKUNGAN 9","","","F. Konstruksi","SBR"],
    ["71652","THAMIRA TERRACE UTAMA","JL THAMRIN","prelist","MEDAN PERJUANGAN","PANDAU HILIR","LINGKUNGAN 3","","","I. Penyediaan Akomodasi dan Makan Minum","SBR"],
    ["71708","SURVEI UTAMA PERTIWI","JL RAKYAT","prelist","MEDAN PERJUANGAN","TEGAL REJO","LINGKUNGAN 7","","","M. Jasa Profesional, Ilmiah, dan Teknis","SBR"],
    ["71716","BERKAT USAHA MANDIRI","JL RAKYAT GG BALAM","prelist","MEDAN PERJUANGAN","TEGAL REJO","LINGKUNGAN 7","","","G. Perdagangan Besar dan Eceran, Reparasi Mobil dan Sepeda Motor","SBR"],
    ["71736","KUMITA RIZKY","JL SENTOSA BARU","prelist","MEDAN PERJUANGAN","SEI KERA HILIR I","LINGKUNGAN 1","","","G. Perdagangan Besar dan Eceran, Reparasi Mobil dan Sepeda Motor","SBR"],
    ["71757","OZON SEJAHTERA","JALAN PERMAI","prelist","MEDAN PERJUANGAN","SIDORAME TIMUR","LINGKUNGAN 13","","","G. Perdagangan Besar dan Eceran, Reparasi Mobil dan Sepeda Motor","SBR"],
    ["71764","HAR AGRITECH","JL PIMPINAN GG AMAL","prelist","MEDAN PERJUANGAN","SEI KERA HILIR I","LINGKUNGAN 11","","","G. Perdagangan Besar dan Eceran, Reparasi Mobil dan Sepeda Motor","SBR"],
    ["71775","YUNADI","JL. HOS COKROAMINOTO NO 156 RT. 0 RW. 00","prelist","MEDAN PERJUANGAN","SEI KERA HULU","LINGKUNGAN 15","","","G. Perdagangan Besar dan Eceran, Reparasi Mobil dan Sepeda Motor","SBR"],
    ["71840","HARKEVINDO","JL.DOROWATI LR.REJO NO.20, SIDORAME BARAT I","prelist","MEDAN PERJUANGAN","SIDORAME BARAT I","LINGKUNGAN 9","","","F. Konstruksi","SBR"],
    ["71859","KOALISI PERTAMA","JL.PENDIDIKAN/SEHATI NO.64","prelist","MEDAN PERJUANGAN","TEGAL REJO","LINGKUNGAN 9","","","G. Perdagangan Besar dan Eceran, Reparasi Mobil dan Sepeda Motor","SBR"],
    ["71865","RIZKI AMALIA","JL.PROF.HM.YAMIN SH GG.MANGGIS NO.21, SEI KERA HILIR II","prelist","MEDAN PERJUANGAN","SEI KERA HILIR II","LINGKUNGAN 11","","","F. Konstruksi","SBR"],
    ["71879","SUMBERJAYA DINAMIKATAMA","JL PROF HM YAMIN SH","prelist","MEDAN PERJUANGAN","PAHLAWAN","LINGKUNGAN 15","","","F. Konstruksi","SBR"],
    ["71889","SURYA KENCANA KONSTRUKSI","JL WAHIDIN NO 319/85","prelist","MEDAN PERJUANGAN","PAHLAWAN","LINGKUNGAN 11","","","F. Konstruksi","SBR"],
    ["71913","GLOTRINDO MAJU SELARAS","JL PAHLAWAN","prelist","MEDAN PERJUANGAN","PAHLAWAN","LINGKUNGAN 13","","","G. Perdagangan Besar dan Eceran, Reparasi Mobil dan Sepeda Motor","SBR"],
    ["71920","HARAHAP PORTIBI ABADI","JALAN RENCONG","prelist","MEDAN PERJUANGAN","PAHLAWAN","LINGKUNGAN 9","","","C. Industri Pengolahan","SBR"],
    ["71925","SINTARA JESUTRA UTAMACABANG MEDAN","JL.AMBON NO.26, PANDAU HILIR","prelist","MEDAN PERJUANGAN","PANDAU HILIR","LINGKUNGAN 1","","","G. Perdagangan Besar dan Eceran, Reparasi Mobil dan Sepeda Motor","SBR"],
    ["71935","MERDEKA","JL.RAKYAT GG.SAHATA NO.3-A, SIDORAME TIMUR","prelist","MEDAN PERJUANGAN","SIDORAME TIMUR","LINGKUNGAN 12","","","F. Konstruksi","SBR"],
    ["71968","INDUSTRINDO MAJU MANDIRI","PAHLAWAN","prelist","MEDAN PERJUANGAN","PAHLAWAN","LINGKUNGAN 1","","","G. Perdagangan Besar dan Eceran, Reparasi Mobil dan Sepeda Motor","SBR"],
    ["71975","IRONMAN PERKASA MANDIRI","JL. BAMBU RUNCING","prelist","MEDAN PERJUANGAN","PAHLAWAN","LINGKUNGAN 12","","","F. Konstruksi","SBR"],
    ["71991","MITRA USAHA","JL PROF. H.M.YAMIN.SH GANG MANGGIS , PAHLAWAN","prelist","MEDAN PERJUANGAN","SEI KERA HILIR II","LINGKUNGAN 11","","","F. Konstruksi","SBR"],
    ["71997","SENTOSA ABADI","JL.RAKYAT NO.119-A RT. 0 RW. 0, TEGAL REJO","prelist","MEDAN PERJUANGAN","TEGAL REJO","LINGKUNGAN 13","","","G. Perdagangan Besar dan Eceran, Reparasi Mobil dan Sepeda Motor","SBR"],
    ["72039","MAHKOTA GROUP TBK","KOMPLEK GRAND JATI JUNCTION LANTAI 27 JALAN PERINTIS KEMERDEKAAN","prelist","MEDAN PERJUANGAN","SIDORAME BARAT I","LINGKUNGAN 10","","","M. Jasa Profesional, Ilmiah, dan Teknis","SBR"],
    ["72076","TRICONE ENGINEERING","JL PELITA IV GG SAROHA","prelist","MEDAN PERJUANGAN","SIDORAME TIMUR","LINGKUNGAN 15","","","M. Jasa Profesional, Ilmiah, dan Teknis","SBR"],
    ["72086","ASEAN MOTOR INTERNATIONAL","JL PROF HM YAMIN SH","prelist","MEDAN PERJUANGAN","SEI KERA HULU","LINGKUNGAN 7","","","G. Perdagangan Besar dan Eceran, Reparasi Mobil dan Sepeda Motor","SBR"],
    ["72126","AMCO JAYA MANDIRI","JL. PELITA IV GG SEJAHTERA","prelist","MEDAN PERJUANGAN","TEGAL REJO","LINGKUNGAN 2","","","F. Konstruksi","SBR"],
    ["72172","TRI MARGA SAGITA","JALAN BADIK NOMOR 6","prelist","MEDAN PERJUANGAN","PAHLAWAN","LINGKUNGAN 7","","","M. Jasa Profesional, Ilmiah, dan Teknis","SBR"],
    ["72186","MAPOLLI","JL.RAKYAT NO.57, SIDORAME BARAT I","prelist","MEDAN PERJUANGAN","SIDORAME TIMUR","LINGKUNGAN 12","","","F. Konstruksi","SBR"],
    ["72209","KL.INTERNASIONAL RESTAURANT","JL THAMRIN","prelist","MEDAN PERJUANGAN","PANDAU HILIR","LINGKUNGAN 4","","","I. Penyediaan Akomodasi dan Makan Minum","SBR"],
    ["72241","HORAS INTERNATIONAL TRADING","JL PAHLAWAN","prelist","MEDAN PERJUANGAN","PAHLAWAN","LINGKUNGAN 13","","","M. Jasa Profesional, Ilmiah, dan Teknis","SBR"],
    ["72243","KARYA BERSAMA","JL.PROF.HM.YAMIN SH NO.308, SEI KERA HILIR II","prelist","MEDAN PERJUANGAN","SEI KERA HILIR II","LINGKUNGAN 1","","","G. Perdagangan Besar dan Eceran, Reparasi Mobil dan Sepeda Motor","SBR"],
    ["72263","DANA RIZKY UTAMA","JL SENTOSA BARU","prelist","MEDAN PERJUANGAN","SEI KERA HILIR I","LINGKUNGAN 1","","","G. Perdagangan Besar dan Eceran, Reparasi Mobil dan Sepeda Motor","SBR"],
    ["72304","BINTANG TAILOR","JL.PROF.HM.YAMIN,SH NO.416 MEDAN, PAHLAWAN","prelist","MEDAN PERJUANGAN","PAHLAWAN","LINGKUNGAN 15","","","C. Industri Pengolahan","SBR"],
    ["72308","BANGUN INDONESIA UTAMA","JL M. YAKUB","prelist","MEDAN PERJUANGAN","SEI KERA HILIR I","LINGKUNGAN 3","","","G. Perdagangan Besar dan Eceran, Reparasi Mobil dan Sepeda Motor","SBR"],
    ["72310","CITRA UTAMA","JL.PROF.HM YAMIN SH NO.388, SIDORAME TIMUR","prelist","MEDAN PERJUANGAN","SEI KERA HULU","LINGKUNGAN 3","","","F. Konstruksi","SBR"],
    ["72329","HARUM MANIS AGUNG","JL SUMBA NO 26","prelist","MEDAN PERJUANGAN","PANDAU HILIR","LINGKUNGAN 2","","","H. Transportasi dan Pergudangan","SBR"],
    ["72385","MULIA PRIMA GROUP","JL.PELITA II NO.109, DURIAN","prelist","MEDAN PERJUANGAN","SIDORAME BARAT II","LINGKUNGAN 6","","","F. Konstruksi","SBR"],
    ["72394","PERSATUAN WARGA SIALAGUNDI(PERWASI)","JL.PAHLAWAN NO.52, PAHLAWAN","prelist","MEDAN PERJUANGAN","PAHLAWAN","LINGKUNGAN 2","","","Q. Jasa Kesehatan dan Kegiatan Sosial","SBR"],
    ["72414","JAYA BERSAMA","JL.PROF H.M. YAMIN SH KOMP SERDANG MAS BLOK C NO.3, SEI KERA HULU","prelist","MEDAN PERJUANGAN","SEI KERA HULU","LINGKUNGAN 5","","","G. Perdagangan Besar dan Eceran, Reparasi Mobil dan Sepeda Motor","SBR"],
    ["72430","TWIN NAGA JAYA","JL.PERMAI NO.14, SIDORAME TIMUR","prelist","MEDAN PERJUANGAN","SIDORAME TIMUR","LINGKUNGAN 12","","","F. Konstruksi","SBR"],
    ["72456","MANDIRI QUS INDONESIA","JL M.H. THAMRIN","prelist","MEDAN PERJUANGAN","PANDAU HILIR","LINGKUNGAN 4","","","M. Jasa Profesional, Ilmiah, dan Teknis","SBR"],
    ["72483","MURAH REZEKI JAYA","JALAN MAPILINDO NOMOR 55","prelist","MEDAN PERJUANGAN","TEGAL REJO","LINGKUNGAN 2","","","S. Aktivitas Jasa Lainnya","SBR"],
    ["72504","SAMARATA","JL.PELITA I NO.76, SIDORAME BARAT I","prelist","MEDAN PERJUANGAN","SIDORAME BARAT I","LINGKUNGAN 7","","","J. Informasi dan Komunikasi","SBR"],
    ["72573","HALLO MEDAN ABADI","JL MH THAMRIN","prelist","MEDAN PERJUANGAN","PANDAU HILIR","LINGKUNGAN 3","","","J. Informasi dan Komunikasi","SBR"],
    ["72577","NIKKI BONNIE SEJAHTERA","JL.THAMRIN NO.27-C/113, PANDAU HILIR","prelist","MEDAN PERJUANGAN","PANDAU HILIR","LINGKUNGAN 4","","","F. Konstruksi","SBR"],
    ["72589","BUNGA MATAHARI","JL. PELITA I NO. 2 A, SIDORAME BARAT I","prelist","MEDAN PERJUANGAN","SIDORAME BARAT I","LINGKUNGAN 5","","","Q. Jasa Kesehatan dan Kegiatan Sosial","SBR"],
    ["72616","PARDAMEAN","JL PASAR III","prelist","MEDAN PERJUANGAN","TEGAL REJO","LINGKUNGAN 11","","","G. Perdagangan Besar dan Eceran, Reparasi Mobil dan Sepeda Motor","SBR"],
    ["72636","G A R A M","JL PENDIDIKAN/SEHATI","prelist","MEDAN PERJUANGAN","TEGAL REJO","LINGKUNGAN 9","","","C. Industri Pengolahan","SBR"],
    ["72655","SWADAYA MASYARAKAT PENGAWAL AMANAH MERAH PUTIH","DAHLIA NO 16-A RT.0 RW.00, SIDOREJO HILIR","prelist","MEDAN PERJUANGAN","SEI KERA HULU","LINGKUNGAN 2","","","Q. Jasa Kesehatan dan Kegiatan Sosial","SBR"],
    ["72670","ALDILA GEMPITA","JL.HOS.COKROAMINOTO NO.203/141-B, SEI KERA HULU","prelist","MEDAN PERJUANGAN","SEI KERA HULU","LINGKUNGAN 14","","","F. Konstruksi","SBR"],
    ["72694","WAHANA AGRO NIAGA GLOBALINDO","JL SETIA JADI","prelist","MEDAN PERJUANGAN","TEGAL REJO","LINGKUNGAN 15","","","G. Perdagangan Besar dan Eceran, Reparasi Mobil dan Sepeda Motor","SBR"],
    ["72729","CV. ADINDA PRATAMA","JL. GURILA GANG KENANGA","prelist","MEDAN PERJUANGAN","SEI KERA HILIR I","LINGKUNGAN 10","","","F. Konstruksi","SBR"],
    ["72759","ALEXANDER KONSTRUKSI","JL.RAKYAT NO.7, SIDODADI","prelist","MEDAN PERJUANGAN","SIDORAME TIMUR","LINGKUNGAN 1","","","F. Konstruksi","SBR"],
    ["72796","MONALISA","JL.SEHATI GANG BINTARA NO.4, TEGAL REJO","prelist","MEDAN PERJUANGAN","TEGAL REJO","LINGKUNGAN 13","","","P. Pendidikan","SBR"],
    ["72821","MULKI VOKASI INDONESIA","JL.RAKYAT","prelist","MEDAN PERJUANGAN","TEGAL REJO","LINGKUNGAN 13","","","S. Aktivitas Jasa Lainnya","SBR"],
    ["72904","YOTTA KARYA PERSADA","JL. PAHLAWAN","prelist","MEDAN PERJUANGAN","PAHLAWAN","LINGKUNGAN 13","","","G. Perdagangan Besar dan Eceran, Reparasi Mobil dan Sepeda Motor","SBR"],
    ["72906","DEKADE EMAS","JL.PELITA VI NO.100, TEGAL REJO","prelist","MEDAN PERJUANGAN","SIDORAME TIMUR","LINGKUNGAN 15","","","F. Konstruksi","SBR"],
    ["72917","DWIKARYA JAYA UTAMA GEMILANG","JL PELITA VI GG MANGGA","prelist","MEDAN PERJUANGAN","TEGAL REJO","LINGKUNGAN 5","","","G. Perdagangan Besar dan Eceran, Reparasi Mobil dan Sepeda Motor","SBR"],
    ["72945","DINAMIKA TEHNIK PERSADA","JL.PROF.H.M.YAMIN SH II NO.3, SIDODADI","prelist","MEDAN PERJUANGAN","SEI KERA HULU","LINGKUNGAN 9","","","F. Konstruksi","SBR"],
    ["72947","MITRA CITRA PRATAMA","JL.THAMRIN NO.109/27-A, PANDAU HILIR","prelist","MEDAN PERJUANGAN","PANDAU HILIR","LINGKUNGAN 3","","","G. Perdagangan Besar dan Eceran, Reparasi Mobil dan Sepeda Motor","SBR"],
    ["72954","NUSANTARA SAKTI","JL SENTOSA BARU LT. 3","prelist","MEDAN PERJUANGAN","SEI KERA HILIR I","LINGKUNGAN 1","","","F. Konstruksi","SBR"],
    ["72981","JACOBS","JL.PAHLAWAN GG.RUKUN NO.23, PAHLAWAN","prelist","MEDAN PERJUANGAN","PAHLAWAN","LINGKUNGAN 1","","","F. Konstruksi","SBR"],
    ["73003","CAHAYA BERKAH LESTARI","JL PROF HM YAMIN SH GG HABIR LINGK. 8","prelist","MEDAN PERJUANGAN","SEI KERA HULU","LINGKUNGAN 8","","","G. Perdagangan Besar dan Eceran, Reparasi Mobil dan Sepeda Motor","SBR"],
    ["73007","CITRA HASIL INDUSTRI NUSANTARA","JL.SEI KERA NO..84, PANDAU HILIR","prelist","MEDAN PERJUANGAN","PANDAU HILIR","LINGKUNGAN 2","","","G. Perdagangan Besar dan Eceran, Reparasi Mobil dan Sepeda Motor","SBR"],
    ["73044","NIAGA JAYA","VETERAN","prelist","MEDAN PERJUANGAN","PANDAU HILIR","LINGKUNGAN 1","","","G. Perdagangan Besar dan Eceran, Reparasi Mobil dan Sepeda Motor","SBR"],
    ["73067","MEKAR CERAH LIANA","JL PELITA IV GG PRIBADI","prelist","MEDAN PERJUANGAN","SIDORAME BARAT II","LINGKUNGAN 9","","","G. Perdagangan Besar dan Eceran, Reparasi Mobil dan Sepeda Motor","SBR"],
    ["73097","SENTOSA JAYA TEKNIK","JL.SENTOSA LAMA GG.DOLLAH NO.1, SEI KERA HULU","prelist","MEDAN PERJUANGAN","SEI KERA HULU","LINGKUNGAN 21","","","G. Perdagangan Besar dan Eceran, Reparasi Mobil dan Sepeda Motor","SBR"],
    ["73136","ABADI INTI GLUE","JL.MALAKA G.SAUDARA NO.23-A, PANDAU HILIR","prelist","MEDAN PERJUANGAN","PANDAU HILIR","LINGKUNGAN 5","","","G. Perdagangan Besar dan Eceran, Reparasi Mobil dan Sepeda Motor","SBR"],
    ["73176","DATARAN TINGGI","JL.PELITA-IV NO.17, SIDORAME BARAT I","prelist","MEDAN PERJUANGAN","SIDORAME BARAT I","LINGKUNGAN 1","","","G. Perdagangan Besar dan Eceran, Reparasi Mobil dan Sepeda Motor","SBR"],
    ["73245","IVAN JULINO FERNANDEZ PARDEDE","JL PASAR III GG KENANGA NO 7","prelist","MEDAN PERJUANGAN","TEGAL REJO","LINGKUNGAN 9","","","C. Industri Pengolahan","SBR"],
    ["73250","REZEKI KEKAL ABADI","JL THAMRIN","prelist","MEDAN PERJUANGAN","PANDAU HILIR","LINGKUNGAN 3","","","G. Perdagangan Besar dan Eceran, Reparasi Mobil dan Sepeda Motor","SBR"],
    ["73256","DWI ABENTA","JL.HOS COKROAMINOTO NO.84-A, SEI KERA HILIR I","prelist","MEDAN PERJUANGAN","SEI KERA HILIR I","LINGKUNGAN 4","","","F. Konstruksi","SBR"],
    ["73326","SDS AL-ISLAM","JL.PELITA III","prelist","MEDAN PERJUANGAN","SIDORAME BARAT I","LINGKUNGAN 2","","","P. Pendidikan","SBR"],
    ["73332","CV BERKAT SUKSES","JL MALAKA","prelist","MEDAN PERJUANGAN","PANDAU HILIR","LINGKUNGAN 5","","","G. Perdagangan Besar dan Eceran, Reparasi Mobil dan Sepeda Motor","SBR"],
    ["73343","ANDALAS PHOSPHATE INDONESIA","JL THAMRIN","prelist","MEDAN PERJUANGAN","PANDAU HILIR","LINGKUNGAN 4","","","G. Perdagangan Besar dan Eceran, Reparasi Mobil dan Sepeda Motor","SBR"],
    ["73368","ANEKA NUSANTARA INDONESIA","JL.PROF.H.M.YAMIN.SH NO.266, SEI KERA HILIR I","prelist","MEDAN PERJUANGAN","SEI KERA HILIR II","LINGKUNGAN 1","","","F. Konstruksi","SBR"],
    ["73374","USAHA TIGA BERSAUDARA","JL RAKYAT / PIPIT","prelist","MEDAN PERJUANGAN","TEGAL REJO","LINGKUNGAN 3","","","G. Perdagangan Besar dan Eceran, Reparasi Mobil dan Sepeda Motor","SBR"],
    ["73418","KARYA BARU JAYA","JL.PAHLAWAN GG.RUKUN NO.4, PAHLAWAN","prelist","MEDAN PERJUANGAN","PAHLAWAN","LINGKUNGAN 1","","","F. Konstruksi","SBR"],
    ["73420","CNI PONSEL","JL IBRAHIM UMAR","prelist","MEDAN PERJUANGAN","SEI KERA HILIR II","LINGKUNGAN 8","","","J. Informasi dan Komunikasi","SBR"],
    ["73421","HEN ARCHITECT","JL SEI KERA","prelist","MEDAN PERJUANGAN","SEI KERA HULU","LINGKUNGAN 15","","","M. Jasa Profesional, Ilmiah, dan Teknis","SBR"],
    ["73488","CITRA SURYA","JL.SENTOSA.GANG ANTARA NO.261, SEI KERA HILIR I","prelist","MEDAN PERJUANGAN","SEI KERA HILIR I","LINGKUNGAN 4","","","F. Konstruksi","SBR"],
    ["73520","MERANTI JAYA","JL.GURILLA NO.115-A, SEI KERA HILIR I","prelist","MEDAN PERJUANGAN","SEI KERA HILIR I","LINGKUNGAN 4","","","F. Konstruksi","SBR"],
    ["73529","CITRA BUANA INDONESIA","MAPILINDO NO.118, TEGAL REJO","prelist","MEDAN PERJUANGAN","TEGAL REJO","LINGKUNGAN 13","","","F. Konstruksi","SBR"],
    ["73543","MAS MENA","JL GURILLA GANG TUNGGAL","prelist","MEDAN PERJUANGAN","SIDORAME TIMUR","LINGKUNGAN 9","","","G. Perdagangan Besar dan Eceran, Reparasi Mobil dan Sepeda Motor","SBR"],
    ["73592","PALMA GEMILANG KENCANA","JL.PALEMBANG NO 35","prelist","MEDAN PERJUANGAN","PANDAU HILIR","LINGKUNGAN 5","","","C. Industri Pengolahan","SBR"],
    ["73595","UNISI PRATAMA","JL.PAHLAWAN NO.27-D/78, PAHLAWAN","prelist","MEDAN PERJUANGAN","PAHLAWAN","LINGKUNGAN 14","","","F. Konstruksi","SBR"],
    ["73629","PESONA NUSANTARA MANDIRI","JL SENTOSA BARU","prelist","MEDAN PERJUANGAN","SEI KERA HILIR I","LINGKUNGAN 1","","","G. Perdagangan Besar dan Eceran, Reparasi Mobil dan Sepeda Motor","SBR"],
    ["73638","MARDE JAYA","JL.NEGARA NO.32/21, PAHLAWAN","prelist","MEDAN PERJUANGAN","PAHLAWAN","LINGKUNGAN 11","","","F. Konstruksi","SBR"],
    ["73651","RUHAMMA CORPORATION","JL.PROF.H.M.YAMIN.SH NO.466, SIDODADI","prelist","MEDAN PERJUANGAN","SEI KERA HULU","LINGKUNGAN 7","","","F. Konstruksi","SBR"],
    ["73652","REZPITA JAYA","JL.PROF.H.M YAMIN SH NO.231-A, PANDAU HILIR","prelist","MEDAN PERJUANGAN","SEI KERA HILIR I","LINGKUNGAN 1","","","F. Konstruksi","SBR"],
    ["73674","SUBUR TANINDO MAKMUR","JL.WAHIDIN NO.43, PAHLAWAN","prelist","MEDAN PERJUANGAN","PAHLAWAN","LINGKUNGAN 10","","","G. Perdagangan Besar dan Eceran, Reparasi Mobil dan Sepeda Motor","SBR"],
    ["73692","RADIO JARING BERITA GLOBAL","JL BOUGENVILE II","prelist","MEDAN PERJUANGAN","SEI KERA HILIR II","LINGKUNGAN 11","","","J. Informasi dan Komunikasi","SBR"],
    ["73695","HARIADI PRATAMA","JL.RAKYAT NO.55-B, SIDORAME TIMUR","prelist","MEDAN PERJUANGAN","SIDORAME TIMUR","LINGKUNGAN 12","","","F. Konstruksi","SBR"],
    ["73697","SAHABAT JAYA","JL.PROF.HM.YAMIN SH NO.297, SEI KERA HILIR II","prelist","MEDAN PERJUANGAN","SEI KERA HILIR II","LINGKUNGAN 11","","","G. Perdagangan Besar dan Eceran, Reparasi Mobil dan Sepeda Motor","SBR"],
    ["73801","SURYA CIPTA MULYA","MAPILINDO","prelist","MEDAN PERJUANGAN","TEGAL REJO","LINGKUNGAN 13","","","G. Perdagangan Besar dan Eceran, Reparasi Mobil dan Sepeda Motor","SBR"],
    ["73846","BERKAT ROSINDO JAYA","JL. MAPILINDO","prelist","MEDAN PERJUANGAN","TEGAL REJO","LINGKUNGAN 13","","","G. Perdagangan Besar dan Eceran, Reparasi Mobil dan Sepeda Motor","SBR"],
    ["73860","INGKON IDO","JL SEHATI GG ARSITEK","prelist","MEDAN PERJUANGAN","TEGAL REJO","LINGKUNGAN 6","","","G. Perdagangan Besar dan Eceran, Reparasi Mobil dan Sepeda Motor","SBR"],
    ["73867","PRADA CENTURY","JL HOS COKROAMINOTO","prelist","MEDAN PERJUANGAN","PANDAU HILIR","LINGKUNGAN 9","","","F. Konstruksi","SBR"],
    ["73883","PKBM PASARAMAN SHRI MARIAMAN KUIL KAMPUNG DURIAN MEDAN","JALAN H M SAID GANG INDIA","prelist","MEDAN PERJUANGAN","SIDORAME BARAT I","LINGKUNGAN 5","","","P. Pendidikan","SBR"],
    ["73894","LANDAK LAUT SEAFOOD","JL. SUTOMO BARU","prelist","MEDAN PERJUANGAN","PANDAU HILIR","LINGKUNGAN 1","","","G. Perdagangan Besar dan Eceran, Reparasi Mobil dan Sepeda Motor","SBR"],
    ["73918","ANDARA MITRA GADAI","JL PROF HM YAMIN SH","prelist","MEDAN PERJUANGAN","PAHLAWAN","LINGKUNGAN 15","","","K. Aktivitas Keuangan Dan Asuransi","SBR"],
    ["73952","BANK TABUNGAN NEGARA","PROF HM YAMIN NO.398-A/564, PAHLAWAN","prelist","MEDAN PERJUANGAN","PAHLAWAN","LINGKUNGAN 1","","","K. Aktivitas Keuangan Dan Asuransi","SBR"],
    ["73972","ANUGERAH BERKAT CAHAYA DUNIA","JL MARTINUS LUBIS","prelist","MEDAN PERJUANGAN","PANDAU HILIR","LINGKUNGAN 1","","","G. Perdagangan Besar dan Eceran, Reparasi Mobil dan Sepeda Motor","SBR"],
    ["74049","INTERNASIONAL ERA CAKRAWALA","MALAKA","prelist","MEDAN PERJUANGAN","PANDAU HILIR","LINGKUNGAN 4","","","P. Pendidikan","SBR"],
    ["74061","PRIMAHASIL LAUTAN LESTARI","JL SIBOLGA","prelist","MEDAN PERJUANGAN","PANDAU HILIR","LINGKUNGAN 5","","","G. Perdagangan Besar dan Eceran, Reparasi Mobil dan Sepeda Motor","SBR"],
    ["74114","FRANANDO DJAYA","PALEMBANG NO.2C/8 RT.000 RW.000, PANDAU HILIR","prelist","MEDAN PERJUANGAN","PANDAU HILIR","LINGKUNGAN 4","","","G. Perdagangan Besar dan Eceran, Reparasi Mobil dan Sepeda Motor","SBR"],
    ["74122","INDUSTRI ALAT-ALAT JENIS LOGAMSUMATERA UTARA","JL.DURIAN NO.134, DURIAN","prelist","MEDAN PERJUANGAN","SIDORAME BARAT I","LINGKUNGAN 1","","","C. Industri Pengolahan","SBR"],
    ["74172","BERKAT KASIH","JL. PANGLIMA NYAK MAKAN","prelist","MEDAN PERJUANGAN","SEI KERA HILIR I","LINGKUNGAN 1","","","I. Penyediaan Akomodasi dan Makan Minum","SBR"],
    ["74185","MARY SONY","JL.PAHLAWAN GG.RUKUN NO.3, PAHLAWAN","prelist","MEDAN PERJUANGAN","PAHLAWAN","LINGKUNGAN 15","","","F. Konstruksi","SBR"],
    ["74186","WULAN RATIH TRANSPORT","JL SENTOSA BARU","prelist","MEDAN PERJUANGAN","SEI KERA HILIR I","LINGKUNGAN 1","","","H. Transportasi dan Pergudangan","SBR"],
    ["74191","GAMES JAYA","JL.PROF.H.M.YAMIN.SH NO.257, SIDODADI","prelist","MEDAN PERJUANGAN","SEI KERA HILIR II","LINGKUNGAN 10","","","F. Konstruksi","SBR"],
    ["74225","ANDALAS KENCANA","JL.TAPANULI NO.3, PANDAU HILIR","prelist","MEDAN PERJUANGAN","PANDAU HILIR","LINGKUNGAN 6","","","F. Konstruksi","SBR"],
    ["74234","WAHANA KARYA","JL.MESJID TAUFIQ GG.PERWIRA 8, GLUGUR DARAT I","prelist","MEDAN PERJUANGAN","TEGAL REJO","LINGKUNGAN 13","","","F. Konstruksi","SBR"],
    ["74242","PEMBANGUNAN INDONESIA","JL.SIBOLGA NO.12, PANDAU HILIR","prelist","MEDAN PERJUANGAN","PANDAU HILIR","LINGKUNGAN 5","","","F. Konstruksi","SBR"],
    ["74247","PRIMA JAYA","PASAR III","prelist","MEDAN PERJUANGAN","TEGAL REJO","LINGKUNGAN 11","","","G. Perdagangan Besar dan Eceran, Reparasi Mobil dan Sepeda Motor","SBR"],
    ["74256","ANEKA PANCING INDONESIA","JL.HM YAMIN SH NO 259","prelist","MEDAN PERJUANGAN","SEI KERA HILIR I","LINGKUNGAN 1","","","G. Perdagangan Besar dan Eceran, Reparasi Mobil dan Sepeda Motor","SBR"],
    ["74291","SUMBER TANI BARU","JL.VETERAN NO.37, PANDAU HILIR","prelist","MEDAN PERJUANGAN","PANDAU HILIR","LINGKUNGAN 1","","","F. Konstruksi","SBR"],
    ["74374","DHIAN RANA","JL.PIMPINAN NO.60/, SEI KERA HILIR I","prelist","MEDAN PERJUANGAN","SEI KERA HILIR I","LINGKUNGAN 5","","","F. Konstruksi","SBR"],
    ["74376","INDOTHARA MULTI ARTHA","JL PROF HM YAMIN SH GG KETOPRAK","prelist","MEDAN PERJUANGAN","SEI KERA HILIR II","LINGKUNGAN 10","","","G. Perdagangan Besar dan Eceran, Reparasi Mobil dan Sepeda Motor","SBR"],
    ["74384","HIJAU PETANI INDONESIA","PANAH NO 1 RT.0 RW.0, PAHLAWAN","prelist","MEDAN PERJUANGAN","PAHLAWAN","LINGKUNGAN 12","","","C. Industri Pengolahan","SBR"],
    ["74402","KANDAI MANDIRI","JL IBRAHIM UMAR","prelist","MEDAN PERJUANGAN","SEI KERA HILIR I","LINGKUNGAN 7","","","G. Perdagangan Besar dan Eceran, Reparasi Mobil dan Sepeda Motor","SBR"],
    ["74449","PAPA DEO","JL M YACUB","prelist","MEDAN PERJUANGAN","SEI KERA HILIR II","LINGKUNGAN 14","","","G. Perdagangan Besar dan Eceran, Reparasi Mobil dan Sepeda Motor","SBR"],
    ["74458","PUSAT STUDY MANAJEMEN PEMERINTAHAN (PSMP)","JL. MESJID TAUFIK GG MADRASAH","prelist","MEDAN PERJUANGAN","TEGAL REJO","LINGKUNGAN 9","","","N. Jasa Persewaan, Ketenagakerjaan, Agen Perjalanan, dan Jasa Pendukung","SBR"],
    ["74462","SRI MEKAR","JL.M.YACUB GG.SIDIK NO.25, PAHLAWAN","prelist","MEDAN PERJUANGAN","SEI KERA HILIR II","LINGKUNGAN 13","","","F. Konstruksi","SBR"],
    ["74474","MAJU JAYA CV","JL SETIAJADI NO 88F","prelist","MEDAN PERJUANGAN","TEGAL REJO","LINGKUNGAN 11","","","G. Perdagangan Besar dan Eceran, Reparasi Mobil dan Sepeda Motor","SBR"],
    ["74485","GLOBAL PRIMA SENTOSA","JL PASAR III","prelist","MEDAN PERJUANGAN","TEGAL REJO","LINGKUNGAN 11","","","G. Perdagangan Besar dan Eceran, Reparasi Mobil dan Sepeda Motor","SBR"],
    ["74510","NAMI LESTARI","JL.PELITA IV NO.1-3, SIDORAME TIMUR","prelist","MEDAN PERJUANGAN","SIDORAME TIMUR","LINGKUNGAN 15","","","F. Konstruksi","SBR"],
    ["74533","CITRA BUANA 26","JL.H.M.YAMIN.SH GG.HABIR NO.11, SIDODADI","prelist","MEDAN PERJUANGAN","SEI KERA HULU","LINGKUNGAN 8","","","F. Konstruksi","SBR"],
    ["74543","PRIMA LAUTAN ANUGRAH","JL. NGALENGKO GANG KELUARGA NO 13 RT. 0 RW. 00, SIDORAME BARAT II","prelist","MEDAN PERJUANGAN","SIDORAME BARAT II","LINGKUNGAN 1","","","G. Perdagangan Besar dan Eceran, Reparasi Mobil dan Sepeda Motor","SBR"],
    ["74547","TIARA FORLAN NELSON BERKARYA","JL PROF HM YAMIN SH","prelist","MEDAN PERJUANGAN","PAHLAWAN","LINGKUNGAN 15","","","G. Perdagangan Besar dan Eceran, Reparasi Mobil dan Sepeda Motor","SBR"],
    ["74566","TAMICA MANDIRI","JL SEHATI GG BINTARA","prelist","MEDAN PERJUANGAN","TEGAL REJO","LINGKUNGAN 7","","","F. Konstruksi","SBR"],
    ["74590","TIGA POETERA SEJAHTERA","JL RAKYAT","prelist","MEDAN PERJUANGAN","TEGAL REJO","LINGKUNGAN 7","","","G. Perdagangan Besar dan Eceran, Reparasi Mobil dan Sepeda Motor","SBR"],
    ["74620","ANUGERAH ARISTA ANDAMAN","JL. THAMRIN NO.38-E-F-G","prelist","MEDAN PERJUANGAN","PANDAU HILIR","LINGKUNGAN 1","","","F. Konstruksi","SBR"],
    ["74658","BINTANG DUA PUTRI","JL PELITA IV GG SEJAHTERA","prelist","MEDAN PERJUANGAN","TEGAL REJO","LINGKUNGAN 2","","","G. Perdagangan Besar dan Eceran, Reparasi Mobil dan Sepeda Motor","SBR"],
    ["74692","YONG JAYA","JL.SUTOMO BARU NO.71, PANDAU HILIR","prelist","MEDAN PERJUANGAN","PANDAU HILIR","LINGKUNGAN 1","","","F. Konstruksi","SBR"],
    ["74706","MEDIA INDONESIA","JL.RAKYAT GG.BLOK-A NO.79, SIDORAME BARAT I","prelist","MEDAN PERJUANGAN","TEGAL REJO","LINGKUNGAN 3","","","G. Perdagangan Besar dan Eceran, Reparasi Mobil dan Sepeda Motor","SBR"],
    ["74716","RAUDAH BERKAH MULIA","JL PROF H M YAMIN SH GG SULAIMAN","prelist","MEDAN PERJUANGAN","SEI KERA HULU","LINGKUNGAN 3","","","G. Perdagangan Besar dan Eceran, Reparasi Mobil dan Sepeda Motor","SBR"],
    ["74724","MITRA SUKSES INTI ABADI","JL MUHAMMAD SAID","prelist","MEDAN PERJUANGAN","SIDORAME BARAT I","LINGKUNGAN 4","","","G. Perdagangan Besar dan Eceran, Reparasi Mobil dan Sepeda Motor","SBR"],
    ["74854","ANUGRAH PORTINDO LESTARI","JL TIMUR","prelist","MEDAN PERJUANGAN","PANDAU HILIR","LINGKUNGAN 2","","","G. Perdagangan Besar dan Eceran, Reparasi Mobil dan Sepeda Motor","SBR"],
    ["74862","SD AL-WASHLIYAH 02","JL MABAR","prelist","MEDAN PERJUANGAN","SEI KERA HILIR II","LINGKUNGAN 1","","","P. Pendidikan","SBR"],
    ["74867","BINTANG SINAR ABADI MEDAN","JL DOROWATI LR GEREJA","prelist","MEDAN PERJUANGAN","SIDORAME BARAT II","LINGKUNGAN 1","","","G. Perdagangan Besar dan Eceran, Reparasi Mobil dan Sepeda Motor","SBR"],
    ["74892","AMIN TANJUNG MEDAN","JL PROF HM YAMIN NO 482, SEI KERA HULU","prelist","MEDAN PERJUANGAN","SEI KERA HULU","LINGKUNGAN 9","","","P. Pendidikan","SBR"],
    ["74896","KARYA SETIA ABADI","JL BAMBU RUNCING","prelist","MEDAN PERJUANGAN","PAHLAWAN","LINGKUNGAN 12","","","G. Perdagangan Besar dan Eceran, Reparasi Mobil dan Sepeda Motor","SBR"],
    ["74903","SD SWASTA MUHAMMADIYAH-09 MEDAN","JL. RAKYAT/ NURI NO. 4 A RT. - RW. -","prelist","MEDAN PERJUANGAN","SIDORAME TIMUR","LINGKUNGAN 11","","","P. Pendidikan","SBR"],
    ["74915","NURANI","JL PELITA IV GG DAME","prelist","MEDAN PERJUANGAN","SIDORAME BARAT II","LINGKUNGAN 8","","","G. Perdagangan Besar dan Eceran, Reparasi Mobil dan Sepeda Motor","SBR"],
    ["74931","THAMRIN MEGA JAYA","JL THAMRIN","prelist","MEDAN PERJUANGAN","PANDAU HILIR","LINGKUNGAN 4","","","I. Penyediaan Akomodasi dan Makan Minum","SBR"],
    ["75059","GUNUNG SARI LESTARI","JL VETERAN","prelist","MEDAN PERJUANGAN","PANDAU HILIR","LINGKUNGAN 1","","","G. Perdagangan Besar dan Eceran, Reparasi Mobil dan Sepeda Motor","SBR"],
    ["75060","IDOLA JASA","JL.MESJID TAUFIQ NO.107, TEGAL REJO","prelist","MEDAN PERJUANGAN","TEGAL REJO","LINGKUNGAN 7","","","F. Konstruksi","SBR"],
    ["75089","YAMUKA KARYA","JL.BATU PUTIH 16-A, PAHLAWAN","prelist","MEDAN PERJUANGAN","PAHLAWAN","LINGKUNGAN 13","","","F. Konstruksi","SBR"],
    ["75092","CRISTIN INDAH SEJAHTERA","JL.PERJUANGAN KARYA BAKTI NO.6, SIDORAME TIMUR","prelist","MEDAN PERJUANGAN","SIDORAME TIMUR","LINGKUNGAN 7","","","F. Konstruksi","SBR"],
    ["75124","DWI AMANAH PERKASA","JL RAKYAT NO 108","prelist","MEDAN PERJUANGAN","SIDORAME TIMUR","LINGKUNGAN 15","","","G. Perdagangan Besar dan Eceran, Reparasi Mobil dan Sepeda Motor","SBR"],
    ["75139","TABIRNA","JL PROF HM YAMIN SH GG.SULAIMAN","prelist","MEDAN PERJUANGAN","SEI KERA HULU","LINGKUNGAN 3","","","F. Konstruksi","SBR"],
    ["75148","INDO SETCO","JL.GURILLA NO.163, SEI KERA HILIR I","prelist","MEDAN PERJUANGAN","SEI KERA HILIR I","LINGKUNGAN 4","","","F. Konstruksi","SBR"],
    ["75219","LAMGANDA MANDALA SEJAHTERA","JL.PERMAI GG.SION NO.6, SIDORAME BARAT I","prelist","MEDAN PERJUANGAN","SIDORAME TIMUR","LINGKUNGAN 14","","","Q. Jasa Kesehatan dan Kegiatan Sosial","SBR"],
    ["75228","KAIL MULTI","JL.PAHLAWAN GANG.MELATI NO.11, PAHLAWAN","prelist","MEDAN PERJUANGAN","PAHLAWAN","LINGKUNGAN 14","","","F. Konstruksi","SBR"],
    ["75246","MK OVERSEAS","JL.DR.WAHIDIN NO.174 MEDAN, PANDAU HULU II","prelist","MEDAN PERJUANGAN","PAHLAWAN","LINGKUNGAN 10","","","F. Konstruksi","SBR"],
    ["75265","METAPLUMBING INDORAYA SEJAHTERA","JALAN SENTOSA LAMA RUKO","prelist","MEDAN PERJUANGAN","SEI KERA HULU","LINGKUNGAN 20","","","M. Jasa Profesional, Ilmiah, dan Teknis","SBR"],
    ["75312","PALAPA KENCANA","JL.DURIAN NO.134, SIDORAME BARAT I","prelist","MEDAN PERJUANGAN","SIDORAME BARAT I","LINGKUNGAN 1","","","F. Konstruksi","SBR"],
    ["75331","MITRA SANTRI NUSANTARA","JL. PROF. HM. YAMIN, SH NO. 292","prelist","MEDAN PERJUANGAN","SEI KERA HILIR II","LINGKUNGAN 1","","","P. Pendidikan","SBR"],
    ["75388","DELI KENCANA","JL.IBRAHIM UMAR GG.RAHMAT NO.1, SEI KERA HILIR I","prelist","MEDAN PERJUANGAN","SEI KERA HILIR I","LINGKUNGAN 8","","","F. Konstruksi","SBR"],
    ["75389","INDO KARYA WINDU","JL.PROF.H.M.YAMIN.SH NO.175, SEI KERA HILIR I","prelist","MEDAN PERJUANGAN","SEI KERA HILIR II","LINGKUNGAN 6","","","F. Konstruksi","SBR"],
    ["75425","RESTU ARUN UTAMA","JLN GURILLA GG NANGKA","prelist","MEDAN PERJUANGAN","SEI KERA HILIR II","LINGKUNGAN 5","","","C. Industri Pengolahan","SBR"],
    ["75428","JEJU KENCANA","JL JAMBI","prelist","MEDAN PERJUANGAN","PANDAU HILIR","LINGKUNGAN 4","","","H. Transportasi dan Pergudangan","SBR"],
    ["75481","DIAN LESTARI","JL.GURILLA GG.SUKA DAMAI NO.4-B, SEI KERA HILIR I","prelist","MEDAN PERJUANGAN","SEI KERA HILIR I","LINGKUNGAN 11","","","F. Konstruksi","SBR"],
    ["75555","LARAGA PERKASA","JL.PALEMBANG NO.21, SEI KERA HILIR I","prelist","MEDAN PERJUANGAN","PANDAU HILIR","LINGKUNGAN 5","","","F. Konstruksi","SBR"],
    ["75577","TAMAN HARAPAN","JL.IBRAHIM UMAR NO.11 RT. 0 RW. 0","prelist","MEDAN PERJUANGAN","SEI KERA HILIR II","LINGKUNGAN 6","","","P. Pendidikan","SBR"],
    ["75642","SEPAKAT JAYA","JL.PAHLAWAN GG.SEPAKAT NO.3, SEI KERA HILIR I","prelist","MEDAN PERJUANGAN","PAHLAWAN","LINGKUNGAN 15","","","F. Konstruksi","SBR"],
    ["75745","DIAN PRIMA","JL.KASUARI I GG.MELATI NO.7, SIDORAME BARAT I","prelist","MEDAN PERJUANGAN","PAHLAWAN","LINGKUNGAN 14","","","F. Konstruksi","SBR"],
    ["75776","ANUGERAH TOUR SEMESTA","JL PROF HM YAMIN","prelist","MEDAN PERJUANGAN","PAHLAWAN","LINGKUNGAN 15","","","N. Jasa Persewaan, Ketenagakerjaan, Agen Perjalanan, dan Jasa Pendukung","SBR"],
    ["75826","GENTA JAYA PERKASA","JL.H.M.SAID","prelist","MEDAN PERJUANGAN","SIDORAME BARAT I","LINGKUNGAN 4","","","G. Perdagangan Besar dan Eceran, Reparasi Mobil dan Sepeda Motor","SBR"],
    ["75832","WAHYU HAREAN","JL.DURIAN UJUNG NO.15, DURIAN","prelist","MEDAN PERJUANGAN","SIDORAME BARAT I","LINGKUNGAN 3","","","F. Konstruksi","SBR"],
    ["75835","M.RENDY ANUGRAH","JL.PROF.HM.YAMIN,SH NO.386 MEDAN, SEI KERA HILIR II","prelist","MEDAN PERJUANGAN","SEI KERA HULU","LINGKUNGAN 3","","","G. Perdagangan Besar dan Eceran, Reparasi Mobil dan Sepeda Motor","SBR"],
    ["75843","MESJID PERJUANGAN 45","JL. PROF HM YAMIN LINGKUNGAN II","prelist","MEDAN PERJUANGAN","SEI KERA HILIR II","LINGKUNGAN 2","","","Q. Jasa Kesehatan dan Kegiatan Sosial","SBR"],
    ["75863","WISMA PENYALUR","JL.H.M.YAMIN 56, SIDODADI","prelist","MEDAN PERJUANGAN","SEI KERA HILIR II","LINGKUNGAN 6","","","H. Transportasi dan Pergudangan","SBR"],
    ["75877","TRI GUNA KARYA","JL.BILAL UJUNG GG.MESJID 37-C, P.BRAYAN DARAT I","prelist","MEDAN PERJUANGAN","TEGAL REJO","LINGKUNGAN 15","","","F. Konstruksi","SBR"],
    ["75901","BINTANG ATLAS","JL.MADONG LUBIS NO.41, PANDAU HILIR","prelist","MEDAN PERJUANGAN","PANDAU HILIR","LINGKUNGAN 7","","","F. Konstruksi","SBR"],
    ["75911","SENTOSA SEJAHTERA","JL.SENTOSA LAMA NO.11, PAHLAWAN","prelist","MEDAN PERJUANGAN","SEI KERA HULU","LINGKUNGAN 21","","","F. Konstruksi","SBR"],
    ["75912","ZAHIRA RAHMAN","JL. IBRAHIM UMAR","prelist","MEDAN PERJUANGAN","SEI KERA HILIR I","LINGKUNGAN 7","","","P. Pendidikan","SBR"],
    ["75914","ANGGI NATAMA","JL.PAHLAWAN NO.32/61, PAHLAWAN","prelist","MEDAN PERJUANGAN","PAHLAWAN","LINGKUNGAN 2","","","F. Konstruksi","SBR"],
    ["75934","RIZKI ADIPUTRA","JL.PERMAI GG.MESJID NO.4, SIDORAME BARAT I","prelist","MEDAN PERJUANGAN","SIDORAME TIMUR","LINGKUNGAN 15","","","I. Penyediaan Akomodasi dan Makan Minum","SBR"],
    ["75988","TATA TENTRAM","JL.PROF HM YAMIN SH NO.350-A, SEI KERA HULU","prelist","MEDAN PERJUANGAN","SEI KERA HULU","LINGKUNGAN 8","","","M. Jasa Profesional, Ilmiah, dan Teknis","SBR"],
    ["76052","PCM","JL. SEHATI GG CEMPAKA","prelist","MEDAN PERJUANGAN","TEGAL REJO","LINGKUNGAN 9","","","G. Perdagangan Besar dan Eceran, Reparasi Mobil dan Sepeda Motor","SBR"],
    ["76097","PEMUDA PEMERHATI LINGKUNGAN HIDUP","PIMPINAN NO 92 RT.0 RW.0, SEI KERA HILIR I","prelist","MEDAN PERJUANGAN","SEI KERA HILIR I","LINGKUNGAN 11","","","Q. Jasa Kesehatan dan Kegiatan Sosial","SBR"],
    ["76109","KOESMAN, KOESMAN & RAMONA","JL MADONG LUBIS","prelist","MEDAN PERJUANGAN","PANDAU HILIR","LINGKUNGAN 6","","","M. Jasa Profesional, Ilmiah, dan Teknis","SBR"],
    ["76114","GENERASI PENERUS GLOBAL MISI","JL.PELITA I NO.28 RT. 0 RW. 0","prelist","MEDAN PERJUANGAN","SIDORAME BARAT I","LINGKUNGAN 5","","","Q. Jasa Kesehatan dan Kegiatan Sosial","SBR"],
    ["76128","MANGGALA HADI CHANDRA","JL.PELITA II NO.36, SIDORAME TIMUR","prelist","MEDAN PERJUANGAN","SIDORAME BARAT I","LINGKUNGAN 3","","","F. Konstruksi","SBR"],
    ["76134","DINA AGUSTINA","JL.PAHLAWAN PERKASA NO.11, TEGAL REJO","prelist","MEDAN PERJUANGAN","PAHLAWAN","LINGKUNGAN 13","","","F. Konstruksi","SBR"],
    ["76148","NEBULA UNGGUL NUSANTARA CAB.MEDAN","JL.PROF.H.M.YAMIN,SH NO.249-B, SEI KERA HILIR I","prelist","MEDAN PERJUANGAN","SEI KERA HILIR I","LINGKUNGAN 1","","","G. Perdagangan Besar dan Eceran, Reparasi Mobil dan Sepeda Motor","SBR"],
    ["76175","GEOSIAR CITRA MEDIA","MAPILINDO","prelist","MEDAN PERJUANGAN","TEGAL REJO","LINGKUNGAN 13","","","J. Informasi dan Komunikasi","SBR"],
    ["76186","DWI MARGA MARSADA HUSADA","JL THAMRIN","prelist","MEDAN PERJUANGAN","PANDAU HILIR","LINGKUNGAN 4","","","Q. Jasa Kesehatan dan Kegiatan Sosial","SBR"],
    ["76287","CIPTA SURYA MANDIRI","JL.DURIAN GG.PELAJAR NO.46, DURIAN","prelist","MEDAN PERJUANGAN","SIDORAME BARAT I","LINGKUNGAN 3","","","F. Konstruksi","SBR"],
    ["76291","PENDIDIKAN GANESHA OPERATION","JL PROF HM YAMIN SH","prelist","MEDAN PERJUANGAN","PANDAU HILIR","LINGKUNGAN 3","","","P. Pendidikan","SBR"],
    ["76310","HAFINS ABADI JAYA","JL.HOS COKROAMINOTO NO.203, PAHLAWAN","prelist","MEDAN PERJUANGAN","SEI KERA HULU","LINGKUNGAN 14","","","F. Konstruksi","SBR"],
    ["76339","CITRA BHAKTI SEMESTA JAYA","JL LUBUK KUDA","prelist","MEDAN PERJUANGAN","SEI KERA HULU","LINGKUNGAN 18","","","G. Perdagangan Besar dan Eceran, Reparasi Mobil dan Sepeda Motor","SBR"],
    ["76352","MEGAH RUBBER INDUSTRY","JL.SUTOMO NO.29/65-H, PANDAU HILIR","prelist","MEDAN PERJUANGAN","PANDAU HILIR","LINGKUNGAN 1","","","C. Industri Pengolahan","SBR"],
    ["76440","BUMI PERMATA JAYA","JL. SEI KERA","prelist","MEDAN PERJUANGAN","PANDAU HILIR","LINGKUNGAN 2","","","A. Pertanian, Kehutanan, dan Perikanan","SBR"],
    ["76441","SURYA TRITAN","JL. SEI KERA GANG PRIBADI","prelist","MEDAN PERJUANGAN","SEI KERA HULU","LINGKUNGAN 9","","","G. Perdagangan Besar dan Eceran, Reparasi Mobil dan Sepeda Motor","SBR"],
    ["76444","MITRA UTAMA","JL.SENTOSA BARU NO.02-A, SEI KERA HILIR I","prelist","MEDAN PERJUANGAN","SEI KERA HILIR I","LINGKUNGAN 1","","","F. Konstruksi","SBR"],
    ["76486","KOSTRA HOLIDAYS","JL PARAPAT","prelist","MEDAN PERJUANGAN","PANDAU HILIR","LINGKUNGAN 6","","","N. Jasa Persewaan, Ketenagakerjaan, Agen Perjalanan, dan Jasa Pendukung","SBR"],
    ["76519","AGUNG PERKASA","JL.SERAM NO.23, PANDAU HILIR","prelist","MEDAN PERJUANGAN","PANDAU HILIR","LINGKUNGAN 2","","","F. Konstruksi","SBR"],
    ["76520","INSTITUTE FOR COMMUNITY DEVELOPMENT STUDIES/INFOCUS","JL.PELITA IV NO.13, SIDORAME BARAT I","prelist","MEDAN PERJUANGAN","SIDORAME BARAT I","LINGKUNGAN 7","","","P. Pendidikan","SBR"],
    ["76525","MULTI SARANA INDAH","JL.MADIO UTOMO GG.SOGOL 16-A, TEGAL REJO","prelist","MEDAN PERJUANGAN","TEGAL REJO","LINGKUNGAN 3","","","F. Konstruksi","SBR"],
    ["76551","CAHAYA MAKMUR SEJAHTERA","JL. PROF H.M. YAMIN SH","prelist","MEDAN PERJUANGAN","SEI KERA HILIR II","LINGKUNGAN 3","","","G. Perdagangan Besar dan Eceran, Reparasi Mobil dan Sepeda Motor","SBR"],
    ["76562","POLA GAS MANDIRI","JL DR SUTOMO LK II","prelist","MEDAN PERJUANGAN","PANDAU HILIR","LINGKUNGAN 4","","","M. Jasa Profesional, Ilmiah, dan Teknis","SBR"],
    ["76628","BERKAH JAYA","JL.M.YACOB NO.210, SEI KERA HILIR II","prelist","MEDAN PERJUANGAN","SEI KERA HILIR II","LINGKUNGAN 12","","","F. Konstruksi","SBR"],
    ["76670","INDOMARCO PRISMATAMA","JL PROF HM YAMIN SH","prelist","MEDAN PERJUANGAN","PAHLAWAN","LINGKUNGAN 15","","","G. Perdagangan Besar dan Eceran, Reparasi Mobil dan Sepeda Motor","SBR"],
    ["76768","ROKAN JAYA MEDAN","JL.MALAKA NO.23 MEDAN, PANDAU HILIR","prelist","MEDAN PERJUANGAN","PANDAU HILIR","LINGKUNGAN 4","","","Q. Jasa Kesehatan dan Kegiatan Sosial","SBR"],
    ["76780","KARYA ABADI","ASR EX KOWILHAM GG MESJID K -57 RT. 0 RW. 0, SIDORAME BARAT I","prelist","MEDAN PERJUANGAN","SIDORAME BARAT I","LINGKUNGAN 6","","","Q. Jasa Kesehatan dan Kegiatan Sosial","SBR"],
    ["76809","MANDIRI GLOBAL SERVICE","JL PELITA VI","prelist","MEDAN PERJUANGAN","TEGAL REJO","LINGKUNGAN 2","","","N. Jasa Persewaan, Ketenagakerjaan, Agen Perjalanan, dan Jasa Pendukung","SBR"],
    ["76815","BARATA MANDIRI JAYA","JL. KL YOS SUDARSO NO.A-7 LK XI","prelist","MEDAN PERJUANGAN","TEGAL REJO","LINGKUNGAN 9","","","H. Transportasi dan Pergudangan","SBR"],
    ["76821","TK AL KAUSAR","JL GURILLA NO 107 LK V, SEI KERA HILIR I","prelist","MEDAN PERJUANGAN","SEI KERA HILIR I","LINGKUNGAN 5","","","P. Pendidikan","SBR"],
    ["76851","DUTA PERTIWI","JL.MALUKU NO.12, SIDODADI","prelist","MEDAN PERJUANGAN","PANDAU HILIR","LINGKUNGAN 3","","","F. Konstruksi","SBR"],
    ["76856","KARYA MADUMA","JL.PERMAI GG.AMAL NO.16, SIDORAME TIMUR","prelist","MEDAN PERJUANGAN","SIDORAME TIMUR","LINGKUNGAN 12","","","F. Konstruksi","SBR"],
    ["76858","PEMERHATI MASYARAKAT MARGINAL","IBRAHIM UMAR NO 14, SEI KERA HILIR I","prelist","MEDAN PERJUANGAN","SEI KERA HILIR II","LINGKUNGAN 8","","","Q. Jasa Kesehatan dan Kegiatan Sosial","SBR"],
    ["76870","ROYAL BREWHOUSE GROUP","JL FLORES I LK II","prelist","MEDAN PERJUANGAN","PANDAU HILIR","LINGKUNGAN 2","","","G. Perdagangan Besar dan Eceran, Reparasi Mobil dan Sepeda Motor","SBR"],
    ["76951","L S M PRESIDIUM RAKYAT ANTI KORUPSI","JL.PELITA I NO.26, SIDORAME BARAT I","prelist","MEDAN PERJUANGAN","SIDORAME BARAT I","LINGKUNGAN 5","","","Q. Jasa Kesehatan dan Kegiatan Sosial","SBR"],
    ["76954","PANEN ANUGRAH LESTARI","JL.THAMRIN NO.15, PANDAU HILIR","prelist","MEDAN PERJUANGAN","PANDAU HILIR","LINGKUNGAN 4","","","I. Penyediaan Akomodasi dan Makan Minum","SBR"],
    ["76968","CV MAIDANII","JL PIMPINAN GG SUKA RAHMAT","prelist","MEDAN PERJUANGAN","SEI KERA HILIR I","LINGKUNGAN 12","","","G. Perdagangan Besar dan Eceran, Reparasi Mobil dan Sepeda Motor","SBR"],
    ["76984","BRAVAT INDONESIA TRADING","JALAN SUTOMO BARU LK I","prelist","MEDAN PERJUANGAN","PANDAU HILIR","LINGKUNGAN 1","","","G. Perdagangan Besar dan Eceran, Reparasi Mobil dan Sepeda Motor","SBR"],
    ["76987","PENYELAMAT KEKAYAAN NEGARA","PERJUANGAN NO.2-A RT.0 RW.0, SEI KERA HILIR I","prelist","MEDAN PERJUANGAN","SEI KERA HILIR I","LINGKUNGAN 11","","","Q. Jasa Kesehatan dan Kegiatan Sosial","SBR"],
    ["77006","MEGAH INDAH","JL.PROF.HM.YAMIN GG.HABIR NO.9, SEI KERA HULU","prelist","MEDAN PERJUANGAN","SEI KERA HILIR I","LINGKUNGAN 1","","","F. Konstruksi","SBR"],
    ["77012","MITRA LESTARI","JL.GURILLA GG.TERUNA NO.3, PAHLAWAN","prelist","MEDAN PERJUANGAN","SEI KERA HILIR I","LINGKUNGAN 4","","","F. Konstruksi","SBR"],
    ["77015","MORIZA BARAKAH","JL.PASAR III GG.NURI NO.17, TEGAL REJO","prelist","MEDAN PERJUANGAN","TEGAL REJO","LINGKUNGAN 11","","","F. Konstruksi","SBR"],
    ["77034","PRIMA SAWIT SEJAHTERA","JL PIMPINAN GG SUKA MAJU","prelist","MEDAN PERJUANGAN","SEI KERA HILIR I","LINGKUNGAN 10","","","G. Perdagangan Besar dan Eceran, Reparasi Mobil dan Sepeda Motor","SBR"],
    ["77042","WOONG RAME BERSAMA","JL DR WAHIDIN","prelist","MEDAN PERJUANGAN","PAHLAWAN","LINGKUNGAN 10","","","N. Jasa Persewaan, Ketenagakerjaan, Agen Perjalanan, dan Jasa Pendukung","SBR"],
    ["77090","TRIYASA PERKASA","JL.MALAKA NO.125, PANDAU HILIR","prelist","MEDAN PERJUANGAN","PANDAU HILIR","LINGKUNGAN 8","","","F. Konstruksi","SBR"],
    ["77105","KALINA ENTERPRISE","JL.PROF.H.M.YAMIN SH. GG.KETOPRAK NO.15, PAHLAWAN","prelist","MEDAN PERJUANGAN","SEI KERA HILIR II","LINGKUNGAN 10","","","R. Kesenian, Hiburan, dan Rekreasi","SBR"],
    ["77201","KESATUAN PEMUDA PEDULI LINGKUNGAN","PELITA IV NO 136-A RT.0 RW.0, SIDORAME BARAT II","prelist","MEDAN PERJUANGAN","SIDORAME BARAT II","LINGKUNGAN 3","","","S. Aktivitas Jasa Lainnya","SBR"],
    ["77240","GAMMA CONSULTAN","JL.PELITA VI NO.61, TEGAL REJO","prelist","MEDAN PERJUANGAN","TEGAL REJO","LINGKUNGAN 2","","","M. Jasa Profesional, Ilmiah, dan Teknis","SBR"],
    ["77270","BUDI PRIMA","JL.KESEHATAN NO.2-B, SEI KERA HILIR I","prelist","MEDAN PERJUANGAN","SEI KERA HILIR I","LINGKUNGAN 3","","","F. Konstruksi","SBR"],
    ["77316","KEPEDULIAN PROBLEMATIKA ANAK INDONESIA (LKPAI)","JL.PELITA I NO.45, SIDORAME BARAT II","prelist","MEDAN PERJUANGAN","SIDORAME BARAT II","LINGKUNGAN 5","","","S. Aktivitas Jasa Lainnya","SBR"],
    ["77330","CITRA PERTIWI MANDIRI","JL PROF HM YAMIN, SH","prelist","MEDAN PERJUANGAN","SEI KERA HILIR II","LINGKUNGAN 8","","","G. Perdagangan Besar dan Eceran, Reparasi Mobil dan Sepeda Motor","SBR"],
    ["77335","SERDANG LAPAN SATU","JL IBRAHIM UMAR GG MANTRI","prelist","MEDAN PERJUANGAN","SEI KERA HILIR II","LINGKUNGAN 9","","","F. Konstruksi","SBR"],
    ["77350","HANDEA NUSANTARA","JL.PAHLAWAN GG.LUMUMBA NO.50 RT. 000 RW. 000","prelist","MEDAN PERJUANGAN","PAHLAWAN","LINGKUNGAN 5","","","F. Konstruksi","SBR"],
    ["77372","MURNI JAYA","JL.MAPILINDO GANG.KUCICA I /17, TEGAL REJO","prelist","MEDAN PERJUANGAN","TEGAL REJO","LINGKUNGAN 1","","","F. Konstruksi","SBR"],
    ["77401","NAHKODA","JL.GURILLA NO.23, SEI KERA HILIR I","prelist","MEDAN PERJUANGAN","SEI KERA HILIR I","LINGKUNGAN 6","","","F. Konstruksi","SBR"],
    ["77420","OFFLE SEMESTA JAYA","JL SIBOLGA","prelist","MEDAN PERJUANGAN","PANDAU HILIR","LINGKUNGAN 5","","","I. Penyediaan Akomodasi dan Makan Minum","SBR"],
    ["77491","MERPATI MAS","JL.DUSUN I, PAHLAWAN","prelist","MEDAN PERJUANGAN","PAHLAWAN","LINGKUNGAN 4","","","H. Transportasi dan Pergudangan","SBR"],
    ["77497","ANDALAS GRAHA PERKASA","JL.PANGLIMA NO.43, SEI KERA HILIR I","prelist","MEDAN PERJUANGAN","SEI KERA HILIR I","LINGKUNGAN 1","","","F. Konstruksi","SBR"],
    ["77498","VERO INDAH SARI","JL.NGALENGKO NO.59-A, SIDORAME BARAT I","prelist","MEDAN PERJUANGAN","SIDORAME BARAT II","LINGKUNGAN 2","","","F. Konstruksi","SBR"],
    ["77501","CENTRAL BUDAYA DAN LINGKUNGAN SUMATERA UTARA","BERSAMA GG.PAIRAN NO.3 RT.0 RW.0, BANDAR SELAMAT","prelist","MEDAN PERJUANGAN","SEI KERA HILIR I","LINGKUNGAN 4","","","S. Aktivitas Jasa Lainnya","SBR"],
    ["77528","KREATIFITAS INDONESIA MUDA UNTUK DESA","JL. BATU PUTIH NO. 20, PAHLAWAN","prelist","MEDAN PERJUANGAN","PAHLAWAN","LINGKUNGAN 13","","","S. Aktivitas Jasa Lainnya","SBR"],
    ["77534","IMA","JL.MESJID TAUFIK GG.TAMTAMA NO.5, TEGAL REJO","prelist","MEDAN PERJUANGAN","TEGAL REJO","LINGKUNGAN 13","","","F. Konstruksi","SBR"],
    ["77537","IMACOAL","JL.PANCING GG.MURNI NO.35, SEI KERA HILIR I","prelist","MEDAN PERJUANGAN","SEI KERA HILIR I","LINGKUNGAN 13","","","F. Konstruksi","SBR"],
    ["77542","KARYA PERMAI","JL.PERMAI NO.27, SIDORAME BARAT I","prelist","MEDAN PERJUANGAN","SIDORAME TIMUR","LINGKUNGAN 14","","","F. Konstruksi","SBR"],
    ["77549","SAVINA","JL RENCONG","prelist","MEDAN PERJUANGAN","PAHLAWAN","LINGKUNGAN 9","","","M. Jasa Profesional, Ilmiah, dan Teknis","SBR"],
    ["77610","INTI PRESTASI","JL.MESJID TAUFIK NO.138/37, TEGAL REJO","prelist","MEDAN PERJUANGAN","TEGAL REJO","LINGKUNGAN 4","","","F. Konstruksi","SBR"],
    ["77613","HANDAYANI","JL.DURIAN NO.8-A, DURIAN","prelist","MEDAN PERJUANGAN","SIDORAME BARAT I","LINGKUNGAN 3","","","F. Konstruksi","SBR"],
    ["77629","ARENA EFEK INVESTAMA","JL.HOS.COKROAMINOTO NO.163/45-A, PANDAU HILIR","prelist","MEDAN PERJUANGAN","PANDAU HILIR","LINGKUNGAN 9","","","K. Aktivitas Keuangan Dan Asuransi","SBR"],
    ["77661","INDO TRADING GROUP","JL NANGGARJATI NO 77","prelist","MEDAN PERJUANGAN","SIDORAME TIMUR","LINGKUNGAN 6","","","G. Perdagangan Besar dan Eceran, Reparasi Mobil dan Sepeda Motor","SBR"],
    ["77666","SURYA LESTARI","JL.PROF.HM.YAMIN.SH II NO.31, PERINTIS","prelist","MEDAN PERJUANGAN","PAHLAWAN","LINGKUNGAN 15","","","F. Konstruksi","SBR"],
    ["77667","EKA PUTRA MANDIRI","JL SEI KERA LK VI","prelist","MEDAN PERJUANGAN","PANDAU HILIR","LINGKUNGAN 2","","","G. Perdagangan Besar dan Eceran, Reparasi Mobil dan Sepeda Motor","SBR"],
    ["77689","ANGEL","JL.PASAR III NO.175-E, TEGAL REJO","prelist","MEDAN PERJUANGAN","TEGAL REJO","LINGKUNGAN 10","","","J. Informasi dan Komunikasi","SBR"],
    ["77716","AKAR JAYA SUKSES","JALAN MALAKA LINGKUNGAN III","prelist","MEDAN PERJUANGAN","PANDAU HILIR","LINGKUNGAN 3","","","G. Perdagangan Besar dan Eceran, Reparasi Mobil dan Sepeda Motor","SBR"],
    ["77755","INDO COMEX EDIB","JL SUTOMO BARU","prelist","MEDAN PERJUANGAN","PANDAU HILIR","LINGKUNGAN 1","","","F. Konstruksi","SBR"],
    ["77825","ARCO","JL.H.M.YAMIN.SH GG.SARIF 717-H, SEI KERA HILIR I","prelist","MEDAN PERJUANGAN","SEI KERA HILIR I","LINGKUNGAN 11","","","F. Konstruksi","SBR"],
    ["77834","RIUNG MUNGPULUNG","JL.PROF.H.M.YAMINSH NO.232 MEDAN, SEI KERA HILIR II","prelist","MEDAN PERJUANGAN","SEI KERA HILIR II","LINGKUNGAN 8","","","Q. Jasa Kesehatan dan Kegiatan Sosial","SBR"],
    ["77846","MINDAMORA","SENTOSA LAMA","prelist","MEDAN PERJUANGAN","SEI KERA HULU","LINGKUNGAN 21","","","Q. Jasa Kesehatan dan Kegiatan Sosial","SBR"],
    ["77902","SD SWASTA NASIONAL GULTOM","JL PELITA IV NO 90, SIDORAME BARAT II","prelist","MEDAN PERJUANGAN","SIDORAME BARAT II","LINGKUNGAN 7","","","P. Pendidikan","SBR"],
    ["77910","GLOBAL PRIMA","JL.PIMPINAN NO.105-B, SEI KERA HILIR I","prelist","MEDAN PERJUANGAN","SEI KERA HILIR I","LINGKUNGAN 11","","","F. Konstruksi","SBR"],
    ["77946","TIGA MITRA MEDAN","PURWO NO 26 RT.0 RW.00, PERINTIS","prelist","MEDAN PERJUANGAN","SIDORAME TIMUR","LINGKUNGAN 3","","","G. Perdagangan Besar dan Eceran, Reparasi Mobil dan Sepeda Motor","SBR"],
    ["77956","SWADAYA MASYARAKAT CIKAL","JL.DOROWATI NO.17 RT.000 RW.000, PERINTIS","prelist","MEDAN PERJUANGAN","SIDORAME BARAT I","LINGKUNGAN 9","","","S. Aktivitas Jasa Lainnya","SBR"],
    ["77961","MUARA RINDU SEJAHTERA","JL PROF H.M. YAMIN, SH NO. 299-B","prelist","MEDAN PERJUANGAN","SEI KERA HILIR II","LINGKUNGAN 11","","","G. Perdagangan Besar dan Eceran, Reparasi Mobil dan Sepeda Motor","SBR"],
    ["78041","ARTHA MAHINRUS HUSADA","JL PASAR III","prelist","MEDAN PERJUANGAN","TEGAL REJO","LINGKUNGAN 10","","","Q. Jasa Kesehatan dan Kegiatan Sosial","SBR"],
    ["78143","THAMRIN-PERKASA. KSO","JL. DOROWATI LINGKUNGAN I NO 42, SIDORAME BARAT II","prelist","MEDAN PERJUANGAN","SIDORAME BARAT II","LINGKUNGAN 1","","","F. Konstruksi","SBR"],
    ["78145","SUTAN NAPARAS","JL DELI TUA","prelist","MEDAN PERJUANGAN","PANDAU HILIR","LINGKUNGAN 9","","","G. Perdagangan Besar dan Eceran, Reparasi Mobil dan Sepeda Motor","SBR"],
    ["78154","GUNUNG MAS","JL.MABAR NO.17-A, SEI KERA HILIR I","prelist","MEDAN PERJUANGAN","SEI KERA HILIR II","LINGKUNGAN 1","","","F. Konstruksi","SBR"],
    ["78195","MOTIVINDO","JL.M YAKUB NO.23, SEI KERA HILIR II","prelist","MEDAN PERJUANGAN","SEI KERA HILIR II","LINGKUNGAN 10","","","G. Perdagangan Besar dan Eceran, Reparasi Mobil dan Sepeda Motor","SBR"],
    ["78226","KIREI SEJAHTERA ABADI","JL. NEGARA NO. 46-B","prelist","MEDAN PERJUANGAN","PAHLAWAN","LINGKUNGAN 11","","","F. Konstruksi","SBR"],
    ["78236","RIEKA NURI CIPTA","JL.SENTOSA BARU NO.8, PAHLAWAN","prelist","MEDAN PERJUANGAN","SEI KERA HILIR I","LINGKUNGAN 1","","","F. Konstruksi","SBR"],
    ["78267","SEHAT SUBUR SEJAHTERA","JALAN FLORES NO. 1 K","prelist","MEDAN PERJUANGAN","PANDAU HILIR","LINGKUNGAN 2","","","C. Industri Pengolahan","SBR"],
    ["78324","INDO ABADI MULIA","JL. PELITA VI","prelist","MEDAN PERJUANGAN","TEGAL REJO","LINGKUNGAN 2","","","G. Perdagangan Besar dan Eceran, Reparasi Mobil dan Sepeda Motor","SBR"],
    ["78358","FIRST SOLUSI TECHNOLOGY","JL PROF HM YAMIN SH","prelist","MEDAN PERJUANGAN","PANDAU HILIR","LINGKUNGAN 2","","","F. Konstruksi","SBR"],
    ["78381","AMANAT DUTALESTARI","JL.MALAKA NO.90, PANDAU HILIR","prelist","MEDAN PERJUANGAN","PANDAU HILIR","LINGKUNGAN 6","","","F. Konstruksi","SBR"],
    ["78399","SUKSES BERSAMA MITRA WISATA","JL PROF HM YAMIN SH","prelist","MEDAN PERJUANGAN","SEI KERA HILIR II","LINGKUNGAN 8","","","N. Jasa Persewaan, Ketenagakerjaan, Agen Perjalanan, dan Jasa Pendukung","SBR"],
    ["78460","RENCY KARYA SEJATI","JL.PERJUANGAN KARYA BAKTI NO.6, SIDORAME TIMUR","prelist","MEDAN PERJUANGAN","SIDORAME TIMUR","LINGKUNGAN 7","","","F. Konstruksi","SBR"],
    ["78468","LSM PEMANTAU KINERJA APARATUR NEGARA","JL. PELITA IV GG. SERAYU","prelist","MEDAN PERJUANGAN","SIDORAME BARAT II","LINGKUNGAN 3","","","S. Aktivitas Jasa Lainnya","SBR"],
    ["78471","RA ZAHIRA KID'S LAND","JL IBRAHIM UMAR","prelist","MEDAN PERJUANGAN","SEI KERA HILIR I","LINGKUNGAN 8","","","P. Pendidikan","SBR"],
    ["78472","CITRA ARSENTA PERKASA","JL PROF HM YAMIN SH","prelist","MEDAN PERJUANGAN","SEI KERA HULU","LINGKUNGAN 3","","","F. Konstruksi","SBR"],
    ["78476","SEMTA UTAMA","JL.NANGGAR JATI NO.1-A, SIDORAME TIMUR","prelist","MEDAN PERJUANGAN","SIDORAME TIMUR","LINGKUNGAN 4","","","F. Konstruksi","SBR"],
    ["78492","PUTRA BRAWANG PRATAMA","JL.LETKOL MARTINUS LUBIS NO.44, PANDAU HILIR","prelist","MEDAN PERJUANGAN","PANDAU HILIR","LINGKUNGAN 1","","","F. Konstruksi","SBR"],
    ["78507","MEDIA PROMOSI INDONESIA","JL PARAPAT","prelist","MEDAN PERJUANGAN","PANDAU HILIR","LINGKUNGAN 6","","","M. Jasa Profesional, Ilmiah, dan Teknis","SBR"],
    ["78559","TIRTABUMI MEDAN PERKASA","JL H M YAMIN SH II","prelist","MEDAN PERJUANGAN","SEI KERA HULU","LINGKUNGAN 3","","","C. Industri Pengolahan","SBR"],
    ["78615","GRIYA RIZKY","JL PELITA II","prelist","MEDAN PERJUANGAN","SIDORAME BARAT I","LINGKUNGAN 3","","","F. Konstruksi","SBR"],
    ["78640","EMPEROR BRAND INDONESIA","JL.PASAR III GG BIMA NO.15-K, GLUGUR DARAT I","prelist","MEDAN PERJUANGAN","TEGAL REJO","LINGKUNGAN 14","","","G. Perdagangan Besar dan Eceran, Reparasi Mobil dan Sepeda Motor","SBR"],
    ["78660","INTANG PERKASA","JL.PELITA-I NO.20/10, SIDORAME BARAT I","prelist","MEDAN PERJUANGAN","SIDORAME BARAT I","LINGKUNGAN 5","","","F. Konstruksi","SBR"],
    ["78709","REJEKI ALAM TECHNOLOGY","JL PASAR III","prelist","MEDAN PERJUANGAN","TEGAL REJO","LINGKUNGAN 9","","","N. Jasa Persewaan, Ketenagakerjaan, Agen Perjalanan, dan Jasa Pendukung","SBR"],
    ["78717","MEDIA PAULDA INDONESIA","JL. GURILLA NO. 50","prelist","MEDAN PERJUANGAN","SEI KERA HILIR II","LINGKUNGAN 14","","","J. Informasi dan Komunikasi","SBR"],
    ["78746","PARTY CATERING","JL. PAHLAWAN GG SAKTI","prelist","MEDAN PERJUANGAN","PAHLAWAN","LINGKUNGAN 4","","","G. Perdagangan Besar dan Eceran, Reparasi Mobil dan Sepeda Motor","SBR"],
    ["78768","BERSAMA MAJU","M YAKUB NO.8 RT.00 RW.00, SEI KERA HILIR II","prelist","MEDAN PERJUANGAN","SEI KERA HILIR II","LINGKUNGAN 2","","","G. Perdagangan Besar dan Eceran, Reparasi Mobil dan Sepeda Motor","SBR"],
    ["78773","ANUGRAH MITRA ANDALAN","JL. PROF. H.M. YAMIN, S.H. NO. 42-F","prelist","MEDAN PERJUANGAN","SEI KERA HILIR II","LINGKUNGAN 10","","","G. Perdagangan Besar dan Eceran, Reparasi Mobil dan Sepeda Motor","SBR"],
    ["78818","B-CHARADE CONSULTANT","JL.MESJID TAUFIK NO.35, TEGAL REJO","prelist","MEDAN PERJUANGAN","TEGAL REJO","LINGKUNGAN 6","","","M. Jasa Profesional, Ilmiah, dan Teknis","SBR"],
    ["78831","MENTARI BANGSA","JL WAHIDIN","prelist","MEDAN PERJUANGAN","PAHLAWAN","LINGKUNGAN 10","","","P. Pendidikan","SBR"],
    ["78836","SERDANG JAYA LESTARI","JL.HM.YAMIN SH.NO.147-B, SEI KERA HILIR I","prelist","MEDAN PERJUANGAN","SEI KERA HILIR II","LINGKUNGAN 15","","","F. Konstruksi","SBR"],
    ["78909","ELGRAMA SARI","JL MESJID TAUFIK","prelist","MEDAN PERJUANGAN","TEGAL REJO","LINGKUNGAN 7","","","G. Perdagangan Besar dan Eceran, Reparasi Mobil dan Sepeda Motor","SBR"],
    ["78935","KENCANA EMAS SEJAHTERA","JL PIMPINAN GG AGAMA","prelist","MEDAN PERJUANGAN","SEI KERA HILIR I","LINGKUNGAN 11","","","J. Informasi dan Komunikasi","SBR"],
    ["78944","MUJUR AGUNG MANDIRI","JL.PASAR III GG SERITI NO.16, TEGAL REJO","prelist","MEDAN PERJUANGAN","TEGAL REJO","LINGKUNGAN 11","","","G. Perdagangan Besar dan Eceran, Reparasi Mobil dan Sepeda Motor","SBR"],
    ["78990","INTERJADI ASIA","JL.KERIS NO.74, PAHLAWAN","prelist","MEDAN PERJUANGAN","PAHLAWAN","LINGKUNGAN 8","","","J. Informasi dan Komunikasi","SBR"],
    ["79012","MITRA AWAINA ACEH","JL. PAHLAWAN","prelist","MEDAN PERJUANGAN","PAHLAWAN","LINGKUNGAN 13","","","G. Perdagangan Besar dan Eceran, Reparasi Mobil dan Sepeda Motor","SBR"],
    ["79040","KESWADAYAAN MASYARAKAT KEL.SEI KERA HILIR II","JL.GURILLA NO.68, SEI KERA HILIR II","prelist","MEDAN PERJUANGAN","SEI KERA HILIR II","LINGKUNGAN 13","","","S. Aktivitas Jasa Lainnya","SBR"],
    ["79052","EXSHEL JAYA","JL. PASAR III RUKO GRAHA KRAKATAU","prelist","MEDAN PERJUANGAN","TEGAL REJO","LINGKUNGAN 10","","","G. Perdagangan Besar dan Eceran, Reparasi Mobil dan Sepeda Motor","SBR"],
    ["79073","ZONA LAND ENGINEERING CONSULTANT","JL PELITA IV GG SAROHA","prelist","MEDAN PERJUANGAN","SIDORAME TIMUR","LINGKUNGAN 15","","","M. Jasa Profesional, Ilmiah, dan Teknis","SBR"],
    ["79211","AYU TROPIKA","JL PROF HM YAMIN SH LK I","prelist","MEDAN PERJUANGAN","PAHLAWAN","LINGKUNGAN 15","","","N. Jasa Persewaan, Ketenagakerjaan, Agen Perjalanan, dan Jasa Pendukung","SBR"],
    ["79230","LEPRO INDONESIA","MESJID TAUFIK NO.166 RT.0 RW.0, TEGAL REJO","prelist","MEDAN PERJUANGAN","TEGAL REJO","LINGKUNGAN 12","","","S. Aktivitas Jasa Lainnya","SBR"],
    ["79260","CEKINFO INDONESIA","JL HM YAMIN SH /KMP SERDANG MAS","prelist","MEDAN PERJUANGAN","SEI KERA HULU","LINGKUNGAN 5","","","M. Jasa Profesional, Ilmiah, dan Teknis","SBR"],
    ["79264","JOVAN ESA PUTRA","JALAN PROFESSOR HM YAMIN SH","prelist","MEDAN PERJUANGAN","PAHLAWAN","LINGKUNGAN 15","","","G. Perdagangan Besar dan Eceran, Reparasi Mobil dan Sepeda Motor","SBR"],
    ["79320","HOSSANA MANGIHUT JAYA","JALAN PERJUANGAN NOMOR 49","prelist","MEDAN PERJUANGAN","SIDORAME TIMUR","LINGKUNGAN 9","","","N. Jasa Persewaan, Ketenagakerjaan, Agen Perjalanan, dan Jasa Pendukung","SBR"],
    ["79345","TUNAS REZEKI ABADI","JL THAMRIN","prelist","MEDAN PERJUANGAN","PANDAU HILIR","LINGKUNGAN 4","","","G. Perdagangan Besar dan Eceran, Reparasi Mobil dan Sepeda Motor","SBR"],
    ["79354","KARYA SEJATI","JL.SENTOSA BARU NO.15-B, SEI KERA HILIR I","prelist","MEDAN PERJUANGAN","SEI KERA HILIR II","LINGKUNGAN 11","","","F. Konstruksi","SBR"],
    ["79482","BUMI MAS KENCANA","JL.PELITA IV GG.PEPAYA NO.13, SIDORAME BARAT I","prelist","MEDAN PERJUANGAN","SIDORAME BARAT I","LINGKUNGAN 1","","","F. Konstruksi","SBR"],
    ["79494","VERTA SEJAHTERA","JL MALAKA NO 164","prelist","MEDAN PERJUANGAN","PANDAU HILIR","LINGKUNGAN 8","","","G. Perdagangan Besar dan Eceran, Reparasi Mobil dan Sepeda Motor","SBR"],
    ["79518","FORUM DEMOKRASI RAKYAT","JL.PELITA I G.PENDORONG NO.15, SIDORAME BARAT II","prelist","MEDAN PERJUANGAN","SIDORAME BARAT II","LINGKUNGAN 5","","","G. Perdagangan Besar dan Eceran, Reparasi Mobil dan Sepeda Motor","SBR"],
    ["79520","DARA DUTA NUSANTARA","JL GURILA GG SUKADAMAI","prelist","MEDAN PERJUANGAN","SEI KERA HILIR I","LINGKUNGAN 5","","","F. Konstruksi","SBR"],
    ["79551","DANA AGAPE GKPI","JL PELITA IV NO 111","prelist","MEDAN PERJUANGAN","SIDORAME BARAT II","LINGKUNGAN 8","","","S. Aktivitas Jasa Lainnya","SBR"],
    ["79553","KOMUNITAS MISI KASIH","JL.DOROWATI LORONG 3 NO.4 RT.000 RW.000, SIDORAME BARAT II","prelist","MEDAN PERJUANGAN","SIDORAME BARAT II","LINGKUNGAN 1","","","S. Aktivitas Jasa Lainnya","SBR"],
    ["79554","LPM DURIAN","JL BAMBU II","prelist","MEDAN PERJUANGAN","SIDORAME BARAT I","LINGKUNGAN 3","","","S. Aktivitas Jasa Lainnya","SBR"],
    ["79641","PENGASIH TUNGGAL OLSANI","JL.IBRAHIM UMAR G.SADO NO.65, SEI KERA HILIR II","prelist","MEDAN PERJUANGAN","SEI KERA HILIR II","LINGKUNGAN 14","","","S. Aktivitas Jasa Lainnya","SBR"],
    ["79664","YAHYA MULTI TEHNIK","M YAKUB NO 91 RT.0 RW.0, SEI KERA HILIR II","prelist","MEDAN PERJUANGAN","SEI KERA HILIR II","LINGKUNGAN 13","","","G. Perdagangan Besar dan Eceran, Reparasi Mobil dan Sepeda Motor","SBR"],
    ["79676","OISIN COMMUNICATIONS","JL SIBOLGA NO 34 RT. 00 RW. 00, PANDAU HILIR","prelist","MEDAN PERJUANGAN","PANDAU HILIR","LINGKUNGAN 5","","","M. Jasa Profesional, Ilmiah, dan Teknis","SBR"],
    ["79704","(POKMAS) MAWAR","JLN.SEHATI GG.KINANTAN NO 12 F","prelist","MEDAN PERJUANGAN","TEGAL REJO","LINGKUNGAN 9","","","S. Aktivitas Jasa Lainnya","SBR"],
    ["79712","CITIZENRY IJDIHARAN","JL. RAKYAT GG. LANGKAT","prelist","MEDAN PERJUANGAN","TEGAL REJO","LINGKUNGAN 3","","","M. Jasa Profesional, Ilmiah, dan Teknis","SBR"],
    ["79715","PRIMA ADIDAYA PERKASA","JL PANGLIMA","prelist","MEDAN PERJUANGAN","SEI KERA HILIR I","LINGKUNGAN 1","","","N. Jasa Persewaan, Ketenagakerjaan, Agen Perjalanan, dan Jasa Pendukung","SBR"],
    ["79757","KORNELIUS JAYA MANDIRI","JL MESJID TAUFIK GG BERSAMA","prelist","MEDAN PERJUANGAN","TEGAL REJO","LINGKUNGAN 7","","","F. Konstruksi","SBR"],
    ["79765","BROCOCO BROTHERS","JL.VILLA JATI MAS BLOK A/8, SIDORAME BARAT I","prelist","MEDAN PERJUANGAN","SIDORAME BARAT I","LINGKUNGAN 14","","","F. Konstruksi","SBR"],
    ["79770","WARTIB JAYA MANDIRI","JL SEI KERA GG KELAMBIR","prelist","MEDAN PERJUANGAN","PANDAU HILIR","LINGKUNGAN 2","","","J. Informasi dan Komunikasi","SBR"],
    ["79821","MAJU JAYA ABADI","JL. FLORES NO. 1C-5 RT.0 RW.0, PANDAU HILIR","prelist","MEDAN PERJUANGAN","PANDAU HILIR","LINGKUNGAN 2","","","G. Perdagangan Besar dan Eceran, Reparasi Mobil dan Sepeda Motor","SBR"],
    ["79844","KEMAL TRI AMANDA","JL PAHLAWAN GG PERWIRA","prelist","MEDAN PERJUANGAN","PAHLAWAN","LINGKUNGAN 16","","","F. Konstruksi","SBR"],
    ["79857","KIRANA AGRO LESTARI","KOMPLEK VILLA JATI MAS BLOK G NOMOR 9","prelist","MEDAN PERJUANGAN","SIDORAME BARAT I","LINGKUNGAN 14","","","A. Pertanian, Kehutanan, dan Perikanan","SBR"],
    ["79896","DELI","JL.MAPILINDO NO.103, TEGAL REJO","prelist","MEDAN PERJUANGAN","TEGAL REJO","LINGKUNGAN 2","","","F. Konstruksi","SBR"],
    ["79897","TETAP JAYA","JL PROF HM YAMIN SH","prelist","MEDAN PERJUANGAN","PANDAU HILIR","LINGKUNGAN 6","","","G. Perdagangan Besar dan Eceran, Reparasi Mobil dan Sepeda Motor","SBR"],
    ["79899","UGASAN PUTRA MANDIRI","JL RAKYAT","prelist","MEDAN PERJUANGAN","SIDORAME TIMUR","LINGKUNGAN 11","","","F. Konstruksi","SBR"],
    ["79908","DAHLIA BINA UTAMA","JL PASAR III KRAKATAU GANG MERAK","prelist","MEDAN PERJUANGAN","TEGAL REJO","LINGKUNGAN 11","","","H. Transportasi dan Pergudangan","SBR"],
    ["79943","HABIB KHAIRI","GURILLA NO 159 RT. 0 RW. 00","prelist","MEDAN PERJUANGAN","SEI KERA HILIR I","LINGKUNGAN 4","","","F. Konstruksi","SBR"],
    ["79945","USAHA BERSAMA RAKYAT HALAKAGA","JL.NEGARA NO.19, SEI KERA HILIR I","prelist","MEDAN PERJUANGAN","SEI KERA HILIR I","LINGKUNGAN 11","","","F. Konstruksi","SBR"],
    ["79950","GUNUNG PETERNAKAN INTI RAKYAT","JL.SEI KERA NO.105-F, SIDODADI","prelist","MEDAN PERJUANGAN","PANDAU HILIR","LINGKUNGAN 4","","","A. Pertanian, Kehutanan, dan Perikanan","SBR"],
    ["79952","JAYA ABADI","JL.THAMRIN NO.38 / 66, PANDAU HILIR","prelist","MEDAN PERJUANGAN","PANDAU HILIR","LINGKUNGAN 1","","","F. Konstruksi","SBR"],
    ["79958","ROYA DELI","JL PERKUTUT NO 2A","prelist","MEDAN PERJUANGAN","SIDORAME TIMUR","LINGKUNGAN 13","","","G. Perdagangan Besar dan Eceran, Reparasi Mobil dan Sepeda Motor","SBR"],
    ["79981","INDUSTRI JASA TENAGA KERJAINDONESIA (INJASKA INDONESIA)","JL.PELITA IV NO.52, SIDORAME BARAT I","prelist","MEDAN PERJUANGAN","SIDORAME BARAT II","LINGKUNGAN 7","","","N. Jasa Persewaan, Ketenagakerjaan, Agen Perjalanan, dan Jasa Pendukung","SBR"],
    ["79997","PEDAGANG PASAR `INPRES` DESA LALANG MEDAN","JL.KELAMBIR V LORONG PAJAK NO.2, LALANG","prelist","MEDAN PERJUANGAN","SIDORAME TIMUR","LINGKUNGAN 10","","","G. Perdagangan Besar dan Eceran, Reparasi Mobil dan Sepeda Motor","SBR"],
    ["79998","ROBIKA NIAGA PERKASA","JL.PROF.HM.YAMIN.SH II NO.47, PERINTIS","prelist","MEDAN PERJUANGAN","SEI KERA HULU","LINGKUNGAN 3","","","A. Pertanian, Kehutanan, dan Perikanan","SBR"],
    ["79999","NURUL BAROKAH JAYA","JL PROF HM YAMIN SH GG KETOPRAK","prelist","MEDAN PERJUANGAN","SEI KERA HILIR II","LINGKUNGAN 10","","","F. Konstruksi","SBR"],
    ["80001","MAJLIS TA'LIM KAUM IBU JIHADATUT THOIBAH WALBAROKAH","JL RAKYAT/BEO I PASAR II GG KADHI","prelist","MEDAN PERJUANGAN","TEGAL REJO","LINGKUNGAN 13","","","S. Aktivitas Jasa Lainnya","SBR"],
    ["80039","LAUTAN CEMERLANG","JL.LETKOL MARTINUS LUBIS NO.26, PANDAU HILIR","prelist","MEDAN PERJUANGAN","PANDAU HILIR","LINGKUNGAN 1","","","F. Konstruksi","SBR"],
    ["80040","SUMA KARYA INDONUSA","JL PROF HM YAMIN SH","prelist","MEDAN PERJUANGAN","SEI KERA HILIR II","LINGKUNGAN 8","","","F. Konstruksi","SBR"],
    ["80048","UNIVERSAL JAYA ABADI","JL PROF HM YAMIN, SH","prelist","MEDAN PERJUANGAN","SEI KERA HULU","LINGKUNGAN 5","","","G. Perdagangan Besar dan Eceran, Reparasi Mobil dan Sepeda Motor","SBR"],
    ["80074","PERHIMPUNAN WARGO DJOWO KOTA MEDAN","JL. PELITA 6 LINGKUNGAN 2","prelist","MEDAN PERJUANGAN","TEGAL REJO","LINGKUNGAN 2","","","Q. Jasa Kesehatan dan Kegiatan Sosial","SBR"],
    ["80100","AGROPRIMA ARTA MAKMUR","JL MARTINUS LUBIS","prelist","MEDAN PERJUANGAN","PANDAU HILIR","LINGKUNGAN 1","","","G. Perdagangan Besar dan Eceran, Reparasi Mobil dan Sepeda Motor","SBR"],
    ["80120","ARJUNA UTAMA","JL.RAKYAT LR.KARTO NO.23-A, SIDORAME BARAT I","prelist","MEDAN PERJUANGAN","TEGAL REJO","LINGKUNGAN 3","","","F. Konstruksi","SBR"],
    ["80150","DEXA KONSTRUKSINDO PERSADA","JL PASAR III","prelist","MEDAN PERJUANGAN","TEGAL REJO","LINGKUNGAN 11","","","G. Perdagangan Besar dan Eceran, Reparasi Mobil dan Sepeda Motor","SBR"],
    ["80185","72GAR'S","PROF. HM YAMIN SH","prelist","MEDAN PERJUANGAN","SEI KERA HILIR II","LINGKUNGAN 3","","","G. Perdagangan Besar dan Eceran, Reparasi Mobil dan Sepeda Motor","SBR"],
    ["80200","BUNDA JAYA","JL.PROF.H.M.YAMIN,SH. NO.522, PAHLAWAN","prelist","MEDAN PERJUANGAN","PAHLAWAN","LINGKUNGAN 1","","","F. Konstruksi","SBR"],
    ["80201","INDO SAKTI ANUGRAH KENCANA","JL.PROF.H.M.YAMIN.SH NO.433-A, SIDODADI","prelist","MEDAN PERJUANGAN","SEI KERA HILIR I","LINGKUNGAN 1","","","F. Konstruksi","SBR"],
    ["80216","DEBOCI","JL SEI KERA GANG INDRA","prelist","MEDAN PERJUANGAN","SEI KERA HULU","LINGKUNGAN 15","","","F. Konstruksi","SBR"],
    ["80230","PUSAT KOPERASI PEGAWAI NEGERI","JL DURIAN","prelist","MEDAN PERJUANGAN","SIDORAME BARAT I","LINGKUNGAN 3","","","K. Aktivitas Keuangan Dan Asuransi","SBR"],
    ["80234","PENDIDIKAN QURROTA A'YUNI MEDAN","JL PIMPINAN","prelist","MEDAN PERJUANGAN","SEI KERA HILIR I","LINGKUNGAN 5","","","S. Aktivitas Jasa Lainnya","SBR"],
    ["80285","ROTTE MEDAN TIMUR","JL PASAR III","prelist","MEDAN PERJUANGAN","TEGAL REJO","LINGKUNGAN 11","","","G. Perdagangan Besar dan Eceran, Reparasi Mobil dan Sepeda Motor","SBR"],
    ["80288","SEHAT INDONESIA","SEHATI NO 66 RT.0 RW.0, TEGAL REJO","prelist","MEDAN PERJUANGAN","TEGAL REJO","LINGKUNGAN 6","","","S. Aktivitas Jasa Lainnya","SBR"],
    ["80302","GARDA BERKAH NUSANTARA","JL.THAMRIN NO.32/50","prelist","MEDAN PERJUANGAN","PANDAU HILIR","LINGKUNGAN 2","","","N. Jasa Persewaan, Ketenagakerjaan, Agen Perjalanan, dan Jasa Pendukung","SBR"],
    ["80394","KHALIFAH INTERNASIONAL","JL DURIAN","prelist","MEDAN PERJUANGAN","SIDORAME BARAT I","LINGKUNGAN 3","","","F. Konstruksi","SBR"],
    ["80409","INNA SEJAHTERA","JL RAKYAT","prelist","MEDAN PERJUANGAN","SIDORAME TIMUR","LINGKUNGAN 11","","","H. Transportasi dan Pergudangan","SBR"],
    ["80410","DANA TRIGUNA INDONESIA (DATRINDO)","JL. SENTOSA LAMA NO.15/53, SEI KERA HULU","prelist","MEDAN PERJUANGAN","SEI KERA HULU","LINGKUNGAN 21","","","K. Aktivitas Keuangan Dan Asuransi","SBR"],
    ["80422","THAMRIN JAYA","JL.PAHLAWAN PERKASA NO.11, TEGAL REJO","prelist","MEDAN PERJUANGAN","TEGAL REJO","LINGKUNGAN 13","","","F. Konstruksi","SBR"],
    ["80444","ADIKA RAYA PERSADA","JL.PELITA IV G.TENTRAM NO.27, SIDORAME BARAT II","prelist","MEDAN PERJUANGAN","SIDORAME BARAT II","LINGKUNGAN 9","","","F. Konstruksi","SBR"],
    ["80446","INDO NIAGA JAYA","JL.PROF HM YAMIN III NO.2-AA, PERINTIS","prelist","MEDAN PERJUANGAN","PANDAU HILIR","LINGKUNGAN 1","","","G. Perdagangan Besar dan Eceran, Reparasi Mobil dan Sepeda Motor","SBR"],
    ["80482","JEKA ADITYA PRATAMA","JL.PERJUANGAN NO.29, SIDOREJO","prelist","MEDAN PERJUANGAN","SIDORAME TIMUR","LINGKUNGAN 9","","","G. Perdagangan Besar dan Eceran, Reparasi Mobil dan Sepeda Motor","SBR"],
    ["80546","POKMAS HARAPAN","JALAN RAKYAT GANG BARUMUN","prelist","MEDAN PERJUANGAN","TEGAL REJO","LINGKUNGAN 12","","","D. Pengadaan Listrik, Gas, Uap/Air Panas, dan Udara Dingin","SBR"],
    ["80547","ANUGRAH CAHAYA INSANI","JL.M.YACOB NO.157 LINGK.X MEDAN, SEI KERA HILIR II","prelist","MEDAN PERJUANGAN","SEI KERA HILIR II","LINGKUNGAN 12","","","F. Konstruksi","SBR"],
    ["80548","SUMINDO JAYA","JL.HOS.COKROAMINOTO NO.174, SEI KERA HILIR I","prelist","MEDAN PERJUANGAN","SEI KERA HULU","LINGKUNGAN 15","","","F. Konstruksi","SBR"],
    ["80555","KILANG GARAM JANGKAR WAJA","JL. GALANG","prelist","MEDAN PERJUANGAN","PANDAU HILIR","LINGKUNGAN 8","","","G. Perdagangan Besar dan Eceran, Reparasi Mobil dan Sepeda Motor","SBR"],
    ["80560","REZA KURNIA","JL KESATRIA BARAT","prelist","MEDAN PERJUANGAN","PAHLAWAN","LINGKUNGAN 16","","","F. Konstruksi","SBR"],
    ["80570","SAWAHAN LESTARI","JL.DELI TUA NO.48, PANDAU HILIR","prelist","MEDAN PERJUANGAN","PANDAU HILIR","LINGKUNGAN 9","","","F. Konstruksi","SBR"],
    ["80571","MSDOT CIPTA JAYA","JL. SENTOSA BARU NO.547, SEI KERA HILIR II","prelist","MEDAN PERJUANGAN","SEI KERA HILIR II","LINGKUNGAN 8","","","F. Konstruksi","SBR"],
    ["80586","ALUR PIKA SAWITA","JL.SEI KERA NO.249, SEI KERA HULU","prelist","MEDAN PERJUANGAN","SEI KERA HULU","LINGKUNGAN 4","","","A. Pertanian, Kehutanan, dan Perikanan","SBR"],
    ["80624","APOTIK RIZKY","JL.RAKYAT NO.111-C, SIDORAME BARAT I","prelist","MEDAN PERJUANGAN","SIDORAME TIMUR","LINGKUNGAN 15","","","G. Perdagangan Besar dan Eceran, Reparasi Mobil dan Sepeda Motor","SBR"],
    ["80635","EMKL.BLUE SKY EXPRESS","JL.PROF.H.M YAMIN SH.NO.522, PAHLAWAN","prelist","MEDAN PERJUANGAN","PAHLAWAN","LINGKUNGAN 1","","","H. Transportasi dan Pergudangan","SBR"],
    ["80643","SAMOLALA COUSELING AIRPORT","JL.RAKYAT PS.II G.PERTAMA 9-AB, SIDORAME BARAT I","prelist","MEDAN PERJUANGAN","TEGAL REJO","LINGKUNGAN 3","","","H. Transportasi dan Pergudangan","SBR"],
    ["80644","BARLEM","JL TANJUNG TIRAM","prelist","MEDAN PERJUANGAN","PANDAU HILIR","LINGKUNGAN 8","","","F. Konstruksi","SBR"],
    ["80661","JASA ARJUNA JAYA","JL. ISMAILIYAH GG. SIDIK","prelist","MEDAN PERJUANGAN","SEI KERA HILIR II","LINGKUNGAN 13","","","N. Jasa Persewaan, Ketenagakerjaan, Agen Perjalanan, dan Jasa Pendukung","SBR"],
    ["80694","GEREJA PENTAKOSTA KRISTUS","JL PAHLAWAN GG GEMBIRA","prelist","MEDAN PERJUANGAN","PAHLAWAN","LINGKUNGAN 2","","","S. Aktivitas Jasa Lainnya","SBR"],
    ["80711","IBU ASUH SUMATERA UTARA","JL.PAHLAWAN G.ANOM NO.15-A/36A, PAHLAWAN","prelist","MEDAN PERJUANGAN","PAHLAWAN","LINGKUNGAN 3","","","P. Pendidikan","SBR"],
    ["80723","MULTI USAHA","JL.PELIKAN NO.5, SIDORAME TIMUR","prelist","MEDAN PERJUANGAN","SIDORAME TIMUR","LINGKUNGAN 10","","","F. Konstruksi","SBR"],
    ["80726","JAYA MAKMUR","JL HM SAID","prelist","MEDAN PERJUANGAN","SIDORAME BARAT I","LINGKUNGAN 4","","","G. Perdagangan Besar dan Eceran, Reparasi Mobil dan Sepeda Motor","SBR"],
    ["80757","MUJUR MAS","JL MALAKA","prelist","MEDAN PERJUANGAN","PANDAU HILIR","LINGKUNGAN 5","","","G. Perdagangan Besar dan Eceran, Reparasi Mobil dan Sepeda Motor","SBR"],
    ["80785","DESA CEMERLANG","JL.LETKOL MARTINUS LUBIS NO.26, PANDAU HILIR","prelist","MEDAN PERJUANGAN","PANDAU HILIR","LINGKUNGAN 1","","","F. Konstruksi","SBR"],
    ["80802","BINA USAHA","JL.MABAR NO.15, SEI KERA HILIR II","prelist","MEDAN PERJUANGAN","SEI KERA HILIR II","LINGKUNGAN 1","","","F. Konstruksi","SBR"],
    ["80825","ROBY PERS","JL.PELITA II NO.71/93, SIDORAME BARAT II","prelist","MEDAN PERJUANGAN","SIDORAME BARAT II","LINGKUNGAN 5","","","C. Industri Pengolahan","SBR"],
    ["80865","GANDUM MAS METALINDO","JL MALAKA NO 145/63","prelist","MEDAN PERJUANGAN","PANDAU HILIR","LINGKUNGAN 9","","","G. Perdagangan Besar dan Eceran, Reparasi Mobil dan Sepeda Motor","SBR"],
    ["80877","PUTRI AULIA JAYA","JALAN MUHAMMAD YAKUB NO. 10 A","prelist","MEDAN PERJUANGAN","SEI KERA HILIR II","LINGKUNGAN 6","","","G. Perdagangan Besar dan Eceran, Reparasi Mobil dan Sepeda Motor","SBR"],
    ["80908","KHAIRUNNISA","JL.PAHLAWAN GG.RUKUN NO.9, PAHLAWAN","prelist","MEDAN PERJUANGAN","PAHLAWAN","LINGKUNGAN 2","","","F. Konstruksi","SBR"],
    ["80916","AEK GODANG SEJATI","JL.SEI KERA NO.216, PANDAU HILIR","prelist","MEDAN PERJUANGAN","PANDAU HILIR","LINGKUNGAN 8","","","F. Konstruksi","SBR"],
    ["80930","ROBYANNA AGUNG SEJAHTERA","JALAN PAHLAWAN KOMPLEK SAKTI NOMOR B5","prelist","MEDAN PERJUANGAN","PAHLAWAN","LINGKUNGAN 13","","","C. Industri Pengolahan","SBR"],
    ["80939","SATRIA TAMA","JL MESJID TAUFIK","prelist","MEDAN PERJUANGAN","TEGAL REJO","LINGKUNGAN 7","","","F. Konstruksi","SBR"],
    ["80947","KOMUNITAS SUKSES BERSAMA","JL. PROF. HM. YAMIN NOMOR 32","prelist","MEDAN PERJUANGAN","SEI KERA HILIR II","LINGKUNGAN 15","","","G. Perdagangan Besar dan Eceran, Reparasi Mobil dan Sepeda Motor","SBR"],
    ["81056","KARGO SARANA","JL P. RAMBAI GG MANTRI NO 20 LK VI RT. 0 RW. 0","prelist","MEDAN PERJUANGAN","SEI KERA HILIR II","LINGKUNGAN 6","","","H. Transportasi dan Pergudangan","SBR"],
    ["81084","GILANG PUTRA BAHANA","JL.MESJID TAUFIK NO.38, TEGAL REJO","prelist","MEDAN PERJUANGAN","TEGAL REJO","LINGKUNGAN 5","","","G. Perdagangan Besar dan Eceran, Reparasi Mobil dan Sepeda Motor","SBR"],
    ["81146","SIMONINDO LESTARI","JL.SEHATI NO.109, TEGAL REJO","prelist","MEDAN PERJUANGAN","TEGAL REJO","LINGKUNGAN 8","","","F. Konstruksi","SBR"],
    ["81173","FIFORA SUKSES GEMILANG","JL.PERINTIS KEMERDEKAAN KOMPLEK JATI PRIMA NOMOR 27","prelist","MEDAN PERJUANGAN","SIDORAME BARAT I","LINGKUNGAN 10","","","G. Perdagangan Besar dan Eceran, Reparasi Mobil dan Sepeda Motor","SBR"],
    ["81202","CIPTA KARYA PRATAMA","JL.M.YAKUB NO.164 MEDAN, SEI KERA HILIR II","prelist","MEDAN PERJUANGAN","SEI KERA HILIR II","LINGKUNGAN 10","","","F. Konstruksi","SBR"],
    ["81207","AL FAZZA SEJAHTERA","JALAN PAHLAWAN","prelist","MEDAN PERJUANGAN","PAHLAWAN","LINGKUNGAN 13","","","G. Perdagangan Besar dan Eceran, Reparasi Mobil dan Sepeda Motor","SBR"],
    ["81221","PUTRA JAYA PERMAI","JL.PERJUANGAN GG.AMAL NO.12, PAHLAWAN","prelist","MEDAN PERJUANGAN","SEI KERA HILIR I","LINGKUNGAN 11","","","F. Konstruksi","SBR"],
    ["81224","SEJAHTERA JAYA","JL PERJUANGAN/BUBU","prelist","MEDAN PERJUANGAN","SEI KERA HILIR I","LINGKUNGAN 12","","","G. Perdagangan Besar dan Eceran, Reparasi Mobil dan Sepeda Motor","SBR"],
    ["81226","JASA AMAL BAROKAH FORMASSU","JALAN PELITA I","prelist","MEDAN PERJUANGAN","SIDORAME BARAT II","LINGKUNGAN 4","","","G. Perdagangan Besar dan Eceran, Reparasi Mobil dan Sepeda Motor","SBR"],
    ["81264","AGUNG JAYA REALTY","JL SEI KERA","prelist","MEDAN PERJUANGAN","PANDAU HILIR","LINGKUNGAN 2","","","L. Real Estat","SBR"],
    ["81272","ANOM PERKASA","JL.PAHLAWAN/ANOM N0.10/29-B, DURIAN","prelist","MEDAN PERJUANGAN","PAHLAWAN","LINGKUNGAN 3","","","F. Konstruksi","SBR"],
    ["81311","PEDULI ANAK BANGSA INDONESIA","PELITA IV GG SEJAHTERA NO 22 RT.0 RW.0, SIDORAME BARAT II","prelist","MEDAN PERJUANGAN","SIDORAME BARAT II","LINGKUNGAN 8","","","S. Aktivitas Jasa Lainnya","SBR"],
    ["81348","SUNTER MADJU","JL.SEI KERA NO.235, PAHLAWAN","prelist","MEDAN PERJUANGAN","SEI KERA HULU","LINGKUNGAN 3","","","F. Konstruksi","SBR"],
    ["81361","KARYA SEJATI ANDALAN NUSANTARA","JL FLORES LK II","prelist","MEDAN PERJUANGAN","PANDAU HILIR","LINGKUNGAN 2","","","H. Transportasi dan Pergudangan","SBR"],
    ["81378","DENDY SUPRIWO","JL.TERUSAN NEGARA NO.104/5, SEI KERA HULU","prelist","MEDAN PERJUANGAN","PAHLAWAN","LINGKUNGAN 14","","","F. Konstruksi","SBR"],
    ["81495","APOTIK MINDO","JL.PROF.H.M.YAMIN,SH NO.321, SIDODADI","prelist","MEDAN PERJUANGAN","SEI KERA HILIR I","LINGKUNGAN 1","","","G. Perdagangan Besar dan Eceran, Reparasi Mobil dan Sepeda Motor","SBR"],
    ["81504","ROLINA","JL.PELITA IV NO.55, SIDORAME BARAT II","prelist","MEDAN PERJUANGAN","SIDORAME BARAT II","LINGKUNGAN 9","","","P. Pendidikan","SBR"],
    ["81585","PROTECTAMA INTERNUSA","JL SEJATI","prelist","MEDAN PERJUANGAN","SIDORAME BARAT I","LINGKUNGAN 9","","","N. Jasa Persewaan, Ketenagakerjaan, Agen Perjalanan, dan Jasa Pendukung","SBR"],
    ["81603","BERKAH SENYUM BERSAMA","JL. HM SAID NO. 20","prelist","MEDAN PERJUANGAN","SIDORAME BARAT I","LINGKUNGAN 6","","","H. Transportasi dan Pergudangan","SBR"],
    ["81620","NUANSA KEADILAN","JL.KESATRIA BARAT NO.9, PAHLAWAN","prelist","MEDAN PERJUANGAN","PAHLAWAN","LINGKUNGAN 16","","","G. Perdagangan Besar dan Eceran, Reparasi Mobil dan Sepeda Motor","SBR"],
    ["81644","PENDIDIKAN FINNBERD SEJAHTERA","SIBOLGA","prelist","MEDAN PERJUANGAN","PANDAU HILIR","LINGKUNGAN 5","","","P. Pendidikan","SBR"],
    ["81665","CADAS BANGUN PERSADA","JL PROF HM YAMIN SH","prelist","MEDAN PERJUANGAN","SEI KERA HULU","LINGKUNGAN 9","","","B. Pertambangan dan Penggalian","SBR"],
    ["81693","ANUGERAH MAKMUR","JL HAJI OMAR SAID COKROAMINOTO NO 101E","prelist","MEDAN PERJUANGAN","PANDAU HILIR","LINGKUNGAN 9","","","G. Perdagangan Besar dan Eceran, Reparasi Mobil dan Sepeda Motor","SBR"],
    ["81701","PERGURUAN ISLAM AZIZI","KESATRIA NO 70 RT.0 RW.00, PAHLAWAN","prelist","MEDAN PERJUANGAN","PAHLAWAN","LINGKUNGAN 13","","","P. Pendidikan","SBR"],
    ["81718","SERDANG ADIGUNA SEJAHTERA","JL.PROF.H.M.YAMIN.SH NO.278, SEI KERA HILIR I","prelist","MEDAN PERJUANGAN","SEI KERA HILIR II","LINGKUNGAN 1","","","G. Perdagangan Besar dan Eceran, Reparasi Mobil dan Sepeda Motor","SBR"],
    ["81755","KAPHOTA DWI TUNGGAL","JL M YAKUB","prelist","MEDAN PERJUANGAN","SEI KERA HILIR I","LINGKUNGAN 3","","","L. Real Estat","SBR"],
    ["81785","PROPADU KONAIR TARAHUBUN","JL PRAJURIT LT 3","prelist","MEDAN PERJUANGAN","SIDORAME BARAT I","LINGKUNGAN 11","","","C. Industri Pengolahan","SBR"],
    ["81797","PERKREDITAN CU DUTA SUMUT ABADI","JL PRAJURIT","prelist","MEDAN PERJUANGAN","SIDORAME BARAT I","LINGKUNGAN 11","","","K. Aktivitas Keuangan Dan Asuransi","SBR"],
    ["81848","DUTA MULTI TRADING","JL TAPANULI","prelist","MEDAN PERJUANGAN","PANDAU HILIR","LINGKUNGAN 6","","","G. Perdagangan Besar dan Eceran, Reparasi Mobil dan Sepeda Motor","SBR"],
    ["81886","SEGAR JAYA GEMILANG","JL MALAKA LK VII","prelist","MEDAN PERJUANGAN","PANDAU HILIR","LINGKUNGAN 5","","","G. Perdagangan Besar dan Eceran, Reparasi Mobil dan Sepeda Motor","SBR"],
    ["81923","REMPALA INDONESIA KOTA MEDAN","JL. PROF HM YAMIN SH","prelist","MEDAN PERJUANGAN","SEI KERA HILIR I","LINGKUNGAN 11","","","S. Aktivitas Jasa Lainnya","SBR"],
    ["81957","SMABK FOUNDATION","JL PRAJURIT","prelist","MEDAN PERJUANGAN","SIDORAME BARAT I","LINGKUNGAN 11","","","P. Pendidikan","SBR"],
    ["81981","RAJA LONTUNG MARSADA","JL DOROWATI LORONG GEREJA","prelist","MEDAN PERJUANGAN","SIDORAME BARAT II","LINGKUNGAN 1","","","F. Konstruksi","SBR"],
    ["81999","PANGAN ANUGRAH","KOMPLEK BULAN ELOK JL VETERAN","prelist","MEDAN PERJUANGAN","PANDAU HILIR","LINGKUNGAN 1","","","G. Perdagangan Besar dan Eceran, Reparasi Mobil dan Sepeda Motor","SBR"],
    ["82042","PUTRI INDOTAMA CEMERLANG","JALAN MAPILINDO","prelist","MEDAN PERJUANGAN","TEGAL REJO","LINGKUNGAN 13","","","G. Perdagangan Besar dan Eceran, Reparasi Mobil dan Sepeda Motor","SBR"],
    ["82056","ADAT BUDAYA MELAYU TUAH DELI","JL. PROF HM YAMIN GG. KETOPRAK","prelist","MEDAN PERJUANGAN","SEI KERA HILIR II","LINGKUNGAN 10","","","S. Aktivitas Jasa Lainnya","SBR"],
    ["82069","DWI MULTI SELARAS","JL PIMPINAN GG SEKOLAH","prelist","MEDAN PERJUANGAN","SEI KERA HILIR I","LINGKUNGAN 11","","","G. Perdagangan Besar dan Eceran, Reparasi Mobil dan Sepeda Motor","SBR"],
    ["82101","POKMASPEMUDAPAHLAWAN","PAHLAWAN GG SAKTI","prelist","MEDAN PERJUANGAN","PAHLAWAN","LINGKUNGAN 4","","","D. Pengadaan Listrik, Gas, Uap/Air Panas, dan Udara Dingin","SBR"],
    ["82165","MUARA JAYA LESTARI","JL PIMPINAN GG MURNI","prelist","MEDAN PERJUANGAN","SEI KERA HILIR I","LINGKUNGAN 13","","","F. Konstruksi","SBR"],
    ["82226","MEDIA MEDAN MANDIRI","JL PELITA VI","prelist","MEDAN PERJUANGAN","TEGAL REJO","LINGKUNGAN 1","","","J. Informasi dan Komunikasi","SBR"],
    ["82243","SAPTA CREMONINDO CONSULTAN","JL.SENTOSA BARU NO.33-35 LANTAI III, PAHLAWAN","prelist","MEDAN PERJUANGAN","SEI KERA HILIR II","LINGKUNGAN 12","","","M. Jasa Profesional, Ilmiah, dan Teknis","SBR"],
    ["82246","HARAPAN KITA","JL.MADIO UTOMO LORONG I NO.11, PANDAU HILIR","prelist","MEDAN PERJUANGAN","TEGAL REJO","LINGKUNGAN 3","","","F. Konstruksi","SBR"],
    ["82273","ANUGRAH SAHABAT PELITA","JALAN PELITA IV COMP. MENTARI GRANDIS","prelist","MEDAN PERJUANGAN","SIDORAME BARAT II","LINGKUNGAN 3","","","G. Perdagangan Besar dan Eceran, Reparasi Mobil dan Sepeda Motor","SBR"],
    ["82299","MULTI PRIMA","JL.MALUKU NO.16, PANDAU HILIR","prelist","MEDAN PERJUANGAN","PANDAU HILIR","LINGKUNGAN 3","","","G. Perdagangan Besar dan Eceran, Reparasi Mobil dan Sepeda Motor","SBR"],
    ["82365","TK. HAPPY HOLY KIDS KRAKATAU","JL. PENDIDIKAN KOMPLEK KARAKATAU INDAH","prelist","MEDAN PERJUANGAN","TEGAL REJO","LINGKUNGAN 9","","","P. Pendidikan","SBR"],
    ["82450","TK TAMAN RAYA","JL. GURILLA","prelist","MEDAN PERJUANGAN","SIDORAME TIMUR","LINGKUNGAN 4","","","P. Pendidikan","SBR"],
    ["82501","SERBA USAHA KORSIK","JL.PASAR III NO.66-B RT.000 RW.000, TEGAL REJO","prelist","MEDAN PERJUANGAN","TEGAL REJO","LINGKUNGAN 9","","","K. Aktivitas Keuangan Dan Asuransi","SBR"],
    ["82550","SWAKARYA PERFECT","JL TUNGGAL","prelist","MEDAN PERJUANGAN","TEGAL REJO","LINGKUNGAN 13","","","G. Perdagangan Besar dan Eceran, Reparasi Mobil dan Sepeda Motor","SBR"],
    ["82567","SEGAR KUMALA INDONESIA","SUTOMO","prelist","MEDAN PERJUANGAN","PANDAU HILIR","LINGKUNGAN 2","","","G. Perdagangan Besar dan Eceran, Reparasi Mobil dan Sepeda Motor","SBR"],
    ["82568","PUTRA DELI MANDIRI","JL M YAKUB","prelist","MEDAN PERJUANGAN","SEI KERA HILIR II","LINGKUNGAN 14","","","F. Konstruksi","SBR"],
    ["82587","NOGO SOSTRO BERJAYA","JL PROF. HM. YAMIN, SH.","prelist","MEDAN PERJUANGAN","SEI KERA HILIR II","LINGKUNGAN 1","","","N. Jasa Persewaan, Ketenagakerjaan, Agen Perjalanan, dan Jasa Pendukung","SBR"],
    ["82607","SALIM JAYA","JL FLORES","prelist","MEDAN PERJUANGAN","PANDAU HILIR","LINGKUNGAN 2","","","G. Perdagangan Besar dan Eceran, Reparasi Mobil dan Sepeda Motor","SBR"],
    ["82644","BRAVO ENJINEERING KONSULTAN","JALAN PIMPINAN GG SEKOLAH","prelist","MEDAN PERJUANGAN","SEI KERA HILIR I","LINGKUNGAN 11","","","M. Jasa Profesional, Ilmiah, dan Teknis","SBR"],
    ["82689","LAPAN-LAPAN","JL MESJID TAUFIK","prelist","MEDAN PERJUANGAN","TEGAL REJO","LINGKUNGAN 13","","","G. Perdagangan Besar dan Eceran, Reparasi Mobil dan Sepeda Motor","SBR"],
    ["82787","UNIFILTER JAYA MANDIRI","JL PENDIDIKAN","prelist","MEDAN PERJUANGAN","TEGAL REJO","LINGKUNGAN 8","","","G. Perdagangan Besar dan Eceran, Reparasi Mobil dan Sepeda Motor","SBR"],
    ["82819","FUTURINDO MANDIRI SEJAHTERA","JL PIMPINAN GG SEKOLAH / GG SABUT","prelist","MEDAN PERJUANGAN","SEI KERA HILIR I","LINGKUNGAN 11","","","F. Konstruksi","SBR"],
    ["82905","DUA SEKAWAN","JL PELITA IV GANG PELITA","prelist","MEDAN PERJUANGAN","SIDORAME TIMUR","LINGKUNGAN 15","","","F. Konstruksi","SBR"],
    ["82912","LINA MEDIA","JL.PROF.HM.YAMIN.SH NO.270-C/338-A, SEI KERA HULU","prelist","MEDAN PERJUANGAN","SEI KERA HULU","LINGKUNGAN 2","","","F. Konstruksi","SBR"],
    ["82930","PENDIDIKAN KOMPUTER EKA PRIMA","JL.PROF.H.M YAMIN.SH NO.404, PAHLAWAN","prelist","MEDAN PERJUANGAN","SEI KERA HULU","LINGKUNGAN 4","","","P. Pendidikan","SBR"],
    ["82932","PRATAMA MULTI JAYA ABADI BARU","JL SERAM","prelist","MEDAN PERJUANGAN","PANDAU HILIR","LINGKUNGAN 2","","","G. Perdagangan Besar dan Eceran, Reparasi Mobil dan Sepeda Motor","SBR"],
    ["82990","MITRA SUKSES SEJATI","MALAKA","prelist","MEDAN PERJUANGAN","PANDAU HILIR","LINGKUNGAN 4","","","G. Perdagangan Besar dan Eceran, Reparasi Mobil dan Sepeda Motor","SBR"],
    ["82993","PUTRA MAS ABADI","JL UMAR B-17","prelist","MEDAN PERJUANGAN","SEI KERA HILIR II","LINGKUNGAN 14","","","G. Perdagangan Besar dan Eceran, Reparasi Mobil dan Sepeda Motor","SBR"],
    ["83016","KORPS BELA NEGARA INDONESIA","JL PIMPINAN","prelist","MEDAN PERJUANGAN","SEI KERA HILIR I","LINGKUNGAN 11","","","M. Jasa Profesional, Ilmiah, dan Teknis","SBR"],
    ["83018","DUNIA KREASI MOTOR","JL SERAM BARU","prelist","MEDAN PERJUANGAN","PANDAU HILIR","LINGKUNGAN 2","","","G. Perdagangan Besar dan Eceran, Reparasi Mobil dan Sepeda Motor","SBR"],
    ["83027","BERKAT MATANIARI","JALAN PELITA IV NOMOR 102","prelist","MEDAN PERJUANGAN","SIDORAME BARAT II","LINGKUNGAN 6","","","F. Konstruksi","SBR"],
    ["83034","LSM BERANTAS KORUPSI RI PROVSU-MEDAN-INDONESIA","JL. PAHLAWAN","prelist","MEDAN PERJUANGAN","PAHLAWAN","LINGKUNGAN 13","","","S. Aktivitas Jasa Lainnya","SBR"],
    ["83041","KEMALA BHAYANGKARI CABANG KOTA BESAR MEDAN","JL HM SAID","prelist","MEDAN PERJUANGAN","SIDORAME BARAT I","LINGKUNGAN 14","","","S. Aktivitas Jasa Lainnya","SBR"],
    ["83042","DWIYOS PERKASA","JL PERJUANGAN","prelist","MEDAN PERJUANGAN","SIDORAME TIMUR","LINGKUNGAN 7","","","F. Konstruksi","SBR"],
    ["83065","PERGURUAN ISLAM AZIZI MEDAN","JL KESATRIA","prelist","MEDAN PERJUANGAN","PAHLAWAN","LINGKUNGAN 13","","","P. Pendidikan","SBR"],
    ["83083","JADI MANDIRI","JL. M YAKUB","prelist","MEDAN PERJUANGAN","SEI KERA HILIR II","LINGKUNGAN 9","","","G. Perdagangan Besar dan Eceran, Reparasi Mobil dan Sepeda Motor","SBR"],
    ["83104","PERGENDANGAN","JL.PROF.HM.YAMIN SH NO.398, SEI KERA HULU","prelist","MEDAN PERJUANGAN","SEI KERA HULU","LINGKUNGAN 4","","","F. Konstruksi","SBR"],
    ["83147","SASADA","JL.PASAR III NO.91/160 A MEDAN, TEGAL REJO","prelist","MEDAN PERJUANGAN","TEGAL REJO","LINGKUNGAN 14","","","H. Transportasi dan Pergudangan","SBR"],
    ["83176","BINA KARYA","DOROWATI LR.GEREJA NO.27-A RT.000 RW.000, SIDORAME BARAT I","prelist","MEDAN PERJUANGAN","SIDORAME BARAT I","LINGKUNGAN 8","","","Q. Jasa Kesehatan dan Kegiatan Sosial","SBR"],
    ["83268","TUREDO SOLUSI","PELITA VI NO.18 RT.000 RW.000, TEGAL REJO","prelist","MEDAN PERJUANGAN","SIDORAME BARAT II","LINGKUNGAN 9","","","G. Perdagangan Besar dan Eceran, Reparasi Mobil dan Sepeda Motor","SBR"],
    ["83313","ANA","JL SEI KERA NO 136 LK IV, PANDAU HILIR","prelist","MEDAN PERJUANGAN","PANDAU HILIR","LINGKUNGAN 4","","","G. Perdagangan Besar dan Eceran, Reparasi Mobil dan Sepeda Motor","SBR"],
    ["83331","EARSOUND BERKAH BAHAGIA","JL HM YAMIN","prelist","MEDAN PERJUANGAN","SEI KERA HILIR II","LINGKUNGAN 2","","","G. Perdagangan Besar dan Eceran, Reparasi Mobil dan Sepeda Motor","SBR"],
    ["83340","GUNUNGMAS LESTARI","JL PROF HM YAMIN SH","prelist","MEDAN PERJUANGAN","PAHLAWAN","LINGKUNGAN 15","","","G. Perdagangan Besar dan Eceran, Reparasi Mobil dan Sepeda Motor","SBR"],
    ["83344","AQUATIC WETLAND NUSANTARA","JL.HOS COKROAMINOTO NO.203, PAHLAWAN","prelist","MEDAN PERJUANGAN","SEI KERA HULU","LINGKUNGAN 14","","","F. Konstruksi","SBR"],
    ["83350","SEMESTA","JL.SEI KERA GG.REJEKI NO.33-A, SEI KERA HULU","prelist","MEDAN PERJUANGAN","SEI KERA HULU","LINGKUNGAN 15","","","C. Industri Pengolahan","SBR"],
    ["83358","ANUGERAH ABADI","JL.SEI KERA GG.REZEKI D NO.9, SEI KERA HULU","prelist","MEDAN PERJUANGAN","SEI KERA HULU","LINGKUNGAN 14","","","F. Konstruksi","SBR"],
    ["83370","HEXAGON FORCES","JL.H.M.YAMIN.SH GG.AREN NO.16, PAHLAWAN","prelist","MEDAN PERJUANGAN","SEI KERA HULU","LINGKUNGAN 2","","","F. Konstruksi","SBR"],
    ["83413","MULTIKARYA PRATAMA ABADI","JL MABAR","prelist","MEDAN PERJUANGAN","PANDAU HILIR","LINGKUNGAN 9","","","G. Perdagangan Besar dan Eceran, Reparasi Mobil dan Sepeda Motor","SBR"],
    ["83464","IKATAN WANITA PENDAKWAH ISLAM(IWAPENI)","JL.PROF.HM YAMIN SH NO.268-C, SEI KERA HULU","prelist","MEDAN PERJUANGAN","SEI KERA HILIR II","LINGKUNGAN 1","","","S. Aktivitas Jasa Lainnya","SBR"],
    ["83472","RAJA KENCANA","JL PROF HM YAMIN SH","prelist","MEDAN PERJUANGAN","SEI KERA HULU","LINGKUNGAN 4","","","N. Jasa Persewaan, Ketenagakerjaan, Agen Perjalanan, dan Jasa Pendukung","SBR"],
    ["83475","LESTARI","PASAR 3 GG MURAI","prelist","MEDAN PERJUANGAN","TEGAL REJO","LINGKUNGAN 14","","","F. Konstruksi","SBR"],
    ["83488","EXECUTIVE BRATA PERKASA","MESJID TAUFIK GG MATUR NO 6 RT.0 RW.0, TEGAL REJO","prelist","MEDAN PERJUANGAN","TEGAL REJO","LINGKUNGAN 6","","","N. Jasa Persewaan, Ketenagakerjaan, Agen Perjalanan, dan Jasa Pendukung","SBR"],
    ["83505","PUSAT KERJA GUGUS (PKG) PAUD KEC.MEDAN PERJUANGAN","JL.PELITA II NO.5 LK.III RT. 0 RW. 0","prelist","MEDAN PERJUANGAN","SIDORAME BARAT I","LINGKUNGAN 3","","","P. Pendidikan","SBR"],
    ["83564","DARAPATI","JL. PELITA IV GG SAROHA","prelist","MEDAN PERJUANGAN","SIDORAME TIMUR","LINGKUNGAN 15","","","G. Perdagangan Besar dan Eceran, Reparasi Mobil dan Sepeda Motor","SBR"],
    ["83604","PENERUS ANAK BANGSA","JALAN PENDIDIKAN KOMPLEK KRAKATAU INDAH BLOK A NOMOR 3","prelist","MEDAN PERJUANGAN","TEGAL REJO","LINGKUNGAN 7","","","P. Pendidikan","SBR"],
    ["83612","SINEMA AMANAH HATI","JL. PERMAI GG MESJID","prelist","MEDAN PERJUANGAN","SIDORAME TIMUR","LINGKUNGAN 15","","","J. Informasi dan Komunikasi","SBR"],
    ["83636","TONA MORA SAKTI","JL PENDIDIKAN","prelist","MEDAN PERJUANGAN","TEGAL REJO","LINGKUNGAN 9","","","G. Perdagangan Besar dan Eceran, Reparasi Mobil dan Sepeda Motor","SBR"],
    ["83655","PERGURUAN SILOAM","JL.RAKYAT NO.145-A, TEGAL REJO","prelist","MEDAN PERJUANGAN","TEGAL REJO","LINGKUNGAN 7","","","P. Pendidikan","SBR"],
    ["83661","SHOHIB ABADI PERKASA","JL PELITA IV","prelist","MEDAN PERJUANGAN","SIDORAME BARAT I","LINGKUNGAN 1","","","F. Konstruksi","SBR"],
    ["83669","KOPKAR WALET KANDATEL MEDAN","JL PROF.H.M.YAMIN.SH","prelist","MEDAN PERJUANGAN","PANDAU HILIR","LINGKUNGAN 5","","","K. Aktivitas Keuangan Dan Asuransi","SBR"],
    ["83677","DELI KARYA PRIMA","JL SETIA JADI KOMP MENTARI VICTORIA","prelist","MEDAN PERJUANGAN","TEGAL REJO","LINGKUNGAN 14","","","G. Perdagangan Besar dan Eceran, Reparasi Mobil dan Sepeda Motor","SBR"],
    ["83693","AMANAH ASET ADHITAMA","PROF HM YAMIN SH KOMP SERDANG PERMAI","prelist","MEDAN PERJUANGAN","SEI KERA HILIR II","LINGKUNGAN 8","","","G. Perdagangan Besar dan Eceran, Reparasi Mobil dan Sepeda Motor","SBR"],
    ["83700","APOTIK IDAMAN","JL.RAKYAT NO.55-AB, SIDORAME BARAT I","prelist","MEDAN PERJUANGAN","SIDORAME BARAT I","LINGKUNGAN 7","","","G. Perdagangan Besar dan Eceran, Reparasi Mobil dan Sepeda Motor","SBR"],
    ["83707","PERSADA INDONUSA MULIA","JL.RAKYAT NO.111-B, SIDORAME TIMUR","prelist","MEDAN PERJUANGAN","SIDORAME TIMUR","LINGKUNGAN 15","","","F. Konstruksi","SBR"],
    ["83708","CITRA PERSADA","JL.PELITA-IV NO.105, SIDORAME TIMUR","prelist","MEDAN PERJUANGAN","SIDORAME BARAT II","LINGKUNGAN 8","","","F. Konstruksi","SBR"],
    ["83709","PRATAMA GRAHA PERSADA","JL SERAM BARU","prelist","MEDAN PERJUANGAN","PANDAU HILIR","LINGKUNGAN 2","","","F. Konstruksi","SBR"],
    ["83719","BAHTERA DELI","JL PELITA I","prelist","MEDAN PERJUANGAN","SIDORAME BARAT II","LINGKUNGAN 5","","","G. Perdagangan Besar dan Eceran, Reparasi Mobil dan Sepeda Motor","SBR"],
    ["83724","REZEKI BARU","JL RENCONG","prelist","MEDAN PERJUANGAN","PAHLAWAN","LINGKUNGAN 9","","","G. Perdagangan Besar dan Eceran, Reparasi Mobil dan Sepeda Motor","SBR"],
    ["83725","PERDANA","JL M. YAKUB","prelist","MEDAN PERJUANGAN","SEI KERA HILIR II","LINGKUNGAN 14","","","G. Perdagangan Besar dan Eceran, Reparasi Mobil dan Sepeda Motor","SBR"],
    ["83752","RASOKI PRIMA JAYA MANDIRI","JL.SENTOSA BARU NO.9, SEI KERA HILIR I","prelist","MEDAN PERJUANGAN","SEI KERA HILIR II","LINGKUNGAN 11","","","F. Konstruksi","SBR"],
    ["83789","SUMATERA MULTI WISATA","JL PROF HM YAMIN SH LK I","prelist","MEDAN PERJUANGAN","PAHLAWAN","LINGKUNGAN 15","","","M. Jasa Profesional, Ilmiah, dan Teknis","SBR"],
    ["83790","MAJU SEJAHTERA","JL. RAKYAT NO 122 B, TEGAL REJO","prelist","MEDAN PERJUANGAN","TEGAL REJO","LINGKUNGAN 12","","","G. Perdagangan Besar dan Eceran, Reparasi Mobil dan Sepeda Motor","SBR"],
    ["83791","EKA JAYA","JL PERMAI","prelist","MEDAN PERJUANGAN","SIDORAME TIMUR","LINGKUNGAN 13","","","F. Konstruksi","SBR"],
    ["83821","TUREDO KREASI SOLUSI","JL PELITA VI","prelist","MEDAN PERJUANGAN","TEGAL REJO","LINGKUNGAN 2","","","G. Perdagangan Besar dan Eceran, Reparasi Mobil dan Sepeda Motor","SBR"],
    ["83872","LEE LESTARI","JL. MAHONI MAS","prelist","MEDAN PERJUANGAN","SIDORAME BARAT I","LINGKUNGAN 14","","","G. Perdagangan Besar dan Eceran, Reparasi Mobil dan Sepeda Motor","SBR"],
    ["83882","PUTRA SIPAS SEJAHTERA","JL.PROF.HM.YAMIN SH NO.137, SEI KERA HILIR II","prelist","MEDAN PERJUANGAN","SEI KERA HILIR II","LINGKUNGAN 15","","","F. Konstruksi","SBR"],
    ["83889","SERBA USAHA REZEKI","JL PROF HM YAMIN NO 441 E, BANTAN TIMUR","prelist","MEDAN PERJUANGAN","SEI KERA HILIR I","LINGKUNGAN 1","","","K. Aktivitas Keuangan Dan Asuransi","SBR"],
    ["83909","SMA SWASTA HKBP SIDORAME","JL.DOROWATI NO.40 RT.000 RW.000, SIDORAME BARAT II","prelist","MEDAN PERJUANGAN","SIDORAME BARAT II","LINGKUNGAN 1","","","P. Pendidikan","SBR"],
    ["83950","BOGA KREASI INDONESIA","JALAN PROFESSOR HM YAMIN SH","prelist","MEDAN PERJUANGAN","PAHLAWAN","LINGKUNGAN 15","","","G. Perdagangan Besar dan Eceran, Reparasi Mobil dan Sepeda Motor","SBR"],
    ["83992","RACHMA","JL.PIMPINAN NO.75/115-A, SEI KERA HILIR I","prelist","MEDAN PERJUANGAN","SEI KERA HILIR I","LINGKUNGAN 11","","","S. Aktivitas Jasa Lainnya","SBR"],
    ["84002","KONG KEE MALINDO","JL.FLORES NO.1, PANDAU HILIR","prelist","MEDAN PERJUANGAN","PANDAU HILIR","LINGKUNGAN 2","","","G. Perdagangan Besar dan Eceran, Reparasi Mobil dan Sepeda Motor","SBR"],
    ["84019","RIZKI FADLI","JL. M YAKUB","prelist","MEDAN PERJUANGAN","SEI KERA HILIR II","LINGKUNGAN 7","","","G. Perdagangan Besar dan Eceran, Reparasi Mobil dan Sepeda Motor","SBR"],
    ["84069","SINAR SAKTI","JL. DOROWATI","prelist","MEDAN PERJUANGAN","SIDORAME BARAT II","LINGKUNGAN 1","","","G. Perdagangan Besar dan Eceran, Reparasi Mobil dan Sepeda Motor","SBR"],
    ["84120","PANTJA UTAMA","JL.NEGARA NO.18, PANDAU HILIR","prelist","MEDAN PERJUANGAN","PANDAU HILIR","LINGKUNGAN 4","","","F. Konstruksi","SBR"],
    ["84124","PENGEMBANGAN SOSIAL DAN SUMBER DAYA MANUSIA BINA SEHAT","JL.SENTOSA LAMA NO 46 RT. 0 RW. 0","prelist","MEDAN PERJUANGAN","SEI KERA HULU","LINGKUNGAN 12","","","S. Aktivitas Jasa Lainnya","SBR"],
    ["84147","MAHAKARYA SEJATI","JL PERJUANGAN GG PERINTIS","prelist","MEDAN PERJUANGAN","SIDORAME TIMUR","LINGKUNGAN 9","","","G. Perdagangan Besar dan Eceran, Reparasi Mobil dan Sepeda Motor","SBR"],
    ["84184","TRI DIGUNA","JL.DESA SIDOMULYO, PAHLAWAN","prelist","MEDAN PERJUANGAN","PAHLAWAN","LINGKUNGAN 4","","","F. Konstruksi","SBR"],
    ["84188","ZANA SHAFURA","JL.PELITA II NO.8, SIDORAME BARAT I","prelist","MEDAN PERJUANGAN","SIDORAME BARAT I","LINGKUNGAN 3","","","F. Konstruksi","SBR"],
    ["84238","MIE","JL.IBRAHIM UMAR NO.46, SEI KERA HILIR I","prelist","MEDAN PERJUANGAN","SEI KERA HILIR I","LINGKUNGAN 8","","","F. Konstruksi","SBR"],
    ["84295","KREASI INDAH","JL.DWI KORA NO.7, TEGAL REJO","prelist","MEDAN PERJUANGAN","TEGAL REJO","LINGKUNGAN 2","","","F. Konstruksi","SBR"],
    ["84303","MANDIRI SEJAHTERA","JL.GURILLA GG.PAERAN NO.4 MEDAN","prelist","MEDAN PERJUANGAN","SEI KERA HILIR I","LINGKUNGAN 5","","","M. Jasa Profesional, Ilmiah, dan Teknis","SBR"],
    ["84308","SINAR MITRA ABADI","JL THAMRIN LK II","prelist","MEDAN PERJUANGAN","PANDAU HILIR","LINGKUNGAN 3","","","F. Konstruksi","SBR"],
    ["84344","PUTRA BAGAN JAYA","SENTOSA LAMA NO.93 RT.0 RW.0, SEI KERA HULU","prelist","MEDAN PERJUANGAN","SEI KERA HULU","LINGKUNGAN 19","","","G. Perdagangan Besar dan Eceran, Reparasi Mobil dan Sepeda Motor","SBR"],
    ["84360","KRIDA UTAMA LESTARI","JL.DURIAN NO.8-A, DURIAN","prelist","MEDAN PERJUANGAN","SIDORAME BARAT I","LINGKUNGAN 3","","","F. Konstruksi","SBR"],
    ["84369","ANDIKA SENATAMA WISESA","JL. PIMPINAN NO.142 LK.V, SEI KERA HILIR I","prelist","MEDAN PERJUANGAN","SEI KERA HILIR I","LINGKUNGAN 4","","","F. Konstruksi","SBR"],
    ["84429","GALUNG TENGAH","JL CENDERAWASIH","prelist","MEDAN PERJUANGAN","SIDORAME TIMUR","LINGKUNGAN 4","","","G. Perdagangan Besar dan Eceran, Reparasi Mobil dan Sepeda Motor","SBR"],
    ["84431","RIO PRATAMA JAYA","M YAKUB GG ULUNG 10 RT.0 RW.0, SEI KERA HILIR II","prelist","MEDAN PERJUANGAN","SEI KERA HILIR II","LINGKUNGAN 5","","","G. Perdagangan Besar dan Eceran, Reparasi Mobil dan Sepeda Motor","SBR"],
    ["84446","KHANZA SYAUQIA","JL. M YAKUB GG ARSYAD","prelist","MEDAN PERJUANGAN","SEI KERA HILIR II","LINGKUNGAN 13","","","G. Perdagangan Besar dan Eceran, Reparasi Mobil dan Sepeda Motor","SBR"],
    ["84468","DIRGHA OETAMA","JLN.PAHLAWAN GG.MAWAR NO.15, PAHLAWAN","prelist","MEDAN PERJUANGAN","PAHLAWAN","LINGKUNGAN 1","","","G. Perdagangan Besar dan Eceran, Reparasi Mobil dan Sepeda Motor","SBR"],
    ["84543","LIBERSA MANDIRI","JL.KERAMBIK NO.32 RT. - RW. -, PAHLAWAN","prelist","MEDAN PERJUANGAN","PAHLAWAN","LINGKUNGAN 6","","","G. Perdagangan Besar dan Eceran, Reparasi Mobil dan Sepeda Motor","SBR"],
    ["84546","SEDO SENTOSA","JL. SENTOSA LAMA GG. ALIYAH","prelist","MEDAN PERJUANGAN","SEI KERA HILIR II","LINGKUNGAN 12","","","G. Perdagangan Besar dan Eceran, Reparasi Mobil dan Sepeda Motor","SBR"],
    ["84582","INDO JAYA COAL","JL.PROF.H.M.YAMIN.SH II NO.68, SIDODADI","prelist","MEDAN PERJUANGAN","PANDAU HILIR","LINGKUNGAN 4","","","G. Perdagangan Besar dan Eceran, Reparasi Mobil dan Sepeda Motor","SBR"],
    ["84589","PUTRA JAYA","JL.PELITA II GG.PERTAMA NO.3, SIDORAME BARAT I","prelist","MEDAN PERJUANGAN","SIDORAME BARAT I","LINGKUNGAN 3","","","G. Perdagangan Besar dan Eceran, Reparasi Mobil dan Sepeda Motor","SBR"],
    ["84594","TAMAN HARAPAN ANAK BALITA/WER-DHA","JL.MAPILINDO NO.55, TEGAL REJO","prelist","MEDAN PERJUANGAN","TEGAL REJO","LINGKUNGAN 2","","","P. Pendidikan","SBR"],
    ["84608","SILBER INTERNATIONAL CORPORATION","JL.RAKYAT/JL.PELIKAN NO.2, SIDORAME BARAT I","prelist","MEDAN PERJUANGAN","TEGAL REJO","LINGKUNGAN 3","","","G. Perdagangan Besar dan Eceran, Reparasi Mobil dan Sepeda Motor","SBR"],
    ["84626","MARANATA","JL.RAKYAT NO.96, SIDORAME TIMUR","prelist","MEDAN PERJUANGAN","SIDORAME TIMUR","LINGKUNGAN 15","","","G. Perdagangan Besar dan Eceran, Reparasi Mobil dan Sepeda Motor","SBR"],
    ["84632","MULTI ARTEKINDO PERSADA","JL.PROF H.M.YAMIN,SH NO.402, SIDODADI","prelist","MEDAN PERJUANGAN","SEI KERA HULU","LINGKUNGAN 4","","","C. Industri Pengolahan","SBR"],
    ["84641","SIMUL MULAN","JL.PROF.HM.YAMIN SH NO.276, SEI KERA HULU","prelist","MEDAN PERJUANGAN","SEI KERA HILIR II","LINGKUNGAN 1","","","C. Industri Pengolahan","SBR"],
    ["84691","NATA JAYA LESTARI","PROF HM YAMIN SH NO.247-D RT.0 RW.0, SEI KERA HILIR II","prelist","MEDAN PERJUANGAN","SEI KERA HILIR II","LINGKUNGAN 10","","","G. Perdagangan Besar dan Eceran, Reparasi Mobil dan Sepeda Motor","SBR"],
    ["84693","MARGA MAS UTAMA","JL.SEI KERA NO.128, PANDAU HILIR","prelist","MEDAN PERJUANGAN","PANDAU HILIR","LINGKUNGAN 2","","","C. Industri Pengolahan","SBR"],
    ["84705","JATIMAS PUTRA INDONESIA","JL.SEJATI NO.15/33-B RW.IX, SIDORAME BARAT I","prelist","MEDAN PERJUANGAN","SIDORAME BARAT I","LINGKUNGAN 9","","","F. Konstruksi","SBR"],
    ["84729","ARAFAH","JL.M.YACUB NO.45, SEI KERA HILIR I","prelist","MEDAN PERJUANGAN","SEI KERA HILIR II","LINGKUNGAN 5","","","F. Konstruksi","SBR"],
    ["84740","KURNIA","JL.G.B.YOSUA NO.77/22, PANDAU HILIR","prelist","MEDAN PERJUANGAN","PANDAU HILIR","LINGKUNGAN 4","","","F. Konstruksi","SBR"],
    ["84778","SM.MATAHARI","JL.PELITA V NO.K-2 MEDAN, SIDORAME BARAT I","prelist","MEDAN PERJUANGAN","SIDORAME BARAT I","LINGKUNGAN 11","","","S. Aktivitas Jasa Lainnya","SBR"],
    ["84799","ANUGRAH JAYA","HOS COKROAMINOTO NO.61 RT.0 RW.0, SEI KERA HULU","prelist","MEDAN PERJUANGAN","SEI KERA HULU","LINGKUNGAN 15","","","G. Perdagangan Besar dan Eceran, Reparasi Mobil dan Sepeda Motor","SBR"],
    ["84826","MUTIARA MANDIRI","JL PERMAI GG KATIK WALIK","prelist","MEDAN PERJUANGAN","SIDORAME TIMUR","LINGKUNGAN 14","","","G. Perdagangan Besar dan Eceran, Reparasi Mobil dan Sepeda Motor","SBR"],
    ["84833","MULIA ANUGRAH PRATAMA","JL SEHATI","prelist","MEDAN PERJUANGAN","TEGAL REJO","LINGKUNGAN 9","","","C. Industri Pengolahan","SBR"],
    ["84883","MULTI JASA ABADI","JL.RENCONG NO.54/98-B RT.000 RW.000, PAHLAWAN","prelist","MEDAN PERJUANGAN","PAHLAWAN","LINGKUNGAN 9","","","G. Perdagangan Besar dan Eceran, Reparasi Mobil dan Sepeda Motor","SBR"],
    ["84886","FANDHAL CIPTA CONSULTANT","JL.NGALENGKO GG.LANGGAR NO.20, SIDORAME BARAT II","prelist","MEDAN PERJUANGAN","SIDORAME BARAT II","LINGKUNGAN 1","","","G. Perdagangan Besar dan Eceran, Reparasi Mobil dan Sepeda Motor","SBR"],
    ["84927","ANANDA JAYA","JL.MESJID TAUFIK GG MANGGA NO.12, TEGAL REJO","prelist","MEDAN PERJUANGAN","TEGAL REJO","LINGKUNGAN 5","","","G. Perdagangan Besar dan Eceran, Reparasi Mobil dan Sepeda Motor","SBR"],
    ["84936","ELNES PENILESTARI","JL.BENGKULU NO.14/16-A","prelist","MEDAN PERJUANGAN","PANDAU HILIR","LINGKUNGAN 5","","","G. Perdagangan Besar dan Eceran, Reparasi Mobil dan Sepeda Motor","SBR"],
    ["84942","SAFIRA GRAHA MANDIRI","JL PIMPINAN","prelist","MEDAN PERJUANGAN","SEI KERA HILIR I","LINGKUNGAN 11","","","G. Perdagangan Besar dan Eceran, Reparasi Mobil dan Sepeda Motor","SBR"],
    ["84944","TATA PERMATA SURYA","JL PROF HM YAMIN SH","prelist","MEDAN PERJUANGAN","PAHLAWAN","LINGKUNGAN 15","","","G. Perdagangan Besar dan Eceran, Reparasi Mobil dan Sepeda Motor","SBR"],
    ["84979","PELAYANAN INJIL DAN PERSEKUTU-AN DOA NASARET","JL.PELITA IV NO.90, SIDORAME BARAT I","prelist","MEDAN PERJUANGAN","SIDORAME BARAT I","LINGKUNGAN 7","","","S. Aktivitas Jasa Lainnya","SBR"],
    ["84995","SAYAP MAS","JL SENTOSA LAMA G.SATRIA","prelist","MEDAN PERJUANGAN","SEI KERA HULU","LINGKUNGAN 20","","","F. Konstruksi","SBR"],
    ["85010","MORA MITRA MANDIRI","JL.IBRAHIM UMAR NO.14 MEDAN, SEI KERA HILIR I","prelist","MEDAN PERJUANGAN","SEI KERA HILIR II","LINGKUNGAN 8","","","F. Konstruksi","SBR"],
    ["85036","INDOWARME PRATAMA","JL.PAHLAWAN G.ANOM NO.17/34, PAHLAWAN","prelist","MEDAN PERJUANGAN","PAHLAWAN","LINGKUNGAN 3","","","F. Konstruksi","SBR"],
    ["85066","PEMAYUNG AGRO JAYA","JL PASAR III KRAKATAU GG MERAK","prelist","MEDAN PERJUANGAN","TEGAL REJO","LINGKUNGAN 13","","","C. Industri Pengolahan","SBR"],
    ["85068","SINARTA","JL PASAR III NO 45EF","prelist","MEDAN PERJUANGAN","TEGAL REJO","LINGKUNGAN 14","","","C. Industri Pengolahan","SBR"],
    ["85078","RIZKI","JL PIMPINAN GG PERKAUMAN","prelist","MEDAN PERJUANGAN","SEI KERA HILIR I","LINGKUNGAN 11","","","G. Perdagangan Besar dan Eceran, Reparasi Mobil dan Sepeda Motor","SBR"],
    ["85085","DUA PUTRA","GURILLA NO.18/4 RT.0 RW.0, SEI KERA HILIR I","prelist","MEDAN PERJUANGAN","SEI KERA HILIR I","LINGKUNGAN 11","","","G. Perdagangan Besar dan Eceran, Reparasi Mobil dan Sepeda Motor","SBR"],
    ["85116","PEGAWAI NEGERI SMK NEGERI 4 MEDAN","JL.SEI KERA NO.132, PANDAU HILIR","prelist","MEDAN PERJUANGAN","PANDAU HILIR","LINGKUNGAN 4","","","G. Perdagangan Besar dan Eceran, Reparasi Mobil dan Sepeda Motor","SBR"],
    ["85133","PATAR PUTRA BERSAUDARA","JL.RAKYAT GANG BLOK-A NO.79, SIDORAME TIMUR","prelist","MEDAN PERJUANGAN","SIDORAME TIMUR","LINGKUNGAN 12","","","G. Perdagangan Besar dan Eceran, Reparasi Mobil dan Sepeda Motor","SBR"],
    ["85152","MULTICOM INDONESIA","JL.TAN MALAKA NO.53 D/H 27, PANDAU HILIR","prelist","MEDAN PERJUANGAN","PANDAU HILIR","LINGKUNGAN 5","","","F. Konstruksi","SBR"],
    ["85166","BINA INSAN NEGARA","JL TUASAN","prelist","MEDAN PERJUANGAN","TEGAL REJO","LINGKUNGAN 10","","","P. Pendidikan","SBR"],
    ["85168","MAPAN","JL.PAHLAWAN GG.RUKUN NO.41, PAHLAWAN","prelist","MEDAN PERJUANGAN","PAHLAWAN","LINGKUNGAN 1","","","C. Industri Pengolahan","SBR"],
    ["85171","BINA KELUARGA SEJAHTERA MANDIRI PROP.SUMUT","JL.PROF.HM.YAMIN SH NO.203, SEI KERA HILIR II","prelist","MEDAN PERJUANGAN","SEI KERA HILIR II","LINGKUNGAN 8","","","G. Perdagangan Besar dan Eceran, Reparasi Mobil dan Sepeda Motor","SBR"],
    ["85192","JAYA ART","JL.SEI KERA NO.120, PANDAU HILIR","prelist","MEDAN PERJUANGAN","PANDAU HILIR","LINGKUNGAN 2","","","G. Perdagangan Besar dan Eceran, Reparasi Mobil dan Sepeda Motor","SBR"],
    ["85206","MULTI MANDIRI","JL.SEI KERA NO.142-A/190, PANDAU HILIR","prelist","MEDAN PERJUANGAN","PANDAU HILIR","LINGKUNGAN 8","","","G. Perdagangan Besar dan Eceran, Reparasi Mobil dan Sepeda Motor","SBR"],
    ["85208","SURYAMAS DELI KENCANA","JL MALAKA","prelist","MEDAN PERJUANGAN","PANDAU HILIR","LINGKUNGAN 5","","","F. Konstruksi","SBR"],
    ["85225","DUTA MAS","JL.PAHLAWAN GG,PERWIRA NO.22, PAHLAWAN","prelist","MEDAN PERJUANGAN","PAHLAWAN","LINGKUNGAN 16","","","F. Konstruksi","SBR"],
    ["85232","RAHMA HENDRA","JL PELITA VI GG PERTOLONGAN NO 37 D LK IX, SIDORAME BARAT II","prelist","MEDAN PERJUANGAN","TEGAL REJO","LINGKUNGAN 2","","","F. Konstruksi","SBR"],
    ["85243","ROLAND.92","JL.SENTOSA GG.KELUARGA NO.15, PAHLAWAN","prelist","MEDAN PERJUANGAN","TEGAL REJO","LINGKUNGAN 14","","","G. Perdagangan Besar dan Eceran, Reparasi Mobil dan Sepeda Motor","SBR"],
    ["85263","SINAR MULIA","JL PASAR III DLM, TEGAL REJO","prelist","MEDAN PERJUANGAN","TEGAL REJO","LINGKUNGAN 11","","","G. Perdagangan Besar dan Eceran, Reparasi Mobil dan Sepeda Motor","SBR"],
    ["85270","PUTRA SION KREASINDO","JL. ASRAMA TNI AD GLUGUR HONG, SIDORAME BARAT I","prelist","MEDAN PERJUANGAN","SIDORAME BARAT I","LINGKUNGAN 7","","","G. Perdagangan Besar dan Eceran, Reparasi Mobil dan Sepeda Motor","SBR"],
    ["85284","MARLAE","JL. PERJUANGAN GG. ROMA","prelist","MEDAN PERJUANGAN","SIDORAME TIMUR","LINGKUNGAN 10","","","G. Perdagangan Besar dan Eceran, Reparasi Mobil dan Sepeda Motor","SBR"],
    ["85294","DIDA RIZKA UTAMA","JL.M.YAKUB NO.157-A/48, PAHLAWAN","prelist","MEDAN PERJUANGAN","SEI KERA HILIR II","LINGKUNGAN 12","","","G. Perdagangan Besar dan Eceran, Reparasi Mobil dan Sepeda Motor","SBR"],
    ["85316","PERGURUAN BINA SANTRI MEDAN","JL. PASAR III","prelist","MEDAN PERJUANGAN","TEGAL REJO","LINGKUNGAN 9","","","P. Pendidikan","SBR"],
    ["85326","SERBA USAHA BINA SEJAHTERA AMSI","JL.PROF HM YAMIN SH NO.350-A, SEI KERA HULU","prelist","MEDAN PERJUANGAN","SEI KERA HULU","LINGKUNGAN 8","","","K. Aktivitas Keuangan Dan Asuransi","SBR"],
    ["85332","SYARI'AH BINA USAHA MANDIRI","HM.YAMIN SH KMP.SERDANG MAS BLK.B NO.9 RT.000 RW.000, SEI KERA HULU","prelist","MEDAN PERJUANGAN","SEI KERA HULU","LINGKUNGAN 12","","","K. Aktivitas Keuangan Dan Asuransi","SBR"],
    ["85338","KARYAWAN KARYA MAWAR","JL.PROF.HM.YAMIN SH NO.231, SEI KERA HULU","prelist","MEDAN PERJUANGAN","SEI KERA HILIR II","LINGKUNGAN 8","","","G. Perdagangan Besar dan Eceran, Reparasi Mobil dan Sepeda Motor","SBR"],
    ["85348","PUTRA PERTAMA PERKASA","JL. SEI KERA GG. PENGHULU","prelist","MEDAN PERJUANGAN","SEI KERA HULU","LINGKUNGAN 6","","","G. Perdagangan Besar dan Eceran, Reparasi Mobil dan Sepeda Motor","SBR"],
    ["85366","SIRAJA SONANG","PERJUANGAN NO 28 RT.0 RW.0, SIDORAME TIMUR","prelist","MEDAN PERJUANGAN","SIDORAME TIMUR","LINGKUNGAN 8","","","G. Perdagangan Besar dan Eceran, Reparasi Mobil dan Sepeda Motor","SBR"],
    ["85374","HIGEN PAMITASINDO","JL.RAKYAT NO.159-A, TEGAL REJO","prelist","MEDAN PERJUANGAN","TEGAL REJO","LINGKUNGAN 8","","","K. Aktivitas Keuangan Dan Asuransi","SBR"],
    ["85386","INDUSTRI HASIL LAUT MANDIRISUMATERA UTARA","JL.PERJUANGAN NO.58, SEI KERA HILIR I","prelist","MEDAN PERJUANGAN","SEI KERA HILIR I","LINGKUNGAN 10","","","F. Konstruksi","SBR"],
    ["85419","YOBEL","JL PERJUANGAN","prelist","MEDAN PERJUANGAN","SIDORAME TIMUR","LINGKUNGAN 7","","","G. Perdagangan Besar dan Eceran, Reparasi Mobil dan Sepeda Motor","SBR"],
    ["85446","NAGA EMAS BERSINAR","JALAN BINTANG NO : 34-I","prelist","MEDAN PERJUANGAN","PANDAU HILIR","LINGKUNGAN 1","","","N. Jasa Persewaan, Ketenagakerjaan, Agen Perjalanan, dan Jasa Pendukung","SBR"],
    ["85480","KARYA MANDIRI","JL.M.YAKUB NO.33-A, SEI KERA HILIR II","prelist","MEDAN PERJUANGAN","SEI KERA HILIR II","LINGKUNGAN 5","","","G. Perdagangan Besar dan Eceran, Reparasi Mobil dan Sepeda Motor","SBR"],
    ["85490","PANCARAN CAHAYA FAJAR","JL.HOS.COKROAMINOTO NO.3, PANDAU HILIR","prelist","MEDAN PERJUANGAN","PANDAU HILIR","LINGKUNGAN 3","","","G. Perdagangan Besar dan Eceran, Reparasi Mobil dan Sepeda Motor","SBR"],
    ["85507","SORY MATINGGI","JL.PELITA II NO.71/93, SIDORAME BARAT II","prelist","MEDAN PERJUANGAN","SIDORAME BARAT II","LINGKUNGAN 5","","","G. Perdagangan Besar dan Eceran, Reparasi Mobil dan Sepeda Motor","SBR"],
    ["85520","HANA","JL.SEHATI GG.NUSA INDAH NO.38-B MEDAN, TEGAL REJO","prelist","MEDAN PERJUANGAN","TEGAL REJO","LINGKUNGAN 9","","","G. Perdagangan Besar dan Eceran, Reparasi Mobil dan Sepeda Motor","SBR"],
    ["85521","INOVASI SUKSES SEJAHTERA, PT","JL. PASAR III NO. 66 E","prelist","MEDAN PERJUANGAN","TEGAL REJO","LINGKUNGAN 9","","","G. Perdagangan Besar dan Eceran, Reparasi Mobil dan Sepeda Motor","SBR"],
    ["85528","RAKHA FAJAR","JL M YAKUB GG SERSAN","prelist","MEDAN PERJUANGAN","SEI KERA HILIR II","LINGKUNGAN 5","","","G. Perdagangan Besar dan Eceran, Reparasi Mobil dan Sepeda Motor","SBR"],
    ["85536","SERBA USAHA BINA MURNI MULIA","JL.PELITA I NO.26, SIDORAME BARAT I","prelist","MEDAN PERJUANGAN","SIDORAME BARAT I","LINGKUNGAN 5","","","G. Perdagangan Besar dan Eceran, Reparasi Mobil dan Sepeda Motor","SBR"],
    ["85546","MAJU JAYA","PELITA II GG.BONJOL NO.7/9 RT.0 RW.0, SIDORAME BARAT II","prelist","MEDAN PERJUANGAN","SIDORAME BARAT II","LINGKUNGAN 6","","","G. Perdagangan Besar dan Eceran, Reparasi Mobil dan Sepeda Motor","SBR"],
    ["85558","LARGO INDO MEDIA","JL.WAHIDIN NO.162, PANDAU HULU II","prelist","MEDAN PERJUANGAN","PAHLAWAN","LINGKUNGAN 10","","","C. Industri Pengolahan","SBR"],
    ["85567","BUKIT SENTANG","JL.PROF.HM.YAMIN SH NO.307, SEI KERA HILIR II","prelist","MEDAN PERJUANGAN","SEI KERA HILIR I","LINGKUNGAN 1","","","G. Perdagangan Besar dan Eceran, Reparasi Mobil dan Sepeda Motor","SBR"],
    ["85575","ERWIN PINDRA MANDIRI","JL.MESJID TAUFIQ GG.BINTARA 1, TEGAL REJO","prelist","MEDAN PERJUANGAN","TEGAL REJO","LINGKUNGAN 13","","","G. Perdagangan Besar dan Eceran, Reparasi Mobil dan Sepeda Motor","SBR"],
    ["85580","BIJAK MANDIRI","JL.PASAR III NO.89, TEGAL REJO","prelist","MEDAN PERJUANGAN","TEGAL REJO","LINGKUNGAN 14","","","G. Perdagangan Besar dan Eceran, Reparasi Mobil dan Sepeda Motor","SBR"],
    ["85601","MARISONI","JL.SENTOSA BARU NO.20, SEI KERA HULU","prelist","MEDAN PERJUANGAN","SEI KERA HILIR I","LINGKUNGAN 3","","","G. Perdagangan Besar dan Eceran, Reparasi Mobil dan Sepeda Motor","SBR"],
    ["85635","KHARISMA UTAMA","JL.SEJATI NO.45, SIDORAME BARAT I","prelist","MEDAN PERJUANGAN","SIDORAME BARAT I","LINGKUNGAN 9","","","G. Perdagangan Besar dan Eceran, Reparasi Mobil dan Sepeda Motor","SBR"],
    ["85696","SINAR JAYA NIAGA","PERJUANGAN GG TUNGGAL NO 57 RT.0 RW.0, SIDORAME TIMUR","prelist","MEDAN PERJUANGAN","SIDORAME TIMUR","LINGKUNGAN 14","","","G. Perdagangan Besar dan Eceran, Reparasi Mobil dan Sepeda Motor","SBR"],
    ["85734","LEMBAGA SWADAYA MASYARAKAT MEGA TANI SUMUT","JL.PROF.HM.YAMIN SH NO.572, PAHLAWAN","prelist","MEDAN PERJUANGAN","PAHLAWAN","LINGKUNGAN 1","","","K. Aktivitas Keuangan Dan Asuransi","SBR"],
    ["85736","PUSAT KOPERASI SIMPAN PINJAM HIJRAH CENTER (SKD)","JL. PROF HM YAMIN","prelist","MEDAN PERJUANGAN","PAHLAWAN","LINGKUNGAN 15","","","K. Aktivitas Keuangan Dan Asuransi","SBR"],
    ["85739","TUNAS INTIMUDA SUKSES","JL DURIAN","prelist","MEDAN PERJUANGAN","SIDORAME BARAT I","LINGKUNGAN 3","","","F. Konstruksi","SBR"],
    ["85742","SARI RESTU MEDIA","JL.TELUK BETUNG NO.1, PANDAU HILIR","prelist","MEDAN PERJUANGAN","PANDAU HILIR","LINGKUNGAN 5","","","C. Industri Pengolahan","SBR"],
    ["85747","ERA MANDIRI","SETIA JADI GG.HORAS NO.2-B RT.0 RW.0, TEGAL REJO","prelist","MEDAN PERJUANGAN","TEGAL REJO","LINGKUNGAN 15","","","G. Perdagangan Besar dan Eceran, Reparasi Mobil dan Sepeda Motor","SBR"],
    ["85751","JASA KARYA","JL.M.YACOB NO.38, SEI KERA HILIR I","prelist","MEDAN PERJUANGAN","SEI KERA HILIR I","LINGKUNGAN 1","","","G. Perdagangan Besar dan Eceran, Reparasi Mobil dan Sepeda Motor","SBR"],
    ["85752","ANNISA GRAHA","JL. GURILLA GG PAERAN","prelist","MEDAN PERJUANGAN","SEI KERA HILIR I","LINGKUNGAN 5","","","G. Perdagangan Besar dan Eceran, Reparasi Mobil dan Sepeda Motor","SBR"],
    ["85756","AZKA FATIH SURYA","JL. IBRAHIM UMAR NO. 31 A RT.0 RW.0, SEI KERA HILIR II","prelist","MEDAN PERJUANGAN","SEI KERA HILIR II","LINGKUNGAN 7","","","G. Perdagangan Besar dan Eceran, Reparasi Mobil dan Sepeda Motor","SBR"],
    ["85775","SERDANGJAYA SENTOSA ABADI","JL PROF HM YAMIN SH II","prelist","MEDAN PERJUANGAN","PAHLAWAN","LINGKUNGAN 15","","","F. Konstruksi","SBR"],
    ["85804","YAKITA MULIA","JL PASAR III","prelist","MEDAN PERJUANGAN","TEGAL REJO","LINGKUNGAN 11","","","G. Perdagangan Besar dan Eceran, Reparasi Mobil dan Sepeda Motor","SBR"],
    ["85821","BAHTERA","JL.SOLANG SALING NO.28, PANDAU HILIR","prelist","MEDAN PERJUANGAN","SEI KERA HULU","LINGKUNGAN 18","","","G. Perdagangan Besar dan Eceran, Reparasi Mobil dan Sepeda Motor","SBR"],
    ["85822","PERGURUAN ICHWANUSSHAFA","JL.KERAMBIK NO.2 RT.0 RW.0, PAHLAWAN","prelist","MEDAN PERJUANGAN","PAHLAWAN","LINGKUNGAN 6","","","P. Pendidikan","SBR"],
    ["85836","FERRO ADI RAYA","KOMPLEK PELITA II RESIDENCE JL PELITA II","prelist","MEDAN PERJUANGAN","SIDORAME BARAT II","LINGKUNGAN 7","","","C. Industri Pengolahan","SBR"],
    ["85876","WIRAMAS","JL. SEI KERA","prelist","MEDAN PERJUANGAN","PANDAU HILIR","LINGKUNGAN 4","","","G. Perdagangan Besar dan Eceran, Reparasi Mobil dan Sepeda Motor","SBR"],
    ["85922","SRI RAHAYU","JL.SEI KERA NO.12, SEI KERA HILIR I","prelist","MEDAN PERJUANGAN","PANDAU HILIR","LINGKUNGAN 2","","","G. Perdagangan Besar dan Eceran, Reparasi Mobil dan Sepeda Motor","SBR"],
    ["85934","DYNABOND SURYA","JL PELITA VI","prelist","MEDAN PERJUANGAN","SIDORAME BARAT I","LINGKUNGAN 7","","","G. Perdagangan Besar dan Eceran, Reparasi Mobil dan Sepeda Motor","SBR"],
    ["85939","BUANA TEHNIK PERKASA","SETIA JADI GG KELUARGA NO 11-D RT 000 RW 000, TEGAL REJO","prelist","MEDAN PERJUANGAN","TEGAL REJO","LINGKUNGAN 14","","","G. Perdagangan Besar dan Eceran, Reparasi Mobil dan Sepeda Motor","SBR"],
    ["86016","PRESS 66","JL.PAHLAWAN GG.PERWIRA NO.22, PAHLAWAN","prelist","MEDAN PERJUANGAN","PAHLAWAN","LINGKUNGAN 16","","","C. Industri Pengolahan","SBR"],
    ["86017","SURYA DELIMA TEKNIK","JL.PROF.H.M.YAMIN.SH NO.245-A, PAHLAWAN","prelist","MEDAN PERJUANGAN","SEI KERA HILIR II","LINGKUNGAN 10","","","F. Konstruksi","SBR"],
    ["86046","TIGA MIKA ENGINEERING","JL PENDIDIKAN","prelist","MEDAN PERJUANGAN","TEGAL REJO","LINGKUNGAN 9","","","C. Industri Pengolahan","SBR"],
    ["86054","SYARIAH BAITUL MAAL WATTAWIL BINA MITRA MANDIRI","HM YAMIN NO 504 RT.0 RW.0, PAHLAWAN","prelist","MEDAN PERJUANGAN","PAHLAWAN","LINGKUNGAN 1","","","K. Aktivitas Keuangan Dan Asuransi","SBR"],
    ["86059","DHARMA JAYA","JL.GURILLA NO.115-A, SEI KERA HILIR I","prelist","MEDAN PERJUANGAN","SEI KERA HILIR I","LINGKUNGAN 4","","","F. Konstruksi","SBR"],
    ["86064","BUANA LESTARI","JL.PASAR III GG.BIMA NO.15-KK, GLUGUR DARAT I","prelist","MEDAN PERJUANGAN","TEGAL REJO","LINGKUNGAN 14","","","A. Pertanian, Kehutanan, dan Perikanan","SBR"],
    ["86080","LEMBAGA PENELITIAN DAN PENGEMBANGAN MASYARAKAT MADANI","JL. PROF.H.M. YAMIN GG.LURAH NO.1, SEI KERA HILIR II","prelist","MEDAN PERJUANGAN","SEI KERA HULU","LINGKUNGAN 5","","","M. Jasa Profesional, Ilmiah, dan Teknis","SBR"],
    ["86125","RUTH VERA PERTIWI","JL.PERJUANGAN KARYA BAKTI NO.6, SIDORAME TIMUR","prelist","MEDAN PERJUANGAN","SIDORAME TIMUR","LINGKUNGAN 9","","","F. Konstruksi","SBR"],
    ["86129","ASIA TIMUR","JL.SETIAJADI GG.MADUMA NO.1, TEGAL REJO","prelist","MEDAN PERJUANGAN","TEGAL REJO","LINGKUNGAN 15","","","F. Konstruksi","SBR"],
    ["86154","DWI MANDIRI PRAKARSA","JL.GURILLA NO.111, SEI KERA HILIR I","prelist","MEDAN PERJUANGAN","SEI KERA HILIR I","LINGKUNGAN 5","","","F. Konstruksi","SBR"],
    ["86194","KURNIA","JL.SEJATI GG.SETIMPAL NO.1, SIDORAME BARAT I","prelist","MEDAN PERJUANGAN","SIDORAME BARAT I","LINGKUNGAN 9","","","F. Konstruksi","SBR"],
    ["86266","TWINS SMART XL COM","JL.THAMRIN NO.109, PANDAU HILIR","prelist","MEDAN PERJUANGAN","PANDAU HILIR","LINGKUNGAN 3","","","F. Konstruksi","SBR"],
    ["86271","SATRIA ANDALAS PERMAI","JL.MESJID TAUFIK NO.51, TEGAL REJO","prelist","MEDAN PERJUANGAN","TEGAL REJO","LINGKUNGAN 6","","","G. Perdagangan Besar dan Eceran, Reparasi Mobil dan Sepeda Motor","SBR"],
    ["86311","MUARA TEKNIK","JL.PELITA-I NO.46-A, DURIAN","prelist","MEDAN PERJUANGAN","SIDORAME BARAT II","LINGKUNGAN 5","","","F. Konstruksi","SBR"],
    ["86335","PRIMA MOLEKULER","JL.SINGGASANA.III NO.K-112, PAHLAWAN","prelist","MEDAN PERJUANGAN","PAHLAWAN","LINGKUNGAN 4","","","G. Perdagangan Besar dan Eceran, Reparasi Mobil dan Sepeda Motor","SBR"],
    ["86349","PORANG INDAH LESTARI","JL. MALAKA NO.58-C","prelist","MEDAN PERJUANGAN","PANDAU HILIR","LINGKUNGAN 3","","","A. Pertanian, Kehutanan, dan Perikanan","SBR"],
    ["86355","SYAHRIAL","JL.PELITA II G.BONJOL NO.24, SIDORAME BARAT II","prelist","MEDAN PERJUANGAN","SIDORAME BARAT II","LINGKUNGAN 6","","","G. Perdagangan Besar dan Eceran, Reparasi Mobil dan Sepeda Motor","SBR"],
    ["86369","JALUR REZEKI INTER NUSA","JL.WAHIDIN NO.174, PANDAU HULU II","prelist","MEDAN PERJUANGAN","PAHLAWAN","LINGKUNGAN 10","","","G. Perdagangan Besar dan Eceran, Reparasi Mobil dan Sepeda Motor","SBR"],
    ["86377","CIMANKA","JL. PELITA IV GANG PORSEA","prelist","MEDAN PERJUANGAN","SIDORAME BARAT II","LINGKUNGAN 8","","","I. Penyediaan Akomodasi dan Makan Minum","SBR"],
    ["86395","PENDIDIKAN LUAR SEKOLAH NOVI","JL.M.YAKUB NO.174 RT.000 RW.000, SEI KERA HILIR II","prelist","MEDAN PERJUANGAN","SEI KERA HILIR II","LINGKUNGAN 10","","","C. Industri Pengolahan","SBR"],
    ["86399","DUA BERLIAN BERJAYA","JL. PIMPINAN GG SUKA MAJU","prelist","MEDAN PERJUANGAN","SEI KERA HILIR I","LINGKUNGAN 10","","","G. Perdagangan Besar dan Eceran, Reparasi Mobil dan Sepeda Motor","SBR"],
    ["86402","OXYGEN INDONESIA","JL. PAHLAWAN / PERKASA","prelist","MEDAN PERJUANGAN","PAHLAWAN","LINGKUNGAN 2","","","G. Perdagangan Besar dan Eceran, Reparasi Mobil dan Sepeda Motor","SBR"],
    ["86474","SATRIA TAMA JAYA","JL.PASAR III GG.NURI NO.4, TEGAL REJO","prelist","MEDAN PERJUANGAN","TEGAL REJO","LINGKUNGAN 11","","","G. Perdagangan Besar dan Eceran, Reparasi Mobil dan Sepeda Motor","SBR"],
    ["86482","INCORPORATION CAHAYA AMAZINGGRACE","JL.SIPIROK NO.7, PANDAU HILIR","prelist","MEDAN PERJUANGAN","PANDAU HILIR","LINGKUNGAN 9","","","G. Perdagangan Besar dan Eceran, Reparasi Mobil dan Sepeda Motor","SBR"],
    ["86494","CIPTO MEGA JAYA ABADI","JL PROF HM YAMIN SH","prelist","MEDAN PERJUANGAN","SEI KERA HULU","LINGKUNGAN 5","","","G. Perdagangan Besar dan Eceran, Reparasi Mobil dan Sepeda Motor","SBR"],
    ["86495","PEMBINA LESTARI INDAH","JL.HOS COKROAMINOTO NO.9-A, PANDAU HULU I","prelist","MEDAN PERJUANGAN","SEI KERA HULU","LINGKUNGAN 15","","","G. Perdagangan Besar dan Eceran, Reparasi Mobil dan Sepeda Motor","SBR"],
    ["86552","AGRO KARYA SENTOSA","JL.MESJID TAUFIK NO.51, TEGAL REJO","prelist","MEDAN PERJUANGAN","TEGAL REJO","LINGKUNGAN 6","","","G. Perdagangan Besar dan Eceran, Reparasi Mobil dan Sepeda Motor","SBR"],
    ["86569","SUMBER REZEKI","JL.PROF.HM.YAMIN SH II NO.31, PERINTIS","prelist","MEDAN PERJUANGAN","SEI KERA HULU","LINGKUNGAN 6","","","G. Perdagangan Besar dan Eceran, Reparasi Mobil dan Sepeda Motor","SBR"],
    ["86575","BUS SUMATERA","PAHLAWAN GG ANOM NO 52 RT. 0 RW. 00","prelist","MEDAN PERJUANGAN","PAHLAWAN","LINGKUNGAN 3","","","H. Transportasi dan Pergudangan","SBR"],
    ["86599","KADIR PUTRA MANDIRI","JL.IBRAHIM UMAR NO.8, SEI KERA HILIR I","prelist","MEDAN PERJUANGAN","SEI KERA HILIR I","LINGKUNGAN 6","","","G. Perdagangan Besar dan Eceran, Reparasi Mobil dan Sepeda Motor","SBR"],
    ["86629","MESTIKA RAYA BEAUTINDO","JL. PALEMBANG LK. V","prelist","MEDAN PERJUANGAN","PANDAU HILIR","LINGKUNGAN 5","","","C. Industri Pengolahan","SBR"],
    ["86716","ANGKASA WIRA USAHA","JL PERKUTUT NO 2 A LANTAI II","prelist","MEDAN PERJUANGAN","SIDORAME TIMUR","LINGKUNGAN 13","","","C. Industri Pengolahan","SBR"],
    ["86721","PELANGI CAHAYA NUSANTARA","JL.BENGKULU NO.30 LK.V, PANDAU HILIR","prelist","MEDAN PERJUANGAN","PANDAU HILIR","LINGKUNGAN 5","","","G. Perdagangan Besar dan Eceran, Reparasi Mobil dan Sepeda Motor","SBR"],
    ["86732","DWI ARTHAKA SEJAHTERA","JL. GURILLA","prelist","MEDAN PERJUANGAN","SEI KERA HILIR I","LINGKUNGAN 6","","","G. Perdagangan Besar dan Eceran, Reparasi Mobil dan Sepeda Motor","SBR"],
    ["86741","IRANI SARANA ABADI","JL.PELITA II NO.23 MEDAN, SIDORAME BARAT I","prelist","MEDAN PERJUANGAN","SIDORAME BARAT I","LINGKUNGAN 3","","","G. Perdagangan Besar dan Eceran, Reparasi Mobil dan Sepeda Motor","SBR"],
    ["86748","SINAR SENTOSA","M YACUB NO.212 RT.0 RW.0, SEI KERA HILIR II","prelist","MEDAN PERJUANGAN","SEI KERA HILIR II","LINGKUNGAN 12","","","G. Perdagangan Besar dan Eceran, Reparasi Mobil dan Sepeda Motor","SBR"],
    ["86760","JAYA MANDIRI","M.YAKUB NO.72-A, SEI KERA HILIR II","prelist","MEDAN PERJUANGAN","SEI KERA HILIR II","LINGKUNGAN 6","","","F. Konstruksi","SBR"],
    ["86764","KUARINDO SITEPU ABADI","JALAN PROF HM YAMIN NOMOR 612","prelist","MEDAN PERJUANGAN","PAHLAWAN","LINGKUNGAN 15","","","K. Aktivitas Keuangan Dan Asuransi","SBR"],
    ["86774","ROTUA JAYA","JL. PELITA VI GG. PRIBADI","prelist","MEDAN PERJUANGAN","SIDORAME BARAT II","LINGKUNGAN 9","","","G. Perdagangan Besar dan Eceran, Reparasi Mobil dan Sepeda Motor","SBR"],
    ["86785","RADJA EKA MANDIRI","JL SEI KERA","prelist","MEDAN PERJUANGAN","SEI KERA HULU","LINGKUNGAN 11","","","N. Jasa Persewaan, Ketenagakerjaan, Agen Perjalanan, dan Jasa Pendukung","SBR"],
    ["86789","PRIMA RANCANG","JL M YAKUB LK XIII","prelist","MEDAN PERJUANGAN","SEI KERA HILIR II","LINGKUNGAN 13","","","M. Jasa Profesional, Ilmiah, dan Teknis","SBR"],
    ["86801","PAUD SOVITRI","JL MADIO UTOMO GG KADHI","prelist","MEDAN PERJUANGAN","TEGAL REJO","LINGKUNGAN 3","","","P. Pendidikan","SBR"],
    ["86839","SERBA USAHA ELANG MAKMUR","JL.RAKYAT NO.60, SIDORAME TIMUR","prelist","MEDAN PERJUANGAN","SIDORAME TIMUR","LINGKUNGAN 11","","","G. Perdagangan Besar dan Eceran, Reparasi Mobil dan Sepeda Motor","SBR"],
    ["86905","MULIA INTRA PRATAMA","JL.PELITA IV NO.17, SIDORAME BARAT I","prelist","MEDAN PERJUANGAN","SIDORAME BARAT I","LINGKUNGAN 1","","","F. Konstruksi","SBR"],
    ["86915","TARA NIAGA SEJAHTERA","JL.PROF.HM.YAMIN,SH GG.BACANG NO.3, SEI KERA HILIR II","prelist","MEDAN PERJUANGAN","SEI KERA HILIR II","LINGKUNGAN 1","","","G. Perdagangan Besar dan Eceran, Reparasi Mobil dan Sepeda Motor","SBR"],
    ["86933","BUMI SEULAWAH KENCANA","JALAN PAHLAWAN NOMOR 61 MEDAN","prelist","MEDAN PERJUANGAN","PAHLAWAN","LINGKUNGAN 12","","","G. Perdagangan Besar dan Eceran, Reparasi Mobil dan Sepeda Motor","SBR"],
    ["86947","KARUNIA ANUGRAH SEMESTA","JL.HM SAID GG.KACUNG NO. 35","prelist","MEDAN PERJUANGAN","SIDORAME BARAT I","LINGKUNGAN 5","","","G. Perdagangan Besar dan Eceran, Reparasi Mobil dan Sepeda Motor","SBR"],
    ["86959","DAHRIS","JL GURILA","prelist","MEDAN PERJUANGAN","SEI KERA HILIR I","LINGKUNGAN 6","","","N. Jasa Persewaan, Ketenagakerjaan, Agen Perjalanan, dan Jasa Pendukung","SBR"],
    ["86977","AKURAT","JL HOS COKROAMINOTO","prelist","MEDAN PERJUANGAN","SEI KERA HULU","LINGKUNGAN 15","","","F. Konstruksi","SBR"],
    ["86982","SAWINA GROUP","JL.RAKYAT NO.55-B, SIDORAME BARAT I","prelist","MEDAN PERJUANGAN","SIDORAME TIMUR","LINGKUNGAN 12","","","G. Perdagangan Besar dan Eceran, Reparasi Mobil dan Sepeda Motor","SBR"],
    ["87014","BINTANG MUSIRA NAROTAMA","JL.PAHLAWAN / PERKASA NO.11, SEI KERA HILIR I","prelist","MEDAN PERJUANGAN","SEI KERA HILIR I","LINGKUNGAN 4","","","G. Perdagangan Besar dan Eceran, Reparasi Mobil dan Sepeda Motor","SBR"],
    ["87017","TERATAI MAS MANDIRI","GURILLA GG.BELIMBING III NO.18 RT.0 RW.0, SEI KERA HILIR II","prelist","MEDAN PERJUANGAN","SEI KERA HILIR II","LINGKUNGAN 12","","","G. Perdagangan Besar dan Eceran, Reparasi Mobil dan Sepeda Motor","SBR"],
    ["87068","BIMA SAKTI","JL SEI KERA NO 211, SEI KERA HULU","prelist","MEDAN PERJUANGAN","SEI KERA HULU","LINGKUNGAN 2","","","G. Perdagangan Besar dan Eceran, Reparasi Mobil dan Sepeda Motor","SBR"],
    ["87081","CAREER MUTUAL AGENCY","JL.PELITA I NO.39, SIDORAME BARAT I","prelist","MEDAN PERJUANGAN","SIDORAME BARAT II","LINGKUNGAN 5","","","G. Perdagangan Besar dan Eceran, Reparasi Mobil dan Sepeda Motor","SBR"],
    ["87084","SMARI","JL.PROF.H.M.YAMIN.SH NO.159, PAHLAWAN","prelist","MEDAN PERJUANGAN","SEI KERA HILIR II","LINGKUNGAN 6","","","G. Perdagangan Besar dan Eceran, Reparasi Mobil dan Sepeda Motor","SBR"],
    ["87088","SERBA USAHA PENARIK BECA HARAPAN KITA MEDAN","JL.KERIS NO.1, PAHLAWAN","prelist","MEDAN PERJUANGAN","PAHLAWAN","LINGKUNGAN 8","","","G. Perdagangan Besar dan Eceran, Reparasi Mobil dan Sepeda Motor","SBR"],
    ["87096","NOORRIS ABADI","JL. IBRAHIM UMAR NO.32, SEI KERA HILIR I","prelist","MEDAN PERJUANGAN","SEI KERA HILIR II","LINGKUNGAN 7","","","S. Aktivitas Jasa Lainnya","SBR"],
    ["87103","SERBA USAHA SIBHARA","NEGARA NO.43 RT.000 RW.000, BANTAN TIMUR","prelist","MEDAN PERJUANGAN","SEI KERA HILIR I","LINGKUNGAN 1","","","K. Aktivitas Keuangan Dan Asuransi","SBR"],
    ["87117","PRIMA SERVECE","JL.PENDIDIKAN NO.15, GLUGUR DARAT I","prelist","MEDAN PERJUANGAN","TEGAL REJO","LINGKUNGAN 8","","","S. Aktivitas Jasa Lainnya","SBR"],
    ["87138","UNTA ARAB INTERNASIONAL","JL PROF HM YAMIN SH","prelist","MEDAN PERJUANGAN","SEI KERA HILIR II","LINGKUNGAN 8","","","G. Perdagangan Besar dan Eceran, Reparasi Mobil dan Sepeda Motor","SBR"],
    ["87166","LEMBAGA SWADAYA MASYARAKAT KOMUNITAS PENGAWAS KORUPSI","LR. GEREJA","prelist","MEDAN PERJUANGAN","SIDORAME BARAT I","LINGKUNGAN 8","","","S. Aktivitas Jasa Lainnya","SBR"],
    ["87218","MERAUKE JAYA","JL.GURILLA NO.115-A, SEI KERA HILIR I","prelist","MEDAN PERJUANGAN","SEI KERA HILIR I","LINGKUNGAN 4","","","F. Konstruksi","SBR"],
    ["87225","M KANA","JL.M.YACUB GG.ULUNG NO.166-G, SEI KERA HILIR I","prelist","MEDAN PERJUANGAN","SEI KERA HILIR II","LINGKUNGAN 5","","","F. Konstruksi","SBR"],
    ["87229","NILAM SEJAHTERA INDONESIA","JALAN VETERAN NOMOR 21","prelist","MEDAN PERJUANGAN","PANDAU HILIR","LINGKUNGAN 1","","","C. Industri Pengolahan","SBR"],
    ["87234","BOTUNG JAYA","JLGURILLA GG ANGGREK","prelist","MEDAN PERJUANGAN","SEI KERA HILIR I","LINGKUNGAN 6","","","C. Industri Pengolahan","SBR"],
    ["87254","ARTHA GEMILANG UTAMA","JL.IBRAHIM UMAR NO.17 LINGK.VII MEDAN, SEI KERA HILIR I","prelist","MEDAN PERJUANGAN","SEI KERA HILIR I","LINGKUNGAN 7","","","G. Perdagangan Besar dan Eceran, Reparasi Mobil dan Sepeda Motor","SBR"],
    ["87273","DELIMAS PANGESTU","JL PASAR III","prelist","MEDAN PERJUANGAN","TEGAL REJO","LINGKUNGAN 11","","","G. Perdagangan Besar dan Eceran, Reparasi Mobil dan Sepeda Motor","SBR"],
    ["87275","PARAMOUNT INDAH","JL.THAMRIN NO.113, PANDAU HILIR","prelist","MEDAN PERJUANGAN","PANDAU HILIR","LINGKUNGAN 3","","","G. Perdagangan Besar dan Eceran, Reparasi Mobil dan Sepeda Motor","SBR"],
    ["87296","MITRA-ANRA,KSO.","JL DOROWATI NO 42","prelist","MEDAN PERJUANGAN","SIDORAME BARAT II","LINGKUNGAN 1","","","G. Perdagangan Besar dan Eceran, Reparasi Mobil dan Sepeda Motor","SBR"],
    ["87313","PERDAGANGAN NUSANTARA","JL. KERIS","prelist","MEDAN PERJUANGAN","PAHLAWAN","LINGKUNGAN 8","","","G. Perdagangan Besar dan Eceran, Reparasi Mobil dan Sepeda Motor","SBR"],
    ["87370","SURYA PERSADA PLASINDO","JL H.O.S COKROAMINOTO","prelist","MEDAN PERJUANGAN","SEI KERA HULU","LINGKUNGAN 15","","","C. Industri Pengolahan","SBR"],
    ["87387","PRAMA PUTRA","M.YAKUB NO.5 RT.000 RW.000, SEI KERA HILIR II","prelist","MEDAN PERJUANGAN","SEI KERA HILIR I","LINGKUNGAN 3","","","G. Perdagangan Besar dan Eceran, Reparasi Mobil dan Sepeda Motor","SBR"],
    ["87388","GOLDEN PADMA NUSA","JL.PROF.HM.YAMIN SH. NO.572, PAHLAWAN","prelist","MEDAN PERJUANGAN","PAHLAWAN","LINGKUNGAN 1","","","G. Perdagangan Besar dan Eceran, Reparasi Mobil dan Sepeda Motor","SBR"],
    ["87390","ANNAHL FATIH UMROH","JL PASAR III","prelist","MEDAN PERJUANGAN","TEGAL REJO","LINGKUNGAN 9","","","N. Jasa Persewaan, Ketenagakerjaan, Agen Perjalanan, dan Jasa Pendukung","SBR"],
    ["87394","SUHARYANTO CONSULTANT","JL.SUMBA NO.34, PANDAU HILIR","prelist","MEDAN PERJUANGAN","PANDAU HILIR","LINGKUNGAN 2","","","M. Jasa Profesional, Ilmiah, dan Teknis","SBR"],
    ["87396","RIZKY MAULANA","JL.SEI KERA NO.146/208, PANDAU HILIR","prelist","MEDAN PERJUANGAN","PANDAU HILIR","LINGKUNGAN 4","","","F. Konstruksi","SBR"],
    ["87426","PLANIT ANGKASA LUAR","PELITA IV NO.17 RT.00 RW.00, SIDORAME BARAT I","prelist","MEDAN PERJUANGAN","SIDORAME BARAT I","LINGKUNGAN 1","","","F. Konstruksi","SBR"],
    ["87435","MAHONI CIPTALOKA","JL.MESJID TAUFIQ NO.53, GLUGUR DARAT I","prelist","MEDAN PERJUANGAN","TEGAL REJO","LINGKUNGAN 6","","","F. Konstruksi","SBR"],
    ["87507","SUGI LINTAS MANDIRI","JL HM SAID GG DEMOKRAT","prelist","MEDAN PERJUANGAN","SIDORAME BARAT I","LINGKUNGAN 4","","","H. Transportasi dan Pergudangan","SBR"],
    ["87509","TUNAS MEKAR SARI","JL.RAKYAT NO.106, TEGAL REJO","prelist","MEDAN PERJUANGAN","TEGAL REJO","LINGKUNGAN 7","","","F. Konstruksi","SBR"],
    ["87530","AGROTAMEX SUMINDOABADI","JL PALEMBANG","prelist","MEDAN PERJUANGAN","PANDAU HILIR","LINGKUNGAN 5","","","A. Pertanian, Kehutanan, dan Perikanan","SBR"],
    ["87532","MULIA ANUGRAH SEJATI","JL.UMAR NO.82-A/106, GLUGUR DARAT I","prelist","MEDAN PERJUANGAN","SEI KERA HILIR II","LINGKUNGAN 14","","","F. Konstruksi","SBR"],
    ["87583","LEMBAYU MITRA SEJAHTERA","JL.PROF.HM.YAMIN SH NO.266, SEI KERA HILIR I","prelist","MEDAN PERJUANGAN","SEI KERA HILIR II","LINGKUNGAN 1","","","N. Jasa Persewaan, Ketenagakerjaan, Agen Perjalanan, dan Jasa Pendukung","SBR"],
    ["87634","DEVISTA","MADIO UTOMO NO.3 RT.000 RW.000, SIDORAME TIMUR","prelist","MEDAN PERJUANGAN","TEGAL REJO","LINGKUNGAN 3","","","G. Perdagangan Besar dan Eceran, Reparasi Mobil dan Sepeda Motor","SBR"],
    ["87732","LAGUN VISTA","JL MESJID TAUFIK","prelist","MEDAN PERJUANGAN","TEGAL REJO","LINGKUNGAN 7","","","G. Perdagangan Besar dan Eceran, Reparasi Mobil dan Sepeda Motor","SBR"],
    ["87733","TIGABANGUN INDONUSA SEJAHTERA","JL.PASAR III NO.88-MM, TEGAL REJO","prelist","MEDAN PERJUANGAN","TEGAL REJO","LINGKUNGAN 9","","","F. Konstruksi","SBR"],
    ["87754","KENCANA GRIYA UTAMA","JL.DURIAN GG.RASMI NO.16, DURIAN","prelist","MEDAN PERJUANGAN","SIDORAME BARAT I","LINGKUNGAN 3","","","G. Perdagangan Besar dan Eceran, Reparasi Mobil dan Sepeda Motor","SBR"],
    ["87776","TK SWASTA NASRANI 2","JL. PENDIDIKAN","prelist","MEDAN PERJUANGAN","TEGAL REJO","LINGKUNGAN 7","","","P. Pendidikan","SBR"],
    ["87834","SARI MAKMUR ABADI","JL.PROF.H.M.YAMIN.SH NO.279, SIDODADI","prelist","MEDAN PERJUANGAN","SEI KERA HILIR II","LINGKUNGAN 11","","","G. Perdagangan Besar dan Eceran, Reparasi Mobil dan Sepeda Motor","SBR"],
    ["87863","GEMA NUSANTARA ANTI NARKOBA","JL. PALEMBANG","prelist","MEDAN PERJUANGAN","PANDAU HILIR","LINGKUNGAN 5","","","S. Aktivitas Jasa Lainnya","SBR"],
    ["87865","BANGUN MANDIRI","JL. BADIK","prelist","MEDAN PERJUANGAN","PAHLAWAN","LINGKUNGAN 7","","","S. Aktivitas Jasa Lainnya","SBR"],
    ["87890","DAYS","JL PERKUTUT","prelist","MEDAN PERJUANGAN","SIDORAME TIMUR","LINGKUNGAN 13","","","G. Perdagangan Besar dan Eceran, Reparasi Mobil dan Sepeda Motor","SBR"],
    ["87910","GUNUNG SINKAWI","JL.PELITA VI NO.100, SIDORAME BARAT I","prelist","MEDAN PERJUANGAN","SIDORAME TIMUR","LINGKUNGAN 15","","","G. Perdagangan Besar dan Eceran, Reparasi Mobil dan Sepeda Motor","SBR"],
    ["87930","MAJU JASA PERSADA","JL PROF HM YAMIN SH GG INDIA","prelist","MEDAN PERJUANGAN","SEI KERA HILIR II","LINGKUNGAN 2","","","G. Perdagangan Besar dan Eceran, Reparasi Mobil dan Sepeda Motor","SBR"],
    ["87956","ARMADA BERITA INDONESIA","JL PELITA IV","prelist","MEDAN PERJUANGAN","SIDORAME BARAT II","LINGKUNGAN 9","","","M. Jasa Profesional, Ilmiah, dan Teknis","SBR"],
    ["87988","WAHYU","JL.GURILLA GG.KAMBOJA NO.1, SEI KERA HILIR I","prelist","MEDAN PERJUANGAN","SEI KERA HILIR I","LINGKUNGAN 11","","","G. Perdagangan Besar dan Eceran, Reparasi Mobil dan Sepeda Motor","SBR"],
    ["88040","AYAHANDA","JL.GURILLA NO.30-A, SEI KERA HILIR II","prelist","MEDAN PERJUANGAN","SEI KERA HILIR II","LINGKUNGAN 5","","","G. Perdagangan Besar dan Eceran, Reparasi Mobil dan Sepeda Motor","SBR"],
    ["88078","MULTIGUNA BERSAMA JAYA","JLN VETERAN NOMOR 23 DD","prelist","MEDAN PERJUANGAN","PANDAU HILIR","LINGKUNGAN 1","","","G. Perdagangan Besar dan Eceran, Reparasi Mobil dan Sepeda Motor","SBR"],
    ["88079","WULAN","GRAHA KRAKATAU JL PASAR III NO 2, TEGAL REJO","prelist","MEDAN PERJUANGAN","TEGAL REJO","LINGKUNGAN 10","","","G. Perdagangan Besar dan Eceran, Reparasi Mobil dan Sepeda Motor","SBR"],
    ["88109","SEJAHTERA AGRO INTI LESTARI","JALAN SETIA JADI KOMPLEK SETIA JADI RESIDENCE NOMOR C8","prelist","MEDAN PERJUANGAN","TEGAL REJO","LINGKUNGAN 15","","","A. Pertanian, Kehutanan, dan Perikanan","SBR"],
    ["88127","NOTESINDO","MALAKA NO 25-A RT.0 RW.0, PANDAU HILIR","prelist","MEDAN PERJUANGAN","PANDAU HILIR","LINGKUNGAN 4","","","G. Perdagangan Besar dan Eceran, Reparasi Mobil dan Sepeda Motor","SBR"],
    ["88158","GANESCO","JL.PELITA III NO.71, SIDORAME BARAT II","prelist","MEDAN PERJUANGAN","SIDORAME BARAT II","LINGKUNGAN 7","","","G. Perdagangan Besar dan Eceran, Reparasi Mobil dan Sepeda Motor","SBR"],
    ["88240","ALMANDA","SEI KERA GG.PENGHULU NO.25 RT.0 RW.0, SEI KERA HULU","prelist","MEDAN PERJUANGAN","SEI KERA HULU","LINGKUNGAN 6","","","G. Perdagangan Besar dan Eceran, Reparasi Mobil dan Sepeda Motor","SBR"],
    ["88266","GENDIS JAYA ABADI","JL.AMBON NO.18/28 RT. 0 RW. 0, PANDAU HILIR","prelist","MEDAN PERJUANGAN","PANDAU HILIR","LINGKUNGAN 1","","","H. Transportasi dan Pergudangan","SBR"],
    ["88268","YOZA PRATAMA MANDIRI","HM SAID NO 28 RT.0 RW.0, SIDORAME BARAT I","prelist","MEDAN PERJUANGAN","SIDORAME BARAT I","LINGKUNGAN 6","","","G. Perdagangan Besar dan Eceran, Reparasi Mobil dan Sepeda Motor","SBR"],
    ["88271","PERKASA-TPN,KSO","JL DOROWATI NO 42","prelist","MEDAN PERJUANGAN","SIDORAME BARAT II","LINGKUNGAN 1","","","F. Konstruksi","SBR"],
    ["88283","VIONA TIURNIARI","JL.SEHATI GG.CEMPAKA NO.2 MEDAN, TEGAL REJO","prelist","MEDAN PERJUANGAN","TEGAL REJO","LINGKUNGAN 9","","","G. Perdagangan Besar dan Eceran, Reparasi Mobil dan Sepeda Motor","SBR"],
    ["88311","SASTRA & ASSOCIATES","PROF HM YAMIN SH NO 350-A RT.0 RW.0, SEI KERA HULU","prelist","MEDAN PERJUANGAN","SEI KERA HULU","LINGKUNGAN 12","","","Q. Jasa Kesehatan dan Kegiatan Sosial","SBR"],
    ["88338","REZKI","JL.PROF HM YAMIN SH NO.384, SEI KERA HULU","prelist","MEDAN PERJUANGAN","SEI KERA HULU","LINGKUNGAN 3","","","G. Perdagangan Besar dan Eceran, Reparasi Mobil dan Sepeda Motor","SBR"],
    ["88367","PAYUNG TEDUH","JL.PERJUANGAN NO.2 MEDAN, SIDORAME TIMUR","prelist","MEDAN PERJUANGAN","SIDORAME TIMUR","LINGKUNGAN 7","","","G. Perdagangan Besar dan Eceran, Reparasi Mobil dan Sepeda Motor","SBR"],
    ["88394","WIRA LESTARI","JL MALAKA LK IV","prelist","MEDAN PERJUANGAN","PANDAU HILIR","LINGKUNGAN 5","","","G. Perdagangan Besar dan Eceran, Reparasi Mobil dan Sepeda Motor","SBR"],
    ["88400","PUTRA MAKMUR PERKASA","JL. PROF HM YAMIN SH","prelist","MEDAN PERJUANGAN","SEI KERA HULU","LINGKUNGAN 3","","","H. Transportasi dan Pergudangan","SBR"],
    ["88409","TEGUH TUNAS SAWITA","JL.MALAKA NO.64","prelist","MEDAN PERJUANGAN","PANDAU HILIR","LINGKUNGAN 3","","","A. Pertanian, Kehutanan, dan Perikanan","SBR"],
    ["88415","NEW TREX 88","JL. GURILLA GG TOKE UMAR","prelist","MEDAN PERJUANGAN","SEI KERA HILIR II","LINGKUNGAN 14","","","N. Jasa Persewaan, Ketenagakerjaan, Agen Perjalanan, dan Jasa Pendukung","SBR"],
    ["88463","PENDIDIKAN UMAIRA MEDAN","JL GURILLA GG PAERAN","prelist","MEDAN PERJUANGAN","SEI KERA HILIR I","LINGKUNGAN 5","","","P. Pendidikan","SBR"],
    ["88481","KOMBINASI KONSTRUKSI","JL.MAPILINDO NO.108, TEGAL REJO","prelist","MEDAN PERJUANGAN","TEGAL REJO","LINGKUNGAN 13","","","G. Perdagangan Besar dan Eceran, Reparasi Mobil dan Sepeda Motor","SBR"],
    ["88519","BINAMITRA UTAMA","JL.PROF.HM.YAMIN,SH GG.HABIR NO.24 MEDAN, SEI KERA HULU","prelist","MEDAN PERJUANGAN","SEI KERA HULU","LINGKUNGAN 8","","","G. Perdagangan Besar dan Eceran, Reparasi Mobil dan Sepeda Motor","SBR"],
    ["88534","CIPTA MANDIRI ABADI","JL.PELITA IV NO.51/65, SIDORAME BARAT II","prelist","MEDAN PERJUANGAN","SIDORAME BARAT II","LINGKUNGAN 9","","","G. Perdagangan Besar dan Eceran, Reparasi Mobil dan Sepeda Motor","SBR"],
    ["88535","JAYA UTAMA","JL.PASAR III NO.76 LK.IX, TEGAL REJO","prelist","MEDAN PERJUANGAN","TEGAL REJO","LINGKUNGAN 9","","","G. Perdagangan Besar dan Eceran, Reparasi Mobil dan Sepeda Motor","SBR"],
    ["88537","SORIK MARAPI","JL.RAKYAT NO.7, SIDORAME BARAT I","prelist","MEDAN PERJUANGAN","SIDORAME TIMUR","LINGKUNGAN 1","","","G. Perdagangan Besar dan Eceran, Reparasi Mobil dan Sepeda Motor","SBR"],
    ["88581","PANCA PINANG","JL.SUTOMO BARU NO.18, GANG BUNTU","prelist","MEDAN PERJUANGAN","PANDAU HILIR","LINGKUNGAN 1","","","S. Aktivitas Jasa Lainnya","SBR"],
    ["88596","DUTA NUSANTARA RAYA","JL.PROF.H.M.YAMIN.SH NO.71 D/H NO.63, SIDODADI","prelist","MEDAN PERJUANGAN","SEI KERA HILIR II","LINGKUNGAN 2","","","G. Perdagangan Besar dan Eceran, Reparasi Mobil dan Sepeda Motor","SBR"],
    ["88604","PUTRA LANGKAT AGRO MANDIRI","JL SERAM","prelist","MEDAN PERJUANGAN","PANDAU HILIR","LINGKUNGAN 2","","","G. Perdagangan Besar dan Eceran, Reparasi Mobil dan Sepeda Motor","SBR"],
    ["88605","CAHAYA REZEKI MANDIRI","HM SAID NO 28 RT.0 RW.0, SIDORAME BARAT I","prelist","MEDAN PERJUANGAN","SIDORAME BARAT I","LINGKUNGAN 6","","","G. Perdagangan Besar dan Eceran, Reparasi Mobil dan Sepeda Motor","SBR"],
    ["88609","MITRA ABADI EKAPERSADA","JL.PROF.HM.YAMIN SH NO.268/360, SEI KERA HILIR I","prelist","MEDAN PERJUANGAN","SEI KERA HILIR II","LINGKUNGAN 1","","","G. Perdagangan Besar dan Eceran, Reparasi Mobil dan Sepeda Motor","SBR"],
    ["88641","INDAH JAYA ADIKARA TAMA","JL.HM SAID NO.17, PERINTIS","prelist","MEDAN PERJUANGAN","SIDORAME BARAT I","LINGKUNGAN 12","","","G. Perdagangan Besar dan Eceran, Reparasi Mobil dan Sepeda Motor","SBR"],
    ["88671","DENSIT","PELITA IV G.SEJAHTERA NO.2 RT.000 RW.000, SIDORAME BARAT II","prelist","MEDAN PERJUANGAN","SIDORAME BARAT II","LINGKUNGAN 9","","","G. Perdagangan Besar dan Eceran, Reparasi Mobil dan Sepeda Motor","SBR"],
    ["88710","RA UBUDIYAH","JL. PERMAI","prelist","MEDAN PERJUANGAN","SIDORAME TIMUR","LINGKUNGAN 13","","","P. Pendidikan","SBR"],
    ["88733","MENARA MAS","NANGGARJATI NO.15 RT.0 RW.0, SIDORAME TIMUR","prelist","MEDAN PERJUANGAN","SIDORAME TIMUR","LINGKUNGAN 7","","","G. Perdagangan Besar dan Eceran, Reparasi Mobil dan Sepeda Motor","SBR"],
    ["88753","KARYA BERSAMA","JL.PELITA IV GG PERTAMA NO.1, SIDORAME TIMUR","prelist","MEDAN PERJUANGAN","SIDORAME TIMUR","LINGKUNGAN 15","","","G. Perdagangan Besar dan Eceran, Reparasi Mobil dan Sepeda Motor","SBR"],
    ["88773","TUNGKIR BROTHERS PRATAMA","JL.PELITA IV NO.17, SIDORAME BARAT I","prelist","MEDAN PERJUANGAN","SIDORAME BARAT I","LINGKUNGAN 1","","","G. Perdagangan Besar dan Eceran, Reparasi Mobil dan Sepeda Motor","SBR"],
    ["88779","PERS SUARA NURANI","JL. PELITA IV GANG DAMAI","prelist","MEDAN PERJUANGAN","SIDORAME BARAT I","LINGKUNGAN 2","","","C. Industri Pengolahan","SBR"],
    ["88798","MEDAN VENEERMAS","JL.JAMBI NO.35, PANDAU HILIR","prelist","MEDAN PERJUANGAN","PANDAU HILIR","LINGKUNGAN 3","","","G. Perdagangan Besar dan Eceran, Reparasi Mobil dan Sepeda Motor","SBR"],
    ["88813","BETTY INDAH PERMAI","JL.RAKYAT GANG BLOK-A/79, SIDORAME TIMUR","prelist","MEDAN PERJUANGAN","SIDORAME TIMUR","LINGKUNGAN 12","","","G. Perdagangan Besar dan Eceran, Reparasi Mobil dan Sepeda Motor","SBR"],
    ["88851","TRI SEJATI LESTARI ABADI","JL.PROF.HM.YAMIN SH NO.21 G-H, PERINTIS","prelist","MEDAN PERJUANGAN","PAHLAWAN","LINGKUNGAN 15","","","G. Perdagangan Besar dan Eceran, Reparasi Mobil dan Sepeda Motor","SBR"],
    ["88874","USAHA PRATAMA SEJAHTERA","DWIKORA NO.16 RT.0 RW.0, TEGAL REJO","prelist","MEDAN PERJUANGAN","TEGAL REJO","LINGKUNGAN 13","","","G. Perdagangan Besar dan Eceran, Reparasi Mobil dan Sepeda Motor","SBR"],
    ["88905","PERKASA (PERMATA KARYA SENI ABADI)","JL.PELITA V GG JABAT NO.01, SIDORAME BARAT II","prelist","MEDAN PERJUANGAN","SIDORAME BARAT II","LINGKUNGAN 9","","","G. Perdagangan Besar dan Eceran, Reparasi Mobil dan Sepeda Motor","SBR"],
    ["88921","PANCA WARNA","JL PASAR III GG GARUDA NO 1 F","prelist","MEDAN PERJUANGAN","TEGAL REJO","LINGKUNGAN 14","","","G. Perdagangan Besar dan Eceran, Reparasi Mobil dan Sepeda Motor","SBR"],
    ["88950","NAGA PRINSSEN","JL.MAPILINDO NO.60/82, TEGAL REJO","prelist","MEDAN PERJUANGAN","TEGAL REJO","LINGKUNGAN 5","","","G. Perdagangan Besar dan Eceran, Reparasi Mobil dan Sepeda Motor","SBR"],
    ["88974","BENEFIT UTAMA","JL. PROF. H.M. YAMIN, SH NO. 271 CDE, SEI KERA HILIR II","prelist","MEDAN PERJUANGAN","SEI KERA HILIR II","LINGKUNGAN 10","","","G. Perdagangan Besar dan Eceran, Reparasi Mobil dan Sepeda Motor","SBR"],
    ["88985","BINA CITA BERSAMA","JL.PELITA VI GG.PEPAYA NO.33/5, SIDORAME BARAT I","prelist","MEDAN PERJUANGAN","SIDORAME BARAT I","LINGKUNGAN 3","","","G. Perdagangan Besar dan Eceran, Reparasi Mobil dan Sepeda Motor","SBR"],
    ["88990","TAMBISKI RAYA","JL.PIMPINAN NO.124 RT.000 RW.000, SEI KERA HILIR I","prelist","MEDAN PERJUANGAN","SEI KERA HILIR I","LINGKUNGAN 4","","","G. Perdagangan Besar dan Eceran, Reparasi Mobil dan Sepeda Motor","SBR"],
    ["89022","MARTUA JAYA","PELITA I NO 56 RT.0 RW.0, SIDORAME BARAT I","prelist","MEDAN PERJUANGAN","SIDORAME BARAT I","LINGKUNGAN 1","","","G. Perdagangan Besar dan Eceran, Reparasi Mobil dan Sepeda Motor","SBR"],
    ["89050","ARTA JAYA PERDANA","JL MADIO UTOMO GG BUNTU","prelist","MEDAN PERJUANGAN","TEGAL REJO","LINGKUNGAN 3","","","F. Konstruksi","SBR"],
    ["89051","BERKAT SEJAHTERA ABADI","JL MALAKA","prelist","MEDAN PERJUANGAN","PANDAU HILIR","LINGKUNGAN 9","","","G. Perdagangan Besar dan Eceran, Reparasi Mobil dan Sepeda Motor","SBR"],
    ["89063","GRAFER TUJUH TUJUH","JL. PROF HM YAMIN SH","prelist","MEDAN PERJUANGAN","SEI KERA HILIR II","LINGKUNGAN 8","","","G. Perdagangan Besar dan Eceran, Reparasi Mobil dan Sepeda Motor","SBR"],
    ["89086","KARYA AGUNG LINTAS BARAT","JL. PELITA IV NO 65, SIDORAME BARAT II","prelist","MEDAN PERJUANGAN","SIDORAME BARAT II","LINGKUNGAN 9","","","G. Perdagangan Besar dan Eceran, Reparasi Mobil dan Sepeda Motor","SBR"],
    ["89087","PUTRA PESONA WISATA","JL. HM YAMIN SH LK. I","prelist","MEDAN PERJUANGAN","PAHLAWAN","LINGKUNGAN 15","","","G. Perdagangan Besar dan Eceran, Reparasi Mobil dan Sepeda Motor","SBR"],
    ["89111","KREASI FAUNA INDAH","JL PASAR III","prelist","MEDAN PERJUANGAN","TEGAL REJO","LINGKUNGAN 11","","","C. Industri Pengolahan","SBR"],
    ["89119","ROBBY PESONA JAYA","JL.PELITA II NO.71/93, SIDORAME BARAT II","prelist","MEDAN PERJUANGAN","SIDORAME BARAT II","LINGKUNGAN 5","","","G. Perdagangan Besar dan Eceran, Reparasi Mobil dan Sepeda Motor","SBR"],
    ["89133","ALEXINDA LESTARI","MESJID TAUFIK NO.114 RT.0 RW.0, TEGAL REJO","prelist","MEDAN PERJUANGAN","TEGAL REJO","LINGKUNGAN 13","","","G. Perdagangan Besar dan Eceran, Reparasi Mobil dan Sepeda Motor","SBR"],
    ["89149","CENTRAL EXPRES","MABAR 52 RT.0 RW.0, PANDAU HILIR","prelist","MEDAN PERJUANGAN","PANDAU HILIR","LINGKUNGAN 9","","","G. Perdagangan Besar dan Eceran, Reparasi Mobil dan Sepeda Motor","SBR"],
    ["89170","AMANAH PEWARIS AKBAR","JL. PERMAI GG MESJID","prelist","MEDAN PERJUANGAN","SIDORAME TIMUR","LINGKUNGAN 15","","","G. Perdagangan Besar dan Eceran, Reparasi Mobil dan Sepeda Motor","SBR"],
    ["89179","VALINE TINA JAYA","JL.PERJUANGAN/KARYA BAKTI NO.6, SIDORAME TIMUR","prelist","MEDAN PERJUANGAN","SIDORAME TIMUR","LINGKUNGAN 7","","","F. Konstruksi","SBR"],
    ["89198","GEMILANG SAKTI","JL LUBUK KUDA","prelist","MEDAN PERJUANGAN","SEI KERA HULU","LINGKUNGAN 16","","","G. Perdagangan Besar dan Eceran, Reparasi Mobil dan Sepeda Motor","SBR"],
    ["89244","AD CREATIVE","JL.SEI KERA GG JAWA NO 42 RT. 0 RW. 00","prelist","MEDAN PERJUANGAN","SEI KERA HULU","LINGKUNGAN 11","","","G. Perdagangan Besar dan Eceran, Reparasi Mobil dan Sepeda Motor","SBR"],
    ["89250","AULIA JAYA","JL. PELITA VI BEO II","prelist","MEDAN PERJUANGAN","TEGAL REJO","LINGKUNGAN 2","","","F. Konstruksi","SBR"],
    ["89345","SAWIT LESTARI","JL.UMAR LK.10 NO.7, GLUGUR DARAT I","prelist","MEDAN PERJUANGAN","SEI KERA HILIR II","LINGKUNGAN 14","","","G. Perdagangan Besar dan Eceran, Reparasi Mobil dan Sepeda Motor","SBR"],
    ["89351","KIKI ANUGRAH","JL.PELITA IV NO.11-A, SIDORAME BARAT I","prelist","MEDAN PERJUANGAN","SIDORAME BARAT I","LINGKUNGAN 1","","","G. Perdagangan Besar dan Eceran, Reparasi Mobil dan Sepeda Motor","SBR"],
    ["89386","MERPATI PUTIH","JL.PROF HM YAMIN SH NO.310, SEI KERA HILIR II","prelist","MEDAN PERJUANGAN","SEI KERA HILIR II","LINGKUNGAN 1","","","G. Perdagangan Besar dan Eceran, Reparasi Mobil dan Sepeda Motor","SBR"],
    ["89403","CITRATANI HASILJAYA","JL.SUTOMO BARU NO.5, PANDAU HILIR","prelist","MEDAN PERJUANGAN","PANDAU HILIR","LINGKUNGAN 1","","","G. Perdagangan Besar dan Eceran, Reparasi Mobil dan Sepeda Motor","SBR"],
    ["89416","DABUAR MUTIARASAKTI","JL.KESATRIA NO.29, SEI KERA HILIR I","prelist","MEDAN PERJUANGAN","SEI KERA HILIR I","LINGKUNGAN 4","","","F. Konstruksi","SBR"],
    ["89419","INDO CASANO","JL.PASAR III KOMP SEHATI/INDAH 92-F, TEGAL REJO","prelist","MEDAN PERJUANGAN","TEGAL REJO","LINGKUNGAN 9","","","G. Perdagangan Besar dan Eceran, Reparasi Mobil dan Sepeda Motor","SBR"],
    ["89423","EME TAMBA TUA","SEHATI NO 146 RT.0 RW.0, TEGAL REJO","prelist","MEDAN PERJUANGAN","TEGAL REJO","LINGKUNGAN 4","","","G. Perdagangan Besar dan Eceran, Reparasi Mobil dan Sepeda Motor","SBR"],
    ["89454","SUMATERA AGUNG","JL.MESJID TAUFIK NO.53, TEGAL REJO","prelist","MEDAN PERJUANGAN","TEGAL REJO","LINGKUNGAN 6","","","G. Perdagangan Besar dan Eceran, Reparasi Mobil dan Sepeda Motor","SBR"],
    ["89544","ANGGITO ABADI","JL.SEHATI NO.131, TEGAL REJO","prelist","MEDAN PERJUANGAN","TEGAL REJO","LINGKUNGAN 8","","","J. Informasi dan Komunikasi","SBR"],
    ["89559","GEREJA TUHAN DI INDONESIA","BAMBU RUNCING NO 30 RT.0 RW.0, PAHLAWAN","prelist","MEDAN PERJUANGAN","PAHLAWAN","LINGKUNGAN 9","","","Q. Jasa Kesehatan dan Kegiatan Sosial","SBR"],
    ["89565","KERAMAT RAYA NUSANTARA","JALAN BADIK, NOMOR 6","prelist","MEDAN PERJUANGAN","PAHLAWAN","LINGKUNGAN 7","","","J. Informasi dan Komunikasi","SBR"],
    ["89570","JALAN RAYA","JL.RAKYAT GG.BLOK-A NO.5, SIDORAME BARAT I","prelist","MEDAN PERJUANGAN","TEGAL REJO","LINGKUNGAN 3","","","G. Perdagangan Besar dan Eceran, Reparasi Mobil dan Sepeda Motor","SBR"],
    ["89597","SUYANTO PRESTASI MOBILINDO","TAPANULI","prelist","MEDAN PERJUANGAN","PANDAU HILIR","LINGKUNGAN 6","","","G. Perdagangan Besar dan Eceran, Reparasi Mobil dan Sepeda Motor","SBR"],
    ["89634","SERDANG JAYA","JL.PROF HM YAMIN SH NO.468 RT.0 RW.0, SEI KERA HULU","prelist","MEDAN PERJUANGAN","SEI KERA HULU","LINGKUNGAN 9","","","G. Perdagangan Besar dan Eceran, Reparasi Mobil dan Sepeda Motor","SBR"],
    ["89691","BIMA SAKTI","JL.RAJA WALI-I NO.5, SIDORAME BARAT I","prelist","MEDAN PERJUANGAN","SIDORAME BARAT I","LINGKUNGAN 7","","","G. Perdagangan Besar dan Eceran, Reparasi Mobil dan Sepeda Motor","SBR"],
    ["89693","ELFINDO LANCAR CEMERLANG","KOMPLEK SERDANG MAS JL PROF HM YAMIN SH","prelist","MEDAN PERJUANGAN","SEI KERA HULU","LINGKUNGAN 5","","","G. Perdagangan Besar dan Eceran, Reparasi Mobil dan Sepeda Motor","SBR"],
    ["89723","MAMPU JAYA MANDIRI","KOMPLEK SERDANG MAS JL PROF HM YAMIN SH","prelist","MEDAN PERJUANGAN","SEI KERA HULU","LINGKUNGAN 5","","","G. Perdagangan Besar dan Eceran, Reparasi Mobil dan Sepeda Motor","SBR"],
    ["89732","KANAAN SUMATERA","JL PELITA IV GANG PERTAMA NO 3, SIDORAME TIMUR","prelist","MEDAN PERJUANGAN","SIDORAME TIMUR","LINGKUNGAN 15","","","P. Pendidikan","SBR"],
    ["89747","AZZAMY JAYA PERKASA","JL. PIMPINAN","prelist","MEDAN PERJUANGAN","SEI KERA HILIR I","LINGKUNGAN 11","","","G. Perdagangan Besar dan Eceran, Reparasi Mobil dan Sepeda Motor","SBR"],
    ["89753","FAYS BERSAUDARA","JL.SEI KERA NO.282 RT. 0 RW. 0, SEI KERA HULU","prelist","MEDAN PERJUANGAN","SEI KERA HULU","LINGKUNGAN 10","","","G. Perdagangan Besar dan Eceran, Reparasi Mobil dan Sepeda Motor","SBR"],
    ["89765","TUNGKIR TUNAS JAYA","JL.RAKYAT GANG BLOK-A NO.79, SIDORAME BARAT I","prelist","MEDAN PERJUANGAN","SIDORAME BARAT I","LINGKUNGAN 7","","","G. Perdagangan Besar dan Eceran, Reparasi Mobil dan Sepeda Motor","SBR"],
    ["89782","USAHA BARU","JL PELITA IV GG SEJAHTERA NO 02 LK VIII RT. 000 RW. 000","prelist","MEDAN PERJUANGAN","SIDORAME TIMUR","LINGKUNGAN 12","","","G. Perdagangan Besar dan Eceran, Reparasi Mobil dan Sepeda Motor","SBR"],
    ["89798","FEBRI","JL.PERMAI GANG AMAL NO.2 RT.000 RW.000, SIDORAME TIMUR","prelist","MEDAN PERJUANGAN","SIDORAME TIMUR","LINGKUNGAN 14","","","G. Perdagangan Besar dan Eceran, Reparasi Mobil dan Sepeda Motor","SBR"],
    ["89831","PIMPINAN ABDI JAYA","JL. PIMPINAN","prelist","MEDAN PERJUANGAN","SEI KERA HILIR I","LINGKUNGAN 11","","","G. Perdagangan Besar dan Eceran, Reparasi Mobil dan Sepeda Motor","SBR"],
    ["89868","YUDHA PRATAMA","JL GURILLA GANG MELATI","prelist","MEDAN PERJUANGAN","SEI KERA HILIR I","LINGKUNGAN 5","","","F. Konstruksi","SBR"],
    ["89875","DWIPA ABADI","JL.PELITA I GG POS NO.16, SIDORAME BARAT II","prelist","MEDAN PERJUANGAN","SIDORAME BARAT II","LINGKUNGAN 6","","","G. Perdagangan Besar dan Eceran, Reparasi Mobil dan Sepeda Motor","SBR"],
    ["89887","RODA RODA DINAMIK PERKASA","JL PROF HM YAMIN SH","prelist","MEDAN PERJUANGAN","SEI KERA HULU","LINGKUNGAN 3","","","S. Aktivitas Jasa Lainnya","SBR"],
    ["89894","GASA BINA USAHA","SEHATI G.BINTARA NO.1, TEGAL REJO","prelist","MEDAN PERJUANGAN","TEGAL REJO","LINGKUNGAN 13","","","G. Perdagangan Besar dan Eceran, Reparasi Mobil dan Sepeda Motor","SBR"],
    ["89900","REGENTZA MANDILY PUTRA","JL.MADONG LUBIS NO.19, PANDAU HILIR","prelist","MEDAN PERJUANGAN","PANDAU HILIR","LINGKUNGAN 8","","","G. Perdagangan Besar dan Eceran, Reparasi Mobil dan Sepeda Motor","SBR"],
    ["89907","EKA KUMALA","JL.BAMBU RUNCING NO.52, SEI KERA HILIR I","prelist","MEDAN PERJUANGAN","PAHLAWAN","LINGKUNGAN 17","","","S. Aktivitas Jasa Lainnya","SBR"],
    ["89932","MUDA KARYA ABADI","JL.PASAR III NO.70, TEGAL REJO","prelist","MEDAN PERJUANGAN","TEGAL REJO","LINGKUNGAN 9","","","G. Perdagangan Besar dan Eceran, Reparasi Mobil dan Sepeda Motor","SBR"],
    ["89941","TAMARA RAYA","JL.PAHLAWAN GG.GEMBIRA NO.17-A, SEI KERA HILIR I","prelist","MEDAN PERJUANGAN","SEI KERA HILIR I","LINGKUNGAN 11","","","G. Perdagangan Besar dan Eceran, Reparasi Mobil dan Sepeda Motor","SBR"],
    ["89953","KOKU OIL INDONESIA SEJAHTERA","PIMPINAN GG.SEKOLAH","prelist","MEDAN PERJUANGAN","SEI KERA HILIR I","LINGKUNGAN 11","","","G. Perdagangan Besar dan Eceran, Reparasi Mobil dan Sepeda Motor","SBR"],
    ["89956","NAZILA ABIL","JL.PROF.HM.YAMIN,SH GG.AREN NO.24 MEDAN, SEI KERA HULU","prelist","MEDAN PERJUANGAN","SEI KERA HULU","LINGKUNGAN 2","","","G. Perdagangan Besar dan Eceran, Reparasi Mobil dan Sepeda Motor","SBR"],
    ["89968","DINANTI JAYA","PROF HM YAMIN SH NO 405 RT.0 RW.00, SEI KERA HULU","prelist","MEDAN PERJUANGAN","SEI KERA HILIR I","LINGKUNGAN 1","","","S. Aktivitas Jasa Lainnya","SBR"],
    ["89987","MITRA AGRO HARAPAN MAKMUR","KOMPLEK SETIA JADI RESIDENCE JL SETIA BUDI","prelist","MEDAN PERJUANGAN","TEGAL REJO","LINGKUNGAN 15","","","S. Aktivitas Jasa Lainnya","SBR"],
    ["89999","MEKA JAYA TECHNIC","JL.SETIA JADI NO.11, TEGAL REJO","prelist","MEDAN PERJUANGAN","TEGAL REJO","LINGKUNGAN 15","","","G. Perdagangan Besar dan Eceran, Reparasi Mobil dan Sepeda Motor","SBR"],
    ["90002","ULOS TAPANULI TRAVEL","JALAN JAMBI NOMO 18 C","prelist","MEDAN PERJUANGAN","PANDAU HILIR","LINGKUNGAN 6","","","G. Perdagangan Besar dan Eceran, Reparasi Mobil dan Sepeda Motor","SBR"],
    ["90006","BENALSATON PERKASA","JL PROF HM YAMIN SH","prelist","MEDAN PERJUANGAN","SEI KERA HULU","LINGKUNGAN 3","","","G. Perdagangan Besar dan Eceran, Reparasi Mobil dan Sepeda Motor","SBR"],
    ["90010","YUDHA SAKTI PERKASA","JL.HM SAID NO.132-A, SIDORAME BARAT I","prelist","MEDAN PERJUANGAN","SIDORAME BARAT I","LINGKUNGAN 2","","","G. Perdagangan Besar dan Eceran, Reparasi Mobil dan Sepeda Motor","SBR"],
    ["90018","SUMURUNG MULIA AGUNG","JL.MAPILINDO NO.86, TEGAL REJO","prelist","MEDAN PERJUANGAN","TEGAL REJO","LINGKUNGAN 13","","","G. Perdagangan Besar dan Eceran, Reparasi Mobil dan Sepeda Motor","SBR"],
    ["90044","ERA DIGI CIPTA","JL. PROF. HM. YAMIN, SH NO. 520, MEDAN","prelist","MEDAN PERJUANGAN","PAHLAWAN","LINGKUNGAN 1","","","R. Kesenian, Hiburan, dan Rekreasi","SBR"],
    ["90052","CAHAYA SEJAHTERA NUSANTARA","JL TANJUNG TIRAM","prelist","MEDAN PERJUANGAN","PANDAU HILIR","LINGKUNGAN 8","","","S. Aktivitas Jasa Lainnya","SBR"],
    ["90120","REZEKI AYAHANDA","JL GURILLA","prelist","MEDAN PERJUANGAN","SEI KERA HILIR I","LINGKUNGAN 6","","","G. Perdagangan Besar dan Eceran, Reparasi Mobil dan Sepeda Motor","SBR"],
    ["90131","JAYA TERNAMA","JL.MARTINUS LUBIS NO.4-H, PANDAU HILIR","prelist","MEDAN PERJUANGAN","PANDAU HILIR","LINGKUNGAN 2","","","G. Perdagangan Besar dan Eceran, Reparasi Mobil dan Sepeda Motor","SBR"],
    ["90139","TRI PUTRA MANUNGGAL","JL.PELITA IV GG PELITA NO.1, SIDORAME TIMUR","prelist","MEDAN PERJUANGAN","SIDORAME TIMUR","LINGKUNGAN 15","","","G. Perdagangan Besar dan Eceran, Reparasi Mobil dan Sepeda Motor","SBR"],
    ["90150","BADAN PENGAWAS EXPORT-IMPORT INDONESIA BP-EII","JL. RAKYAT / PERMAI GG AMAL NO.1, SIDORAME TIMUR","prelist","MEDAN PERJUANGAN","SIDORAME TIMUR","LINGKUNGAN 12","","","S. Aktivitas Jasa Lainnya","SBR"],
    ["90196","JUTAJELITA LESTARIJAYA","JL.HM.YAMIN SH.NO.23-I, SIDODADI","prelist","MEDAN PERJUANGAN","PAHLAWAN","LINGKUNGAN 15","","","G. Perdagangan Besar dan Eceran, Reparasi Mobil dan Sepeda Motor","SBR"],
    ["90208","ADOS","JL.PELITA I NO.89 RT.000 RW.000, SIDORAME BARAT II","prelist","MEDAN PERJUANGAN","SIDORAME BARAT II","LINGKUNGAN 4","","","G. Perdagangan Besar dan Eceran, Reparasi Mobil dan Sepeda Motor","SBR"],
    ["90232","ANUGERAH MANDIRI","GURILLA NO.59 RT. 000 RW. 000","prelist","MEDAN PERJUANGAN","SEI KERA HILIR I","LINGKUNGAN 5","","","G. Perdagangan Besar dan Eceran, Reparasi Mobil dan Sepeda Motor","SBR"],
    ["90291","ELANGMAS SEMBADA","JL.AMBON NO.12, PANDAU HILIR","prelist","MEDAN PERJUANGAN","PANDAU HILIR","LINGKUNGAN 1","","","G. Perdagangan Besar dan Eceran, Reparasi Mobil dan Sepeda Motor","SBR"],
    ["90315","CILIWUNG","JL.RAKYAT GG.BLOK-A NO.5, SIDORAME BARAT I","prelist","MEDAN PERJUANGAN","TEGAL REJO","LINGKUNGAN 3","","","G. Perdagangan Besar dan Eceran, Reparasi Mobil dan Sepeda Motor","SBR"],
    ["90327","AKSARA JAYA BUANA","JL.PROF.HM.YAMIN SH NO.253-AB, SIDODADI","prelist","MEDAN PERJUANGAN","SEI KERA HILIR II","LINGKUNGAN 10","","","G. Perdagangan Besar dan Eceran, Reparasi Mobil dan Sepeda Motor","SBR"],
    ["90329","ANALIS","JL.PIMPINAN NO.63, PAHLAWAN","prelist","MEDAN PERJUANGAN","SEI KERA HILIR I","LINGKUNGAN 10","","","G. Perdagangan Besar dan Eceran, Reparasi Mobil dan Sepeda Motor","SBR"],
    ["90331","RISMA MENTARI","JL.RAKYAT NO.5, SIDORAME BARAT I","prelist","MEDAN PERJUANGAN","SIDORAME TIMUR","LINGKUNGAN 3","","","G. Perdagangan Besar dan Eceran, Reparasi Mobil dan Sepeda Motor","SBR"],
    ["90357","ANUGERAH NATAN JAYA","JL PELITA III","prelist","MEDAN PERJUANGAN","SIDORAME BARAT I","LINGKUNGAN 2","","","G. Perdagangan Besar dan Eceran, Reparasi Mobil dan Sepeda Motor","SBR"],
    ["90364","SINAR KEMENANGAN LESTARI","JL.PASAR III GG.KENANGA NO.16, TEGAL REJO","prelist","MEDAN PERJUANGAN","TEGAL REJO","LINGKUNGAN 9","","","G. Perdagangan Besar dan Eceran, Reparasi Mobil dan Sepeda Motor","SBR"],
    ["90386","HOTMA KEBAYA & DRESS MODE","JALAN MAPILINDO NO 84","prelist","MEDAN PERJUANGAN","TEGAL REJO","LINGKUNGAN 13","","","C. Industri Pengolahan","SBR"],
    ["90430","MITRA JAYA PERKASA BANGUNAN","JL. SUTOMO BARU NO. 81","prelist","MEDAN PERJUANGAN","PANDAU HILIR","LINGKUNGAN 1","","","G. Perdagangan Besar dan Eceran, Reparasi Mobil dan Sepeda Motor","SBR"],
    ["90438","BALAM AGRO PUSAKO","JL PASAR III KRAKATAU GG MERAK","prelist","MEDAN PERJUANGAN","TEGAL REJO","LINGKUNGAN 14","","","C. Industri Pengolahan","SBR"],
    ["90442","SUKSES PRIMA PERKASA","JL.AMBON NO.26-A, PANDAU HILIR","prelist","MEDAN PERJUANGAN","PANDAU HILIR","LINGKUNGAN 1","","","G. Perdagangan Besar dan Eceran, Reparasi Mobil dan Sepeda Motor","SBR"],
    ["90473","INDO WOOD MULIA GEMILANG","JL PENDIDIKAN PSR III C-06","prelist","MEDAN PERJUANGAN","TEGAL REJO","LINGKUNGAN 9","","","G. Perdagangan Besar dan Eceran, Reparasi Mobil dan Sepeda Motor","SBR"],
    ["90501","SUMATERA GUNA RAYA","JL.RAKYAT NO.17/67, SIDORAME TIMUR","prelist","MEDAN PERJUANGAN","SIDORAME TIMUR","LINGKUNGAN 7","","","G. Perdagangan Besar dan Eceran, Reparasi Mobil dan Sepeda Motor","SBR"],
    ["90511","NIASJAYA UTAMA","JL RAKYAT LORONG GEREJA","prelist","MEDAN PERJUANGAN","SIDORAME TIMUR","LINGKUNGAN 1","","","G. Perdagangan Besar dan Eceran, Reparasi Mobil dan Sepeda Motor","SBR"],
    ["90518","MITRA AGRO ADI PERKASA","KOMPLEK SETIA JADI RESIDENCE JL SETIA JADI","prelist","MEDAN PERJUANGAN","TEGAL REJO","LINGKUNGAN 15","","","H. Transportasi dan Pergudangan","SBR"],
    ["90567","BUDI ALAM JAYA","JL.SENTOSA GG.DOLLAH NO.27, SEI KERA HILIR I","prelist","MEDAN PERJUANGAN","SEI KERA HILIR I","LINGKUNGAN 4","","","G. Perdagangan Besar dan Eceran, Reparasi Mobil dan Sepeda Motor","SBR"],
    ["90589","RIJAVAN KARYA PERDANA","JL. GURILLA","prelist","MEDAN PERJUANGAN","SIDORAME TIMUR","LINGKUNGAN 4","","","G. Perdagangan Besar dan Eceran, Reparasi Mobil dan Sepeda Motor","SBR"],
    ["90637","LEMBAGA KURSUS DAN PELATIHAN LAMTABUR","JL PIMPINAN","prelist","MEDAN PERJUANGAN","SEI KERA HILIR I","LINGKUNGAN 11","","","P. Pendidikan","SBR"],
    ["90669","LEMBAGA HITAM PUTIH","PSR III KRAKATAU G.MERAK","prelist","MEDAN PERJUANGAN","TEGAL REJO","LINGKUNGAN 11","","","Q. Jasa Kesehatan dan Kegiatan Sosial","SBR"],
    ["90691","AMANAH KHAIRULUMMAT","JL.PROF.H.M.YAMIN.SH NO.502, SEI KERA HILIR I","prelist","MEDAN PERJUANGAN","PAHLAWAN","LINGKUNGAN 1","","","G. Perdagangan Besar dan Eceran, Reparasi Mobil dan Sepeda Motor","SBR"],
    ["90708","BONA BULU","JL.RAKYAT NO.189, TEGAL REJO","prelist","MEDAN PERJUANGAN","TEGAL REJO","LINGKUNGAN 11","","","G. Perdagangan Besar dan Eceran, Reparasi Mobil dan Sepeda Motor","SBR"],
    ["90720","FLORA SURYA LESTARI","JL PROF. HM. YAMIN III","prelist","MEDAN PERJUANGAN","PAHLAWAN","LINGKUNGAN 15","","","A. Pertanian, Kehutanan, dan Perikanan","SBR"],
    ["90787","MULTI PRIMASINDO","JL.BAMBU RUNCING NO.46, PAHLAWAN","prelist","MEDAN PERJUANGAN","PAHLAWAN","LINGKUNGAN 17","","","G. Perdagangan Besar dan Eceran, Reparasi Mobil dan Sepeda Motor","SBR"],
    ["90809","BALYAN","JL. MESJID TAUFIK","prelist","MEDAN PERJUANGAN","TEGAL REJO","LINGKUNGAN 7","","","G. Perdagangan Besar dan Eceran, Reparasi Mobil dan Sepeda Motor","SBR"],
    ["90822","YESTOKU","PANGLIMA NO.11 RT.00 RW.000, SEI KERA HILIR I","prelist","MEDAN PERJUANGAN","SEI KERA HILIR I","LINGKUNGAN 11","","","G. Perdagangan Besar dan Eceran, Reparasi Mobil dan Sepeda Motor","SBR"],
    ["90841","DELIMA MAS PERKASA","JL.PROF.HM.YAMIN SH NO.435/285, SEI KERA HILIR I","prelist","MEDAN PERJUANGAN","SEI KERA HILIR I","LINGKUNGAN 1","","","G. Perdagangan Besar dan Eceran, Reparasi Mobil dan Sepeda Motor","SBR"],
    ["90846","MESTIKA KARYA ABADI","JL.PELITA V NO.33, SIDORAME BARAT I","prelist","MEDAN PERJUANGAN","SIDORAME BARAT I","LINGKUNGAN 11","","","G. Perdagangan Besar dan Eceran, Reparasi Mobil dan Sepeda Motor","SBR"],
    ["90861","GALANG SUKA","PELITA VI GG ANGKASA NO 7 NO 7, SIDORAME BARAT II","prelist","MEDAN PERJUANGAN","TEGAL REJO","LINGKUNGAN 1","","","G. Perdagangan Besar dan Eceran, Reparasi Mobil dan Sepeda Motor","SBR"],
    ["90870","SURYA CITINDO UTAMA","JL.THAMRIN NO.17-C/89, PANDAU HILIR","prelist","MEDAN PERJUANGAN","PANDAU HILIR","LINGKUNGAN 4","","","G. Perdagangan Besar dan Eceran, Reparasi Mobil dan Sepeda Motor","SBR"],
    ["90884","SERDANG KENCANA","JL.IBRAHIM UMAR.GG.RAHMAT NO.1, SEI KERA HILIR I","prelist","MEDAN PERJUANGAN","SEI KERA HILIR I","LINGKUNGAN 8","","","F. Konstruksi","SBR"],
    ["90889","DHARMA ABADI","KOMPLEK SERDANG MAS JL PROF HM YAMIN SH","prelist","MEDAN PERJUANGAN","SEI KERA HULU","LINGKUNGAN 5","","","G. Perdagangan Besar dan Eceran, Reparasi Mobil dan Sepeda Motor","SBR"],
    ["90907","SUKSES NIAGA MANDIRI","PERMAI GG.SION NO.45/11-B RT.000 RW.000, SIDORAME TIMUR","prelist","MEDAN PERJUANGAN","SIDORAME TIMUR","LINGKUNGAN 14","","","G. Perdagangan Besar dan Eceran, Reparasi Mobil dan Sepeda Motor","SBR"],
    ["90915","BERDIKARI","JL.PASAR III NO.91, TEGAL REJO","prelist","MEDAN PERJUANGAN","TEGAL REJO","LINGKUNGAN 14","","","G. Perdagangan Besar dan Eceran, Reparasi Mobil dan Sepeda Motor","SBR"],
    ["90960","KARYA ABADI MANDIRI","JL. PERJUANGAN NO 57 RT. 0 RW. 00, SIDORAME TIMUR","prelist","MEDAN PERJUANGAN","SIDORAME TIMUR","LINGKUNGAN 9","","","G. Perdagangan Besar dan Eceran, Reparasi Mobil dan Sepeda Motor","SBR"],
    ["90999","MAJAGIAH ANUGERAH ARTA","JL PASAR III GANG DAHLIAH","prelist","MEDAN PERJUANGAN","TEGAL REJO","LINGKUNGAN 9","","","G. Perdagangan Besar dan Eceran, Reparasi Mobil dan Sepeda Motor","SBR"],
    ["91030","CITRA YUDA","PAHLAWAN GG.LUMUMBA NO.30 RT.000 RW.000, PAHLAWAN","prelist","MEDAN PERJUANGAN","PAHLAWAN","LINGKUNGAN 5","","","G. Perdagangan Besar dan Eceran, Reparasi Mobil dan Sepeda Motor","SBR"],
    ["91046","SINARPUSAKA UTAMINDOMAS","JL PROF HM YAMIN SH","prelist","MEDAN PERJUANGAN","PAHLAWAN","LINGKUNGAN 15","","","C. Industri Pengolahan","SBR"],
    ["91050","MASTERBAN BERKAT INDONESIA","JALAN PROF HM YAMIN SH NO 271B-C, 231A/175","prelist","MEDAN PERJUANGAN","SEI KERA HILIR II","LINGKUNGAN 10","","","G. Perdagangan Besar dan Eceran, Reparasi Mobil dan Sepeda Motor","SBR"],
    ["91059","IKA RAHMAT","JL. DOROWATI NO. 30., SIDORAME BARAT II","prelist","MEDAN PERJUANGAN","SIDORAME BARAT II","LINGKUNGAN 1","","","J. Informasi dan Komunikasi","SBR"],
    ["91061","HELLOINDO MEDIA","JL.MASJID TAUFIK GG. MANGGA NO.13-A, TEGAL REJO","prelist","MEDAN PERJUANGAN","TEGAL REJO","LINGKUNGAN 5","","","J. Informasi dan Komunikasi","SBR"],
    ["91063","IYAN JAYA","JL.PELITA VI NO.19, TEGAL REJO","prelist","MEDAN PERJUANGAN","TEGAL REJO","LINGKUNGAN 1","","","J. Informasi dan Komunikasi","SBR"],
    ["91071","AGRO NIAGA JAYA","KERIS NO.77/37 RT.000 RW.000, PAHLAWAN","prelist","MEDAN PERJUANGAN","PAHLAWAN","LINGKUNGAN 8","","","G. Perdagangan Besar dan Eceran, Reparasi Mobil dan Sepeda Motor","SBR"],
    ["91088","STONY AND ROCKY","JL.DR WAHIDIN NO.35-A, PAHLAWAN","prelist","MEDAN PERJUANGAN","PAHLAWAN","LINGKUNGAN 10","","","G. Perdagangan Besar dan Eceran, Reparasi Mobil dan Sepeda Motor","SBR"],
    ["91110","SUMATERA PERS","JL.PAHLAWAN NO.90, PAHLAWAN","prelist","MEDAN PERJUANGAN","PAHLAWAN","LINGKUNGAN 12","","","S. Aktivitas Jasa Lainnya","SBR"],
    ["91150","MITRA ANUGRAH SEJAHTERA","JL.PERKUTUT GG KARYA BAKTI LK.II NO.2 RT. 000 RW. 000","prelist","MEDAN PERJUANGAN","SIDORAME TIMUR","LINGKUNGAN 9","","","G. Perdagangan Besar dan Eceran, Reparasi Mobil dan Sepeda Motor","SBR"],
    ["91168","LAHUGA","PASAR III NO.158, TEGAL REJO","prelist","MEDAN PERJUANGAN","TEGAL REJO","LINGKUNGAN 8","","","G. Perdagangan Besar dan Eceran, Reparasi Mobil dan Sepeda Motor","SBR"],
    ["91170","KARYA MAKMUR","JL.SERAM NO.86-L, PANDAU HILIR","prelist","MEDAN PERJUANGAN","PANDAU HILIR","LINGKUNGAN 1","","","G. Perdagangan Besar dan Eceran, Reparasi Mobil dan Sepeda Motor","SBR"],
    ["91175","AL JAYA BERKAH","JL. PROF HM YAMIN SH GG LURAH","prelist","MEDAN PERJUANGAN","SEI KERA HILIR II","LINGKUNGAN 8","","","G. Perdagangan Besar dan Eceran, Reparasi Mobil dan Sepeda Motor","SBR"],
    ["91179","AMANAH","JL.HM.SAID NO.128, SIDORAME BARAT I","prelist","MEDAN PERJUANGAN","SIDORAME BARAT I","LINGKUNGAN 2","","","G. Perdagangan Besar dan Eceran, Reparasi Mobil dan Sepeda Motor","SBR"],
    ["91183","RANATA PRATAMA","MALAKA GG SAUDARA NO 38-B RT.0 RW.0, PANDAU HILIR","prelist","MEDAN PERJUANGAN","PANDAU HILIR","LINGKUNGAN 4","","","G. Perdagangan Besar dan Eceran, Reparasi Mobil dan Sepeda Motor","SBR"],
    ["91205","HIDAYAH","JL.DOROWATI NO.19, SIDORAME TIMUR","prelist","MEDAN PERJUANGAN","SIDORAME BARAT I","LINGKUNGAN 9","","","G. Perdagangan Besar dan Eceran, Reparasi Mobil dan Sepeda Motor","SBR"],
    ["91216","DELFI GUNA PERSADA","JL PELITA IV GG PRIBADI","prelist","MEDAN PERJUANGAN","SIDORAME BARAT II","LINGKUNGAN 9","","","G. Perdagangan Besar dan Eceran, Reparasi Mobil dan Sepeda Motor","SBR"],
    ["91226","RIS ROY","JL.MERAK NO.46-A, SEI KERA HILIR I","prelist","MEDAN PERJUANGAN","SEI KERA HILIR I","LINGKUNGAN 11","","","G. Perdagangan Besar dan Eceran, Reparasi Mobil dan Sepeda Motor","SBR"],
    ["91278","NAHYA KARYA","JL SENTOSA LAMA","prelist","MEDAN PERJUANGAN","SEI KERA HULU","LINGKUNGAN 20","","","G. Perdagangan Besar dan Eceran, Reparasi Mobil dan Sepeda Motor","SBR"],
    ["91301","ANGKUTAN BUMI SEMESTA","JL IBRAHIM UMAR","prelist","MEDAN PERJUANGAN","SEI KERA HILIR I","LINGKUNGAN 8","","","H. Transportasi dan Pergudangan","SBR"],
    ["91302","PERSADA INDONESIA","JL MALAKA LK IV","prelist","MEDAN PERJUANGAN","PANDAU HILIR","LINGKUNGAN 5","","","G. Perdagangan Besar dan Eceran, Reparasi Mobil dan Sepeda Motor","SBR"],
    ["91313","MANDAILING PUTRA SIULAK-ULAK","JL.H.M.YAMIN.SH NO.233-ABC, PAHLAWAN","prelist","MEDAN PERJUANGAN","PAHLAWAN","LINGKUNGAN 4","","","G. Perdagangan Besar dan Eceran, Reparasi Mobil dan Sepeda Motor","SBR"],
    ["91316","TRITURA 66","JL.PAHLAWAN GG.PERWIRA NO.22, PAHLAWAN","prelist","MEDAN PERJUANGAN","PAHLAWAN","LINGKUNGAN 16","","","G. Perdagangan Besar dan Eceran, Reparasi Mobil dan Sepeda Motor","SBR"],
    ["91319","GALANG PUTRA ANDALAN","JL.M.YAKOB GG.LANGGAR BATU NO.12, SEI KERA HILIR I","prelist","MEDAN PERJUANGAN","SEI KERA HILIR II","LINGKUNGAN 12","","","G. Perdagangan Besar dan Eceran, Reparasi Mobil dan Sepeda Motor","SBR"],
    ["91352","KARYAWAN YAS.MUSYAWARAH GURU-GURU AGAMA ISLAM MEDAN","JL.MADIO UTOMO/BEO I GG.KETAPANG NO.13, TEGAL REJO","prelist","MEDAN PERJUANGAN","TEGAL REJO","LINGKUNGAN 3","","","G. Perdagangan Besar dan Eceran, Reparasi Mobil dan Sepeda Motor","SBR"],
    ["91357","PANTJA LAMP","JL.SEJATI NO.19/43 MEDAN, SIDORAME BARAT I","prelist","MEDAN PERJUANGAN","SIDORAME BARAT I","LINGKUNGAN 9","","","G. Perdagangan Besar dan Eceran, Reparasi Mobil dan Sepeda Motor","SBR"],
    ["91360","PEMBINAAN MUALLAF SUMATERA UTARA","JL.PROF.HM.YAMIN.SH 372-B/510, SIDORAME BARAT I","prelist","MEDAN PERJUANGAN","SEI KERA HULU","LINGKUNGAN 3","","","Q. Jasa Kesehatan dan Kegiatan Sosial","SBR"],
    ["91363","PUTRI JAYA","JL.NANGGARJATI NO.1, SIDORAME TIMUR","prelist","MEDAN PERJUANGAN","SIDORAME TIMUR","LINGKUNGAN 4","","","G. Perdagangan Besar dan Eceran, Reparasi Mobil dan Sepeda Motor","SBR"],
    ["91391","DAMAR MITRA","JL.PASAR III NO.147-A, GLUGUR DARAT I","prelist","MEDAN PERJUANGAN","TEGAL REJO","LINGKUNGAN 11","","","F. Konstruksi","SBR"],
    ["91405","BINSAR INDO TANI","JL.PAHLAWAN NO.90, PAHLAWAN","prelist","MEDAN PERJUANGAN","PAHLAWAN","LINGKUNGAN 12","","","A. Pertanian, Kehutanan, dan Perikanan","SBR"],
    ["91423","HARI SUBUR & SONS","JL.THMARIN 20, SIDODADI","prelist","MEDAN PERJUANGAN","PANDAU HILIR","LINGKUNGAN 2","","","F. Konstruksi","SBR"],
    ["91441","HATI NURANI BANGSA","JL.SEHATI GG.BINTARA NO.1, TEGAL REJO","prelist","MEDAN PERJUANGAN","TEGAL REJO","LINGKUNGAN 13","","","Q. Jasa Kesehatan dan Kegiatan Sosial","SBR"],
    ["91447","TA-RAS","PELITA III","prelist","MEDAN PERJUANGAN","SIDORAME BARAT I","LINGKUNGAN 2","","","G. Perdagangan Besar dan Eceran, Reparasi Mobil dan Sepeda Motor","SBR"],
    ["91457","SYARLI NUSA BAKTI","JL.PERKASA NO.7, PAHLAWAN","prelist","MEDAN PERJUANGAN","PAHLAWAN","LINGKUNGAN 2","","","G. Perdagangan Besar dan Eceran, Reparasi Mobil dan Sepeda Motor","SBR"],
    ["91505","HARISMAN JAYA","JL.TAN MALAKA LK.VI NO.92/32, PANDAU HILIR","prelist","MEDAN PERJUANGAN","PANDAU HILIR","LINGKUNGAN 4","","","G. Perdagangan Besar dan Eceran, Reparasi Mobil dan Sepeda Motor","SBR"],
    ["91543","GANESHA","PIMPINAN NO.67, SEI KERA HILIR I","prelist","MEDAN PERJUANGAN","SEI KERA HILIR I","LINGKUNGAN 11","","","G. Perdagangan Besar dan Eceran, Reparasi Mobil dan Sepeda Motor","SBR"],
    ["91550","SARANA ULTRA NIAGA","JALAN MAPILINDO","prelist","MEDAN PERJUANGAN","TEGAL REJO","LINGKUNGAN 13","","","G. Perdagangan Besar dan Eceran, Reparasi Mobil dan Sepeda Motor","SBR"],
    ["91572","DANA GEDUNG NASIONAL MEDAN","JL.VETERAN/SUTOMO LK.I, PANDAU HILIR","prelist","MEDAN PERJUANGAN","PANDAU HILIR","LINGKUNGAN 1","","","G. Perdagangan Besar dan Eceran, Reparasi Mobil dan Sepeda Motor","SBR"],
    ["91579","TRIJASA UTAMA","JL.M.YACUB NO.41, SEI KERA HILIR I","prelist","MEDAN PERJUANGAN","SEI KERA HILIR I","LINGKUNGAN 4","","","G. Perdagangan Besar dan Eceran, Reparasi Mobil dan Sepeda Motor","SBR"],
    ["91581","PEMBERDAYAAN KREATIVITAS UMMAT INDONESIA","ASRAMA KONWILHAN I /JL.SEJATI H-9, SIDORAME BARAT I","prelist","MEDAN PERJUANGAN","SIDORAME BARAT I","LINGKUNGAN 9","","","Q. Jasa Kesehatan dan Kegiatan Sosial","SBR"],
    ["91584","TRANS ASFERINDO","JL.M.YACOB NO.170, SEI KERA HILIR I","prelist","MEDAN PERJUANGAN","SEI KERA HILIR I","LINGKUNGAN 11","","","G. Perdagangan Besar dan Eceran, Reparasi Mobil dan Sepeda Motor","SBR"],
    ["91587","MOGA TIMBUL AGUNG","JL.MESJID TAUFIQ GG.BINTARA NO.5, TEGAL REJO","prelist","MEDAN PERJUANGAN","TEGAL REJO","LINGKUNGAN 7","","","G. Perdagangan Besar dan Eceran, Reparasi Mobil dan Sepeda Motor","SBR"],
    ["91615","SARI USAHA LANGGENG","JL.LETTERPRES NO.16 LK.XII, P.BRAYAN DARAT I","prelist","MEDAN PERJUANGAN","SEI KERA HULU","LINGKUNGAN 2","","","F. Konstruksi","SBR"],
    ["91624","CITA-CITA SUKSES","JL.PROF.HM.YAMIN SH NO.211, SEI KERA HILIR II","prelist","MEDAN PERJUANGAN","SEI KERA HILIR II","LINGKUNGAN 8","","","G. Perdagangan Besar dan Eceran, Reparasi Mobil dan Sepeda Motor","SBR"],
    ["91632","KARYAWAN YAYASAN TAMAN HARAPAN MEDAN","JL.MAPILINDO NO.55, TEGAL REJO","prelist","MEDAN PERJUANGAN","TEGAL REJO","LINGKUNGAN 2","","","G. Perdagangan Besar dan Eceran, Reparasi Mobil dan Sepeda Motor","SBR"],
    ["91640","CITARUM","JL.PELITA-IV NO.17, SIDORAME BARAT I","prelist","MEDAN PERJUANGAN","SIDORAME BARAT I","LINGKUNGAN 1","","","G. Perdagangan Besar dan Eceran, Reparasi Mobil dan Sepeda Motor","SBR"],
    ["91680","TANJUNG PERKASA","JL.PROF.H.M.YAMIN SH GG.MANGGIS NO.4 RT.000 RW.000, SEI KERA HILIR II","prelist","MEDAN PERJUANGAN","SEI KERA HILIR II","LINGKUNGAN 11","","","G. Perdagangan Besar dan Eceran, Reparasi Mobil dan Sepeda Motor","SBR"],
    ["91688","AGRO BIO MULTI KARSA","JL.G.KRAKATAU NO.116-A, GLUGUR DARAT II","prelist","MEDAN PERJUANGAN","TEGAL REJO","LINGKUNGAN 11","","","G. Perdagangan Besar dan Eceran, Reparasi Mobil dan Sepeda Motor","SBR"],
    ["91718","REINATA","JL.KESATRIA BARAT NO.52, PAHLAWAN","prelist","MEDAN PERJUANGAN","PAHLAWAN","LINGKUNGAN 16","","","G. Perdagangan Besar dan Eceran, Reparasi Mobil dan Sepeda Motor","SBR"],
    ["91719","DWIMITRA KONSTRUKSI UTAMA","JL TANJUNG TIRAM","prelist","MEDAN PERJUANGAN","PANDAU HILIR","LINGKUNGAN 8","","","G. Perdagangan Besar dan Eceran, Reparasi Mobil dan Sepeda Motor","SBR"],
    ["91746","SERBA USAHA MEKAR JAYA","JL.PAHLAWAN GG.ANOM NO.15, PAHLAWAN","prelist","MEDAN PERJUANGAN","PAHLAWAN","LINGKUNGAN 3","","","G. Perdagangan Besar dan Eceran, Reparasi Mobil dan Sepeda Motor","SBR"],
    ["91755","LBH INSAN KEADILAN","JL.SERAM BARU NO.55, PANDAU HILIR","prelist","MEDAN PERJUANGAN","PANDAU HILIR","LINGKUNGAN 2","","","G. Perdagangan Besar dan Eceran, Reparasi Mobil dan Sepeda Motor","SBR"],
    ["91781","SATRIA JAYA","JL.RAJAWALI-I NO.55-A, SIDORAME BARAT I","prelist","MEDAN PERJUANGAN","SIDORAME BARAT I","LINGKUNGAN 7","","","G. Perdagangan Besar dan Eceran, Reparasi Mobil dan Sepeda Motor","SBR"],
    ["91806","BINTANG SEPAKAT","JL PELITA II","prelist","MEDAN PERJUANGAN","SIDORAME BARAT I","LINGKUNGAN 3","","","G. Perdagangan Besar dan Eceran, Reparasi Mobil dan Sepeda Motor","SBR"],
    ["91821","AL HADDAD MARKETING INDONESIA","JL. M YACUB GG. MANDOR SURO","prelist","MEDAN PERJUANGAN","SEI KERA HILIR II","LINGKUNGAN 14","","","G. Perdagangan Besar dan Eceran, Reparasi Mobil dan Sepeda Motor","SBR"],
    ["91838","KREASINDO MAKMUR","JL. SETIA JADI KOMP. KRAKATAU RESIDENCE","prelist","MEDAN PERJUANGAN","TEGAL REJO","LINGKUNGAN 10","","","G. Perdagangan Besar dan Eceran, Reparasi Mobil dan Sepeda Motor","SBR"],
    ["91857","ALAM UNGGUL","JL.PAHLAWAN GG.GEMBIRA NO.15, SEI KERA HILIR I","prelist","MEDAN PERJUANGAN","PAHLAWAN","LINGKUNGAN 2","","","G. Perdagangan Besar dan Eceran, Reparasi Mobil dan Sepeda Motor","SBR"],
    ["91859","PUSAT KOPERASI DAKWAH PROP.SUMUT","JL.PROF.HM.YAMIN SH NO.203, SEI KERA HILIR II","prelist","MEDAN PERJUANGAN","SEI KERA HILIR II","LINGKUNGAN 8","","","G. Perdagangan Besar dan Eceran, Reparasi Mobil dan Sepeda Motor","SBR"],
    ["91876","RIA","JL.PASAR III/BELIBIS KUMBANG NO.185, TEGAL REJO","prelist","MEDAN PERJUANGAN","TEGAL REJO","LINGKUNGAN 11","","","G. Perdagangan Besar dan Eceran, Reparasi Mobil dan Sepeda Motor","SBR"],
    ["91888","RIZANA","JL.M.YAKUB GG.ULUNG NO.17, PANDAU HILIR","prelist","MEDAN PERJUANGAN","SEI KERA HILIR II","LINGKUNGAN 5","","","G. Perdagangan Besar dan Eceran, Reparasi Mobil dan Sepeda Motor","SBR"],
    ["91889","TIMBUL MAROJAHAN","JL PERTEMUAN","prelist","MEDAN PERJUANGAN","SIDORAME TIMUR","LINGKUNGAN 5","","","G. Perdagangan Besar dan Eceran, Reparasi Mobil dan Sepeda Motor","SBR"],
    ["91909","TECHNO SAWITA","JL.PROF.H.M.YAMIN.SH NO.71 D/H NO.63, SEI KERA HILIR I","prelist","MEDAN PERJUANGAN","SEI KERA HILIR II","LINGKUNGAN 2","","","G. Perdagangan Besar dan Eceran, Reparasi Mobil dan Sepeda Motor","SBR"],
    ["91926","DELAPAN EMPAT","JL.PELITA III NO.18, SIDORAME BARAT I","prelist","MEDAN PERJUANGAN","SIDORAME BARAT I","LINGKUNGAN 2","","","G. Perdagangan Besar dan Eceran, Reparasi Mobil dan Sepeda Motor","SBR"],
    ["91985","SANRIKI CORPO","JLN.BAMBU-II DALAM NO.2-B, DURIAN","prelist","MEDAN PERJUANGAN","SIDORAME BARAT I","LINGKUNGAN 4","","","G. Perdagangan Besar dan Eceran, Reparasi Mobil dan Sepeda Motor","SBR"],
    ["91986","RIHFAL JAYAKAN NEGERI","PIMPINAN NO 9 RT.0 RW.0, SIDOREJO","prelist","MEDAN PERJUANGAN","SEI KERA HILIR I","LINGKUNGAN 9","","","G. Perdagangan Besar dan Eceran, Reparasi Mobil dan Sepeda Motor","SBR"],
    ["92012","TAMA MARVEL INDONESIA","JL.PENDIDIKAN NO.75, TEGAL REJO","prelist","MEDAN PERJUANGAN","TEGAL REJO","LINGKUNGAN 9","","","G. Perdagangan Besar dan Eceran, Reparasi Mobil dan Sepeda Motor","SBR"],
    ["92056","GITA LESTARI","M.TAUFIK G.KELUARGA NO.2 RT.000 RW.000, TEGAL REJO","prelist","MEDAN PERJUANGAN","TEGAL REJO","LINGKUNGAN 13","","","G. Perdagangan Besar dan Eceran, Reparasi Mobil dan Sepeda Motor","SBR"],
    ["92060","BUMI ASRI NUSA PERSADA","JL.RAKYAT N0.111-B, SIDORAME TIMUR","prelist","MEDAN PERJUANGAN","SIDORAME TIMUR","LINGKUNGAN 11","","","G. Perdagangan Besar dan Eceran, Reparasi Mobil dan Sepeda Motor","SBR"],
    ["92095","KARYA ABADI SEJAHTERA","JL MABAR NO 54","prelist","MEDAN PERJUANGAN","PANDAU HILIR","LINGKUNGAN 9","","","F. Konstruksi","SBR"],
    ["92098","SUKANINDA PERDANA","JL.SUMBA NO.3","prelist","MEDAN PERJUANGAN","PANDAU HILIR","LINGKUNGAN 2","","","F. Konstruksi","SBR"],
    ["92109","MASIATERA MEDAN","JL. SENTOSA BARU NO.9, SEI KERA HILIR I","prelist","MEDAN PERJUANGAN","SEI KERA HILIR II","LINGKUNGAN 11","","","G. Perdagangan Besar dan Eceran, Reparasi Mobil dan Sepeda Motor","SBR"],
    ["92111","BINA SUKSES ABADI","JL. SUTOMO","prelist","MEDAN PERJUANGAN","SIDORAME BARAT I","LINGKUNGAN 5","","","G. Perdagangan Besar dan Eceran, Reparasi Mobil dan Sepeda Motor","SBR"],
    ["92175","BENGAWAN SOLO","JL.RAKYAT NO.5, SIDORAME BARAT I","prelist","MEDAN PERJUANGAN","SIDORAME TIMUR","LINGKUNGAN 3","","","G. Perdagangan Besar dan Eceran, Reparasi Mobil dan Sepeda Motor","SBR"],
    ["92179","LOGAND CORPORATION","JL.PELITA II/PELIKAN NO.24, SIDORAME BARAT I","prelist","MEDAN PERJUANGAN","SIDORAME BARAT I","LINGKUNGAN 3","","","G. Perdagangan Besar dan Eceran, Reparasi Mobil dan Sepeda Motor","SBR"],
    ["92182","AMAS MULIA","JL.PERJUANGAN NO.80, SEI KERA HILIR I","prelist","MEDAN PERJUANGAN","SEI KERA HILIR I","LINGKUNGAN 11","","","G. Perdagangan Besar dan Eceran, Reparasi Mobil dan Sepeda Motor","SBR"],
    ["92196","ABDI PENERANGAN PEMBANGUNANINDONESIA","JL.PELITA IV GG.DAME NO.8, SIDORAME BARAT I","prelist","MEDAN PERJUANGAN","SIDORAME BARAT II","LINGKUNGAN 8","","","C. Industri Pengolahan","SBR"],
    ["92214","REDIAN UTAMA","JL.PROF.HM.YAMIN.SH NO.254, SEI KERA HILIR II","prelist","MEDAN PERJUANGAN","SEI KERA HILIR II","LINGKUNGAN 1","","","G. Perdagangan Besar dan Eceran, Reparasi Mobil dan Sepeda Motor","SBR"],
    ["92238","CINDY & TRANS","JL THAMRIN NO 24D","prelist","MEDAN PERJUANGAN","PANDAU HILIR","LINGKUNGAN 2","","","H. Transportasi dan Pergudangan","SBR"],
    ["92250","BANGKIT SEJAHTERA","JL PELITA II GG BONJOL LINGKUNGAN VI","prelist","MEDAN PERJUANGAN","SIDORAME BARAT II","LINGKUNGAN 6","","","G. Perdagangan Besar dan Eceran, Reparasi Mobil dan Sepeda Motor","SBR"],
    ["92275","TUNGGAL PERKASA","JL.PROF.HM.YAMIN SH NO.121, PANDAU HILIR","prelist","MEDAN PERJUANGAN","SEI KERA HILIR II","LINGKUNGAN 3","","","G. Perdagangan Besar dan Eceran, Reparasi Mobil dan Sepeda Motor","SBR"],
    ["92314","KARYAWAN BINA SANTRI INDONESIA/KBSI MEDAN","JL.PASAR III GG.KUTILANG NO.9, TEGAL REJO","prelist","MEDAN PERJUANGAN","TEGAL REJO","LINGKUNGAN 9","","","G. Perdagangan Besar dan Eceran, Reparasi Mobil dan Sepeda Motor","SBR"],
    ["92326","ANEKA MANDIRI","SENTOSA LAMA NO 9 RT. 0 RW. 00","prelist","MEDAN PERJUANGAN","SEI KERA HULU","LINGKUNGAN 21","","","G. Perdagangan Besar dan Eceran, Reparasi Mobil dan Sepeda Motor","SBR"],
    ["92346","DALI BERSAMA","JL PANGLIMA","prelist","MEDAN PERJUANGAN","SEI KERA HILIR I","LINGKUNGAN 1","","","G. Perdagangan Besar dan Eceran, Reparasi Mobil dan Sepeda Motor","SBR"],
    ["92358","SEJAHTERA ABADI","JL.PIMPINAN NO.38, SEI KERA HILIR I","prelist","MEDAN PERJUANGAN","SEI KERA HILIR I","LINGKUNGAN 6","","","G. Perdagangan Besar dan Eceran, Reparasi Mobil dan Sepeda Motor","SBR"],
    ["92374","LESTARI JAYA","JL.PAHLAWAN GG.GEMBIRA NO.15, SEI KERA HILIR I","prelist","MEDAN PERJUANGAN","PAHLAWAN","LINGKUNGAN 2","","","G. Perdagangan Besar dan Eceran, Reparasi Mobil dan Sepeda Motor","SBR"],
    ["92389","BERKAH BERSAMA TEKNIK","JL. PELITA IV GG WONDO","prelist","MEDAN PERJUANGAN","SIDORAME BARAT II","LINGKUNGAN 7","","","G. Perdagangan Besar dan Eceran, Reparasi Mobil dan Sepeda Motor","SBR"],
    ["92393","ELOKET SUKSES ABADI","JL PROF HM YAMIN SH","prelist","MEDAN PERJUANGAN","SEI KERA HILIR II","LINGKUNGAN 8","","","G. Perdagangan Besar dan Eceran, Reparasi Mobil dan Sepeda Motor","SBR"],
    ["92410","MITRA AGRO MADANI","JL PROF HM YAMIN SH","prelist","MEDAN PERJUANGAN","PAHLAWAN","LINGKUNGAN 15","","","G. Perdagangan Besar dan Eceran, Reparasi Mobil dan Sepeda Motor","SBR"],
    ["92418","GLOBALINDO SUMATRA BERLIAN","JL THAMRIN","prelist","MEDAN PERJUANGAN","PANDAU HILIR","LINGKUNGAN 4","","","G. Perdagangan Besar dan Eceran, Reparasi Mobil dan Sepeda Motor","SBR"],
    ["92436","CIPTA KARYA BERSAMA","JL PELITA II","prelist","MEDAN PERJUANGAN","SIDORAME BARAT II","LINGKUNGAN 5","","","G. Perdagangan Besar dan Eceran, Reparasi Mobil dan Sepeda Motor","SBR"],
    ["92466","ESSAS GLOBAL","JL.PROF.HM.YAMIN,SH NO.271-CDE, SEI KERA HILIR II","prelist","MEDAN PERJUANGAN","SEI KERA HILIR II","LINGKUNGAN 10","","","G. Perdagangan Besar dan Eceran, Reparasi Mobil dan Sepeda Motor","SBR"],
    ["92468","RIZKY ABADI JAYA","JL PELITA VI","prelist","MEDAN PERJUANGAN","TEGAL REJO","LINGKUNGAN 1","","","G. Perdagangan Besar dan Eceran, Reparasi Mobil dan Sepeda Motor","SBR"],
    ["92476","SUMBER KASIH","JL.THAMRIN NO.79, PANDAU HILIR","prelist","MEDAN PERJUANGAN","PANDAU HILIR","LINGKUNGAN 4","","","G. Perdagangan Besar dan Eceran, Reparasi Mobil dan Sepeda Motor","SBR"],
    ["92477","ASAHAN JAYA","JL.SUMBA NO.26, PANDAU HILIR","prelist","MEDAN PERJUANGAN","PANDAU HILIR","LINGKUNGAN 2","","","G. Perdagangan Besar dan Eceran, Reparasi Mobil dan Sepeda Motor","SBR"],
    ["92496","DITA INDO RAYA","JL.PAHLAWAN GG.ANOM NO.44, PAHLAWAN","prelist","MEDAN PERJUANGAN","PAHLAWAN","LINGKUNGAN 3","","","G. Perdagangan Besar dan Eceran, Reparasi Mobil dan Sepeda Motor","SBR"],
    ["92509","LEMBAGA PENDIDIKAN DAN PENGEMBANGAN NASIONAL (LPPN)","JL. SEHATI MADRASAH","prelist","MEDAN PERJUANGAN","TEGAL REJO","LINGKUNGAN 9","","","P. Pendidikan","SBR"],
    ["92552","METROTAMA","JL.PROF.HM.YAMIN SH NO.265-A, SEI KERA HILIR I","prelist","MEDAN PERJUANGAN","SEI KERA HILIR I","LINGKUNGAN 1","","","G. Perdagangan Besar dan Eceran, Reparasi Mobil dan Sepeda Motor","SBR"],
    ["92573","IKHSAN PERKASA ABADI","JL. TAUFIK GG LONTUNG","prelist","MEDAN PERJUANGAN","TEGAL REJO","LINGKUNGAN 7","","","G. Perdagangan Besar dan Eceran, Reparasi Mobil dan Sepeda Motor","SBR"],
    ["92574","PELITA NUSA","JL. MESJID TAUFIK GG PELITA B NO 6 RT. 0 RW. 0, TEGAL REJO","prelist","MEDAN PERJUANGAN","TEGAL REJO","LINGKUNGAN 7","","","G. Perdagangan Besar dan Eceran, Reparasi Mobil dan Sepeda Motor","SBR"],
    ["92580","MESTIKA PRATAMA","JL.SEI KERA NO.134-G, PANDAU HILIR","prelist","MEDAN PERJUANGAN","PANDAU HILIR","LINGKUNGAN 4","","","G. Perdagangan Besar dan Eceran, Reparasi Mobil dan Sepeda Motor","SBR"],
    ["92596","RYANSYATITA","JL.PROF.HM.YAMIN SH/M.YAKUB GG.WASLIYAH NO.14, SEI KERA HILIR II","prelist","MEDAN PERJUANGAN","SEI KERA HILIR I","LINGKUNGAN 1","","","F. Konstruksi","SBR"],
    ["92640","NUR HASAN","JL. PROF HM. YAMIN SH","prelist","MEDAN PERJUANGAN","SEI KERA HILIR II","LINGKUNGAN 8","","","G. Perdagangan Besar dan Eceran, Reparasi Mobil dan Sepeda Motor","SBR"],
    ["92647","HU LEE","JL.SERAM BARU NO.6, PANDAU HILIR","prelist","MEDAN PERJUANGAN","PANDAU HILIR","LINGKUNGAN 2","","","G. Perdagangan Besar dan Eceran, Reparasi Mobil dan Sepeda Motor","SBR"],
    ["92667","SAMUDRA DASA MANDIRI","JLN. H M SAID GANG PELAJAR NOMOR 23,","prelist","MEDAN PERJUANGAN","SIDORAME BARAT I","LINGKUNGAN 4","","","G. Perdagangan Besar dan Eceran, Reparasi Mobil dan Sepeda Motor","SBR"],
    ["92682","SINAR PANCURAN MAS","SEHATI NO.120 RT.0 RW.0, TEGAL REJO","prelist","MEDAN PERJUANGAN","TEGAL REJO","LINGKUNGAN 7","","","G. Perdagangan Besar dan Eceran, Reparasi Mobil dan Sepeda Motor","SBR"],
    ["92736","ARJUNA SUKSES ABADI","JL. RAKYAT NO. 126","prelist","MEDAN PERJUANGAN","TEGAL REJO","LINGKUNGAN 12","","","G. Perdagangan Besar dan Eceran, Reparasi Mobil dan Sepeda Motor","SBR"],
    ["92738","CAHAYA DUA NAGA","JL. PAHLAWAN GG. MAWAR","prelist","MEDAN PERJUANGAN","PAHLAWAN","LINGKUNGAN 15","","","G. Perdagangan Besar dan Eceran, Reparasi Mobil dan Sepeda Motor","SBR"],
    ["92777","AGRA RAJA PERKASA","PERJUANGAN-SILINDIT NO 21 RT.0 RW.0, SIDORAME TIMUR","prelist","MEDAN PERJUANGAN","SIDORAME TIMUR","LINGKUNGAN 9","","","G. Perdagangan Besar dan Eceran, Reparasi Mobil dan Sepeda Motor","SBR"],
    ["92806","KHAIKAL PRATAMA","ASRAMA TNI AD- JL. SEJATI, BLOK 3H1 RT.0 RW.0, SIDORAME BARAT I","prelist","MEDAN PERJUANGAN","SIDORAME BARAT I","LINGKUNGAN 7","","","G. Perdagangan Besar dan Eceran, Reparasi Mobil dan Sepeda Motor","SBR"],
    ["92811","TRANS JAYA SUMATERA","JL PARAPAT","prelist","MEDAN PERJUANGAN","PANDAU HILIR","LINGKUNGAN 6","","","H. Transportasi dan Pergudangan","SBR"],
    ["92815","SINAR SURYA","JL.M.TAUFIK GG.MATUR NO.4, TEGAL REJO","prelist","MEDAN PERJUANGAN","TEGAL REJO","LINGKUNGAN 6","","","G. Perdagangan Besar dan Eceran, Reparasi Mobil dan Sepeda Motor","SBR"],
    ["92828","RAIHAN","PELITA IV NO 29 RT.0 RW.0, SIDORAME BARAT I","prelist","MEDAN PERJUANGAN","SIDORAME BARAT I","LINGKUNGAN 1","","","G. Perdagangan Besar dan Eceran, Reparasi Mobil dan Sepeda Motor","SBR"],
    ["92833","AFANIN","GURILLA GG.H.DOLLAH NO.3 RT.0 RW.0, SEI KERA HILIR II","prelist","MEDAN PERJUANGAN","SEI KERA HILIR II","LINGKUNGAN 12","","","G. Perdagangan Besar dan Eceran, Reparasi Mobil dan Sepeda Motor","SBR"],
    ["92891","CUACA BAIK","JL.NANGGAR JATI NO.71, SIDORAME BARAT I","prelist","MEDAN PERJUANGAN","SIDORAME TIMUR","LINGKUNGAN 6","","","G. Perdagangan Besar dan Eceran, Reparasi Mobil dan Sepeda Motor","SBR"],
    ["92901","DEWI KURNIA MOTOR","HM YAMIN COMP SERDANG MAS BLK.B9 RT.0 RW.0, SEI KERA HULU","prelist","MEDAN PERJUANGAN","SEI KERA HULU","LINGKUNGAN 5","","","G. Perdagangan Besar dan Eceran, Reparasi Mobil dan Sepeda Motor","SBR"],
    ["92921","PUTRA JAYA","JL.RENCONG NO.40-B, SEI KERA HILIR I","prelist","MEDAN PERJUANGAN","SEI KERA HILIR I","LINGKUNGAN 4","","","G. Perdagangan Besar dan Eceran, Reparasi Mobil dan Sepeda Motor","SBR"],
    ["92984","KIKI ANUGERAH RASA","JL PELITA IV","prelist","MEDAN PERJUANGAN","SIDORAME BARAT I","LINGKUNGAN 1","","","I. Penyediaan Akomodasi dan Makan Minum","SBR"],
    ["92999","BERKAH SUMBER TARA","JALAN MALUKU NOMOR 3-5","prelist","MEDAN PERJUANGAN","PANDAU HILIR","LINGKUNGAN 3","","","G. Perdagangan Besar dan Eceran, Reparasi Mobil dan Sepeda Motor","SBR"],
    ["93005","SERIBU KARPET","PROF HM YAMIN SH","prelist","MEDAN PERJUANGAN","SEI KERA HILIR II","LINGKUNGAN 1","","","G. Perdagangan Besar dan Eceran, Reparasi Mobil dan Sepeda Motor","SBR"],
    ["93137","TIGA MARNALUM","JL.MESJID TAUFIK NO.154-A, TEGAL REJO","prelist","MEDAN PERJUANGAN","TEGAL REJO","LINGKUNGAN 12","","","G. Perdagangan Besar dan Eceran, Reparasi Mobil dan Sepeda Motor","SBR"],
    ["93139","RIYANTO BERKAT LESTARI","JL.DURIAN GG.MESJID NO.23, SIDORAME BARAT I","prelist","MEDAN PERJUANGAN","SIDORAME BARAT I","LINGKUNGAN 6","","","G. Perdagangan Besar dan Eceran, Reparasi Mobil dan Sepeda Motor","SBR"],
    ["93143","SURYA NIAGA BAHANA","JALAN. M. H. THAMRIN","prelist","MEDAN PERJUANGAN","PANDAU HILIR","LINGKUNGAN 4","","","G. Perdagangan Besar dan Eceran, Reparasi Mobil dan Sepeda Motor","SBR"],
    ["93158","ROLINA MEDAN","JL PELITA IV NO 79 RT. 000 RW. 000","prelist","MEDAN PERJUANGAN","SIDORAME BARAT II","LINGKUNGAN 9","","","P. Pendidikan","SBR"],
    ["93170","BERSAMA ORZORA SUKSES GADAI","JL. PROF. HM. YAMIN SH NO. 612","prelist","MEDAN PERJUANGAN","PAHLAWAN","LINGKUNGAN 15","","","K. Aktivitas Keuangan Dan Asuransi","SBR"],
    ["93200","DINAMIKA UTAMA","JL.SEHATI NO.43 RT. 0 RW. 0, TEGAL REJO","prelist","MEDAN PERJUANGAN","TEGAL REJO","LINGKUNGAN 9","","","G. Perdagangan Besar dan Eceran, Reparasi Mobil dan Sepeda Motor","SBR"],
    ["93202","MAJU JAYA TANI","JL.KERIS NO.6, PAHLAWAN","prelist","MEDAN PERJUANGAN","PAHLAWAN","LINGKUNGAN 8","","","G. Perdagangan Besar dan Eceran, Reparasi Mobil dan Sepeda Motor","SBR"],
    ["93209","RIDAGUL JAYA","JL.SETIA JADI GG.MAHONI NO.72, P.BRAYAN BENGKEL","prelist","MEDAN PERJUANGAN","TEGAL REJO","LINGKUNGAN 11","","","G. Perdagangan Besar dan Eceran, Reparasi Mobil dan Sepeda Motor","SBR"],
    ["93219","BERKAH JAYA HARVIAN","PERTEMUAN NO 40 RT.0 RW.0, SIDORAME TIMUR","prelist","MEDAN PERJUANGAN","SIDORAME TIMUR","LINGKUNGAN 10","","","G. Perdagangan Besar dan Eceran, Reparasi Mobil dan Sepeda Motor","SBR"],
    ["93243","MULTIWIRA KARYA","PELITA IV GG POS NO 89 RT.0 RW.0, SIDORAME BARAT I","prelist","MEDAN PERJUANGAN","SIDORAME BARAT I","LINGKUNGAN 1","","","G. Perdagangan Besar dan Eceran, Reparasi Mobil dan Sepeda Motor","SBR"],
    ["93260","LUNAS ABADI","JL. PAHLAWAN GG. MAWAR","prelist","MEDAN PERJUANGAN","PAHLAWAN","LINGKUNGAN 15","","","G. Perdagangan Besar dan Eceran, Reparasi Mobil dan Sepeda Motor","SBR"],
    ["93269","SURYA GRAHA MAKMUR PERKASA","JL HM SAID","prelist","MEDAN PERJUANGAN","SIDORAME BARAT I","LINGKUNGAN 4","","","G. Perdagangan Besar dan Eceran, Reparasi Mobil dan Sepeda Motor","SBR"],
    ["93305","KARYAWAN SWALAYAN AIDIL JAYA","JL.LEMBING NO.2/12, INDRA KASIH","prelist","MEDAN PERJUANGAN","PAHLAWAN","LINGKUNGAN 12","","","G. Perdagangan Besar dan Eceran, Reparasi Mobil dan Sepeda Motor","SBR"],
    ["93348","JAYA ABADI BERSAMA","JL PELITA IV NO 26, SIDORAME BARAT I","prelist","MEDAN PERJUANGAN","SIDORAME BARAT I","LINGKUNGAN 1","","","S. Aktivitas Jasa Lainnya","SBR"],
    ["93354","GAMA TRANS EKSPRES","JALAN PERKEBUNAN","prelist","MEDAN PERJUANGAN","TEGAL REJO","LINGKUNGAN 13","","","N. Jasa Persewaan, Ketenagakerjaan, Agen Perjalanan, dan Jasa Pendukung","SBR"],
    ["93374","KHALISHAH NAURA QEYSHA","PASAR III NO.177 RT.0 RW.0, TEGAL REJO","prelist","MEDAN PERJUANGAN","TEGAL REJO","LINGKUNGAN 13","","","G. Perdagangan Besar dan Eceran, Reparasi Mobil dan Sepeda Motor","SBR"],
    ["93385","KELUARGA SEJAHTERA","JL.TOMONG NO.45, SEI KERA HILIR I","prelist","MEDAN PERJUANGAN","SEI KERA HULU","LINGKUNGAN 19","","","G. Perdagangan Besar dan Eceran, Reparasi Mobil dan Sepeda Motor","SBR"],
    ["93386","ALPHAINDO","JL. DWIKORA","prelist","MEDAN PERJUANGAN","TEGAL REJO","LINGKUNGAN 2","","","G. Perdagangan Besar dan Eceran, Reparasi Mobil dan Sepeda Motor","SBR"],
    ["93391","CITRA AGUNG JAYA","JL.PAHLAWAN GG.ANOM 15-A/36-A, PAHLAWAN","prelist","MEDAN PERJUANGAN","PAHLAWAN","LINGKUNGAN 3","","","G. Perdagangan Besar dan Eceran, Reparasi Mobil dan Sepeda Motor","SBR"],
    ["93402","USAHA BERJAYA","PELIKAN NO.5 RT.0 RW.0, SIDORAME TIMUR","prelist","MEDAN PERJUANGAN","SIDORAME TIMUR","LINGKUNGAN 10","","","G. Perdagangan Besar dan Eceran, Reparasi Mobil dan Sepeda Motor","SBR"],
    ["93430","FAJARINDO PRATAMA WISATA","JL PROF H M YAMIN SH LINGKUNGAN I","prelist","MEDAN PERJUANGAN","PAHLAWAN","LINGKUNGAN 15","","","G. Perdagangan Besar dan Eceran, Reparasi Mobil dan Sepeda Motor","SBR"],
    ["93439","DUTA KARYA","JL.PELITA VI GG.WASPADA NO.01, SIDORAME BARAT II","prelist","MEDAN PERJUANGAN","TEGAL REJO","LINGKUNGAN 2","","","G. Perdagangan Besar dan Eceran, Reparasi Mobil dan Sepeda Motor","SBR"],
    ["93442","MULTI GRAHA","JL.RAJAWALI-I GG.BLOK-A NO.79, SIDORAME BARAT I","prelist","MEDAN PERJUANGAN","SIDORAME BARAT I","LINGKUNGAN 7","","","G. Perdagangan Besar dan Eceran, Reparasi Mobil dan Sepeda Motor","SBR"],
    ["93453","MAKMUR ABADI","JL.KARTO GG.PINCURAN TUJUH, SIDORAME TIMUR","prelist","MEDAN PERJUANGAN","SIDORAME TIMUR","LINGKUNGAN 10","","","G. Perdagangan Besar dan Eceran, Reparasi Mobil dan Sepeda Motor","SBR"],
    ["93454","OCEANTASENA","JL. PSR III","prelist","MEDAN PERJUANGAN","TEGAL REJO","LINGKUNGAN 11","","","G. Perdagangan Besar dan Eceran, Reparasi Mobil dan Sepeda Motor","SBR"],
    ["93484","MULTI RAYA ARTECH","JL PROF HM YAMIN SH","prelist","MEDAN PERJUANGAN","SEI KERA HULU","LINGKUNGAN 4","","","G. Perdagangan Besar dan Eceran, Reparasi Mobil dan Sepeda Motor","SBR"],
    ["93489","SUMBER ANDALAN TAMAS","JL.PROF.HM YAMIN SH NO.193, SEI KERA HILIR II","prelist","MEDAN PERJUANGAN","SEI KERA HILIR II","LINGKUNGAN 8","","","G. Perdagangan Besar dan Eceran, Reparasi Mobil dan Sepeda Motor","SBR"],
    ["93495","LINTAS LAUTANPERSADA","JL.PELITA II NO.36, SIDORAME BARAT I","prelist","MEDAN PERJUANGAN","SIDORAME BARAT I","LINGKUNGAN 3","","","G. Perdagangan Besar dan Eceran, Reparasi Mobil dan Sepeda Motor","SBR"],
    ["93525","PRIMA TETAP JAYA","JL.HOS COKROAMINOTO NO.117, PANDAU HILIR","prelist","MEDAN PERJUANGAN","PANDAU HILIR","LINGKUNGAN 7","","","G. Perdagangan Besar dan Eceran, Reparasi Mobil dan Sepeda Motor","SBR"],
    ["93540","HARAPAN NUSANTARA","JL.MADIO UTOMO BLOK-I NO.1, TEGAL REJO","prelist","MEDAN PERJUANGAN","TEGAL REJO","LINGKUNGAN 3","","","G. Perdagangan Besar dan Eceran, Reparasi Mobil dan Sepeda Motor","SBR"],
    ["93541","GOLDEN DRAGON TRADING COMPANY","JL.H.M YAMIN.SH NO.522, PAHLAWAN","prelist","MEDAN PERJUANGAN","PAHLAWAN","LINGKUNGAN 4","","","G. Perdagangan Besar dan Eceran, Reparasi Mobil dan Sepeda Motor","SBR"],
    ["93559","TRADA REZEKI MANDIRI","JALAN PIMPINAN GANG CEMPAKA NOMOR 9","prelist","MEDAN PERJUANGAN","SEI KERA HILIR I","LINGKUNGAN 6","","","C. Industri Pengolahan","SBR"],
    ["93573","PRIMA FORTUNA ABADI","JL PROF HM YAMIN, SH","prelist","MEDAN PERJUANGAN","SEI KERA HULU","LINGKUNGAN 4","","","G. Perdagangan Besar dan Eceran, Reparasi Mobil dan Sepeda Motor","SBR"],
    ["93586","ARI JAYA","JL.PELITA IV GANG AMAN NO 16 RT.000 RW.000, SIDORAME BARAT II","prelist","MEDAN PERJUANGAN","SIDORAME BARAT II","LINGKUNGAN 8","","","G. Perdagangan Besar dan Eceran, Reparasi Mobil dan Sepeda Motor","SBR"],
    ["93590","SUMATERA WIDYA KENCANA","JL.SEI KERA NO.192-A, PANDAU HILIR","prelist","MEDAN PERJUANGAN","PANDAU HILIR","LINGKUNGAN 5","","","G. Perdagangan Besar dan Eceran, Reparasi Mobil dan Sepeda Motor","SBR"],
    ["93607","PENDIDIKAN LUAR SEKOLAH (PLS)GRACIA","JL SEI KERA GG.HM SAID","prelist","MEDAN PERJUANGAN","SEI KERA HULU","LINGKUNGAN 4","","","S. Aktivitas Jasa Lainnya","SBR"],
    ["93618","ANGEL PERMATA SURYA","JL.HM.SAID NO.132 A MEDAN, SIDORAME BARAT I","prelist","MEDAN PERJUANGAN","SIDORAME BARAT I","LINGKUNGAN 2","","","G. Perdagangan Besar dan Eceran, Reparasi Mobil dan Sepeda Motor","SBR"],
    ["93621","KAWISAN ABADI","JL THAMRIN","prelist","MEDAN PERJUANGAN","PANDAU HILIR","LINGKUNGAN 3","","","G. Perdagangan Besar dan Eceran, Reparasi Mobil dan Sepeda Motor","SBR"],
    ["93646","FEQITALI UNIVERSAL","PELITA VI G.SEKOLAH NO.6 RT.000 RW.000, TEGAL REJO","prelist","MEDAN PERJUANGAN","TEGAL REJO","LINGKUNGAN 2","","","G. Perdagangan Besar dan Eceran, Reparasi Mobil dan Sepeda Motor","SBR"],
    ["93648","ARIYADI","JL.PROF HM YAMIN SH NO.103, SEI KERA HILIR II","prelist","MEDAN PERJUANGAN","SEI KERA HILIR II","LINGKUNGAN 3","","","G. Perdagangan Besar dan Eceran, Reparasi Mobil dan Sepeda Motor","SBR"],
    ["93669","BINTANG GEMILANG","JL.PROF HM YAMIN SH KOMP SERDANG MAS NO.C-1, SEI KERA HULU","prelist","MEDAN PERJUANGAN","SEI KERA HULU","LINGKUNGAN 12","","","G. Perdagangan Besar dan Eceran, Reparasi Mobil dan Sepeda Motor","SBR"],
    ["93698","CITA PERDANA NUGRAHA","JL.GAHARU GG.AMAT NO.7, GAHARU","prelist","MEDAN PERJUANGAN","SEI KERA HILIR II","LINGKUNGAN 4","","","G. Perdagangan Besar dan Eceran, Reparasi Mobil dan Sepeda Motor","SBR"],
    ["93741","ANGKOLA DAMAI JAYA","JL. PELITA I GG SAUDARA NO 7 RT. 0 RW. 0, SIDORAME BARAT I","prelist","MEDAN PERJUANGAN","SIDORAME BARAT II","LINGKUNGAN 4","","","G. Perdagangan Besar dan Eceran, Reparasi Mobil dan Sepeda Motor","SBR"],
    ["93745","TOBA SUKSES","JL. H.M YAMIN GG ISTIRAHAT","prelist","MEDAN PERJUANGAN","PAHLAWAN","LINGKUNGAN 1","","","G. Perdagangan Besar dan Eceran, Reparasi Mobil dan Sepeda Motor","SBR"],
    ["93755","CONSULECTRA INDONESIA","JL.PROF.HM.YAMIN SH NO.259/261, SEI KERA HILIR II","prelist","MEDAN PERJUANGAN","SEI KERA HILIR II","LINGKUNGAN 10","","","F. Konstruksi","SBR"],
    ["93762","BUKIT MANDIRI","PASAR III NO.68 RT.0 RW.0, TEGAL REJO","prelist","MEDAN PERJUANGAN","TEGAL REJO","LINGKUNGAN 9","","","G. Perdagangan Besar dan Eceran, Reparasi Mobil dan Sepeda Motor","SBR"],
    ["93777","NURISCO MITRA","JL.RAKYAT NO.105, SIDORAME TIMUR","prelist","MEDAN PERJUANGAN","SIDORAME TIMUR","LINGKUNGAN 15","","","G. Perdagangan Besar dan Eceran, Reparasi Mobil dan Sepeda Motor","SBR"],
    ["93789","NOVRIDA","JL.SENTOSA LAMA GG.PERWIRA NO.18, SEI KERA HULU","prelist","MEDAN PERJUANGAN","SEI KERA HULU","LINGKUNGAN 15","","","G. Perdagangan Besar dan Eceran, Reparasi Mobil dan Sepeda Motor","SBR"],
    ["93801","PICO GASINDO","JL.SIANTAR NO.6, PAHLAWAN","prelist","MEDAN PERJUANGAN","PANDAU HILIR","LINGKUNGAN 6","","","G. Perdagangan Besar dan Eceran, Reparasi Mobil dan Sepeda Motor","SBR"],
    ["93809","MASINDO JAYA PERKASA","JL.BENGKULU NO.30, PANDAU HILIR","prelist","MEDAN PERJUANGAN","PANDAU HILIR","LINGKUNGAN 5","","","G. Perdagangan Besar dan Eceran, Reparasi Mobil dan Sepeda Motor","SBR"],
    ["93810","RIZKI","JL.PERJUANGAN NO.76 LK.IX, SEI KERA HILIR I","prelist","MEDAN PERJUANGAN","SEI KERA HILIR I","LINGKUNGAN 11","","","G. Perdagangan Besar dan Eceran, Reparasi Mobil dan Sepeda Motor","SBR"],
    ["93812","BUANA CORPORATION","JL.PELITA NO.33, TEGAL REJO","prelist","MEDAN PERJUANGAN","TEGAL REJO","LINGKUNGAN 13","","","G. Perdagangan Besar dan Eceran, Reparasi Mobil dan Sepeda Motor","SBR"],
    ["93853","DEFNAS JAYA","JL.PELITA I NO.32, SIDORAME BARAT I","prelist","MEDAN PERJUANGAN","SIDORAME BARAT I","LINGKUNGAN 7","","","G. Perdagangan Besar dan Eceran, Reparasi Mobil dan Sepeda Motor","SBR"],
    ["93860","BRANDAN","JL PROF HM YAMIN SH GG H.SULAIMAN NO 2 LK IV RT. 000 RW. 000","prelist","MEDAN PERJUANGAN","SEI KERA HULU","LINGKUNGAN 15","","","G. Perdagangan Besar dan Eceran, Reparasi Mobil dan Sepeda Motor","SBR"],
    ["93864","ANDHIKA KENCANA","JL.PELITA II NO.86, SIDORAME BARAT I","prelist","MEDAN PERJUANGAN","SIDORAME BARAT II","LINGKUNGAN 4","","","G. Perdagangan Besar dan Eceran, Reparasi Mobil dan Sepeda Motor","SBR"],
    ["93901","ANGKASAPURI KONSURSINDO-PT. MITRA PERKASA JAYA.JO","JL.DOROWATI NO.42, SIDORAME BARAT II","prelist","MEDAN PERJUANGAN","SIDORAME BARAT II","LINGKUNGAN 1","","","G. Perdagangan Besar dan Eceran, Reparasi Mobil dan Sepeda Motor","SBR"],
    ["94009","TRI JAYA","SENTOSA LAMA GG.SANUN NO.9 RT.000 RW.000, SEI KERA HULU","prelist","MEDAN PERJUANGAN","SEI KERA HULU","LINGKUNGAN 15","","","G. Perdagangan Besar dan Eceran, Reparasi Mobil dan Sepeda Motor","SBR"],
    ["94020","PANEN SUKSES JAYA","KOMPLEK TAMAN PASAR III JL. PASAR III","prelist","MEDAN PERJUANGAN","TEGAL REJO","LINGKUNGAN 8","","","F. Konstruksi","SBR"],
    ["94026","SAHABAT MITRA PERSADA","JL. LUBUK KUDA","prelist","MEDAN PERJUANGAN","SEI KERA HULU","LINGKUNGAN 15","","","G. Perdagangan Besar dan Eceran, Reparasi Mobil dan Sepeda Motor","SBR"],
    ["94076","SENTRA CIPTA SARANA","JL PROF HM YAMIN SH GG LURAH NO 12 RT. 000 RW. 000","prelist","MEDAN PERJUANGAN","SEI KERA HULU","LINGKUNGAN 3","","","G. Perdagangan Besar dan Eceran, Reparasi Mobil dan Sepeda Motor","SBR"],
    ["94078","SARANA MULTI GUNA","JL.NGALENGKO NO.27, SIDORAME BARAT I","prelist","MEDAN PERJUANGAN","SIDORAME BARAT I","LINGKUNGAN 10","","","G. Perdagangan Besar dan Eceran, Reparasi Mobil dan Sepeda Motor","SBR"],
    ["94085","GARNINDO UTAMA","PAHLAWAN","prelist","MEDAN PERJUANGAN","PAHLAWAN","LINGKUNGAN 1","","","G. Perdagangan Besar dan Eceran, Reparasi Mobil dan Sepeda Motor","SBR"],
    ["94105","SUTAN PUTERBA","JL. PASAR 3","prelist","MEDAN PERJUANGAN","TEGAL REJO","LINGKUNGAN 11","","","G. Perdagangan Besar dan Eceran, Reparasi Mobil dan Sepeda Motor","SBR"],
    ["94107","SINERGI MITRA MAHARDIKA","JL M YAKUB","prelist","MEDAN PERJUANGAN","SEI KERA HILIR I","LINGKUNGAN 3","","","G. Perdagangan Besar dan Eceran, Reparasi Mobil dan Sepeda Motor","SBR"],
    ["94121","KURNIA BAHARI MANDIRI","JL.SERAM BARU NO.19, PANDAU HILIR","prelist","MEDAN PERJUANGAN","PANDAU HILIR","LINGKUNGAN 2","","","G. Perdagangan Besar dan Eceran, Reparasi Mobil dan Sepeda Motor","SBR"],
    ["94142","HASIL LAUT","JL.SETIAJADI NO.54-A, TEGAL REJO","prelist","MEDAN PERJUANGAN","TEGAL REJO","LINGKUNGAN 15","","","G. Perdagangan Besar dan Eceran, Reparasi Mobil dan Sepeda Motor","SBR"],
    ["94181","TANINDO PERKASA","JL.PELITA IV NO.16-B, SIDORAME BARAT I","prelist","MEDAN PERJUANGAN","SIDORAME BARAT I","LINGKUNGAN 1","","","G. Perdagangan Besar dan Eceran, Reparasi Mobil dan Sepeda Motor","SBR"],
    ["94184","JAYA PERSADA","JL. AMBON NO. 18/28, PANDAU HILIR","prelist","MEDAN PERJUANGAN","PANDAU HILIR","LINGKUNGAN 1","","","G. Perdagangan Besar dan Eceran, Reparasi Mobil dan Sepeda Motor","SBR"],
    ["94190","SAPTA BAHANA SEMESTA","JL.PERJUANGAN GG.TABAH NO.21 MEDAN, SEI KERA HILIR I","prelist","MEDAN PERJUANGAN","SEI KERA HILIR I","LINGKUNGAN 8","","","G. Perdagangan Besar dan Eceran, Reparasi Mobil dan Sepeda Motor","SBR"],
    ["94218","CIPTA PIRAMIDA SEJAHTERA","JL RAKYAT","prelist","MEDAN PERJUANGAN","TEGAL REJO","LINGKUNGAN 7","","","G. Perdagangan Besar dan Eceran, Reparasi Mobil dan Sepeda Motor","SBR"],
    ["94226","LITCOLIN JAYA","JL PELITA I GG PINANG","prelist","MEDAN PERJUANGAN","SIDORAME BARAT I","LINGKUNGAN 7","","","G. Perdagangan Besar dan Eceran, Reparasi Mobil dan Sepeda Motor","SBR"],
    ["94240","MITRA KAMTIBMAS","JL. PERJUANGAN NO.42, SIDORAME TIMUR","prelist","MEDAN PERJUANGAN","SIDORAME TIMUR","LINGKUNGAN 8","","","G. Perdagangan Besar dan Eceran, Reparasi Mobil dan Sepeda Motor","SBR"],
    ["94242","SALEM MANDIRI JAYA","JL.PELITA I NO.30 RT.000 RW.000, SIDORAME BARAT I","prelist","MEDAN PERJUANGAN","SIDORAME BARAT I","LINGKUNGAN 7","","","G. Perdagangan Besar dan Eceran, Reparasi Mobil dan Sepeda Motor","SBR"],
    ["94243","SURYA TETRA ENGINEERING","JL.FLORES LK.I NO.11, PANDAU HILIR","prelist","MEDAN PERJUANGAN","PANDAU HILIR","LINGKUNGAN 2","","","G. Perdagangan Besar dan Eceran, Reparasi Mobil dan Sepeda Motor","SBR"],
    ["94258","INDA KARYA","PERJUANGAN NO 1 RT.0 RW.0, SIDORAME TIMUR","prelist","MEDAN PERJUANGAN","SIDORAME TIMUR","LINGKUNGAN 10","","","G. Perdagangan Besar dan Eceran, Reparasi Mobil dan Sepeda Motor","SBR"],
    ["94280","ROYAL UTAMA MAKMUR","JL FLORES","prelist","MEDAN PERJUANGAN","PANDAU HILIR","LINGKUNGAN 2","","","G. Perdagangan Besar dan Eceran, Reparasi Mobil dan Sepeda Motor","SBR"],
    ["94314","SUMBER JAYA INSTRUMINDO","JL.RAKYAT GG.SAHATA NO.1, SIDORAME BARAT I","prelist","MEDAN PERJUANGAN","SIDORAME TIMUR","LINGKUNGAN 3","","","G. Perdagangan Besar dan Eceran, Reparasi Mobil dan Sepeda Motor","SBR"],
    ["94327","PREMIER INFRA SWAKARYA","JL MERANTI MAS","prelist","MEDAN PERJUANGAN","SIDORAME BARAT I","LINGKUNGAN 7","","","F. Konstruksi","SBR"],
    ["94376","LOTUS INDO PRATAMA","JL.GB.YOSUA NO.3-P/18, PANDAU HILIR","prelist","MEDAN PERJUANGAN","PANDAU HILIR","LINGKUNGAN 4","","","G. Perdagangan Besar dan Eceran, Reparasi Mobil dan Sepeda Motor","SBR"],
    ["94403","MITRA PUTRA PRATAMA","JL.PELITA VI GG.PEPAYA NO.33/5, SIDORAME BARAT I","prelist","MEDAN PERJUANGAN","TEGAL REJO","LINGKUNGAN 1","","","G. Perdagangan Besar dan Eceran, Reparasi Mobil dan Sepeda Motor","SBR"],
    ["94410","WONDERFUL WIRE & CABLE BERHAD","JL.MESJID TAUFIQ NO.77, TEGAL REJO","prelist","MEDAN PERJUANGAN","TEGAL REJO","LINGKUNGAN 7","","","G. Perdagangan Besar dan Eceran, Reparasi Mobil dan Sepeda Motor","SBR"],
    ["94411","SURINDO","JL. RAKYAT PASAR III GG. BALAM 2","prelist","MEDAN PERJUANGAN","TEGAL REJO","LINGKUNGAN 14","","","G. Perdagangan Besar dan Eceran, Reparasi Mobil dan Sepeda Motor","SBR"],
    ["94425","TRI SULA PERKASA","JL PROF HM YAMIN","prelist","MEDAN PERJUANGAN","SEI KERA HULU","LINGKUNGAN 3","","","C. Industri Pengolahan","SBR"],
    ["94426","ADI DHARMA SEJAHTERA KONSTRUKSI","JL SEI KERA NO 243","prelist","MEDAN PERJUANGAN","SEI KERA HULU","LINGKUNGAN 3","","","F. Konstruksi","SBR"],
    ["94430","RIZKI ANDITIA PRATAMA","PAHLAWAN GG.GEMBIRA NO.19 RT.0 RW.0, PAHLAWAN","prelist","MEDAN PERJUANGAN","PAHLAWAN","LINGKUNGAN 2","","","G. Perdagangan Besar dan Eceran, Reparasi Mobil dan Sepeda Motor","SBR"],
    ["94441","INSYS DARMAJAYA","JL.MABAR NO.27, SEI KERA HILIR II","prelist","MEDAN PERJUANGAN","SEI KERA HILIR II","LINGKUNGAN 1","","","G. Perdagangan Besar dan Eceran, Reparasi Mobil dan Sepeda Motor","SBR"],
    ["94448","BUKTI EMAS ABADI","JL.PELITA I NO.46A, SIDORAME BARAT II","prelist","MEDAN PERJUANGAN","SIDORAME BARAT II","LINGKUNGAN 5","","","G. Perdagangan Besar dan Eceran, Reparasi Mobil dan Sepeda Motor","SBR"],
    ["94483","PERKASA-TUWIE, JO","JL DOROWATI LINGKUNGAN I NO 42","prelist","MEDAN PERJUANGAN","SIDORAME BARAT II","LINGKUNGAN 6","","","G. Perdagangan Besar dan Eceran, Reparasi Mobil dan Sepeda Motor","SBR"],
    ["94490","HIJRAH","JL.PROF.H.M.YAMIN.SH NO.224, PAHLAWAN","prelist","MEDAN PERJUANGAN","PAHLAWAN","LINGKUNGAN 1","","","G. Perdagangan Besar dan Eceran, Reparasi Mobil dan Sepeda Motor","SBR"],
    ["94494","MITRA JAYA TEGUH ABADI","JL MALAKA","prelist","MEDAN PERJUANGAN","PANDAU HILIR","LINGKUNGAN 5","","","G. Perdagangan Besar dan Eceran, Reparasi Mobil dan Sepeda Motor","SBR"],
    ["94498","ARTHA LOIDE","JL PELITA II","prelist","MEDAN PERJUANGAN","SIDORAME BARAT II","LINGKUNGAN 5","","","G. Perdagangan Besar dan Eceran, Reparasi Mobil dan Sepeda Motor","SBR"],
    ["94516","OLSANI","JL IBRAHIM UMAR","prelist","MEDAN PERJUANGAN","SEI KERA HILIR II","LINGKUNGAN 14","","","G. Perdagangan Besar dan Eceran, Reparasi Mobil dan Sepeda Motor","SBR"],
    ["94523","TEGUH KARYA ENGINEERING","JL. PELITA IV GG. DAME","prelist","MEDAN PERJUANGAN","SIDORAME BARAT II","LINGKUNGAN 8","","","G. Perdagangan Besar dan Eceran, Reparasi Mobil dan Sepeda Motor","SBR"],
    ["94533","AGSA JAYA","JL.DWIKORA NO.9 MEDAN, TEGAL REJO","prelist","MEDAN PERJUANGAN","TEGAL REJO","LINGKUNGAN 2","","","G. Perdagangan Besar dan Eceran, Reparasi Mobil dan Sepeda Motor","SBR"],
    ["94537","MAKMUR JAYA CEMERLANG","KOMPLEK SERDANG MAS JL PROF HM YAMIN SH","prelist","MEDAN PERJUANGAN","SEI KERA HULU","LINGKUNGAN 5","","","G. Perdagangan Besar dan Eceran, Reparasi Mobil dan Sepeda Motor","SBR"],
    ["94539","SUMBER REJEKI ABADI","JL. LETKOL MARTINUS LUBIS LK. II","prelist","MEDAN PERJUANGAN","PANDAU HILIR","LINGKUNGAN 1","","","G. Perdagangan Besar dan Eceran, Reparasi Mobil dan Sepeda Motor","SBR"],
    ["94546","SABAM SURYA SAKTI","JL.HOS.COKROAMINOTO NO.3, PANDAU HILIR","prelist","MEDAN PERJUANGAN","PANDAU HILIR","LINGKUNGAN 3","","","G. Perdagangan Besar dan Eceran, Reparasi Mobil dan Sepeda Motor","SBR"],
    ["94554","MEGAH KREASINDO MAKMUR","JL. SEI KERA","prelist","MEDAN PERJUANGAN","PANDAU HILIR","LINGKUNGAN 8","","","C. Industri Pengolahan","SBR"],
    ["94574","CV.GLOBAL ANUGRAH SUKSES SEJAHTERA","PELITA II","prelist","MEDAN PERJUANGAN","SIDORAME BARAT II","LINGKUNGAN 5","","","F. Konstruksi","SBR"],
    ["94589","SURYA MANDIRI","JL.HM SAID GG.DEMOKRAT NO.7, SIDORAME BARAT I","prelist","MEDAN PERJUANGAN","SIDORAME BARAT I","LINGKUNGAN 4","","","G. Perdagangan Besar dan Eceran, Reparasi Mobil dan Sepeda Motor","SBR"],
    ["94591","META","JL.SAKTI NO.5/4 MEDAN, PAHLAWAN","prelist","MEDAN PERJUANGAN","PAHLAWAN","LINGKUNGAN 4","","","G. Perdagangan Besar dan Eceran, Reparasi Mobil dan Sepeda Motor","SBR"],
    ["94612","HERDYA","JL.DURIAN LK.II, PERINTIS","prelist","MEDAN PERJUANGAN","SIDORAME BARAT I","LINGKUNGAN 3","","","G. Perdagangan Besar dan Eceran, Reparasi Mobil dan Sepeda Motor","SBR"],
    ["94637","ANDRY CORPORATION","JL. PIMPINAN NO. 24, SEI KERA HILIR I","prelist","MEDAN PERJUANGAN","SEI KERA HILIR I","LINGKUNGAN 6","","","G. Perdagangan Besar dan Eceran, Reparasi Mobil dan Sepeda Motor","SBR"],
    ["94666","FATRA GRAHA","JL.PROF.HM.YAMIN SH. NO.270-C, SEI KERA HILIR I","prelist","MEDAN PERJUANGAN","SEI KERA HILIR I","LINGKUNGAN 11","","","G. Perdagangan Besar dan Eceran, Reparasi Mobil dan Sepeda Motor","SBR"],
    ["94706","NABASHA JAYA","JL.PELITA II NO.81, SIDORAME BARAT II","prelist","MEDAN PERJUANGAN","SIDORAME BARAT II","LINGKUNGAN 7","","","G. Perdagangan Besar dan Eceran, Reparasi Mobil dan Sepeda Motor","SBR"],
    ["94719","SURYAGAS CHEMICALAGUNG","JL.THAMRIN NO.60/36-C, PAHLAWAN","prelist","MEDAN PERJUANGAN","PANDAU HILIR","LINGKUNGAN 2","","","G. Perdagangan Besar dan Eceran, Reparasi Mobil dan Sepeda Motor","SBR"],
    ["94730","INNOCENT","JL. MESJID TAUFIK GG LANGGAR","prelist","MEDAN PERJUANGAN","TEGAL REJO","LINGKUNGAN 4","","","G. Perdagangan Besar dan Eceran, Reparasi Mobil dan Sepeda Motor","SBR"],
    ["94735","MONTECARLO CEMERLANG","JL THAMRIN","prelist","MEDAN PERJUANGAN","PANDAU HILIR","LINGKUNGAN 4","","","I. Penyediaan Akomodasi dan Makan Minum","SBR"],
    ["94778","SINAR ANUGRAH JAYA","JL. SETIA JADI GG. SEDERHANA","prelist","MEDAN PERJUANGAN","TEGAL REJO","LINGKUNGAN 15","","","G. Perdagangan Besar dan Eceran, Reparasi Mobil dan Sepeda Motor","SBR"],
    ["94809","TRIJAYA ANUGRAH LESTARI","SUTOMO NO.27-G RT.0 RW.0, PANDAU HILIR","prelist","MEDAN PERJUANGAN","PANDAU HILIR","LINGKUNGAN 2","","","G. Perdagangan Besar dan Eceran, Reparasi Mobil dan Sepeda Motor","SBR"],
    ["94826","ROTUA LESTARI","JL.M.YAKUB GG.TERUNA NO.9, SEI KERA HILIR I","prelist","MEDAN PERJUANGAN","SEI KERA HILIR I","LINGKUNGAN 2","","","G. Perdagangan Besar dan Eceran, Reparasi Mobil dan Sepeda Motor","SBR"],
    ["94829","MAJU JAYA","JL.BATU PUTIH NO.29 MEDAN, PAHLAWAN","prelist","MEDAN PERJUANGAN","PAHLAWAN","LINGKUNGAN 2","","","G. Perdagangan Besar dan Eceran, Reparasi Mobil dan Sepeda Motor","SBR"],
    ["94834","MUTIARA SARI","JL.JAMBI NO.5, SIDODADI","prelist","MEDAN PERJUANGAN","PANDAU HILIR","LINGKUNGAN 4","","","C. Industri Pengolahan","SBR"],
    ["94838","UD. SAWIT KARYA BERSINAR","PELITA IV","prelist","MEDAN PERJUANGAN","SIDORAME BARAT II","LINGKUNGAN 9","","","G. Perdagangan Besar dan Eceran, Reparasi Mobil dan Sepeda Motor","SBR"],
    ["94850","KARUNIA JAYA","JL.PROF.HM.YAMIN SH NO.522, PAHLAWAN","prelist","MEDAN PERJUANGAN","PAHLAWAN","LINGKUNGAN 1","","","G. Perdagangan Besar dan Eceran, Reparasi Mobil dan Sepeda Motor","SBR"],
    ["94859","MANAJEMEN DAN BISNIS (SIGMA)","JL.UMAR GG.DJOYODIHARJO NO.59-A, GLUGUR DARAT I","prelist","MEDAN PERJUANGAN","SEI KERA HILIR II","LINGKUNGAN 14","","","M. Jasa Profesional, Ilmiah, dan Teknis","SBR"],
    ["94865","CINORTA BINTANG WISATA","JL. PROF HM YAMIN LK. I","prelist","MEDAN PERJUANGAN","PAHLAWAN","LINGKUNGAN 15","","","G. Perdagangan Besar dan Eceran, Reparasi Mobil dan Sepeda Motor","SBR"],
    ["94961","HATOIKARU","JL.SEHATI GG.MELUR NO.11-A, TEGAL REJO","prelist","MEDAN PERJUANGAN","TEGAL REJO","LINGKUNGAN 9","","","G. Perdagangan Besar dan Eceran, Reparasi Mobil dan Sepeda Motor","SBR"],
    ["94965","GEMA SUKMA","JL. RAKYAT NO.111-B, SIDORAME TIMUR","prelist","MEDAN PERJUANGAN","SIDORAME TIMUR","LINGKUNGAN 15","","","G. Perdagangan Besar dan Eceran, Reparasi Mobil dan Sepeda Motor","SBR"],
    ["94990","ASEAN MITRA BERKAH BAHARI","JL.PROF.H.M.YAMIN S.H. I/9 LK.II, PERINTIS","prelist","MEDAN PERJUANGAN","SEI KERA HILIR II","LINGKUNGAN 2","","","G. Perdagangan Besar dan Eceran, Reparasi Mobil dan Sepeda Motor","SBR"],
    ["95031","FIR HANI","PELITA IV GG DAME NO 08 RT.0 RW.00, SIDORAME BARAT II","prelist","MEDAN PERJUANGAN","SIDORAME BARAT II","LINGKUNGAN 8","","","G. Perdagangan Besar dan Eceran, Reparasi Mobil dan Sepeda Motor","SBR"],
    ["95040","MEGAH INDAH TIARA BUANA","JL.PROF.HM.YAMIN.SH NO.231-A, SEI KERA HILIR I","prelist","MEDAN PERJUANGAN","SEI KERA HILIR I","LINGKUNGAN 1","","","G. Perdagangan Besar dan Eceran, Reparasi Mobil dan Sepeda Motor","SBR"],
    ["95055","SARANA PUBLIKA PUSTAKA","MESJID TAUFIQ GG KENARI NO 7 RT.0 RW.0, TEGAL REJO","prelist","MEDAN PERJUANGAN","TEGAL REJO","LINGKUNGAN 13","","","G. Perdagangan Besar dan Eceran, Reparasi Mobil dan Sepeda Motor","SBR"],
    ["95064","SUCI LESTARI INDAH","JL.PELITA GG.SEKOLAH NO.06, TEGAL REJO","prelist","MEDAN PERJUANGAN","TEGAL REJO","LINGKUNGAN 2","","","G. Perdagangan Besar dan Eceran, Reparasi Mobil dan Sepeda Motor","SBR"],
    ["95065","ANDALAS","JL.PROF.HM.YAMIN,SH GG.KITAB NO.30 MEDAN, SEI KERA HILIR II","prelist","MEDAN PERJUANGAN","SEI KERA HILIR II","LINGKUNGAN 2","","","G. Perdagangan Besar dan Eceran, Reparasi Mobil dan Sepeda Motor","SBR"],
    ["95078","KARYA ADYBEN","JL.TELUK BETUNG NO.14, PANDAU HILIR","prelist","MEDAN PERJUANGAN","PANDAU HILIR","LINGKUNGAN 5","","","G. Perdagangan Besar dan Eceran, Reparasi Mobil dan Sepeda Motor","SBR"],
    ["95133","WISATA INDONESIA","JL.PELITA IV GG.POS III NO.8, SIDORAME BARAT I","prelist","MEDAN PERJUANGAN","SIDORAME BARAT II","LINGKUNGAN 8","","","C. Industri Pengolahan","SBR"],
    ["95134","BARATAMA ANUGERAH SENTOSA","JL. PASAR III","prelist","MEDAN PERJUANGAN","TEGAL REJO","LINGKUNGAN 9","","","H. Transportasi dan Pergudangan","SBR"],
    ["95148","RAJASARANA BERKAH NUSANTARA","JL SETIA JADI","prelist","MEDAN PERJUANGAN","TEGAL REJO","LINGKUNGAN 15","","","G. Perdagangan Besar dan Eceran, Reparasi Mobil dan Sepeda Motor","SBR"],
    ["95154","MEGA INDO PERKASA","JL PROF HM YAMIN SH LT. II","prelist","MEDAN PERJUANGAN","PAHLAWAN","LINGKUNGAN 15","","","G. Perdagangan Besar dan Eceran, Reparasi Mobil dan Sepeda Motor","SBR"],
    ["95169","PENDIDIKAN MALEMBRUGIN","RAKYAT NO 140 RT.0 RW.000, TEGAL REJO","prelist","MEDAN PERJUANGAN","TEGAL REJO","LINGKUNGAN 13","","","P. Pendidikan","SBR"],
    ["95247","MULIA SEJAHTERA","JL. SERAM NO. 42 RT.0 RW.0, PANDAU HILIR","prelist","MEDAN PERJUANGAN","PANDAU HILIR","LINGKUNGAN 1","","","G. Perdagangan Besar dan Eceran, Reparasi Mobil dan Sepeda Motor","SBR"],
    ["95250","MITRA MANDIRI UTAMA","JL.SETIA JADI GG.GARUDA NO.7 RT.000 RW.000, GLUGUR DARAT I","prelist","MEDAN PERJUANGAN","TEGAL REJO","LINGKUNGAN 14","","","G. Perdagangan Besar dan Eceran, Reparasi Mobil dan Sepeda Motor","SBR"],
    ["95273","PELITA DUA","JL PELITA II","prelist","MEDAN PERJUANGAN","SIDORAME BARAT I","LINGKUNGAN 3","","","F. Konstruksi","SBR"],
    ["95302","MULYAKRIDA RESIK","JL DURIAN NO.2-C","prelist","MEDAN PERJUANGAN","SIDORAME BARAT I","LINGKUNGAN 4","","","G. Perdagangan Besar dan Eceran, Reparasi Mobil dan Sepeda Motor","SBR"],
    ["95312","PALEM AGRO MAS","JALAN KARANTINA II, NOMOR 64-B","prelist","MEDAN PERJUANGAN","SIDORAME BARAT I","LINGKUNGAN 11","","","G. Perdagangan Besar dan Eceran, Reparasi Mobil dan Sepeda Motor","SBR"],
    ["95431","SURYA NUSANTARA","JL HM SAID NO 126 RT.0 RW.0, SIDORAME BARAT I","prelist","MEDAN PERJUANGAN","SIDORAME BARAT I","LINGKUNGAN 2","","","G. Perdagangan Besar dan Eceran, Reparasi Mobil dan Sepeda Motor","SBR"],
    ["95448","JOENTA PERKASA","JL.SETIAJADI GG. MADUMA NO.1, TEGAL REJO","prelist","MEDAN PERJUANGAN","TEGAL REJO","LINGKUNGAN 15","","","G. Perdagangan Besar dan Eceran, Reparasi Mobil dan Sepeda Motor","SBR"],
    ["95501","ALFANIA MANDIRI","JL.SERAM NO.17 MEDAN, PANDAU HILIR","prelist","MEDAN PERJUANGAN","PANDAU HILIR","LINGKUNGAN 2","","","G. Perdagangan Besar dan Eceran, Reparasi Mobil dan Sepeda Motor","SBR"],
    ["95518","MEDAN TOP ABADI","JALAN PASAR III NO.96","prelist","MEDAN PERJUANGAN","TEGAL REJO","LINGKUNGAN 9","","","C. Industri Pengolahan","SBR"],
    ["95557","SASTRA AUSTERINDO MEAT","JL PROF HM YAMIN SH","prelist","MEDAN PERJUANGAN","SEI KERA HULU","LINGKUNGAN 12","","","G. Perdagangan Besar dan Eceran, Reparasi Mobil dan Sepeda Motor","SBR"],
    ["95562","MULTI DUTA TANI","VILLA JATI MAS JL MERBAU MAS","prelist","MEDAN PERJUANGAN","SIDORAME BARAT I","LINGKUNGAN 14","","","F. Konstruksi","SBR"],
    ["95581","EMPAT SEKAWAN","JL. KERAMBIK","prelist","MEDAN PERJUANGAN","PAHLAWAN","LINGKUNGAN 6","","","G. Perdagangan Besar dan Eceran, Reparasi Mobil dan Sepeda Motor","SBR"],
    ["95589","SURYA KENCANA","JL.PELITA VI GG.SEKOLAH NO.4, TEGAL REJO","prelist","MEDAN PERJUANGAN","TEGAL REJO","LINGKUNGAN 2","","","G. Perdagangan Besar dan Eceran, Reparasi Mobil dan Sepeda Motor","SBR"],
    ["95603","DUNIA TEKNIK","JL.SEI KERA NO.289, SEI KERA HULU","prelist","MEDAN PERJUANGAN","SEI KERA HULU","LINGKUNGAN 8","","","G. Perdagangan Besar dan Eceran, Reparasi Mobil dan Sepeda Motor","SBR"],
    ["95609","DAFA PUTRA","JL PELITA VI GG BERSAMA NO 1 LK IX","prelist","MEDAN PERJUANGAN","TEGAL REJO","LINGKUNGAN 1","","","G. Perdagangan Besar dan Eceran, Reparasi Mobil dan Sepeda Motor","SBR"],
    ["95614","EDIAL","JL.MESJID TAUFIQ G.SERASI NO.4, TEGAL REJO","prelist","MEDAN PERJUANGAN","TEGAL REJO","LINGKUNGAN 5","","","G. Perdagangan Besar dan Eceran, Reparasi Mobil dan Sepeda Motor","SBR"],
    ["95618","POLIN CIGAR","JL.PELITA II NO.89, SIDORAME BARAT II","prelist","MEDAN PERJUANGAN","SIDORAME BARAT II","LINGKUNGAN 6","","","G. Perdagangan Besar dan Eceran, Reparasi Mobil dan Sepeda Motor","SBR"],
    ["95623","MAHERA NUSASUMATERA","JL.SERAM NO.57, PANDAU HILIR","prelist","MEDAN PERJUANGAN","PANDAU HILIR","LINGKUNGAN 2","","","G. Perdagangan Besar dan Eceran, Reparasi Mobil dan Sepeda Motor","SBR"],
    ["95643","KARTIKA AGUNG KENCANA","JL.SUTOMO BARU NO.10, PANDAU HILIR","prelist","MEDAN PERJUANGAN","PANDAU HILIR","LINGKUNGAN 1","","","G. Perdagangan Besar dan Eceran, Reparasi Mobil dan Sepeda Motor","SBR"],
    ["95653","TIGA ANUGERAH","JL. TERUSAN NEGARA","prelist","MEDAN PERJUANGAN","PAHLAWAN","LINGKUNGAN 14","","","H. Transportasi dan Pergudangan","SBR"],
    ["95655","PERKUMPULAN AKURINDO","JL SEHATI","prelist","MEDAN PERJUANGAN","TEGAL REJO","LINGKUNGAN 9","","","S. Aktivitas Jasa Lainnya","SBR"],
    ["95678","ARWANI","JL HM.SAID GG.ZUKI NO.20","prelist","MEDAN PERJUANGAN","SIDORAME BARAT I","LINGKUNGAN 6","","","F. Konstruksi","SBR"],
    ["95683","SENTRA JAYA PERKASA PRIMA","JL.PROF HM YAMIN SH NO.388-A RT.000 RW.000, SEI KERA HULU","prelist","MEDAN PERJUANGAN","SEI KERA HULU","LINGKUNGAN 3","","","F. Konstruksi","SBR"],
    ["95752","INTI PRATAMA KENCANA","JL.PELITA I GG.SELARAS NO.11, SIDORAME BARAT II","prelist","MEDAN PERJUANGAN","SIDORAME BARAT II","LINGKUNGAN 4","","","G. Perdagangan Besar dan Eceran, Reparasi Mobil dan Sepeda Motor","SBR"],
    ["95765","HERRYDO","JL.PELITA I NO.39, SIDORAME BARAT I","prelist","MEDAN PERJUANGAN","SIDORAME BARAT II","LINGKUNGAN 5","","","G. Perdagangan Besar dan Eceran, Reparasi Mobil dan Sepeda Motor","SBR"],
    ["95785","JAYA TEKNIK PRADANA","JL.PELITA IV NO.29, TEGAL REJO","prelist","MEDAN PERJUANGAN","SIDORAME BARAT I","LINGKUNGAN 1","","","G. Perdagangan Besar dan Eceran, Reparasi Mobil dan Sepeda Motor","SBR"],
    ["95795","SINABUNG INS","JL.SUMBA NO.17 RT. 0 RW. 0","prelist","MEDAN PERJUANGAN","PANDAU HILIR","LINGKUNGAN 2","","","K. Aktivitas Keuangan Dan Asuransi","SBR"],
    ["95847","BERDIKARI","PERJUANGAN NO 57 RT.0 RW.0, SIDORAME TIMUR","prelist","MEDAN PERJUANGAN","SIDORAME TIMUR","LINGKUNGAN 9","","","G. Perdagangan Besar dan Eceran, Reparasi Mobil dan Sepeda Motor","SBR"],
    ["95859","JUAN GAOL","JL.SEHATI NO.151 MEDAN, TEGAL REJO","prelist","MEDAN PERJUANGAN","TEGAL REJO","LINGKUNGAN 8","","","G. Perdagangan Besar dan Eceran, Reparasi Mobil dan Sepeda Motor","SBR"],
    ["95870","NIVADI","PAHLAWAN GG.PERWIRA NO.41 RT.0 RW.0, PAHLAWAN","prelist","MEDAN PERJUANGAN","PAHLAWAN","LINGKUNGAN 16","","","G. Perdagangan Besar dan Eceran, Reparasi Mobil dan Sepeda Motor","SBR"],
    ["95878","JANSUM GEMA PERKASA","JL.MESJID TAUFIK NO.87, TEGAL REJO","prelist","MEDAN PERJUANGAN","TEGAL REJO","LINGKUNGAN 7","","","G. Perdagangan Besar dan Eceran, Reparasi Mobil dan Sepeda Motor","SBR"],
    ["95885","PRIMA ELA","JL.DOROWATI NO.10, SIDORAME BARAT II","prelist","MEDAN PERJUANGAN","SIDORAME BARAT II","LINGKUNGAN 1","","","G. Perdagangan Besar dan Eceran, Reparasi Mobil dan Sepeda Motor","SBR"],
    ["95906","MUJUR","JL.FLORES NO.1-A, PANDAU HILIR","prelist","MEDAN PERJUANGAN","PANDAU HILIR","LINGKUNGAN 2","","","G. Perdagangan Besar dan Eceran, Reparasi Mobil dan Sepeda Motor","SBR"],
    ["95920","RIZKY HARIS","JL RAKYAT","prelist","MEDAN PERJUANGAN","TEGAL REJO","LINGKUNGAN 7","","","G. Perdagangan Besar dan Eceran, Reparasi Mobil dan Sepeda Motor","SBR"],
    ["95939","PILAR GEMILANG","JL.PENDIDIKAN NO.106 RT.000 RW.000, BINJAI","prelist","MEDAN PERJUANGAN","TEGAL REJO","LINGKUNGAN 9","","","G. Perdagangan Besar dan Eceran, Reparasi Mobil dan Sepeda Motor","SBR"],
    ["95957","SUMBER REZEKI AL-MUKHTARIYAH","JL.GURILLA NO.139, SEI KERA HILIR I","prelist","MEDAN PERJUANGAN","SEI KERA HILIR I","LINGKUNGAN 4","","","G. Perdagangan Besar dan Eceran, Reparasi Mobil dan Sepeda Motor","SBR"],
    ["95963","BUKIT MANDIRI","JL PENDIDIKAN","prelist","MEDAN PERJUANGAN","TEGAL REJO","LINGKUNGAN 9","","","G. Perdagangan Besar dan Eceran, Reparasi Mobil dan Sepeda Motor","SBR"],
    ["96031","DWI JASA","JL.HOS.COKROAMINOTO NO.127 MEDAN, PANDAU HILIR","prelist","MEDAN PERJUANGAN","PANDAU HILIR","LINGKUNGAN 7","","","G. Perdagangan Besar dan Eceran, Reparasi Mobil dan Sepeda Motor","SBR"],
    ["96034","HOME OF LIVING ARTS INDONESIA","JL PELITA I","prelist","MEDAN PERJUANGAN","SIDORAME BARAT II","LINGKUNGAN 5","","","G. Perdagangan Besar dan Eceran, Reparasi Mobil dan Sepeda Motor","SBR"],
    ["96039","MALTY GLORIOUS","PERMAI GG KATIK WALIK","prelist","MEDAN PERJUANGAN","SIDORAME TIMUR","LINGKUNGAN 14","","","G. Perdagangan Besar dan Eceran, Reparasi Mobil dan Sepeda Motor","SBR"],
    ["96072","SENTOSA JAYA RAYA","JL.PROF.HM.YAMIN SH. NO.490-A, SIDODADI","prelist","MEDAN PERJUANGAN","PAHLAWAN","LINGKUNGAN 1","","","F. Konstruksi","SBR"],
    ["96121","TOPA","JL. DOROWATI LR.REJO NO.18/20, SIDORAME BARAT I","prelist","MEDAN PERJUANGAN","SIDORAME BARAT II","LINGKUNGAN 1","","","F. Konstruksi","SBR"],
    ["96139","CARAGATA","DOROWATI NO 31 RT.0 RW.0, SIDORAME BARAT I","prelist","MEDAN PERJUANGAN","SIDORAME BARAT I","LINGKUNGAN 7","","","G. Perdagangan Besar dan Eceran, Reparasi Mobil dan Sepeda Motor","SBR"],
    ["96159","MASYARAKAT HUKUM INDONESIA","PELITA IV NO 8 RT.0 RW.0, SIDORAME BARAT II","prelist","MEDAN PERJUANGAN","SIDORAME BARAT II","LINGKUNGAN 8","","","M. Jasa Profesional, Ilmiah, dan Teknis","SBR"],
    ["96163","RAKYAT","JL.RAKYAT NO.175, SIDODADI","prelist","MEDAN PERJUANGAN","TEGAL REJO","LINGKUNGAN 8","","","G. Perdagangan Besar dan Eceran, Reparasi Mobil dan Sepeda Motor","SBR"],
    ["96166","ALIF AKBARI GIANIS","JL.HM.SAID NO.144, SIDORAME BARAT I","prelist","MEDAN PERJUANGAN","SIDORAME BARAT I","LINGKUNGAN 1","","","F. Konstruksi","SBR"],
    ["96205","SUMBER JAYA AGRO","JL LIMA PULUH","prelist","MEDAN PERJUANGAN","PANDAU HILIR","LINGKUNGAN 7","","","G. Perdagangan Besar dan Eceran, Reparasi Mobil dan Sepeda Motor","SBR"],
    ["96236","SIREGAR BERKAH","JL PERKUTUT","prelist","MEDAN PERJUANGAN","SIDORAME TIMUR","LINGKUNGAN 13","","","G. Perdagangan Besar dan Eceran, Reparasi Mobil dan Sepeda Motor","SBR"],
    ["96276","MANTAP COM","RAKYAT BLK.A NO.2 RT.00 RW.00, SIDORAME TIMUR","prelist","MEDAN PERJUANGAN","SIDORAME TIMUR","LINGKUNGAN 10","","","G. Perdagangan Besar dan Eceran, Reparasi Mobil dan Sepeda Motor","SBR"],
    ["96294","TRI HANDAL ALESINDO","JL. GURILLA","prelist","MEDAN PERJUANGAN","SEI KERA HILIR I","LINGKUNGAN 5","","","G. Perdagangan Besar dan Eceran, Reparasi Mobil dan Sepeda Motor","SBR"],
    ["96302","PRATAMA AZDIAH","JL.M YAKUB NO.45 RT. 0 RW. 0, SEI KERA HILIR II","prelist","MEDAN PERJUANGAN","SEI KERA HILIR II","LINGKUNGAN 5","","","G. Perdagangan Besar dan Eceran, Reparasi Mobil dan Sepeda Motor","SBR"],
    ["96306","FAJAR HARAPAN BARU","JL PERTEMUAN, SIDORAME TIMUR","prelist","MEDAN PERJUANGAN","SIDORAME TIMUR","LINGKUNGAN 10","","","G. Perdagangan Besar dan Eceran, Reparasi Mobil dan Sepeda Motor","SBR"],
    ["96315","TRIMITRA JAYA PERKASA","JL.THAMRIN NO.192, PANDAU HILIR","prelist","MEDAN PERJUANGAN","PANDAU HILIR","LINGKUNGAN 3","","","G. Perdagangan Besar dan Eceran, Reparasi Mobil dan Sepeda Motor","SBR"],
    ["96376","SAMA ELOK","JL SUMBA","prelist","MEDAN PERJUANGAN","PANDAU HILIR","LINGKUNGAN 2","","","G. Perdagangan Besar dan Eceran, Reparasi Mobil dan Sepeda Motor","SBR"],
    ["96384","HAVINA ARTHA SEJAHTERA","JL PROF HM YAMIN SH","prelist","MEDAN PERJUANGAN","SEI KERA HILIR II","LINGKUNGAN 8","","","N. Jasa Persewaan, Ketenagakerjaan, Agen Perjalanan, dan Jasa Pendukung","SBR"],
    ["96402","FORTUNA GEMILANG JAYA","JL.ASAHAN DALAM NO.7-9, SIDODADI","prelist","MEDAN PERJUANGAN","PANDAU HILIR","LINGKUNGAN 2","","","F. Konstruksi","SBR"],
    ["96429","SANGKURIANG","JL.KARANTINA K.VIII.33/5, SIDORAME TIMUR","prelist","MEDAN PERJUANGAN","SIDORAME TIMUR","LINGKUNGAN 10","","","F. Konstruksi","SBR"],
    ["96439","MOBTECH INDONESIA","JL. PIMPINAN GG TEGAS","prelist","MEDAN PERJUANGAN","SEI KERA HILIR I","LINGKUNGAN 2","","","C. Industri Pengolahan","SBR"],
    ["96454","TIGA BERLIAN INDAH","KESEHATAN NO.07 RT.0 RW.0, SEI KERA HILIR I","prelist","MEDAN PERJUANGAN","SEI KERA HILIR I","LINGKUNGAN 4","","","G. Perdagangan Besar dan Eceran, Reparasi Mobil dan Sepeda Motor","SBR"],
    ["96468","ROULI","DURIAN GG MESJID","prelist","MEDAN PERJUANGAN","SIDORAME BARAT I","LINGKUNGAN 6","","","G. Perdagangan Besar dan Eceran, Reparasi Mobil dan Sepeda Motor","SBR"],
    ["96479","DELTA VISION","JL.KESEHATAN NO.2-B RT.000 RW.000, SEI KERA HILIR I","prelist","MEDAN PERJUANGAN","SEI KERA HILIR I","LINGKUNGAN 3","","","G. Perdagangan Besar dan Eceran, Reparasi Mobil dan Sepeda Motor","SBR"],
    ["96487","PELITA ANUGRAH MANDIRI","PELITA IV GG PERTAMA NO RT.0 RW.0, SIDORAME TIMUR","prelist","MEDAN PERJUANGAN","SIDORAME TIMUR","LINGKUNGAN 15","","","G. Perdagangan Besar dan Eceran, Reparasi Mobil dan Sepeda Motor","SBR"],
    ["96517","TUNDER GEMILANG","JL. GURILLA GG MAWAR","prelist","MEDAN PERJUANGAN","SEI KERA HILIR I","LINGKUNGAN 5","","","G. Perdagangan Besar dan Eceran, Reparasi Mobil dan Sepeda Motor","SBR"],
    ["96544","RIZCA FASHA ABADI","JL PERISAI","prelist","MEDAN PERJUANGAN","PAHLAWAN","LINGKUNGAN 4","","","G. Perdagangan Besar dan Eceran, Reparasi Mobil dan Sepeda Motor","SBR"],
    ["96550","RAHMAD PUTRA SEJATI","JL.SIBOLGA NO.10, PANDAU HULU I","prelist","MEDAN PERJUANGAN","PANDAU HILIR","LINGKUNGAN 4","","","G. Perdagangan Besar dan Eceran, Reparasi Mobil dan Sepeda Motor","SBR"],
    ["96622","SAPTA YUDHA PRATAMA","JL. BATU PUTIH NO. 20, PAHLAWAN","prelist","MEDAN PERJUANGAN","PAHLAWAN","LINGKUNGAN 13","","","G. Perdagangan Besar dan Eceran, Reparasi Mobil dan Sepeda Motor","SBR"],
    ["96629","BUANA BAHTERA SEMPURNA","JL.PROF HM YAMIN SH NO.II / 48, PERINTIS","prelist","MEDAN PERJUANGAN","SEI KERA HULU","LINGKUNGAN 1","","","G. Perdagangan Besar dan Eceran, Reparasi Mobil dan Sepeda Motor","SBR"],
    ["96652","CIPTA SEJAHTERA","JL.RAKYAT NO.110 RT.000 RW.000, TEGAL REJO","prelist","MEDAN PERJUANGAN","SIDORAME TIMUR","LINGKUNGAN 15","","","G. Perdagangan Besar dan Eceran, Reparasi Mobil dan Sepeda Motor","SBR"],
    ["96676","CATUR MARUDUT JAYA","JL.RAKYAT NO.5, SIDORAME BARAT I","prelist","MEDAN PERJUANGAN","SIDORAME TIMUR","LINGKUNGAN 3","","","G. Perdagangan Besar dan Eceran, Reparasi Mobil dan Sepeda Motor","SBR"],
    ["96680","RAFIQAH MANDIRI","JL.M YAKUB NO.162, SEI KERA HILIR II","prelist","MEDAN PERJUANGAN","SEI KERA HILIR II","LINGKUNGAN 10","","","G. Perdagangan Besar dan Eceran, Reparasi Mobil dan Sepeda Motor","SBR"],
    ["96683","PRIMA ANDALAS LESTARI","JLN.PROF.H.M.YAMIN SH NO.441-M, TEGAL SARI I","prelist","MEDAN PERJUANGAN","SEI KERA HILIR I","LINGKUNGAN 1","","","F. Konstruksi","SBR"],
    ["96685","SURYA INFOTEK","JL.SUTOMO NO.27-DE, PANDAU HILIR","prelist","MEDAN PERJUANGAN","PANDAU HILIR","LINGKUNGAN 2","","","P. Pendidikan","SBR"],
    ["96735","PRATAMA","JL. KESATRIA NO. 8 B/76, PAHLAWAN","prelist","MEDAN PERJUANGAN","PAHLAWAN","LINGKUNGAN 16","","","G. Perdagangan Besar dan Eceran, Reparasi Mobil dan Sepeda Motor","SBR"],
    ["96756","MARIO BROTHERS KONTRAKTOR","JL.RAKYAT NO.5, SIDORAME TIMUR","prelist","MEDAN PERJUANGAN","SIDORAME TIMUR","LINGKUNGAN 3","","","G. Perdagangan Besar dan Eceran, Reparasi Mobil dan Sepeda Motor","SBR"],
    ["96788","BINTANG TERANG","JL.NANGGAR JATI NO.27, SIDORAME BARAT I","prelist","MEDAN PERJUANGAN","SIDORAME TIMUR","LINGKUNGAN 6","","","G. Perdagangan Besar dan Eceran, Reparasi Mobil dan Sepeda Motor","SBR"],
    ["96865","MARYA TEKNIK CORPORATION","JL.PELITA/PELIKAN NO.4, SIDORAME BARAT I","prelist","MEDAN PERJUANGAN","SIDORAME BARAT I","LINGKUNGAN 7","","","G. Perdagangan Besar dan Eceran, Reparasi Mobil dan Sepeda Motor","SBR"],
    ["96879","INDO CIPTA KESUMA","JL.DELI TUA NO.42, PANDAU HILIR","prelist","MEDAN PERJUANGAN","PANDAU HILIR","LINGKUNGAN 9","","","G. Perdagangan Besar dan Eceran, Reparasi Mobil dan Sepeda Motor","SBR"],
    ["96902","MEKAR SOLUSINDO","HM SAID GG.MESJID NO.19 RT.0 RW.0, SIDORAME BARAT I","prelist","MEDAN PERJUANGAN","SIDORAME BARAT I","LINGKUNGAN 6","","","G. Perdagangan Besar dan Eceran, Reparasi Mobil dan Sepeda Motor","SBR"],
    ["96930","RAPI ANUGERAH","JL.MESJID TAUFIK NO.89 MEDAN, TEGAL REJO","prelist","MEDAN PERJUANGAN","TEGAL REJO","LINGKUNGAN 7","","","G. Perdagangan Besar dan Eceran, Reparasi Mobil dan Sepeda Motor","SBR"],
    ["96946","AGUNGSEJAHTERA TANIRAYA","JL.SERAM NO.26, PANDAU HILIR","prelist","MEDAN PERJUANGAN","PANDAU HILIR","LINGKUNGAN 1","","","G. Perdagangan Besar dan Eceran, Reparasi Mobil dan Sepeda Motor","SBR"],
    ["96978","EL GERALD PERKASA","JL PELITA IV GANG SAROHA","prelist","MEDAN PERJUANGAN","SIDORAME TIMUR","LINGKUNGAN 15","","","G. Perdagangan Besar dan Eceran, Reparasi Mobil dan Sepeda Motor","SBR"],
    ["96986","PUTRA TUNGGAL UTAMA","JL.PELITA I GG.KELAPA NO.10, SIDORAME BARAT I","prelist","MEDAN PERJUANGAN","SIDORAME BARAT II","LINGKUNGAN 4","","","G. Perdagangan Besar dan Eceran, Reparasi Mobil dan Sepeda Motor","SBR"],
    ["97005","NAURA UTAMA JAYA","JL PROF HM YAMIN SH","prelist","MEDAN PERJUANGAN","SEI KERA HILIR II","LINGKUNGAN 1","","","G. Perdagangan Besar dan Eceran, Reparasi Mobil dan Sepeda Motor","SBR"],
    ["97027","ANUGERAH ABADI LESTARI","JALAN SEJATI NOMOR 34","prelist","MEDAN PERJUANGAN","SIDORAME BARAT I","LINGKUNGAN 9","","","G. Perdagangan Besar dan Eceran, Reparasi Mobil dan Sepeda Motor","SBR"],
    ["97086","HUDA TAMA","JL.RENCONG NO.70-B, PAHLAWAN","prelist","MEDAN PERJUANGAN","PAHLAWAN","LINGKUNGAN 9","","","G. Perdagangan Besar dan Eceran, Reparasi Mobil dan Sepeda Motor","SBR"],
    ["97092","ANUGERAH ABADI","JL PELITA III","prelist","MEDAN PERJUANGAN","SIDORAME BARAT I","LINGKUNGAN 2","","","G. Perdagangan Besar dan Eceran, Reparasi Mobil dan Sepeda Motor","SBR"],
    ["97101","GRAHA SURYA JAYA MAS","JL FLORES","prelist","MEDAN PERJUANGAN","PANDAU HILIR","LINGKUNGAN 2","","","G. Perdagangan Besar dan Eceran, Reparasi Mobil dan Sepeda Motor","SBR"],
    ["97144","KASIH SEJAHTERA CEMERLANG","JL.PELITA IV G.PEPAYA NO.11/13, SIDORAME BARAT I","prelist","MEDAN PERJUANGAN","SIDORAME BARAT I","LINGKUNGAN 4","","","F. Konstruksi","SBR"],
    ["97154","JASA TANI","JL.SUTOMO NO.27 G, PUSAT PASAR","prelist","MEDAN PERJUANGAN","PANDAU HILIR","LINGKUNGAN 2","","","G. Perdagangan Besar dan Eceran, Reparasi Mobil dan Sepeda Motor","SBR"],
    ["97176","WIRA HADI KUSUMA","JL. PAHLAWAN GG LUMUMBA","prelist","MEDAN PERJUANGAN","PAHLAWAN","LINGKUNGAN 5","","","G. Perdagangan Besar dan Eceran, Reparasi Mobil dan Sepeda Motor","SBR"],
    ["97190","BUNGARA PERKASA","JL.DURIAN GG.MESJID NO.21, SIDORAME BARAT I","prelist","MEDAN PERJUANGAN","SIDORAME BARAT I","LINGKUNGAN 6","","","G. Perdagangan Besar dan Eceran, Reparasi Mobil dan Sepeda Motor","SBR"],
    ["97196","AMANAH MITRA LANGKAT","JL.PROF. HM YAMIN NO.281","prelist","MEDAN PERJUANGAN","SEI KERA HILIR II","LINGKUNGAN 10","","","G. Perdagangan Besar dan Eceran, Reparasi Mobil dan Sepeda Motor","SBR"],
    ["97268","ANUGRAH PRATAMA","JL.M.YACOB NO.58/81, SEI KERA HILIR II","prelist","MEDAN PERJUANGAN","SEI KERA HILIR I","LINGKUNGAN 1","","","G. Perdagangan Besar dan Eceran, Reparasi Mobil dan Sepeda Motor","SBR"],
    ["97339","SITO","JL.PERJUANGAN NO.25-A, SEI KERA HILIR I","prelist","MEDAN PERJUANGAN","SEI KERA HILIR I","LINGKUNGAN 11","","","G. Perdagangan Besar dan Eceran, Reparasi Mobil dan Sepeda Motor","SBR"],
    ["97353","CAPIT MERAH INDONESIA","KOMPLEK JATI PRIMA","prelist","MEDAN PERJUANGAN","SIDORAME BARAT I","LINGKUNGAN 10","","","I. Penyediaan Akomodasi dan Makan Minum","SBR"],
    ["97356","PENWAY KOTAMAS","JL PERINTIS KEMERDEKAAN KOMPLEK SERDANG PERMAI","prelist","MEDAN PERJUANGAN","SEI KERA HILIR II","LINGKUNGAN 8","","","G. Perdagangan Besar dan Eceran, Reparasi Mobil dan Sepeda Motor","SBR"],
    ["97362","MESTIKA ASAHAN","JL.SERAM NO.61, PANDAU HILIR","prelist","MEDAN PERJUANGAN","PANDAU HILIR","LINGKUNGAN 2","","","G. Perdagangan Besar dan Eceran, Reparasi Mobil dan Sepeda Motor","SBR"],
    ["97363","BUANA PRIMA","JL.JAMBI NO.15, GANG BUNTU","prelist","MEDAN PERJUANGAN","PANDAU HILIR","LINGKUNGAN 3","","","G. Perdagangan Besar dan Eceran, Reparasi Mobil dan Sepeda Motor","SBR"],
    ["97371","TOTAL JAYA MANDIRI","JL. RAKYAT GG. CAMAR","prelist","MEDAN PERJUANGAN","TEGAL REJO","LINGKUNGAN 8","","","G. Perdagangan Besar dan Eceran, Reparasi Mobil dan Sepeda Motor","SBR"],
    ["97393","AI SO ISEE","JL.SEHATI GG ARSITEK NO.11-C, TEGAL REJO","prelist","MEDAN PERJUANGAN","TEGAL REJO","LINGKUNGAN 6","","","G. Perdagangan Besar dan Eceran, Reparasi Mobil dan Sepeda Motor","SBR"],
    ["97431","SARINAH ABADI","JL.DOROWATI NO.36","prelist","MEDAN PERJUANGAN","SIDORAME BARAT II","LINGKUNGAN 1","","","F. Konstruksi","SBR"],
    ["97441","GLOBAL TRANS MEDIA","JL. PROF HM YAMIN GG. HABIR","prelist","MEDAN PERJUANGAN","SEI KERA HULU","LINGKUNGAN 8","","","G. Perdagangan Besar dan Eceran, Reparasi Mobil dan Sepeda Motor","SBR"],
    ["97466","ERGONOMI SYSTEM","JL.PELITA II NO.133/105, SIDORAME BARAT I","prelist","MEDAN PERJUANGAN","SIDORAME BARAT II","LINGKUNGAN 3","","","F. Konstruksi","SBR"],
    ["97489","HARSEL INDAH","HM YAMIN SH NO.348 RT.0 RW.0, SEI KERA HULU","prelist","MEDAN PERJUANGAN","SEI KERA HULU","LINGKUNGAN 2","","","G. Perdagangan Besar dan Eceran, Reparasi Mobil dan Sepeda Motor","SBR"],
    ["97496","HERASANURI","JL.MAPILINDO NO.73 MEDAN, SIDORAME BARAT I","prelist","MEDAN PERJUANGAN","TEGAL REJO","LINGKUNGAN 2","","","G. Perdagangan Besar dan Eceran, Reparasi Mobil dan Sepeda Motor","SBR"],
    ["97497","HARAPAN SEJAHTERA","JL.PANAH NO.16/56, PAHLAWAN","prelist","MEDAN PERJUANGAN","PAHLAWAN","LINGKUNGAN 12","","","G. Perdagangan Besar dan Eceran, Reparasi Mobil dan Sepeda Motor","SBR"],
    ["97500","HARAPAN INSANI MARLINA.","JL.PELITA IV NO.13, SIDORAME BARAT I","prelist","MEDAN PERJUANGAN","SIDORAME BARAT I","LINGKUNGAN 1","","","G. Perdagangan Besar dan Eceran, Reparasi Mobil dan Sepeda Motor","SBR"],
    ["97503","IONA SWATAMA","JL. MAPILINDO LK XI","prelist","MEDAN PERJUANGAN","SIDORAME BARAT I","LINGKUNGAN 11","","","G. Perdagangan Besar dan Eceran, Reparasi Mobil dan Sepeda Motor","SBR"],
    ["97508","MORA JAYA","JL.RAKYAT NO.161, TEGAL REJO","prelist","MEDAN PERJUANGAN","TEGAL REJO","LINGKUNGAN 8","","","G. Perdagangan Besar dan Eceran, Reparasi Mobil dan Sepeda Motor","SBR"],
    ["97510","BALI AYU JAYA","JL.VETERAN NO.140, PANDAU HILIR","prelist","MEDAN PERJUANGAN","PANDAU HILIR","LINGKUNGAN 4","","","G. Perdagangan Besar dan Eceran, Reparasi Mobil dan Sepeda Motor","SBR"],
    ["97517","SINAR PUTERA CEMERLANG","JL PASAR III","prelist","MEDAN PERJUANGAN","TEGAL REJO","LINGKUNGAN 11","","","G. Perdagangan Besar dan Eceran, Reparasi Mobil dan Sepeda Motor","SBR"],
    ["97533","KENCANA CAHAYA TRANS","KOMPLEK KRAKATAU GARDEN JL SETIA JADI","prelist","MEDAN PERJUANGAN","TEGAL REJO","LINGKUNGAN 15","","","G. Perdagangan Besar dan Eceran, Reparasi Mobil dan Sepeda Motor","SBR"],
    ["97552","EKA JAYA","JL.PERMAI NO.11, SIDORAME TIMUR","prelist","MEDAN PERJUANGAN","SIDORAME TIMUR","LINGKUNGAN 15","","","G. Perdagangan Besar dan Eceran, Reparasi Mobil dan Sepeda Motor","SBR"],
    ["97556","TUNAS SILVA","JL MESJID TAUFIK NO 20 LK XI RT. 00 RW. 00","prelist","MEDAN PERJUANGAN","TEGAL REJO","LINGKUNGAN 5","","","G. Perdagangan Besar dan Eceran, Reparasi Mobil dan Sepeda Motor","SBR"],
    ["97641","NINA LESTARI","JL.BAMBU RUNCING NO.15, PAHLAWAN","prelist","MEDAN PERJUANGAN","PAHLAWAN","LINGKUNGAN 12","","","G. Perdagangan Besar dan Eceran, Reparasi Mobil dan Sepeda Motor","SBR"],
    ["97655","PUTRA MEWAH SEJAHTERA","JL.PROF.HM.YAMIN SH.NO.412, SIDODADI","prelist","MEDAN PERJUANGAN","SEI KERA HULU","LINGKUNGAN 4","","","G. Perdagangan Besar dan Eceran, Reparasi Mobil dan Sepeda Motor","SBR"],
    ["97673","KARYA GEMILANG ABADI","JL. DOROWATI GG WONGSO","prelist","MEDAN PERJUANGAN","SIDORAME BARAT I","LINGKUNGAN 7","","","G. Perdagangan Besar dan Eceran, Reparasi Mobil dan Sepeda Motor","SBR"],
    ["97676","DEVILINDO MOBILE STORE","JL SEHATI","prelist","MEDAN PERJUANGAN","TEGAL REJO","LINGKUNGAN 9","","","G. Perdagangan Besar dan Eceran, Reparasi Mobil dan Sepeda Motor","SBR"],
    ["97710","JAYA INSTRUMENTAMA SARANA","JL.PROF.H.M.YAMIN.SH NO.380, SIDODADI","prelist","MEDAN PERJUANGAN","SEI KERA HULU","LINGKUNGAN 3","","","G. Perdagangan Besar dan Eceran, Reparasi Mobil dan Sepeda Motor","SBR"],
    ["97729","SEJAHTERA SINAR MESTIKA","JL.PELITA I GG.SANI NO.14, SIDORAME TIMUR","prelist","MEDAN PERJUANGAN","SIDORAME TIMUR","LINGKUNGAN 2","","","G. Perdagangan Besar dan Eceran, Reparasi Mobil dan Sepeda Motor","SBR"],
    ["97742","AVORE HADA NUSANTARA","JL.MADIO UTOMO BLOK PERTAMA NO.11, SIDORAME BARAT I","prelist","MEDAN PERJUANGAN","TEGAL REJO","LINGKUNGAN 3","","","G. Perdagangan Besar dan Eceran, Reparasi Mobil dan Sepeda Motor","SBR"],
    ["97817","TANWIL TOUR AND TRAVEL","KOMPLEK GRAHA KRAKATAU JL PASAR III BLOK B/5","prelist","MEDAN PERJUANGAN","TEGAL REJO","LINGKUNGAN 10","","","N. Jasa Persewaan, Ketenagakerjaan, Agen Perjalanan, dan Jasa Pendukung","SBR"],
    ["97819","MITRA INFO","JL PROF.HM.YAMIN, SH NO 64/22 C","prelist","MEDAN PERJUANGAN","SEI KERA HILIR II","LINGKUNGAN 2","","","G. Perdagangan Besar dan Eceran, Reparasi Mobil dan Sepeda Motor","SBR"],
    ["97822","INTI DHARMA RAYA","JL.GORILLA NO.15, SEI KERA HILIR I","prelist","MEDAN PERJUANGAN","SEI KERA HILIR I","LINGKUNGAN 4","","","F. Konstruksi","SBR"],
    ["97858","NAYAN PUTERA","JL.SUTOMO BARU NO.3, PANDAU HILIR","prelist","MEDAN PERJUANGAN","PANDAU HILIR","LINGKUNGAN 1","","","G. Perdagangan Besar dan Eceran, Reparasi Mobil dan Sepeda Motor","SBR"],
    ["97885","INDAH LESTARI","JL.SEI KERA NO.12, SEI KERA HILIR I","prelist","MEDAN PERJUANGAN","PANDAU HILIR","LINGKUNGAN 2","","","G. Perdagangan Besar dan Eceran, Reparasi Mobil dan Sepeda Motor","SBR"],
    ["97914","FORMASSU","JL. PELITA I","prelist","MEDAN PERJUANGAN","SIDORAME BARAT II","LINGKUNGAN 5","","","M. Jasa Profesional, Ilmiah, dan Teknis","SBR"],
    ["97947","MITRA PERKASA","JL SERAM DALAM","prelist","MEDAN PERJUANGAN","PANDAU HILIR","LINGKUNGAN 1","","","G. Perdagangan Besar dan Eceran, Reparasi Mobil dan Sepeda Motor","SBR"],
    ["97975","CORSSA INDONESIA ORGANIZER","JL.GURILLA NO.96A/42 RT.000 RW.000, SEI KERA HILIR I","prelist","MEDAN PERJUANGAN","SEI KERA HILIR II","LINGKUNGAN 12","","","G. Perdagangan Besar dan Eceran, Reparasi Mobil dan Sepeda Motor","SBR"],
    ["97985","SYIRKAH MUAWANAH","JL.MESJID TAUFIK NO.123/34, TEGAL REJO","prelist","MEDAN PERJUANGAN","TEGAL REJO","LINGKUNGAN 7","","","G. Perdagangan Besar dan Eceran, Reparasi Mobil dan Sepeda Motor","SBR"],
    ["98000","SINAR ALAM GASINDO","KOMPLEK SERDANG MAS JL PROF HM YAMIN","prelist","MEDAN PERJUANGAN","SEI KERA HULU","LINGKUNGAN 5","","","G. Perdagangan Besar dan Eceran, Reparasi Mobil dan Sepeda Motor","SBR"],
    ["98093","TURI MANDIRI","JL. NANGGARJATI","prelist","MEDAN PERJUANGAN","SIDORAME TIMUR","LINGKUNGAN 6","","","G. Perdagangan Besar dan Eceran, Reparasi Mobil dan Sepeda Motor","SBR"],
    ["98138","ANUGERAH","JL.MESJID TAUFIK GG.ANDALAS NO.6, TEGAL REJO","prelist","MEDAN PERJUANGAN","TEGAL REJO","LINGKUNGAN 5","","","G. Perdagangan Besar dan Eceran, Reparasi Mobil dan Sepeda Motor","SBR"],
    ["98176","SINAR NUSA JAYA","JL MALAKA GG SAUDARA","prelist","MEDAN PERJUANGAN","PANDAU HILIR","LINGKUNGAN 4","","","G. Perdagangan Besar dan Eceran, Reparasi Mobil dan Sepeda Motor","SBR"],
    ["98180","MITRA BHAKTI JAYA","JL PROF HM YAMIN GG HABIR","prelist","MEDAN PERJUANGAN","SEI KERA HULU","LINGKUNGAN 8","","","F. Konstruksi","SBR"],
    ["98184","MAHAJAYA","JL.SUTOMO BARU NO.85, PANDAU HILIR","prelist","MEDAN PERJUANGAN","PANDAU HILIR","LINGKUNGAN 1","","","G. Perdagangan Besar dan Eceran, Reparasi Mobil dan Sepeda Motor","SBR"],
    ["98191","CAM BINA CIPTA","JL.MESJID TAUFIQ NO.35, TEGAL REJO","prelist","MEDAN PERJUANGAN","TEGAL REJO","LINGKUNGAN 6","","","M. Jasa Profesional, Ilmiah, dan Teknis","SBR"],
    ["98210","PUTRA KREASI LIPPO","JL. PASAR III NO. 52-B","prelist","MEDAN PERJUANGAN","TEGAL REJO","LINGKUNGAN 11","","","H. Transportasi dan Pergudangan","SBR"],
    ["98345","BRASSU DOLONUSA","JL.SIPIROK NO.7, PAHLAWAN","prelist","MEDAN PERJUANGAN","PANDAU HILIR","LINGKUNGAN 9","","","G. Perdagangan Besar dan Eceran, Reparasi Mobil dan Sepeda Motor","SBR"],
    ["98365","FIRDAUS","JL. PELITA VI","prelist","MEDAN PERJUANGAN","TEGAL REJO","LINGKUNGAN 2","","","G. Perdagangan Besar dan Eceran, Reparasi Mobil dan Sepeda Motor","SBR"],
    ["98367","SENTOSA UNIVERSAL GLOBE","AMBON NO 28 RT.0 RW.00, PANDAU HILIR","prelist","MEDAN PERJUANGAN","PANDAU HILIR","LINGKUNGAN 4","","","G. Perdagangan Besar dan Eceran, Reparasi Mobil dan Sepeda Motor","SBR"],
    ["98373","MORI ENGINEERING","JL.PENDIDIKAN NO.63, TEGAL REJO","prelist","MEDAN PERJUANGAN","TEGAL REJO","LINGKUNGAN 9","","","F. Konstruksi","SBR"],
    ["98390","MESTIKA JAYA KASIH","JL.PROF.HM.YAMIN SH GG.ISTIRAHAT NO.46 RT.000 RW.000, PAHLAWAN","prelist","MEDAN PERJUANGAN","PAHLAWAN","LINGKUNGAN 1","","","G. Perdagangan Besar dan Eceran, Reparasi Mobil dan Sepeda Motor","SBR"],
    ["98398","SAKURA","JL.RAKYAT GANG PELAJAR NO.5-B, TEGAL REJO","prelist","MEDAN PERJUANGAN","TEGAL REJO","LINGKUNGAN 4","","","G. Perdagangan Besar dan Eceran, Reparasi Mobil dan Sepeda Motor","SBR"],
    ["98424","MATARI PAMUNGKAS","JL.PASAR III NO.A-3 RT. 0 RW. 0, TEGAL REJO","prelist","MEDAN PERJUANGAN","TEGAL REJO","LINGKUNGAN 11","","","G. Perdagangan Besar dan Eceran, Reparasi Mobil dan Sepeda Motor","SBR"],
    ["98433","BAHTERA LAJU","JL.MABAR NO.47 MEDAN, SEI KERA HILIR II","prelist","MEDAN PERJUANGAN","SEI KERA HILIR II","LINGKUNGAN 1","","","G. Perdagangan Besar dan Eceran, Reparasi Mobil dan Sepeda Motor","SBR"],
    ["98434","BARKAH JAYA","IBRAHIM UMAR NO.31 RT.00 RW.00, SEI KERA HILIR I","prelist","MEDAN PERJUANGAN","SEI KERA HILIR I","LINGKUNGAN 11","","","G. Perdagangan Besar dan Eceran, Reparasi Mobil dan Sepeda Motor","SBR"],
    ["98435","TRANDS COLOUR","KOMPLEK PELITA II RESIDENCE","prelist","MEDAN PERJUANGAN","SIDORAME TIMUR","LINGKUNGAN 12","","","G. Perdagangan Besar dan Eceran, Reparasi Mobil dan Sepeda Motor","SBR"],
    ["98437","GUNUNG KAWI","JL.RAJA WALI-I GG.BLOK-A NO.79, SIDORAME BARAT I","prelist","MEDAN PERJUANGAN","SIDORAME BARAT I","LINGKUNGAN 7","","","G. Perdagangan Besar dan Eceran, Reparasi Mobil dan Sepeda Motor","SBR"],
    ["98443","DONGANZ SUKSES BERSAMA","JL PROF HM YAMIN GG PENGHULU","prelist","MEDAN PERJUANGAN","SEI KERA HULU","LINGKUNGAN 6","","","G. Perdagangan Besar dan Eceran, Reparasi Mobil dan Sepeda Motor","SBR"],
    ["98453","SETIA JAYA","JL.SEI KERA NO.211-A, SEI KERA HILIR I","prelist","MEDAN PERJUANGAN","SEI KERA HILIR I","LINGKUNGAN 11","","","G. Perdagangan Besar dan Eceran, Reparasi Mobil dan Sepeda Motor","SBR"],
    ["98463","SORMIN BINA INSANI","JL. GURILLA","prelist","MEDAN PERJUANGAN","SEI KERA HILIR I","LINGKUNGAN 5","","","P. Pendidikan","SBR"],
    ["98494","CENTURA TEKNIKA PERSADA","KOMPLEK SEHATI INDAH JL PASAR III-KRAKATAU","prelist","MEDAN PERJUANGAN","TEGAL REJO","LINGKUNGAN 14","","","G. Perdagangan Besar dan Eceran, Reparasi Mobil dan Sepeda Motor","SBR"],
    ["98511","HARAPAN MUDA INSANI","JL GURILA GG DELIMA","prelist","MEDAN PERJUANGAN","SEI KERA HILIR I","LINGKUNGAN 6","","","G. Perdagangan Besar dan Eceran, Reparasi Mobil dan Sepeda Motor","SBR"],
    ["98512","GRAHA INSAN SELULAR","JL. PASAR III NO.88-AA, TEGAL REJO","prelist","MEDAN PERJUANGAN","TEGAL REJO","LINGKUNGAN 9","","","G. Perdagangan Besar dan Eceran, Reparasi Mobil dan Sepeda Motor","SBR"],
    ["98540","NEW INTI FURNINDO","J. PELITA I","prelist","MEDAN PERJUANGAN","SIDORAME BARAT II","LINGKUNGAN 5","","","G. Perdagangan Besar dan Eceran, Reparasi Mobil dan Sepeda Motor","SBR"],
    ["98546","SURYA PARAMAS MANDIRI","JL SEI KERA","prelist","MEDAN PERJUANGAN","PANDAU HILIR","LINGKUNGAN 4","","","F. Konstruksi","SBR"],
    ["98586","SHOFIE CHIKARA ARSA","PAHLAWAN GG.RUKUN NO.47 RT.0 RW.0, PAHLAWAN","prelist","MEDAN PERJUANGAN","PAHLAWAN","LINGKUNGAN 1","","","G. Perdagangan Besar dan Eceran, Reparasi Mobil dan Sepeda Motor","SBR"],
    ["98602","MOLIMAS","JL PROF HM YAMIN SH","prelist","MEDAN PERJUANGAN","PAHLAWAN","LINGKUNGAN 15","","","G. Perdagangan Besar dan Eceran, Reparasi Mobil dan Sepeda Motor","SBR"],
    ["98612","RISTEL","JL. PELITA VI GG.PERTAMA NO.3, SIDORAME TIMUR","prelist","MEDAN PERJUANGAN","SIDORAME TIMUR","LINGKUNGAN 15","","","H. Transportasi dan Pergudangan","SBR"],
    ["98623","BHIMA PRATAMA HUTAMA","JAMBI","prelist","MEDAN PERJUANGAN","PANDAU HILIR","LINGKUNGAN 4","","","G. Perdagangan Besar dan Eceran, Reparasi Mobil dan Sepeda Motor","SBR"],
    ["98667","CITRA PEMBAHARUAN","JL.SEI KERA G.REZEKI NO.6, SEI KERA HILIR I","prelist","MEDAN PERJUANGAN","SEI KERA HILIR I","LINGKUNGAN 4","","","F. Konstruksi","SBR"],
    ["98684","AGUNG SEJAHTERA","JL. HM YAMIN SH KMP.SEDANG MAS NO.B-9 RT.0 RW.0, SEI KERA HULU","prelist","MEDAN PERJUANGAN","SEI KERA HULU","LINGKUNGAN 4","","","G. Perdagangan Besar dan Eceran, Reparasi Mobil dan Sepeda Motor","SBR"],
    ["98698","HARAPAN BARU","JL.SENTOSA LAMA NO.101, SEI KERA HULU","prelist","MEDAN PERJUANGAN","SEI KERA HULU","LINGKUNGAN 19","","","G. Perdagangan Besar dan Eceran, Reparasi Mobil dan Sepeda Motor","SBR"],
    ["98700","FISINDOTEK","JL.DURIAN NO.2-P, PERINTIS","prelist","MEDAN PERJUANGAN","SIDORAME BARAT I","LINGKUNGAN 4","","","G. Perdagangan Besar dan Eceran, Reparasi Mobil dan Sepeda Motor","SBR"],
    ["98736","TRITIRTA GEMILANG","JL.UMAR NO.118 LK.X RT. 000 RW. 000, GLUGUR DARAT I","prelist","MEDAN PERJUANGAN","SEI KERA HILIR II","LINGKUNGAN 14","","","N. Jasa Persewaan, Ketenagakerjaan, Agen Perjalanan, dan Jasa Pendukung","SBR"],
    ["98743","SAID TORANS KONSULTAN","JL PERMAI","prelist","MEDAN PERJUANGAN","SIDORAME TIMUR","LINGKUNGAN 13","","","M. Jasa Profesional, Ilmiah, dan Teknis","SBR"],
    ["98755","INDAH KENCANA","JL.PELITA II GG.BONJOL NO.7/9, SIDORAME BARAT II","prelist","MEDAN PERJUANGAN","SIDORAME BARAT II","LINGKUNGAN 6","","","G. Perdagangan Besar dan Eceran, Reparasi Mobil dan Sepeda Motor","SBR"],
    ["98769","ADELLYA","JL.PAHLAWAN GG.LUMUMBA NO.39, PAHLAWAN","prelist","MEDAN PERJUANGAN","PAHLAWAN","LINGKUNGAN 5","","","G. Perdagangan Besar dan Eceran, Reparasi Mobil dan Sepeda Motor","SBR"],
    ["98776","PRIMA NIARTA","JL.PERTEMUAN NO.33, SIDORAME TIMUR","prelist","MEDAN PERJUANGAN","SIDORAME TIMUR","LINGKUNGAN 6","","","F. Konstruksi","SBR"],
    ["98802","ANUGRAH BAHARI","JL SERAM NO 45","prelist","MEDAN PERJUANGAN","PANDAU HILIR","LINGKUNGAN 2","","","G. Perdagangan Besar dan Eceran, Reparasi Mobil dan Sepeda Motor","SBR"],
    ["98807","TRI MEGA INDO JAYA","JL AMBON","prelist","MEDAN PERJUANGAN","PANDAU HILIR","LINGKUNGAN 4","","","C. Industri Pengolahan","SBR"],
    ["98843","ALIZA SEJAHTERA WISATA","JL MH THAMRIN","prelist","MEDAN PERJUANGAN","PANDAU HILIR","LINGKUNGAN 4","","","N. Jasa Persewaan, Ketenagakerjaan, Agen Perjalanan, dan Jasa Pendukung","SBR"],
    ["98851","AKIN LENTUR JAYA","DOROWATI NO.35 RT.000 RW.000, SIDORAME BARAT I","prelist","MEDAN PERJUANGAN","SIDORAME BARAT I","LINGKUNGAN 7","","","G. Perdagangan Besar dan Eceran, Reparasi Mobil dan Sepeda Motor","SBR"],
    ["98877","RICKY PELITA MANDIRI","JL.PELITA IV NO.92/132, SIDORAME BARAT II","prelist","MEDAN PERJUANGAN","SIDORAME BARAT II","LINGKUNGAN 7","","","G. Perdagangan Besar dan Eceran, Reparasi Mobil dan Sepeda Motor","SBR"],
    ["98880","KARYA SENDORO","RAKYAT LR.GEREJA NO.45 RT.000 RW.000, SIDORAME TIMUR","prelist","MEDAN PERJUANGAN","SIDORAME TIMUR","LINGKUNGAN 2","","","G. Perdagangan Besar dan Eceran, Reparasi Mobil dan Sepeda Motor","SBR"],
    ["98900","INTIMAS TANI","JL.PROF.HM.YAMIN SH. NO.307, SIDODADI","prelist","MEDAN PERJUANGAN","SEI KERA HILIR I","LINGKUNGAN 1","","","G. Perdagangan Besar dan Eceran, Reparasi Mobil dan Sepeda Motor","SBR"],
    ["98954","PORTAL UTAMA","JL.MESJID TAUFIQ NO.35-B, TEGAL REJO","prelist","MEDAN PERJUANGAN","TEGAL REJO","LINGKUNGAN 6","","","M. Jasa Profesional, Ilmiah, dan Teknis","SBR"],
    ["99007","VINA JAYA","JL.H.M.YAMIN.SH GG.RUSLAN 342, GANG BUNTU","prelist","MEDAN PERJUANGAN","SEI KERA HULU","LINGKUNGAN 7","","","G. Perdagangan Besar dan Eceran, Reparasi Mobil dan Sepeda Motor","SBR"],
    ["99010","TIRTASANA","JL.SUMBA NO.1-AA, SIDODADI","prelist","MEDAN PERJUANGAN","PANDAU HILIR","LINGKUNGAN 2","","","G. Perdagangan Besar dan Eceran, Reparasi Mobil dan Sepeda Motor","SBR"],
    ["99018","MULTI REALINDO AGUNG","JL MAHONI MAS","prelist","MEDAN PERJUANGAN","SIDORAME BARAT I","LINGKUNGAN 14","","","G. Perdagangan Besar dan Eceran, Reparasi Mobil dan Sepeda Motor","SBR"],
    ["99065","TANI NELAYAN MEGA TANI SUMUT","JL. PROF.H.M. YAMIN,S.H. NO.572, PAHLAWAN","prelist","MEDAN PERJUANGAN","PAHLAWAN","LINGKUNGAN 1","","","G. Perdagangan Besar dan Eceran, Reparasi Mobil dan Sepeda Motor","SBR"],
    ["99090","MITRA WAHANA MENTARI JAYA","JL SULANG SALING","prelist","MEDAN PERJUANGAN","PAHLAWAN","LINGKUNGAN 10","","","L. Real Estat","SBR"],
    ["99103","MALINDA","JL.DEMOKRAT NO.33, SIDORAME BARAT I","prelist","MEDAN PERJUANGAN","SIDORAME BARAT I","LINGKUNGAN 4","","","G. Perdagangan Besar dan Eceran, Reparasi Mobil dan Sepeda Motor","SBR"],
    ["99118","RAIHAN","JL. GURILLA GG SEDERHANA, SIDORAME TIMUR","prelist","MEDAN PERJUANGAN","SIDORAME TIMUR","LINGKUNGAN 4","","","G. Perdagangan Besar dan Eceran, Reparasi Mobil dan Sepeda Motor","SBR"],
    ["99123","PARDOMUAN","JL DOROWATI","prelist","MEDAN PERJUANGAN","SIDORAME BARAT II","LINGKUNGAN 1","","","G. Perdagangan Besar dan Eceran, Reparasi Mobil dan Sepeda Motor","SBR"],
    ["99127","JAYA UTAMA","JL.RAKYAT LORONG GEREJA NO.28, SIDORAME TIMUR","prelist","MEDAN PERJUANGAN","SIDORAME BARAT I","LINGKUNGAN 8","","","G. Perdagangan Besar dan Eceran, Reparasi Mobil dan Sepeda Motor","SBR"],
    ["99133","TRIMENSI","JL.SEJATI GG.NASIONAL NO.8-A, SIDORAME BARAT I","prelist","MEDAN PERJUANGAN","SIDORAME BARAT I","LINGKUNGAN 7","","","G. Perdagangan Besar dan Eceran, Reparasi Mobil dan Sepeda Motor","SBR"],
    ["99144","N A T I O","JL.PELITA I NO.40-A, SIDORAME BARAT I","prelist","MEDAN PERJUANGAN","SIDORAME BARAT II","LINGKUNGAN 5","","","G. Perdagangan Besar dan Eceran, Reparasi Mobil dan Sepeda Motor","SBR"],
    ["99148","LOMAK & REINS BERSAUDARA","PELITA II NO.106 RT.000 RW.000, SIDORAME TIMUR","prelist","MEDAN PERJUANGAN","SIDORAME TIMUR","LINGKUNGAN 11","","","G. Perdagangan Besar dan Eceran, Reparasi Mobil dan Sepeda Motor","SBR"],
    ["99168","ROGATE","JL.TAUT GG.PERINTIS NO.2 RT. 0 RW. 0","prelist","MEDAN PERJUANGAN","SIDORAME TIMUR","LINGKUNGAN 9","","","G. Perdagangan Besar dan Eceran, Reparasi Mobil dan Sepeda Motor","SBR"],
    ["99175","SINAR HARAPAN GEMILANG","JL.SERAM DALAM NO.86-B/96, PAHLAWAN","prelist","MEDAN PERJUANGAN","PANDAU HILIR","LINGKUNGAN 2","","","G. Perdagangan Besar dan Eceran, Reparasi Mobil dan Sepeda Motor","SBR"],
    ["99198","LESTARI AGRO MANDIRI","JL. NURI","prelist","MEDAN PERJUANGAN","SIDORAME TIMUR","LINGKUNGAN 10","","","A. Pertanian, Kehutanan, dan Perikanan","SBR"],
    ["99206","MULTIINDO FARMA","JL.H.M.YAMIN.SH NO.402, PANDAU HILIR","prelist","MEDAN PERJUANGAN","SEI KERA HULU","LINGKUNGAN 4","","","G. Perdagangan Besar dan Eceran, Reparasi Mobil dan Sepeda Motor","SBR"],
    ["99207","PUTRA BUNGANUSA","JL.PROF.H.M.YAMIN.SH NO.522, SEI KERA HILIR I","prelist","MEDAN PERJUANGAN","PAHLAWAN","LINGKUNGAN 1","","","G. Perdagangan Besar dan Eceran, Reparasi Mobil dan Sepeda Motor","SBR"],
    ["99212","SKINNIQUE AESTHETIQUE CENTRE","JL.KAMPER MAS BLOK E NO.9 RT.000 RW.000, SIDORAME BARAT I","prelist","MEDAN PERJUANGAN","SIDORAME BARAT I","LINGKUNGAN 7","","","S. Aktivitas Jasa Lainnya","SBR"],
    ["99227","USAHA MINA CIPTA SEJAHTERA","JL.MAHONI MAS BLOK-E NO.2, SIDORAME BARAT I","prelist","MEDAN PERJUANGAN","SIDORAME BARAT I","LINGKUNGAN 14","","","C. Industri Pengolahan","SBR"],
    ["99278","KONSTRUKSI TENAGA INTI","JL.RAKYAT NO.7, SIDODADI","prelist","MEDAN PERJUANGAN","SIDORAME TIMUR","LINGKUNGAN 1","","","G. Perdagangan Besar dan Eceran, Reparasi Mobil dan Sepeda Motor","SBR"],
    ["99303","GUNUNG MAS LESTARI","JL.NANGGARJATI NO.12 MEDAN, SIDORAME TIMUR","prelist","MEDAN PERJUANGAN","SIDORAME TIMUR","LINGKUNGAN 4","","","G. Perdagangan Besar dan Eceran, Reparasi Mobil dan Sepeda Motor","SBR"],
    ["99349","PERDANA INDONUSA PRIMA","JL VETERAN","prelist","MEDAN PERJUANGAN","PANDAU HILIR","LINGKUNGAN 1","","","G. Perdagangan Besar dan Eceran, Reparasi Mobil dan Sepeda Motor","SBR"],
    ["99366","RAJA PALLET INDONESIA","JL.PELITA V NO.78, SIDORAME BARAT I","prelist","MEDAN PERJUANGAN","SIDORAME BARAT II","LINGKUNGAN 9","","","F. Konstruksi","SBR"],
    ["99375","PAK TOGA","JL HM YAMIN SH NO.125","prelist","MEDAN PERJUANGAN","SEI KERA HILIR II","LINGKUNGAN 15","","","G. Perdagangan Besar dan Eceran, Reparasi Mobil dan Sepeda Motor","SBR"],
    ["99394","MEGAH ASIA","JL. SEI KERA","prelist","MEDAN PERJUANGAN","PANDAU HILIR","LINGKUNGAN 4","","","G. Perdagangan Besar dan Eceran, Reparasi Mobil dan Sepeda Motor","SBR"],
    ["99414","MAHKOTA MAS JAYA","JL.DURIAN NO.2-R, PERINTIS","prelist","MEDAN PERJUANGAN","SIDORAME BARAT I","LINGKUNGAN 4","","","F. Konstruksi","SBR"],
    ["99435","SERBA USAHA MITRA PELANGI CEMERLANG","JL. RAKYAT","prelist","MEDAN PERJUANGAN","TEGAL REJO","LINGKUNGAN 13","","","G. Perdagangan Besar dan Eceran, Reparasi Mobil dan Sepeda Motor","SBR"],
    ["99456","BAKE KING CHEMICAL","JL. LETKOL MARTINUS LUBIS","prelist","MEDAN PERJUANGAN","PANDAU HILIR","LINGKUNGAN 1","","","G. Perdagangan Besar dan Eceran, Reparasi Mobil dan Sepeda Motor","SBR"],
    ["99473","KLINIK CITRA","JL. PROF HM. YAMIN SH","prelist","MEDAN PERJUANGAN","SEI KERA HILIR II","LINGKUNGAN 3","","","Q. Jasa Kesehatan dan Kegiatan Sosial","SBR"],
    ["99474","HAPOLE OTNIEL INTERNASIONAL","JL. MESJID TAUFIK NO. 75","prelist","MEDAN PERJUANGAN","TEGAL REJO","LINGKUNGAN 7","","","G. Perdagangan Besar dan Eceran, Reparasi Mobil dan Sepeda Motor","SBR"],
    ["99482","ARSIVARO","JL.MAPILINDO NO.57, TEGAL REJO","prelist","MEDAN PERJUANGAN","TEGAL REJO","LINGKUNGAN 2","","","M. Jasa Profesional, Ilmiah, dan Teknis","SBR"],
    ["99495","GALUNG EFFENDO SEHATI","JL PERJUANGAN NO. 20 LINGK. VII","prelist","MEDAN PERJUANGAN","SIDORAME TIMUR","LINGKUNGAN 7","","","F. Konstruksi","SBR"],
    ["99503","RAJA PUTRA UTAMA","PROF.H.M YAMIN","prelist","MEDAN PERJUANGAN","SEI KERA HILIR II","LINGKUNGAN 8","","","F. Konstruksi","SBR"],
    ["99506","PELANGI INDAH WISATAMA","JL RAKYAT LK VII","prelist","MEDAN PERJUANGAN","SIDORAME TIMUR","LINGKUNGAN 11","","","H. Transportasi dan Pergudangan","SBR"],
    ["99508","POLYTAMA PLASTIK","JL F.L. TOBING NO 1","prelist","MEDAN PERJUANGAN","PANDAU HILIR","LINGKUNGAN 2","","","G. Perdagangan Besar dan Eceran, Reparasi Mobil dan Sepeda Motor","SBR"],
    ["99514","GEOSCRIPT","JL. M YAKUB GG TINIK","prelist","MEDAN PERJUANGAN","SEI KERA HILIR II","LINGKUNGAN 4","","","G. Perdagangan Besar dan Eceran, Reparasi Mobil dan Sepeda Motor","SBR"],
    ["99517","RAHMATULLAH","JL HM SAID GG PELAJAR","prelist","MEDAN PERJUANGAN","SIDORAME BARAT I","LINGKUNGAN 4","","","G. Perdagangan Besar dan Eceran, Reparasi Mobil dan Sepeda Motor","SBR"],
    ["99522","BATACA CIPTA","JL.PELITA IV NO.42, SIDORAME BARAT I","prelist","MEDAN PERJUANGAN","SIDORAME BARAT II","LINGKUNGAN 7","","","M. Jasa Profesional, Ilmiah, dan Teknis","SBR"],
    ["99524","LINEAL UTAMA FINTECH","JL PERJUANGAN GG ROMA NOMOR 32","prelist","MEDAN PERJUANGAN","SIDORAME TIMUR","LINGKUNGAN 10","","","G. Perdagangan Besar dan Eceran, Reparasi Mobil dan Sepeda Motor","SBR"],
    ["99525","IRHAM MULIA","PIMPINAN NO 81 NO 81, SEI KERA HILIR I","prelist","MEDAN PERJUANGAN","SEI KERA HILIR I","LINGKUNGAN 11","","","F. Konstruksi","SBR"],
    ["99537","CAKRAWALA ERA ORGANIZER","JL MALAKA LK V","prelist","MEDAN PERJUANGAN","PANDAU HILIR","LINGKUNGAN 4","","","N. Jasa Persewaan, Ketenagakerjaan, Agen Perjalanan, dan Jasa Pendukung","SBR"],
    ["99540","JAWARA INDOKREASI VARIA","JL MALAKA","prelist","MEDAN PERJUANGAN","PANDAU HILIR","LINGKUNGAN 5","","","N. Jasa Persewaan, Ketenagakerjaan, Agen Perjalanan, dan Jasa Pendukung","SBR"],
    ["99569","PESEMAI","JL.PASAR III NO.106, TEGAL REJO","prelist","MEDAN PERJUANGAN","TEGAL REJO","LINGKUNGAN 11","","","G. Perdagangan Besar dan Eceran, Reparasi Mobil dan Sepeda Motor","SBR"],
    ["99583","MEIKO EDUKATA CIPTA MANDIRI","JL DOROWATI LR REJO","prelist","MEDAN PERJUANGAN","SIDORAME BARAT I","LINGKUNGAN 9","","","N. Jasa Persewaan, Ketenagakerjaan, Agen Perjalanan, dan Jasa Pendukung","SBR"],
    ["99605","KARYA ABADI SEJAHTRA","JL MABAR","prelist","MEDAN PERJUANGAN","PANDAU HILIR","LINGKUNGAN 9","","","L. Real Estat","SBR"],
    ["99618","HARRY GRAHA KARYA","JALAN HM.SAID","prelist","MEDAN PERJUANGAN","SIDORAME BARAT I","LINGKUNGAN 14","","","F. Konstruksi","SBR"],
    ["99648","MULTIGUNA INFORMATIKA","JL.PROF.HM.YAMIN.SH NO.262, SEI KERA HILIR I","prelist","MEDAN PERJUANGAN","SEI KERA HULU","LINGKUNGAN 1","","","G. Perdagangan Besar dan Eceran, Reparasi Mobil dan Sepeda Motor","SBR"],
    ["99686","QUANTUM DINAMIKA","JL SATRIA BARAT","prelist","MEDAN PERJUANGAN","SEI KERA HULU","LINGKUNGAN 20","","","G. Perdagangan Besar dan Eceran, Reparasi Mobil dan Sepeda Motor","SBR"],
    ["99747","KARO SIMALEM","JL.KESATRIA NO.84, PANDAU HILIR","prelist","MEDAN PERJUANGAN","PAHLAWAN","LINGKUNGAN 13","","","H. Transportasi dan Pergudangan","SBR"],
    ["99772","WICANA INDO NUGRAHA","JL NEGARA","prelist","MEDAN PERJUANGAN","PAHLAWAN","LINGKUNGAN 11","","","G. Perdagangan Besar dan Eceran, Reparasi Mobil dan Sepeda Motor","SBR"],
    ["99774","ANEKA JAYA SIANTURI","JALAN RAKYAT","prelist","MEDAN PERJUANGAN","TEGAL REJO","LINGKUNGAN 8","","","G. Perdagangan Besar dan Eceran, Reparasi Mobil dan Sepeda Motor","SBR"],
    ["99788","SUKSES MILIK BERSAMA","JL. SEI KERA LK. VIII","prelist","MEDAN PERJUANGAN","PANDAU HILIR","LINGKUNGAN 4","","","G. Perdagangan Besar dan Eceran, Reparasi Mobil dan Sepeda Motor","SBR"],
    ["99831","LINTAS BENUA","JL.DOROWATI LR III NO.06, SIDORAME BARAT II","prelist","MEDAN PERJUANGAN","SIDORAME BARAT II","LINGKUNGAN 1","","","G. Perdagangan Besar dan Eceran, Reparasi Mobil dan Sepeda Motor","SBR"],
    ["99852","LETICIA","JL. MESJID TAUFIQ","prelist","MEDAN PERJUANGAN","TEGAL REJO","LINGKUNGAN 7","","","P. Pendidikan","SBR"],
    ["99855","TRANS SADARINA SUKSES","JLN SEJATI NOMOR 14,","prelist","MEDAN PERJUANGAN","SIDORAME BARAT I","LINGKUNGAN 13","","","G. Perdagangan Besar dan Eceran, Reparasi Mobil dan Sepeda Motor","SBR"],
    ["99875","BADAN PENGELOLA LAHAN PANGAN RAKYAT INDONESIA","JL.GURILLA NO.133, SEI KERA HILIR I","prelist","MEDAN PERJUANGAN","SEI KERA HILIR I","LINGKUNGAN 4","","","A. Pertanian, Kehutanan, dan Perikanan","SBR"],
    ["99894","PEDAGANG INDAH MEGAH","JL.PROF.HM.YAMIN SH NO.243, SEI KERA HILIR I","prelist","MEDAN PERJUANGAN","SEI KERA HILIR II","LINGKUNGAN 9","","","G. Perdagangan Besar dan Eceran, Reparasi Mobil dan Sepeda Motor","SBR"],
    ["99903","MEDIA KREATIF INDONESIA","JL TIRTO","prelist","MEDAN PERJUANGAN","SEI KERA HILIR II","LINGKUNGAN 2","","","N. Jasa Persewaan, Ketenagakerjaan, Agen Perjalanan, dan Jasa Pendukung","SBR"],
    ["99929","ROMANTO JAYA EXPRESE","JL.KESEHATAN NO.17, SEI KERA HILIR I","prelist","MEDAN PERJUANGAN","SEI KERA HILIR I","LINGKUNGAN 4","","","H. Transportasi dan Pergudangan","SBR"],
    ["99987","ANUGERAH ELSORY SEJAHTERA","JALAN PERJUANGAN","prelist","MEDAN PERJUANGAN","SEI KERA HILIR I","LINGKUNGAN 12","","","M. Jasa Profesional, Ilmiah, dan Teknis","SBR"],
    ["100003","VENA OKULA","JL.HM.YAMIN SH. NO.102-B, SEI KERA HILIR I","prelist","MEDAN PERJUANGAN","SEI KERA HILIR I","LINGKUNGAN 4","","","G. Perdagangan Besar dan Eceran, Reparasi Mobil dan Sepeda Motor","SBR"],
    ["100062","ABDI PENDIDIKAN DAN ILMU PENGETAHUAN SUM.UTARA (APIPSU)","JL JAMBI NO 23-D","prelist","MEDAN PERJUANGAN","PANDAU HILIR","LINGKUNGAN 3","","","P. Pendidikan","SBR"],
    ["100114","PETROLUBE NIAGA ANDALAS","JL DURIAN","prelist","MEDAN PERJUANGAN","SIDORAME BARAT I","LINGKUNGAN 3","","","G. Perdagangan Besar dan Eceran, Reparasi Mobil dan Sepeda Motor","SBR"],
    ["100121","GENTA HARAPAN","JL PERINTIS KEMERDEKAAN","prelist","MEDAN PERJUANGAN","SIDORAME BARAT I","LINGKUNGAN 14","","","H. Transportasi dan Pergudangan","SBR"],
    ["100124","FARA DIBHA ARTHAMAS","JL.MAPELINDO GG.MANGGA NO.9, TEGAL REJO","prelist","MEDAN PERJUANGAN","TEGAL REJO","LINGKUNGAN 5","","","G. Perdagangan Besar dan Eceran, Reparasi Mobil dan Sepeda Motor","SBR"],
    ["100172","SUN BERSAUDARA","JL SUTOMO BARU","prelist","MEDAN PERJUANGAN","PANDAU HILIR","LINGKUNGAN 1","","","C. Industri Pengolahan","SBR"],
    ["100193","TRI TUNGGAL MANDIRI","JL.GB.YOSUA NO.57, PANDAU HILIR","prelist","MEDAN PERJUANGAN","PANDAU HILIR","LINGKUNGAN 4","","","G. Perdagangan Besar dan Eceran, Reparasi Mobil dan Sepeda Motor","SBR"],
    ["100261","TIRA DARMA","JL. PAHLAWAN GG GEMBIRA","prelist","MEDAN PERJUANGAN","PAHLAWAN","LINGKUNGAN 2","","","G. Perdagangan Besar dan Eceran, Reparasi Mobil dan Sepeda Motor","SBR"],
    ["100267","DEARMA JAYA TRANS","JL. MESJID TAUFIK GG TAMTAMA II","prelist","MEDAN PERJUANGAN","TEGAL REJO","LINGKUNGAN 13","","","N. Jasa Persewaan, Ketenagakerjaan, Agen Perjalanan, dan Jasa Pendukung","SBR"],
    ["100292","MONSAI FARMA CAB.MEDAN","JL.IBRAHIM UMAR NO.18, SEI KERA HILIR I","prelist","MEDAN PERJUANGAN","SEI KERA HILIR I","LINGKUNGAN 8","","","G. Perdagangan Besar dan Eceran, Reparasi Mobil dan Sepeda Motor","SBR"],
    ["100305","WINATEK WIDITA SEJAHTERA","JL MALAKA NO 27B","prelist","MEDAN PERJUANGAN","PANDAU HILIR","LINGKUNGAN 4","","","F. Konstruksi","SBR"],
    ["100309","PERGURUAN MADYA UTAMA","JL.MADIO UTOMO NO.25, SIDORAME TIMUR","prelist","MEDAN PERJUANGAN","SIDORAME TIMUR","LINGKUNGAN 15","","","P. Pendidikan","SBR"],
    ["100318","JIMMY RAE","JL.MABAR NO.65, SEI KERA HILIR I","prelist","MEDAN PERJUANGAN","SEI KERA HILIR II","LINGKUNGAN 1","","","C. Industri Pengolahan","SBR"],
    ["100321","AGRO BUMI PERKASA","JL. PROF. HM YAMIN SH","prelist","MEDAN PERJUANGAN","SEI KERA HULU","LINGKUNGAN 3","","","G. Perdagangan Besar dan Eceran, Reparasi Mobil dan Sepeda Motor","SBR"],
    ["100374","51 JAYA","JL.NEGARA NO.46-B RT. 0 RW. 0","prelist","MEDAN PERJUANGAN","PAHLAWAN","LINGKUNGAN 11","","","S. Aktivitas Jasa Lainnya","SBR"],
    ["100383","MANDIRI GEMILANG","JL.TANJUNG MORAWA NO.10, PANDAU HILIR","prelist","MEDAN PERJUANGAN","PANDAU HILIR","LINGKUNGAN 7","","","G. Perdagangan Besar dan Eceran, Reparasi Mobil dan Sepeda Motor","SBR"],
    ["100440","KONTAK KONSULTAN","JL PERMAI","prelist","MEDAN PERJUANGAN","SIDORAME TIMUR","LINGKUNGAN 13","","","M. Jasa Profesional, Ilmiah, dan Teknis","SBR"],
    ["100462","MUSIM SEMI WISATA","KOMPLEK SEHATI INDAH JL PASAR III","prelist","MEDAN PERJUANGAN","TEGAL REJO","LINGKUNGAN 9","","","N. Jasa Persewaan, Ketenagakerjaan, Agen Perjalanan, dan Jasa Pendukung","SBR"],
    ["100474","REPTIL CORPORATION","JL SEI KERA GG SOSIAL","prelist","MEDAN PERJUANGAN","PANDAU HILIR","LINGKUNGAN 4","","","G. Perdagangan Besar dan Eceran, Reparasi Mobil dan Sepeda Motor","SBR"],
    ["100516","ANUGRAH","JL.PIMPINAN NO.106, SEI KERA HILIR I","prelist","MEDAN PERJUANGAN","SEI KERA HILIR I","LINGKUNGAN 4","","","G. Perdagangan Besar dan Eceran, Reparasi Mobil dan Sepeda Motor","SBR"],
    ["100533","HIKMAH SEJAHTERA MANDIRI","JL.MESJID TAUFIK NO.122/53, TEGAL REJO","prelist","MEDAN PERJUANGAN","TEGAL REJO","LINGKUNGAN 13","","","H. Transportasi dan Pergudangan","SBR"],
    ["100596","MUSLIM TEKNO INDONESIA","JALAN SENTOSA LAMA GANG ANTARA NOMOR 3C","prelist","MEDAN PERJUANGAN","SEI KERA HULU","LINGKUNGAN 20","","","N. Jasa Persewaan, Ketenagakerjaan, Agen Perjalanan, dan Jasa Pendukung","SBR"],
    ["100632","KALI INTAN","JL.AMBON NO.30-A, GANG BUNTU","prelist","MEDAN PERJUANGAN","PANDAU HILIR","LINGKUNGAN 1","","","F. Konstruksi","SBR"],
    ["100641","SOLUSI USAHA BERSAMA","JL PROF HM YAMIN SH","prelist","MEDAN PERJUANGAN","PAHLAWAN","LINGKUNGAN 15","","","G. Perdagangan Besar dan Eceran, Reparasi Mobil dan Sepeda Motor","SBR"],
    ["100661","INTERNATIONAL EDUKASI CEMERLANG","JL.MALAKA NO.59/29, PANDAU HILIR","prelist","MEDAN PERJUANGAN","PANDAU HILIR","LINGKUNGAN 9","","","P. Pendidikan","SBR"],
    ["100680","MULTI HARAPAN SEJATI","JL.RAKYAT GG.KASUARI NO.2-A, TEGAL REJO","prelist","MEDAN PERJUANGAN","TEGAL REJO","LINGKUNGAN 13","","","M. Jasa Profesional, Ilmiah, dan Teknis","SBR"],
    ["100719","HARAPAN MANDIRI JAYA","JL.IBRAHIM UMAR NO.25, SEI KERA HILIR II","prelist","MEDAN PERJUANGAN","SEI KERA HILIR II","LINGKUNGAN 7","","","J. Informasi dan Komunikasi","SBR"],
    ["100743","DELI PERKASA","JL.M.YACUB NO.28-B, SEI KERA HULU","prelist","MEDAN PERJUANGAN","SEI KERA HILIR II","LINGKUNGAN 3","","","F. Konstruksi","SBR"],
    ["100781","ALI KAWI","JL.MALAKA NO.112, PANDAU HILIR","prelist","MEDAN PERJUANGAN","PANDAU HILIR","LINGKUNGAN 6","","","C. Industri Pengolahan","SBR"],
    ["100804","WIGUNA INTI NUSANTARA","JL FLORES NOMOR 24/30","prelist","MEDAN PERJUANGAN","PANDAU HILIR","LINGKUNGAN 2","","","M. Jasa Profesional, Ilmiah, dan Teknis","SBR"],
    ["100869","KARYA GUNA SEJAHTERA","JL.PELITA II NO.55, SIDORAME BARAT I","prelist","MEDAN PERJUANGAN","SIDORAME BARAT II","LINGKUNGAN 7","","","F. Konstruksi","SBR"],
    ["100886","NIAGA MOTOR","KOMPLEK SERDANG MAS JL PROF HM YAMIN SH","prelist","MEDAN PERJUANGAN","SEI KERA HULU","LINGKUNGAN 5","","","G. Perdagangan Besar dan Eceran, Reparasi Mobil dan Sepeda Motor","SBR"],
    ["100954","POMA GRAHA JAYA","JL SERAM BARU","prelist","MEDAN PERJUANGAN","PANDAU HILIR","LINGKUNGAN 2","","","F. Konstruksi","SBR"],
    ["100969","NUANSA INDAH","JL.PELITA III NO.10, SIDORAME BARAT I","prelist","MEDAN PERJUANGAN","SIDORAME BARAT I","LINGKUNGAN 2","","","F. Konstruksi","SBR"],
    ["100976","SABRINA AL FIKRI TOUR AND TRAVEL","JL TUNGGAL GG PERKUTUT","prelist","MEDAN PERJUANGAN","SIDORAME TIMUR","LINGKUNGAN 13","","","N. Jasa Persewaan, Ketenagakerjaan, Agen Perjalanan, dan Jasa Pendukung","SBR"],
    ["100985","ANAK MAS CORPORATION","JL.PELITA I NO.16, SIDORAME BARAT I","prelist","MEDAN PERJUANGAN","SIDORAME BARAT I","LINGKUNGAN 5","","","P. Pendidikan","SBR"],
    ["101026","ULOS SIBOLANG TAXI","JL.MESJID TAUFIK G.NANGKA NO.2, TEGAL REJO","prelist","MEDAN PERJUANGAN","TEGAL REJO","LINGKUNGAN 7","","","H. Transportasi dan Pergudangan","SBR"],
    ["101050","TOY GELL","JL.PELITA II NO.87, SIDORAME BARAT II","prelist","MEDAN PERJUANGAN","SIDORAME BARAT II","LINGKUNGAN 6","","","G. Perdagangan Besar dan Eceran, Reparasi Mobil dan Sepeda Motor","SBR"],
    ["101056","PANCA BERKAT UTAMA INDONESIA","JL HM SAID","prelist","MEDAN PERJUANGAN","SIDORAME BARAT I","LINGKUNGAN 6","","","B. Pertambangan dan Penggalian","SBR"],
    ["101097","INFO MOTOR DINAMIK PERKASA","JL PROF HM YAMIN SH","prelist","MEDAN PERJUANGAN","SEI KERA HILIR II","LINGKUNGAN 8","","","G. Perdagangan Besar dan Eceran, Reparasi Mobil dan Sepeda Motor","SBR"],
    ["101102","SIMPAN PINJAM SINAR SURYA","JL.SERAM NO.15, PANDAU HILIR","prelist","MEDAN PERJUANGAN","PANDAU HILIR","LINGKUNGAN 2","","","K. Aktivitas Keuangan Dan Asuransi","SBR"],
    ["101152","MEDITASI VIPASSANA DHAMMA SUWARNADWIPA","JALAN PROF H.M.YAMIN SH, KOMP. SERDANG MAS","prelist","MEDAN PERJUANGAN","SEI KERA HULU","LINGKUNGAN 5","","","S. Aktivitas Jasa Lainnya","SBR"],
    ["101166","KELOMPOK LUMUMBA","JALAN PAHLAWAN GG LUMUMBA","prelist","MEDAN PERJUANGAN","PAHLAWAN","LINGKUNGAN 5","","","A. Pertanian, Kehutanan, dan Perikanan","SBR"],
    ["101199","CIPTA TEKNIK MANDIRI","JL. PENDIDIKAN GG MELATI","prelist","MEDAN PERJUANGAN","TEGAL REJO","LINGKUNGAN 14","","","G. Perdagangan Besar dan Eceran, Reparasi Mobil dan Sepeda Motor","SBR"],
    ["101229","JAYA ABADI PERKASA","JL. PELITA III","prelist","MEDAN PERJUANGAN","SIDORAME BARAT I","LINGKUNGAN 2","","","G. Perdagangan Besar dan Eceran, Reparasi Mobil dan Sepeda Motor","SBR"],
    ["101233","INDOMORA","JL. PROF. HM. YAMIN, SH NO. 221, SEI KERA HILIR II","prelist","MEDAN PERJUANGAN","SEI KERA HILIR II","LINGKUNGAN 8","","","J. Informasi dan Komunikasi","SBR"],
    ["101235","BINA GUNA","JL PELITA II","prelist","MEDAN PERJUANGAN","SIDORAME BARAT I","LINGKUNGAN 3","","","G. Perdagangan Besar dan Eceran, Reparasi Mobil dan Sepeda Motor","SBR"],
    ["101243","RADIO ALNORA","JL.NGALENGKO NO.15, SIDORAME BARAT I","prelist","MEDAN PERJUANGAN","SIDORAME BARAT I","LINGKUNGAN 10","","","J. Informasi dan Komunikasi","SBR"],
    ["101283","SUMBER MAKMUR JAYA","JL.GURILLA NO.115-A, SEI KERA HILIR I","prelist","MEDAN PERJUANGAN","SEI KERA HILIR I","LINGKUNGAN 4","","","C. Industri Pengolahan","SBR"],
    ["101295","PELITA PERMAI","JL. PELITA II GG BENGAWAN NO 5-A RT. 00 RW. 0","prelist","MEDAN PERJUANGAN","SIDORAME TIMUR","LINGKUNGAN 12","","","G. Perdagangan Besar dan Eceran, Reparasi Mobil dan Sepeda Motor","SBR"],
    ["101360","KANA PELANGI SEJATI","JL PIMPINAN GG SEKOLAH","prelist","MEDAN PERJUANGAN","SEI KERA HILIR I","LINGKUNGAN 11","","","G. Perdagangan Besar dan Eceran, Reparasi Mobil dan Sepeda Motor","SBR"],
    ["101391","HARRY PAND","JL.PERMAI NO.24, SIDORAME TIMUR","prelist","MEDAN PERJUANGAN","SIDORAME TIMUR","LINGKUNGAN 13","","","F. Konstruksi","SBR"],
    ["101392","TARUKO","JL.PERTEMUAN NO.33, SIDORAME TIMUR","prelist","MEDAN PERJUANGAN","SIDORAME TIMUR","LINGKUNGAN 6","","","F. Konstruksi","SBR"],
    ["101401","PANGERAN PRATAMA GRAHA","JL.PELITA IV NO.17, SIDORAME BARAT I","prelist","MEDAN PERJUANGAN","SIDORAME BARAT I","LINGKUNGAN 1","","","G. Perdagangan Besar dan Eceran, Reparasi Mobil dan Sepeda Motor","SBR"],
    ["101410","SINAR SURYA GAS","JL.H.M.YAMIN SH NO.277, SIDODADI","prelist","MEDAN PERJUANGAN","SEI KERA HILIR II","LINGKUNGAN 10","","","G. Perdagangan Besar dan Eceran, Reparasi Mobil dan Sepeda Motor","SBR"],
    ["101419","BANGUN JAYA","JL. HM YAMIN SH NO.388, SEI KERA HULU","prelist","MEDAN PERJUANGAN","SEI KERA HULU","LINGKUNGAN 3","","","J. Informasi dan Komunikasi","SBR"],
    ["101437","TUNGGAL ANUGERAH NUSANTARA","JL MALAKA NOMOR 75 LINGKUNGAN VIII","prelist","MEDAN PERJUANGAN","PANDAU HILIR","LINGKUNGAN 8","","","U. Kegiatan Badan Internasional dan Badan Ekstra Internasional Lainnya","SBR"],
    ["101462","TRI JAYA DIMENSI","JALAN PELITA VI NOMOR 2","prelist","MEDAN PERJUANGAN","SIDORAME BARAT II","LINGKUNGAN 9","","","K. Aktivitas Keuangan Dan Asuransi","SBR"],
    ["101550","GRAHA BUNDA SEJAHTERA","JL PROF HM YAMIN SH","prelist","MEDAN PERJUANGAN","SEI KERA HILIR II","LINGKUNGAN 8","","","Q. Jasa Kesehatan dan Kegiatan Sosial","SBR"],
    ["101564","ARCANA PROFESSIONAL SERVICES","JL.MALAKA NO.37-A D/H 93, PANDAU HILIR","prelist","MEDAN PERJUANGAN","PANDAU HILIR","LINGKUNGAN 4","","","N. Jasa Persewaan, Ketenagakerjaan, Agen Perjalanan, dan Jasa Pendukung","SBR"],
    ["101621","PENDIDIKAN HURIA KRISTEN BATAK PROTESTAN SIDORAME MEDAN","DOROWATI","prelist","MEDAN PERJUANGAN","SIDORAME TIMUR","LINGKUNGAN 10","","","P. Pendidikan","SBR"],
    ["101628","BALAI LELANG UTAMA INDONESIA","JL. PRAJURIT","prelist","MEDAN PERJUANGAN","SIDORAME BARAT I","LINGKUNGAN 11","","","G. Perdagangan Besar dan Eceran, Reparasi Mobil dan Sepeda Motor","SBR"],
    ["101708","SATTA ARIYA DHANA","KARANTINA","prelist","MEDAN PERJUANGAN","SIDORAME BARAT I","LINGKUNGAN 7","","","S. Aktivitas Jasa Lainnya","SBR"],
    ["101780","ZAHIRA RAHMAN","IBRAHIM UMAR NO 19 RT.0 RW.0, SEI KERA HILIR I","prelist","MEDAN PERJUANGAN","SEI KERA HILIR I","LINGKUNGAN 11","","","P. Pendidikan","SBR"],
    ["101803","HITMAS JAYA RAYA CABANG MEDAN","JL.DURIAN NO.120, DURIAN","prelist","MEDAN PERJUANGAN","SIDORAME BARAT I","LINGKUNGAN 3","","","F. Konstruksi","SBR"],
    ["101810","ALEX TRADING COMPANY","JL.PROF.H.M.YAMIN.SH NO.522, SIDODADI","prelist","MEDAN PERJUANGAN","PAHLAWAN","LINGKUNGAN 1","","","G. Perdagangan Besar dan Eceran, Reparasi Mobil dan Sepeda Motor","SBR"],
    ["101867","TRI PRAKARSA UTAMA","JL PROF HM YAMIN SH","prelist","MEDAN PERJUANGAN","SEI KERA HULU","LINGKUNGAN 15","","","G. Perdagangan Besar dan Eceran, Reparasi Mobil dan Sepeda Motor","SBR"],
    ["101893","BAHTERA MANDIRI PERKASA","JL PELITA III","prelist","MEDAN PERJUANGAN","SIDORAME BARAT II","LINGKUNGAN 7","","","G. Perdagangan Besar dan Eceran, Reparasi Mobil dan Sepeda Motor","SBR"],
    ["102002","RAMA ARYA TAMA","JL RAKYAT","prelist","MEDAN PERJUANGAN","SIDORAME TIMUR","LINGKUNGAN 10","","","J. Informasi dan Komunikasi","SBR"],
    ["102012","DESA MAJU","JL VETERAN","prelist","MEDAN PERJUANGAN","PANDAU HILIR","LINGKUNGAN 1","","","H. Transportasi dan Pergudangan","SBR"],
    ["102021","MUTIARA BINA","JL.M. YACUB NO.172, SEI KERA HILIR II","prelist","MEDAN PERJUANGAN","SEI KERA HILIR II","LINGKUNGAN 12","","","J. Informasi dan Komunikasi","SBR"],
    ["102092","PENDIDIKAN SILOAM INDONESIA","RAKYAT NO 145 RT. 00 RW. 0","prelist","MEDAN PERJUANGAN","TEGAL REJO","LINGKUNGAN 13","","","P. Pendidikan","SBR"],
    ["102096","AKAR KREATIF INDONESIA","JL. SEI KERA LK. VIII","prelist","MEDAN PERJUANGAN","PANDAU HILIR","LINGKUNGAN 4","","","M. Jasa Profesional, Ilmiah, dan Teknis","SBR"],
    ["102114","SAUDARA JAYA","JL.SETIA JADI NO.14, GLUGUR DARAT I","prelist","MEDAN PERJUANGAN","TEGAL REJO","LINGKUNGAN 15","","","H. Transportasi dan Pergudangan","SBR"],
    ["102148","MAGMA SAFETY CARGO","JL PROF HM YAMIN SH SEI KERA HILIR II","prelist","MEDAN PERJUANGAN","SEI KERA HILIR II","LINGKUNGAN 8","","","H. Transportasi dan Pergudangan","SBR"],
    ["102189","KARYA SEJAHTERA PRIMA","JL PROF HM YAMIN GG WASLIYAH","prelist","MEDAN PERJUANGAN","SEI KERA HILIR II","LINGKUNGAN 11","","","M. Jasa Profesional, Ilmiah, dan Teknis","SBR"],
    ["102211","SETARA PARSADAAN NUSANTARA","JL. MALAKA","prelist","MEDAN PERJUANGAN","PANDAU HILIR","LINGKUNGAN 5","","","J. Informasi dan Komunikasi","SBR"],
    ["102276","YAKITA MULIA, PT","Jl. Pasar III No. 131","prelist","MEDAN PERJUANGAN","TEGAL REJO","LINGKUNGAN 11","","","A. Pertanian, Kehutanan, dan Perikanan","SBR"],
    ["102956","JUAL TAPE <MARYAM>","JALAN MAWAR LK 8","prelist","MEDAN PERJUANGAN","TEGAL REJO","LINGKUNGAN 15","","","C. Industri Pengolahan","SBR"],
    ["103198","PENGGULUNG KUE SUMPIA <SITI>","JALAN PAHLAWAN GANG ANOM NOMOR 41","prelist","MEDAN PERJUANGAN","PAHLAWAN","LINGKUNGAN 3","","","C. Industri Pengolahan","SBR"],
    ["103199","LAS PAGAR BESI <AGUS PONO SURONO>","JL KSATRIA BARAT NO 14 LINGKUNGAN 16","prelist","MEDAN PERJUANGAN","PAHLAWAN","LINGKUNGAN 16","","","C. Industri Pengolahan","SBR"],
    ["103200","PANGLONG KAYU BEKAS <KIEN HOCK>","JALAN KESATRIA NO 82 C LINGKUNGAN 13","prelist","MEDAN PERJUANGAN","PAHLAWAN","LINGKUNGAN 13","","","C. Industri Pengolahan","SBR"],
    ["103201","PANGLONG KAYU BEKAS <MARDIANA>","JALAN KESATRIA NO 47 LINGKUNGAN 43","prelist","MEDAN PERJUANGAN","PAHLAWAN","LINGKUNGAN 13","","","C. Industri Pengolahan","SBR"],
    ["103202","USAHA PEMBUATAN PEYEK <ERNA NINGSIH>","JALN SAKTI NO 43 MEDAN LINGKUNGAN IV","prelist","MEDAN PERJUANGAN","PAHLAWAN","LINGKUNGAN 12","","","C. Industri Pengolahan","SBR"],
    ["103203","PEMBUATAN SUMPIA <IRWAN>","JL TOMONG NO 5","prelist","MEDAN PERJUANGAN","SEI KERA HULU","LINGKUNGAN 19","","","C. Industri Pengolahan","SBR"],
    ["103204","JUAL KUE BASAH <PUTRI>","JL KERAMBIK NO 23 C LINGKUNGAN 6","prelist","MEDAN PERJUANGAN","PAHLAWAN","LINGKUNGAN 6","","","C. Industri Pengolahan","SBR"],
    ["103205","TUKANG LAST <BAMBANG>","JLN BADIK NO 39","prelist","MEDAN PERJUANGAN","PAHLAWAN","LINGKUNGAN 7","","","C. Industri Pengolahan","SBR"],
    ["103206","TUKANG JAHIT <ALI USMAN>","JLN BADIK GG TENGAH","prelist","MEDAN PERJUANGAN","PAHLAWAN","LINGKUNGAN 7","","","C. Industri Pengolahan","SBR"],
    ["103207","PEMBUATAN KUE LEBARAN < ENDANG >","JL BAMBU RUNCING NO 60 LINGKUNGAN 12","prelist","MEDAN PERJUANGAN","PAHLAWAN","LINGKUNGAN 12","","","C. Industri Pengolahan","SBR"],
    ["103208","SABLON DAN STEMPEL<IWAN>","JALAN HM YAMIN NO 270 MEDAN","prelist","MEDAN PERJUANGAN","SEI KERA HULU","LINGKUNGAN 2","","","C. Industri Pengolahan","SBR"],
    ["103209","PENGOLAHAN KAYU <SAPRI>","JL SEI KERA GG PINANG NO 2","prelist","MEDAN PERJUANGAN","SEI KERA HULU","LINGKUNGAN 3","","","C. Industri Pengolahan","SBR"],
    ["103210","PENJAHIT <SUNARTI>","JALAN SEI KERA GANG JAWA NOMOR 63","prelist","MEDAN PERJUANGAN","SEI KERA HULU","LINGKUNGAN 11","","","C. Industri Pengolahan","SBR"],
    ["103211","PEMBUATAN SUMPIA <SRI MULYATI>","JL SENTOSA LAMA GG SOTO NO 13 LINK 20","prelist","MEDAN PERJUANGAN","SEI KERA HULU","LINGKUNGAN 15","","","C. Industri Pengolahan","SBR"],
    ["103212","DEPOT RAKAWATER<TEGUH>","JALAN TOMONG 0045","prelist","MEDAN PERJUANGAN","SEI KERA HULU","LINGKUNGAN 19","","","C. Industri Pengolahan","SBR"],
    ["103213","BUNGA PAPAN <MAHMUD>","JL TOMONG","prelist","MEDAN PERJUANGAN","SEI KERA HULU","LINGKUNGAN 19","","","C. Industri Pengolahan","SBR"],
    ["103214","BECAK BARANG <HARIS>","JL M YAKOB GG PISANG NO 36","prelist","MEDAN PERJUANGAN","SEI KERA HILIR II","LINGKUNGAN 9","","","C. Industri Pengolahan","SBR"],
    ["103215","SABLON PRIMA","JL HM YAMIN NO 292","prelist","MEDAN PERJUANGAN","SEI KERA HILIR II","LINGKUNGAN 1","","","C. Industri Pengolahan","SBR"],
    ["103216","PENJAHIT ASMA ESSENCE","JL PIMPINAN GG SUKA FAMILI NO 3 LINK 13","prelist","MEDAN PERJUANGAN","SEI KERA HILIR I","LINGKUNGAN 13","","","C. Industri Pengolahan","SBR"],
    ["103217","JUALAN BUMBU <MALA>","JL PIMPINAN GG SUKADAME NO 13","prelist","MEDAN PERJUANGAN","SEI KERA HILIR I","LINGKUNGAN 11","","","C. Industri Pengolahan","SBR"],
    ["103218","USAHA BUBUT <IRVAN>TONI","JL PIMPINAN NO 85","prelist","MEDAN PERJUANGAN","SEI KERA HILIR I","LINGKUNGAN 11","","","C. Industri Pengolahan","SBR"],
    ["103219","MEMBUAT HIASAN DINDING <TAHAN>","JALAN GURILLA GG KAMBOJA NO 7","prelist","MEDAN PERJUANGAN","SEI KERA HILIR I","LINGKUNGAN 5","","","C. Industri Pengolahan","SBR"],
    ["103220","PERCETAKAN BINA UTAMA","JALAN PIMPINAN NO 18A LINGKUNGAN 6","prelist","MEDAN PERJUANGAN","SEI KERA HILIR I","LINGKUNGAN 6","","","C. Industri Pengolahan","SBR"],
    ["103221","JUAL KUSEN BEKAS <FAHMI>","JL GURILA GG KAMBOJA NO 2 LINGKUNGAN VI","prelist","MEDAN PERJUANGAN","SEI KERA HILIR I","LINGKUNGAN 5","","","C. Industri Pengolahan","SBR"],
    ["103222","TUKANG JAHIT PAKAIAN <ASMAWATY)","PASAR SENTOSA BARU","prelist","MEDAN PERJUANGAN","SEI KERA HILIR I","LINGKUNGAN 1","","","C. Industri Pengolahan","SBR"],
    ["103223","PENGGILINGAN JAMU <ERWIN>","PASAR SENTOSA BARU","prelist","MEDAN PERJUANGAN","SEI KERA HILIR I","LINGKUNGAN 1","","","C. Industri Pengolahan","SBR"],
    ["103224","HUGO TAYLOR <AGUS>","IJALAN PAHLAWAN NO38 I","prelist","MEDAN PERJUANGAN","PAHLAWAN","LINGKUNGAN 13","","","C. Industri Pengolahan","SBR"],
    ["103225","DEPOT AIR MINUM ISI ULANG","JL PAHLAWAN GG RUKUN NO 23","prelist","MEDAN PERJUANGAN","PAHLAWAN","LINGKUNGAN 1","","","C. Industri Pengolahan","SBR"],
    ["103226","JUAL KUE BASAH<MAIMUNAH>","JL PAHLAWAN GG AZIZI LINGKUNGAN 14","prelist","MEDAN PERJUANGAN","PAHLAWAN","LINGKUNGAN 13","","","C. Industri Pengolahan","SBR"],
    ["103227","PANGLONG KAYU BEKAS <DODEK MARANTIKA>","JALAN PAHLAWAN NO 39 LINGKUNGAN 13","prelist","MEDAN PERJUANGAN","PAHLAWAN","LINGKUNGAN 2","","","C. Industri Pengolahan","SBR"],
    ["103228","KUE KERING <CHAIRIAH>","JALAN PAHLAWAN GG ANOM LINGKUNGAN 3","prelist","MEDAN PERJUANGAN","PAHLAWAN","LINGKUNGAN 3","","","C. Industri Pengolahan","SBR"],
    ["103229","INDUSTRI PENGOLAHAN KAYU BEKAS <ZAINAL>","JALAN PAHLAWAN NOMOR 48","prelist","MEDAN PERJUANGAN","PAHLAWAN","LINGKUNGAN 3","","","C. Industri Pengolahan","SBR"],
    ["103230","MEMBUAT KUE <BURAMA>","JL MAPILINDO GG BERINGIN 2 LK 5","prelist","MEDAN PERJUANGAN","TEGAL REJO","LINGKUNGAN 13","","","C. Industri Pengolahan","SBR"],
    ["103231","PANORAMA TAILOR <RADINICAN>","JALAN RAKYAT NO 125 LINGKUNGAN 13","prelist","MEDAN PERJUANGAN","TEGAL REJO","LINGKUNGAN 13","","","C. Industri Pengolahan","SBR"],
    ["103232","JAHIT KAIN TILAM <NUR>","JL PELITA 6 GG SEGAR","prelist","MEDAN PERJUANGAN","TEGAL REJO","LINGKUNGAN 2","","","C. Industri Pengolahan","SBR"],
    ["103233","USAHA SPREI <JULY>","JALAN PELITA III","prelist","MEDAN PERJUANGAN","SIDORAME BARAT I","LINGKUNGAN 2","","","C. Industri Pengolahan","SBR"],
    ["103234","USAHA MENJAHIT <MUJIANTI>","JL HM SAID GG PELAJAR NO 30 A","prelist","MEDAN PERJUANGAN","SIDORAME BARAT I","LINGKUNGAN 4","","","C. Industri Pengolahan","SBR"],
    ["103235","KUE DAN SERABI <ENDANG>","JALAN HM SAID GG KACUNG NO 32 LINGKUNGAN 5","prelist","MEDAN PERJUANGAN","SIDORAME BARAT I","LINGKUNGAN 6","","","C. Industri Pengolahan","SBR"],
    ["103237","AIR ISI ULANG <OLON>","JALAN PELITA 6 NO 50 LK 9","prelist","MEDAN PERJUANGAN","SIDORAME BARAT II","LINGKUNGAN 9","","","C. Industri Pengolahan","SBR"],
    ["103238","SABLON<ARIF>","JALAN PELITA 6 NO 88","prelist","MEDAN PERJUANGAN","SIDORAME BARAT II","LINGKUNGAN 8","","","C. Industri Pengolahan","SBR"],
    ["103240","MENJUAL GORENG <MALTI>","JL PERMAI GG AMAL NO 5","prelist","MEDAN PERJUANGAN","SIDORAME TIMUR","LINGKUNGAN 14","","","C. Industri Pengolahan","SBR"],
    ["103241","ACCESORIES <ARFI>","JL PERKUTUT NO 6A","prelist","MEDAN PERJUANGAN","SIDORAME TIMUR","LINGKUNGAN 13","","","C. Industri Pengolahan","SBR"],
    ["103242","BENGKEL LAS BERDIKARI <USMAN>","JL PERJUANGAN","prelist","MEDAN PERJUANGAN","SIDORAME TIMUR","LINGKUNGAN 9","","","C. Industri Pengolahan","SBR"],
    ["103243","MENJAHIT KAIN TILAM <WATI>","SLN M YACUB 66 PASUNDAN NO 5 LK 4","prelist","MEDAN PERJUANGAN","SEI KERA HILIR II","LINGKUNGAN 15","","","C. Industri Pengolahan","SBR"],
    ["103244","TERIMA JAHITAN<NURJANAH>","JL M YACUB GG MANDOS NO LK14","prelist","MEDAN PERJUANGAN","SEI KERA HILIR II","LINGKUNGAN 14","","","C. Industri Pengolahan","SBR"],
    ["103245","BENGKEL LAS <ZULFIZAH>","JALANAN M. YACOB GANG BELIMBING 1 NO 12","prelist","MEDAN PERJUANGAN","SEI KERA HILIR II","LINGKUNGAN 12","","","C. Industri Pengolahan","SBR"],
    ["103256","USAHA PENJAHIT PAKAIAN <ELIDA>","JL PASAR 3 ENGGANG NO 2","prelist","MEDAN PERJUANGAN","TEGAL REJO","LINGKUNGAN 14","","","C. Industri Pengolahan","SBR"],
    ["103257","ESTER FLORI ST","JL PASAR 3 GG DAHLIA NO I LINGKUNGAN 9","prelist","MEDAN PERJUANGAN","TEGAL REJO","LINGKUNGAN 14","","","C. Industri Pengolahan","SBR"],
    ["103258","MENJAHIT KEBAYAK <DIAN>","JALAN PASAR 3 NO 186","prelist","MEDAN PERJUANGAN","TEGAL REJO","LINGKUNGAN 8","","","C. Industri Pengolahan","SBR"],
    ["103259","BENGKEL LAS BERGAUL <JOSE>","JLN RAKYAT NO 149 A","prelist","MEDAN PERJUANGAN","TEGAL REJO","LINGKUNGAN 7","","","C. Industri Pengolahan","SBR"],
    ["103260","PEMBUATAN SEPATU <IRWAN AMRI>","JALAN PENDIDIKAN","prelist","MEDAN PERJUANGAN","TEGAL REJO","LINGKUNGAN 9","","","C. Industri Pengolahan","SBR"],
    ["103261","PENJAHIT PAKAIAN <FITRI>","JL MESJID TAUFIK GANG SECAR NO 26 LK 7","prelist","MEDAN PERJUANGAN","TEGAL REJO","LINGKUNGAN 7","","","C. Industri Pengolahan","SBR"],
    ["103340","RIZKY WATER","EL BERSAMA","prelist","MEDAN PERJUANGAN","PAHLAWAN","LINGKUNGAN 6","","","C. Industri Pengolahan","SBR"],
    ["103403","PEMBUAT GORDEN <ASMAWATI>","JALAN MANGAAN 8 GANG PELAJAR","prelist","MEDAN PERJUANGAN","TEGAL REJO","LINGKUNGAN 4","","","C. Industri Pengolahan","SBR"],
    ["103758","DEPOT AIR ISI ULANG <NURAINI>","JL. HM. SAID NO.144","prelist","MEDAN PERJUANGAN","SIDORAME BARAT I","LINGKUNGAN 1","","","C. Industri Pengolahan","SBR"],
    ["103759","USAHA BALE PERNIKAHAN <ASMAH>","JL HM SAID GG PELAJAR NO 31","prelist","MEDAN PERJUANGAN","SIDORAME BARAT I","LINGKUNGAN 4","","","C. Industri Pengolahan","SBR"],
    ["103760","PENJUAL KUE BASAH<JANNAH>","JL PELITA 4 GG SERAYU NO 8","prelist","MEDAN PERJUANGAN","SIDORAME BARAT II","LINGKUNGAN 3","","","C. Industri Pengolahan","SBR"],
    ["103761","TUKANG JAHIT TELEKUNG <DEWI>","JL RAKYAT LORONG MANINJAU INURI NO 16","prelist","MEDAN PERJUANGAN","SIDORAME TIMUR","LINGKUNGAN 12","","","C. Industri Pengolahan","SBR"],
    ["103762","MENJAHIT PAKAIAN WANITA <RIAMA>","JL PELITA 1 LORONG SEPAKAT NO 80","prelist","MEDAN PERJUANGAN","SIDORAME TIMUR","LINGKUNGAN 2","","","C. Industri Pengolahan","SBR"],
    ["103763","PENJAHIT <SALEH>","IL MYAKUB GG SIDIK LINGKUNGAN 13","prelist","MEDAN PERJUANGAN","SEI KERA HILIR II","LINGKUNGAN 13","","","C. Industri Pengolahan","SBR"],
    ["103764","TOGE PENYABUNGAN <MARIAM>","JL GURILLA GG TERUNA NO 7","prelist","MEDAN PERJUANGAN","SEI KERA HILIR I","LINGKUNGAN 6","","","C. Industri Pengolahan","SBR"],
    ["103765","USAHA PEMBUATAN KURSI <M SAID>","JALAN SAKTI NO 5/28 MEDAN LINGKUNGAN IV","prelist","MEDAN PERJUANGAN","PAHLAWAN","LINGKUNGAN 4","","","C. Industri Pengolahan","SBR"],
    ["103789","JUAL KERIPIK <MASITAH>","JL PELITA 6 GG SEPAKAT NO 3","prelist","MEDAN PERJUANGAN","TEGAL REJO","LINGKUNGAN 2","","","C. Industri Pengolahan","SBR"],
    ["103966","BOTOT <FAUL HUTAGAOL>","JL DWIKORA G SETIA","prelist","MEDAN PERJUANGAN","TEGAL REJO","LINGKUNGAN 2","","","E. Pengadaan Air, Pengelolaan Sampah, Limbah, dan Daur Ulang","SBR"],
    ["103967","PENGEPUL BARANG BEKAS <KUSNADI>","JL HM SAID GG PELAJAR NO 12","prelist","MEDAN PERJUANGAN","SIDORAME BARAT I","LINGKUNGAN 4","","","E. Pengadaan Air, Pengelolaan Sampah, Limbah, dan Daur Ulang","SBR"],
    ["103968","BENGKEL CINCANG MOBIL <D.INDRA HARAHAP>","JL RENCONG NO 6","prelist","MEDAN PERJUANGAN","PAHLAWAN","LINGKUNGAN 9","","","E. Pengadaan Air, Pengelolaan Sampah, Limbah, dan Daur Ulang","SBR"],
    ["103971","CV.AMZAH","JALAN PURWO NO 3","prelist","MEDAN PERJUANGAN","SIDORAME TIMUR","LINGKUNGAN 3","","","E. Pengadaan Air, Pengelolaan Sampah, Limbah, dan Daur Ulang","SBR"],
    ["104062","BOTOT <ATI>","JALAN GURILLA NO 31","prelist","MEDAN PERJUANGAN","SEI KERA HILIR I","LINGKUNGAN 6","","","E. Pengadaan Air, Pengelolaan Sampah, Limbah, dan Daur Ulang","SBR"],
    ["104131","KONTRAKTOR JAYA <AWI>","JL TAPANULI NO 2A LK 3","prelist","MEDAN PERJUANGAN","PANDAU HILIR","LINGKUNGAN 3","","","F. Konstruksi","SBR"],
    ["104177","TUKANG BANGUNAN <SYARIF>","JL PERMAI GG INDAH NO 6","prelist","MEDAN PERJUANGAN","SIDORAME BARAT II","LINGKUNGAN 8","","","F. Konstruksi","SBR"],
    ["104178","TUKANG BANGUNAN <MESTER GULTOM>","JL PIMPINAN GG PERKAUMAN NO 3","prelist","MEDAN PERJUANGAN","SEI KERA HILIR I","LINGKUNGAN 11","","","F. Konstruksi","SBR"],
    ["104179","TUKANG BANGUNAN <SARIMIN>","JL PAHLAWAN GG MELATI NO 14","prelist","MEDAN PERJUANGAN","PAHLAWAN","LINGKUNGAN 14","","","F. Konstruksi","SBR"],
    ["104180","INSTALASI GAS <DAVIR>","JL PAHLAWAN GG MELATI NO 16","prelist","MEDAN PERJUANGAN","PAHLAWAN","LINGKUNGAN 14","","","F. Konstruksi","SBR"],
    ["104181","TUKANG BANGUNAN <SAPRI>","JALN SAKTI NO 45 MEDAN LINGKUNGAN IV","prelist","MEDAN PERJUANGAN","PAHLAWAN","LINGKUNGAN 12","","","F. Konstruksi","SBR"],
    ["104279","TUKANG BANGUNAN <DEDI>","JALAN PASARTIGA GANG BUNTU 1 NO.128 LK.8","prelist","MEDAN PERJUANGAN","TEGAL REJO","LINGKUNGAN 8","","","F. Konstruksi","SBR"],
    ["104280","BURUH BANGUNAN<MISBAH>","JALAN MAFILINDO GANG BINTARA NO 24 LK 13","prelist","MEDAN PERJUANGAN","TEGAL REJO","LINGKUNGAN 13","","","F. Konstruksi","SBR"],
    ["104281","TUKANG BANGUNAN <SUROSO>","JL DWIKORA","prelist","MEDAN PERJUANGAN","TEGAL REJO","LINGKUNGAN 2","","","F. Konstruksi","SBR"],
    ["104282","TUKANG BANGUNAN <SYAIFUL>","JALAN HM YAMIN GANG WASLIYAH NOMOR B","prelist","MEDAN PERJUANGAN","SEI KERA HILIR II","LINGKUNGAN 11","","","F. Konstruksi","SBR"],
    ["104283","TUKANG BANGUNAN <IKRAM>","JALAN PAHLAWAN GG ANOM LINGKUNGAN 3","prelist","MEDAN PERJUANGAN","PAHLAWAN","LINGKUNGAN 3","","","F. Konstruksi","SBR"],
    ["104284","REPARASI SERVICE AC <KRISTIAWAN>","JL SEL KERA GG PINANG NO 23 A","prelist","MEDAN PERJUANGAN","SEI KERA HULU","LINGKUNGAN 3","","","F. Konstruksi","SBR"],
    ["104285","TUKANG BANGUNAN<IRWAN>","JALAN SENTOSA LAMA GANG ANTARA NO 20","prelist","MEDAN PERJUANGAN","SEI KERA HULU","LINGKUNGAN 15","","","F. Konstruksi","SBR"],
    ["105048","GROSIR PLASTIK","JLN WAHIDIN NO 123 47 C","prelist","MEDAN PERJUANGAN","PAHLAWAN","LINGKUNGAN 10","","","G. Perdagangan Besar dan Eceran, Reparasi Mobil dan Sepeda Motor","SBR"],
    ["105261","JUAL TELUR < ACUN>","JL RAKYAT NO 54","prelist","MEDAN PERJUANGAN","SIDORAME TIMUR","LINGKUNGAN 11","","","G. Perdagangan Besar dan Eceran, Reparasi Mobil dan Sepeda Motor","SBR"],
    ["106087","JUALAN AYAM POTONG","JL MESJID TAUFIK GG LANGGAR","prelist","MEDAN PERJUANGAN","TEGAL REJO","LINGKUNGAN 4","","","G. Perdagangan Besar dan Eceran, Reparasi Mobil dan Sepeda Motor","SBR"],
    ["106117","KEDE SAMPAH <ISMAIL>","JL UMAR NO 26 A","prelist","MEDAN PERJUANGAN","SEI KERA HILIR I","LINGKUNGAN 8","","","G. Perdagangan Besar dan Eceran, Reparasi Mobil dan Sepeda Motor","SBR"],
    ["106174","PENJUAL ROKOK <RINA>","JL SENTOSA LAMA NO 74 G RINGGIT","prelist","MEDAN PERJUANGAN","SEI KERA HULU","LINGKUNGAN 18","","","G. Perdagangan Besar dan Eceran, Reparasi Mobil dan Sepeda Motor","SBR"],
    ["106175","JUALAN BUKU TULIS <TOMI>","JL SENTOSA LAMA GG ALIYAH","prelist","MEDAN PERJUANGAN","SEI KERA HULU","LINGKUNGAN 18","","","G. Perdagangan Besar dan Eceran, Reparasi Mobil dan Sepeda Motor","SBR"],
    ["106176","PARFUM <ZAINAL>","JALAN SEL FERA GANG J AWA NOMOR 13","prelist","MEDAN PERJUANGAN","SEI KERA HULU","LINGKUNGAN 11","","","G. Perdagangan Besar dan Eceran, Reparasi Mobil dan Sepeda Motor","SBR"],
    ["106177","PEDAGANG KAMBING <PAK MALIK>","JL SENTOSA LAMA GG NAMIN","prelist","MEDAN PERJUANGAN","SEI KERA HULU","LINGKUNGAN 15","","","G. Perdagangan Besar dan Eceran, Reparasi Mobil dan Sepeda Motor","SBR"],
    ["106178","JUALAN ALAT-ALAT TULIS DISEKOLAH<SUTRIS>","JALAN SENTOSA LAMA GANG ANTARA N021","prelist","MEDAN PERJUANGAN","SEI KERA HULU","LINGKUNGAN 19","","","G. Perdagangan Besar dan Eceran, Reparasi Mobil dan Sepeda Motor","SBR"],
    ["106179","NYABUR BARANG<ARDI>","JALAN SENTOSA LAMA GANG ALIYAH NO 6","prelist","MEDAN PERJUANGAN","SEI KERA HULU","LINGKUNGAN 18","","","G. Perdagangan Besar dan Eceran, Reparasi Mobil dan Sepeda Motor","SBR"],
    ["106180","IKAN ASIN <THIANG HUA>","JL SERAM NO 53 LINGKUNGAN II","prelist","MEDAN PERJUANGAN","PANDAU HILIR","LINGKUNGAN 2","","","G. Perdagangan Besar dan Eceran, Reparasi Mobil dan Sepeda Motor","SBR"],
    ["106181","GROSIR IKAN ASIN<FONNY>","JL SERAM NO 76 LINGKUNGAN I","prelist","MEDAN PERJUANGAN","PANDAU HILIR","LINGKUNGAN 1","","","G. Perdagangan Besar dan Eceran, Reparasi Mobil dan Sepeda Motor","SBR"],
    ["106182","HMR <IKAN ASIN>","JLN SERAM DALAM NO 86 H","prelist","MEDAN PERJUANGAN","PANDAU HILIR","LINGKUNGAN 1","","","G. Perdagangan Besar dan Eceran, Reparasi Mobil dan Sepeda Motor","SBR"],
    ["106184","TOKO SINAR JAYA <REMPAH REMPAH>","JLN BNTANG NO 15 E","prelist","MEDAN PERJUANGAN","PANDAU HILIR","LINGKUNGAN 1","","","G. Perdagangan Besar dan Eceran, Reparasi Mobil dan Sepeda Motor","SBR"],
    ["106186","WARUNG SEMBAKO <ROSLAINI>","JL MALAKA GG SAUDARA BLOK 3 NO 44/55","prelist","MEDAN PERJUANGAN","PANDAU HILIR","LINGKUNGAN 4","","","G. Perdagangan Besar dan Eceran, Reparasi Mobil dan Sepeda Motor","SBR"],
    ["106187","JUAL SERABI <EMA>","JL MALAKA GG SAUDARA","prelist","MEDAN PERJUANGAN","PANDAU HILIR","LINGKUNGAN 4","","","G. Perdagangan Besar dan Eceran, Reparasi Mobil dan Sepeda Motor","SBR"],
    ["106188","MENJUAL MAKANAN RINGAN <RISKA>","JL MALAKA GG MURAI NO 26 LINGKUNGAN 8","prelist","MEDAN PERJUANGAN","PANDAU HILIR","LINGKUNGAN 4","","","G. Perdagangan Besar dan Eceran, Reparasi Mobil dan Sepeda Motor","SBR"],
    ["106189","WARUNG JAJANAN <OP MANIK>","JL MALAKA 14","prelist","MEDAN PERJUANGAN","PANDAU HILIR","LINGKUNGAN 3","","","G. Perdagangan Besar dan Eceran, Reparasi Mobil dan Sepeda Motor","SBR"],
    ["106190","KEDAI <RASIDIN>","JALAN PAHLAWAN","prelist","MEDAN PERJUANGAN","PAHLAWAN","LINGKUNGAN 13","","","G. Perdagangan Besar dan Eceran, Reparasi Mobil dan Sepeda Motor","SBR"],
    ["106191","KEDAI SEMBAKO <KARTINI>","JALAN PAHLAWAN GANG ANOM NOMOR 34","prelist","MEDAN PERJUANGAN","PAHLAWAN","LINGKUNGAN 3","","","G. Perdagangan Besar dan Eceran, Reparasi Mobil dan Sepeda Motor","SBR"],
    ["106192","JUAL PINTU POLLING GATE <MISWARUDDIN BATUBARA>","JL KSTARIA BARAT NO 44 LINGKUNGAN 16","prelist","MEDAN PERJUANGAN","PAHLAWAN","LINGKUNGAN 16","","","G. Perdagangan Besar dan Eceran, Reparasi Mobil dan Sepeda Motor","SBR"],
    ["106193","JUAL KAYU BEKAS <FAUZI BATUBARA>","JL KSATRIA BARAT NO 54 LINGKUNGAN 16","prelist","MEDAN PERJUANGAN","PAHLAWAN","LINGKUNGAN 16","","","G. Perdagangan Besar dan Eceran, Reparasi Mobil dan Sepeda Motor","SBR"],
    ["106194","JUAL PINTU BEKAS <SURYANI>","JL KSATRIA BARAT LINGKUNGAN 16","prelist","MEDAN PERJUANGAN","PAHLAWAN","LINGKUNGAN 16","","","G. Perdagangan Besar dan Eceran, Reparasi Mobil dan Sepeda Motor","SBR"],
    ["106195","TOKO SEMBAKO <JASMANIAR>","JL TOMONG NO 7","prelist","MEDAN PERJUANGAN","SEI KERA HULU","LINGKUNGAN 18","","","G. Perdagangan Besar dan Eceran, Reparasi Mobil dan Sepeda Motor","SBR"],
    ["106196","PEDAGANG PECAH BELAH <AMRIL LUBIS>","JLN BADIK NO 19 LING 7 MEDAN","prelist","MEDAN PERJUANGAN","PAHLAWAN","LINGKUNGAN 7","","","G. Perdagangan Besar dan Eceran, Reparasi Mobil dan Sepeda Motor","SBR"],
    ["106197","PEDAGANG KELILING KELONTONG <DEDI>","JALAN BADIK GG TENGAH NO 16","prelist","MEDAN PERJUANGAN","PAHLAWAN","LINGKUNGAN 7","","","G. Perdagangan Besar dan Eceran, Reparasi Mobil dan Sepeda Motor","SBR"],
    ["106198","PENJUALAN BESI TUA < TAN>","JALAN PANAH NO 1","prelist","MEDAN PERJUANGAN","PAHLAWAN","LINGKUNGAN 12","","","G. Perdagangan Besar dan Eceran, Reparasi Mobil dan Sepeda Motor","SBR"],
    ["106199","KEDAI ITA","JL SULANG SALING NO 2 B","prelist","MEDAN PERJUANGAN","PAHLAWAN","LINGKUNGAN 10","","","G. Perdagangan Besar dan Eceran, Reparasi Mobil dan Sepeda Motor","SBR"],
    ["106200","DOOR MEER MOTOR<ACUAN>","JALAN SEI KERA","prelist","MEDAN PERJUANGAN","SEI KERA HULU","LINGKUNGAN 2","","","G. Perdagangan Besar dan Eceran, Reparasi Mobil dan Sepeda Motor","SBR"],
    ["106201","JUALAN SEMBAKO <SYARIFAH>","JALAN SEI KERA NO 259","prelist","MEDAN PERJUANGAN","SEI KERA HULU","LINGKUNGAN 5","","","G. Perdagangan Besar dan Eceran, Reparasi Mobil dan Sepeda Motor","SBR"],
    ["106202","JUALAN JAJANAN <HERIATI>","JL SEI KERA NO 283 MEDAN","prelist","MEDAN PERJUANGAN","SEI KERA HULU","LINGKUNGAN 7","","","G. Perdagangan Besar dan Eceran, Reparasi Mobil dan Sepeda Motor","SBR"],
    ["106203","COSINA STAR MEDAN","JL HM YAMIN GANG HABIR NO 432","prelist","MEDAN PERJUANGAN","SEI KERA HULU","LINGKUNGAN 5","","","G. Perdagangan Besar dan Eceran, Reparasi Mobil dan Sepeda Motor","SBR"],
    ["106204","JUAL PECI <IRSYAL>","JL PROF HM YAMIN.SH","prelist","MEDAN PERJUANGAN","SEI KERA HULU","LINGKUNGAN 4","","","G. Perdagangan Besar dan Eceran, Reparasi Mobil dan Sepeda Motor","SBR"],
    ["106205","BOTOT BARANG BEKAS <M RAMI>","JL SENTOSA LAMA GG RINGGIT NO 12","prelist","MEDAN PERJUANGAN","SEI KERA HULU","LINGKUNGAN 15","","","G. Perdagangan Besar dan Eceran, Reparasi Mobil dan Sepeda Motor","SBR"],
    ["106206","KEDAI JAJANAN <DESRIANI>","JL M YAKUB GG LURAH LINGKUNGAN 13","prelist","MEDAN PERJUANGAN","SEI KERA HILIR II","LINGKUNGAN 14","","","G. Perdagangan Besar dan Eceran, Reparasi Mobil dan Sepeda Motor","SBR"],
    ["106207","TOKO KACA <RAWINDRA>","JL HM YAMIN NO 111","prelist","MEDAN PERJUANGAN","SEI KERA HILIR II","LINGKUNGAN 3","","","G. Perdagangan Besar dan Eceran, Reparasi Mobil dan Sepeda Motor","SBR"],
    ["106208","KEDAI MAKANAN RINGAN <IWET>","JL M YAKUB","prelist","MEDAN PERJUANGAN","SEI KERA HILIR II","LINGKUNGAN 14","","","G. Perdagangan Besar dan Eceran, Reparasi Mobil dan Sepeda Motor","SBR"],
    ["106209","JUALAN JAJANAN <NURAINI>","JL HM YAMIN NO 244","prelist","MEDAN PERJUANGAN","PAHLAWAN","LINGKUNGAN 1","","","G. Perdagangan Besar dan Eceran, Reparasi Mobil dan Sepeda Motor","SBR"],
    ["106210","JUALAN JAJANAN <YUDI>","JL PERJUANGAN GG SUKAMAJU NO","prelist","MEDAN PERJUANGAN","SEI KERA HILIR I","LINGKUNGAN 10","","","G. Perdagangan Besar dan Eceran, Reparasi Mobil dan Sepeda Motor","SBR"],
    ["106212","BENGKEL SEPEDA<YETNO>","JALAN IBRAHIM UMAR NO 14A LINGKUNGAN 6","prelist","MEDAN PERJUANGAN","SEI KERA HILIR II","LINGKUNGAN 8","","","G. Perdagangan Besar dan Eceran, Reparasi Mobil dan Sepeda Motor","SBR"],
    ["106213","TOKO TOBING","JALAN GURILLA NO 29 LINGKUNGAN 6","prelist","MEDAN PERJUANGAN","SEI KERA HILIR I","LINGKUNGAN 5","","","G. Perdagangan Besar dan Eceran, Reparasi Mobil dan Sepeda Motor","SBR"],
    ["106214","JUALAN SPREY <ERWIN>","JL GURILA GG DELIMA NO 17","prelist","MEDAN PERJUANGAN","SEI KERA HILIR II","LINGKUNGAN 12","","","G. Perdagangan Besar dan Eceran, Reparasi Mobil dan Sepeda Motor","SBR"],
    ["106215","JUAL IKAN TERI <ANGGIAT>","PASAR SENTOSA BARU","prelist","MEDAN PERJUANGAN","SEI KERA HILIR I","LINGKUNGAN 1","","","G. Perdagangan Besar dan Eceran, Reparasi Mobil dan Sepeda Motor","SBR"],
    ["106216","JUAL SAYUR MAYUR <RISNA>","PASAR SENTOSA BARU","prelist","MEDAN PERJUANGAN","SEI KERA HILIR I","LINGKUNGAN 1","","","G. Perdagangan Besar dan Eceran, Reparasi Mobil dan Sepeda Motor","SBR"],
    ["106217","JUAL KASET CD <SANTI>","PASAR SENTOSA BARU","prelist","MEDAN PERJUANGAN","SEI KERA HILIR I","LINGKUNGAN 1","","","G. Perdagangan Besar dan Eceran, Reparasi Mobil dan Sepeda Motor","SBR"],
    ["106218","JUAL SEMBAKO <MEGA>","PASAR SENTOSA BARU","prelist","MEDAN PERJUANGAN","SEI KERA HILIR I","LINGKUNGAN 1","","","G. Perdagangan Besar dan Eceran, Reparasi Mobil dan Sepeda Motor","SBR"],
    ["106219","JUAL BUAH <MASLINAH>","PASAR SENTOSA BARU","prelist","MEDAN PERJUANGAN","SEI KERA HILIR I","LINGKUNGAN 1","","","G. Perdagangan Besar dan Eceran, Reparasi Mobil dan Sepeda Motor","SBR"],
    ["106220","JUAL IKAN ASIN <ARFIN>","JL. M. YACUB GG JAYA NO.2A","prelist","MEDAN PERJUANGAN","SEI KERA HILIR I","LINGKUNGAN 2","","","G. Perdagangan Besar dan Eceran, Reparasi Mobil dan Sepeda Motor","SBR"],
    ["106221","JUAL KRIPIK KELILING <DARMIN>","JL M YACUB NO 20","prelist","MEDAN PERJUANGAN","SEI KERA HILIR I","LINGKUNGAN 1","","","G. Perdagangan Besar dan Eceran, Reparasi Mobil dan Sepeda Motor","SBR"],
    ["106222","DONI JOK <KERETA>","JALAN RAKYAT NO 86","prelist","MEDAN PERJUANGAN","SIDORAME TIMUR","LINGKUNGAN 12","","","G. Perdagangan Besar dan Eceran, Reparasi Mobil dan Sepeda Motor","SBR"],
    ["106224","JUAL SAYUR <P PASARIBU>","PAJAK KARTO","prelist","MEDAN PERJUANGAN","SIDORAME TIMUR","LINGKUNGAN 10","","","G. Perdagangan Besar dan Eceran, Reparasi Mobil dan Sepeda Motor","SBR"],
    ["106226","MENJUAL MAKANAN RINGAN<LUBIS>","JALAN GURILLA GANG CANGA MERAH NO 7","prelist","MEDAN PERJUANGAN","SEI KERA HILIR I","LINGKUNGAN 6","","","G. Perdagangan Besar dan Eceran, Reparasi Mobil dan Sepeda Motor","SBR"],
    ["106227","TOKO BUKU IMANUEL <TERESIA>","JL RAKYAT NO 28","prelist","MEDAN PERJUANGAN","SIDORAME TIMUR","LINGKUNGAN 7","","","G. Perdagangan Besar dan Eceran, Reparasi Mobil dan Sepeda Motor","SBR"],
    ["106228","MOLEN <ISAHAK>","JL NGALENGKO GG DAME","prelist","MEDAN PERJUANGAN","SIDORAME TIMUR","LINGKUNGAN 1","","","G. Perdagangan Besar dan Eceran, Reparasi Mobil dan Sepeda Motor","SBR"],
    ["106229","WARUNG JAJAN ANAK <INDRAWATI>","JLN M YACUB GG AMAT NO 16 LK 4","prelist","MEDAN PERJUANGAN","SEI KERA HILIR II","LINGKUNGAN 4","","","G. Perdagangan Besar dan Eceran, Reparasi Mobil dan Sepeda Motor","SBR"],
    ["106230","JUAL SEPREL KELILING <HABIBAH>","JIGURILLANO.48 LINGKUNGAN 13","prelist","MEDAN PERJUANGAN","SEI KERA HILIR II","LINGKUNGAN 14","","","G. Perdagangan Besar dan Eceran, Reparasi Mobil dan Sepeda Motor","SBR"],
    ["106231","JUAL BENSIN KNURHANIFAS","JL.GURILLA NO 48 LINGKUNGAN 13","prelist","MEDAN PERJUANGAN","SEI KERA HILIR II","LINGKUNGAN 14","","","G. Perdagangan Besar dan Eceran, Reparasi Mobil dan Sepeda Motor","SBR"],
    ["106232","PENJUAL TUPPERWARE <YANTI>","JL M YAKUB GGFAMILY LINGKUNGAN 13","prelist","MEDAN PERJUANGAN","SEI KERA HILIR II","LINGKUNGAN 13","","","G. Perdagangan Besar dan Eceran, Reparasi Mobil dan Sepeda Motor","SBR"],
    ["106233","JAJANAN <ANDRI SUSILO>","JL M YAKUB LINGKUNGAN 13","prelist","MEDAN PERJUANGAN","SEI KERA HILIR II","LINGKUNGAN 14","","","G. Perdagangan Besar dan Eceran, Reparasi Mobil dan Sepeda Motor","SBR"],
    ["106234","JUAL ES BATU <FARIDA>","JL GURILA GG MANGUN NO 3","prelist","MEDAN PERJUANGAN","SEI KERA HILIR II","LINGKUNGAN 13","","","G. Perdagangan Besar dan Eceran, Reparasi Mobil dan Sepeda Motor","SBR"],
    ["106235","TEMPEL BAN<MULIADI>","JALAN GURILA NO 118","prelist","MEDAN PERJUANGAN","SEI KERA HILIR II","LINGKUNGAN 12","","","G. Perdagangan Besar dan Eceran, Reparasi Mobil dan Sepeda Motor","SBR"],
    ["106236","JUALAN TELUR <WAHYU NINGSIH>","JALAN GURILA G BUYUNG ALI NO 21 LINGKUNGAN 12","prelist","MEDAN PERJUANGAN","SEI KERA HILIR II","LINGKUNGAN 12","","","G. Perdagangan Besar dan Eceran, Reparasi Mobil dan Sepeda Motor","SBR"],
    ["106237","TOKO KELONTONG <HASANAH>","JL M YACOB NO 198 LK II","prelist","MEDAN PERJUANGAN","SEI KERA HILIR II","LINGKUNGAN 11","","","G. Perdagangan Besar dan Eceran, Reparasi Mobil dan Sepeda Motor","SBR"],
    ["106238","JUALAN SEMBAKO <MARKO>","LORONG GEREJA","prelist","MEDAN PERJUANGAN","SIDORAME BARAT I","LINGKUNGAN 8","","","G. Perdagangan Besar dan Eceran, Reparasi Mobil dan Sepeda Motor","SBR"],
    ["106239","KEDAI JAJANAN <AHMAD FADIL>","JALAN PELITA 5 GANG JABAT","prelist","MEDAN PERJUANGAN","SIDORAME BARAT II","LINGKUNGAN 9","","","G. Perdagangan Besar dan Eceran, Reparasi Mobil dan Sepeda Motor","SBR"],
    ["106240","BENGKEL <ZULFIKAR>","JALAN PELITA 6","prelist","MEDAN PERJUANGAN","TEGAL REJO","LINGKUNGAN 1","","","G. Perdagangan Besar dan Eceran, Reparasi Mobil dan Sepeda Motor","SBR"],
    ["106241","TOKO SEMBAKO <NURHANNA>","JALAN PELITA 4 NO 105 LK 8","prelist","MEDAN PERJUANGAN","SIDORAME BARAT II","LINGKUNGAN 8","","","G. Perdagangan Besar dan Eceran, Reparasi Mobil dan Sepeda Motor","SBR"],
    ["106242","KEDAI JAJANAN <LINDA>","JALAN PELITA 3 NOMOR 73","prelist","MEDAN PERJUANGAN","SIDORAME BARAT II","LINGKUNGAN 7","","","G. Perdagangan Besar dan Eceran, Reparasi Mobil dan Sepeda Motor","SBR"],
    ["106243","JUALAN AYAM <REFLIN>","JALAN PELITA 1 GANG TURI","prelist","MEDAN PERJUANGAN","SIDORAME BARAT II","LINGKUNGAN 5","","","G. Perdagangan Besar dan Eceran, Reparasi Mobil dan Sepeda Motor","SBR"],
    ["106244","JUALAN SAYUR <SITORUS>","JALAN PELITA 1 GANG PENDORONG NO 5","prelist","MEDAN PERJUANGAN","SIDORAME TIMUR","LINGKUNGAN 11","","","G. Perdagangan Besar dan Eceran, Reparasi Mobil dan Sepeda Motor","SBR"],
    ["106245","JUAL PISANG <HENRI>","JL PELITA I LR SEHATI NO 30","prelist","MEDAN PERJUANGAN","SIDORAME BARAT II","LINGKUNGAN 2","","","G. Perdagangan Besar dan Eceran, Reparasi Mobil dan Sepeda Motor","SBR"],
    ["106246","KEDAI KELONTONG <BERTA>","LORONG GEREJA NO 45/15","prelist","MEDAN PERJUANGAN","SIDORAME TIMUR","LINGKUNGAN 2","","","G. Perdagangan Besar dan Eceran, Reparasi Mobil dan Sepeda Motor","SBR"],
    ["106247","JUAL BAWANG <YASMIN>","JL NGALENGKO LR SEHATI NO 10","prelist","MEDAN PERJUANGAN","SIDORAME BARAT II","LINGKUNGAN 2","","","G. Perdagangan Besar dan Eceran, Reparasi Mobil dan Sepeda Motor","SBR"],
    ["106249","DOORSMER <WENI>","JALAN PELITA I NO","prelist","MEDAN PERJUANGAN","SIDORAME BARAT II","LINGKUNGAN 5","","","G. Perdagangan Besar dan Eceran, Reparasi Mobil dan Sepeda Motor","SBR"],
    ["106250","KEDAI JAJANAN <PULUNGAN>","JL MADIO UTOMO","prelist","MEDAN PERJUANGAN","TEGAL REJO","LINGKUNGAN 3","","","G. Perdagangan Besar dan Eceran, Reparasi Mobil dan Sepeda Motor","SBR"],
    ["106251","JUAL JAJANAN MAKANAN <YUSNIAR>","JL PERMAI GG.SION NO 10","prelist","MEDAN PERJUANGAN","SIDORAME TIMUR","LINGKUNGAN 14","","","G. Perdagangan Besar dan Eceran, Reparasi Mobil dan Sepeda Motor","SBR"],
    ["106252","AGEN TUPWARE <ANNA>","JL PERMAI GG KATIK WALIK","prelist","MEDAN PERJUANGAN","SIDORAME TIMUR","LINGKUNGAN 14","","","G. Perdagangan Besar dan Eceran, Reparasi Mobil dan Sepeda Motor","SBR"],
    ["106253","KEDAI JAJANAN <SIREGAR>","JL RAKYAT GG SAHATA NO 12","prelist","MEDAN PERJUANGAN","SIDORAME BARAT II","LINGKUNGAN 3","","","G. Perdagangan Besar dan Eceran, Reparasi Mobil dan Sepeda Motor","SBR"],
    ["106254","WARUNG SEMBAKO <M TONDANG>","JL PENDIDIKAN NO 86 B LINGKUNGAN 7","prelist","MEDAN PERJUANGAN","TEGAL REJO","LINGKUNGAN 7","","","G. Perdagangan Besar dan Eceran, Reparasi Mobil dan Sepeda Motor","SBR"],
    ["106255","JUAL SAYUR KELILING <NGATIMAN>","JL MESJID TAUFIQ GANG SEDAR NO","prelist","MEDAN PERJUANGAN","TEGAL REJO","LINGKUNGAN 6","","","G. Perdagangan Besar dan Eceran, Reparasi Mobil dan Sepeda Motor","SBR"],
    ["106258","JUALAN JAJANAN <SAID>","JL.MESJID TAUFIK GG MADRASAH","prelist","MEDAN PERJUANGAN","TEGAL REJO","LINGKUNGAN 9","","","G. Perdagangan Besar dan Eceran, Reparasi Mobil dan Sepeda Motor","SBR"],
    ["106259","JUALAN JAJANAN ANAK <YUNI>","JALAN MESJID TAUFIK NO 118 LINGKUNGAN 13","prelist","MEDAN PERJUANGAN","TEGAL REJO","LINGKUNGAN 7","","","G. Perdagangan Besar dan Eceran, Reparasi Mobil dan Sepeda Motor","SBR"],
    ["106260","<SEMBAKO> HERMANTO","JL MESJID TAUFIK NO 170","prelist","MEDAN PERJUANGAN","TEGAL REJO","LINGKUNGAN 12","","","G. Perdagangan Besar dan Eceran, Reparasi Mobil dan Sepeda Motor","SBR"],
    ["106261","KEDAI KELONTONG <OLILA>","JL MADIO UTOMO GG KADHI NO 10","prelist","MEDAN PERJUANGAN","TEGAL REJO","LINGKUNGAN 3","","","G. Perdagangan Besar dan Eceran, Reparasi Mobil dan Sepeda Motor","SBR"],
    ["106262","JUALAN JAJANAN <AISYAH>","JL PELITA 6 GG NAGKA LINGKUNGAN 2","prelist","MEDAN PERJUANGAN","TEGAL REJO","LINGKUNGAN 2","","","G. Perdagangan Besar dan Eceran, Reparasi Mobil dan Sepeda Motor","SBR"],
    ["106263","JUAL BAJU <FITRI>","JL PELITA VI G KUCICA 2","prelist","MEDAN PERJUANGAN","TEGAL REJO","LINGKUNGAN 1","","","G. Perdagangan Besar dan Eceran, Reparasi Mobil dan Sepeda Motor","SBR"],
    ["106267","USAHA TOKO MATERIAL <LIONG KIM>","JL HM SAID NO 92","prelist","MEDAN PERJUANGAN","SIDORAME BARAT I","LINGKUNGAN 4","","","G. Perdagangan Besar dan Eceran, Reparasi Mobil dan Sepeda Motor","SBR"],
    ["106268","USAHA JUAL KOSMETIK / BAHAN KECANTIKAN <M BASRI>","JL HM SAID GG PELAJAR NO 6","prelist","MEDAN PERJUANGAN","SIDORAME BARAT I","LINGKUNGAN 4","","","G. Perdagangan Besar dan Eceran, Reparasi Mobil dan Sepeda Motor","SBR"],
    ["106269","WARUNG JAJANAN <RAHMAT>","JALAN DOROWATI GANG WONGSO NO","prelist","MEDAN PERJUANGAN","SIDORAME BARAT I","LINGKUNGAN 7","","","G. Perdagangan Besar dan Eceran, Reparasi Mobil dan Sepeda Motor","SBR"],
    ["106277","JUAL DAGING BABI <TANKOK SENG>","KOMPLEK SETIA JADI RESIDENCE BLOK B2","prelist","MEDAN PERJUANGAN","TEGAL REJO","LINGKUNGAN 15","","","G. Perdagangan Besar dan Eceran, Reparasi Mobil dan Sepeda Motor","SBR"],
    ["106278","PENJUAL SAYURAN <EVI>","JL SETIA JADI GG WAKAF","prelist","MEDAN PERJUANGAN","TEGAL REJO","LINGKUNGAN 15","","","G. Perdagangan Besar dan Eceran, Reparasi Mobil dan Sepeda Motor","SBR"],
    ["106279","WARUNG SEMBAKO <NI KETUT WARNI ATHI>","JLN SETIA JADI NO 45 LINK 14","prelist","MEDAN PERJUANGAN","TEGAL REJO","LINGKUNGAN 14","","","G. Perdagangan Besar dan Eceran, Reparasi Mobil dan Sepeda Motor","SBR"],
    ["106280","JUAL LAMPU HANNOCHS","JALAN PASAR 3 NO LK 14","prelist","MEDAN PERJUANGAN","TEGAL REJO","LINGKUNGAN 11","","","G. Perdagangan Besar dan Eceran, Reparasi Mobil dan Sepeda Motor","SBR"],
    ["106281","TAMBAL BAN <K SIMARMATA>","JL SEHATI NO 57","prelist","MEDAN PERJUANGAN","TEGAL REJO","LINGKUNGAN 9","","","G. Perdagangan Besar dan Eceran, Reparasi Mobil dan Sepeda Motor","SBR"],
    ["106282","JUAL PAKAIAN BEKAS <ROSE>","JL PASAR 3 GG CEMPAKA NO I. LONGKUNGAN 9","prelist","MEDAN PERJUANGAN","TEGAL REJO","LINGKUNGAN 9","","","G. Perdagangan Besar dan Eceran, Reparasi Mobil dan Sepeda Motor","SBR"],
    ["106283","KEDAI ROKOK<TUNGGUL>","JI RAKYAT LING 8","prelist","MEDAN PERJUANGAN","TEGAL REJO","LINGKUNGAN 4","","","G. Perdagangan Besar dan Eceran, Reparasi Mobil dan Sepeda Motor","SBR"],
    ["106284","JUAL MJAJANAN<NURHASANAH>","JALAN SEHATI GANG BUNTU 2 NO 9","prelist","MEDAN PERJUANGAN","TEGAL REJO","LINGKUNGAN 9","","","G. Perdagangan Besar dan Eceran, Reparasi Mobil dan Sepeda Motor","SBR"],
    ["106285","BENGKEL HERU","JL RAKYAT NO 140 LK 4","prelist","MEDAN PERJUANGAN","TEGAL REJO","LINGKUNGAN 4","","","G. Perdagangan Besar dan Eceran, Reparasi Mobil dan Sepeda Motor","SBR"],
    ["107479","JUAL KAMERA","JL PRAJURIT","prelist","MEDAN PERJUANGAN","SIDORAME BARAT I","LINGKUNGAN 11","","","G. Perdagangan Besar dan Eceran, Reparasi Mobil dan Sepeda Motor","SBR"],
    ["107486","BENGKEL <JOHAN>","JL KERAMBIK NO 12","prelist","MEDAN PERJUANGAN","PAHLAWAN","LINGKUNGAN 6","","","G. Perdagangan Besar dan Eceran, Reparasi Mobil dan Sepeda Motor","SBR"],
    ["107487","STEWART HOBBY","JALAN HM YAMIN NO 432","prelist","MEDAN PERJUANGAN","SEI KERA HULU","LINGKUNGAN 5","","","G. Perdagangan Besar dan Eceran, Reparasi Mobil dan Sepeda Motor","SBR"],
    ["107488","KEDAI KELONTONG <SUI KIM>","JALAN SENTOSA LAMA GANG TONGKAT NOMOR 13","prelist","MEDAN PERJUANGAN","SEI KERA HULU","LINGKUNGAN 20","","","G. Perdagangan Besar dan Eceran, Reparasi Mobil dan Sepeda Motor","SBR"],
    ["107502","USAHA JUAL BARANG BERAS","JALAN SEJATI GANG AMAN NO 20","prelist","MEDAN PERJUANGAN","SIDORAME BARAT I","LINGKUNGAN 9","","","G. Perdagangan Besar dan Eceran, Reparasi Mobil dan Sepeda Motor","SBR"],
    ["107503","AGEN TAPERWERE","JALAN MAHONI MAS BLOK E NOMOR 4","prelist","MEDAN PERJUANGAN","SIDORAME BARAT I","LINGKUNGAN 14","","","G. Perdagangan Besar dan Eceran, Reparasi Mobil dan Sepeda Motor","SBR"],
    ["107504","JUAL PERALATAN RUMAH TANGGA <LASMAY>","JALAN RAKYNT NO.90","prelist","MEDAN PERJUANGAN","TEGAL REJO","LINGKUNGAN 3","","","G. Perdagangan Besar dan Eceran, Reparasi Mobil dan Sepeda Motor","SBR"],
    ["107505","JILBAB <HERNAWATI>","JL PERJUANGAN GG MARTIMBANG","prelist","MEDAN PERJUANGAN","SIDORAME TIMUR","LINGKUNGAN 7","","","G. Perdagangan Besar dan Eceran, Reparasi Mobil dan Sepeda Motor","SBR"],
    ["107506","JUAL PISANG <R HUTAPEA>","PAJAK KARTO","prelist","MEDAN PERJUANGAN","SIDORAME TIMUR","LINGKUNGAN 10","","","G. Perdagangan Besar dan Eceran, Reparasi Mobil dan Sepeda Motor","SBR"],
    ["107508","PEDAGANG KAKI LIMA PAKAIAN <ERNA>","JL RAKYAT","prelist","MEDAN PERJUANGAN","SIDORAME TIMUR","LINGKUNGAN 11","","","G. Perdagangan Besar dan Eceran, Reparasi Mobil dan Sepeda Motor","SBR"],
    ["107509","DAGANG TAS <BASIR KOTO>","JL RAKYAT","prelist","MEDAN PERJUANGAN","SIDORAME TIMUR","LINGKUNGAN 11","","","G. Perdagangan Besar dan Eceran, Reparasi Mobil dan Sepeda Motor","SBR"],
    ["107510","TOKO LAMPU <DONI>","JALAN GURILLA NO 20 A LINGKUNGAN 5","prelist","MEDAN PERJUANGAN","SEI KERA HILIR II","LINGKUNGAN 4","","","G. Perdagangan Besar dan Eceran, Reparasi Mobil dan Sepeda Motor","SBR"],
    ["107512","PENJUAL KUE <WENNI>","JL PROF HM YAMIN SH GG INDIA","prelist","MEDAN PERJUANGAN","SEI KERA HILIR II","LINGKUNGAN 2","","","G. Perdagangan Besar dan Eceran, Reparasi Mobil dan Sepeda Motor","SBR"],
    ["107513","PEDAGANG AKSESORIS JILBAB <SILVI>","JL PIMPINAN GG MURNI LINK 13","prelist","MEDAN PERJUANGAN","SEI KERA HILIR I","LINGKUNGAN 13","","","G. Perdagangan Besar dan Eceran, Reparasi Mobil dan Sepeda Motor","SBR"],
    ["107514","PENJUAL GAS<VICTOR>","JALAN GURILLA NO 13 LINGKUNGAN 6","prelist","MEDAN PERJUANGAN","SIDORAME TIMUR","LINGKUNGAN 3","","","G. Perdagangan Besar dan Eceran, Reparasi Mobil dan Sepeda Motor","SBR"],
    ["107515","BUNGA <ADE>","JLN PROF HM YAMIN SH","prelist","MEDAN PERJUANGAN","PAHLAWAN","LINGKUNGAN 15","","","G. Perdagangan Besar dan Eceran, Reparasi Mobil dan Sepeda Motor","SBR"],
    ["107516","MENJUAL IKAN <SUHARDI>","JALAN PAHLAWAN GANG IBUN.EA NO 26","prelist","MEDAN PERJUANGAN","PAHLAWAN","LINGKUNGAN 13","","","G. Perdagangan Besar dan Eceran, Reparasi Mobil dan Sepeda Motor","SBR"],
    ["107517","USAHA ANGSURAN PAKAIAN <NURLAINI>","JALAN SAKTI NO 5/28 MEDAN LINGKUNGAN IV","prelist","MEDAN PERJUANGAN","PAHLAWAN","LINGKUNGAN 4","","","G. Perdagangan Besar dan Eceran, Reparasi Mobil dan Sepeda Motor","SBR"],
    ["107518","BAKSO KELILING<SUFENDI>","JALAN SETIA JADI NO 46","prelist","MEDAN PERJUANGAN","TEGAL REJO","LINGKUNGAN 15","","","G. Perdagangan Besar dan Eceran, Reparasi Mobil dan Sepeda Motor","SBR"],
    ["107521","BENGKEL <SUMARNO>","JL PSR 3 NO 87 LINK 14","prelist","MEDAN PERJUANGAN","TEGAL REJO","LINGKUNGAN 14","","","G. Perdagangan Besar dan Eceran, Reparasi Mobil dan Sepeda Motor","SBR"],
    ["107522","ONLINE BAJU <IMAM>","JALAN PASAR 3 GANG KELUARGA NO","prelist","MEDAN PERJUANGAN","TEGAL REJO","LINGKUNGAN 14","","","G. Perdagangan Besar dan Eceran, Reparasi Mobil dan Sepeda Motor","SBR"],
    ["107523","WARUNG SEMBAKO <NASIR>","JALAN SEHATI NO 117 LK 8","prelist","MEDAN PERJUANGAN","TEGAL REJO","LINGKUNGAN 8","","","G. Perdagangan Besar dan Eceran, Reparasi Mobil dan Sepeda Motor","SBR"],
    ["107524","MENJUALTELUR K5 <HALIMAH>","JALAN PASAR TIGA NO 132 GANG FAMILI LK 8","prelist","MEDAN PERJUANGAN","TEGAL REJO","LINGKUNGAN 8","","","G. Perdagangan Besar dan Eceran, Reparasi Mobil dan Sepeda Motor","SBR"],
    ["107525","JUALAN MAKANAN JAJANAN <ATI>","JL MESJID TAUFIK GG KELUARGA NO 2 B","prelist","MEDAN PERJUANGAN","TEGAL REJO","LINGKUNGAN 12","","","G. Perdagangan Besar dan Eceran, Reparasi Mobil dan Sepeda Motor","SBR"],
    ["107526","USAHA GARAM KELILING <INCU>","JL MESJID TAUFIK GG KELUARGA NO 2","prelist","MEDAN PERJUANGAN","TEGAL REJO","LINGKUNGAN 12","","","G. Perdagangan Besar dan Eceran, Reparasi Mobil dan Sepeda Motor","SBR"],
    ["107527","USAHA GAS ELPIJI <POLMAN>","JL MESJID TAUFIK NO 171","prelist","MEDAN PERJUANGAN","TEGAL REJO","LINGKUNGAN 4","","","G. Perdagangan Besar dan Eceran, Reparasi Mobil dan Sepeda Motor","SBR"],
    ["107528","TOKO TILAM DELINDRA","JLN RAKYAT NO.126 LINK 42","prelist","MEDAN PERJUANGAN","TEGAL REJO","LINGKUNGAN 12","","","G. Perdagangan Besar dan Eceran, Reparasi Mobil dan Sepeda Motor","SBR"],
    ["107529","PENJUAL PAKIAN KAKI LIMA <YUNITA>","JLN RAKYAT GG BELI NO 11 LINK 12","prelist","MEDAN PERJUANGAN","TEGAL REJO","LINGKUNGAN 12","","","G. Perdagangan Besar dan Eceran, Reparasi Mobil dan Sepeda Motor","SBR"],
    ["107530","<JAJANAN> FLORIDA","JL MESJID TAUFIK GANG NANGKA","prelist","MEDAN PERJUANGAN","TEGAL REJO","LINGKUNGAN 12","","","G. Perdagangan Besar dan Eceran, Reparasi Mobil dan Sepeda Motor","SBR"],
    ["107531","DOORSMER SEPEDA MOTOR <HERLAN HUTABARAT>","JL MADIO UTOMO NO 87","prelist","MEDAN PERJUANGAN","TEGAL REJO","LINGKUNGAN 3","","","G. Perdagangan Besar dan Eceran, Reparasi Mobil dan Sepeda Motor","SBR"],
    ["107532","JUALAN AKSESORIS <LINDA>","GG BARU NO 1","prelist","MEDAN PERJUANGAN","TEGAL REJO","LINGKUNGAN 3","","","G. Perdagangan Besar dan Eceran, Reparasi Mobil dan Sepeda Motor","SBR"],
    ["107533","JUAL JAJANAN ANAK <BU MARHAMA>","JL MADIO UTOMO GG OPUNG NO 34 LK 3","prelist","MEDAN PERJUANGAN","TEGAL REJO","LINGKUNGAN 3","","","G. Perdagangan Besar dan Eceran, Reparasi Mobil dan Sepeda Motor","SBR"],
    ["107611","JUAL GULA MERAH <LENA>","JL MANGAAN 9 LK 18 GG PELAJAR","prelist","MEDAN PERJUANGAN","SIDORAME BARAT II","LINGKUNGAN 5","","","G. Perdagangan Besar dan Eceran, Reparasi Mobil dan Sepeda Motor","SBR"],
    ["108151","SUPIR ANGKOT <ROBINSON>","JALAN GURILA GANG DAME","prelist","MEDAN PERJUANGAN","SEI KERA HILIR I","LINGKUNGAN 6","","","H. Transportasi dan Pergudangan","SBR"],
    ["108163","BECAK MESIN <AMRI>","JL PRAJURIT","prelist","MEDAN PERJUANGAN","SIDORAME BARAT I","LINGKUNGAN 11","","","H. Transportasi dan Pergudangan","SBR"],
    ["108169","BECAK BERMOTOR PUPUT","JALAN HM SAID G ZUKI NO 26","prelist","MEDAN PERJUANGAN","SIDORAME BARAT I","LINGKUNGAN 6","","","H. Transportasi dan Pergudangan","SBR"],
    ["108172","GOJEK <IDRIS>","JL HM YAMIN GG KEMUNING","prelist","MEDAN PERJUANGAN","SEI KERA HILIR II","LINGKUNGAN 10","","","H. Transportasi dan Pergudangan","SBR"],
    ["108174","TUKANG BECAK <DARMAN LUBIS>","JALAN PAHLAWAN NO 38/66 MEDAN LINGKUNGAN","prelist","MEDAN PERJUANGAN","PAHLAWAN","LINGKUNGAN 2","","","H. Transportasi dan Pergudangan","SBR"],
    ["108175","TUKANG BECAK MESIN <ARDI>","JALAN BADIK GG TENGAH NO 12","prelist","MEDAN PERJUANGAN","PAHLAWAN","LINGKUNGAN 7","","","H. Transportasi dan Pergudangan","SBR"],
    ["108176","PENARIK BETOR <DEDI>","JL.SENTOS A LAMA G.RINGGIT NO.72","prelist","MEDAN PERJUANGAN","SEI KERA HULU","LINGKUNGAN 12","","","H. Transportasi dan Pergudangan","SBR"],
    ["108177","PENARIK BECA DAYUNG <AMIRUDDIN>","JL SENTOSA LAMA GG LEMAN NO 6","prelist","MEDAN PERJUANGAN","SEI KERA HULU","LINGKUNGAN 9","","","H. Transportasi dan Pergudangan","SBR"],
    ["108178","SUPIR ANGKOT <BORBOR>","JALAN SENTOSA LAMA GANG SELAMAT","prelist","MEDAN PERJUANGAN","SEI KERA HULU","LINGKUNGAN 16","","","H. Transportasi dan Pergudangan","SBR"],
    ["108179","NARIK BECAK DAYUNG <LIDIN>","JALAN SENTOSA LAMA GANG TONGKAT NOMOR 29","prelist","MEDAN PERJUANGAN","SEI KERA HULU","LINGKUNGAN 20","","","H. Transportasi dan Pergudangan","SBR"],
    ["108180","TUKANG BETOR <LATIEF>","JL SENTOSA LAMA NO 58","prelist","MEDAN PERJUANGAN","SEI KERA HULU","LINGKUNGAN 16","","","H. Transportasi dan Pergudangan","SBR"],
    ["108181","GUDANG <BENNY>","JL SERAM BARU 2A LINGKUNGAN II","prelist","MEDAN PERJUANGAN","PANDAU HILIR","LINGKUNGAN 2","","","H. Transportasi dan Pergudangan","SBR"],
    ["108182","TUKANG BETOR <IZUL>","JL MALAKA GG SAUDARA","prelist","MEDAN PERJUANGAN","PANDAU HILIR","LINGKUNGAN 4","","","H. Transportasi dan Pergudangan","SBR"],
    ["108190","BECAK BARANG <W SIRAIT>","JL PERINTIS","prelist","MEDAN PERJUANGAN","SIDORAME TIMUR","LINGKUNGAN 9","","","H. Transportasi dan Pergudangan","SBR"],
    ["108191","BECAK BARANG <RIDWAN>","JL KARYA BAKTI","prelist","MEDAN PERJUANGAN","SIDORAME TIMUR","LINGKUNGAN 9","","","H. Transportasi dan Pergudangan","SBR"],
    ["108192","BECAK BARANG <SULTAN>","LORONG TOBA","prelist","MEDAN PERJUANGAN","SIDORAME TIMUR","LINGKUNGAN 2","","","H. Transportasi dan Pergudangan","SBR"],
    ["108193","PENARIK BETOR <PARULIAN>","JALAN GURILA GANG CANGA MERAH NO 2B","prelist","MEDAN PERJUANGAN","SIDORAME TIMUR","LINGKUNGAN 10","","","H. Transportasi dan Pergudangan","SBR"],
    ["108194","BETOR <BAMBANG>","JL LANGGAR JATI NO 12 B","prelist","MEDAN PERJUANGAN","SIDORAME TIMUR","LINGKUNGAN 4","","","H. Transportasi dan Pergudangan","SBR"],
    ["108195","BECAK MOTOR <BAMBANG>","JL TIRTO GG SAPU NO 9 LK 4","prelist","MEDAN PERJUANGAN","SEI KERA HILIR II","LINGKUNGAN 2","","","H. Transportasi dan Pergudangan","SBR"],
    ["108196","BECAK DAYUNG <ARIFIN>","JALAN M YAKUB GG NANGKA LINGKUNGAN 5","prelist","MEDAN PERJUANGAN","SEI KERA HILIR II","LINGKUNGAN 5","","","H. Transportasi dan Pergudangan","SBR"],
    ["108197","BECAK MOTOR<ANGGIAT>","JL MYAKUB LINGKUNGAN 13","prelist","MEDAN PERJUANGAN","SEI KERA HILIR II","LINGKUNGAN 10","","","H. Transportasi dan Pergudangan","SBR"],
    ["108198","BAWA BETOR<RIZAL>","JL IBRAHIM GG MANTRI NO 27","prelist","MEDAN PERJUANGAN","SEI KERA HILIR II","LINGKUNGAN 6","","","H. Transportasi dan Pergudangan","SBR"],
    ["108199","GOJEK <IBRAHIM>","IL PIMPINAN GE SUKA RAHMAT NO 8","prelist","MEDAN PERJUANGAN","SEI KERA HILIR I","LINGKUNGAN 12","","","H. Transportasi dan Pergudangan","SBR"],
    ["108200","BETOR <SYAHRIAL>","JL PIMPINAN GG SUKAMAJU NO 15 D LINGK 10","prelist","MEDAN PERJUANGAN","SEI KERA HILIR I","LINGKUNGAN 10","","","H. Transportasi dan Pergudangan","SBR"],
    ["108202","SUPIR RENTAL MOBIL <SYAMSUL>","JL. PROF HM YAMIN SH GG. ISTIRAHAT NO 45","prelist","MEDAN PERJUANGAN","PAHLAWAN","LINGKUNGAN 1","","","H. Transportasi dan Pergudangan","SBR"],
    ["108203","SUPIR PICK UP<ADNAN>","JL PAHLAWAN GG AZIZI LINGKUNGAN 14","prelist","MEDAN PERJUANGAN","PAHLAWAN","LINGKUNGAN 13","","","H. Transportasi dan Pergudangan","SBR"],
    ["108204","TUKANG BECAK MESIN <RUSTAM LUBIS >","JALAN TERUSAN NEGARA NO 4 LINGKUNGAN 13","prelist","MEDAN PERJUANGAN","PAHLAWAN","LINGKUNGAN 14","","","H. Transportasi dan Pergudangan","SBR"],
    ["108205","BECAK DAYUNG <ZAINI KOTO>","JALAN PAHLAWAN GANG ANOM NOMOR 46","prelist","MEDAN PERJUANGAN","PAHLAWAN","LINGKUNGAN 3","","","H. Transportasi dan Pergudangan","SBR"],
    ["108206","BETOR <M SHOLEH>","JALAN PELITA 3 NOMOR N65","prelist","MEDAN PERJUANGAN","SIDORAME BARAT II","LINGKUNGAN 7","","","H. Transportasi dan Pergudangan","SBR"],
    ["108207","PENGIRIMAN BARANG <ASIONG>","JALAN PELITA 2 NOMOR 79","prelist","MEDAN PERJUANGAN","SIDORAME BARAT II","LINGKUNGAN 7","","","H. Transportasi dan Pergudangan","SBR"],
    ["108208","BETOR<BADIA>","JALAN PELITA 1 GANG PELAJAR NO 49 B","prelist","MEDAN PERJUANGAN","TEGAL REJO","LINGKUNGAN 4","","","H. Transportasi dan Pergudangan","SBR"],
    ["108209","BECAK DAYUNG <RIDWAN>","JALAN PELITA 1 GANG KELAPA NOMOR 4","prelist","MEDAN PERJUANGAN","SIDORAME TIMUR","LINGKUNGAN 11","","","H. Transportasi dan Pergudangan","SBR"],
    ["108210","BETOR <JOSEP>","JALAN PELITA 1 GANG SELARAS","prelist","MEDAN PERJUANGAN","SIDORAME BARAT II","LINGKUNGAN 4","","","H. Transportasi dan Pergudangan","SBR"],
    ["108212","BECAK BARANG <POLIN>","JALAN PELITA 1 GANG NATIO NU 6","prelist","MEDAN PERJUANGAN","SIDORAME BARAT II","LINGKUNGAN 3","","","H. Transportasi dan Pergudangan","SBR"],
    ["108213","TUKANG BECAK BERMOTOR <MUSA>","JL NGALENGKO LR SEHATI NO 8","prelist","MEDAN PERJUANGAN","SIDORAME BARAT II","LINGKUNGAN 2","","","H. Transportasi dan Pergudangan","SBR"],
    ["108214","TUKANG BECA BERMOTOR <TIMBUL>","JL NGALENGICO LR TIRTA NADI NO 21","prelist","MEDAN PERJUANGAN","SIDORAME BARAT II","LINGKUNGAN 6","","","H. Transportasi dan Pergudangan","SBR"],
    ["108215","BECAK MOTOR <RAHMAT>","JL PERMAL GG SELAMAT","prelist","MEDAN PERJUANGAN","SIDORAME TIMUR","LINGKUNGAN 14","","","H. Transportasi dan Pergudangan","SBR"],
    ["108216","JASA ANGKUTAN BETOR <BUDIMAN>","JL PERMAI GG KATIK WALIK NO 8","prelist","MEDAN PERJUANGAN","SIDORAME TIMUR","LINGKUNGAN 14","","","H. Transportasi dan Pergudangan","SBR"],
    ["108217","JASA ANGKUTAN BECAK MESIN <PANGGALASAN>","JLPERMAI GG.MESJID","prelist","MEDAN PERJUANGAN","SIDORAME TIMUR","LINGKUNGAN 15","","","H. Transportasi dan Pergudangan","SBR"],
    ["108218","BECAK DAYUNG <RIFAI>","JL PERMAI GG INDAH NO 6","prelist","MEDAN PERJUANGAN","SIDORAME BARAT II","LINGKUNGAN 8","","","H. Transportasi dan Pergudangan","SBR"],
    ["108219","BETOR <SEBASTIAN PASARIBU>","JL PELITA II GG SAHATA","prelist","MEDAN PERJUANGAN","SIDORAME TIMUR","LINGKUNGAN 12","","","H. Transportasi dan Pergudangan","SBR"],
    ["108220","BETON <SUKRI>","LORONG KARTO SEI BATANG","prelist","MEDAN PERJUANGAN","SIDORAME TIMUR","LINGKUNGAN 10","","","H. Transportasi dan Pergudangan","SBR"],
    ["108221","BETOR <SAHATA>","JL PERMAI NO 26","prelist","MEDAN PERJUANGAN","SIDORAME TIMUR","LINGKUNGAN 13","","","H. Transportasi dan Pergudangan","SBR"],
    ["108222","TK BETOR <SUTRISNO>","JL DWIKORA G MANGGA","prelist","MEDAN PERJUANGAN","TEGAL REJO","LINGKUNGAN 2","","","H. Transportasi dan Pergudangan","SBR"],
    ["108223","SUPIR ANGKUTAN <MANULANG>","JL PELITA 6 G DWIKORA","prelist","MEDAN PERJUANGAN","TEGAL REJO","LINGKUNGAN 2","","","H. Transportasi dan Pergudangan","SBR"],
    ["108225","BAWA BECAK MOTOR <SYAIFUL>","JALAN PELITA 3 NO 16","prelist","MEDAN PERJUANGAN","SIDORAME BARAT I","LINGKUNGAN 2","","","H. Transportasi dan Pergudangan","SBR"],
    ["108226","TUKANG BECAK MOTOR <MUJINO>","JALAN PELITA I NO 26","prelist","MEDAN PERJUANGAN","SIDORAME BARAT I","LINGKUNGAN 5","","","H. Transportasi dan Pergudangan","SBR"],
    ["108227","TUKANG BECAK <WAGIRIN>","JL HM SAID","prelist","MEDAN PERJUANGAN","SIDORAME BARAT I","LINGKUNGAN 14","","","H. Transportasi dan Pergudangan","SBR"],
    ["108228","BECAK MOTOR <HORAS>","JALAN SEJATI GANG REZEKI NO 11","prelist","MEDAN PERJUANGAN","SIDORAME BARAT I","LINGKUNGAN 9","","","H. Transportasi dan Pergudangan","SBR"],
    ["108229","BECAK DAYUNG <EFENDI>","JL HM SAID GG MASJID NO 19","prelist","MEDAN PERJUANGAN","SIDORAME BARAT I","LINGKUNGAN 14","","","H. Transportasi dan Pergudangan","SBR"],
    ["108230","TUKANG PARKIR","ASRAMA KOWILHAN K 35","prelist","MEDAN PERJUANGAN","SIDORAME BARAT I","LINGKUNGAN 7","","","H. Transportasi dan Pergudangan","SBR"],
    ["108231","BECAK DAYUNG <JUMADI>","JALAN PELITA 5 GANG JABAT NO 10","prelist","MEDAN PERJUANGAN","SIDORAME BARAT II","LINGKUNGAN 9","","","H. Transportasi dan Pergudangan","SBR"],
    ["108232","SOPIR ANGKUTAN <UDDIN>","JALAN PELITA 6 GG PRIBADI NO 3 LK 9","prelist","MEDAN PERJUANGAN","TEGAL REJO","LINGKUNGAN 1","","","H. Transportasi dan Pergudangan","SBR"],
    ["108233","BECAK MOTOR <DANIL>","JALAN PELITA 6 GG TENTERAM NO 66 LK 8","prelist","MEDAN PERJUANGAN","SIDORAME BARAT II","LINGKUNGAN 8","","","H. Transportasi dan Pergudangan","SBR"],
    ["108234","TUKANG BECAK BERMOTOR<ZULFAN>","JL.PELITA 4 GG.SEJAHTERA NO.25","prelist","MEDAN PERJUANGAN","SIDORAME BARAT II","LINGKUNGAN 8","","","H. Transportasi dan Pergudangan","SBR"],
    ["108235","GOJEK <ROMI>","JALAN PELITA 6 NO 8 A","prelist","MEDAN PERJUANGAN","SIDORAME BARAT II","LINGKUNGAN 8","","","H. Transportasi dan Pergudangan","SBR"],
    ["108236","BECAK BARANG<HENDRA>","JL PELITA 2 GANG POS 2","prelist","MEDAN PERJUANGAN","SIDORAME BARAT II","LINGKUNGAN 6","","","H. Transportasi dan Pergudangan","SBR"],
    ["108237","TUKANG BECAK <AHTO>","IJALAN PELITAL IGANG BONJOL","prelist","MEDAN PERJUANGAN","SIDORAME BARAT II","LINGKUNGAN 6","","","H. Transportasi dan Pergudangan","SBR"],
    ["108244","PENGANKUTA BETOR <ZULKIFLI>","JL SETIA JADI NO 82 LINGK 15","prelist","MEDAN PERJUANGAN","TEGAL REJO","LINGKUNGAN 15","","","H. Transportasi dan Pergudangan","SBR"],
    ["108245","BECAK MOTOR <JOHAN>","JALAN RAKYAT GG BALAM","prelist","MEDAN PERJUANGAN","TEGAL REJO","LINGKUNGAN 7","","","H. Transportasi dan Pergudangan","SBR"],
    ["108246","TARIK BECAK MOTOR <JUAHIR>","JL PASAR 3 ENGGANG NO 46","prelist","MEDAN PERJUANGAN","TEGAL REJO","LINGKUNGAN 11","","","H. Transportasi dan Pergudangan","SBR"],
    ["108247","MEMBAWA BETOR <MASARI>","JALAN PASAR 3 GANG BUNTU 3 NO 95 A","prelist","MEDAN PERJUANGAN","TEGAL REJO","LINGKUNGAN 11","","","H. Transportasi dan Pergudangan","SBR"],
    ["108248","JASA BECAK BERMOTOR <NICO>","JALAN PENDIDIKAN GANG SEDAR NO 2 LK 7","prelist","MEDAN PERJUANGAN","TEGAL REJO","LINGKUNGAN 6","","","H. Transportasi dan Pergudangan","SBR"],
    ["108249","ANGKOT <SUWANDI>","JL MAPILINDO LK 5","prelist","MEDAN PERJUANGAN","TEGAL REJO","LINGKUNGAN 13","","","H. Transportasi dan Pergudangan","SBR"],
    ["108250","TUKANG BECAK BERMOTOR SELAMAT <YADI>","IJALAN MES J 1 0 T AUFLK IGANG BINTARA NO 3","prelist","MEDAN PERJUANGAN","TEGAL REJO","LINGKUNGAN 7","","","H. Transportasi dan Pergudangan","SBR"],
    ["108251","<BECAK BARANG> SAHA","JL MESJID TAUFIKGG NANGKA NO 1 1","prelist","MEDAN PERJUANGAN","TEGAL REJO","LINGKUNGAN 7","","","H. Transportasi dan Pergudangan","SBR"],
    ["108252","USAHA BECAK MESIN <LILYARYOHAN>","JL MADIO UTOMO GG IKLAS NO 2 LIK 3","prelist","MEDAN PERJUANGAN","TEGAL REJO","LINGKUNGAN 3","","","H. Transportasi dan Pergudangan","SBR"],
    ["108253","TUKANG BECAK <SIMAMORA>","GG KETAPANG LK 3","prelist","MEDAN PERJUANGAN","TEGAL REJO","LINGKUNGAN 3","","","H. Transportasi dan Pergudangan","SBR"],
    ["108606","TUKANG BECAK <IRFAN JAYA H>/<IWAN>","JL SETIA JADI","prelist","MEDAN PERJUANGAN","TEGAL REJO","LINGKUNGAN 8","","","H. Transportasi dan Pergudangan","SBR"],
    ["108622","TUKANG BECAK <ZANEHE>","GG NAULI LK 3","prelist","MEDAN PERJUANGAN","TEGAL REJO","LINGKUNGAN 3","","","H. Transportasi dan Pergudangan","SBR"],
    ["108623","TUKANG BECAK <ROBINSON>","JL MADIO UTOMO GG OPUNG NO 34 LK 3","prelist","MEDAN PERJUANGAN","TEGAL REJO","LINGKUNGAN 3","","","H. Transportasi dan Pergudangan","SBR"],
    ["108624","BECAK MESIN <NGALONO>","JL PELITA 6 LINGKUNGAN 2","prelist","MEDAN PERJUANGAN","TEGAL REJO","LINGKUNGAN 2","","","H. Transportasi dan Pergudangan","SBR"],
    ["108625","BECAK<SYAHRAN>","JL MAPILINDO GG KLUARAGA","prelist","MEDAN PERJUANGAN","TEGAL REJO","LINGKUNGAN 2","","","H. Transportasi dan Pergudangan","SBR"],
    ["108626","BECAK MOTOR <ISMAIL>","JL PELITA VI G KUCICA 2","prelist","MEDAN PERJUANGAN","TEGAL REJO","LINGKUNGAN 1","","","H. Transportasi dan Pergudangan","SBR"],
    ["108627","TUKANG BECAK <BANG DIDI>","ASRAMA KOWILHAN SATU JALAN SEJATI K 10","prelist","MEDAN PERJUANGAN","SIDORAME BARAT I","LINGKUNGAN 9","","","H. Transportasi dan Pergudangan","SBR"],
    ["108628","TUKANG BECAK BERMOTOR <ISKANDAR>","JL PIMPINAN GG USAHA NO 3 LINGK 10","prelist","MEDAN PERJUANGAN","SEI KERA HILIR I","LINGKUNGAN 10","","","H. Transportasi dan Pergudangan","SBR"],
    ["108629","BECAK BERMOTOR < SYAWAL>","JL IBRAHIM GG REDAHATI NO 7","prelist","MEDAN PERJUANGAN","SEI KERA HILIR I","LINGKUNGAN 8","","","H. Transportasi dan Pergudangan","SBR"],
    ["108630","SUPIR ANGKOT <AMIT>","JL GURILLA GG WASPADA NO 13A","prelist","MEDAN PERJUANGAN","SEI KERA HILIR I","LINGKUNGAN 2","","","H. Transportasi dan Pergudangan","SBR"],
    ["108639","BECAK MOTOR <MARBUN>","JALAN PERBATASANO 54","prelist","MEDAN PERJUANGAN","TEGAL REJO","LINGKUNGAN 15","","","H. Transportasi dan Pergudangan","SBR"],
    ["108640","TUKANG BECAK DAYUNG <EDI>","JL RAKYAT GG MERPATI","prelist","MEDAN PERJUANGAN","TEGAL REJO","LINGKUNGAN 10","","","H. Transportasi dan Pergudangan","SBR"],
    ["108641","TUKAG BECAK MESIN <JOSMAN>","JL RAKYAT GG MERPATI","prelist","MEDAN PERJUANGAN","TEGAL REJO","LINGKUNGAN 10","","","H. Transportasi dan Pergudangan","SBR"],
    ["108642","BECAK BERMOTOR<R SIRAIT>","JALAN PASAR TIGA GG NURI NO 2 LK II","prelist","MEDAN PERJUANGAN","TEGAL REJO","LINGKUNGAN 11","","","H. Transportasi dan Pergudangan","SBR"],
    ["108643","TUKANG BECAK MESIN <HASANUDIN>","JL PASAR 3 GG KUTILANG NO 38D LINK 14","prelist","MEDAN PERJUANGAN","TEGAL REJO","LINGKUNGAN 14","","","H. Transportasi dan Pergudangan","SBR"],
    ["108645","PENARIK BETOR <JAWELAR>","JALAN PASAR III GG KENANGAN NO 12A","prelist","MEDAN PERJUANGAN","TEGAL REJO","LINGKUNGAN 14","","","H. Transportasi dan Pergudangan","SBR"],
    ["108646","BECAK BERMOTOR <HOTMAN>","JALAN PASAR 3 GANG PAKIS NO.5 LK.8","prelist","MEDAN PERJUANGAN","TEGAL REJO","LINGKUNGAN 11","","","H. Transportasi dan Pergudangan","SBR"],
    ["108647","USAHA BECAK MESIN <YUDHI>","JL RAKYAT GG PELAJAR UJUNG NO 24","prelist","MEDAN PERJUANGAN","TEGAL REJO","LINGKUNGAN 4","","","H. Transportasi dan Pergudangan","SBR"],
    ["108648","USAHA BECAK MESIN<TRISNO>","JL MESJID TAUFIK GG MARTOSARI NO 12","prelist","MEDAN PERJUANGAN","TEGAL REJO","LINGKUNGAN 7","","","H. Transportasi dan Pergudangan","SBR"],
    ["108649","BECAK BERMOTOR <IBNU>","JALAN MESJID TAUFLK G KELUE NO 38 LK 4","prelist","MEDAN PERJUANGAN","TEGAL REJO","LINGKUNGAN 7","","","H. Transportasi dan Pergudangan","SBR"],
    ["108650","GUDANG MOBIL <FERDINAND>","JALAN MESJID TAUFIQ NO 105 LINGKUNGAN 7","prelist","MEDAN PERJUANGAN","TEGAL REJO","LINGKUNGAN 7","","","H. Transportasi dan Pergudangan","SBR"],
    ["108651","JASA SOPIR ANGKOT <ALI>","JALAN MESJID TAUFIQ GANG BOLEK NO 9 LK 7","prelist","MEDAN PERJUANGAN","TEGAL REJO","LINGKUNGAN 7","","","H. Transportasi dan Pergudangan","SBR"],
    ["108652","BECAK DAYUNG <SYAMSUDIN>","JL MAPILINDO NO 146 LINGKUNGAN 12","prelist","MEDAN PERJUANGAN","TEGAL REJO","LINGKUNGAN 3","","","H. Transportasi dan Pergudangan","SBR"],
    ["108653","MEMBAWA BECAK MESIN <OVER DELI TAMPUBOLON>","JL MADIO UTOMO GG PARLONTENG NO 10 LK 3","prelist","MEDAN PERJUANGAN","TEGAL REJO","LINGKUNGAN 3","","","H. Transportasi dan Pergudangan","SBR"],
    ["109045","RUMAH KOST <JUNAIDI>","JL ISMAILYAH GG SIDIK NO 50","prelist","MEDAN PERJUANGAN","SEI KERA HILIR II","LINGKUNGAN 13","","","I. Penyediaan Akomodasi dan Makan Minum","SBR"],
    ["109762","WARUNG BUNDA","JALAN NGALENGKO NO 5","prelist","MEDAN PERJUANGAN","SIDORAME BARAT I","LINGKUNGAN 10","","","I. Penyediaan Akomodasi dan Makan Minum","SBR"],
    ["109775","WARUNG TUAK <BASARIAH>","GANG LANGGAR NO 28","prelist","MEDAN PERJUANGAN","SIDORAME BARAT II","LINGKUNGAN 1","","","I. Penyediaan Akomodasi dan Makan Minum","SBR"],
    ["109803","PEDAGANG PECAL <SUNARTI>","JLN MAPILINDO KOMPLEK YUNAN","prelist","MEDAN PERJUANGAN","SIDORAME BARAT I","LINGKUNGAN 11","","","I. Penyediaan Akomodasi dan Makan Minum","SBR"],
    ["109854","WARUNG MAKAN<JAMILA>","JL PAHLAWAN","prelist","MEDAN PERJUANGAN","PAHLAWAN","LINGKUNGAN 13","","","I. Penyediaan Akomodasi dan Makan Minum","SBR"],
    ["109855","WARUNG KERANG REBUS ABADI","JALAN HM YAMIN GG KELAMBIR","prelist","MEDAN PERJUANGAN","SEI KERA HULU","LINGKUNGAN 1","","","I. Penyediaan Akomodasi dan Makan Minum","SBR"],
    ["109856","KEUDE KUPIE LHOKNGA","JLHM YAMIN NO 412","prelist","MEDAN PERJUANGAN","SEI KERA HULU","LINGKUNGAN 4","","","I. Penyediaan Akomodasi dan Makan Minum","SBR"],
    ["109857","JUALAN SAYUR MASAK <REFNIDA>","JALAN HM YAMIN GANG PADI NO 19","prelist","MEDAN PERJUANGAN","SEI KERA HILIR II","LINGKUNGAN 9","","","I. Penyediaan Akomodasi dan Makan Minum","SBR"],
    ["109858","KOST KOST <MASHURDI>","JL HM YAMIN GANG HABIR NO 18/20","prelist","MEDAN PERJUANGAN","SEI KERA HULU","LINGKUNGAN 8","","","I. Penyediaan Akomodasi dan Makan Minum","SBR"],
    ["109859","NASI GURIH <SAFRUL>","JALAN SEI KERA GANG JAWA NOMOR 2 / 230","prelist","MEDAN PERJUANGAN","SEI KERA HULU","LINGKUNGAN 11","","","I. Penyediaan Akomodasi dan Makan Minum","SBR"],
    ["109860","PEMILIK KAMAR KOS <GAMAR>","JALAN SEI KERA GG REZEKI E NOMOR 9","prelist","MEDAN PERJUANGAN","SEI KERA HULU","LINGKUNGAN 11","","","I. Penyediaan Akomodasi dan Makan Minum","SBR"],
    ["109861","NASI UDUK KELILING <FAJARIYATI>","JALAN HOSCOKROAMINOTO NO16 LING 14","prelist","MEDAN PERJUANGAN","SEI KERA HULU","LINGKUNGAN 15","","","I. Penyediaan Akomodasi dan Makan Minum","SBR"],
    ["109862","JUAL LONTONG <AZIZAH>","JALAN SENTOSA LAMA GANG TONGAT NOMOR","prelist","MEDAN PERJUANGAN","SEI KERA HULU","LINGKUNGAN 20","","","I. Penyediaan Akomodasi dan Makan Minum","SBR"],
    ["109863","MIE TIAW BALAP <KARDONO>","JL SUTOMO BARU NO 90 LINGKUNGAN 1","prelist","MEDAN PERJUANGAN","PANDAU HILIR","LINGKUNGAN 1","","","I. Penyediaan Akomodasi dan Makan Minum","SBR"],
    ["109864","KEDAI KOPI <RESTI>","JALAN SEI KERA SIMPANG TAMRIN","prelist","MEDAN PERJUANGAN","PANDAU HILIR","LINGKUNGAN 4","","","I. Penyediaan Akomodasi dan Makan Minum","SBR"],
    ["109866","WARUNG MAKAN <KRISTINE>","JL DELI TUA NO 7 LINGKUNGAN 9","prelist","MEDAN PERJUANGAN","PANDAU HILIR","LINGKUNGAN 9","","","I. Penyediaan Akomodasi dan Makan Minum","SBR"],
    ["109867","WARKOP <SAMSIR>","JL DELI TUA NO 48 LINGKUNGAN 9","prelist","MEDAN PERJUANGAN","PANDAU HILIR","LINGKUNGAN 9","","","I. Penyediaan Akomodasi dan Makan Minum","SBR"],
    ["109870","WARUNG LONTONG <MARLINA>","JL PIMPINAN GG TABAH NO LINGKUNGAN 9","prelist","MEDAN PERJUANGAN","SEI KERA HILIR I","LINGKUNGAN 9","","","I. Penyediaan Akomodasi dan Makan Minum","SBR"],
    ["109871","JUAL KUE BAWANG","JL PERJUANGAN GG SABAR 15 LK 8","prelist","MEDAN PERJUANGAN","SEI KERA HILIR I","LINGKUNGAN 8","","","I. Penyediaan Akomodasi dan Makan Minum","SBR"],
    ["109872","PENJUAL ES KRIM KELILING <ADI>","JALAN PIMPINAN GG CEMPAKA NO 4A LING 6","prelist","MEDAN PERJUANGAN","SEI KERA HILIR I","LINGKUNGAN 6","","","I. Penyediaan Akomodasi dan Makan Minum","SBR"],
    ["109873","SOSIS KELILING","JL GURILLA GG PERIANGAN NO 4 A LING 5","prelist","MEDAN PERJUANGAN","SEI KERA HILIR I","LINGKUNGAN 5","","","I. Penyediaan Akomodasi dan Makan Minum","SBR"],
    ["109874","KUE BASAH <YUSNANI>","IJL GURILLA GGTIMUR TENGAH NO 4 LINGK 5","prelist","MEDAN PERJUANGAN","SEI KERA HILIR I","LINGKUNGAN 5","","","I. Penyediaan Akomodasi dan Makan Minum","SBR"],
    ["109875","JAMU KELILING <SUKIYEM>","JL GURILLA GG AMA NO 7A LINGKUNGAN 4","prelist","MEDAN PERJUANGAN","SEI KERA HILIR I","LINGKUNGAN 4","","","I. Penyediaan Akomodasi dan Makan Minum","SBR"],
    ["109876","PERSEWAAN KAMAR <GUFRON>","JL M YACUB NO 13","prelist","MEDAN PERJUANGAN","SEI KERA HILIR I","LINGKUNGAN 3","","","I. Penyediaan Akomodasi dan Makan Minum","SBR"],
    ["109877","KEDAI MIE GORENG <NURIDDAN>","JL GURILLA NO 18","prelist","MEDAN PERJUANGAN","SEI KERA HILIR II","LINGKUNGAN 12","","","I. Penyediaan Akomodasi dan Makan Minum","SBR"],
    ["109878","WARUNG LONTONG MALAM","JL SENTOSA BARU","prelist","MEDAN PERJUANGAN","SEI KERA HILIR I","LINGKUNGAN 1","","","I. Penyediaan Akomodasi dan Makan Minum","SBR"],
    ["109879","NASI GORENG JAKARTA","JL SENTOSA BARU","prelist","MEDAN PERJUANGAN","SEI KERA HILIR I","LINGKUNGAN 1","","","I. Penyediaan Akomodasi dan Makan Minum","SBR"],
    ["109880","KOS KOS AN <DAULAT>","JL PANGLIMA N07","prelist","MEDAN PERJUANGAN","SEI KERA HILIR I","LINGKUNGAN 1","","","I. Penyediaan Akomodasi dan Makan Minum","SBR"],
    ["109881","KOS KOSAN <NURHADI>","JALAN PAHLAWAN G PERKASA","prelist","MEDAN PERJUANGAN","PAHLAWAN","LINGKUNGAN 14","","","I. Penyediaan Akomodasi dan Makan Minum","SBR"],
    ["109882","JUALAN SARAPAN <SUSANTRI>","JL PAHLAWAN NO 15","prelist","MEDAN PERJUANGAN","PAHLAWAN","LINGKUNGAN 15","","","I. Penyediaan Akomodasi dan Makan Minum","SBR"],
    ["109883","JUALAN KUE KELILING <ERNI>","GG AZIZI NO 10","prelist","MEDAN PERJUANGAN","PAHLAWAN","LINGKUNGAN 4","","","I. Penyediaan Akomodasi dan Makan Minum","SBR"],
    ["109884","JUALAN MINUMAN <KASIMA>","JALAN PAHLAWAN NOMOR 46","prelist","MEDAN PERJUANGAN","PAHLAWAN","LINGKUNGAN 3","","","I. Penyediaan Akomodasi dan Makan Minum","SBR"],
    ["109885","CATERING <ZURAIDA>","JL PAHLAWAN GG SAKTI NO 22 LING 4 MEDAN","prelist","MEDAN PERJUANGAN","PAHLAWAN","LINGKUNGAN 4","","","I. Penyediaan Akomodasi dan Makan Minum","SBR"],
    ["109886","MENJUAL JAGUNG BAKAR <NURLAN>","JL M YACOB TINIK NO 15 LK 4","prelist","MEDAN PERJUANGAN","SEI KERA HILIR II","LINGKUNGAN 5","","","I. Penyediaan Akomodasi dan Makan Minum","SBR"],
    ["109887","JUAL RUJAK<IDHAM>","JALAN M YAKUB LK 5","prelist","MEDAN PERJUANGAN","SEI KERA HILIR II","LINGKUNGAN 14","","","I. Penyediaan Akomodasi dan Makan Minum","SBR"],
    ["109888","SIOMAY MAS RAGIL <SURADI>","JL M YACOB GG TITI BATU","prelist","MEDAN PERJUANGAN","SEI KERA HILIR II","LINGKUNGAN 2","","","I. Penyediaan Akomodasi dan Makan Minum","SBR"],
    ["109889","JUALAN KEDAI KOPI <MUSLIM EFENDI>","JL.GURILLA LINGKUNGAN 7","prelist","MEDAN PERJUANGAN","SEI KERA HILIR I","LINGKUNGAN 6","","","I. Penyediaan Akomodasi dan Makan Minum","SBR"],
    ["109890","JUAL LONTONG<YENIS","JL M.YAKUS LINGKUNGAN 13","prelist","MEDAN PERJUANGAN","SEI KERA HILIR II","LINGKUNGAN 14","","","I. Penyediaan Akomodasi dan Makan Minum","SBR"],
    ["109891","JAMU KELILING<ANI>","JL GURILA NO.88","prelist","MEDAN PERJUANGAN","SEI KERA HILIR II","LINGKUNGAN 5","","","I. Penyediaan Akomodasi dan Makan Minum","SBR"],
    ["109892","USAHA RUMAH KOST <NURBAITY>","JALAN GURILLA GG BELIMBING 2 NO","prelist","MEDAN PERJUANGAN","SEI KERA HILIR II","LINGKUNGAN 12","","","I. Penyediaan Akomodasi dan Makan Minum","SBR"],
    ["109893","JUALAN SARAPAN PAGI <AISYAH>","JALAN GURILA NO 126 LINGKUNGAN 12","prelist","MEDAN PERJUANGAN","SEI KERA HILIR II","LINGKUNGAN 12","","","I. Penyediaan Akomodasi dan Makan Minum","SBR"],
    ["109894","PENJUAL SATE <KHOLIK>","JALAN PROF HM YAMIN SH GG SYARIF NO I","prelist","MEDAN PERJUANGAN","SEI KERA HILIR II","LINGKUNGAN 11","","","I. Penyediaan Akomodasi dan Makan Minum","SBR"],
    ["109895","WARUNG KOPI <TRIANA>","JALAN PROF HM YAMIN GANG KETOPRAK NOMOR 8","prelist","MEDAN PERJUANGAN","SEI KERA HILIR II","LINGKUNGAN 10","","","I. Penyediaan Akomodasi dan Makan Minum","SBR"],
    ["109896","LONTONG MALAM <MARNI>","JL PROF HM YAMIN NO 23","prelist","MEDAN PERJUANGAN","SEI KERA HILIR II","LINGKUNGAN 2","","","I. Penyediaan Akomodasi dan Makan Minum","SBR"],
    ["109897","WARUNG MAKAN <IQBAL>","JL PIMPINAN","prelist","MEDAN PERJUANGAN","SEI KERA HILIR I","LINGKUNGAN 11","","","I. Penyediaan Akomodasi dan Makan Minum","SBR"],
    ["109898","PENYEWAAN KAMAR <ANWAR>","JL PIMPINAN GG LANGGAR PADANG NO 7 LINK 13","prelist","MEDAN PERJUANGAN","SEI KERA HILIR I","LINGKUNGAN 13","","","I. Penyediaan Akomodasi dan Makan Minum","SBR"],
    ["109899","JUAL ES TEBU KELILING <PADLAN>","JL PIMPINAN GG AGAMA NO 6","prelist","MEDAN PERJUANGAN","SEI KERA HILIR I","LINGKUNGAN 11","","","I. Penyediaan Akomodasi dan Makan Minum","SBR"],
    ["109901","KOST KOSTAN < PAK HAKIM>","JALAN PIMPINAN NO 46 LING 10","prelist","MEDAN PERJUANGAN","SEI KERA HILIR I","LINGKUNGAN 6","","","I. Penyediaan Akomodasi dan Makan Minum","SBR"],
    ["109902","PERSEWAAN KAMAR <PARNINGOTAN>","JALAN PELITA 5 GANG JABAT","prelist","MEDAN PERJUANGAN","SIDORAME BARAT II","LINGKUNGAN 9","","","I. Penyediaan Akomodasi dan Makan Minum","SBR"],
    ["109903","PENYEWAAN KAMAR<GERNA>","JALAN PELITA 4 NO 65","prelist","MEDAN PERJUANGAN","SIDORAME BARAT II","LINGKUNGAN 9","","","I. Penyediaan Akomodasi dan Makan Minum","SBR"],
    ["109904","PENYEWAAN KAMAR <ANANDA>","JALAN PELITA 3","prelist","MEDAN PERJUANGAN","SIDORAME BARAT II","LINGKUNGAN 7","","","I. Penyediaan Akomodasi dan Makan Minum","SBR"],
    ["109905","PENYEWAAN KAMAR <SIMANJUNTAK>","JALAN PELITA 2","prelist","MEDAN PERJUANGAN","SIDORAME BARAT II","LINGKUNGAN 5","","","I. Penyediaan Akomodasi dan Makan Minum","SBR"],
    ["109906","WARUNG KOPI <EKA>","JALAN PELITA 1 GANG PELAJAR","prelist","MEDAN PERJUANGAN","SIDORAME BARAT II","LINGKUNGAN 5","","","I. Penyediaan Akomodasi dan Makan Minum","SBR"],
    ["109907","CATRING <LINA GULTOM>","JALAN PELITA 1 GANG PENDORONG NO 5","prelist","MEDAN PERJUANGAN","SIDORAME TIMUR","LINGKUNGAN 11","","","I. Penyediaan Akomodasi dan Makan Minum","SBR"],
    ["109911","KOS KOSAN <EDY>","JALAN DOROWATI NO 36","prelist","MEDAN PERJUANGAN","SIDORAME BARAT II","LINGKUNGAN 1","","","I. Penyediaan Akomodasi dan Makan Minum","SBR"],
    ["109912","LONTONG SAYUR <MULIANI>","JL MADIO UTOMO NO 76","prelist","MEDAN PERJUANGAN","TEGAL REJO","LINGKUNGAN 3","","","I. Penyediaan Akomodasi dan Makan Minum","SBR"],
    ["109913","WARUNG KOPI <DANIEL)","JL PELITA 2 NO 107","prelist","MEDAN PERJUANGAN","SIDORAME BARAT II","LINGKUNGAN 6","","","I. Penyediaan Akomodasi dan Makan Minum","SBR"],
    ["109914","MIE BALAP SYABAN","JL RAKYAT","prelist","MEDAN PERJUANGAN","SIDORAME TIMUR","LINGKUNGAN 12","","","I. Penyediaan Akomodasi dan Makan Minum","SBR"],
    ["109915","WARUNG LONTONG","JL RAKYAT NO.60","prelist","MEDAN PERJUANGAN","SIDORAME TIMUR","LINGKUNGAN 11","","","I. Penyediaan Akomodasi dan Makan Minum","SBR"],
    ["109916","RUMAH KOS HERNA","JL PELITA I","prelist","MEDAN PERJUANGAN","SIDORAME BARAT I","LINGKUNGAN 12","","","I. Penyediaan Akomodasi dan Makan Minum","SBR"],
    ["109917","JUAL SARAPAN PAGI <SUDARLIANI>","JL NANGGAR JATI NO 30 LINGKUNGAN 6","prelist","MEDAN PERJUANGAN","SIDORAME TIMUR","LINGKUNGAN 6","","","I. Penyediaan Akomodasi dan Makan Minum","SBR"],
    ["109918","CATERING <SUDARIAH>","JL M TAUFIQ GG BERINGIN I LK 5","prelist","MEDAN PERJUANGAN","TEGAL REJO","LINGKUNGAN 5","","","I. Penyediaan Akomodasi dan Makan Minum","SBR"],
    ["109919","ES KELAPA MUDA <JULI>","JL M TAUFIQ GG BERINGIN I LK 5","prelist","MEDAN PERJUANGAN","TEGAL REJO","LINGKUNGAN 5","","","I. Penyediaan Akomodasi dan Makan Minum","SBR"],
    ["109920","PECAL KELILING<HAMIDAS>","JL MESJID TAUFIK GG BERINGIN","prelist","MEDAN PERJUANGAN","TEGAL REJO","LINGKUNGAN 7","","","I. Penyediaan Akomodasi dan Makan Minum","SBR"],
    ["109921","JUAL RUJAK <NELLY>","JL MAPILINDO GG FAMILI NO 2","prelist","MEDAN PERJUANGAN","TEGAL REJO","LINGKUNGAN 12","","","I. Penyediaan Akomodasi dan Makan Minum","SBR"],
    ["109922","JUAL MIE BALAP <UDIN>","JL PELITA 6 GG SEGAR NO 2","prelist","MEDAN PERJUANGAN","SIDORAME TIMUR","LINGKUNGAN 12","","","I. Penyediaan Akomodasi dan Makan Minum","SBR"],
    ["109924","JUALAN MIE GORENG <IJUN>","JL. HM. SAID NO. 142","prelist","MEDAN PERJUANGAN","SIDORAME BARAT I","LINGKUNGAN 1","","","I. Penyediaan Akomodasi dan Makan Minum","SBR"],
    ["109925","USAHA SEWA KAMAR <SIHOMBING>","JL HM SAID GG DEMOKRAT NO 12","prelist","MEDAN PERJUANGAN","SIDORAME BARAT I","LINGKUNGAN 4","","","I. Penyediaan Akomodasi dan Makan Minum","SBR"],
    ["109926","RUMAH MAKAN <JUNAIDI>","JL H SAID NO 86","prelist","MEDAN PERJUANGAN","SIDORAME BARAT I","LINGKUNGAN 7","","","I. Penyediaan Akomodasi dan Makan Minum","SBR"],
    ["109927","PERSEWAAN KAMAR <MARLINA>","JALAN HM SAID GG KACUNG NO 37 LINGKUNGAN 5","prelist","MEDAN PERJUANGAN","SIDORAME BARAT I","LINGKUNGAN 5","","","I. Penyediaan Akomodasi dan Makan Minum","SBR"],
    ["109928","WARUNG KOPI <SARI>","JALAN HM SAID NO 32 A LINGKUNGAN 5","prelist","MEDAN PERJUANGAN","SIDORAME BARAT I","LINGKUNGAN 6","","","I. Penyediaan Akomodasi dan Makan Minum","SBR"],
    ["109929","WARUNG NASI GORENG <WENNY>","JL HM SAID GG MESJID NO 5","prelist","MEDAN PERJUANGAN","SIDORAME BARAT I","LINGKUNGAN 12","","","I. Penyediaan Akomodasi dan Makan Minum","SBR"],
    ["109930","SEWA KAMAR <HENDRIK>","LORONG GEREJA","prelist","MEDAN PERJUANGAN","SIDORAME BARAT I","LINGKUNGAN 8","","","I. Penyediaan Akomodasi dan Makan Minum","SBR"],
    ["109942","MENJUAL TEHMANIS KOPI <IDA>","JL RAKYAT 00 199 LINGK 15 MEDAN","prelist","MEDAN PERJUANGAN","TEGAL REJO","LINGKUNGAN 15","","","I. Penyediaan Akomodasi dan Makan Minum","SBR"],
    ["109943","KEDAI LONTONG <WAK ISUR>","JL SETIA JADI GG SEDERHANA LINGK 15","prelist","MEDAN PERJUANGAN","TEGAL REJO","LINGKUNGAN 15","","","I. Penyediaan Akomodasi dan Makan Minum","SBR"],
    ["109944","KOS-KOSAN <BU SUTINAH>","JL PASAR 3 GG SERITI NOI 16","prelist","MEDAN PERJUANGAN","TEGAL REJO","LINGKUNGAN 11","","","I. Penyediaan Akomodasi dan Makan Minum","SBR"],
    ["109946","WARUNG KOPI <JOHN>","JALANSEHATIGANGANGGREK NO.7 LK.8","prelist","MEDAN PERJUANGAN","TEGAL REJO","LINGKUNGAN 13","","","I. Penyediaan Akomodasi dan Makan Minum","SBR"],
    ["109947","SATE RENDANG KELILING <KATIYEM>","JALAN SEHATI GANG BUNTU 1 NO.75 LK.8","prelist","MEDAN PERJUANGAN","TEGAL REJO","LINGKUNGAN 9","","","I. Penyediaan Akomodasi dan Makan Minum","SBR"],
    ["109948","BATAGOR KAKI LIMA <CECEK ISMAIL>","JALAN MASJID TAUFIK GANG ARSITEK","prelist","MEDAN PERJUANGAN","TEGAL REJO","LINGKUNGAN 6","","","I. Penyediaan Akomodasi dan Makan Minum","SBR"],
    ["109974","KOST KOSTAN <ROSIHAN HUTASUHUT>","BLBUBU NO.97 LINGKUNGAN.2","prelist","MEDAN PERJUANGAN","SIDORAME BARAT I","LINGKUNGAN 2","","","I. Penyediaan Akomodasi dan Makan Minum","SBR"],
    ["110527","WARUNG MIE SOP<WANNA>","JL JAWA LORONG AMAT KECIL NO 10","prelist","MEDAN PERJUANGAN","PAHLAWAN","LINGKUNGAN 7","","","I. Penyediaan Akomodasi dan Makan Minum","SBR"],
    ["110590","USAHA KOST KOSTAN <DEWI>","JL PAHLAWAN GG RUKUN NO 29","prelist","MEDAN PERJUANGAN","PAHLAWAN","LINGKUNGAN 1","","","I. Penyediaan Akomodasi dan Makan Minum","SBR"],
    ["110591","WARUNG NASI GURIH <MUHAMMAD YUSUF>","JALAN SEI KERA NO 282 LING 10","prelist","MEDAN PERJUANGAN","SEI KERA HULU","LINGKUNGAN 10","","","I. Penyediaan Akomodasi dan Makan Minum","SBR"],
    ["110606","WARUNG KOPI <MUJIONO>","JL PELITA 6 GG KELUARGA NO 77","prelist","MEDAN PERJUANGAN","TEGAL REJO","LINGKUNGAN 2","","","I. Penyediaan Akomodasi dan Makan Minum","SBR"],
    ["110607","JUAL MIE GORENG DAN MINUMAN","SIDARAME","prelist","MEDAN PERJUANGAN","SIDORAME BARAT I","LINGKUNGAN 7","","","I. Penyediaan Akomodasi dan Makan Minum","SBR"],
    ["110608","USAHA PECEL LELE <SITI>","JALAN SEJATI GG AMAN","prelist","MEDAN PERJUANGAN","SIDORAME BARAT I","LINGKUNGAN 9","","","I. Penyediaan Akomodasi dan Makan Minum","SBR"],
    ["110609","SEWA KAMAR KOST <RAHMAT>","ASRAMA KOWILHAN K 43","prelist","MEDAN PERJUANGAN","SIDORAME BARAT I","LINGKUNGAN 7","","","I. Penyediaan Akomodasi dan Makan Minum","SBR"],
    ["110611","JUAL KOLDING <EMA>","JL PERJUANGAN","prelist","MEDAN PERJUANGAN","SIDORAME TIMUR","LINGKUNGAN 7","","","I. Penyediaan Akomodasi dan Makan Minum","SBR"],
    ["110612","JUAL BUBUR JAGUNG","JL RAKYAT","prelist","MEDAN PERJUANGAN","SIDORAME TIMUR","LINGKUNGAN 11","","","I. Penyediaan Akomodasi dan Makan Minum","SBR"],
    ["110613","PERSEWAAN KAMAR KOS <JONIWEN>","JL M YACOB NO 172 LK II","prelist","MEDAN PERJUANGAN","SEI KERA HILIR II","LINGKUNGAN 12","","","I. Penyediaan Akomodasi dan Makan Minum","SBR"],
    ["110614","JUAL BURGER <RINA>","JL HM YAMIN","prelist","MEDAN PERJUANGAN","SEI KERA HILIR II","LINGKUNGAN 1","","","I. Penyediaan Akomodasi dan Makan Minum","SBR"],
    ["110615","JUAL JAMU <ANWAR>","JALAN PIMPINAN GG LANGGAR PADANG NO 3 LINGKUNGAN 13","prelist","MEDAN PERJUANGAN","SEI KERA HILIR I","LINGKUNGAN 13","","","I. Penyediaan Akomodasi dan Makan Minum","SBR"],
    ["110616","JUAL GORENGAN TELA-TELA <RAJAB>","JL PIMPINAN GG SEKOLAH NO 11 LK 11","prelist","MEDAN PERJUANGAN","SEI KERA HILIR I","LINGKUNGAN 11","","","I. Penyediaan Akomodasi dan Makan Minum","SBR"],
    ["110617","MIE AYAM KELILING <AGUS>","JL PIMPINAN GG BUNTU NO 7 LINGK 10","prelist","MEDAN PERJUANGAN","SEI KERA HILIR I","LINGKUNGAN 8","","","I. Penyediaan Akomodasi dan Makan Minum","SBR"],
    ["110618","MIE AYAM < SURIPTO>","JL PERJUANGAN 6 SALAM NO 9 B LK 8","prelist","MEDAN PERJUANGAN","SEI KERA HILIR I","LINGKUNGAN 12","","","I. Penyediaan Akomodasi dan Makan Minum","SBR"],
    ["110619","WARKOP <IDRIS>","JL IBRAHIM UMAR NO 30 LK 8","prelist","MEDAN PERJUANGAN","SEI KERA HILIR II","LINGKUNGAN 7","","","I. Penyediaan Akomodasi dan Makan Minum","SBR"],
    ["110621","PERSEWAAN KAMAR <ASTORO>","JL. M. YACUB NO. 166","prelist","MEDAN PERJUANGAN","SEI KERA HILIR I","LINGKUNGAN 1","","","I. Penyediaan Akomodasi dan Makan Minum","SBR"],
    ["110631","WARKOP <OLAN>","JL PENDIDIKAN NO 109","prelist","MEDAN PERJUANGAN","TEGAL REJO","LINGKUNGAN 8","","","I. Penyediaan Akomodasi dan Makan Minum","SBR"],
    ["110633","MIE PANGSIT <AENG>","JALAN RAKYAT NO.163 LK.8","prelist","MEDAN PERJUANGAN","TEGAL REJO","LINGKUNGAN 8","","","I. Penyediaan Akomodasi dan Makan Minum","SBR"],
    ["110634","PECAL KELILING <SUSILAWATI>","JL MESJID TAUFIK","prelist","MEDAN PERJUANGAN","TEGAL REJO","LINGKUNGAN 7","","","I. Penyediaan Akomodasi dan Makan Minum","SBR"],
    ["110636","JUAL SARAPAN PAGI <TUMIATI>","JL MAPILINDO LK 5","prelist","MEDAN PERJUANGAN","TEGAL REJO","LINGKUNGAN 13","","","I. Penyediaan Akomodasi dan Makan Minum","SBR"],
    ["110637","JUAL JAMU <MAS RAFIUN>","JL RAKYAT PSR 2 LK 3","prelist","MEDAN PERJUANGAN","TEGAL REJO","LINGKUNGAN 8","","","I. Penyediaan Akomodasi dan Makan Minum","SBR"],
    ["110652","JUAL TAKJIL <MAYA>","JL PIMPINAN GG SUKA RAHMAD NO 8","prelist","MEDAN PERJUANGAN","SEI KERA HILIR I","LINGKUNGAN 12","","","I. Penyediaan Akomodasi dan Makan Minum","SBR"],
    ["110894","PULSA NOVIA","JL RAKYAT NO 23","prelist","MEDAN PERJUANGAN","SIDORAME TIMUR","LINGKUNGAN 2","","","J. Informasi dan Komunikasi","SBR"],
    ["110895","JUAL PULSA <DONA>","JL PERTEMUAN NO 41","prelist","MEDAN PERJUANGAN","SIDORAME TIMUR","LINGKUNGAN 6","","","J. Informasi dan Komunikasi","SBR"],
    ["110896","JUAL PULSA <FARIDA HANUM>","JALAN M YAKUB NO 161 LINGKUNGAN 12","prelist","MEDAN PERJUANGAN","SEI KERA HILIR II","LINGKUNGAN 12","","","J. Informasi dan Komunikasi","SBR"],
    ["110897","MEDAN II PONSEL <M AMIN>","JL MADONG LUBIS NO 2","prelist","MEDAN PERJUANGAN","SEI KERA HILIR II","LINGKUNGAN 1","","","J. Informasi dan Komunikasi","SBR"],
    ["110898","JUAL PULSA <YENI>","JL PIMPINAN GG RAHAYU NO 27","prelist","MEDAN PERJUANGAN","SEI KERA HILIR I","LINGKUNGAN 12","","","J. Informasi dan Komunikasi","SBR"],
    ["110899","JUAL PULSA HANDPHONR<SYAHRIL>","JALAN SIE KERA","prelist","MEDAN PERJUANGAN","SEI KERA HULU","LINGKUNGAN 11","","","J. Informasi dan Komunikasi","SBR"],
    ["110900","HKR NET","JL GB JOSUA NO 67","prelist","MEDAN PERJUANGAN","PANDAU HILIR","LINGKUNGAN 4","","","J. Informasi dan Komunikasi","SBR"],
    ["110901","NABIL PONSEL","JL GALANG NO 2 LIN","prelist","MEDAN PERJUANGAN","PANDAU HILIR","LINGKUNGAN 8","","","J. Informasi dan Komunikasi","SBR"],
    ["110918","VIDEO GAME <P SAGALA>","JALAN RAKYAT NO 175 LINGKUNGAN 11","prelist","MEDAN PERJUANGAN","TEGAL REJO","LINGKUNGAN 8","","","J. Informasi dan Komunikasi","SBR"],
    ["110919","PULSA ONLINE <ROSA>","JL RAKYAT G.PELAJAR NO 9C LK 4","prelist","MEDAN PERJUANGAN","TEGAL REJO","LINGKUNGAN 7","","","J. Informasi dan Komunikasi","SBR"],
    ["110920","JUAL PULSA <MISHANI>","JL PELITA 5 NO 15","prelist","MEDAN PERJUANGAN","SIDORAME BARAT II","LINGKUNGAN 9","","","J. Informasi dan Komunikasi","SBR"],
    ["110921","USAHA JUAL PULSA HP DAN INTERNET <ALFIN>","JL PELITA 1 NO 27 E","prelist","MEDAN PERJUANGAN","SIDORAME BARAT I","LINGKUNGAN 4","","","J. Informasi dan Komunikasi","SBR"],
    ["110922","PONSEL <VERONIKA>","JL HAJI MUHAMMAD SAID NO 64","prelist","MEDAN PERJUANGAN","SIDORAME BARAT I","LINGKUNGAN 5","","","J. Informasi dan Komunikasi","SBR"],
    ["110923","PONSEL<NOVITA>","JL HM SAID","prelist","MEDAN PERJUANGAN","SIDORAME BARAT I","LINGKUNGAN 14","","","J. Informasi dan Komunikasi","SBR"],
    ["110924","AKBAR PONSEL","JALAN PELITA 1 NOMOR 81","prelist","MEDAN PERJUANGAN","SIDORAME BARAT II","LINGKUNGAN 1","","","J. Informasi dan Komunikasi","SBR"],
    ["110925","JUAL PAKET INTERNET <ALI>","JL LORONG KARTO NO 35","prelist","MEDAN PERJUANGAN","SIDORAME TIMUR","LINGKUNGAN 10","","","J. Informasi dan Komunikasi","SBR"],
    ["111072","JUAL PULSA HP DRAGON","JALAN RAKYAT NO.175 D LK.8","prelist","MEDAN PERJUANGAN","TEGAL REJO","LINGKUNGAN 8","","","J. Informasi dan Komunikasi","SBR"],
    ["111073","JUAL PULSA <AISYAH>","JL MESJID TAUFIK GANG SYUKUR NO 8","prelist","MEDAN PERJUANGAN","TEGAL REJO","LINGKUNGAN 7","","","J. Informasi dan Komunikasi","SBR"],
    ["111074","WARNET <PAK MAULUDDIN>","JL PERMAI NO 42","prelist","MEDAN PERJUANGAN","SIDORAME TIMUR","LINGKUNGAN 13","","","J. Informasi dan Komunikasi","SBR"],
    ["111075","ASSESORIS HP & PULSA <NU>","JALAN GURILLA NO 33 LINGKUNGAN 6","prelist","MEDAN PERJUANGAN","SEI KERA HILIR I","LINGKUNGAN 6","","","J. Informasi dan Komunikasi","SBR"],
    ["111076","JUAL PULSA HP <FITRI>","JL. PROF HM YAMIN SH GG. ISTIRAHAT NO 7","prelist","MEDAN PERJUANGAN","PAHLAWAN","LINGKUNGAN 2","","","J. Informasi dan Komunikasi","SBR"],
    ["111077","JUAL PULSA <MAGDALENA>","JL KSATRIA BARAT NO 33/34 LINGKUNGAN 16 MEDAN","prelist","MEDAN PERJUANGAN","PAHLAWAN","LINGKUNGAN 16","","","J. Informasi dan Komunikasi","SBR"],
    ["111240","KANTOR PEMASARAN RUMAH","JALAN THAMRIN NO 79","prelist","MEDAN PERJUANGAN","PANDAU HILIR","LINGKUNGAN 4","","","L. Real Estat","SBR"],
    ["111374","RUMA SEWA <OP OKTA>","JALAN CAMAR NO 18","prelist","MEDAN PERJUANGAN","SIDORAME BARAT II","LINGKUNGAN 6","","","L. Real Estat","SBR"],
    ["111375","PERSEWAAN RUKO <SUGIANTO>","JL MADIO UTOMO","prelist","MEDAN PERJUANGAN","TEGAL REJO","LINGKUNGAN 3","","","L. Real Estat","SBR"],
    ["111376","PERSEWAAN RUMAH <RINA HASIBUAN>","JALAN PERMAI NO 13","prelist","MEDAN PERJUANGAN","SIDORAME TIMUR","LINGKUNGAN 14","","","L. Real Estat","SBR"],
    ["111377","SEWA LAHAN <SAMUEL>","PASAR LORONG KARTO NO.39","prelist","MEDAN PERJUANGAN","SIDORAME TIMUR","LINGKUNGAN 10","","","L. Real Estat","SBR"],
    ["111378","PENYEWAAN RUMAH <DIAN>","JALAN HM YAMIN GANG KETOPRAK NOMOR 10","prelist","MEDAN PERJUANGAN","SEI KERA HILIR II","LINGKUNGAN 10","","","L. Real Estat","SBR"],
    ["111379","PERSEWAAN RUMAH <ZALWIS>","JALAN PIMPINAN NO 133 LINKUNGAN 13","prelist","MEDAN PERJUANGAN","SEI KERA HILIR I","LINGKUNGAN 4","","","L. Real Estat","SBR"],
    ["111380","PERSEWAAN RUMAH <MUCHTAR EFENDI HARAHAP>","JL PIMPINAN NO 115","prelist","MEDAN PERJUANGAN","SEI KERA HILIR I","LINGKUNGAN 12","","","L. Real Estat","SBR"],
    ["111382","SEWA RUMAH <BEJO>","IJL GURILLA IND 111 LINGK 9","prelist","MEDAN PERJUANGAN","SEI KERA HILIR I","LINGKUNGAN 5","","","L. Real Estat","SBR"],
    ["111383","RUMAH SEWA <SUKERNO>","JL MELATI NO 14 LINGKUNGAN 14 MEDAN","prelist","MEDAN PERJUANGAN","PAHLAWAN","LINGKUNGAN 4","","","L. Real Estat","SBR"],
    ["111384","PENYEWAAN TEMPAT<LENNY SIREGAR>","JL KSATRIA BARAT NO 54 LINGKUNGAN 16","prelist","MEDAN PERJUANGAN","PAHLAWAN","LINGKUNGAN 16","","","L. Real Estat","SBR"],
    ["111385","MENYEWAKAN RUMAH <RUDI PURWANDI>","JL SULANG SALING NO 280","prelist","MEDAN PERJUANGAN","PAHLAWAN","LINGKUNGAN 10","","","L. Real Estat","SBR"],
    ["111386","PERSEWAAN RUMAH <SUTRISNO>","JL SENTOSA LAMA GG LEMAN N0 32","prelist","MEDAN PERJUANGAN","SEI KERA HULU","LINGKUNGAN 12","","","L. Real Estat","SBR"],
    ["111393","USAHA RUMAH SEWA<MAWAR>","JALAN PASAR 3 GANG FAMILY NO.53 ALK.14","prelist","MEDAN PERJUANGAN","TEGAL REJO","LINGKUNGAN 14","","","L. Real Estat","SBR"],
    ["111394","KONTRAKAN <PESTA>","JALAN SEHATI GANG MAWAR","prelist","MEDAN PERJUANGAN","TEGAL REJO","LINGKUNGAN 9","","","L. Real Estat","SBR"],
    ["111395","PERSEWAAN RUMAH <SUMIATI>","JL MESJID TAUFIK G KENARI NO 9 B LK 4","prelist","MEDAN PERJUANGAN","TEGAL REJO","LINGKUNGAN 7","","","L. Real Estat","SBR"],
    ["111396","USAHA KONTRAKAN <NURTINI>","JALAN MASJID TAUFIK GG KELUARGA NO 95","prelist","MEDAN PERJUANGAN","TEGAL REJO","LINGKUNGAN 4","","","L. Real Estat","SBR"],
    ["111397","PERSEWAAN RUMAH <JULIANA SIMARMATA>","JALAN MAPILINDO GANG PELITA A NO 3 LK 13","prelist","MEDAN PERJUANGAN","TEGAL REJO","LINGKUNGAN 13","","","L. Real Estat","SBR"],
    ["111398","PENYEWAAN RUMAH <SUNARDI>","JL MESJID TAUFIK GG JAMBU NO 12","prelist","MEDAN PERJUANGAN","TEGAL REJO","LINGKUNGAN 12","","","L. Real Estat","SBR"],
    ["111399","USAHA SEWA RUMAH","GG BARU NO 9","prelist","MEDAN PERJUANGAN","TEGAL REJO","LINGKUNGAN 3","","","L. Real Estat","SBR"],
    ["111400","IRUMAH SEWA <SINURAT>","JL MAPILINDO GG KELUARGA","prelist","MEDAN PERJUANGAN","TEGAL REJO","LINGKUNGAN 13","","","L. Real Estat","SBR"],
    ["111401","USAHA PENYEWAAN RUMAH <SIBARANI>","JL HM SAID GG DEMOKRAT NO 20","prelist","MEDAN PERJUANGAN","SIDORAME BARAT I","LINGKUNGAN 4","","","L. Real Estat","SBR"],
    ["111403","RUMAH SEWA <WIWIT>","JALAN PELITA 6 NO 42 LK 9","prelist","MEDAN PERJUANGAN","SIDORAME BARAT II","LINGKUNGAN 9","","","L. Real Estat","SBR"],
    ["111404","PERSEWAAN RUMAH <MANGINAR MANIK>","JALAN PELITA 2 GG NATIO NO 11","prelist","MEDAN PERJUANGAN","SIDORAME BARAT II","LINGKUNGAN 6","","","L. Real Estat","SBR"],
    ["111405","RUMAH SEWA <SORMIN>","JALAN PELITA I NO 45","prelist","MEDAN PERJUANGAN","SIDORAME BARAT II","LINGKUNGAN 5","","","L. Real Estat","SBR"],
    ["111556","PERSEWAAN RUMAH <RASITO>","JALAN SETIA JADI NO 46","prelist","MEDAN PERJUANGAN","TEGAL REJO","LINGKUNGAN 15","","","L. Real Estat","SBR"],
    ["111557","PERSEWAAN RUMAH <AMIR>","JL SETIA JADI","prelist","MEDAN PERJUANGAN","TEGAL REJO","LINGKUNGAN 15","","","L. Real Estat","SBR"],
    ["111558","RUMAH SEWA <T SIMANJUNTAK>","JLN PSR 3 G MERAK NO 5 LK 14","prelist","MEDAN PERJUANGAN","TEGAL REJO","LINGKUNGAN 11","","","L. Real Estat","SBR"],
    ["111559","RUMAH KONTRAKAN <WESLEY>","JL MAPILINDO","prelist","MEDAN PERJUANGAN","TEGAL REJO","LINGKUNGAN 13","","","L. Real Estat","SBR"],
    ["111560","<RUMAH SEWA > RINDU","JL MESJID TAUFIK GG NANGKA","prelist","MEDAN PERJUANGAN","TEGAL REJO","LINGKUNGAN 12","","","L. Real Estat","SBR"],
    ["111561","PERSEWAAN RUMAH 3 PINTU <BERMAN>","JL MAPILINDO","prelist","MEDAN PERJUANGAN","TEGAL REJO","LINGKUNGAN 13","","","L. Real Estat","SBR"],
    ["111562","SEWA GUDANG MOBIL<BERTA>","JALAN PELITA 1 NO 101","prelist","MEDAN PERJUANGAN","SIDORAME BARAT II","LINGKUNGAN 3","","","L. Real Estat","SBR"],
    ["111563","PERSEWAAN RUMAH <NORMAN>","JALAN PERTEMUAN NO 9","prelist","MEDAN PERJUANGAN","SIDORAME TIMUR","LINGKUNGAN 6","","","L. Real Estat","SBR"],
    ["111564","USAHA PENYEWAAN RUMAH <KAMISA>","JL PAHLAWAN GG PERWIRA/LORONG MANJA NO 53 LK IV","prelist","MEDAN PERJUANGAN","PAHLAWAN","LINGKUNGAN 16","","","L. Real Estat","SBR"],
    ["111609","DESAINER PERABOT <INDRA>","JL. PELITA 6 GG.KAGURA NO 9","prelist","MEDAN PERJUANGAN","TEGAL REJO","LINGKUNGAN 2","","","M. Jasa Profesional, Ilmiah, dan Teknis","SBR"],
    ["111610","JASA SHOOTING VIDEO <RIDUAN>","JL SENTOSA LAMA GG KESATRIA LINK 20","prelist","MEDAN PERJUANGAN","SEI KERA HULU","LINGKUNGAN 20","","","M. Jasa Profesional, Ilmiah, dan Teknis","SBR"],
    ["111611","GLOBAL TOTAL","JL GB JOSUA NO 25 AA","prelist","MEDAN PERJUANGAN","PANDAU HILIR","LINGKUNGAN 4","","","M. Jasa Profesional, Ilmiah, dan Teknis","SBR"],
    ["111629","FOTOGRAFI <MUHAMMAD SAYUFI>","JL KERAMBIK NO 23 C LINGKUNGAN 6","prelist","MEDAN PERJUANGAN","PAHLAWAN","LINGKUNGAN 6","","","M. Jasa Profesional, Ilmiah, dan Teknis","SBR"],
    ["111760","TUKANG RUMPUT <SUTAN>","JL SEHATI GG TUNGGAL","prelist","MEDAN PERJUANGAN","TEGAL REJO","LINGKUNGAN 9","","","N. Jasa Persewaan, Ketenagakerjaan, Agen Perjalanan, dan Jasa Pendukung","SBR"],
    ["111761","USAHA RENTAL MOBIL","ASRAMA GLUGUR HONG BLOK E NO 3","prelist","MEDAN PERJUANGAN","SIDORAME BARAT I","LINGKUNGAN 7","","","N. Jasa Persewaan, Ketenagakerjaan, Agen Perjalanan, dan Jasa Pendukung","SBR"],
    ["111762","SEWA BECAK MESIN <SUMARDI>","ASRAMA KOWILHAN K 8","prelist","MEDAN PERJUANGAN","SIDORAME BARAT I","LINGKUNGAN 7","","","N. Jasa Persewaan, Ketenagakerjaan, Agen Perjalanan, dan Jasa Pendukung","SBR"],
    ["111763","FOTO COPY <ARRIANTO>","JL RAKYAT","prelist","MEDAN PERJUANGAN","SIDORAME TIMUR","LINGKUNGAN 11","","","N. Jasa Persewaan, Ketenagakerjaan, Agen Perjalanan, dan Jasa Pendukung","SBR"],
    ["111764","BIDAN PENGANTIN <JUFRI>","JALAN GURILLA NO 16B GG NANGKA LINGKUNGAN 5","prelist","MEDAN PERJUANGAN","SEI KERA HILIR II","LINGKUNGAN 5","","","N. Jasa Persewaan, Ketenagakerjaan, Agen Perjalanan, dan Jasa Pendukung","SBR"],
    ["111765","FOTOCOPY DAN ATK <MULIADI>","JL IBRAHIM UMAR NO 7","prelist","MEDAN PERJUANGAN","SEI KERA HILIR I","LINGKUNGAN 7","","","N. Jasa Persewaan, Ketenagakerjaan, Agen Perjalanan, dan Jasa Pendukung","SBR"],
    ["111766","TRAVEL <TAN>","JALAN PAHLAWAN RT: RW: KODEPOS: 20233","prelist","MEDAN PERJUANGAN","PAHLAWAN","LINGKUNGAN 13","","","N. Jasa Persewaan, Ketenagakerjaan, Agen Perjalanan, dan Jasa Pendukung","SBR"],
    ["111767","SEWA KEYBOARD <SIMANJUNTAK>","JL PAHLAWAN GG LUMUMBA NO 9","prelist","MEDAN PERJUANGAN","PAHLAWAN","LINGKUNGAN 5","","","N. Jasa Persewaan, Ketenagakerjaan, Agen Perjalanan, dan Jasa Pendukung","SBR"],
    ["111768","MENYEWAKAN ANGKOT <JAMAL>","JL. SEI KERA GG RUSLAN NO 15 MEDAN","prelist","MEDAN PERJUANGAN","SEI KERA HULU","LINGKUNGAN 7","","","N. Jasa Persewaan, Ketenagakerjaan, Agen Perjalanan, dan Jasa Pendukung","SBR"],
    ["111826","ABADI FOTO COPY","JL RAKYAT NO 156 B LK 4","prelist","MEDAN PERJUANGAN","TEGAL REJO","LINGKUNGAN 4","","","N. Jasa Persewaan, Ketenagakerjaan, Agen Perjalanan, dan Jasa Pendukung","SBR"],
    ["111827","USAHA PELAMINAN","JL MADIO UTOMO GG KADHI NO 34 LK 3","prelist","MEDAN PERJUANGAN","TEGAL REJO","LINGKUNGAN 3","","","N. Jasa Persewaan, Ketenagakerjaan, Agen Perjalanan, dan Jasa Pendukung","SBR"],
    ["111892","GURU PRIVAT NGAJI<ZAINIYAH>","JALAN PELITA 6 NO 23","prelist","MEDAN PERJUANGAN","TEGAL REJO","LINGKUNGAN 1","","","P. Pendidikan","SBR"],
    ["111893","BIMBEL DEBORA","JALAN PELITA 2 NO 86/100","prelist","MEDAN PERJUANGAN","SIDORAME BARAT II","LINGKUNGAN 4","","","P. Pendidikan","SBR"],
    ["111894","LES PRIVAT <MIMI>","JL GURILLA NO 107","prelist","MEDAN PERJUANGAN","SEI KERA HILIR I","LINGKUNGAN 5","","","P. Pendidikan","SBR"],
    ["111895","YAYASAN AL-IHSAN","JALAN PAHLAWAN G PERKASA","prelist","MEDAN PERJUANGAN","PAHLAWAN","LINGKUNGAN 13","","","P. Pendidikan","SBR"],
    ["111896","LES PRIVAT <ZULAIKA>","JL PROF HM YAMIN GG PINANG NO 01 A","prelist","MEDAN PERJUANGAN","SEI KERA HULU","LINGKUNGAN 3","","","P. Pendidikan","SBR"],
    ["111897","LES PRIVATE <CHERISTIN>","JALAN MALAKA NO.151","prelist","MEDAN PERJUANGAN","PANDAU HILIR","LINGKUNGAN 9","","","P. Pendidikan","SBR"],
    ["111943","PENDETA GEREJA BETHEL <BUNGA>","JL RAKYAT NO 210 LINGK 15 MEDAN","prelist","MEDAN PERJUANGAN","TEGAL REJO","LINGKUNGAN 15","","","P. Pendidikan","SBR"],
    ["111944","PRIVATE<LINA>","JL MAPILINDO GG KELUARGA","prelist","MEDAN PERJUANGAN","TEGAL REJO","LINGKUNGAN 13","","","P. Pendidikan","SBR"],
    ["112084","SANGGAR TARI < SARMAN>","JALAN BAMBU RUNCING NO 4 2","prelist","MEDAN PERJUANGAN","PAHLAWAN","LINGKUNGAN 9","","","R. Kesenian, Hiburan, dan Rekreasi","SBR"],
    ["112133","RENTAL PLAYSTATION <ADI>","JALAN H M YAMIN GG KELAMBIR NO 22 MEDAN","prelist","MEDAN PERJUANGAN","SEI KERA HULU","LINGKUNGAN 1","","","R. Kesenian, Hiburan, dan Rekreasi","SBR"],
    ["112542","SERVICE ELEKTRONIK <SOLEH>","JALAN PIMPINAN NO 125 LINK 13","prelist","MEDAN PERJUANGAN","SEI KERA HILIR I","LINGKUNGAN 13","","","S. Aktivitas Jasa Lainnya","SBR"],
    ["112544","MEMETIK CABE","JL PIMPINAN NO 93","prelist","MEDAN PERJUANGAN","SEI KERA HILIR I","LINGKUNGAN 11","","","S. Aktivitas Jasa Lainnya","SBR"],
    ["112545","SOL SEPATU HASAN","JALAN PERJUANGAN GG WISMA NO 9A LING 10","prelist","MEDAN PERJUANGAN","SEI KERA HILIR I","LINGKUNGAN 10","","","S. Aktivitas Jasa Lainnya","SBR"],
    ["112546","TUKANG KUSUK <NURDIN SIREGAR>","JL M YACUB NO 29","prelist","MEDAN PERJUANGAN","SEI KERA HILIR I","LINGKUNGAN 1","","","S. Aktivitas Jasa Lainnya","SBR"],
    ["112547","SERVICE AC <SUWANTO>","JL PROF HM YAMIN NO 520","prelist","MEDAN PERJUANGAN","PAHLAWAN","LINGKUNGAN 1","","","S. Aktivitas Jasa Lainnya","SBR"],
    ["112548","SERVICE HP <YUDI>","JL. PROF HM YAMIN SH","prelist","MEDAN PERJUANGAN","SEI KERA HILIR I","LINGKUNGAN 1","","","S. Aktivitas Jasa Lainnya","SBR"],
    ["112549","TUKANG CUCI KERUMAH RUMAH <MINAH>","JL TERUSAN NEGARA NO 26","prelist","MEDAN PERJUANGAN","PAHLAWAN","LINGKUNGAN 14","","","S. Aktivitas Jasa Lainnya","SBR"],
    ["112550","KULI BANGUNAN <SYAIFUL BAHRI LUBIS>","JL KSATRIA BARAT NO 18 LINGKUNGAN 16","prelist","MEDAN PERJUANGAN","PAHLAWAN","LINGKUNGAN 16","","","S. Aktivitas Jasa Lainnya","SBR"],
    ["112551","TUKANG CUCI DIBAWA PULANG <IMAH>","JLN BADIK GG TENGAH NO 18","prelist","MEDAN PERJUANGAN","PAHLAWAN","LINGKUNGAN 7","","","S. Aktivitas Jasa Lainnya","SBR"],
    ["112553","LOUNDRY NICE","JL SEI KERA NO 194","prelist","MEDAN PERJUANGAN","PANDAU HILIR","LINGKUNGAN 5","","","S. Aktivitas Jasa Lainnya","SBR"],
    ["112558","TUKANG KUSUK <SITI LANNA>","JALAN PELITA 3 NO 6","prelist","MEDAN PERJUANGAN","SIDORAME BARAT I","LINGKUNGAN 2","","","S. Aktivitas Jasa Lainnya","SBR"],
    ["112559","TUKANG SALON <EZRA>","JALAN PELITA I","prelist","MEDAN PERJUANGAN","SIDORAME BARAT I","LINGKUNGAN 7","","","S. Aktivitas Jasa Lainnya","SBR"],
    ["112560","CALO SIM <SAMSURYADI>","JL HM SAID GG MESJID NO 5A","prelist","MEDAN PERJUANGAN","SIDORAME BARAT I","LINGKUNGAN 12","","","S. Aktivitas Jasa Lainnya","SBR"],
    ["112561","TUKANG SOL SEPATU KELILING<DARLIS>","JALAN PELITA 4 NO 6","prelist","MEDAN PERJUANGAN","SIDORAME TIMUR","LINGKUNGAN 12","","","S. Aktivitas Jasa Lainnya","SBR"],
    ["112562","SERVICE HP <IYUT>","JI.PELITA 4 GG. SEJAHTERA NO 7","prelist","MEDAN PERJUANGAN","SIDORAME BARAT II","LINGKUNGAN 8","","","S. Aktivitas Jasa Lainnya","SBR"],
    ["112563","SALON ULINA <MASTALINA>","LR GEREJA NO 24","prelist","MEDAN PERJUANGAN","SIDORAME BARAT II","LINGKUNGAN 2","","","S. Aktivitas Jasa Lainnya","SBR"],
    ["112564","TUKANG KUSUK <JUNI>","JL NGALENGKO LR SEHATI NO 5","prelist","MEDAN PERJUANGAN","SIDORAME BARAT II","LINGKUNGAN 2","","","S. Aktivitas Jasa Lainnya","SBR"],
    ["112565","PENJAHIT <DIANA>","JALAN NGALENGKO GANG KELUARGA NO 11","prelist","MEDAN PERJUANGAN","SIDORAME BARAT II","LINGKUNGAN 1","","","S. Aktivitas Jasa Lainnya","SBR"],
    ["112566","LAUNDRY <CAHAYA>","JL PERMAI GG BAKTI","prelist","MEDAN PERJUANGAN","SIDORAME TIMUR","LINGKUNGAN 14","","","S. Aktivitas Jasa Lainnya","SBR"],
    ["112567","TUKANG PARKIR <DANIEL P>","IL PELITA IV","prelist","MEDAN PERJUANGAN","SIDORAME TIMUR","LINGKUNGAN 15","","","S. Aktivitas Jasa Lainnya","SBR"],
    ["112568","MERIAS WISUDA<OGI>","JLN GURILLA NO 6 LK 4","prelist","MEDAN PERJUANGAN","SIDORAME TIMUR","LINGKUNGAN 3","","","S. Aktivitas Jasa Lainnya","SBR"],
    ["112569","USTAD <ALI IMRON>","JL M YACOB GG TITI BATU","prelist","MEDAN PERJUANGAN","SEI KERA HILIR II","LINGKUNGAN 15","","","S. Aktivitas Jasa Lainnya","SBR"],
    ["112570","TUKANG PANGKAS RR <DEDI RUKANDI>","JL. GURILLA LINGKUNGAN 7","prelist","MEDAN PERJUANGAN","SEI KERA HILIR I","LINGKUNGAN 6","","","S. Aktivitas Jasa Lainnya","SBR"],
    ["112571","SERVICE HANPHONE <SUMARNO>","JL M YACOB GG SALAMAH NO 12","prelist","MEDAN PERJUANGAN","SEI KERA HILIR II","LINGKUNGAN 13","","","S. Aktivitas Jasa Lainnya","SBR"],
    ["112572","LES PRIVATE <IRMA>","JL PROF HM YAMIN SH GG ULUNG LK II","prelist","MEDAN PERJUANGAN","SEI KERA HILIR II","LINGKUNGAN 8","","","S. Aktivitas Jasa Lainnya","SBR"],
    ["112573","PENGGALI KUBUR <MARJUKI>","JL PROF HM YAMIN SH","prelist","MEDAN PERJUANGAN","SEI KERA HILIR II","LINGKUNGAN 8","","","S. Aktivitas Jasa Lainnya","SBR"],
    ["112589","TUKANG KUSUK<NURLELA>","JL MAPILINDO GG KELUARGA","prelist","MEDAN PERJUANGAN","TEGAL REJO","LINGKUNGAN 13","","","S. Aktivitas Jasa Lainnya","SBR"],
    ["112601","SERVICE ELEKTRONIK <KHAIRUL>","JL TERUSAN NEGARA NO 113","prelist","MEDAN PERJUANGAN","PAHLAWAN","LINGKUNGAN 14","","","S. Aktivitas Jasa Lainnya","SBR"],
    ["112926","JASA PIJAT","JL SEIKERA GG.PENGHULU NO.23 MEDAN","prelist","MEDAN PERJUANGAN","SEI KERA HULU","LINGKUNGAN 6","","","S. Aktivitas Jasa Lainnya","SBR"],
    ["112927","REPARASI SERVICE AC <SUDIBYO>","JL SENTOSA LAMA GG DOLAH NO","prelist","MEDAN PERJUANGAN","SEI KERA HULU","LINGKUNGAN 18","","","S. Aktivitas Jasa Lainnya","SBR"],
    ["112950","TUKANG KUNCI <BANG SIHAR>","JL SETIA JADI GG SUGENG LINGK 15","prelist","MEDAN PERJUANGAN","TEGAL REJO","LINGKUNGAN 15","","","S. Aktivitas Jasa Lainnya","SBR"],
    ["112951","TUKANG PANGKAS <DEWA>","JL PASAR III NO 167","prelist","MEDAN PERJUANGAN","TEGAL REJO","LINGKUNGAN 10","","","S. Aktivitas Jasa Lainnya","SBR"],
    ["112952","TUKANG JAHIT <WARMIN>","JL PASAR III GG SURIP","prelist","MEDAN PERJUANGAN","TEGAL REJO","LINGKUNGAN 10","","","S. Aktivitas Jasa Lainnya","SBR"],
    ["112953","SALON <RUSMI SINULINGGA>","JALAN PASAR TIGA 143 LINGKUNGAN II","prelist","MEDAN PERJUANGAN","TEGAL REJO","LINGKUNGAN 11","","","S. Aktivitas Jasa Lainnya","SBR"],
    ["112954","SALON <NOVALINA BARUS>","JLN PSR 3 NO 98 LK 14","prelist","MEDAN PERJUANGAN","TEGAL REJO","LINGKUNGAN 9","","","S. Aktivitas Jasa Lainnya","SBR"],
    ["112955","SERVIS DINAMO <DEDEK>","JL RAKYAT NO 146 LK 4","prelist","MEDAN PERJUANGAN","TEGAL REJO","LINGKUNGAN 4","","","S. Aktivitas Jasa Lainnya","SBR"],
    ["112956","JASA PENGETIKAN MAKALAH <DORKAS>","JL PERJUANGAN GANG SUKA FAMILI","prelist","MEDAN PERJUANGAN","SEI KERA HILIR I","LINGKUNGAN 13","","","S. Aktivitas Jasa Lainnya","SBR"],
    ["112984","TUKANG KUSUK <SABARIAH>","GANG ULUNG","prelist","MEDAN PERJUANGAN","SEI KERA HILIR II","LINGKUNGAN 5","","","S. Aktivitas Jasa Lainnya","SBR"],
    ["113058","PT. KOMPAK INDOPOLA","JL.VETERAN NO.29-31","prelist","MEDAN PERJUANGAN","PANDAU HILIR","LINGKUNGAN 1","","","G. Perdagangan Besar dan Eceran, Reparasi Mobil dan Sepeda Motor","SBR"],
    ["113113","RUMAH KOS ZAYA SYARIAH","PELITA IV GG PERTAMA","prelist","MEDAN PERJUANGAN","SIDORAME TIMUR","LINGKUNGAN 15","","","I. Penyediaan Akomodasi dan Makan Minum","SBR"],
    ["113151","MENJAHIT KAIN BAJU SESUAI PESANAN","JL PIMPINAN NO 101","prelist","MEDAN PERJUANGAN","SEI KERA HILIR I","LINGKUNGAN 11","","","C. Industri Pengolahan","SBR"],
    ["113152","BUAT SARANG KETUPAT LONTONG","JL PIMPINAN GG LANGGAR PADANG NO 6","prelist","MEDAN PERJUANGAN","SEI KERA HILIR I","LINGKUNGAN 13","","","C. Industri Pengolahan","SBR"],
    ["113247","BAKE KING CHEMICAL","JL.LETKOL MARTINUS LUBIS NO.8-T","prelist","MEDAN PERJUANGAN","PANDAU HILIR","LINGKUNGAN 1","","","A. Pertanian, Kehutanan, dan Perikanan","SBR"],
    ["113534","HAVEA NUGRAHA PRATAMA, PT","JL GALANG NO 48","prelist","MEDAN PERJUANGAN","PANDAU HILIR","LINGKUNGAN 8","","","F. Konstruksi","SBR"],
    ["113553","MANUNGGAL RIAMERTA DEV CONSULTANT, CV","JL MAPILINDO NO 63","prelist","MEDAN PERJUANGAN","TEGAL REJO","LINGKUNGAN 3","","","F. Konstruksi","SBR"],
    ["113554","POS POS GLOBAL ENGINEERING, CV","JL PELITA I GG SAUDARA NO 7 MEDAN","prelist","MEDAN PERJUANGAN","SIDORAME BARAT II","LINGKUNGAN 4","","","F. Konstruksi","SBR"],
    ["113555","BERDIKARI, CV","JL PERJUANGAN NO 57 MEDAN","prelist","MEDAN PERJUANGAN","SIDORAME TIMUR","LINGKUNGAN 9","","","F. Konstruksi","SBR"],
    ["113557","MAJU JAYA, CV","JL PROF HM YAMIN SH NO 937 LINK 15","prelist","MEDAN PERJUANGAN","SEI KERA HILIR II","LINGKUNGAN 3","","","F. Konstruksi","SBR"],
    ["113559","PEMBORONG <FAHFURROZI>","JL M YAKUB LINGKUNGAN 13","prelist","MEDAN PERJUANGAN","SEI KERA HILIR II","LINGKUNGAN 14","","","F. Konstruksi","SBR"],
    ["113560","KONTRAKTOR BANGUNAN","JL GURILLA GANG.KARTAWI NO.11","prelist","MEDAN PERJUANGAN","SEI KERA HILIR II","LINGKUNGAN 12","","","F. Konstruksi","SBR"],
    ["113561","YUDHA PRATAMA, CV","JL GURILLA GG.MELATI NO.7 MEDAN","prelist","MEDAN PERJUANGAN","SEI KERA HILIR I","LINGKUNGAN 5","","","F. Konstruksi","SBR"],
    ["113562","MAHA KARYA MULIA, CV","JL PIMPINAN NO 24 MEDAN PERJUANGAN","prelist","MEDAN PERJUANGAN","SEI KERA HILIR I","LINGKUNGAN 6","","","F. Konstruksi","SBR"],
    ["113563","NICO PERKASA, CV","JL PERJUANGAN NO 2A","prelist","MEDAN PERJUANGAN","SEI KERA HILIR I","LINGKUNGAN 7","","","F. Konstruksi","SBR"],
    ["113564","PERGENDANGAN, CV","JL PROF HM","prelist","MEDAN PERJUANGAN","SEI KERA HULU","LINGKUNGAN 15","","","F. Konstruksi","SBR"],
    ["113565","SERDANG JAYA, CV","JL PROF H YAMIN NO 468","prelist","MEDAN PERJUANGAN","SEI KERA HULU","LINGKUNGAN 9","","","F. Konstruksi","SBR"],
    ["113727","PILAR GEMILANG, CV","JL PENDIDIKAN NO 106 KEL. BINJAI, KEC. MEDAN DENAI","prelist","MEDAN PERJUANGAN","TEGAL REJO","LINGKUNGAN 9","","","F. Konstruksi","SBR"],
    ["114271","LIMA JAYA, CV","JL SENDOK GG. PINANG NO 1-A","prelist","MEDAN PERJUANGAN","SEI KERA HULU","LINGKUNGAN 3","","","F. Konstruksi","SBR"],
    ["114356","TRI KARYA PERSADA KONSULTAN, CV","JL SETIA JADI GG. MERAK NO 9","prelist","MEDAN PERJUANGAN","TEGAL REJO","LINGKUNGAN 14","","","F. Konstruksi","SBR"],
    ["114389","RIZKY MAULANA, CV","JL SEI KERA NO 146, MEDAN PERJUANGAN","prelist","MEDAN PERJUANGAN","PANDAU HILIR","LINGKUNGAN 4","","","F. Konstruksi","SBR"],
    ["114390","RALIS DWI PUTRI, CV","JL SEI KERA GG. REZEKI D NO 1","prelist","MEDAN PERJUANGAN","SEI KERA HULU","LINGKUNGAN 14","","","F. Konstruksi","SBR"],
    ["114391","RAHMAT ELEKTRONIC UTAMA, CV","JL SEI KERA NO 245, MEDAN PERJUANGAN","prelist","MEDAN PERJUANGAN","SEI KERA HULU","LINGKUNGAN 4","","","F. Konstruksi","SBR"],
    ["114392","MESTIKA PRATAMA, CV","JL SEI KERA NO 134 - G","prelist","MEDAN PERJUANGAN","PANDAU HILIR","LINGKUNGAN 4","","","F. Konstruksi","SBR"],
    ["114395","ANGEL PERMATA SURYA, CV","JL HM. SAID NO 132 - A KEL. SIDORAME BARAT - I KEC. MEDAN PERJUA","prelist","MEDAN PERJUANGAN","SIDORAME BARAT I","LINGKUNGAN 2","","","F. Konstruksi","SBR"],
    ["114403","AIRSUN PROJECT, CV","JL HM. SAID GG. DEMOKRAT NO 7","prelist","MEDAN PERJUANGAN","SIDORAME BARAT I","LINGKUNGAN 4","","","F. Konstruksi","SBR"],
    ["114409","CIPTA DAYA GUNA, CV","JL HM. SAID GG. ZUKI NO 16","prelist","MEDAN PERJUANGAN","SIDORAME BARAT I","LINGKUNGAN 6","","","F. Konstruksi","SBR"],
    ["114419","GITA LESTARI, CV","JL MESJID TAUFIK GG KELUARGA NO 2","prelist","MEDAN PERJUANGAN","TEGAL REJO","LINGKUNGAN 12","","","F. Konstruksi","SBR"],
    ["114420","ERWIN PINDRA MANDIRI, CV","JL MESJID TAUFIQ GG BINTARA NO 1","prelist","MEDAN PERJUANGAN","TEGAL REJO","LINGKUNGAN 13","","","F. Konstruksi","SBR"],
    ["114431","GECONS, CV","JL GURILLA NO 37","prelist","MEDAN PERJUANGAN","SEI KERA HILIR I","LINGKUNGAN 6","","","F. Konstruksi","SBR"],
    ["114432","MORI ENGINEERING, CV","JL PENDIDIKAN NO 63","prelist","MEDAN PERJUANGAN","PAHLAWAN","LINGKUNGAN 4","","","F. Konstruksi","SBR"],
    ["114433","GUNUNG BERLIAN, CV","JL PAHLAWAN GG GEMBIRA NO 19","prelist","MEDAN PERJUANGAN","PAHLAWAN","LINGKUNGAN 2","","","F. Konstruksi","SBR"],
    ["114434","GENIS MANDIRI, CV","JL PENDIDIKAN GG. SEMPURNA NO 11 MEDAN","prelist","MEDAN PERJUANGAN","TEGAL REJO","LINGKUNGAN 9","","","F. Konstruksi","SBR"],
    ["114435","ARTA JAYA PERDANA, CV","JL MADIO UTOMO GG. BUNTU NO 6","prelist","MEDAN PERJUANGAN","TEGAL REJO","LINGKUNGAN 3","","","F. Konstruksi","SBR"],
    ["114437","ABANG ADEK, CV","JL PAHLAWAN GG. LUMUMBA NO 7","prelist","MEDAN PERJUANGAN","PAHLAWAN","LINGKUNGAN 5","","","F. Konstruksi","SBR"],
    ["114440","SIMEG, CV","JL MESJID TAUFIQ GG. BUDI NO 30-D KEL. P. BRAYAN DARAT-II","prelist","MEDAN PERJUANGAN","TEGAL REJO","LINGKUNGAN 7","","","F. Konstruksi","SBR"],
    ["114442","TUNAS ASLI MULIA, CV","JL MESJID TAUFIK NO 51","prelist","MEDAN PERJUANGAN","TEGAL REJO","LINGKUNGAN 6","","","F. Konstruksi","SBR"],
    ["114446","ARJUNA UTAMA, CV","JL RAKYAT LORONG KARTO 23 A, MEDAN PERJUANGAN","prelist","MEDAN PERJUANGAN","SIDORAME TIMUR","LINGKUNGAN 10","","","F. Konstruksi","SBR"],
    ["114447","SERDANG LAPAN SATU, CV","JL IBRAHIM UMAR GG. MANTRI NO 11","prelist","MEDAN PERJUANGAN","SEI KERA HILIR II","LINGKUNGAN 6","","","F. Konstruksi","SBR"],
    ["114448","RASMAN JAYA, CV","JL IBRAHIM UMAR GG. RAHMAT NO 2.","prelist","MEDAN PERJUANGAN","SEI KERA HILIR II","LINGKUNGAN 8","","","F. Konstruksi","SBR"],
    ["114449","MITRA USAHA, CV","JL PROP.H.M YAMIN.SH GG.MANGGIS NO.5 MEDAN","prelist","MEDAN PERJUANGAN","SEI KERA HILIR II","LINGKUNGAN 11","","","F. Konstruksi","SBR"],
    ["114450","MILENIA MANDIRI, CV","JL DOROWATI GG. WONGSO NO 14","prelist","MEDAN PERJUANGAN","SIDORAME BARAT II","LINGKUNGAN 1","","","F. Konstruksi","SBR"],
    ["114451","MERPATI PUTIH, CV","JL PROF. H.M. YAMIN, SH NO 310","prelist","MEDAN PERJUANGAN","SEI KERA HILIR II","LINGKUNGAN 1","","","F. Konstruksi","SBR"],
    ["114452","HENI BRADERS, CV","PIMPINAN GG. AGAMA NO 11","prelist","MEDAN PERJUANGAN","SEI KERA HILIR I","LINGKUNGAN 11","","","F. Konstruksi","SBR"],
    ["114453","FARIANY LESTARI, CV","JL GURILLA NO 46","prelist","MEDAN PERJUANGAN","SEI KERA HILIR II","LINGKUNGAN 14","","","F. Konstruksi","SBR"],
    ["114454","DODI KASIH ABADI, CV","JL GURILLA NO 46 SEI KERA HILIR-II","prelist","MEDAN PERJUANGAN","SEI KERA HILIR II","LINGKUNGAN 14","","","F. Konstruksi","SBR"],
    ["114455","DANA RIZKY UTAMA, CV","JL SENTOSA BARU NO 18 KEL. SEI KERA HILIR - II KEC. MEDAN PERJUA","prelist","MEDAN PERJUANGAN","SEI KERA HILIR I","LINGKUNGAN 3","","","F. Konstruksi","SBR"],
    ["114456","TRIJASA UTAMA, CV","JL M. YACUB NO 41 KEL. SEI KERA HILIR-1 KEC. MEDAN PERJUANGAN","prelist","MEDAN PERJUANGAN","SEI KERA HILIR I","LINGKUNGAN 4","","","F. Konstruksi","SBR"],
    ["114457","SRI MEKAR, CV","JL M. YACUB GG. SIDDIK NO 25","prelist","MEDAN PERJUANGAN","SEI KERA HILIR II","LINGKUNGAN 13","","","F. Konstruksi","SBR"],
    ["114458","RAHMAT MANDIRI, CV","JL M. YACUB GG. HASIBAH NO 14","prelist","MEDAN PERJUANGAN","SEI KERA HILIR I","LINGKUNGAN 3","","","F. Konstruksi","SBR"],
    ["114459","PERDANA, UD","JL PROF. H.M. YAMIN S.H. NO 260C MEDAN PERJUANGAN","prelist","MEDAN PERJUANGAN","SEI KERA HILIR II","LINGKUNGAN 1","","","F. Konstruksi","SBR"],
    ["114461","INTI DARMA RAYA, CV","JL GURILA NO 15","prelist","MEDAN PERJUANGAN","SIDORAME TIMUR","LINGKUNGAN 3","","","F. Konstruksi","SBR"],
    ["114462","YUDHA SAKTI PERKASA, CV","JL HM. SAID NO 132 - A KEL. SIDORAME BARAT - I KEC. MEDAN PERJUA","prelist","MEDAN PERJUANGAN","SIDORAME BARAT I","LINGKUNGAN 2","","","F. Konstruksi","SBR"],
    ["114463","TRICONE ENGINEERING, CV","JL PELITA IV NO 63","prelist","MEDAN PERJUANGAN","SIDORAME BARAT II","LINGKUNGAN 9","","","F. Konstruksi","SBR"],
    ["114464","TRANS PUTRA NAULI, CV","JL PELITA VI GG. JABAT NO 13 KEL. SIDORAME BARAT- II","prelist","MEDAN PERJUANGAN","SIDORAME BARAT II","LINGKUNGAN 9","","","F. Konstruksi","SBR"],
    ["114465","SITIM VALLEY ENGINEERING, CV","JL PELITA IV NO 63","prelist","MEDAN PERJUANGAN","SIDORAME BARAT II","LINGKUNGAN 9","","","F. Konstruksi","SBR"],
    ["114466","MIRADELIMA CEMERLANG SELALU, CV","JL PELITA IV GG.SEKOLAH NO 6","prelist","MEDAN PERJUANGAN","SIDORAME BARAT II","LINGKUNGAN 9","","","F. Konstruksi","SBR"],
    ["114467","GANA STONES JAYA, CV","JL PERJUANGAN GG. MULIA NO 17, MEDAN PERJUANGAN","prelist","MEDAN PERJUANGAN","SIDORAME TIMUR","LINGKUNGAN 10","","","F. Konstruksi","SBR"],
    ["114468","FIRMAN JAYA, CV","JL PERJUANGAN NO 34","prelist","MEDAN PERJUANGAN","SEI KERA HILIR I","LINGKUNGAN 8","","","F. Konstruksi","SBR"],
    ["114469","DWIPA ABADI, CV","JL PELITA-I GG.POS NO 16 KEL. SIDORAME BARAT","prelist","MEDAN PERJUANGAN","SIDORAME BARAT II","LINGKUNGAN 6","","","F. Konstruksi","SBR"],
    ["114470","DENSIT, CV","JL PELITA IV GG. SEJAHTERA NO 2","prelist","MEDAN PERJUANGAN","SIDORAME TIMUR","LINGKUNGAN 12","","","F. Konstruksi","SBR"],
    ["114471","BORISMA KARYA, CV","JL PELITA VI NO 61/58, MEDAN PERJUANGAN","prelist","MEDAN PERJUANGAN","TEGAL REJO","LINGKUNGAN 2","","","F. Konstruksi","SBR"],
    ["114472","SAKURA, CV","JL RAKYAT GG. PELAJAR NO 5B, MEDAN PERJUANGAN","prelist","MEDAN PERJUANGAN","TEGAL REJO","LINGKUNGAN 4","","","F. Konstruksi","SBR"],
    ["114473","RIPAMA GROUP, CV","JL RAKYAT NO 55 B SIDORAME","prelist","MEDAN PERJUANGAN","SIDORAME TIMUR","LINGKUNGAN 12","","","F. Konstruksi","SBR"],
    ["114474","MEDIA INDONESIA, CV","JL RAKYAT GG. BLOK A NO 79","prelist","MEDAN PERJUANGAN","SIDORAME TIMUR","LINGKUNGAN 11","","","F. Konstruksi","SBR"],
    ["114475","KARYA MADUMA, CV","JL PERMAI GG. AMAL NO 16","prelist","MEDAN PERJUANGAN","SIDORAME TIMUR","LINGKUNGAN 12","","","F. Konstruksi","SBR"],
    ["114476","EKA JAYA GRUP, CV","JL PERMAI NO 11 LT. II, MEDAN PERJUANGAN","prelist","MEDAN PERJUANGAN","SIDORAME TIMUR","LINGKUNGAN 15","","","F. Konstruksi","SBR"],
    ["114484","SASADA, CV","JL PASAR III NO 91/160 - A","prelist","MEDAN PERJUANGAN","TEGAL REJO","LINGKUNGAN 14","","","F. Konstruksi","SBR"],
    ["114485","NAHKODA, CV","JL GURILLA NO 23, MEDAN PERJUANGAN","prelist","MEDAN PERJUANGAN","SIDORAME TIMUR","LINGKUNGAN 4","","","F. Konstruksi","SBR"],
    ["114486","KURNIA HARI HARI, CV","JL SETIA JADI NO 36","prelist","MEDAN PERJUANGAN","TEGAL REJO","LINGKUNGAN 15","","","F. Konstruksi","SBR"],
    ["114487","KARYA AGUNG SEJATI, CV","PASAR III NO 88-NN","prelist","MEDAN PERJUANGAN","TEGAL REJO","LINGKUNGAN 9","","","F. Konstruksi","SBR"],
    ["114488","DELTA PRIMA ABADI, CV","JL MESJID TAUFIQ NO 51 MEDAN","prelist","MEDAN PERJUANGAN","TEGAL REJO","LINGKUNGAN 6","","","F. Konstruksi","SBR"],
    ["114489","CHAIRANI, CV","JL MESJID TAUFIQ NO 51, MEDAN PERJUANGAN","prelist","MEDAN PERJUANGAN","TEGAL REJO","LINGKUNGAN 6","","","F. Konstruksi","SBR"],
    ["114490","GRACIA CONTRAKTOR ENGINEERING, CV","JL PELITA II GG. PEPAYA NO 16 KEC. MEDAN PERJUANGAN","prelist","MEDAN PERJUANGAN","SIDORAME BARAT I","LINGKUNGAN 3","","","F. Konstruksi","SBR"],
    ["114491","ELFRIDA CORPORATION, CV","JL PELITA I GG. SELARAS NO 8","prelist","MEDAN PERJUANGAN","SIDORAME BARAT II","LINGKUNGAN 4","","","F. Konstruksi","SBR"],
    ["114492","CIPTA KARYA GUNA, CV","JL PERJUANGAN NO 44","prelist","MEDAN PERJUANGAN","SEI KERA HILIR I","LINGKUNGAN 8","","","F. Konstruksi","SBR"],
    ["114493","AKIN LENTUR JAYA, CV","JL DOROWATI NO 35","prelist","MEDAN PERJUANGAN","SIDORAME BARAT II","LINGKUNGAN 1","","","F. Konstruksi","SBR"],
    ["114507","DUA SEKAWAN, CV","JL PELITA IV GG. PELITA NO 1B, MEDAN PERJUANGAN","prelist","MEDAN PERJUANGAN","SIDORAME TIMUR","LINGKUNGAN 15","","","F. Konstruksi","SBR"],
    ["114609","MAULANA SYAHLIL MUNTAZ","JL BAMBU RUNCING NO 29","prelist","MEDAN PERJUANGAN","PAHLAWAN","LINGKUNGAN 12","","","F. Konstruksi","SBR"],
    ["114619","SAKHI, CV","JL LORONG REJO GG NASIONAL NO 14","prelist","MEDAN PERJUANGAN","SIDORAME BARAT I","LINGKUNGAN 9","","","F. Konstruksi","SBR"],
    ["114631","PUTRI BANGE 17, CV","JL TUNGGAL NO 16","prelist","MEDAN PERJUANGAN","SEI KERA HULU","LINGKUNGAN 2","","","F. Konstruksi","SBR"],
    ["114663","OZON SEJAHTERA, CV","JL PERMAI NO 36","prelist","MEDAN PERJUANGAN","SIDORAME TIMUR","LINGKUNGAN 13","","","F. Konstruksi","SBR"],
    ["114811","IRONMAN PERKASA MANDIRI, CV","JL BAMBU RUNCING NO 13-B","prelist","MEDAN PERJUANGAN","PAHLAWAN","LINGKUNGAN 17","","","F. Konstruksi","SBR"],
    ["114828","KARYA TEHNIK SUKSES, PT","JL BATU PUTIH NO 25","prelist","MEDAN PERJUANGAN","PAHLAWAN","LINGKUNGAN 14","","","F. Konstruksi","SBR"],
    ["115086","DARA DUTA NUSANTARA, CV","JL GURILA GG. SUKADAMAI NO 4 SEI KERA HILIR II MEDAN PERJUANGAN","prelist","MEDAN PERJUANGAN","SEI KERA HILIR I","LINGKUNGAN 4","","","F. Konstruksi","SBR"],
    ["115116","MARKHA NAULI PERSADA, PT","JL GURILLA GG. MELUR NO 8 MEDAN","prelist","MEDAN PERJUANGAN","SEI KERA HILIR I","LINGKUNGAN 5","","","F. Konstruksi","SBR"],
    ["115117","BAROKAH MAKMUR ABADI, CV","JL GURILLA GG. AL KAUSAR NO 5 KEL. SEI KERA, KEC. HILIR I, KEC. MEDAN PERJUANGAN","prelist","MEDAN PERJUANGAN","SEI KERA HILIR I","LINGKUNGAN 11","","","F. Konstruksi","SBR"],
    ["115282","AMRISTAMA JAYA, CV","JL KESEHATAN NO.15. KEL. SEI KERA HILIR I. KEC. MEDAN PERJUANGAN","prelist","MEDAN PERJUANGAN","SEI KERA HILIR I","LINGKUNGAN 3","","","F. Konstruksi","SBR"],
    ["115347","PUTRA DELI MANDIRI, CV","JL M. YAKUB NO 43 KEL. SEI KERA II KEC. MEDAN PERJUANGAN","prelist","MEDAN PERJUANGAN","SEI KERA HILIR II","LINGKUNGAN 5","","","F. Konstruksi","SBR"],
    ["115348","BANGUN INDONESIA UTAMA, PT","JL M. YAKUB NO 22","prelist","MEDAN PERJUANGAN","SEI KERA HILIR I","LINGKUNGAN 1","","","F. Konstruksi","SBR"],
    ["115352","RIZKY BERSAMA, CV","JL M YAKUB GG. BILAL NO 04","prelist","MEDAN PERJUANGAN","SEI KERA HILIR II","LINGKUNGAN 7","","","F. Konstruksi","SBR"],
    ["115386","RASYA MUTIARA REZEKI, CV","JL MAPILINDO NO 118","prelist","MEDAN PERJUANGAN","TEGAL REJO","LINGKUNGAN 13","","","F. Konstruksi","SBR"],
    ["115464","VENINDO MEGAH KREASI, CV","JL MESJID TAUFIQ NO 27 TEGAL REJO MEDAN PERJUANGAN","prelist","MEDAN PERJUANGAN","TEGAL REJO","LINGKUNGAN 6","","","F. Konstruksi","SBR"],
    ["115465","ARTO PUTRA PRATAMA, CV","JL MESJID TAUFIK NO 105","prelist","MEDAN PERJUANGAN","TEGAL REJO","LINGKUNGAN 7","","","F. Konstruksi","SBR"],
    ["115492","PAHLAWAN, CV","JL PAHLAWAN NO 27","prelist","MEDAN PERJUANGAN","PAHLAWAN","LINGKUNGAN 14","","","F. Konstruksi","SBR"],
    ["115493","KEMAL TRI AMANDA, CV","JL PAHLAWAN GG. PERWIRA NO 22. KEL. PAHLAWAN. KEC. MEDAN PERJUANGAN","prelist","MEDAN PERJUANGAN","PAHLAWAN","LINGKUNGAN 16","","","F. Konstruksi","SBR"],
    ["115494","TIRA DARMA, CV","JL PAHLAWAN GG. GEMBIRA NO 09","prelist","MEDAN PERJUANGAN","PAHLAWAN","LINGKUNGAN 2","","","F. Konstruksi","SBR"],
    ["115529","EXSHEL JAYA, CV","JL PASAR III RUKO GRAHA KRAKATAU BLOK A NO 2 KEL. TEGAL REJO, MEDAN PERJUANGAN","prelist","MEDAN PERJUANGAN","TEGAL REJO","LINGKUNGAN 10","","","F. Konstruksi","SBR"],
    ["115531","ANIISAH, CV","JL PASAR III GG. ENGGANG NO 4 MEDAN PERJUANGAN","prelist","MEDAN PERJUANGAN","TEGAL REJO","LINGKUNGAN 11","","","F. Konstruksi","SBR"],
    ["115536","DELFI GUNA PERSADA, PT","JL PELITA VI GG. PRIBADI NO 2","prelist","MEDAN PERJUANGAN","SIDORAME BARAT II","LINGKUNGAN 9","","","F. Konstruksi","SBR"],
    ["115537","DATARAN TINGGI, CV","JL PELITA IV NO 17","prelist","MEDAN PERJUANGAN","SIDORAME BARAT I","LINGKUNGAN 1","","","F. Konstruksi","SBR"],
    ["115538","DARAPATI, CV","JL PELITA IV GG.SAROHA NO.02, KEL. SIDORAME TIMUR, MEDAN PERJUANGAN","prelist","MEDAN PERJUANGAN","SIDORAME TIMUR","LINGKUNGAN 15","","","F. Konstruksi","SBR"],
    ["115539","BINTANG DUA PUTRI, CV","JL PELITA IV GG. SEJAHTERA NO 6. KEL. SIDORAME BARAT II. KEC. MEDAN PERJUANGAN","prelist","MEDAN PERJUANGAN","SIDORAME TIMUR","LINGKUNGAN 12","","","F. Konstruksi","SBR"],
    ["115540","MEKAR CERAH LIANA, PT","JL PELITA IV GG. PRIBADI NO 9-B","prelist","MEDAN PERJUANGAN","SIDORAME BARAT II","LINGKUNGAN 6","","","F. Konstruksi","SBR"],
    ["115541","EL GERALD PERKASA, CV","JL PELITA IV GANG SAROHA NO 54","prelist","MEDAN PERJUANGAN","SIDORAME TIMUR","LINGKUNGAN 12","","","F. Konstruksi","SBR"],
    ["115554","TONA MORA SAKTI, PT","JL PENDIDIKAN NO 63 A KEL. TEGAL REJO. KEC. MEDAN PERJUANGAN","prelist","MEDAN PERJUANGAN","TEGAL REJO","LINGKUNGAN 9","","","F. Konstruksi","SBR"],
    ["115571","SINAR PUTRA NIAGA, PT","JL PERJUANGAN NO 57","prelist","MEDAN PERJUANGAN","SIDORAME TIMUR","LINGKUNGAN 9","","","F. Konstruksi","SBR"],
    ["115577","ANUGRAH PERDANA LESTARI, CV","JL PERJUANGAN GG. TUNGGAL NO 17","prelist","MEDAN PERJUANGAN","SIDORAME TIMUR","LINGKUNGAN 9","","","F. Konstruksi","SBR"],
    ["115594","EKA JAYA, CV","JL PERMAI NO 11 LT. 2, MEDAN PERJUANGAN","prelist","MEDAN PERJUANGAN","SIDORAME TIMUR","LINGKUNGAN 15","","","F. Konstruksi","SBR"],
    ["115595","JODY, CV","JL PERMAI GG. KATIK WALIK NO 10","prelist","MEDAN PERJUANGAN","SIDORAME TIMUR","LINGKUNGAN 14","","","F. Konstruksi","SBR"],
    ["115596","ROYA DELI, CV","JL PERKUTUT NO 2-A","prelist","MEDAN PERJUANGAN","SIDORAME TIMUR","LINGKUNGAN 13","","","F. Konstruksi","SBR"],
    ["115597","ANGKASA WIRA USAHA, CV","JL PERKUTUT NO 2-A","prelist","MEDAN PERJUANGAN","SIDORAME TIMUR","LINGKUNGAN 13","","","F. Konstruksi","SBR"],
    ["115606","WIDYADHANA, CV","JL PIMPINAN NO 30","prelist","MEDAN PERJUANGAN","SEI KERA HILIR I","LINGKUNGAN 6","","","F. Konstruksi","SBR"],
    ["115607","HIKMAH JAYA BERSAMA, CV","JL PIMPINAN NO 23","prelist","MEDAN PERJUANGAN","SEI KERA HILIR I","LINGKUNGAN 9","","","F. Konstruksi","SBR"],
    ["115608","FUTURINDO MANDIRI SEJAHTERA, CV","JL PIMPINAN GG. SEKOLAH / GG. SABUT NO 5","prelist","MEDAN PERJUANGAN","SEI KERA HILIR I","LINGKUNGAN 11","","","F. Konstruksi","SBR"],
    ["115609","MUARA JAYA LESTARI, CV","JL PIMPINAN GG. MURNI NO 26","prelist","MEDAN PERJUANGAN","SEI KERA HILIR I","LINGKUNGAN 13","","","F. Konstruksi","SBR"],
    ["115641","MULTI MANDIRITAMA, CV","JL PROF. HM. YAMIN SH NO 204","prelist","MEDAN PERJUANGAN","SEI KERA HULU","LINGKUNGAN 4","","","F. Konstruksi","SBR"],
    ["115643","WALET SOLUSINDO, PT","JL PROF. H.M. YAMIN SH NO 13","prelist","MEDAN PERJUANGAN","SEI KERA HILIR II","LINGKUNGAN 2","","","F. Konstruksi","SBR"],
    ["115668","DWI AMANAH PERKASA, CV","JL RAKYAT NO 108","prelist","MEDAN PERJUANGAN","SIDORAME TIMUR","LINGKUNGAN 15","","","F. Konstruksi","SBR"],
    ["115669","ASRO JAYA, CV","JL RAKYAT LR.KARTO NO.20","prelist","MEDAN PERJUANGAN","TEGAL REJO","LINGKUNGAN 8","","","F. Konstruksi","SBR"],
    ["115670","DIVA DAVA YUZA, CV","JL RAKYAT GG. PIPIT NO 4A","prelist","MEDAN PERJUANGAN","SIDORAME TIMUR","LINGKUNGAN 3","","","F. Konstruksi","SBR"],
    ["115768","ADI DHARMA SEJAHTERA KONSTRUKSI, PT","JL SEI KERA NO 243 MEDAN","prelist","MEDAN PERJUANGAN","SEI KERA HULU","LINGKUNGAN 3","","","F. Konstruksi","SBR"],
    ["115816","SAYAP MAS, CV","JL SENTOSA LAMA GG. SATRIA NO 5-B","prelist","MEDAN PERJUANGAN","SEI KERA HULU","LINGKUNGAN 20","","","F. Konstruksi","SBR"],
    ["115840","ALPHA PROPERTI GRUP, PT","JL SETIA JADI, KOMP. KRAKATAU GARDEN BLOK B NO 1 KEL. TEGALREJO KEC. MEDAN PERJUANGAN","prelist","MEDAN PERJUANGAN","TEGAL REJO","LINGKUNGAN 15","","","F. Konstruksi","SBR"],
    ["115841","ERA JAYA PERDANA, PT","JL SETIA JADI NO 44","prelist","MEDAN PERJUANGAN","TEGAL REJO","LINGKUNGAN 15","","","F. Konstruksi","SBR"],
    ["116020","MANDIRI PROPERTI SEJAHTERA, PT","JL VETERAN NO.53 P.HILIR KEC. MEDAN PERJUANGAN","prelist","MEDAN PERJUANGAN","PANDAU HILIR","LINGKUNGAN 1","","","F. Konstruksi","SBR"],
    ["116051","BERKAH DUA PUTRA , CV","JL DOROWATI LR.REJO LK.X NO.13/15","prelist","MEDAN PERJUANGAN","SIDORAME BARAT I","LINGKUNGAN 9","","","F. Konstruksi","SBR"],
    ["116052","ARTA JAYA , CV","JL DOROWATI LR.REJO LK.X NO.13/15","prelist","MEDAN PERJUANGAN","SIDORAME BARAT I","LINGKUNGAN 10","","","F. Konstruksi","SBR"],
    ["116084","DWIKARYA JAYA UTAMA GEMILANG, CV","JL PELITA VI GG MANGGA NO.6","prelist","MEDAN PERJUANGAN","TEGAL REJO","LINGKUNGAN 2","","","F. Konstruksi","SBR"],
    ["116086","RAJKA SEJAHTERA, CV","JL PAHLAWAN GG.GEMBIRA NO.24 MEDAN PERJUANGAN","prelist","MEDAN PERJUANGAN","PAHLAWAN","LINGKUNGAN 2","","","F. Konstruksi","SBR"],
    ["116102","SURYA PARAMAS MANDIRI, PT","JL SEI KERA NO 214","prelist","MEDAN PERJUANGAN","PANDAU HILIR","LINGKUNGAN 5","","","F. Konstruksi","SBR"],
    ["116153","TIARA FORLAN NELSON BERKARYA, PT","JL PROF HM YAMIN SH NO.162 MEDAN KEL PAHLAWAN KEC. MEDAN PERJUANGAN","prelist","MEDAN PERJUANGAN","SEI KERA HULU","LINGKUNGAN 5","","","F. Konstruksi","SBR"],
    ["116218","MITRA INDUSTRI MAJU, CV","MESJID TAUFIK GG. BERINGIN I NO 1 B","prelist","MEDAN PERJUANGAN","TEGAL REJO","LINGKUNGAN 5","","","F. Konstruksi","SBR"],
    ["116266","PURKESA PRIMA, PT","JL BRIGJEND KATAMSO GG ANDIKA NO 33","prelist","MEDAN PERJUANGAN","SEI KERA HILIR I","LINGKUNGAN 8","","","F. Konstruksi","SBR"],
    ["116342","MULTI DWI TUNGGAL GRAHA, PT","JL TAPANULI NO 42C LINGK 3","prelist","MEDAN PERJUANGAN","PANDAU HILIR","LINGKUNGAN 3","","","F. Konstruksi","SBR"],
    ["116619","ARTEK UTAMA, PT","JL PROF HM YAMIN SH NO 370","prelist","MEDAN PERJUANGAN","SEI KERA HULU","LINGKUNGAN 2","","","F. Konstruksi","SBR"],
    ["116630","TELAGA SEMBILAN, PT","JL HM SAID NO 120 B","prelist","MEDAN PERJUANGAN","SIDORAME BARAT I","LINGKUNGAN 3","","","F. Konstruksi","SBR"],
    ["116638","MARISON, PT","JL RAKYAT NO 78","prelist","MEDAN PERJUANGAN","SIDORAME TIMUR","LINGKUNGAN 15","","","F. Konstruksi","SBR"],
    ["116639","INTI BINTI AGUNG, PT","JL RAKYAT NO 78","prelist","MEDAN PERJUANGAN","SIDORAME TIMUR","LINGKUNGAN 15","","","F. Konstruksi","SBR"],
    ["116641","INDOTHARA MULTI ARTHA, PT","JL PROF H M YAMIN, SH GG KETOPRAK NO 11","prelist","MEDAN PERJUANGAN","SEI KERA HULU","LINGKUNGAN 3","","","F. Konstruksi","SBR"],
    ["116642","BINA ULI GRAHA, PT","JL PROF HM YAMIN GG LURAH NO 12","prelist","MEDAN PERJUANGAN","SEI KERA HULU","LINGKUNGAN 3","","","F. Konstruksi","SBR"],
    ["116644","SAFIRA GRAHA MANDIRI, PT","JL PIMPINAN NO 24","prelist","MEDAN PERJUANGAN","SEI KERA HILIR I","LINGKUNGAN 6","","","F. Konstruksi","SBR"],
    ["116645","ANDRY KARYA CIPTA, PT","JL PIMPINAN NO 24","prelist","MEDAN PERJUANGAN","SEI KERA HILIR I","LINGKUNGAN 6","","","F. Konstruksi","SBR"],
    ["116646","SENTRA JAYA PERKASA, PT","JL PROF HM YAMIN NO 10","prelist","MEDAN PERJUANGAN","SEI KERA HULU","LINGKUNGAN 8","","","F. Konstruksi","SBR"],
    ["116647","ANDALAN SUKSES BAJA, PT","JL JAMBI NO 3","prelist","MEDAN PERJUANGAN","PANDAU HILIR","LINGKUNGAN 4","","","F. Konstruksi","SBR"],
    ["116666","SANTA BIMA NAGASAKI, PT","JL RAKYAT NO 5","prelist","MEDAN PERJUANGAN","SIDORAME TIMUR","LINGKUNGAN 3","","","F. Konstruksi","SBR"],
    ["116667","TAHLIL 68, PT","JL NGALENGKO GG REZEKI NO 17A LINGK 10","prelist","MEDAN PERJUANGAN","SIDORAME BARAT I","LINGKUNGAN 10","","","F. Konstruksi","SBR"],
    ["116669","TIGA SIDOLI JAYA, PT","JL PELITA II GG PEPAYA NO 16","prelist","MEDAN PERJUANGAN","SIDORAME BARAT I","LINGKUNGAN 3","","","F. Konstruksi","SBR"],
    ["116719","SUMUT PERKASA MANDIRI, PT","JL BAMBU RUNCING NO 2-5","prelist","MEDAN PERJUANGAN","PAHLAWAN","LINGKUNGAN 8","","","F. Konstruksi","SBR"],
    ["116766","MULTIKARYA PRATAMA ABADI, PT","JL MABAR NO 52 H","prelist","MEDAN PERJUANGAN","PANDAU HILIR","LINGKUNGAN 9","","","F. Konstruksi","SBR"],
    ["116799","TRANS JAYA SUMATERA, PT","JL PARAPAT NO 32 LK. VI","prelist","MEDAN PERJUANGAN","PANDAU HILIR","LINGKUNGAN 6","","","F. Konstruksi","SBR"],
    ["116824","GALUNG EFFENDO SEHATI, PT","JL PERJUANGAN NO 20 LINGKUNGAN VII","prelist","MEDAN PERJUANGAN","SIDORAME TIMUR","LINGKUNGAN 7","","","F. Konstruksi","SBR"],
    ["116827","ANUGERAH MUARA TECHNINDO, PT","JL PELITA VI NO 18","prelist","MEDAN PERJUANGAN","SIDORAME BARAT II","LINGKUNGAN 9","","","F. Konstruksi","SBR"],
    ["116828","JAYA FEDORA ABADI, PT","JL PELITA I NO.92, KEL. SIDORAME BARAT II, MEDAN PERJUANGAN","prelist","MEDAN PERJUANGAN","SIDORAME BARAT II","LINGKUNGAN 2","","","F. Konstruksi","SBR"],
    ["116844","UGASAN PUTRA MANDIRI, PT","JL RAKYAT NO 112","prelist","MEDAN PERJUANGAN","SIDORAME TIMUR","LINGKUNGAN 15","","","F. Konstruksi","SBR"],
    ["117289","ROTARA PRINTING","JL MASJID","prelist","MEDAN PERJUANGAN","TEGAL REJO","LINGKUNGAN 7","","","C. Industri Pengolahan","SBR"],
    ["117342","MENERIMA PESANAN KUE","JL SETIA JADI GANG BUNTU NO 16","prelist","MEDAN PERJUANGAN","TEGAL REJO","LINGKUNGAN 15","","","C. Industri Pengolahan","SBR"],
    ["117343","DEPOT RAMADHAN WATER","JL SETIA JADI NO 14","prelist","MEDAN PERJUANGAN","TEGAL REJO","LINGKUNGAN 15","","","C. Industri Pengolahan","SBR"],
    ["117345","PANCAKE DURIAN","JL PASAR 3 GG FAMILI NO 53","prelist","MEDAN PERJUANGAN","TEGAL REJO","LINGKUNGAN 14","","","C. Industri Pengolahan","SBR"],
    ["117346","PERCETAKAN SINARTA CV","JL PASAR III NO 45 B","prelist","MEDAN PERJUANGAN","TEGAL REJO","LINGKUNGAN 14","","","C. Industri Pengolahan","SBR"],
    ["117348","FARIZAL","JL PAHLAWAN NO. 1","prelist","MEDAN PERJUANGAN","PAHLAWAN","LINGKUNGAN 15","","","C. Industri Pengolahan","SBR"],
    ["117349","MISUMI","JL RENCONG NO 30","prelist","MEDAN PERJUANGAN","PAHLAWAN","LINGKUNGAN 9","","","C. Industri Pengolahan","SBR"],
    ["117350","ZAIBUN","JL SENTOSA LAMA GG AMAN NO 2","prelist","MEDAN PERJUANGAN","SEI KERA HULU","LINGKUNGAN 18","","","C. Industri Pengolahan","SBR"],
    ["117524","TOKO BERDIKARI","Jl Ambon No 4","prelist","MEDAN PERJUANGAN","PANDAU HILIR","LINGKUNGAN 1","","","G. Perdagangan Besar dan Eceran, Reparasi Mobil dan Sepeda Motor","SBR"],
    ["117610","CV SINAR MAHKOTA DELI","JL.WAHIDIN NO.315","prelist","MEDAN PERJUANGAN","PAHLAWAN","LINGKUNGAN 11","","","G. Perdagangan Besar dan Eceran, Reparasi Mobil dan Sepeda Motor","SBR"]
  ],
  "geometry": [
    [98.7042, 3.5914],
    [98.6853, 3.6084],
    [98.6957, 3.6026],
    [98.6891, 3.5926],
    [98.6896, 3.6164],
    [98.7002, 3.6021],
    [98.6865, 3.6149],
    [98.6974, 3.5983],
    [98.6956, 3.5982],
    [98.6852, 3.6183],
    [98.6932, 3.5948],
    [98.7037, 3.5979],
    [98.6909, 3.6145],
    [98.6886, 3.6042],
    [98.7025, 3.6034],
    [98.6911, 3.6073],
    [98.6936, 3.5948],
    [98.6917, 3.6017],
    [98.6979, 3.5985],
    [98.6941, 3.5936],
    [98.6835, 3.6075],
    [98.701, 3.6007],
    [98.7015, 3.5989],
    [98.7007, 3.602],
    [98.6909, 3.6075],
    [98.6954, 3.5983],
    [98.6911, 3.6075],
    [98.6855, 3.6171],
    [98.7045, 3.5968],
    [98.7005, 3.5983],
    [98.6824, 3.606],
    [98.6935, 3.5953],
    [98.6912, 3.6086],
    [98.7046, 3.5982],
    [98.6963, 3.5985],
    [98.7022, 3.5983],
    [98.6936, 3.6039],
    [98.7023, 3.5983],
    [98.6978, 3.598],
    [98.6979, 3.5982],
    [98.687, 3.6072],
    [98.6942, 3.5986],
    [98.6952, 3.5951],
    [98.6921, 3.6146],
    [98.6857, 3.6139],
    [98.6827, 3.6062],
    [98.6922, 3.614],
    [98.6913, 3.6156],
    [98.6904, 3.6075],
    [98.7039, 3.5937],
    [98.6906, 3.5922],
    [98.6879, 3.6134],
    [98.7034, 3.5937],
    [98.6932, 3.5924],
    [98.7036, 3.5983],
    [98.6887, 3.6028],
    [98.7041, 3.5983],
    [98.7024, 3.595],
    [98.6912, 3.6125],
    [98.7037, 3.5982],
    [98.6836, 3.5931],
    [98.7051, 3.5981],
    [98.6947, 3.6012],
    [98.7047, 3.5899],
    [98.6879, 3.6166],
    [98.6897, 3.6073],
    [98.6908, 3.6148],
    [98.6921, 3.5988],
    [98.6915, 3.6164],
    [98.6857, 3.6141],
    [98.6876, 3.6148],
    [98.6957, 3.6033],
    [98.7017, 3.5979],
    [98.6911, 3.6093],
    [98.6824, 3.6057],
    [98.6865, 3.5924],
    [98.6906, 3.6146],
    [98.6862, 3.5922],
    [98.6827, 3.6024],
    [98.6914, 3.6045],
    [98.696, 3.6016],
    [98.6873, 3.5946],
    [98.7038, 3.5982],
    [98.6936, 3.5986],
    [98.6943, 3.5986],
    [98.7035, 3.5903],
    [98.6882, 3.6016],
    [98.6884, 3.6008],
    [98.6868, 3.6097],
    [98.685, 3.6158],
    [98.6933, 3.6039],
    [98.7012, 3.5996],
    [98.6939, 3.604],
    [98.6912, 3.615],
    [98.6884, 3.5946],
    [98.6894, 3.6163],
    [98.6929, 3.6148],
    [98.6982, 3.5982],
    [98.7021, 3.5994],
    [98.6861, 3.6109],
    [98.6886, 3.6165],
    [98.6994, 3.5984],
    [98.6911, 3.6054],
    [98.6889, 3.6163],
    [98.6913, 3.6059],
    [98.6906, 3.6149],
    [98.6938, 3.6041],
    [98.6911, 3.6047],
    [98.6894, 3.6152],
    [98.6959, 3.6025],
    [98.6903, 3.6042],
    [98.6904, 3.6041],
    [98.7044, 3.5891],
    [98.6915, 3.6024],
    [98.6935, 3.6161],
    [98.6874, 3.6166],
    [98.6838, 3.6096],
    [98.6896, 3.6163],
    [98.6913, 3.6083],
    [98.6888, 3.6162],
    [98.6909, 3.6122],
    [98.6824, 3.6071],
    [98.6884, 3.6166],
    [98.6913, 3.6098],
    [98.7, 3.6008],
    [98.6998, 3.6007],
    [98.6915, 3.6163],
    [98.7009, 3.6024],
    [98.6915, 3.6043],
    [98.6884, 3.6163],
    [98.6956, 3.5982],
    [98.6866, 3.6115],
    [98.6957, 3.5983],
    [98.6877, 3.6162],
    [98.7048, 3.5903],
    [98.6912, 3.6149],
    [98.6912, 3.6046],
    [98.6838, 3.6029],
    [98.6915, 3.6023],
    [98.6965, 3.6037],
    [98.6905, 3.6065],
    [98.6938, 3.6041],
    [98.6914, 3.6084],
    [98.703, 3.6035],
    [98.6903, 3.604],
    [98.6939, 3.6097],
    [98.6982, 3.6037],
    [98.6938, 3.6012],
    [98.6919, 3.6035],
    [98.6938, 3.6042],
    [98.693, 3.601],
    [98.6957, 3.6038],
    [98.6961, 3.6027],
    [98.6887, 3.6174],
    [98.6909, 3.6066],
    [98.69, 3.6107],
    [98.6977, 3.6031],
    [98.7041, 3.5894],
    [98.6907, 3.6057],
    [98.7002, 3.6023],
    [98.6987, 3.595],
    [98.687, 3.6174],
    [98.6894, 3.6133],
    [98.6926, 3.5984],
    [98.6991, 3.5979],
    [98.698, 3.5975],
    [98.6966, 3.603],
    [98.6866, 3.6118],
    [98.6987, 3.6036],
    [98.6886, 3.6072],
    [98.6892, 3.6162],
    [98.6982, 3.5944],
    [98.6902, 3.613],
    [98.7047, 3.5917],
    [98.6936, 3.5948],
    [98.6946, 3.5992],
    [98.7015, 3.6],
    [98.6928, 3.6152],
    [98.6914, 3.6083],
    [98.7037, 3.6007],
    [98.6909, 3.6129],
    [98.694, 3.6145],
    [98.6875, 3.6074],
    [98.6914, 3.6077],
    [98.6944, 3.5951],
    [98.6854, 3.6135],
    [98.6909, 3.6166],
    [98.6858, 3.611],
    [98.7028, 3.595],
    [98.6857, 3.6148],
    [98.6906, 3.6162],
    [98.6905, 3.5938],
    [98.6976, 3.6022],
    [98.6914, 3.5937],
    [98.7022, 3.598],
    [98.697, 3.5982],
    [98.6913, 3.6116],
    [98.6944, 3.5986],
    [98.6877, 3.605],
    [98.7039, 3.5948],
    [98.6929, 3.5986],
    [98.7012, 3.5983],
    [98.6909, 3.6121],
    [98.6911, 3.6089],
    [98.6934, 3.6163],
    [98.6947, 3.5983],
    [98.687, 3.6109],
    [98.6971, 3.5978],
    [98.6886, 3.6117],
    [98.6915, 3.6032],
    [98.7037, 3.5982],
    [98.6932, 3.5992],
    [98.7039, 3.5978],
    [98.6891, 3.6108],
    [98.7008, 3.602],
    [98.7033, 3.6023],
    [98.7046, 3.5889],
    [98.6874, 3.6164],
    [98.6831, 3.6043],
    [98.694, 3.5984],
    [98.6871, 3.6106],
    [98.6862, 3.6132],
    [98.694, 3.5987],
    [98.7014, 3.599],
    [98.694, 3.5987],
    [98.6951, 3.6028],
    [98.6881, 3.6167],
    [98.6906, 3.6123],
    [98.6924, 3.6138],
    [98.6881, 3.6106],
    [98.6998, 3.5984],
    [98.6921, 3.5927],
    [98.6922, 3.5984],
    [98.6987, 3.5963],
    [98.6887, 3.6148],
    [98.6921, 3.6039],
    [98.6881, 3.6131],
    [98.6863, 3.6183],
    [98.6858, 3.61],
    [98.7022, 3.6035],
    [98.7009, 3.6006],
    [98.6933, 3.6],
    [98.6981, 3.5996],
    [98.6959, 3.6021],
    [98.6874, 3.6011],
    [98.6911, 3.6183],
    [98.6927, 3.604],
    [98.6864, 3.6075],
    [98.7003, 3.602],
    [98.6914, 3.6084],
    [98.6872, 3.6185],
    [98.6932, 3.6012],
    [98.694, 3.5999],
    [98.6926, 3.6161],
    [98.6901, 3.6043],
    [98.6913, 3.6174],
    [98.688, 3.6134],
    [98.6877, 3.6043],
    [98.6871, 3.6113],
    [98.699, 3.5982],
    [98.6836, 3.6077],
    [98.6879, 3.6099],
    [98.6868, 3.5924],
    [98.6864, 3.5926],
    [98.6937, 3.5942],
    [98.688, 3.6032],
    [98.6914, 3.6084],
    [98.7018, 3.6009],
    [98.6845, 3.6044],
    [98.6927, 3.5998],
    [98.6864, 3.6186],
    [98.6926, 3.6164],
    [98.6858, 3.6135],
    [98.6956, 3.6026],
    [98.6867, 3.5936],
    [98.7025, 3.5995],
    [98.6919, 3.5924],
    [98.6954, 3.5971],
    [98.6868, 3.6134],
    [98.7047, 3.5888],
    [98.7047, 3.5895],
    [98.6974, 3.6021],
    [98.6983, 3.5981],
    [98.6885, 3.593],
    [98.6966, 3.6036],
    [98.691, 3.6174],
    [98.7013, 3.6009],
    [98.6944, 3.5986],
    [98.6914, 3.6096],
    [98.6955, 3.5989],
    [98.6844, 3.593],
    [98.7005, 3.5959],
    [98.6833, 3.6049],
    [98.6967, 3.5996],
    [98.6892, 3.5931],
    [98.6941, 3.6098],
    [98.6911, 3.6113],
    [98.688, 3.6042],
    [98.6922, 3.6109],
    [98.6941, 3.6025],
    [98.691, 3.6161],
    [98.6982, 3.601],
    [98.6939, 3.6096],
    [98.6852, 3.6165],
    [98.6831, 3.6063],
    [98.6915, 3.604],
    [98.6946, 3.601],
    [98.6884, 3.6011],
    [98.6985, 3.598],
    [98.6883, 3.5931],
    [98.696, 3.6008],
    [98.6953, 3.5979],
    [98.6959, 3.6009],
    [98.688, 3.6108],
    [98.6914, 3.6099],
    [98.6827, 3.6025],
    [98.7032, 3.6029],
    [98.6987, 3.6013],
    [98.7027, 3.6033],
    [98.6947, 3.6014],
    [98.6912, 3.6151],
    [98.6903, 3.6117],
    [98.6885, 3.6131],
    [98.6911, 3.6166],
    [98.6833, 3.6042],
    [98.6872, 3.6141],
    [98.6856, 3.5934],
    [98.7009, 3.601],
    [98.691, 3.6125],
    [98.6867, 3.6103],
    [98.7036, 3.6027],
    [98.7033, 3.6035],
    [98.6826, 3.6043],
    [98.6917, 3.6033],
    [98.7014, 3.6002],
    [98.6873, 3.6132],
    [98.696, 3.5999],
    [98.6882, 3.6128],
    [98.6929, 3.618],
    [98.6875, 3.6004],
    [98.6938, 3.5959],
    [98.694, 3.5987],
    [98.6838, 3.6094],
    [98.6919, 3.5953],
    [98.7046, 3.5979],
    [98.6949, 3.6037],
    [98.6896, 3.6049],
    [98.6902, 3.6188],
    [98.7046, 3.5982],
    [98.6959, 3.6026],
    [98.6925, 3.6149],
    [98.6842, 3.6084],
    [98.6919, 3.6075],
    [98.69, 3.6124],
    [98.6874, 3.6065],
    [98.6835, 3.6068],
    [98.6914, 3.605],
    [98.6914, 3.6095],
    [98.6855, 3.6086],
    [98.6926, 3.6067],
    [98.6853, 3.6037],
    [98.6919, 3.6137],
    [98.7047, 3.5982],
    [98.6933, 3.616],
    [98.6979, 3.5975],
    [98.6936, 3.6041],
    [98.7043, 3.6019],
    [98.6886, 3.6092],
    [98.6921, 3.6005],
    [98.6903, 3.6148],
    [98.6938, 3.5959],
    [98.6853, 3.6081],
    [98.6824, 3.6075],
    [98.6959, 3.5982],
    [98.6899, 3.6043],
    [98.6989, 3.5954],
    [98.6859, 3.6175],
    [98.6936, 3.6065],
    [98.6956, 3.5999],
    [98.7033, 3.6031],
    [98.6851, 3.615],
    [98.7052, 3.5981],
    [98.6911, 3.605],
    [98.6856, 3.5922],
    [98.6874, 3.606],
    [98.6923, 3.6161],
    [98.6875, 3.6068],
    [98.6923, 3.6149],
    [98.7022, 3.5987],
    [98.6986, 3.5966],
    [98.6921, 3.6026],
    [98.6858, 3.6183],
    [98.6849, 3.6042],
    [98.7019, 3.598],
    [98.6938, 3.603],
    [98.7042, 3.5988],
    [98.7022, 3.5923],
    [98.6915, 3.6092],
    [98.7016, 3.5983],
    [98.6997, 3.5984],
    [98.6938, 3.5983],
    [98.6993, 3.596],
    [98.6997, 3.5982],
    [98.7046, 3.6022],
    [98.6905, 3.6165],
    [98.7013, 3.598],
    [98.6865, 3.6141],
    [98.7025, 3.6002],
    [98.6912, 3.6138],
    [98.6992, 3.5963],
    [98.687, 3.5939],
    [98.7043, 3.5982],
    [98.6882, 3.6074],
    [98.6938, 3.5984],
    [98.6937, 3.5986],
    [98.6914, 3.6089],
    [98.6934, 3.5998],
    [98.6912, 3.6046],
    [98.7008, 3.6036],
    [98.6969, 3.5985],
    [98.7001, 3.6014],
    [98.6912, 3.611],
    [98.6912, 3.6166],
    [98.6852, 3.6072],
    [98.7034, 3.6004],
    [98.6875, 3.6164],
    [98.7037, 3.5971],
    [98.6867, 3.6041],
    [98.7002, 3.5996],
    [98.7001, 3.5931],
    [98.6827, 3.6071],
    [98.6841, 3.5927],
    [98.6965, 3.6009],
    [98.6895, 3.6132],
    [98.6955, 3.5982],
    [98.6857, 3.6133],
    [98.6858, 3.6047],
    [98.7049, 3.5931],
    [98.6936, 3.5947],
    [98.6984, 3.6019],
    [98.6911, 3.5939],
    [98.7025, 3.5983],
    [98.6913, 3.6185],
    [98.699, 3.6037],
    [98.6964, 3.5998],
    [98.6963, 3.5965],
    [98.692, 3.6071],
    [98.704, 3.5948],
    [98.7022, 3.598],
    [98.6999, 3.6019],
    [98.6878, 3.6099],
    [98.6912, 3.6091],
    [98.7044, 3.5889],
    [98.7032, 3.5979],
    [98.6915, 3.6034],
    [98.6828, 3.6077],
    [98.6957, 3.6037],
    [98.7011, 3.5988],
    [98.7012, 3.5994],
    [98.7013, 3.5984],
    [98.6878, 3.6105],
    [98.7013, 3.5984],
    [98.6913, 3.6036],
    [98.6825, 3.6049],
    [98.6901, 3.5954],
    [98.6911, 3.606],
    [98.7009, 3.6036],
    [98.6961, 3.6038],
    [98.7008, 3.6035],
    [98.6996, 3.602],
    [98.7033, 3.6032],
    [98.6916, 3.6161],
    [98.702, 3.6008],
    [98.6898, 3.6184],
    [98.6882, 3.6159],
    [98.6996, 3.5984],
    [98.6902, 3.6148],
    [98.6998, 3.5981],
    [98.688, 3.5941],
    [98.7025, 3.5952],
    [98.7008, 3.597],
    [98.7013, 3.6009],
    [98.7012, 3.6036],
    [98.7034, 3.6],
    [98.6961, 3.6016],
    [98.6921, 3.6071],
    [98.6957, 3.5973],
    [98.688, 3.5947],
    [98.6867, 3.5946],
    [98.685, 3.6158],
    [98.6883, 3.6163],
    [98.7027, 3.598],
    [98.6888, 3.6096],
    [98.6956, 3.603],
    [98.6872, 3.6165],
    [98.687, 3.6097],
    [98.7036, 3.5951],
    [98.6857, 3.6156],
    [98.6913, 3.6052],
    [98.6918, 3.6164],
    [98.7015, 3.6006],
    [98.7027, 3.5982],
    [98.6957, 3.5948],
    [98.6856, 3.6167],
    [98.6882, 3.5952],
    [98.703, 3.5968],
    [98.6973, 3.5986],
    [98.7047, 3.6014],
    [98.7037, 3.6032],
    [98.6823, 3.6065],
    [98.6913, 3.6083],
    [98.6948, 3.5983],
    [98.6912, 3.6092],
    [98.7012, 3.5991],
    [98.6842, 3.5938],
    [98.6954, 3.5937],
    [98.6912, 3.6174],
    [98.6868, 3.5924],
    [98.6854, 3.6135],
    [98.6906, 3.6083],
    [98.684, 3.5928],
    [98.6957, 3.5986],
    [98.6846, 3.5925],
    [98.7009, 3.5947],
    [98.6928, 3.6073],
    [98.6907, 3.6097],
    [98.6988, 3.5997],
    [98.6958, 3.6004],
    [98.6876, 3.5932],
    [98.7003, 3.5986],
    [98.7031, 3.5979],
    [98.7031, 3.5982],
    [98.686, 3.6074],
    [98.6883, 3.6068],
    [98.6885, 3.6131],
    [98.7016, 3.5987],
    [98.6934, 3.6079],
    [98.6833, 3.6115],
    [98.6867, 3.6074],
    [98.6859, 3.6074],
    [98.6884, 3.5941],
    [98.6828, 3.6025],
    [98.6914, 3.61],
    [98.6876, 3.615],
    [98.7002, 3.5953],
    [98.6936, 3.5936],
    [98.6861, 3.6141],
    [98.6994, 3.5965],
    [98.6882, 3.5951],
    [98.6939, 3.5948],
    [98.6869, 3.6192],
    [98.7035, 3.5972],
    [98.6871, 3.6164],
    [98.6874, 3.6167],
    [98.7023, 3.5926],
    [98.7047, 3.5986],
    [98.7029, 3.6007],
    [98.6993, 3.6009],
    [98.6995, 3.6008],
    [98.6936, 3.6124],
    [98.7038, 3.5973],
    [98.6912, 3.6086],
    [98.693, 3.5946],
    [98.6898, 3.6148],
    [98.6933, 3.6138],
    [98.6904, 3.6143],
    [98.6999, 3.5928],
    [98.7009, 3.5976],
    [98.6861, 3.6066],
    [98.7021, 3.5937],
    [98.7032, 3.5987],
    [98.6899, 3.6062],
    [98.6946, 3.6013],
    [98.6887, 3.6042],
    [98.6883, 3.608],
    [98.7029, 3.5982],
    [98.6959, 3.6013],
    [98.7028, 3.6035],
    [98.6927, 3.6183],
    [98.6903, 3.6165],
    [98.6967, 3.6005],
    [98.6896, 3.6097],
    [98.6912, 3.6169],
    [98.7003, 3.5984],
    [98.6871, 3.5938],
    [98.6932, 3.5985],
    [98.7021, 3.6033],
    [98.6875, 3.6164],
    [98.7038, 3.5921],
    [98.6913, 3.6144],
    [98.6831, 3.6015],
    [98.6912, 3.6074],
    [98.7002, 3.6009],
    [98.6849, 3.6109],
    [98.7006, 3.5965],
    [98.694, 3.5937],
    [98.6884, 3.6108],
    [98.6824, 3.607],
    [98.6912, 3.6052],
    [98.6862, 3.5928],
    [98.7048, 3.6018],
    [98.6941, 3.6096],
    [98.6991, 3.6036],
    [98.7027, 3.6035],
    [98.6971, 3.5957],
    [98.6909, 3.6098],
    [98.7002, 3.6036],
    [98.6828, 3.6022],
    [98.6998, 3.6019],
    [98.695, 3.6037],
    [98.6909, 3.6154],
    [98.6914, 3.6028],
    [98.7012, 3.599],
    [98.6911, 3.6066],
    [98.6912, 3.6051],
    [98.6883, 3.6074],
    [98.6866, 3.5947],
    [98.6937, 3.6039],
    [98.6887, 3.5941],
    [98.6899, 3.5948],
    [98.6844, 3.6043],
    [98.6941, 3.6038],
    [98.691, 3.6144],
    [98.69, 3.5954],
    [98.6918, 3.5933],
    [98.7049, 3.6033],
    [98.6934, 3.5937],
    [98.6901, 3.5932],
    [98.6914, 3.6018],
    [98.6831, 3.6015],
    [98.698, 3.5949],
    [98.6912, 3.6128],
    [98.6943, 3.5951],
    [98.6922, 3.6057],
    [98.6993, 3.6036],
    [98.7026, 3.6035],
    [98.7043, 3.6016],
    [98.7042, 3.597],
    [98.6991, 3.5982],
    [98.696, 3.6013],
    [98.6857, 3.5942],
    [98.6908, 3.6165],
    [98.6997, 3.6036],
    [98.6916, 3.6025],
    [98.6883, 3.6035],
    [98.6992, 3.6007],
    [98.6992, 3.6015],
    [98.6998, 3.601],
    [98.7035, 3.6035],
    [98.6932, 3.6096],
    [98.7039, 3.598],
    [98.6946, 3.5986],
    [98.7042, 3.5888],
    [98.6866, 3.6042],
    [98.7053, 3.6034],
    [98.6914, 3.6089],
    [98.6903, 3.6131],
    [98.6914, 3.6047],
    [98.6915, 3.6094],
    [98.6943, 3.6074],
    [98.6993, 3.602],
    [98.7015, 3.6009],
    [98.6994, 3.6007],
    [98.6919, 3.5918],
    [98.6969, 3.6001],
    [98.6899, 3.6027],
    [98.6937, 3.6034],
    [98.7005, 3.6036],
    [98.687, 3.5944],
    [98.6858, 3.6028],
    [98.6877, 3.6041],
    [98.683, 3.6032],
    [98.6879, 3.6133],
    [98.6943, 3.5994],
    [98.6865, 3.6043],
    [98.683, 3.6019],
    [98.6971, 3.6038],
    [98.687, 3.6058],
    [98.6954, 3.5996],
    [98.6976, 3.601],
    [98.6898, 3.5938],
    [98.705, 3.6032],
    [98.6904, 3.5936],
    [98.7046, 3.5889],
    [98.6843, 3.6029],
    [98.6874, 3.6164],
    [98.6835, 3.5932],
    [98.6918, 3.6026],
    [98.6908, 3.6164],
    [98.6937, 3.5945],
    [98.696, 3.5995],
    [98.6908, 3.6016],
    [98.6897, 3.6131],
    [98.6867, 3.6037],
    [98.6909, 3.6119],
    [98.6903, 3.6096],
    [98.6857, 3.5942],
    [98.6831, 3.6077],
    [98.6856, 3.6167],
    [98.7029, 3.5988],
    [98.6914, 3.6093],
    [98.6881, 3.6146],
    [98.6847, 3.6097],
    [98.7014, 3.6009],
    [98.692, 3.6168],
    [98.6893, 3.6165],
    [98.6897, 3.6165],
    [98.705, 3.6018],
    [98.6931, 3.6032],
    [98.7013, 3.6027],
    [98.7017, 3.6034],
    [98.6912, 3.6061],
    [98.7021, 3.5996],
    [98.6849, 3.6042],
    [98.6916, 3.6021],
    [98.6899, 3.6165],
    [98.6952, 3.5982],
    [98.7018, 3.6009],
    [98.7016, 3.598],
    [98.693, 3.5986],
    [98.7001, 3.6019],
    [98.691, 3.6124],
    [98.6829, 3.6021],
    [98.6915, 3.6161],
    [98.7019, 3.6035],
    [98.6921, 3.6097],
    [98.7019, 3.6035],
    [98.6914, 3.6086],
    [98.6957, 3.6036],
    [98.7053, 3.6016],
    [98.69, 3.6107],
    [98.6881, 3.5953],
    [98.6837, 3.6072],
    [98.7033, 3.5905],
    [98.6871, 3.6118],
    [98.6965, 3.5977],
    [98.6844, 3.5927],
    [98.6911, 3.6151],
    [98.6904, 3.6162],
    [98.6912, 3.6174],
    [98.6959, 3.6009],
    [98.6926, 3.616],
    [98.691, 3.6138],
    [98.6929, 3.6057],
    [98.686, 3.6058],
    [98.6997, 3.602],
    [98.6894, 3.5944],
    [98.6988, 3.6034],
    [98.6929, 3.6145],
    [98.688, 3.6145],
    [98.6895, 3.6027],
    [98.6906, 3.614],
    [98.6857, 3.6148],
    [98.6946, 3.5988],
    [98.6964, 3.6009],
    [98.7046, 3.6018],
    [98.694, 3.5986],
    [98.7013, 3.5929],
    [98.6885, 3.6029],
    [98.6941, 3.5956],
    [98.6915, 3.6073],
    [98.6958, 3.5992],
    [98.691, 3.6027],
    [98.6918, 3.6041],
    [98.6871, 3.6078],
    [98.6936, 3.607],
    [98.685, 3.6098],
    [98.6921, 3.6095],
    [98.6858, 3.6119],
    [98.691, 3.6041],
    [98.6993, 3.601],
    [98.6921, 3.6143],
    [98.6912, 3.5953],
    [98.6827, 3.6062],
    [98.7036, 3.5963],
    [98.6981, 3.6017],
    [98.6901, 3.6059],
    [98.6956, 3.6014],
    [98.6922, 3.5982],
    [98.7049, 3.5925],
    [98.691, 3.603],
    [98.6929, 3.6145],
    [98.6934, 3.6072],
    [98.6865, 3.615],
    [98.7052, 3.6016],
    [98.6939, 3.6019],
    [98.6876, 3.595],
    [98.694, 3.6069],
    [98.6869, 3.5936],
    [98.7045, 3.6014],
    [98.6955, 3.5978],
    [98.6894, 3.5917],
    [98.6976, 3.5973],
    [98.6829, 3.6062],
    [98.7037, 3.5937],
    [98.6958, 3.6014],
    [98.6857, 3.6149],
    [98.6857, 3.6148],
    [98.6884, 3.6013],
    [98.6935, 3.5981],
    [98.6896, 3.6084],
    [98.6979, 3.5943],
    [98.7021, 3.598],
    [98.6856, 3.6069],
    [98.684, 3.6051],
    [98.685, 3.6149],
    [98.6955, 3.5978],
    [98.7003, 3.598],
    [98.6992, 3.598],
    [98.6989, 3.6029],
    [98.6988, 3.6027],
    [98.6869, 3.6164],
    [98.696, 3.6031],
    [98.6883, 3.6068],
    [98.699, 3.6037],
    [98.6929, 3.5943],
    [98.6875, 3.6013],
    [98.6991, 3.6011],
    [98.6914, 3.6055],
    [98.6928, 3.5934],
    [98.6959, 3.5973],
    [98.6882, 3.6014],
    [98.6896, 3.6115],
    [98.6865, 3.6134],
    [98.6935, 3.5981],
    [98.6857, 3.6148],
    [98.6929, 3.6073],
    [98.6915, 3.6097],
    [98.6955, 3.5988],
    [98.6874, 3.6166],
    [98.6947, 3.5986],
    [98.7, 3.5981],
    [98.7032, 3.5979],
    [98.7005, 3.5971],
    [98.6914, 3.6103],
    [98.7005, 3.5938],
    [98.6893, 3.6163],
    [98.688, 3.5942],
    [98.6902, 3.6191],
    [98.7041, 3.5896],
    [98.6882, 3.6124],
    [98.6839, 3.6075],
    [98.6885, 3.5948],
    [98.6882, 3.5931],
    [98.6902, 3.6075],
    [98.6892, 3.5926],
    [98.6927, 3.6168],
    [98.6977, 3.5975],
    [98.6868, 3.6007],
    [98.6928, 3.5933],
    [98.6924, 3.5986],
    [98.6987, 3.5979],
    [98.6914, 3.606],
    [98.6882, 3.6166],
    [98.6922, 3.604],
    [98.7019, 3.598],
    [98.6866, 3.6186],
    [98.6841, 3.6095],
    [98.6844, 3.609],
    [98.7003, 3.6002],
    [98.6879, 3.6151],
    [98.6902, 3.5933],
    [98.691, 3.5914],
    [98.6887, 3.6133],
    [98.7025, 3.5983],
    [98.6856, 3.6126],
    [98.6984, 3.5944],
    [98.6913, 3.6106],
    [98.6907, 3.6141],
    [98.6915, 3.6028],
    [98.6992, 3.595],
    [98.6839, 3.6084],
    [98.7031, 3.5913],
    [98.6948, 3.5959],
    [98.6942, 3.5991],
    [98.6934, 3.5982],
    [98.6913, 3.6066],
    [98.6868, 3.6164],
    [98.6929, 3.6176],
    [98.687, 3.6136],
    [98.6962, 3.5985],
    [98.7015, 3.6027],
    [98.7045, 3.5933],
    [98.6912, 3.6163],
    [98.6996, 3.5954],
    [98.6927, 3.6012],
    [98.6934, 3.5986],
    [98.6914, 3.619],
    [98.684, 3.6003],
    [98.7007, 3.5965],
    [98.7037, 3.5969],
    [98.702, 3.6035],
    [98.6929, 3.6169],
    [98.7002, 3.5929],
    [98.7015, 3.6003],
    [98.7031, 3.5913],
    [98.7038, 3.5916],
    [98.7027, 3.5918],
    [98.6972, 3.6029],
    [98.6923, 3.6012],
    [98.6911, 3.6086],
    [98.7014, 3.6027],
    [98.6886, 3.6164],
    [98.6986, 3.5984],
    [98.6872, 3.6164],
    [98.6946, 3.601],
    [98.6912, 3.6061],
    [98.6981, 3.6021],
    [98.6911, 3.6075],
    [98.7029, 3.5982],
    [98.6876, 3.6012],
    [98.6922, 3.6013],
    [98.6869, 3.6013],
    [98.691, 3.6056],
    [98.7009, 3.5983],
    [98.6912, 3.6109],
    [98.6913, 3.6056],
    [98.6985, 3.6037],
    [98.6999, 3.6037],
    [98.6933, 3.6066],
    [98.6898, 3.6117],
    [98.6914, 3.6084],
    [98.6902, 3.6096],
    [98.7007, 3.5957],
    [98.6958, 3.598],
    [98.687, 3.6106],
    [98.6909, 3.6116],
    [98.687, 3.6104],
    [98.6912, 3.6171],
    [98.6868, 3.6103],
    [98.6909, 3.616],
    [98.6958, 3.6037],
    [98.6891, 3.6163],
    [98.6913, 3.6037],
    [98.688, 3.6163],
    [98.6999, 3.6037],
    [98.6851, 3.6167],
    [98.6824, 3.6072],
    [98.6907, 3.6071],
    [98.688, 3.6096],
    [98.6882, 3.6123],
    [98.6883, 3.6126],
    [98.702, 3.6031],
    [98.6876, 3.615],
    [98.6918, 3.6025],
    [98.7013, 3.5984],
    [98.6857, 3.6024],
    [98.6919, 3.6038],
    [98.6919, 3.592],
    [98.6931, 3.6152],
    [98.6882, 3.608],
    [98.6847, 3.6065],
    [98.6824, 3.6059],
    [98.7037, 3.5918],
    [98.6914, 3.6082],
    [98.6912, 3.6135],
    [98.6915, 3.604],
    [98.6954, 3.5982],
    [98.6909, 3.6162],
    [98.693, 3.6148],
    [98.6909, 3.6162],
    [98.6905, 3.6041],
    [98.687, 3.6014],
    [98.6912, 3.6108],
    [98.6839, 3.5932],
    [98.689, 3.6184],
    [98.6988, 3.6033],
    [98.693, 3.6028],
    [98.6927, 3.604],
    [98.6869, 3.6151],
    [98.6872, 3.6149],
    [98.6851, 3.6069],
    [98.7025, 3.5975],
    [98.692, 3.6161],
    [98.7047, 3.5891],
    [98.6884, 3.5938],
    [98.6875, 3.6049],
    [98.7005, 3.5951],
    [98.6911, 3.6159],
    [98.7027, 3.5997],
    [98.691, 3.6154],
    [98.6933, 3.6163],
    [98.6905, 3.6123],
    [98.6939, 3.6164],
    [98.6872, 3.611],
    [98.6833, 3.6071],
    [98.6992, 3.6004],
    [98.6893, 3.6132],
    [98.694, 3.6038],
    [98.6981, 3.6015],
    [98.6898, 3.6191],
    [98.6927, 3.604],
    [98.6904, 3.6116],
    [98.6907, 3.613],
    [98.6917, 3.6148],
    [98.6919, 3.6073],
    [98.6855, 3.6146],
    [98.6961, 3.6022],
    [98.6845, 3.6036],
    [98.6913, 3.6185],
    [98.7001, 3.6009],
    [98.6932, 3.6008],
    [98.6868, 3.6002],
    [98.6886, 3.6161],
    [98.6902, 3.6096],
    [98.693, 3.6164],
    [98.6969, 3.6009],
    [98.6946, 3.5986],
    [98.6938, 3.5959],
    [98.6959, 3.6],
    [98.6876, 3.5939],
    [98.6882, 3.6024],
    [98.6867, 3.5938],
    [98.6955, 3.6037],
    [98.6924, 3.6038],
    [98.6954, 3.6037],
    [98.6912, 3.6059],
    [98.6828, 3.6022],
    [98.6949, 3.6037],
    [98.6936, 3.6038],
    [98.7038, 3.6017],
    [98.7045, 3.6009],
    [98.6914, 3.6099],
    [98.6924, 3.6041],
    [98.6945, 3.6038],
    [98.6917, 3.6039],
    [98.6922, 3.5933],
    [98.7047, 3.6018],
    [98.6862, 3.614],
    [98.6857, 3.5991],
    [98.6927, 3.5987],
    [98.6913, 3.6142],
    [98.6913, 3.6055],
    [98.6945, 3.5983],
    [98.6977, 3.6009],
    [98.6838, 3.6105],
    [98.685, 3.6164],
    [98.6989, 3.6019],
    [98.6988, 3.5995],
    [98.6912, 3.6067],
    [98.6909, 3.616],
    [98.6825, 3.6048],
    [98.6912, 3.6046],
    [98.6959, 3.6],
    [98.6957, 3.603],
    [98.6898, 3.6147],
    [98.6917, 3.6163],
    [98.6966, 3.5983],
    [98.6839, 3.6075],
    [98.6934, 3.6012],
    [98.6912, 3.6055],
    [98.6886, 3.6124],
    [98.6825, 3.6051],
    [98.687, 3.6043],
    [98.6883, 3.6097],
    [98.6853, 3.6044],
    [98.6869, 3.6042],
    [98.6915, 3.6088],
    [98.6997, 3.5952],
    [98.7015, 3.5989],
    [98.6926, 3.6163],
    [98.6896, 3.5947],
    [98.7015, 3.5984],
    [98.6907, 3.6164],
    [98.6911, 3.6186],
    [98.6998, 3.5984],
    [98.6898, 3.6163],
    [98.6896, 3.6075],
    [98.6912, 3.6127],
    [98.7002, 3.5946],
    [98.6879, 3.606],
    [98.6907, 3.6164],
    [98.6912, 3.6055],
    [98.6832, 3.6077],
    [98.6862, 3.5928],
    [98.6928, 3.6181],
    [98.6913, 3.6188],
    [98.6859, 3.6167],
    [98.6899, 3.6161],
    [98.7052, 3.6034],
    [98.6981, 3.601],
    [98.688, 3.6039],
    [98.6912, 3.6058],
    [98.6913, 3.6054],
    [98.7041, 3.6034],
    [98.6909, 3.616],
    [98.6916, 3.6024],
    [98.6913, 3.6061],
    [98.6831, 3.6015],
    [98.6939, 3.6097],
    [98.6927, 3.6096],
    [98.7037, 3.5961],
    [98.6914, 3.6052],
    [98.687, 3.6135],
    [98.6913, 3.6044],
    [98.6916, 3.6039],
    [98.683, 3.6018],
    [98.6981, 3.5985],
    [98.6991, 3.6036],
    [98.6862, 3.6166],
    [98.6912, 3.6114],
    [98.6891, 3.6056],
    [98.6914, 3.6036],
    [98.7036, 3.5956],
    [98.7004, 3.5955],
    [98.6883, 3.6027],
    [98.6931, 3.6167],
    [98.7052, 3.603],
    [98.6854, 3.6165],
    [98.6942, 3.6071],
    [98.6911, 3.6066],
    [98.7, 3.602],
    [98.6912, 3.6126],
    [98.6901, 3.6162],
    [98.6935, 3.6039],
    [98.7024, 3.6034],
    [98.6949, 3.6038],
    [98.6945, 3.6038],
    [98.6993, 3.6037],
    [98.7022, 3.6035],
    [98.6912, 3.6119],
    [98.7052, 3.6007],
    [98.6914, 3.6018],
    [98.6974, 3.5947],
    [98.6993, 3.6009],
    [98.6882, 3.6166],
    [98.6937, 3.6027],
    [98.6912, 3.617],
    [98.7038, 3.6019],
    [98.6911, 3.6051],
    [98.6851, 3.6165],
    [98.7012, 3.6009],
    [98.6927, 3.601],
    [98.69, 3.6082],
    [98.7008, 3.6035],
    [98.6912, 3.6078],
    [98.6883, 3.6133],
    [98.6909, 3.616],
    [98.6932, 3.6163],
    [98.6981, 3.601],
    [98.6897, 3.6147],
    [98.6983, 3.6002],
    [98.6899, 3.6059],
    [98.6913, 3.6062],
    [98.704, 3.5993],
    [98.7046, 3.6017],
    [98.6933, 3.5999],
    [98.699, 3.6037],
    [98.6826, 3.6032],
    [98.6846, 3.6043],
    [98.6976, 3.5997],
    [98.6924, 3.6041],
    [98.6936, 3.6096],
    [98.7051, 3.6018],
    [98.6888, 3.6034],
    [98.6916, 3.6098],
    [98.6989, 3.5982],
    [98.6899, 3.6073],
    [98.6999, 3.601],
    [98.6905, 3.6132],
    [98.6913, 3.606],
    [98.6884, 3.606],
    [98.7015, 3.5989],
    [98.6893, 3.6131],
    [98.6861, 3.6043],
    [98.6832, 3.6012],
    [98.6898, 3.6162],
    [98.7053, 3.6006],
    [98.6887, 3.6042],
    [98.6913, 3.611],
    [98.691, 3.6154],
    [98.6927, 3.5958],
    [98.7022, 3.6009],
    [98.6967, 3.5964],
    [98.6986, 3.5948],
    [98.7028, 3.6019],
    [98.6959, 3.602],
    [98.6934, 3.6131],
    [98.7032, 3.6008],
    [98.6881, 3.6041],
    [98.688, 3.6041],
    [98.6973, 3.5998],
    [98.7004, 3.6009],
    [98.6959, 3.5999],
    [98.6898, 3.6132],
    [98.6866, 3.6167],
    [98.7005, 3.5961],
    [98.6887, 3.5937],
    [98.7005, 3.5961],
    [98.7053, 3.5983],
    [98.6986, 3.5984],
    [98.694, 3.5959],
    [98.7036, 3.5971],
    [98.7045, 3.6005],
    [98.7051, 3.5957],
    [98.7004, 3.601],
    [98.6883, 3.6184],
    [98.6957, 3.6031],
    [98.6858, 3.6045],
    [98.6915, 3.5952],
    [98.7053, 3.6018],
    [98.7038, 3.5972],
    [98.6914, 3.6037],
    [98.6907, 3.6057],
    [98.6827, 3.6077],
    [98.6914, 3.6094],
    [98.6933, 3.616],
    [98.6915, 3.6073],
    [98.7028, 3.6006],
    [98.7036, 3.5975],
    [98.7035, 3.5962],
    [98.7041, 3.6019],
    [98.6838, 3.6094],
    [98.7049, 3.5934],
    [98.6914, 3.609],
    [98.6861, 3.6061],
    [98.6899, 3.5947],
    [98.7014, 3.5988],
    [98.6976, 3.5959],
    [98.6975, 3.6022],
    [98.6826, 3.6025],
    [98.6831, 3.6016],
    [98.7054, 3.6034],
    [98.6853, 3.6043],
    [98.6872, 3.6189],
    [98.7047, 3.6019],
    [98.6938, 3.5986],
    [98.704, 3.6034],
    [98.6913, 3.6094],
    [98.7016, 3.6035],
    [98.6912, 3.6162],
    [98.6895, 3.6163],
    [98.6959, 3.5982],
    [98.6861, 3.5932],
    [98.6989, 3.6006],
    [98.6966, 3.6033],
    [98.7024, 3.6017],
    [98.6899, 3.6093],
    [98.6917, 3.5941],
    [98.6841, 3.6046],
    [98.6829, 3.6056],
    [98.6931, 3.595],
    [98.688, 3.6148],
    [98.6866, 3.611],
    [98.6868, 3.6166],
    [98.6927, 3.6056],
    [98.7033, 3.6008],
    [98.6944, 3.6039],
    [98.6929, 3.6125],
    [98.6877, 3.6005],
    [98.6896, 3.6097],
    [98.6876, 3.6115],
    [98.6957, 3.6033],
    [98.6981, 3.6022],
    [98.6846, 3.5925],
    [98.688, 3.6011],
    [98.6914, 3.6081],
    [98.6935, 3.6131],
    [98.6911, 3.6089],
    [98.7036, 3.5954],
    [98.6857, 3.6149],
    [98.6859, 3.6173],
    [98.6888, 3.6192],
    [98.6938, 3.5937],
    [98.6892, 3.6097],
    [98.6912, 3.6056],
    [98.6913, 3.6041],
    [98.6875, 3.6079],
    [98.6944, 3.6057],
    [98.6942, 3.6038],
    [98.6916, 3.6019],
    [98.6883, 3.6074],
    [98.7055, 3.6017],
    [98.7034, 3.5982],
    [98.7015, 3.598],
    [98.6982, 3.5984],
    [98.6828, 3.6023],
    [98.6866, 3.615],
    [98.6828, 3.6077],
    [98.696, 3.5985],
    [98.6903, 3.6041],
    [98.6913, 3.6038],
    [98.6915, 3.6092],
    [98.691, 3.6098],
    [98.6914, 3.6104],
    [98.6911, 3.6116],
    [98.6897, 3.6073],
    [98.6914, 3.6043],
    [98.689, 3.6071],
    [98.6911, 3.6116],
    [98.6912, 3.6067],
    [98.6868, 3.6094],
    [98.6915, 3.6093],
    [98.6912, 3.6054],
    [98.6887, 3.6107],
    [98.6925, 3.6097],
    [98.6912, 3.6095],
    [98.6935, 3.6038],
    [98.7006, 3.5979],
    [98.6882, 3.6039],
    [98.6934, 3.6086],
    [98.6914, 3.6044],
    [98.6913, 3.6049],
    [98.6913, 3.6078],
    [98.6913, 3.6098],
    [98.6919, 3.6052],
    [98.687, 3.6068],
    [98.6939, 3.6096],
    [98.6938, 3.6039],
    [98.6902, 3.6082],
    [98.6884, 3.6036],
    [98.6887, 3.6042],
    [98.7032, 3.5983],
    [98.6882, 3.6098],
    [98.6866, 3.6051],
    [98.7015, 3.5952],
    [98.6866, 3.6069],
    [98.694, 3.5987],
    [98.6831, 3.606],
    [98.6885, 3.6151],
    [98.6847, 3.6098],
    [98.6933, 3.616],
    [98.6971, 3.5978],
    [98.6928, 3.5933],
    [98.6854, 3.6167],
    [98.6968, 3.6037],
    [98.6916, 3.6039],
    [98.6884, 3.602],
    [98.6892, 3.6184],
    [98.6906, 3.6041],
    [98.6847, 3.6065],
    [98.6899, 3.615],
    [98.6957, 3.6023],
    [98.7044, 3.591],
    [98.6925, 3.6145],
    [98.6857, 3.6149],
    [98.7026, 3.6008],
    [98.7005, 3.5944],
    [98.6826, 3.6076],
    [98.6897, 3.5955],
    [98.6862, 3.5928],
    [98.7003, 3.5935],
    [98.6947, 3.5952],
    [98.6869, 3.6076],
    [98.6919, 3.6181],
    [98.7038, 3.5976],
    [98.6984, 3.5983],
    [98.7028, 3.5969],
    [98.6851, 3.6101],
    [98.6845, 3.5925],
    [98.7037, 3.598],
    [98.6914, 3.6052],
    [98.6948, 3.6005],
    [98.6841, 3.5924],
    [98.6989, 3.6018],
    [98.6906, 3.6108],
    [98.6931, 3.602],
    [98.6867, 3.5945],
    [98.6876, 3.6115],
    [98.6932, 3.6084],
    [98.705, 3.5949],
    [98.6919, 3.6043],
    [98.6966, 3.5961],
    [98.6957, 3.5978],
    [98.6907, 3.6183],
    [98.6887, 3.6133],
    [98.6855, 3.6035],
    [98.6914, 3.6103],
    [98.6855, 3.6035],
    [98.6916, 3.6164],
    [98.6954, 3.5986],
    [98.7023, 3.598],
    [98.6906, 3.613],
    [98.6825, 3.6073],
    [98.6929, 3.6164],
    [98.6918, 3.593],
    [98.6916, 3.6021],
    [98.6912, 3.6126],
    [98.6898, 3.6184],
    [98.7013, 3.6009],
    [98.6916, 3.6163],
    [98.6968, 3.5997],
    [98.6931, 3.6019],
    [98.7005, 3.598],
    [98.705, 3.5982],
    [98.6856, 3.6061],
    [98.6851, 3.6127],
    [98.6871, 3.6165],
    [98.6855, 3.6035],
    [98.6924, 3.6164],
    [98.6849, 3.593],
    [98.7034, 3.5982],
    [98.7041, 3.5911],
    [98.6986, 3.5976],
    [98.6992, 3.595],
    [98.6855, 3.6035],
    [98.6855, 3.6035],
    [98.685, 3.6158],
    [98.6933, 3.5931],
    [98.6884, 3.6019],
    [98.6866, 3.6037],
    [98.691, 3.5915],
    [98.6898, 3.5955],
    [98.6836, 3.6089],
    [98.691, 3.6129],
    [98.6895, 3.6164],
    [98.7033, 3.5979],
    [98.6958, 3.6018],
    [98.6864, 3.6163],
    [98.6899, 3.6132],
    [98.7037, 3.5981],
    [98.6926, 3.6163],
    [98.6881, 3.6167],
    [98.6895, 3.6164],
    [98.6867, 3.6021],
    [98.6934, 3.5986],
    [98.6965, 3.598],
    [98.6947, 3.5931],
    [98.7036, 3.5956],
    [98.7037, 3.5907],
    [98.6898, 3.591],
    [98.6973, 3.5946],
    [98.6891, 3.5927],
    [98.6994, 3.5933],
    [98.6855, 3.6035],
    [98.6924, 3.6047],
    [98.7013, 3.598],
    [98.6969, 3.5981],
    [98.691, 3.6072],
    [98.6825, 3.6074],
    [98.6909, 3.6164],
    [98.6825, 3.6074],
    [98.6833, 3.6115],
    [98.6833, 3.6115],
    [98.6994, 3.5984],
    [98.704, 3.5918],
    [98.7016, 3.5983],
    [98.6848, 3.6043],
    [98.6915, 3.6032],
    [98.6935, 3.6071],
    [98.6951, 3.5997],
    [98.6974, 3.596],
    [98.7046, 3.6005],
    [98.6932, 3.6181],
    [98.6903, 3.6129],
    [98.6915, 3.6032],
    [98.6855, 3.6035],
    [98.691, 3.5947],
    [98.6945, 3.5929],
    [98.6885, 3.5946],
    [98.6865, 3.5925],
    [98.7033, 3.5979],
    [98.6855, 3.6035],
    [98.6895, 3.6164],
    [98.6883, 3.6164],
    [98.6923, 3.6075],
    [98.7021, 3.5979],
    [98.7026, 3.6008],
    [98.6917, 3.6163],
    [98.7, 3.5966],
    [98.6891, 3.5927],
    [98.6841, 3.6119],
    [98.685, 3.6158],
    [98.6916, 3.6015],
    [98.6918, 3.6064],
    [98.6951, 3.5986],
    [98.6897, 3.5913],
    [98.7004, 3.5984],
    [98.704, 3.5913],
    [98.7034, 3.5945],
    [98.7034, 3.5961],
    [98.7035, 3.5942],
    [98.7042, 3.5888],
    [98.685, 3.6109],
    [98.6905, 3.6074],
    [98.694, 3.6069],
    [98.6957, 3.603],
    [98.6853, 3.6061],
    [98.7044, 3.5936],
    [98.7009, 3.5937],
    [98.7023, 3.5936],
    [98.7006, 3.5973],
    [98.6912, 3.6121],
    [98.7023, 3.5963],
    [98.6912, 3.6093],
    [98.6995, 3.595],
    [98.6995, 3.595],
    [98.7007, 3.5924],
    [98.6956, 3.5999],
    [98.6911, 3.6086],
    [98.6886, 3.6163],
    [98.6963, 3.5984],
    [98.7034, 3.5937],
    [98.7008, 3.5944],
    [98.7032, 3.598],
    [98.7024, 3.5912],
    [98.6988, 3.5977],
    [98.7004, 3.5953],
    [98.703, 3.5983],
    [98.6886, 3.6035],
    [98.6955, 3.5988],
    [98.6856, 3.6074],
    [98.6836, 3.5931],
    [98.6854, 3.6043],
    [98.6911, 3.6081],
    [98.6965, 3.598],
    [98.7046, 3.5887],
    [98.6994, 3.5984],
    [98.7037, 3.5981],
    [98.7001, 3.5972],
    [98.6915, 3.6043],
    [98.6895, 3.6149],
    [98.6937, 3.6074],
    [98.6857, 3.5991],
    [98.699, 3.5984],
    [98.6887, 3.5941],
    [98.6915, 3.6021],
    [98.699, 3.5977],
    [98.6903, 3.5936],
    [98.6984, 3.5982],
    [98.692, 3.6148],
    [98.6976, 3.6004],
    [98.693, 3.601],
    [98.7008, 3.6035],
    [98.6971, 3.5986],
    [98.6992, 3.598],
    [98.6996, 3.5968],
    [98.698, 3.5982],
    [98.6876, 3.6148],
    [98.6909, 3.5919],
    [98.6858, 3.6186],
    [98.6914, 3.6078],
    [98.6965, 3.5997],
    [98.6966, 3.6033],
    [98.6854, 3.6083],
    [98.6916, 3.6015],
    [98.6985, 3.6037],
    [98.6997, 3.5952],
    [98.6935, 3.5981],
    [98.6925, 3.5987],
    [98.7003, 3.6029],
    [98.7012, 3.5988],
    [98.6997, 3.5984],
    [98.6894, 3.6075],
    [98.6899, 3.5943],
    [98.6993, 3.5959],
    [98.6971, 3.5978],
    [98.7052, 3.5982],
    [98.7004, 3.5986],
    [98.688, 3.6115],
    [98.6968, 3.5997],
    [98.694, 3.5987],
    [98.6973, 3.598],
    [98.6913, 3.6053],
    [98.6885, 3.6029],
    [98.685, 3.6098],
    [98.6829, 3.6062],
    [98.6996, 3.5989],
    [98.7024, 3.5979],
    [98.6954, 3.595],
    [98.6928, 3.6073],
    [98.6947, 3.5986],
    [98.6923, 3.598],
    [98.6895, 3.611],
    [98.6988, 3.5985],
    [98.7011, 3.5937],
    [98.6951, 3.5953],
    [98.6963, 3.5984],
    [98.6894, 3.5944],
    [98.7015, 3.598],
    [98.6953, 3.596],
    [98.6937, 3.6096],
    [98.6855, 3.6035],
    [98.6885, 3.6029],
    [98.6895, 3.6183],
    [98.7032, 3.5979],
    [98.6843, 3.593],
    [98.699, 3.5981],
    [98.685, 3.5926],
    [98.7014, 3.5992],
    [98.6853, 3.6168],
    [98.6938, 3.5951],
    [98.6856, 3.5931],
    [98.6929, 3.5943],
    [98.6883, 3.6168],
    [98.6906, 3.613],
    [98.6887, 3.5941],
    [98.6872, 3.5949],
    [98.6884, 3.6013],
    [98.6884, 3.6021],
    [98.6899, 3.6164],
    [98.7009, 3.5983],
    [98.6864, 3.6135],
    [98.6855, 3.6057],
    [98.6956, 3.5985],
    [98.6828, 3.6018],
    [98.6995, 3.595],
    [98.7042, 3.6033],
    [98.6893, 3.6062],
    [98.6858, 3.6083],
    [98.6872, 3.6042],
    [98.6989, 3.6006],
    [98.6985, 3.5995],
    [98.7052, 3.5982],
    [98.7049, 3.593],
    [98.6971, 3.6019],
    [98.689, 3.6188],
    [98.6915, 3.6032],
    [98.693, 3.5988],
    [98.6826, 3.6047],
    [98.6968, 3.5984],
    [98.698, 3.5983],
    [98.6996, 3.5982],
    [98.697, 3.5987],
    [98.6957, 3.6004],
    [98.6965, 3.5997],
    [98.6915, 3.5957],
    [98.6914, 3.6082],
    [98.6968, 3.5997],
    [98.6994, 3.5984],
    [98.6949, 3.6037],
    [98.6855, 3.6035],
    [98.6993, 3.601],
    [98.6937, 3.6012],
    [98.6939, 3.6088],
    [98.6869, 3.6043],
    [98.6914, 3.6114],
    [98.6945, 3.6038],
    [98.6867, 3.5947],
    [98.7045, 3.5929],
    [98.7002, 3.5978],
    [98.696, 3.6017],
    [98.6884, 3.6007],
    [98.6884, 3.5942],
    [98.689, 3.5952],
    [98.6912, 3.6121],
    [98.7029, 3.5994],
    [98.6894, 3.6065],
    [98.6871, 3.6078],
    [98.6981, 3.6021],
    [98.6975, 3.6024],
    [98.7033, 3.5895],
    [98.6887, 3.5937],
    [98.691, 3.5947],
    [98.7004, 3.5981],
    [98.6908, 3.605],
    [98.6854, 3.6098],
    [98.6935, 3.5981],
    [98.6858, 3.6099],
    [98.7017, 3.5979],
    [98.6888, 3.6185],
    [98.6927, 3.6096],
    [98.684, 3.5989],
    [98.6899, 3.5919],
    [98.7005, 3.5929],
    [98.6927, 3.6096],
    [98.7034, 3.598],
    [98.7048, 3.5982],
    [98.6928, 3.6073],
    [98.697, 3.5948],
    [98.6968, 3.5997],
    [98.6935, 3.6066],
    [98.6881, 3.6175],
    [98.6914, 3.6044],
    [98.6884, 3.6055],
    [98.6847, 3.5929],
    [98.6843, 3.6062],
    [98.6859, 3.6164],
    [98.6868, 3.6164],
    [98.6864, 3.5993],
    [98.7042, 3.5946],
    [98.6948, 3.5989],
    [98.692, 3.6138],
    [98.6965, 3.598],
    [98.694, 3.5943],
    [98.6962, 3.5982],
    [98.6913, 3.6107],
    [98.6959, 3.5994],
    [98.6975, 3.5954],
    [98.6971, 3.5978],
    [98.6868, 3.6164],
    [98.6921, 3.6095],
    [98.692, 3.6046],
    [98.6881, 3.5949],
    [98.699, 3.5969],
    [98.6857, 3.6081],
    [98.6903, 3.6129],
    [98.6927, 3.6096],
    [98.6912, 3.6154],
    [98.6914, 3.6045],
    [98.6845, 3.6074],
    [98.7007, 3.5924],
    [98.6997, 3.6017],
    [98.6858, 3.6148],
    [98.6889, 3.6066],
    [98.6885, 3.6029],
    [98.6881, 3.6167],
    [98.6942, 3.5991],
    [98.7, 3.5952],
    [98.6927, 3.6096],
    [98.6957, 3.5985],
    [98.696, 3.6016],
    [98.7018, 3.598],
    [98.6898, 3.5951],
    [98.689, 3.6041],
    [98.6879, 3.6163],
    [98.6977, 3.5983],
    [98.6958, 3.6014],
    [98.6942, 3.6039],
    [98.7022, 3.598],
    [98.7009, 3.6019],
    [98.6912, 3.6042],
    [98.6974, 3.6022],
    [98.6861, 3.6092],
    [98.6882, 3.6166],
    [98.6878, 3.5953],
    [98.6833, 3.6115],
    [98.6824, 3.6065],
    [98.6916, 3.5949],
    [98.6876, 3.6148],
    [98.7028, 3.6032],
    [98.6898, 3.5933],
    [98.6991, 3.5982],
    [98.7003, 3.6002],
    [98.7023, 3.5907],
    [98.7012, 3.6014],
    [98.6897, 3.606],
    [98.7004, 3.5989],
    [98.6938, 3.6065],
    [98.697, 3.6037],
    [98.6893, 3.6028],
    [98.7052, 3.5982],
    [98.6895, 3.6149],
    [98.688, 3.6145],
    [98.691, 3.5947],
    [98.691, 3.6166],
    [98.6857, 3.6125],
    [98.7014, 3.5983],
    [98.7043, 3.5888],
    [98.6951, 3.5953],
    [98.699, 3.5981],
    [98.7039, 3.5937],
    [98.6954, 3.5952],
    [98.6927, 3.6132],
    [98.6954, 3.5982],
    [98.6941, 3.6004],
    [98.6981, 3.5985],
    [98.6911, 3.6051],
    [98.7052, 3.5982],
    [98.7009, 3.6019],
    [98.6891, 3.5926],
    [98.6998, 3.5984],
    [98.6923, 3.5938],
    [98.6903, 3.5928],
    [98.693, 3.5937],
    [98.6897, 3.6057],
    [98.6907, 3.6077],
    [98.687, 3.605],
    [98.7038, 3.5976],
    [98.6964, 3.594],
    [98.6852, 3.6048],
    [98.6904, 3.6133],
    [98.6927, 3.5987],
    [98.7045, 3.5983],
    [98.6855, 3.6089],
    [98.6899, 3.5922],
    [98.6902, 3.5929],
    [98.686, 3.6061],
    [98.6899, 3.6096],
    [98.6851, 3.6069],
    [98.6913, 3.6186],
    [98.6882, 3.6074],
    [98.7003, 3.598],
    [98.7049, 3.5936],
    [98.6903, 3.6096],
    [98.6924, 3.6047],
    [98.6882, 3.6074],
    [98.6915, 3.6086],
    [98.7034, 3.5966],
    [98.6867, 3.607],
    [98.6984, 3.5998],
    [98.6854, 3.5939],
    [98.6941, 3.6004],
    [98.6918, 3.5986],
    [98.6909, 3.6156],
    [98.6849, 3.6022],
    [98.6855, 3.6083],
    [98.6876, 3.6005],
    [98.7036, 3.5956],
    [98.6912, 3.611],
    [98.6905, 3.6098],
    [98.6892, 3.6081],
    [98.7035, 3.5909],
    [98.6864, 3.607],
    [98.6899, 3.5948],
    [98.6914, 3.6143],
    [98.6919, 3.5923],
    [98.7023, 3.5924],
    [98.6885, 3.6135],
    [98.6829, 3.6052],
    [98.6905, 3.6121],
    [98.6899, 3.5947],
    [98.6944, 3.604],
    [98.6935, 3.5981],
    [98.684, 3.5937],
    [98.6997, 3.5981],
    [98.6894, 3.6028],
    [98.6929, 3.5981],
    [98.6846, 3.6085],
    [98.7046, 3.5958],
    [98.7044, 3.5963],
    [98.6963, 3.5985],
    [98.688, 3.5951],
    [98.6857, 3.6101],
    [98.6829, 3.6062],
    [98.6936, 3.5949],
    [98.6924, 3.6047],
    [98.6927, 3.6096],
    [98.6884, 3.5937],
    [98.6876, 3.6148],
    [98.6935, 3.5983],
    [98.7008, 3.602],
    [98.6999, 3.598],
    [98.6941, 3.6095],
    [98.6836, 3.5931],
    [98.6897, 3.5934],
    [98.6936, 3.5958],
    [98.6905, 3.6065],
    [98.6838, 3.6061],
    [98.6971, 3.6019],
    [98.6956, 3.6014],
    [98.6914, 3.6055],
    [98.7004, 3.5984],
    [98.7043, 3.5982],
    [98.6935, 3.6096],
    [98.6936, 3.5947],
    [98.6869, 3.6076],
    [98.7011, 3.5937],
    [98.6888, 3.6185],
    [98.6912, 3.6141],
    [98.6909, 3.6142],
    [98.6895, 3.5944],
    [98.6888, 3.6185],
    [98.693, 3.6149],
    [98.6911, 3.6187],
    [98.6986, 3.5976],
    [98.6823, 3.6057],
    [98.7044, 3.5917],
    [98.7003, 3.6008],
    [98.6857, 3.6138],
    [98.686, 3.5921],
    [98.6927, 3.5943],
    [98.7047, 3.5891],
    [98.7036, 3.5896],
    [98.6885, 3.6029],
    [98.6935, 3.5982],
    [98.6998, 3.6035],
    [98.694, 3.5942],
    [98.692, 3.5986],
    [98.6844, 3.6084],
    [98.6938, 3.5983],
    [98.7043, 3.5982],
    [98.6906, 3.592],
    [98.6937, 3.5935],
    [98.6839, 3.5924],
    [98.6883, 3.6014],
    [98.6935, 3.6131],
    [98.7037, 3.5937],
    [98.6956, 3.6026],
    [98.6978, 3.6011],
    [98.6917, 3.6082],
    [98.6916, 3.6033],
    [98.6901, 3.5951],
    [98.7052, 3.5982],
    [98.6958, 3.5992],
    [98.6896, 3.6055],
    [98.7008, 3.5972],
    [98.6936, 3.5948],
    [98.6971, 3.5978],
    [98.6914, 3.61],
    [98.7035, 3.5909],
    [98.6847, 3.5924],
    [98.6966, 3.6014],
    [98.6875, 3.6015],
    [98.691, 3.5947],
    [98.6892, 3.5927],
    [98.703, 3.5979],
    [98.6898, 3.6059],
    [98.6909, 3.6129],
    [98.703, 3.5982],
    [98.7053, 3.5982],
    [98.699, 3.5981],
    [98.6933, 3.5986],
    [98.7044, 3.5982],
    [98.7036, 3.5979],
    [98.7036, 3.5956],
    [98.6924, 3.6047],
    [98.6853, 3.6108],
    [98.6869, 3.6164],
    [98.6868, 3.6114],
    [98.6932, 3.6079],
    [98.6884, 3.6015],
    [98.6899, 3.6062],
    [98.6924, 3.6164],
    [98.6863, 3.6143],
    [98.6984, 3.5984],
    [98.6878, 3.6134],
    [98.7036, 3.592],
    [98.6925, 3.5922],
    [98.6855, 3.6035],
    [98.6885, 3.6133],
    [98.6961, 3.5955],
    [98.7044, 3.5963],
    [98.7027, 3.598],
    [98.6917, 3.5943],
    [98.6896, 3.6057],
    [98.6971, 3.6038],
    [98.6936, 3.613],
    [98.6874, 3.5931],
    [98.6909, 3.6149],
    [98.6905, 3.6132],
    [98.6858, 3.6099],
    [98.6872, 3.6092],
    [98.6827, 3.6025],
    [98.6969, 3.5981],
    [98.6942, 3.5986],
    [98.6825, 3.6074],
    [98.6855, 3.6035],
    [98.6913, 3.6178],
    [98.6855, 3.6035],
    [98.691, 3.612],
    [98.6995, 3.595],
    [98.6858, 3.6148],
    [98.6855, 3.6035],
    [98.7024, 3.6008],
    [98.6922, 3.5933],
    [98.6899, 3.5924],
    [98.7013, 3.6008],
    [98.6958, 3.5985],
    [98.7036, 3.5982],
    [98.6876, 3.6076],
    [98.7039, 3.5952],
    [98.6994, 3.5984],
    [98.6928, 3.5932],
    [98.7037, 3.5982],
    [98.691, 3.6139],
    [98.6898, 3.5955],
    [98.6859, 3.6017],
    [98.6916, 3.6164],
    [98.7045, 3.5891],
    [98.6855, 3.6035],
    [98.691, 3.6166],
    [98.6877, 3.6162],
    [98.6855, 3.6035],
    [98.6855, 3.6035],
    [98.6855, 3.6035],
    [98.6931, 3.6084],
    [98.6861, 3.6134],
    [98.6911, 3.6068],
    [98.6955, 3.5947],
    [98.7032, 3.5979],
    [98.6896, 3.5914],
    [98.6851, 3.5995],
    [98.6926, 3.6108],
    [98.6903, 3.6129],
    [98.691, 3.6151],
    [98.6984, 3.5984],
    [98.7005, 3.5967],
    [98.6855, 3.6035],
    [98.6855, 3.6035],
    [98.6967, 3.6019],
    [98.6841, 3.6119],
    [98.6924, 3.6047],
    [98.6951, 3.5953],
    [98.6948, 3.5944],
    [98.6939, 3.5945],
    [98.7015, 3.5984],
    [98.7021, 3.5981],
    [98.6971, 3.5978],
    [98.6986, 3.5976],
    [98.6921, 3.6103],
    [98.7033, 3.5988],
    [98.7035, 3.5909],
    [98.6938, 3.5956],
    [98.6926, 3.6164],
    [98.6855, 3.6035],
    [98.7038, 3.5941],
    [98.6903, 3.6103],
    [98.6896, 3.5913],
    [98.6887, 3.6043],
    [98.6928, 3.5955],
    [98.6982, 3.5984],
    [98.704, 3.5921],
    [98.7036, 3.5982],
    [98.6932, 3.5991],
    [98.7041, 3.6019],
    [98.7015, 3.5936],
    [98.6835, 3.6105],
    [98.7039, 3.5994],
    [98.6899, 3.5934],
    [98.6858, 3.6186],
    [98.6855, 3.6035],
    [98.7022, 3.598],
    [98.6919, 3.6053],
    [98.6944, 3.593],
    [98.6855, 3.6035],
    [98.6858, 3.5925],
    [98.6858, 3.6148],
    [98.6878, 3.6034],
    [98.6836, 3.6106],
    [98.6855, 3.6035],
    [98.6855, 3.6035],
    [98.6909, 3.6172],
    [98.6867, 3.6021],
    [98.6865, 3.6021],
    [98.6841, 3.6119],
    [98.6975, 3.5959],
    [98.6943, 3.5943],
    [98.6891, 3.5927],
    [98.6876, 3.6182],
    [98.6873, 3.6163],
    [98.6855, 3.6035],
    [98.6978, 3.5997],
    [98.6971, 3.5963],
    [98.6938, 3.5929],
    [98.6927, 3.6096],
    [98.6827, 3.6068],
    [98.6895, 3.6164],
    [98.7011, 3.5997],
    [98.691, 3.6126],
    [98.6858, 3.594],
    [98.7013, 3.598],
    [98.6906, 3.6028],
    [98.7, 3.5952],
    [98.6838, 3.5925],
    [98.6858, 3.6099],
    [98.6869, 3.6116],
    [98.7033, 3.5994],
    [98.6942, 3.5983],
    [98.6959, 3.5994],
    [98.6872, 3.6092],
    [98.6897, 3.5912],
    [98.6873, 3.5925],
    [98.6895, 3.6164],
    [98.7003, 3.5946],
    [98.6941, 3.6039],
    [98.6912, 3.6092],
    [98.6872, 3.6126],
    [98.6894, 3.6163],
    [98.7027, 3.6015],
    [98.6919, 3.6131],
    [98.69, 3.6116],
    [98.6953, 3.6028],
    [98.6871, 3.5938],
    [98.6882, 3.6043],
    [98.7029, 3.5907],
    [98.6858, 3.6186],
    [98.6829, 3.6062],
    [98.6859, 3.6017],
    [98.6872, 3.6042],
    [98.6938, 3.5944],
    [98.6855, 3.6035],
    [98.6947, 3.5986],
    [98.7004, 3.5984],
    [98.6826, 3.6047],
    [98.7006, 3.5939],
    [98.688, 3.6109],
    [98.6841, 3.593],
    [98.6882, 3.6024],
    [98.699, 3.5968],
    [98.6956, 3.6014],
    [98.6875, 3.6075],
    [98.692, 3.5986],
    [98.6826, 3.6034],
    [98.6951, 3.5953],
    [98.6975, 3.5959],
    [98.6991, 3.5949],
    [98.7028, 3.5916],
    [98.6888, 3.6172],
    [98.7036, 3.5956],
    [98.6895, 3.6164],
    [98.6927, 3.604],
    [98.7013, 3.6008],
    [98.6889, 3.618],
    [98.7035, 3.5904],
    [98.69, 3.6184],
    [98.7006, 3.5981],
    [98.6831, 3.6063],
    [98.6823, 3.6061],
    [98.6887, 3.6165],
    [98.6881, 3.6086],
    [98.6902, 3.5934],
    [98.6879, 3.5932],
    [98.6968, 3.601],
    [98.6898, 3.5944],
    [98.686, 3.5935],
    [98.6852, 3.615],
    [98.6978, 3.6011],
    [98.685, 3.5926],
    [98.698, 3.5983],
    [98.6859, 3.6093],
    [98.685, 3.5926],
    [98.688, 3.6051],
    [98.7037, 3.5981],
    [98.696, 3.5993],
    [98.6823, 3.6061],
    [98.7001, 3.6007],
    [98.6915, 3.6021],
    [98.6874, 3.6166],
    [98.6938, 3.5944],
    [98.6855, 3.6035],
    [98.684, 3.5989],
    [98.7046, 3.5891],
    [98.7037, 3.5981],
    [98.6841, 3.6119],
    [98.6899, 3.6132],
    [98.7008, 3.602],
    [98.7027, 3.6015],
    [98.6859, 3.6017],
    [98.685, 3.5932],
    [98.7008, 3.5972],
    [98.6824, 3.6063],
    [98.7037, 3.5981],
    [98.6882, 3.5936],
    [98.6914, 3.6055],
    [98.7012, 3.6003],
    [98.7046, 3.5978],
    [98.6899, 3.6132],
    [98.6895, 3.6164],
    [98.6834, 3.6075],
    [98.6894, 3.5944],
    [98.6848, 3.6083],
    [98.6898, 3.5944],
    [98.7013, 3.6008],
    [98.6841, 3.6061],
    [98.6935, 3.6096],
    [98.6978, 3.5981],
    [98.6862, 3.6152],
    [98.6899, 3.5939],
    [98.6955, 3.5978],
    [98.6875, 3.6133],
    [98.7053, 3.6026],
    [98.7036, 3.5956],
    [98.6855, 3.6035],
    [98.6963, 3.5984],
    [98.7018, 3.5951],
    [98.6881, 3.6151],
    [98.6882, 3.6098],
    [98.6994, 3.5984],
    [98.6899, 3.6132],
    [98.6942, 3.6072],
    [98.7005, 3.5956],
    [98.7037, 3.6007],
    [98.693, 3.604],
    [98.6945, 3.6056],
    [98.6962, 3.602],
    [98.6898, 3.591],
    [98.6852, 3.599],
    [98.7023, 3.5963],
    [98.7043, 3.5888],
    [98.695, 3.6009],
    [98.6914, 3.6094],
    [98.6963, 3.5984],
    [98.6915, 3.609],
    [98.7027, 3.5944],
    [98.688, 3.5934],
    [98.6885, 3.5935],
    [98.6826, 3.6047],
    [98.7008, 3.602],
    [98.6841, 3.5925],
    [98.6913, 3.6056],
    [98.7008, 3.6027],
    [98.6895, 3.6164],
    [98.6992, 3.5961],
    [98.6913, 3.6056],
    [98.7011, 3.5988],
    [98.6882, 3.6098],
    [98.7046, 3.5978],
    [98.6995, 3.595],
    [98.7008, 3.602],
    [98.6857, 3.6125],
    [98.6917, 3.6049],
    [98.6896, 3.5913],
    [98.6984, 3.5965],
    [98.698, 3.595],
    [98.6877, 3.5945],
    [98.7004, 3.5953],
    [98.6996, 3.5982],
    [98.6884, 3.5938],
    [98.7023, 3.5969],
    [98.6932, 3.602],
    [98.6946, 3.594],
    [98.6968, 3.601],
    [98.7, 3.6007],
    [98.7003, 3.5946],
    [98.6906, 3.6028],
    [98.6977, 3.5981],
    [98.6931, 3.5951],
    [98.6872, 3.6126],
    [98.6852, 3.599],
    [98.6935, 3.5937],
    [98.6929, 3.5986],
    [98.6876, 3.5928],
    [98.6894, 3.6131],
    [98.7029, 3.5967],
    [98.6829, 3.6062],
    [98.6992, 3.5979],
    [98.6895, 3.6164],
    [98.7033, 3.5915],
    [98.6873, 3.6163],
    [98.6913, 3.6185],
    [98.7004, 3.5984],
    [98.6984, 3.5965],
    [98.6823, 3.6061],
    [98.6823, 3.6061],
    [98.6905, 3.6098],
    [98.685, 3.5926],
    [98.686, 3.5935],
    [98.6868, 3.6164],
    [98.692, 3.6104],
    [98.6912, 3.6149],
    [98.6855, 3.6035],
    [98.6895, 3.6149],
    [98.7008, 3.602],
    [98.6966, 3.5942],
    [98.6903, 3.6129],
    [98.6882, 3.6074],
    [98.7008, 3.602],
    [98.6842, 3.5913],
    [98.7012, 3.6035],
    [98.6963, 3.601],
    [98.6963, 3.5984],
    [98.6959, 3.6031],
    [98.7003, 3.6029],
    [98.6895, 3.6164],
    [98.7009, 3.5937],
    [98.6875, 3.6074],
    [98.692, 3.613],
    [98.6995, 3.6016],
    [98.689, 3.6086],
    [98.6951, 3.5953],
    [98.6943, 3.6004],
    [98.6874, 3.5944],
    [98.697, 3.6037],
    [98.697, 3.5944],
    [98.6827, 3.6021],
    [98.7011, 3.5947],
    [98.6928, 3.6107],
    [98.6882, 3.6149],
    [98.6927, 3.5998],
    [98.7013, 3.6008],
    [98.6872, 3.5949],
    [98.7042, 3.5912],
    [98.6967, 3.6009],
    [98.7024, 3.5971],
    [98.6915, 3.595],
    [98.7036, 3.5919],
    [98.6951, 3.596],
    [98.6936, 3.607],
    [98.6958, 3.5935],
    [98.6844, 3.6043],
    [98.6913, 3.6032],
    [98.6873, 3.6163],
    [98.6995, 3.595],
    [98.6871, 3.6164],
    [98.6882, 3.6149],
    [98.691, 3.5947],
    [98.6965, 3.5997],
    [98.7033, 3.6016],
    [98.6873, 3.6117],
    [98.6859, 3.6132],
    [98.686, 3.6175],
    [98.6986, 3.5976],
    [98.6938, 3.5944],
    [98.6935, 3.5937],
    [98.7052, 3.6015],
    [98.6994, 3.5985],
    [98.6928, 3.6152],
    [98.6858, 3.6148],
    [98.6994, 3.5962],
    [98.6923, 3.5958],
    [98.6932, 3.6167],
    [98.6986, 3.5976],
    [98.7051, 3.6023],
    [98.7024, 3.6002],
    [98.6842, 3.5913],
    [98.6858, 3.6148],
    [98.6995, 3.595],
    [98.6968, 3.5997],
    [98.6991, 3.5949],
    [98.6959, 3.601],
    [98.6984, 3.5984],
    [98.6938, 3.5944],
    [98.6848, 3.6043],
    [98.6851, 3.6107],
    [98.6835, 3.6032],
    [98.6862, 3.5943],
    [98.6885, 3.5946],
    [98.6941, 3.5956],
    [98.6842, 3.5926],
    [98.6916, 3.6147],
    [98.6852, 3.614],
    [98.6932, 3.5991],
    [98.7036, 3.5956],
    [98.6851, 3.5995],
    [98.6985, 3.5995],
    [98.7003, 3.5969],
    [98.6952, 3.5951],
    [98.6827, 3.6021],
    [98.691, 3.5947],
    [98.6833, 3.6069],
    [98.6898, 3.6149],
    [98.6968, 3.5997],
    [98.691, 3.6096],
    [98.6971, 3.6022],
    [98.6841, 3.5924],
    [98.705, 3.5979],
    [98.6942, 3.5941],
    [98.7037, 3.5981],
    [98.6875, 3.6075],
    [98.6986, 3.5976],
    [98.6954, 3.598],
    [98.6875, 3.6183],
    [98.7003, 3.5927],
    [98.6932, 3.6188],
    [98.698, 3.5983],
    [98.6897, 3.606],
    [98.6921, 3.6095],
    [98.688, 3.595],
    [98.6903, 3.6129],
    [98.6946, 3.6],
    [98.7042, 3.5912],
    [98.6855, 3.6035],
    [98.6927, 3.5983],
    [98.688, 3.594],
    [98.6952, 3.5985],
    [98.6915, 3.5949],
    [98.698, 3.5983],
    [98.6895, 3.6149],
    [98.688, 3.6175],
    [98.6827, 3.6021],
    [98.6882, 3.6017],
    [98.6827, 3.6021],
    [98.7008, 3.602],
    [98.6974, 3.5983],
    [98.6992, 3.595],
    [98.6864, 3.6134],
    [98.6938, 3.5944],
    [98.6902, 3.613],
    [98.7035, 3.5944],
    [98.6928, 3.601],
    [98.6945, 3.6056],
    [98.6938, 3.5944],
    [98.688, 3.6175],
    [98.6965, 3.598],
    [98.6844, 3.6074],
    [98.6916, 3.6133],
    [98.6834, 3.5934],
    [98.6827, 3.6021],
    [98.7013, 3.6008],
    [98.6903, 3.6129],
    [98.6968, 3.5997],
    [98.703, 3.6008],
    [98.6833, 3.6042],
    [98.6927, 3.6146],
    [98.6881, 3.6139],
    [98.6855, 3.6035],
    [98.6992, 3.595],
    [98.6913, 3.6056],
    [98.6872, 3.5948],
    [98.691, 3.5947],
    [98.6857, 3.6045],
    [98.6886, 3.6118],
    [98.6932, 3.602],
    [98.6864, 3.6134],
    [98.69, 3.6116],
    [98.6833, 3.6115],
    [98.6948, 3.5953],
    [98.69, 3.5911],
    [98.7048, 3.5934],
    [98.6914, 3.61],
    [98.6879, 3.5935],
    [98.6856, 3.6135],
    [98.6949, 3.5954],
    [98.6946, 3.6012],
    [98.6974, 3.6003],
    [98.6887, 3.6099],
    [98.6874, 3.6166],
    [98.6956, 3.6032],
    [98.6836, 3.6045],
    [98.6997, 3.6037],
    [98.6895, 3.6149],
    [98.7002, 3.5978],
    [98.7044, 3.5982],
    [98.6884, 3.5942],
    [98.6872, 3.6165],
    [98.7008, 3.5918],
    [98.6868, 3.606],
    [98.7048, 3.5917],
    [98.6898, 3.5955],
    [98.6899, 3.6132],
    [98.685, 3.6184],
    [98.7028, 3.5916],
    [98.693, 3.604],
    [98.6859, 3.6017],
    [98.693, 3.6095],
    [98.6851, 3.6127],
    [98.6927, 3.6096],
    [98.6963, 3.601],
    [98.703, 3.5944],
    [98.6928, 3.6081],
    [98.693, 3.5928],
    [98.6882, 3.6106],
    [98.6899, 3.6132],
    [98.6903, 3.6129],
    [98.6924, 3.6081],
    [98.7022, 3.6001],
    [98.688, 3.5929],
    [98.6833, 3.6069],
    [98.6957, 3.5999],
    [98.6877, 3.6012],
    [98.6882, 3.6024],
    [98.6982, 3.6037],
    [98.7013, 3.6008],
    [98.6838, 3.6077],
    [98.6915, 3.612],
    [98.6938, 3.6065],
    [98.6893, 3.6039],
    [98.7008, 3.602],
    [98.6848, 3.606],
    [98.7039, 3.5908],
    [98.69, 3.6116],
    [98.6929, 3.5983],
    [98.6923, 3.6124],
    [98.6913, 3.6056],
    [98.6907, 3.6057],
    [98.6938, 3.5929],
    [98.697, 3.6028],
    [98.7029, 3.5922],
    [98.7006, 3.5939],
    [98.6911, 3.6142],
    [98.6882, 3.6132],
    [98.6882, 3.6184],
    [98.6865, 3.6013],
    [98.6986, 3.5976],
    [98.698, 3.5983],
    [98.6997, 3.5973],
    [98.6977, 3.5966],
    [98.6906, 3.6074],
    [98.6872, 3.5925],
    [98.6886, 3.5933],
    [98.7046, 3.5978],
    [98.6859, 3.5927],
    [98.6857, 3.6133],
    [98.6986, 3.5976],
    [98.7037, 3.5981],
    [98.692, 3.6138],
    [98.6842, 3.5925],
    [98.6913, 3.6056],
    [98.6928, 3.6081],
    [98.6955, 3.5978],
    [98.6938, 3.5944],
    [98.6889, 3.6076],
    [98.6944, 3.6003],
    [98.6979, 3.5953],
    [98.694, 3.5986],
    [98.6848, 3.6043],
    [98.6874, 3.6166],
    [98.6871, 3.6077],
    [98.6951, 3.5953],
    [98.698, 3.5983],
    [98.7003, 3.5946],
    [98.7014, 3.5982],
    [98.6915, 3.6021],
    [98.6855, 3.6035],
    [98.6826, 3.6047],
    [98.6895, 3.6183],
    [98.7037, 3.5981],
    [98.691, 3.6124],
    [98.7008, 3.6027],
    [98.6965, 3.598],
    [98.7042, 3.5912],
    [98.705, 3.5979],
    [98.703, 3.5923],
    [98.6872, 3.6087],
    [98.6897, 3.5916],
    [98.6911, 3.6142],
    [98.6911, 3.6142],
    [98.7013, 3.5995],
    [98.6928, 3.6073],
    [98.7012, 3.6027],
    [98.6989, 3.5948],
    [98.6873, 3.6015],
    [98.686, 3.6148],
    [98.7003, 3.5992],
    [98.7037, 3.5981],
    [98.7046, 3.5891],
    [98.7036, 3.5956],
    [98.7038, 3.5898],
    [98.6878, 3.5932],
    [98.6906, 3.6065],
    [98.7036, 3.598],
    [98.7042, 3.5912],
    [98.7004, 3.5986],
    [98.691, 3.6124],
    [98.6857, 3.5991],
    [98.6905, 3.6074],
    [98.6994, 3.598],
    [98.6902, 3.6097],
    [98.703, 3.5923],
    [98.6911, 3.6062],
    [98.6884, 3.5942],
    [98.7036, 3.5956],
    [98.6948, 3.5983],
    [98.7013, 3.5995],
    [98.7045, 3.5979],
    [98.7031, 3.5994],
    [98.6974, 3.5983],
    [98.6877, 3.5945],
    [98.6891, 3.6059],
    [98.7036, 3.5971],
    [98.6986, 3.5976],
    [98.6925, 3.6071],
    [98.691, 3.5947],
    [98.6876, 3.6116],
    [98.6878, 3.604],
    [98.6891, 3.5927],
    [98.6882, 3.5951],
    [98.6829, 3.6043],
    [98.6895, 3.6164],
    [98.6895, 3.6149],
    [98.6965, 3.598],
    [98.6984, 3.5947],
    [98.6895, 3.6183],
    [98.6985, 3.602],
    [98.6914, 3.6023],
    [98.6895, 3.6128],
    [98.6911, 3.6129],
    [98.7036, 3.5956],
    [98.6903, 3.6096],
    [98.6882, 3.6116],
    [98.7002, 3.5978],
    [98.689, 3.5928],
    [98.7013, 3.5995],
    [98.7024, 3.5973],
    [98.6997, 3.5973],
    [98.6856, 3.5943],
    [98.6875, 3.5926],
    [98.6872, 3.6087],
    [98.7008, 3.598],
    [98.6938, 3.5944],
    [98.6838, 3.6077],
    [98.6859, 3.6158],
    [98.6891, 3.5927],
    [98.7027, 3.6015],
    [98.6844, 3.6069],
    [98.6938, 3.5944],
    [98.6884, 3.5942],
    [98.6929, 3.5983],
    [98.6913, 3.6107],
    [98.7036, 3.5979],
    [98.696, 3.5992],
    [98.6995, 3.595],
    [98.7027, 3.6015],
    [98.7026, 3.6008],
    [98.6907, 3.6117],
    [98.6945, 3.6056],
    [98.6932, 3.5948],
    [98.7038, 3.5962],
    [98.7013, 3.5995],
    [98.7046, 3.5909],
    [98.6997, 3.5982],
    [98.7023, 3.5983],
    [98.7043, 3.5888],
    [98.7012, 3.5988],
    [98.6912, 3.606],
    [98.7002, 3.5985],
    [98.69, 3.6116],
    [98.69, 3.6116],
    [98.6869, 3.6142],
    [98.6969, 3.5939],
    [98.6831, 3.6038],
    [98.685, 3.5926],
    [98.7037, 3.5981],
    [98.7032, 3.598],
    [98.686, 3.5935],
    [98.691, 3.5947],
    [98.6916, 3.5942],
    [98.691, 3.5947],
    [98.6825, 3.6073],
    [98.7033, 3.5988],
    [98.7038, 3.5973],
    [98.7013, 3.5995],
    [98.699, 3.5984],
    [98.6917, 3.5936],
    [98.6885, 3.6124],
    [98.6912, 3.5949],
    [98.6895, 3.6164],
    [98.7037, 3.5982],
    [98.6876, 3.5927],
    [98.6993, 3.6018],
    [98.6984, 3.599],
    [98.7039, 3.5911],
    [98.6956, 3.6022],
    [98.6968, 3.5997],
    [98.6858, 3.6148],
    [98.6974, 3.6002],
    [98.6904, 3.6177],
    [98.6895, 3.6164],
    [98.6911, 3.6075],
    [98.6999, 3.5976],
    [98.689, 3.602],
    [98.7037, 3.5981],
    [98.6895, 3.6132],
    [98.6911, 3.6142],
    [98.6884, 3.5938],
    [98.6902, 3.6097],
    [98.6853, 3.5928],
    [98.6913, 3.6107],
    [98.6974, 3.5981],
    [98.6826, 3.6047],
    [98.6837, 3.5928],
    [98.6923, 3.598],
    [98.6883, 3.6012],
    [98.7005, 3.5981],
    [98.7045, 3.5929],
    [98.6913, 3.6056],
    [98.6883, 3.6082],
    [98.6887, 3.5941],
    [98.6859, 3.592],
    [98.6896, 3.6133],
    [98.7047, 3.5954],
    [98.692, 3.6038],
    [98.6914, 3.6089],
    [98.6975, 3.5982],
    [98.7052, 3.6008],
    [98.6926, 3.6082],
    [98.7047, 3.597],
    [98.7041, 3.5889],
    [98.7004, 3.5953],
    [98.6825, 3.6073],
    [98.6943, 3.5984],
    [98.6958, 3.6028],
    [98.6959, 3.5985],
    [98.6933, 3.6004],
    [98.6898, 3.5944],
    [98.7008, 3.602],
    [98.6931, 3.5951],
    [98.6958, 3.5992],
    [98.7038, 3.5973],
    [98.7042, 3.5971],
    [98.7037, 3.5981],
    [98.6823, 3.6057],
    [98.6823, 3.6061],
    [98.6974, 3.5982],
    [98.6922, 3.5989],
    [98.6955, 3.5988],
    [98.689, 3.619],
    [98.694, 3.594],
    [98.7007, 3.5977],
    [98.6957, 3.6033],
    [98.7036, 3.5971],
    [98.692, 3.6093],
    [98.7, 3.598],
    [98.6894, 3.6156],
    [98.7008, 3.602],
    [98.6937, 3.5941],
    [98.6846, 3.6042],
    [98.6847, 3.6058],
    [98.7036, 3.5956],
    [98.7031, 3.5983],
    [98.69, 3.6116],
    [98.6884, 3.5942],
    [98.6823, 3.6061],
    [98.689, 3.5929],
    [98.6984, 3.5947],
    [98.6998, 3.5928],
    [98.6839, 3.5926],
    [98.6839, 3.5936],
    [98.7003, 3.5969],
    [98.7014, 3.5987],
    [98.6931, 3.5936],
    [98.6843, 3.593],
    [98.6855, 3.6035],
    [98.6932, 3.6097],
    [98.6936, 3.5986],
    [98.691, 3.5947],
    [98.7007, 3.5996],
    [98.7037, 3.5981],
    [98.6901, 3.5936],
    [98.684, 3.6026],
    [98.6878, 3.6099],
    [98.6879, 3.6163],
    [98.702, 3.6008],
    [98.6895, 3.5928],
    [98.6913, 3.6058],
    [98.696, 3.5991],
    [98.6878, 3.594],
    [98.6844, 3.6043],
    [98.6884, 3.5947],
    [98.7047, 3.6033],
    [98.685, 3.5926],
    [98.7008, 3.602],
    [98.7021, 3.5983],
    [98.704, 3.601],
    [98.6894, 3.6178],
    [98.6997, 3.6037],
    [98.7044, 3.5891],
    [98.6954, 3.595],
    [98.6983, 3.5993],
    [98.6895, 3.6073],
    [98.6886, 3.61],
    [98.7015, 3.6],
    [98.6859, 3.6043],
    [98.6963, 3.5984],
    [98.6978, 3.5985],
    [98.7013, 3.5937],
    [98.6851, 3.6116],
    [98.6973, 3.601],
    [98.6915, 3.5949],
    [98.7027, 3.594],
    [98.705, 3.5989],
    [98.6897, 3.6013],
    [98.7047, 3.6014],
    [98.7045, 3.5956],
    [98.6905, 3.6122],
    [98.7055, 3.6025],
    [98.6937, 3.6075],
    [98.7029, 3.5907],
    [98.692, 3.613],
    [98.6823, 3.6061],
    [98.6968, 3.5939],
    [98.6946, 3.6027],
    [98.7046, 3.5978],
    [98.684, 3.5937],
    [98.6926, 3.6163],
    [98.6911, 3.5936],
    [98.685, 3.5926],
    [98.7008, 3.602],
    [98.6963, 3.5984],
    [98.7007, 3.5965],
    [98.6868, 3.6073],
    [98.7008, 3.602],
    [98.6917, 3.6017],
    [98.6882, 3.6017],
    [98.7004, 3.5984],
    [98.6912, 3.6163],
    [98.6883, 3.6025],
    [98.6973, 3.5946],
    [98.6928, 3.5979],
    [98.6985, 3.5995],
    [98.7047, 3.5917],
    [98.7014, 3.5991],
    [98.6871, 3.5938],
    [98.6882, 3.6098],
    [98.6839, 3.5936],
    [98.6923, 3.5938],
    [98.6963, 3.5984],
    [98.692, 3.6038],
    [98.6898, 3.6065],
    [98.6958, 3.6028],
    [98.6974, 3.5983],
    [98.6921, 3.6026],
    [98.686, 3.5935],
    [98.6935, 3.5937],
    [98.6974, 3.5983],
    [98.6836, 3.606],
    [98.6874, 3.6166],
    [98.6839, 3.6043],
    [98.6851, 3.6165],
    [98.6967, 3.6008],
    [98.7031, 3.5943],
    [98.6926, 3.5999],
    [98.6984, 3.5994],
    [98.6857, 3.6135],
    [98.7035, 3.5896],
    [98.6948, 3.5986],
    [98.6899, 3.6132],
    [98.7008, 3.6031],
    [98.6883, 3.6168],
    [98.7015, 3.5918],
    [98.7036, 3.5956],
    [98.6975, 3.6009],
    [98.6932, 3.6163],
    [98.6905, 3.6074],
    [98.7037, 3.5981],
    [98.6938, 3.6128],
    [98.6986, 3.5976],
    [98.7037, 3.5981],
    [98.6941, 3.604],
    [98.6882, 3.5952],
    [98.7011, 3.5988],
    [98.6835, 3.6077],
    [98.6955, 3.5948],
    [98.6872, 3.6042],
    [98.7024, 3.6008],
    [98.6893, 3.6077],
    [98.6889, 3.6033],
    [98.6823, 3.6061],
    [98.696, 3.6004],
    [98.6976, 3.5998],
    [98.6915, 3.5942],
    [98.6895, 3.6149],
    [98.6915, 3.6111],
    [98.7041, 3.5988],
    [98.6899, 3.6132],
    [98.6852, 3.599],
    [98.6839, 3.5936],
    [98.6871, 3.5938],
    [98.7023, 3.5947],
    [98.6852, 3.599],
    [98.6909, 3.6114],
    [98.6921, 3.5928],
    [98.6913, 3.6056],
    [98.6895, 3.6164],
    [98.7048, 3.6008],
    [98.7008, 3.602],
    [98.6888, 3.5949],
    [98.6884, 3.5938],
    [98.6933, 3.6065],
    [98.6852, 3.6074],
    [98.6917, 3.6057],
    [98.6974, 3.5983],
    [98.6984, 3.5994],
    [98.6903, 3.6129],
    [98.686, 3.5935],
    [98.6963, 3.5984],
    [98.6984, 3.5982],
    [98.6882, 3.6098],
    [98.686, 3.5935],
    [98.6913, 3.6107],
    [98.6895, 3.6164],
    [98.6942, 3.5987],
    [98.7021, 3.598],
    [98.7053, 3.5982],
    [98.6995, 3.595],
    [98.6823, 3.6061],
    [98.6995, 3.6018],
    [98.6895, 3.6164],
    [98.6861, 3.6147],
    [98.6882, 3.5946],
    [98.6823, 3.6061],
    [98.6913, 3.6056],
    [98.7008, 3.5975],
    [98.6903, 3.6129],
    [98.6875, 3.6075],
    [98.6875, 3.5926],
    [98.6945, 3.604],
    [98.6915, 3.612],
    [98.7005, 3.5996],
    [98.7002, 3.5952],
    [98.6951, 3.5953],
    [98.7018, 3.5951],
    [98.6974, 3.5945],
    [98.6965, 3.5997],
    [98.6977, 3.5966],
    [98.6912, 3.6093],
    [98.7021, 3.598],
    [98.6913, 3.6107],
    [98.6948, 3.5953],
    [98.6974, 3.6003],
    [98.703, 3.597],
    [98.7027, 3.5955],
    [98.6916, 3.6042],
    [98.6826, 3.6047],
    [98.6938, 3.5944],
    [98.686, 3.5935],
    [98.6927, 3.598],
    [98.6862, 3.6059],
    [98.6961, 3.5951],
    [98.6953, 3.5992],
    [98.7037, 3.5969],
    [98.694, 3.5959],
    [98.7036, 3.5956],
    [98.6899, 3.6132],
    [98.6943, 3.5993],
    [98.6955, 3.5994],
    [98.6857, 3.6133],
    [98.6898, 3.615],
    [98.6857, 3.5989],
    [98.6985, 3.5995],
    [98.7036, 3.5956],
    [98.7012, 3.6029],
    [98.7032, 3.6035],
    [98.6886, 3.6042],
    [98.6839, 3.5936],
    [98.7019, 3.5958],
    [98.6901, 3.609],
    [98.6968, 3.5966],
    [98.6878, 3.594],
    [98.7053, 3.5962],
    [98.7052, 3.5982],
    [98.6853, 3.6076],
    [98.6859, 3.6017],
    [98.6827, 3.6025],
    [98.7015, 3.5951],
    [98.6917, 3.5941],
    [98.7002, 3.5978],
    [98.6961, 3.5935],
    [98.7042, 3.5946],
    [98.6936, 3.5983],
    [98.7031, 3.5994],
    [98.6833, 3.6115],
    [98.6833, 3.6115],
    [98.6918, 3.593],
    [98.6938, 3.5944],
    [98.7008, 3.602],
    [98.6833, 3.6115],
    [98.6883, 3.6012],
    [98.6842, 3.5913],
    [98.69, 3.6116],
    [98.6984, 3.599],
    [98.7003, 3.6029],
    [98.703, 3.5944],
    [98.7053, 3.6026],
    [98.6858, 3.6099],
    [98.7011, 3.5998],
    [98.6927, 3.6096],
    [98.6897, 3.6073],
    [98.6898, 3.5927],
    [98.6858, 3.6148],
    [98.6931, 3.6011],
    [98.6859, 3.6164],
    [98.6903, 3.6129],
    [98.6834, 3.5933],
    [98.6968, 3.5997],
    [98.694, 3.5984],
    [98.6878, 3.594],
    [98.7003, 3.6029],
    [98.6885, 3.6131],
    [98.6899, 3.6151],
    [98.7003, 3.6029],
    [98.6909, 3.6086],
    [98.6964, 3.5982],
    [98.6978, 3.5982],
    [98.6848, 3.593],
    [98.691, 3.5947],
    [98.6959, 3.601],
    [98.7008, 3.602],
    [98.6846, 3.5934],
    [98.6876, 3.6075],
    [98.7036, 3.5956],
    [98.684, 3.5989],
    [98.693, 3.604],
    [98.7042, 3.5946],
    [98.6982, 3.5996],
    [98.6977, 3.5983],
    [98.6875, 3.6165],
    [98.6879, 3.6031],
    [98.686, 3.6097],
    [98.6883, 3.5953],
    [98.6927, 3.5987],
    [98.7037, 3.5981],
    [98.6984, 3.5947],
    [98.6995, 3.595],
    [98.6979, 3.5953],
    [98.696, 3.5975],
    [98.698, 3.5944],
    [98.693, 3.5983],
    [98.698, 3.5983],
    [98.6869, 3.6174],
    [98.685, 3.6141],
    [98.6831, 3.6063],
    [98.6905, 3.6074],
    [98.688, 3.6145],
    [98.6921, 3.6083],
    [98.6861, 3.6149],
    [98.6909, 3.6142],
    [98.6824, 3.6076],
    [98.6935, 3.5948],
    [98.6875, 3.6183],
    [98.696, 3.5993],
    [98.6855, 3.6035],
    [98.6911, 3.6091],
    [98.6889, 3.6076],
    [98.6846, 3.5934],
    [98.6872, 3.6042],
    [98.7029, 3.5907],
    [98.6968, 3.5997],
    [98.7011, 3.5987],
    [98.7037, 3.5981],
    [98.6912, 3.6121],
    [98.6928, 3.6073],
    [98.6882, 3.6098],
    [98.6851, 3.5995],
    [98.6943, 3.5986],
    [98.7053, 3.5982],
    [98.6885, 3.6029],
    [98.7037, 3.5981],
    [98.7006, 3.602],
    [98.6871, 3.5938],
    [98.695, 3.6009],
    [98.6883, 3.6025],
    [98.691, 3.5947],
    [98.7003, 3.5956],
    [98.6935, 3.6048],
    [98.7027, 3.594],
    [98.6827, 3.6059],
    [98.6958, 3.6037],
    [98.6907, 3.6105],
    [98.7013, 3.6008],
    [98.6891, 3.5927],
    [98.7004, 3.5935],
    [98.6823, 3.6061],
    [98.7027, 3.6015],
    [98.692, 3.6019],
    [98.6941, 3.6004],
    [98.6977, 3.6003],
    [98.7028, 3.5973],
    [98.7015, 3.5932],
    [98.7012, 3.5996],
    [98.6883, 3.5949],
    [98.6836, 3.606],
    [98.6876, 3.6116],
    [98.6913, 3.6107],
    [98.6912, 3.6083],
    [98.6977, 3.5983],
    [98.6934, 3.5983],
    [98.6985, 3.5984],
    [98.6875, 3.595],
    [98.6865, 3.602],
    [98.6941, 3.6],
    [98.69, 3.5954],
    [98.6841, 3.6083],
    [98.6995, 3.595],
    [98.6928, 3.6081],
    [98.6895, 3.6149],
    [98.7035, 3.5904],
    [98.6888, 3.6022],
    [98.6883, 3.6126],
    [98.6918, 3.595],
    [98.7009, 3.6019],
    [98.7037, 3.5981],
    [98.6855, 3.6035],
    [98.7004, 3.5953],
    [98.696, 3.5991],
    [98.7026, 3.5956],
    [98.6903, 3.6129],
    [98.685, 3.6168],
    [98.7016, 3.6028],
    [98.7008, 3.602],
    [98.689, 3.5952],
    [98.691, 3.6065],
    [98.6927, 3.5943],
    [98.6939, 3.6161],
    [98.7016, 3.5972],
    [98.6968, 3.5985],
    [98.6872, 3.5949],
    [98.6948, 3.5959],
    [98.6938, 3.5944],
    [98.7015, 3.5949],
    [98.6874, 3.61],
    [98.686, 3.6175],
    [98.6895, 3.6164],
    [98.6855, 3.6035],
    [98.692, 3.6046],
    [98.7005, 3.5996],
    [98.6868, 3.6164],
    [98.7, 3.598],
    [98.6993, 3.5959],
    [98.6971, 3.5994],
    [98.699, 3.5969],
    [98.6935, 3.6038],
    [98.691, 3.6151],
    [98.6991, 3.6036],
    [98.693, 3.604],
    [98.6873, 3.5926],
    [98.6937, 3.6],
    [98.69, 3.5911],
    [98.6862, 3.6059],
    [98.6895, 3.6149],
    [98.686, 3.6165],
    [98.6944, 3.6003],
    [98.6844, 3.6043],
    [98.6877, 3.6064],
    [98.7041, 3.5889],
    [98.7052, 3.5982],
    [98.6902, 3.613],
    [98.6874, 3.6166],
    [98.7015, 3.6001],
    [98.6876, 3.6022],
    [98.6942, 3.6086],
    [98.7032, 3.5979],
    [98.7037, 3.5981],
    [98.6823, 3.6061],
    [98.6925, 3.5955],
    [98.6895, 3.6183],
    [98.7037, 3.5994],
    [98.7013, 3.6008],
    [98.6957, 3.6007],
    [98.7047, 3.5979],
    [98.6895, 3.6164],
    [98.7008, 3.5918],
    [98.7013, 3.5929],
    [98.6849, 3.6075],
    [98.6898, 3.5955],
    [98.6841, 3.5938],
    [98.6855, 3.6035],
    [98.686, 3.6175],
    [98.7019, 3.5947],
    [98.6983, 3.5985],
    [98.6882, 3.6149],
    [98.7017, 3.598],
    [98.7027, 3.6015],
    [98.6874, 3.6166],
    [98.6989, 3.5981],
    [98.6931, 3.6045],
    [98.6895, 3.6183],
    [98.7023, 3.6009],
    [98.6864, 3.6021],
    [98.689, 3.5928],
    [98.6864, 3.6134],
    [98.6862, 3.6046],
    [98.7027, 3.594],
    [98.6911, 3.5935],
    [98.6878, 3.6063],
    [98.7041, 3.5889],
    [98.6893, 3.6085],
    [98.6991, 3.5995],
    [98.6997, 3.6037],
    [98.7023, 3.5963],
    [98.6896, 3.6164],
    [98.6965, 3.5947],
    [98.6984, 3.5982],
    [98.6991, 3.5949],
    [98.6864, 3.6134],
    [98.6991, 3.5979],
    [98.7012, 3.5958],
    [98.696, 3.6016],
    [98.6931, 3.595],
    [98.6933, 3.6065],
    [98.692, 3.5943],
    [98.6968, 3.601],
    [98.6837, 3.6063],
    [98.7008, 3.5995],
    [98.6951, 3.5997],
    [98.704, 3.5978],
    [98.6872, 3.6087],
    [98.6984, 3.5965],
    [98.6971, 3.5998],
    [98.6923, 3.6103],
    [98.6914, 3.605],
    [98.6838, 3.6077],
    [98.6945, 3.5981],
    [98.7037, 3.5941],
    [98.6841, 3.6033],
    [98.6989, 3.601],
    [98.6992, 3.595],
    [98.6912, 3.606],
    [98.7027, 3.6015],
    [98.6992, 3.5996],
    [98.6962, 3.5966],
    [98.6857, 3.6044],
    [98.6954, 3.5986],
    [98.7039, 3.5903],
    [98.6957, 3.6007],
    [98.7051, 3.5982],
    [98.692, 3.6148],
    [98.6963, 3.5984],
    [98.687, 3.6029],
    [98.7027, 3.6015],
    [98.6941, 3.6004],
    [98.6861, 3.5921],
    [98.6966, 3.6018],
    [98.6953, 3.603],
    [98.6895, 3.6164],
    [98.6891, 3.5927],
    [98.6883, 3.6034],
    [98.7028, 3.5916],
    [98.6992, 3.595],
    [98.7017, 3.5997],
    [98.7032, 3.5979],
    [98.6868, 3.6164],
    [98.6878, 3.5945],
    [98.689, 3.5954],
    [98.6838, 3.6077],
    [98.6865, 3.6135],
    [98.6828, 3.6056],
    [98.6911, 3.6142],
    [98.6931, 3.595],
    [98.696, 3.6004],
    [98.6929, 3.5983],
    [98.6941, 3.6096],
    [98.6899, 3.6132],
    [98.6873, 3.6163],
    [98.6823, 3.6061],
    [98.6876, 3.6148],
    [98.6996, 3.5984],
    [98.6931, 3.595],
    [98.7029, 3.5922],
    [98.6938, 3.6065],
    [98.6903, 3.6096],
    [98.6928, 3.5993],
    [98.6875, 3.6075],
    [98.7008, 3.602],
    [98.6941, 3.6009],
    [98.686, 3.5921],
    [98.6932, 3.6164],
    [98.6856, 3.6187],
    [98.6903, 3.5936],
    [98.6867, 3.607],
    [98.6989, 3.5972],
    [98.6876, 3.5932],
    [98.6827, 3.603],
    [98.6883, 3.6034],
    [98.6894, 3.6152],
    [98.6993, 3.5959],
    [98.6973, 3.5982],
    [98.6915, 3.604],
    [98.6938, 3.5944],
    [98.6974, 3.5983],
    [98.6912, 3.5937],
    [98.6968, 3.6003],
    [98.7013, 3.6008],
    [98.69, 3.6117],
    [98.6996, 3.5969],
    [98.6852, 3.6078],
    [98.6867, 3.6164],
    [98.6914, 3.6023],
    [98.6844, 3.5923],
    [98.6918, 3.5986],
    [98.6848, 3.593],
    [98.6827, 3.603],
    [98.693, 3.5983],
    [98.6831, 3.6016],
    [98.6875, 3.6075],
    [98.694, 3.6069],
    [98.6924, 3.6028],
    [98.6908, 3.609],
    [98.6838, 3.6077],
    [98.6843, 3.6071],
    [98.6903, 3.593],
    [98.6905, 3.6065],
    [98.7046, 3.5978],
    [98.6903, 3.6129],
    [98.685, 3.6085],
    [98.685, 3.6179],
    [98.6873, 3.6117],
    [98.6994, 3.5984],
    [98.6848, 3.606],
    [98.704, 3.6016],
    [98.6837, 3.6077],
    [98.6938, 3.6102],
    [98.6957, 3.5948],
    [98.6963, 3.5984],
    [98.6859, 3.6078],
    [98.7037, 3.5981],
    [98.6899, 3.6164],
    [98.6862, 3.6059],
    [98.6902, 3.613],
    [98.6976, 3.5945],
    [98.6921, 3.6083],
    [98.692, 3.6038],
    [98.6992, 3.5936],
    [98.6986, 3.5962],
    [98.6882, 3.6098],
    [98.6959, 3.601],
    [98.6831, 3.6074],
    [98.6949, 3.5983],
    [98.6841, 3.5924],
    [98.7027, 3.6015],
    [98.6877, 3.6162],
    [98.6927, 3.6146],
    [98.6865, 3.6135],
    [98.6915, 3.6149],
    [98.7044, 3.591],
    [98.703, 3.5923],
    [98.6913, 3.6107],
    [98.6917, 3.5933],
    [98.7004, 3.5981],
    [98.6855, 3.6035],
    [98.6986, 3.5976],
    [98.6986, 3.5976],
    [98.6908, 3.609],
    [98.7008, 3.602],
    [98.6969, 3.5964],
    [98.6855, 3.6035],
    [98.6904, 3.6073],
    [98.6931, 3.6075],
    [98.7009, 3.6019],
    [98.7012, 3.6015],
    [98.6889, 3.6066],
    [98.6974, 3.5983],
    [98.6896, 3.6128],
    [98.6937, 3.5955],
    [98.7044, 3.5923],
    [98.6863, 3.6164],
    [98.7008, 3.602],
    [98.7002, 3.6029],
    [98.6961, 3.5973],
    [98.7053, 3.5982],
    [98.6856, 3.6187],
    [98.6899, 3.6184],
    [98.6918, 3.5933],
    [98.6974, 3.5983],
    [98.6825, 3.6073],
    [98.6888, 3.6118],
    [98.7021, 3.5981],
    [98.6948, 3.5953],
    [98.6968, 3.601],
    [98.6858, 3.594],
    [98.6911, 3.6075],
    [98.6915, 3.6073],
    [98.7046, 3.5978],
    [98.6888, 3.6043],
    [98.6994, 3.601],
    [98.6875, 3.5932],
    [98.6913, 3.6107],
    [98.6988, 3.5985],
    [98.6999, 3.602],
    [98.6915, 3.6021],
    [98.6833, 3.6069],
    [98.6857, 3.6153],
    [98.6886, 3.6118],
    [98.6855, 3.5929],
    [98.6874, 3.6166],
    [98.6878, 3.5932],
    [98.6875, 3.6151],
    [98.6915, 3.6027],
    [98.691, 3.6027],
    [98.6856, 3.6187],
    [98.7027, 3.6015],
    [98.6931, 3.6011],
    [98.7009, 3.6019],
    [98.6895, 3.6164],
    [98.7014, 3.598],
    [98.691, 3.6173],
    [98.7046, 3.5978],
    [98.7043, 3.592],
    [98.6887, 3.6132],
    [98.7008, 3.602],
    [98.7053, 3.5982],
    [98.6836, 3.6083],
    [98.6851, 3.61],
    [98.6888, 3.5935],
    [98.6958, 3.6028],
    [98.6986, 3.5976],
    [98.6943, 3.6073],
    [98.6875, 3.6165],
    [98.6944, 3.604],
    [98.6865, 3.6158],
    [98.702, 3.5938],
    [98.7037, 3.5981],
    [98.6994, 3.5984],
    [98.6885, 3.6023],
    [98.6883, 3.6126],
    [98.6858, 3.6099],
    [98.7019, 3.5916],
    [98.7042, 3.5888],
    [98.7036, 3.5932],
    [98.693, 3.6048],
    [98.6916, 3.616],
    [98.6855, 3.5931],
    [98.697, 3.5988],
    [98.6824, 3.607],
    [98.6901, 3.5949],
    [98.6882, 3.6018],
    [98.6872, 3.6087],
    [98.7008, 3.602],
    [98.7004, 3.5953],
    [98.6958, 3.6028],
    [98.6938, 3.5944],
    [98.7027, 3.594],
    [98.7019, 3.5947],
    [98.7, 3.6008],
    [98.6927, 3.6105],
    [98.6865, 3.6021],
    [98.6969, 3.5981],
    [98.6921, 3.6026],
    [98.6909, 3.6164],
    [98.7036, 3.5932],
    [98.688, 3.595],
    [98.6896, 3.6128],
    [98.6833, 3.6069],
    [98.7032, 3.5962],
    [98.691, 3.5947],
    [98.7008, 3.602],
    [98.69, 3.6116],
    [98.6844, 3.5917],
    [98.7027, 3.6015],
    [98.6859, 3.6017],
    [98.7008, 3.602],
    [98.6896, 3.6144],
    [98.6965, 3.598],
    [98.6972, 3.5984],
    [98.6876, 3.6116],
    [98.6838, 3.6077],
    [98.7004, 3.5989],
    [98.6893, 3.6164],
    [98.7032, 3.5952],
    [98.6948, 3.5953],
    [98.7027, 3.5955],
    [98.6855, 3.594],
    [98.6855, 3.6035],
    [98.6836, 3.606],
    [98.6963, 3.601],
    [98.6927, 3.6164],
    [98.7028, 3.5969],
    [98.6968, 3.5985],
    [98.6895, 3.6164],
    [98.6941, 3.6007],
    [98.6939, 3.6019],
    [98.6927, 3.5986],
    [98.6835, 3.6067],
    [98.6826, 3.6047],
    [98.6979, 3.6025],
    [98.6867, 3.615],
    [98.6903, 3.6129],
    [98.6913, 3.6056],
    [98.6977, 3.5945],
    [98.6871, 3.5945],
    [98.7011, 3.5987],
    [98.6833, 3.6042],
    [98.6915, 3.6021],
    [98.6836, 3.606],
    [98.7012, 3.6035],
    [98.6882, 3.6082],
    [98.6927, 3.5983],
    [98.6882, 3.5946],
    [98.6878, 3.6063],
    [98.694, 3.5987],
    [98.6868, 3.6164],
    [98.7008, 3.5977],
    [98.7041, 3.5988],
    [98.698, 3.6019],
    [98.7028, 3.5969],
    [98.6853, 3.6072],
    [98.6963, 3.5984],
    [98.7037, 3.5981],
    [98.6884, 3.5942],
    [98.6875, 3.6059],
    [98.6994, 3.5984],
    [98.6858, 3.6099],
    [98.6887, 3.5937],
    [98.6877, 3.5945],
    [98.7013, 3.5958],
    [98.6858, 3.6148],
    [98.7043, 3.5982],
    [98.6899, 3.6132],
    [98.6899, 3.6132],
    [98.6895, 3.5953],
    [98.7024, 3.5993],
    [98.6963, 3.5984],
    [98.6841, 3.5932],
    [98.6839, 3.6052],
    [98.6898, 3.6147],
    [98.6912, 3.6124],
    [98.7043, 3.5974],
    [98.6938, 3.6051],
    [98.6855, 3.6035],
    [98.6935, 3.5937],
    [98.685, 3.6139],
    [98.6843, 3.6078],
    [98.6997, 3.6002],
    [98.6946, 3.6027],
    [98.6986, 3.5976],
    [98.7027, 3.6015],
    [98.6824, 3.6076],
    [98.6898, 3.5929],
    [98.6948, 3.5983],
    [98.6929, 3.6122],
    [98.6838, 3.6026],
    [98.6884, 3.5942],
    [98.6871, 3.6078],
    [98.704, 3.5978],
    [98.6851, 3.6149],
    [98.7039, 3.5908],
    [98.691, 3.618],
    [98.6916, 3.6042],
    [98.6824, 3.6076],
    [98.7043, 3.5974],
    [98.6823, 3.6057],
    [98.7041, 3.5922],
    [98.6839, 3.6074],
    [98.6903, 3.6129],
    [98.6903, 3.6129],
    [98.701, 3.5936],
    [98.6888, 3.6107],
    [98.7027, 3.5955],
    [98.6916, 3.6042],
    [98.7037, 3.5981],
    [98.6902, 3.61],
    [98.6855, 3.6035],
    [98.6924, 3.6047],
    [98.6895, 3.6164],
    [98.698, 3.5983],
    [98.6968, 3.5985],
    [98.6847, 3.6058],
    [98.6946, 3.593],
    [98.6927, 3.6096],
    [98.7027, 3.594],
    [98.6974, 3.6017],
    [98.698, 3.5983],
    [98.6892, 3.6087],
    [98.692, 3.5957],
    [98.6976, 3.5972],
    [98.6825, 3.6073],
    [98.6891, 3.5927],
    [98.6882, 3.6098],
    [98.6935, 3.5986],
    [98.6993, 3.5959],
    [98.6925, 3.6005],
    [98.6891, 3.605],
    [98.7011, 3.5971],
    [98.699, 3.5986],
    [98.686, 3.6164],
    [98.6911, 3.6089],
    [98.6995, 3.595],
    [98.6937, 3.5929],
    [98.692, 3.5943],
    [98.7008, 3.6035],
    [98.6903, 3.6129],
    [98.6855, 3.6042],
    [98.6995, 3.595],
    [98.6885, 3.6056],
    [98.6883, 3.6034],
    [98.7002, 3.5946],
    [98.6928, 3.6152],
    [98.6995, 3.595],
    [98.6971, 3.5978],
    [98.6874, 3.6004],
    [98.7036, 3.598],
    [98.6895, 3.6164],
    [98.7031, 3.5994],
    [98.6844, 3.5935],
    [98.6893, 3.6184],
    [98.6834, 3.6075],
    [98.6876, 3.5932],
    [98.697, 3.6034],
    [98.6911, 3.6142],
    [98.688, 3.6042],
    [98.6945, 3.6038],
    [98.6854, 3.6041],
    [98.6878, 3.594],
    [98.6916, 3.6042],
    [98.6878, 3.594],
    [98.6916, 3.6015],
    [98.6855, 3.6035],
    [98.6895, 3.5941],
    [98.6869, 3.6099],
    [98.6879, 3.6134],
    [98.6874, 3.6166],
    [98.6974, 3.5983],
    [98.6974, 3.5967],
    [98.7026, 3.5967],
    [98.6938, 3.598],
    [98.6862, 3.6046],
    [98.6889, 3.6066],
    [98.7014, 3.5982],
    [98.6938, 3.5944],
    [98.6875, 3.6059],
    [98.696, 3.6004],
    [98.6885, 3.6087],
    [98.6906, 3.6105],
    [98.6986, 3.5976],
    [98.6863, 3.5923],
    [98.69, 3.5911],
    [98.6953, 3.5961],
    [98.6875, 3.6059],
    [98.6833, 3.6057],
    [98.7032, 3.5945],
    [98.6823, 3.6061],
    [98.6971, 3.6019],
    [98.7008, 3.602],
    [98.6869, 3.6061],
    [98.6884, 3.594],
    [98.6928, 3.613],
    [98.6887, 3.5941],
    [98.6895, 3.6183],
    [98.6836, 3.5931],
    [98.7038, 3.6001],
    [98.7034, 3.5966],
    [98.69, 3.5942],
    [98.6875, 3.6075],
    [98.7021, 3.598],
    [98.6959, 3.601],
    [98.7037, 3.5981],
    [98.685, 3.6149],
    [98.6911, 3.6091],
    [98.6932, 3.5991],
    [98.6882, 3.6082],
    [98.7023, 3.5983],
    [98.6903, 3.6129],
    [98.6898, 3.6105],
    [98.692, 3.5986],
    [98.6924, 3.5949],
    [98.6882, 3.6082],
    [98.6854, 3.6165],
    [98.6895, 3.6183],
    [98.7037, 3.5981],
    [98.6903, 3.6129],
    [98.6847, 3.5929],
    [98.6854, 3.6183],
    [98.6836, 3.606],
    [98.6826, 3.6047],
    [98.6834, 3.6098],
    [98.6824, 3.6069],
    [98.6895, 3.6183],
    [98.6842, 3.593],
    [98.688, 3.6163],
    [98.6993, 3.5959],
    [98.6852, 3.599],
    [98.7024, 3.593],
    [98.6898, 3.6104],
    [98.6999, 3.5966],
    [98.6858, 3.6099],
    [98.6877, 3.6123],
    [98.6877, 3.6061],
    [98.685, 3.5933],
    [98.6843, 3.5923],
    [98.7053, 3.596],
    [98.6895, 3.6149],
    [98.6827, 3.6025],
    [98.6974, 3.5982],
    [98.6878, 3.6053],
    [98.6857, 3.6044],
    [98.6843, 3.6078],
    [98.6873, 3.5945],
    [98.6944, 3.604],
    [98.6931, 3.6148],
    [98.703, 3.5947],
    [98.6883, 3.6133],
    [98.6884, 3.6011],
    [98.687, 3.5938],
    [98.6911, 3.6142],
    [98.689, 3.6149],
    [98.7038, 3.6009],
    [98.6882, 3.6149],
    [98.6949, 3.5932],
    [98.6872, 3.6042],
    [98.6928, 3.6081],
    [98.7011, 3.598],
    [98.6884, 3.6015],
    [98.6855, 3.6035],
    [98.6882, 3.6082],
    [98.691, 3.6162],
    [98.6825, 3.6074],
    [98.695, 3.5936],
    [98.6938, 3.6065],
    [98.6916, 3.6042],
    [98.7013, 3.6008],
    [98.6941, 3.6],
    [98.6924, 3.6047],
    [98.6898, 3.591],
    [98.6874, 3.5944],
    [98.6963, 3.5984],
    [98.6862, 3.5943],
    [98.6916, 3.6042],
    [98.7048, 3.6005],
    [98.7027, 3.6015],
    [98.684, 3.6026],
    [98.7015, 3.6],
    [98.6907, 3.6087],
    [98.6997, 3.6014],
    [98.7027, 3.594],
    [98.6912, 3.5949],
    [98.7045, 3.5956],
    [98.6954, 3.5983],
    [98.6915, 3.609],
    [98.6915, 3.6021],
    [98.6985, 3.5996],
    [98.7053, 3.5983],
    [98.6836, 3.5931],
    [98.7014, 3.5953],
    [98.6915, 3.6021],
    [98.6931, 3.6027],
    [98.6848, 3.6043],
    [98.6973, 3.5944],
    [98.6836, 3.6028],
    [98.6885, 3.6133],
    [98.6844, 3.5928],
    [98.6905, 3.6074],
    [98.6889, 3.6052],
    [98.6922, 3.5984],
    [98.6878, 3.6021],
    [98.7038, 3.5901],
    [98.6833, 3.6069],
    [98.6878, 3.594],
    [98.6847, 3.6056],
    [98.6837, 3.5928],
    [98.7023, 3.5936],
    [98.6837, 3.6026],
    [98.6994, 3.5984],
    [98.7051, 3.5992],
    [98.7008, 3.602],
    [98.6857, 3.599],
    [98.696, 3.5993],
    [98.6851, 3.5933],
    [98.6902, 3.5931],
    [98.6912, 3.6149],
    [98.6867, 3.6142],
    [98.6883, 3.6027],
    [98.6997, 3.5973],
    [98.6903, 3.606],
    [98.696, 3.5982],
    [98.6887, 3.6114],
    [98.7036, 3.592],
    [98.6835, 3.6077],
    [98.6841, 3.6119],
    [98.691, 3.6153],
    [98.691, 3.5947],
    [98.6895, 3.6164],
    [98.6901, 3.6186],
    [98.6924, 3.6074],
    [98.6859, 3.6132],
    [98.7041, 3.5933],
    [98.698, 3.5981],
    [98.6865, 3.6036],
    [98.6895, 3.6149],
    [98.6972, 3.5983],
    [98.6906, 3.6041],
    [98.6927, 3.6096],
    [98.6932, 3.6163],
    [98.6918, 3.5986],
    [98.7027, 3.6015],
    [98.6841, 3.5925],
    [98.6841, 3.5938],
    [98.6872, 3.6042],
    [98.6859, 3.5927],
    [98.6991, 3.6007],
    [98.6904, 3.6132],
    [98.6986, 3.5976],
    [98.6931, 3.6026],
    [98.6864, 3.6121],
    [98.6904, 3.5943],
    [98.6998, 3.5977],
    [98.6856, 3.5929],
    [98.6857, 3.6135],
    [98.6899, 3.6165],
    [98.6965, 3.5947],
    [98.6911, 3.6098],
    [98.691, 3.5947],
    [98.6861, 3.6149],
    [98.7011, 3.5971],
    [98.6916, 3.6139],
    [98.6895, 3.6164],
    [98.6942, 3.5979],
    [98.7008, 3.602],
    [98.6906, 3.6058],
    [98.6855, 3.6035],
    [98.699, 3.5974],
    [98.7008, 3.602],
    [98.7013, 3.6008],
    [98.6872, 3.6165],
    [98.6991, 3.6011],
    [98.6873, 3.6163],
    [98.6872, 3.6042],
    [98.6898, 3.5955],
    [98.7014, 3.5973],
    [98.7037, 3.5981],
    [98.6908, 3.609],
    [98.691, 3.5947],
    [98.7027, 3.6015],
    [98.698, 3.5983],
    [98.7003, 3.5931],
    [98.6826, 3.6047],
    [98.696, 3.6004],
    [98.6928, 3.6073],
    [98.6877, 3.6064],
    [98.7015, 3.5937],
    [98.6932, 3.602],
    [98.6847, 3.5931],
    [98.6883, 3.5949],
    [98.6884, 3.5942],
    [98.6855, 3.6035],
    [98.6869, 3.6074],
    [98.6906, 3.6028],
    [98.7052, 3.5982],
    [98.6857, 3.6135],
    [98.6995, 3.5978],
    [98.6872, 3.5944],
    [98.6851, 3.5995],
    [98.7032, 3.5979],
    [98.7029, 3.5899],
    [98.6847, 3.6055],
    [98.6925, 3.6014],
    [98.6883, 3.6025],
    [98.6877, 3.6028],
    [98.6855, 3.6035],
    [98.6857, 3.6045],
    [98.6905, 3.6056],
    [98.6936, 3.6044],
    [98.6841, 3.593],
    [98.6924, 3.6047],
    [98.6977, 3.5983],
    [98.7021, 3.598],
    [98.6855, 3.6035],
    [98.6851, 3.5995],
    [98.6914, 3.6023],
    [98.6924, 3.6026],
    [98.6842, 3.5913],
    [98.6862, 3.608],
    [98.6942, 3.5985],
    [98.6898, 3.5955],
    [98.6826, 3.6047],
    [98.6903, 3.6129],
    [98.6863, 3.5923],
    [98.6934, 3.5986],
    [98.6878, 3.6134],
    [98.6877, 3.6116],
    [98.6928, 3.6038],
    [98.6963, 3.5984],
    [98.6913, 3.6056],
    [98.6867, 3.5947],
    [98.6931, 3.601],
    [98.6836, 3.605],
    [98.6848, 3.6075],
    [98.6921, 3.6053],
    [98.7008, 3.602],
    [98.6902, 3.5937],
    [98.6938, 3.5944],
    [98.6887, 3.6164],
    [98.6865, 3.6013],
    [98.698, 3.5944],
    [98.684, 3.5989],
    [98.6953, 3.5983],
    [98.7007, 3.5953],
    [98.7048, 3.5948],
    [98.7049, 3.5931],
    [98.691, 3.6161],
    [98.6898, 3.5955],
    [98.689, 3.6034],
    [98.6899, 3.6132],
    [98.6842, 3.6012],
    [98.7036, 3.6008],
    [98.6982, 3.5984],
    [98.6921, 3.5999],
    [98.7027, 3.6015],
    [98.7032, 3.6035],
    [98.7027, 3.6015],
    [98.6909, 3.5921],
    [98.6823, 3.6061],
    [98.6839, 3.5989],
    [98.6882, 3.6123],
    [98.685, 3.5926],
    [98.6898, 3.5946],
    [98.7031, 3.5968],
    [98.6905, 3.6123],
    [98.696, 3.6026],
    [98.6905, 3.5936],
    [98.6921, 3.6095],
    [98.6946, 3.5977],
    [98.6974, 3.5983],
    [98.7047, 3.5917],
    [98.6952, 3.5941],
    [98.6928, 3.6073],
    [98.6874, 3.6164],
    [98.6887, 3.5954],
    [98.7032, 3.6017],
    [98.6907, 3.613],
    [98.7008, 3.5941],
    [98.688, 3.5934],
    [98.7037, 3.5981],
    [98.6969, 3.5951],
    [98.6903, 3.6129],
    [98.6959, 3.5999],
    [98.6935, 3.5998],
    [98.6928, 3.594],
    [98.6881, 3.5939],
    [98.6862, 3.6062],
    [98.6986, 3.5976],
    [98.6846, 3.5934],
    [98.6831, 3.6067],
    [98.6938, 3.6065],
    [98.6835, 3.6041],
    [98.6899, 3.6132],
    [98.6875, 3.6061],
    [98.6827, 3.6021],
    [98.6963, 3.5984],
    [98.6842, 3.5929],
    [98.6986, 3.5976],
    [98.7023, 3.5936],
    [98.687, 3.6165],
    [98.6833, 3.6069],
    [98.6973, 3.5985],
    [98.6836, 3.606],
    [98.6875, 3.6004],
    [98.7026, 3.6008],
    [98.6906, 3.6058],
    [98.7003, 3.6029],
    [98.6931, 3.6071],
    [98.6932, 3.602],
    [98.6838, 3.6077],
    [98.6995, 3.5984],
    [98.6974, 3.5982],
    [98.6939, 3.5946],
    [98.6849, 3.6097],
    [98.6965, 3.5997],
    [98.6908, 3.5937],
    [98.6924, 3.6047],
    [98.6833, 3.6115],
    [98.6855, 3.6035],
    [98.7008, 3.602],
    [98.6824, 3.6065],
    [98.7021, 3.598],
    [98.6995, 3.595],
    [98.6869, 3.6068],
    [98.6924, 3.6047],
    [98.6842, 3.5913],
    [98.6988, 3.5996],
    [98.6903, 3.6129],
    [98.6898, 3.5955],
    [98.6864, 3.6186],
    [98.6965, 3.5997],
    [98.6996, 3.5989],
    [98.6938, 3.5944],
    [98.6899, 3.6164],
    [98.6855, 3.6186],
    [98.7016, 3.5956],
    [98.7017, 3.5953],
    [98.7047, 3.5947],
    [98.7041, 3.595],
    [98.7041, 3.5943],
    [98.7011, 3.5937],
    [98.7021, 3.5929],
    [98.7016, 3.5921],
    [98.7022, 3.5926],
    [98.7044, 3.5931],
    [98.6964, 3.5982],
    [98.6972, 3.5981],
    [98.6984, 3.5963],
    [98.7002, 3.5946],
    [98.701, 3.5936],
    [98.7009, 3.5937],
    [98.698, 3.5988],
    [98.6943, 3.5984],
    [98.7051, 3.602],
    [98.7009, 3.6019],
    [98.7013, 3.602],
    [98.7013, 3.6008],
    [98.6969, 3.602],
    [98.7013, 3.6008],
    [98.7013, 3.5995],
    [98.7013, 3.5995],
    [98.7036, 3.5956],
    [98.7024, 3.5973],
    [98.7036, 3.5956],
    [98.7036, 3.5965],
    [98.7024, 3.5958],
    [98.7035, 3.5954],
    [98.69, 3.6116],
    [98.691, 3.6126],
    [98.6882, 3.6098],
    [98.6833, 3.6069],
    [98.6845, 3.605],
    [98.6826, 3.603],
    [98.6878, 3.6097],
    [98.6899, 3.6096],
    [98.6933, 3.609],
    [98.6939, 3.6064],
    [98.6938, 3.6041],
    [98.6943, 3.5997],
    [98.6963, 3.6003],
    [98.6992, 3.6],
    [98.6874, 3.6166],
    [98.6874, 3.6166],
    [98.6933, 3.616],
    [98.691, 3.6144],
    [98.6882, 3.6149],
    [98.6899, 3.6132],
    [98.7024, 3.5931],
    [98.692, 3.6138],
    [98.6825, 3.6074],
    [98.6848, 3.6053],
    [98.6898, 3.6068],
    [98.692, 3.6066],
    [98.6907, 3.603],
    [98.6974, 3.6003],
    [98.6964, 3.6012],
    [98.7032, 3.5945],
    [98.6882, 3.6098],
    [98.6888, 3.6107],
    [98.6833, 3.6049],
    [98.7037, 3.5902],
    [98.6918, 3.6015],
    [98.6978, 3.6011],
    [98.6916, 3.5934],
    [98.6889, 3.6097],
    [98.7014, 3.6024],
    [98.7049, 3.5968],
    [98.705, 3.5968],
    [98.7041, 3.5943],
    [98.6898, 3.6162],
    [98.6893, 3.612],
    [98.6888, 3.6107],
    [98.6996, 3.5989],
    [98.7024, 3.5958],
    [98.6973, 3.5974],
    [98.7002, 3.5946],
    [98.7042, 3.5891],
    [98.6914, 3.6046],
    [98.6928, 3.613],
    [98.6959, 3.6031],
    [98.7001, 3.5931],
    [98.7005, 3.593],
    [98.6984, 3.5963],
    [98.6995, 3.595],
    [98.7006, 3.5939],
    [98.7005, 3.5929],
    [98.685, 3.5932],
    [98.6853, 3.5931],
    [98.6858, 3.5931],
    [98.6873, 3.5929],
    [98.6911, 3.594],
    [98.6904, 3.5943],
    [98.691, 3.5947],
    [98.6892, 3.593],
    [98.7036, 3.5956],
    [98.7018, 3.596],
    [98.7027, 3.5951],
    [98.7027, 3.5949],
    [98.7018, 3.5951],
    [98.701, 3.5924],
    [98.7025, 3.5922],
    [98.7025, 3.5924],
    [98.7039, 3.5911],
    [98.7036, 3.5895],
    [98.6963, 3.5966],
    [98.6982, 3.5966],
    [98.6995, 3.5967],
    [98.6985, 3.5982],
    [98.698, 3.5983],
    [98.6995, 3.595],
    [98.6968, 3.5997],
    [98.6937, 3.5989],
    [98.6968, 3.5997],
    [98.7026, 3.598],
    [98.6997, 3.6037],
    [98.696, 3.5991],
    [98.7022, 3.6009],
    [98.7002, 3.6001],
    [98.7013, 3.5995],
    [98.7013, 3.5995],
    [98.7013, 3.5995],
    [98.7013, 3.5995],
    [98.7013, 3.5995],
    [98.7051, 3.5995],
    [98.7027, 3.5993],
    [98.6914, 3.6069],
    [98.6924, 3.6047],
    [98.6971, 3.6015],
    [98.6915, 3.6034],
    [98.6908, 3.6021],
    [98.6927, 3.6008],
    [98.6967, 3.601],
    [98.6967, 3.601],
    [98.6979, 3.6002],
    [98.6968, 3.5997],
    [98.6988, 3.6004],
    [98.7003, 3.6008],
    [98.7006, 3.6001],
    [98.7003, 3.5994],
    [98.687, 3.6029],
    [98.6859, 3.6093],
    [98.6858, 3.6099],
    [98.6889, 3.6076],
    [98.6869, 3.607],
    [98.6872, 3.6042],
    [98.6906, 3.605],
    [98.6899, 3.6026],
    [98.6906, 3.6028],
    [98.6899, 3.6023],
    [98.6872, 3.6042],
    [98.6927, 3.6096],
    [98.6925, 3.6085],
    [98.6928, 3.6081],
    [98.6899, 3.6064],
    [98.6874, 3.6147],
    [98.6872, 3.6141],
    [98.6858, 3.6148],
    [98.6905, 3.6132],
    [98.694, 3.6129],
    [98.6924, 3.6096],
    [98.6891, 3.6107],
    [98.6853, 3.6108],
    [98.6826, 3.6047],
    [98.6829, 3.6049],
    [98.6865, 3.6036],
    [98.6856, 3.6187],
    [98.6895, 3.6183],
    [98.6879, 3.6183],
    [98.6895, 3.6164],
    [98.6857, 3.615],
    [98.6894, 3.6156],
    [98.6912, 3.6134],
    [98.6895, 3.6149],
    [98.6912, 3.6134],
    [98.6833, 3.6115],
    [98.7026, 3.5932],
    [98.6985, 3.5982],
    [98.7004, 3.5953],
    [98.6868, 3.6019],
    [98.6851, 3.5995],
    [98.6914, 3.61],
    [98.693, 3.604],
    [98.6924, 3.6047],
    [98.6913, 3.6056],
    [98.6913, 3.6056],
    [98.6931, 3.6009],
    [98.6928, 3.5993],
    [98.7053, 3.6026],
    [98.6923, 3.6012],
    [98.7037, 3.5981],
    [98.7036, 3.5956],
    [98.7032, 3.5945],
    [98.6883, 3.6185],
    [98.6874, 3.6168],
    [98.686, 3.6175],
    [98.69, 3.615],
    [98.69, 3.6162],
    [98.6922, 3.613],
    [98.6922, 3.613],
    [98.6932, 3.6131],
    [98.6912, 3.6124],
    [98.6918, 3.6124],
    [98.6936, 3.6123],
    [98.6937, 3.6096],
    [98.6924, 3.6107],
    [98.6927, 3.6096],
    [98.6848, 3.6051],
    [98.6971, 3.6015],
    [98.6833, 3.6115],
    [98.6827, 3.6021],
    [98.6988, 3.599],
    [98.7036, 3.5964],
    [98.7027, 3.5924],
    [98.6993, 3.5959],
    [98.7006, 3.5973],
    [98.6996, 3.5941],
    [98.7004, 3.5953],
    [98.7002, 3.5942],
    [98.6839, 3.5932],
    [98.6904, 3.5943],
    [98.6935, 3.6048],
    [98.693, 3.6048],
    [98.6902, 3.6028],
    [98.6924, 3.6047],
    [98.6924, 3.6026],
    [98.6921, 3.5999],
    [98.6933, 3.6004],
    [98.6984, 3.5984],
    [98.6955, 3.5994],
    [98.7035, 3.6026],
    [98.6996, 3.6029],
    [98.7011, 3.5971],
    [98.7036, 3.5956],
    [98.7051, 3.5958],
    [98.7013, 3.5958],
    [98.6869, 3.6068],
    [98.6867, 3.606],
    [98.6925, 3.6139],
    [98.6905, 3.6045],
    [98.6879, 3.6048],
    [98.6895, 3.6059],
    [98.6899, 3.602],
    [98.6889, 3.6066],
    [98.6935, 3.6096],
    [98.693, 3.6079],
    [98.6921, 3.6083],
    [98.6889, 3.6097],
    [98.6906, 3.6058],
    [98.6919, 3.6057],
    [98.6932, 3.6072],
    [98.6888, 3.6107],
    [98.6882, 3.6098],
    [98.6834, 3.6067],
    [98.6844, 3.6043],
    [98.684, 3.5989],
    [98.6869, 3.6025],
    [98.684, 3.5989],
    [98.6855, 3.6035],
    [98.6861, 3.6092],
    [98.685, 3.6099],
    [98.689, 3.6097],
    [98.6901, 3.6092],
    [98.6883, 3.6082],
    [98.6882, 3.6067],
    [98.6889, 3.6066],
    [98.6915, 3.6183],
    [98.6911, 3.6142],
    [98.6889, 3.618],
    [98.6895, 3.6164],
    [98.6864, 3.6142],
    [98.69, 3.6116],
    [98.6895, 3.6146],
    [98.6899, 3.6132],
    [98.6941, 3.6097],
    [98.6927, 3.6103],
    [98.6898, 3.6163],
    [98.692, 3.6104],
    [98.6927, 3.6096],
    [98.6882, 3.6098],
    [98.6881, 3.6115],
    [98.6853, 3.6108],
    [98.6859, 3.6017],
    [98.7, 3.6025],
    [98.6967, 3.6028],
    [98.7043, 3.6006],
    [98.6856, 3.6193],
    [98.692, 3.6177],
    [98.692, 3.6177],
    [98.6894, 3.6178],
    [98.6874, 3.6166],
    [98.6874, 3.6166],
    [98.6895, 3.6164],
    [98.692, 3.6138],
    [98.6899, 3.6132],
    [98.6899, 3.6132],
    [98.6895, 3.6132],
    [98.6899, 3.6132],
    [98.6932, 3.6113],
    [98.6927, 3.6096],
    [98.6974, 3.6003],
    [98.6868, 3.6003],
    [98.6888, 3.6022],
    [98.6841, 3.6119],
    [98.7036, 3.5956],
    [98.6952, 3.5982],
    [98.698, 3.5981],
    [98.6979, 3.5987],
    [98.6997, 3.5974],
    [98.6986, 3.5962],
    [98.6977, 3.5959],
    [98.6995, 3.595],
    [98.7004, 3.5953],
    [98.6857, 3.5928],
    [98.6881, 3.5953],
    [98.6959, 3.5941],
    [98.6974, 3.5945],
    [98.697, 3.6028],
    [98.6965, 3.6031],
    [98.6976, 3.6014],
    [98.7, 3.6015],
    [98.7013, 3.6008],
    [98.7028, 3.6008],
    [98.7022, 3.5997],
    [98.7003, 3.6008],
    [98.7013, 3.5995],
    [98.7013, 3.5995],
    [98.7041, 3.5988],
    [98.704, 3.597],
    [98.7039, 3.5977],
    [98.7027, 3.594],
    [98.7035, 3.5956],
    [98.7022, 3.5944],
    [98.6932, 3.6],
    [98.6968, 3.5997],
    [98.6932, 3.5986],
    [98.6968, 3.601],
    [98.6968, 3.5997],
    [98.6947, 3.6009],
    [98.7004, 3.6006],
    [98.7006, 3.6008],
    [98.7008, 3.5988],
    [98.6985, 3.5989],
    [98.6918, 3.5986],
    [98.7009, 3.6019],
    [98.7045, 3.6022],
    [98.7009, 3.6023],
    [98.6984, 3.6019],
    [98.6859, 3.6093],
    [98.6859, 3.6078],
    [98.6869, 3.6068],
    [98.6875, 3.6059],
    [98.6872, 3.6042],
    [98.6906, 3.605],
    [98.6883, 3.6027],
    [98.6937, 3.6096],
    [98.689, 3.606],
    [98.6911, 3.6062],
    [98.6914, 3.605],
    [98.685, 3.6029],
    [98.6933, 3.6026],
    [98.6857, 3.6125],
    [98.6857, 3.6125],
    [98.6899, 3.6132],
    [98.6925, 3.6118],
    [98.6911, 3.6062],
    [98.6825, 3.6074],
    [98.6836, 3.6054],
    [98.6855, 3.6035],
    [98.6842, 3.6033],
    [98.6826, 3.603],
    [98.683, 3.6019],
    [98.687, 3.6029],
    [98.6911, 3.6185],
    [98.6895, 3.6183],
    [98.6883, 3.617],
    [98.6903, 3.6129],
    [98.6868, 3.6151],
    [98.6869, 3.6142],
    [98.6835, 3.6067],
    [98.7023, 3.592],
    [98.7022, 3.5973],
    [98.6969, 3.5964],
    [98.6899, 3.6099],
    [98.6855, 3.6035],
    [98.6872, 3.6018],
    [98.6855, 3.6035],
    [98.693, 3.604],
    [98.6913, 3.6056],
    [98.6988, 3.5996],
    [98.6943, 3.5984],
    [98.7045, 3.6022],
    [98.7002, 3.6023],
    [98.6962, 3.6021],
    [98.7035, 3.6024],
    [98.6957, 3.6006],
    [98.7052, 3.5994],
    [98.6899, 3.6149],
    [98.6909, 3.6156],
    [98.6899, 3.6132],
    [98.69, 3.6116],
    [98.691, 3.6149],
    [98.7035, 3.6026],
    [98.6913, 3.6032],
    [98.6932, 3.602],
    [98.7007, 3.5996],
    [98.693, 3.5979],
    [98.7033, 3.6032],
    [98.6984, 3.5965],
    [98.6899, 3.5947],
    [98.6942, 3.5952],
    [98.691, 3.6162],
    [98.6911, 3.6142],
    [98.6857, 3.6083],
    [98.6846, 3.6044],
    [98.6826, 3.604],
    [98.684, 3.5989],
    [98.689, 3.6041],
    [98.6919, 3.6057],
    [98.691, 3.6161],
    [98.6882, 3.6132],
    [98.6942, 3.6071],
    [98.6978, 3.6011],
    [98.7031, 3.5961],
    [98.7031, 3.5948],
    [98.6887, 3.5937],
    [98.6889, 3.6066],
    [98.6927, 3.6096],
    [98.6927, 3.6075],
    [98.6919, 3.6057],
    [98.6985, 3.5989],
    [98.7043, 3.6014],
    [98.7035, 3.6019],
    [98.7013, 3.6008],
    [98.7027, 3.594],
    [98.7032, 3.5952],
    [98.7029, 3.5899],
    [98.7001, 3.5961],
    [98.6855, 3.6178],
    [98.6895, 3.6149],
    [98.6899, 3.6132],
    [98.6937, 3.6131],
    [98.6899, 3.6124],
    [98.6934, 3.6125],
    [98.6924, 3.6107],
    [98.69, 3.6116],
    [98.684, 3.6055],
    [98.6874, 3.6097],
    [98.6893, 3.6067],
    [98.6859, 3.6043],
    [98.6883, 3.6185],
    [98.6895, 3.6183],
    [98.6895, 3.6164],
    [98.69, 3.6116],
    [98.6936, 3.6123],
    [98.69, 3.6116],
    [98.6901, 3.6043],
    [98.6942, 3.6021],
    [98.7023, 3.5947],
    [98.6895, 3.6097],
    [98.7004, 3.5953],
    [98.6904, 3.5936],
    [98.7021, 3.5929],
    [98.6895, 3.6149],
    [98.6855, 3.6035],
    [98.6855, 3.6035],
    [98.6913, 3.6056],
    [98.6933, 3.6008],
    [98.6957, 3.6025],
    [98.7036, 3.5956],
    [98.7028, 3.5934],
    [98.6995, 3.5975],
    [98.6912, 3.6146],
    [98.6921, 3.6097],
    [98.6861, 3.61],
    [98.6885, 3.6056],
    [98.702, 3.6009],
    [98.7036, 3.5956],
    [98.6972, 3.5981],
    [98.6963, 3.5951],
    [98.6914, 3.6189],
    [98.69, 3.6116],
    [98.7042, 3.5908],
    [98.6954, 3.5973],
    [98.704, 3.6019],
    [98.7017, 3.602],
    [98.699, 3.6036],
    [98.7028, 3.5994],
    [98.7021, 3.5981],
    [98.7013, 3.5984],
    [98.7053, 3.5961],
    [98.7018, 3.5953],
    [98.7024, 3.5924],
    [98.692, 3.5957],
    [98.6828, 3.6068],
    [98.6848, 3.6043],
    [98.683, 3.6019],
    [98.6906, 3.6072],
    [98.69, 3.6093],
    [98.6894, 3.6028],
    [98.6898, 3.6019],
    [98.6891, 3.6025],
    [98.6939, 3.6088],
    [98.6905, 3.6074],
    [98.6919, 3.6015],
    [98.6948, 3.5989],
    [98.6968, 3.601],
    [98.6984, 3.6003],
    [98.6963, 3.5984],
    [98.6963, 3.5984],
    [98.69, 3.6116],
    [98.7053, 3.5962],
    [98.699, 3.5972],
    [98.7006, 3.5927],
    [98.6895, 3.6183],
    [98.6921, 3.6164],
    [98.6929, 3.6173],
    [98.6907, 3.6164],
    [98.6881, 3.6163],
    [98.6912, 3.6139],
    [98.7052, 3.6026],
    [98.6941, 3.6004],
    [98.6879, 3.5929],
    [98.6906, 3.6081],
    [98.7023, 3.602],
    [98.7047, 3.6021],
    [98.6863, 3.5923],
    [98.6954, 3.5952],
    [98.6926, 3.6114],
    [98.6891, 3.605],
    [98.6944, 3.604],
    [98.694, 3.5987],
    [98.6968, 3.5997],
    [98.7003, 3.6002],
    [98.7012, 3.6014],
    [98.6971, 3.6019],
    [98.6949, 3.6037],
    [98.6995, 3.595],
    [98.7004, 3.5981],
    [98.689, 3.6149],
    [98.6972, 3.5981],
    [98.6879, 3.618],
    [98.689, 3.5954],
    [98.6979, 3.5953],
    [98.6977, 3.5966],
    [98.6895, 3.5953],
    [98.6825, 3.6073],
    [98.6833, 3.6057],
    [98.6828, 3.6025],
    [98.6922, 3.613],
    [98.6902, 3.613],
    [98.6982, 3.6011],
    [98.7027, 3.594],
    [98.7026, 3.5967],
    [98.6882, 3.6149],
    [98.6939, 3.6098],
    [98.703, 3.5934],
    [98.6887, 3.6132],
    [98.6864, 3.6134],
    [98.6919, 3.6057],
    [98.6958, 3.5992],
    [98.6959, 3.5994],
    [98.7004, 3.5989],
    [98.6884, 3.6013],
    [98.6949, 3.5983],
    [98.7008, 3.6027],
    [98.6966, 3.6008],
    [98.6966, 3.6008],
    [98.7014, 3.6001],
    [98.7027, 3.6015],
    [98.6974, 3.6002],
    [98.7031, 3.5994],
    [98.6929, 3.5984],
    [98.6924, 3.6013],
    [98.6825, 3.6073],
    [98.6857, 3.6078],
    [98.686, 3.6092],
    [98.6857, 3.6078],
    [98.6853, 3.6084],
    [98.6916, 3.6052],
    [98.697, 3.6037],
    [98.6889, 3.6066],
    [98.6904, 3.6073],
    [98.6886, 3.61],
    [98.6916, 3.6139],
    [98.6912, 3.606],
    [98.6913, 3.6056],
    [98.6913, 3.6058],
    [98.6924, 3.6074],
    [98.6875, 3.6165],
    [98.6927, 3.6013],
    [98.6876, 3.6184],
    [98.6873, 3.6163],
    [98.6864, 3.6134],
    [98.6864, 3.6134],
    [98.6832, 3.606],
    [98.688, 3.605],
    [98.6976, 3.6037],
    [98.6882, 3.6035],
    [98.6911, 3.6075],
    [98.7041, 3.5941],
    [98.6865, 3.6013],
    [98.6965, 3.598],
    [98.6937, 3.6072],
    [98.7041, 3.5911],
    [98.7044, 3.5963],
    [98.7026, 3.6011],
    [98.7013, 3.6008],
    [98.7008, 3.602],
    [98.7024, 3.6002],
    [98.694, 3.5999],
    [98.7027, 3.5992],
    [98.695, 3.6009],
    [98.6907, 3.6117],
    [98.6853, 3.6135],
    [98.6895, 3.6132],
    [98.7038, 3.5962],
    [98.7015, 3.5949],
    [98.7031, 3.5968],
    [98.6932, 3.6163],
    [98.6889, 3.618],
    [98.6849, 3.6097],
    [98.6838, 3.6077],
    [98.6905, 3.6074],
    [98.6906, 3.6072],
    [98.6891, 3.6073],
    [98.6905, 3.6066],
    [98.6861, 3.6149],
    [98.6944, 3.604],
    [98.6944, 3.6051],
    [98.6924, 3.6074],
    [98.6928, 3.608],
    [98.6933, 3.6065],
    [98.6933, 3.6065],
    [98.6975, 3.602],
    [98.6971, 3.6022],
    [98.7003, 3.6029],
    [98.7051, 3.6025],
    [98.6977, 3.5981],
    [98.6932, 3.5991],
    [98.6914, 3.6089],
    [98.6912, 3.6149],
    [98.6916, 3.6021],
    [98.6974, 3.5967],
    [98.7004, 3.5953],
    [98.6901, 3.6186],
    [98.6882, 3.6184],
    [98.6876, 3.5928],
    [98.6865, 3.6013],
    [98.6877, 3.6012],
    [98.6882, 3.6098],
    [98.7024, 3.5971],
    [98.6932, 3.5958],
    [98.699, 3.5982],
    [98.6859, 3.6128],
    [98.6966, 3.6033],
    [98.6919, 3.5923],
    [98.6968, 3.5984],
    [98.6824, 3.6065],
    [98.6914, 3.6078],
    [98.6914, 3.6078],
    [98.6972, 3.5979],
    [98.6971, 3.5978],
    [98.6971, 3.6019],
    [98.6971, 3.6019],
    [98.6999, 3.5978],
    [98.6899, 3.5943],
    [98.6915, 3.6021],
    [98.6876, 3.6005],
    [98.6832, 3.606],
    [98.704, 3.5907],
    [98.6976, 3.5945],
    [98.6925, 3.5932],
    [98.6928, 3.6038],
    [98.6868, 3.6097],
    [98.6893, 3.6039],
    [98.6915, 3.609],
    [98.6887, 3.6132],
    [98.6866, 3.6185],
    [98.6864, 3.6186],
    [98.6855, 3.6171],
    [98.6851, 3.6168],
    [98.7039, 3.5976],
    [98.7036, 3.5903],
    [98.7008, 3.5924],
    [98.6873, 3.593],
    [98.7045, 3.5891]
  ]
}
