{
  "type": "FeatureCollection",
  "properties": [
    ["id","nama_usaha","alamat","jenis_peta","kecamatan","kelurahan_desa","sls","blok_sensus","telepon","kbli_kategori","sumber_data"],
    ["1137","Bidan SHINTA (Marshinta Sirait)","Jl. Subur Ii No.64","prelist","MEDAN POLONIA","SARI REJO","LINGKUNGAN 2","","","Q. Jasa Kesehatan dan Kegiatan Sosial","Gmaps + SBR"],
    ["1138","Polonia Dental Clinic & Ortodontic Care","No.1","prelist","MEDAN POLONIA","POLONIA","LINGKUNGAN 1","","","Q. Jasa Kesehatan dan Kegiatan Sosial","Gmaps + SBR"],
    ["1139","Apotik Damai","Jl. Kh. Zainul Arifin No.111 Blok 125","prelist","MEDAN POLONIA","MADRAS HULU","LINGKUNGAN 1","","","Q. Jasa Kesehatan dan Kegiatan Sosial","Gmaps + SBR"],
    ["1140","Apotik Immanuel","Jl. Kh. Zainul Arifin No.103","prelist","MEDAN POLONIA","MADRAS HULU","LINGKUNGAN 1","","","Q. Jasa Kesehatan dan Kegiatan Sosial","Gmaps + SBR"],
    ["1141","Apotik Polonia","Jl. Mongonsidi No.1","prelist","MEDAN POLONIA","POLONIA","LINGKUNGAN 1","","","Q. Jasa Kesehatan dan Kegiatan Sosial","Gmaps + SBR"],
    ["1142","Praktek Drg. F. Susanto A., Sp.Ort","Jl. Kediri No.62","prelist","MEDAN POLONIA","MADRAS HULU","LINGKUNGAN 3","","","Q. Jasa Kesehatan dan Kegiatan Sosial","Gmaps + SBR"],
    ["1143","Panti Asuhan Sendoro","Jl. Antariksa No.2","prelist","MEDAN POLONIA","SARI REJO","LINGKUNGAN 9","","","Q. Jasa Kesehatan dan Kegiatan Sosial","Gmaps + SBR"],
    ["1144","Kusuk Surya Traditional","Jl. Kediri No.30","prelist","MEDAN POLONIA","MADRAS HULU","LINGKUNGAN 3","","","R. Kesenian, Hiburan dan Rekreasi","Gmaps + SBR"],
    ["1145","BEST Fitness","Jalan Mongonsidi","prelist","MEDAN POLONIA","POLONIA","LINGKUNGAN 3","","","R. Kesenian, Hiburan dan Rekreasi","Gmaps + SBR"],
    ["1146","Best Fitness Hermes","Jl. Mongonsidi No.39","prelist","MEDAN POLONIA","POLONIA","LINGKUNGAN 3","","","R. Kesenian, Hiburan dan Rekreasi","Gmaps + SBR"],
    ["1147","Asiang Salon","Jl. Jenggala No.50","prelist","MEDAN POLONIA","MADRAS HULU","LINGKUNGAN 1","","","S. Aktivitas Jasa Lainnya","Gmaps + SBR"],
    ["1148","TIRA TAILOR","Jl. Teuku Cik Ditiro No.98F","prelist","MEDAN POLONIA","MADRAS HULU","LINGKUNGAN 3","","","S. Aktivitas Jasa Lainnya","Gmaps + SBR"],
    ["1149","Penjahit bu dipra","Jl. Muara Takus No.59C","prelist","MEDAN POLONIA","MADRAS HULU","LINGKUNGAN 4","","","S. Aktivitas Jasa Lainnya","Gmaps + SBR"],
    ["1151","Taman+Malibu Indah","Jl. Malibu Alam Raya No.G 28","prelist","MEDAN POLONIA","SUKA DAMAI","LINGKUNGAN 3","","","L. Real Estat","Gmaps + SBR"],
    ["1152","Permodalan Nasional Madani (PNM)","Jl. Ir. H. Juanda No.16","prelist","MEDAN POLONIA","ANGGRUNG","LINGKUNGAN 4","","","U. Kegiatan Badan Internasional dan Ekstra Internasional Lainnya","Gmaps + SBR"],
    ["1153","Puskesmas Polonia Medan","Gg. A Jl. Pendidikan","prelist","MEDAN POLONIA","POLONIA","LINGKUNGAN 1","","","O. Administrasi Pemerintahan, Pertahanan, dan Jaminan Sosial Wajib","Gmaps + SBR"],
    ["1154","SDIT Al-Mujahidah","Gg. Makmur","prelist","MEDAN POLONIA","SARI REJO","LINGKUNGAN 1","","","P. Pendidikan","Gmaps + SBR"],
    ["1155","SD Negeri 060880","Jl. Pendidikan No.22","prelist","MEDAN POLONIA","POLONIA","LINGKUNGAN 1","","","P. Pendidikan","Gmaps + SBR"],
    ["1156","SMA Negeri 2 Medan","Jl. Karang Sari No.435","prelist","MEDAN POLONIA","SUKA DAMAI","LINGKUNGAN 3","","","P. Pendidikan","Gmaps + SBR"],
    ["1157","SMA Negeri 1 Medan","Jl. Teuku Cik Ditiro No.1","prelist","MEDAN POLONIA","MADRAS HULU","LINGKUNGAN 6","","","P. Pendidikan","Gmaps + SBR"],
    ["1158","MIS Muhajirin","Jl. Cinta Karya Gg. Muhajirin","prelist","MEDAN POLONIA","SARI REJO","LINGKUNGAN 3","","","P. Pendidikan","Gmaps + SBR"],
    ["1159","RA.Baitul Ilmi fadila","Jl. Karya Bakti No.53","prelist","MEDAN POLONIA","SARI REJO","LINGKUNGAN 1","","","P. Pendidikan","Gmaps + SBR"],
    ["1160","PAUD NUSANTARA","Jl. Karya Bakti Ii Jl. Subur Ii No.36","prelist","MEDAN POLONIA","SARI REJO","LINGKUNGAN 2","","","P. Pendidikan","Gmaps + SBR"],
    ["1161","Universitas Methodist Indonesia","Jl. Hang Tuah No.8","prelist","MEDAN POLONIA","MADRAS HULU","LINGKUNGAN 7","","","P. Pendidikan","Gmaps + SBR"],
    ["1162","PAUD Gendis","Jl. Teratai","prelist","MEDAN POLONIA","SARI REJO","LINGKUNGAN 5","","0812-6321-5273","P. Pendidikan","Gmaps + SBR"],
    ["1163","Madrasah Ibtidaiyah Swasta Al-Hidayah CK","Jl. Cinta Karya No.1","prelist","MEDAN POLONIA","SARI REJO","LINGKUNGAN 3","","","P. Pendidikan","Gmaps + SBR"],
    ["1164","SMK Negeri 10 Medan","Jl. Teuku Cik Ditiro No.57","prelist","MEDAN POLONIA","MADRAS HULU","LINGKUNGAN 7","","","P. Pendidikan","Gmaps + SBR"],
    ["1165","Ramai Photo","Jl. Kh. Zainul Arifin No.107","prelist","MEDAN POLONIA","MADRAS HULU","LINGKUNGAN 1","","","J. Informasi dan Komunikasi","Gmaps + SBR"],
    ["1166","Mie Pangsit - Amin","Jl. Kediri No.79","prelist","MEDAN POLONIA","MADRAS HULU","LINGKUNGAN 3","","","I. Penyediaan Akomodasi dan Makan Minum","Gmaps + SBR"],
    ["1167","Lontong Bang Iwan","Jl. Teuku Cik Ditiro No.9B","prelist","MEDAN POLONIA","MADRAS HULU","LINGKUNGAN 4","","","I. Penyediaan Akomodasi dan Makan Minum","Gmaps + SBR"],
    ["1168","Rumah Sakit Umum Fajar","Jl. Cempaka No.35","prelist","MEDAN POLONIA","SARI REJO","LINGKUNGAN 3","","","Q. Jasa Kesehatan dan Kegiatan Sosial","Gmaps + SBR"],
    ["1169","WARUNG NENEK ALE","Jl. Starban No.76","prelist","MEDAN POLONIA","POLONIA","LINGKUNGAN 8","","","I. Penyediaan Akomodasi dan Makan Minum","Gmaps + SBR"],
    ["1170","Restoran Simpang Tiga","Jl. Mongonsidi No.26","prelist","MEDAN POLONIA","ANGGRUNG","LINGKUNGAN 4","","","I. Penyediaan Akomodasi dan Makan Minum","Gmaps + SBR"],
    ["1171","Bel Mondo","Jl. Teuku Daud No.9","prelist","MEDAN POLONIA","MADRAS HULU","LINGKUNGAN 9","","","I. Penyediaan Akomodasi dan Makan Minum","Gmaps + SBR"],
    ["1172","SOUP TODAY","Jl. Pangeran Diponegoro No.9","prelist","MEDAN POLONIA","MADRAS HULU","LINGKUNGAN 9","","","I. Penyediaan Akomodasi dan Makan Minum","Gmaps + SBR"],
    ["1173","Mie Sop Bu Tuti","Jl. Karya Bersama No.36","prelist","MEDAN POLONIA","POLONIA","LINGKUNGAN 5","","","I. Penyediaan Akomodasi dan Makan Minum","Gmaps + SBR"],
    ["1174","Kinley Thai Bistro","Jl. Kh. Zainul Arifin No.7 4Th Floor Blk","prelist","MEDAN POLONIA","MADRAS HULU","LINGKUNGAN 9","","","I. Penyediaan Akomodasi dan Makan Minum","Gmaps + SBR"],
    ["1175","Lemang Polonia Bu Ani","Suka Damai, Kec. Medan Polonia, Kota Medan, Sumatera Utara 20219","prelist","MEDAN POLONIA","SUKA DAMAI","LINGKUNGAN 3","","","I. Penyediaan Akomodasi dan Makan Minum","Gmaps + SBR"],
    ["1176","Massa Kok Tong","Kompleks Cbd","prelist","MEDAN POLONIA","SUKA DAMAI","LINGKUNGAN 5","","","I. Penyediaan Akomodasi dan Makan Minum","Gmaps + SBR"],
    ["1177","The Coffee Crowd - Sun Plaza","Jl. Kh. Zainul Arifin No.7 A-09","prelist","MEDAN POLONIA","MADRAS HULU","LINGKUNGAN 9","","","I. Penyediaan Akomodasi dan Makan Minum","Gmaps + SBR"],
    ["1178","MAXX Coffee","Jl. Kh. Zainul Arifin No.7","prelist","MEDAN POLONIA","MADRAS HULU","LINGKUNGAN 9","","","I. Penyediaan Akomodasi dan Makan Minum","Gmaps + SBR"],
    ["1179","TIENS STOKIS","Jl. Mongonsidi No.76","prelist","MEDAN POLONIA","POLONIA","LINGKUNGAN 4","","","I. Penyediaan Akomodasi dan Makan Minum","Gmaps + SBR"],
    ["1180","Buana plastik","Jl. Ternak I No.34","prelist","MEDAN POLONIA","POLONIA","LINGKUNGAN 6","","","I. Penyediaan Akomodasi dan Makan Minum","Gmaps + SBR"],
    ["1183","Bakmi Guangzhou","Kompleks Padang Golf Mansion","prelist","MEDAN POLONIA","SUKA DAMAI","LINGKUNGAN 3","","","I. Penyediaan Akomodasi dan Makan Minum","Gmaps + SBR"],
    ["1184","Warung Bu Rio, Cinta Karya","Jl. Cinta Karya No.58","prelist","MEDAN POLONIA","SARI REJO","LINGKUNGAN 2","","","I. Penyediaan Akomodasi dan Makan Minum","Gmaps + SBR"],
    ["1185","PT. Transporindo Agung Sejahtera","Jl. R.A. Kartini Ii Dalam No.15","prelist","MEDAN POLONIA","MADRAS HULU","LINGKUNGAN 10","","","H. Transportasi dan Pergudangan","Gmaps + SBR"],
    ["1186","OOCL Indonesia. PT","Jl. Pangeran Diponegoro","prelist","MEDAN POLONIA","MADRAS HULU","LINGKUNGAN 7","","","H. Transportasi dan Pergudangan","Gmaps + SBR"],
    ["1187","PT. KIDUNG INDAH SELARASSUARA","Jl. Cut Nyak Dien No.16","prelist","MEDAN POLONIA","MADRAS HULU","LINGKUNGAN 8","","(061) 4142291","J. Informasi dan Komunikasi","Gmaps + SBR"],
    ["1188","Pinky Education Centre","Jl. Jenggala No.71","prelist","MEDAN POLONIA","MADRAS HULU","LINGKUNGAN 2","","","P. Pendidikan","Gmaps + SBR"],
    ["1189","Setia Komputer","Jl. Muara Takus No.45","prelist","MEDAN POLONIA","MADRAS HULU","LINGKUNGAN 4","","","J. Informasi dan Komunikasi","Gmaps + SBR"],
    ["1190","Bank Multiarta Sentosa","Madras Hulu, Kec. Medan Polonia, Kota Medan, Sumatera Utara","prelist","MEDAN POLONIA","MADRAS HULU","LINGKUNGAN 9","","","K. Aktivitas Keuangan Dan Asuransi","Gmaps + SBR"],
    ["1191","Bank Sumut. PT","Jl. Imam Bonjol No.18","prelist","MEDAN POLONIA","MADRAS HULU","LINGKUNGAN 9","","","K. Aktivitas Keuangan Dan Asuransi","Gmaps + SBR"],
    ["1192","Bank OCBC MEDAN - Polonia","Jl. Imam Bonjol No.59","prelist","MEDAN POLONIA","SUKA DAMAI","LINGKUNGAN 4","","","K. Aktivitas Keuangan Dan Asuransi","Gmaps + SBR"],
    ["1193","Bank INA","Jl H Jl. KH. Zainul Arifin No.29 55B, Madras Hulu, Kec. Medan Polonia, Kota Medan, Sumatera Utara 20151","prelist","MEDAN POLONIA","MADRAS HULU","LINGKUNGAN 9","","","K. Aktivitas Keuangan Dan Asuransi","Gmaps + SBR"],
    ["1194","Pegadaian","Jl. Mongonsidi No.11","prelist","MEDAN POLONIA","POLONIA","LINGKUNGAN 1","","","K. Aktivitas Keuangan Dan Asuransi","Gmaps + SBR"],
    ["1195","Asuransi Aegis Indonesia","Jl. Pangeran Diponegoro No.29","prelist","MEDAN POLONIA","MADRAS HULU","LINGKUNGAN 8","","(0778) 431328","K. Aktivitas Keuangan Dan Asuransi","Gmaps + SBR"],
    ["1196","Asuransi MSIG Indonesia - Medan","Jl. Pangeran Diponegoro No.18 Lantai 8 Suite 804","prelist","MEDAN POLONIA","MADRAS HULU","LINGKUNGAN 9","","","K. Aktivitas Keuangan Dan Asuransi","Gmaps + SBR"],
    ["1197","Wahab Packing Service","Jl. Muara Takus No.18","prelist","MEDAN POLONIA","MADRAS HULU","LINGKUNGAN 4","","","H. Transportasi dan Pergudangan","Gmaps + SBR"],
    ["1198","Gudang","Jl. Muara Takus No.83","prelist","MEDAN POLONIA","MADRAS HULU","LINGKUNGAN 4","","","H. Transportasi dan Pergudangan","Gmaps + SBR"],
    ["1199","RM Jenggala","Jl. Jenggala No.36","prelist","MEDAN POLONIA","MADRAS HULU","LINGKUNGAN 1","","","I. Penyediaan Akomodasi dan Makan Minum","Gmaps + SBR"],
    ["1200","Jambul Seafood","Jl. Dr. Cipto No.8","prelist","MEDAN POLONIA","ANGGRUNG","LINGKUNGAN 4","","","I. Penyediaan Akomodasi dan Makan Minum","Gmaps + SBR"],
    ["1201","BERKAH \"PONSEL\"","Jl. Cinta Karya","prelist","MEDAN POLONIA","SARI REJO","LINGKUNGAN 8","","","G. Perdagangan Besar dan Eceran, Reparasi Mobil dan Sepeda Motor","Gmaps + SBR"],
    ["1202","Delly Saentis Furniture. CV","Jl. Muara Takus No.4","prelist","MEDAN POLONIA","MADRAS HULU","LINGKUNGAN 4","","","G. Perdagangan Besar dan Eceran, Reparasi Mobil dan Sepeda Motor","Gmaps + SBR"],
    ["1203","Oke Shop","Jl. Kh. Zainul Arifin No.7 B-19","prelist","MEDAN POLONIA","MADRAS HULU","LINGKUNGAN 9","","","G. Perdagangan Besar dan Eceran, Reparasi Mobil dan Sepeda Motor","Gmaps + SBR"],
    ["1204","Kartika Fashion","Jl. Jenggala No.59","prelist","MEDAN POLONIA","MADRAS HULU","LINGKUNGAN 2","","","G. Perdagangan Besar dan Eceran, Reparasi Mobil dan Sepeda Motor","Gmaps + SBR"],
    ["1205","Gramedia Sun Plaza Medan","Jl. Kh. Zainul Arifin No.7 Level 4 A","prelist","MEDAN POLONIA","MADRAS HULU","LINGKUNGAN 9","","","G. Perdagangan Besar dan Eceran, Reparasi Mobil dan Sepeda Motor","Gmaps + SBR"],
    ["1206","Nats Nusantara. PT","JL Cik Ditiro No.124, Madras Hulu, Kec. Medan Polonia, Kota Medan, Sumatera Utara 20151","prelist","MEDAN POLONIA","MADRAS HULU","LINGKUNGAN 6","","","G. Perdagangan Besar dan Eceran, Reparasi Mobil dan Sepeda Motor","Gmaps + SBR"],
    ["1207","BFI Finance","Jl. Ir. H. Juanda No.26","prelist","MEDAN POLONIA","SUKA DAMAI","LINGKUNGAN 4","","","K. Aktivitas Keuangan Dan Asuransi","Gmaps + SBR"],
    ["1208","Best Money Changer","Jl. Kh. Zainul Arifin No.45","prelist","MEDAN POLONIA","MADRAS HULU","LINGKUNGAN 1","","","K. Aktivitas Keuangan Dan Asuransi","Gmaps + SBR"],
    ["1209","PT. Sunder Vallasindo (PT. ??????? ??????????)","Jl. Kh. Zainul Arifin No.73","prelist","MEDAN POLONIA","MADRAS HULU","LINGKUNGAN 1","","","K. Aktivitas Keuangan Dan Asuransi","Gmaps + SBR"],
    ["1210","tridi PROject!","Jl. Pendidikan No.3","prelist","MEDAN POLONIA","POLONIA","LINGKUNGAN 2","","(061) 4143103","M. Jasa Profesional, Ilmiah, & Teknis","Gmaps + SBR"],
    ["1211","Satria Nusa Group","Jl. R.A. Kartini Ii No.11","prelist","MEDAN POLONIA","MADRAS HULU","LINGKUNGAN 10","","","M. Jasa Profesional, Ilmiah, & Teknis","Gmaps + SBR"],
    ["1212","Jihan Laundry","Jl. Teuku Cik Ditiro No.98 F","prelist","MEDAN POLONIA","MADRAS HULU","LINGKUNGAN 3","","","N. Jasa Persewaan, Ketenagakerjaan, Agen Perjalanan, dan Jasa Pendukung ","Gmaps + SBR"],
    ["1213","Vihara Gunung Timur","Jl. Hang Tuah No.16","prelist","MEDAN POLONIA","MADRAS HULU","LINGKUNGAN 7","","","S. Aktivitas Jasa Lainnya","Gmaps + SBR"],
    ["1214","Serba Baru Laundry","Jl. Kh. Zainul Arifin","prelist","MEDAN POLONIA","MADRAS HULU","LINGKUNGAN 1","","","N. Jasa Persewaan, Ketenagakerjaan, Agen Perjalanan, dan Jasa Pendukung ","Gmaps + SBR"],
    ["1215","DHL Global Forwarding","Jl. Pangeran Diponegoro No.18 8Th Floor","prelist","MEDAN POLONIA","MADRAS HULU","LINGKUNGAN 9","","","H. Transportasi dan Pergudangan","Gmaps + SBR"],
    ["1216","Sunlie Global Logistic","Jl. Padang Golf No.8 Blok C","prelist","MEDAN POLONIA","SUKA DAMAI","LINGKUNGAN 5","","","H. Transportasi dan Pergudangan","Gmaps + SBR"],
    ["1217","Kedai kelontong","Jl. Pipa Utama","prelist","MEDAN POLONIA","SARI REJO","LINGKUNGAN 6","","","G. Perdagangan Besar dan Eceran, Reparasi Mobil dan Sepeda Motor","Gmaps + SBR"],
    ["1218","TOKO MANDIRI","Gg. Bilal","prelist","MEDAN POLONIA","POLONIA","LINGKUNGAN 10","","","G. Perdagangan Besar dan Eceran, Reparasi Mobil dan Sepeda Motor","Gmaps + SBR"],
    ["1219","Toko Rayhan","Jl. Teratai No.42","prelist","MEDAN POLONIA","SARI REJO","LINGKUNGAN 5","","","G. Perdagangan Besar dan Eceran, Reparasi Mobil dan Sepeda Motor","Gmaps + SBR"],
    ["1220","Indomaret CBD Polonia","Jl. Antariksa No.7","prelist","MEDAN POLONIA","SUKA DAMAI","LINGKUNGAN 5","","","G. Perdagangan Besar dan Eceran, Reparasi Mobil dan Sepeda Motor","Gmaps + SBR"],
    ["1221","Cahaya Rezeki","Jl. Cinta Karya","prelist","MEDAN POLONIA","SARI REJO","LINGKUNGAN 3","","","G. Perdagangan Besar dan Eceran, Reparasi Mobil dan Sepeda Motor","Gmaps + SBR"],
    ["1222","Toko NAIFA","Jl. Balai Desa","prelist","MEDAN POLONIA","POLONIA","LINGKUNGAN 8","","","G. Perdagangan Besar dan Eceran, Reparasi Mobil dan Sepeda Motor","Gmaps + SBR"],
    ["1223","Dahlia Mini Market","Jl. Teuku Cik Ditiro","prelist","MEDAN POLONIA","MADRAS HULU","LINGKUNGAN 4","","","G. Perdagangan Besar dan Eceran, Reparasi Mobil dan Sepeda Motor","Gmaps + SBR"],
    ["1224","Toko P.D. Ben","Jl. Teuku Cik Ditiro No.231","prelist","MEDAN POLONIA","MADRAS HULU","LINGKUNGAN 4","","","G. Perdagangan Besar dan Eceran, Reparasi Mobil dan Sepeda Motor","Gmaps + SBR"],
    ["1225","Sociolla Store Sun Plaza Medan","Jl. Kh. Zainul Arifin No.7","prelist","MEDAN POLONIA","MADRAS HULU","LINGKUNGAN 9","","","G. Perdagangan Besar dan Eceran, Reparasi Mobil dan Sepeda Motor","Gmaps + SBR"],
    ["1226","PLANET SPORTS","Jl. Kh. Zainul Arifin No.7 Unit A - 01B","prelist","MEDAN POLONIA","MADRAS HULU","LINGKUNGAN 9","","","G. Perdagangan Besar dan Eceran, Reparasi Mobil dan Sepeda Motor","Gmaps + SBR"],
    ["1227","Lasona","Jl. Kh. Zainul Arifin No.7","prelist","MEDAN POLONIA","MADRAS HULU","LINGKUNGAN 9","","","G. Perdagangan Besar dan Eceran, Reparasi Mobil dan Sepeda Motor","Gmaps + SBR"],
    ["1228","ZARA","Jl. Kh. Zainul Arifin No.7 Lt.Gf","prelist","MEDAN POLONIA","MADRAS HULU","LINGKUNGAN 9","","","G. Perdagangan Besar dan Eceran, Reparasi Mobil dan Sepeda Motor","Gmaps + SBR"],
    ["1229","TOKO PUSPA","Jl. Teuku Cik Ditiro No.8/12","prelist","MEDAN POLONIA","MADRAS HULU","LINGKUNGAN 6","","","G. Perdagangan Besar dan Eceran, Reparasi Mobil dan Sepeda Motor","Gmaps + SBR"],
    ["1230","Carlin Boutique Sun Plaza Medan","Jl. Kh. Zainul Arifin No.7","prelist","MEDAN POLONIA","MADRAS HULU","LINGKUNGAN 9","","","G. Perdagangan Besar dan Eceran, Reparasi Mobil dan Sepeda Motor","Gmaps + SBR"],
    ["1231","Toko Bombay","Jl. Teuku Cik Ditiro No.32","prelist","MEDAN POLONIA","MADRAS HULU","LINGKUNGAN 6","","","G. Perdagangan Besar dan Eceran, Reparasi Mobil dan Sepeda Motor","Gmaps + SBR"],
    ["1232","Polkadot","Jl. Kh. Zainul Arifin No.7 C-08","prelist","MEDAN POLONIA","MADRAS HULU","LINGKUNGAN 9","","","G. Perdagangan Besar dan Eceran, Reparasi Mobil dan Sepeda Motor","Gmaps + SBR"],
    ["1236","Barumun Agro Sentosa. PT","Jl. Dc","prelist","MEDAN POLONIA","SUKA DAMAI","LINGKUNGAN 3","","","A. Pertanian, Kehutanan dan Perikanan","Gmaps + SBR"],
    ["1238","Padasa Enam Utama. PT","Jl. Mongonsidi No.42","prelist","MEDAN POLONIA","ANGGRUNG","LINGKUNGAN 5","","","A. Pertanian, Kehutanan dan Perikanan","Gmaps + SBR"],
    ["1239","Toko Besi Andalas","Jl. Teuku Cik Ditiro No.6","prelist","MEDAN POLONIA","MADRAS HULU","LINGKUNGAN 6","","","B. Pertambangan dan Penggalian","Gmaps + SBR"],
    ["1240","Batu Bara","Jl. Kh. Zainul Arifin No.7","prelist","MEDAN POLONIA","MADRAS HULU","LINGKUNGAN 9","","","B. Pertambangan dan Penggalian","Gmaps + SBR"],
    ["1241","Pabrik Tahu","Jl. Langgar No.29A","prelist","MEDAN POLONIA","SARI REJO","LINGKUNGAN 3","","","C. Industri Pengolahan","Gmaps + SBR"],
    ["1242","Polonia","Jl. Pipa I No.15","prelist","MEDAN POLONIA","SARI REJO","LINGKUNGAN 6","","","C. Industri Pengolahan","Gmaps + SBR"],
    ["1243","Gallery Harmony","Jl. Komp. Cbd Polonia Blok Dd No 53B","prelist","MEDAN POLONIA","SUKA DAMAI","LINGKUNGAN 5","","","C. Industri Pengolahan","Gmaps + SBR"],
    ["1244","Bengkel Rps Polonia","Jl. Balai Desa No.49","prelist","MEDAN POLONIA","POLONIA","LINGKUNGAN 9","","","G. Perdagangan Besar dan Eceran, Reparasi Mobil dan Sepeda Motor","Gmaps + SBR"],
    ["1245","Oscar","Jl. Teuku Cik Ditiro No.74","prelist","MEDAN POLONIA","MADRAS HULU","LINGKUNGAN 6","","","C. Industri Pengolahan","Gmaps + SBR"],
    ["1246","PT. Nadic","Jl. R.A. Kartini Ii No.11","prelist","MEDAN POLONIA","MADRAS HULU","LINGKUNGAN 10","","","F. Konstruksi","Gmaps + SBR"],
    ["1247","GUNA ELEKTRO, PT - Medan Branch","Komplek Cbd Polonia","prelist","MEDAN POLONIA","SUKA DAMAI","LINGKUNGAN 5","","","F. Konstruksi","Gmaps + SBR"],
    ["1248","Toko Pangaribuan 118","Jl. Starban No.118","prelist","MEDAN POLONIA","POLONIA","LINGKUNGAN 10","","","G. Perdagangan Besar dan Eceran, Reparasi Mobil dan Sepeda Motor","Gmaps + SBR"],
    ["22110","Perkebunan Nusantara IV. PT","Jl. Pangeran Diponegoro No.29","prelist","MEDAN POLONIA","MADRAS HULU","LINGKUNGAN 8","","(061) 4577345","A. Pertanian, Kehutanan dan Perikanan","Gmaps"],
    ["22111","PT Austindo Nusantara Jaya Agri","Jl. Pangeran Diponegoro No.18","prelist","MEDAN POLONIA","MADRAS HULU","LINGKUNGAN 9","","","A. Pertanian, Kehutanan dan Perikanan","Gmaps"],
    ["22112","Perkebunan Nusantara 3. PT","Jl. Teuku Daud No.9","prelist","MEDAN POLONIA","MADRAS HULU","LINGKUNGAN 9","","(061) 4557474","A. Pertanian, Kehutanan dan Perikanan","Gmaps"],
    ["22113","Bakrie Sumatra Plantation. PT","Jl. Mongonsidi No.20","prelist","MEDAN POLONIA","ANGGRUNG","LINGKUNGAN 4","","","A. Pertanian, Kehutanan dan Perikanan","Gmaps"],
    ["22114","Perkebunan Tanjung Kasau. PD","Madras Hulu, Kec. Medan Polonia, Kota Medan, Sumatera Utara 20151","prelist","MEDAN POLONIA","MADRAS HULU","LINGKUNGAN 9","","(0622) 31920","A. Pertanian, Kehutanan dan Perikanan","Gmaps"],
    ["22115","Gedung PT. Perkebunan Nusantara IV Jl.Kartini","Jl. Hang Jebat","prelist","MEDAN POLONIA","MADRAS HULU","LINGKUNGAN 7","","","A. Pertanian, Kehutanan dan Perikanan","Gmaps"],
    ["22116","Pupuk Organik Cap Dua Lilin (PT. Pelita Sawit Nusantara)","Komplek Cbd Polonia Blok Cc-78","prelist","MEDAN POLONIA","SUKA DAMAI","LINGKUNGAN 5","","","A. Pertanian, Kehutanan dan Perikanan","Gmaps"],
    ["22117","06HIDROPONIKSTORE / AGROWIS","Jl. Starban Gg. Bilal No.6","prelist","MEDAN POLONIA","POLONIA","LINGKUNGAN 10","","","A. Pertanian, Kehutanan dan Perikanan","Gmaps"],
    ["22118","Hidroponik Shop Medan","Jl. Ternak No.32","prelist","MEDAN POLONIA","POLONIA","LINGKUNGAN 6","","","A. Pertanian, Kehutanan dan Perikanan","Gmaps"],
    ["22124","BIHUN IKAN KUMANGO","Jl. Imam Bonjol","prelist","MEDAN POLONIA","MADRAS HULU","LINGKUNGAN 10","","","A. Pertanian, Kehutanan dan Perikanan","Gmaps"],
    ["22125","Mutia Garden","Jl. Cut Mutia No.26","prelist","MEDAN POLONIA","MADRAS HULU","LINGKUNGAN 9","","","A. Pertanian, Kehutanan dan Perikanan","Gmaps"],
    ["22126","Hermes Place | Polonia","Jl. Mongonsidi No.45","prelist","MEDAN POLONIA","POLONIA","LINGKUNGAN 1","","","A. Pertanian, Kehutanan dan Perikanan","Gmaps"],
    ["22127","LePolonia Hotel & Convention","Jl. Jenderal Sudirman No.14-18","prelist","MEDAN POLONIA","MADRAS HULU","LINGKUNGAN 8","","","A. Pertanian, Kehutanan dan Perikanan","Gmaps"],
    ["22128","Roemah Kopi Wak Noer","Jl. Uskup Agung Jl. Polonia No.15","prelist","MEDAN POLONIA","MADRAS HULU","LINGKUNGAN 7","","","A. Pertanian, Kehutanan dan Perikanan","Gmaps"],
    ["22129","Taman Beringin","Taman Beringin, Madras Hulu, Kec. Medan Polonia, Kota Medan, Sumatera Utara","prelist","MEDAN POLONIA","MADRAS HULU","LINGKUNGAN 7","","","A. Pertanian, Kehutanan dan Perikanan","Gmaps"],
    ["22130","Kompleks Grand Polonia","Suka Damai, Kec. Medan Polonia, Kota Medan, Sumatera Utara 20159","prelist","MEDAN POLONIA","SUKA DAMAI","LINGKUNGAN 5","","","A. Pertanian, Kehutanan dan Perikanan","Gmaps"],
    ["22131","Makmur Ritz Fibreglass medan","Komplek Cbd Polonia Blok Cc 88","prelist","MEDAN POLONIA","SUKA DAMAI","LINGKUNGAN 5","","","A. Pertanian, Kehutanan dan Perikanan","Gmaps"],
    ["22132","Polonia aquascape","Jl. Starban Jl. Subur No.36","prelist","MEDAN POLONIA","POLONIA","LINGKUNGAN 8","","","A. Pertanian, Kehutanan dan Perikanan","Gmaps"],
    ["22133","Kolam Pancing Rezeki Maju (MARINIR)","Sari Rejo, Kec. Medan Polonia, Kota Medan, Sumatera Utara 20157","prelist","MEDAN POLONIA","SARI REJO","LINGKUNGAN 1","","","A. Pertanian, Kehutanan dan Perikanan","Gmaps"],
    ["22134","Rumah ikan medan","Komplek Tni Au Karang Sari I Jl.Dadali No. 87 Kel. Sari Rejo Kec. Medan Polonia Dekat Sekolah Smu Negeri 2","prelist","MEDAN POLONIA","SARI REJO","LINGKUNGAN 6","","","A. Pertanian, Kehutanan dan Perikanan","Gmaps"],
    ["22135","Miesop Kampung Lapangan Tembak","Dekat lapangan Tembak Jl. Teratai No.17, Sari Rejo, Kec. Medan Polonia, Kota Medan, Sumatera Utara 20158","prelist","MEDAN POLONIA","SARI REJO","LINGKUNGAN 9","","","A. Pertanian, Kehutanan dan Perikanan","Gmaps"],
    ["22136","PT SMART TBK Medan Office","Jl. Mongonsidi No.14 -16","prelist","MEDAN POLONIA","ANGGRUNG","LINGKUNGAN 4","","","A. Pertanian, Kehutanan dan Perikanan","Gmaps"],
    ["22137","PT Asia Kimindo Prima","Jl. Jenderal Sudirman No.10 / 22","prelist","MEDAN POLONIA","MADRAS HULU","LINGKUNGAN 8","","","A. Pertanian, Kehutanan dan Perikanan","Gmaps"],
    ["22138","Prima Medica Nusantara","Jl. Imam Bonjol No.24 A-B","prelist","MEDAN POLONIA","MADRAS HULU","LINGKUNGAN 9","","","A. Pertanian, Kehutanan dan Perikanan","Gmaps"],
    ["22139","Gas Station Pertamina 14.201.115","Jl. Letjen Suprapto No.6","prelist","MEDAN POLONIA","MADRAS HULU","LINGKUNGAN 8","","","D. Pengadaan Listrik, Gas, Uap/Air Panas dan Udara Dingin","Gmaps"],
    ["22140","Pertamina DPPU Polonia","Suka Damai, Kec. Medan Polonia, Kota Medan, Sumatera Utara 20159","prelist","MEDAN POLONIA","SUKA DAMAI","LINGKUNGAN 5","","","D. Pengadaan Listrik, Gas, Uap/Air Panas dan Udara Dingin","Gmaps"],
    ["22141","SPBU Pertamina 11.201.106","Jl. Mustang","prelist","MEDAN POLONIA","SUKA DAMAI","LINGKUNGAN 5","","","D. Pengadaan Listrik, Gas, Uap/Air Panas dan Udara Dingin","Gmaps"],
    ["22142","Kantor Gubernur Sumatera Utara","Jl. Pangeran Diponegoro No.30","prelist","MEDAN POLONIA","MADRAS HULU","LINGKUNGAN 9","","","B. Pertambangan dan Penggalian","Gmaps"],
    ["22143","PT. Taman Malibu Indah","Jl. Malibu Indah Raya No.35","prelist","MEDAN POLONIA","SUKA DAMAI","LINGKUNGAN 3","","","B. Pertambangan dan Penggalian","Gmaps"],
    ["22144","Usaha Baru","Jl. Polonia","prelist","MEDAN POLONIA","POLONIA","LINGKUNGAN 1","","0853-7065-1501","B. Pertambangan dan Penggalian","Gmaps"],
    ["22145","Bandara LANUD SOEWONDO Medan Polonia","Jl. Imam Bonjol","prelist","MEDAN POLONIA","SUKA DAMAI","LINGKUNGAN 3","","","B. Pertambangan dan Penggalian","Gmaps"],
    ["22146","PT. TANS BARA ENERGY","Jl. Ir. H. Juanda No.40","prelist","MEDAN POLONIA","SUKA DAMAI","LINGKUNGAN 4","","(061) 62006033","B. Pertambangan dan Penggalian","Gmaps"],
    ["22147","Toko Rasya Jual Pakan Ternak","Jl. Cinta Karya No.117","prelist","MEDAN POLONIA","SARI REJO","LINGKUNGAN 3","","","A. Pertanian, Kehutanan dan Perikanan","Gmaps"],
    ["22148","Toko Burung Sakkiyah","Jl. Mawar No.8","prelist","MEDAN POLONIA","SARI REJO","LINGKUNGAN 4","","","A. Pertanian, Kehutanan dan Perikanan","Gmaps"],
    ["22149","Toko pakan Rizquna","Jl. Imam Bonjol","prelist","MEDAN POLONIA","MADRAS HULU","LINGKUNGAN 8","","","A. Pertanian, Kehutanan dan Perikanan","Gmaps"],
    ["22150","JAMUR TIRAM MEDAN - Usaha Bersama","Jl. Melati No.70","prelist","MEDAN POLONIA","SARI REJO","LINGKUNGAN 5","","","G. Perdagangan Besar dan Eceran, Reparasi Mobil dan Sepeda Motor","Gmaps"],
    ["22151","Toko alat pancing","Jalan Suka Jadi","prelist","MEDAN POLONIA","SUKA DAMAI","LINGKUNGAN 4","","","A. Pertanian, Kehutanan dan Perikanan","Gmaps"],
    ["22152","Nino Pancing","Jl. Cinta Karya","prelist","MEDAN POLONIA","SARI REJO","LINGKUNGAN 8","","","A. Pertanian, Kehutanan dan Perikanan","Gmaps"],
    ["22153","BISA GROUP","Jl. Teuku Daud No.6A","prelist","MEDAN POLONIA","MADRAS HULU","LINGKUNGAN 9","","","C. Industri Pengolahan","Gmaps"],
    ["22154","Sinar Baru","Jl. Mawar","prelist","MEDAN POLONIA","SARI REJO","LINGKUNGAN 4","","","C. Industri Pengolahan","Gmaps"],
    ["22155","PUTRI SANTAN 2","Jl. Karya Bakti No.39","prelist","MEDAN POLONIA","SARI REJO","LINGKUNGAN 1","","","C. Industri Pengolahan","Gmaps"],
    ["22156","Primajaya Pantes Garment. PT","Jl. Pelud Polonia Bb No.38","prelist","MEDAN POLONIA","SUKA DAMAI","LINGKUNGAN 6","","","C. Industri Pengolahan","Gmaps"],
    ["22157","PUSAT IM PARFUM INDONESIA","Jl. Komp. Cbd Polonia","prelist","MEDAN POLONIA","SUKA DAMAI","LINGKUNGAN 5","","","C. Industri Pengolahan","Gmaps"],
    ["22158","Tahu sumedang medan polonia","Jl. Cinta Karya Jalan Industri","prelist","MEDAN POLONIA","SARI REJO","LINGKUNGAN 2","","","C. Industri Pengolahan","Gmaps"],
    ["22159","Pabrik Almanium","Jl. Mawar","prelist","MEDAN POLONIA","SARI REJO","LINGKUNGAN 4","","","C. Industri Pengolahan","Gmaps"],
    ["22160","Kantor Penghubung PT Inalum","Jl. R.A. Kartini No.21","prelist","MEDAN POLONIA","MADRAS HULU","LINGKUNGAN 8","","","C. Industri Pengolahan","Gmaps"],
    ["22161","ARIF GAS SARI REJO","Jl. Sejati Gg. Selamet","prelist","MEDAN POLONIA","SARI REJO","LINGKUNGAN 4","","","D. Pengadaan Listrik, Gas, Uap/Air Panas, dan Udara Dingin","Gmaps"],
    ["22162","Antargasmedan","Jl. Cempaka No.18","prelist","MEDAN POLONIA","SARI REJO","LINGKUNGAN 4","","","D. Pengadaan Listrik, Gas, Uap/Air Panas, dan Udara Dingin","Gmaps"],
    ["22163","Easy Automotive Repair","Jl. Komp. Cbd Polonia Blk. G No.54","prelist","MEDAN POLONIA","SUKA DAMAI","LINGKUNGAN 5","","","G. Perdagangan Besar dan Eceran, Reparasi Mobil dan Sepeda Motor","Gmaps"],
    ["22164","Brastagi Supermarket Tiara","Jl. Cut Mutia No.1","prelist","MEDAN POLONIA","MADRAS HULU","LINGKUNGAN 10","","","G. Perdagangan Besar dan Eceran, Reparasi Mobil dan Sepeda Motor","Gmaps"],
    ["22165","Mini Market Bright Polonia SPBU Imam Bonjol","Suka Damai, Kec. Medan Polonia, Kota Medan, Sumatera Utara","prelist","MEDAN POLONIA","SUKA DAMAI","LINGKUNGAN 5","","","G. Perdagangan Besar dan Eceran, Reparasi Mobil dan Sepeda Motor","Gmaps"],
    ["22166","Pertamini BiM","Jl. Karya Sejati No.35 Lingkungan Iii","prelist","MEDAN POLONIA","POLONIA","LINGKUNGAN 3","","","D. Pengadaan Listrik, Gas, Uap/Air Panas dan Udara Dingin","Gmaps"],
    ["22167","kerupuk kulit ikan patin medan","Jl. Balai Desa","prelist","MEDAN POLONIA","POLONIA","LINGKUNGAN 8","","","C. Industri Pengolahan","Gmaps"],
    ["22168","Coffeenatics","Jl. Teuku Cik Ditiro No.8K","prelist","MEDAN POLONIA","MADRAS HULU","LINGKUNGAN 6","","","C. Industri Pengolahan","Gmaps"],
    ["22169","KFC","Jl. Mongonsidi No.14","prelist","MEDAN POLONIA","ANGGRUNG","LINGKUNGAN 4","","","C. Industri Pengolahan","Gmaps"],
    ["22170","Polonia Sky Park","Jl. Imam Bonjol No.56","prelist","MEDAN POLONIA","SUKA DAMAI","LINGKUNGAN 4","","","C. Industri Pengolahan","Gmaps"],
    ["22171","Pork Luck","Komplek Cbd","prelist","MEDAN POLONIA","SUKA DAMAI","LINGKUNGAN 5","","","C. Industri Pengolahan","Gmaps"],
    ["22172","Papachef","Jl. Komp. Cbd Polonia Blk. G No.81 - 82","prelist","MEDAN POLONIA","SUKA DAMAI","LINGKUNGAN 5","","","C. Industri Pengolahan","Gmaps"],
    ["22173","ANEKA KRIPIK","Jl. Muara Takus No.206","prelist","MEDAN POLONIA","MADRAS HULU","LINGKUNGAN 4","","","C. Industri Pengolahan","Gmaps"],
    ["22174","Multi Terang Metalindo. PT","Jl. Karya Sejati","prelist","MEDAN POLONIA","SARI REJO","LINGKUNGAN 9","","","C. Industri Pengolahan","Gmaps"],
    ["22175","GUDANG KELAPA","Jl. Sma 2","prelist","MEDAN POLONIA","SARI REJO","LINGKUNGAN 6","","","C. Industri Pengolahan","Gmaps"],
    ["22176","PT INDO BAJA ENERGI","Jl. Pangeran Diponegoro No.18 Lt 10","prelist","MEDAN POLONIA","MADRAS HULU","LINGKUNGAN 9","","","C. Industri Pengolahan","Gmaps"],
    ["22177","kripik sanjay homemade medan","Jl. Antariksa Gg. Buntu","prelist","MEDAN POLONIA","SARI REJO","LINGKUNGAN 6","","","C. Industri Pengolahan","Gmaps"],
    ["22178","PT GRHA SINAR ARYA","CBD POLONIA BLOK D No.90, Suka Damai, Kec. Medan Polonia, Kota Medan, Sumatera Utara 20157","prelist","MEDAN POLONIA","SUKA DAMAI","LINGKUNGAN 5","","","C. Industri Pengolahan","Gmaps"],
    ["22179","Kartika Swarna Dwipa. PT","Jl. Kol. Sugiono No.12 D","prelist","MEDAN POLONIA","MADRAS HULU","LINGKUNGAN 7","","","C. Industri Pengolahan","Gmaps"],
    ["22180","PT. HOME CREDIT INDONESIA - HO Medan","Sari Rejo, Kec. Medan Polonia, Kota Medan, Sumatera Utara","prelist","MEDAN POLONIA","SUKA DAMAI","LINGKUNGAN 5","","","C. Industri Pengolahan","Gmaps"],
    ["22181","Tirtasari Sumber Murni. PT","Jl. Karya Dharma No.45","prelist","MEDAN POLONIA","POLONIA","LINGKUNGAN 5","","","C. Industri Pengolahan","Gmaps"],
    ["22182","KSM Medan bengkel mobil 24 jam","Jl. Langgar","prelist","MEDAN POLONIA","SARI REJO","LINGKUNGAN 3","","","G. Perdagangan Besar dan Eceran, Reparasi Mobil dan Sepeda Motor","Gmaps"],
    ["22183","ANDRE SPAREPART","Jl. Polonia No.228","prelist","MEDAN POLONIA","POLONIA","LINGKUNGAN 6","","","G. Perdagangan Besar dan Eceran, Reparasi Mobil dan Sepeda Motor","Gmaps"],
    ["22184","SNABB","Jl. Padang Golf Komplek Cbd Polonia Blok C. C40-C41","prelist","MEDAN POLONIA","SUKA DAMAI","LINGKUNGAN 5","","","G. Perdagangan Besar dan Eceran, Reparasi Mobil dan Sepeda Motor","Gmaps"],
    ["22185","Apoy Service","Jl. Ternak","prelist","MEDAN POLONIA","POLONIA","LINGKUNGAN 6","","","G. Perdagangan Besar dan Eceran, Reparasi Mobil dan Sepeda Motor","Gmaps"],
    ["22186","ARIEF BENGKEL","Gg. Family","prelist","MEDAN POLONIA","POLONIA","LINGKUNGAN 12","","","G. Perdagangan Besar dan Eceran, Reparasi Mobil dan Sepeda Motor","Gmaps"],
    ["22187","BENGKEL HUSIN","Jl. Teratai No.4A","prelist","MEDAN POLONIA","SARI REJO","LINGKUNGAN 5","","","G. Perdagangan Besar dan Eceran, Reparasi Mobil dan Sepeda Motor","Gmaps"],
    ["22188","Acong Servis","Jl. Cinta Karya No.64","prelist","MEDAN POLONIA","SARI REJO","LINGKUNGAN 3","","","G. Perdagangan Besar dan Eceran, Reparasi Mobil dan Sepeda Motor","Gmaps"],
    ["22189","FTR service medan","Jl. Cinta Karya No.22","prelist","MEDAN POLONIA","SARI REJO","LINGKUNGAN 7","","","G. Perdagangan Besar dan Eceran, Reparasi Mobil dan Sepeda Motor","Gmaps"],
    ["22190","Bengkel,& mekanik mobil panggilan 24 jam.","Jl. Cempaka No.9","prelist","MEDAN POLONIA","SARI REJO","LINGKUNGAN 4","","","G. Perdagangan Besar dan Eceran, Reparasi Mobil dan Sepeda Motor","Gmaps"],
    ["22191","A8 garage medan","Jl. Polonia No.228","prelist","MEDAN POLONIA","POLONIA","LINGKUNGAN 6","","","G. Perdagangan Besar dan Eceran, Reparasi Mobil dan Sepeda Motor","Gmaps"],
    ["22192","Skin Shoe","Jl.Kh Zainul Arifin No.7","prelist","MEDAN POLONIA","MADRAS HULU","LINGKUNGAN 9","","","C. Industri Pengolahan","Gmaps"],
    ["22193","MERCI TAILOR","Jl. Teuku Cik Ditiro No.20","prelist","MEDAN POLONIA","MADRAS HULU","LINGKUNGAN 6","","","C. Industri Pengolahan","Gmaps"],
    ["22194","MODISTE DELTA SIREGAR","Jl. Starban No.46","prelist","MEDAN POLONIA","POLONIA","LINGKUNGAN 7","","","C. Industri Pengolahan","Gmaps"],
    ["22195","Al-Latif Konveksi","Jl. Antariksa Gg. Masjid No.5","prelist","MEDAN POLONIA","SARI REJO","LINGKUNGAN 6","","","C. Industri Pengolahan","Gmaps"],
    ["22196","Marbun Oil","Jl. Adi Sucipto","prelist","MEDAN POLONIA","SARI REJO","LINGKUNGAN 6","","","G. Perdagangan Besar dan Eceran, Reparasi Mobil dan Sepeda Motor","Gmaps"],
    ["22197","Nusantara Service Bembeng F3","Jl. Pipa Utama Lk Vi","prelist","MEDAN POLONIA","SARI REJO","LINGKUNGAN 6","","","G. Perdagangan Besar dan Eceran, Reparasi Mobil dan Sepeda Motor","Gmaps"],
    ["22198","Bengkel Mobil KSM Garage","Gg. Buntu Ii No.42","prelist","MEDAN POLONIA","SARI REJO","LINGKUNGAN 3","","","G. Perdagangan Besar dan Eceran, Reparasi Mobil dan Sepeda Motor","Gmaps"],
    ["22199","Bengkel ketok magic putra Blitar","Jl. Adi Sucipto No.12.B","prelist","MEDAN POLONIA","SARI REJO","LINGKUNGAN 6","","","G. Perdagangan Besar dan Eceran, Reparasi Mobil dan Sepeda Motor","Gmaps"],
    ["22200","Garasi service 24","Jl. Sd. Inpres","prelist","MEDAN POLONIA","SARI REJO","LINGKUNGAN 6","","","G. Perdagangan Besar dan Eceran, Reparasi Mobil dan Sepeda Motor","Gmaps"],
    ["22201","Aduhai Motor","Jl. Cinta Karya No.78","prelist","MEDAN POLONIA","SARI REJO","LINGKUNGAN 3","","","G. Perdagangan Besar dan Eceran, Reparasi Mobil dan Sepeda Motor","Gmaps"],
    ["22202","Garage Lingga","Jl. Karya Bakti No.9A","prelist","MEDAN POLONIA","SARI REJO","LINGKUNGAN 1","","","G. Perdagangan Besar dan Eceran, Reparasi Mobil dan Sepeda Motor","Gmaps"],
    ["22203","jesi88","Jl. Mawar Siti Rejo","prelist","MEDAN POLONIA","SARI REJO","LINGKUNGAN 4","","","G. Perdagangan Besar dan Eceran, Reparasi Mobil dan Sepeda Motor","Gmaps"],
    ["22204","KBRT SPEED","Jl. Teratai No.97","prelist","MEDAN POLONIA","SARI REJO","LINGKUNGAN 5","","","G. Perdagangan Besar dan Eceran, Reparasi Mobil dan Sepeda Motor","Gmaps"],
    ["22205","MITRA MOTOR","Gg. Seram","prelist","MEDAN POLONIA","SARI REJO","LINGKUNGAN 1","","","G. Perdagangan Besar dan Eceran, Reparasi Mobil dan Sepeda Motor","Gmaps"],
    ["22206","Bengkel Tuntas Service","Jl. Cinta Karya","prelist","MEDAN POLONIA","SARI REJO","LINGKUNGAN 1","","","G. Perdagangan Besar dan Eceran, Reparasi Mobil dan Sepeda Motor","Gmaps"],
    ["22207","Kemit Bubut","Gg. Mejuah Juah No.15","prelist","MEDAN POLONIA","SARI REJO","LINGKUNGAN 2","","","G. Perdagangan Besar dan Eceran, Reparasi Mobil dan Sepeda Motor","Gmaps"],
    ["22208","Bengkel Resmi Honda AHASS 16876 DKS Polonia","Jl. Cinta Karya No.95","prelist","MEDAN POLONIA","SARI REJO","LINGKUNGAN 3","","","G. Perdagangan Besar dan Eceran, Reparasi Mobil dan Sepeda Motor","Gmaps"],
    ["22209","BILAL SERVICE by NyerakTeam","Jl. Bilal No.9","prelist","MEDAN POLONIA","SARI REJO","LINGKUNGAN 1","","","G. Perdagangan Besar dan Eceran, Reparasi Mobil dan Sepeda Motor","Gmaps"],
    ["22210","Maher auto service","Sari Rejo, Kec. Medan Polonia, Kota Medan, Sumatera Utara 20157","prelist","MEDAN POLONIA","SARI REJO","LINGKUNGAN 3","","","G. Perdagangan Besar dan Eceran, Reparasi Mobil dan Sepeda Motor","Gmaps"],
    ["22211","PAU DIPA","Jl. Cempaka No.4 A","prelist","MEDAN POLONIA","SARI REJO","LINGKUNGAN 4","","","G. Perdagangan Besar dan Eceran, Reparasi Mobil dan Sepeda Motor","Gmaps"],
    ["22212","Bengkel mobil Sumatra jaya diesel","Jl. Cempaka","prelist","MEDAN POLONIA","SARI REJO","LINGKUNGAN 4","","","G. Perdagangan Besar dan Eceran, Reparasi Mobil dan Sepeda Motor","Gmaps"],
    ["22213","Jl. Cinta karya gg. Famili","Jl. Cinta Karya Gg. Famili","prelist","MEDAN POLONIA","SARI REJO","LINGKUNGAN 2","","","G. Perdagangan Besar dan Eceran, Reparasi Mobil dan Sepeda Motor","Gmaps"],
    ["22214","PT Cipta Bernilai Abadi","Perumahan Grand Permata Hijau","prelist","MEDAN POLONIA","SUKA DAMAI","LINGKUNGAN 5","","","G. Perdagangan Besar dan Eceran, Reparasi Mobil dan Sepeda Motor","Gmaps"],
    ["22215","Way Garage Paint","Jl. Cinta Karya Gg.Industri","prelist","MEDAN POLONIA","SARI REJO","LINGKUNGAN 3","","","G. Perdagangan Besar dan Eceran, Reparasi Mobil dan Sepeda Motor","Gmaps"],
    ["22216","ADRIANA TEAM","Jl. Starban","prelist","MEDAN POLONIA","POLONIA","LINGKUNGAN 9","","","G. Perdagangan Besar dan Eceran, Reparasi Mobil dan Sepeda Motor","Gmaps"],
    ["22217","Polonia service","Jl. Polonia No.4","prelist","MEDAN POLONIA","SUKA DAMAI","LINGKUNGAN 6","","","G. Perdagangan Besar dan Eceran, Reparasi Mobil dan Sepeda Motor","Gmaps"],
    ["22218","Syifa motor","Jl. Mawar No.6C","prelist","MEDAN POLONIA","SARI REJO","LINGKUNGAN 5","","","G. Perdagangan Besar dan Eceran, Reparasi Mobil dan Sepeda Motor","Gmaps"],
    ["22219","Bengkel GMM","Jl. Antariksa","prelist","MEDAN POLONIA","SARI REJO","LINGKUNGAN 6","","","G. Perdagangan Besar dan Eceran, Reparasi Mobil dan Sepeda Motor","Gmaps"],
    ["22220","BENGKEL YUDI SERVICE 98","Jl. Perjuangan Gg. Mantri No.98","prelist","MEDAN POLONIA","POLONIA","LINGKUNGAN 9","","","G. Perdagangan Besar dan Eceran, Reparasi Mobil dan Sepeda Motor","Gmaps"],
    ["22221","Saudara Motor","Jl. Cinta Karya No.117","prelist","MEDAN POLONIA","SARI REJO","LINGKUNGAN 3","","","G. Perdagangan Besar dan Eceran, Reparasi Mobil dan Sepeda Motor","Gmaps"],
    ["22222","Bengkel mobil maju jaya service","Jl. Adi Sucipto Jl. Sma 2","prelist","MEDAN POLONIA","SARI REJO","LINGKUNGAN 6","","","G. Perdagangan Besar dan Eceran, Reparasi Mobil dan Sepeda Motor","Gmaps"],
    ["22223","Bengkel karya baru servis","Jl. Sejati No.21","prelist","MEDAN POLONIA","SARI REJO","LINGKUNGAN 4","","","G. Perdagangan Besar dan Eceran, Reparasi Mobil dan Sepeda Motor","Gmaps"],
    ["22224","ALFANBEST MOTOR","Jl. Karya Bakti Ii No.43","prelist","MEDAN POLONIA","SARI REJO","LINGKUNGAN 7","","","G. Perdagangan Besar dan Eceran, Reparasi Mobil dan Sepeda Motor","Gmaps"],
    ["22225","Strban","Jl. Starban","prelist","MEDAN POLONIA","POLONIA","LINGKUNGAN 9","","","G. Perdagangan Besar dan Eceran, Reparasi Mobil dan Sepeda Motor","Gmaps"],
    ["22226","Home Base Binter Merzy","Jl. Cinta Karya Gg. Famili No.25","prelist","MEDAN POLONIA","SARI REJO","LINGKUNGAN 1","","","G. Perdagangan Besar dan Eceran, Reparasi Mobil dan Sepeda Motor","Gmaps"],
    ["22227","April paking com(April part king ORI Medan)","Jl. Cinta Karya No.42","prelist","MEDAN POLONIA","SARI REJO","LINGKUNGAN 2","","","G. Perdagangan Besar dan Eceran, Reparasi Mobil dan Sepeda Motor","Gmaps"],
    ["22228","Pdam","Polonia, Kec. Medan Polonia, Kota Medan, Sumatera Utara 20157","prelist","MEDAN POLONIA","POLONIA","LINGKUNGAN 12","","","E. Pengadaan Air, Pengelolaan Sampah, Limbah, dan Daur Ulang","Gmaps"],
    ["22229","CV. Jasa Inda Teknik Airconditioning Mekanikal Electrikal Suplaier","Jl. Mawar No.7A","prelist","MEDAN POLONIA","SARI REJO","LINGKUNGAN 5","","","D. Pengadaan Listrik, Gas, Uap/Air Panas, dan Udara Dingin","Gmaps"],
    ["22230","Service AC Medan | AL Cool | Medan Johor","Jl. Mawar","prelist","MEDAN POLONIA","SARI REJO","LINGKUNGAN 4","","","D. Pengadaan Listrik, Gas, Uap/Air Panas, dan Udara Dingin","Gmaps"],
    ["22231","Service AC Kantor Rumah ATM dll (Sihite Service)","Gg. Mesjid I No.250A","prelist","MEDAN POLONIA","POLONIA","LINGKUNGAN 13","","","D. Pengadaan Listrik, Gas, Uap/Air Panas, dan Udara Dingin","Gmaps"],
    ["22232","Service AC Medan | Cuci AC Medan | Cv. Faasyah Ac Medan","Jl. Starban","prelist","MEDAN POLONIA","POLONIA","LINGKUNGAN 7","","","D. Pengadaan Listrik, Gas, Uap/Air Panas, dan Udara Dingin","Gmaps"],
    ["22233","PT PLN (Persero) UIP Sumatera Bagian Utara 2nd Office","Jl. R.A. Kartini Ii No.23","prelist","MEDAN POLONIA","MADRAS HULU","LINGKUNGAN 7","","","D. Pengadaan Listrik, Gas, Uap/Air Panas, dan Udara Dingin","Gmaps"],
    ["22234","PT PLN (Persero) Unit Induk Pembangunan Sumatera Bagian Utara","No.12","prelist","MEDAN POLONIA","ANGGRUNG","LINGKUNGAN 2","","","D. Pengadaan Listrik, Gas, Uap/Air Panas, dan Udara Dingin","Gmaps"],
    ["22235","OK NITROGEN SPBU SUDIRMAN","Madras Hulu, Kec. Medan Polonia, Kota Medan, Sumatera Utara 20212","prelist","MEDAN POLONIA","MADRAS HULU","LINGKUNGAN 8","","","G. Perdagangan Besar dan Eceran, Reparasi Mobil dan Sepeda Motor","Gmaps"],
    ["22236","Kantor Karoseri Rimbun Jaya","Jl. Mongonsidi No.91","prelist","MEDAN POLONIA","ANGGRUNG","LINGKUNGAN 8","","","G. Perdagangan Besar dan Eceran, Reparasi Mobil dan Sepeda Motor","Gmaps"],
    ["22237","Nay Airbrush cat Medan","Jl. Antariksa Gg. Buntu No.23","prelist","MEDAN POLONIA","SARI REJO","LINGKUNGAN 6","","","G. Perdagangan Besar dan Eceran, Reparasi Mobil dan Sepeda Motor","Gmaps"],
    ["22238","Bengkel Alat Berat Wak Asmadi","Jl. Subur","prelist","MEDAN POLONIA","SARI REJO","LINGKUNGAN 7","","","G. Perdagangan Besar dan Eceran, Reparasi Mobil dan Sepeda Motor","Gmaps"],
    ["22239","AP Garage","Suka Damai, Kec. Medan Polonia, Kota Medan, Sumatera Utara","prelist","MEDAN POLONIA","SUKA DAMAI","LINGKUNGAN 5","","","G. Perdagangan Besar dan Eceran, Reparasi Mobil dan Sepeda Motor","Gmaps"],
    ["22240","Sumatra jaya service berkala","Jl. Cempaka","prelist","MEDAN POLONIA","SARI REJO","LINGKUNGAN 4","","","G. Perdagangan Besar dan Eceran, Reparasi Mobil dan Sepeda Motor","Gmaps"],
    ["22241","Bengkel kripik pedas","Jl. Starban","prelist","MEDAN POLONIA","POLONIA","LINGKUNGAN 12","","","G. Perdagangan Besar dan Eceran, Reparasi Mobil dan Sepeda Motor","Gmaps"],
    ["22242","Sofyan Jok Anak Medan","Sari Rejo, Kec. Medan Polonia, Kota Medan, Sumatera Utara 20157","prelist","MEDAN POLONIA","SARI REJO","LINGKUNGAN 3","","","G. Perdagangan Besar dan Eceran, Reparasi Mobil dan Sepeda Motor","Gmaps"],
    ["22243","S3PACTSPEEDSHOP","Jl.Antariksa No.77 ( S3Pactspeedshop","prelist","MEDAN POLONIA","SARI REJO","LINGKUNGAN 6","","","G. Perdagangan Besar dan Eceran, Reparasi Mobil dan Sepeda Motor","Gmaps"],
    ["22244","CV Tirta Kencana Mas","Sari Rejo, Kec. Medan Polonia, Kota Medan, Sumatera Utara 20157","prelist","MEDAN POLONIA","SARI REJO","LINGKUNGAN 1","","","F. Konstruksi","Gmaps"],
    ["22245","PT. AHZA ARCHITECTURE AND DEVELOPMENT","Jl. Pangeran Diponegoro No.18 10Th Floor","prelist","MEDAN POLONIA","MADRAS HULU","LINGKUNGAN 9","","","F. Konstruksi","Gmaps"],
    ["22246","Kontraktor sipil,plafon,MEp & HVAC.alamat ;MEDAN POLONIA","Jl. Starban Gg. Mesjid I","prelist","MEDAN POLONIA","POLONIA","LINGKUNGAN 13","","","F. Konstruksi","Gmaps"],
    ["22247","CV.Latha Karya Perkasa","Jl. Mawar Lk - V No.257","prelist","MEDAN POLONIA","SARI REJO","LINGKUNGAN 4","","","F. Konstruksi","Gmaps"],
    ["22248","PT. Madani Raisha Construction","Jl. Mawar No.215","prelist","MEDAN POLONIA","SARI REJO","LINGKUNGAN 4","","","F. Konstruksi","Gmaps"],
    ["22249","CV. ANUGERAH karena bunda kontruksi","Jl. Bilal Gg. Landasan","prelist","MEDAN POLONIA","SARI REJO","LINGKUNGAN 1","","","F. Konstruksi","Gmaps"],
    ["22250","Tukang Medan","Jl. Pipa Ii No.5","prelist","MEDAN POLONIA","SARI REJO","LINGKUNGAN 6","","","F. Konstruksi","Gmaps"],
    ["22251","YUS WATER","Jl. Cinta Karya","prelist","MEDAN POLONIA","SARI REJO","LINGKUNGAN 3","","","E. Pengadaan Air, Pengelolaan Sampah, Limbah, dan Daur Ulang","Gmaps"],
    ["22252","Ammar water depot air isi ulang","Polonia, Kec. Medan Kota, Kota Medan, Sumatera Utara 20157","prelist","MEDAN POLONIA","POLONIA","LINGKUNGAN 8","","","E. Pengadaan Air, Pengelolaan Sampah, Limbah, dan Daur Ulang","Gmaps"],
    ["22253","AHS AQILAH","Sari Rejo, Kec. Medan Polonia, Kota Medan, Sumatera Utara 20158","prelist","MEDAN POLONIA","SARI REJO","LINGKUNGAN 5","","","E. Pengadaan Air, Pengelolaan Sampah, Limbah, dan Daur Ulang","Gmaps"],
    ["22254","Dam Water Ro","Jl. Adi Sucipto","prelist","MEDAN POLONIA","SARI REJO","LINGKUNGAN 6","","","E. Pengadaan Air, Pengelolaan Sampah, Limbah, dan Daur Ulang","Gmaps"],
    ["22255","KURSI PIJAT, SARINGAN AIR MINUM & AIR PURIFIER ADVANCE HERMES","Polonia, Kec. Medan Polonia, Kota Medan, Sumatera Utara 20157","prelist","MEDAN POLONIA","POLONIA","LINGKUNGAN 1","","","E. Pengadaan Air, Pengelolaan Sampah, Limbah, dan Daur Ulang","Gmaps"],
    ["22256","Zahra water","Jl. Polonia Jl. Balai Desa No.55","prelist","MEDAN POLONIA","POLONIA","LINGKUNGAN 6","","","E. Pengadaan Air, Pengelolaan Sampah, Limbah, dan Daur Ulang","Gmaps"],
    ["22257","FAIZ WATER","Jl. Karya Sejati No.2","prelist","MEDAN POLONIA","POLONIA","LINGKUNGAN 4","","","E. Pengadaan Air, Pengelolaan Sampah, Limbah, dan Daur Ulang","Gmaps"],
    ["22258","MJP Water","Jl. Karya Bakti No.1","prelist","MEDAN POLONIA","SARI REJO","LINGKUNGAN 1","","","E. Pengadaan Air, Pengelolaan Sampah, Limbah, dan Daur Ulang","Gmaps"],
    ["22259","Depot Air Iwan","Gg. Mesjid 2 No.I","prelist","MEDAN POLONIA","POLONIA","LINGKUNGAN 13","","","E. Pengadaan Air, Pengelolaan Sampah, Limbah, dan Daur Ulang","Gmaps"],
    ["22260","MIRI PIRI HALL","Jl. Karya Sejati No.18","prelist","MEDAN POLONIA","POLONIA","LINGKUNGAN 4","","","F. Konstruksi","Gmaps"],
    ["22261","Putera Alfin Perabot","Jl. Karya Bakti No.48","prelist","MEDAN POLONIA","SARI REJO","LINGKUNGAN 1","","","F. Konstruksi","Gmaps"],
    ["22262","Gang bersama no.37 polonia","Gg. Bersama No.37","prelist","MEDAN POLONIA","POLONIA","LINGKUNGAN 9","","","F. Konstruksi","Gmaps"],
    ["22263","Liftbarang","Gg. Sawah No.31","prelist","MEDAN POLONIA","POLONIA","LINGKUNGAN 11","","","F. Konstruksi","Gmaps"],
    ["22264","CV BADAY MAKMUR ARJOEVAN","Blk. C, Suka Damai, Kec. Medan Polonia, Kota Medan, Sumatera Utara","prelist","MEDAN POLONIA","SUKA DAMAI","LINGKUNGAN 5","","","F. Konstruksi","Gmaps"],
    ["22265","OFFICE PMT MEDAN","Jl. Komp. Cbd Polonia","prelist","MEDAN POLONIA","SUKA DAMAI","LINGKUNGAN 5","","","F. Konstruksi","Gmaps"],
    ["22266","Studio Architech R4","Jl. Mawar No.215","prelist","MEDAN POLONIA","SARI REJO","LINGKUNGAN 4","","","F. Konstruksi","Gmaps"],
    ["22267","Jayakarsa Glassindo Utama || Alexindo Medan","Jl. Padang Golf","prelist","MEDAN POLONIA","SUKA DAMAI","LINGKUNGAN 5","","","F. Konstruksi","Gmaps"],
    ["22268","Ucok Kusen","Jl. Cinta Karya No.60-56","prelist","MEDAN POLONIA","SARI REJO","LINGKUNGAN 2","","","F. Konstruksi","Gmaps"],
    ["22269","jasa pengaspalan cv. camar cemerlang","Jl. Balai Desa No.14","prelist","MEDAN POLONIA","POLONIA","LINGKUNGAN 8","","","F. Konstruksi","Gmaps"],
    ["22270","Polonia Garden","Komplek Cbd","prelist","MEDAN POLONIA","SUKA DAMAI","LINGKUNGAN 5","","","L. Real Estat","Gmaps"],
    ["22271","Mitra Mandiri Medan","Jl. Cempaka","prelist","MEDAN POLONIA","SARI REJO","LINGKUNGAN 4","","","F. Konstruksi","Gmaps"],
    ["22272","SPESIALIS : SERVICE POMPA AIR.","Jl. Teratai Gang Rukun No.61","prelist","MEDAN POLONIA","SARI REJO","LINGKUNGAN 5","","","F. Konstruksi","Gmaps"],
    ["22273","Bengkel Dyandra Jaya Ban","Jl. Adi Sucipto No.8","prelist","MEDAN POLONIA","SARI REJO","LINGKUNGAN 6","","","F. Konstruksi","Gmaps"],
    ["22274","Jasa pengaspalan hotmix dan paving blok","Jl. Karya Pembangunan No.35","prelist","MEDAN POLONIA","POLONIA","LINGKUNGAN 3","","","F. Konstruksi","Gmaps"],
    ["22291","PT. Raksasa Indonesia","Jl. Padang Golf Blok Dd No.48-51A","prelist","MEDAN POLONIA","SUKA DAMAI","LINGKUNGAN 5","","","F. Konstruksi","Gmaps"],
    ["22292","Berkah kaca aluminium","Perumahan Grand Permata Mencirim","prelist","MEDAN POLONIA","SUKA DAMAI","LINGKUNGAN 5","","","F. Konstruksi","Gmaps"],
    ["22293","Jaya antena tv Medan","Gg. Ikhlas","prelist","MEDAN POLONIA","SARI REJO","LINGKUNGAN 2","","","F. Konstruksi","Gmaps"],
    ["22294","Soesun","Jl. R.A. Kartini Ii No.23","prelist","MEDAN POLONIA","MADRAS HULU","LINGKUNGAN 10","","","F. Konstruksi","Gmaps"],
    ["22295","PT. BATARA CIPTA SARANA","Jl. Malibu Indah Raya","prelist","MEDAN POLONIA","SUKA DAMAI","LINGKUNGAN 3","","","F. Konstruksi","Gmaps"],
    ["22296","Monaco Property Group","Jl. Adi Sucipto No.25","prelist","MEDAN POLONIA","SUKA DAMAI","LINGKUNGAN 3","","","F. Konstruksi","Gmaps"],
    ["22297","Prima Media Advertising Medan","Gg. Persatuan No.8","prelist","MEDAN POLONIA","SARI REJO","LINGKUNGAN 3","","","F. Konstruksi","Gmaps"],
    ["22298","PT.ADF Tech Engineer","Jl. Antariksa","prelist","MEDAN POLONIA","SARI REJO","LINGKUNGAN 9","","","F. Konstruksi","Gmaps"],
    ["22299","Jasa Pengaspalan , paving block , cor.","Jl. Karya Sehati","prelist","MEDAN POLONIA","POLONIA","LINGKUNGAN 5","","","F. Konstruksi","Gmaps"],
    ["22300","PT. Wiratama Group","Jl. Ir. H. Juanda No.40","prelist","MEDAN POLONIA","SUKA DAMAI","LINGKUNGAN 4","","","F. Konstruksi","Gmaps"],
    ["22301","JASA TUKANG BANGUNAN","Jl. Imam Bonjol","prelist","MEDAN POLONIA","MADRAS HULU","LINGKUNGAN 8","","","F. Konstruksi","Gmaps"],
    ["22302","Rian firmansyah","Jl. Perjuangan Ii","prelist","MEDAN POLONIA","SARI REJO","LINGKUNGAN 5","","","F. Konstruksi","Gmaps"],
    ["22303","Ortus Design Polonia","Gg. A No.3","prelist","MEDAN POLONIA","POLONIA","LINGKUNGAN 1","","","F. Konstruksi","Gmaps"],
    ["22304","Jayakarsa Alumindo Construction","Ruko CBD Polonia B 64-65, Suka Damai, Kec. Medan Polonia, Kota Medan, Sumatera Utara 20159","prelist","MEDAN POLONIA","SUKA DAMAI","LINGKUNGAN 5","","","F. Konstruksi","Gmaps"],
    ["22305","Ariel Las","Jl. Bilal No.11","prelist","MEDAN POLONIA","SARI REJO","LINGKUNGAN 3","","","F. Konstruksi","Gmaps"],
    ["22306","Vresh Mart","Jl. Adi Sucipto No.18 D15","prelist","MEDAN POLONIA","SUKA DAMAI","LINGKUNGAN 3","","","G. Perdagangan Besar dan Eceran, Reparasi Mobil dan Sepeda Motor","Gmaps"],
    ["22307","Toko DANIA","Jl. Starban No.425","prelist","MEDAN POLONIA","POLONIA","LINGKUNGAN 12","","","G. Perdagangan Besar dan Eceran, Reparasi Mobil dan Sepeda Motor","Gmaps"],
    ["22308","TOKO REZEKI SFF","Jl. Starban No.255","prelist","MEDAN POLONIA","POLONIA","LINGKUNGAN 12","","","G. Perdagangan Besar dan Eceran, Reparasi Mobil dan Sepeda Motor","Gmaps"],
    ["22309","WARUNG WAK IPON","Jl. Karya Bersama","prelist","MEDAN POLONIA","POLONIA","LINGKUNGAN 5","","","G. Perdagangan Besar dan Eceran, Reparasi Mobil dan Sepeda Motor","Gmaps"],
    ["22310","Toko Kanaya Barokah","Sari Rejo, Kec. Medan Polonia, Kota Medan, Sumatera Utara 20158","prelist","MEDAN POLONIA","SARI REJO","LINGKUNGAN 4","","","G. Perdagangan Besar dan Eceran, Reparasi Mobil dan Sepeda Motor","Gmaps"],
    ["22311","Toko UD.GINTING","No.42 Lingkungan 2","prelist","MEDAN POLONIA","SARI REJO","LINGKUNGAN 2","","","G. Perdagangan Besar dan Eceran, Reparasi Mobil dan Sepeda Motor","Gmaps"],
    ["22312","TOKO ABA I","Jl. Antariksa No.1 A","prelist","MEDAN POLONIA","SARI REJO","LINGKUNGAN 6","","","G. Perdagangan Besar dan Eceran, Reparasi Mobil dan Sepeda Motor","Gmaps"],
    ["22313","Toko limbong","Jl. Balai Desa","prelist","MEDAN POLONIA","POLONIA","LINGKUNGAN 8","","","G. Perdagangan Besar dan Eceran, Reparasi Mobil dan Sepeda Motor","Gmaps"],
    ["22314","TOKO SAHABAT JAYA 1","Jl. Mawar No.38","prelist","MEDAN POLONIA","SARI REJO","LINGKUNGAN 4","","","G. Perdagangan Besar dan Eceran, Reparasi Mobil dan Sepeda Motor","Gmaps"],
    ["22315","Warung kelontong","Jl. Angkasa No.9","prelist","MEDAN POLONIA","POLONIA","LINGKUNGAN 3","","","G. Perdagangan Besar dan Eceran, Reparasi Mobil dan Sepeda Motor","Gmaps"],
    ["22316","Toko Mak Ambrit","Polonia, Kec. Medan Polonia, Kota Medan, Sumatera Utara 20157","prelist","MEDAN POLONIA","POLONIA","LINGKUNGAN 9","","","G. Perdagangan Besar dan Eceran, Reparasi Mobil dan Sepeda Motor","Gmaps"],
    ["22317","Toko jenggala 58","Jl. Jenggala No.58","prelist","MEDAN POLONIA","MADRAS HULU","LINGKUNGAN 1","","","G. Perdagangan Besar dan Eceran, Reparasi Mobil dan Sepeda Motor","Gmaps"],
    ["22318","toko simanjuntak","Jl. Starban","prelist","MEDAN POLONIA","POLONIA","LINGKUNGAN 7","","","G. Perdagangan Besar dan Eceran, Reparasi Mobil dan Sepeda Motor","Gmaps"],
    ["22319","Warung Kelontong \"Gurning\"","Jl. Karya Sehati","prelist","MEDAN POLONIA","POLONIA","LINGKUNGAN 5","","","G. Perdagangan Besar dan Eceran, Reparasi Mobil dan Sepeda Motor","Gmaps"],
    ["22320","toko kelontong bang simon","Jl. Karya Dharma","prelist","MEDAN POLONIA","POLONIA","LINGKUNGAN 4","","","G. Perdagangan Besar dan Eceran, Reparasi Mobil dan Sepeda Motor","Gmaps"],
    ["22321","Toko HAR","Polonia, Kec. Medan Polonia, Kota Medan, Sumatera Utara 20157","prelist","MEDAN POLONIA","POLONIA","LINGKUNGAN 12","","","G. Perdagangan Besar dan Eceran, Reparasi Mobil dan Sepeda Motor","Gmaps"],
    ["22322","Putri Asyifa Toko Sembako Grosir Dan Eceran","Jl. Cinta Karya No.47","prelist","MEDAN POLONIA","SARI REJO","LINGKUNGAN 1","","","G. Perdagangan Besar dan Eceran, Reparasi Mobil dan Sepeda Motor","Gmaps"],
    ["22323","Toko Paramita","Sari Rejo, Kec. Medan Polonia, Kota Medan, Sumatera Utara 20158","prelist","MEDAN POLONIA","SARI REJO","LINGKUNGAN 3","","","G. Perdagangan Besar dan Eceran, Reparasi Mobil dan Sepeda Motor","Gmaps"],
    ["22324","Kios Mery Bertauly Hutasoit","Jl. Karya Kasih","prelist","MEDAN POLONIA","POLONIA","LINGKUNGAN 4","","","G. Perdagangan Besar dan Eceran, Reparasi Mobil dan Sepeda Motor","Gmaps"],
    ["22325","TOKO REZEKI BARU","Jl. Starban No.87","prelist","MEDAN POLONIA","POLONIA","LINGKUNGAN 9","","","G. Perdagangan Besar dan Eceran, Reparasi Mobil dan Sepeda Motor","Gmaps"],
    ["22326","Toko Hari","Gg. Lurah","prelist","MEDAN POLONIA","POLONIA","LINGKUNGAN 11","","","G. Perdagangan Besar dan Eceran, Reparasi Mobil dan Sepeda Motor","Gmaps"],
    ["22327","Toko Rani Jaya","Jl. Cinta Karya No.90","prelist","MEDAN POLONIA","SARI REJO","LINGKUNGAN 3","","","G. Perdagangan Besar dan Eceran, Reparasi Mobil dan Sepeda Motor","Gmaps"],
    ["22328","Toko LELA","Gg. Garuda","prelist","MEDAN POLONIA","POLONIA","LINGKUNGAN 12","","","G. Perdagangan Besar dan Eceran, Reparasi Mobil dan Sepeda Motor","Gmaps"],
    ["22329","TOKO MUDAH REZEKI 2","Jl. Starban Gg. Timbul No.50","prelist","MEDAN POLONIA","POLONIA","LINGKUNGAN 10","","","G. Perdagangan Besar dan Eceran, Reparasi Mobil dan Sepeda Motor","Gmaps"],
    ["22330","Toko Anggi","Jalan Mangaan 7 Lingkungan 16","prelist","MEDAN POLONIA","POLONIA","LINGKUNGAN 11","","","G. Perdagangan Besar dan Eceran, Reparasi Mobil dan Sepeda Motor","Gmaps"],
    ["22331","Toko herman","Jl. Teratai","prelist","MEDAN POLONIA","SARI REJO","LINGKUNGAN 5","","","G. Perdagangan Besar dan Eceran, Reparasi Mobil dan Sepeda Motor","Gmaps"],
    ["22332","Toko Alvaro Haloho","Jl. Cinta Karya No.67A","prelist","MEDAN POLONIA","SARI REJO","LINGKUNGAN 3","","","G. Perdagangan Besar dan Eceran, Reparasi Mobil dan Sepeda Motor","Gmaps"],
    ["22333","Kita Toko","Jl. Pendidikan No.26","prelist","MEDAN POLONIA","POLONIA","LINGKUNGAN 1","","","G. Perdagangan Besar dan Eceran, Reparasi Mobil dan Sepeda Motor","Gmaps"],
    ["22334","LJ Mart","Jl. Antariksa","prelist","MEDAN POLONIA","SARI REJO","LINGKUNGAN 6","","","G. Perdagangan Besar dan Eceran, Reparasi Mobil dan Sepeda Motor","Gmaps"],
    ["22335","YSI95 Mart","Jl. Komp. Cbd Polonia","prelist","MEDAN POLONIA","SUKA DAMAI","LINGKUNGAN 5","","","G. Perdagangan Besar dan Eceran, Reparasi Mobil dan Sepeda Motor","Gmaps"],
    ["22336","Toko Family","Jl. Cinta Karya","prelist","MEDAN POLONIA","SARI REJO","LINGKUNGAN 8","","","G. Perdagangan Besar dan Eceran, Reparasi Mobil dan Sepeda Motor","Gmaps"],
    ["22337","TOKO WANDA","Jl. Teratai No.19","prelist","MEDAN POLONIA","SARI REJO","LINGKUNGAN 9","","","G. Perdagangan Besar dan Eceran, Reparasi Mobil dan Sepeda Motor","Gmaps"],
    ["22338","TOKO AAN","Jl. Cinta Karya No.4A","prelist","MEDAN POLONIA","SARI REJO","LINGKUNGAN 7","","","G. Perdagangan Besar dan Eceran, Reparasi Mobil dan Sepeda Motor","Gmaps"],
    ["22339","TOKO ARVINO","Jl. Adi Sucipto","prelist","MEDAN POLONIA","SARI REJO","LINGKUNGAN 6","","","G. Perdagangan Besar dan Eceran, Reparasi Mobil dan Sepeda Motor","Gmaps"],
    ["22340","Distributor es lilin, es pinsil n es belang2","Jl. Starban","prelist","MEDAN POLONIA","POLONIA","LINGKUNGAN 11","","","G. Perdagangan Besar dan Eceran, Reparasi Mobil dan Sepeda Motor","Gmaps"],
    ["22341","Toko Dina_Dini","Gg. Imam No.1","prelist","MEDAN POLONIA","SARI REJO","LINGKUNGAN 8","","","G. Perdagangan Besar dan Eceran, Reparasi Mobil dan Sepeda Motor","Gmaps"],
    ["22342","TOKO ZAMRA","Jl. Teratai","prelist","MEDAN POLONIA","SARI REJO","LINGKUNGAN 5","","","G. Perdagangan Besar dan Eceran, Reparasi Mobil dan Sepeda Motor","Gmaps"],
    ["22343","Toko Iqbal","Jl. Teratai","prelist","MEDAN POLONIA","SARI REJO","LINGKUNGAN 5","","","G. Perdagangan Besar dan Eceran, Reparasi Mobil dan Sepeda Motor","Gmaps"],
    ["22344","Kios Sembako Ys","Jl. Cinta Karya No.80","prelist","MEDAN POLONIA","SARI REJO","LINGKUNGAN 3","","","G. Perdagangan Besar dan Eceran, Reparasi Mobil dan Sepeda Motor","Gmaps"],
    ["22345","Toko Ebit","Jl. Karya Sejati","prelist","MEDAN POLONIA","POLONIA","LINGKUNGAN 4","","","G. Perdagangan Besar dan Eceran, Reparasi Mobil dan Sepeda Motor","Gmaps"],
    ["22346","Toko Roy Sihaloho","Jl. Teratai","prelist","MEDAN POLONIA","SARI REJO","LINGKUNGAN 5","","","G. Perdagangan Besar dan Eceran, Reparasi Mobil dan Sepeda Motor","Gmaps"],
    ["22347","Kedai Wak Mul","Sari Rejo, Kec. Medan Polonia, Kota Medan, Sumatera Utara 20217","prelist","MEDAN POLONIA","SARI REJO","LINGKUNGAN 6","","","G. Perdagangan Besar dan Eceran, Reparasi Mobil dan Sepeda Motor","Gmaps"],
    ["22348","Toko guru singa","Jl. Karya April","prelist","MEDAN POLONIA","SARI REJO","LINGKUNGAN 7","","","G. Perdagangan Besar dan Eceran, Reparasi Mobil dan Sepeda Motor","Gmaps"],
    ["22349","Toko Miho kelontong","Jl. Teuku Umar No.61/39","prelist","MEDAN POLONIA","MADRAS HULU","LINGKUNGAN 5","","","G. Perdagangan Besar dan Eceran, Reparasi Mobil dan Sepeda Motor","Gmaps"],
    ["22350","Maximart Hermes Place Polonia","Jl. Mongonsidi No.45","prelist","MEDAN POLONIA","POLONIA","LINGKUNGAN 3","","","G. Perdagangan Besar dan Eceran, Reparasi Mobil dan Sepeda Motor","Gmaps"],
    ["22351","Rezeki Water","Jl. Antariksa","prelist","MEDAN POLONIA","SARI REJO","LINGKUNGAN 9","","","G. Perdagangan Besar dan Eceran, Reparasi Mobil dan Sepeda Motor","Gmaps"],
    ["22352","Warung Wak Bella","Jl. Perjuangan Ii No.50","prelist","MEDAN POLONIA","SARI REJO","LINGKUNGAN 5","","","G. Perdagangan Besar dan Eceran, Reparasi Mobil dan Sepeda Motor","Gmaps"],
    ["22353","Indomaret Juanda","Jl. Ir. H. Juanda No.22","prelist","MEDAN POLONIA","SUKA DAMAI","LINGKUNGAN 4","","","G. Perdagangan Besar dan Eceran, Reparasi Mobil dan Sepeda Motor","Gmaps"],
    ["22354","SUMUT MART","Jl. Imam Bonjol No.18","prelist","MEDAN POLONIA","MADRAS HULU","LINGKUNGAN 9","","","G. Perdagangan Besar dan Eceran, Reparasi Mobil dan Sepeda Motor","Gmaps"],
    ["22355","Krisna Water","Jl. Polonia No.48 D","prelist","MEDAN POLONIA","POLONIA","LINGKUNGAN 1","","","G. Perdagangan Besar dan Eceran, Reparasi Mobil dan Sepeda Motor","Gmaps"],
    ["22356","Indomaret Zainul Arifin","Jalan Kh.Zainul Arifin No.45","prelist","MEDAN POLONIA","MADRAS HULU","LINGKUNGAN 1","","","G. Perdagangan Besar dan Eceran, Reparasi Mobil dan Sepeda Motor","Gmaps"],
    ["22357","K3MART Sun Plaza","Jl. Kh. Zainul Arifin.7","prelist","MEDAN POLONIA","MADRAS HULU","LINGKUNGAN 9","","","G. Perdagangan Besar dan Eceran, Reparasi Mobil dan Sepeda Motor","Gmaps"],
    ["22358","Alfamart Bright Polonia","Jl. Polonia","prelist","MEDAN POLONIA","SUKA DAMAI","LINGKUNGAN 5","","","G. Perdagangan Besar dan Eceran, Reparasi Mobil dan Sepeda Motor","Gmaps"],
    ["22359","Indomaret | Suka Damai","Jl. Polonia","prelist","MEDAN POLONIA","POLONIA","LINGKUNGAN 6","","","G. Perdagangan Besar dan Eceran, Reparasi Mobil dan Sepeda Motor","Gmaps"],
    ["22360","Indomaret Cik Ditiro","Jl. Teuku Cik Ditiro No.10","prelist","MEDAN POLONIA","MADRAS HULU","LINGKUNGAN 6","","","G. Perdagangan Besar dan Eceran, Reparasi Mobil dan Sepeda Motor","Gmaps"],
    ["22361","Indomaret Walter Monginsidi","Jl. Mongonsidi No.7","prelist","MEDAN POLONIA","POLONIA","LINGKUNGAN 1","","","G. Perdagangan Besar dan Eceran, Reparasi Mobil dan Sepeda Motor","Gmaps"],
    ["22362","Pasar Pekan Sarirejo","Sari Rejo, Kec. Medan Polonia, Kota Medan, Sumatera Utara 20158","prelist","MEDAN POLONIA","SARI REJO","LINGKUNGAN 5","","","G. Perdagangan Besar dan Eceran, Reparasi Mobil dan Sepeda Motor","Gmaps"],
    ["22363","Pasar Tradisional Sari Rejo","Sari Rejo, Kec. Medan Polonia, Kota Medan, Sumatera Utara 20158","prelist","MEDAN POLONIA","SARI REJO","LINGKUNGAN 5","","","G. Perdagangan Besar dan Eceran, Reparasi Mobil dan Sepeda Motor","Gmaps"],
    ["22364","Tivoli","Jl. Imam Bonjol","prelist","MEDAN POLONIA","MADRAS HULU","LINGKUNGAN 10","","","G. Perdagangan Besar dan Eceran, Reparasi Mobil dan Sepeda Motor","Gmaps"],
    ["22365","CRISPY LUMER MACIK","Gg. Seram","prelist","MEDAN POLONIA","SARI REJO","LINGKUNGAN 1","","","G. Perdagangan Besar dan Eceran, Reparasi Mobil dan Sepeda Motor","Gmaps"],
    ["22366","The Coffee Crowd, Brastagi Supermarket Tiara","Jalan Imam Bonjol","prelist","MEDAN POLONIA","MADRAS HULU","LINGKUNGAN 10","","","G. Perdagangan Besar dan Eceran, Reparasi Mobil dan Sepeda Motor","Gmaps"],
    ["22367","H&CO","Jl. R. A. Kartini No.14","prelist","MEDAN POLONIA","MADRAS HULU","LINGKUNGAN 10","","","G. Perdagangan Besar dan Eceran, Reparasi Mobil dan Sepeda Motor","Gmaps"],
    ["22368","INS","Jl. Kh. Zainul Arifin No.7","prelist","MEDAN POLONIA","MADRAS HULU","LINGKUNGAN 9","","","G. Perdagangan Besar dan Eceran, Reparasi Mobil dan Sepeda Motor","Gmaps"],
    ["22369","Santan Peras Bagus","Jl. Antariksa","prelist","MEDAN POLONIA","SARI REJO","LINGKUNGAN 9","","","G. Perdagangan Besar dan Eceran, Reparasi Mobil dan Sepeda Motor","Gmaps"],
    ["22370","Zz","Jl. Karya Jaya","prelist","MEDAN POLONIA","POLONIA","LINGKUNGAN 5","","","G. Perdagangan Besar dan Eceran, Reparasi Mobil dan Sepeda Motor","Gmaps"],
    ["22371","Fariz frozen","Jl. Starban No.207","prelist","MEDAN POLONIA","POLONIA","LINGKUNGAN 9","","","G. Perdagangan Besar dan Eceran, Reparasi Mobil dan Sepeda Motor","Gmaps"],
    ["22372","Zeribowl Brastagi Supermarket Tiara","Jl. Cut Mutia No.1","prelist","MEDAN POLONIA","MADRAS HULU","LINGKUNGAN 10","","","G. Perdagangan Besar dan Eceran, Reparasi Mobil dan Sepeda Motor","Gmaps"],
    ["22373","OH!SOME - Sun Plaza","Jl. Kh. Zainul Arifin No.7 Lt.2","prelist","MEDAN POLONIA","MADRAS HULU","LINGKUNGAN 9","","","G. Perdagangan Besar dan Eceran, Reparasi Mobil dan Sepeda Motor","Gmaps"],
    ["22374","AHS Juli","Jl. Antariksa","prelist","MEDAN POLONIA","SARI REJO","LINGKUNGAN 6","","","G. Perdagangan Besar dan Eceran, Reparasi Mobil dan Sepeda Motor","Gmaps"],
    ["22375","Mr.ben shop","Jl. Muara Takus No.70","prelist","MEDAN POLONIA","MADRAS HULU","LINGKUNGAN 4","","","G. Perdagangan Besar dan Eceran, Reparasi Mobil dan Sepeda Motor","Gmaps"],
    ["22376","Toko Pieter Center","Jl. Teuku Cik Ditiro Kelurahan No.90","prelist","MEDAN POLONIA","MADRAS HULU","LINGKUNGAN 6","","","G. Perdagangan Besar dan Eceran, Reparasi Mobil dan Sepeda Motor","Gmaps"],
    ["22377","WINNER NUSANTARA PLASTIK","Jl. Karya Pembangunan","prelist","MEDAN POLONIA","POLONIA","LINGKUNGAN 3","","","G. Perdagangan Besar dan Eceran, Reparasi Mobil dan Sepeda Motor","Gmaps"],
    ["22378","Chint Medan","Jl. Komp. Cbd Polonia","prelist","MEDAN POLONIA","SUKA DAMAI","LINGKUNGAN 5","","","G. Perdagangan Besar dan Eceran, Reparasi Mobil dan Sepeda Motor","Gmaps"],
    ["22379","Produksi /Grosir/distributor dimsum medan","Jl. Cinta Karya No.67","prelist","MEDAN POLONIA","SARI REJO","LINGKUNGAN 1","","","G. Perdagangan Besar dan Eceran, Reparasi Mobil dan Sepeda Motor","Gmaps"],
    ["22380","Pangestu Sport","Gg. Pamili No.82","prelist","MEDAN POLONIA","SARI REJO","LINGKUNGAN 8","","","G. Perdagangan Besar dan Eceran, Reparasi Mobil dan Sepeda Motor","Gmaps"],
    ["22381","Hetty Kurma - ?????????? ?????????? ??????????","Jl. Balai Desa","prelist","MEDAN POLONIA","POLONIA","LINGKUNGAN 9","","","G. Perdagangan Besar dan Eceran, Reparasi Mobil dan Sepeda Motor","Gmaps"],
    ["22382","PONSEL KELUARGA","Gg. Mesjid Tengah","prelist","MEDAN POLONIA","POLONIA","LINGKUNGAN 13","","","G. Perdagangan Besar dan Eceran, Reparasi Mobil dan Sepeda Motor","Gmaps"],
    ["22383","Kurma.medan","Jl. Mawar No.34","prelist","MEDAN POLONIA","SARI REJO","LINGKUNGAN 4","","","G. Perdagangan Besar dan Eceran, Reparasi Mobil dan Sepeda Motor","Gmaps"],
    ["22384","kampoeng NacKs Bu okti","Gg. Amal No.69","prelist","MEDAN POLONIA","SARI REJO","LINGKUNGAN 5","","","G. Perdagangan Besar dan Eceran, Reparasi Mobil dan Sepeda Motor","Gmaps"],
    ["22385","SUN PLAZA","Jl. Kh. Zainul Arifin No.7","prelist","MEDAN POLONIA","MADRAS HULU","LINGKUNGAN 9","","","G. Perdagangan Besar dan Eceran, Reparasi Mobil dan Sepeda Motor","Gmaps"],
    ["22386","Kopi Sevel Busui Hpai","Jl. Karya Bersama Gangi No.6 Kampung Anggrung","prelist","MEDAN POLONIA","POLONIA","LINGKUNGAN 3","","","G. Perdagangan Besar dan Eceran, Reparasi Mobil dan Sepeda Motor","Gmaps"],
    ["22387","D'DRAGON JASTIP IMPORT","Jl. Ternak No.35","prelist","MEDAN POLONIA","POLONIA","LINGKUNGAN 6","","","G. Perdagangan Besar dan Eceran, Reparasi Mobil dan Sepeda Motor","Gmaps"],
    ["22388","GROSIR SEMANGAT BARU 3","Jl. Cinta Karya No.137","prelist","MEDAN POLONIA","SARI REJO","LINGKUNGAN 4","","","G. Perdagangan Besar dan Eceran, Reparasi Mobil dan Sepeda Motor","Gmaps"],
    ["22389","PASARIA","Jl. Kh. Zainul Arifin Dalam No.9","prelist","MEDAN POLONIA","MADRAS HULU","LINGKUNGAN 9","","","G. Perdagangan Besar dan Eceran, Reparasi Mobil dan Sepeda Motor","Gmaps"],
    ["22390","SAHABAT JAYA","Jl. Karang Sari","prelist","MEDAN POLONIA","SARI REJO","LINGKUNGAN 8","","","G. Perdagangan Besar dan Eceran, Reparasi Mobil dan Sepeda Motor","Gmaps"],
    ["22391","Miso Blitar","Jl. Polonia","prelist","MEDAN POLONIA","SUKA DAMAI","LINGKUNGAN 6","","","G. Perdagangan Besar dan Eceran, Reparasi Mobil dan Sepeda Motor","Gmaps"],
    ["22392","Plan B Plant","Jl. Padang Golf No.6","prelist","MEDAN POLONIA","SUKA DAMAI","LINGKUNGAN 3","","","G. Perdagangan Besar dan Eceran, Reparasi Mobil dan Sepeda Motor","Gmaps"],
    ["22393","TOPAZ XPRESS FOTOCOPI & ALAT TULIS","Jl. Karya Bakti No.8","prelist","MEDAN POLONIA","SARI REJO","LINGKUNGAN 1","","","G. Perdagangan Besar dan Eceran, Reparasi Mobil dan Sepeda Motor","Gmaps"],
    ["22394","AREWA Indonesia","Unnamed Road, Suka Damai, Kec. Medan Polonia, Kota Medan, Sumatera Utara 20152","prelist","MEDAN POLONIA","SUKA DAMAI","LINGKUNGAN 6","","","G. Perdagangan Besar dan Eceran, Reparasi Mobil dan Sepeda Motor","Gmaps"],
    ["22395","Gerai Cemilan Humaira","Jl. Pipa Utama","prelist","MEDAN POLONIA","SARI REJO","LINGKUNGAN 6","","","G. Perdagangan Besar dan Eceran, Reparasi Mobil dan Sepeda Motor","Gmaps"],
    ["22396","Gamula Jaya. CV","Jl. Mawar No.7","prelist","MEDAN POLONIA","SARI REJO","LINGKUNGAN 5","","","G. Perdagangan Besar dan Eceran, Reparasi Mobil dan Sepeda Motor","Gmaps"],
    ["22397","Laksa YR CBD","Jl. Padang Golf Jl. Komp. Cbd Polonia No.65 Block Dd No. 64","prelist","MEDAN POLONIA","SUKA DAMAI","LINGKUNGAN 5","","","G. Perdagangan Besar dan Eceran, Reparasi Mobil dan Sepeda Motor","Gmaps"],
    ["22398","Lion. UD","Jl. Imam Bonjol No.56","prelist","MEDAN POLONIA","SUKA DAMAI","LINGKUNGAN 5","","","G. Perdagangan Besar dan Eceran, Reparasi Mobil dan Sepeda Motor","Gmaps"],
    ["22399","Podomoro Cake","Gg. Melati","prelist","MEDAN POLONIA","POLONIA","LINGKUNGAN 8","","","G. Perdagangan Besar dan Eceran, Reparasi Mobil dan Sepeda Motor","Gmaps"],
    ["22400","Mas Jama'ah Telur ( MJ TELUR)","Jl. Mawar No.7","prelist","MEDAN POLONIA","SARI REJO","LINGKUNGAN 4","","","G. Perdagangan Besar dan Eceran, Reparasi Mobil dan Sepeda Motor","Gmaps"],
    ["22401","BUANA PRIMA","Jl. Teuku Umar No.49/27","prelist","MEDAN POLONIA","MADRAS HULU","LINGKUNGAN 5","","","G. Perdagangan Besar dan Eceran, Reparasi Mobil dan Sepeda Motor","Gmaps"],
    ["22402","An-Nisaa' water","Jl. Teratai No.5","prelist","MEDAN POLONIA","SARI REJO","LINGKUNGAN 9","","","G. Perdagangan Besar dan Eceran, Reparasi Mobil dan Sepeda Motor","Gmaps"],
    ["22403","Usaha baru jaya 1","Jl. Cinta Karya","prelist","MEDAN POLONIA","SARI REJO","LINGKUNGAN 2","","","G. Perdagangan Besar dan Eceran, Reparasi Mobil dan Sepeda Motor","Gmaps"],
    ["22404","Doa gure","Sari Rejo, Kec. Medan Polonia, Kota Medan, Sumatera Utara","prelist","MEDAN POLONIA","SARI REJO","LINGKUNGAN 2","","","G. Perdagangan Besar dan Eceran, Reparasi Mobil dan Sepeda Motor","Gmaps"],
    ["22405","WARUNG BU ROHANI / WAK HERI","Jl. Mesjid Gg. A No.54","prelist","MEDAN POLONIA","POLONIA","LINGKUNGAN 1","","","G. Perdagangan Besar dan Eceran, Reparasi Mobil dan Sepeda Motor","Gmaps"],
    ["22406","Toko Aba 1","Jl. Padang Golf No.4","prelist","MEDAN POLONIA","SUKA DAMAI","LINGKUNGAN 3","","","G. Perdagangan Besar dan Eceran, Reparasi Mobil dan Sepeda Motor","Gmaps"],
    ["22407","Bar Bar BUMS","Gg. A No.43","prelist","MEDAN POLONIA","POLONIA","LINGKUNGAN 1","","","G. Perdagangan Besar dan Eceran, Reparasi Mobil dan Sepeda Motor","Gmaps"],
    ["22408","Thrift_autosecondid","Jl. Karya Dharma No.20","prelist","MEDAN POLONIA","POLONIA","LINGKUNGAN 4","","","G. Perdagangan Besar dan Eceran, Reparasi Mobil dan Sepeda Motor","Gmaps"],
    ["22409","Girl Shop Medan","Sari Rejo, Kec. Medan Polonia, Kota Medan, Sumatera Utara 20157","prelist","MEDAN POLONIA","SARI REJO","LINGKUNGAN 1","","","G. Perdagangan Besar dan Eceran, Reparasi Mobil dan Sepeda Motor","Gmaps"],
    ["22410","AnA Monza branded","Jl. Ternak Iii No.19","prelist","MEDAN POLONIA","POLONIA","LINGKUNGAN 6","","","G. Perdagangan Besar dan Eceran, Reparasi Mobil dan Sepeda Motor","Gmaps"],
    ["22411","Balqis collection","Jl. Cinta Karya No.45A","prelist","MEDAN POLONIA","SARI REJO","LINGKUNGAN 1","","","G. Perdagangan Besar dan Eceran, Reparasi Mobil dan Sepeda Motor","Gmaps"],
    ["22412","Rose Fashion","Jl. Mawar No.17","prelist","MEDAN POLONIA","SARI REJO","LINGKUNGAN 4","","","G. Perdagangan Besar dan Eceran, Reparasi Mobil dan Sepeda Motor","Gmaps"],
    ["22413","The CityView Medan Condominium","Jl. Komodor Muda Adi Sucipto","prelist","MEDAN POLONIA","SUKA DAMAI","LINGKUNGAN 3","","","G. Perdagangan Besar dan Eceran, Reparasi Mobil dan Sepeda Motor","Gmaps"],
    ["22414","Warung Kopi Arjuna","Komplek Cbd Polonia Blok C 44","prelist","MEDAN POLONIA","SUKA DAMAI","LINGKUNGAN 5","","","G. Perdagangan Besar dan Eceran, Reparasi Mobil dan Sepeda Motor","Gmaps"],
    ["22415","IRJIE KALIGRAFI Medan","Jl. Adi Sucipto","prelist","MEDAN POLONIA","SARI REJO","LINGKUNGAN 6","","","G. Perdagangan Besar dan Eceran, Reparasi Mobil dan Sepeda Motor","Gmaps"],
    ["22416","Seven Cake","Jl. Komp. Cbd Polonia Blk. Bb - Cc No.72","prelist","MEDAN POLONIA","SUKA DAMAI","LINGKUNGAN 5","","","G. Perdagangan Besar dan Eceran, Reparasi Mobil dan Sepeda Motor","Gmaps"],
    ["22417","Wan Wan Bakery & cake shop","Jl. Adi Sucipto No.04","prelist","MEDAN POLONIA","SARI REJO","LINGKUNGAN 6","","","G. Perdagangan Besar dan Eceran, Reparasi Mobil dan Sepeda Motor","Gmaps"],
    ["22418","Kimie_kitchen","Jl. Pipa Utama No.38","prelist","MEDAN POLONIA","SARI REJO","LINGKUNGAN 6","","","G. Perdagangan Besar dan Eceran, Reparasi Mobil dan Sepeda Motor","Gmaps"],
    ["22419","ROLL CAKE \"SALWA\"","Komplek Tni Au Polonia","prelist","MEDAN POLONIA","SUKA DAMAI","LINGKUNGAN 6","","","G. Perdagangan Besar dan Eceran, Reparasi Mobil dan Sepeda Motor","Gmaps"],
    ["22420","PasTry Time Medan","Jl. Teratai No.2","prelist","MEDAN POLONIA","SARI REJO","LINGKUNGAN 9","","","G. Perdagangan Besar dan Eceran, Reparasi Mobil dan Sepeda Motor","Gmaps"],
    ["22421","Agen kentang","Jl. Starban No.73","prelist","MEDAN POLONIA","POLONIA","LINGKUNGAN 12","","","G. Perdagangan Besar dan Eceran, Reparasi Mobil dan Sepeda Motor","Gmaps"],
    ["22422","Kretek Gayo Aceh","Gg. A No.31A/73","prelist","MEDAN POLONIA","POLONIA","LINGKUNGAN 1","","","G. Perdagangan Besar dan Eceran, Reparasi Mobil dan Sepeda Motor","Gmaps"],
    ["22423","CV. SARANA SUKSES SENTOSA","Jl. Padang Golf No.20 Blok G","prelist","MEDAN POLONIA","SUKA DAMAI","LINGKUNGAN 5","","","G. Perdagangan Besar dan Eceran, Reparasi Mobil dan Sepeda Motor","Gmaps"],
    ["22424","RS Second Brand","Jl. Cinta Karya Jl. Subur No.Dalam","prelist","MEDAN POLONIA","SARI REJO","LINGKUNGAN 7","","","G. Perdagangan Besar dan Eceran, Reparasi Mobil dan Sepeda Motor","Gmaps"],
    ["22425","Bless Laundry","Unnamed Road, Sari Rejo, Kec. Medan Polonia, Kota Medan, Sumatera Utara 20158","prelist","MEDAN POLONIA","SARI REJO","LINGKUNGAN 5","","","G. Perdagangan Besar dan Eceran, Reparasi Mobil dan Sepeda Motor","Gmaps"],
    ["22426","DASH","Jl. Kh. Zainul Arifin No.7 B-27","prelist","MEDAN POLONIA","MADRAS HULU","LINGKUNGAN 9","","","G. Perdagangan Besar dan Eceran, Reparasi Mobil dan Sepeda Motor","Gmaps"],
    ["22427","dr3am Fashion","Jl. Karya Bakti Ii No.Mor 70A","prelist","MEDAN POLONIA","SARI REJO","LINGKUNGAN 7","","","G. Perdagangan Besar dan Eceran, Reparasi Mobil dan Sepeda Motor","Gmaps"],
    ["22428","Bee Gallery Medan","Gg. Imam No.7A","prelist","MEDAN POLONIA","SARI REJO","LINGKUNGAN 8","","","G. Perdagangan Besar dan Eceran, Reparasi Mobil dan Sepeda Motor","Gmaps"],
    ["22429","Nadin fashion","Jl. Mawar Jl. Karang Sari No.53","prelist","MEDAN POLONIA","SARI REJO","LINGKUNGAN 8","","","G. Perdagangan Besar dan Eceran, Reparasi Mobil dan Sepeda Motor","Gmaps"],
    ["22430","Cinay Fashion","Jl. Cinta Karya No.50","prelist","MEDAN POLONIA","SARI REJO","LINGKUNGAN 2","","","G. Perdagangan Besar dan Eceran, Reparasi Mobil dan Sepeda Motor","Gmaps"],
    ["22431","Toko Pakaian bopel2","Sari Rejo, Kec. Medan Polonia, Kota Medan, Sumatera Utara 20217","prelist","MEDAN POLONIA","SARI REJO","LINGKUNGAN 6","","","G. Perdagangan Besar dan Eceran, Reparasi Mobil dan Sepeda Motor","Gmaps"],
    ["22432","Taml Store dan Rumah Jahit Dee Busana","Gg. A No.51","prelist","MEDAN POLONIA","POLONIA","LINGKUNGAN 1","","","G. Perdagangan Besar dan Eceran, Reparasi Mobil dan Sepeda Motor","Gmaps"],
    ["22433","VOXDEI GALLERY (Pakaian Adat Pakpak)","Jl. Karya Bakti Ii Gang Bakti No.Mor 11","prelist","MEDAN POLONIA","SARI REJO","LINGKUNGAN 7","","","G. Perdagangan Besar dan Eceran, Reparasi Mobil dan Sepeda Motor","Gmaps"],
    ["22434","Fashion_Otlet_Medan","Jl. Polonia","prelist","MEDAN POLONIA","SUKA DAMAI","LINGKUNGAN 6","","","G. Perdagangan Besar dan Eceran, Reparasi Mobil dan Sepeda Motor","Gmaps"],
    ["22435","Jenice Collection","Jl. Teratai No.15","prelist","MEDAN POLONIA","SARI REJO","LINGKUNGAN 5","","","G. Perdagangan Besar dan Eceran, Reparasi Mobil dan Sepeda Motor","Gmaps"],
    ["22436","H&M","Jl. Kh. Zainul Arifin No.7","prelist","MEDAN POLONIA","MADRAS HULU","LINGKUNGAN 9","","","G. Perdagangan Besar dan Eceran, Reparasi Mobil dan Sepeda Motor","Gmaps"],
    ["22453","Tukuma Kids","Jl. Elang 1 No.9","prelist","MEDAN POLONIA","SUKA DAMAI","LINGKUNGAN 6","","","G. Perdagangan Besar dan Eceran, Reparasi Mobil dan Sepeda Motor","Gmaps"],
    ["22454","Rinni collection","Jl. Sejati No.31","prelist","MEDAN POLONIA","SARI REJO","LINGKUNGAN 8","","","G. Perdagangan Besar dan Eceran, Reparasi Mobil dan Sepeda Motor","Gmaps"],
    ["22455","RE3YA STORE","Gg. Kh. Ibrahim","prelist","MEDAN POLONIA","SARI REJO","LINGKUNGAN 3","","","G. Perdagangan Besar dan Eceran, Reparasi Mobil dan Sepeda Motor","Gmaps"],
    ["22456","JERSEY PRINTING MEDAN","Gg. Imam","prelist","MEDAN POLONIA","SARI REJO","LINGKUNGAN 8","","","G. Perdagangan Besar dan Eceran, Reparasi Mobil dan Sepeda Motor","Gmaps"],
    ["22457","Nurul Hijab","Jl. Antariksa No.13","prelist","MEDAN POLONIA","SARI REJO","LINGKUNGAN 6","","","G. Perdagangan Besar dan Eceran, Reparasi Mobil dan Sepeda Motor","Gmaps"],
    ["22458","Mince olshop","Jl. Starban Gg. Lurah No.96","prelist","MEDAN POLONIA","POLONIA","LINGKUNGAN 13","","","G. Perdagangan Besar dan Eceran, Reparasi Mobil dan Sepeda Motor","Gmaps"],
    ["22459","Double L","Jl. Kh. Zainul Arifin No.7 A-33","prelist","MEDAN POLONIA","MADRAS HULU","LINGKUNGAN 9","","","G. Perdagangan Besar dan Eceran, Reparasi Mobil dan Sepeda Motor","Gmaps"],
    ["22460","UNIQLO SUN PLAZA","Jl. Kh. Zainul Arifin No.7","prelist","MEDAN POLONIA","MADRAS HULU","LINGKUNGAN 9","","","G. Perdagangan Besar dan Eceran, Reparasi Mobil dan Sepeda Motor","Gmaps"],
    ["22461","REIHAN OLSHOP","Gg. Bilal","prelist","MEDAN POLONIA","POLONIA","LINGKUNGAN 10","","","G. Perdagangan Besar dan Eceran, Reparasi Mobil dan Sepeda Motor","Gmaps"],
    ["22462","Mariko","Jl. Pipa Iv","prelist","MEDAN POLONIA","SARI REJO","LINGKUNGAN 6","","","G. Perdagangan Besar dan Eceran, Reparasi Mobil dan Sepeda Motor","Gmaps"],
    ["22463","Masquerade","Jl. Kh. Zainul Arifin No.7 B-25","prelist","MEDAN POLONIA","MADRAS HULU","LINGKUNGAN 9","","","G. Perdagangan Besar dan Eceran, Reparasi Mobil dan Sepeda Motor","Gmaps"],
    ["22464","BANGUN FASHION","Pasar petisah tahap II Lt 1 block B No.6, Madras Hulu, Kec. Medan Polonia, Medan petisah, Sumatera Utara 20151","prelist","MEDAN POLONIA","MADRAS HULU","LINGKUNGAN 7","","","G. Perdagangan Besar dan Eceran, Reparasi Mobil dan Sepeda Motor","Gmaps"],
    ["22465","Tania shop","Gg. Landasan Baru No.008","prelist","MEDAN POLONIA","SARI REJO","LINGKUNGAN 1","","","G. Perdagangan Besar dan Eceran, Reparasi Mobil dan Sepeda Motor","Gmaps"],
    ["22466","Colorbox Sun Plaza Medan","Jl. H Jl. Kh. Zainul Arifin No.7 Lt. 1 - Unit A05C","prelist","MEDAN POLONIA","MADRAS HULU","LINGKUNGAN 7","","","G. Perdagangan Besar dan Eceran, Reparasi Mobil dan Sepeda Motor","Gmaps"],
    ["22467","Moris","Jl. Mongonsidi I No.17","prelist","MEDAN POLONIA","ANGGRUNG","LINGKUNGAN 5","","","G. Perdagangan Besar dan Eceran, Reparasi Mobil dan Sepeda Motor","Gmaps"],
    ["22468","Gala Formalwear","Jl. Komp. Cbd Polonia","prelist","MEDAN POLONIA","SUKA DAMAI","LINGKUNGAN 5","","","G. Perdagangan Besar dan Eceran, Reparasi Mobil dan Sepeda Motor","Gmaps"],
    ["22469","Andrey Playstation & Butiq","Jl. Mawar No.36","prelist","MEDAN POLONIA","SARI REJO","LINGKUNGAN 4","","","G. Perdagangan Besar dan Eceran, Reparasi Mobil dan Sepeda Motor","Gmaps"],
    ["22470","Lia","Jl. Mongonsidi No.25","prelist","MEDAN POLONIA","POLONIA","LINGKUNGAN 1","","","G. Perdagangan Besar dan Eceran, Reparasi Mobil dan Sepeda Motor","Gmaps"],
    ["22471","SEJUTA WARNA Sablon","Jl. Mongonsidi No.89","prelist","MEDAN POLONIA","ANGGRUNG","LINGKUNGAN 8","","","G. Perdagangan Besar dan Eceran, Reparasi Mobil dan Sepeda Motor","Gmaps"],
    ["22472","QIRAIS PERFUME & MAWAR SUPER LOUNDRY","Jl. Mawar Gg. Keluarga No.112-A","prelist","MEDAN POLONIA","SARI REJO","LINGKUNGAN 8","","","G. Perdagangan Besar dan Eceran, Reparasi Mobil dan Sepeda Motor","Gmaps"],
    ["22473","Thrifting medan","Jl. Karya Perbatasan","prelist","MEDAN POLONIA","SARI REJO","LINGKUNGAN 8","","","G. Perdagangan Besar dan Eceran, Reparasi Mobil dan Sepeda Motor","Gmaps"],
    ["22474","Onicplay","Jl. Sejati No.27","prelist","MEDAN POLONIA","SARI REJO","LINGKUNGAN 8","","","G. Perdagangan Besar dan Eceran, Reparasi Mobil dan Sepeda Motor","Gmaps"],
    ["22475","Monza Pak Jait (MPJ)","Jl. Adi Sucipto","prelist","MEDAN POLONIA","SARI REJO","LINGKUNGAN 6","","","G. Perdagangan Besar dan Eceran, Reparasi Mobil dan Sepeda Motor","Gmaps"],
    ["22476","ket fashion","Gg. Keluarga No.13","prelist","MEDAN POLONIA","SARI REJO","LINGKUNGAN 1","","","G. Perdagangan Besar dan Eceran, Reparasi Mobil dan Sepeda Motor","Gmaps"],
    ["22477","Batik Trusmi","Jl. Pangeran Diponegoro No.20B","prelist","MEDAN POLONIA","MADRAS HULU","LINGKUNGAN 9","","","G. Perdagangan Besar dan Eceran, Reparasi Mobil dan Sepeda Motor","Gmaps"],
    ["22478","Retail batik Medan Nurhayati","Gg. Saudara No.35C","prelist","MEDAN POLONIA","SARI REJO","LINGKUNGAN 3","","","G. Perdagangan Besar dan Eceran, Reparasi Mobil dan Sepeda Motor","Gmaps"],
    ["22479","RG Olshop","Jl. Teratai Gg. Mulia","prelist","MEDAN POLONIA","SARI REJO","LINGKUNGAN 5","","","G. Perdagangan Besar dan Eceran, Reparasi Mobil dan Sepeda Motor","Gmaps"],
    ["22480","Monika Thrifting","Gg. Jati","prelist","MEDAN POLONIA","SARI REJO","LINGKUNGAN 5","","","G. Perdagangan Besar dan Eceran, Reparasi Mobil dan Sepeda Motor","Gmaps"],
    ["22481","Yollashoes","Jl. Karya April","prelist","MEDAN POLONIA","SARI REJO","LINGKUNGAN 7","","","G. Perdagangan Besar dan Eceran, Reparasi Mobil dan Sepeda Motor","Gmaps"],
    ["22482","Mbek Store medan","Jl. Antariksa Gg. Pipa V Jl. Karang Sari","prelist","MEDAN POLONIA","SARI REJO","LINGKUNGAN 6","","","G. Perdagangan Besar dan Eceran, Reparasi Mobil dan Sepeda Motor","Gmaps"],
    ["22483","Rumah kontrakan rezza","Gg. Karto","prelist","MEDAN POLONIA","POLONIA","LINGKUNGAN 10","","","G. Perdagangan Besar dan Eceran, Reparasi Mobil dan Sepeda Motor","Gmaps"],
    ["22484","Gudang Parfum","Sari Rejo, Kec. Medan Polonia, Kota Medan, Sumatera Utara 20157","prelist","MEDAN POLONIA","SARI REJO","LINGKUNGAN 3","","","G. Perdagangan Besar dan Eceran, Reparasi Mobil dan Sepeda Motor","Gmaps"],
    ["22485","Mj Parfume1","Gg. Lurah No.9","prelist","MEDAN POLONIA","POLONIA","LINGKUNGAN 11","","","G. Perdagangan Besar dan Eceran, Reparasi Mobil dan Sepeda Motor","Gmaps"],
    ["22486","Gemays by Tutut Wijayanti","Jl. Bilal No.1A","prelist","MEDAN POLONIA","SARI REJO","LINGKUNGAN 1","","","G. Perdagangan Besar dan Eceran, Reparasi Mobil dan Sepeda Motor","Gmaps"],
    ["22487","Tokoh kaos distro Farhan Medan","Jl. Karya Bersama No.44","prelist","MEDAN POLONIA","POLONIA","LINGKUNGAN 5","","","G. Perdagangan Besar dan Eceran, Reparasi Mobil dan Sepeda Motor","Gmaps"],
    ["22488","BD Perfume","Jl. Karya Lestari No.5","prelist","MEDAN POLONIA","POLONIA","LINGKUNGAN 4","","","G. Perdagangan Besar dan Eceran, Reparasi Mobil dan Sepeda Motor","Gmaps"],
    ["22489","PENJAHIT BU ANGGI","Jl. Bilal","prelist","MEDAN POLONIA","SARI REJO","LINGKUNGAN 1","","","G. Perdagangan Besar dan Eceran, Reparasi Mobil dan Sepeda Motor","Gmaps"],
    ["22490","Baba Parfume Polonia","Gg. Imam No.66","prelist","MEDAN POLONIA","SARI REJO","LINGKUNGAN 8","","","G. Perdagangan Besar dan Eceran, Reparasi Mobil dan Sepeda Motor","Gmaps"],
    ["22491","Gala","Jl. Padang Golf No.Bb-50","prelist","MEDAN POLONIA","SUKA DAMAI","LINGKUNGAN 5","","","G. Perdagangan Besar dan Eceran, Reparasi Mobil dan Sepeda Motor","Gmaps"],
    ["22492","QUEENLUXLINE","Jl. Padang Golf No.98 Blok Dd","prelist","MEDAN POLONIA","SUKA DAMAI","LINGKUNGAN 5","","","G. Perdagangan Besar dan Eceran, Reparasi Mobil dan Sepeda Motor","Gmaps"],
    ["22493","Monza Mongonsidi","Jl. Mongonsidi No.50","prelist","MEDAN POLONIA","ANGGRUNG","LINGKUNGAN 5","","","G. Perdagangan Besar dan Eceran, Reparasi Mobil dan Sepeda Motor","Gmaps"],
    ["22494","Toko Baju Adinda","Jl. Cinta Karya","prelist","MEDAN POLONIA","SARI REJO","LINGKUNGAN 3","","","G. Perdagangan Besar dan Eceran, Reparasi Mobil dan Sepeda Motor","Gmaps"],
    ["22495","Parfum kopi Bali","Jl. Mongonsidi","prelist","MEDAN POLONIA","POLONIA","LINGKUNGAN 3","","","G. Perdagangan Besar dan Eceran, Reparasi Mobil dan Sepeda Motor","Gmaps"],
    ["22496","Olafstore","Jl. Starban No.245","prelist","MEDAN POLONIA","POLONIA","LINGKUNGAN 12","","","G. Perdagangan Besar dan Eceran, Reparasi Mobil dan Sepeda Motor","Gmaps"],
    ["22497","SNEAKEE (magig cleaner tas & sepatu) Brastagi Supermarket Tiara","Jl. R.A. Kartini","prelist","MEDAN POLONIA","MADRAS HULU","LINGKUNGAN 10","","","G. Perdagangan Besar dan Eceran, Reparasi Mobil dan Sepeda Motor","Gmaps"],
    ["22498","RAFI SECOONDBRANDED","Jl. Mongonsidi No.1D","prelist","MEDAN POLONIA","POLONIA","LINGKUNGAN 1","","","G. Perdagangan Besar dan Eceran, Reparasi Mobil dan Sepeda Motor","Gmaps"],
    ["22499","COCO","Sun Plaza, Sebelah SOGO, Level 2 B-27, Kota Medan, Sumatera Utara 20113","prelist","MEDAN POLONIA","MADRAS HULU","LINGKUNGAN 9","","","G. Perdagangan Besar dan Eceran, Reparasi Mobil dan Sepeda Motor","Gmaps"],
    ["22500","Gosh","Jl. Kh. Zainul Arifin No.7 B-26","prelist","MEDAN POLONIA","MADRAS HULU","LINGKUNGAN 9","","","G. Perdagangan Besar dan Eceran, Reparasi Mobil dan Sepeda Motor","Gmaps"],
    ["22501","Bellagio","Jl. Kh. Zainul Arifin No.7 C-21","prelist","MEDAN POLONIA","MADRAS HULU","LINGKUNGAN 9","","","G. Perdagangan Besar dan Eceran, Reparasi Mobil dan Sepeda Motor","Gmaps"],
    ["22502","Aveda footwear","Jl. Kh. Zainul Arifin No.7 C-22","prelist","MEDAN POLONIA","MADRAS HULU","LINGKUNGAN 9","","","G. Perdagangan Besar dan Eceran, Reparasi Mobil dan Sepeda Motor","Gmaps"],
    ["22503","Rotelli","Jl. Kh. Zainul Arifin No.7 B-41","prelist","MEDAN POLONIA","MADRAS HULU","LINGKUNGAN 9","","","G. Perdagangan Besar dan Eceran, Reparasi Mobil dan Sepeda Motor","Gmaps"],
    ["22504","Converse","Jl. H Jl. Kh. Zainul Arifin No.7 Lt. 3","prelist","MEDAN POLONIA","MADRAS HULU","LINGKUNGAN 9","","","G. Perdagangan Besar dan Eceran, Reparasi Mobil dan Sepeda Motor","Gmaps"],
    ["22505","TRACCE","Jl. Kh. Zainul Arifin No.7","prelist","MEDAN POLONIA","MADRAS HULU","LINGKUNGAN 9","","","G. Perdagangan Besar dan Eceran, Reparasi Mobil dan Sepeda Motor","Gmaps"],
    ["22506","Anak Medan Sports Shoes","Jl. Teuku Umar 20145 No.12","prelist","MEDAN POLONIA","MADRAS HULU","LINGKUNGAN 5","","","G. Perdagangan Besar dan Eceran, Reparasi Mobil dan Sepeda Motor","Gmaps"],
    ["22507","Toko Sepatu Q-ta","Jl. Kh. Zainul Arifin","prelist","MEDAN POLONIA","MADRAS HULU","LINGKUNGAN 6","","","G. Perdagangan Besar dan Eceran, Reparasi Mobil dan Sepeda Motor","Gmaps"],
    ["22508","Mixit","Jl. Kh. Zainul Arifin No.7 A-37 S/D 40","prelist","MEDAN POLONIA","MADRAS HULU","LINGKUNGAN 9","","","G. Perdagangan Besar dan Eceran, Reparasi Mobil dan Sepeda Motor","Gmaps"],
    ["22509","Toko Sepatu / Sendal Bagus","Jl. Adi Sucipto","prelist","MEDAN POLONIA","SARI REJO","LINGKUNGAN 6","","","G. Perdagangan Besar dan Eceran, Reparasi Mobil dan Sepeda Motor","Gmaps"],
    ["22510","EVERBEST","Jl. Kh. Zainul Arifin No.7 L1 B - 38-39","prelist","MEDAN POLONIA","MADRAS HULU","LINGKUNGAN 9","","","G. Perdagangan Besar dan Eceran, Reparasi Mobil dan Sepeda Motor","Gmaps"],
    ["22511","Playboy","Jl. Kh. Zainul Arifin No.1","prelist","MEDAN POLONIA","MADRAS HULU","LINGKUNGAN 9","","","G. Perdagangan Besar dan Eceran, Reparasi Mobil dan Sepeda Motor","Gmaps"],
    ["22512","MarsMoon store","Jl. Mongonsidi","prelist","MEDAN POLONIA","ANGGRUNG","LINGKUNGAN 5","","","G. Perdagangan Besar dan Eceran, Reparasi Mobil dan Sepeda Motor","Gmaps"],
    ["22513","Cahaya Surya","Jl. Jenggala No.71","prelist","MEDAN POLONIA","MADRAS HULU","LINGKUNGAN 2","","","G. Perdagangan Besar dan Eceran, Reparasi Mobil dan Sepeda Motor","Gmaps"],
    ["22514","Erafone And More Sun Plaza Medan","Jl. Kh. Zainul Arifin Lt 2","prelist","MEDAN POLONIA","MADRAS HULU","LINGKUNGAN 1","","","G. Perdagangan Besar dan Eceran, Reparasi Mobil dan Sepeda Motor","Gmaps"],
    ["22515","Toko elektronik cahs and kredit","Jl.Bilal.Gg Landasan .Rorong Patti","prelist","MEDAN POLONIA","SARI REJO","LINGKUNGAN 1","","","G. Perdagangan Besar dan Eceran, Reparasi Mobil dan Sepeda Motor","Gmaps"],
    ["22516","HANS LAMP","Jl. Starban No.87","prelist","MEDAN POLONIA","POLONIA","LINGKUNGAN 9","","","G. Perdagangan Besar dan Eceran, Reparasi Mobil dan Sepeda Motor","Gmaps"],
    ["22517","IMAN MANIK CELL","Jl. Cinta Karya","prelist","MEDAN POLONIA","SARI REJO","LINGKUNGAN 1","","","G. Perdagangan Besar dan Eceran, Reparasi Mobil dan Sepeda Motor","Gmaps"],
    ["22518","Erafone 2 | Sun Plaza Medan","Jl. Kh. Zainul Arifin No.7 Lantai Lg","prelist","MEDAN POLONIA","MADRAS HULU","LINGKUNGAN 9","","","G. Perdagangan Besar dan Eceran, Reparasi Mobil dan Sepeda Motor","Gmaps"],
    ["22519","Wanto lestari kiybot","Gg. Lurah","prelist","MEDAN POLONIA","POLONIA","LINGKUNGAN 11","","","G. Perdagangan Besar dan Eceran, Reparasi Mobil dan Sepeda Motor","Gmaps"],
    ["22520","Ziqro Ponsel","Jl. Starban No.219","prelist","MEDAN POLONIA","POLONIA","LINGKUNGAN 13","","","G. Perdagangan Besar dan Eceran, Reparasi Mobil dan Sepeda Motor","Gmaps"],
    ["22521","Dyson at Sun Plaza Medan","Jl. Kh. Zainul Arifin No.7","prelist","MEDAN POLONIA","MADRAS HULU","LINGKUNGAN 9","","","G. Perdagangan Besar dan Eceran, Reparasi Mobil dan Sepeda Motor","Gmaps"],
    ["22522","Intikom","Jl. Kh. Zainul Arifin No.7","prelist","MEDAN POLONIA","MADRAS HULU","LINGKUNGAN 9","","","G. Perdagangan Besar dan Eceran, Reparasi Mobil dan Sepeda Motor","Gmaps"],
    ["22523","Irama Toko","Jl. Kh. Zainul Arifin No.101","prelist","MEDAN POLONIA","MADRAS HULU","LINGKUNGAN 1","","","G. Perdagangan Besar dan Eceran, Reparasi Mobil dan Sepeda Motor","Gmaps"],
    ["22524","Warnet Nisa","Jl. Cinta Karya No.100","prelist","MEDAN POLONIA","SARI REJO","LINGKUNGAN 8","","","G. Perdagangan Besar dan Eceran, Reparasi Mobil dan Sepeda Motor","Gmaps"],
    ["22525","URBAN REPUBLIC SUN PLAZA (MEDAN)","Jl. Kh. Zainul Arifin No.7","prelist","MEDAN POLONIA","MADRAS HULU","LINGKUNGAN 9","","","G. Perdagangan Besar dan Eceran, Reparasi Mobil dan Sepeda Motor","Gmaps"],
    ["22526","Teknisi treadmill medan","Jl. Mongonsidi","prelist","MEDAN POLONIA","POLONIA","LINGKUNGAN 1","","","G. Perdagangan Besar dan Eceran, Reparasi Mobil dan Sepeda Motor","Gmaps"],
    ["22527","Kpstore_Cctv","Gg. Nasional Jl. Karang Sari No.3A","prelist","MEDAN POLONIA","SARI REJO","LINGKUNGAN 9","","","G. Perdagangan Besar dan Eceran, Reparasi Mobil dan Sepeda Motor","Gmaps"],
    ["22528","Nazwa Ponsel","Gg. Warga","prelist","MEDAN POLONIA","SARI REJO","LINGKUNGAN 4","","","G. Perdagangan Besar dan Eceran, Reparasi Mobil dan Sepeda Motor","Gmaps"],
    ["22529","fadilla ponsel","Jl. Karya Bakti Ii No.77","prelist","MEDAN POLONIA","SARI REJO","LINGKUNGAN 2","","","G. Perdagangan Besar dan Eceran, Reparasi Mobil dan Sepeda Motor","Gmaps"],
    ["22530","Sahabat Cell","Jl. Karya Sejati No.20","prelist","MEDAN POLONIA","POLONIA","LINGKUNGAN 4","","","G. Perdagangan Besar dan Eceran, Reparasi Mobil dan Sepeda Motor","Gmaps"],
    ["22531","Family Ponsel","Jl. Antariksa No.31","prelist","MEDAN POLONIA","SARI REJO","LINGKUNGAN 6","","","G. Perdagangan Besar dan Eceran, Reparasi Mobil dan Sepeda Motor","Gmaps"],
    ["22532","Guin Ponsel","Sari Rejo, Kec. Medan Polonia, Kota Medan, Sumatera Utara 20158","prelist","MEDAN POLONIA","SARI REJO","LINGKUNGAN 4","","","G. Perdagangan Besar dan Eceran, Reparasi Mobil dan Sepeda Motor","Gmaps"],
    ["22533","Fika Ponsel","Jl. Karya Dharma","prelist","MEDAN POLONIA","POLONIA","LINGKUNGAN 3","","","G. Perdagangan Besar dan Eceran, Reparasi Mobil dan Sepeda Motor","Gmaps"],
    ["22534","Rizky Ponsel","Jl. Teuku Cik Ditiro","prelist","MEDAN POLONIA","MADRAS HULU","LINGKUNGAN 6","","","G. Perdagangan Besar dan Eceran, Reparasi Mobil dan Sepeda Motor","Gmaps"],
    ["22535","AGUS PONSEL","Jl. Pendidikan Subur","prelist","MEDAN POLONIA","POLONIA","LINGKUNGAN 8","","","G. Perdagangan Besar dan Eceran, Reparasi Mobil dan Sepeda Motor","Gmaps"],
    ["22536","Abdullah Ponsel","Jl. Starban","prelist","MEDAN POLONIA","POLONIA","LINGKUNGAN 13","","","G. Perdagangan Besar dan Eceran, Reparasi Mobil dan Sepeda Motor","Gmaps"],
    ["22537","Mrhommeaudio","Jl. Duta Permai Malibu","prelist","MEDAN POLONIA","SUKA DAMAI","LINGKUNGAN 3","","","G. Perdagangan Besar dan Eceran, Reparasi Mobil dan Sepeda Motor","Gmaps"],
    ["22538","HOBIKU INDONESIA","Komplek Cbd Polonia Blok Dd 64-65","prelist","MEDAN POLONIA","SUKA DAMAI","LINGKUNGAN 5","","","G. Perdagangan Besar dan Eceran, Reparasi Mobil dan Sepeda Motor","Gmaps"],
    ["22539","WIS CCTV MEDAN","Jl. Karya Sehati No.6C","prelist","MEDAN POLONIA","POLONIA","LINGKUNGAN 4","","","G. Perdagangan Besar dan Eceran, Reparasi Mobil dan Sepeda Motor","Gmaps"],
    ["22540","Fun Cellular","Jl. Karya Sejati No.35","prelist","MEDAN POLONIA","POLONIA","LINGKUNGAN 3","","","G. Perdagangan Besar dan Eceran, Reparasi Mobil dan Sepeda Motor","Gmaps"],
    ["22541","Erafone 3 | Sun Plaza Medan","Jl. Kh. Zainul Arifin","prelist","MEDAN POLONIA","MADRAS HULU","LINGKUNGAN 9","","","G. Perdagangan Besar dan Eceran, Reparasi Mobil dan Sepeda Motor","Gmaps"],
    ["22542","HUAWEI BLI BLI SUN PLAZA","Jl. Kh. Zainul Arifin No.7","prelist","MEDAN POLONIA","MADRAS HULU","LINGKUNGAN 9","","","G. Perdagangan Besar dan Eceran, Reparasi Mobil dan Sepeda Motor","Gmaps"],
    ["22543","Digimap Sun Plaza Medan","Jl. Kh. Zainul Arifin No.7","prelist","MEDAN POLONIA","MADRAS HULU","LINGKUNGAN 9","","","G. Perdagangan Besar dan Eceran, Reparasi Mobil dan Sepeda Motor","Gmaps"],
    ["22544","Cabina Perabot & Interior","Jl. Mongonsidi No.22","prelist","MEDAN POLONIA","ANGGRUNG","LINGKUNGAN 4","","","G. Perdagangan Besar dan Eceran, Reparasi Mobil dan Sepeda Motor","Gmaps"],
    ["22545","Sekar Mulya Jati (Eva Jepara Furniture )","Jl. Adi Sucipto No.10","prelist","MEDAN POLONIA","SARI REJO","LINGKUNGAN 6","","","G. Perdagangan Besar dan Eceran, Reparasi Mobil dan Sepeda Motor","Gmaps"],
    ["22546","Index Furnishings","Jl. Pangeran Diponegoro No.204","prelist","MEDAN POLONIA","MADRAS HULU","LINGKUNGAN 9","","","G. Perdagangan Besar dan Eceran, Reparasi Mobil dan Sepeda Motor","Gmaps"],
    ["22547","Ali Sadikin. UD","Jl. Mawar","prelist","MEDAN POLONIA","SARI REJO","LINGKUNGAN 4","","","G. Perdagangan Besar dan Eceran, Reparasi Mobil dan Sepeda Motor","Gmaps"],
    ["22548","Versailes Furniture - Zainul Arifin 1","Jl. Kh. Zainul Arifin No.53","prelist","MEDAN POLONIA","MADRAS HULU","LINGKUNGAN 9","","","G. Perdagangan Besar dan Eceran, Reparasi Mobil dan Sepeda Motor","Gmaps"],
    ["22549","Super Jati","Jl. Sma 2 No.20","prelist","MEDAN POLONIA","SARI REJO","LINGKUNGAN 6","","","G. Perdagangan Besar dan Eceran, Reparasi Mobil dan Sepeda Motor","Gmaps"],
    ["22550","Japaris Pratama. PT","Jl. Karya Sejati No.218","prelist","MEDAN POLONIA","POLONIA","LINGKUNGAN 5","","","G. Perdagangan Besar dan Eceran, Reparasi Mobil dan Sepeda Motor","Gmaps"],
    ["22551","Melandas Showroom Medan","Jl. Teuku Daud No.7A Lt. 1-2","prelist","MEDAN POLONIA","MADRAS HULU","LINGKUNGAN 9","","","G. Perdagangan Besar dan Eceran, Reparasi Mobil dan Sepeda Motor","Gmaps"],
    ["22552","Toko Furniture Panen Houseware Medan","Komplek Pertokoan Cbd Polonia Blok C No. 88 - 89","prelist","MEDAN POLONIA","SUKA DAMAI","LINGKUNGAN 5","","","G. Perdagangan Besar dan Eceran, Reparasi Mobil dan Sepeda Motor","Gmaps"],
    ["22553","R Ponsel","Jl. Teuku Cik Ditiro No.62","prelist","MEDAN POLONIA","MADRAS HULU","LINGKUNGAN 6","","","G. Perdagangan Besar dan Eceran, Reparasi Mobil dan Sepeda Motor","Gmaps"],
    ["22554","SABRINA PONSEL","Jalan Cinta Karya Nomor 110 A Simpang 4 Karang Sari","prelist","MEDAN POLONIA","SARI REJO","LINGKUNGAN 1","","","G. Perdagangan Besar dan Eceran, Reparasi Mobil dan Sepeda Motor","Gmaps"],
    ["22555","Siska Ponsel","Jl. Teratai No.6","prelist","MEDAN POLONIA","SARI REJO","LINGKUNGAN 5","","","G. Perdagangan Besar dan Eceran, Reparasi Mobil dan Sepeda Motor","Gmaps"],
    ["22556","Ok Ponsel","Jl. Cinta Karya No.72","prelist","MEDAN POLONIA","SARI REJO","LINGKUNGAN 3","","","G. Perdagangan Besar dan Eceran, Reparasi Mobil dan Sepeda Motor","Gmaps"],
    ["22557","FADLY PONSEL","Jl. Bilal No.26 A","prelist","MEDAN POLONIA","SARI REJO","LINGKUNGAN 1","","","G. Perdagangan Besar dan Eceran, Reparasi Mobil dan Sepeda Motor","Gmaps"],
    ["22558","Paper One","Jl. Jenderal Sudirman","prelist","MEDAN POLONIA","MADRAS HULU","LINGKUNGAN 8","","","G. Perdagangan Besar dan Eceran, Reparasi Mobil dan Sepeda Motor","Gmaps"],
    ["22559","SQ COMSEL (Kepling VII)","Jl. Subur 1 No.33","prelist","MEDAN POLONIA","SARI REJO","LINGKUNGAN 7","","","G. Perdagangan Besar dan Eceran, Reparasi Mobil dan Sepeda Motor","Gmaps"],
    ["22560","Alat Tulisku","Jl. Kh. Zainul Arifin No.143","prelist","MEDAN POLONIA","MADRAS HULU","LINGKUNGAN 1","","","G. Perdagangan Besar dan Eceran, Reparasi Mobil dan Sepeda Motor","Gmaps"],
    ["22561","ATK Barokah","Jl. Cinta Karya No.40","prelist","MEDAN POLONIA","SARI REJO","LINGKUNGAN 1","","","G. Perdagangan Besar dan Eceran, Reparasi Mobil dan Sepeda Motor","Gmaps"],
    ["22562","FotoCopy TOKO SIDODADI STARBAN CENTER","Gg. Melati No.100","prelist","MEDAN POLONIA","POLONIA","LINGKUNGAN 8","","","G. Perdagangan Besar dan Eceran, Reparasi Mobil dan Sepeda Motor","Gmaps"],
    ["22563","Toko Chaberna Fotocopy dan ATK","Jl. Cinta Karya No.67 E","prelist","MEDAN POLONIA","SARI REJO","LINGKUNGAN 1","","","G. Perdagangan Besar dan Eceran, Reparasi Mobil dan Sepeda Motor","Gmaps"],
    ["22564","Chroma ART & CRAFT SUPPLIES","Komplek Cbd Polonia Block Dd Nomor 56-57","prelist","MEDAN POLONIA","SUKA DAMAI","LINGKUNGAN 5","","","G. Perdagangan Besar dan Eceran, Reparasi Mobil dan Sepeda Motor","Gmaps"],
    ["22565","atk berkah ck","Jl. Cinta Karya","prelist","MEDAN POLONIA","SARI REJO","LINGKUNGAN 2","","","G. Perdagangan Besar dan Eceran, Reparasi Mobil dan Sepeda Motor","Gmaps"],
    ["22566","Toko Cece ATK","Jl. Karya Bakti Ii","prelist","MEDAN POLONIA","SARI REJO","LINGKUNGAN 7","","","G. Perdagangan Besar dan Eceran, Reparasi Mobil dan Sepeda Motor","Gmaps"],
    ["22567","Sari rejo","Jl. Karya Bakti Ii","prelist","MEDAN POLONIA","SARI REJO","LINGKUNGAN 7","","","G. Perdagangan Besar dan Eceran, Reparasi Mobil dan Sepeda Motor","Gmaps"],
    ["22568","Ksu palano jaya","Jl. Polonia","prelist","MEDAN POLONIA","SUKA DAMAI","LINGKUNGAN 6","","","G. Perdagangan Besar dan Eceran, Reparasi Mobil dan Sepeda Motor","Gmaps"],
    ["22569","Furniture. KL","Jl. Muara Takus No.48","prelist","MEDAN POLONIA","MADRAS HULU","LINGKUNGAN 4","","","G. Perdagangan Besar dan Eceran, Reparasi Mobil dan Sepeda Motor","Gmaps"],
    ["22570","Mitra Jepara","Jl. Taman Polonia Iii No.5","prelist","MEDAN POLONIA","SUKA DAMAI","LINGKUNGAN 4","","","G. Perdagangan Besar dan Eceran, Reparasi Mobil dan Sepeda Motor","Gmaps"],
    ["22571","Cahaya Perabot Furniture Supplier","Jl. Teratai","prelist","MEDAN POLONIA","SARI REJO","LINGKUNGAN 9","","","G. Perdagangan Besar dan Eceran, Reparasi Mobil dan Sepeda Motor","Gmaps"],
    ["22572","Jaya Wija. PT","Jl. Mongonsidi No.62A","prelist","MEDAN POLONIA","ANGGRUNG","LINGKUNGAN 5","","","G. Perdagangan Besar dan Eceran, Reparasi Mobil dan Sepeda Motor","Gmaps"],
    ["22573","Home mannequin","Jl. Starban No.204","prelist","MEDAN POLONIA","POLONIA","LINGKUNGAN 9","","","G. Perdagangan Besar dan Eceran, Reparasi Mobil dan Sepeda Motor","Gmaps"],
    ["22574","IQOS Partner The Back Nine","Jl. K. M","prelist","MEDAN POLONIA","SUKA DAMAI","LINGKUNGAN 3","","","G. Perdagangan Besar dan Eceran, Reparasi Mobil dan Sepeda Motor","Gmaps"],
    ["22575","UD. Franjaya (Branch Office)","Komplek Cbd Polonia Blok E No.81","prelist","MEDAN POLONIA","SUKA DAMAI","LINGKUNGAN 5","","","G. Perdagangan Besar dan Eceran, Reparasi Mobil dan Sepeda Motor","Gmaps"],
    ["22576","Yves rocher","Jl. Kh. Zainul Arifin No.7 B-23","prelist","MEDAN POLONIA","MADRAS HULU","LINGKUNGAN 9","","","G. Perdagangan Besar dan Eceran, Reparasi Mobil dan Sepeda Motor","Gmaps"],
    ["22577","Brun Brun","No.7","prelist","MEDAN POLONIA","MADRAS HULU","LINGKUNGAN 9","","","G. Perdagangan Besar dan Eceran, Reparasi Mobil dan Sepeda Motor","Gmaps"],
    ["22578","THE FACESHOP | Sun Plaza","Jl. Kh. Zainul Arifin No.7","prelist","MEDAN POLONIA","MADRAS HULU","LINGKUNGAN 9","","","G. Perdagangan Besar dan Eceran, Reparasi Mobil dan Sepeda Motor","Gmaps"],
    ["22579","Crocs - Medan","Mall Sun Plaza, Jl H Jl. KH. Zainul Arifin No.7, Petisah Hulu, Kec. Medan Baru, Kota Medan, Sumatera Utara 20152","prelist","MEDAN POLONIA","MADRAS HULU","LINGKUNGAN 9","","","G. Perdagangan Besar dan Eceran, Reparasi Mobil dan Sepeda Motor","Gmaps"],
    ["22580","Nurdjani Collection","Jl. Polonia","prelist","MEDAN POLONIA","SUKA DAMAI","LINGKUNGAN 6","","","G. Perdagangan Besar dan Eceran, Reparasi Mobil dan Sepeda Motor","Gmaps"],
    ["22581","GROSIR DASTER DAN STELAN KOREA","Gg. Mak'Ruf No.5","prelist","MEDAN POLONIA","SARI REJO","LINGKUNGAN 9","","","G. Perdagangan Besar dan Eceran, Reparasi Mobil dan Sepeda Motor","Gmaps"],
    ["22582","Baju tidur dewasa","Jl. Starban","prelist","MEDAN POLONIA","POLONIA","LINGKUNGAN 12","","","G. Perdagangan Besar dan Eceran, Reparasi Mobil dan Sepeda Motor","Gmaps"],
    ["22583","GROSIR FASHION MEDAN","Jl. Karya Pembangunan","prelist","MEDAN POLONIA","POLONIA","LINGKUNGAN 3","","","G. Perdagangan Besar dan Eceran, Reparasi Mobil dan Sepeda Motor","Gmaps"],
    ["22584","Edi","Madras Hulu, Kec. Medan Polonia, Kota Medan, Sumatera Utara 20151","prelist","MEDAN POLONIA","MADRAS HULU","LINGKUNGAN 7","","","G. Perdagangan Besar dan Eceran, Reparasi Mobil dan Sepeda Motor","Gmaps"],
    ["22585","Toko cahaya","Jl. Mawar Jl. Karang Sari No.16 A","prelist","MEDAN POLONIA","SARI REJO","LINGKUNGAN 4","","","G. Perdagangan Besar dan Eceran, Reparasi Mobil dan Sepeda Motor","Gmaps"],
    ["22586","SETIA REFILL CENTRE","Jl. Muara Takus No.45","prelist","MEDAN POLONIA","MADRAS HULU","LINGKUNGAN 4","","","G. Perdagangan Besar dan Eceran, Reparasi Mobil dan Sepeda Motor","Gmaps"],
    ["22587","Yamaha polonia","Jl. Cinta Karya No.2","prelist","MEDAN POLONIA","SARI REJO","LINGKUNGAN 7","","","G. Perdagangan Besar dan Eceran, Reparasi Mobil dan Sepeda Motor","Gmaps"],
    ["22588","SAHABAT MOTOR SERVICE","Jl. Cinta Karya No.27","prelist","MEDAN POLONIA","SARI REJO","LINGKUNGAN 1","","","G. Perdagangan Besar dan Eceran, Reparasi Mobil dan Sepeda Motor","Gmaps"],
    ["22589","Mandiri Jaya Motor","Jl. Cinta Karya No.13","prelist","MEDAN POLONIA","SARI REJO","LINGKUNGAN 1","","","G. Perdagangan Besar dan Eceran, Reparasi Mobil dan Sepeda Motor","Gmaps"],
    ["22590","RIZKY AUTO MOBIL","Jl. Tritura","prelist","MEDAN POLONIA","SARI REJO","LINGKUNGAN 7","","","G. Perdagangan Besar dan Eceran, Reparasi Mobil dan Sepeda Motor","Gmaps"],
    ["22591","BMW & MINI Cooper Official Medan Consultant Care","Jl. Mongonsidi No.52","prelist","MEDAN POLONIA","ANGGRUNG","LINGKUNGAN 5","","","G. Perdagangan Besar dan Eceran, Reparasi Mobil dan Sepeda Motor","Gmaps"],
    ["22592","1717Mobil","cbd polonia blok bb 26, Suka Damai, Medan Polonia, Medan City, North Sumatra 20159","prelist","MEDAN POLONIA","SUKA DAMAI","LINGKUNGAN 5","","","G. Perdagangan Besar dan Eceran, Reparasi Mobil dan Sepeda Motor","Gmaps"],
    ["22593","BMW Performance Motors","Jl. Mongonsidi No.52","prelist","MEDAN POLONIA","ANGGRUNG","LINGKUNGAN 6","","","G. Perdagangan Besar dan Eceran, Reparasi Mobil dan Sepeda Motor","Gmaps"],
    ["22594","TOKE MOBIL MEDAN","Gg. D","prelist","MEDAN POLONIA","POLONIA","LINGKUNGAN 1","","","G. Perdagangan Besar dan Eceran, Reparasi Mobil dan Sepeda Motor","Gmaps"],
    ["22595","Medan","Jl. Mongonsidi No.52","prelist","MEDAN POLONIA","ANGGRUNG","LINGKUNGAN 6","","","G. Perdagangan Besar dan Eceran, Reparasi Mobil dan Sepeda Motor","Gmaps"],
    ["22596","Shanjitanisha Service","Jl. Polonia Gg. Angkasa C No.15","prelist","MEDAN POLONIA","POLONIA","LINGKUNGAN 2","","","G. Perdagangan Besar dan Eceran, Reparasi Mobil dan Sepeda Motor","Gmaps"],
    ["22597","AUSTIN GARAGE04","Gg. A Jl. Mesjid No.26","prelist","MEDAN POLONIA","POLONIA","LINGKUNGAN 1","","","G. Perdagangan Besar dan Eceran, Reparasi Mobil dan Sepeda Motor","Gmaps"],
    ["22598","Bengkel sepeda","Gg. Imam No.11","prelist","MEDAN POLONIA","POLONIA","LINGKUNGAN 9","","","G. Perdagangan Besar dan Eceran, Reparasi Mobil dan Sepeda Motor","Gmaps"],
    ["22599","Bengkel GSM(GINTING SERVICE MOTOR)","Jl. Cinta Karya No.42 Karangrejo","prelist","MEDAN POLONIA","SARI REJO","LINGKUNGAN 2","","","G. Perdagangan Besar dan Eceran, Reparasi Mobil dan Sepeda Motor","Gmaps"],
    ["22600","ADI MOTOR","Jl. Cinta Karya No.92","prelist","MEDAN POLONIA","SARI REJO","LINGKUNGAN 3","","","G. Perdagangan Besar dan Eceran, Reparasi Mobil dan Sepeda Motor","Gmaps"],
    ["22601","Andi Apotek","Jl. Haji Jl. Kh. Zainul Arifin No.85","prelist","MEDAN POLONIA","MADRAS HULU","LINGKUNGAN 1","","","G. Perdagangan Besar dan Eceran, Reparasi Mobil dan Sepeda Motor","Gmaps"],
    ["22602","Market Pulsa","Jl. Kh. Zainul Arifin No.7","prelist","MEDAN POLONIA","MADRAS HULU","LINGKUNGAN 9","","","G. Perdagangan Besar dan Eceran, Reparasi Mobil dan Sepeda Motor","Gmaps"],
    ["22603","PT Gembira City Money Changer","Jl. Kh. Zainul Arifin No.161","prelist","MEDAN POLONIA","MADRAS HULU","LINGKUNGAN 6","","","K. Aktivitas Keuangan Dan Asuransi","Gmaps"],
    ["22604","handeaja","Jl. Padang Golf Jl. Komp. Cbd Polonia No.11-12 Blok D","prelist","MEDAN POLONIA","SARI REJO","LINGKUNGAN 6","","","K. Aktivitas Keuangan Dan Asuransi","Gmaps"],
    ["22605","Sukses Agency PaninDai-ichiLife","Komplek Cbd Polonia Blok D No.11-12","prelist","MEDAN POLONIA","SUKA DAMAI","LINGKUNGAN 5","","","K. Aktivitas Keuangan Dan Asuransi","Gmaps"],
    ["22606","Pinjaman Dana Jaminan Bpkb Mobil Seluruh Indonesia","Jl. Ir. H. Juanda","prelist","MEDAN POLONIA","SUKA DAMAI","LINGKUNGAN 5","","","K. Aktivitas Keuangan Dan Asuransi","Gmaps"],
    ["22607","BFI Syariah medan","Jl. Ir. H. Juanda No.26","prelist","MEDAN POLONIA","SUKA DAMAI","LINGKUNGAN 4","","","K. Aktivitas Keuangan Dan Asuransi","Gmaps"],
    ["22608","KPKNL Medan","Jl. Pangeran Diponegoro No.30A","prelist","MEDAN POLONIA","MADRAS HULU","LINGKUNGAN 7","","","G. Perdagangan Besar dan Eceran, Reparasi Mobil dan Sepeda Motor","Gmaps"],
    ["22609","Bea Cukai Medan","Jl. Suwondo No.1","prelist","MEDAN POLONIA","SUKA DAMAI","LINGKUNGAN 5","","","G. Perdagangan Besar dan Eceran, Reparasi Mobil dan Sepeda Motor","Gmaps"],
    ["22610","Pangkalan Udara Soewondo","Jl. Imam Bonjol No.1","prelist","MEDAN POLONIA","SUKA DAMAI","LINGKUNGAN 5","","","G. Perdagangan Besar dan Eceran, Reparasi Mobil dan Sepeda Motor","Gmaps"],
    ["22611","Kantor Camat Medan Polonia","Jl. Dc. Barito No.3","prelist","MEDAN POLONIA","SUKA DAMAI","LINGKUNGAN 3","","","G. Perdagangan Besar dan Eceran, Reparasi Mobil dan Sepeda Motor","Gmaps"],
    ["22612","Toko adril","Jl. Muara Takus","prelist","MEDAN POLONIA","MADRAS HULU","LINGKUNGAN 4","","","G. Perdagangan Besar dan Eceran, Reparasi Mobil dan Sepeda Motor","Gmaps"],
    ["22613","LPDB-KUMKM Medan","Jl. Pangeran Diponegoro No.30A","prelist","MEDAN POLONIA","MADRAS HULU","LINGKUNGAN 7","","","G. Perdagangan Besar dan Eceran, Reparasi Mobil dan Sepeda Motor","Gmaps"],
    ["22614","KOPKAR UMI","Jl. Hang Tuah No.8","prelist","MEDAN POLONIA","MADRAS HULU","LINGKUNGAN 7","","","G. Perdagangan Besar dan Eceran, Reparasi Mobil dan Sepeda Motor","Gmaps"],
    ["22615","Farel modified auto detailing","Gg. Saudara","prelist","MEDAN POLONIA","SARI REJO","LINGKUNGAN 8","","","G. Perdagangan Besar dan Eceran, Reparasi Mobil dan Sepeda Motor","Gmaps"],
    ["22616","SHINETIST AUTO DETAILING CBD","Jl. Komp. Cbd Polonia No.91","prelist","MEDAN POLONIA","SUKA DAMAI","LINGKUNGAN 5","","","G. Perdagangan Besar dan Eceran, Reparasi Mobil dan Sepeda Motor","Gmaps"],
    ["22617","MINI Performance Motors","Jl. Mongonsidi No.52","prelist","MEDAN POLONIA","ANGGRUNG","LINGKUNGAN 6","","","G. Perdagangan Besar dan Eceran, Reparasi Mobil dan Sepeda Motor","Gmaps"],
    ["22618","Juli Queen Property","Jl Juanda No 40 Suka Damai Kecamatan Medan Polonia, Suka Damai, Kec. Medan Denai, Kota Medan, Sumatera Utara 20157","prelist","MEDAN POLONIA","SUKA DAMAI","LINGKUNGAN 4","","","L. Real Estat","Gmaps"],
    ["22619","JADE Property Group","Jl. Polonia No.202","prelist","MEDAN POLONIA","POLONIA","LINGKUNGAN 6","","","L. Real Estat","Gmaps"],
    ["22620","Villa Polonia Indah","Jl. Mustang No.20157","prelist","MEDAN POLONIA","SUKA DAMAI","LINGKUNGAN 6","","","L. Real Estat","Gmaps"],
    ["22621","Kantor Pelayanan Pajak Pratama Lubuk Pakam","Jl. Pangeran Diponegoro No.30A","prelist","MEDAN POLONIA","MADRAS HULU","LINGKUNGAN 7","","","M. Jasa Profesional, Ilmiah, dan Teknis","Gmaps"],
    ["22622","Kantor Konsultan Pajak Irene Tarigan","Jl. Pangeran Diponegoro No.18","prelist","MEDAN POLONIA","MADRAS HULU","LINGKUNGAN 9","","","M. Jasa Profesional, Ilmiah, dan Teknis","Gmaps"],
    ["22623","Warta Merah Putih Kota Medan","Jl. Adi Sucipto No.5","prelist","MEDAN POLONIA","SARI REJO","LINGKUNGAN 6","","","M. Jasa Profesional, Ilmiah, dan Teknis","Gmaps"],
    ["22624","Kantor Akuntan Publik Hadibroto & Rekan","Jl. Ir. H. Juanda No.2","prelist","MEDAN POLONIA","ANGGRUNG","LINGKUNGAN 4","","","M. Jasa Profesional, Ilmiah, dan Teknis","Gmaps"],
    ["22625","Laskar Merah Putih Kota Medan","Jl. Adi Sucipto No.5A","prelist","MEDAN POLONIA","SARI REJO","LINGKUNGAN 6","","","M. Jasa Profesional, Ilmiah, dan Teknis","Gmaps"],
    ["22626","Kantor Akuntan Publik Paul Hadiwinata, Hidajat, Arsono, Retno, Palilingan & Rekan (PKF Hadiwinata)","Jl. Taman Polonia Iii","prelist","MEDAN POLONIA","SUKA DAMAI","LINGKUNGAN 4","","","M. Jasa Profesional, Ilmiah, dan Teknis","Gmaps"],
    ["22627","PT.Generali Indonesia ( jep galaxy medan)","Komplek Cbd Polonia","prelist","MEDAN POLONIA","SUKA DAMAI","LINGKUNGAN 5","","","K. Aktivitas Keuangan Dan Asuransi","Gmaps"],
    ["22628","PT. Prudential Life Assurance","Suka Damai, Kec. Medan Polonia, Kota Medan, Sumatera Utara 20143","prelist","MEDAN POLONIA","SUKA DAMAI","LINGKUNGAN 5","","","K. Aktivitas Keuangan Dan Asuransi","Gmaps"],
    ["22629","Manulife","Jl. R. A. Kartini No.17A","prelist","MEDAN POLONIA","MADRAS HULU","LINGKUNGAN 8","","","K. Aktivitas Keuangan Dan Asuransi","Gmaps"],
    ["22630","PT. Satelit Valutindo","Jl. Kh. Zainul Arifin No.7","prelist","MEDAN POLONIA","MADRAS HULU","LINGKUNGAN 9","","","K. Aktivitas Keuangan Dan Asuransi","Gmaps"],
    ["22631","Star Multi Exchange - Money Changer","Jl. Kh. Zainul Arifin Lantai 4 Zone A-05A","prelist","MEDAN POLONIA","MADRAS HULU","LINGKUNGAN 9","","","K. Aktivitas Keuangan Dan Asuransi","Gmaps"],
    ["22632","JAS Aero Engineering Services. PT","Bandara Internasional Polonia, Suka Damai, Kec. Medan Polonia, Kota Medan, Sumatera Utara 20157","prelist","MEDAN POLONIA","SUKA DAMAI","LINGKUNGAN 6","","","M. Jasa Profesional, Ilmiah, & Teknis","Gmaps"],
    ["22633","Makna Kreasindo Lestar","Jl. Ir. H. Juanda No.1","prelist","MEDAN POLONIA","SUKA DAMAI","LINGKUNGAN 5","","","M. Jasa Profesional, Ilmiah, dan Teknis","Gmaps"],
    ["22634","Go Printing","Jl. Balai Desa","prelist","MEDAN POLONIA","POLONIA","LINGKUNGAN 9","","","M. Jasa Profesional, Ilmiah, dan Teknis","Gmaps"],
    ["22635","iTwin Architect","Jl. Teuku Cik Ditiro No.110A","prelist","MEDAN POLONIA","MADRAS HULU","LINGKUNGAN 7","","","M. Jasa Profesional, Ilmiah, dan Teknis","Gmaps"],
    ["22636","Kantor Notaris & Ppat Lince Hutahaean SH SPN","Jl. Teuku Cik Ditiro No.18/84","prelist","MEDAN POLONIA","MADRAS HULU","LINGKUNGAN 6","","","M. Jasa Profesional, Ilmiah, dan Teknis","Gmaps"],
    ["22637","Susan Widjaja SH.","Komplek Cbd","prelist","MEDAN POLONIA","SUKA DAMAI","LINGKUNGAN 5","","","M. Jasa Profesional, Ilmiah, dan Teknis","Gmaps"],
    ["22638","Kantor Notaris Helly Sitepu SH","Jl. Karya Pembangunan Gg Hanura 1","prelist","MEDAN POLONIA","POLONIA","LINGKUNGAN 4","","","M. Jasa Profesional, Ilmiah, dan Teknis","Gmaps"],
    ["22639","Australia Centre Medan","Jl. Cut Nyak Dien No.14","prelist","MEDAN POLONIA","MADRAS HULU","LINGKUNGAN 8","","","M. Jasa Profesional, Ilmiah, & Teknis","Gmaps"],
    ["22640","Polonia scapolding","Komplek Cbd Polonia Blok Bb No.92","prelist","MEDAN POLONIA","SUKA DAMAI","LINGKUNGAN 5","","","M. Jasa Profesional, Ilmiah, & Teknis","Gmaps"],
    ["22641","MyCube","Jl. Kh. Zainul Arifin No.7","prelist","MEDAN POLONIA","MADRAS HULU","LINGKUNGAN 9","","","L. Real Estat","Gmaps"],
    ["22642","Komplek CityView Estate","Jl. Komodor Muda Adi Sucipto","prelist","MEDAN POLONIA","SUKA DAMAI","LINGKUNGAN 3","","","L. Real Estat","Gmaps"],
    ["22643","Komplek Masdulhak Garden","Jl. Dr. Cipto","prelist","MEDAN POLONIA","ANGGRUNG","LINGKUNGAN 2","","","L. Real Estat","Gmaps"],
    ["22644","Komplek Polonia Riverview","Jl. Adi Sucipto No.33 Blok A","prelist","MEDAN POLONIA","SUKA DAMAI","LINGKUNGAN 3","","","L. Real Estat","Gmaps"],
    ["22645","The Palace Residence","Suka Damai, Kec. Medan Polonia, Kota Medan, Sumatera Utara 20157","prelist","MEDAN POLONIA","SUKA DAMAI","LINGKUNGAN 5","","","L. Real Estat","Gmaps"],
    ["22646","Kandang lembu gogi","Jl. Karya April","prelist","MEDAN POLONIA","SARI REJO","LINGKUNGAN 7","","","L. Real Estat","Gmaps"],
    ["22647","Asosiasi Real Estate Broker Indonesia (AREBI) - DPD Sumatera Utara","Jl. Ir. H. Juanda","prelist","MEDAN POLONIA","SUKA DAMAI","LINGKUNGAN 5","","","L. Real Estat","Gmaps"],
    ["22648","MM Graftek","Jl. Kh. Zainul Arifin No.49","prelist","MEDAN POLONIA","MADRAS HULU","LINGKUNGAN 1","","","M. Jasa Profesional, Ilmiah, dan Teknis","Gmaps"],
    ["22649","Dinas Pendidikan | Provinsi Sumut","Jl. Teuku Cik Ditiro No.1-D","prelist","MEDAN POLONIA","MADRAS HULU","LINGKUNGAN 6","","","M. Jasa Profesional, Ilmiah, & Teknis","Gmaps"],
    ["22650","Bakrie Pasaman Plantations. PT","Jl. Monginsidi","prelist","MEDAN POLONIA","ANGGRUNG","LINGKUNGAN 5","","(061) 7862477","M. Jasa Profesional, Ilmiah, & Teknis","Gmaps"],
    ["22651","Kelurahan Polonia","Jl. Balai Desa No.18","prelist","MEDAN POLONIA","POLONIA","LINGKUNGAN 9","","","M. Jasa Profesional, Ilmiah, & Teknis","Gmaps"],
    ["22652","SEKOLAH TAMIL LPPBTI POLONIA ???????? ????? ???????","Jl. Karya Utama No.52","prelist","MEDAN POLONIA","POLONIA","LINGKUNGAN 5","","","M. Jasa Profesional, Ilmiah, & Teknis","Gmaps"],
    ["22653","English 1 Medan Polonia","Jl. Hang Kesturi No.13","prelist","MEDAN POLONIA","MADRAS HULU","LINGKUNGAN 7","","","M. Jasa Profesional, Ilmiah, & Teknis","Gmaps"],
    ["22654","Playgroup Cita Luhur","Jl. Supeno No.6","prelist","MEDAN POLONIA","SUKA DAMAI","LINGKUNGAN 5","","0853-5803-7674","M. Jasa Profesional, Ilmiah, & Teknis","Gmaps"],
    ["22655","PT Bisnis Innovasi Global","Jl. R. A. Kartini No.17","prelist","MEDAN POLONIA","MADRAS HULU","LINGKUNGAN 8","","0811-6393-777","M. Jasa Profesional, Ilmiah, & Teknis","Gmaps"],
    ["22656","Inovasi Karya ID - Jasa Pembuatan Software di Medan","Jl. Mongonsidi No.6","prelist","MEDAN POLONIA","ANGGRUNG","LINGKUNGAN 4","","","M. Jasa Profesional, Ilmiah, & Teknis","Gmaps"],
    ["22657","TITANTEK","Jl. Komp. Cbd Polonia No.B-9","prelist","MEDAN POLONIA","SUKA DAMAI","LINGKUNGAN 5","","","M. Jasa Profesional, Ilmiah, & Teknis","Gmaps"],
    ["22658","DINDA SERVICE ELECTRONIC","Jl. Cempaka No.36A","prelist","MEDAN POLONIA","SARI REJO","LINGKUNGAN 3","","","M. Jasa Profesional, Ilmiah, & Teknis","Gmaps"],
    ["22659","JASA LISTRIK MEDAN","Jl. Jenderal Besar A.H. Nasution Gg. Pribadi No.17","prelist","MEDAN POLONIA","SARI REJO","LINGKUNGAN 2","","","M. Jasa Profesional, Ilmiah, & Teknis","Gmaps"],
    ["22660","CV. Gunung Mas Sejahtera","Jl. Adi Sucipto No.120","prelist","MEDAN POLONIA","SARI REJO","LINGKUNGAN 6","","","M. Jasa Profesional, Ilmiah, & Teknis","Gmaps"],
    ["22661","Riky Ponsel Service HP Terdekat","Jl. Polonia Jl. Mawar No.6","prelist","MEDAN POLONIA","SARI REJO","LINGKUNGAN 5","","","M. Jasa Profesional, Ilmiah, & Teknis","Gmaps"],
    ["22662","GIVERZO - Photography & Cinematography","Komplek Polonia Riverview Jl. Komodor Muda Adi Sucipto No.A27","prelist","MEDAN POLONIA","SUKA DAMAI","LINGKUNGAN 3","","","J. Informasi dan Komunikasi","Gmaps"],
    ["22663","Arif Picture","Jl. Bilal Gg. Landasan No.41","prelist","MEDAN POLONIA","SARI REJO","LINGKUNGAN 1","","","J. Informasi dan Komunikasi","Gmaps"],
    ["22664","ENWIS Moments","Jl. Starban No.91","prelist","MEDAN POLONIA","POLONIA","LINGKUNGAN 10","","0821-6806-0755","J. Informasi dan Komunikasi","Gmaps"],
    ["22665","H7 mongonsidi","Jl. Mongonsidi","prelist","MEDAN POLONIA","ANGGRUNG","LINGKUNGAN 5","","","J. Informasi dan Komunikasi","Gmaps"],
    ["22666","PMH Dekorasi","Jl. Purna Bhakti Gg. Melati B","prelist","MEDAN POLONIA","SARI REJO","LINGKUNGAN 5","","","J. Informasi dan Komunikasi","Gmaps"],
    ["22667","Studio Ruang Kreator","Purimas, Blk. E No.88, Suka Damai, Kec. Medan Polonia, Kota Medan, Sumatera Utara 20219","prelist","MEDAN POLONIA","SUKA DAMAI","LINGKUNGAN 5","","","J. Informasi dan Komunikasi","Gmaps"],
    ["22668","Foto Balai Medan","Jl. Jenderal Besar A.H. Nasution","prelist","MEDAN POLONIA","SARI REJO","LINGKUNGAN 8","","","J. Informasi dan Komunikasi","Gmaps"],
    ["22669","Balam Jaya","Gg. Seram","prelist","MEDAN POLONIA","SARI REJO","LINGKUNGAN 1","","","J. Informasi dan Komunikasi","Gmaps"],
    ["22670","MFB Project","Gg. Pipa Tengah No.100","prelist","MEDAN POLONIA","SARI REJO","LINGKUNGAN 6","","","J. Informasi dan Komunikasi","Gmaps"],
    ["22671","SAMA Studio 02","Jln. Komodor Muda Adi Sujipto Ruko No. D6","prelist","MEDAN POLONIA","SUKA DAMAI","LINGKUNGAN 3","","","J. Informasi dan Komunikasi","Gmaps"],
    ["22672","Shuut Me","Jl. Pangeran Diponegoro No.47","prelist","MEDAN POLONIA","MADRAS HULU","LINGKUNGAN 8","","","J. Informasi dan Komunikasi","Gmaps"],
    ["22673","360 CONCEPTS STUDIO","Suka Damai, Kec. Medan Polonia, Kota Medan, Sumatera Utara 20217","prelist","MEDAN POLONIA","SUKA DAMAI","LINGKUNGAN 3","","","J. Informasi dan Komunikasi","Gmaps"],
    ["22674","BRW Photography","Jl. Mongonsidi No.69","prelist","MEDAN POLONIA","POLONIA","LINGKUNGAN 4","","","J. Informasi dan Komunikasi","Gmaps"],
    ["22675","Poloniafotografi","Jl. Starban No.9","prelist","MEDAN POLONIA","POLONIA","LINGKUNGAN 7","","","J. Informasi dan Komunikasi","Gmaps"],
    ["22676","Studio Foto H7","Jl. Mongonsidi No.64","prelist","MEDAN POLONIA","ANGGRUNG","LINGKUNGAN 5","","","J. Informasi dan Komunikasi","Gmaps"],
    ["22677","Joy de Vi Photo Studio","Jl. Komp. Cbd Polonia Blk. G No.9","prelist","MEDAN POLONIA","SUKA DAMAI","LINGKUNGAN 5","","","J. Informasi dan Komunikasi","Gmaps"],
    ["22678","Amei Rental Mobil (AMR Rentcar)","Jl. Starban","prelist","MEDAN POLONIA","POLONIA","LINGKUNGAN 10","","","N. Jasa Persewaan, Ketenagakerjaan, Agen Perjalanan, dan Jasa Pendukung ","Gmaps"],
    ["22679","Luxury Car Rental","Jl. Taman Polonia Raya","prelist","MEDAN POLONIA","SUKA DAMAI","LINGKUNGAN 4","","","N. Jasa Persewaan, Ketenagakerjaan, Agen Perjalanan, dan Jasa Pendukung ","Gmaps"],
    ["22680","BENGKEL LAS MOLEN COR BANGUNAN LATIF UCOK LELO","Jl. Karya Perbatasan. Kel. Sari Rejo","prelist","MEDAN POLONIA","SARI REJO","LINGKUNGAN 8","","","M. Jasa Profesional, Ilmiah, & Teknis","Gmaps"],
    ["22681","KEWIN Cafe & Dine","Jl. Dr. Cipto No.9","prelist","MEDAN POLONIA","ANGGRUNG","LINGKUNGAN 4","","","M. Jasa Profesional, Ilmiah, & Teknis","Gmaps"],
    ["22682","JnR Law Firm","Suka Damai, Kec. Medan Polonia, Kota Medan, Sumatera Utara","prelist","MEDAN POLONIA","SUKA DAMAI","LINGKUNGAN 5","","","M. Jasa Profesional, Ilmiah, & Teknis","Gmaps"],
    ["22683","Law Office Victory & Partners","Jalan Padang Golf","prelist","MEDAN POLONIA","SUKA DAMAI","LINGKUNGAN 5","","","M. Jasa Profesional, Ilmiah, & Teknis","Gmaps"],
    ["22684","Kahfi Group","Suka Damai, Kec. Medan Polonia, Kota Medan, Sumatera Utara 20151","prelist","MEDAN POLONIA","SUKA DAMAI","LINGKUNGAN 5","","(061) 4153453","M. Jasa Profesional, Ilmiah, & Teknis","Gmaps"],
    ["22685","Kantor Advocates M Kamaluddin Lubis SH & Associates","Jl. Airlangga 16-B20112","prelist","MEDAN POLONIA","MADRAS HULU","LINGKUNGAN 3","","","M. Jasa Profesional, Ilmiah, & Teknis","Gmaps"],
    ["22686","RNLawFirm","Jl. Adi Sucipto No.7","prelist","MEDAN POLONIA","SARI REJO","LINGKUNGAN 6","","","M. Jasa Profesional, Ilmiah, & Teknis","Gmaps"],
    ["22687","Falah Sanskara Law Firm","Jl. Pasang Golf","prelist","MEDAN POLONIA","SUKA DAMAI","LINGKUNGAN 5","","","M. Jasa Profesional, Ilmiah, & Teknis","Gmaps"],
    ["22688","Kantor Hukum / Law Office \"Harafuddin Sihombing & Partners\"","Jl. Ir. H. Juanda No.16I","prelist","MEDAN POLONIA","SUKA DAMAI","LINGKUNGAN 5","","","M. Jasa Profesional, Ilmiah, & Teknis","Gmaps"],
    ["22689","Law Office Liems Simanjuntak & Partners","Jl. Pangeran Diponegoro No.24","prelist","MEDAN POLONIA","MADRAS HULU","LINGKUNGAN 7","","","M. Jasa Profesional, Ilmiah, & Teknis","Gmaps"],
    ["22690","Kantor Hukum Ritonga & Partners (Ali Panca Sipahutar, S.H)","Jl. Jenggala Kelurahan No.75","prelist","MEDAN POLONIA","MADRAS HULU","LINGKUNGAN 2","","","M. Jasa Profesional, Ilmiah, & Teknis","Gmaps"],
    ["22691","ANR Law Firm Medan","Jl. Padang Golf Jl. Komp. Cbd Polonia No.18 Kel Blok F","prelist","MEDAN POLONIA","SUKA DAMAI","LINGKUNGAN 5","","","M. Jasa Profesional, Ilmiah, & Teknis","Gmaps"],
    ["22692","GM & Associates","Jl. Taman Polonia Iii No.69","prelist","MEDAN POLONIA","SUKA DAMAI","LINGKUNGAN 4","","","M. Jasa Profesional, Ilmiah, & Teknis","Gmaps"],
    ["22693","Galatia Project","Sari Rejo, Kec. Medan Polonia, Kota Medan, Sumatera Utara 20157","prelist","MEDAN POLONIA","SARI REJO","LINGKUNGAN 3","","","J. Informasi dan Komunikasi","Gmaps"],
    ["22694","PT ETOS INDONUSA - Cabang Medan","Komplek Cbd Polonia Blok C No. 85 Kelurahan","prelist","MEDAN POLONIA","SUKA DAMAI","LINGKUNGAN 5","","","N. Jasa Persewaan, Ketenagakerjaan, Agen Perjalanan, dan Jasa Pendukung ","Gmaps"],
    ["22695","Partner Shoes","Jl. Gelatik No.107-104","prelist","MEDAN POLONIA","SARI REJO","LINGKUNGAN 6","","","N. Jasa Persewaan, Ketenagakerjaan, Agen Perjalanan, dan Jasa Pendukung ","Gmaps"],
    ["22696","HydroClean Medan","Madras Hulu, Kec. Medan Polonia, Kota Medan, Sumatera Utara","prelist","MEDAN POLONIA","MADRAS HULU","LINGKUNGAN 9","","","N. Jasa Persewaan, Ketenagakerjaan, Agen Perjalanan, dan Jasa Pendukung ","Gmaps"],
    ["22697","Cahaya Abadi Lestari Energi. PT","Jl. Teuku Cik Ditiro Kelurahan No.1","prelist","MEDAN POLONIA","MADRAS HULU","LINGKUNGAN 6","","0811-647-408","N. Jasa Persewaan, Ketenagakerjaan, Agen Perjalanan, dan Jasa Pendukung ","Gmaps"],
    ["22698","Aerotek","Suka Damai, Kec. Medan Polonia, Kota Medan, Sumatera Utara 20159","prelist","MEDAN POLONIA","SUKA DAMAI","LINGKUNGAN 5","","","N. Jasa Persewaan, Ketenagakerjaan, Agen Perjalanan, dan Jasa Pendukung ","Gmaps"],
    ["22699","Srifan Jaya Abadi. PT","Jl. Karya Darma No.13","prelist","MEDAN POLONIA","POLONIA","LINGKUNGAN 5","","(061) 4148810","N. Jasa Persewaan, Ketenagakerjaan, Agen Perjalanan, dan Jasa Pendukung ","Gmaps"],
    ["22700","PT Naga Hari Utama","Komplek Cbd","prelist","MEDAN POLONIA","SUKA DAMAI","LINGKUNGAN 5","","","N. Jasa Persewaan, Ketenagakerjaan, Agen Perjalanan, dan Jasa Pendukung ","Gmaps"],
    ["22701","Pt Yap","Unnamed Road, Suka Damai, Kec. Medan Polonia, Kota Medan, Sumatera Utara 20159","prelist","MEDAN POLONIA","SUKA DAMAI","LINGKUNGAN 5","","","N. Jasa Persewaan, Ketenagakerjaan, Agen Perjalanan, dan Jasa Pendukung ","Gmaps"],
    ["22702","PT. Eva Surya Mandiri","Jl. Teratai Desa No.Gg. 45","prelist","MEDAN POLONIA","SARI REJO","LINGKUNGAN 5","","","N. Jasa Persewaan, Ketenagakerjaan, Agen Perjalanan, dan Jasa Pendukung ","Gmaps"],
    ["22703","Rental Hiace Medan - Luxury Rent Car Rntlbos","Jl. Karya Budi No.10F","prelist","MEDAN POLONIA","SARI REJO","LINGKUNGAN 1","","","N. Jasa Persewaan, Ketenagakerjaan, Agen Perjalanan, dan Jasa Pendukung ","Gmaps"],
    ["22704","Rental mobil berkah","Jalan Polonia","prelist","MEDAN POLONIA","POLONIA","LINGKUNGAN 10","","0857-1928-2257","N. Jasa Persewaan, Ketenagakerjaan, Agen Perjalanan, dan Jasa Pendukung ","Gmaps"],
    ["22705","Sewa Rental Mobil Medan Kualanamu","Jl. Cut Nyak Dien No.30","prelist","MEDAN POLONIA","MADRAS HULU","LINGKUNGAN 8","","","N. Jasa Persewaan, Ketenagakerjaan, Agen Perjalanan, dan Jasa Pendukung ","Gmaps"],
    ["22706","Real rent outdoor","Gg. Stabat No.50D","prelist","MEDAN POLONIA","SARI REJO","LINGKUNGAN 5","","","N. Jasa Persewaan, Ketenagakerjaan, Agen Perjalanan, dan Jasa Pendukung ","Gmaps"],
    ["22707","Fazira Express Rent","Jl. Pendidikan Jl. Subur","prelist","MEDAN POLONIA","POLONIA","LINGKUNGAN 6","","0821-6750-5588","N. Jasa Persewaan, Ketenagakerjaan, Agen Perjalanan, dan Jasa Pendukung ","Gmaps"],
    ["22708","63 Auto garage","Gg. Mesra","prelist","MEDAN POLONIA","POLONIA","LINGKUNGAN 8","","","N. Jasa Persewaan, Ketenagakerjaan, Agen Perjalanan, dan Jasa Pendukung ","Gmaps"],
    ["22709","Medan car rental","Jl. Dadali No.88","prelist","MEDAN POLONIA","SARI REJO","LINGKUNGAN 6","","","N. Jasa Persewaan, Ketenagakerjaan, Agen Perjalanan, dan Jasa Pendukung ","Gmaps"],
    ["22710","Laundry Dry&Clean Mak Non","Sari Rejo, Kec. Medan Polonia, Kota Medan, Sumatera Utara 20158","prelist","MEDAN POLONIA","SARI REJO","LINGKUNGAN 4","","","N. Jasa Persewaan, Ketenagakerjaan, Agen Perjalanan, dan Jasa Pendukung ","Gmaps"],
    ["22711","Express Laundry","Jl. Karya Bakti Ii No.68","prelist","MEDAN POLONIA","SARI REJO","LINGKUNGAN 7","","","N. Jasa Persewaan, Ketenagakerjaan, Agen Perjalanan, dan Jasa Pendukung ","Gmaps"],
    ["22712","Laundry AFUNG","Gg. Rotan No.4","prelist","MEDAN POLONIA","POLONIA","LINGKUNGAN 10","","","N. Jasa Persewaan, Ketenagakerjaan, Agen Perjalanan, dan Jasa Pendukung ","Gmaps"],
    ["22713","Lucky Laundry","Jl. Pipa Ii","prelist","MEDAN POLONIA","SARI REJO","LINGKUNGAN 6","","","N. Jasa Persewaan, Ketenagakerjaan, Agen Perjalanan, dan Jasa Pendukung ","Gmaps"],
    ["22714","Stop Wash","Jalan Cik Ditiro No. 83 Simpang","prelist","MEDAN POLONIA","MADRAS HULU","LINGKUNGAN 6","","","N. Jasa Persewaan, Ketenagakerjaan, Agen Perjalanan, dan Jasa Pendukung ","Gmaps"],
    ["22715","Boenta Laundry","Jl. Teratai","prelist","MEDAN POLONIA","SARI REJO","LINGKUNGAN 5","","","N. Jasa Persewaan, Ketenagakerjaan, Agen Perjalanan, dan Jasa Pendukung ","Gmaps"],
    ["22716","Pembasmi Rayap","Komplek","prelist","MEDAN POLONIA","SARI REJO","LINGKUNGAN 6","","","N. Jasa Persewaan, Ketenagakerjaan, Agen Perjalanan, dan Jasa Pendukung ","Gmaps"],
    ["22717","WASH Station","Jl. Cinta Karya No.67","prelist","MEDAN POLONIA","SARI REJO","LINGKUNGAN 1","","","N. Jasa Persewaan, Ketenagakerjaan, Agen Perjalanan, dan Jasa Pendukung ","Gmaps"],
    ["22718","Nice laundry & dry cleaning","Jl. Mongonsidi","prelist","MEDAN POLONIA","ANGGRUNG","LINGKUNGAN 8","","","N. Jasa Persewaan, Ketenagakerjaan, Agen Perjalanan, dan Jasa Pendukung ","Gmaps"],
    ["22719","Berkat Loundry 505 Gg. Berkat Starban Polonia","Unnamed Road, Polonia, Kec. Medan Polonia, Kota Medan, Sumatera Utara 20157","prelist","MEDAN POLONIA","POLONIA","LINGKUNGAN 12","","","N. Jasa Persewaan, Ketenagakerjaan, Agen Perjalanan, dan Jasa Pendukung ","Gmaps"],
    ["22720","One Stop Laundry","Jl. Starban","prelist","MEDAN POLONIA","POLONIA","LINGKUNGAN 7","","","N. Jasa Persewaan, Ketenagakerjaan, Agen Perjalanan, dan Jasa Pendukung ","Gmaps"],
    ["22721","Mawar Super Laundry Polonia","Gg. Permandian No.228","prelist","MEDAN POLONIA","POLONIA","LINGKUNGAN 5","","","N. Jasa Persewaan, Ketenagakerjaan, Agen Perjalanan, dan Jasa Pendukung ","Gmaps"],
    ["22722","XTRA WASH LAUNDRY & DRY CLEAN","Jl. Mongonsidi No.76","prelist","MEDAN POLONIA","ANGGRUNG","LINGKUNGAN 4","","","N. Jasa Persewaan, Ketenagakerjaan, Agen Perjalanan, dan Jasa Pendukung ","Gmaps"],
    ["22723","WOSHI WOSHI","Jl. Komp. Cbd Polonia Blk. F No.49","prelist","MEDAN POLONIA","SUKA DAMAI","LINGKUNGAN 5","","","N. Jasa Persewaan, Ketenagakerjaan, Agen Perjalanan, dan Jasa Pendukung ","Gmaps"],
    ["22724","JAYA LAUNDRY","Jl. Starban","prelist","MEDAN POLONIA","POLONIA","LINGKUNGAN 7","","","N. Jasa Persewaan, Ketenagakerjaan, Agen Perjalanan, dan Jasa Pendukung ","Gmaps"],
    ["22725","Laundry Aboens","Jl. Karya Dharma No.23B","prelist","MEDAN POLONIA","POLONIA","LINGKUNGAN 4","","","N. Jasa Persewaan, Ketenagakerjaan, Agen Perjalanan, dan Jasa Pendukung ","Gmaps"],
    ["22726","Rezekiqu Laundry","Jl. Mawar","prelist","MEDAN POLONIA","SARI REJO","LINGKUNGAN 4","","","N. Jasa Persewaan, Ketenagakerjaan, Agen Perjalanan, dan Jasa Pendukung ","Gmaps"],
    ["22727","Melisa Laundry","Jl. Cinta Karya No.49","prelist","MEDAN POLONIA","SARI REJO","LINGKUNGAN 1","","0813-7068-1313","N. Jasa Persewaan, Ketenagakerjaan, Agen Perjalanan, dan Jasa Pendukung ","Gmaps"],
    ["22728","Yevame Laundry","Jl. Cinta Karya No.118","prelist","MEDAN POLONIA","SARI REJO","LINGKUNGAN 8","","","N. Jasa Persewaan, Ketenagakerjaan, Agen Perjalanan, dan Jasa Pendukung ","Gmaps"],
    ["22729","Rizbi Jaya LAUNDRY","Jl. Antariksa No.13","prelist","MEDAN POLONIA","SARI REJO","LINGKUNGAN 6","","","N. Jasa Persewaan, Ketenagakerjaan, Agen Perjalanan, dan Jasa Pendukung ","Gmaps"],
    ["22730","ICHA LAUNDRY","Jl. Cinta Karya No.3","prelist","MEDAN POLONIA","SARI REJO","LINGKUNGAN 1","","","N. Jasa Persewaan, Ketenagakerjaan, Agen Perjalanan, dan Jasa Pendukung ","Gmaps"],
    ["22731","ILHAM LOUNDRY/DRY CLEAN","Jl. Karya Bakti","prelist","MEDAN POLONIA","SARI REJO","LINGKUNGAN 1","","0896-3665-8688","N. Jasa Persewaan, Ketenagakerjaan, Agen Perjalanan, dan Jasa Pendukung ","Gmaps"],
    ["22732","DeLaundress Dryclean & Laundry","Jl. Teuku Daud No.7","prelist","MEDAN POLONIA","MADRAS HULU","LINGKUNGAN 9","","","N. Jasa Persewaan, Ketenagakerjaan, Agen Perjalanan, dan Jasa Pendukung ","Gmaps"],
    ["22733","Githa Laundry","Jl. Karya Perbatasan No.76","prelist","MEDAN POLONIA","SARI REJO","LINGKUNGAN 8","","","N. Jasa Persewaan, Ketenagakerjaan, Agen Perjalanan, dan Jasa Pendukung ","Gmaps"],
    ["22734","C&C Laundry","Jl. Kediri No.1C","prelist","MEDAN POLONIA","MADRAS HULU","LINGKUNGAN 3","","","N. Jasa Persewaan, Ketenagakerjaan, Agen Perjalanan, dan Jasa Pendukung ","Gmaps"],
    ["22735","K5 laundry","Jl. Kediri.5","prelist","MEDAN POLONIA","MADRAS HULU","LINGKUNGAN 3","","","N. Jasa Persewaan, Ketenagakerjaan, Agen Perjalanan, dan Jasa Pendukung ","Gmaps"],
    ["22736","Mutiara Laundry","Jl. Teuku Cik Ditiro No.122","prelist","MEDAN POLONIA","MADRAS HULU","LINGKUNGAN 7","","","N. Jasa Persewaan, Ketenagakerjaan, Agen Perjalanan, dan Jasa Pendukung ","Gmaps"],
    ["22737","FAZA LAUNDRY","Jl. Cinta Karya No.90","prelist","MEDAN POLONIA","SARI REJO","LINGKUNGAN 3","","","N. Jasa Persewaan, Ketenagakerjaan, Agen Perjalanan, dan Jasa Pendukung ","Gmaps"],
    ["22738","Noda Laundry Medan (Wet Cleaning & Dry Cleaning)","Jl. Padang Golf No.10","prelist","MEDAN POLONIA","SUKA DAMAI","LINGKUNGAN 3","","","N. Jasa Persewaan, Ketenagakerjaan, Agen Perjalanan, dan Jasa Pendukung ","Gmaps"],
    ["22739","Mami LAUNDRY","Jl. Mongonsidi No.76","prelist","MEDAN POLONIA","ANGGRUNG","LINGKUNGAN 8","","","N. Jasa Persewaan, Ketenagakerjaan, Agen Perjalanan, dan Jasa Pendukung ","Gmaps"],
    ["22740","Santie Laundry","Jl. Mawar No.10","prelist","MEDAN POLONIA","SARI REJO","LINGKUNGAN 4","","","N. Jasa Persewaan, Ketenagakerjaan, Agen Perjalanan, dan Jasa Pendukung ","Gmaps"],
    ["22741","Jasa event organizer & Vendor Perlengkapan Event Medan","Jl. Mongonsidi No.5B","prelist","MEDAN POLONIA","POLONIA","LINGKUNGAN 1","","","N. Jasa Persewaan, Ketenagakerjaan, Agen Perjalanan, dan Jasa Pendukung ","Gmaps"],
    ["22742","CV.Mutiara Razi (EO Medan)","Gg. D No.15","prelist","MEDAN POLONIA","POLONIA","LINGKUNGAN 3","","","N. Jasa Persewaan, Ketenagakerjaan, Agen Perjalanan, dan Jasa Pendukung ","Gmaps"],
    ["22743","Rudi Hartoyo (Travel Blogger Medan)","Jl. Karya Perbatasan","prelist","MEDAN POLONIA","SARI REJO","LINGKUNGAN 8","","","S. Aktivitas Jasa Lainnya","Gmaps"],
    ["22744","Travel Blogger Indonesia - Medan Wisata","Jl. Cempaka","prelist","MEDAN POLONIA","SARI REJO","LINGKUNGAN 4","","","S. Aktivitas Jasa Lainnya","Gmaps"],
    ["22745","Great Quality Journey Tour & Travel","Jl. Kh. Zainul Arifin No.53","prelist","MEDAN POLONIA","MADRAS HULU","LINGKUNGAN 1","","","H. Transportasi dan Pergudangan","Gmaps"],
    ["22746","SannHoliday Tour","Jl. H. Agus Salim Siregar Jl. Karang Sari No.222","prelist","MEDAN POLONIA","SARI REJO","LINGKUNGAN 5","","","H. Transportasi dan Pergudangan","Gmaps"],
    ["22747","Malaysia Travel & Tour Agency","Jl. P.Diponegoro 69B","prelist","MEDAN POLONIA","MADRAS HULU","LINGKUNGAN 7","","","H. Transportasi dan Pergudangan","Gmaps"],
    ["22748","MM Rentcar and Travel Medan","Jl. Simpang Tanjung Jl. Karya Perbatasan No.Kelurahan","prelist","MEDAN POLONIA","SARI REJO","LINGKUNGAN 8","","","H. Transportasi dan Pergudangan","Gmaps"],
    ["22749","juragan laundry 2","Sari Rejo, Kec. Medan Polonia, Kota Medan, Sumatera Utara 20158","prelist","MEDAN POLONIA","SARI REJO","LINGKUNGAN 8","","","N. Jasa Persewaan, Ketenagakerjaan, Agen Perjalanan, dan Jasa Pendukung ","Gmaps"],
    ["22750","Lucky Laundry","Jl. Karya Bakti No.6","prelist","MEDAN POLONIA","SARI REJO","LINGKUNGAN 1","","","N. Jasa Persewaan, Ketenagakerjaan, Agen Perjalanan, dan Jasa Pendukung ","Gmaps"],
    ["22751","Maju Mandiri Laundry","Jl. Antariksa No.67","prelist","MEDAN POLONIA","SARI REJO","LINGKUNGAN 6","","","N. Jasa Persewaan, Ketenagakerjaan, Agen Perjalanan, dan Jasa Pendukung ","Gmaps"],
    ["22752","Murah Laundry","Jl. Starban No.8A","prelist","MEDAN POLONIA","POLONIA","LINGKUNGAN 9","","","N. Jasa Persewaan, Ketenagakerjaan, Agen Perjalanan, dan Jasa Pendukung ","Gmaps"],
    ["22753","laundry juragan 1","Jl. Balai Desa","prelist","MEDAN POLONIA","POLONIA","LINGKUNGAN 9","","","N. Jasa Persewaan, Ketenagakerjaan, Agen Perjalanan, dan Jasa Pendukung ","Gmaps"],
    ["22754","REZA BERKAH LAUNDRY","Jl. Sejati No.2","prelist","MEDAN POLONIA","SARI REJO","LINGKUNGAN 8","","","N. Jasa Persewaan, Ketenagakerjaan, Agen Perjalanan, dan Jasa Pendukung ","Gmaps"],
    ["22771","Blueray Cargo","Komplek Cbd Polonia","prelist","MEDAN POLONIA","SUKA DAMAI","LINGKUNGAN 5","","","H. Transportasi dan Pergudangan","Gmaps"],
    ["22772","CV. Premium Alhamdulillah Selalu","Jl. Mawar No.42","prelist","MEDAN POLONIA","SARI REJO","LINGKUNGAN 8","","","H. Transportasi dan Pergudangan","Gmaps"],
    ["22773","Indah Logistik Cargo","Jl. Teuku Umar No.83","prelist","MEDAN POLONIA","MADRAS HULU","LINGKUNGAN 5","","","H. Transportasi dan Pergudangan","Gmaps"],
    ["22774","Unique Logistics International (Unique). PT - Medan","Jl. Mongonsidi No.50","prelist","MEDAN POLONIA","ANGGRUNG","LINGKUNGAN 5","","","H. Transportasi dan Pergudangan","Gmaps"],
    ["22775","Bumi Hanjaya Logistics. PT","Gg. Baru No.25","prelist","MEDAN POLONIA","ANGGRUNG","LINGKUNGAN 2","","(0361) 4556029","H. Transportasi dan Pergudangan","Gmaps"],
    ["22776","INFINITI LOGISTIC","Jl. Komp. Cbd Polonia Blk. C No.10","prelist","MEDAN POLONIA","SUKA DAMAI","LINGKUNGAN 5","","","H. Transportasi dan Pergudangan","Gmaps"],
    ["22777","CV. Mushika Jaya Abadi Cargo & Logistic","Jl. Mawar No.8B","prelist","MEDAN POLONIA","SARI REJO","LINGKUNGAN 4","","","H. Transportasi dan Pergudangan","Gmaps"],
    ["22778","Putra Sound Rental Sound & Lighting Medan","Jl. Mongonsidi No.6","prelist","MEDAN POLONIA","ANGGRUNG","LINGKUNGAN 7","","","N. Jasa Persewaan, Ketenagakerjaan, Agen Perjalanan, dan Jasa Pendukung ","Gmaps"],
    ["22779","Medan Crypto/Blockchain Community","Gg. Buntu","prelist","MEDAN POLONIA","SARI REJO","LINGKUNGAN 2","","","N. Jasa Persewaan, Ketenagakerjaan, Agen Perjalanan, dan Jasa Pendukung ","Gmaps"],
    ["22780","Infobisnismedan","Gg. D No.17","prelist","MEDAN POLONIA","POLONIA","LINGKUNGAN 3","","","N. Jasa Persewaan, Ketenagakerjaan, Agen Perjalanan, dan Jasa Pendukung ","Gmaps"],
    ["22781","Indoclubbers","Jl. Teuku Cik Ditiro No.22","prelist","MEDAN POLONIA","MADRAS HULU","LINGKUNGAN 6","","0851-7235-1168","N. Jasa Persewaan, Ketenagakerjaan, Agen Perjalanan, dan Jasa Pendukung ","Gmaps"],
    ["22782","Hallo Tenda","Gg. Buntu","prelist","MEDAN POLONIA","SARI REJO","LINGKUNGAN 4","","0812-1301-0267","N. Jasa Persewaan, Ketenagakerjaan, Agen Perjalanan, dan Jasa Pendukung ","Gmaps"],
    ["22783","The Solution Event Management","Komplek City View","prelist","MEDAN POLONIA","SUKA DAMAI","LINGKUNGAN 3","","0823-6049-0948","N. Jasa Persewaan, Ketenagakerjaan, Agen Perjalanan, dan Jasa Pendukung ","Gmaps"],
    ["22784","Paradise Wedding Vendor","Jl. Polonia No.214","prelist","MEDAN POLONIA","POLONIA","LINGKUNGAN 6","","","N. Jasa Persewaan, Ketenagakerjaan, Agen Perjalanan, dan Jasa Pendukung ","Gmaps"],
    ["22785","RzR Pro EO","Gg. D","prelist","MEDAN POLONIA","POLONIA","LINGKUNGAN 3","","","N. Jasa Persewaan, Ketenagakerjaan, Agen Perjalanan, dan Jasa Pendukung ","Gmaps"],
    ["22786","LION PARCEL MONGONSIDI GANG D (POS21411)","Gg. D No.5","prelist","MEDAN POLONIA","POLONIA","LINGKUNGAN 1","","","N. Jasa Persewaan, Ketenagakerjaan, Agen Perjalanan, dan Jasa Pendukung ","Gmaps"],
    ["22787","JNE - Agen Mongonsidi II","Jl. Mongonsidi No.63","prelist","MEDAN POLONIA","POLONIA","LINGKUNGAN 4","","","N. Jasa Persewaan, Ketenagakerjaan, Agen Perjalanan, dan Jasa Pendukung ","Gmaps"],
    ["22788","JNE CBD Polonia","Kompleks Cbd Polonia Blok Bb No. 52","prelist","MEDAN POLONIA","SUKA DAMAI","LINGKUNGAN 5","","","N. Jasa Persewaan, Ketenagakerjaan, Agen Perjalanan, dan Jasa Pendukung ","Gmaps"],
    ["22789","Titipan Kilat PT. Titipan Anugrah Kita","Jl. Teuku Cik Ditiro","prelist","MEDAN POLONIA","MADRAS HULU","LINGKUNGAN 6","","","N. Jasa Persewaan, Ketenagakerjaan, Agen Perjalanan, dan Jasa Pendukung ","Gmaps"],
    ["22790","PT. WAHYU SEMESTA ABADI","Jl. Teratai","prelist","MEDAN POLONIA","SARI REJO","LINGKUNGAN 9","","","N. Jasa Persewaan, Ketenagakerjaan, Agen Perjalanan, dan Jasa Pendukung ","Gmaps"],
    ["22791","Sarana Agro Nusantara. PT","Jl. R. A. Kartini No.23","prelist","MEDAN POLONIA","MADRAS HULU","LINGKUNGAN 9","","(061) 4524432","N. Jasa Persewaan, Ketenagakerjaan, Agen Perjalanan, dan Jasa Pendukung ","Gmaps"],
    ["22792","PT ELKA JAYA INT'L","Jl. Muara Takus No.112","prelist","MEDAN POLONIA","MADRAS HULU","LINGKUNGAN 4","","","N. Jasa Persewaan, Ketenagakerjaan, Agen Perjalanan, dan Jasa Pendukung ","Gmaps"],
    ["22793","SPX Express Medan Maimun Hub","Komplek Multatuli Indah","prelist","MEDAN POLONIA","SUKA DAMAI","LINGKUNGAN 5","","","N. Jasa Persewaan, Ketenagakerjaan, Agen Perjalanan, dan Jasa Pendukung ","Gmaps"],
    ["22794","Jne Express Across Nations","Jl. Mongonsidi No.69","prelist","MEDAN POLONIA","POLONIA","LINGKUNGAN 4","","","N. Jasa Persewaan, Ketenagakerjaan, Agen Perjalanan, dan Jasa Pendukung ","Gmaps"],
    ["22795","MAXIM Transportasi Online Medan","Jl. Padang Golf","prelist","MEDAN POLONIA","SUKA DAMAI","LINGKUNGAN 5","","","N. Jasa Persewaan, Ketenagakerjaan, Agen Perjalanan, dan Jasa Pendukung ","Gmaps"],
    ["22796","PT. Kuehne Nagel Indonesia","Jl. Pangeran Diponegoro No.18","prelist","MEDAN POLONIA","MADRAS HULU","LINGKUNGAN 9","","","H. Transportasi dan Pergudangan","Gmaps"],
    ["22797","DHL Express Service Point (Medan Juanda)","Jl. Ir. H. Juanda No.14","prelist","MEDAN POLONIA","SUKA DAMAI","LINGKUNGAN 5","","","H. Transportasi dan Pergudangan","Gmaps"],
    ["22798","Rhenus Air & Ocean","Jl. Pangeran Diponegoro No.18 4Th Floor #411","prelist","MEDAN POLONIA","MADRAS HULU","LINGKUNGAN 9","","","H. Transportasi dan Pergudangan","Gmaps"],
    ["22799","PT TGL Indonesia Logistics Medan","Jl. Pangeran Diponegoro No.18","prelist","MEDAN POLONIA","MADRAS HULU","LINGKUNGAN 9","","","H. Transportasi dan Pergudangan","Gmaps"],
    ["22800","IndigoSpace Medan","Jl. Mongonsidi No.6","prelist","MEDAN POLONIA","ANGGRUNG","LINGKUNGAN 4","","","N. Jasa Persewaan, Ketenagakerjaan, Agen Perjalanan, dan Jasa Pendukung ","Gmaps"],
    ["22801","Sinar Mas Land Plaza Medan","Jl. Pangeran Diponegoro No.18","prelist","MEDAN POLONIA","MADRAS HULU","LINGKUNGAN 9","","","N. Jasa Persewaan, Ketenagakerjaan, Agen Perjalanan, dan Jasa Pendukung ","Gmaps"],
    ["22802","Dperta Coffee & Space","Jl. Imam Bonjol","prelist","MEDAN POLONIA","SUKA DAMAI","LINGKUNGAN 5","","","N. Jasa Persewaan, Ketenagakerjaan, Agen Perjalanan, dan Jasa Pendukung ","Gmaps"],
    ["22803","lvl. 3 Coffee Rooftop UIP Sumbagut","Jl. Dr. Cipto No.12","prelist","MEDAN POLONIA","ANGGRUNG","LINGKUNGAN 2","","","N. Jasa Persewaan, Ketenagakerjaan, Agen Perjalanan, dan Jasa Pendukung ","Gmaps"],
    ["22804","Hour Space","City View Marketing Office Jalan Adi Sucipto No.mor 120, Suka Damai, Medan Polonia, Medan City, North Sumatra 20217","prelist","MEDAN POLONIA","SUKA DAMAI","LINGKUNGAN 3","","","N. Jasa Persewaan, Ketenagakerjaan, Agen Perjalanan, dan Jasa Pendukung ","Gmaps"],
    ["22805","GoWork Sinar Mas Land Plaza Medan - Coworking And Office Space","Jl. Pangeran Diponegoro No.18 10Th Floor","prelist","MEDAN POLONIA","MADRAS HULU","LINGKUNGAN 9","","","N. Jasa Persewaan, Ketenagakerjaan, Agen Perjalanan, dan Jasa Pendukung ","Gmaps"],
    ["22806","Tiki Agen Kampung Keling","Jl. Teuku Cik Ditiro No.11","prelist","MEDAN POLONIA","MADRAS HULU","LINGKUNGAN 4","","","N. Jasa Persewaan, Ketenagakerjaan, Agen Perjalanan, dan Jasa Pendukung ","Gmaps"],
    ["22807","RGA International Indonesia. PT","Jl. Imam Bonjol","prelist","MEDAN POLONIA","MADRAS HULU","LINGKUNGAN 9","","","N. Jasa Persewaan, Ketenagakerjaan, Agen Perjalanan, dan Jasa Pendukung ","Gmaps"],
    ["22808","Air Tiger Expressindo. PT","Anggrung, Kec. Medan Polonia, Kota Medan, Sumatera Utara 20222","prelist","MEDAN POLONIA","ANGGRUNG","LINGKUNGAN 2","","(061) 4556029","N. Jasa Persewaan, Ketenagakerjaan, Agen Perjalanan, dan Jasa Pendukung ","Gmaps"],
    ["22809","PT. EMKL Bandar Jaya Murni","Jl. Kediri No.7-9","prelist","MEDAN POLONIA","MADRAS HULU","LINGKUNGAN 3","","","N. Jasa Persewaan, Ketenagakerjaan, Agen Perjalanan, dan Jasa Pendukung ","Gmaps"],
    ["22810","Bintang Kartika Makmur. PT","Jl. Hang Jebat No.2","prelist","MEDAN POLONIA","MADRAS HULU","LINGKUNGAN 7","","(061) 4145824","N. Jasa Persewaan, Ketenagakerjaan, Agen Perjalanan, dan Jasa Pendukung ","Gmaps"],
    ["22811","JNT Cargo Polonia","Jl. Adi Sucipto","prelist","MEDAN POLONIA","SARI REJO","LINGKUNGAN 6","","","N. Jasa Persewaan, Ketenagakerjaan, Agen Perjalanan, dan Jasa Pendukung ","Gmaps"],
    ["22812","Budi utomo","Suka Damai, Kec. Medan Polonia, Kota Medan, Sumatera Utara","prelist","MEDAN POLONIA","SUKA DAMAI","LINGKUNGAN 5","","","N. Jasa Persewaan, Ketenagakerjaan, Agen Perjalanan, dan Jasa Pendukung ","Gmaps"],
    ["22813","Budi utomo","Sari Rejo, Kec. Medan Polonia, Kota Medan, Sumatera Utara","prelist","MEDAN POLONIA","SARI REJO","LINGKUNGAN 4","","","N. Jasa Persewaan, Ketenagakerjaan, Agen Perjalanan, dan Jasa Pendukung ","Gmaps"],
    ["22814","BU","Polonia, Kec. Medan Polonia, Kota Medan, Sumatera Utara","prelist","MEDAN POLONIA","POLONIA","LINGKUNGAN 7","","","N. Jasa Persewaan, Ketenagakerjaan, Agen Perjalanan, dan Jasa Pendukung ","Gmaps"],
    ["22815","Jasa Pengiriman Barang ke seluruh Indonesia","Jl. Mawar","prelist","MEDAN POLONIA","SARI REJO","LINGKUNGAN 5","","0813-6064-1602","N. Jasa Persewaan, Ketenagakerjaan, Agen Perjalanan, dan Jasa Pendukung ","Gmaps"],
    ["22816","Cinépolis cinemas Sun Plaza","Jl. Kh. Zainul Arifin No.7","prelist","MEDAN POLONIA","MADRAS HULU","LINGKUNGAN 9","","","R. Kesenian, Hiburan dan Rekreasi","Gmaps"],
    ["22817","Hermes XXI","Jl. Mongonsidi No.45 Lt. 2","prelist","MEDAN POLONIA","POLONIA","LINGKUNGAN 3","","","R. Kesenian, Hiburan dan Rekreasi","Gmaps"],
    ["22818","PT. Map Trans Logistic","Jl. Pangeran Diponegoro No.18","prelist","MEDAN POLONIA","MADRAS HULU","LINGKUNGAN 9","","","N. Jasa Persewaan, Ketenagakerjaan, Agen Perjalanan, dan Jasa Pendukung ","Gmaps"],
    ["22819","J&T Cargo MES015B","Jl. Teuku Cik Ditiro No.98","prelist","MEDAN POLONIA","MADRAS HULU","LINGKUNGAN 3","","","H. Transportasi dan Pergudangan","Gmaps"],
    ["22820","Putra Abadi Trans. PT - Medan Branch","Jl. Pangeran Diponegoro No.204","prelist","MEDAN POLONIA","MADRAS HULU","LINGKUNGAN 9","","","H. Transportasi dan Pergudangan","Gmaps"],
    ["22821","Sutra. PT","Jl. Karya Sehati No.1","prelist","MEDAN POLONIA","POLONIA","LINGKUNGAN 4","","(061) 7868025","H. Transportasi dan Pergudangan","Gmaps"],
    ["22822","Travel one","Jl. Antariksa Jl. Pipa Ii No.3","prelist","MEDAN POLONIA","SARI REJO","LINGKUNGAN 6","","0896-3021-7990","S. Aktivitas Jasa Lainnya","Gmaps"],
    ["22823","Uniskai","Kompleks Cbd","prelist","MEDAN POLONIA","SUKA DAMAI","LINGKUNGAN 5","","","H. Transportasi dan Pergudangan","Gmaps"],
    ["22824","PT Dunia Globalindo Travel Medan","Jl. Komp. Cbd Polonia Blk. D No.27","prelist","MEDAN POLONIA","SUKA DAMAI","LINGKUNGAN 5","","","H. Transportasi dan Pergudangan","Gmaps"],
    ["22825","Pandu Graha Sentosa. PT","Jl. Mawar No.137","prelist","MEDAN POLONIA","SARI REJO","LINGKUNGAN 4","","(061) 8448106","N. Jasa Persewaan, Ketenagakerjaan, Agen Perjalanan, dan Jasa Pendukung ","Gmaps"],
    ["22826","Utama Security","Komplek Cbd","prelist","MEDAN POLONIA","SUKA DAMAI","LINGKUNGAN 5","","","N. Jasa Persewaan, Ketenagakerjaan, Agen Perjalanan, dan Jasa Pendukung ","Gmaps"],
    ["22827","Arjun Rental Tenda","Gg. Benteng","prelist","MEDAN POLONIA","SARI REJO","LINGKUNGAN 4","","","N. Jasa Persewaan, Ketenagakerjaan, Agen Perjalanan, dan Jasa Pendukung ","Gmaps"],
    ["22828","Sewa Tenda SM-ARJUN Medan","Jl. Mawar No.8 B","prelist","MEDAN POLONIA","SARI REJO","LINGKUNGAN 4","","","N. Jasa Persewaan, Ketenagakerjaan, Agen Perjalanan, dan Jasa Pendukung ","Gmaps"],
    ["22829","Arjun Rental Sewa Tenda Teratak Medan","Jl. Mawar No.12","prelist","MEDAN POLONIA","SARI REJO","LINGKUNGAN 4","","","S. Aktivitas Jasa Lainnya","Gmaps"],
    ["22830","SEWA TENDA PESTA MEDAN","Jl. Sejati","prelist","MEDAN POLONIA","SARI REJO","LINGKUNGAN 4","","","S. Aktivitas Jasa Lainnya","Gmaps"],
    ["22831","TEKLING MEDAN - KOMPUTER SERVICE","Gg. Baru No.8B","prelist","MEDAN POLONIA","POLONIA","LINGKUNGAN 1","","","J. Informasi dan Komunikasi","Gmaps"],
    ["22832","Sejahteracom Service Laptop Handphone","Jl. Cinta Karya","prelist","MEDAN POLONIA","SARI REJO","LINGKUNGAN 7","","","J. Informasi dan Komunikasi","Gmaps"],
    ["22833","Home Service Laptop","Gg. Sawit No.43","prelist","MEDAN POLONIA","SARI REJO","LINGKUNGAN 6","","","J. Informasi dan Komunikasi","Gmaps"],
    ["22834","Excellent Service Computer","Gg. Mesjid I No.14","prelist","MEDAN POLONIA","POLONIA","LINGKUNGAN 13","","","J. Informasi dan Komunikasi","Gmaps"],
    ["22835","Dian Service Hp & Laptop","Jl. Karya Bakti","prelist","MEDAN POLONIA","SARI REJO","LINGKUNGAN 1","","","J. Informasi dan Komunikasi","Gmaps"],
    ["22836","Abdul Go Service","Gg. Pertama No.03","prelist","MEDAN POLONIA","POLONIA","LINGKUNGAN 9","","","J. Informasi dan Komunikasi","Gmaps"],
    ["22837","PLATINUM SERVICE HP","Jl. Teuku Cik Ditiro No.62","prelist","MEDAN POLONIA","MADRAS HULU","LINGKUNGAN 6","","","J. Informasi dan Komunikasi","Gmaps"],
    ["22838","Servis hp Garuda servis ( apple service )","Jl. Pipa Utama","prelist","MEDAN POLONIA","SARI REJO","LINGKUNGAN 6","","","J. Informasi dan Komunikasi","Gmaps"],
    ["22839","SERVICE HP MEDAN","Jl. Mawar No.7","prelist","MEDAN POLONIA","SARI REJO","LINGKUNGAN 5","","","J. Informasi dan Komunikasi","Gmaps"],
    ["22840","Agung Service Handphone","Jl. Balai Desa No.102B","prelist","MEDAN POLONIA","POLONIA","LINGKUNGAN 8","","","J. Informasi dan Komunikasi","Gmaps"],
    ["22841","SERVICE HP 212","Sari Rejo, Kec. Medan Polonia, Kota Medan, Sumatera Utara 20158","prelist","MEDAN POLONIA","SARI REJO","LINGKUNGAN 9","","","J. Informasi dan Komunikasi","Gmaps"],
    ["22842","Pisces cell","Jl. Mongonsidi No.42","prelist","MEDAN POLONIA","ANGGRUNG","LINGKUNGAN 5","","","J. Informasi dan Komunikasi","Gmaps"],
    ["22843","RADIO KISS FM MEDAN","Jl. Cut Nyak Dien No.16","prelist","MEDAN POLONIA","MADRAS HULU","LINGKUNGAN 8","","","J. Informasi dan Komunikasi","Gmaps"],
    ["22844","Fedia Creative | Social Media Agency Indonesia","Komplek Cbd","prelist","MEDAN POLONIA","SUKA DAMAI","LINGKUNGAN 5","","","R. Kesenian, Hiburan dan Rekreasi","Gmaps"],
    ["22845","Kimit Production","Gg. Pipa Tengah","prelist","MEDAN POLONIA","SARI REJO","LINGKUNGAN 6","","","R. Kesenian, Hiburan dan Rekreasi","Gmaps"],
    ["22846","Kursus Menjahit Monalisa","Jl. Jenggala No.27","prelist","MEDAN POLONIA","MADRAS HULU","LINGKUNGAN 2","","","P. Pendidikan","Gmaps"],
    ["22847","roma kusuk dan mawar salon","Jl. Karya Bakti No.1 No. 25","prelist","MEDAN POLONIA","SARI REJO","LINGKUNGAN 1","","0813-6124-6232","P. Pendidikan","Gmaps"],
    ["22848","Lotus Enrichment Center","Kompleks","prelist","MEDAN POLONIA","SUKA DAMAI","LINGKUNGAN 4","","","P. Pendidikan","Gmaps"],
    ["22849","Innovam Indonesia","Jl Padang Golf komp CBD Polonia block DD7, Suka Damai, Kec. Medan Polonia, Kota Medan, Sumatera Utara 20157","prelist","MEDAN POLONIA","SUKA DAMAI","LINGKUNGAN 5","","","P. Pendidikan","Gmaps"],
    ["22850","Cellpower Indonesia","Jl. Sma 2","prelist","MEDAN POLONIA","SARI REJO","LINGKUNGAN 6","","","P. Pendidikan","Gmaps"],
    ["22851","SINERGIE PRO COLLEGE & COURSE (BIMBEL CPNS,SEKOLAH KEDINASAN, PSIKOTEST TNI/POLRI)","Jl. Padang Golf Jl. Komp. Cbd Polonia No.E 40","prelist","MEDAN POLONIA","SUKA DAMAI","LINGKUNGAN 5","","","P. Pendidikan","Gmaps"],
    ["22852","Kursus Bahasa Jerman ich liebe Deutsch","Komplek Flamingo No.I","prelist","MEDAN POLONIA","SUKA DAMAI","LINGKUNGAN 6","","","P. Pendidikan","Gmaps"],
    ["22853","NewStep Tuition CBD Polonia - Les Bimbel SD SMP SMA Medan","Jl. Komp. Cbd Polonia Blk. E No.89","prelist","MEDAN POLONIA","SUKA DAMAI","LINGKUNGAN 5","","","P. Pendidikan","Gmaps"],
    ["22854","Rumah Budaya Asia Medan","Jl. Komp. Cbd Polonia No.39 Blk. E37","prelist","MEDAN POLONIA","SUKA DAMAI","LINGKUNGAN 5","","","P. Pendidikan","Gmaps"],
    ["22855","Essential","Jl. Mawar","prelist","MEDAN POLONIA","SARI REJO","LINGKUNGAN 4","","","P. Pendidikan","Gmaps"],
    ["22856","OAKLEARN CENTER Language School (English & Mandarin)","Jl. R.A. Kartini No.29","prelist","MEDAN POLONIA","MADRAS HULU","LINGKUNGAN 7","","","P. Pendidikan","Gmaps"],
    ["22857","Eon Tech","Jl. Komodor Muda Adi Sucipto Ruko No.D7","prelist","MEDAN POLONIA","SUKA DAMAI","LINGKUNGAN 3","","","J. Informasi dan Komunikasi","Gmaps"],
    ["22858","Jasa Service Laptop Medan","Jl. Bahagia Gg. Rukun No.167","prelist","MEDAN POLONIA","POLONIA","LINGKUNGAN 11","","","J. Informasi dan Komunikasi","Gmaps"],
    ["22859","9computer/StarbanService","Jl. Starban No.18","prelist","MEDAN POLONIA","POLONIA","LINGKUNGAN 13","","","J. Informasi dan Komunikasi","Gmaps"],
    ["22860","Mess Bank Mandiri Medan","Jl. Dr. Cipto No.07","prelist","MEDAN POLONIA","ANGGRUNG","LINGKUNGAN 4","","","K. Aktivitas Keuangan Dan Asuransi","Gmaps"],
    ["22861","Bank Danamon Diponegoro Medan","Madras Hulu, Kec. Medan Polonia, Kota Medan, Sumatera Utara","prelist","MEDAN POLONIA","MADRAS HULU","LINGKUNGAN 8","","","K. Aktivitas Keuangan Dan Asuransi","Gmaps"],
    ["22862","Miah Rias Pengantin","Gg. Sawit","prelist","MEDAN POLONIA","SARI REJO","LINGKUNGAN 6","","0852-9779-9498","N. Jasa Persewaan, Ketenagakerjaan, Agen Perjalanan, dan Jasa Pendukung ","Gmaps"],
    ["22863","Ubiklan Medan","Jl. Komp. Cbd Polonia Blk. A No.:69","prelist","MEDAN POLONIA","SUKA DAMAI","LINGKUNGAN 5","","","J. Informasi dan Komunikasi","Gmaps"],
    ["22864","CV. Rajawali Medan","Jl. A.H. Nasution Gg. Mejuahjuah No. 2 Kel","prelist","MEDAN POLONIA","SARI REJO","LINGKUNGAN 2","","","J. Informasi dan Komunikasi","Gmaps"],
    ["22865","Google ADS Medan","Jl. Komp. Cbd Polonia Blk. E","prelist","MEDAN POLONIA","SUKA DAMAI","LINGKUNGAN 5","","0853-7222-2861","J. Informasi dan Komunikasi","Gmaps"],
    ["22866","Digital Marketing Learning Center | Belajar Digital Ads Marketing Meta, Tiktok & Google Ads","Jl. Teuku Cik Ditiro No.70","prelist","MEDAN POLONIA","MADRAS HULU","LINGKUNGAN 6","","","J. Informasi dan Komunikasi","Gmaps"],
    ["22867","Ridho rafa","Gg. Landasan Ujung","prelist","MEDAN POLONIA","SARI REJO","LINGKUNGAN 1","","","J. Informasi dan Komunikasi","Gmaps"],
    ["22868","Karjok Camp","Jl. Melati No.46B","prelist","MEDAN POLONIA","SARI REJO","LINGKUNGAN 5","","","J. Informasi dan Komunikasi","Gmaps"],
    ["22869","BUMI22","Jl. Pantai Malibu Indah","prelist","MEDAN POLONIA","SUKA DAMAI","LINGKUNGAN 1","","0821-8927-3288","J. Informasi dan Komunikasi","Gmaps"],
    ["22870","iCafe Medan Cikditiro","Jl. Teuku Cik Ditiro No.128","prelist","MEDAN POLONIA","MADRAS HULU","LINGKUNGAN 7","","","J. Informasi dan Komunikasi","Gmaps"],
    ["22871","Duta - Net","Jl. Teuku Cik Ditiro No.11","prelist","MEDAN POLONIA","MADRAS HULU","LINGKUNGAN 3","","","J. Informasi dan Komunikasi","Gmaps"],
    ["22872","Noblenation","Unnamed Road, Suka Damai, Medan Polonia, Medan City, North Sumatra 20219","prelist","MEDAN POLONIA","SUKA DAMAI","LINGKUNGAN 5","","","J. Informasi dan Komunikasi","Gmaps"],
    ["22873","Graha Bank Danamon","Jl. Pangeran Diponegoro No.35","prelist","MEDAN POLONIA","MADRAS HULU","LINGKUNGAN 8","","","K. Aktivitas Keuangan Dan Asuransi","Gmaps"],
    ["22874","Bank UOB KCP Medan Djuanda","Jl. Ir. H. Juanda No.20I","prelist","MEDAN POLONIA","SUKA DAMAI","LINGKUNGAN 5","","","K. Aktivitas Keuangan Dan Asuransi","Gmaps"],
    ["22875","Bank Victoria","Jl. Kh. Zainul Arifin No.53 C","prelist","MEDAN POLONIA","MADRAS HULU","LINGKUNGAN 9","","","K. Aktivitas Keuangan Dan Asuransi","Gmaps"],
    ["22876","ATM Bank Danamon Diponegoro 1 Medan","Jl. Pangeran Diponegoro No.35","prelist","MEDAN POLONIA","MADRAS HULU","LINGKUNGAN 8","","","K. Aktivitas Keuangan Dan Asuransi","Gmaps"],
    ["22877","DBS Medan Imam Bonjol","Jl. Imam Bonjol No.26 A","prelist","MEDAN POLONIA","MADRAS HULU","LINGKUNGAN 9","","","K. Aktivitas Keuangan Dan Asuransi","Gmaps"],
    ["22878","Bank Woori Saudara","Madras Hulu, Kec. Medan Polonia, Kota Medan, Sumatera Utara","prelist","MEDAN POLONIA","MADRAS HULU","LINGKUNGAN 9","","","K. Aktivitas Keuangan Dan Asuransi","Gmaps"],
    ["22879","CIMB NIAGA","Jl. Jenderal Sudirman","prelist","MEDAN POLONIA","MADRAS HULU","LINGKUNGAN 8","","","K. Aktivitas Keuangan Dan Asuransi","Gmaps"],
    ["22880","ATM Bank Sumut Cabang Utama","Hub, Madras Hulu, Kec. Medan Polonia, Kota Medan, Sumatera Utara 20212","prelist","MEDAN POLONIA","MADRAS HULU","LINGKUNGAN 9","","","K. Aktivitas Keuangan Dan Asuransi","Gmaps"],
    ["22881","Bank BRI","Jl. Hang Tuah No.8","prelist","MEDAN POLONIA","MADRAS HULU","LINGKUNGAN 7","","","K. Aktivitas Keuangan Dan Asuransi","Gmaps"],
    ["22882","PT.KKM II","Gg. Rotan","prelist","MEDAN POLONIA","POLONIA","LINGKUNGAN 10","","","K. Aktivitas Keuangan Dan Asuransi","Gmaps"],
    ["22883","BCA KCP Juanda Medan","Jl. Ir. H. Juanda No.28","prelist","MEDAN POLONIA","SUKA DAMAI","LINGKUNGAN 4","","","K. Aktivitas Keuangan Dan Asuransi","Gmaps"],
    ["22884","Bank BTN Kantor Cabang Syariah Medan","Jl. Pangeran Diponegoro No.34","prelist","MEDAN POLONIA","MADRAS HULU","LINGKUNGAN 7","","","K. Aktivitas Keuangan Dan Asuransi","Gmaps"],
    ["22885","Hana Bank Sudirman","Jl. Pangeran Diponegoro No.47","prelist","MEDAN POLONIA","MADRAS HULU","LINGKUNGAN 8","","","K. Aktivitas Keuangan Dan Asuransi","Gmaps"],
    ["22886","Maybank Diponegoro Medan","Jl. Pangeran Diponegoro No.18","prelist","MEDAN POLONIA","MADRAS HULU","LINGKUNGAN 9","","","K. Aktivitas Keuangan Dan Asuransi","Gmaps"],
    ["22887","Bank MAS KC Diponegoro Medan","Jl. Pangeran Diponegoro No.23","prelist","MEDAN POLONIA","MADRAS HULU","LINGKUNGAN 9","","","K. Aktivitas Keuangan Dan Asuransi","Gmaps"],
    ["22888","Generali Indonesia - Team 10 Medan","Jl. Padang Golf","prelist","MEDAN POLONIA","SUKA DAMAI","LINGKUNGAN 5","","","K. Aktivitas Keuangan Dan Asuransi","Gmaps"],
    ["22889","Asuransi Recapital","Jl. Pangeran Diponegoro No.47","prelist","MEDAN POLONIA","MADRAS HULU","LINGKUNGAN 8","","","K. Aktivitas Keuangan Dan Asuransi","Gmaps"],
    ["22890","PT Zurich Asuransi Indonesia, Tbk cabang Medan (Official Google Account)","Jl. Pangeran Diponegoro No.35 Lt.9","prelist","MEDAN POLONIA","MADRAS HULU","LINGKUNGAN 8","","","K. Aktivitas Keuangan Dan Asuransi","Gmaps"],
    ["22891","Asuransi Bangun Askrida. PT","Jl. Imam Bonjol No.18","prelist","MEDAN POLONIA","MADRAS HULU","LINGKUNGAN 8","","(061) 4153770","K. Aktivitas Keuangan Dan Asuransi","Gmaps"],
    ["22892","Kantor Pemasaran Mandiri FWD Insurance Medan Polonia","Suka Damai, Kec. Medan Polonia, Kota Medan, Sumatera Utara 20219","prelist","MEDAN POLONIA","SUKA DAMAI","LINGKUNGAN 5","","","K. Aktivitas Keuangan Dan Asuransi","Gmaps"],
    ["22893","Asuransi QBE Pool Indonesia. PT - Medan","JL Kolonel Sugiono 14 D-E, Madras Hulu, Medan Polonia, Medan City, North Sumatra 20151","prelist","MEDAN POLONIA","MADRAS HULU","LINGKUNGAN 7","","","K. Aktivitas Keuangan Dan Asuransi","Gmaps"],
    ["22894","DANAMON SYARIAH MEDAN DIPONEGORO","Jl. Pangeran Diponegoro No.35","prelist","MEDAN POLONIA","MADRAS HULU","LINGKUNGAN 8","","","K. Aktivitas Keuangan Dan Asuransi","Gmaps"],
    ["22895","ATM DANAMON MEDAN DIPONEGORO","Jl. Diponegoro Dalam No.35","prelist","MEDAN POLONIA","MADRAS HULU","LINGKUNGAN 9","","","K. Aktivitas Keuangan Dan Asuransi","Gmaps"],
    ["22896","The Hongkong and Shanghai Banking Corporation Limited - Sun Plaza","Jl. H Jl. Kh. Zainul Arifin No.7","prelist","MEDAN POLONIA","MADRAS HULU","LINGKUNGAN 9","","","K. Aktivitas Keuangan Dan Asuransi","Gmaps"],
    ["22897","BNI KK PLN UIP RING SUM-I","Jl. Dr. Cipto No.12","prelist","MEDAN POLONIA","ANGGRUNG","LINGKUNGAN 1","","","K. Aktivitas Keuangan Dan Asuransi","Gmaps"],
    ["22898","sinaya btpn","Jl. Kh. Zainul Arifin","prelist","MEDAN POLONIA","MADRAS HULU","LINGKUNGAN 9","","","K. Aktivitas Keuangan Dan Asuransi","Gmaps"],
    ["22899","Bank Mega Syariah Unit M2S - KCP. Asahan Kisaran","Jl. Teuku Umar No.16 A","prelist","MEDAN POLONIA","MADRAS HULU","LINGKUNGAN 5","","(0623) 44587","K. Aktivitas Keuangan Dan Asuransi","Gmaps"],
    ["22900","ATM Bank Danamon Diponegoro 3 Medan","Jl. Pangeran Diponegoro No.35","prelist","MEDAN POLONIA","MADRAS HULU","LINGKUNGAN 8","","","K. Aktivitas Keuangan Dan Asuransi","Gmaps"],
    ["22901","ATM Bank Danamon Cut Mutia Berastagi","Jl. Cut Mutia No.1","prelist","MEDAN POLONIA","MADRAS HULU","LINGKUNGAN 10","","","K. Aktivitas Keuangan Dan Asuransi","Gmaps"],
    ["22902","Bank Of India Indonesia","Jl. Kh. Zainul Arifin","prelist","MEDAN POLONIA","MADRAS HULU","LINGKUNGAN 9","","","K. Aktivitas Keuangan Dan Asuransi","Gmaps"],
    ["22903","Permata Bank KC Zainul Arifin Medan","Jl. Kh. Zainul Arifin No.49-51","prelist","MEDAN POLONIA","MADRAS HULU","LINGKUNGAN 9","","","K. Aktivitas Keuangan Dan Asuransi","Gmaps"],
    ["22904","SHM TELUR (DISTRIBUTOR TELUR)","Jl. Cinta Karya No.65 A","prelist","MEDAN POLONIA","SARI REJO","LINGKUNGAN 1","","","G. Perdagangan Besar dan Eceran, Reparasi Mobil dan Sepeda Motor","Gmaps"],
    ["22905","Kebuli Abuya Medan 1","Jl. Mongonsidi No.82","prelist","MEDAN POLONIA","ANGGRUNG","LINGKUNGAN 8","","","G. Perdagangan Besar dan Eceran, Reparasi Mobil dan Sepeda Motor","Gmaps"],
    ["22906","DISTRIBUTOR GROSIR MINYAK/GULA/BERAS/GAS MEDAN","Jl. Teuku Cik Ditiro","prelist","MEDAN POLONIA","MADRAS HULU","LINGKUNGAN 6","","0877-6801-0314","G. Perdagangan Besar dan Eceran, Reparasi Mobil dan Sepeda Motor","Gmaps"],
    ["22907","Pegadaian UPC Zainul Arifin","Jl. Kh. Zainul Arifin No.111/125","prelist","MEDAN POLONIA","MADRAS HULU","LINGKUNGAN 1","","","K. Aktivitas Keuangan Dan Asuransi","Gmaps"],
    ["22908","ShowCard Provider - Prof Dr Boloni","Jl. Mongonsidi Ii No.11","prelist","MEDAN POLONIA","ANGGRUNG","LINGKUNGAN 6","","(061) 4512687","K. Aktivitas Keuangan Dan Asuransi","Gmaps"],
    ["22909","D'Primer Agency","Suka Damai, Kec. Medan Polonia, Kota Medan, Sumatera Utara 20219","prelist","MEDAN POLONIA","SUKA DAMAI","LINGKUNGAN 5","","","K. Aktivitas Keuangan Dan Asuransi","Gmaps"],
    ["22910","Hanwha Life Sales Office","Jl. Pangeran Diponegoro No.36A","prelist","MEDAN POLONIA","MADRAS HULU","LINGKUNGAN 7","","","K. Aktivitas Keuangan Dan Asuransi","Gmaps"],
    ["22911","Panin Life. PT","Jl. Jenderal Sudirman No.24/36","prelist","MEDAN POLONIA","MADRAS HULU","LINGKUNGAN 8","","","K. Aktivitas Keuangan Dan Asuransi","Gmaps"],
    ["22912","Generali - Premier Providence Medan","Jl. Ir. H. Juanda No.16","prelist","MEDAN POLONIA","SUKA DAMAI","LINGKUNGAN 5","","","K. Aktivitas Keuangan Dan Asuransi","Gmaps"],
    ["22913","Asuransi Karyamas Sentralindo, PT.","Madras Hulu, Kec. Medan Polonia, Kota Medan, Sumatera Utara 20212","prelist","MEDAN POLONIA","MADRAS HULU","LINGKUNGAN 8","","(061) 4146339","K. Aktivitas Keuangan Dan Asuransi","Gmaps"],
    ["22914","AXA Mandiri Insurance","Jl. A. Rivai No.15","prelist","MEDAN POLONIA","MADRAS HULU","LINGKUNGAN 8","","(0624) 92411","K. Aktivitas Keuangan Dan Asuransi","Gmaps"],
    ["22915","Japenansi Nusantara. PT","Wisma HSBC, 4th Floor, JL P. Diponegoro No. 11, Medan, 20152, Madras Hulu, Medan Polonia, Medan City, North Sumatra 20151","prelist","MEDAN POLONIA","MADRAS HULU","LINGKUNGAN 9","","","K. Aktivitas Keuangan Dan Asuransi","Gmaps"],
    ["22916","kresnalife","Jl. Diponegoro No.36","prelist","MEDAN POLONIA","MADRAS HULU","LINGKUNGAN 9","","(061) 4523600","K. Aktivitas Keuangan Dan Asuransi","Gmaps"],
    ["22917","Asis Overseas Study Services","Jl. Teuku Cik Ditiro No.8-I","prelist","MEDAN POLONIA","MADRAS HULU","LINGKUNGAN 6","","","H. Transportasi dan Pergudangan","Gmaps"],
    ["22918","Frenz Maritime Agencies","Jl. Diponegoro Dalam No.18 6Th Floor Unit 602","prelist","MEDAN POLONIA","MADRAS HULU","LINGKUNGAN 9","","","H. Transportasi dan Pergudangan","Gmaps"],
    ["22919","Evergreen Marine. PT - Medan","Jl. Pangeran Diponegoro","prelist","MEDAN POLONIA","MADRAS HULU","LINGKUNGAN 9","","","H. Transportasi dan Pergudangan","Gmaps"],
    ["22920","Natabhayu. PT","Jl. Imam Bonjol No.36","prelist","MEDAN POLONIA","MADRAS HULU","LINGKUNGAN 8","","(061) 518583","H. Transportasi dan Pergudangan","Gmaps"],
    ["22921","Sewa Mobil Medan","Jl. Mongonsidi No.75","prelist","MEDAN POLONIA","ANGGRUNG","LINGKUNGAN 8","","0812-6007-8666","N. Jasa Persewaan, Ketenagakerjaan, Agen Perjalanan, dan Jasa Pendukung ","Gmaps"],
    ["22922","Bus Stop JL.Imam Bonjol","Jl.Imam Bonjol","prelist","MEDAN POLONIA","SUKA DAMAI","LINGKUNGAN 5","","","H. Transportasi dan Pergudangan","Gmaps"],
    ["22923","ANZ Bank","Madras Hulu, Kec. Medan Polonia, Kota Medan, Sumatera Utara","prelist","MEDAN POLONIA","MADRAS HULU","LINGKUNGAN 9","","","H. Transportasi dan Pergudangan","Gmaps"],
    ["22924","Bus Stop JL.K.H.Zainul Arifin","Jl. Kh. Zainul Arifin","prelist","MEDAN POLONIA","MADRAS HULU","LINGKUNGAN 1","","","H. Transportasi dan Pergudangan","Gmaps"],
    ["22925","PT. Pulau Mahoni","No. 7","prelist","MEDAN POLONIA","MADRAS HULU","LINGKUNGAN 9","","","I. Penyediaan Akomodasi dan Makan Minum","Gmaps"],
    ["22926","Agen telur mas jama'ah(MJ)","Jl. Mawar Jl. Karang Sari","prelist","MEDAN POLONIA","SARI REJO","LINGKUNGAN 5","","0823-7081-2049","G. Perdagangan Besar dan Eceran, Reparasi Mobil dan Sepeda Motor","Gmaps"],
    ["22927","Lontong terenak didunia CBD Polonia","Jl. Padang Golf No.23","prelist","MEDAN POLONIA","SUKA DAMAI","LINGKUNGAN 5","","","G. Perdagangan Besar dan Eceran, Reparasi Mobil dan Sepeda Motor","Gmaps"],
    ["22928","Roti Cane dan Martabak Telur","Jl. Mawar No:25D Kr Sari","prelist","MEDAN POLONIA","SARI REJO","LINGKUNGAN 4","","","G. Perdagangan Besar dan Eceran, Reparasi Mobil dan Sepeda Motor","Gmaps"],
    ["22929","Buttery21 (TBK)","Jalan Padang Golf Komplek","prelist","MEDAN POLONIA","SUKA DAMAI","LINGKUNGAN 5","","","G. Perdagangan Besar dan Eceran, Reparasi Mobil dan Sepeda Motor","Gmaps"],
    ["22930","Buk ikcen","Jl. Malibu Permai Raya No.36F","prelist","MEDAN POLONIA","SUKA DAMAI","LINGKUNGAN 1","","","G. Perdagangan Besar dan Eceran, Reparasi Mobil dan Sepeda Motor","Gmaps"],
    ["22931","TIS telur medan","Jl. Karya Utama No.18","prelist","MEDAN POLONIA","POLONIA","LINGKUNGAN 5","","","G. Perdagangan Besar dan Eceran, Reparasi Mobil dan Sepeda Motor","Gmaps"],
    ["22932","CBD Studio3 next to Sun Plaza Real City Center!","Medan, Indonesia","prelist","MEDAN POLONIA","MADRAS HULU","LINGKUNGAN 5","","","I. Penyediaan Akomodasi dan Makan Minum","Gmaps"],
    ["22933","CBD Studio2 at Next to Sun Plaza Mall!","Medan, Indonesia","prelist","MEDAN POLONIA","MADRAS HULU","LINGKUNGAN 5","","","I. Penyediaan Akomodasi dan Makan Minum","Gmaps"],
    ["22934","Mimi","Jl. Mongonsidi Ii No.29","prelist","MEDAN POLONIA","ANGGRUNG","LINGKUNGAN 6","","0812-6544-182","I. Penyediaan Akomodasi dan Makan Minum","Gmaps"],
    ["22935","Kos-kosan Samsidar","Jl. Karya Dharma No.33","prelist","MEDAN POLONIA","POLONIA","LINGKUNGAN 4","","0812-6592-472","I. Penyediaan Akomodasi dan Makan Minum","Gmaps"],
    ["22936","Aradenus kost","Jl. Karya Bakti Ii Gg. Bakti","prelist","MEDAN POLONIA","SARI REJO","LINGKUNGAN 7","","0853-5804-0468","I. Penyediaan Akomodasi dan Makan Minum","Gmaps"],
    ["22937","Kost KFC Walkot","Anggrung, Kec. Medan Polonia, Kota Medan, Sumatera Utara 20152","prelist","MEDAN POLONIA","ANGGRUNG","LINGKUNGAN 4","","0822-9440-7443","I. Penyediaan Akomodasi dan Makan Minum","Gmaps"],
    ["22938","RENI KOST","Madras Hulu, Kec. Medan Polonia, Kota Medan, Sumatera Utara 20153","prelist","MEDAN POLONIA","MADRAS HULU","LINGKUNGAN 4","","","I. Penyediaan Akomodasi dan Makan Minum","Gmaps"],
    ["22939","Homer Residence","Jl. Polonia","prelist","MEDAN POLONIA","POLONIA","LINGKUNGAN 6","","0857-6088-9115","I. Penyediaan Akomodasi dan Makan Minum","Gmaps"],
    ["22940","KOST AGUAN","Polonia, Kec. Medan Polonia, Kota Medan, Sumatera Utara 20157","prelist","MEDAN POLONIA","POLONIA","LINGKUNGAN 3","","","I. Penyediaan Akomodasi dan Makan Minum","Gmaps"],
    ["22941","SPOT ON 92236 Kediri Family Homestay","Jl. Kediri No.63","prelist","MEDAN POLONIA","MADRAS HULU","LINGKUNGAN 3","","","I. Penyediaan Akomodasi dan Makan Minum","Gmaps"],
    ["22942","closed prop - inactive","Jl. Ir. H. Juanda No.14","prelist","MEDAN POLONIA","SUKA DAMAI","LINGKUNGAN 5","","","I. Penyediaan Akomodasi dan Makan Minum","Gmaps"],
    ["22943","Dazhong Backpacker's Hostel","Jl. Muara Takus No.28","prelist","MEDAN POLONIA","MADRAS HULU","LINGKUNGAN 4","","","I. Penyediaan Akomodasi dan Makan Minum","Gmaps"],
    ["22944","RedDoorz @ CBD Polonia Medan","Komplek Cbd Polonia Blok Dd No 86-87","prelist","MEDAN POLONIA","SUKA DAMAI","LINGKUNGAN 5","","","I. Penyediaan Akomodasi dan Makan Minum","Gmaps"],
    ["22945","Kantor Pos Medan Polonia","Jl. Sudirman No.14","prelist","MEDAN POLONIA","MADRAS HULU","LINGKUNGAN 8","","","G. Perdagangan Besar dan Eceran, Reparasi Mobil dan Sepeda Motor","Gmaps"],
    ["22946","GUDANG MEDAN","Jl. Komp. Cbd Polonia No.95 Blok C94","prelist","MEDAN POLONIA","SUKA DAMAI","LINGKUNGAN 3","","","H. Transportasi dan Pergudangan","Gmaps"],
    ["22963","Rumah Makan Family Bagindo","Jl. Polonia No.26","prelist","MEDAN POLONIA","POLONIA","LINGKUNGAN 1","","","I. Penyediaan Akomodasi dan Makan Minum","Gmaps"],
    ["22964","Melaty Parahyangan","Jl. R.A. Kartini No.22","prelist","MEDAN POLONIA","MADRAS HULU","LINGKUNGAN 6","","","I. Penyediaan Akomodasi dan Makan Minum","Gmaps"],
    ["22965","BROS Polonia","Jl. Perhubungan Udara","prelist","MEDAN POLONIA","SUKA DAMAI","LINGKUNGAN 5","","","I. Penyediaan Akomodasi dan Makan Minum","Gmaps"],
    ["22966","Suasana Restaurant","Jl. Jenderal Sudirman No.14-18","prelist","MEDAN POLONIA","MADRAS HULU","LINGKUNGAN 8","","","I. Penyediaan Akomodasi dan Makan Minum","Gmaps"],
    ["22967","Warung Yoga","Jl. Mongonsidi No.28","prelist","MEDAN POLONIA","ANGGRUNG","LINGKUNGAN 5","","","I. Penyediaan Akomodasi dan Makan Minum","Gmaps"],
    ["22968","Ayam Bakar Wong Solo","Jl. Adi Sucipto","prelist","MEDAN POLONIA","SARI REJO","LINGKUNGAN 6","","","I. Penyediaan Akomodasi dan Makan Minum","Gmaps"],
    ["22969","Dovers cafe & lounge","Komplek Cbd","prelist","MEDAN POLONIA","SUKA DAMAI","LINGKUNGAN 5","","","I. Penyediaan Akomodasi dan Makan Minum","Gmaps"],
    ["22970","Holywoods Medan","Komplek Riverview Polonia","prelist","MEDAN POLONIA","SUKA DAMAI","LINGKUNGAN 3","","","I. Penyediaan Akomodasi dan Makan Minum","Gmaps"],
    ["22971","HH Cafe and Resto","Jalan Komodor Muda Adi Sucipto Komp. City View Blk. D No.1","prelist","MEDAN POLONIA","SUKA DAMAI","LINGKUNGAN 3","","","I. Penyediaan Akomodasi dan Makan Minum","Gmaps"],
    ["22972","Warung Nasi Ibu Sri","Jl. Polonia No.30","prelist","MEDAN POLONIA","POLONIA","LINGKUNGAN 1","","","I. Penyediaan Akomodasi dan Makan Minum","Gmaps"],
    ["22973","KoolKost @ Jalan Polonia Medan (Minimum Stay 6 Nights)","Jl. Polonia No.212","prelist","MEDAN POLONIA","POLONIA","LINGKUNGAN 6","","","I. Penyediaan Akomodasi dan Makan Minum","Gmaps"],
    ["22974","CBD Studio1 Next to Sun Plaza City Center!","Medan, Indonesia","prelist","MEDAN POLONIA","MADRAS HULU","LINGKUNGAN 5","","","I. Penyediaan Akomodasi dan Makan Minum","Gmaps"],
    ["22975","Kaleo Rendang Bistro","Jln Komodo Jl. Adi Sucipto","prelist","MEDAN POLONIA","SUKA DAMAI","LINGKUNGAN 3","","","I. Penyediaan Akomodasi dan Makan Minum","Gmaps"],
    ["22976","RM Holat dan Gulai Asam Baung Asli Sungai","Sari Rejo, Kec. Medan Polonia, Kota Medan, Sumatera Utara 20219","prelist","MEDAN POLONIA","SARI REJO","LINGKUNGAN 6","","","I. Penyediaan Akomodasi dan Makan Minum","Gmaps"],
    ["22977","Momasa","Komplek Cbd Polonia Blok Ee No. Ee90 - Ee91","prelist","MEDAN POLONIA","SUKA DAMAI","LINGKUNGAN 5","","","I. Penyediaan Akomodasi dan Makan Minum","Gmaps"],
    ["22978","Palm Beach Seafood Medan","Jl. Teuku Daud No.3","prelist","MEDAN POLONIA","MADRAS HULU","LINGKUNGAN 9","","","I. Penyediaan Akomodasi dan Makan Minum","Gmaps"],
    ["22979","PEOPLE'S PLACE CAFE Medan","Jl. R.A. Kartini No.29","prelist","MEDAN POLONIA","MADRAS HULU","LINGKUNGAN 7","","","I. Penyediaan Akomodasi dan Makan Minum","Gmaps"],
    ["22980","X.O Suki","Jl. Kh. Zainul Arifin No.7 Lt.3 No.02A","prelist","MEDAN POLONIA","MADRAS HULU","LINGKUNGAN 9","","","I. Penyediaan Akomodasi dan Makan Minum","Gmaps"],
    ["22981","Cahaya Baru","Jl. Teuku Cik Ditiro No.12/16","prelist","MEDAN POLONIA","MADRAS HULU","LINGKUNGAN 6","","","I. Penyediaan Akomodasi dan Makan Minum","Gmaps"],
    ["22982","O'Flahertys","Jl. Komodor Udara Adi Sucipto No. 8 U-V","prelist","MEDAN POLONIA","SUKA DAMAI","LINGKUNGAN 3","","","I. Penyediaan Akomodasi dan Makan Minum","Gmaps"],
    ["22983","Restoran Sedap Jemari","Jl. Padang Golf","prelist","MEDAN POLONIA","SUKA DAMAI","LINGKUNGAN 3","","","I. Penyediaan Akomodasi dan Makan Minum","Gmaps"],
    ["22984","Shaburi & Kintan Buffet","Jl. Uskup Agung No.12","prelist","MEDAN POLONIA","MADRAS HULU","LINGKUNGAN 7","","","I. Penyediaan Akomodasi dan Makan Minum","Gmaps"],
    ["22985","Meatsuka","Jl. Jenderal Sudirman No.40","prelist","MEDAN POLONIA","MADRAS HULU","LINGKUNGAN 7","","","I. Penyediaan Akomodasi dan Makan Minum","Gmaps"],
    ["22986","Mie Aceh Berkat Polonia","Jl. Polonia No.20","prelist","MEDAN POLONIA","POLONIA","LINGKUNGAN 1","","","I. Penyediaan Akomodasi dan Makan Minum","Gmaps"],
    ["22987","Izumiya Restaurant @ Mutia Garden","Jl. Cut Mutia No.26","prelist","MEDAN POLONIA","MADRAS HULU","LINGKUNGAN 9","","","I. Penyediaan Akomodasi dan Makan Minum","Gmaps"],
    ["22988","Kedai Pojok Brastagi Tiara","Jl. Cut Mutia No.22","prelist","MEDAN POLONIA","MADRAS HULU","LINGKUNGAN 10","","","I. Penyediaan Akomodasi dan Makan Minum","Gmaps"],
    ["22989","Istana Koki Restaurant & Grand Ballroom","Jl. Teuku Cik Ditiro No.110A","prelist","MEDAN POLONIA","MADRAS HULU","LINGKUNGAN 7","","","I. Penyediaan Akomodasi dan Makan Minum","Gmaps"],
    ["22990","Warung Steak Gemoy","Jl. Balai Desa No.103","prelist","MEDAN POLONIA","POLONIA","LINGKUNGAN 8","","","I. Penyediaan Akomodasi dan Makan Minum","Gmaps"],
    ["22991","Sinar Utama Mie Ayam Setiap Hari - SPBU Sudirman","Jl. Imam Bonjol No.33","prelist","MEDAN POLONIA","MADRAS HULU","LINGKUNGAN 8","","","I. Penyediaan Akomodasi dan Makan Minum","Gmaps"],
    ["22992","Kediri 21","Jl. Kediri No.21","prelist","MEDAN POLONIA","MADRAS HULU","LINGKUNGAN 3","","","I. Penyediaan Akomodasi dan Makan Minum","Gmaps"],
    ["22993","Hong Tang Healthy Dessert Sun Plaza Medan","Jl. Kh. Zainul Arifin No.7","prelist","MEDAN POLONIA","MADRAS HULU","LINGKUNGAN 9","","","I. Penyediaan Akomodasi dan Makan Minum","Gmaps"],
    ["22994","Rumah Makan Nardi","Jl. Karya Pembangunan","prelist","MEDAN POLONIA","POLONIA","LINGKUNGAN 3","","","I. Penyediaan Akomodasi dan Makan Minum","Gmaps"],
    ["22995","erlou livehouse","Jl. K. M Jl. Adi Sucipto Lantai 2","prelist","MEDAN POLONIA","SUKA DAMAI","LINGKUNGAN 3","","","I. Penyediaan Akomodasi dan Makan Minum","Gmaps"],
    ["22996","RESTORAN MINANG SEPAKAT MAKMUR","Jl. Kh. Zainul Arifin No.27 /55A","prelist","MEDAN POLONIA","MADRAS HULU","LINGKUNGAN 9","","","I. Penyediaan Akomodasi dan Makan Minum","Gmaps"],
    ["22997","Mie Jaring Nelayan Cafe Dimsum & Asian Favourite Cuisine","Jl. Kh. Zainul Arifin No.7 Lt.2","prelist","MEDAN POLONIA","MADRAS HULU","LINGKUNGAN 9","","","I. Penyediaan Akomodasi dan Makan Minum","Gmaps"],
    ["22998","Localeaf Eatery","Jl. Mustang No.7","prelist","MEDAN POLONIA","SUKA DAMAI","LINGKUNGAN 5","","","I. Penyediaan Akomodasi dan Makan Minum","Gmaps"],
    ["22999","Warung Hi Zeo","Jl. Komp. Cbd Polonia Blok Cc No. 1","prelist","MEDAN POLONIA","SUKA DAMAI","LINGKUNGAN 5","","","I. Penyediaan Akomodasi dan Makan Minum","Gmaps"],
    ["23000","Lao Lao Huo Guo - Medan","Jl. R.A. Kartini No.30","prelist","MEDAN POLONIA","MADRAS HULU","LINGKUNGAN 10","","","I. Penyediaan Akomodasi dan Makan Minum","Gmaps"],
    ["23001","Kedai Makan U&Y Barokah","Jl. Diponegoro Dalam No.20","prelist","MEDAN POLONIA","MADRAS HULU","LINGKUNGAN 9","","","I. Penyediaan Akomodasi dan Makan Minum","Gmaps"],
    ["23002","WIB - Warung Incek Budi","Jl. Kh Agus Salim","prelist","MEDAN POLONIA","MADRAS HULU","LINGKUNGAN 8","","","I. Penyediaan Akomodasi dan Makan Minum","Gmaps"],
    ["23003","Caffe Bu Sri polonia medan","Jl. Sma 2","prelist","MEDAN POLONIA","SARI REJO","LINGKUNGAN 6","","","I. Penyediaan Akomodasi dan Makan Minum","Gmaps"],
    ["23004","Chung Gi Wa, Korean BBQ","Jl. Imam Bonjol No.24 C/D","prelist","MEDAN POLONIA","MADRAS HULU","LINGKUNGAN 9","","","I. Penyediaan Akomodasi dan Makan Minum","Gmaps"],
    ["23005","Warkop Mie Aceh Hijrah Jaya","Gg. Keluarga No.48","prelist","MEDAN POLONIA","SARI REJO","LINGKUNGAN 9","","","I. Penyediaan Akomodasi dan Makan Minum","Gmaps"],
    ["23006","Mie Ayam Mas Panjang","Jl. Perhubungan Udara","prelist","MEDAN POLONIA","SUKA DAMAI","LINGKUNGAN 5","","","I. Penyediaan Akomodasi dan Makan Minum","Gmaps"],
    ["23007","Suji Suan Cai Yu & Su Er Kao Yu | Sun Plaza Medan","Jl. Kh. Zainul Arifin No.7","prelist","MEDAN POLONIA","MADRAS HULU","LINGKUNGAN 9","","","I. Penyediaan Akomodasi dan Makan Minum","Gmaps"],
    ["23008","Sempatin Mongonsidi Medan","Jl. Mongonsidi No.92/86","prelist","MEDAN POLONIA","ANGGRUNG","LINGKUNGAN 8","","","I. Penyediaan Akomodasi dan Makan Minum","Gmaps"],
    ["23009","Gyutama Udon & Pepper Rice","Polonia SkyPark Jl. Imam Bonjol No.56, Suka Damai, Kec. Medan Polonia, 20159, Kota Medan, Sumatera Utara 20212","prelist","MEDAN POLONIA","SUKA DAMAI","LINGKUNGAN 4","","","I. Penyediaan Akomodasi dan Makan Minum","Gmaps"],
    ["23010","PappaRich Cut Mutia","Jl. Cut Mutia No.15","prelist","MEDAN POLONIA","MADRAS HULU","LINGKUNGAN 10","","","I. Penyediaan Akomodasi dan Makan Minum","Gmaps"],
    ["23011","Warung Makan Bu Ayu","Jl. Adi Sucipto No.19","prelist","MEDAN POLONIA","SARI REJO","LINGKUNGAN 6","","","I. Penyediaan Akomodasi dan Makan Minum","Gmaps"],
    ["23012","Coffee Polonia","Jl. Mongonsidi No.69","prelist","MEDAN POLONIA","POLONIA","LINGKUNGAN 4","","","I. Penyediaan Akomodasi dan Makan Minum","Gmaps"],
    ["23013","Nasi goreng MOROSENENG","Jl. Polonia No.26","prelist","MEDAN POLONIA","POLONIA","LINGKUNGAN 1","","","I. Penyediaan Akomodasi dan Makan Minum","Gmaps"],
    ["23014","Mie Pangsit Ahun","Jl. Ternak No.40","prelist","MEDAN POLONIA","POLONIA","LINGKUNGAN 6","","","I. Penyediaan Akomodasi dan Makan Minum","Gmaps"],
    ["23015","Lontong Kak Lin","Jl. Teuku Cik Ditiro No.8M","prelist","MEDAN POLONIA","MADRAS HULU","LINGKUNGAN 6","","","I. Penyediaan Akomodasi dan Makan Minum","Gmaps"],
    ["23016","RM Istimewa","Jl. Teuku Umar No.26","prelist","MEDAN POLONIA","MADRAS HULU","LINGKUNGAN 5","","","I. Penyediaan Akomodasi dan Makan Minum","Gmaps"],
    ["23017","RM Khas Batak Mardongan","Jl. Jenggala No.5","prelist","MEDAN POLONIA","MADRAS HULU","LINGKUNGAN 2","","","I. Penyediaan Akomodasi dan Makan Minum","Gmaps"],
    ["23018","Mi Udang Mei Mei","Madras Hulu, Kec. Medan Polonia, Kota Medan, Sumatera Utara 20151","prelist","MEDAN POLONIA","MADRAS HULU","LINGKUNGAN 1","","","I. Penyediaan Akomodasi dan Makan Minum","Gmaps"],
    ["23019","Mie Gacoan Medan Mongonsidi","Jl. Mongonsidi No.1-11","prelist","MEDAN POLONIA","POLONIA","LINGKUNGAN 1","","","I. Penyediaan Akomodasi dan Makan Minum","Gmaps"],
    ["23020","SadarJiwo","Jl. Teuku Cik Ditiro No.36","prelist","MEDAN POLONIA","MADRAS HULU","LINGKUNGAN 6","","","I. Penyediaan Akomodasi dan Makan Minum","Gmaps"],
    ["23021","ayam penyet Kak Ani Punya","Jl. Polonia No.34-8","prelist","MEDAN POLONIA","POLONIA","LINGKUNGAN 1","","","I. Penyediaan Akomodasi dan Makan Minum","Gmaps"],
    ["23022","Warung Nasi Pak Agus - CBD Polonia","Komplek","prelist","MEDAN POLONIA","SUKA DAMAI","LINGKUNGAN 5","","","I. Penyediaan Akomodasi dan Makan Minum","Gmaps"],
    ["23023","Mie Balap Zaman Now","Jl. Padang Golf Jl. Komp. Cbd Polonia","prelist","MEDAN POLONIA","SARI REJO","LINGKUNGAN 6","","","I. Penyediaan Akomodasi dan Makan Minum","Gmaps"],
    ["23024","Warung Nasi Mbak Kenty","Jl. Mongonsidi No.74","prelist","MEDAN POLONIA","ANGGRUNG","LINGKUNGAN 8","","","I. Penyediaan Akomodasi dan Makan Minum","Gmaps"],
    ["23025","RM Aheng","Jl. Jenggala No.15","prelist","MEDAN POLONIA","MADRAS HULU","LINGKUNGAN 2","","","I. Penyediaan Akomodasi dan Makan Minum","Gmaps"],
    ["23026","MIX & MAX CAFE","Jl. Cut Mutia No.17","prelist","MEDAN POLONIA","MADRAS HULU","LINGKUNGAN 10","","","I. Penyediaan Akomodasi dan Makan Minum","Gmaps"],
    ["23027","Warung Bakso Amat","Jl. Mongonsidi No.9-17","prelist","MEDAN POLONIA","POLONIA","LINGKUNGAN 1","","","I. Penyediaan Akomodasi dan Makan Minum","Gmaps"],
    ["23028","Warung Nasi Nikica","Jl. Balai Desa","prelist","MEDAN POLONIA","POLONIA","LINGKUNGAN 9","","","I. Penyediaan Akomodasi dan Makan Minum","Gmaps"],
    ["23029","Taboma Restoran","Jl. Pagaruyung No.2","prelist","MEDAN POLONIA","MADRAS HULU","LINGKUNGAN 3","","","I. Penyediaan Akomodasi dan Makan Minum","Gmaps"],
    ["23030","BEBEK DAN IKAN PANGGANG \"LUBUK PAKAM\"","Jl. Ternak No.47A","prelist","MEDAN POLONIA","POLONIA","LINGKUNGAN 6","","","I. Penyediaan Akomodasi dan Makan Minum","Gmaps"],
    ["23031","Soto Bening Khas Medan H. Anwar Sulaiman","Jl. Teuku Cik Ditiro No.90","prelist","MEDAN POLONIA","MADRAS HULU","LINGKUNGAN 6","","","I. Penyediaan Akomodasi dan Makan Minum","Gmaps"],
    ["23032","BUBA! GRILLED BURGER","Jl. Pangeran Diponegoro No.47","prelist","MEDAN POLONIA","MADRAS HULU","LINGKUNGAN 8","","","I. Penyediaan Akomodasi dan Makan Minum","Gmaps"],
    ["23033","Sushi Mentai","Jl. Dr. Cipto No.2","prelist","MEDAN POLONIA","ANGGRUNG","LINGKUNGAN 4","","","I. Penyediaan Akomodasi dan Makan Minum","Gmaps"],
    ["23034","Restoran Zaman Now","Jl. Mongonsidi Iii No.17","prelist","MEDAN POLONIA","ANGGRUNG","LINGKUNGAN 7","","","I. Penyediaan Akomodasi dan Makan Minum","Gmaps"],
    ["23035","Bakso Mas Rahmat","Jl. Polonia No.12","prelist","MEDAN POLONIA","POLONIA","LINGKUNGAN 1","","","I. Penyediaan Akomodasi dan Makan Minum","Gmaps"],
    ["23036","Restaurant chuanxiang hotoo","Jl. Kh. Zainul Arifin","prelist","MEDAN POLONIA","MADRAS HULU","LINGKUNGAN 6","","","I. Penyediaan Akomodasi dan Makan Minum","Gmaps"],
    ["23037","R2 Cafe Jl. Balai Desa Polonia","Jl. Balai Desa","prelist","MEDAN POLONIA","POLONIA","LINGKUNGAN 8","","","I. Penyediaan Akomodasi dan Makan Minum","Gmaps"],
    ["23038","McDonald’s","Jl. Mongonsidi No.6","prelist","MEDAN POLONIA","ANGGRUNG","LINGKUNGAN 4","","","I. Penyediaan Akomodasi dan Makan Minum","Gmaps"],
    ["23039","Rumah makan Enak","Jl. Mongonsidi No.76","prelist","MEDAN POLONIA","ANGGRUNG","LINGKUNGAN 4","","","I. Penyediaan Akomodasi dan Makan Minum","Gmaps"],
    ["23040","D'Indian food (?????? ????)","Jl. Jenggala No.31","prelist","MEDAN POLONIA","MADRAS HULU","LINGKUNGAN 2","","","I. Penyediaan Akomodasi dan Makan Minum","Gmaps"],
    ["23041","Bakso & Miesop methodist","Jl. Hang Tuah No.17","prelist","MEDAN POLONIA","MADRAS HULU","LINGKUNGAN 7","","","I. Penyediaan Akomodasi dan Makan Minum","Gmaps"],
    ["23042","Ayam .french chiken","Jl. Padang Golf","prelist","MEDAN POLONIA","SARI REJO","LINGKUNGAN 6","","","I. Penyediaan Akomodasi dan Makan Minum","Gmaps"],
    ["23043","Warung kak iyem","Gg. Mesra No.8","prelist","MEDAN POLONIA","POLONIA","LINGKUNGAN 8","","","I. Penyediaan Akomodasi dan Makan Minum","Gmaps"],
    ["23044","Dapur Kuliner Mas Halim","Jl. Ternak No 32","prelist","MEDAN POLONIA","POLONIA","LINGKUNGAN 6","","","I. Penyediaan Akomodasi dan Makan Minum","Gmaps"],
    ["23045","Kedai Buk Ning","Gg. A","prelist","MEDAN POLONIA","POLONIA","LINGKUNGAN 1","","","I. Penyediaan Akomodasi dan Makan Minum","Gmaps"],
    ["23046","Mie Balap Gobe Medan Polonia","Gg. Imam No.236","prelist","MEDAN POLONIA","POLONIA","LINGKUNGAN 9","","","I. Penyediaan Akomodasi dan Makan Minum","Gmaps"],
    ["23047","RamenYA! Sun Plaza Medan","Jl. Kh. Zainul Arifin","prelist","MEDAN POLONIA","MADRAS HULU","LINGKUNGAN 9","","","I. Penyediaan Akomodasi dan Makan Minum","Gmaps"],
    ["23048","Fountain","Jl. Kh. Zainul Arifin No.7 C-01","prelist","MEDAN POLONIA","MADRAS HULU","LINGKUNGAN 9","","","I. Penyediaan Akomodasi dan Makan Minum","Gmaps"],
    ["23049","RUMAH MAKAN GADIH MINANG","Jl. Teratai","prelist","MEDAN POLONIA","SARI REJO","LINGKUNGAN 5","","","I. Penyediaan Akomodasi dan Makan Minum","Gmaps"],
    ["23050","Chef Kuliner","Jl. Mongonsidi No.64","prelist","MEDAN POLONIA","ANGGRUNG","LINGKUNGAN 5","","","I. Penyediaan Akomodasi dan Makan Minum","Gmaps"],
    ["23051","RM. RINDYANI","Jln Mawar Sari Rejo","prelist","MEDAN POLONIA","SARI REJO","LINGKUNGAN 4","","","I. Penyediaan Akomodasi dan Makan Minum","Gmaps"],
    ["23052","Dapur laris Baihaqi","Gg. Garuda No.78","prelist","MEDAN POLONIA","POLONIA","LINGKUNGAN 12","","","I. Penyediaan Akomodasi dan Makan Minum","Gmaps"],
    ["23053","KETOPRAK JAKARTA","Jl. Mawar Siti Rejo","prelist","MEDAN POLONIA","SARI REJO","LINGKUNGAN 4","","","I. Penyediaan Akomodasi dan Makan Minum","Gmaps"],
    ["23054","Resto Puja Lakhsmi","Jalan Monginsidi 4 No. 6","prelist","MEDAN POLONIA","ANGGRUNG","LINGKUNGAN 7","","","I. Penyediaan Akomodasi dan Makan Minum","Gmaps"],
    ["23055","Resto saji sukarasa","Sari Rejo, Kec. Medan Polonia, Kota Medan, Sumatera Utara 20158","prelist","MEDAN POLONIA","SARI REJO","LINGKUNGAN 5","","","I. Penyediaan Akomodasi dan Makan Minum","Gmaps"],
    ["23056","Pangeran coffee","Jl. Sma 2 No.16","prelist","MEDAN POLONIA","SARI REJO","LINGKUNGAN 6","","","I. Penyediaan Akomodasi dan Makan Minum","Gmaps"],
    ["23057","Sate chaniago","Jl. Karya Bakti Ii","prelist","MEDAN POLONIA","SARI REJO","LINGKUNGAN 1","","","I. Penyediaan Akomodasi dan Makan Minum","Gmaps"],
    ["23058","drippin.coffee - Polonia (Delivery Only)","Jl. Padang Golf No.10","prelist","MEDAN POLONIA","SUKA DAMAI","LINGKUNGAN 3","","","I. Penyediaan Akomodasi dan Makan Minum","Gmaps"],
    ["23059","Villa Polonia Riverview","Suka Damai, Kec. Medan Polonia, Kota Medan, Sumatera Utara 20215","prelist","MEDAN POLONIA","SUKA DAMAI","LINGKUNGAN 3","","","I. Penyediaan Akomodasi dan Makan Minum","Gmaps"],
    ["23060","Ayam Penyet Mas Afiz","Jl. Cinta Karya No.57","prelist","MEDAN POLONIA","SARI REJO","LINGKUNGAN 1","","","I. Penyediaan Akomodasi dan Makan Minum","Gmaps"],
    ["23061","RM.Hidup Baru","Jl. Cinta Karya No.56 B","prelist","MEDAN POLONIA","SARI REJO","LINGKUNGAN 1","","","I. Penyediaan Akomodasi dan Makan Minum","Gmaps"],
    ["23062","Nasi Goreng Cahaya Putri","Jl. Mongonsidi No.74","prelist","MEDAN POLONIA","ANGGRUNG","LINGKUNGAN 8","","","I. Penyediaan Akomodasi dan Makan Minum","Gmaps"],
    ["23063","BAKSO RUDAL","Jl. Cinta Karya No.107","prelist","MEDAN POLONIA","SARI REJO","LINGKUNGAN 8","","","I. Penyediaan Akomodasi dan Makan Minum","Gmaps"],
    ["23064","STEAK JUARA MEDAN","Jl. Cinta Karya No.67","prelist","MEDAN POLONIA","SARI REJO","LINGKUNGAN 3","","","I. Penyediaan Akomodasi dan Makan Minum","Gmaps"],
    ["23065","Rumah Makan Holat Khas Tapsel","Jl. Pipa I No.2","prelist","MEDAN POLONIA","SARI REJO","LINGKUNGAN 6","","","I. Penyediaan Akomodasi dan Makan Minum","Gmaps"],
    ["23066","PECAL JUMAR","Jl. Mawar","prelist","MEDAN POLONIA","SARI REJO","LINGKUNGAN 4","","","I. Penyediaan Akomodasi dan Makan Minum","Gmaps"],
    ["23067","WAROENG PAPATOZ","Jl. Dc. Barito Kel:","prelist","MEDAN POLONIA","SUKA DAMAI","LINGKUNGAN 1","","","I. Penyediaan Akomodasi dan Makan Minum","Gmaps"],
    ["23068","Bakso Angga","Jl. Polonia","prelist","MEDAN POLONIA","POLONIA","LINGKUNGAN 1","","","I. Penyediaan Akomodasi dan Makan Minum","Gmaps"],
    ["23069","Ayam Penyet 3 Rasa","Jl. Cinta Karya No.117","prelist","MEDAN POLONIA","SARI REJO","LINGKUNGAN 3","","","I. Penyediaan Akomodasi dan Makan Minum","Gmaps"],
    ["23070","Ayam Penyet Shanum Sambal Lamongan","Jl. Cinta Karya","prelist","MEDAN POLONIA","SARI REJO","LINGKUNGAN 1","","","I. Penyediaan Akomodasi dan Makan Minum","Gmaps"],
    ["23071","Salad Buah Fellycia","Jl. Pekong I No.37","prelist","MEDAN POLONIA","POLONIA","LINGKUNGAN 6","","","I. Penyediaan Akomodasi dan Makan Minum","Gmaps"],
    ["23072","Zest'n Pop","Jl. Polonia No.73","prelist","MEDAN POLONIA","POLONIA","LINGKUNGAN 8","","","I. Penyediaan Akomodasi dan Makan Minum","Gmaps"],
    ["23073","Rumah Makan ''Ambil Sendiri''","Jl. Cinta Karya No.73","prelist","MEDAN POLONIA","SARI REJO","LINGKUNGAN 3","","","I. Penyediaan Akomodasi dan Makan Minum","Gmaps"],
    ["23074","Ayam Penyet Prano","Jl. Mawar No.38","prelist","MEDAN POLONIA","SARI REJO","LINGKUNGAN 8","","","I. Penyediaan Akomodasi dan Makan Minum","Gmaps"],
    ["23075","Chinese Food Alan","Jl. Ternak No.79","prelist","MEDAN POLONIA","POLONIA","LINGKUNGAN 6","","","I. Penyediaan Akomodasi dan Makan Minum","Gmaps"],
    ["23076","Hermes Place Convention","Jl. Mongonsidi No.45","prelist","MEDAN POLONIA","POLONIA","LINGKUNGAN 1","","","I. Penyediaan Akomodasi dan Makan Minum","Gmaps"],
    ["23077","GC MIE & SOUP","Jl. Starban No.175","prelist","MEDAN POLONIA","POLONIA","LINGKUNGAN 7","","","I. Penyediaan Akomodasi dan Makan Minum","Gmaps"],
    ["23078","Mie Balap Seafood Kembar","Jl. Karya Sejati","prelist","MEDAN POLONIA","POLONIA","LINGKUNGAN 3","","","I. Penyediaan Akomodasi dan Makan Minum","Gmaps"],
    ["23079","Mie Sop Abu Din","Jl. Ir. H. Juanda","prelist","MEDAN POLONIA","SUKA DAMAI","LINGKUNGAN 5","","","I. Penyediaan Akomodasi dan Makan Minum","Gmaps"],
    ["23080","Lontong Medan Keluarga","Gg. Keluarga No.22 Kel","prelist","MEDAN POLONIA","SARI REJO","LINGKUNGAN 6","","","I. Penyediaan Akomodasi dan Makan Minum","Gmaps"],
    ["23081","Foodtalk","Jl. Starban No.2D","prelist","MEDAN POLONIA","POLONIA","LINGKUNGAN 7","","","I. Penyediaan Akomodasi dan Makan Minum","Gmaps"],
    ["23082","Coto Makassar Angin Mamiri","Jl. Rajawali","prelist","MEDAN POLONIA","SARI REJO","LINGKUNGAN 6","","","I. Penyediaan Akomodasi dan Makan Minum","Gmaps"],
    ["23083","Koki 44","Jl. Jenggala No.44","prelist","MEDAN POLONIA","MADRAS HULU","LINGKUNGAN 1","","","I. Penyediaan Akomodasi dan Makan Minum","Gmaps"],
    ["23084","Waroeng durian ahttar","Jl. Cinta Karya No.101","prelist","MEDAN POLONIA","SARI REJO","LINGKUNGAN 3","","","I. Penyediaan Akomodasi dan Makan Minum","Gmaps"],
    ["23085","Warung Bakso Nabila","Sari Rejo, Kec. Medan Polonia, Kota Medan, Sumatera Utara 20158","prelist","MEDAN POLONIA","SARI REJO","LINGKUNGAN 9","","","I. Penyediaan Akomodasi dan Makan Minum","Gmaps"],
    ["23086","Morangkirkentangs","Gg. Horas","prelist","MEDAN POLONIA","ANGGRUNG","LINGKUNGAN 7","","","I. Penyediaan Akomodasi dan Makan Minum","Gmaps"],
    ["23087","RUJAK ULEG POLONIA","Jl. Teratai No.57","prelist","MEDAN POLONIA","SARI REJO","LINGKUNGAN 5","","","I. Penyediaan Akomodasi dan Makan Minum","Gmaps"],
    ["23088","Warung Nasi Bakar & Ayam Bakar Zaki","Jl. Mongonsidi Gg. Baru No.2 2","prelist","MEDAN POLONIA","ANGGRUNG","LINGKUNGAN 6","","","I. Penyediaan Akomodasi dan Makan Minum","Gmaps"],
    ["23089","Bakso enak citra","Jl. Starban No.16","prelist","MEDAN POLONIA","POLONIA","LINGKUNGAN 10","","","I. Penyediaan Akomodasi dan Makan Minum","Gmaps"],
    ["23090","bakso lava dek ahttar","Jl. Karya Bakti No.9","prelist","MEDAN POLONIA","SARI REJO","LINGKUNGAN 1","","","I. Penyediaan Akomodasi dan Makan Minum","Gmaps"],
    ["23091","WARUNG MIE SOP LENA","Jl. Karya Utama No.19","prelist","MEDAN POLONIA","POLONIA","LINGKUNGAN 3","","","I. Penyediaan Akomodasi dan Makan Minum","Gmaps"],
    ["23092","Bubur ayam khas bandung kang Toto","Sari Rejo, Kec. Medan Polonia, Kota Medan, Sumatera Utara 20217","prelist","MEDAN POLONIA","SARI REJO","LINGKUNGAN 6","","","I. Penyediaan Akomodasi dan Makan Minum","Gmaps"],
    ["23093","Mie Sop Polonia Khas Blitar","Polonia, Kec. Medan Polonia, Kota Medan, Sumatera Utara 20152","prelist","MEDAN POLONIA","POLONIA","LINGKUNGAN 6","","","I. Penyediaan Akomodasi dan Makan Minum","Gmaps"],
    ["23094","karman","Jl. Cempaka Kel No.1B","prelist","MEDAN POLONIA","SARI REJO","LINGKUNGAN 4","","","I. Penyediaan Akomodasi dan Makan Minum","Gmaps"],
    ["23095","Umegashi","Komplek","prelist","MEDAN POLONIA","SUKA DAMAI","LINGKUNGAN 5","","","I. Penyediaan Akomodasi dan Makan Minum","Gmaps"],
    ["23096","Bakso Mas Bandi","Jl. Pipa I No.16","prelist","MEDAN POLONIA","SARI REJO","LINGKUNGAN 6","","","I. Penyediaan Akomodasi dan Makan Minum","Gmaps"],
    ["23097","DIMSUM DAN PANCAKE DURIAN MEDAN TWO QUEEN","Jl. Dadali No.131","prelist","MEDAN POLONIA","SARI REJO","LINGKUNGAN 6","","","I. Penyediaan Akomodasi dan Makan Minum","Gmaps"],
    ["23098","Warung kollonial","Jl. Cinta Karya No.80","prelist","MEDAN POLONIA","SARI REJO","LINGKUNGAN 3","","","I. Penyediaan Akomodasi dan Makan Minum","Gmaps"],
    ["23099","Kopi Jolo Cik di Tiro","Jl. Teuku Cik Ditiro No.53","prelist","MEDAN POLONIA","MADRAS HULU","LINGKUNGAN 7","","","I. Penyediaan Akomodasi dan Makan Minum","Gmaps"],
    ["23100","JON COFFEE POLONIA","Jl. Sam Ratulangi No.8","prelist","MEDAN POLONIA","MADRAS HULU","LINGKUNGAN 8","","","I. Penyediaan Akomodasi dan Makan Minum","Gmaps"],
    ["23101","Cafe Latansa","Jl. Mawar No.18","prelist","MEDAN POLONIA","SARI REJO","LINGKUNGAN 4","","","I. Penyediaan Akomodasi dan Makan Minum","Gmaps"],
    ["23102","Paulownia","Jl. Teuku Cik Ditiro No.110A","prelist","MEDAN POLONIA","MADRAS HULU","LINGKUNGAN 7","","","I. Penyediaan Akomodasi dan Makan Minum","Gmaps"],
    ["23103","ENJM's Cafe (Vegetarian), Medan","CBD Polonia Blok EE No.103, Sukadame, Medan Polonia, Medan City","prelist","MEDAN POLONIA","SUKA DAMAI","LINGKUNGAN 5","","","I. Penyediaan Akomodasi dan Makan Minum","Gmaps"],
    ["23104","Links Cafe","Jl. Teuku Daud No.7A","prelist","MEDAN POLONIA","MADRAS HULU","LINGKUNGAN 9","","","I. Penyediaan Akomodasi dan Makan Minum","Gmaps"],
    ["23105","Summa Coffee Bar & Roastery","Polonia riverview A-16, Suka Damai, Medan Polonia, Medan City, North Sumatra 20215","prelist","MEDAN POLONIA","SUKA DAMAI","LINGKUNGAN 3","","","I. Penyediaan Akomodasi dan Makan Minum","Gmaps"],
    ["23106","D'seasoning Cafe & Resto","Jl. Mongonsidi","prelist","MEDAN POLONIA","POLONIA","LINGKUNGAN 4","","","I. Penyediaan Akomodasi dan Makan Minum","Gmaps"],
    ["23107","In Coffee","Gg. A No.73","prelist","MEDAN POLONIA","POLONIA","LINGKUNGAN 1","","","I. Penyediaan Akomodasi dan Makan Minum","Gmaps"],
    ["23108","Mr.Tarigan Cafe","Jl. Adi Sucipto","prelist","MEDAN POLONIA","SARI REJO","LINGKUNGAN 6","","","I. Penyediaan Akomodasi dan Makan Minum","Gmaps"],
    ["23109","Sangrai coffee house","Jl. A. Rivai","prelist","MEDAN POLONIA","MADRAS HULU","LINGKUNGAN 8","","","I. Penyediaan Akomodasi dan Makan Minum","Gmaps"],
    ["23110","Monk’s Coffee Roasters","Jl. Cut Mutia No.2","prelist","MEDAN POLONIA","MADRAS HULU","LINGKUNGAN 9","","","I. Penyediaan Akomodasi dan Makan Minum","Gmaps"],
    ["23111","Junction Café","Jl. Uskup Agung No.2","prelist","MEDAN POLONIA","MADRAS HULU","LINGKUNGAN 7","","","I. Penyediaan Akomodasi dan Makan Minum","Gmaps"],
    ["23112","A3 CAFE","Jl. Cinta Karya No.67 A","prelist","MEDAN POLONIA","SARI REJO","LINGKUNGAN 3","","","I. Penyediaan Akomodasi dan Makan Minum","Gmaps"],
    ["23113","LONTONG PADANG KETUPAT GULAI","Jalan Karang Sari","prelist","MEDAN POLONIA","SARI REJO","LINGKUNGAN 1","","","I. Penyediaan Akomodasi dan Makan Minum","Gmaps"],
    ["23114","Pangestu kopi & Roastery","Jl. Kediri","prelist","MEDAN POLONIA","MADRAS HULU","LINGKUNGAN 3","","","I. Penyediaan Akomodasi dan Makan Minum","Gmaps"],
    ["23115","Cafe Dogol","Gg. Rotan","prelist","MEDAN POLONIA","POLONIA","LINGKUNGAN 10","","","I. Penyediaan Akomodasi dan Makan Minum","Gmaps"],
    ["23116","Kopi Petik, Cik Ditiro","Jl. Teuku Cik Ditiro No.19","prelist","MEDAN POLONIA","MADRAS HULU","LINGKUNGAN 4","","","I. Penyediaan Akomodasi dan Makan Minum","Gmaps"],
    ["23117","Coffee Shop Tina","Polonia, Kec. Medan Polonia, Kota Medan, Sumatera Utara 20157","prelist","MEDAN POLONIA","POLONIA","LINGKUNGAN 8","","","I. Penyediaan Akomodasi dan Makan Minum","Gmaps"],
    ["23118","MADDIN","Jl. Hang Tuah No.3A","prelist","MEDAN POLONIA","MADRAS HULU","LINGKUNGAN 7","","","I. Penyediaan Akomodasi dan Makan Minum","Gmaps"],
    ["23119","Picasso","Komplek Cbd Polonia No. 104-105 Blok Ee","prelist","MEDAN POLONIA","SUKA DAMAI","LINGKUNGAN 5","","","I. Penyediaan Akomodasi dan Makan Minum","Gmaps"],
    ["23120","Braun","Jl. Teuku Umar No.56","prelist","MEDAN POLONIA","MADRAS HULU","LINGKUNGAN 5","","","I. Penyediaan Akomodasi dan Makan Minum","Gmaps"],
    ["23121","Sabor’s cafe","Jl. Teuku Cik Ditiro No.31","prelist","MEDAN POLONIA","MADRAS HULU","LINGKUNGAN 4","","","I. Penyediaan Akomodasi dan Makan Minum","Gmaps"],
    ["23122","TOMORO COFFEE - Zainul Arifin","Jalan H Jl. Kh. Zainul Arifin No.49","prelist","MEDAN POLONIA","MADRAS HULU","LINGKUNGAN 1","","","I. Penyediaan Akomodasi dan Makan Minum","Gmaps"],
    ["23123","Kosu Teuku Umar","Jl. Teuku Umar No.59","prelist","MEDAN POLONIA","MADRAS HULU","LINGKUNGAN 5","","","I. Penyediaan Akomodasi dan Makan Minum","Gmaps"],
    ["23124","Javanta Coffee & Tea","Jl. Karya Bakti No.29-37","prelist","MEDAN POLONIA","SARI REJO","LINGKUNGAN 1","","","I. Penyediaan Akomodasi dan Makan Minum","Gmaps"],
    ["23125","Zvno Coffee & Bistro","Jl. Jenderal Sudirman No.32","prelist","MEDAN POLONIA","MADRAS HULU","LINGKUNGAN 8","","","I. Penyediaan Akomodasi dan Makan Minum","Gmaps"],
    ["23126","Distrik Kopi","Jl. Antariksa","prelist","MEDAN POLONIA","SUKA DAMAI","LINGKUNGAN 5","","","I. Penyediaan Akomodasi dan Makan Minum","Gmaps"],
    ["23127","W Ground Cafe","Jl. Komodor Muda Adi Sucipto No.A9-A10","prelist","MEDAN POLONIA","SUKA DAMAI","LINGKUNGAN 3","","","I. Penyediaan Akomodasi dan Makan Minum","Gmaps"],
    ["23128","Warkop Jurnalis","Jl. Kh Agus Salim","prelist","MEDAN POLONIA","MADRAS HULU","LINGKUNGAN 8","","","I. Penyediaan Akomodasi dan Makan Minum","Gmaps"],
    ["23129","Avocano","Jl. Mongonsidi","prelist","MEDAN POLONIA","POLONIA","LINGKUNGAN 4","","","I. Penyediaan Akomodasi dan Makan Minum","Gmaps"],
    ["23130","Tea-ko-cok arvino","Gg. Kaum","prelist","MEDAN POLONIA","POLONIA","LINGKUNGAN 3","","","I. Penyediaan Akomodasi dan Makan Minum","Gmaps"],
    ["23131","Warkop 12 Cabang Elisabeth","Jl. Balai Desa","prelist","MEDAN POLONIA","POLONIA","LINGKUNGAN 8","","","I. Penyediaan Akomodasi dan Makan Minum","Gmaps"],
    ["23132","Tika","Jl. Karya Pembangunan","prelist","MEDAN POLONIA","POLONIA","LINGKUNGAN 3","","","I. Penyediaan Akomodasi dan Makan Minum","Gmaps"],
    ["23133","Cafe Mr. Roberto","Jl. Teuku Umar No.9","prelist","MEDAN POLONIA","MADRAS HULU","LINGKUNGAN 1","","0823-9303-7100","I. Penyediaan Akomodasi dan Makan Minum","Gmaps"],
    ["23134","Verzamel Coffee","Jl. Teuku Cik Ditiro No.8N","prelist","MEDAN POLONIA","MADRAS HULU","LINGKUNGAN 6","","","I. Penyediaan Akomodasi dan Makan Minum","Gmaps"],
    ["23135","Roemah Njonja","Jl. Sam Ratulangi No.3","prelist","MEDAN POLONIA","MADRAS HULU","LINGKUNGAN 8","","","I. Penyediaan Akomodasi dan Makan Minum","Gmaps"],
    ["23136","Kopi Ruang Kosong","Jl. Teuku Cik Ditiro No.17","prelist","MEDAN POLONIA","MADRAS HULU","LINGKUNGAN 4","","","I. Penyediaan Akomodasi dan Makan Minum","Gmaps"],
    ["23137","Kopi Toast","Jl. Mongonsidi No.45 Lt. Dasar","prelist","MEDAN POLONIA","POLONIA","LINGKUNGAN 3","","","I. Penyediaan Akomodasi dan Makan Minum","Gmaps"],
    ["23138","Coffee tunnel","Jl. Adi Sucipto Jl. Sma 2 No.14","prelist","MEDAN POLONIA","SARI REJO","LINGKUNGAN 6","","","I. Penyediaan Akomodasi dan Makan Minum","Gmaps"],
    ["23139","KOME","Jl. Teuku Cik Ditiro No.8A","prelist","MEDAN POLONIA","MADRAS HULU","LINGKUNGAN 6","","","I. Penyediaan Akomodasi dan Makan Minum","Gmaps"],
    ["23140","ZSAFA KOPI","Sari Rejo, Kec. Medan Polonia, Kota Medan, Sumatera Utara 20217","prelist","MEDAN POLONIA","SARI REJO","LINGKUNGAN 6","","","I. Penyediaan Akomodasi dan Makan Minum","Gmaps"],
    ["23141","Bunthong Kopitiam","Jl. Ternak No.83 No.83","prelist","MEDAN POLONIA","POLONIA","LINGKUNGAN 7","","","I. Penyediaan Akomodasi dan Makan Minum","Gmaps"],
    ["23142","The Mayor","Jl. Walikota No.17","prelist","MEDAN POLONIA","ANGGRUNG","LINGKUNGAN 4","","","I. Penyediaan Akomodasi dan Makan Minum","Gmaps"],
    ["23143","The Xumo Brew Cafe","Jl. Teuku Cik Ditiro No.8A","prelist","MEDAN POLONIA","MADRAS HULU","LINGKUNGAN 6","","","I. Penyediaan Akomodasi dan Makan Minum","Gmaps"],
    ["23144","The Blue Cafe","Madras Hulu, Kec. Medan Polonia, Kota Medan, Sumatera Utara 20151","prelist","MEDAN POLONIA","MADRAS HULU","LINGKUNGAN 9","","","I. Penyediaan Akomodasi dan Makan Minum","Gmaps"],
    ["23145","WARUNG LULU","Polonia, Kec. Medan Polonia, Kota Medan, Sumatera Utara 20157","prelist","MEDAN POLONIA","POLONIA","LINGKUNGAN 9","","","I. Penyediaan Akomodasi dan Makan Minum","Gmaps"],
    ["23146","Fore Coffee","Jl. Kh. Zainul Arifin No.7 Lg Level","prelist","MEDAN POLONIA","MADRAS HULU","LINGKUNGAN 9","","","I. Penyediaan Akomodasi dan Makan Minum","Gmaps"],
    ["23147","Samudra Cafe","Jl. Kediri No.1","prelist","MEDAN POLONIA","MADRAS HULU","LINGKUNGAN 3","","","I. Penyediaan Akomodasi dan Makan Minum","Gmaps"],
    ["23148","A Boy Coffee","Polonia, Kec. Medan Polonia, Kota Medan, Sumatera Utara 20152","prelist","MEDAN POLONIA","POLONIA","LINGKUNGAN 2","","","I. Penyediaan Akomodasi dan Makan Minum","Gmaps"],
    ["23149","Rialytta Coffee","Jl. Teuku Cik Ditiro","prelist","MEDAN POLONIA","MADRAS HULU","LINGKUNGAN 7","","","I. Penyediaan Akomodasi dan Makan Minum","Gmaps"],
    ["23150","Warkop wsb","Jl. Karya Dharma No.35","prelist","MEDAN POLONIA","POLONIA","LINGKUNGAN 4","","","I. Penyediaan Akomodasi dan Makan Minum","Gmaps"],
    ["23151","One's Cafe","Jl. Cinta Karya No.10","prelist","MEDAN POLONIA","SARI REJO","LINGKUNGAN 7","","","I. Penyediaan Akomodasi dan Makan Minum","Gmaps"],
    ["23152","Cafe teratai","Jl. Teratai No.30","prelist","MEDAN POLONIA","SARI REJO","LINGKUNGAN 5","","","I. Penyediaan Akomodasi dan Makan Minum","Gmaps"],
    ["23153","Coffee Lounge","Jl. Jenderal Sudirman No.20","prelist","MEDAN POLONIA","MADRAS HULU","LINGKUNGAN 8","","","I. Penyediaan Akomodasi dan Makan Minum","Gmaps"],
    ["23154","Sam's Deli Indonesia","Jl. Uskup Agung No.17","prelist","MEDAN POLONIA","MADRAS HULU","LINGKUNGAN 7","","","I. Penyediaan Akomodasi dan Makan Minum","Gmaps"],
    ["23155","Rekan Tani Kopi , Medan Kopi","Jl. Cinta Karya No.27","prelist","MEDAN POLONIA","SARI REJO","LINGKUNGAN 1","","","I. Penyediaan Akomodasi dan Makan Minum","Gmaps"],
    ["23156","CAFE GAGAH4D","Indonesian Methodist University, Madras Hulu, Kec. Medan Polonia, Kota Medan, Sumatera Utara","prelist","MEDAN POLONIA","MADRAS HULU","LINGKUNGAN 7","","","I. Penyediaan Akomodasi dan Makan Minum","Gmaps"],
    ["23157","Wak Noer","Jl. Pekong I No.5","prelist","MEDAN POLONIA","POLONIA","LINGKUNGAN 6","","","I. Penyediaan Akomodasi dan Makan Minum","Gmaps"],
    ["23158","Cafe de Senorita","Jl. Teuku Cik Ditiro No.98","prelist","MEDAN POLONIA","MADRAS HULU","LINGKUNGAN 3","","","I. Penyediaan Akomodasi dan Makan Minum","Gmaps"],
    ["23159","Dimsum koe medan cafe Ke Ta","Gg. Seram No.25","prelist","MEDAN POLONIA","SARI REJO","LINGKUNGAN 1","","","I. Penyediaan Akomodasi dan Makan Minum","Gmaps"],
    ["23160","Jilid Satu","Jl. Kh. Zainul Arifin No.127","prelist","MEDAN POLONIA","MADRAS HULU","LINGKUNGAN 1","","","I. Penyediaan Akomodasi dan Makan Minum","Gmaps"],
    ["23161","Traco (Travelling Coffee) Warkop Mobil","Jl. Teuku Daud","prelist","MEDAN POLONIA","MADRAS HULU","LINGKUNGAN 9","","","I. Penyediaan Akomodasi dan Makan Minum","Gmaps"],
    ["23162","Billiard & Cafe","Jl. Kh. Zainul Arifin No.97","prelist","MEDAN POLONIA","MADRAS HULU","LINGKUNGAN 1","","","I. Penyediaan Akomodasi dan Makan Minum","Gmaps"],
    ["23163","Warung Kopi Kak Aun","Polonia, Kec. Medan Polonia, Kota Medan, Sumatera Utara 20157","prelist","MEDAN POLONIA","POLONIA","LINGKUNGAN 7","","","I. Penyediaan Akomodasi dan Makan Minum","Gmaps"],
    ["23164","Yamaoka Tea","Jl. Komp. Cbd Polonia Blk. E","prelist","MEDAN POLONIA","SUKA DAMAI","LINGKUNGAN 5","","","I. Penyediaan Akomodasi dan Makan Minum","Gmaps"],
    ["23165","Qoala Bubble and Tea","Jl. Balai Desa No.67-75","prelist","MEDAN POLONIA","POLONIA","LINGKUNGAN 9","","","I. Penyediaan Akomodasi dan Makan Minum","Gmaps"],
    ["23166","WARKOP BALDES","Jl. Balai Desa No.21","prelist","MEDAN POLONIA","POLONIA","LINGKUNGAN 9","","","I. Penyediaan Akomodasi dan Makan Minum","Gmaps"],
    ["23167","coffee yees","Jl. Urip Sumoharjo No.7","prelist","MEDAN POLONIA","ANGGRUNG","LINGKUNGAN 4","","","I. Penyediaan Akomodasi dan Makan Minum","Gmaps"],
    ["23168","Classic Cafe","Jl. Kh. Zainul Arifin No.39","prelist","MEDAN POLONIA","MADRAS HULU","LINGKUNGAN 1","","","I. Penyediaan Akomodasi dan Makan Minum","Gmaps"],
    ["23169","Cafe Ratu Princes","Jl. Cempaka Jl. Karang Sari","prelist","MEDAN POLONIA","SARI REJO","LINGKUNGAN 4","","","I. Penyediaan Akomodasi dan Makan Minum","Gmaps"],
    ["23170","Kak Wulan Cafe","Jl. Teuku Cik Ditiro","prelist","MEDAN POLONIA","MADRAS HULU","LINGKUNGAN 7","","","I. Penyediaan Akomodasi dan Makan Minum","Gmaps"],
    ["23171","Kafe Nuar","Jl. Muara Takus","prelist","MEDAN POLONIA","MADRAS HULU","LINGKUNGAN 4","","","I. Penyediaan Akomodasi dan Makan Minum","Gmaps"],
    ["23172","Kedai Kopi Sigit","Jl. Karya Pembangunan","prelist","MEDAN POLONIA","POLONIA","LINGKUNGAN 3","","","I. Penyediaan Akomodasi dan Makan Minum","Gmaps"],
    ["23173","Warung zidan","Gg. Damai","prelist","MEDAN POLONIA","SARI REJO","LINGKUNGAN 5","","","I. Penyediaan Akomodasi dan Makan Minum","Gmaps"],
    ["23174","MID Cafe","Jl. Teuku Cik Ditiro","prelist","MEDAN POLONIA","MADRAS HULU","LINGKUNGAN 6","","","I. Penyediaan Akomodasi dan Makan Minum","Gmaps"],
    ["23175","Ratu Boba Starban","Jl. Balai Desa","prelist","MEDAN POLONIA","POLONIA","LINGKUNGAN 9","","","I. Penyediaan Akomodasi dan Makan Minum","Gmaps"],
    ["23176","GODAMS BaseCamp SF (Street Fighter Godams)","Jl. Polonia No.20","prelist","MEDAN POLONIA","POLONIA","LINGKUNGAN 1","","","I. Penyediaan Akomodasi dan Makan Minum","Gmaps"],
    ["23177","BUDAYA RASA VEGETARIAN","Madras Hulu, Kec. Medan Polonia, Kota Medan, Sumatera Utara 20151","prelist","MEDAN POLONIA","MADRAS HULU","LINGKUNGAN 9","","","I. Penyediaan Akomodasi dan Makan Minum","Gmaps"],
    ["23178","Hifo Coffe & Social Bar","Jl. Perjuangan No.Iii","prelist","MEDAN POLONIA","SARI REJO","LINGKUNGAN 9","","","I. Penyediaan Akomodasi dan Makan Minum","Gmaps"],
    ["23179","Djournal Coffee Sun Plaza Mall Medan","Jl. Kh. Zainul Arifin No.7 Lantai 4","prelist","MEDAN POLONIA","MADRAS HULU","LINGKUNGAN 9","","","I. Penyediaan Akomodasi dan Makan Minum","Gmaps"],
    ["23180","D'caf ( steak & coffe )","Jl. Adi Sucipto No.8","prelist","MEDAN POLONIA","SARI REJO","LINGKUNGAN 6","","","I. Penyediaan Akomodasi dan Makan Minum","Gmaps"],
    ["23181","2WE Coffee","Jl. Karya Bakti Ii Gg. Swasta No.6","prelist","MEDAN POLONIA","SARI REJO","LINGKUNGAN 7","","","I. Penyediaan Akomodasi dan Makan Minum","Gmaps"],
    ["23182","Tamoe Coffee and Resto","Jl. R.A. Kartini No.24","prelist","MEDAN POLONIA","MADRAS HULU","LINGKUNGAN 10","","","I. Penyediaan Akomodasi dan Makan Minum","Gmaps"],
    ["23183","Saurasa coffe","Anggrung, Kec. Medan Polonia, Kota Medan, Sumatera Utara","prelist","MEDAN POLONIA","ANGGRUNG","LINGKUNGAN 4","","","I. Penyediaan Akomodasi dan Makan Minum","Gmaps"],
    ["23184","CAFE RINA","Jl. Bilal No.40A","prelist","MEDAN POLONIA","SARI REJO","LINGKUNGAN 1","","","I. Penyediaan Akomodasi dan Makan Minum","Gmaps"],
    ["23185","Coffeeshop","Jl. Imam Bonjol","prelist","MEDAN POLONIA","MADRAS HULU","LINGKUNGAN 8","","","I. Penyediaan Akomodasi dan Makan Minum","Gmaps"],
    ["23186","Dhekoffie","Madras Hulu, Kec. Medan Polonia, Kota Medan, Sumatera Utara 20212","prelist","MEDAN POLONIA","MADRAS HULU","LINGKUNGAN 9","","","I. Penyediaan Akomodasi dan Makan Minum","Gmaps"],
    ["23187","Warkop DBASECAMP","Jl. Teuku Umar No.44","prelist","MEDAN POLONIA","MADRAS HULU","LINGKUNGAN 5","","","I. Penyediaan Akomodasi dan Makan Minum","Gmaps"],
    ["23188","Cafegateball","Jl. Pipa Utama","prelist","MEDAN POLONIA","SARI REJO","LINGKUNGAN 6","","","I. Penyediaan Akomodasi dan Makan Minum","Gmaps"],
    ["23189","Passion Cafe Sun Plaza Mall","Jl. Kh. Zainul Arifin.7 Ground Floor B","prelist","MEDAN POLONIA","MADRAS HULU","LINGKUNGAN 9","","","I. Penyediaan Akomodasi dan Makan Minum","Gmaps"],
    ["23190","Arabica Coffee","Jl. Teuku Cik Ditiro","prelist","MEDAN POLONIA","MADRAS HULU","LINGKUNGAN 6","","","I. Penyediaan Akomodasi dan Makan Minum","Gmaps"],
    ["23191","Kedai Kopi Pak Sairin","Sari Rejo, Kec. Medan Polonia, Kota Medan, Sumatera Utara 20157","prelist","MEDAN POLONIA","SARI REJO","LINGKUNGAN 1","","","I. Penyediaan Akomodasi dan Makan Minum","Gmaps"],
    ["23192","BIJI KOPI","Jl. Balai Desa","prelist","MEDAN POLONIA","POLONIA","LINGKUNGAN 9","","","I. Penyediaan Akomodasi dan Makan Minum","Gmaps"],
    ["23193","Kedai Kopi KamiKaJe","Jl. Mongonsidi No.87","prelist","MEDAN POLONIA","ANGGRUNG","LINGKUNGAN 8","","","I. Penyediaan Akomodasi dan Makan Minum","Gmaps"],
    ["23194","Warung Nongkrong A&W","Jl. Jenderal Sudirman","prelist","MEDAN POLONIA","ANGGRUNG","LINGKUNGAN 1","","","I. Penyediaan Akomodasi dan Makan Minum","Gmaps"],
    ["23195","Kopi Tengah Kota","Jl. Imam Bonjol No.1 No 24 E","prelist","MEDAN POLONIA","MADRAS HULU","LINGKUNGAN 9","","","I. Penyediaan Akomodasi dan Makan Minum","Gmaps"],
    ["23196","WARKOP AGAM DIPO (BANGLA TEXAS)","Jl. Pangeran Diponegoro No.47","prelist","MEDAN POLONIA","MADRAS HULU","LINGKUNGAN 8","","","I. Penyediaan Akomodasi dan Makan Minum","Gmaps"],
    ["23197","amirilmuslim","Jl. Starban No.46","prelist","MEDAN POLONIA","POLONIA","LINGKUNGAN 11","","","I. Penyediaan Akomodasi dan Makan Minum","Gmaps"],
    ["23198","esteh Perintis","Jl. Cinta Karya","prelist","MEDAN POLONIA","SARI REJO","LINGKUNGAN 2","","","I. Penyediaan Akomodasi dan Makan Minum","Gmaps"],
    ["23199","Brew & Bottle","Jl. Uskup Agung No.11 A","prelist","MEDAN POLONIA","MADRAS HULU","LINGKUNGAN 7","","","I. Penyediaan Akomodasi dan Makan Minum","Gmaps"],
    ["23200","boontj","Jl. Teuku Umar No.38","prelist","MEDAN POLONIA","MADRAS HULU","LINGKUNGAN 5","","","I. Penyediaan Akomodasi dan Makan Minum","Gmaps"],
    ["23201","Warkop Bg A Lee(gojek simp)","Jl. Polonia No.4","prelist","MEDAN POLONIA","ANGGRUNG","LINGKUNGAN 4","","","I. Penyediaan Akomodasi dan Makan Minum","Gmaps"],
    ["23202","MOYO CARWASH KOFFEE SHOP","Jl. Padang Golf","prelist","MEDAN POLONIA","SARI REJO","LINGKUNGAN 6","","","I. Penyediaan Akomodasi dan Makan Minum","Gmaps"],
    ["23203","Opung coffe","Jl. Karya Perbatasan","prelist","MEDAN POLONIA","SARI REJO","LINGKUNGAN 8","","","I. Penyediaan Akomodasi dan Makan Minum","Gmaps"],
    ["23204","Bim's Food & Drink","Jl. Adi Sucipto","prelist","MEDAN POLONIA","SARI REJO","LINGKUNGAN 6","","","I. Penyediaan Akomodasi dan Makan Minum","Gmaps"],
    ["23205","Kedai kang mas","Gg. Muhajirin","prelist","MEDAN POLONIA","SARI REJO","LINGKUNGAN 7","","","I. Penyediaan Akomodasi dan Makan Minum","Gmaps"],
    ["23206","Murtabak Original","Jl. Karya Sejati No.26","prelist","MEDAN POLONIA","POLONIA","LINGKUNGAN 5","","","I. Penyediaan Akomodasi dan Makan Minum","Gmaps"],
    ["23207","Kopitiam LI-MIN","Jl. Polonia No.162","prelist","MEDAN POLONIA","POLONIA","LINGKUNGAN 6","","","I. Penyediaan Akomodasi dan Makan Minum","Gmaps"],
    ["23208","AWIE Seafood","Jl. Ternak No.103","prelist","MEDAN POLONIA","POLONIA","LINGKUNGAN 7","","","I. Penyediaan Akomodasi dan Makan Minum","Gmaps"],
    ["23209","Warung Wak \" SONTI \"","Unnamed Road, Sari Rejo, Kec. Medan Polonia, Kota Medan, Sumatera Utara 20217","prelist","MEDAN POLONIA","SARI REJO","LINGKUNGAN 6","","","I. Penyediaan Akomodasi dan Makan Minum","Gmaps"],
    ["23210","Lobi Utama Brastagi Tiara","Jl. Cut Mutia No.1","prelist","MEDAN POLONIA","MADRAS HULU","LINGKUNGAN 10","","","I. Penyediaan Akomodasi dan Makan Minum","Gmaps"],
    ["23211","Warung Rika","Jl. Starban Gg. Murni No.393","prelist","MEDAN POLONIA","POLONIA","LINGKUNGAN 10","","","I. Penyediaan Akomodasi dan Makan Minum","Gmaps"],
    ["23212","PUSAT KEMANGI KOTA MEDAN","Jalan","prelist","MEDAN POLONIA","SARI REJO","LINGKUNGAN 5","","","I. Penyediaan Akomodasi dan Makan Minum","Gmaps"],
    ["23213","BOLU POLONIA","Jl. Karang Sari","prelist","MEDAN POLONIA","SARI REJO","LINGKUNGAN 6","","","I. Penyediaan Akomodasi dan Makan Minum","Gmaps"],
    ["23214","Shihlin - Sun Plaza","Madras Hulu, Kec. Medan Polonia, Kota Medan, Sumatera Utara","prelist","MEDAN POLONIA","MADRAS HULU","LINGKUNGAN 9","","","I. Penyediaan Akomodasi dan Makan Minum","Gmaps"],
    ["23215","Medanfoodblog","Jl. Teuku Cik Ditiro No.8K","prelist","MEDAN POLONIA","MADRAS HULU","LINGKUNGAN 6","","","I. Penyediaan Akomodasi dan Makan Minum","Gmaps"],
    ["23216","Lings corner","Jl. Ternak No.75","prelist","MEDAN POLONIA","POLONIA","LINGKUNGAN 6","","","I. Penyediaan Akomodasi dan Makan Minum","Gmaps"],
    ["23217","Umi Seafood","Jl. Teuku Umar No.23","prelist","MEDAN POLONIA","MADRAS HULU","LINGKUNGAN 5","","","I. Penyediaan Akomodasi dan Makan Minum","Gmaps"],
    ["23218","Sabass's INDIAN FOOD (MAKANAN INDIA Sabass/??????? ?????? ????)","Jl. Teuku Cik Ditiro No.42","prelist","MEDAN POLONIA","MADRAS HULU","LINGKUNGAN 6","","","I. Penyediaan Akomodasi dan Makan Minum","Gmaps"],
    ["23219","Pork id","Jl. Kediri No.40","prelist","MEDAN POLONIA","MADRAS HULU","LINGKUNGAN 3","","","I. Penyediaan Akomodasi dan Makan Minum","Gmaps"],
    ["23220","WARKOP IWAN ANTARIKSA","Jl. Antariksa No.102","prelist","MEDAN POLONIA","SARI REJO","LINGKUNGAN 9","","","I. Penyediaan Akomodasi dan Makan Minum","Gmaps"],
    ["23235","Kede makan ka'nis","Jl.Mesjid Gg A.73","prelist","MEDAN POLONIA","POLONIA","LINGKUNGAN 1","","","I. Penyediaan Akomodasi dan Makan Minum","Gmaps"],
    ["23236","Rumah Makan Sabana Cero Masakan Minang","Jl. Cinta Karya No.61","prelist","MEDAN POLONIA","SARI REJO","LINGKUNGAN 1","","","I. Penyediaan Akomodasi dan Makan Minum","Gmaps"],
    ["23237","Fandika Fried Chicken","fandika fried chicken, Sari Rejo, Kec. Medan Polonia, Kota Medan, Sumatera Utara 20157","prelist","MEDAN POLONIA","SARI REJO","LINGKUNGAN 1","","","I. Penyediaan Akomodasi dan Makan Minum","Gmaps"],
    ["23238","Ayam bakar madu polonia","Jl Polonia sblh indomarat, Kota Medan, Sumatera Utara 20157","prelist","MEDAN POLONIA","POLONIA","LINGKUNGAN 6","","0882-0175-22667","I. Penyediaan Akomodasi dan Makan Minum","Gmaps"],
    ["23239","Warkop Al-Amin","Sari Rejo, Kec. Medan Polonia, Kota Medan, Sumatera Utara 20219","prelist","MEDAN POLONIA","SARI REJO","LINGKUNGAN 6","","","I. Penyediaan Akomodasi dan Makan Minum","Gmaps"],
    ["23240","Rumah Makan Kavilla Jaya","Jl. Adi Sucipto","prelist","MEDAN POLONIA","SARI REJO","LINGKUNGAN 6","","","I. Penyediaan Akomodasi dan Makan Minum","Gmaps"],
    ["23241","Dapoer Ayumaknyuss","Jl. Dr. Cipto No.2B","prelist","MEDAN POLONIA","ANGGRUNG","LINGKUNGAN 4","","","I. Penyediaan Akomodasi dan Makan Minum","Gmaps"],
    ["23242","Mie Ayam Mas Panjang","Jl. Adi Sucipto","prelist","MEDAN POLONIA","SARI REJO","LINGKUNGAN 6","","","I. Penyediaan Akomodasi dan Makan Minum","Gmaps"],
    ["23243","Easy Eats Cafe","Jl. Mongonsidi No.28","prelist","MEDAN POLONIA","ANGGRUNG","LINGKUNGAN 4","","","I. Penyediaan Akomodasi dan Makan Minum","Gmaps"],
    ["23244","Warung Nasi Wak Nardi / Warteg Wak Nardi","Jl. Karya Pembangunan No.46","prelist","MEDAN POLONIA","POLONIA","LINGKUNGAN 3","","","I. Penyediaan Akomodasi dan Makan Minum","Gmaps"],
    ["23245","Warung Nasi Kiki 58","Jl. Ternak No.103","prelist","MEDAN POLONIA","POLONIA","LINGKUNGAN 7","","","I. Penyediaan Akomodasi dan Makan Minum","Gmaps"],
    ["23246","Nasi Goreng 89","Jl. Cinta Karya No.89","prelist","MEDAN POLONIA","SARI REJO","LINGKUNGAN 3","","","I. Penyediaan Akomodasi dan Makan Minum","Gmaps"],
    ["23247","Warkop Bang Birong","Jl. Komp. Cbd Polonia No.22 - 23 Blok Dd","prelist","MEDAN POLONIA","SUKA DAMAI","LINGKUNGAN 5","","","I. Penyediaan Akomodasi dan Makan Minum","Gmaps"],
    ["23248","WAROENG WONG JOWO","Jl. Cinta Karya No.90 A","prelist","MEDAN POLONIA","SARI REJO","LINGKUNGAN 3","","","I. Penyediaan Akomodasi dan Makan Minum","Gmaps"],
    ["23249","Siomay Bakso Podomoro Polonia","Jl. Polonia No.26","prelist","MEDAN POLONIA","POLONIA","LINGKUNGAN 2","","","I. Penyediaan Akomodasi dan Makan Minum","Gmaps"],
    ["23250","AikomII percetakan","Jl. Karya Bakti Ii No.54","prelist","MEDAN POLONIA","SARI REJO","LINGKUNGAN 7","","0821-6599-7413","J. Informasi dan Komunikasi","Gmaps"],
    ["23251","Percetakan Anugerah","Jl. Karya Bakti No.47","prelist","MEDAN POLONIA","SARI REJO","LINGKUNGAN 1","","","J. Informasi dan Komunikasi","Gmaps"],
    ["23252","THOSI JAYA","Jl. Teratai No.15","prelist","MEDAN POLONIA","SARI REJO","LINGKUNGAN 5","","","J. Informasi dan Komunikasi","Gmaps"],
    ["23253","Darma Konveksi dan Percetakan","Jl. Mongonsidi Iii No.29","prelist","MEDAN POLONIA","ANGGRUNG","LINGKUNGAN 7","","","J. Informasi dan Komunikasi","Gmaps"],
    ["23254","Warung Nasi Campur Kak Siska","Jl. Hang Tuah No.5-7","prelist","MEDAN POLONIA","MADRAS HULU","LINGKUNGAN 7","","","I. Penyediaan Akomodasi dan Makan Minum","Gmaps"],
    ["23255","Warung Nasi Uni Mawar","Jl. Teuku Cik Ditiro","prelist","MEDAN POLONIA","MADRAS HULU","LINGKUNGAN 1","","","I. Penyediaan Akomodasi dan Makan Minum","Gmaps"],
    ["23256","Warung Dapur","Jl. Cinta Karya Gg. Famili","prelist","MEDAN POLONIA","SARI REJO","LINGKUNGAN 1","","","I. Penyediaan Akomodasi dan Makan Minum","Gmaps"],
    ["23257","Dapurmamaqilla","Jl. Starban No.176","prelist","MEDAN POLONIA","POLONIA","LINGKUNGAN 7","","","I. Penyediaan Akomodasi dan Makan Minum","Gmaps"],
    ["23258","Gorengan","Jl. Polonia No.18","prelist","MEDAN POLONIA","POLONIA","LINGKUNGAN 1","","","I. Penyediaan Akomodasi dan Makan Minum","Gmaps"],
    ["23259","POJOK NANGKA CBD","Jl. Padang Golf No.98","prelist","MEDAN POLONIA","SUKA DAMAI","LINGKUNGAN 5","","","I. Penyediaan Akomodasi dan Makan Minum","Gmaps"],
    ["23260","Ayam Penyet Medan Waroeng Yumna","Jl. Karya Bakti","prelist","MEDAN POLONIA","SARI REJO","LINGKUNGAN 1","","","I. Penyediaan Akomodasi dan Makan Minum","Gmaps"],
    ["23261","Ayam pecak bunda","Jl. Karya Bakti No.2 No. 54","prelist","MEDAN POLONIA","SARI REJO","LINGKUNGAN 7","","","I. Penyediaan Akomodasi dan Makan Minum","Gmaps"],
    ["23262","Cempaka food court","Jl. Cempaka No.3A","prelist","MEDAN POLONIA","SARI REJO","LINGKUNGAN 4","","","I. Penyediaan Akomodasi dan Makan Minum","Gmaps"],
    ["23263","Warung Misop Alfira","Sari Rejo, Kec. Medan Polonia, Kota Medan, Sumatera Utara 20157","prelist","MEDAN POLONIA","SARI REJO","LINGKUNGAN 1","","","I. Penyediaan Akomodasi dan Makan Minum","Gmaps"],
    ["23264","Putra Minang","Jl. Teratai No.2","prelist","MEDAN POLONIA","SARI REJO","LINGKUNGAN 5","","","I. Penyediaan Akomodasi dan Makan Minum","Gmaps"],
    ["23265","Kantor Lurah Polonia","Jl. Balai Desa No.83","prelist","MEDAN POLONIA","POLONIA","LINGKUNGAN 9","","","O. Administrasi Pemerintahan, Pertahanan, dan Jaminan Sosial Wajib","Gmaps"],
    ["23266","Kantor Cabang Dinas Pendidikan Medan Selatan","Jl. Karang Sari","prelist","MEDAN POLONIA","SUKA DAMAI","LINGKUNGAN 3","","","O. Administrasi Pemerintahan, Pertahanan, dan Jaminan Sosial Wajib","Gmaps"],
    ["23267","Kanwil DJKN Sumatera Utara","Jl. Pangeran Diponegoro No.30A Lt. 4","prelist","MEDAN POLONIA","MADRAS HULU","LINGKUNGAN 7","","","O. Administrasi Pemerintahan, Pertahanan, dan Jaminan Sosial Wajib","Gmaps"],
    ["23268","Kantor Wilayah DJBC Sumatera Utara","Jl. Pangeran Diponegoro No.30 A","prelist","MEDAN POLONIA","MADRAS HULU","LINGKUNGAN 7","","","O. Administrasi Pemerintahan, Pertahanan, dan Jaminan Sosial Wajib","Gmaps"],
    ["23269","Kantor Oditurat Militer Medan","Jl. Pangeran Diponegoro No.24","prelist","MEDAN POLONIA","MADRAS HULU","LINGKUNGAN 7","","","O. Administrasi Pemerintahan, Pertahanan, dan Jaminan Sosial Wajib","Gmaps"],
    ["23270","Gedung Keuangan Negara Medan","Jl. Pangeran Diponegoro No.30A","prelist","MEDAN POLONIA","MADRAS HULU","LINGKUNGAN 7","","","O. Administrasi Pemerintahan, Pertahanan, dan Jaminan Sosial Wajib","Gmaps"],
    ["23271","Bappelitbang Provinsi Sumatera Utara","Jl. Pangeran Diponegoro No.21 A","prelist","MEDAN POLONIA","MADRAS HULU","LINGKUNGAN 9","","","O. Administrasi Pemerintahan, Pertahanan, dan Jaminan Sosial Wajib","Gmaps"],
    ["23272","Kantor Panwascam Medan Polonia","Jl. Subur 1 No.27","prelist","MEDAN POLONIA","SARI REJO","LINGKUNGAN 7","","","O. Administrasi Pemerintahan, Pertahanan, dan Jaminan Sosial Wajib","Gmaps"],
    ["23273","Badan Pemeriksa Keuangan Republik Indonesia - Propinsi Sumatera Utara","Jl. Imam Bonjol No.22","prelist","MEDAN POLONIA","MADRAS HULU","LINGKUNGAN 9","","","O. Administrasi Pemerintahan, Pertahanan, dan Jaminan Sosial Wajib","Gmaps"],
    ["23274","Diatas Meja Production","Jl. Langgar No.26","prelist","MEDAN POLONIA","SARI REJO","LINGKUNGAN 3","","","J. Informasi dan Komunikasi","Gmaps"],
    ["23275","Toko tiga bintang","Sari Rejo, Kec. Medan Polonia, Kota Medan, Sumatera Utara 20158","prelist","MEDAN POLONIA","SARI REJO","LINGKUNGAN 3","","","G. Perdagangan Besar dan Eceran, Reparasi Mobil dan Sepeda Motor","Gmaps"],
    ["23276","Summa D120","Suka Damai, Kec. Medan Polonia, Kota Medan, Sumatera Utara 20151","prelist","MEDAN POLONIA","SUKA DAMAI","LINGKUNGAN 5","","(061) 4511985","J. Informasi dan Komunikasi","Gmaps"],
    ["23277","Aikom Perc, Reklame,","Jl. Cinta Karya No.64 B","prelist","MEDAN POLONIA","SARI REJO","LINGKUNGAN 3","","","J. Informasi dan Komunikasi","Gmaps"],
    ["23278","Bunadi","Jl. Cempaka No.27","prelist","MEDAN POLONIA","SARI REJO","LINGKUNGAN 4","","0813-6131-1476","J. Informasi dan Komunikasi","Gmaps"],
    ["23279","percetakan yasmin design","Jl. Karya Utama","prelist","MEDAN POLONIA","POLONIA","LINGKUNGAN 5","","","J. Informasi dan Komunikasi","Gmaps"],
    ["23280","Percetakan makmur jaya","Jl. Polonia No.12","prelist","MEDAN POLONIA","POLONIA","LINGKUNGAN 1","","","J. Informasi dan Komunikasi","Gmaps"],
    ["23281","Kantor Lurah Sari Rejo","Jl. Sejati No.15","prelist","MEDAN POLONIA","SARI REJO","LINGKUNGAN 4","","","O. Administrasi Pemerintahan, Pertahanan, dan Jaminan Sosial Wajib","Gmaps"],
    ["23282","BKD Prov. Sumatera Utara","Jl. Pangeran Diponegoro No.30","prelist","MEDAN POLONIA","MADRAS HULU","LINGKUNGAN 7","","","O. Administrasi Pemerintahan, Pertahanan, dan Jaminan Sosial Wajib","Gmaps"],
    ["23283","Bidang Riset dan Inovasi Daerah Provsu","Jl. Diponegoro Dalam","prelist","MEDAN POLONIA","MADRAS HULU","LINGKUNGAN 9","","","O. Administrasi Pemerintahan, Pertahanan, dan Jaminan Sosial Wajib","Gmaps"],
    ["23284","BKAD PROVSU","Jl. Imam Bonjol No.61","prelist","MEDAN POLONIA","SUKA DAMAI","LINGKUNGAN 4","","","O. Administrasi Pemerintahan, Pertahanan, dan Jaminan Sosial Wajib","Gmaps"],
    ["23285","LPSE Kementerian Keuangan Wilayah Sumatera Utara","Jl. Pangeran Diponegoro No.30 A","prelist","MEDAN POLONIA","MADRAS HULU","LINGKUNGAN 7","","","O. Administrasi Pemerintahan, Pertahanan, dan Jaminan Sosial Wajib","Gmaps"],
    ["23286","Subbagian Kepegawaian Kanwil DJKN Sumatera Utara","Jl. Pangeran Diponegoro No.30A","prelist","MEDAN POLONIA","MADRAS HULU","LINGKUNGAN 7","","","O. Administrasi Pemerintahan, Pertahanan, dan Jaminan Sosial Wajib","Gmaps"],
    ["23287","Kantor Lurah Sukadamai","Jl. Dc. Barito No.1","prelist","MEDAN POLONIA","SUKA DAMAI","LINGKUNGAN 3","","","O. Administrasi Pemerintahan, Pertahanan, dan Jaminan Sosial Wajib","Gmaps"],
    ["23288","KPPBC TMP B Medan","Jl. Suwondo No.1","prelist","MEDAN POLONIA","SUKA DAMAI","LINGKUNGAN 6","","","O. Administrasi Pemerintahan, Pertahanan, dan Jaminan Sosial Wajib","Gmaps"],
    ["23289","Dishub Sumut","Jl. Imam Bonjol No.61","prelist","MEDAN POLONIA","SUKA DAMAI","LINGKUNGAN 4","","","O. Administrasi Pemerintahan, Pertahanan, dan Jaminan Sosial Wajib","Gmaps"],
    ["23290","DPD Organda Sumatera Utara","Kompleks Dishub Sumut","prelist","MEDAN POLONIA","SUKA DAMAI","LINGKUNGAN 4","","","O. Administrasi Pemerintahan, Pertahanan, dan Jaminan Sosial Wajib","Gmaps"],
    ["23291","Kantor Lurah Madras Hulu","Jl. Teuku Cik Ditiro No.8","prelist","MEDAN POLONIA","MADRAS HULU","LINGKUNGAN 6","","","O. Administrasi Pemerintahan, Pertahanan, dan Jaminan Sosial Wajib","Gmaps"],
    ["23292","KANTOR","Jl. Dc. Barito","prelist","MEDAN POLONIA","SUKA DAMAI","LINGKUNGAN 1","","","O. Administrasi Pemerintahan, Pertahanan, dan Jaminan Sosial Wajib","Gmaps"],
    ["23293","KPPN Medan I","Jl. Pangeran Diponegoro No.30A","prelist","MEDAN POLONIA","MADRAS HULU","LINGKUNGAN 7","","","O. Administrasi Pemerintahan, Pertahanan, dan Jaminan Sosial Wajib","Gmaps"],
    ["23294","Kanwil Ditjen PBN Provinsi Sumatera Utara","Jl. Pangeran Diponegoro No.30A","prelist","MEDAN POLONIA","MADRAS HULU","LINGKUNGAN 7","","","O. Administrasi Pemerintahan, Pertahanan, dan Jaminan Sosial Wajib","Gmaps"],
    ["23295","Kantor Lurah Anggrung","Jl. Dr. Cipto I No.1A","prelist","MEDAN POLONIA","ANGGRUNG","LINGKUNGAN 1","","","O. Administrasi Pemerintahan, Pertahanan, dan Jaminan Sosial Wajib","Gmaps"],
    ["23296","Balai Desa No.5","Jl. Balai Desa No.5","prelist","MEDAN POLONIA","POLONIA","LINGKUNGAN 9","","","O. Administrasi Pemerintahan, Pertahanan, dan Jaminan Sosial Wajib","Gmaps"],
    ["23297","Yan Arisandi","Jl. Mawar","prelist","MEDAN POLONIA","SARI REJO","LINGKUNGAN 5","","","O. Administrasi Pemerintahan, Pertahanan, dan Jaminan Sosial Wajib","Gmaps"],
    ["23298","Gerbang Panahan TNI AU","Jl. Komodor Muda Adi Sucipto","prelist","MEDAN POLONIA","SUKA DAMAI","LINGKUNGAN 3","","","O. Administrasi Pemerintahan, Pertahanan, dan Jaminan Sosial Wajib","Gmaps"],
    ["23299","Batalyon Komando 469 Kopasgat","Jl. Garuda No.16 Blok D","prelist","MEDAN POLONIA","SARI REJO","LINGKUNGAN 8","","(061) 7869462","O. Administrasi Pemerintahan, Pertahanan, dan Jaminan Sosial Wajib","Gmaps"],
    ["23300","Pangkalan TNI AU Soewondo","Unnamed Road, Suka Damai, Medan Polonia, Medan City, North Sumatra 20217","prelist","MEDAN POLONIA","SUKA DAMAI","LINGKUNGAN 3","","","O. Administrasi Pemerintahan, Pertahanan, dan Jaminan Sosial Wajib","Gmaps"],
    ["23301","Batalyon Paskhas TNI AU","Mako Paskhas, Sari Rejo, Kec. Medan Polonia, Kota Medan, Sumatera Utara 20219","prelist","MEDAN POLONIA","SARI REJO","LINGKUNGAN 8","","","O. Administrasi Pemerintahan, Pertahanan, dan Jaminan Sosial Wajib","Gmaps"],
    ["23302","POLISI MILITER TNI-AU","Jl. Komodor Muda Adi Sucipto","prelist","MEDAN POLONIA","SUKA DAMAI","LINGKUNGAN 3","","","O. Administrasi Pemerintahan, Pertahanan, dan Jaminan Sosial Wajib","Gmaps"],
    ["23303","Militer","Jl. Teuku Cik Ditiro","prelist","MEDAN POLONIA","MADRAS HULU","LINGKUNGAN 7","","","O. Administrasi Pemerintahan, Pertahanan, dan Jaminan Sosial Wajib","Gmaps"],
    ["23304","Kantor grandra","Jl. Jenderal Sudirman No.36","prelist","MEDAN POLONIA","MADRAS HULU","LINGKUNGAN 7","","","O. Administrasi Pemerintahan, Pertahanan, dan Jaminan Sosial Wajib","Gmaps"],
    ["23305","Pos Satpol PP","Kantor Gubernur, Madras Hulu, Kec. Medan Polonia, Kota Medan, Sumatera Utara","prelist","MEDAN POLONIA","MADRAS HULU","LINGKUNGAN 9","","","O. Administrasi Pemerintahan, Pertahanan, dan Jaminan Sosial Wajib","Gmaps"],
    ["23306","Aula Martabe","Jl. R.A. Kartini No.27","prelist","MEDAN POLONIA","MADRAS HULU","LINGKUNGAN 7","","","O. Administrasi Pemerintahan, Pertahanan, dan Jaminan Sosial Wajib","Gmaps"],
    ["23307","BAPEG Provsu","Jl. Teuku Daud","prelist","MEDAN POLONIA","MADRAS HULU","LINGKUNGAN 9","","","O. Administrasi Pemerintahan, Pertahanan, dan Jaminan Sosial Wajib","Gmaps"],
    ["23308","Kantor Badan Kepegawaian Propinsi Sumatera Utara","Jl. Teuku Daud No.5","prelist","MEDAN POLONIA","MADRAS HULU","LINGKUNGAN 9","","","O. Administrasi Pemerintahan, Pertahanan, dan Jaminan Sosial Wajib","Gmaps"],
    ["23309","LPSK Perwakilan Medan","Jl. Pangeran Diponegoro No.30A","prelist","MEDAN POLONIA","MADRAS HULU","LINGKUNGAN 7","","","O. Administrasi Pemerintahan, Pertahanan, dan Jaminan Sosial Wajib","Gmaps"],
    ["23310","Gerbang Hang Tuah, KPPN Medan II","Jl. Hang Tuah","prelist","MEDAN POLONIA","MADRAS HULU","LINGKUNGAN 7","","","O. Administrasi Pemerintahan, Pertahanan, dan Jaminan Sosial Wajib","Gmaps"],
    ["23311","Kantor Dwp Provsu","Jl. Teuku Cik Ditiro No.8","prelist","MEDAN POLONIA","MADRAS HULU","LINGKUNGAN 6","","","O. Administrasi Pemerintahan, Pertahanan, dan Jaminan Sosial Wajib","Gmaps"],
    ["23312","Sekolah Dasar Negeri 064027","Jl. Karang Sari Kelurahan No.171","prelist","MEDAN POLONIA","SARI REJO","LINGKUNGAN 6","","","P. Pendidikan","Gmaps"],
    ["23313","Sekolah Dasar Negeri 064960","Jl. Karya Bakti Ii No.71","prelist","MEDAN POLONIA","SARI REJO","LINGKUNGAN 2","","","P. Pendidikan","Gmaps"],
    ["23314","Sekolah Dasar Methodist-1 Medan","Jl. Hang Tuah No.8","prelist","MEDAN POLONIA","MADRAS HULU","LINGKUNGAN 7","","","P. Pendidikan","Gmaps"],
    ["23315","Sekolah Fontem Academy","Komplek Cbd Polonia Blok Bb No. 34","prelist","MEDAN POLONIA","SUKA DAMAI","LINGKUNGAN 5","","","P. Pendidikan","Gmaps"],
    ["23316","SD Methodist 4","Jl. Pekong","prelist","MEDAN POLONIA","SARI REJO","LINGKUNGAN 9","","(061) 4575289","P. Pendidikan","Gmaps"],
    ["23317","Sekolah Dasar Islam Terpadu Alif","Gg. A No.43","prelist","MEDAN POLONIA","POLONIA","LINGKUNGAN 1","","","P. Pendidikan","Gmaps"],
    ["23318","SD Angkasa 1 Lanud Medan","Jl. Polonia No.99","prelist","MEDAN POLONIA","SUKA DAMAI","LINGKUNGAN 6","","","P. Pendidikan","Gmaps"],
    ["23319","Sekolah Dasar Negeri 060890","Jl. Pendidikan No.218","prelist","MEDAN POLONIA","POLONIA","LINGKUNGAN 1","","","P. Pendidikan","Gmaps"],
    ["23320","Sekolah Dasar Negeri 060901","Jl. Mongonsidi No.65","prelist","MEDAN POLONIA","POLONIA","LINGKUNGAN 4","","","P. Pendidikan","Gmaps"],
    ["23321","YAYASAN PENDIDIKAN AL HIDAYAH SD SWASTA AL-HIDAYAH","Gg. Sahabat Jl. Starban No.139","prelist","MEDAN POLONIA","POLONIA","LINGKUNGAN 13","","","P. Pendidikan","Gmaps"],
    ["23322","SDS BUNDO KANDUNG","Gg. Imam","prelist","MEDAN POLONIA","POLONIA","LINGKUNGAN 9","","","P. Pendidikan","Gmaps"],
    ["23323","Aula Tengku Rizal Nurdin","Jl. Jenderal Sudirman No.41","prelist","MEDAN POLONIA","ANGGRUNG","LINGKUNGAN 4","","","O. Administrasi Pemerintahan, Pertahanan, dan Jaminan Sosial Wajib","Gmaps"],
    ["23324","DPW PARTAI PERINDO Prov.SUMUT","Jl. Cut Nyak Dien","prelist","MEDAN POLONIA","MADRAS HULU","LINGKUNGAN 8","","","O. Administrasi Pemerintahan, Pertahanan, dan Jaminan Sosial Wajib","Gmaps"],
    ["23325","AULA RAJA INAL SIREGAR","Jl. Pangeran Diponegoro","prelist","MEDAN POLONIA","MADRAS HULU","LINGKUNGAN 9","","","O. Administrasi Pemerintahan, Pertahanan, dan Jaminan Sosial Wajib","Gmaps"],
    ["23326","Sekolah Menengah Atas Kristen Immanuel","Jalan Slamet Riyadi No.1","prelist","MEDAN POLONIA","MADRAS HULU","LINGKUNGAN 8","","","P. Pendidikan","Gmaps"],
    ["23327","Klee pernah jebolin dinding ini","Jl. Teuku Cik Ditiro No.96","prelist","MEDAN POLONIA","MADRAS HULU","LINGKUNGAN 6","","","P. Pendidikan","Gmaps"],
    ["23328","Sekolah Menengah Atas Methodist 4","Jl. Pekong No.31","prelist","MEDAN POLONIA","POLONIA","LINGKUNGAN 6","","","P. Pendidikan","Gmaps"],
    ["23329","Jln Brigjen Katamso","Jl. Cinta Karya No.49","prelist","MEDAN POLONIA","SARI REJO","LINGKUNGAN 1","","","P. Pendidikan","Gmaps"],
    ["23330","Sekolah Menengah Pertama Methodist-1","Jl. Hang Tuah No.4","prelist","MEDAN POLONIA","MADRAS HULU","LINGKUNGAN 7","","","P. Pendidikan","Gmaps"],
    ["23331","Sekolah Menengah Pertama Swasta Karang Sari","Jl. Mawar No.9","prelist","MEDAN POLONIA","SARI REJO","LINGKUNGAN 5","","","P. Pendidikan","Gmaps"],
    ["23332","UPT. SMP NEGERI 10 MEDAN","Jl. Karya Pembangunan No.1","prelist","MEDAN POLONIA","POLONIA","LINGKUNGAN 4","","","P. Pendidikan","Gmaps"],
    ["23333","upt smp negeri 1 medan","Jl. Starban No.20","prelist","MEDAN POLONIA","POLONIA","LINGKUNGAN 13","","","P. Pendidikan","Gmaps"],
    ["23334","BATARI School Polonia","Jalan Padang Golf Komplek Cbd Polonia Blok A No 60-65.","prelist","MEDAN POLONIA","SUKA DAMAI","LINGKUNGAN 5","","","P. Pendidikan","Gmaps"],
    ["23335","Yayasan Perguruan Mis Muhajirin","Gg. Muhajirin","prelist","MEDAN POLONIA","SARI REJO","LINGKUNGAN 7","","(061) 7853893","P. Pendidikan","Gmaps"],
    ["23336","Madrasah Ibtida'iyah Luqman Al-Hakim","Sari Rejo, Kec. Medan Polonia, Kota Medan, Sumatera Utara 20158","prelist","MEDAN POLONIA","SARI REJO","LINGKUNGAN 9","","","P. Pendidikan","Gmaps"],
    ["23337","SD muhajirin","Gg. Muhajirin","prelist","MEDAN POLONIA","SARI REJO","LINGKUNGAN 7","","","P. Pendidikan","Gmaps"],
    ["23338","Sekolah Dasar Kristen Immanuel","Jl. Slamet Riyadi No.1","prelist","MEDAN POLONIA","MADRAS HULU","LINGKUNGAN 8","","(061) 4157100","P. Pendidikan","Gmaps"],
    ["23339","Taman anak anak yasmine","Jl. Kh. Zainul Arifin","prelist","MEDAN POLONIA","MADRAS HULU","LINGKUNGAN 6","","","P. Pendidikan","Gmaps"],
    ["23340","Bubba's Playground","Blk. D Jl. Adi Sucipto No.8C, Suka Damai, Kec. Medan Polonia, Kota Medan, Sumatera Utara 20219","prelist","MEDAN POLONIA","SUKA DAMAI","LINGKUNGAN 3","","","P. Pendidikan","Gmaps"],
    ["23341","Kingston School Urip","Jl. Urip Sumoharjo No.1","prelist","MEDAN POLONIA","ANGGRUNG","LINGKUNGAN 4","","","P. Pendidikan","Gmaps"],
    ["23342","Tk Dharmawanita kalidoni","Jl. Mongonsidi","prelist","MEDAN POLONIA","POLONIA","LINGKUNGAN 1","","0895-4067-80305","P. Pendidikan","Gmaps"],
    ["23343","TK POLONIA","Gg. Lurah No.96","prelist","MEDAN POLONIA","POLONIA","LINGKUNGAN 13","","0812-6247-2964","P. Pendidikan","Gmaps"],
    ["23344","Taman Kanak-Kanak Angkasa Lanud Soewondo Medan","Jl. Polonia No.99","prelist","MEDAN POLONIA","SUKA DAMAI","LINGKUNGAN 6","","","P. Pendidikan","Gmaps"],
    ["23345","Bimbel Kediri","Jl. Kediri No.1","prelist","MEDAN POLONIA","MADRAS HULU","LINGKUNGAN 3","","","P. Pendidikan","Gmaps"],
    ["23346","Viqa Less Private","Gg. Warga No.172","prelist","MEDAN POLONIA","SARI REJO","LINGKUNGAN 4","","","P. Pendidikan","Gmaps"],
    ["23347","BIMBEL PSIKOTEST DIAMOND","Jln.Antariksa","prelist","MEDAN POLONIA","SARI REJO","LINGKUNGAN 9","","","P. Pendidikan","Gmaps"],
    ["23348","Bimbel Edulab Agussalim Medan","Jl. Kh Agus Salim No.4","prelist","MEDAN POLONIA","MADRAS HULU","LINGKUNGAN 8","","","P. Pendidikan","Gmaps"],
    ["23349","Kampus Methodist Medan Indonesia","Jl. Hang Tuah","prelist","MEDAN POLONIA","MADRAS HULU","LINGKUNGAN 7","","","P. Pendidikan","Gmaps"],
    ["23350","Sampoerna Academy Medan (Cipto)","Jl. Dr. Cipto No.4","prelist","MEDAN POLONIA","ANGGRUNG","LINGKUNGAN 4","","","P. Pendidikan","Gmaps"],
    ["23351","Akademi Keuangan Dan Perbankan Icm Cantrika Mitra","Jl. Pangeran Diponegoro No.18","prelist","MEDAN POLONIA","MADRAS HULU","LINGKUNGAN 9","","","P. Pendidikan","Gmaps"],
    ["23352","RSU MONGINSIDI","Polonia, Kec. Medan Polonia, Kota Medan, Sumatera Utara 20152","prelist","MEDAN POLONIA","POLONIA","LINGKUNGAN 1","","","Q. Jasa Kesehatan dan Kegiatan Sosial","Gmaps"],
    ["23353","Rumah Sakit TNI AU Dr Abdul Malik","Jl. Imam Bonjol No.50","prelist","MEDAN POLONIA","SUKA DAMAI","LINGKUNGAN 5","","","Q. Jasa Kesehatan dan Kegiatan Sosial","Gmaps"],
    ["23354","klinik harapan bunda","Jl. Polonia","prelist","MEDAN POLONIA","POLONIA","LINGKUNGAN 8","","","Q. Jasa Kesehatan dan Kegiatan Sosial","Gmaps"],
    ["23355","RUMAH SAKIT BOLONI","Jl. Mongonsidi No.11","prelist","MEDAN POLONIA","POLONIA","LINGKUNGAN 1","","","Q. Jasa Kesehatan dan Kegiatan Sosial","Gmaps"],
    ["23356","PAUD CITRA SAMUDRA","Jl. Cinta Karya No.24","prelist","MEDAN POLONIA","SARI REJO","LINGKUNGAN 7","","0813-9627-5546","P. Pendidikan","Gmaps"],
    ["23357","Jasa Guru Les Private","Jl. Karya Bersama Gang 1 No.6","prelist","MEDAN POLONIA","POLONIA","LINGKUNGAN 5","","0852-1600-1228","P. Pendidikan","Gmaps"],
    ["23358","Sekolah Tinggi Teologi Misi William Carey","Jl. Mongonsidi Baru I No.21-25","prelist","MEDAN POLONIA","ANGGRUNG","LINGKUNGAN 7","","","P. Pendidikan","Gmaps"],
    ["23359","Methodist Charles Wesley","Suka Damai, Kec. Medan Polonia, Kota Medan, Sumatera Utara 20157","prelist","MEDAN POLONIA","SUKA DAMAI","LINGKUNGAN 5","","","P. Pendidikan","Gmaps"],
    ["23360","SMK Bimsa","Jl. Karya Sehati No.6","prelist","MEDAN POLONIA","POLONIA","LINGKUNGAN 4","","","P. Pendidikan","Gmaps"],
    ["23361","Masjid Al-Kautsar Attaqwa Pondok Pesantren Hidayatullah","Sari Rejo, Kec. Medan Polonia, Kota Medan, Sumatera Utara 20158","prelist","MEDAN POLONIA","SARI REJO","LINGKUNGAN 4","","","P. Pendidikan","Gmaps"],
    ["23362","Usamah Bin Zaid","Jl. Mawar","prelist","MEDAN POLONIA","SARI REJO","LINGKUNGAN 4","","","P. Pendidikan","Gmaps"],
    ["23363","Pondok Pesantren Hidayatullah Medan","Sari Rejo, Kec. Medan Polonia, Kota Medan, Sumatera Utara 20158","prelist","MEDAN POLONIA","SARI REJO","LINGKUNGAN 9","","0823-6727-1118","P. Pendidikan","Gmaps"],
    ["23364","Kelompok Bermain Teratai Mutia","Jl. Mawar No.7","prelist","MEDAN POLONIA","SARI REJO","LINGKUNGAN 5","","0812-6417-3197","P. Pendidikan","Gmaps"],
    ["23381","KLINIK FLAMINGO LANUD SOEWONDO","Jl. Cendrawasih 2 No.3","prelist","MEDAN POLONIA","SUKA DAMAI","LINGKUNGAN 6","","","Q. Jasa Kesehatan dan Kegiatan Sosial","Gmaps"],
    ["23382","Klinik Samsidar","Jl. Karya Dharma No.33B","prelist","MEDAN POLONIA","POLONIA","LINGKUNGAN 4","","","Q. Jasa Kesehatan dan Kegiatan Sosial","Gmaps"],
    ["23383","Klinik Pratama Rawat Inap Santi Meliala","Jl. Starban No.34","prelist","MEDAN POLONIA","POLONIA","LINGKUNGAN 11","","","Q. Jasa Kesehatan dan Kegiatan Sosial","Gmaps"],
    ["23384","Soto Malioboro","Jl. Teuku Cik Ditiro No.9A","prelist","MEDAN POLONIA","MADRAS HULU","LINGKUNGAN 4","","","I. Penyediaan Akomodasi dan Makan Minum","Gmaps"],
    ["23385","Nasi gurih ibu Ilma","Jl. Teuku Umar No.11","prelist","MEDAN POLONIA","MADRAS HULU","LINGKUNGAN 1","","","I. Penyediaan Akomodasi dan Makan Minum","Gmaps"],
    ["23386","Warung kak yani","Sari Rejo, Kec. Medan Amplas, Kota Medan, Sumatera Utara 20028","prelist","MEDAN POLONIA","SARI REJO","LINGKUNGAN 6","","","I. Penyediaan Akomodasi dan Makan Minum","Gmaps"],
    ["23387","Warung Nasi Padang Ajo","Jl. Teuku Daud No.1","prelist","MEDAN POLONIA","MADRAS HULU","LINGKUNGAN 9","","","I. Penyediaan Akomodasi dan Makan Minum","Gmaps"],
    ["23388","Rumah Bersalin Lili","Jl. Polonia No.76","prelist","MEDAN POLONIA","SUKA DAMAI","LINGKUNGAN 6","","(061) 4513940","Q. Jasa Kesehatan dan Kegiatan Sosial","Gmaps"],
    ["23389","klinik dr irma roesyanto","Jl. Jenderal Sudirman No.40","prelist","MEDAN POLONIA","MADRAS HULU","LINGKUNGAN 7","","","Q. Jasa Kesehatan dan Kegiatan Sosial","Gmaps"],
    ["23390","Apotik Ayu","Jl. Ternak","prelist","MEDAN POLONIA","POLONIA","LINGKUNGAN 6","","0852-7410-9630","Q. Jasa Kesehatan dan Kegiatan Sosial","Gmaps"],
    ["23391","Sidimpuan Sehat","Jl. Imam Bonjol","prelist","MEDAN POLONIA","MADRAS HULU","LINGKUNGAN 8","","0812-7192-1901","Q. Jasa Kesehatan dan Kegiatan Sosial","Gmaps"],
    ["23392","Klinik “Yasmin”","Jl. Polonia","prelist","MEDAN POLONIA","POLONIA","LINGKUNGAN 6","","","Q. Jasa Kesehatan dan Kegiatan Sosial","Gmaps"],
    ["23393","Klinik Bersalin Karya Kasih","Jl. Wolter Monginsidi Ujung No.7120157","prelist","MEDAN POLONIA","ANGGRUNG","LINGKUNGAN 6","","","Q. Jasa Kesehatan dan Kegiatan Sosial","Gmaps"],
    ["23394","KLINIK GIGI SEHAT & TOKO OBAT EKA","Jl. Cinta Karya","prelist","MEDAN POLONIA","SARI REJO","LINGKUNGAN 3","","","Q. Jasa Kesehatan dan Kegiatan Sosial","Gmaps"],
    ["23395","Dr Evi’s Biohealth Skin And Laser Clinic","Jl. Taman Polonia V No.2","prelist","MEDAN POLONIA","SUKA DAMAI","LINGKUNGAN 4","","","Q. Jasa Kesehatan dan Kegiatan Sosial","Gmaps"],
    ["23396","Klinik Fisioterapi Monginsidi Medan","Jl. Mongonsidi No.78","prelist","MEDAN POLONIA","ANGGRUNG","LINGKUNGAN 8","","","Q. Jasa Kesehatan dan Kegiatan Sosial","Gmaps"],
    ["23397","Klinik Bekam Alwahida","Jalan Monginsidi Gang D No. 15/16","prelist","MEDAN POLONIA","POLONIA","LINGKUNGAN 1","","","Q. Jasa Kesehatan dan Kegiatan Sosial","Gmaps"],
    ["23398","Klinik Vina Sembiring","Jl. Cinta Karya","prelist","MEDAN POLONIA","SARI REJO","LINGKUNGAN 2","","","Q. Jasa Kesehatan dan Kegiatan Sosial","Gmaps"],
    ["23399","Klinik Adinda","Jl. Antariksa No.14B","prelist","MEDAN POLONIA","SARI REJO","LINGKUNGAN 6","","","Q. Jasa Kesehatan dan Kegiatan Sosial","Gmaps"],
    ["23400","Natasha Skin Clinic Medan Wolter Mongonsidi","Jl. Mongonsidi No.21","prelist","MEDAN POLONIA","POLONIA","LINGKUNGAN 1","","","Q. Jasa Kesehatan dan Kegiatan Sosial","Gmaps"],
    ["23401","Raen Aesthetic Clinic","Jl. Komp. Cbd Polonia Blok F No.85","prelist","MEDAN POLONIA","SUKA DAMAI","LINGKUNGAN 5","","","Q. Jasa Kesehatan dan Kegiatan Sosial","Gmaps"],
    ["23402","Klinik Fina Sembiring","Jl. Cinta Karya No.60","prelist","MEDAN POLONIA","SARI REJO","LINGKUNGAN 2","","","Q. Jasa Kesehatan dan Kegiatan Sosial","Gmaps"],
    ["23403","NOURA AESTHETIC","Jl. Polonia No.34","prelist","MEDAN POLONIA","POLONIA","LINGKUNGAN 1","","","Q. Jasa Kesehatan dan Kegiatan Sosial","Gmaps"],
    ["23404","PRAMITA Lab Cabang Diponegoro Medan","Jl. Pangeran Diponegoro No.37","prelist","MEDAN POLONIA","MADRAS HULU","LINGKUNGAN 8","","","Q. Jasa Kesehatan dan Kegiatan Sosial","Gmaps"],
    ["23405","Klinik Mata Visionmax's/ By Dr.Sujan Ali Fing Sp.M,MKM,MSOphth","Jl. Polonia No.26","prelist","MEDAN POLONIA","POLONIA","LINGKUNGAN 1","","","Q. Jasa Kesehatan dan Kegiatan Sosial","Gmaps"],
    ["23406","POLIKLINIK KOSEKHANUDNAS I","Suka Damai, Kec. Medan Polonia, Kota Medan, Sumatera Utara 20219","prelist","MEDAN POLONIA","SUKA DAMAI","LINGKUNGAN 3","","","Q. Jasa Kesehatan dan Kegiatan Sosial","Gmaps"],
    ["23407","Lokasi vaksin COVID-19 - Lanud Soewondo Medan","Jl. Imam Bonjol","prelist","MEDAN POLONIA","SUKA DAMAI","LINGKUNGAN 3","","","Q. Jasa Kesehatan dan Kegiatan Sosial","Gmaps"],
    ["23408","Laboratorium Medis Kimia Farma Medan Kartini","Jl. R. A. Kartini No.1","prelist","MEDAN POLONIA","MADRAS HULU","LINGKUNGAN 8","","","Q. Jasa Kesehatan dan Kegiatan Sosial","Gmaps"],
    ["23409","Bandung Apotik","Jl. H. Zainul Arifin No.107","prelist","MEDAN POLONIA","MADRAS HULU","LINGKUNGAN 6","","","Q. Jasa Kesehatan dan Kegiatan Sosial","Gmaps"],
    ["23410","APOTEK HARMONIS","Jl. Teratai","prelist","MEDAN POLONIA","SARI REJO","LINGKUNGAN 5","","","Q. Jasa Kesehatan dan Kegiatan Sosial","Gmaps"],
    ["23411","Apotek Martubung","Sari Rejo, Kec. Medan Polonia, Kota Medan, Sumatera Utara 20158","prelist","MEDAN POLONIA","SARI REJO","LINGKUNGAN 3","","","Q. Jasa Kesehatan dan Kegiatan Sosial","Gmaps"],
    ["23412","Cempaka Polonia","Jl. Cempaka","prelist","MEDAN POLONIA","SARI REJO","LINGKUNGAN 3","","","Q. Jasa Kesehatan dan Kegiatan Sosial","Gmaps"],
    ["23413","Apotek Bintang","Jl. Kh. Zainul Arifin","prelist","MEDAN POLONIA","MADRAS HULU","LINGKUNGAN 1","","","Q. Jasa Kesehatan dan Kegiatan Sosial","Gmaps"],
    ["23414","Apotek Citra Lestari","Jl. Cinta Karya Gg Industri","prelist","MEDAN POLONIA","SARI REJO","LINGKUNGAN 3","","","Q. Jasa Kesehatan dan Kegiatan Sosial","Gmaps"],
    ["23415","Apotek Feryll","Jl. Karya Sehati No.77","prelist","MEDAN POLONIA","POLONIA","LINGKUNGAN 4","","","Q. Jasa Kesehatan dan Kegiatan Sosial","Gmaps"],
    ["23416","APOTEK HARMONIS","RW.HM2F+VJ5Jl, TerataiSari Rejo, Kec. Medan Polonia, Kota Medan, Sumatera Utara 20158","prelist","MEDAN POLONIA","SARI REJO","LINGKUNGAN 5","","","Q. Jasa Kesehatan dan Kegiatan Sosial","Gmaps"],
    ["23417","Mitra Dental Clinic","Jl. Kh. Zainul Arifin No.171 A - B","prelist","MEDAN POLONIA","MADRAS HULU","LINGKUNGAN 6","","","Q. Jasa Kesehatan dan Kegiatan Sosial","Gmaps"],
    ["23418","DR. Gino Tann Haematologist & Oncologist","Jl. Mongonsidi","prelist","MEDAN POLONIA","SUKA DAMAI","LINGKUNGAN 5","","","Q. Jasa Kesehatan dan Kegiatan Sosial","Gmaps"],
    ["23419","PANTI ASUHAN JESYKA GLORIA","Jl. Mongonsidi Iii No.11","prelist","MEDAN POLONIA","ANGGRUNG","LINGKUNGAN 7","","","Q. Jasa Kesehatan dan Kegiatan Sosial","Gmaps"],
    ["23420","Panti asuhan benih kebaikan","Jl. Pendidikan No.18","prelist","MEDAN POLONIA","POLONIA","LINGKUNGAN 1","","","Q. Jasa Kesehatan dan Kegiatan Sosial","Gmaps"],
    ["23421","Panti Asuhan Peduli Bersama","Jl. Balai Desa No.8","prelist","MEDAN POLONIA","POLONIA","LINGKUNGAN 8","","","Q. Jasa Kesehatan dan Kegiatan Sosial","Gmaps"],
    ["23422","Panti Asuhan ADE IRMA SURYANI NASUTION","Jl. Teuku Cik Ditiro No.110","prelist","MEDAN POLONIA","MADRAS HULU","LINGKUNGAN 7","","","Q. Jasa Kesehatan dan Kegiatan Sosial","Gmaps"],
    ["23423","Cetiya Prajna Surya","Jl. Subur No.16","prelist","MEDAN POLONIA","POLONIA","LINGKUNGAN 6","","","Q. Jasa Kesehatan dan Kegiatan Sosial","Gmaps"],
    ["23424","Panti Jompo Karya Kasih","Jl. Mongonsidi No.69","prelist","MEDAN POLONIA","POLONIA","LINGKUNGAN 4","","","Q. Jasa Kesehatan dan Kegiatan Sosial","Gmaps"],
    ["23425","Artsy Plastic Surgery Clinic","Jl. Padang Golf","prelist","MEDAN POLONIA","SUKA DAMAI","LINGKUNGAN 5","","","Q. Jasa Kesehatan dan Kegiatan Sosial","Gmaps"],
    ["23426","Eudora Aesthetic Clinic - Sun Plaza Mall","Jl. Kh. Zainul Arifin No.7","prelist","MEDAN POLONIA","MADRAS HULU","LINGKUNGAN 9","","","Q. Jasa Kesehatan dan Kegiatan Sosial","Gmaps"],
    ["23427","Dr. Lizz Skin Care","Komplek Cbd","prelist","MEDAN POLONIA","SUKA DAMAI","LINGKUNGAN 5","","","Q. Jasa Kesehatan dan Kegiatan Sosial","Gmaps"],
    ["23428","ZAP Clinic Sun Plaza Medan","Jalan H Jl. Kh. Zainul Arifin No.7","prelist","MEDAN POLONIA","MADRAS HULU","LINGKUNGAN 9","","","Q. Jasa Kesehatan dan Kegiatan Sosial","Gmaps"],
    ["23429","Adelyn Beauty","Komplek","prelist","MEDAN POLONIA","SUKA DAMAI","LINGKUNGAN 4","","","Q. Jasa Kesehatan dan Kegiatan Sosial","Gmaps"],
    ["23430","Mimi Herawati Am. Keb","Jl. Teratai No.30","prelist","MEDAN POLONIA","SARI REJO","LINGKUNGAN 5","","","Q. Jasa Kesehatan dan Kegiatan Sosial","Gmaps"],
    ["23431","Praktek Bidan Nova","Jl. Karya Perbatasan","prelist","MEDAN POLONIA","SARI REJO","LINGKUNGAN 8","","","Q. Jasa Kesehatan dan Kegiatan Sosial","Gmaps"],
    ["23432","Bidan samsidar","Jl. Karya Dharma No.33","prelist","MEDAN POLONIA","POLONIA","LINGKUNGAN 4","","","Q. Jasa Kesehatan dan Kegiatan Sosial","Gmaps"],
    ["23433","Lokasi vaksin COVID-19 - Sma Negeri 1 Medan","Jl. Teuku Cik Ditiro No.1","prelist","MEDAN POLONIA","MADRAS HULU","LINGKUNGAN 4","","","Q. Jasa Kesehatan dan Kegiatan Sosial","Gmaps"],
    ["23434","dr. A.H. Sutanto, Sp.A(k)","Jl. Imam Bonjol No.36","prelist","MEDAN POLONIA","MADRAS HULU","LINGKUNGAN 8","","","Q. Jasa Kesehatan dan Kegiatan Sosial","Gmaps"],
    ["23435","Praktek dr. Stephanus","Jl. Ternak No.42","prelist","MEDAN POLONIA","POLONIA","LINGKUNGAN 6","","","Q. Jasa Kesehatan dan Kegiatan Sosial","Gmaps"],
    ["23436","Praktek dr. Sri Mella Tala, Sp THT-KL","Jl. Polonia No.38","prelist","MEDAN POLONIA","POLONIA","LINGKUNGAN 1","","","Q. Jasa Kesehatan dan Kegiatan Sosial","Gmaps"],
    ["23437","Toko Obat Berizin \"Dewi\"","Jl. Cinta Karya","prelist","MEDAN POLONIA","SARI REJO","LINGKUNGAN 1","","","Q. Jasa Kesehatan dan Kegiatan Sosial","Gmaps"],
    ["23438","Toko Obat Keyla Farma","Jl. Teratai","prelist","MEDAN POLONIA","SARI REJO","LINGKUNGAN 5","","","Q. Jasa Kesehatan dan Kegiatan Sosial","Gmaps"],
    ["23439","Toko Obat DIVA REJEKI","Jl. Karya Bakti No.10","prelist","MEDAN POLONIA","SARI REJO","LINGKUNGAN 1","","","Q. Jasa Kesehatan dan Kegiatan Sosial","Gmaps"],
    ["23440","Toko Obat Cando Berizin","Jl. Balai Desa No.48","prelist","MEDAN POLONIA","POLONIA","LINGKUNGAN 8","","","Q. Jasa Kesehatan dan Kegiatan Sosial","Gmaps"],
    ["23441","Toko Obat Berizin Anugrah","Jl. Balai Desa No.31","prelist","MEDAN POLONIA","POLONIA","LINGKUNGAN 9","","","Q. Jasa Kesehatan dan Kegiatan Sosial","Gmaps"],
    ["23442","Toko Obat Sehat Sentosa","Jl. Karya Bakti Ii No.54","prelist","MEDAN POLONIA","SARI REJO","LINGKUNGAN 7","","","Q. Jasa Kesehatan dan Kegiatan Sosial","Gmaps"],
    ["23443","TOKO OBAT BERIZIN","Jl. Starban","prelist","MEDAN POLONIA","POLONIA","LINGKUNGAN 10","","","Q. Jasa Kesehatan dan Kegiatan Sosial","Gmaps"],
    ["23444","Ny. Tajuddin","Jl. Muara Takus No.69","prelist","MEDAN POLONIA","MADRAS HULU","LINGKUNGAN 4","","","Q. Jasa Kesehatan dan Kegiatan Sosial","Gmaps"],
    ["23445","TOKO OBAT DESI","Jl. Balai Desa No.10","prelist","MEDAN POLONIA","POLONIA","LINGKUNGAN 8","","","Q. Jasa Kesehatan dan Kegiatan Sosial","Gmaps"],
    ["23446","CNI BINDI NUTRIMOIST","Jl. Starban Gg. Bilal No.32","prelist","MEDAN POLONIA","POLONIA","LINGKUNGAN 10","","","Q. Jasa Kesehatan dan Kegiatan Sosial","Gmaps"],
    ["23447","British Propolis Medan Polonia","Jl. Gelatik No.107","prelist","MEDAN POLONIA","SARI REJO","LINGKUNGAN 6","","","Q. Jasa Kesehatan dan Kegiatan Sosial","Gmaps"],
    ["23448","Toko Obat Kasih Farma","Jl. Mawar No.16 A","prelist","MEDAN POLONIA","SARI REJO","LINGKUNGAN 5","","","Q. Jasa Kesehatan dan Kegiatan Sosial","Gmaps"],
    ["23449","Toko Obat Rivana medan","Jl. Starban No.84","prelist","MEDAN POLONIA","POLONIA","LINGKUNGAN 10","","","Q. Jasa Kesehatan dan Kegiatan Sosial","Gmaps"],
    ["23450","Sky Nightspot","Jl. Komp. Cbd Polonia No.26","prelist","MEDAN POLONIA","SUKA DAMAI","LINGKUNGAN 5","","","I. Penyediaan Akomodasi dan Makan Minum","Gmaps"],
    ["23451","Sake Room City View Polonia","Jl. Komodor Muda Adi Sucipto","prelist","MEDAN POLONIA","SUKA DAMAI","LINGKUNGAN 3","","","I. Penyediaan Akomodasi dan Makan Minum","Gmaps"],
    ["23452","HW Helen's Live Bar Medan","Jl. A. Rivai","prelist","MEDAN POLONIA","MADRAS HULU","LINGKUNGAN 8","","","I. Penyediaan Akomodasi dan Makan Minum","Gmaps"],
    ["23453","Golden hole bar&ktv","Suka Damai, Kec. Medan Polonia, Kota Medan, Sumatera Utara 20219","prelist","MEDAN POLONIA","SUKA DAMAI","LINGKUNGAN 5","","","R. Kesenian, Hiburan dan Rekreasi","Gmaps"],
    ["23454","Grand Fix Resto & Lounge","Komplek River View","prelist","MEDAN POLONIA","SUKA DAMAI","LINGKUNGAN 3","","","R. Kesenian, Hiburan dan Rekreasi","Gmaps"],
    ["23455","Wine Karaoke","Jl. Jenderal Sudirman No.14","prelist","MEDAN POLONIA","MADRAS HULU","LINGKUNGAN 8","","","R. Kesenian, Hiburan dan Rekreasi","Gmaps"],
    ["23456","Sky Club Karaoke & Sport Lounge","Jl. Haji Jl. Kh. Zainul Arifin No.1 A","prelist","MEDAN POLONIA","MADRAS HULU","LINGKUNGAN 9","","","R. Kesenian, Hiburan dan Rekreasi","Gmaps"],
    ["23457","Krypton Pool, Beer House & Ktv","Suka Damai, Kec. Medan Polonia, Kota Medan, Sumatera Utara 20219","prelist","MEDAN POLONIA","SUKA DAMAI","LINGKUNGAN 5","","","R. Kesenian, Hiburan dan Rekreasi","Gmaps"],
    ["23458","Home","Jl. Karya Sehati No.27","prelist","MEDAN POLONIA","POLONIA","LINGKUNGAN 5","","","Q. Jasa Kesehatan dan Kegiatan Sosial","Gmaps"],
    ["23459","Rumah Aspirasi Dr.Sofyan Tan","Blk. G, Suka Damai, Kec. Medan Polonia, Kota Medan, Sumatera Utara 20219","prelist","MEDAN POLONIA","SUKA DAMAI","LINGKUNGAN 5","","","Q. Jasa Kesehatan dan Kegiatan Sosial","Gmaps"],
    ["23460","Pura Agung Raksa Buana","Jl. Polonia No.216","prelist","MEDAN POLONIA","POLONIA","LINGKUNGAN 6","","","Q. Jasa Kesehatan dan Kegiatan Sosial","Gmaps"],
    ["23461","Praktek Umum Dr Bala Krisnan Marimutu","Jl. Teuku Umar No.40","prelist","MEDAN POLONIA","MADRAS HULU","LINGKUNGAN 5","","","Q. Jasa Kesehatan dan Kegiatan Sosial","Gmaps"],
    ["23462","Praktek Bersama","Jl. Kh. Zainul Arifin No.173 F","prelist","MEDAN POLONIA","MADRAS HULU","LINGKUNGAN 1","","","Q. Jasa Kesehatan dan Kegiatan Sosial","Gmaps"],
    ["23463","Praktek Umum dr. Andre budi","No. 8J","prelist","MEDAN POLONIA","MADRAS HULU","LINGKUNGAN 7","","","Q. Jasa Kesehatan dan Kegiatan Sosial","Gmaps"],
    ["23464","Praktek dr William Tandean","Jl. Padang Golf Jl. Komp. Cbd Polonia No.Cc. 80","prelist","MEDAN POLONIA","SUKA DAMAI","LINGKUNGAN 5","","","Q. Jasa Kesehatan dan Kegiatan Sosial","Gmaps"],
    ["23465","Dr. Sutrisno","Jl. Polonia No.30-38","prelist","MEDAN POLONIA","POLONIA","LINGKUNGAN 1","","","Q. Jasa Kesehatan dan Kegiatan Sosial","Gmaps"],
    ["23466","Gg bersama","Jl. Starban","prelist","MEDAN POLONIA","POLONIA","LINGKUNGAN 9","","","R. Kesenian, Hiburan dan Rekreasi","Gmaps"],
    ["23467","Little India Gate ( ?????? ??????? ??????????/Gerbang India Kecil)","Jl. Kh. Zainul Arifin","prelist","MEDAN POLONIA","MADRAS HULU","LINGKUNGAN 1","","","R. Kesenian, Hiburan dan Rekreasi","Gmaps"],
    ["23468","Kampoeng Selfie (Kongsi)","Jl. Dr. Cipto","prelist","MEDAN POLONIA","ANGGRUNG","LINGKUNGAN 2","","","R. Kesenian, Hiburan dan Rekreasi","Gmaps"],
    ["23469","Stodio 87","Jl. Adi Sucipto No.70","prelist","MEDAN POLONIA","SUKA DAMAI","LINGKUNGAN 5","","","R. Kesenian, Hiburan dan Rekreasi","Gmaps"],
    ["23470","Zoom club & ktv executive","Suka Damai, Kec. Medan Polonia, Kota Medan, Sumatera Utara 20219","prelist","MEDAN POLONIA","SUKA DAMAI","LINGKUNGAN 5","","","R. Kesenian, Hiburan dan Rekreasi","Gmaps"],
    ["23471","ALECTRACBDPOLONIA","Jl. Adi Sucipto No.50","prelist","MEDAN POLONIA","SUKA DAMAI","LINGKUNGAN 3","","","R. Kesenian, Hiburan dan Rekreasi","Gmaps"],
    ["23472","Overhead TI.01 Adi Sucipto","Jl. Karya Jaya","prelist","MEDAN POLONIA","SARI REJO","LINGKUNGAN 6","","","I. Penyediaan Akomodasi dan Makan Minum","Gmaps"],
    ["23473","Rumah Ipin Biling","Gg. Persatuan No.16","prelist","MEDAN POLONIA","SARI REJO","LINGKUNGAN 3","","","I. Penyediaan Akomodasi dan Makan Minum","Gmaps"],
    ["23474","L.I.T.S BAR & DINE","Jl. Teuku Daud No.9","prelist","MEDAN POLONIA","MADRAS HULU","LINGKUNGAN 9","","","I. Penyediaan Akomodasi dan Makan Minum","Gmaps"],
    ["23475","Warnet","Jl. Teuku Cik Ditiro No.128","prelist","MEDAN POLONIA","MADRAS HULU","LINGKUNGAN 7","","","I. Penyediaan Akomodasi dan Makan Minum","Gmaps"],
    ["23476","88 Social Billiard & Café","Jl. Komp. Cbd Polonia Blok. Aa No.Kavling 53 A","prelist","MEDAN POLONIA","SUKA DAMAI","LINGKUNGAN 5","","","I. Penyediaan Akomodasi dan Makan Minum","Gmaps"],
    ["23477","Desa perpulungen","Jl. Ir. H. Juanda Ii No.28","prelist","MEDAN POLONIA","SUKA DAMAI","LINGKUNGAN 5","","","I. Penyediaan Akomodasi dan Makan Minum","Gmaps"],
    ["23478","Marlojong Place BD","Unnamed Road, Suka Damai, Kec. Medan Polonia, Kota Medan, Sumatera Utara 20219","prelist","MEDAN POLONIA","SUKA DAMAI","LINGKUNGAN 5","","","I. Penyediaan Akomodasi dan Makan Minum","Gmaps"],
    ["23479","LigaIDN | Bar & Lounge","Polonia, Kec. Medan Polonia, Kota Medan, Sumatera Utara 20157","prelist","MEDAN POLONIA","POLONIA","LINGKUNGAN 6","","","I. Penyediaan Akomodasi dan Makan Minum","Gmaps"],
    ["23480","Masdulhak Garden Club House","Anggrung, Kec. Medan Polonia, Kota Medan, Sumatera Utara 20222","prelist","MEDAN POLONIA","ANGGRUNG","LINGKUNGAN 2","","","I. Penyediaan Akomodasi dan Makan Minum","Gmaps"],
    ["23481","Rumah barang Irvan","Jl. Bilal Gg. Landasan No.44","prelist","MEDAN POLONIA","SARI REJO","LINGKUNGAN 1","","","I. Penyediaan Akomodasi dan Makan Minum","Gmaps"],
    ["23482","Taekwondo Oditurat Militer Tinggi 1 Medan","Jl. Pangeran Diponegoro No.28","prelist","MEDAN POLONIA","MADRAS HULU","LINGKUNGAN 7","","","R. Kesenian, Hiburan dan Rekreasi","Gmaps"],
    ["23483","Yoga Ananda Marga","Suka Damai, Kec. Medan Polonia, Kota Medan, Sumatera Utara","prelist","MEDAN POLONIA","SUKA DAMAI","LINGKUNGAN 5","","","R. Kesenian, Hiburan dan Rekreasi","Gmaps"],
    ["23484","add","Gg. Bilal","prelist","MEDAN POLONIA","POLONIA","LINGKUNGAN 10","","","R. Kesenian, Hiburan dan Rekreasi","Gmaps"],
    ["23485","ASHTA STUDIO","Jl. Komp. Cbd Polonia No.69 Blok Dd 68","prelist","MEDAN POLONIA","SUKA DAMAI","LINGKUNGAN 5","","","R. Kesenian, Hiburan dan Rekreasi","Gmaps"],
    ["23486","TRIBE FIT - Sun Plaza","Jl. Kh. Zainul Arifin No.7","prelist","MEDAN POLONIA","MADRAS HULU","LINGKUNGAN 9","","","R. Kesenian, Hiburan dan Rekreasi","Gmaps"],
    ["23487","Posturalign Pilates Studio","Komplek Riverview","prelist","MEDAN POLONIA","SUKA DAMAI","LINGKUNGAN 3","","","R. Kesenian, Hiburan dan Rekreasi","Gmaps"],
    ["23488","Fin's Body Factory","Jl. Komp. Cbd Polonia","prelist","MEDAN POLONIA","SUKA DAMAI","LINGKUNGAN 5","","","R. Kesenian, Hiburan dan Rekreasi","Gmaps"],
    ["23489","DRACO WATERPARK","Jl. Mongonsidi","prelist","MEDAN POLONIA","POLONIA","LINGKUNGAN 1","","","R. Kesenian, Hiburan dan Rekreasi","Gmaps"],
    ["23490","Taman malibu","Suka Damai, Kec. Medan Polonia, Kota Medan, Sumatera Utara 20219","prelist","MEDAN POLONIA","SUKA DAMAI","LINGKUNGAN 3","","","R. Kesenian, Hiburan dan Rekreasi","Gmaps"],
    ["23491","Tempat Pemakaman Umum Sari Rejo","Jl. Cinta Karya Gg. Muhajirin","prelist","MEDAN POLONIA","SARI REJO","LINGKUNGAN 7","","","R. Kesenian, Hiburan dan Rekreasi","Gmaps"],
    ["23492","Kebun MD CBD","Suka Damai, Kec. Medan Polonia, Kota Medan, Sumatera Utara 20159","prelist","MEDAN POLONIA","SUKA DAMAI","LINGKUNGAN 5","","","R. Kesenian, Hiburan dan Rekreasi","Gmaps"],
    ["23493","Simpang Raya Madras","Jl. Imam Bonjol","prelist","MEDAN POLONIA","MADRAS HULU","LINGKUNGAN 8","","","R. Kesenian, Hiburan dan Rekreasi","Gmaps"],
    ["23494","TAMAN MIS MUHAJIRIN","Sari Rejo, Kec. Medan Polonia, Kota Medan, Sumatera Utara 20146","prelist","MEDAN POLONIA","SARI REJO","LINGKUNGAN 7","","","R. Kesenian, Hiburan dan Rekreasi","Gmaps"],
    ["23495","Vihara Sinar Buddha (BLIA) ???????","Kompleks Cbd","prelist","MEDAN POLONIA","SUKA DAMAI","LINGKUNGAN 5","","","R. Kesenian, Hiburan dan Rekreasi","Gmaps"],
    ["23496","Masjid Agung Kota Medan Sumatera Utara","Jl. Pangeran Diponegoro","prelist","MEDAN POLONIA","MADRAS HULU","LINGKUNGAN 9","","","R. Kesenian, Hiburan dan Rekreasi","Gmaps"],
    ["23497","Pondok Sukrisno","Sari Rejo, Kec. Medan Polonia, Kota Medan, Sumatera Utara","prelist","MEDAN POLONIA","SARI REJO","LINGKUNGAN 6","","","R. Kesenian, Hiburan dan Rekreasi","Gmaps"],
    ["23498","TEAM SAHAM MEDAN TSM COMMUNITY","Gg. Buntu Jl. Mawar","prelist","MEDAN POLONIA","SARI REJO","LINGKUNGAN 4","","","R. Kesenian, Hiburan dan Rekreasi","Gmaps"],
    ["23499","HISO BILLIARD CENTRE","No. 105 - 107","prelist","MEDAN POLONIA","MADRAS HULU","LINGKUNGAN 1","","","R. Kesenian, Hiburan dan Rekreasi","Gmaps"],
    ["23500","Konsulat Jenderal Jepang","Jl. Pangeran Diponegoro No.18 Lantai 5","prelist","MEDAN POLONIA","MADRAS HULU","LINGKUNGAN 9","","","R. Kesenian, Hiburan dan Rekreasi","Gmaps"],
    ["23501","Perpustakaan Taman Langit","Jl. Ternak I No.1","prelist","MEDAN POLONIA","POLONIA","LINGKUNGAN 6","","","R. Kesenian, Hiburan dan Rekreasi","Gmaps"],
    ["23502","IRGIE","Jalan Karang Sari","prelist","MEDAN POLONIA","SARI REJO","LINGKUNGAN 1","","","R. Kesenian, Hiburan dan Rekreasi","Gmaps"],
    ["23503","Irgie gallery","Jl. Adi Sucipto","prelist","MEDAN POLONIA","SARI REJO","LINGKUNGAN 6","","","R. Kesenian, Hiburan dan Rekreasi","Gmaps"],
    ["23504","estherfangstudio","Jl. Perhubungan Udara No.45R","prelist","MEDAN POLONIA","SUKA DAMAI","LINGKUNGAN 5","","","R. Kesenian, Hiburan dan Rekreasi","Gmaps"],
    ["23505","Home Studio Record Mobile","Jl. Karya April No.42","prelist","MEDAN POLONIA","SARI REJO","LINGKUNGAN 7","","","R. Kesenian, Hiburan dan Rekreasi","Gmaps"],
    ["23506","DELIMA FUTSAL","Jl. Ternak No.103/235","prelist","MEDAN POLONIA","POLONIA","LINGKUNGAN 7","","","R. Kesenian, Hiburan dan Rekreasi","Gmaps"],
    ["23507","Polonia futsal","Jl. Polonia No.531","prelist","MEDAN POLONIA","POLONIA","LINGKUNGAN 9","","","R. Kesenian, Hiburan dan Rekreasi","Gmaps"],
    ["23508","Spainspa","Madras Hulu, Kec. Medan Polonia, Kota Medan, Sumatera Utara 20151","prelist","MEDAN POLONIA","MADRAS HULU","LINGKUNGAN 9","","","R. Kesenian, Hiburan dan Rekreasi","Gmaps"],
    ["23509","Cinta cantik","Jl. Karya Bakti Ii","prelist","MEDAN POLONIA","SARI REJO","LINGKUNGAN 1","","","R. Kesenian, Hiburan dan Rekreasi","Gmaps"],
    ["23510","POWERHOUSE Muay Thai Kickboxing Studio","Kompleks Cbd","prelist","MEDAN POLONIA","SUKA DAMAI","LINGKUNGAN 5","","","R. Kesenian, Hiburan dan Rekreasi","Gmaps"],
    ["23511","PTM Malibu ( Malibu Table Tennis Club )","Malibu Gym, Suka Damai, Kec. Medan Polonia, Kota Medan, Sumatera Utara 20217","prelist","MEDAN POLONIA","SUKA DAMAI","LINGKUNGAN 1","","","R. Kesenian, Hiburan dan Rekreasi","Gmaps"],
    ["23512","iken salon","Gg. Mantri No.03","prelist","MEDAN POLONIA","POLONIA","LINGKUNGAN 9","","","S. Aktivitas Jasa Lainnya","Gmaps"],
    ["23513","Qi Gong 88","Jl. Komp. Cbd Polonia No.91 Blok Bb No.90","prelist","MEDAN POLONIA","SUKA DAMAI","LINGKUNGAN 5","","","R. Kesenian, Hiburan dan Rekreasi","Gmaps"],
    ["23514","Les Renang Medan - Justswim Indonesia","Komplek Cbd Jl. Padang Golf No.49","prelist","MEDAN POLONIA","SUKA DAMAI","LINGKUNGAN 5","","","R. Kesenian, Hiburan dan Rekreasi","Gmaps"],
    ["23515","Lapangan Tennis","Jl. Mongonsidi","prelist","MEDAN POLONIA","ANGGRUNG","LINGKUNGAN 4","","","R. Kesenian, Hiburan dan Rekreasi","Gmaps"],
    ["23516","Redcourt Tennis Clay Court @redcourt_tennis","Suka Damai, Kec. Medan Polonia, Kota Medan, Sumatera Utara","prelist","MEDAN POLONIA","SUKA DAMAI","LINGKUNGAN 5","","","R. Kesenian, Hiburan dan Rekreasi","Gmaps"],
    ["23517","Lanud Golf Driving Range","Polonia, Kec. Medan Polonia, Kota Medan, Sumatera Utara 20159","prelist","MEDAN POLONIA","SUKA DAMAI","LINGKUNGAN 5","","","R. Kesenian, Hiburan dan Rekreasi","Gmaps"],
    ["23518","Gor Basket Sioux Lanud Soewondo","Jl. Komodor Muda Adi Sucipto No.1","prelist","MEDAN POLONIA","SUKA DAMAI","LINGKUNGAN 3","","","R. Kesenian, Hiburan dan Rekreasi","Gmaps"],
    ["23519","Sanggar Lady's Centre","Jl. Mongonsidi No.69","prelist","MEDAN POLONIA","POLONIA","LINGKUNGAN 4","","","R. Kesenian, Hiburan dan Rekreasi","Gmaps"],
    ["23520","Tunas Harapan Studio Musik","Jl. Mongonsidi No.23","prelist","MEDAN POLONIA","POLONIA","LINGKUNGAN 1","","","R. Kesenian, Hiburan dan Rekreasi","Gmaps"],
    ["23521","Ardiansyah","Titin payung medan, Sari Rejo, Kec. Medan Polonia, Kota Medan, Sumatera Utara","prelist","MEDAN POLONIA","SARI REJO","LINGKUNGAN 1","","","R. Kesenian, Hiburan dan Rekreasi","Gmaps"],
    ["23522","Rumah","Jl. Dc. Barito","prelist","MEDAN POLONIA","SUKA DAMAI","LINGKUNGAN 2","","","R. Kesenian, Hiburan dan Rekreasi","Gmaps"],
    ["23523","Tanah binson simbolon","Jl. Perjuangan Ii No.184","prelist","MEDAN POLONIA","SUKA DAMAI","LINGKUNGAN 5","","","R. Kesenian, Hiburan dan Rekreasi","Gmaps"],
    ["23524","Tanah otto marpaung","Sari Rejo, Kec. Medan Polonia, Kota Medan, Sumatera Utara","prelist","MEDAN POLONIA","SARI REJO","LINGKUNGAN 6","","","R. Kesenian, Hiburan dan Rekreasi","Gmaps"],
    ["23525","Pohon Gang Muhajirin","Gg. Muhajirin","prelist","MEDAN POLONIA","SARI REJO","LINGKUNGAN 7","","","R. Kesenian, Hiburan dan Rekreasi","Gmaps"],
    ["23526","Rumah Taufik","Jl. Karya Bersama","prelist","MEDAN POLONIA","POLONIA","LINGKUNGAN 5","","","R. Kesenian, Hiburan dan Rekreasi","Gmaps"],
    ["23527","LAUREN BARBERSHOP","Jl. Teuku Umar No.38","prelist","MEDAN POLONIA","MADRAS HULU","LINGKUNGAN 5","","","I. Penyediaan Akomodasi dan Makan Minum","Gmaps"],
    ["23528","Kama Hair Studio","Jl. Kh Agus Salim No.5","prelist","MEDAN POLONIA","MADRAS HULU","LINGKUNGAN 8","","","I. Penyediaan Akomodasi dan Makan Minum","Gmaps"],
    ["23529","SIMBOLON BARBER","Jl. Starban No.430","prelist","MEDAN POLONIA","POLONIA","LINGKUNGAN 12","","","I. Penyediaan Akomodasi dan Makan Minum","Gmaps"],
    ["23530","Spartan Barbershop Teuku Umar","Jl. Teuku Umar No.50-52","prelist","MEDAN POLONIA","MADRAS HULU","LINGKUNGAN 5","","","I. Penyediaan Akomodasi dan Makan Minum","Gmaps"],
    ["23531","Pieter Lim Salon","Jalan Kh. Zainul Arifin No. 7","prelist","MEDAN POLONIA","MADRAS HULU","LINGKUNGAN 9","","","S. Aktivitas Jasa Lainnya","Gmaps"],
    ["23532","Cucan Salon","Jl. Cempaka","prelist","MEDAN POLONIA","SARI REJO","LINGKUNGAN 4","","","S. Aktivitas Jasa Lainnya","Gmaps"],
    ["23533","Sarah Salon","Gg. Mak'Ruf","prelist","MEDAN POLONIA","SARI REJO","LINGKUNGAN 9","","","S. Aktivitas Jasa Lainnya","Gmaps"],
    ["23534","Ipeh salon","Gg. Bilal","prelist","MEDAN POLONIA","POLONIA","LINGKUNGAN 10","","","S. Aktivitas Jasa Lainnya","Gmaps"],
    ["23535","All's Salon","Jl. Teuku Umar No.28/32","prelist","MEDAN POLONIA","MADRAS HULU","LINGKUNGAN 5","","","S. Aktivitas Jasa Lainnya","Gmaps"],
    ["23536","Her Lounge","Jl. Teuku Cik Ditiro No.8L","prelist","MEDAN POLONIA","MADRAS HULU","LINGKUNGAN 6","","","S. Aktivitas Jasa Lainnya","Gmaps"],
    ["23537","ARISKA BEAUTY STUDIO","Jl. Teuku Cik Ditiro No.8C","prelist","MEDAN POLONIA","MADRAS HULU","LINGKUNGAN 6","","","S. Aktivitas Jasa Lainnya","Gmaps"],
    ["23538","Lady Boss • THE BEAUTY BAR","Jl. Komp. Cbd Polonia No.52 Blok Bb","prelist","MEDAN POLONIA","SUKA DAMAI","LINGKUNGAN 5","","","S. Aktivitas Jasa Lainnya","Gmaps"],
    ["23539","Lucky Salon","Jl. Kediri No.58","prelist","MEDAN POLONIA","MADRAS HULU","LINGKUNGAN 3","","","S. Aktivitas Jasa Lainnya","Gmaps"],
    ["23540","Friska Salon","Jl. Karya Bakti Ii No.57","prelist","MEDAN POLONIA","SARI REJO","LINGKUNGAN 2","","","S. Aktivitas Jasa Lainnya","Gmaps"],
    ["23541","METHA SALON MEDAN","Jl. Cinta Karya","prelist","MEDAN POLONIA","SARI REJO","LINGKUNGAN 2","","","S. Aktivitas Jasa Lainnya","Gmaps"],
    ["23542","Star Laundry","Jl. Ternak No.47A","prelist","MEDAN POLONIA","POLONIA","LINGKUNGAN 6","","","S. Aktivitas Jasa Lainnya","Gmaps"],
    ["23543","Sachiko Salon and SPA for Baby,Kids and Mom","Jl. Cinta Karya No.69","prelist","MEDAN POLONIA","SARI REJO","LINGKUNGAN 3","","","S. Aktivitas Jasa Lainnya","Gmaps"],
    ["23544","Facial wash kolagen Hpai","Jl. Karya Bersama No.44","prelist","MEDAN POLONIA","POLONIA","LINGKUNGAN 5","","","S. Aktivitas Jasa Lainnya","Gmaps"],
    ["23545","Pijat panggilan wanita ginger spa","Jl. Starban Gg. Murni","prelist","MEDAN POLONIA","POLONIA","LINGKUNGAN 10","","","S. Aktivitas Jasa Lainnya","Gmaps"],
    ["23546","Massage lulur muslimah medan","Jl. Teratai Gg.Iklas No.3","prelist","MEDAN POLONIA","SARI REJO","LINGKUNGAN 5","","","S. Aktivitas Jasa Lainnya","Gmaps"],
    ["23547","surya","Jl. Kediri","prelist","MEDAN POLONIA","MADRAS HULU","LINGKUNGAN 3","","","S. Aktivitas Jasa Lainnya","Gmaps"],
    ["23548","GM Family Massage& Reflexology","Jl. Cut Mutia No.10","prelist","MEDAN POLONIA","MADRAS HULU","LINGKUNGAN 9","","","S. Aktivitas Jasa Lainnya","Gmaps"],
    ["23549","Pijat panggilan beauty massage","Jl. Mongonsidi","prelist","MEDAN POLONIA","POLONIA","LINGKUNGAN 3","","","S. Aktivitas Jasa Lainnya","Gmaps"],
    ["23550","Terapis pijat spa yudhi handoko","Jl. Karya Sejati No.81 A","prelist","MEDAN POLONIA","POLONIA","LINGKUNGAN 5","","","S. Aktivitas Jasa Lainnya","Gmaps"],
    ["23551","Spruzzo Spa, Your Organic Life","Jl. Hang Lekiu No.1","prelist","MEDAN POLONIA","MADRAS HULU","LINGKUNGAN 7","","","S. Aktivitas Jasa Lainnya","Gmaps"],
    ["23552","Heritage Spa","Jl. Komp. Cbd Polonia Blok Dd No 104-105","prelist","MEDAN POLONIA","SUKA DAMAI","LINGKUNGAN 5","","","S. Aktivitas Jasa Lainnya","Gmaps"],
    ["23553","Bobby Pangkas","Jl. Teratai","prelist","MEDAN POLONIA","SARI REJO","LINGKUNGAN 9","","","I. Penyediaan Akomodasi dan Makan Minum","Gmaps"],
    ["23554","Pangkas Mantap","Sari Rejo, Kec. Medan Polonia, Kota Medan, Sumatera Utara 20157","prelist","MEDAN POLONIA","SARI REJO","LINGKUNGAN 1","","","I. Penyediaan Akomodasi dan Makan Minum","Gmaps"],
    ["23555","Pangkas sahabat","Jl. Starban","prelist","MEDAN POLONIA","POLONIA","LINGKUNGAN 7","","","I. Penyediaan Akomodasi dan Makan Minum","Gmaps"],
    ["23556","Pangkas sahabat","Jl. Balai Desa","prelist","MEDAN POLONIA","POLONIA","LINGKUNGAN 8","","","I. Penyediaan Akomodasi dan Makan Minum","Gmaps"],
    ["23557","Al Fatih Barbershop","Jl. Cinta Karya No.74","prelist","MEDAN POLONIA","SARI REJO","LINGKUNGAN 3","","","I. Penyediaan Akomodasi dan Makan Minum","Gmaps"],
    ["23558","Usaha doorsmeer","Jl. Subur Ii Gg. Usaha","prelist","MEDAN POLONIA","SARI REJO","LINGKUNGAN 2","","","S. Aktivitas Jasa Lainnya","Gmaps"],
    ["23559","Doorsmeer JOREY","Gg. Mejuah Juah No.09","prelist","MEDAN POLONIA","SARI REJO","LINGKUNGAN 2","","","S. Aktivitas Jasa Lainnya","Gmaps"],
    ["23560","Doorsmeer Motor, Mobil, Becak, Ambal","Jl. Karya Lestari No.5","prelist","MEDAN POLONIA","POLONIA","LINGKUNGAN 4","","","S. Aktivitas Jasa Lainnya","Gmaps"],
    ["23561","BARUS CAR WASH","Jl. Cinta Karya No.57","prelist","MEDAN POLONIA","SARI REJO","LINGKUNGAN 1","","","S. Aktivitas Jasa Lainnya","Gmaps"],
    ["23562","Doorsmeer yoyo","Jl. Polonia","prelist","MEDAN POLONIA","POLONIA","LINGKUNGAN 6","","","S. Aktivitas Jasa Lainnya","Gmaps"],
    ["23563","Kartect Carwash & Detailing","No. Ee69","prelist","MEDAN POLONIA","SUKA DAMAI","LINGKUNGAN 5","","","S. Aktivitas Jasa Lainnya","Gmaps"],
    ["23564","C3 Car Care Centre","Jl. Mongonsidi","prelist","MEDAN POLONIA","POLONIA","LINGKUNGAN 4","","","S. Aktivitas Jasa Lainnya","Gmaps"],
    ["23565","Penjahit mama raffy","Jl. Adi Sucipto Jl. Sma 2","prelist","MEDAN POLONIA","SARI REJO","LINGKUNGAN 6","","","S. Aktivitas Jasa Lainnya","Gmaps"],
    ["23566","Novi jahit","Jl. Perjuangan No.1","prelist","MEDAN POLONIA","SARI REJO","LINGKUNGAN 5","","","S. Aktivitas Jasa Lainnya","Gmaps"],
    ["23567","Penjahit Sarah","Jl. Karya Sejati Gg. Permandian No.226","prelist","MEDAN POLONIA","POLONIA","LINGKUNGAN 5","","","S. Aktivitas Jasa Lainnya","Gmaps"],
    ["23568","Penjahit Naufal Busana Tailor","Jl. Subur No.68","prelist","MEDAN POLONIA","SARI REJO","LINGKUNGAN 2","","","S. Aktivitas Jasa Lainnya","Gmaps"],
    ["23569","The Exclusive Tailor Medan","Jl. Kh. Zainul Arifin No.81","prelist","MEDAN POLONIA","MADRAS HULU","LINGKUNGAN 1","","","S. Aktivitas Jasa Lainnya","Gmaps"],
    ["23570","TREVIRA TAILOR","Jl. Teuku Cik Ditiro No.72","prelist","MEDAN POLONIA","MADRAS HULU","LINGKUNGAN 6","","","S. Aktivitas Jasa Lainnya","Gmaps"],
    ["23571","Penjahit ima","Jl. Cempaka","prelist","MEDAN POLONIA","SARI REJO","LINGKUNGAN 3","","","S. Aktivitas Jasa Lainnya","Gmaps"],
    ["23572","PENJAHIT TIVOLI (?????? ?????????/Tivoli Taylor)","Jl. Teuku Cik Ditiro No.24","prelist","MEDAN POLONIA","MADRAS HULU","LINGKUNGAN 6","","","S. Aktivitas Jasa Lainnya","Gmaps"],
    ["23573","FOTO COPY SINAR JAYA","Jl. Karya Bakti Ii No.52","prelist","MEDAN POLONIA","SARI REJO","LINGKUNGAN 2","","","S. Aktivitas Jasa Lainnya","Gmaps"],
    ["23574","Laundry Snappy's","Jl. Mawar","prelist","MEDAN POLONIA","SARI REJO","LINGKUNGAN 4","","","S. Aktivitas Jasa Lainnya","Gmaps"],
    ["23575","HY Refleksi","Jl. Mongonsidi No.3638","prelist","MEDAN POLONIA","ANGGRUNG","LINGKUNGAN 5","","","S. Aktivitas Jasa Lainnya","Gmaps"],
    ["23576","Pangkas Kita","Jl. Antariksa","prelist","MEDAN POLONIA","SARI REJO","LINGKUNGAN 6","","","S. Aktivitas Jasa Lainnya","Gmaps"],
    ["23577","PANGKAS ZAHRA","Jalan Balai Desa Marindal Pasar 12 No 71","prelist","MEDAN POLONIA","POLONIA","LINGKUNGAN 9","","","S. Aktivitas Jasa Lainnya","Gmaps"],
    ["23578","PANGKAS SARI 2010","Jl. Cinta Karya No.20","prelist","MEDAN POLONIA","SARI REJO","LINGKUNGAN 1","","","S. Aktivitas Jasa Lainnya","Gmaps"],
    ["23579","Famili Pangkas","Jl. Mongonsidi","prelist","MEDAN POLONIA","POLONIA","LINGKUNGAN 4","","","S. Aktivitas Jasa Lainnya","Gmaps"],
    ["23580","RULL PANGKAS","Jl. Karya Bakti No.6","prelist","MEDAN POLONIA","SARI REJO","LINGKUNGAN 1","","","S. Aktivitas Jasa Lainnya","Gmaps"],
    ["23581","Am Tekno","Jl. Teratai Gg. Mulia","prelist","MEDAN POLONIA","SARI REJO","LINGKUNGAN 5","","","S. Aktivitas Jasa Lainnya","Gmaps"],
    ["23582","ARP AUDIO","Sari Rejo, Kec. Medan Polonia, Kota Medan, Sumatera Utara 20158","prelist","MEDAN POLONIA","SARI REJO","LINGKUNGAN 5","","","S. Aktivitas Jasa Lainnya","Gmaps"],
    ["23583","POLONIA SPEEDOMETER","Komplek Cbd","prelist","MEDAN POLONIA","SUKA DAMAI","LINGKUNGAN 5","","","S. Aktivitas Jasa Lainnya","Gmaps"],
    ["23584","Bintang Harapan Service Elektronika","Jl. Mawar No.16","prelist","MEDAN POLONIA","SARI REJO","LINGKUNGAN 4","","","S. Aktivitas Jasa Lainnya","Gmaps"],
    ["23585","JAYA SERVICE","Jl. Karya Bakti No.55","prelist","MEDAN POLONIA","SARI REJO","LINGKUNGAN 2","","","S. Aktivitas Jasa Lainnya","Gmaps"],
    ["23586","Servis Elektronika","Jl. Subur Ii","prelist","MEDAN POLONIA","SARI REJO","LINGKUNGAN 2","","","S. Aktivitas Jasa Lainnya","Gmaps"],
    ["23587","Ratu Gurning","Jl. Karya Bersama No.108","prelist","MEDAN POLONIA","POLONIA","LINGKUNGAN 5","","","S. Aktivitas Jasa Lainnya","Gmaps"],
    ["23588","PADANG GOLF MANSION","Jl. Dc Mahakam","prelist","MEDAN POLONIA","SUKA DAMAI","LINGKUNGAN 3","","","L. Real Estat","Gmaps"],
    ["23589","komplek polonia medan","Kompleks","prelist","MEDAN POLONIA","SUKA DAMAI","LINGKUNGAN 4","","","L. Real Estat","Gmaps"],
    ["23590","GBI+AVIA+CBD Polonia","Komp, CBD POLONIA blok C 50-52, Suka Damai, Kec. Medan Polonia, Kota Medan, Sumatera Utara 20159","prelist","MEDAN POLONIA","SUKA DAMAI","LINGKUNGAN 5","","","U. Kegiatan Badan Internasional dan Ekstra Internasional Lainnya","Gmaps"],
    ["23591","Persatuan Indonesia","Jl. Karya Sejati No.218","prelist","MEDAN POLONIA","POLONIA","LINGKUNGAN 5","","","U. Kegiatan Badan Internasional dan Ekstra Internasional Lainnya","Gmaps"],
    ["23592","Consulate Republic of Polandia","Jl. Masdulhak No.9A","prelist","MEDAN POLONIA","ANGGRUNG","LINGKUNGAN 4","","","U. Kegiatan Badan Internasional dan Ekstra Internasional Lainnya","Gmaps"],
    ["23593","Konsulat Finlandia","Madras Hulu, Kec. Medan Polonia, Kota Medan, Sumatera Utara 20151","prelist","MEDAN POLONIA","MADRAS HULU","LINGKUNGAN 7","","","U. Kegiatan Badan Internasional dan Ekstra Internasional Lainnya","Gmaps"],
    ["23594","Konsulat+Jenderal Malaysia","Jl. Pangeran Diponegoro No.43","prelist","MEDAN POLONIA","MADRAS HULU","LINGKUNGAN 8","","","U. Kegiatan Badan Internasional dan Ekstra Internasional Lainnya","Gmaps"],
    ["23595","Konsulat+Jenderal+India+di Medan","JL Uskup Agung A Sugiopranoto 19, Medan, 20152, Petisah Hulu, Medan Baru, Medan City, North Sumatra 20152","prelist","MEDAN POLONIA","MADRAS HULU","LINGKUNGAN 7","","","U. Kegiatan Badan Internasional dan Ekstra Internasional Lainnya","Gmaps"],
    ["23596","Rumah","Gg. Cemp.","prelist","MEDAN POLONIA","SARI REJO","LINGKUNGAN 9","","","T. Jasa Perorangan yang Melayani Rumah Tangga","Gmaps"],
    ["23597","Bengkel las Abu sukur 3/mesjid Nurdhuha","Jl. Purna Bhakti Gang Sukur 3 No.129","prelist","MEDAN POLONIA","SARI REJO","LINGKUNGAN 5","","","G. Perdagangan Besar dan Eceran, Reparasi Mobil dan Sepeda Motor","Gmaps"],
    ["23598","Bengkel Las Andika","Jl. Perjuangan Ii Gg. Damai No.Ujung","prelist","MEDAN POLONIA","SARI REJO","LINGKUNGAN 5","","","G. Perdagangan Besar dan Eceran, Reparasi Mobil dan Sepeda Motor","Gmaps"],
    ["23599","Bengkel Las Ellissa","Jl. Karya Bakti Ii","prelist","MEDAN POLONIA","SARI REJO","LINGKUNGAN 2","","","G. Perdagangan Besar dan Eceran, Reparasi Mobil dan Sepeda Motor","Gmaps"],
    ["23600","Marluga Bengkel Las","Jl. Bilal No.03","prelist","MEDAN POLONIA","SARI REJO","LINGKUNGAN 1","","","G. Perdagangan Besar dan Eceran, Reparasi Mobil dan Sepeda Motor","Gmaps"],
    ["23601","Bengkel Las Karya Abadi","Gg. Silaturahim","prelist","MEDAN POLONIA","SARI REJO","LINGKUNGAN 1","","","G. Perdagangan Besar dan Eceran, Reparasi Mobil dan Sepeda Motor","Gmaps"],
    ["23602","Bengkel Las Ridho","Jl. Teratai Gg. Rukun No.57","prelist","MEDAN POLONIA","SARI REJO","LINGKUNGAN 5","","","G. Perdagangan Besar dan Eceran, Reparasi Mobil dan Sepeda Motor","Gmaps"],
    ["23603","Bengkel las tata","Jl. Adi Sucipto","prelist","MEDAN POLONIA","SARI REJO","LINGKUNGAN 6","","","G. Perdagangan Besar dan Eceran, Reparasi Mobil dan Sepeda Motor","Gmaps"],
    ["23619","Tiara+Convention Center","Madras Hulu, Kec. Medan Polonia, Kota Medan, Sumatera Utara 20212","prelist","MEDAN POLONIA","MADRAS HULU","LINGKUNGAN 10","","","L. Real Estat","Gmaps"],
    ["23620","CBD+Polonia+Blok B28-29","Jl. Komp. Cbd Polonia No.29 Blok B28","prelist","MEDAN POLONIA","SUKA DAMAI","LINGKUNGAN 5","","","L. Real Estat","Gmaps"],
    ["23621","Kantor+Lurah Polonia","Jl. Balai Desa No.83","prelist","MEDAN POLONIA","POLONIA","LINGKUNGAN 9","","","L. Real Estat","Gmaps"],
    ["23622","Kantor+Penghubung+PT Inalum","Jl. R.A. Kartini No.21","prelist","MEDAN POLONIA","MADRAS HULU","LINGKUNGAN 8","","","L. Real Estat","Gmaps"],
    ["23623","Kantor+Gubernur+Sumatera Utara","Jl. Pangeran Diponegoro No.30","prelist","MEDAN POLONIA","MADRAS HULU","LINGKUNGAN 9","","","L. Real Estat","Gmaps"],
    ["23624","Kantor+Konsultan+Pajak+Irene Tarigan","Jl. Pangeran Diponegoro No.18","prelist","MEDAN POLONIA","MADRAS HULU","LINGKUNGAN 9","","","L. Real Estat","Gmaps"],
    ["23625","Kantor+Camat+Medan Polonia","Jl. Dc. Barito No.3","prelist","MEDAN POLONIA","SUKA DAMAI","LINGKUNGAN 3","","","L. Real Estat","Gmaps"],
    ["23626","Rumah rico","Jl. Perjuangan No.3","prelist","MEDAN POLONIA","SARI REJO","LINGKUNGAN 9","","","L. Real Estat","Gmaps"],
    ["23627","Emen house","Jl. Karya Jaya No.4","prelist","MEDAN POLONIA","POLONIA","LINGKUNGAN 4","","","L. Real Estat","Gmaps"],
    ["23628","The+CityView+Medan Condominium","Jl. Komodor Muda Adi Sucipto","prelist","MEDAN POLONIA","SUKA DAMAI","LINGKUNGAN 3","","","L. Real Estat","Gmaps"],
    ["23629","Hermes+Residences Polonia","Jl. Karya Murni","prelist","MEDAN POLONIA","POLONIA","LINGKUNGAN 1","","","L. Real Estat","Gmaps"],
    ["23630","HERMES RESIDENCES","Jl. Mongonsidi No.45","prelist","MEDAN POLONIA","POLONIA","LINGKUNGAN 3","","","L. Real Estat","Gmaps"],
    ["23631","Villa+Helios Polonia","Jl. Suwondo","prelist","MEDAN POLONIA","SUKA DAMAI","LINGKUNGAN 6","","","L. Real Estat","Gmaps"],
    ["23632","D%E2%80%99+Versailles Polonia","Suka Damai, Kec. Medan Polonia, Kota Medan, Sumatera Utara","prelist","MEDAN POLONIA","SUKA DAMAI","LINGKUNGAN 6","","","L. Real Estat","Gmaps"],
    ["23633","Komplek Villa Polonia Indah","Jl. Perhubungan Udara No.14","prelist","MEDAN POLONIA","SUKA DAMAI","LINGKUNGAN 5","","","L. Real Estat","Gmaps"],
    ["23634","Kale.co.id+%28+Media+Info+Lelang+Property medan%29","Gg. D No.15","prelist","MEDAN POLONIA","POLONIA","LINGKUNGAN 3","","","L. Real Estat","Gmaps"],
    ["23635","gesang+kwok property","Jl. Pagaruyung No.40","prelist","MEDAN POLONIA","MADRAS HULU","LINGKUNGAN 3","","","L. Real Estat","Gmaps"],
    ["23636","PT.+Taman+Malibu Indah","Jl. Malibu Indah Raya No.35","prelist","MEDAN POLONIA","SUKA DAMAI","LINGKUNGAN 3","","","L. Real Estat","Gmaps"],
    ["23637","Kontrakan ngasiman","Gg. Family","prelist","MEDAN POLONIA","POLONIA","LINGKUNGAN 12","","","L. Real Estat","Gmaps"],
    ["23638","Kontrakan+Martua Purba","Jl. Bilal Gg. Landasan","prelist","MEDAN POLONIA","SARI REJO","LINGKUNGAN 1","","","L. Real Estat","Gmaps"],
    ["23639","Juli+Queen Property","Jl Juanda No 40 Suka Damai Kecamatan Medan Polonia, Suka Damai, Kec. Medan Denai, Kota Medan, Sumatera Utara 20157","prelist","MEDAN POLONIA","SUKA DAMAI","LINGKUNGAN 4","","","L. Real Estat","Gmaps"],
    ["23640","JADE+Property Group","Jl. Polonia No.202","prelist","MEDAN POLONIA","POLONIA","LINGKUNGAN 6","","","L. Real Estat","Gmaps"],
    ["23641","Jayakarsa+Alumindo Construction","Ruko CBD Polonia B 64-65, Suka Damai, Kec. Medan Polonia, Kota Medan, Sumatera Utara 20159","prelist","MEDAN POLONIA","SUKA DAMAI","LINGKUNGAN 5","","","L. Real Estat","Gmaps"],
    ["23642","Rumah kontrakan","Jl. Karya Perbatasan No.73","prelist","MEDAN POLONIA","SARI REJO","LINGKUNGAN 8","","","L. Real Estat","Gmaps"],
    ["23643","Rumah+Kontrakan+Gang Damai","Jl. Perjuangan Ii Gg. Damai","prelist","MEDAN POLONIA","SARI REJO","LINGKUNGAN 5","","","L. Real Estat","Gmaps"],
    ["23644","Rumah+kontrakan rezza","Gg. Karto","prelist","MEDAN POLONIA","POLONIA","LINGKUNGAN 10","","","L. Real Estat","Gmaps"],
    ["23645","Rumah+Kontrakan Ida","Jl. Perjuangan Ii","prelist","MEDAN POLONIA","SARI REJO","LINGKUNGAN 5","","","L. Real Estat","Gmaps"],
    ["23646","Kost+KFC Walkot","Anggrung, Kec. Medan Polonia, Kota Medan, Sumatera Utara 20152","prelist","MEDAN POLONIA","ANGGRUNG","LINGKUNGAN 4","","","L. Real Estat","Gmaps"],
    ["23647","Kost+13 Betty","Jl. Karya Dharma No.7","prelist","MEDAN POLONIA","POLONIA","LINGKUNGAN 4","","","L. Real Estat","Gmaps"],
    ["23648","Kost+Ibu Sari","Jl. Pekong I No.5","prelist","MEDAN POLONIA","POLONIA","LINGKUNGAN 6","","","L. Real Estat","Gmaps"],
    ["23649","Aula+Mustang+Lanud Soewondo","Jl. Komodor Muda Adi Sucipto","prelist","MEDAN POLONIA","SUKA DAMAI","LINGKUNGAN 3","","","L. Real Estat","Gmaps"],
    ["23650","Perkumpulan Kempo Indonesia (PERKEMI) Sumatra Utara","Jl. Teratai No.188","prelist","MEDAN POLONIA","SARI REJO","LINGKUNGAN 5","","","U. Kegiatan Badan Internasional dan Ekstra Internasional Lainnya","Gmaps"],
    ["23651","GBI AVIA CBD Polonia","Komp, CBD POLONIA blok C 50-52, Suka Damai, Kec. Medan Polonia, Kota Medan, Sumatera Utara 20159","prelist","MEDAN POLONIA","SUKA DAMAI","LINGKUNGAN 5","","","U. Kegiatan Badan Internasional dan Ekstra Internasional Lainnya","Gmaps"],
    ["23652","Konsulat Kehormatan Timor Leste","Jl. Ir. H. Juanda","prelist","MEDAN POLONIA","SUKA DAMAI","LINGKUNGAN 5","","","U. Kegiatan Badan Internasional dan Ekstra Internasional Lainnya","Gmaps"],
    ["23653","Royal Netherlands Honorary Consulate","Jl. Mongonsidi No.45-T/39","prelist","MEDAN POLONIA","ANGGRUNG","LINGKUNGAN 2","","","U. Kegiatan Badan Internasional dan Ekstra Internasional Lainnya","Gmaps"],
    ["23654","Royal Danish Consulate","Jl. Hang Tuah No.8","prelist","MEDAN POLONIA","MADRAS HULU","LINGKUNGAN 7","","","U. Kegiatan Badan Internasional dan Ekstra Internasional Lainnya","Gmaps"],
    ["23655","Consulate Of Sweden","Jl. Hang Jebat No.2","prelist","MEDAN POLONIA","MADRAS HULU","LINGKUNGAN 7","","","U. Kegiatan Badan Internasional dan Ekstra Internasional Lainnya","Gmaps"],
    ["23656","People's Republic of China Consulate","Jl. Masdulhak No.12","prelist","MEDAN POLONIA","ANGGRUNG","LINGKUNGAN 4","","","U. Kegiatan Badan Internasional dan Ekstra Internasional Lainnya","Gmaps"],
    ["23657","Royal Thai Consulate","Jl. Cut Mutia No.6","prelist","MEDAN POLONIA","MADRAS HULU","LINGKUNGAN 9","","","U. Kegiatan Badan Internasional dan Ekstra Internasional Lainnya","Gmaps"],
    ["23658","Consulate of the United States of America (underconstruction)","Jl. Mongonsidi No.2","prelist","MEDAN POLONIA","ANGGRUNG","LINGKUNGAN 4","","","U. Kegiatan Badan Internasional dan Ekstra Internasional Lainnya","Gmaps"],
    ["23659","Consulate of Timor-Leste","Jl. Mongonsidi No.16 E","prelist","MEDAN POLONIA","SUKA DAMAI","LINGKUNGAN 5","","","U. Kegiatan Badan Internasional dan Ekstra Internasional Lainnya","Gmaps"],
    ["23660","Consulate Of Norway","Jl. Ir.H. Juanda I No.24E","prelist","MEDAN POLONIA","SUKA DAMAI","LINGKUNGAN 5","","","U. Kegiatan Badan Internasional dan Ekstra Internasional Lainnya","Gmaps"],
    ["23661","Pakistan Medan Consulate","Jl. Hang Tuah No.8","prelist","MEDAN POLONIA","MADRAS HULU","LINGKUNGAN 7","","","U. Kegiatan Badan Internasional dan Ekstra Internasional Lainnya","Gmaps"],
    ["23662","Konsulat Jenderal Malaysia","Jl. Pangeran Diponegoro No.43","prelist","MEDAN POLONIA","MADRAS HULU","LINGKUNGAN 8","","","U. Kegiatan Badan Internasional dan Ekstra Internasional Lainnya","Gmaps"],
    ["23663","Konsulat Jenderal India di Medan","JL Uskup Agung A Sugiopranoto 19, Medan, 20152, Petisah Hulu, Medan Baru, Medan City, North Sumatra 20152","prelist","MEDAN POLONIA","MADRAS HULU","LINGKUNGAN 7","","","U. Kegiatan Badan Internasional dan Ekstra Internasional Lainnya","Gmaps"],
    ["23664","Laskar+Merah+Putih+Kota Medan","Jl. Adi Sucipto No.5A","prelist","MEDAN POLONIA","SARI REJO","LINGKUNGAN 6","","","M. Jasa Profesional, Ilmiah, dan Teknis","Gmaps"],
    ["23665","Rumah Ricky","Gg. Bilal","prelist","MEDAN POLONIA","POLONIA","LINGKUNGAN 10","","","L. Real Estat","Gmaps"],
    ["23666","Gg.Kawanua","Sari Rejo, Kec. Medan Polonia, Kota Medan, Sumatera Utara 20158","prelist","MEDAN POLONIA","SARI REJO","LINGKUNGAN 5","","","L. Real Estat","Gmaps"],
    ["23667","Rumah","Jl. Karya Sehati No.23","prelist","MEDAN POLONIA","POLONIA","LINGKUNGAN 5","","","L. Real Estat","Gmaps"],
    ["23668","Rumah Atok MYZ Situmorang","Jl. Polonia No.6","prelist","MEDAN POLONIA","POLONIA","LINGKUNGAN 1","","","L. Real Estat","Gmaps"],
    ["23669","rumah yufan","Gg. Melati A","prelist","MEDAN POLONIA","SARI REJO","LINGKUNGAN 5","","","L. Real Estat","Gmaps"],
    ["23670","Gang Mesra Topui","Gg. Mesra","prelist","MEDAN POLONIA","POLONIA","LINGKUNGAN 8","","","L. Real Estat","Gmaps"],
    ["23671","The Oasis Penthouse","Jl. Komodor Muda Adi Sucipto","prelist","MEDAN POLONIA","SUKA DAMAI","LINGKUNGAN 3","","","L. Real Estat","Gmaps"],
    ["23672","Hermes Residences Polonia","Jl. Karya Murni","prelist","MEDAN POLONIA","POLONIA","LINGKUNGAN 1","","","L. Real Estat","Gmaps"],
    ["23673","The+Palace Residence","Suka Damai, Kec. Medan Polonia, Kota Medan, Sumatera Utara 20157","prelist","MEDAN POLONIA","SUKA DAMAI","LINGKUNGAN 5","","","L. Real Estat","Gmaps"],
    ["23674","Villa+Polonia Indah","Jl. Mustang No.20157","prelist","MEDAN POLONIA","SUKA DAMAI","LINGKUNGAN 6","","","L. Real Estat","Gmaps"],
    ["23675","Komplek+Polonia Riverview","Jl. Adi Sucipto No.33 Blok A","prelist","MEDAN POLONIA","SUKA DAMAI","LINGKUNGAN 3","","","L. Real Estat","Gmaps"],
    ["23676","Komplek+Masdulhak Garden","Jl. Dr. Cipto","prelist","MEDAN POLONIA","ANGGRUNG","LINGKUNGAN 2","","","L. Real Estat","Gmaps"],
    ["23677","Kompleks+Grand Polonia","Suka Damai, Kec. Medan Polonia, Kota Medan, Sumatera Utara 20159","prelist","MEDAN POLONIA","SUKA DAMAI","LINGKUNGAN 5","","","L. Real Estat","Gmaps"],
    ["23678","KPPBC+TMP+B Medan","Jl. Suwondo No.1","prelist","MEDAN POLONIA","SUKA DAMAI","LINGKUNGAN 6","","","U. Kegiatan Badan Internasional dan Ekstra Internasional Lainnya","Gmaps"],
    ["23679","Bea+Cukai Medan","Jl. Suwondo No.1","prelist","MEDAN POLONIA","SUKA DAMAI","LINGKUNGAN 5","","","U. Kegiatan Badan Internasional dan Ekstra Internasional Lainnya","Gmaps"],
    ["23680","Dinas Perhubungan SUMATERA UTARA","Jl. Imam Bonjol","prelist","MEDAN POLONIA","SUKA DAMAI","LINGKUNGAN 4","","","U. Kegiatan Badan Internasional dan Ekstra Internasional Lainnya","Gmaps"],
    ["23681","Kos GINTING Pasar Pitu","Sari Rejo, Kec. Medan Polonia, Kota Medan, Sumatera Utara 20158","prelist","MEDAN POLONIA","SARI REJO","LINGKUNGAN 5","","","L. Real Estat","Gmaps"],
    ["23682","KOST RENI khusus laki2","Jl. Kediri No.26","prelist","MEDAN POLONIA","MADRAS HULU","LINGKUNGAN 3","","","L. Real Estat","Gmaps"],
    ["23683","Kost 13 Betty","Jl. Karya Dharma No.7","prelist","MEDAN POLONIA","POLONIA","LINGKUNGAN 4","","","L. Real Estat","Gmaps"],
    ["23684","Kost Ibu Sari","Jl. Pekong I No.5","prelist","MEDAN POLONIA","POLONIA","LINGKUNGAN 6","","","L. Real Estat","Gmaps"],
    ["23685","INTERLOKAL","Jl. Teuku Cik Ditiro No.110A","prelist","MEDAN POLONIA","MADRAS HULU","LINGKUNGAN 7","","","L. Real Estat","Gmaps"],
    ["23686","Aula Mustang Lanud Soewondo","Jl. Komodor Muda Adi Sucipto","prelist","MEDAN POLONIA","SUKA DAMAI","LINGKUNGAN 3","","","L. Real Estat","Gmaps"],
    ["23687","Tiara Convention Center","Madras Hulu, Kec. Medan Polonia, Kota Medan, Sumatera Utara 20212","prelist","MEDAN POLONIA","MADRAS HULU","LINGKUNGAN 10","","","L. Real Estat","Gmaps"],
    ["23688","PT. Sumber Jaya Indahnusa Coy","Jl. Ir. H. Juanda No.36","prelist","MEDAN POLONIA","SUKA DAMAI","LINGKUNGAN 4","","","L. Real Estat","Gmaps"],
    ["23689","PT. THB","Jl. Jenderal Sudirman No.10/22","prelist","MEDAN POLONIA","MADRAS HULU","LINGKUNGAN 8","","","L. Real Estat","Gmaps"],
    ["23690","CBD Polonia Blok B28-29","Jl. Komp. Cbd Polonia No.29 Blok B28","prelist","MEDAN POLONIA","SUKA DAMAI","LINGKUNGAN 5","","","L. Real Estat","Gmaps"],
    ["23691","Rumah raihan","Gg. Cemp. No.78","prelist","MEDAN POLONIA","SARI REJO","LINGKUNGAN 9","","","L. Real Estat","Gmaps"],
    ["23692","KBP PTP","Jl. Pangeran Diponegoro No.37","prelist","MEDAN POLONIA","MADRAS HULU","LINGKUNGAN 8","","","L. Real Estat","Gmaps"],
    ["23693","RIO WATER","Jl. Jenderal Besar A.H. Nasution Jl. Karya April","prelist","MEDAN POLONIA","SARI REJO","LINGKUNGAN 7","","","L. Real Estat","Gmaps"],
    ["23694","Rumah lili","Jl. Perjuangan Ii","prelist","MEDAN POLONIA","SARI REJO","LINGKUNGAN 5","","","L. Real Estat","Gmaps"],
    ["23695","Rumah","Jl. Starban No.427","prelist","MEDAN POLONIA","POLONIA","LINGKUNGAN 12","","","L. Real Estat","Gmaps"],
    ["23696","rumah sukhbir","Sari Rejo, Kec. Medan Polonia, Kota Medan, Sumatera Utara 20158","prelist","MEDAN POLONIA","SARI REJO","LINGKUNGAN 5","","","L. Real Estat","Gmaps"],
    ["23697","AGC","Polonia, Kec. Medan Polonia, Kota Medan, Sumatera Utara 20157","prelist","MEDAN POLONIA","POLONIA","LINGKUNGAN 1","","","L. Real Estat","Gmaps"],
    ["23698","Kale.co.id ( Media Info Lelang Property medan)","Gg. D No.15","prelist","MEDAN POLONIA","POLONIA","LINGKUNGAN 3","","","L. Real Estat","Gmaps"],
    ["23699","gesang kwok property","Jl. Pagaruyung No.40","prelist","MEDAN POLONIA","MADRAS HULU","LINGKUNGAN 3","","","L. Real Estat","Gmaps"],
    ["23700","Kontrakan Martua Purba","Jl. Bilal Gg. Landasan","prelist","MEDAN POLONIA","SARI REJO","LINGKUNGAN 1","","","L. Real Estat","Gmaps"],
    ["23701","Jewel Villas","Jl. Pendidikan No.2","prelist","MEDAN POLONIA","POLONIA","LINGKUNGAN 1","","","L. Real Estat","Gmaps"],
    ["23702","Medan Polonia","Jl. Antariksa","prelist","MEDAN POLONIA","SARI REJO","LINGKUNGAN 9","","","L. Real Estat","Gmaps"],
    ["23703","SS polonia","Compek CBD polonia, blok SS 68, Suka Damai, Medan Polonia, Medan City, North Sumatra","prelist","MEDAN POLONIA","SUKA DAMAI","LINGKUNGAN 5","","","L. Real Estat","Gmaps"],
    ["23704","Griya Sehat","Jl. Karya Kasih No.73 Ff","prelist","MEDAN POLONIA","POLONIA","LINGKUNGAN 4","","","L. Real Estat","Gmaps"],
    ["23705","Jakartanotebook Medan","Jl. Jenggala No.75","prelist","MEDAN POLONIA","MADRAS HULU","LINGKUNGAN 2","","","L. Real Estat","Gmaps"],
    ["23706","Rumah Kontrakan Gang Damai","Jl. Perjuangan Ii Gg. Damai","prelist","MEDAN POLONIA","SARI REJO","LINGKUNGAN 5","","","L. Real Estat","Gmaps"],
    ["23707","Rumah Kontrakan Ida","Jl. Perjuangan Ii","prelist","MEDAN POLONIA","SARI REJO","LINGKUNGAN 5","","","L. Real Estat","Gmaps"],
    ["23708","KOST BOBBY","Jl. Karya Pembangunan No.38","prelist","MEDAN POLONIA","POLONIA","LINGKUNGAN 3","","","L. Real Estat","Gmaps"],
    ["23709","Kost Sagala","Jl. Karya April","prelist","MEDAN POLONIA","SARI REJO","LINGKUNGAN 7","","","L. Real Estat","Gmaps"],
    ["23710","Kost Saudara","Jalan Gajah Mada Gg. Saudara","prelist","MEDAN POLONIA","SARI REJO","LINGKUNGAN 1","","","L. Real Estat","Gmaps"],
    ["23711","Kost mamii","Jl. Karya Bersama No.8","prelist","MEDAN POLONIA","POLONIA","LINGKUNGAN 3","","","L. Real Estat","Gmaps"],
    ["23712","Kost HAQI","Gg. Mak'Ruf No.5","prelist","MEDAN POLONIA","SARI REJO","LINGKUNGAN 9","","","L. Real Estat","Gmaps"],
    ["23713","BINTANG PONSEL","Jl. Polonia No.29C","prelist","MEDAN POLONIA","POLONIA","LINGKUNGAN 2","","","G. Perdagangan Besar dan Eceran, Reparasi Mobil dan Sepeda Motor","Gmaps"],
    ["23714","Kios si Kembar/KEDE BG BUYUNG/Kembar Cell Group","Jl. Karya Dharma No.46","prelist","MEDAN POLONIA","POLONIA","LINGKUNGAN 4","","","G. Perdagangan Besar dan Eceran, Reparasi Mobil dan Sepeda Motor","Gmaps"],
    ["23715","Vian cell","Jl. Bilal No.25","prelist","MEDAN POLONIA","SARI REJO","LINGKUNGAN 1","","","G. Perdagangan Besar dan Eceran, Reparasi Mobil dan Sepeda Motor","Gmaps"],
    ["23716","VIA PONSEL CELULLER","Jl. Cinta Karya","prelist","MEDAN POLONIA","SARI REJO","LINGKUNGAN 2","","0896-3094-8554","G. Perdagangan Besar dan Eceran, Reparasi Mobil dan Sepeda Motor","Gmaps"],
    ["23717","Cindy Ponsel","Jl. Teratai","prelist","MEDAN POLONIA","SARI REJO","LINGKUNGAN 5","","0813-7506-4442","G. Perdagangan Besar dan Eceran, Reparasi Mobil dan Sepeda Motor","Gmaps"],
    ["23718","Ayasha Ponsel","Sari Rejo, Kec. Medan Polonia, Kota Medan, Sumatera Utara","prelist","MEDAN POLONIA","SARI REJO","LINGKUNGAN 1","","","G. Perdagangan Besar dan Eceran, Reparasi Mobil dan Sepeda Motor","Gmaps"],
    ["23719","Medan Reload","Jl. Teratai No.15","prelist","MEDAN POLONIA","SARI REJO","LINGKUNGAN 5","","","G. Perdagangan Besar dan Eceran, Reparasi Mobil dan Sepeda Motor","Gmaps"],
    ["23720","D'Birong 2 ponsel","Jl. Mawar No.10","prelist","MEDAN POLONIA","SARI REJO","LINGKUNGAN 5","","","G. Perdagangan Besar dan Eceran, Reparasi Mobil dan Sepeda Motor","Gmaps"],
    ["23721","Dian Ponsel","Gg. Landasan","prelist","MEDAN POLONIA","SARI REJO","LINGKUNGAN 1","","","G. Perdagangan Besar dan Eceran, Reparasi Mobil dan Sepeda Motor","Gmaps"],
    ["23722","Filosofi Data Ponsel","Jl. Mawar No.10","prelist","MEDAN POLONIA","SARI REJO","LINGKUNGAN 5","","","G. Perdagangan Besar dan Eceran, Reparasi Mobil dan Sepeda Motor","Gmaps"],
    ["23723","Ponsel 21","Gg. A No.21/49","prelist","MEDAN POLONIA","POLONIA","LINGKUNGAN 3","","","G. Perdagangan Besar dan Eceran, Reparasi Mobil dan Sepeda Motor","Gmaps"],
    ["23724","Acong Ponsel","Jl. Ternak No.101","prelist","MEDAN POLONIA","POLONIA","LINGKUNGAN 7","","","G. Perdagangan Besar dan Eceran, Reparasi Mobil dan Sepeda Motor","Gmaps"],
    ["23725","FIKRY PONSEL","Jl. Adi Sucipto","prelist","MEDAN POLONIA","SARI REJO","LINGKUNGAN 6","","","G. Perdagangan Besar dan Eceran, Reparasi Mobil dan Sepeda Motor","Gmaps"],
    ["23726","ABADI PONSEL","Jl. Starban No.79","prelist","MEDAN POLONIA","POLONIA","LINGKUNGAN 9","","","G. Perdagangan Besar dan Eceran, Reparasi Mobil dan Sepeda Motor","Gmaps"],
    ["23727","Cbd polonia lampu","Unnamed Road, Suka Damai, Kec. Medan Polonia, Kota Medan, Sumatera Utara 20219","prelist","MEDAN POLONIA","SUKA DAMAI","LINGKUNGAN 5","","","R. Kesenian, Hiburan dan Rekreasi","Gmaps"],
    ["23728","Gg kolam","Sari Rejo, Kec. Medan Polonia, Kota Medan, Sumatera Utara 20217","prelist","MEDAN POLONIA","SARI REJO","LINGKUNGAN 6","","","R. Kesenian, Hiburan dan Rekreasi","Gmaps"],
    ["23742","nusanet","Jl. Mawar No.10","prelist","MEDAN POLONIA","SARI REJO","LINGKUNGAN 5","","0856-6969-6332","G. Perdagangan Besar dan Eceran, Reparasi Mobil dan Sepeda Motor","Gmaps"],
    ["23743","D'BIRONG PONSEL","Jl. Mawar No.50","prelist","MEDAN POLONIA","SARI REJO","LINGKUNGAN 8","","","G. Perdagangan Besar dan Eceran, Reparasi Mobil dan Sepeda Motor","Gmaps"],
    ["23744","Yusra Cell","Jl. Karya Bakti Ii","prelist","MEDAN POLONIA","SARI REJO","LINGKUNGAN 2","","","G. Perdagangan Besar dan Eceran, Reparasi Mobil dan Sepeda Motor","Gmaps"],
    ["35227","USAHA AYAM PENYET (JOKO)","JALAN TERATAI GANG BUNGA","prelist","MEDAN POLONIA","SARI REJO","LINGKUNGAN 5","","","I. Penyediaan Akomodasi dan Makan Minum","SBR"],
    ["35229","PRUDENTIAL","KOMPLEK CBD POLONIA BLOK E NO 94","prelist","MEDAN POLONIA","SUKA DAMAI","LINGKUNGAN 5","","","K. Aktivitas Keuangan Dan Asuransi","SBR"],
    ["35231","PRAKTEK KESEHATAN GIGI MITRA DENTAL CLINIC","JALAN KH ZAINUL ARIFIN NO 171A-B","prelist","MEDAN POLONIA","MADRAS HULU","LINGKUNGAN 6","","","Q. Jasa Kesehatan dan Kegiatan Sosial","SBR"],
    ["35232","PENJUAL BAJU (AHONG)","JL MUARA TAKUS","prelist","MEDAN POLONIA","MADRAS HULU","LINGKUNGAN 4","","","G. Perdagangan Besar dan Eceran, Reparasi Mobil dan Sepeda Motor","SBR"],
    ["35241","NEW MAM BABYS","SUN PLAZA LT 1 NO 25","prelist","MEDAN POLONIA","MADRAS HULU","LINGKUNGAN 9","","","G. Perdagangan Besar dan Eceran, Reparasi Mobil dan Sepeda Motor","SBR"],
    ["35264","ECERAN GAS ELPIJI (SUSAN)","JALAN MUARA TAKUS NO 189","prelist","MEDAN POLONIA","MADRAS HULU","LINGKUNGAN 4","","","G. Perdagangan Besar dan Eceran, Reparasi Mobil dan Sepeda Motor","SBR"],
    ["35265","GLOSS INC","KOMPLEK CBD POLONIA BLOK EE-108 109","prelist","MEDAN POLONIA","SUKA DAMAI","LINGKUNGAN 5","","","G. Perdagangan Besar dan Eceran, Reparasi Mobil dan Sepeda Motor","SBR"],
    ["35294","TOY MART","JALAN KH ZAINUL ARIFIN","prelist","MEDAN POLONIA","MADRAS HULU","LINGKUNGAN 1","","","G. Perdagangan Besar dan Eceran, Reparasi Mobil dan Sepeda Motor","SBR"],
    ["35321","BAKSO DAN MIE AYAM (KARYO)","JALAN KH ZAINUL ARIFIN","prelist","MEDAN POLONIA","MADRAS HULU","LINGKUNGAN 1","","","I. Penyediaan Akomodasi dan Makan Minum","SBR"],
    ["35366","RM MONGONSIDI","KOMPLEK CBD POLONIA BLOK EE-90-91","prelist","MEDAN POLONIA","SUKA DAMAI","LINGKUNGAN 5","","","I. Penyediaan Akomodasi dan Makan Minum","SBR"],
    ["35420","KEDAI(HOTMAN)","J L MELATI","prelist","MEDAN POLONIA","SARI REJO","LINGKUNGAN 5","","","G. Perdagangan Besar dan Eceran, Reparasi Mobil dan Sepeda Motor","SBR"],
    ["35453","PENYEWAAN TEMPAT USAHA","JALAN STARBAN","prelist","MEDAN POLONIA","POLONIA","LINGKUNGAN 9","","","L. Real Estat","SBR"],
    ["35615","PONSEL (JAYA)","JALAN TERATAI NO.4","prelist","MEDAN POLONIA","SARI REJO","LINGKUNGAN 5","","","J. Informasi dan Komunikasi","SBR"],
    ["35630","RESTO ITCHO SUSHI","JALAN R A KARTINI NO 30","prelist","MEDAN POLONIA","MADRAS HULU","LINGKUNGAN 10","","","I. Penyediaan Akomodasi dan Makan Minum","SBR"],
    ["35631","BENGKEL SPBU 14201115","JALAN IMAM BONJOL BUNDARAN SUDIRMAN","prelist","MEDAN POLONIA","MADRAS HULU","LINGKUNGAN 8","","","C. Industri Pengolahan","SBR"],
    ["35655","VINC SHOP","SUN PLAZA LT 1","prelist","MEDAN POLONIA","MADRAS HULU","LINGKUNGAN 9","","","G. Perdagangan Besar dan Eceran, Reparasi Mobil dan Sepeda Motor","SBR"],
    ["35658","PENYEWAAN TENDA <KALIFAH>","JL MAWAR GG BUNTU","prelist","MEDAN POLONIA","SARI REJO","LINGKUNGAN 8","","","N. Jasa Persewaan, Ketenagakerjaan, Agen Perjalanan, dan Jasa Pendukung","SBR"],
    ["35659","SAMSUNG SMART CELCULAR","GEDUNG LIPPO SUN PLAZA","prelist","MEDAN POLONIA","MADRAS HULU","LINGKUNGAN 9","","","G. Perdagangan Besar dan Eceran, Reparasi Mobil dan Sepeda Motor","SBR"],
    ["35660","MAKMUR JEWELLERY","GEDUNG LIPPO SUN PLAZA LANTAI G","prelist","MEDAN POLONIA","MADRAS HULU","LINGKUNGAN 9","","","G. Perdagangan Besar dan Eceran, Reparasi Mobil dan Sepeda Motor","SBR"],
    ["35685","BEBEK PRESTO (MAS KOBOY)","JALAN CINTA KARYA","prelist","MEDAN POLONIA","SARI REJO","LINGKUNGAN 1","","","I. Penyediaan Akomodasi dan Makan Minum","SBR"],
    ["35707","JUAL PULSA (RONY)","JLN PEKONG NO 95 / 16","prelist","MEDAN POLONIA","POLONIA","LINGKUNGAN 6","","","J. Informasi dan Komunikasi","SBR"],
    ["35722","UNIVERSITAS SETIA BUDI MANDIRI","KOMPLEK CBD POLONIA BLOK DD NO 9","prelist","MEDAN POLONIA","SUKA DAMAI","LINGKUNGAN 5","","","P. Pendidikan","SBR"],
    ["35734","PERALATAN DAPUR (ADE)","JALAN MUARA TAKUS PAJAK","prelist","MEDAN POLONIA","MADRAS HULU","LINGKUNGAN 4","","","G. Perdagangan Besar dan Eceran, Reparasi Mobil dan Sepeda Motor","SBR"],
    ["35740","RUMAH KOST KOSTAN","JALAN JENGGALA","prelist","MEDAN POLONIA","MADRAS HULU","LINGKUNGAN 1","","","I. Penyediaan Akomodasi dan Makan Minum","SBR"],
    ["35808","TOKO KELONTONG (ANISAH)","JALAN CIKDITIRO NO 30","prelist","MEDAN POLONIA","MADRAS HULU","LINGKUNGAN 6","","","G. Perdagangan Besar dan Eceran, Reparasi Mobil dan Sepeda Motor","SBR"],
    ["35809","USAHA FOTOCOPY (LINA)","JALAN TEUKU CIK DITIRO","prelist","MEDAN POLONIA","MADRAS HULU","LINGKUNGAN 7","","","N. Jasa Persewaan, Ketenagakerjaan, Agen Perjalanan, dan Jasa Pendukung","SBR"],
    ["35822","PERSEWAAN KAMAR KOS (TAJUDDIN)","JALAN MUARA TAKUS","prelist","MEDAN POLONIA","MADRAS HULU","LINGKUNGAN 4","","","I. Penyediaan Akomodasi dan Makan Minum","SBR"],
    ["35823","KIOS BUAH (ROULI)","JALAN MUARA TAKUS PAJAK","prelist","MEDAN POLONIA","MADRAS HULU","LINGKUNGAN 4","","","G. Perdagangan Besar dan Eceran, Reparasi Mobil dan Sepeda Motor","SBR"],
    ["35824","PERSEWAAN KAMAR KOS (AISJAH)","JALAN MUARA TAKUS NO 199","prelist","MEDAN POLONIA","MADRAS HULU","LINGKUNGAN 4","","","I. Penyediaan Akomodasi dan Makan Minum","SBR"],
    ["35853","D&B TOKO KUE (DINI)","JALAN C I K DITIRO N 019","prelist","MEDAN POLONIA","MADRAS HULU","LINGKUNGAN 4","","","C. Industri Pengolahan","SBR"],
    ["35857","KIOS BUAH (ACING)","JALAN MUARA TAKUS","prelist","MEDAN POLONIA","MADRAS HULU","LINGKUNGAN 4","","","G. Perdagangan Besar dan Eceran, Reparasi Mobil dan Sepeda Motor","SBR"],
    ["35858","KAMAR KOS (TAN CUAN)","JALAN MUARA TAKUS NO 163","prelist","MEDAN POLONIA","MADRAS HULU","LINGKUNGAN 4","","","I. Penyediaan Akomodasi dan Makan Minum","SBR"],
    ["35870","CHOO CHOO TRAIN","SUN PLAZA ATRIUM LT 2","prelist","MEDAN POLONIA","MADRAS HULU","LINGKUNGAN 9","","","R. Kesenian, Hiburan, dan Rekreasi","SBR"],
    ["35874","DOKTER GIGI (LINAMELATI)","JALAN TUMAR NO 57","prelist","MEDAN POLONIA","MADRAS HULU","LINGKUNGAN 5","","","Q. Jasa Kesehatan dan Kegiatan Sosial","SBR"],
    ["35875","KEDAI GORENGAN(ERINA)","JL MUARA TAKUS","prelist","MEDAN POLONIA","MADRAS HULU","LINGKUNGAN 4","","","C. Industri Pengolahan","SBR"],
    ["35888","WARUNG MAKAN KAKI LIMA (KAK EFI)","JL CIK DITIRO","prelist","MEDAN POLONIA","MADRAS HULU","LINGKUNGAN 6","","","I. Penyediaan Akomodasi dan Makan Minum","SBR"],
    ["35889","DENTAL CLINIC","JALAN TEUKU CIK DITIRO NO 86","prelist","MEDAN POLONIA","MADRAS HULU","LINGKUNGAN 6","","","Q. Jasa Kesehatan dan Kegiatan Sosial","SBR"],
    ["35890","KIOS PULSA (ARIANTO)","JL ZAINUL ARIFIN","prelist","MEDAN POLONIA","MADRAS HULU","LINGKUNGAN 1","","","J. Informasi dan Komunikasi","SBR"],
    ["35891","REPARASI SEPEDA (BUNSEN)","JALAN JENGGALA NO 63","prelist","MEDAN POLONIA","MADRAS HULU","LINGKUNGAN 2","","","G. Perdagangan Besar dan Eceran, Reparasi Mobil dan Sepeda Motor","SBR"],
    ["35892","KIOS BAJU BEKAS (ENI)","JALAN MUARA TAKUS","prelist","MEDAN POLONIA","MADRAS HULU","LINGKUNGAN 4","","","G. Perdagangan Besar dan Eceran, Reparasi Mobil dan Sepeda Motor","SBR"],
    ["35893","KEDAI SAMPAH (ABOY)","JL MUARA TAKUS","prelist","MEDAN POLONIA","MADRAS HULU","LINGKUNGAN 4","","","G. Perdagangan Besar dan Eceran, Reparasi Mobil dan Sepeda Motor","SBR"],
    ["35901","BUMBU PECAL (IWAN)","JALAN MUARA TAKUS","prelist","MEDAN POLONIA","MADRAS HULU","LINGKUNGAN 4","","","C. Industri Pengolahan","SBR"],
    ["35913","KANTIN SEKOLAH (NIA)","JALAN SELAMAT LIYADI NO 7","prelist","MEDAN POLONIA","MADRAS HULU","LINGKUNGAN 7","","","I. Penyediaan Akomodasi dan Makan Minum","SBR"],
    ["35976","FASHION CORNER","JALAN MONGONSIDI","prelist","MEDAN POLONIA","POLONIA","LINGKUNGAN 1","","","G. Perdagangan Besar dan Eceran, Reparasi Mobil dan Sepeda Motor","SBR"],
    ["35995","KARTU PERDANA (IRHAM MUNIROH)","JALAN DC BARITO","prelist","MEDAN POLONIA","SUKA DAMAI","LINGKUNGAN 2","","","J. Informasi dan Komunikasi","SBR"],
    ["36231","LONDON KIDS","SUN PLAZA LTIA NO 09","prelist","MEDAN POLONIA","MADRAS HULU","LINGKUNGAN 9","","","G. Perdagangan Besar dan Eceran, Reparasi Mobil dan Sepeda Motor","SBR"],
    ["36235","WARUNG MAKAN KAKI LIMA(RUDI)","JALAN WALI KOTA","prelist","MEDAN POLONIA","ANGGRUNG","LINGKUNGAN 4","","","I. Penyediaan Akomodasi dan Makan Minum","SBR"],
    ["36238","FOTO COPY","JALAN TERATAI NO.12","prelist","MEDAN POLONIA","SARI REJO","LINGKUNGAN 5","","","N. Jasa Persewaan, Ketenagakerjaan, Agen Perjalanan, dan Jasa Pendukung","SBR"],
    ["36281","KIOS KOSMETIK (NUR)","JALAN MUARA TAKUS NO 38","prelist","MEDAN POLONIA","MADRAS HULU","LINGKUNGAN 4","","","G. Perdagangan Besar dan Eceran, Reparasi Mobil dan Sepeda Motor","SBR"],
    ["36286","JUAL OBAT HERBAL (YETTI)","JALAN MAWAR LK 8","prelist","MEDAN POLONIA","SARI REJO","LINGKUNGAN 4","","","G. Perdagangan Besar dan Eceran, Reparasi Mobil dan Sepeda Motor","SBR"],
    ["36304","SNL","LT 38 NO 25-26 SUN PLAZA","prelist","MEDAN POLONIA","MADRAS HULU","LINGKUNGAN 9","","","G. Perdagangan Besar dan Eceran, Reparasi Mobil dan Sepeda Motor","SBR"],
    ["36305","NATURAL","SUN PLAZA LT 2A NO 36","prelist","MEDAN POLONIA","MADRAS HULU","LINGKUNGAN 9","","","G. Perdagangan Besar dan Eceran, Reparasi Mobil dan Sepeda Motor","SBR"],
    ["36315","BENSIN ECERAN (SAFRI)","JL.SINGKIL MEDAN","prelist","MEDAN POLONIA","SUKA DAMAI","LINGKUNGAN 5","","","G. Perdagangan Besar dan Eceran, Reparasi Mobil dan Sepeda Motor","SBR"],
    ["36328","MAHKOTA WACTH","SUN PLAZA LT2B NO 36- 37","prelist","MEDAN POLONIA","MADRAS HULU","LINGKUNGAN 9","","","G. Perdagangan Besar dan Eceran, Reparasi Mobil dan Sepeda Motor","SBR"],
    ["36481","DEPOT AIR <NARHURA>","GANG KARYA APRIL","prelist","MEDAN POLONIA","SARI REJO","LINGKUNGAN 7","","","C. Industri Pengolahan","SBR"],
    ["36603","TOKO YOGA (RISWANTINI)","JALAN BILAL","prelist","MEDAN POLONIA","SARI REJO","LINGKUNGAN 1","","","G. Perdagangan Besar dan Eceran, Reparasi Mobil dan Sepeda Motor","SBR"],
    ["36632","USAHA TAMBAL BAN KAKI LIMA(ABDUL RAZAK)","JALAN SISINGAMANGARAJ A","prelist","MEDAN POLONIA","MADRAS HULU","LINGKUNGAN 7","","","C. Industri Pengolahan","SBR"],
    ["36633","USAHA RUMAH MAKAN (IMO)","JALAN S PARMAN","prelist","MEDAN POLONIA","MADRAS HULU","LINGKUNGAN 7","","","I. Penyediaan Akomodasi dan Makan Minum","SBR"],
    ["36646","SARAPAN PAGI","JALAN JENGGALA","prelist","MEDAN POLONIA","MADRAS HULU","LINGKUNGAN 1","","","I. Penyediaan Akomodasi dan Makan Minum","SBR"],
    ["36649","BABERSHOP BARBADOX","JALAN IMAM BONJOL BUNDARAN SUDIRMAN","prelist","MEDAN POLONIA","MADRAS HULU","LINGKUNGAN 8","","","S. Aktivitas Jasa Lainnya","SBR"],
    ["36666","BELL COFFEE","KOMPLEKS MULTATULI BLOK AA NO 45","prelist","MEDAN POLONIA","SUKA DAMAI","LINGKUNGAN 5","","","I. Penyediaan Akomodasi dan Makan Minum","SBR"],
    ["36719","RS ABDUL MALIK","JL IMAM BONJOL NO 1","prelist","MEDAN POLONIA","SUKA DAMAI","LINGKUNGAN 5","","","Q. Jasa Kesehatan dan Kegiatan Sosial","SBR"],
    ["36742","BUANA PHOTO","GEDUNG LIFPO SUN PLAZA LANTAI LG","prelist","MEDAN POLONIA","MADRAS HULU","LINGKUNGAN 9","","","G. Perdagangan Besar dan Eceran, Reparasi Mobil dan Sepeda Motor","SBR"],
    ["36777","AURIS PINKO","SUN PLAZA LT 1 NO 1B","prelist","MEDAN POLONIA","MADRAS HULU","LINGKUNGAN 9","","","G. Perdagangan Besar dan Eceran, Reparasi Mobil dan Sepeda Motor","SBR"],
    ["36778","WARKOP MEDAN","JALAN T CIK DITIRO","prelist","MEDAN POLONIA","MADRAS HULU","LINGKUNGAN 7","","","I. Penyediaan Akomodasi dan Makan Minum","SBR"],
    ["36779","MANDYKO HAIR BOUTIQUE","SUN PLAZA 12A-2AB JALAN ZAINUL ARIFIN","prelist","MEDAN POLONIA","MADRAS HULU","LINGKUNGAN 9","","","S. Aktivitas Jasa Lainnya","SBR"],
    ["36782","JUAL DONAT(DIAN)","JLN BALAI DESA NO 54","prelist","MEDAN POLONIA","POLONIA","LINGKUNGAN 8","","","I. Penyediaan Akomodasi dan Makan Minum","SBR"],
    ["36786","IPOYO","L3B 28 SUN PLAZA","prelist","MEDAN POLONIA","MADRAS HULU","LINGKUNGAN 9","","","G. Perdagangan Besar dan Eceran, Reparasi Mobil dan Sepeda Motor","SBR"],
    ["36787","PENJAHIT BAJU (AHAU)","JALAN MUARA TAKUS","prelist","MEDAN POLONIA","MADRAS HULU","LINGKUNGAN 4","","","C. Industri Pengolahan","SBR"],
    ["36791","MISTERWAFFLE","LT 4 SUN PLAZA","prelist","MEDAN POLONIA","MADRAS HULU","LINGKUNGAN 9","","","I. Penyediaan Akomodasi dan Makan Minum","SBR"],
    ["36792","KIOS SEMBAKO(FAJAR)","JL MUARA TAKUS","prelist","MEDAN POLONIA","MADRAS HULU","LINGKUNGAN 4","","","G. Perdagangan Besar dan Eceran, Reparasi Mobil dan Sepeda Motor","SBR"],
    ["36793","PENJAHIT (LINA SILALAHI)","JL MUARA TAKUS","prelist","MEDAN POLONIA","MADRAS HULU","LINGKUNGAN 4","","","C. Industri Pengolahan","SBR"],
    ["36811","MANZONE","SUN PLAZA LT 1 NO 31","prelist","MEDAN POLONIA","MADRAS HULU","LINGKUNGAN 9","","","G. Perdagangan Besar dan Eceran, Reparasi Mobil dan Sepeda Motor","SBR"],
    ["36849","SALON (ROSSA)","JALAN KARYA BAKTI 2","prelist","MEDAN POLONIA","SARI REJO","LINGKUNGAN 2","","","S. Aktivitas Jasa Lainnya","SBR"],
    ["36854","PRAKTER DOKTER LIZZ","KOMPLEK CBD BLOK A JALAN PADANG GOLF","prelist","MEDAN POLONIA","SUKA DAMAI","LINGKUNGAN 5","","","Q. Jasa Kesehatan dan Kegiatan Sosial","SBR"],
    ["36855","KIOS PULSA (DIANA)","JALAN ANTARIKSA GANG SAWIT","prelist","MEDAN POLONIA","SARI REJO","LINGKUNGAN 6","","","J. Informasi dan Komunikasi","SBR"],
    ["36856","GARECA (LENNY)","HERMES PALACE","prelist","MEDAN POLONIA","POLONIA","LINGKUNGAN 7","","","I. Penyediaan Akomodasi dan Makan Minum","SBR"],
    ["36931","SPA KECANTIKAN SPORUZA","JALAN HANGLEIKU","prelist","MEDAN POLONIA","MADRAS HULU","LINGKUNGAN 7","","","S. Aktivitas Jasa Lainnya","SBR"],
    ["36957","KLINIK PENGOBATAN MATA MEDAN EYE CENTER","JALAN IR H JUANDA NO","prelist","MEDAN POLONIA","ANGGRUNG","LINGKUNGAN 4","","","Q. Jasa Kesehatan dan Kegiatan Sosial","SBR"],
    ["37119","KANTIN MINUMAN (ABDUL)","JALAN DIPENOGORO","prelist","MEDAN POLONIA","MADRAS HULU","LINGKUNGAN 8","","","I. Penyediaan Akomodasi dan Makan Minum","SBR"],
    ["37140","SKIN","SUN PLAZA LT 1","prelist","MEDAN POLONIA","MADRAS HULU","LINGKUNGAN 9","","","G. Perdagangan Besar dan Eceran, Reparasi Mobil dan Sepeda Motor","SBR"],
    ["37144","PENJUAL AKSESORIS HP","JALAN POLONIA","prelist","MEDAN POLONIA","SUKA DAMAI","LINGKUNGAN 6","","","G. Perdagangan Besar dan Eceran, Reparasi Mobil dan Sepeda Motor","SBR"],
    ["37145","SMA METHODIST 4","JLN PEKONG NO 31","prelist","MEDAN POLONIA","POLONIA","LINGKUNGAN 6","","","P. Pendidikan","SBR"],
    ["37150","SMOKEY RIBS (THOMAS)","KOMP CBD","prelist","MEDAN POLONIA","SUKA DAMAI","LINGKUNGAN 5","","","I. Penyediaan Akomodasi dan Makan Minum","SBR"],
    ["37215","PERSEWAAN KAMAR(SURY ANI)","JALAN URIP","prelist","MEDAN POLONIA","ANGGRUNG","LINGKUNGAN 4","","","I. Penyediaan Akomodasi dan Makan Minum","SBR"],
    ["37216","RENTAL MOBIL (ISMA)","JALAN SEJATI BARU","prelist","MEDAN POLONIA","SARI REJO","LINGKUNGAN 9","","","N. Jasa Persewaan, Ketenagakerjaan, Agen Perjalanan, dan Jasa Pendukung","SBR"],
    ["37273","TOKO BOUTIQUE","SUN PLAZA LTIA","prelist","MEDAN POLONIA","MADRAS HULU","LINGKUNGAN 9","","","G. Perdagangan Besar dan Eceran, Reparasi Mobil dan Sepeda Motor","SBR"],
    ["37274","JOLIE CLOTHING","SUN PLAZA LT 1","prelist","MEDAN POLONIA","MADRAS HULU","LINGKUNGAN 9","","","G. Perdagangan Besar dan Eceran, Reparasi Mobil dan Sepeda Motor","SBR"],
    ["37275","POLKADOT EXCLUSIVE","SUN PLAZA LT 1 NO 07","prelist","MEDAN POLONIA","MADRAS HULU","LINGKUNGAN 9","","","G. Perdagangan Besar dan Eceran, Reparasi Mobil dan Sepeda Motor","SBR"],
    ["37290","SHARE TEA","SUM PLAZA LT 3","prelist","MEDAN POLONIA","MADRAS HULU","LINGKUNGAN 9","","","I. Penyediaan Akomodasi dan Makan Minum","SBR"],
    ["37342","MOOROLIFE","JALAN IR H JUANDA BARU NO 63 LK 3","prelist","MEDAN POLONIA","SUKA DAMAI","LINGKUNGAN 4","","","G. Perdagangan Besar dan Eceran, Reparasi Mobil dan Sepeda Motor","SBR"],
    ["37443","TOKO SEMBAKO (ACI)","JALAN MUARA TAKUS NO 50","prelist","MEDAN POLONIA","MADRAS HULU","LINGKUNGAN 4","","","G. Perdagangan Besar dan Eceran, Reparasi Mobil dan Sepeda Motor","SBR"],
    ["37444","PENJUAL EMBER (DAMSIR)","JALAN MUARA TAKUS NO 60","prelist","MEDAN POLONIA","MADRAS HULU","LINGKUNGAN 4","","","G. Perdagangan Besar dan Eceran, Reparasi Mobil dan Sepeda Motor","SBR"],
    ["37550","CNC","SUN PLAZA LT2 NO 22- 23","prelist","MEDAN POLONIA","MADRAS HULU","LINGKUNGAN 9","","","G. Perdagangan Besar dan Eceran, Reparasi Mobil dan Sepeda Motor","SBR"],
    ["37552","APOTIK ANUGRAH","JLN BALAIL DES A","prelist","MEDAN POLONIA","POLONIA","LINGKUNGAN 8","","","G. Perdagangan Besar dan Eceran, Reparasi Mobil dan Sepeda Motor","SBR"],
    ["37553","RM MALIOBORO(PANIKEM)","JALAN CIK DITIRO NO 2 I","prelist","MEDAN POLONIA","MADRAS HULU","LINGKUNGAN 6","","","I. Penyediaan Akomodasi dan Makan Minum","SBR"],
    ["37554","ROTI BOY BAKES HOPPE","GEOUNG LIPPO SUN PLAZA LANTAI LG","prelist","MEDAN POLONIA","MADRAS HULU","LINGKUNGAN 9","","","I. Penyediaan Akomodasi dan Makan Minum","SBR"],
    ["37559","TOKO P&D ASLI <HERMANTO SILALHI >","JALAN MUARA TAKUS NO 55-57","prelist","MEDAN POLONIA","MADRAS HULU","LINGKUNGAN 4","","","G. Perdagangan Besar dan Eceran, Reparasi Mobil dan Sepeda Motor","SBR"],
    ["37577","TUKANG BUBUR PAGAHIYANGAN (TOKO)","JALAN MUARA T A K US","prelist","MEDAN POLONIA","MADRAS HULU","LINGKUNGAN 4","","","I. Penyediaan Akomodasi dan Makan Minum","SBR"],
    ["37578","7 FLOWER","SUN PLAZA LT 2 NO 11 JALAN ZAINUL ARIFIN","prelist","MEDAN POLONIA","MADRAS HULU","LINGKUNGAN 9","","","G. Perdagangan Besar dan Eceran, Reparasi Mobil dan Sepeda Motor","SBR"],
    ["37579","BUKI","GEDUNG LIPPO SUN PLAZA LANTAI LG","prelist","MEDAN POLONIA","MADRAS HULU","LINGKUNGAN 7","","","G. Perdagangan Besar dan Eceran, Reparasi Mobil dan Sepeda Motor","SBR"],
    ["37618","MIE GORENG (JIAN)","JALAN KH ZAINUL ARIFIN","prelist","MEDAN POLONIA","MADRAS HULU","LINGKUNGAN 1","","","I. Penyediaan Akomodasi dan Makan Minum","SBR"],
    ["37627","NURANO GIFT HOUSE","JALAN KH ZAINAL ARIFIN","prelist","MEDAN POLONIA","MADRAS HULU","LINGKUNGAN 1","","","G. Perdagangan Besar dan Eceran, Reparasi Mobil dan Sepeda Motor","SBR"],
    ["37635","WARUNG MINUM (WATI)","JALAN KARYA UTAMA NO 10","prelist","MEDAN POLONIA","POLONIA","LINGKUNGAN 5","","","I. Penyediaan Akomodasi dan Makan Minum","SBR"],
    ["37710","WARUNG MAKAN (HAYATI)","JALAN RA KARTINI","prelist","MEDAN POLONIA","MADRAS HULU","LINGKUNGAN 7","","","I. Penyediaan Akomodasi dan Makan Minum","SBR"],
    ["37720","WARUNG ROTI DAN PISANG BAKAR (ADRE)","JALAN MONGONSIDI NO I8","prelist","MEDAN POLONIA","ANGGRUNG","LINGKUNGAN 3","","","I. Penyediaan Akomodasi dan Makan Minum","SBR"],
    ["37740","D SUOP ASSESORIS","SUN PLAZA LT 1 NO","prelist","MEDAN POLONIA","MADRAS HULU","LINGKUNGAN 9","","","G. Perdagangan Besar dan Eceran, Reparasi Mobil dan Sepeda Motor","SBR"],
    ["37741","MANNA HAUSE RESTO","JALAN CUT MUTIA NO 2","prelist","MEDAN POLONIA","MADRAS HULU","LINGKUNGAN 9","","","I. Penyediaan Akomodasi dan Makan Minum","SBR"],
    ["37761","OAKLEY","LANTAL 3 NOMOR 5B SUN PLAZA","prelist","MEDAN POLONIA","MADRAS HULU","LINGKUNGAN 9","","","G. Perdagangan Besar dan Eceran, Reparasi Mobil dan Sepeda Motor","SBR"],
    ["37762","MY KIDS","SUN PLAZA LT 2 NO 15","prelist","MEDAN POLONIA","MADRAS HULU","LINGKUNGAN 9","","","G. Perdagangan Besar dan Eceran, Reparasi Mobil dan Sepeda Motor","SBR"],
    ["37766","RGN","SUN PLAZA LT 1","prelist","MEDAN POLONIA","MADRAS HULU","LINGKUNGAN 9","","","G. Perdagangan Besar dan Eceran, Reparasi Mobil dan Sepeda Motor","SBR"],
    ["37773","MY TOS","SUN PLAZA LT 2 NO 4 JALAN ZAINUL ARIFIN","prelist","MEDAN POLONIA","MADRAS HULU","LINGKUNGAN 9","","","G. Perdagangan Besar dan Eceran, Reparasi Mobil dan Sepeda Motor","SBR"],
    ["37774","GUDANG PENYIMPANAN (HONG)","JL MUARA TAKUS","prelist","MEDAN POLONIA","MADRAS HULU","LINGKUNGAN 4","","","L. Real Estat","SBR"],
    ["37778","KIOS PISANG (CORI)","JL MUARA TAKUS","prelist","MEDAN POLONIA","MADRAS HULU","LINGKUNGAN 4","","","G. Perdagangan Besar dan Eceran, Reparasi Mobil dan Sepeda Motor","SBR"],
    ["37779","CAFE GABOH GRILL BURGER","JALAN DIPONEGORO NO 47","prelist","MEDAN POLONIA","MADRAS HULU","LINGKUNGAN 9","","","I. Penyediaan Akomodasi dan Makan Minum","SBR"],
    ["37783","KIOS KUKU","LT 4 NO 19 SUM PLAZA","prelist","MEDAN POLONIA","MADRAS HULU","LINGKUNGAN 7","","","S. Aktivitas Jasa Lainnya","SBR"],
    ["37785","PEN JAHIT (NURHAYATUN )","JL MUARA TAKUS","prelist","MEDAN POLONIA","MADRAS HULU","LINGKUNGAN 4","","","S. Aktivitas Jasa Lainnya","SBR"],
    ["37786","PENJAHIT (KHAIRUDDIN BATUBARA)","JALAN MUARA TAKUS NO 33","prelist","MEDAN POLONIA","MADRAS HULU","LINGKUNGAN 4","","","C. Industri Pengolahan","SBR"],
    ["37795","SYIFA WATER","JALAN CEMPAKA NO 18","prelist","MEDAN POLONIA","SARI REJO","LINGKUNGAN 4","","","C. Industri Pengolahan","SBR"],
    ["37798","KOKI CEMARA","KOMPLEK WONDER WATER WORLD CBD POLONIA","prelist","MEDAN POLONIA","SUKA DAMAI","LINGKUNGAN 5","","","I. Penyediaan Akomodasi dan Makan Minum","SBR"],
    ["37800","LAFEN","SUN PLAZA LT 2 NO 29","prelist","MEDAN POLONIA","MADRAS HULU","LINGKUNGAN 9","","","G. Perdagangan Besar dan Eceran, Reparasi Mobil dan Sepeda Motor","SBR"],
    ["37802","USAHA JUAL BENSIN ECE RAN","JALAN POLONIA GANG AN GGRENI","prelist","MEDAN POLONIA","POLONIA","LINGKUNGAN 1","","","G. Perdagangan Besar dan Eceran, Reparasi Mobil dan Sepeda Motor","SBR"],
    ["37805","PABRIK LILIN (GO PO GEK)","JALAN STARBAN GG SUBUR","prelist","MEDAN POLONIA","POLONIA","LINGKUNGAN 6","","","C. Industri Pengolahan","SBR"],
    ["38160","EVE CHOCOLATERIE","KOMPLEK CBD POLONIA BLOK D NO 100/101","prelist","MEDAN POLONIA","MADRAS HULU","LINGKUNGAN 9","","","I. Penyediaan Akomodasi dan Makan Minum","SBR"],
    ["38191","PERSEWAAN KAMAR (IRSHAN BUKIT)","JALAN MONGONSIDI","prelist","MEDAN POLONIA","ANGGRUNG","LINGKUNGAN 8","","","I. Penyediaan Akomodasi dan Makan Minum","SBR"],
    ["38198","PENJUAL PAKAIAN (WARTINI)","JALAN STARBAN GANG GARUDA","prelist","MEDAN POLONIA","POLONIA","LINGKUNGAN 12","","","G. Perdagangan Besar dan Eceran, Reparasi Mobil dan Sepeda Motor","SBR"],
    ["38199","KOPERASI KOSEK","JL ADI SUCIPTO NO 2","prelist","MEDAN POLONIA","SUKA DAMAI","LINGKUNGAN 3","","","K. Aktivitas Keuangan Dan Asuransi","SBR"],
    ["38212","MASQUARADE","SUN PLAZA LT 2","prelist","MEDAN POLONIA","MADRAS HULU","LINGKUNGAN 9","","","G. Perdagangan Besar dan Eceran, Reparasi Mobil dan Sepeda Motor","SBR"],
    ["38244","WARUNG MAKAN(SUYATI)","JL MUARA TAKUS NO 69","prelist","MEDAN POLONIA","MADRAS HULU","LINGKUNGAN 4","","","I. Penyediaan Akomodasi dan Makan Minum","SBR"],
    ["38245","PRINCESS LAND","LT 32C NO 08 SUN PLAZA","prelist","MEDAN POLONIA","MADRAS HULU","LINGKUNGAN 9","","","G. Perdagangan Besar dan Eceran, Reparasi Mobil dan Sepeda Motor","SBR"],
    ["38255","INTERYASA SEDAYA (SIMIN)","NALAN TEUKU UMAR 28","prelist","MEDAN POLONIA","MADRAS HULU","LINGKUNGAN 5","","","G. Perdagangan Besar dan Eceran, Reparasi Mobil dan Sepeda Motor","SBR"],
    ["38256","TATA BAUTIQUE","SUN PLAZA LT 1","prelist","MEDAN POLONIA","MADRAS HULU","LINGKUNGAN 7","","","G. Perdagangan Besar dan Eceran, Reparasi Mobil dan Sepeda Motor","SBR"],
    ["38257","DANCE CLUB","SUN PLAZA LT 1 NO 9","prelist","MEDAN POLONIA","MADRAS HULU","LINGKUNGAN 9","","","G. Perdagangan Besar dan Eceran, Reparasi Mobil dan Sepeda Motor","SBR"],
    ["38266","USAHA ULOS (ARTHUR)","JALAN HANGTUAH 20","prelist","MEDAN POLONIA","MADRAS HULU","LINGKUNGAN 7","","","G. Perdagangan Besar dan Eceran, Reparasi Mobil dan Sepeda Motor","SBR"],
    ["38267","WARUNG MAKAN KAKI LIMA (YUSUF)","JALAN STARBAN GANG CITRA NO 3","prelist","MEDAN POLONIA","POLONIA","LINGKUNGAN 7","","","I. Penyediaan Akomodasi dan Makan Minum","SBR"],
    ["38275","PENJUAL BUMBU(WANISTRI)","JL MUARA TAKUS","prelist","MEDAN POLONIA","MADRAS HULU","LINGKUNGAN 4","","","C. Industri Pengolahan","SBR"],
    ["38382","KANTIN EDULAB","JALAN AGUS SALIM NO 5","prelist","MEDAN POLONIA","MADRAS HULU","LINGKUNGAN 8","","","I. Penyediaan Akomodasi dan Makan Minum","SBR"],
    ["38394","PENJUAL ROKOK (SARI)","JALAN POLONIA","prelist","MEDAN POLONIA","SUKA DAMAI","LINGKUNGAN 6","","","G. Perdagangan Besar dan Eceran, Reparasi Mobil dan Sepeda Motor","SBR"],
    ["38395","COUNTER PULSA (SUGENG)","JLN POLONIA NO 29 B","prelist","MEDAN POLONIA","POLONIA","LINGKUNGAN 2","","","J. Informasi dan Komunikasi","SBR"],
    ["38403","KEDAI MAKANAN RINGAN <TAJUDDIN>","JALAN MUARA TAKUS NO","prelist","MEDAN POLONIA","MADRAS HULU","LINGKUNGAN 4","","","G. Perdagangan Besar dan Eceran, Reparasi Mobil dan Sepeda Motor","SBR"],
    ["38408","SUPERMARKET DIANA","KOMPLEK WONDER WATER WORLD CBD POLONIA","prelist","MEDAN POLONIA","SUKA DAMAI","LINGKUNGAN 5","","","G. Perdagangan Besar dan Eceran, Reparasi Mobil dan Sepeda Motor","SBR"],
    ["38409","ECERAN ES BATU(SUSAN)","JALAN MUARA TAKUS NO 307/C","prelist","MEDAN POLONIA","MADRAS HULU","LINGKUNGAN 4","","","G. Perdagangan Besar dan Eceran, Reparasi Mobil dan Sepeda Motor","SBR"],
    ["38410","TOKO SAUDARA (TAN HUI)","JALAN CIK DITIRO","prelist","MEDAN POLONIA","MADRAS HULU","LINGKUNGAN 7","","","G. Perdagangan Besar dan Eceran, Reparasi Mobil dan Sepeda Motor","SBR"],
    ["38411","KIOS SAYUR (ERIKA)","JALAN 5 51 K APIL AS N 0 13 B HEL BABURA SUNG GAL","prelist","MEDAN POLONIA","MADRAS HULU","LINGKUNGAN 7","","","G. Perdagangan Besar dan Eceran, Reparasi Mobil dan Sepeda Motor","SBR"],
    ["38412","IPLUG","SUN PLAZA LT2B NO 29","prelist","MEDAN POLONIA","MADRAS HULU","LINGKUNGAN 9","","","G. Perdagangan Besar dan Eceran, Reparasi Mobil dan Sepeda Motor","SBR"],
    ["38413","PAPA DAN MAMA","GEOUNG LIPPO SUN PLAZA LANTAI LG","prelist","MEDAN POLONIA","MADRAS HULU","LINGKUNGAN 9","","","I. Penyediaan Akomodasi dan Makan Minum","SBR"],
    ["38417","DEOL SPORTS","JALAN KH ZAINUL ARIFIN","prelist","MEDAN POLONIA","MADRAS HULU","LINGKUNGAN 1","","","G. Perdagangan Besar dan Eceran, Reparasi Mobil dan Sepeda Motor","SBR"],
    ["38418","RESTORAN","JALAN JENGGALA","prelist","MEDAN POLONIA","MADRAS HULU","LINGKUNGAN 1","","","I. Penyediaan Akomodasi dan Makan Minum","SBR"],
    ["38419","PERSEWAAN KAMAR (AYEN)","JALAN JENGGALA","prelist","MEDAN POLONIA","MADRAS HULU","LINGKUNGAN 1","","","I. Penyediaan Akomodasi dan Makan Minum","SBR"],
    ["38423","INNOVA PONSEL","JALAN JENGGALA","prelist","MEDAN POLONIA","MADRAS HULU","LINGKUNGAN 2","","","J. Informasi dan Komunikasi","SBR"],
    ["38425","USAHA CAFE COFFENATIC S","JALAN TEUKU CIK DITIRO NO 8 K","prelist","MEDAN POLONIA","MADRAS HULU","LINGKUNGAN 6","","","I. Penyediaan Akomodasi dan Makan Minum","SBR"],
    ["38427","TOKO BUTIK (DHARMA)","JALAN KH ZAINUL ARIFIN","prelist","MEDAN POLONIA","MADRAS HULU","LINGKUNGAN 1","","","G. Perdagangan Besar dan Eceran, Reparasi Mobil dan Sepeda Motor","SBR"],
    ["38441","USAHA PENJUALAN SUSU SAPI","JALAN TEUKU CIKDITIRO BELAKANG","prelist","MEDAN POLONIA","MADRAS HULU","LINGKUNGAN 7","","","I. Penyediaan Akomodasi dan Makan Minum","SBR"],
    ["38442","USAHA KANTIN (TITIN)","JALAN TEUKU CIKDITIRO SMA NEGRI 1","prelist","MEDAN POLONIA","MADRAS HULU","LINGKUNGAN 6","","","I. Penyediaan Akomodasi dan Makan Minum","SBR"],
    ["38465","PRAKTEK DOKTER UMUM D ZENSENG","JALAN STARBAN GANG FAMILY","prelist","MEDAN POLONIA","POLONIA","LINGKUNGAN 12","","","Q. Jasa Kesehatan dan Kegiatan Sosial","SBR"],
    ["38467","TOKO SEMBAKO (NASRUL)","JLN JAMIN GINTING","prelist","MEDAN POLONIA","POLONIA","LINGKUNGAN 10","","","G. Perdagangan Besar dan Eceran, Reparasi Mobil dan Sepeda Motor","SBR"],
    ["38489","RM SAMUDRA","JL T UMAR NO 7A","prelist","MEDAN POLONIA","MADRAS HULU","LINGKUNGAN 1","","","I. Penyediaan Akomodasi dan Makan Minum","SBR"],
    ["38543","KLINIK FAJAR (SANTI)","JL STARBAN 34","prelist","MEDAN POLONIA","POLONIA","LINGKUNGAN 11","","","Q. Jasa Kesehatan dan Kegiatan Sosial","SBR"],
    ["38544","BALAI PENGOBATAN","JLN POLONIA NO 182","prelist","MEDAN POLONIA","POLONIA","LINGKUNGAN 6","","","Q. Jasa Kesehatan dan Kegiatan Sosial","SBR"],
    ["38545","SONAYNA","SUN PLAZA LT 2A NO 15 JALAN ZAINUL ARIFIN","prelist","MEDAN POLONIA","MADRAS HULU","LINGKUNGAN 9","","","G. Perdagangan Besar dan Eceran, Reparasi Mobil dan Sepeda Motor","SBR"],
    ["38546","NOTARIS HELLY SITEPU","JL KARYA PEMBANGUNAN GG HANURA 1 MEDAN POLONIA","prelist","MEDAN POLONIA","POLONIA","LINGKUNGAN 7","","","M. Jasa Profesional, Ilmiah, dan Teknis","SBR"],
    ["38547","PERSEWAAN KAMAR KOS (AIM KAN)","JALAN MUARA TAKUS","prelist","MEDAN POLONIA","MADRAS HULU","LINGKUNGAN 4","","","I. Penyediaan Akomodasi dan Makan Minum","SBR"],
    ["38549","ECERAN AIR ISI ULANG (SUSAN)","JALAN MUARA TAKUS NO 307/C","prelist","MEDAN POLONIA","MADRAS HULU","LINGKUNGAN 4","","","C. Industri Pengolahan","SBR"],
    ["38550","DISTRIBUTOR MINUMAN (YUEDI)","JALAN MUARA TAKUS","prelist","MEDAN POLONIA","MADRAS HULU","LINGKUNGAN 4","","","G. Perdagangan Besar dan Eceran, Reparasi Mobil dan Sepeda Motor","SBR"],
    ["38556","KIOS AYAM (RANI)","JALAN MUARA TAKUS","prelist","MEDAN POLONIA","MADRAS HULU","LINGKUNGAN 4","","","G. Perdagangan Besar dan Eceran, Reparasi Mobil dan Sepeda Motor","SBR"],
    ["38560","SINSHE","JALAN TEUKU CIKDITIRO NO 44/46","prelist","MEDAN POLONIA","MADRAS HULU","LINGKUNGAN 6","","","G. Perdagangan Besar dan Eceran, Reparasi Mobil dan Sepeda Motor","SBR"],
    ["38568","KIOS AYAM (HANSEN)","JALAN MUARA TAKUS","prelist","MEDAN POLONIA","MADRAS HULU","LINGKUNGAN 4","","","G. Perdagangan Besar dan Eceran, Reparasi Mobil dan Sepeda Motor","SBR"],
    ["38578","USAHA GORENGAN TAHU SI H BEJO","JALAN TEUKU CIKDITIRO","prelist","MEDAN POLONIA","MADRAS HULU","LINGKUNGAN 5","","","C. Industri Pengolahan","SBR"],
    ["38580","KIDS PARTY (ANGHUN)","JALAN JENGGALA","prelist","MEDAN POLONIA","MADRAS HULU","LINGKUNGAN 1","","","G. Perdagangan Besar dan Eceran, Reparasi Mobil dan Sepeda Motor","SBR"],
    ["38581","RADO JAM","JALAN KH ZAINUL ARIFIN","prelist","MEDAN POLONIA","MADRAS HULU","LINGKUNGAN 1","","","G. Perdagangan Besar dan Eceran, Reparasi Mobil dan Sepeda Motor","SBR"],
    ["38582","PENYEWAAN KAMAR","JALAN JENGGALA","prelist","MEDAN POLONIA","MADRAS HULU","LINGKUNGAN 1","","","I. Penyediaan Akomodasi dan Makan Minum","SBR"],
    ["38583","SIN SHE 81","JALAN JENGGALA","prelist","MEDAN POLONIA","MADRAS HULU","LINGKUNGAN 2","","","Q. Jasa Kesehatan dan Kegiatan Sosial","SBR"],
    ["38598","PENJAHIT PAKAIAN WOLLY","JALAN TEUKU CIKDITIRO NO 82 RT RW 20152","prelist","MEDAN POLONIA","MADRAS HULU","LINGKUNGAN 6","","","C. Industri Pengolahan","SBR"],
    ["38621","KANTOR NOTARIS (DINA KHAIRUNISAH)","JALAN TEUKU CIKDITIRO NO 8C","prelist","MEDAN POLONIA","MADRAS HULU","LINGKUNGAN 6","","","M. Jasa Profesional, Ilmiah, dan Teknis","SBR"],
    ["38771","WARUNG NASI<KAK NUR>","JALAN TEUKU CIK DITIRO NO 20","prelist","MEDAN POLONIA","MADRAS HULU","LINGKUNGAN 6","","","I. Penyediaan Akomodasi dan Makan Minum","SBR"],
    ["38782","CITY TIME","SUN PLAZA LT 28 NO 39","prelist","MEDAN POLONIA","MADRAS HULU","LINGKUNGAN 9","","","G. Perdagangan Besar dan Eceran, Reparasi Mobil dan Sepeda Motor","SBR"],
    ["38783","20 FIT MEDAN","JALAN RA KARTINI NOG","prelist","MEDAN POLONIA","MADRAS HULU","LINGKUNGAN 7","","","R. Kesenian, Hiburan, dan Rekreasi","SBR"],
    ["38790","ALBA ARLOGI","JALAN KH ZAINUL ARIFIN","prelist","MEDAN POLONIA","MADRAS HULU","LINGKUNGAN 9","","","G. Perdagangan Besar dan Eceran, Reparasi Mobil dan Sepeda Motor","SBR"],
    ["38792","PENJUAL PULSA HP (FAUZIAH)","JALAN TEUKU CIKDITIRO","prelist","MEDAN POLONIA","MADRAS HULU","LINGKUNGAN 7","","","J. Informasi dan Komunikasi","SBR"],
    ["38807","PENJUAL BUNGA RAMPAI <APO>","JALAN MUARA TAKUS NO 171","prelist","MEDAN POLONIA","MADRAS HULU","LINGKUNGAN 4","","","G. Perdagangan Besar dan Eceran, Reparasi Mobil dan Sepeda Motor","SBR"],
    ["38811","LOKETPEMBAYARAN LISTRIK","JLN BALAI DESA NO 49","prelist","MEDAN POLONIA","POLONIA","LINGKUNGAN 9","","","D. Pengadaan Listrik, Gas, Uap/Air Panas, dan Udara Dingin","SBR"],
    ["38812","SHERLY PHOT O(HAKIM)","JALAN CIK DITIRO NO 7","prelist","MEDAN POLONIA","MADRAS HULU","LINGKUNGAN 1","","","M. Jasa Profesional, Ilmiah, dan Teknis","SBR"],
    ["38813","JSP COLLECTION","SUN PLAZA LT 26 NO 19","prelist","MEDAN POLONIA","MADRAS HULU","LINGKUNGAN 7","","","G. Perdagangan Besar dan Eceran, Reparasi Mobil dan Sepeda Motor","SBR"],
    ["38839","JUAL GAS (FATIMAH)","JALAN STARBAN GANG MESJID","prelist","MEDAN POLONIA","POLONIA","LINGKUNGAN 9","","","G. Perdagangan Besar dan Eceran, Reparasi Mobil dan Sepeda Motor","SBR"],
    ["38840","PANGKALAN GAS","JALAN STARBAN NO 442","prelist","MEDAN POLONIA","POLONIA","LINGKUNGAN 12","","","G. Perdagangan Besar dan Eceran, Reparasi Mobil dan Sepeda Motor","SBR"],
    ["38841","KONTRUKSI","KOMPLEK CBD POLONIA BLOK C C-103-104","prelist","MEDAN POLONIA","SUKA DAMAI","LINGKUNGAN 5","","","N. Jasa Persewaan, Ketenagakerjaan, Agen Perjalanan, dan Jasa Pendukung","SBR"],
    ["39230","PENYEWAAN TENDA (SAGA)","JALAN MAWAR GG BUNTU","prelist","MEDAN POLONIA","SARI REJO","LINGKUNGAN 8","","","N. Jasa Persewaan, Ketenagakerjaan, Agen Perjalanan, dan Jasa Pendukung","SBR"],
    ["39231","USAHA RUMAH MAKAN NEW STAR","JALAN TEUKU CIKDITIRO NO 78","prelist","MEDAN POLONIA","MADRAS HULU","LINGKUNGAN 6","","","I. Penyediaan Akomodasi dan Makan Minum","SBR"],
    ["39242","WARUNG GORENGAN (SUPRIDA)","JALAN LANGGAR NO 8","prelist","MEDAN POLONIA","SARI REJO","LINGKUNGAN 3","","","C. Industri Pengolahan","SBR"],
    ["39246","JUAL MAINAN","JALAN POLONIA","prelist","MEDAN POLONIA","SUKA DAMAI","LINGKUNGAN 6","","","G. Perdagangan Besar dan Eceran, Reparasi Mobil dan Sepeda Motor","SBR"],
    ["39251","TAIWAN","SUN PLAZA LT 2 NO 31","prelist","MEDAN POLONIA","MADRAS HULU","LINGKUNGAN 7","","","S. Aktivitas Jasa Lainnya","SBR"],
    ["39252","SUN MUSIC","SUN PLAZA LT.ZA NO 9 JALAN ZAINUL ARIFIN","prelist","MEDAN POLONIA","MADRAS HULU","LINGKUNGAN 9","","","G. Perdagangan Besar dan Eceran, Reparasi Mobil dan Sepeda Motor","SBR"],
    ["39253","AGUNG JAYA","JALAN T UMAR","prelist","MEDAN POLONIA","MADRAS HULU","LINGKUNGAN 1","","","G. Perdagangan Besar dan Eceran, Reparasi Mobil dan Sepeda Motor","SBR"],
    ["39254","PANGKAS JENGGALA (RABEN)","JALAN JENGGALA","prelist","MEDAN POLONIA","MADRAS HULU","LINGKUNGAN 1","","","S. Aktivitas Jasa Lainnya","SBR"],
    ["39259","USAHA PERSEWAAN KAMAR (MUHAMADIYA)","JALAN TEUKU CIKDITIRO BELAKANG","prelist","MEDAN POLONIA","MADRAS HULU","LINGKUNGAN 7","","","I. Penyediaan Akomodasi dan Makan Minum","SBR"],
    ["39262","TOKO SEMBAKO (LIM KAI LAN)","JALAN MUARA TAKUS NO 199","prelist","MEDAN POLONIA","MADRAS HULU","LINGKUNGAN 4","","","G. Perdagangan Besar dan Eceran, Reparasi Mobil dan Sepeda Motor","SBR"],
    ["39263","DIAN PELANGI","JALAN KH ZAINUL ARIFIN","prelist","MEDAN POLONIA","MADRAS HULU","LINGKUNGAN 1","","","G. Perdagangan Besar dan Eceran, Reparasi Mobil dan Sepeda Motor","SBR"],
    ["39293","KIOS BUAH (M LIAS)","JALAN MUARA TAKUS","prelist","MEDAN POLONIA","MADRAS HULU","LINGKUNGAN 4","","","G. Perdagangan Besar dan Eceran, Reparasi Mobil dan Sepeda Motor","SBR"],
    ["39337","POLONIA HOTEL","JLN JENDRAL SUDIRMAN NO 14-18","prelist","MEDAN POLONIA","MADRAS HULU","LINGKUNGAN 8","","","I. Penyediaan Akomodasi dan Makan Minum","SBR"],
    ["39338","PARDEDE INTERNASIONAL HOTEL","Jl. IR. H. JUANDA NO. 14 A","prelist","MEDAN POLONIA","SUKA DAMAI","LINGKUNGAN 5","","","I. Penyediaan Akomodasi dan Makan Minum","SBR"],
    ["39344","MULTI TERANG METALINDO,PT","Jl. Karya Sejati No.362II","prelist","MEDAN POLONIA","POLONIA","LINGKUNGAN 5","","","C. Industri Pengolahan","SBR"],
    ["39386","ECHO LIMA 41 PT","Jl. Cut Nyak Dien No.16","prelist","MEDAN POLONIA","MADRAS HULU","LINGKUNGAN 8","","","F. Konstruksi","SBR"],
    ["39389","MULTI ADVERINDO, PT","JL. MAWAR NO. 5, KOMP CEMARA ASRI","prelist","MEDAN POLONIA","SARI REJO","LINGKUNGAN 5","","","F. Konstruksi","SBR"],
    ["39488","PT PEGADAIAN (PERSERO) UPC KATAMSO","JLN BRIGJEND KATAMSO KOMPLEK ISTANA PRIMA NO A3","prelist","MEDAN POLONIA","MADRAS HULU","LINGKUNGAN 7","","","K. Aktivitas Keuangan Dan Asuransi","SBR"],
    ["39490","LIPPO MALLS INDONESIA PT, SUN PLAZA","Jl. H.Zainul Arifin No. 7 Sun Plaza Level 2 Zona A 01","prelist","MEDAN POLONIA","MADRAS HULU","LINGKUNGAN 9","","","L. Real Estat","SBR"],
    ["39566","SMA SWASTA KRISTEN IMMANUEL","JALAN SELAMET LIYADI NO 1","prelist","MEDAN POLONIA","MADRAS HULU","LINGKUNGAN 8","","","P. Pendidikan","SBR"],
    ["39571","PANTRY MAGIC","JALAN KH ZAINUL ARIFIN NO 55 A/27","prelist","MEDAN POLONIA","MADRAS HULU","LINGKUNGAN 9","","","G. Perdagangan Besar dan Eceran, Reparasi Mobil dan Sepeda Motor","SBR"],
    ["39575","USAHA TOKO PAKAIAN LALITHA","JALAN TEUKU CIKDITIRO NO 14","prelist","MEDAN POLONIA","MADRAS HULU","LINGKUNGAN 6","","","G. Perdagangan Besar dan Eceran, Reparasi Mobil dan Sepeda Motor","SBR"],
    ["39576","MINIMAL MAN","GEDUNG LIPPO SUN PLAZA LANTAI LG","prelist","MEDAN POLONIA","MADRAS HULU","LINGKUNGAN 9","","","G. Perdagangan Besar dan Eceran, Reparasi Mobil dan Sepeda Motor","SBR"],
    ["39578","OPTIK MELLAWAI","GEDUNG LIPPO SUN PLAZA LANTAI 9","prelist","MEDAN POLONIA","MADRAS HULU","LINGKUNGAN 9","","","G. Perdagangan Besar dan Eceran, Reparasi Mobil dan Sepeda Motor","SBR"],
    ["39592","NITROGEN ANCHOR BRAND","JL IMAM BONJOL","prelist","MEDAN POLONIA","SUKA DAMAI","LINGKUNGAN 5","","","G. Perdagangan Besar dan Eceran, Reparasi Mobil dan Sepeda Motor","SBR"],
    ["39596","PRAKTEK DOKTER EDDY GUNAWAN","JALAN KEDIRI NO 25","prelist","MEDAN POLONIA","MADRAS HULU","LINGKUNGAN 3","","","Q. Jasa Kesehatan dan Kegiatan Sosial","SBR"],
    ["39633","KULI BONGKAR MUAT (PARJIYO)","PERUMAHAN TKBM BLOK G NO 7","prelist","MEDAN POLONIA","SUKA DAMAI","LINGKUNGAN 3","","","S. Aktivitas Jasa Lainnya","SBR"],
    ["39824","MINUMAN GORENGAN","JALAN DC BARITO","prelist","MEDAN POLONIA","SUKA DAMAI","LINGKUNGAN 2","","","I. Penyediaan Akomodasi dan Makan Minum","SBR"],
    ["39831","SMA ANGKASA POLONIA","JL POLONIA N 0 9 9 MEDAN","prelist","MEDAN POLONIA","SUKA DAMAI","LINGKUNGAN 6","","","P. Pendidikan","SBR"],
    ["39952","PT SPI","JALAN KH ZAINUL ARIFIN NO 7 MEDAN","prelist","MEDAN POLONIA","MADRAS HULU","LINGKUNGAN 9","","","H. Transportasi dan Pergudangan","SBR"],
    ["39982","FOUNTAIN","SUN PLAZA LT 4","prelist","MEDAN POLONIA","MADRAS HULU","LINGKUNGAN 9","","","I. Penyediaan Akomodasi dan Makan Minum","SBR"],
    ["39987","ADVOKAT/NOTARIS","JALAN KEDIRI NO 5","prelist","MEDAN POLONIA","MADRAS HULU","LINGKUNGAN 3","","","M. Jasa Profesional, Ilmiah, dan Teknis","SBR"],
    ["39992","GALLERY","DESA MADRAS HULU","prelist","MEDAN POLONIA","MADRAS HULU","LINGKUNGAN 6","","","G. Perdagangan Besar dan Eceran, Reparasi Mobil dan Sepeda Motor","SBR"],
    ["40009","BINA VALASINDO DOLAR PT","JALAN KH ZAINUL ARIFIN","prelist","MEDAN POLONIA","MADRAS HULU","LINGKUNGAN 1","","","K. Aktivitas Keuangan Dan Asuransi","SBR"],
    ["40208","PERAWATAN MOBIL(ANTO)","JALAN SUBUR 2 UJUNG","prelist","MEDAN POLONIA","SARI REJO","LINGKUNGAN 2","","","G. Perdagangan Besar dan Eceran, Reparasi Mobil dan Sepeda Motor","SBR"],
    ["40217","SEKOLAH PAUD NUSANTARA","JALAN SUBUR","prelist","MEDAN POLONIA","SARI REJO","LINGKUNGAN 2","","","P. Pendidikan","SBR"],
    ["40280","GENERALL LIFE","KOMPLEK MULTATULL` INDAH BLOK E NO 47","prelist","MEDAN POLONIA","SUKA DAMAI","LINGKUNGAN 5","","","K. Aktivitas Keuangan Dan Asuransi","SBR"],
    ["40303","PAPA KINGS","LT 4 SUN PLAZA","prelist","MEDAN POLONIA","MADRAS HULU","LINGKUNGAN 9","","","I. Penyediaan Akomodasi dan Makan Minum","SBR"],
    ["40304","INTIME","GEDUNG LIPPO SUN PLAZA LANTAI 6","prelist","MEDAN POLONIA","MADRAS HULU","LINGKUNGAN 9","","","G. Perdagangan Besar dan Eceran, Reparasi Mobil dan Sepeda Motor","SBR"],
    ["40308","UNCLE K","JLN ZAINUL ARIFIN LT 4 NO 7 SUN PLAZA","prelist","MEDAN POLONIA","MADRAS HULU","LINGKUNGAN 9","","","I. Penyediaan Akomodasi dan Makan Minum","SBR"],
    ["40310","PT DHL GLOBAL FORWADDING INDONESIA","GEOUNG SINARMAS LAND PLAZA LANTAI 8","prelist","MEDAN POLONIA","MADRAS HULU","LINGKUNGAN 7","","","H. Transportasi dan Pergudangan","SBR"],
    ["40311","SPBU 14201115","JALAN IMAM BONJOL BUNDARAN SUDIRMAN","prelist","MEDAN POLONIA","MADRAS HULU","LINGKUNGAN 8","","","G. Perdagangan Besar dan Eceran, Reparasi Mobil dan Sepeda Motor","SBR"],
    ["40312","USAHA PENJUALAN PROPE RTY HARMONI APEK SADA PT","JALAN MONGONSIDI NO 12","prelist","MEDAN POLONIA","ANGGRUNG","LINGKUNGAN 4","","","L. Real Estat","SBR"],
    ["40315","TERAPI BEKAM (BAIHAQI)","JALAN MONGONSIDI GANG D","prelist","MEDAN POLONIA","POLONIA","LINGKUNGAN 1","","","Q. Jasa Kesehatan dan Kegiatan Sosial","SBR"],
    ["40316","RUMAH MAKAN ZULFIKAR","JALAN USKUP AGUNG 2","prelist","MEDAN POLONIA","MADRAS HULU","LINGKUNGAN 7","","","I. Penyediaan Akomodasi dan Makan Minum","SBR"],
    ["40317","SD NEGERI 060890","JALAN PENDIDIKAN NO.22","prelist","MEDAN POLONIA","POLONIA","LINGKUNGAN 1","","","P. Pendidikan","SBR"],
    ["40333","LIVE WELL","SUN PLAZA LT NO 2C","prelist","MEDAN POLONIA","MADRAS HULU","LINGKUNGAN 9","","","G. Perdagangan Besar dan Eceran, Reparasi Mobil dan Sepeda Motor","SBR"],
    ["40358","TK AL-MUJAHIDAH","JALAN BILAL GG MAKMUR","prelist","MEDAN POLONIA","SARI REJO","LINGKUNGAN 1","","","P. Pendidikan","SBR"],
    ["40433","PT. TRIMEGAH SECURITIES","JL. DIPONEGORO NO 145","prelist","MEDAN POLONIA","MADRAS HULU","LINGKUNGAN 8","","","K. Aktivitas Keuangan Dan Asuransi","SBR"],
    ["40458","JUALAN MIE (CIPTO)","JL DR CIPTO","prelist","MEDAN POLONIA","ANGGRUNG","LINGKUNGAN 4","","","I. Penyediaan Akomodasi dan Makan Minum","SBR"],
    ["40584","CV KARYA SUBUR MAKMUR","EL SUBUR 1 NO 5","prelist","MEDAN POLONIA","SARI REJO","LINGKUNGAN 7","","","F. Konstruksi","SBR"],
    ["40589","CV RIZKI PUTRA JAYA","JL SMA 2 NO 10 LK VI SARI REJO MEDAN","prelist","MEDAN POLONIA","SUKA DAMAI","LINGKUNGAN 3","","","F. Konstruksi","SBR"],
    ["40604","NOTARIS","JALAN SEJATI BARU","prelist","MEDAN POLONIA","SARI REJO","LINGKUNGAN 9","","","M. Jasa Profesional, Ilmiah, dan Teknis","SBR"],
    ["40722","KOPERASI BANK SUMUT","JALAN IMAN BONJOL NO 1B","prelist","MEDAN POLONIA","MADRAS HULU","LINGKUNGAN 9","","","K. Aktivitas Keuangan Dan Asuransi","SBR"],
    ["40726","MARUGE UDON","GEDUNG LIPPO SUN PLAZA LANTAI LG","prelist","MEDAN POLONIA","MADRAS HULU","LINGKUNGAN 9","","","I. Penyediaan Akomodasi dan Makan Minum","SBR"],
    ["40745","PT BANK SUMUT CABANG KOORDINATOR MEDAN","JALAN IMAM BONJOL NO 18 LANTAI 2","prelist","MEDAN POLONIA","MADRAS HULU","LINGKUNGAN 9","","","K. Aktivitas Keuangan Dan Asuransi","SBR"],
    ["40748","SCHOOL CITA LUHUR","JL JUANDA / SUPENO NO 6","prelist","MEDAN POLONIA","SUKA DAMAI","LINGKUNGAN 5","","","P. Pendidikan","SBR"],
    ["40902","PT GRHA SYNERGY ALAM","KOMPLEK CBD BLOK C NO 90","prelist","MEDAN POLONIA","SUKA DAMAI","LINGKUNGAN 5","","","G. Perdagangan Besar dan Eceran, Reparasi Mobil dan Sepeda Motor","SBR"],
    ["40904","PT CINTA KASIH","KOMPLEK CBD POLONIA BLOK CC-78","prelist","MEDAN POLONIA","SUKA DAMAI","LINGKUNGAN 5","","","Q. Jasa Kesehatan dan Kegiatan Sosial","SBR"],
    ["40916","PERTAMINA RETAIL PT","JL IMAM BONJOL","prelist","MEDAN POLONIA","SUKA DAMAI","LINGKUNGAN 5","","","G. Perdagangan Besar dan Eceran, Reparasi Mobil dan Sepeda Motor","SBR"],
    ["40921","TIGA MUSIM MAS JAYA,PT","JALAN AGUS SALIM NO 9","prelist","MEDAN POLONIA","MADRAS HULU","LINGKUNGAN 8","","","G. Perdagangan Besar dan Eceran, Reparasi Mobil dan Sepeda Motor","SBR"],
    ["40924","SD METHODIS","JALAN HANG TUAH","prelist","MEDAN POLONIA","MADRAS HULU","LINGKUNGAN 7","","","P. Pendidikan","SBR"],
    ["40936","ZARA","GEDUNG LIPPO SUN PLAZA LANTAI G","prelist","MEDAN POLONIA","MADRAS HULU","LINGKUNGAN 9","","","G. Perdagangan Besar dan Eceran, Reparasi Mobil dan Sepeda Motor","SBR"],
    ["40988","TEH POCI (ZO GINTING)","JL A H NASUTION","prelist","MEDAN POLONIA","SARI REJO","LINGKUNGAN 6","","","I. Penyediaan Akomodasi dan Makan Minum","SBR"],
    ["41282","PERAWATAN MOBIL","JALAN SUBUR 2 UJUNG GG MEJUAH JUAH","prelist","MEDAN POLONIA","SARI REJO","LINGKUNGAN 2","","","G. Perdagangan Besar dan Eceran, Reparasi Mobil dan Sepeda Motor","SBR"],
    ["41359","PT SECURINDO","KOMPLEK CBD POLONIA BLOK E NO 87/88","prelist","MEDAN POLONIA","SUKA DAMAI","LINGKUNGAN 5","","","S. Aktivitas Jasa Lainnya","SBR"],
    ["41364","PT.JKPL","GEDUNG SINARMAS LAN PLAZA LANTAI 9 MEDAN","prelist","MEDAN POLONIA","MADRAS HULU","LINGKUNGAN 7","","","H. Transportasi dan Pergudangan","SBR"],
    ["41370","KING KOIL","SUN PLAZA LT2 NO 41- 42","prelist","MEDAN POLONIA","MADRAS HULU","LINGKUNGAN 9","","","G. Perdagangan Besar dan Eceran, Reparasi Mobil dan Sepeda Motor","SBR"],
    ["41371","TRANSPORTASI ANGKUTAN KOTA","JALAN POLONIA","prelist","MEDAN POLONIA","SUKA DAMAI","LINGKUNGAN 6","","","H. Transportasi dan Pergudangan","SBR"],
    ["41422","JHONNY ANDREAN SALON","SUN PLAZA LT 2 NO 6-7","prelist","MEDAN POLONIA","MADRAS HULU","LINGKUNGAN 9","","","S. Aktivitas Jasa Lainnya","SBR"],
    ["41426","PT.KN SIGMA TRANS","GEDUNG SINARMAS LAND PLAZA LANTAI 14 MEDAN","prelist","MEDAN POLONIA","MADRAS HULU","LINGKUNGAN 7","","","H. Transportasi dan Pergudangan","SBR"],
    ["41427","PT AMADEUS INDONESIA","GEDUNG SINARMAS LAND PLAZA LANTAL 10 MEDAN","prelist","MEDAN POLONIA","MADRAS HULU","LINGKUNGAN 7","","","N. Jasa Persewaan, Ketenagakerjaan, Agen Perjalanan, dan Jasa Pendukung","SBR"],
    ["41430","GUARDIAN","LT 4 NO 28 A SUN PLAZA","prelist","MEDAN POLONIA","MADRAS HULU","LINGKUNGAN 9","","","G. Perdagangan Besar dan Eceran, Reparasi Mobil dan Sepeda Motor","SBR"],
    ["41431","EVERBEST","GEDUNG LIPPO SUN PLAZA LANTAI G","prelist","MEDAN POLONIA","MADRAS HULU","LINGKUNGAN 9","","","G. Perdagangan Besar dan Eceran, Reparasi Mobil dan Sepeda Motor","SBR"],
    ["41453","TOKO SEMBAKO BEN (JANSEN)","JALAN MUARA TAKUS 70-72","prelist","MEDAN POLONIA","MADRAS HULU","LINGKUNGAN 4","","","G. Perdagangan Besar dan Eceran, Reparasi Mobil dan Sepeda Motor","SBR"],
    ["41520","PT BULC","GEDUNG SINARMAS LAND PLAZA LANTAI 4 MEDAN","prelist","MEDAN POLONIA","MADRAS HULU","LINGKUNGAN 7","","","P. Pendidikan","SBR"],
    ["41521","PT BANK DANAMON INDONESIA TBK","JALAN DIPONEGORO NO 35","prelist","MEDAN POLONIA","MADRAS HULU","LINGKUNGAN 8","","","K. Aktivitas Keuangan Dan Asuransi","SBR"],
    ["41523","KOPERASI SERBA USAHA (KSU)","JALAN DIPONEGORO NO 30 A MEDAN","prelist","MEDAN POLONIA","MADRAS HULU","LINGKUNGAN 7","","","K. Aktivitas Keuangan Dan Asuransi","SBR"],
    ["41524","SMA METHODIS","JALAN HANG TUAH","prelist","MEDAN POLONIA","MADRAS HULU","LINGKUNGAN 7","","","P. Pendidikan","SBR"],
    ["41525","PT SINARLIKA PORTIBI JAYA PLANTATION","JALAN P DIPONEGORO NO 51 RT RW","prelist","MEDAN POLONIA","MADRAS HULU","LINGKUNGAN 8","","","C. Industri Pengolahan","SBR"],
    ["41526","RESTORAN ISTANA KOKI","JALAN CIKDITIRO NO 110A","prelist","MEDAN POLONIA","MADRAS HULU","LINGKUNGAN 7","","","I. Penyediaan Akomodasi dan Makan Minum","SBR"],
    ["41532","KANTOR KONTRAKTOR","JALAN DIPONEGORO NO 30 A MEDAN","prelist","MEDAN POLONIA","MADRAS HULU","LINGKUNGAN 7","","","F. Konstruksi","SBR"],
    ["41551","HERMES PLACE POLONIA","JALAN WALTER MONGONSI DI NO 45","prelist","MEDAN POLONIA","POLONIA","LINGKUNGAN 7","","","L. Real Estat","SBR"],
    ["41582","PATRICE","SUN PLAZA LT 1 NO 06","prelist","MEDAN POLONIA","MADRAS HULU","LINGKUNGAN 9","","","G. Perdagangan Besar dan Eceran, Reparasi Mobil dan Sepeda Motor","SBR"],
    ["41584","SD IT ALIF","JALAN MES FID NO 43","prelist","MEDAN POLONIA","POLONIA","LINGKUNGAN 1","","","P. Pendidikan","SBR"],
    ["41585","KOPERASI PASKHAS","ASRAMA PASKHAS","prelist","MEDAN POLONIA","SARI REJO","LINGKUNGAN 8","","","K. Aktivitas Keuangan Dan Asuransi","SBR"],
    ["41695","C3 CUCI MOBIL","JL MONGINSIDI NO 51","prelist","MEDAN POLONIA","POLONIA","LINGKUNGAN 4","","","G. Perdagangan Besar dan Eceran, Reparasi Mobil dan Sepeda Motor","SBR"],
    ["41713","GREEN SELULAR","GEDUNG LIPPO SUN PLAZA LANTAI LG","prelist","MEDAN POLONIA","MADRAS HULU","LINGKUNGAN 9","","","G. Perdagangan Besar dan Eceran, Reparasi Mobil dan Sepeda Motor","SBR"],
    ["41714","TOKO MATERIAL BAHAN BANGUNAN IRIAN","JALAN KH ZAINUL ARIFIN NO 139","prelist","MEDAN POLONIA","MADRAS HULU","LINGKUNGAN 1","","","G. Perdagangan Besar dan Eceran, Reparasi Mobil dan Sepeda Motor","SBR"],
    ["41728","SDN 06490","JALAN KARYA BAKTI 2","prelist","MEDAN POLONIA","SARI REJO","LINGKUNGAN 2","","","P. Pendidikan","SBR"],
    ["41832","PABRIK ROTI BARLIAN (WARIADI)","JALAN STARBAN GANG SAWAH","prelist","MEDAN POLONIA","POLONIA","LINGKUNGAN 11","","","C. Industri Pengolahan","SBR"],
    ["42032","HITECH PRESINDO PT","JL. IR. H. JUANDA","prelist","MEDAN POLONIA","SUKA DAMAI","LINGKUNGAN 5","","","M. Jasa Profesional, Ilmiah, dan Teknis","SBR"],
    ["42033","RUMAH MAKAN BOLLYWOOD","JALAN MUARA TAKUS NO 7","prelist","MEDAN POLONIA","MADRAS HULU","LINGKUNGAN 4","","","I. Penyediaan Akomodasi dan Makan Minum","SBR"],
    ["42037","TOKO IBU MINA","JALAN CIK DITIRO NO 9B","prelist","MEDAN POLONIA","MADRAS HULU","LINGKUNGAN 4","","","C. Industri Pengolahan","SBR"],
    ["42061","MARIA, CV","JL.STARBAN NO.15","prelist","MEDAN POLONIA","POLONIA","LINGKUNGAN 7","","","C. Industri Pengolahan","SBR"],
    ["42142","POLO","SUN PLAZA LT 1C NO 03","prelist","MEDAN POLONIA","MADRAS HULU","LINGKUNGAN 9","","","G. Perdagangan Besar dan Eceran, Reparasi Mobil dan Sepeda Motor","SBR"],
    ["42145","ARTHAGUNA SESAMA, PT","JL. KH. ZAINUL ARIFIN SUN PLAZA LT1 NO 07/08","prelist","MEDAN POLONIA","MADRAS HULU","LINGKUNGAN 7","","","G. Perdagangan Besar dan Eceran, Reparasi Mobil dan Sepeda Motor","SBR"],
    ["42146","BELLAGIO","GEDUNG LIPPO SUN PLAZA LANTALIG","prelist","MEDAN POLONIA","MADRAS HULU","LINGKUNGAN 7","","","G. Perdagangan Besar dan Eceran, Reparasi Mobil dan Sepeda Motor","SBR"],
    ["42160","PILASTRO EXPRES","GEDUNG LIPPO SUN PLAZA LANTAI LG","prelist","MEDAN POLONIA","MADRAS HULU","LINGKUNGAN 7","","","I. Penyediaan Akomodasi dan Makan Minum","SBR"],
    ["42167","JPP SKIN CLINIC CENTRE","JL. KH.ZAINUL ARIFIN SUN PLAZA LT 1 B NO.22","prelist","MEDAN POLONIA","MADRAS HULU","LINGKUNGAN 9","","","S. Aktivitas Jasa Lainnya","SBR"],
    ["42170","PT Telekomunikasi Indonesia Seluler GraPARI Medan Sun Plaza","SUN PLAZA LT 1 Blok A1 No. 5 Jl. KH. Zainul Arifin No. 7","prelist","MEDAN POLONIA","MADRAS HULU","LINGKUNGAN 9","","","G. Perdagangan Besar dan Eceran, Reparasi Mobil dan Sepeda Motor","SBR"],
    ["42363","BENGKEL MOBIL(AWI)","JLN STARBAN GG SUBUR","prelist","MEDAN POLONIA","POLONIA","LINGKUNGAN 6","","","G. Perdagangan Besar dan Eceran, Reparasi Mobil dan Sepeda Motor","SBR"],
    ["42384","BANDAR JAYA MURNI PT","JALAN KEDIRI NO 7/9","prelist","MEDAN POLONIA","MADRAS HULU","LINGKUNGAN 3","","","H. Transportasi dan Pergudangan","SBR"],
    ["42392","CELLULAR 1","GEDUNG LIPPO SUN PLAZA LANTAI 16","prelist","MEDAN POLONIA","MADRAS HULU","LINGKUNGAN 9","","","G. Perdagangan Besar dan Eceran, Reparasi Mobil dan Sepeda Motor","SBR"],
    ["42393","GLOBAL PUTRA INT GROUP PT","JALAN MONGONSIDI NO 25","prelist","MEDAN POLONIA","POLONIA","LINGKUNGAN 1","","","H. Transportasi dan Pergudangan","SBR"],
    ["42395","TOWER BERSAMA GROUP","JALAN CUT NYAK DIEN NO 14","prelist","MEDAN POLONIA","MADRAS HULU","LINGKUNGAN 8","","","J. Informasi dan Komunikasi","SBR"],
    ["42412","USAHA KRIPIK UBI <SRI>","JALAN SUBUR 2","prelist","MEDAN POLONIA","SARI REJO","LINGKUNGAN 2","","","C. Industri Pengolahan","SBR"],
    ["42606","D`CREPES","LT 4 SUN PLAZA","prelist","MEDAN POLONIA","MADRAS HULU","LINGKUNGAN 3","","","I. Penyediaan Akomodasi dan Makan Minum","SBR"],
    ["42607","GAUDI","SUN PLAZA LT 1 NO","prelist","MEDAN POLONIA","MADRAS HULU","LINGKUNGAN 9","","","G. Perdagangan Besar dan Eceran, Reparasi Mobil dan Sepeda Motor","SBR"],
    ["42608","HENDRA RUSLI SHIN SHE","JALAN KEDIRI NO 76","prelist","MEDAN POLONIA","MADRAS HULU","LINGKUNGAN 3","","","Q. Jasa Kesehatan dan Kegiatan Sosial","SBR"],
    ["42609","GRAND DUCK","LT 4 SUN PLAZA","prelist","MEDAN POLONIA","MADRAS HULU","LINGKUNGAN 9","","","I. Penyediaan Akomodasi dan Makan Minum","SBR"],
    ["42610","WATCH ZONE (PT GILANG AGUNG PERKASA)","GEDUNG LIPPO SUN PLAZA LANTAI G","prelist","MEDAN POLONIA","MADRAS HULU","LINGKUNGAN 9","","","G. Perdagangan Besar dan Eceran, Reparasi Mobil dan Sepeda Motor","SBR"],
    ["42611","PT SPII","JALAN DIPONEGORO NO 18 MEDAN","prelist","MEDAN POLONIA","MADRAS HULU","LINGKUNGAN 9","","","H. Transportasi dan Pergudangan","SBR"],
    ["42633","ES TELER 77","JL.KH ZAINUL ARIFIN SUN PLAZA LANTAI 3","prelist","MEDAN POLONIA","MADRAS HULU","LINGKUNGAN 9","","","I. Penyediaan Akomodasi dan Makan Minum","SBR"],
    ["42634","BILLA SKIN CARE","SUN PLAZA LT 1","prelist","MEDAN POLONIA","MADRAS HULU","LINGKUNGAN 9","","","S. Aktivitas Jasa Lainnya","SBR"],
    ["42635","ACE HARDWARE","LT 3C 12 SUN PLAZA","prelist","MEDAN POLONIA","MADRAS HULU","LINGKUNGAN 9","","","G. Perdagangan Besar dan Eceran, Reparasi Mobil dan Sepeda Motor","SBR"],
    ["42636","YO N YU","LANTAI 4 SUN PLAZA","prelist","MEDAN POLONIA","MADRAS HULU","LINGKUNGAN 7","","","I. Penyediaan Akomodasi dan Makan Minum","SBR"],
    ["42637","BAAZAR GOLF","SUN PLAZA LT 2","prelist","MEDAN POLONIA","MADRAS HULU","LINGKUNGAN 9","","","G. Perdagangan Besar dan Eceran, Reparasi Mobil dan Sepeda Motor","SBR"],
    ["42686","YAYASAN ALHIDAYAH","JALAN STARBAN GANG SAHABAT","prelist","MEDAN POLONIA","POLONIA","LINGKUNGAN 13","","","P. Pendidikan","SBR"],
    ["42693","SUSI AIR","JL JUANDA","prelist","MEDAN POLONIA","SUKA DAMAI","LINGKUNGAN 5","","","H. Transportasi dan Pergudangan","SBR"],
    ["42695","KLINIK (GINO TANN)","JL MONGONSIDI","prelist","MEDAN POLONIA","SUKA DAMAI","LINGKUNGAN 5","","","Q. Jasa Kesehatan dan Kegiatan Sosial","SBR"],
    ["42698","INDO SEPARATOR, PT","JL. TAMAN POLONONIA III NO. 42 LK. V KEL. POLONIA","prelist","MEDAN POLONIA","SUKA DAMAI","LINGKUNGAN 4","","","F. Konstruksi","SBR"],
    ["42701","RAFFLESS SCHOOL","KOMPLEK CBD BLOK A JALAN PADANG GOLF","prelist","MEDAN POLONIA","SUKA DAMAI","LINGKUNGAN 5","","","P. Pendidikan","SBR"],
    ["42714","LBPP LIA","JALAN MONGONSIDI NO 17 B","prelist","MEDAN POLONIA","POLONIA","LINGKUNGAN 1","","","P. Pendidikan","SBR"],
    ["42716","KLINIK UMI","JALAN PENDIDIKAN","prelist","MEDAN POLONIA","POLONIA","LINGKUNGAN 1","","","Q. Jasa Kesehatan dan Kegiatan Sosial","SBR"],
    ["42979","TOKO UMA XX FIRE WORKS (PANIR)","JALAN CIKDITIRO NO 22/18","prelist","MEDAN POLONIA","MADRAS HULU","LINGKUNGAN 6","","","C. Industri Pengolahan","SBR"],
    ["42996","FA VIAT SING","JALAN MONGONSIDI NO 36","prelist","MEDAN POLONIA","ANGGRUNG","LINGKUNGAN 5","","","G. Perdagangan Besar dan Eceran, Reparasi Mobil dan Sepeda Motor","SBR"],
    ["43003","AIR MINUM ISI ULANG","JLN BALAI DESA","prelist","MEDAN POLONIA","POLONIA","LINGKUNGAN 8","","","C. Industri Pengolahan","SBR"],
    ["43004","USAHA TOKO PAKAIAN JUNO","JALAN TEUKU CIKDITIRO NO 84","prelist","MEDAN POLONIA","MADRAS HULU","LINGKUNGAN 6","","","G. Perdagangan Besar dan Eceran, Reparasi Mobil dan Sepeda Motor","SBR"],
    ["43014","KILLINEY KOPI","GEDUNG LIPPO SUN PLAZA LANTAI LG","prelist","MEDAN POLONIA","MADRAS HULU","LINGKUNGAN 9","","","I. Penyediaan Akomodasi dan Makan Minum","SBR"],
    ["43016","PT HSBC","GEDUNG SINARMAS LAND PLAZA LANTAI 6 MEDAN","prelist","MEDAN POLONIA","MADRAS HULU","LINGKUNGAN 9","","","K. Aktivitas Keuangan Dan Asuransi","SBR"],
    ["43020","GEDUNG SERBA GUNA ADVENT","JALAN R A KARTINI NO 17","prelist","MEDAN POLONIA","MADRAS HULU","LINGKUNGAN 8","","","K. Aktivitas Keuangan Dan Asuransi","SBR"],
    ["43021","PT BANK CIMB NIAGA TBK","GEDUNG HOTEL POLONIA JALAN JENDRAL SUDIRMAN","prelist","MEDAN POLONIA","MADRAS HULU","LINGKUNGAN 8","","","K. Aktivitas Keuangan Dan Asuransi","SBR"],
    ["43053","BAKRIE SUMATERA PLANTATIONS TBK PT","JALAN MONGONSIDI NO 2 0-20 A","prelist","MEDAN POLONIA","ANGGRUNG","LINGKUNGAN 4","","","C. Industri Pengolahan","SBR"],
    ["43113","JASA PENGIRIMAN BARANG DAN DOKUMEN<PT ANUGRAH KITA>","JALAN TEUKU CIKPITIRO NO 8C","prelist","MEDAN POLONIA","MADRAS HULU","LINGKUNGAN 7","","","H. Transportasi dan Pergudangan","SBR"],
    ["43171","KISEL","KOMPLEK CBD POLONIA BLOK EE-54-55","prelist","MEDAN POLONIA","SUKA DAMAI","LINGKUNGAN 5","","","J. Informasi dan Komunikasi","SBR"],
    ["43176","BANK PERMATA","JL IMAM BONJOL","prelist","MEDAN POLONIA","MADRAS HULU","LINGKUNGAN 9","","","K. Aktivitas Keuangan Dan Asuransi","SBR"],
    ["43262","TK WASIFAH","JALAN SEJATI GANG IMAM","prelist","MEDAN POLONIA","SARI REJO","LINGKUNGAN 8","","","P. Pendidikan","SBR"],
    ["43432","TK MIFTAHUL JANAH","JALAN KARYA BAKTI 1","prelist","MEDAN POLONIA","SARI REJO","LINGKUNGAN 1","","","P. Pendidikan","SBR"],
    ["43439","THE EXECUTIVE (PT DELAMI BRANDS KHARISMA BUSANA)","GEDUNG LIPPO SUN PLAZA LANTAI G","prelist","MEDAN POLONIA","MADRAS HULU","LINGKUNGAN 7","","","G. Perdagangan Besar dan Eceran, Reparasi Mobil dan Sepeda Motor","SBR"],
    ["43452","KANTOR PEMASARAN CBD","KOMPLEK CBD POLONIA BLOK EE-78-79","prelist","MEDAN POLONIA","SUKA DAMAI","LINGKUNGAN 5","","","L. Real Estat","SBR"],
    ["43466","ATT","GEDUNG LIPPO SUN PLAZA MEDAN","prelist","MEDAN POLONIA","MADRAS HULU","LINGKUNGAN 9","","","G. Perdagangan Besar dan Eceran, Reparasi Mobil dan Sepeda Motor","SBR"],
    ["43487","LORONG BABAH","LT 4 SUN PLAZA","prelist","MEDAN POLONIA","MADRAS HULU","LINGKUNGAN 9","","","I. Penyediaan Akomodasi dan Makan Minum","SBR"],
    ["43493","AVEDA FOOT WATER","SUN PLAZA LT 1 C NO 16","prelist","MEDAN POLONIA","MADRAS HULU","LINGKUNGAN 9","","","G. Perdagangan Besar dan Eceran, Reparasi Mobil dan Sepeda Motor","SBR"],
    ["43506","SEMBAKO <N BR PURBA>","J L STARBAN NO 132","prelist","MEDAN POLONIA","POLONIA","LINGKUNGAN 10","","","G. Perdagangan Besar dan Eceran, Reparasi Mobil dan Sepeda Motor","SBR"],
    ["43507","YAYASAN TK MUTIARA HANDAYANI","JALAN STARBAN GANG FA MILY","prelist","MEDAN POLONIA","POLONIA","LINGKUNGAN 12","","","P. Pendidikan","SBR"],
    ["43508","SMP SWASTA TAMAN SISWA","JALAN PENDIDIKAN","prelist","MEDAN POLONIA","POLONIA","LINGKUNGAN 1","","","P. Pendidikan","SBR"],
    ["43517","SEKOLAH ISCO","JL STARBAN GG FAMILI","prelist","MEDAN POLONIA","POLONIA","LINGKUNGAN 12","","","P. Pendidikan","SBR"],
    ["43582","SD KARANG SARI","JALAN MAWAR NO 9","prelist","MEDAN POLONIA","SARI REJO","LINGKUNGAN 5","","","P. Pendidikan","SBR"],
    ["43588","PT UNILEVER TBK","JALAN AGUS SALIM NO 5","prelist","MEDAN POLONIA","MADRAS HULU","LINGKUNGAN 8","","","G. Perdagangan Besar dan Eceran, Reparasi Mobil dan Sepeda Motor","SBR"],
    ["43591","T K SWASTA KRISTEN","JALAN SELAMAT LIYADI NO 1","prelist","MEDAN POLONIA","MADRAS HULU","LINGKUNGAN 7","","","P. Pendidikan","SBR"],
    ["43592","RIZQI TUNGGAL PRATAMA, PT","JL. TEUKU CIK DITIRO NO. 08 C","prelist","MEDAN POLONIA","MADRAS HULU","LINGKUNGAN 6","","","F. Konstruksi","SBR"],
    ["43634","TOKO ROTI (MAHMUD)","JALAN CIKDITIRO 9","prelist","MEDAN POLONIA","MADRAS HULU","LINGKUNGAN 4","","","I. Penyediaan Akomodasi dan Makan Minum","SBR"],
    ["43645","YUES SOCKER FRANCE","GEDUNG LIPPO SUN PLAZA LANTAI LG","prelist","MEDAN POLONIA","MADRAS HULU","LINGKUNGAN 9","","","G. Perdagangan Besar dan Eceran, Reparasi Mobil dan Sepeda Motor","SBR"],
    ["43646","PT. ESAI","GEDUNG SINARMAS LAND PLAZA LANTAI 9 MEDAN","prelist","MEDAN POLONIA","MADRAS HULU","LINGKUNGAN 9","","","H. Transportasi dan Pergudangan","SBR"],
    ["43648","PABRIK BUANA PLASTIK","JL TERNAK I NO 34/36","prelist","MEDAN POLONIA","POLONIA","LINGKUNGAN 6","","","C. Industri Pengolahan","SBR"],
    ["43663","PRAMITA PT","JALAN DIPONEGORO NO 37","prelist","MEDAN POLONIA","MADRAS HULU","LINGKUNGAN 9","","","Q. Jasa Kesehatan dan Kegiatan Sosial","SBR"],
    ["43666","SMP SWASTA KRISTEN IMMANUEL","JALAN SELAMAT LIYADI NO 1","prelist","MEDAN POLONIA","MADRAS HULU","LINGKUNGAN 7","","","P. Pendidikan","SBR"],
    ["43668","JACO","GEDUNG LIPPO SUN PLAZA LANTAI LG","prelist","MEDAN POLONIA","MADRAS HULU","LINGKUNGAN 9","","","G. Perdagangan Besar dan Eceran, Reparasi Mobil dan Sepeda Motor","SBR"],
    ["43669","INDOMARET RAYMOND CV","JALAN MONGONSIDI","prelist","MEDAN POLONIA","ANGGRUNG","LINGKUNGAN 8","","","G. Perdagangan Besar dan Eceran, Reparasi Mobil dan Sepeda Motor","SBR"],
    ["43763","PRAKTEK DOKTER","JALAN T UMAR 30 D","prelist","MEDAN POLONIA","MADRAS HULU","LINGKUNGAN 5","","","Q. Jasa Kesehatan dan Kegiatan Sosial","SBR"],
    ["43902","KOPERASI SMK NEGERI 10 MEDAN","JALAN T CIK DITIRO","prelist","MEDAN POLONIA","MADRAS HULU","LINGKUNGAN 7","","","K. Aktivitas Keuangan Dan Asuransi","SBR"],
    ["43913","TK ISLAM AL-ANSHAR","TK ISLAM AL ANSHAR","prelist","MEDAN POLONIA","POLONIA","LINGKUNGAN 1","","","P. Pendidikan","SBR"],
    ["43921","SDN NO 060901","JL MONGINSIDI NO 65","prelist","MEDAN POLONIA","POLONIA","LINGKUNGAN 4","","","P. Pendidikan","SBR"],
    ["43943","PABRIK BALON KARET <DAVID>","JALAN SUBUR NO 48","prelist","MEDAN POLONIA","POLONIA","LINGKUNGAN 7","","","C. Industri Pengolahan","SBR"],
    ["43947","TOKO SEMBAKO (NICKY)","JLN STARBAN","prelist","MEDAN POLONIA","POLONIA","LINGKUNGAN 10","","","G. Perdagangan Besar dan Eceran, Reparasi Mobil dan Sepeda Motor","SBR"],
    ["43982","BANK BTN SYARIAH","JALAN JUANDA NO 4 8 MEDAN","prelist","MEDAN POLONIA","SUKA DAMAI","LINGKUNGAN 4","","","K. Aktivitas Keuangan Dan Asuransi","SBR"],
    ["43985","PRAKTEK DOKTER KARIMAN TAMA","JALAN KEDIRI NO 77","prelist","MEDAN POLONIA","MADRAS HULU","LINGKUNGAN 3","","","Q. Jasa Kesehatan dan Kegiatan Sosial","SBR"],
    ["44008","USAHA CUCI SOFA (ALDO)","JALAN MUARA TAKUS 2","prelist","MEDAN POLONIA","MADRAS HULU","LINGKUNGAN 4","","","S. Aktivitas Jasa Lainnya","SBR"],
    ["44102","OPTIK ACEAN","GEDUNG LIPPO SUN PLAZA LANTAI G","prelist","MEDAN POLONIA","MADRAS HULU","LINGKUNGAN 9","","","G. Perdagangan Besar dan Eceran, Reparasi Mobil dan Sepeda Motor","SBR"],
    ["44104","PT LAUTAN DHANA SECURINDO","JALAN CUT MUTIA NO 15B","prelist","MEDAN POLONIA","MADRAS HULU","LINGKUNGAN 10","","","K. Aktivitas Keuangan Dan Asuransi","SBR"],
    ["44113","PRAKTEK UMUM DR BUDIMAN","JALAN KARYA BAKTI 1A","prelist","MEDAN POLONIA","SARI REJO","LINGKUNGAN 1","","","Q. Jasa Kesehatan dan Kegiatan Sosial","SBR"],
    ["44138","TK RA RAHMAD","JALAN STARBAN GANG IMAM NO 214","prelist","MEDAN POLONIA","POLONIA","LINGKUNGAN 13","","","P. Pendidikan","SBR"],
    ["44142","SWATCH","GEDUNG LIPPO SUN PLAZA LANTAI G","prelist","MEDAN POLONIA","MADRAS HULU","LINGKUNGAN 9","","","G. Perdagangan Besar dan Eceran, Reparasi Mobil dan Sepeda Motor","SBR"],
    ["44143","MANGO","GEDUNG LIPPO SUN PLAZA LANTAI G","prelist","MEDAN POLONIA","MADRAS HULU","LINGKUNGAN 9","","","G. Perdagangan Besar dan Eceran, Reparasi Mobil dan Sepeda Motor","SBR"],
    ["44162","SINGAPORE ES CREAM/ITARIA, CV","JL. STARBAN NO.15/17","prelist","MEDAN POLONIA","POLONIA","LINGKUNGAN 7","","","C. Industri Pengolahan","SBR"],
    ["44163","OPTIK SEIS","GEDUNG LIPPO SUN PLAZA LANTAI G","prelist","MEDAN POLONIA","MADRAS HULU","LINGKUNGAN 9","","","G. Perdagangan Besar dan Eceran, Reparasi Mobil dan Sepeda Motor","SBR"],
    ["44171","KLINIK PRIMA MEDISTRA","JALAN IMAM BONJOL NO 368","prelist","MEDAN POLONIA","MADRAS HULU","LINGKUNGAN 8","","","Q. Jasa Kesehatan dan Kegiatan Sosial","SBR"],
    ["44172","KANTOR PT SUMBER ALAM MAKMUR","JALAN A RIVAI NO 6","prelist","MEDAN POLONIA","MADRAS HULU","LINGKUNGAN 8","","","C. Industri Pengolahan","SBR"],
    ["44196","SEKOLAH DASAR RAHMAJAYA","JALAN N M SYAHID GANG A HARAHAP","prelist","MEDAN POLONIA","POLONIA","LINGKUNGAN 1","","","P. Pendidikan","SBR"],
    ["44239","JUALAN MAKANAN RINGAN (ASNAH)","JALAN SUBUR 2 UJUNG GG SUBUR","prelist","MEDAN POLONIA","SARI REJO","LINGKUNGAN 2","","","G. Perdagangan Besar dan Eceran, Reparasi Mobil dan Sepeda Motor","SBR"],
    ["44244","TOKO JAM TANGAN SEIKO ALBA","JALAN KH ZAINUL ARIFIN NO 141","prelist","MEDAN POLONIA","MADRAS HULU","LINGKUNGAN 1","","","G. Perdagangan Besar dan Eceran, Reparasi Mobil dan Sepeda Motor","SBR"],
    ["44331","KLINIK DENTAKU","KOMPLEKS MULTATULI BLOK AA HO. 33-54","prelist","MEDAN POLONIA","SUKA DAMAI","LINGKUNGAN 5","","","Q. Jasa Kesehatan dan Kegiatan Sosial","SBR"],
    ["44364","SMP AL-MUJAHIDAH KELAS 1","JALAN BILAL GG MAKMUR","prelist","MEDAN POLONIA","SARI REJO","LINGKUNGAN 1","","","P. Pendidikan","SBR"],
    ["44366","SWACTH TIME","GEDUNG LIPPO SUN PLAZA LANTAI G","prelist","MEDAN POLONIA","MADRAS HULU","LINGKUNGAN 9","","","G. Perdagangan Besar dan Eceran, Reparasi Mobil dan Sepeda Motor","SBR"],
    ["44371","PT KREASI EDULAB","JALAN AGUS SALIM NO 5","prelist","MEDAN POLONIA","MADRAS HULU","LINGKUNGAN 8","","","P. Pendidikan","SBR"],
    ["44372","BANK BNI","JL DR CIPTO NO 12","prelist","MEDAN POLONIA","ANGGRUNG","LINGKUNGAN 2","","","K. Aktivitas Keuangan Dan Asuransi","SBR"],
    ["44373","MITRA PT PRIMA","JALAN MONGONSIDI 2 NO 10","prelist","MEDAN POLONIA","ANGGRUNG","LINGKUNGAN 6","","","H. Transportasi dan Pergudangan","SBR"],
    ["44384","BANK MESTIKA","GEDUNG LIPPO SUN PLAZA LANTAI LQ","prelist","MEDAN POLONIA","MADRAS HULU","LINGKUNGAN 9","","","K. Aktivitas Keuangan Dan Asuransi","SBR"],
    ["44387","PT HAMPEL INDONESIA","GEDUNG SINARMAS LAND PLAZA LANTA 14 MEDAN","prelist","MEDAN POLONIA","MADRAS HULU","LINGKUNGAN 9","","","G. Perdagangan Besar dan Eceran, Reparasi Mobil dan Sepeda Motor","SBR"],
    ["44395","STARBUST COFFE","GEOUNG LIPPO SUN PLAZA LANTAI G","prelist","MEDAN POLONIA","MADRAS HULU","LINGKUNGAN 9","","","I. Penyediaan Akomodasi dan Makan Minum","SBR"],
    ["44396","TK ISLAM","JALAN DIPONEGORO NO.31 BELAKANG MESJID AGUNG","prelist","MEDAN POLONIA","MADRAS HULU","LINGKUNGAN 9","","","P. Pendidikan","SBR"],
    ["44398","RINA FARMA","JALAN MAWAR","prelist","MEDAN POLONIA","SARI REJO","LINGKUNGAN 4","","","G. Perdagangan Besar dan Eceran, Reparasi Mobil dan Sepeda Motor","SBR"],
    ["44401","PANDU TANI INDONESIA","KOMPLEK CBD POLONIA BLOK EE- 96-97","prelist","MEDAN POLONIA","SUKA DAMAI","LINGKUNGAN 5","","","M. Jasa Profesional, Ilmiah, dan Teknis","SBR"],
    ["44448","GUESS","GEDUNG LIPPO SUN PLAZA LANTAI G","prelist","MEDAN POLONIA","MADRAS HULU","LINGKUNGAN 9","","","G. Perdagangan Besar dan Eceran, Reparasi Mobil dan Sepeda Motor","SBR"],
    ["44449","INNOVATION STORE","GEDUNG LIPPO SUN PLAZA LANTAI LG","prelist","MEDAN POLONIA","MADRAS HULU","LINGKUNGAN 9","","","G. Perdagangan Besar dan Eceran, Reparasi Mobil dan Sepeda Motor","SBR"],
    ["44450","PT SINAR MAS TELADAN","GEDUNG SINARMAS LAND PLAZA LANTAI 10 MEDAN","prelist","MEDAN POLONIA","MADRAS HULU","LINGKUNGAN 9","","","L. Real Estat","SBR"],
    ["44452","FRANK& CO (PT CENTRAL MEGA KENCANA)","GEOUNG LIPPO SUN PLAZA LANTAI G","prelist","MEDAN POLONIA","MADRAS HULU","LINGKUNGAN 9","","","G. Perdagangan Besar dan Eceran, Reparasi Mobil dan Sepeda Motor","SBR"],
    ["44453","PT FEDERAL PUNIX GROUP","GEDUNG SINARMAS LAND PLAZA LANTAI 8 MEDAN","prelist","MEDAN POLONIA","MADRAS HULU","LINGKUNGAN 9","","","K. Aktivitas Keuangan Dan Asuransi","SBR"],
    ["44454","PAUD (ALI)","JL MAWAR GG BENTENG","prelist","MEDAN POLONIA","SARI REJO","LINGKUNGAN 4","","","P. Pendidikan","SBR"],
    ["44478","USAHA PAKAIAN JADI NARAIN","JALAN TEUKU CIK DITIRO","prelist","MEDAN POLONIA","MADRAS HULU","LINGKUNGAN 7","","","G. Perdagangan Besar dan Eceran, Reparasi Mobil dan Sepeda Motor","SBR"],
    ["44504","KARYA SABAR (ZAITUN)","JALAN KH ZAINUL ARIFIN","prelist","MEDAN POLONIA","MADRAS HULU","LINGKUNGAN 6","","","G. Perdagangan Besar dan Eceran, Reparasi Mobil dan Sepeda Motor","SBR"],
    ["44530","PANGKALAN GAS 3 KG (RIZKY)","JLN STARBAN GG KARTO","prelist","MEDAN POLONIA","POLONIA","LINGKUNGAN 10","","","G. Perdagangan Besar dan Eceran, Reparasi Mobil dan Sepeda Motor","SBR"],
    ["44555","PRAKTEK DORTER MARWAN MOEHARMAN","JL POLONIA","prelist","MEDAN POLONIA","SUKA DAMAI","LINGKUNGAN 6","","","Q. Jasa Kesehatan dan Kegiatan Sosial","SBR"],
    ["44556","BANK ICBC INDONESIA","JALAN JENDRAL SUDIRMAN NO 39-39 4","prelist","MEDAN POLONIA","ANGGRUNG","LINGKUNGAN 4","","","K. Aktivitas Keuangan Dan Asuransi","SBR"],
    ["44557","CHARLIE BROWN","HERMES PLACE","prelist","MEDAN POLONIA","POLONIA","LINGKUNGAN 1","","","I. Penyediaan Akomodasi dan Makan Minum","SBR"],
    ["44629","PT INDONESIA ASAHAN ALUMUNIUM","JALAN RA KARTINI NO 21","prelist","MEDAN POLONIA","MADRAS HULU","LINGKUNGAN 8","","","B. Pertambangan dan Penggalian","SBR"],
    ["44689","PT SUMBER TANI AGUNG","JALAN P DIPONEGORO NO 51 RT RW 20152","prelist","MEDAN POLONIA","MADRAS HULU","LINGKUNGAN 8","","","C. Industri Pengolahan","SBR"],
    ["44794","ELKA JAYA PT <CHARLIES>","JALAN MUARA TAKUS NO 81","prelist","MEDAN POLONIA","MADRAS HULU","LINGKUNGAN 4","","","H. Transportasi dan Pergudangan","SBR"],
    ["44799","SMP ANGKASA POLONIA","J L POLONIA NO 99 MEDAN","prelist","MEDAN POLONIA","SUKA DAMAI","LINGKUNGAN 6","","","P. Pendidikan","SBR"],
    ["44851","INDOMARET","JALAN MONGONSIDI","prelist","MEDAN POLONIA","ANGGRUNG","LINGKUNGAN 8","","","G. Perdagangan Besar dan Eceran, Reparasi Mobil dan Sepeda Motor","SBR"],
    ["44854","KANTOR PT SARANA AGRO NUSANTARA (PT.SAN)","JALAN IMAM BONJOL NO 24 A-B RT RW 20151","prelist","MEDAN POLONIA","MADRAS HULU","LINGKUNGAN 7","","","H. Transportasi dan Pergudangan","SBR"],
    ["44963","PASIFIK SATELIT NUSANTARA","JALAN IMAM BONJOL NO 18","prelist","MEDAN POLONIA","MADRAS HULU","LINGKUNGAN 9","","","J. Informasi dan Komunikasi","SBR"],
    ["44966","HELLO IGLOO","LANTAI 4 SUN PLAZA","prelist","MEDAN POLONIA","MADRAS HULU","LINGKUNGAN 9","","","I. Penyediaan Akomodasi dan Makan Minum","SBR"],
    ["44971","MAXI MART","JALAN WOLTER MONGONSI DI NO 45","prelist","MEDAN POLONIA","POLONIA","LINGKUNGAN 3","","","G. Perdagangan Besar dan Eceran, Reparasi Mobil dan Sepeda Motor","SBR"],
    ["45135","ASHLEY HALL HERMES PLACE POLONIA","JALAN MALTER MONGONSI D I NO 4 E","prelist","MEDAN POLONIA","POLONIA","LINGKUNGAN 7","","","I. Penyediaan Akomodasi dan Makan Minum","SBR"],
    ["45156","RA WASIFAH (WAHYUNI)","JALAN CINTA KARYA GANG PERBATASAN","prelist","MEDAN POLONIA","SARI REJO","LINGKUNGAN 8","","","P. Pendidikan","SBR"],
    ["45162","LAUNDRY MUTIARA","JALAN T CIKDITIRO","prelist","MEDAN POLONIA","MADRAS HULU","LINGKUNGAN 7","","","S. Aktivitas Jasa Lainnya","SBR"],
    ["45165","PT BNI","JALAN SUDIRMAN NOMOR 32","prelist","MEDAN POLONIA","MADRAS HULU","LINGKUNGAN 8","","","K. Aktivitas Keuangan Dan Asuransi","SBR"],
    ["45193","TK ALHIDAYA","JL STARBAN","prelist","MEDAN POLONIA","POLONIA","LINGKUNGAN 13","","","P. Pendidikan","SBR"],
    ["45213","TOKO GROSIR (FAUZI)","JL BALAI DESA","prelist","MEDAN POLONIA","POLONIA","LINGKUNGAN 8","","","G. Perdagangan Besar dan Eceran, Reparasi Mobil dan Sepeda Motor","SBR"],
    ["45231","PT FUJI ELEVATOR","JALAN MEDAN POLONIA","prelist","MEDAN POLONIA","MADRAS HULU","LINGKUNGAN 8","","","G. Perdagangan Besar dan Eceran, Reparasi Mobil dan Sepeda Motor","SBR"],
    ["45260","BOLT ZONE","SUN PLAZA LT 1","prelist","MEDAN POLONIA","MADRAS HULU","LINGKUNGAN 9","","","J. Informasi dan Komunikasi","SBR"],
    ["45276","PT WAVE COMINDO","JALAN IMAM BONJOL NO 18","prelist","MEDAN POLONIA","MADRAS HULU","LINGKUNGAN 9","","","J. Informasi dan Komunikasi","SBR"],
    ["45339","PAUD ANGKASA POLONIA","IL POLONS A NO 9 9 MEDAN","prelist","MEDAN POLONIA","SUKA DAMAI","LINGKUNGAN 6","","","P. Pendidikan","SBR"],
    ["45344","SAPTA WAHANA PRATMAIPT","JZ IZADENSMEH NO.81","prelist","MEDAN POLONIA","SUKA DAMAI","LINGKUNGAN 5","","","S. Aktivitas Jasa Lainnya","SBR"],
    ["45400","YAYASAN NURSSHOLIH","JALAN CEMPAKA NO 204","prelist","MEDAN POLONIA","SARI REJO","LINGKUNGAN 4","","","P. Pendidikan","SBR"],
    ["45403","CYBERINDO ADITAMA,PT","KOMPLEK CBD POLONIA BLOK E HO 24","prelist","MEDAN POLONIA","SUKA DAMAI","LINGKUNGAN 5","","","J. Informasi dan Komunikasi","SBR"],
    ["45404","MANISAN JAMBU (H RUSDI)","1-. DC BARITO I","prelist","MEDAN POLONIA","SUKA DAMAI","LINGKUNGAN 2","","","G. Perdagangan Besar dan Eceran, Reparasi Mobil dan Sepeda Motor","SBR"],
    ["45473","MANULIFE INSURANCE","JL DIPONEGORO NO 34","prelist","MEDAN POLONIA","MADRAS HULU","LINGKUNGAN 9","","","K. Aktivitas Keuangan Dan Asuransi","SBR"],
    ["45474","DANA PENSIUN HKBP","JALAN USKUP AGUNG","prelist","MEDAN POLONIA","MADRAS HULU","LINGKUNGAN 7","","","K. Aktivitas Keuangan Dan Asuransi","SBR"],
    ["45489","MANSQUARE","SUN PLAZA LT 1 RT RW","prelist","MEDAN POLONIA","MADRAS HULU","LINGKUNGAN 9","","","G. Perdagangan Besar dan Eceran, Reparasi Mobil dan Sepeda Motor","SBR"],
    ["45492","NOBO BANK","JLN ZAINUL ARIFIN LT 4 NO 64C SUN PLAZA","prelist","MEDAN POLONIA","MADRAS HULU","LINGKUNGAN 9","","","K. Aktivitas Keuangan Dan Asuransi","SBR"],
    ["45493","ADIDAS","LANTAI 3 SUN PLAZA","prelist","MEDAN POLONIA","MADRAS HULU","LINGKUNGAN 9","","","G. Perdagangan Besar dan Eceran, Reparasi Mobil dan Sepeda Motor","SBR"],
    ["45494","PT ASURANSI BANGUN AKSRIDA","JALAN IMAM BONJOL NO 18 GEDUNG BANK SUMUT LT 5","prelist","MEDAN POLONIA","MADRAS HULU","LINGKUNGAN 9","","","K. Aktivitas Keuangan Dan Asuransi","SBR"],
    ["45495","MICKEY HOLIDAY RESORT","JALAN TEUKU DAUD NO 3","prelist","MEDAN POLONIA","MADRAS HULU","LINGKUNGAN 9","","","I. Penyediaan Akomodasi dan Makan Minum","SBR"],
    ["45497","KALASAN","LT 4 SUN PLAZA","prelist","MEDAN POLONIA","MADRAS HULU","LINGKUNGAN 9","","","I. Penyediaan Akomodasi dan Makan Minum","SBR"],
    ["45513","YP METHODIS INDONESIA","JALAN HANGTUAH","prelist","MEDAN POLONIA","MADRAS HULU","LINGKUNGAN 7","","","P. Pendidikan","SBR"],
    ["45531","GUEST HOUSE ZAZAZIZI","JALAN MUARA TAKUS 10","prelist","MEDAN POLONIA","MADRAS HULU","LINGKUNGAN 4","","","I. Penyediaan Akomodasi dan Makan Minum","SBR"],
    ["45538","LEMBAGA PENDIDIKAN SURYA","JALAN KEDIRI NO 7","prelist","MEDAN POLONIA","MADRAS HULU","LINGKUNGAN 3","","","P. Pendidikan","SBR"],
    ["45558","LINTAS BENUA","KOMPLEK CBD BLOK B JALAN PADANG GOLF","prelist","MEDAN POLONIA","SUKA DAMAI","LINGKUNGAN 5","","","N. Jasa Persewaan, Ketenagakerjaan, Agen Perjalanan, dan Jasa Pendukung","SBR"],
    ["45733","PT ASS ARTARINDO","WISMA HSBC","prelist","MEDAN POLONIA","SUKA DAMAI","LINGKUNGAN 5","","","K. Aktivitas Keuangan Dan Asuransi","SBR"],
    ["45759","KFC","JL IMAM BONJOL KOMPLEK SPBU PERTAMINA","prelist","MEDAN POLONIA","SUKA DAMAI","LINGKUNGAN 5","","","I. Penyediaan Akomodasi dan Makan Minum","SBR"],
    ["45760","BREAD LIFE","GEDUNG LIPPO SUN PLAZA LANTAI LG","prelist","MEDAN POLONIA","MADRAS HULU","LINGKUNGAN 9","","","I. Penyediaan Akomodasi dan Makan Minum","SBR"],
    ["45777","TIMEZONE","GEDUNG LIPPO SUN PLAZA LANTAI L G","prelist","MEDAN POLONIA","MADRAS HULU","LINGKUNGAN 7","","","R. Kesenian, Hiburan, dan Rekreasi","SBR"],
    ["45778","PT BANK BTPN","JALAN KH ZAINUL ARIFIN NO 25","prelist","MEDAN POLONIA","MADRAS HULU","LINGKUNGAN 9","","","K. Aktivitas Keuangan Dan Asuransi","SBR"],
    ["45783","PT MARK IV INDONESIA","KOMPLEKS MULTATULI BLOK AA NO 32","prelist","MEDAN POLONIA","SUKA DAMAI","LINGKUNGAN 5","","","J. Informasi dan Komunikasi","SBR"],
    ["45813","STEAK 21","JL.KH ZAINUL ARIFIN SUN PLAZA LANTAI 4","prelist","MEDAN POLONIA","MADRAS HULU","LINGKUNGAN 9","","","I. Penyediaan Akomodasi dan Makan Minum","SBR"],
    ["46239","SKECHERS","SUN PLAZA LT 3","prelist","MEDAN POLONIA","MADRAS HULU","LINGKUNGAN 9","","","G. Perdagangan Besar dan Eceran, Reparasi Mobil dan Sepeda Motor","SBR"],
    ["46245","RA AS SYIFA A AULIA","J L N BALAI DES A","prelist","MEDAN POLONIA","POLONIA","LINGKUNGAN 7","","","P. Pendidikan","SBR"],
    ["46248","TK RA MUSLIMIN","JALAN STARBAN NO 179","prelist","MEDAN POLONIA","POLONIA","LINGKUNGAN 9","","","P. Pendidikan","SBR"],
    ["46313","CV GALAN","JL TERATAI NO 42 MEDAN","prelist","MEDAN POLONIA","SARI REJO","LINGKUNGAN 5","","","F. Konstruksi","SBR"],
    ["46314","PENJUAL GAS ECERAN","JALAN TERATAI NO 37","prelist","MEDAN POLONIA","SARI REJO","LINGKUNGAN 5","","","G. Perdagangan Besar dan Eceran, Reparasi Mobil dan Sepeda Motor","SBR"],
    ["46320","CV GMW","KOMPLEK CBD POLONIA BLOK F NO 92-95","prelist","MEDAN POLONIA","SUKA DAMAI","LINGKUNGAN 5","","","G. Perdagangan Besar dan Eceran, Reparasi Mobil dan Sepeda Motor","SBR"],
    ["46342","PT.MITRA PESONA JENGGALA","JL.GATOT SUBROTO","prelist","MEDAN POLONIA","MADRAS HULU","LINGKUNGAN 1","","","G. Perdagangan Besar dan Eceran, Reparasi Mobil dan Sepeda Motor","SBR"],
    ["46532","USAHA FOTO COPY DAN MENJUAL ALAT TULIS KANTOR<DEDY KURNIA CV>","JALAN TEUKU CIKDITIRO NO 8C","prelist","MEDAN POLONIA","MADRAS HULU","LINGKUNGAN 6","","","N. Jasa Persewaan, Ketenagakerjaan, Agen Perjalanan, dan Jasa Pendukung","SBR"],
    ["46533","USAHA PACKING (WAHAB)","JALAN MUARA TAKUS NO 18","prelist","MEDAN POLONIA","MADRAS HULU","LINGKUNGAN 4","","","H. Transportasi dan Pergudangan","SBR"],
    ["46563","SUMBER JAYA LIMEC CARGO PT","KOMPLEKS MULTATULI BLOK AA NO 48-49","prelist","MEDAN POLONIA","SUKA DAMAI","LINGKUNGAN 5","","","H. Transportasi dan Pergudangan","SBR"],
    ["46856","P T.BANK SBI INDONESIA","J L H.ZAINUL ARIFIN 50. 11 6 AA","prelist","MEDAN POLONIA","MADRAS HULU","LINGKUNGAN 1","","","K. Aktivitas Keuangan Dan Asuransi","SBR"],
    ["47151","APOTIK CENTURY","GEDUNG LIPPO SUN PLAZA LANTAI LG","prelist","MEDAN POLONIA","MADRAS HULU","LINGKUNGAN 9","","","G. Perdagangan Besar dan Eceran, Reparasi Mobil dan Sepeda Motor","SBR"],
    ["47152","KOPERASI KANWIL DJKN","JALAN PANGERAN DIPONEGORO","prelist","MEDAN POLONIA","MADRAS HULU","LINGKUNGAN 7","","","K. Aktivitas Keuangan Dan Asuransi","SBR"],
    ["47153","BANK MANDIRI","KOMPLEK WONDER WATER WORLD CBD POLONIA","prelist","MEDAN POLONIA","POLONIA","LINGKUNGAN 7","","","K. Aktivitas Keuangan Dan Asuransi","SBR"],
    ["47154","DANA PENSIUN PEGAWAI BANK SUMUT","JLN. IMAM BONJOL","prelist","MEDAN POLONIA","MADRAS HULU","LINGKUNGAN 9","","","K. Aktivitas Keuangan Dan Asuransi","SBR"],
    ["47157","PEGADAIAN","JL MONGONSIDI","prelist","MEDAN POLONIA","POLONIA","LINGKUNGAN 1","","","K. Aktivitas Keuangan Dan Asuransi","SBR"],
    ["47177","PRIMIER SAMSUNG","GEDUNG LIPPO SUN PLAZA LANTAI LE","prelist","MEDAN POLONIA","MADRAS HULU","LINGKUNGAN 9","","","G. Perdagangan Besar dan Eceran, Reparasi Mobil dan Sepeda Motor","SBR"],
    ["47321","PT SINERGI <YENI>","JALAN TERATAI NO 8","prelist","MEDAN POLONIA","SARI REJO","LINGKUNGAN 5","","","N. Jasa Persewaan, Ketenagakerjaan, Agen Perjalanan, dan Jasa Pendukung","SBR"],
    ["47343","GARUDA MAS JEWELLERY","GEDUNG LIPPO SUN PLAZA MEDAN LANTAI G","prelist","MEDAN POLONIA","MADRAS HULU","LINGKUNGAN 9","","","G. Perdagangan Besar dan Eceran, Reparasi Mobil dan Sepeda Motor","SBR"],
    ["47344","C & F","GEDUNG LIPPO SON PLAZA LANTAI LG","prelist","MEDAN POLONIA","MADRAS HULU","LINGKUNGAN 7","","","G. Perdagangan Besar dan Eceran, Reparasi Mobil dan Sepeda Motor","SBR"],
    ["47345","MAY BANK","SINARMAS LAND PLAZA LANTAI 1-3 MIDAN","prelist","MEDAN POLONIA","MADRAS HULU","LINGKUNGAN 9","","","K. Aktivitas Keuangan Dan Asuransi","SBR"],
    ["47364","PT.BTMU-BRI FINANCE","GEDUNG SINARMAS LAND PLAZA LANTAI 8 MEDAN","prelist","MEDAN POLONIA","MADRAS HULU","LINGKUNGAN 9","","","K. Aktivitas Keuangan Dan Asuransi","SBR"],
    ["47460","LADY AMERICA (SPRINGBAD)","SUN PLAZA LT 1 NO 28","prelist","MEDAN POLONIA","MADRAS HULU","LINGKUNGAN 9","","","G. Perdagangan Besar dan Eceran, Reparasi Mobil dan Sepeda Motor","SBR"],
    ["47465","YAYASAN KARYA KASIH","JALAN MONGONSI DI UJUNG NO 2 MEDAN","prelist","MEDAN POLONIA","POLONIA","LINGKUNGAN 4","","","Q. Jasa Kesehatan dan Kegiatan Sosial","SBR"],
    ["47468","L.OCCINATE","GEDUNG LIPPO SUN PLAZA LANTAI G","prelist","MEDAN POLONIA","MADRAS HULU","LINGKUNGAN 9","","","G. Perdagangan Besar dan Eceran, Reparasi Mobil dan Sepeda Motor","SBR"],
    ["47478","FOOT WATER","SUN PLAZA LT 1","prelist","MEDAN POLONIA","MADRAS HULU","LINGKUNGAN 9","","","I. Penyediaan Akomodasi dan Makan Minum","SBR"],
    ["47481","NELAYAN SHANGHAI KITCHEN","LT 4 SUN PLAZA","prelist","MEDAN POLONIA","MADRAS HULU","LINGKUNGAN 9","","","I. Penyediaan Akomodasi dan Makan Minum","SBR"],
    ["47485","SMP SWASTA METHODIS","JALAN HANGTUAH","prelist","MEDAN POLONIA","MADRAS HULU","LINGKUNGAN 7","","","P. Pendidikan","SBR"],
    ["47582","BIMBINGAN BELAJAR QUIN","JALAN TEUKU CIK DITIRO NO 8 M","prelist","MEDAN POLONIA","MADRAS HULU","LINGKUNGAN 6","","","P. Pendidikan","SBR"],
    ["47601","KOPERASI PEGAWAI NEGRI (KPN)","JALAN DIPONEGORO NO 30 A MEDAN","prelist","MEDAN POLONIA","MADRAS HULU","LINGKUNGAN 7","","","K. Aktivitas Keuangan Dan Asuransi","SBR"],
    ["47602","CV MITRA SEJAHTERA ABADI","JL IMAM BONJOL","prelist","MEDAN POLONIA","MADRAS HULU","LINGKUNGAN 1","","","I. Penyediaan Akomodasi dan Makan Minum","SBR"],
    ["47603","ASURANSI ASTRA","SUN PLAZA LT1","prelist","MEDAN POLONIA","MADRAS HULU","LINGKUNGAN 9","","","K. Aktivitas Keuangan Dan Asuransi","SBR"],
    ["47611","KOPERASI KARYAWAN PLN PIKITRING SUMUT","JL DR CIPTO NO 12","prelist","MEDAN POLONIA","ANGGRUNG","LINGKUNGAN 2","","","G. Perdagangan Besar dan Eceran, Reparasi Mobil dan Sepeda Motor","SBR"],
    ["47612","OPTIK MUTIARA","JALAN KH ZAINUL ARIFIN","prelist","MEDAN POLONIA","MADRAS HULU","LINGKUNGAN 1","","","G. Perdagangan Besar dan Eceran, Reparasi Mobil dan Sepeda Motor","SBR"],
    ["47613","KOPERASI SIMPAN PINJAM WANITA PRIMA","JALAN TEUKU CIKDIRO NO 08","prelist","MEDAN POLONIA","MADRAS HULU","LINGKUNGAN 6","","","K. Aktivitas Keuangan Dan Asuransi","SBR"],
    ["47616","PT KARYA SERASI JAYA ABADI","JALAN P DIPONEGORO NO 51 RT RW 20152","prelist","MEDAN POLONIA","MADRAS HULU","LINGKUNGAN 8","","","L. Real Estat","SBR"],
    ["47628","BIRKENSTOCK","GEDUNG LIPPO SUN PLAZA LANTAI G","prelist","MEDAN POLONIA","MADRAS HULU","LINGKUNGAN 7","","","G. Perdagangan Besar dan Eceran, Reparasi Mobil dan Sepeda Motor","SBR"],
    ["47629","PT.TRANSWORD GLS INDO","GEDUNG SINARMAS LAND PIAZA LANTAI 8 MEDAN","prelist","MEDAN POLONIA","MADRAS HULU","LINGKUNGAN 7","","","H. Transportasi dan Pergudangan","SBR"],
    ["47664","TK AR RIDHO","JLN STARBAN GG RUKUN","prelist","MEDAN POLONIA","POLONIA","LINGKUNGAN 11","","","P. Pendidikan","SBR"],
    ["47665","PABRIK TAHU (PONIMIN)","JALAN LANGGAR","prelist","MEDAN POLONIA","SARI REJO","LINGKUNGAN 3","","","C. Industri Pengolahan","SBR"],
    ["47679","KLINIK <ASRFINA.S>","JALAN CINTA KARYA NO. 60 A","prelist","MEDAN POLONIA","SARI REJO","LINGKUNGAN 3","","","Q. Jasa Kesehatan dan Kegiatan Sosial","SBR"],
    ["47683","CV KARYA SUMBER REZEKI","JL SUBUR 1 NO 5","prelist","MEDAN POLONIA","SARI REJO","LINGKUNGAN 7","","","F. Konstruksi","SBR"],
    ["47702","KLINIK GIGI","JALAN KEDIRI NO 8","prelist","MEDAN POLONIA","MADRAS HULU","LINGKUNGAN 3","","","Q. Jasa Kesehatan dan Kegiatan Sosial","SBR"],
    ["47725","NEW YORK CAFE (MEDAN CLUB)","JALAN RA KARTINI NO 24","prelist","MEDAN POLONIA","MADRAS HULU","LINGKUNGAN 6","","","I. Penyediaan Akomodasi dan Makan Minum","SBR"],
    ["47782","SOGO","PLAZA LT 1","prelist","MEDAN POLONIA","MADRAS HULU","LINGKUNGAN 7","","","I. Penyediaan Akomodasi dan Makan Minum","SBR"],
    ["47788","TRAVEL XPERIENCE","SUN PLAZA LT 1 NO 16","prelist","MEDAN POLONIA","MADRAS HULU","LINGKUNGAN 9","","","G. Perdagangan Besar dan Eceran, Reparasi Mobil dan Sepeda Motor","SBR"],
    ["47793","HUSH PUPIES","SUN PLAZA LT 1","prelist","MEDAN POLONIA","MADRAS HULU","LINGKUNGAN 9","","","G. Perdagangan Besar dan Eceran, Reparasi Mobil dan Sepeda Motor","SBR"],
    ["47808","SAGA","SUN PLAZA LT 1","prelist","MEDAN POLONIA","MADRAS HULU","LINGKUNGAN 9","","","G. Perdagangan Besar dan Eceran, Reparasi Mobil dan Sepeda Motor","SBR"],
    ["47819","KANTOR YAYASAN","JALAN BILAL GG MAKMUR","prelist","MEDAN POLONIA","SARI REJO","LINGKUNGAN 1","","","P. Pendidikan","SBR"],
    ["47825","GROSIR MAKANAN RINGAN <IWAN>","JALAN ANTARIKSA","prelist","MEDAN POLONIA","SARI REJO","LINGKUNGAN 6","","","G. Perdagangan Besar dan Eceran, Reparasi Mobil dan Sepeda Motor","SBR"],
    ["47829","ROTI KELILING(SUPRAPTO)","JLN STARBAN GG KALI","prelist","MEDAN POLONIA","POLONIA","LINGKUNGAN 9","","","G. Perdagangan Besar dan Eceran, Reparasi Mobil dan Sepeda Motor","SBR"],
    ["47835","HOT STAR","LT4A 10-20 SUN PLAZA","prelist","MEDAN POLONIA","MADRAS HULU","LINGKUNGAN 7","","","I. Penyediaan Akomodasi dan Makan Minum","SBR"],
    ["47838","HUTCHISON 3 INDONESIA","JL IR H JUANDA NO 20 D","prelist","MEDAN POLONIA","SUKA DAMAI","LINGKUNGAN 5","","","J. Informasi dan Komunikasi","SBR"],
    ["47986","PT BERKAT SEJAHTERA V ALLASINDO","JALAN KH ZAINUL ARIFIN","prelist","MEDAN POLONIA","MADRAS HULU","LINGKUNGAN 1","","","K. Aktivitas Keuangan Dan Asuransi","SBR"],
    ["47997","KLINIK DR.EDWARD M. SP OG","JALAN JUANDA 3 NO30-0","prelist","MEDAN POLONIA","SUKA DAMAI","LINGKUNGAN 5","","","Q. Jasa Kesehatan dan Kegiatan Sosial","SBR"],
    ["48006","MISS MONDIAL","GEDUNG LOPPO SUN PLAZA LANTAI LG","prelist","MEDAN POLONIA","MADRAS HULU","LINGKUNGAN 9","","","G. Perdagangan Besar dan Eceran, Reparasi Mobil dan Sepeda Motor","SBR"],
    ["48008","PRESOTEA","GEDUNG LIPPO SUN PLAZA LANTAL LG","prelist","MEDAN POLONIA","MADRAS HULU","LINGKUNGAN 9","","","I. Penyediaan Akomodasi dan Makan Minum","SBR"],
    ["48010","RUMAH SAKIT MATERNA","JL UMAR 9-11","prelist","MEDAN POLONIA","MADRAS HULU","LINGKUNGAN 1","","","Q. Jasa Kesehatan dan Kegiatan Sosial","SBR"],
    ["48011","PT SUSHI INDO SUKSES MANDIRI","JALAN T DAUD NO.6","prelist","MEDAN POLONIA","MADRAS HULU","LINGKUNGAN 9","","","I. Penyediaan Akomodasi dan Makan Minum","SBR"],
    ["48013","OKE SHOP","GEDUNG LIPPO SUN PLAZA LANTAI LG","prelist","MEDAN POLONIA","MADRAS HULU","LINGKUNGAN 9","","","G. Perdagangan Besar dan Eceran, Reparasi Mobil dan Sepeda Motor","SBR"],
    ["48089","MARIE CLAIRE","GEDUNG LIPPO SUN PLAZA LANTAI G","prelist","MEDAN POLONIA","MADRAS HULU","LINGKUNGAN 9","","","G. Perdagangan Besar dan Eceran, Reparasi Mobil dan Sepeda Motor","SBR"],
    ["48100","NOTARIS(ROSNIATY SIREGAR)","JALAN MONGONSIDI NO 70","prelist","MEDAN POLONIA","ANGGRUNG","LINGKUNGAN 5","","","M. Jasa Profesional, Ilmiah, dan Teknis","SBR"],
    ["48154","GROSIR SEMBAKO (SAYUTI)","JL BALAI DESA NO 182","prelist","MEDAN POLONIA","POLONIA","LINGKUNGAN 8","","","G. Perdagangan Besar dan Eceran, Reparasi Mobil dan Sepeda Motor","SBR"],
    ["48274","JUAL PULSA <NOVI>","JALAN BILAL G G SERAM","prelist","MEDAN POLONIA","SARI REJO","LINGKUNGAN 1","","","J. Informasi dan Komunikasi","SBR"],
    ["48343","GAS ELPIJI (DIMUN)","JALAN KARYA BAKTI 1 NO 2C LK 1","prelist","MEDAN POLONIA","SARI REJO","LINGKUNGAN 1","","","G. Perdagangan Besar dan Eceran, Reparasi Mobil dan Sepeda Motor","SBR"],
    ["48433","PT ASURANSI ADIRA DINAMIKA","JALAN DIPONEGORO NO 35 GEDUNG BANK DANAMON","prelist","MEDAN POLONIA","MADRAS HULU","LINGKUNGAN 8","","","K. Aktivitas Keuangan Dan Asuransi","SBR"],
    ["48435","TREND OPTIK","SUN PLAZA LT 1 NO 9","prelist","MEDAN POLONIA","MADRAS HULU","LINGKUNGAN 9","","","G. Perdagangan Besar dan Eceran, Reparasi Mobil dan Sepeda Motor","SBR"],
    ["48455","QQ","LT3 SUN PLAZA","prelist","MEDAN POLONIA","MADRAS HULU","LINGKUNGAN 9","","","I. Penyediaan Akomodasi dan Makan Minum","SBR"],
    ["48549","FAST FOOD INDONESIA P T","JALAN MONGONSIDI NO I 4","prelist","MEDAN POLONIA","ANGGRUNG","LINGKUNGAN 4","","","I. Penyediaan Akomodasi dan Makan Minum","SBR"],
    ["48553","RR FIRE WORK","JALAN CIK DITIRO NO 81","prelist","MEDAN POLONIA","MADRAS HULU","LINGKUNGAN 3","","","G. Perdagangan Besar dan Eceran, Reparasi Mobil dan Sepeda Motor","SBR"],
    ["49114","ZIDAN MULYA ELEKTRIK","JALAN CEMPAKA GG SAHABAT","prelist","MEDAN POLONIA","SARI REJO","LINGKUNGAN 4","","","F. Konstruksi","SBR"],
    ["49117","SUMATERA JEWELLERY","GEDUNG LIPPO SUN PLAZA LANTAI G","prelist","MEDAN POLONIA","MADRAS HULU","LINGKUNGAN 9","","","G. Perdagangan Besar dan Eceran, Reparasi Mobil dan Sepeda Motor","SBR"],
    ["49187","DRG SUKIANDI N DRG IDA IRAWATY","LT 4 NO 450 SUN PLAZA","prelist","MEDAN POLONIA","MADRAS HULU","LINGKUNGAN 9","","","Q. Jasa Kesehatan dan Kegiatan Sosial","SBR"],
    ["49245","TAHU KELILING <USMAN>","JALAN SUBUR 2 UJUNG","prelist","MEDAN POLONIA","SARI REJO","LINGKUNGAN 2","","","G. Perdagangan Besar dan Eceran, Reparasi Mobil dan Sepeda Motor","SBR"],
    ["49282","PT PADASA ENAM UTAMA","JL MONGONSIDI NO 42 RT RW 20152","prelist","MEDAN POLONIA","ANGGRUNG","LINGKUNGAN 5","","","C. Industri Pengolahan","SBR"],
    ["49397","CV RAMOS KARYA","JL MONGONSIDI","prelist","MEDAN POLONIA","ANGGRUNG","LINGKUNGAN 7","","","F. Konstruksi","SBR"],
    ["49417","TOKO OBAT SINSHE","JALAN MUARA TAKUS DALAM NO 21","prelist","MEDAN POLONIA","MADRAS HULU","LINGKUNGAN 3","","","G. Perdagangan Besar dan Eceran, Reparasi Mobil dan Sepeda Motor","SBR"],
    ["49694","00 PASTRIES","LANTALI 4 SUN PLAZA","prelist","MEDAN POLONIA","MADRAS HULU","LINGKUNGAN 9","","","I. Penyediaan Akomodasi dan Makan Minum","SBR"],
    ["49696","GEUM","SUN PLAZA LT 1 NO 30","prelist","MEDAN POLONIA","MADRAS HULU","LINGKUNGAN 9","","","G. Perdagangan Besar dan Eceran, Reparasi Mobil dan Sepeda Motor","SBR"],
    ["49732","MUTIARA SAMUDRA CV","JALAN JENGGALA","prelist","MEDAN POLONIA","MADRAS HULU","LINGKUNGAN 2","","","K. Aktivitas Keuangan Dan Asuransi","SBR"],
    ["49757","USAHA RUMAH MAKAN CAHAYA BARU","JALAN TEUKU CIK DITIRO 12/16","prelist","MEDAN POLONIA","MADRAS HULU","LINGKUNGAN 6","","","I. Penyediaan Akomodasi dan Makan Minum","SBR"],
    ["49874","BROTHERS FASHION DISPLAY","JLN KEDIRI NO 38","prelist","MEDAN POLONIA","MADRAS HULU","LINGKUNGAN 3","","","G. Perdagangan Besar dan Eceran, Reparasi Mobil dan Sepeda Motor","SBR"],
    ["49973","PRAKTEK DOKTER GIGI ELLY SAN","JALAN KEDIRI NO 26","prelist","MEDAN POLONIA","MADRAS HULU","LINGKUNGAN 3","","","Q. Jasa Kesehatan dan Kegiatan Sosial","SBR"],
    ["49975","SMA SWASTA TAMAN SISWA","JALAN PENDIDIKAN","prelist","MEDAN POLONIA","POLONIA","LINGKUNGAN 1","","","P. Pendidikan","SBR"],
    ["50040","TOKO WILDA","JLN KOMODOR ADISUCIPTO LK 6","prelist","MEDAN POLONIA","SARI REJO","LINGKUNGAN 1","","","G. Perdagangan Besar dan Eceran, Reparasi Mobil dan Sepeda Motor","SBR"],
    ["50066","PERSEWAAN KAMAR (BALA)","JALAN T UMAR NO 30 D","prelist","MEDAN POLONIA","MADRAS HULU","LINGKUNGAN 5","","","I. Penyediaan Akomodasi dan Makan Minum","SBR"],
    ["50068","PRIMA JAYA PIJAT TRADISIONAL","JALAN KEDIRI NO 65","prelist","MEDAN POLONIA","MADRAS HULU","LINGKUNGAN 3","","","Q. Jasa Kesehatan dan Kegiatan Sosial","SBR"],
    ["50072","TIRTA ALPIN MAKMUR PT","JALAN KEDIRI NO 37 RT RW","prelist","MEDAN POLONIA","MADRAS HULU","LINGKUNGAN 3","","","C. Industri Pengolahan","SBR"],
    ["50254","SOGOOO","SUN PLAZA LT 1","prelist","MEDAN POLONIA","MADRAS HULU","LINGKUNGAN 9","","","I. Penyediaan Akomodasi dan Makan Minum","SBR"],
    ["50257","JAM SAIKO","SUN PLAZA LT 1 NO","prelist","MEDAN POLONIA","MADRAS HULU","LINGKUNGAN 9","","","G. Perdagangan Besar dan Eceran, Reparasi Mobil dan Sepeda Motor","SBR"],
    ["50261","TORGAN BALALAIKA, CV","JL. KARYA PEMBANGUNAN NO 20 C","prelist","MEDAN POLONIA","POLONIA","LINGKUNGAN 3","","","F. Konstruksi","SBR"],
    ["50270","PABRIK KAPAS","JLN TERNAK 1 NO 23","prelist","MEDAN POLONIA","POLONIA","LINGKUNGAN 6","","","C. Industri Pengolahan","SBR"],
    ["50271","TOKO ALAT OLAH RAGA BRIJESH (HARJIT)","JALAN CIKDITIRO NO 34","prelist","MEDAN POLONIA","MADRAS HULU","LINGKUNGAN 6","","","G. Perdagangan Besar dan Eceran, Reparasi Mobil dan Sepeda Motor","SBR"],
    ["50281","THE BODY SHOP","GEDUNG LIPPO SUN PLAZA LANTAI G","prelist","MEDAN POLONIA","MADRAS HULU","LINGKUNGAN 7","","","G. Perdagangan Besar dan Eceran, Reparasi Mobil dan Sepeda Motor","SBR"],
    ["50282","ORIENT OVERSEAS CONTAINER LINE, PT","GEDUNG SINARMAS LAND PLAZA LANTAI 10 MEDAN","prelist","MEDAN POLONIA","MADRAS HULU","LINGKUNGAN 9","","","H. Transportasi dan Pergudangan","SBR"],
    ["50302","4 FINGER CRISPY CHICKEN","JL.KH ZAINUL ARIFIN SUN PLAZA LANTAI 4","prelist","MEDAN POLONIA","MADRAS HULU","LINGKUNGAN 9","","","I. Penyediaan Akomodasi dan Makan Minum","SBR"],
    ["50322","KINDLE SCHOOL","KOMPLEK CBD BLOK G NO 83/84","prelist","MEDAN POLONIA","SUKA DAMAI","LINGKUNGAN 5","","","P. Pendidikan","SBR"],
    ["50338","MELTRA HEARING AID","JALAN KEDIRI NO 36 RT RW","prelist","MEDAN POLONIA","MADRAS HULU","LINGKUNGAN 3","","","G. Perdagangan Besar dan Eceran, Reparasi Mobil dan Sepeda Motor","SBR"],
    ["50438","GARUDA INDONESIA <PERSERO> TERK PT","JALAN MONGONSIDI NO 3 4","prelist","MEDAN POLONIA","POLONIA","LINGKUNGAN 1","","","H. Transportasi dan Pergudangan","SBR"],
    ["50443","MITRA JAYA KARYA PRATAMA, PT","JL. CUT MUTIA NO. 6","prelist","MEDAN POLONIA","MADRAS HULU","LINGKUNGAN 9","","","F. Konstruksi","SBR"],
    ["50455","TA-WAN","LT 4 SUN PLAZA","prelist","MEDAN POLONIA","MADRAS HULU","LINGKUNGAN 9","","","I. Penyediaan Akomodasi dan Makan Minum","SBR"],
    ["50456","USAHA RUMAH MAKAN VEGETARIAN(ZUCVEDA)","JALAN DR CIPTO NO 11 B","prelist","MEDAN POLONIA","ANGGRUNG","LINGKUNGAN 4","","","I. Penyediaan Akomodasi dan Makan Minum","SBR"],
    ["50462","AISI","GEDUNG LIPPO SUN PLAZA LANTAI LG","prelist","MEDAN POLONIA","MADRAS HULU","LINGKUNGAN 9","","","G. Perdagangan Besar dan Eceran, Reparasi Mobil dan Sepeda Motor","SBR"],
    ["50470","ICONIQUE","LIPPO SUN PLAZA LANTAI G","prelist","MEDAN POLONIA","MADRAS HULU","LINGKUNGAN 9","","","G. Perdagangan Besar dan Eceran, Reparasi Mobil dan Sepeda Motor","SBR"],
    ["50471","PIZZA HUT","GEOUNG LIPPO SUN PLAZA LANTAI LG","prelist","MEDAN POLONIA","MADRAS HULU","LINGKUNGAN 9","","","I. Penyediaan Akomodasi dan Makan Minum","SBR"],
    ["50487","NIKE","GEDUNG LIPPO SUN PLAZA LANTAI G","prelist","MEDAN POLONIA","MADRAS HULU","LINGKUNGAN 9","","","G. Perdagangan Besar dan Eceran, Reparasi Mobil dan Sepeda Motor","SBR"],
    ["50489","H&M","GEDUNG LIPPO SUN PLAZA LANTAI G","prelist","MEDAN POLONIA","MADRAS HULU","LINGKUNGAN 9","","","G. Perdagangan Besar dan Eceran, Reparasi Mobil dan Sepeda Motor","SBR"],
    ["50493","PT BCENTRIN ONLINE PRIMA <COP>","GEDUNG SINARMAS LAND PLAZA LANTAI 6 MEDAN","prelist","MEDAN POLONIA","MADRAS HULU","LINGKUNGAN 9","","","J. Informasi dan Komunikasi","SBR"],
    ["50499","ANIME CORNER","LT 4 NO 35 C SUN PLAZA","prelist","MEDAN POLONIA","MADRAS HULU","LINGKUNGAN 9","","","G. Perdagangan Besar dan Eceran, Reparasi Mobil dan Sepeda Motor","SBR"],
    ["50507","PT.ABB SAKTY INDUSTRI","GEDUNG SINARMAS LAND PLAZA LANTAI 8 MEDAN","prelist","MEDAN POLONIA","MADRAS HULU","LINGKUNGAN 9","","","G. Perdagangan Besar dan Eceran, Reparasi Mobil dan Sepeda Motor","SBR"],
    ["50517","TPA AL ANSHAR","TPA Q AL ANSHAR","prelist","MEDAN POLONIA","POLONIA","LINGKUNGAN 1","","","P. Pendidikan","SBR"],
    ["50523","MAJAINDO CITRA SWAKARSA PT","JL WOLTER MONGONSIDI NO 22","prelist","MEDAN POLONIA","ANGGRUNG","LINGKUNGAN 4","","","F. Konstruksi","SBR"],
    ["50525","PRAKTEK DOKTER GIGI","JALAN MESJID GANG A","prelist","MEDAN POLONIA","POLONIA","LINGKUNGAN 1","","","Q. Jasa Kesehatan dan Kegiatan Sosial","SBR"],
    ["50545","CENTURY 21","KOMPLEK CBD POLONIA BLOK F NO 97","prelist","MEDAN POLONIA","SUKA DAMAI","LINGKUNGAN 5","","","L. Real Estat","SBR"],
    ["50546","TERATAI-26, CV","JL TERATAI NO.26 MEDAN","prelist","MEDAN POLONIA","SARI REJO","LINGKUNGAN 5","","","F. Konstruksi","SBR"],
    ["50549","ARIKO PRATAMA JAYA, PT","JL. CINTA KARYA NO. 67 A","prelist","MEDAN POLONIA","SARI REJO","LINGKUNGAN 3","","","F. Konstruksi","SBR"],
    ["50550","RAKSASA INDONESIA","KOMPLEK CBD BLOK DD","prelist","MEDAN POLONIA","SUKA DAMAI","LINGKUNGAN 5","","","G. Perdagangan Besar dan Eceran, Reparasi Mobil dan Sepeda Motor","SBR"],
    ["50551","ELECTRONIC CITY HERMES PLACE POLONIA","JALAN WALTER MONGONSI IDI NO 45","prelist","MEDAN POLONIA","POLONIA","LINGKUNGAN 3","","","G. Perdagangan Besar dan Eceran, Reparasi Mobil dan Sepeda Motor","SBR"],
    ["50555","KLINIK GIGI (SUMARLIN DA)","JALAN CINTA KARYA","prelist","MEDAN POLONIA","SARI REJO","LINGKUNGAN 1","","","Q. Jasa Kesehatan dan Kegiatan Sosial","SBR"],
    ["50567","PRAKTEK DOKTER (ARLEN)","JLN TERNAK NO 22","prelist","MEDAN POLONIA","POLONIA","LINGKUNGAN 6","","","Q. Jasa Kesehatan dan Kegiatan Sosial","SBR"],
    ["50639","ERAFONE","GEDUNG LIPPO SUN PLAZA LANTAI LG","prelist","MEDAN POLONIA","MADRAS HULU","LINGKUNGAN 9","","","G. Perdagangan Besar dan Eceran, Reparasi Mobil dan Sepeda Motor","SBR"],
    ["50644","PRAKTEK BIDAN(TIANA)","JALAN SUBUR 2 GG MEJU AH JUAH","prelist","MEDAN POLONIA","SARI REJO","LINGKUNGAN 2","","","Q. Jasa Kesehatan dan Kegiatan Sosial","SBR"],
    ["50664","KILLINEY KOPI","JALAN MONGONSIDI HERM ES PLACE POLONIA","prelist","MEDAN POLONIA","POLONIA","LINGKUNGAN 1","","","I. Penyediaan Akomodasi dan Makan Minum","SBR"],
    ["50668","GOSH","GEDUNG LIPPO SUN PLAZA LANTAI G","prelist","MEDAN POLONIA","MADRAS HULU","LINGKUNGAN 9","","","G. Perdagangan Besar dan Eceran, Reparasi Mobil dan Sepeda Motor","SBR"],
    ["50725","KEDAI<BU ASTI>","JALAN CEMPAKA GANG WARGA","prelist","MEDAN POLONIA","SARI REJO","LINGKUNGAN 4","","","G. Perdagangan Besar dan Eceran, Reparasi Mobil dan Sepeda Motor","SBR"],
    ["50740","SLTP KARANG SARI","JALAN MAWAR NO 9","prelist","MEDAN POLONIA","SARI REJO","LINGKUNGAN 5","","","P. Pendidikan","SBR"],
    ["50800","PT POS PAY","JALAN MUARA TAKUS 45","prelist","MEDAN POLONIA","MADRAS HULU","LINGKUNGAN 4","","","H. Transportasi dan Pergudangan","SBR"],
    ["50820","USAHA PENGIRIMAN DOKUMENTIKI","JALAN CIKDITIRO 11","prelist","MEDAN POLONIA","MADRAS HULU","LINGKUNGAN 3","","","H. Transportasi dan Pergudangan","SBR"],
    ["50821","OPTIK MENARA","SUN PLAZA LT 2 NO 17","prelist","MEDAN POLONIA","MADRAS HULU","LINGKUNGAN 9","","","G. Perdagangan Besar dan Eceran, Reparasi Mobil dan Sepeda Motor","SBR"],
    ["50825","TOKO BUMBU PRIMA (VIMALA)","JALAN CIKDITIRO 13","prelist","MEDAN POLONIA","MADRAS HULU","LINGKUNGAN 4","","","C. Industri Pengolahan","SBR"],
    ["50828","USED","SUN PLAZA LT 2 NO 21C","prelist","MEDAN POLONIA","MADRAS HULU","LINGKUNGAN 9","","","G. Perdagangan Besar dan Eceran, Reparasi Mobil dan Sepeda Motor","SBR"],
    ["50830","SALT N PEPPER","SUN PLAZA LT 1","prelist","MEDAN POLONIA","MADRAS HULU","LINGKUNGAN 9","","","G. Perdagangan Besar dan Eceran, Reparasi Mobil dan Sepeda Motor","SBR"],
    ["50846","TK ASA ADA","JALAN CINTA KARYA GG MESJID","prelist","MEDAN POLONIA","SARI REJO","LINGKUNGAN 1","","","P. Pendidikan","SBR"],
    ["50850","PT BANK SUMUT PUSAT","JLN IMAM BONJOL NO 18","prelist","MEDAN POLONIA","MADRAS HULU","LINGKUNGAN 9","","","K. Aktivitas Keuangan Dan Asuransi","SBR"],
    ["50857","PT HANWHA LIFE INSURA NCE INDONESIA","JALAN PANGERAN DIPONEGO","prelist","MEDAN POLONIA","MADRAS HULU","LINGKUNGAN 7","","","K. Aktivitas Keuangan Dan Asuransi","SBR"],
    ["50976","TRI MAHESA SEJATI PT","JL IMAM BONJOL","prelist","MEDAN POLONIA","SUKA DAMAI","LINGKUNGAN 5","","","F. Konstruksi","SBR"],
    ["50994","SEKOLAH TK POLONIA","JL STARBAN GG LURAH","prelist","MEDAN POLONIA","POLONIA","LINGKUNGAN 13","","","P. Pendidikan","SBR"],
    ["51025","PT PANIN BANK TBK","JALAN ZAINUL ARIFIN","prelist","MEDAN POLONIA","MADRAS HULU","LINGKUNGAN 1","","","K. Aktivitas Keuangan Dan Asuransi","SBR"],
    ["51059","TOKO MATERIAL BANGUNAN MILANO","JALAN TEUKU CIKDITIRO NO 2","prelist","MEDAN POLONIA","MADRAS HULU","LINGKUNGAN 6","","","G. Perdagangan Besar dan Eceran, Reparasi Mobil dan Sepeda Motor","SBR"],
    ["51265","YAYASAN KEADILAN","JL MONGONSIDI","prelist","MEDAN POLONIA","SUKA DAMAI","LINGKUNGAN 5","","","M. Jasa Profesional, Ilmiah, dan Teknis","SBR"],
    ["51267","KULI BONGKAR MUAT (RAJUMAN)","PERUMAHAN TKBM BLOK G NO 10","prelist","MEDAN POLONIA","SUKA DAMAI","LINGKUNGAN 5","","","S. Aktivitas Jasa Lainnya","SBR"],
    ["51337","INTIKARYA MELVISINDO PT","KOMPLEK CBD BLOK G NO 95","prelist","MEDAN POLONIA","SUKA DAMAI","LINGKUNGAN 5","","","F. Konstruksi","SBR"],
    ["51340","PT KRESNA SECURITIES","JALAN RA KARTINI NO 19","prelist","MEDAN POLONIA","MADRAS HULU","LINGKUNGAN 8","","","K. Aktivitas Keuangan Dan Asuransi","SBR"],
    ["51392","WIRATAMA GROUP PT","JALAN IR JUANDA NO 40","prelist","MEDAN POLONIA","SUKA DAMAI","LINGKUNGAN 4","","","L. Real Estat","SBR"],
    ["51400","PT PRIMA TERMINAL PETI KEMAS","JALAN RA KARTINI NO 22","prelist","MEDAN POLONIA","MADRAS HULU","LINGKUNGAN 6","","","H. Transportasi dan Pergudangan","SBR"],
    ["51406","TOKO ROTI HARVEST/PT MOUNT SCOPUS INDONESIA","JL. DR. CIPTO NO. 8 MEDAN","prelist","MEDAN POLONIA","ANGGRUNG","LINGKUNGAN 4","","","C. Industri Pengolahan","SBR"],
    ["51407","SUKSES ABADI TRANSINDO PT","KOMPLEK MULTATULI INDAH BLOK E NO 34","prelist","MEDAN POLONIA","SUKA DAMAI","LINGKUNGAN 5","","","H. Transportasi dan Pergudangan","SBR"],
    ["51426","SD SWASTA KRISTEN IMMANUEL","JALAN SELAMAT LIYADI NO 1","prelist","MEDAN POLONIA","MADRAS HULU","LINGKUNGAN 7","","","P. Pendidikan","SBR"],
    ["51451","HUSH PUPPIES","GEDUNG LIPPO SUN PLAZA LANTAI G","prelist","MEDAN POLONIA","MADRAS HULU","LINGKUNGAN 9","","","G. Perdagangan Besar dan Eceran, Reparasi Mobil dan Sepeda Motor","SBR"],
    ["51452","MONEY CHANGER","GEDUNG LIPPO SUN PLAZA","prelist","MEDAN POLONIA","MADRAS HULU","LINGKUNGAN 9","","","K. Aktivitas Keuangan Dan Asuransi","SBR"],
    ["51648","KANTOR CABANG ZEQITA","JL JAMIN GINTING LK 1","prelist","MEDAN POLONIA","POLONIA","LINGKUNGAN 1","","","L. Real Estat","SBR"],
    ["51731","PT MULTI JAYA MEGA TRANSINDO","JL. DIPONEGORO NO 16 IV GEDUNG WEST PLAZA","prelist","MEDAN POLONIA","MADRAS HULU","LINGKUNGAN 9","","","H. Transportasi dan Pergudangan","SBR"],
    ["51785","BIDAN (AMELIA)","JALAN SUBUR 2 UJUNG","prelist","MEDAN POLONIA","SARI REJO","LINGKUNGAN 2","","","Q. Jasa Kesehatan dan Kegiatan Sosial","SBR"],
    ["51787","GENERALI ASURANSI","JL JUANDA","prelist","MEDAN POLONIA","SUKA DAMAI","LINGKUNGAN 5","","","K. Aktivitas Keuangan Dan Asuransi","SBR"],
    ["51846","AUSTINDO NUSANTARA JAYA AGRISIASIS","JL. DIPONEGORO NO.18 WISMA BII LT.7","prelist","MEDAN POLONIA","MADRAS HULU","LINGKUNGAN 9","","","C. Industri Pengolahan","SBR"],
    ["51858","KANTIN TATIK","JALAN DC BARITO NO 1","prelist","MEDAN POLONIA","SUKA DAMAI","LINGKUNGAN 3","","","I. Penyediaan Akomodasi dan Makan Minum","SBR"],
    ["51859","ARTHA MOTOR LESTARI PT","JALAN MONGONSIDI HERM ES PLACE POLONIA","prelist","MEDAN POLONIA","POLONIA","LINGKUNGAN 1","","","G. Perdagangan Besar dan Eceran, Reparasi Mobil dan Sepeda Motor","SBR"],
    ["51868","SD ANGKASA POLONIA","J L POLON I A NO 99 MEDAN","prelist","MEDAN POLONIA","SUKA DAMAI","LINGKUNGAN 6","","","P. Pendidikan","SBR"],
    ["52036","ANUGERAH ABADI","KOMPLEK BEKALA BLOK G NO 1","prelist","MEDAN POLONIA","SUKA DAMAI","LINGKUNGAN 5","","","F. Konstruksi","SBR"],
    ["52196","GLOBAL SHOP","GEDUNG LIPPO SUN PLAZA LANTAI LG","prelist","MEDAN POLONIA","MADRAS HULU","LINGKUNGAN 9","","","G. Perdagangan Besar dan Eceran, Reparasi Mobil dan Sepeda Motor","SBR"],
    ["52208","BIG TV","GEDUNG LIPPO SUN PLAZA LANTAI LG","prelist","MEDAN POLONIA","MADRAS HULU","LINGKUNGAN 9","","","J. Informasi dan Komunikasi","SBR"],
    ["52209","PT.NEWSHIP NUSA BERSAMA","GEDUNG SINARMAS LAND PLAZA LANTAI 4 MEDAN","prelist","MEDAN POLONIA","MADRAS HULU","LINGKUNGAN 9","","","H. Transportasi dan Pergudangan","SBR"],
    ["52212","LEVI` S","GEDUNG LIPPO SUN PLAZA LANTAI G","prelist","MEDAN POLONIA","MADRAS HULU","LINGKUNGAN 9","","","G. Perdagangan Besar dan Eceran, Reparasi Mobil dan Sepeda Motor","SBR"],
    ["52214","EPRISE","GEDUNG LIPPO SUN PLAZA LANTAI G","prelist","MEDAN POLONIA","MADRAS HULU","LINGKUNGAN 9","","","G. Perdagangan Besar dan Eceran, Reparasi Mobil dan Sepeda Motor","SBR"],
    ["52221","HYPERMART","SUN PLAZA LT LG JLN .H.ZAINUL ARIFIN NO 7 MEDAN","prelist","MEDAN POLONIA","MADRAS HULU","LINGKUNGAN 9","","","G. Perdagangan Besar dan Eceran, Reparasi Mobil dan Sepeda Motor","SBR"],
    ["52230","SD BUNDO KANDUNG","JALAN STARBAN GANG IMAM","prelist","MEDAN POLONIA","POLONIA","LINGKUNGAN 9","","","P. Pendidikan","SBR"],
    ["52232","WARUNG SEMBAKO (ARI)","JALAN POLONIA","prelist","MEDAN POLONIA","SUKA DAMAI","LINGKUNGAN 6","","","G. Perdagangan Besar dan Eceran, Reparasi Mobil dan Sepeda Motor","SBR"],
    ["52233","KEDAI KELONTONG (INDRA)","JLN BALAI DESA","prelist","MEDAN POLONIA","POLONIA","LINGKUNGAN 8","","","G. Perdagangan Besar dan Eceran, Reparasi Mobil dan Sepeda Motor","SBR"],
    ["52234","PAUD GARUDA","JL BALAI DESA NO 83","prelist","MEDAN POLONIA","POLONIA","LINGKUNGAN 8","","","P. Pendidikan","SBR"],
    ["52235","TOKO ALDO SPORT (ALDO)","JALAN KEDIRI N 04","prelist","MEDAN POLONIA","MADRAS HULU","LINGKUNGAN 3","","","G. Perdagangan Besar dan Eceran, Reparasi Mobil dan Sepeda Motor","SBR"],
    ["52236","CRAZY CRAB","LT 3 NO 39-40 SUN PLAZA","prelist","MEDAN POLONIA","MADRAS HULU","LINGKUNGAN 9","","","I. Penyediaan Akomodasi dan Makan Minum","SBR"],
    ["52237","KULI BONGKAR MUAT (A MUIS)","PERUMAHAN TKBM BLOK G NO 3","prelist","MEDAN POLONIA","SUKA DAMAI","LINGKUNGAN 5","","","S. Aktivitas Jasa Lainnya","SBR"],
    ["52242","KEDAI MINUMAN","JALAN TUMAR N 056","prelist","MEDAN POLONIA","MADRAS HULU","LINGKUNGAN 7","","","I. Penyediaan Akomodasi dan Makan Minum","SBR"],
    ["52247","JUAL GAS ECERAN","JALAN TERATAI GANG RUKUN","prelist","MEDAN POLONIA","SARI REJO","LINGKUNGAN 5","","","G. Perdagangan Besar dan Eceran, Reparasi Mobil dan Sepeda Motor","SBR"],
    ["52249","USAHA MENJAHIT PAKAIAN TIVOLI (ARDINAL)","JALAN TEUKU CIKDITIRO NO 24","prelist","MEDAN POLONIA","MADRAS HULU","LINGKUNGAN 6","","","C. Industri Pengolahan","SBR"],
    ["52254","NELAYAN JARING JARING RESTO","JL.KH ZAINUL ARIFIN SUN PLAZA LT 3","prelist","MEDAN POLONIA","MADRAS HULU","LINGKUNGAN 9","","","I. Penyediaan Akomodasi dan Makan Minum","SBR"],
    ["52285","AMAZONE","LT 4 SUN PLAZA","prelist","MEDAN POLONIA","MADRAS HULU","LINGKUNGAN 9","","","R. Kesenian, Hiburan, dan Rekreasi","SBR"],
    ["52334","1 CELLULAR 1","GEDUNG LIPPO FUN PLAZA I ANTAI LG","prelist","MEDAN POLONIA","MADRAS HULU","LINGKUNGAN 7","","","G. Perdagangan Besar dan Eceran, Reparasi Mobil dan Sepeda Motor","SBR"],
    ["52337","SILK AIR PTE LTD","GEDUNG HOTEL POLONIA JALAN JENDRAL SUDIRMAN","prelist","MEDAN POLONIA","MADRAS HULU","LINGKUNGAN 8","","","H. Transportasi dan Pergudangan","SBR"],
    ["52355","BANK SUMUT","JALAN DIPONEGORO NO. 30 A MEDAN","prelist","MEDAN POLONIA","MADRAS HULU","LINGKUNGAN 7","","","K. Aktivitas Keuangan Dan Asuransi","SBR"],
    ["52356","KHAIRUS","GEDUNG LIPPO SUN PLAZA LANTAI LG","prelist","MEDAN POLONIA","MADRAS HULU","LINGKUNGAN 9","","","G. Perdagangan Besar dan Eceran, Reparasi Mobil dan Sepeda Motor","SBR"],
    ["52365","STACCATO","GEDUNG LIPPO SUN PLAZA LANTAI G","prelist","MEDAN POLONIA","MADRAS HULU","LINGKUNGAN 9","","","G. Perdagangan Besar dan Eceran, Reparasi Mobil dan Sepeda Motor","SBR"],
    ["52399","PEDAGANG VALUTA ASING GEMBIRA CITY MONEY CHANGER","JALAN KH ZAINUL ARIFIN NO 161","prelist","MEDAN POLONIA","MADRAS HULU","LINGKUNGAN 6","","","K. Aktivitas Keuangan Dan Asuransi","SBR"],
    ["52569","ELECTRONIC SOLUTION","LT 4 CNO 7 SUN PLAZA","prelist","MEDAN POLONIA","MADRAS HULU","LINGKUNGAN 7","","","G. Perdagangan Besar dan Eceran, Reparasi Mobil dan Sepeda Motor","SBR"],
    ["52570","OPTIK LINCHIN","Sun Plaza Lt 1","prelist","MEDAN POLONIA","MADRAS HULU","LINGKUNGAN 9","","","G. Perdagangan Besar dan Eceran, Reparasi Mobil dan Sepeda Motor","SBR"],
    ["52671","WARUNG JAJANAN <SABAR GEA PARDEDE>","JALAN JAMIN GINTING","prelist","MEDAN POLONIA","SUKA DAMAI","LINGKUNGAN 5","","","G. Perdagangan Besar dan Eceran, Reparasi Mobil dan Sepeda Motor","SBR"],
    ["52916","TK SWASTA METHODIS","JALAN HANG TUAH","prelist","MEDAN POLONIA","MADRAS HULU","LINGKUNGAN 7","","","P. Pendidikan","SBR"],
    ["52919","KOPERASI KANTOR PLN","JALAN RA KARTINI","prelist","MEDAN POLONIA","MADRAS HULU","LINGKUNGAN 7","","","K. Aktivitas Keuangan Dan Asuransi","SBR"],
    ["53241","MY SIZE","SUN PLAZA LT 1 NO 10/11","prelist","MEDAN POLONIA","MADRAS HULU","LINGKUNGAN 9","","","G. Perdagangan Besar dan Eceran, Reparasi Mobil dan Sepeda Motor","SBR"],
    ["53242","PT INDOWEBHOST KREASI","JALAN IMAM BONJOL NO 18","prelist","MEDAN POLONIA","MADRAS HULU","LINGKUNGAN 9","","","J. Informasi dan Komunikasi","SBR"],
    ["53244","BASKIN ROBBINS","LANTAL 4 S UN PLAZA","prelist","MEDAN POLONIA","MADRAS HULU","LINGKUNGAN 9","","","I. Penyediaan Akomodasi dan Makan Minum","SBR"],
    ["53257","PT CINEMA XX","JLN KH ZAINUL ARIFIN LV 4 ZONE A-12 SUN PLAZA","prelist","MEDAN POLONIA","MADRAS HULU","LINGKUNGAN 9","","","R. Kesenian, Hiburan, dan Rekreasi","SBR"],
    ["53292","PICASS O","KOMPLEK CBD POLONIA BLON EE- 104-105","prelist","MEDAN POLONIA","SUKA DAMAI","LINGKUNGAN 5","","","I. Penyediaan Akomodasi dan Makan Minum","SBR"],
    ["53311","UNCLE CHENS","JALAN MANGONSIDI HERM ES PLACE POLONIA","prelist","MEDAN POLONIA","POLONIA","LINGKUNGAN 1","","","G. Perdagangan Besar dan Eceran, Reparasi Mobil dan Sepeda Motor","SBR"],
    ["53326","DOUBLE- L","L 3 A NO 33 SUN PLAZA","prelist","MEDAN POLONIA","MADRAS HULU","LINGKUNGAN 9","","","G. Perdagangan Besar dan Eceran, Reparasi Mobil dan Sepeda Motor","SBR"],
    ["53328","COCO TERRY","LANTAI 4 NO 22 C SUN PLAZA","prelist","MEDAN POLONIA","MADRAS HULU","LINGKUNGAN 9","","","G. Perdagangan Besar dan Eceran, Reparasi Mobil dan Sepeda Motor","SBR"],
    ["53331","LE CHIC PARFAIT","SON PLAZA LT 3B","prelist","MEDAN POLONIA","MADRAS HULU","LINGKUNGAN 7","","","I. Penyediaan Akomodasi dan Makan Minum","SBR"],
    ["53332","KIOS SAYUR SAYURAN ( MAMI)","JALAN MUARA TAKUS","prelist","MEDAN POLONIA","MADRAS HULU","LINGKUNGAN 4","","","G. Perdagangan Besar dan Eceran, Reparasi Mobil dan Sepeda Motor","SBR"],
    ["53333","XO SUKI","LANTAI 3A NOMOR 7 SUN PLAZA","prelist","MEDAN POLONIA","MADRAS HULU","LINGKUNGAN 9","","","I. Penyediaan Akomodasi dan Makan Minum","SBR"],
    ["53334","USAHA GORENGAN (IMEL)","JALAN URIP","prelist","MEDAN POLONIA","ANGGRUNG","LINGKUNGAN 4","","","C. Industri Pengolahan","SBR"],
    ["53335","BELAMODA","SUN PLAZA LT 2 NO 18","prelist","MEDAN POLONIA","MADRAS HULU","LINGKUNGAN 9","","","G. Perdagangan Besar dan Eceran, Reparasi Mobil dan Sepeda Motor","SBR"],
    ["53336","KANTIN SELAMAT (SALIM)","JALAN SELAMAT LIYADI NO 1","prelist","MEDAN POLONIA","MADRAS HULU","LINGKUNGAN 7","","","G. Perdagangan Besar dan Eceran, Reparasi Mobil dan Sepeda Motor","SBR"],
    ["53337","EDY PONSEL","JL KARYA APRIL","prelist","MEDAN POLONIA","SARI REJO","LINGKUNGAN 7","","","J. Informasi dan Komunikasi","SBR"],
    ["53338","KEDAI MINUMAN (ERNA)","JL MUARA TAKUS","prelist","MEDAN POLONIA","MADRAS HULU","LINGKUNGAN 4","","","I. Penyediaan Akomodasi dan Makan Minum","SBR"],
    ["53339","LILY BOUTIQUE","SUN PLAZA LT 2B NO 22","prelist","MEDAN POLONIA","MADRAS HULU","LINGKUNGAN 9","","","G. Perdagangan Besar dan Eceran, Reparasi Mobil dan Sepeda Motor","SBR"],
    ["53340","USAHA PENITIPAN ANAK (KHALIFA)","JALAN MASDULHAK NO 16","prelist","MEDAN POLONIA","ANGGRUNG","LINGKUNGAN 4","","","P. Pendidikan","SBR"],
    ["53341","SIR SALON","JALAN MONGONSIDI","prelist","MEDAN POLONIA","POLONIA","LINGKUNGAN 1","","","S. Aktivitas Jasa Lainnya","SBR"],
    ["53357","PRIMS MANDIRI","GANG KARYA APRIL","prelist","MEDAN POLONIA","SARI REJO","LINGKUNGAN 7","","","P. Pendidikan","SBR"],
    ["53522","KOLAM RENANG","KOMPLEK CBD POLONIA BLOK EE NO 1","prelist","MEDAN POLONIA","SUKA DAMAI","LINGKUNGAN 5","","","R. Kesenian, Hiburan, dan Rekreasi","SBR"],
    ["53523","RESTORAN O FLAHERTIS","JALAN ADI SUCIPTO NO 80","prelist","MEDAN POLONIA","SUKA DAMAI","LINGKUNGAN 3","","","I. Penyediaan Akomodasi dan Makan Minum","SBR"],
    ["53534","SUNS BAKERY CARE SHOP","HERMES PLACE POLONIA","prelist","MEDAN POLONIA","POLONIA","LINGKUNGAN 1","","","C. Industri Pengolahan","SBR"],
    ["53557","RUMH MAKAN IBU SRI","JALAN POLONIA NO 30","prelist","MEDAN POLONIA","POLONIA","LINGKUNGAN 1","","","I. Penyediaan Akomodasi dan Makan Minum","SBR"],
    ["53614","AZKA RO WATER","JALAN CINTA KARYA","prelist","MEDAN POLONIA","SARI REJO","LINGKUNGAN 1","","","C. Industri Pengolahan","SBR"],
    ["53639","WARUNG INTERNET","JALAN ANTARIKSA","prelist","MEDAN POLONIA","SARI REJO","LINGKUNGAN 6","","","J. Informasi dan Komunikasi","SBR"],
    ["53640","WULAN PONSEL","JALAN CINTA KARYA","prelist","MEDAN POLONIA","SARI REJO","LINGKUNGAN 1","","","J. Informasi dan Komunikasi","SBR"],
    ["53641","WARUNG JAJANAN (ANE)","JALAN CEMPAKA","prelist","MEDAN POLONIA","SARI REJO","LINGKUNGAN 4","","","G. Perdagangan Besar dan Eceran, Reparasi Mobil dan Sepeda Motor","SBR"],
    ["53659","D`SIAM THAI RESTORANT","KOMPLEK CBD BLOK C NO 88/89","prelist","MEDAN POLONIA","SUKA DAMAI","LINGKUNGAN 5","","","I. Penyediaan Akomodasi dan Makan Minum","SBR"],
    ["53755","USAHA PENJUAL BUNGA POTONG (AMBUJA)","JALAN TEUKU CIKDITIRO BELAKANG","prelist","MEDAN POLONIA","MADRAS HULU","LINGKUNGAN 7","","","G. Perdagangan Besar dan Eceran, Reparasi Mobil dan Sepeda Motor","SBR"],
    ["53756","RUMAH MAKAN <JUPRI>","JALAN JENGGALA","prelist","MEDAN POLONIA","MADRAS HULU","LINGKUNGAN 1","","","I. Penyediaan Akomodasi dan Makan Minum","SBR"],
    ["53905","WARUNG LINA","JALAN POLONIA GANG AN GGRENI","prelist","MEDAN POLONIA","POLONIA","LINGKUNGAN 1","","","G. Perdagangan Besar dan Eceran, Reparasi Mobil dan Sepeda Motor","SBR"],
    ["53921","BENGKEL UNITY (TAUFIK)","JALAN POLONIA NO 45","prelist","MEDAN POLONIA","SUKA DAMAI","LINGKUNGAN 6","","","G. Perdagangan Besar dan Eceran, Reparasi Mobil dan Sepeda Motor","SBR"],
    ["53922","WARNET LATO","JLN BALAI DESA","prelist","MEDAN POLONIA","POLONIA","LINGKUNGAN 8","","","J. Informasi dan Komunikasi","SBR"],
    ["53925","USAHA TOKO PAKAIAN MADRAS FASHION","JALAN TEUKU CIKDITIRO","prelist","MEDAN POLONIA","MADRAS HULU","LINGKUNGAN 6","","","G. Perdagangan Besar dan Eceran, Reparasi Mobil dan Sepeda Motor","SBR"],
    ["53926","USAHA KANTIN (RAMINO)","JALAN TEUKU CIKDITIRO SMA 1 MEDAN","prelist","MEDAN POLONIA","MADRAS HULU","LINGKUNGAN 6","","","I. Penyediaan Akomodasi dan Makan Minum","SBR"],
    ["53927","WARUNG INTERNET (YOGI)","JALAN KH ZAINUL ARIFIN","prelist","MEDAN POLONIA","MADRAS HULU","LINGKUNGAN 1","","","J. Informasi dan Komunikasi","SBR"],
    ["53928","HOTS POT RELOAD(AGUAN)","HOTSPOT RELOAD <AGUAN>","prelist","MEDAN POLONIA","MADRAS HULU","LINGKUNGAN 4","","","J. Informasi dan Komunikasi","SBR"],
    ["53930","ESPERANCE","SUN PLAZA LT 2 NO 18","prelist","MEDAN POLONIA","MADRAS HULU","LINGKUNGAN 9","","","G. Perdagangan Besar dan Eceran, Reparasi Mobil dan Sepeda Motor","SBR"],
    ["53931","GAYA","SUN PLAZA LT 2 NO 18","prelist","MEDAN POLONIA","MADRAS HULU","LINGKUNGAN 9","","","G. Perdagangan Besar dan Eceran, Reparasi Mobil dan Sepeda Motor","SBR"],
    ["53932","SHIHLIN TAIWAN STREET","GEDUNG LIPPO SUN PLAZA LANTAL LG","prelist","MEDAN POLONIA","MADRAS HULU","LINGKUNGAN 7","","","I. Penyediaan Akomodasi dan Makan Minum","SBR"],
    ["53933","WARUNG NASI <LELA>","JALAN HANGTUAH","prelist","MEDAN POLONIA","MADRAS HULU","LINGKUNGAN 7","","","I. Penyediaan Akomodasi dan Makan Minum","SBR"],
    ["53935","SHAINE","GEDUNG LIPPO SUN PLAZA LANTAI LG","prelist","MEDAN POLONIA","MADRAS HULU","LINGKUNGAN 9","","","G. Perdagangan Besar dan Eceran, Reparasi Mobil dan Sepeda Motor","SBR"],
    ["53946","HARVEST LIVING","JALAN KH ZAINUL ARIFIN NO 55","prelist","MEDAN POLONIA","MADRAS HULU","LINGKUNGAN 9","","","G. Perdagangan Besar dan Eceran, Reparasi Mobil dan Sepeda Motor","SBR"],
    ["53948","AB GIRL","L3A 30 SUN PLAZA","prelist","MEDAN POLONIA","MADRAS HULU","LINGKUNGAN 9","","","G. Perdagangan Besar dan Eceran, Reparasi Mobil dan Sepeda Motor","SBR"],
    ["53959","KIOS IKAN (LILI)","JALAN MUARA TAKUS","prelist","MEDAN POLONIA","MADRAS HULU","LINGKUNGAN 4","","","G. Perdagangan Besar dan Eceran, Reparasi Mobil dan Sepeda Motor","SBR"],
    ["53960","PERSEWAN KAMAR KOS <SUSAN>","JALAN MUARA TAKUS NO 189","prelist","MEDAN POLONIA","MADRAS HULU","LINGKUNGAN 4","","","I. Penyediaan Akomodasi dan Makan Minum","SBR"],
    ["53965","SD METHODIST 4","JLN PEKONG NO 31","prelist","MEDAN POLONIA","POLONIA","LINGKUNGAN 6","","","P. Pendidikan","SBR"],
    ["53981","TOKO SEMBAKO (APO)","JALAN MUARA TAKUS","prelist","MEDAN POLONIA","MADRAS HULU","LINGKUNGAN 4","","","G. Perdagangan Besar dan Eceran, Reparasi Mobil dan Sepeda Motor","SBR"],
    ["54014","RUMAH MAKAN AHENG (ANDRI)","JALAN JENGGALA","prelist","MEDAN POLONIA","MADRAS HULU","LINGKUNGAN 2","","","I. Penyediaan Akomodasi dan Makan Minum","SBR"],
    ["54015","GUDANG PENYIMPANAN(ACE)","JL MUARA TAKUS","prelist","MEDAN POLONIA","MADRAS HULU","LINGKUNGAN 4","","","L. Real Estat","SBR"],
    ["54019","ECERAN ES BATU <ROSMAWATI>","JALAN MUARA TAKUS NOI 91","prelist","MEDAN POLONIA","MADRAS HULU","LINGKUNGAN 4","","","G. Perdagangan Besar dan Eceran, Reparasi Mobil dan Sepeda Motor","SBR"],
    ["54020","EXELLENT","SUN PLAZA LT 2 NO 35","prelist","MEDAN POLONIA","MADRAS HULU","LINGKUNGAN 9","","","G. Perdagangan Besar dan Eceran, Reparasi Mobil dan Sepeda Motor","SBR"],
    ["54021","J BERKER","SUN PLAZA LT2","prelist","MEDAN POLONIA","MADRAS HULU","LINGKUNGAN 9","","","G. Perdagangan Besar dan Eceran, Reparasi Mobil dan Sepeda Motor","SBR"],
    ["54022","DMK","SUN PLAZA LT 2 NO 5 JALAN ZAINUL ARIFIN","prelist","MEDAN POLONIA","MADRAS HULU","LINGKUNGAN 9","","","G. Perdagangan Besar dan Eceran, Reparasi Mobil dan Sepeda Motor","SBR"],
    ["54025","PENYEWAAN KAMAR (MUHAMADIYAH)","JALAN TEUKU CIKDITIRO BELAKANG","prelist","MEDAN POLONIA","MADRAS HULU","LINGKUNGAN 7","","","I. Penyediaan Akomodasi dan Makan Minum","SBR"],
    ["54026","USAHA PENJAHIT PAKAIAN OSCAR","JALAN TEUKU CIKDITIRO NO 74","prelist","MEDAN POLONIA","MADRAS HULU","LINGKUNGAN 6","","","C. Industri Pengolahan","SBR"],
    ["54027","BUTIK DANAR HADI","JALAN KH ZAINUL ARIFIN","prelist","MEDAN POLONIA","MADRAS HULU","LINGKUNGAN 1","","","G. Perdagangan Besar dan Eceran, Reparasi Mobil dan Sepeda Motor","SBR"],
    ["54044","JUAL MAINAN (PARNO)","JALAN STARBAN GANG IM AM","prelist","MEDAN POLONIA","POLONIA","LINGKUNGAN 9","","","G. Perdagangan Besar dan Eceran, Reparasi Mobil dan Sepeda Motor","SBR"],
    ["54045","USAHA PENYEWAAN KAMAR (MARBUN)","JALAN TEUKU CIKDITIRO NO 8A","prelist","MEDAN POLONIA","MADRAS HULU","LINGKUNGAN 6","","","I. Penyediaan Akomodasi dan Makan Minum","SBR"],
    ["54130","TOKO BINGKAI (RAPI UD)","JALAN KH ZAINUL ARIFIN NO 171","prelist","MEDAN POLONIA","MADRAS HULU","LINGKUNGAN 6","","","G. Perdagangan Besar dan Eceran, Reparasi Mobil dan Sepeda Motor","SBR"],
    ["54152","KEDAI SAMPAH(SANTI)","JALAN MUARA TAKUS NO 33","prelist","MEDAN POLONIA","MADRAS HULU","LINGKUNGAN 4","","","G. Perdagangan Besar dan Eceran, Reparasi Mobil dan Sepeda Motor","SBR"],
    ["54175","TK METHODIST 4","JLN PEKONG NO 31","prelist","MEDAN POLONIA","POLONIA","LINGKUNGAN 6","","","P. Pendidikan","SBR"],
    ["54190","KEDAI JAMU<TAJUDDIN>","JALAN MUARA TAKUS","prelist","MEDAN POLONIA","MADRAS HULU","LINGKUNGAN 4","","","I. Penyediaan Akomodasi dan Makan Minum","SBR"],
    ["54191","KIO BUAH (NARULIA)","JALAN MUARA TAKUS","prelist","MEDAN POLONIA","MADRAS HULU","LINGKUNGAN 4","","","G. Perdagangan Besar dan Eceran, Reparasi Mobil dan Sepeda Motor","SBR"],
    ["54192","PRESQUE BY INAR","SUN PLAZA LT 1 B NO 32","prelist","MEDAN POLONIA","MADRAS HULU","LINGKUNGAN 9","","","G. Perdagangan Besar dan Eceran, Reparasi Mobil dan Sepeda Motor","SBR"],
    ["54193","PRAKTEK DOKTER ANAK","JALAN IMAM BONSOL NO 36 C","prelist","MEDAN POLONIA","MADRAS HULU","LINGKUNGAN 8","","","Q. Jasa Kesehatan dan Kegiatan Sosial","SBR"],
    ["54195","PEPPER LUNCH","GEDUNG LIPPO SUN PLAZA LANTAI LG","prelist","MEDAN POLONIA","MADRAS HULU","LINGKUNGAN 9","","","I. Penyediaan Akomodasi dan Makan Minum","SBR"],
    ["54197","PABRIK TAHU HARTOYO","JALAN CINTA KARYA GG MESJID","prelist","MEDAN POLONIA","SARI REJO","LINGKUNGAN 3","","","C. Industri Pengolahan","SBR"],
    ["54198","PENJUAL ROKOK","JALAN POLONIA","prelist","MEDAN POLONIA","SUKA DAMAI","LINGKUNGAN 6","","","G. Perdagangan Besar dan Eceran, Reparasi Mobil dan Sepeda Motor","SBR"],
    ["54208","UTUDE HOUST","SUN PLAZA LT 1","prelist","MEDAN POLONIA","MADRAS HULU","LINGKUNGAN 9","","","G. Perdagangan Besar dan Eceran, Reparasi Mobil dan Sepeda Motor","SBR"],
    ["54214","WARUNG MAKANAN DAN MINUMAN (WITRI)","JALAN TERATAI NO 25","prelist","MEDAN POLONIA","SARI REJO","LINGKUNGAN 5","","","I. Penyediaan Akomodasi dan Makan Minum","SBR"],
    ["54216","RESTAURANT NUANSA","KOMPLEK RIVER VIEW","prelist","MEDAN POLONIA","SUKA DAMAI","LINGKUNGAN 3","","","I. Penyediaan Akomodasi dan Makan Minum","SBR"],
    ["54217","TOKO OBAT WINR (MERRY)","JALAN STARBAN GANG MESJID","prelist","MEDAN POLONIA","POLONIA","LINGKUNGAN 9","","","G. Perdagangan Besar dan Eceran, Reparasi Mobil dan Sepeda Motor","SBR"],
    ["54219","USAHA JUALAN SARAPAN PAGI(SURI)","JALAN TEUKU CIKDITIRO","prelist","MEDAN POLONIA","MADRAS HULU","LINGKUNGAN 7","","","I. Penyediaan Akomodasi dan Makan Minum","SBR"],
    ["54220","RM ETEK EMI (YUDI)","JALAN KH ZAINUL ARIFIN","prelist","MEDAN POLONIA","MADRAS HULU","LINGKUNGAN 1","","","I. Penyediaan Akomodasi dan Makan Minum","SBR"],
    ["54221","AYAM POTONG (SANDY)","JL MUARA TAKUS","prelist","MEDAN POLONIA","MADRAS HULU","LINGKUNGAN 4","","","G. Perdagangan Besar dan Eceran, Reparasi Mobil dan Sepeda Motor","SBR"],
    ["54402","SUMATRA JAYA MART","JALAN CIK DITIRO","prelist","MEDAN POLONIA","MADRAS HULU","LINGKUNGAN 1","","","G. Perdagangan Besar dan Eceran, Reparasi Mobil dan Sepeda Motor","SBR"],
    ["54403","PONSEL (NAWI)","JALAN JENGGALA","prelist","MEDAN POLONIA","MADRAS HULU","LINGKUNGAN 1","","","J. Informasi dan Komunikasi","SBR"],
    ["54404","JUAL ALAT SEMBAHYANG (THOMAS LIE)","JALAN MUARA TAKUS NO","prelist","MEDAN POLONIA","MADRAS HULU","LINGKUNGAN 4","","","S. Aktivitas Jasa Lainnya","SBR"],
    ["54405","APOLO","LT3NO 23-25","prelist","MEDAN POLONIA","MADRAS HULU","LINGKUNGAN 7","","","I. Penyediaan Akomodasi dan Makan Minum","SBR"],
    ["54407","NEW BALANCE","LANTAI 3 NO 7 SUN PLAZA","prelist","MEDAN POLONIA","MADRAS HULU","LINGKUNGAN 9","","","G. Perdagangan Besar dan Eceran, Reparasi Mobil dan Sepeda Motor","SBR"],
    ["54408","SYAIKA","SUN PLAZA LT ZA NO 7","prelist","MEDAN POLONIA","MADRAS HULU","LINGKUNGAN 9","","","G. Perdagangan Besar dan Eceran, Reparasi Mobil dan Sepeda Motor","SBR"],
    ["54409","PETITE KIDS","SUN PLAZA LT 1","prelist","MEDAN POLONIA","MADRAS HULU","LINGKUNGAN 9","","","G. Perdagangan Besar dan Eceran, Reparasi Mobil dan Sepeda Motor","SBR"],
    ["54415","KANTOR NOTARIS (LINCE HUTAHAYAN)","JALAN TEUKU CIK DITIRO","prelist","MEDAN POLONIA","MADRAS HULU","LINGKUNGAN 7","","","M. Jasa Profesional, Ilmiah, dan Teknis","SBR"],
    ["54416","PULSA (RADA)","JALAN KH ZAINUL ARIFIN","prelist","MEDAN POLONIA","MADRAS HULU","LINGKUNGAN 1","","","J. Informasi dan Komunikasi","SBR"],
    ["54605","MIE ACEH(AULIA)","JALAN BALAI DESA NOMOR 25","prelist","MEDAN POLONIA","POLONIA","LINGKUNGAN 8","","","I. Penyediaan Akomodasi dan Makan Minum","SBR"],
    ["54679","KIOS TELUR (AAN)","JALAN MUARA TAKUS","prelist","MEDAN POLONIA","MADRAS HULU","LINGKUNGAN 4","","","G. Perdagangan Besar dan Eceran, Reparasi Mobil dan Sepeda Motor","SBR"],
    ["54680","GROSIR TELUR (HELEN)","JALAN MUARA TAKUS","prelist","MEDAN POLONIA","MADRAS HULU","LINGKUNGAN 4","","","G. Perdagangan Besar dan Eceran, Reparasi Mobil dan Sepeda Motor","SBR"],
    ["54702","POS HONDA","JALAN MAWAR","prelist","MEDAN POLONIA","SARI REJO","LINGKUNGAN 4","","","G. Perdagangan Besar dan Eceran, Reparasi Mobil dan Sepeda Motor","SBR"],
    ["54706","KEDAI JAJANAN (SITUNGKIR)","ALAN CINTA KARYA","prelist","MEDAN POLONIA","SARI REJO","LINGKUNGAN 1","","","G. Perdagangan Besar dan Eceran, Reparasi Mobil dan Sepeda Motor","SBR"],
    ["54708","DISTRIBUTOR VITAMIN (ASTRI)","JL MONGONSIDI","prelist","MEDAN POLONIA","ANGGRUNG","LINGKUNGAN 8","","","G. Perdagangan Besar dan Eceran, Reparasi Mobil dan Sepeda Motor","SBR"],
    ["54724","VISIT","SUN PLAZA LT 28 NO 26","prelist","MEDAN POLONIA","MADRAS HULU","LINGKUNGAN 9","","","G. Perdagangan Besar dan Eceran, Reparasi Mobil dan Sepeda Motor","SBR"],
    ["54737","USAHA RUMAH MAKAN UNY ELLY","JALAN TEUKU CIKDITIRO NO 64","prelist","MEDAN POLONIA","MADRAS HULU","LINGKUNGAN 6","","","I. Penyediaan Akomodasi dan Makan Minum","SBR"],
    ["54740","KEDAI(INDRA)","JALAN CEMPAKA GANG TARIGAN","prelist","MEDAN POLONIA","SARI REJO","LINGKUNGAN 3","","","G. Perdagangan Besar dan Eceran, Reparasi Mobil dan Sepeda Motor","SBR"],
    ["54764","USAHA FOTO COPY (ALI)","JALAN TEUKU CIKDITIRO","prelist","MEDAN POLONIA","MADRAS HULU","LINGKUNGAN 7","","","N. Jasa Persewaan, Ketenagakerjaan, Agen Perjalanan, dan Jasa Pendukung","SBR"],
    ["54951","WARUNG KENTANG GORENG","JALAN TEUKU CIK DITIRO NO 8 I","prelist","MEDAN POLONIA","MADRAS HULU","LINGKUNGAN 6","","","I. Penyediaan Akomodasi dan Makan Minum","SBR"],
    ["54952","UP 2 DATE","JALAN KH ZAINUL ARIFIN","prelist","MEDAN POLONIA","MADRAS HULU","LINGKUNGAN 1","","","G. Perdagangan Besar dan Eceran, Reparasi Mobil dan Sepeda Motor","SBR"],
    ["54953","STUDIO KADI FOTO","JALAN KH ZAINUL ARIFIN","prelist","MEDAN POLONIA","MADRAS HULU","LINGKUNGAN 1","","","M. Jasa Profesional, Ilmiah, dan Teknis","SBR"],
    ["54954","TUKANG JAHIT","JALAN JENGGALA","prelist","MEDAN POLONIA","MADRAS HULU","LINGKUNGAN 1","","","C. Industri Pengolahan","SBR"],
    ["54972","KANTIN SMK NEGERI 10","JALAN T CIK DITIRO","prelist","MEDAN POLONIA","MADRAS HULU","LINGKUNGAN 7","","","I. Penyediaan Akomodasi dan Makan Minum","SBR"],
    ["54973","WARUNG MAKAN KAKILIMA <ITA>","JALAN WALIKOTA","prelist","MEDAN POLONIA","ANGGRUNG","LINGKUNGAN 4","","","I. Penyediaan Akomodasi dan Makan Minum","SBR"],
    ["55005","WARNET DRAKULA","JALAN CINTA KARM","prelist","MEDAN POLONIA","SARI REJO","LINGKUNGAN 4","","","J. Informasi dan Komunikasi","SBR"],
    ["55079","TOKO CINTA KARYA (CK) MINIMARKET","JALAN CINTA KARYA NO GIA","prelist","MEDAN POLONIA","SARI REJO","LINGKUNGAN 1","","","G. Perdagangan Besar dan Eceran, Reparasi Mobil dan Sepeda Motor","SBR"],
    ["55081","JUAL GAS ELIJI(NGATEMEN)","JALAN ANTARIKSA","prelist","MEDAN POLONIA","SARI REJO","LINGKUNGAN 6","","","G. Perdagangan Besar dan Eceran, Reparasi Mobil dan Sepeda Motor","SBR"],
    ["55135","DASH","SUN PLAZA LT 1 27","prelist","MEDAN POLONIA","MADRAS HULU","LINGKUNGAN 9","","","G. Perdagangan Besar dan Eceran, Reparasi Mobil dan Sepeda Motor","SBR"],
    ["55136","MR SPEED","GEDUNG LIPPO SUN PLAZA LANTAI LG","prelist","MEDAN POLONIA","MADRAS HULU","LINGKUNGAN 9","","","S. Aktivitas Jasa Lainnya","SBR"],
    ["55141","LES PRIVATE (TAN TAU HUA)","JALAN MUARA TAKUS NO 151","prelist","MEDAN POLONIA","MADRAS HULU","LINGKUNGAN 4","","","P. Pendidikan","SBR"],
    ["55156","KIOS SAYUR ( ANI)","JALAN MUARA TAKUS","prelist","MEDAN POLONIA","MADRAS HULU","LINGKUNGAN 4","","","G. Perdagangan Besar dan Eceran, Reparasi Mobil dan Sepeda Motor","SBR"],
    ["55359","TAKO EXPRESS","LT 4 SUN PLAZA","prelist","MEDAN POLONIA","MADRAS HULU","LINGKUNGAN 7","","","I. Penyediaan Akomodasi dan Makan Minum","SBR"],
    ["55360","SAKATE ELEMENT","LT 4 SUN PLAZA","prelist","MEDAN POLONIA","MADRAS HULU","LINGKUNGAN 9","","","G. Perdagangan Besar dan Eceran, Reparasi Mobil dan Sepeda Motor","SBR"],
    ["55361","COTTON CANDIES","LT 3 SUN PLAZA","prelist","MEDAN POLONIA","MADRAS HULU","LINGKUNGAN 9","","","G. Perdagangan Besar dan Eceran, Reparasi Mobil dan Sepeda Motor","SBR"],
    ["55362","DE NAIL STUDIO","SUN PLAZA LTIA NO 37","prelist","MEDAN POLONIA","MADRAS HULU","LINGKUNGAN 9","","","S. Aktivitas Jasa Lainnya","SBR"],
    ["55363","JONE","SUN PLAZA LT 1 NO 30","prelist","MEDAN POLONIA","MADRAS HULU","LINGKUNGAN 9","","","G. Perdagangan Besar dan Eceran, Reparasi Mobil dan Sepeda Motor","SBR"],
    ["55365","TFII","SUN PLAZA LT 1 NO 19","prelist","MEDAN POLONIA","MADRAS HULU","LINGKUNGAN 9","","","G. Perdagangan Besar dan Eceran, Reparasi Mobil dan Sepeda Motor","SBR"],
    ["55368","PHOENIX EDU CTR","BLOK AA NO 33","prelist","MEDAN POLONIA","SUKA DAMAI","LINGKUNGAN 5","","","P. Pendidikan","SBR"],
    ["55383","USAHA KANTIN (HERI)","JALAN STARBAN","prelist","MEDAN POLONIA","MADRAS HULU","LINGKUNGAN 7","","","I. Penyediaan Akomodasi dan Makan Minum","SBR"],
    ["55388","KIOS SEMBAKO (ETTY)","JALAN MUARA TAKUS NO 36","prelist","MEDAN POLONIA","MADRAS HULU","LINGKUNGAN 4","","","G. Perdagangan Besar dan Eceran, Reparasi Mobil dan Sepeda Motor","SBR"],
    ["55389","TOKO SEMBAKO (AKIONG)","JL MUARA TAKUS","prelist","MEDAN POLONIA","MADRAS HULU","LINGKUNGAN 4","","","G. Perdagangan Besar dan Eceran, Reparasi Mobil dan Sepeda Motor","SBR"],
    ["55474","TOS","SUN PLAZA LT 1 NO 10","prelist","MEDAN POLONIA","MADRAS HULU","LINGKUNGAN 9","","","G. Perdagangan Besar dan Eceran, Reparasi Mobil dan Sepeda Motor","SBR"],
    ["55479","PENJUAL BUMBU (APOI)","JALAN MUARA TAKUS NO 51","prelist","MEDAN POLONIA","MADRAS HULU","LINGKUNGAN 4","","","C. Industri Pengolahan","SBR"],
    ["55480","PENJUAL BAJU (AMOI)","JL MUARA TAKUS","prelist","MEDAN POLONIA","MADRAS HULU","LINGKUNGAN 4","","","G. Perdagangan Besar dan Eceran, Reparasi Mobil dan Sepeda Motor","SBR"],
    ["55481","OCHAOO CAFE","LT 3 SUN PLAZA","prelist","MEDAN POLONIA","MADRAS HULU","LINGKUNGAN 9","","","I. Penyediaan Akomodasi dan Makan Minum","SBR"],
    ["55556","WARUNG MINUM KAKI LIMA (ITA)","JALAN MONGONSIDI 2","prelist","MEDAN POLONIA","ANGGRUNG","LINGKUNGAN 6","","","I. Penyediaan Akomodasi dan Makan Minum","SBR"],
    ["55558","ARIKO PRATAMA","JALAN CINTA KARYA","prelist","MEDAN POLONIA","SARI REJO","LINGKUNGAN 1","","","C. Industri Pengolahan","SBR"],
    ["55567","YUNITA LIM","SUN PLAZA LT 2 NO 20B","prelist","MEDAN POLONIA","MADRAS HULU","LINGKUNGAN 9","","","G. Perdagangan Besar dan Eceran, Reparasi Mobil dan Sepeda Motor","SBR"],
    ["55568","KIOS SAYUR (NURHAYATI)","JALAN MUARA TAKUS","prelist","MEDAN POLONIA","MADRAS HULU","LINGKUNGAN 4","","","G. Perdagangan Besar dan Eceran, Reparasi Mobil dan Sepeda Motor","SBR"],
    ["55569","KIOS IKAN (HAKIM)","JALAN MUARA TAKUS","prelist","MEDAN POLONIA","MADRAS HULU","LINGKUNGAN 4","","","G. Perdagangan Besar dan Eceran, Reparasi Mobil dan Sepeda Motor","SBR"],
    ["55570","PEDAGANG KELAPA (JALI)","JALAN MUARA.TAKUS PAJAK","prelist","MEDAN POLONIA","MADRAS HULU","LINGKUNGAN 4","","","G. Perdagangan Besar dan Eceran, Reparasi Mobil dan Sepeda Motor","SBR"],
    ["55573","PENJUAL KOSMETIK (SAMETI)","JALAN MUARA TAKUS","prelist","MEDAN POLONIA","MADRAS HULU","LINGKUNGAN 4","","","G. Perdagangan Besar dan Eceran, Reparasi Mobil dan Sepeda Motor","SBR"],
    ["55575","DODO","SUN PLAZA LT 2 NO 32","prelist","MEDAN POLONIA","MADRAS HULU","LINGKUNGAN 9","","","G. Perdagangan Besar dan Eceran, Reparasi Mobil dan Sepeda Motor","SBR"],
    ["55576","NAIL","SUN PLAZA LT 2 NO 8","prelist","MEDAN POLONIA","MADRAS HULU","LINGKUNGAN 9","","","G. Perdagangan Besar dan Eceran, Reparasi Mobil dan Sepeda Motor","SBR"],
    ["55577","POSHELAY","GEDUNG LIPPO SUN PLAZA LANTAI LG","prelist","MEDAN POLONIA","MADRAS HULU","LINGKUNGAN 9","","","G. Perdagangan Besar dan Eceran, Reparasi Mobil dan Sepeda Motor","SBR"],
    ["55578","NORI","SUN PLAZA LT2B NO 38","prelist","MEDAN POLONIA","MADRAS HULU","LINGKUNGAN 9","","","G. Perdagangan Besar dan Eceran, Reparasi Mobil dan Sepeda Motor","SBR"],
    ["55580","CAFE UKAIRI","JALAN KARTINI NO 26","prelist","MEDAN POLONIA","MADRAS HULU","LINGKUNGAN 7","","","I. Penyediaan Akomodasi dan Makan Minum","SBR"],
    ["55581","LEMBAGA PEMBIAYAAN DA N PEMBERDAYAAN USAHA MICRO KECIL","JALAN SURYO NO 16","prelist","MEDAN POLONIA","ANGGRUNG","LINGKUNGAN 4","","","K. Aktivitas Keuangan Dan Asuransi","SBR"],
    ["55582","UNI QUE","SUN PLAZA LTI NO 32","prelist","MEDAN POLONIA","MADRAS HULU","LINGKUNGAN 9","","","G. Perdagangan Besar dan Eceran, Reparasi Mobil dan Sepeda Motor","SBR"],
    ["55583","STAR KIDZ","GEDUNG LIPPO SUN PLAZA LANTAI LG","prelist","MEDAN POLONIA","MADRAS HULU","LINGKUNGAN 9","","","R. Kesenian, Hiburan, dan Rekreasi","SBR"],
    ["55590","KURSUS BAHASA ASING <TINA>","JALAN MAWAR","prelist","MEDAN POLONIA","SARI REJO","LINGKUNGAN 4","","","P. Pendidikan","SBR"],
    ["55592","JEWELLERY","SUN PLAZA LT 2 NO 7-8 JALAN ZAINUL ARIFIN","prelist","MEDAN POLONIA","MADRAS HULU","LINGKUNGAN 9","","","G. Perdagangan Besar dan Eceran, Reparasi Mobil dan Sepeda Motor","SBR"],
    ["55596","KEDAI (BU JULIANA)","JALAN CEMPAKA GANG UTAMA","prelist","MEDAN POLONIA","SARI REJO","LINGKUNGAN 4","","","G. Perdagangan Besar dan Eceran, Reparasi Mobil dan Sepeda Motor","SBR"],
    ["55597","KIOS BUAH ( PESTA)","KIOS BUAH <PESTA>","prelist","MEDAN POLONIA","MADRAS HULU","LINGKUNGAN 6","","","G. Perdagangan Besar dan Eceran, Reparasi Mobil dan Sepeda Motor","SBR"],
    ["55612","APOTEK IMMANUEL (WAWAN)","JALAN KH ZAINUL ARIFIN","prelist","MEDAN POLONIA","MADRAS HULU","LINGKUNGAN 1","","","G. Perdagangan Besar dan Eceran, Reparasi Mobil dan Sepeda Motor","SBR"],
    ["55614","RM SAMUDRA","JALAN T UMAR","prelist","MEDAN POLONIA","MADRAS HULU","LINGKUNGAN 1","","","I. Penyediaan Akomodasi dan Makan Minum","SBR"],
    ["55615","KEDAI MIE GORENG(ADENG)","JALAN MUARA TAKUS","prelist","MEDAN POLONIA","MADRAS HULU","LINGKUNGAN 4","","","I. Penyediaan Akomodasi dan Makan Minum","SBR"],
    ["55619","MAHADEWA VIDEO SHOOTING","JALAN JENGGALA","prelist","MEDAN POLONIA","MADRAS HULU","LINGKUNGAN 1","","","M. Jasa Profesional, Ilmiah, dan Teknis","SBR"],
    ["55620","PENJUAL BAJU (DAMSIR)","JL MUARA TAKUS","prelist","MEDAN POLONIA","MADRAS HULU","LINGKUNGAN 4","","","G. Perdagangan Besar dan Eceran, Reparasi Mobil dan Sepeda Motor","SBR"],
    ["55621","KAMAR KOS (YUEDI )","JALAN MUARA,TAKUS N07 7-79","prelist","MEDAN POLONIA","MADRAS HULU","LINGKUNGAN 4","","","I. Penyediaan Akomodasi dan Makan Minum","SBR"],
    ["55622","SENSE","LT 4 SUN PLAZA","prelist","MEDAN POLONIA","MADRAS HULU","LINGKUNGAN 9","","","C. Industri Pengolahan","SBR"],
    ["55623","THETHER SIDE","LT 3 NO 30 SUN PLAZA","prelist","MEDAN POLONIA","MADRAS HULU","LINGKUNGAN 9","","","G. Perdagangan Besar dan Eceran, Reparasi Mobil dan Sepeda Motor","SBR"],
    ["55624","PIPIT LAUNORY","JLN BALAI DES A","prelist","MEDAN POLONIA","POLONIA","LINGKUNGAN 8","","","S. Aktivitas Jasa Lainnya","SBR"],
    ["55625","JUAL BELI SEPEDA MOTOR","JALAN STARBAN GANG FAMILI","prelist","MEDAN POLONIA","POLONIA","LINGKUNGAN 12","","","G. Perdagangan Besar dan Eceran, Reparasi Mobil dan Sepeda Motor","SBR"],
    ["55635","ECERAN GAS ELPIJI (ROS MAWATI)","JALAN MUARA TAKUS NO 193","prelist","MEDAN POLONIA","MADRAS HULU","LINGKUNGAN 4","","","G. Perdagangan Besar dan Eceran, Reparasi Mobil dan Sepeda Motor","SBR"],
    ["55636","KIOS SAYUR SAYURAN (M HU TAGAOL)","JALAN MUARA TAKUS","prelist","MEDAN POLONIA","MADRAS HULU","LINGKUNGAN 4","","","G. Perdagangan Besar dan Eceran, Reparasi Mobil dan Sepeda Motor","SBR"],
    ["55638","LOW OFFICEK SEMBIRING","KOMPLEK CBD POLONIA BLOK CC-65-66","prelist","MEDAN POLONIA","SUKA DAMAI","LINGKUNGAN 5","","","M. Jasa Profesional, Ilmiah, dan Teknis","SBR"],
    ["55641","JUAL GORENGAN (SURATNA)","JALAN STARBAN","prelist","MEDAN POLONIA","POLONIA","LINGKUNGAN 9","","","I. Penyediaan Akomodasi dan Makan Minum","SBR"],
    ["55645","WARUNG MINUM FORTY EIGHT","JALAN TEUKU CIK DITIRO NO 8 I","prelist","MEDAN POLONIA","MADRAS HULU","LINGKUNGAN 6","","","I. Penyediaan Akomodasi dan Makan Minum","SBR"],
    ["55655","BANK SUMUT","JALAN TEUKU CIKDITIRO","prelist","MEDAN POLONIA","MADRAS HULU","LINGKUNGAN 7","","","K. Aktivitas Keuangan Dan Asuransi","SBR"],
    ["55713","KREDIT KAIN (JOKO)","JALAN SUBUR 2 UJUNG","prelist","MEDAN POLONIA","SARI REJO","LINGKUNGAN 2","","","G. Perdagangan Besar dan Eceran, Reparasi Mobil dan Sepeda Motor","SBR"],
    ["55730","JUAL PANGSIT","JALAN KH ZAINUL ARIFIN","prelist","MEDAN POLONIA","MADRAS HULU","LINGKUNGAN 1","","","I. Penyediaan Akomodasi dan Makan Minum","SBR"],
    ["55732","ECERAN ES BATU(SAMETI )","JALAN MUARA TAKUS","prelist","MEDAN POLONIA","MADRAS HULU","LINGKUNGAN 4","","","G. Perdagangan Besar dan Eceran, Reparasi Mobil dan Sepeda Motor","SBR"],
    ["55733","JO`S FAMOUS","LTH NO 21A SUN PLAZA","prelist","MEDAN POLONIA","MADRAS HULU","LINGKUNGAN 9","","","I. Penyediaan Akomodasi dan Makan Minum","SBR"],
    ["55734","HARVE","LT 3 SUN PLAZA","prelist","MEDAN POLONIA","MADRAS HULU","LINGKUNGAN 9","","","G. Perdagangan Besar dan Eceran, Reparasi Mobil dan Sepeda Motor","SBR"],
    ["55735","CECILE N LESLEY","SUN PLAZA LT2","prelist","MEDAN POLONIA","MADRAS HULU","LINGKUNGAN 9","","","G. Perdagangan Besar dan Eceran, Reparasi Mobil dan Sepeda Motor","SBR"],
    ["55736","SUMMIT","LT 3 B11 SUN PLAZA","prelist","MEDAN POLONIA","MADRAS HULU","LINGKUNGAN 9","","","G. Perdagangan Besar dan Eceran, Reparasi Mobil dan Sepeda Motor","SBR"],
    ["55738","THE NAIL SHOP","SUN PLAZA LT 2 NO 26","prelist","MEDAN POLONIA","MADRAS HULU","LINGKUNGAN 9","","","S. Aktivitas Jasa Lainnya","SBR"],
    ["55739","WIN N CO","SUN PLAZA LT2B NO 33A","prelist","MEDAN POLONIA","MADRAS HULU","LINGKUNGAN 9","","","G. Perdagangan Besar dan Eceran, Reparasi Mobil dan Sepeda Motor","SBR"],
    ["55740","WARUNG MAKAN KAKI LIMA (YUNINGSIH)","JALAN PIPA 2 KELURAHA N SARI REJO","prelist","MEDAN POLONIA","SARI REJO","LINGKUNGAN 6","","","I. Penyediaan Akomodasi dan Makan Minum","SBR"],
    ["55753","MPL CLUB","SUN PLAZA LT 2A NO 72 JALAN ZAINUL ARIFIN","prelist","MEDAN POLONIA","MADRAS HULU","LINGKUNGAN 9","","","G. Perdagangan Besar dan Eceran, Reparasi Mobil dan Sepeda Motor","SBR"],
    ["55754","COLOR BOX","SUN PLAZA LT.2A NO 7 JALAN ZAINUL ARIFIN","prelist","MEDAN POLONIA","MADRAS HULU","LINGKUNGAN 9","","","G. Perdagangan Besar dan Eceran, Reparasi Mobil dan Sepeda Motor","SBR"],
    ["55756","AIG","GEDUNG LIPPO SUN PLAZA LANTAI G","prelist","MEDAN POLONIA","MADRAS HULU","LINGKUNGAN 9","","","G. Perdagangan Besar dan Eceran, Reparasi Mobil dan Sepeda Motor","SBR"],
    ["55764","CECE MEME <D SETIAWAN>","KOMPLEKS MULTATULI BLOK CC NO 40","prelist","MEDAN POLONIA","MADRAS HULU","LINGKUNGAN 9","","","G. Perdagangan Besar dan Eceran, Reparasi Mobil dan Sepeda Motor","SBR"],
    ["55823","SMP METHODIST","JLN PEKONG NO 31","prelist","MEDAN POLONIA","POLONIA","LINGKUNGAN 6","","","P. Pendidikan","SBR"],
    ["55832","MEBEL","JLN BALAI DESA GG MESRA","prelist","MEDAN POLONIA","POLONIA","LINGKUNGAN 8","","","C. Industri Pengolahan","SBR"],
    ["55834","TOKO MATERIAL BAHAN BANGUNAN(ANDALAS)","JALAN TEUKU CIKDITIRO","prelist","MEDAN POLONIA","MADRAS HULU","LINGKUNGAN 7","","","G. Perdagangan Besar dan Eceran, Reparasi Mobil dan Sepeda Motor","SBR"],
    ["55836","USAHA SARAPAN PAGI (BABU)","JALAN TEUKU CIKDITIRO BLK","prelist","MEDAN POLONIA","MADRAS HULU","LINGKUNGAN 7","","","I. Penyediaan Akomodasi dan Makan Minum","SBR"],
    ["55837","USAHA KANTIN(YENNY)","JALAN TEUKU CIKDITIRO SMA 1 MEDAN","prelist","MEDAN POLONIA","MADRAS HULU","LINGKUNGAN 6","","","I. Penyediaan Akomodasi dan Makan Minum","SBR"],
    ["56085","KUMON < ESTER>","COMPLEK MULTATULI INDAH BLOK G NO 2","prelist","MEDAN POLONIA","SUKA DAMAI","LINGKUNGAN 5","","","P. Pendidikan","SBR"],
    ["56110","USAHA FOTO COPY CENDANA UD","JALAN TEUKU CIK DITIRO NO 8 L","prelist","MEDAN POLONIA","MADRAS HULU","LINGKUNGAN 6","","","N. Jasa Persewaan, Ketenagakerjaan, Agen Perjalanan, dan Jasa Pendukung","SBR"],
    ["56116","YUDIE MIE ACE H","COMPLEK MULTATULI IND AH BLO G NO 17","prelist","MEDAN POLONIA","SUKA DAMAI","LINGKUNGAN 5","","","I. Penyediaan Akomodasi dan Makan Minum","SBR"],
    ["56117","ABEY LIGHTING","JALAN KH ZAINUL ARIFIN","prelist","MEDAN POLONIA","MADRAS HULU","LINGKUNGAN 1","","","G. Perdagangan Besar dan Eceran, Reparasi Mobil dan Sepeda Motor","SBR"],
    ["56119","WARISAN MART (RADA)","JL MAWAR","prelist","MEDAN POLONIA","SARI REJO","LINGKUNGAN 4","","","G. Perdagangan Besar dan Eceran, Reparasi Mobil dan Sepeda Motor","SBR"],
    ["56120","PULSA (SUSAN)","JALAN MUARA TAKUS NO 3071 C","prelist","MEDAN POLONIA","MADRAS HULU","LINGKUNGAN 4","","","J. Informasi dan Komunikasi","SBR"],
    ["56121","SOTO AYAM","JALAN T UMAR","prelist","MEDAN POLONIA","MADRAS HULU","LINGKUNGAN 5","","","I. Penyediaan Akomodasi dan Makan Minum","SBR"],
    ["56124","TUNTAS SERVICE","JALAN CINTA KARYA NO 25","prelist","MEDAN POLONIA","SARI REJO","LINGKUNGAN 1","","","G. Perdagangan Besar dan Eceran, Reparasi Mobil dan Sepeda Motor","SBR"],
    ["56125","CECE MEME","SUN PLAZA LT 2A NO 21 A","prelist","MEDAN POLONIA","MADRAS HULU","LINGKUNGAN 9","","","G. Perdagangan Besar dan Eceran, Reparasi Mobil dan Sepeda Motor","SBR"],
    ["56135","CAHAYA BULAN WISMA","JL. JENGGALA . NO. 32","prelist","MEDAN POLONIA","MADRAS HULU","LINGKUNGAN 1","","","I. Penyediaan Akomodasi dan Makan Minum","SBR"],
    ["56158","BALDISH SPORTS","JALAN ZAINUL ARIFIN","prelist","MEDAN POLONIA","MADRAS HULU","LINGKUNGAN 1","","","G. Perdagangan Besar dan Eceran, Reparasi Mobil dan Sepeda Motor","SBR"],
    ["56162","AYONG PONSEL(AYONG)","JALAN CIK DITIRO","prelist","MEDAN POLONIA","MADRAS HULU","LINGKUNGAN 7","","","G. Perdagangan Besar dan Eceran, Reparasi Mobil dan Sepeda Motor","SBR"],
    ["56163","KIOS DAGING (RUDI)","JALAN MUARA TAKUS","prelist","MEDAN POLONIA","MADRAS HULU","LINGKUNGAN 4","","","G. Perdagangan Besar dan Eceran, Reparasi Mobil dan Sepeda Motor","SBR"],
    ["56164","PENJUAL BAJU(MEI LIN)","JALAN MUARA TAKUS","prelist","MEDAN POLONIA","MADRAS HULU","LINGKUNGAN 4","","","C. Industri Pengolahan","SBR"],
    ["56211","LAUNDRY WAS STATION","JALAN CINTA KARYA NO 67","prelist","MEDAN POLONIA","SARI REJO","LINGKUNGAN 3","","","S. Aktivitas Jasa Lainnya","SBR"],
    ["56325","JUALAN GAS 3 KG (SELMAN.P)","JL MONGONSIDI NO 3","prelist","MEDAN POLONIA","POLONIA","LINGKUNGAN 1","","","G. Perdagangan Besar dan Eceran, Reparasi Mobil dan Sepeda Motor","SBR"],
    ["56362","RM PUTRI PASAMAN (JASMAN SH)","JALAN PANCING","prelist","MEDAN POLONIA","MADRAS HULU","LINGKUNGAN 5","","","I. Penyediaan Akomodasi dan Makan Minum","SBR"],
    ["56386","SEHATI BARU","JALAN KH ZAINUL ARIFIN","prelist","MEDAN POLONIA","MADRAS HULU","LINGKUNGAN 1","","","G. Perdagangan Besar dan Eceran, Reparasi Mobil dan Sepeda Motor","SBR"],
    ["56387","PENJUAL BENANG (ANATO)","JL MUARA TAKUS","prelist","MEDAN POLONIA","MADRAS HULU","LINGKUNGAN 4","","","G. Perdagangan Besar dan Eceran, Reparasi Mobil dan Sepeda Motor","SBR"],
    ["56388","ECERAN GAS ELPIJI (FAUZIAH)","JALAN MUARA TAKUS NOI 91","prelist","MEDAN POLONIA","MADRAS HULU","LINGKUNGAN 4","","","G. Perdagangan Besar dan Eceran, Reparasi Mobil dan Sepeda Motor","SBR"],
    ["56389","BATUBARA JEWELLERY","SUN PLAZA LTIC NO 23","prelist","MEDAN POLONIA","MADRAS HULU","LINGKUNGAN 9","","","G. Perdagangan Besar dan Eceran, Reparasi Mobil dan Sepeda Motor","SBR"],
    ["56400","Q-TA","SUN PLAZA LT 2B NO 30","prelist","MEDAN POLONIA","MADRAS HULU","LINGKUNGAN 9","","","G. Perdagangan Besar dan Eceran, Reparasi Mobil dan Sepeda Motor","SBR"],
    ["56401","LI BOUTIQUE","SUN PLAZA LT 2 NO 2 JALAN ZAINUL ARIFIN","prelist","MEDAN POLONIA","MADRAS HULU","LINGKUNGAN 9","","","G. Perdagangan Besar dan Eceran, Reparasi Mobil dan Sepeda Motor","SBR"],
    ["56413","KOPERASI SD MIS MUHAJIRIN","GANG MUHAJIRIN","prelist","MEDAN POLONIA","SARI REJO","LINGKUNGAN 3","","","G. Perdagangan Besar dan Eceran, Reparasi Mobil dan Sepeda Motor","SBR"],
    ["56477","M CLUB (SUGIANTO)","KOMPLEK PERUMAHAN MALIBU BLOK F NO 88","prelist","MEDAN POLONIA","SUKA DAMAI","LINGKUNGAN 6","","","R. Kesenian, Hiburan, dan Rekreasi","SBR"],
    ["56532","RED CARPET","SUN PLAZA LT 2 NO 7-8 JALAN ZAINUL ARIFIN","prelist","MEDAN POLONIA","MADRAS HULU","LINGKUNGAN 9","","","G. Perdagangan Besar dan Eceran, Reparasi Mobil dan Sepeda Motor","SBR"],
    ["56533","REST U JEWELLERY","GEDUNG LIPPO SUN PLAZA LANTAI G","prelist","MEDAN POLONIA","MADRAS HULU","LINGKUNGAN 9","","","G. Perdagangan Besar dan Eceran, Reparasi Mobil dan Sepeda Motor","SBR"],
    ["56536","RA AL-HIDAYAH","JALAN CINTA KARYA GANG BUNTU 2 NO 25A","prelist","MEDAN POLONIA","SARI REJO","LINGKUNGAN 3","","","P. Pendidikan","SBR"],
    ["56541","KEDAI (GITA)","JALAN CEMPAKA GANG RAMBUTAN","prelist","MEDAN POLONIA","SARI REJO","LINGKUNGAN 4","","","G. Perdagangan Besar dan Eceran, Reparasi Mobil dan Sepeda Motor","SBR"],
    ["56545","TOKO PIKOM","COMPLEK MULTATULI INDAH BLOK E NO 37","prelist","MEDAN POLONIA","SUKA DAMAI","LINGKUNGAN 5","","","G. Perdagangan Besar dan Eceran, Reparasi Mobil dan Sepeda Motor","SBR"],
    ["56548","PERCETAKAN KERTAS (EMI)","JALAN MUARA TAKUS NO 153","prelist","MEDAN POLONIA","MADRAS HULU","LINGKUNGAN 4","","","C. Industri Pengolahan","SBR"],
    ["56549","LOKET PEMBAYARAN ONLINE","JALAN CINTA KARYA","prelist","MEDAN POLONIA","SARI REJO","LINGKUNGAN 1","","","D. Pengadaan Listrik, Gas, Uap/Air Panas, dan Udara Dingin","SBR"],
    ["56570","STROBERI","SUN PLAZA LT 2 NO 17","prelist","MEDAN POLONIA","MADRAS HULU","LINGKUNGAN 9","","","G. Perdagangan Besar dan Eceran, Reparasi Mobil dan Sepeda Motor","SBR"],
    ["56572","TOKO BANGUNAN GIMUN JAYA","JALAN TERATAI NOMOR 9","prelist","MEDAN POLONIA","SARI REJO","LINGKUNGAN 5","","","G. Perdagangan Besar dan Eceran, Reparasi Mobil dan Sepeda Motor","SBR"],
    ["56581","YASRA BUTIK","JALAN KH ZAINUL ARIFIN","prelist","MEDAN POLONIA","MADRAS HULU","LINGKUNGAN 1","","","G. Perdagangan Besar dan Eceran, Reparasi Mobil dan Sepeda Motor","SBR"],
    ["56582","KEDAI MAKANAN AYAM PENYET","JALAN T UMAR NO 114","prelist","MEDAN POLONIA","MADRAS HULU","LINGKUNGAN 5","","","I. Penyediaan Akomodasi dan Makan Minum","SBR"],
    ["56583","SALON FRIS","JALAN TUMAR 83","prelist","MEDAN POLONIA","MADRAS HULU","LINGKUNGAN 7","","","S. Aktivitas Jasa Lainnya","SBR"],
    ["56584","PENJUAL BAJU(AMOI)","JALAN MUARA TAKUS","prelist","MEDAN POLONIA","MADRAS HULU","LINGKUNGAN 4","","","G. Perdagangan Besar dan Eceran, Reparasi Mobil dan Sepeda Motor","SBR"],
    ["56585","KIOS BUNGA RAMPAI (ALING)","JL MUARA TAKUS","prelist","MEDAN POLONIA","MADRAS HULU","LINGKUNGAN 4","","","G. Perdagangan Besar dan Eceran, Reparasi Mobil dan Sepeda Motor","SBR"],
    ["56594","TOKO WILLYAM BAUTIQUE","JALAN CIKDITIRO NO 08","prelist","MEDAN POLONIA","MADRAS HULU","LINGKUNGAN 6","","","G. Perdagangan Besar dan Eceran, Reparasi Mobil dan Sepeda Motor","SBR"],
    ["56603","USAHA TUKANG JAHIT GENTELMAN TAILOR","JALAN TEUKU CIKDITIRO NO 86","prelist","MEDAN POLONIA","MADRAS HULU","LINGKUNGAN 6","","","C. Industri Pengolahan","SBR"],
    ["56610","DEEDEEDO","JALAN KH ZAINUL ARIFIN","prelist","MEDAN POLONIA","MADRAS HULU","LINGKUNGAN 1","","","G. Perdagangan Besar dan Eceran, Reparasi Mobil dan Sepeda Motor","SBR"],
    ["56611","LES PRIVAT(IRNAWATY)","JALAN.PEKONG NO.117","prelist","MEDAN POLONIA","POLONIA","LINGKUNGAN 7","","","P. Pendidikan","SBR"],
    ["56628","RM ETEK EMI","JALAN JENGGALA","prelist","MEDAN POLONIA","MADRAS HULU","LINGKUNGAN 1","","","I. Penyediaan Akomodasi dan Makan Minum","SBR"],
    ["56629","TOKO TERUS INDAH","JALAN ZAINUL AFIRIN","prelist","MEDAN POLONIA","MADRAS HULU","LINGKUNGAN 1","","","G. Perdagangan Besar dan Eceran, Reparasi Mobil dan Sepeda Motor","SBR"],
    ["56637","CAFE DI LO (DEDE)","JALAN MONGONSIDI","prelist","MEDAN POLONIA","ANGGRUNG","LINGKUNGAN 8","","","I. Penyediaan Akomodasi dan Makan Minum","SBR"],
    ["57039","WARUNG SEMBAKO <PARNO>","JALAN STARBAN GANG IM AM","prelist","MEDAN POLONIA","POLONIA","LINGKUNGAN 10","","","G. Perdagangan Besar dan Eceran, Reparasi Mobil dan Sepeda Motor","SBR"],
    ["57046","HANKOOK","SUN PLAZA LT 1 NO 02","prelist","MEDAN POLONIA","MADRAS HULU","LINGKUNGAN 9","","","G. Perdagangan Besar dan Eceran, Reparasi Mobil dan Sepeda Motor","SBR"],
    ["57047","ALIN","GEDUNGLIPPOSUN PLAZA LANTAL LG","prelist","MEDAN POLONIA","MADRAS HULU","LINGKUNGAN 7","","","G. Perdagangan Besar dan Eceran, Reparasi Mobil dan Sepeda Motor","SBR"],
    ["57058","KEDAI (BU TARIGAN)","JALAN CEMPAKA LK 4","prelist","MEDAN POLONIA","SARI REJO","LINGKUNGAN 3","","","G. Perdagangan Besar dan Eceran, Reparasi Mobil dan Sepeda Motor","SBR"],
    ["57093","TOUR TRAVEL ONLINE","GANG KARYA APRIL","prelist","MEDAN POLONIA","SARI REJO","LINGKUNGAN 7","","","N. Jasa Persewaan, Ketenagakerjaan, Agen Perjalanan, dan Jasa Pendukung","SBR"],
    ["57096","RUMAH ASPIRASI DPR RI DR SOFYAN TAN","KOMPLEK CBD POLONIA BLOK G NO 87","prelist","MEDAN POLONIA","SUKA DAMAI","LINGKUNGAN 5","","","M. Jasa Profesional, Ilmiah, dan Teknis","SBR"],
    ["57097","D`SUN RESTO","KOMPLEK WONDER WATER WORLD CBD POLONIA","prelist","MEDAN POLONIA","SUKA DAMAI","LINGKUNGAN 5","","","I. Penyediaan Akomodasi dan Makan Minum","SBR"],
    ["57113","DA MIRA","KOMPLEK CBD BLOK 453-A1","prelist","MEDAN POLONIA","SUKA DAMAI","LINGKUNGAN 5","","","C. Industri Pengolahan","SBR"],
    ["57124","CROCS","LANTAL 3 NOMOR 11 AB SUN PLAZA","prelist","MEDAN POLONIA","MADRAS HULU","LINGKUNGAN 9","","","G. Perdagangan Besar dan Eceran, Reparasi Mobil dan Sepeda Motor","SBR"],
    ["57125","X-TENT","SUN PLAZA LT 2A NO 29","prelist","MEDAN POLONIA","MADRAS HULU","LINGKUNGAN 9","","","G. Perdagangan Besar dan Eceran, Reparasi Mobil dan Sepeda Motor","SBR"],
    ["57131","ACER CENTER","GEDUNG LIPPO SUN PLAZA LANTAI LG","prelist","MEDAN POLONIA","MADRAS HULU","LINGKUNGAN 9","","","G. Perdagangan Besar dan Eceran, Reparasi Mobil dan Sepeda Motor","SBR"],
    ["57152","TOKO PECAH BELAH (KANG )","JALAN CI K DIT.IRO N 017","prelist","MEDAN POLONIA","MADRAS HULU","LINGKUNGAN 7","","","G. Perdagangan Besar dan Eceran, Reparasi Mobil dan Sepeda Motor","SBR"],
    ["57181","KIOS TAHU TEMPE (APO)","JALAN MUARA TAKUS","prelist","MEDAN POLONIA","MADRAS HULU","LINGKUNGAN 4","","","G. Perdagangan Besar dan Eceran, Reparasi Mobil dan Sepeda Motor","SBR"],
    ["57248","STOPWASH (ALI MUSTAFA)","JALAN JENGGALA","prelist","MEDAN POLONIA","MADRAS HULU","LINGKUNGAN 6","","","S. Aktivitas Jasa Lainnya","SBR"],
    ["57265","REAL POLO","JALAN KH ZAINUL ARIFIN","prelist","MEDAN POLONIA","MADRAS HULU","LINGKUNGAN 9","","","G. Perdagangan Besar dan Eceran, Reparasi Mobil dan Sepeda Motor","SBR"],
    ["57266","PEMPEK KABITA","JALAN KH ZAINUL ARIFIN","prelist","MEDAN POLONIA","MADRAS HULU","LINGKUNGAN 1","","","I. Penyediaan Akomodasi dan Makan Minum","SBR"],
    ["57267","IRAMA ELEKTRIK","JALAN KH ZAINUL ARIFIN","prelist","MEDAN POLONIA","MADRAS HULU","LINGKUNGAN 1","","","G. Perdagangan Besar dan Eceran, Reparasi Mobil dan Sepeda Motor","SBR"],
    ["57275","USAHA JAHIT BAJU (AYUMAYA COULTURE)","JALAN SETIA BUDI 100","prelist","MEDAN POLONIA","MADRAS HULU","LINGKUNGAN 7","","","C. Industri Pengolahan","SBR"],
    ["57288","PENYEWAAN KAMAR (SAFII)","JALAN KH ZAINUL ARIFIN","prelist","MEDAN POLONIA","MADRAS HULU","LINGKUNGAN 1","","","I. Penyediaan Akomodasi dan Makan Minum","SBR"],
    ["57289","ROHIT SPORTS","JALAN KH ZAINUL ARIFIN","prelist","MEDAN POLONIA","MADRAS HULU","LINGKUNGAN 1","","","G. Perdagangan Besar dan Eceran, Reparasi Mobil dan Sepeda Motor","SBR"],
    ["57290","ADVOCAT","JALAN JENGGALA NO 64 MEDAN","prelist","MEDAN POLONIA","MADRAS HULU","LINGKUNGAN 1","","","M. Jasa Profesional, Ilmiah, dan Teknis","SBR"],
    ["57301","USAHA TOKO PAKAIAN BOLLYWOOD FASHION","JALAN TEUKU CIKDITIRO NO 24/80","prelist","MEDAN POLONIA","MADRAS HULU","LINGKUNGAN 6","","","G. Perdagangan Besar dan Eceran, Reparasi Mobil dan Sepeda Motor","SBR"],
    ["57302","USAHA PENJUAL HP PULSA(M PONSEL)","JALAN TEUKU CIKDITIRO NO 60","prelist","MEDAN POLONIA","MADRAS HULU","LINGKUNGAN 6","","","J. Informasi dan Komunikasi","SBR"],
    ["57306","PENJUAL PULSA HP (SUFIRMAN)","JALAN TEUKU CIKDITIRO BELAKANG NO 211","prelist","MEDAN POLONIA","MADRAS HULU","LINGKUNGAN 7","","","J. Informasi dan Komunikasi","SBR"],
    ["57359","JUAL AYAM POTONG","JALAN TERATAI","prelist","MEDAN POLONIA","SARI REJO","LINGKUNGAN 5","","","G. Perdagangan Besar dan Eceran, Reparasi Mobil dan Sepeda Motor","SBR"],
    ["57446","M CAFE (SUGIANTO)","KOMPLEK PERUMAHAN MALIBU BLOK F NO 88","prelist","MEDAN POLONIA","SUKA DAMAI","LINGKUNGAN 6","","","I. Penyediaan Akomodasi dan Makan Minum","SBR"],
    ["57458","SABAT","KOMPLEK CBD POLONIA BLOK DD-90-91","prelist","MEDAN POLONIA","SUKA DAMAI","LINGKUNGAN 5","","","G. Perdagangan Besar dan Eceran, Reparasi Mobil dan Sepeda Motor","SBR"],
    ["57480","JUAL PULSA","JALAN BALAI DESA","prelist","MEDAN POLONIA","POLONIA","LINGKUNGAN 8","","","J. Informasi dan Komunikasi","SBR"],
    ["57498","RANTANGAN (ASEH)","JLN BALAI DESA","prelist","MEDAN POLONIA","POLONIA","LINGKUNGAN 8","","","I. Penyediaan Akomodasi dan Makan Minum","SBR"],
    ["57586","CAFE GOLF","JALAN SUWONDO UJUNG","prelist","MEDAN POLONIA","SUKA DAMAI","LINGKUNGAN 6","","","I. Penyediaan Akomodasi dan Makan Minum","SBR"],
    ["57615","SUPREME GO","SUN PLAZA LT 2A NO 10 JALAN ZAINUL ARIFIN","prelist","MEDAN POLONIA","MADRAS HULU","LINGKUNGAN 9","","","G. Perdagangan Besar dan Eceran, Reparasi Mobil dan Sepeda Motor","SBR"],
    ["57616","MINOSE","SUN PLAZA LT 1 B 23","prelist","MEDAN POLONIA","MADRAS HULU","LINGKUNGAN 9","","","G. Perdagangan Besar dan Eceran, Reparasi Mobil dan Sepeda Motor","SBR"],
    ["57617","GRAND TENDEN","SUN PLAZA LT 1 NO 12","prelist","MEDAN POLONIA","MADRAS HULU","LINGKUNGAN 7","","","G. Perdagangan Besar dan Eceran, Reparasi Mobil dan Sepeda Motor","SBR"],
    ["57639","SURYA KARYA MANDIRI PANGLONG","JALAN CINTA KARYA NO 65","prelist","MEDAN POLONIA","SARI REJO","LINGKUNGAN 1","","","G. Perdagangan Besar dan Eceran, Reparasi Mobil dan Sepeda Motor","SBR"],
    ["57643","KEDAI SAMPAH (MARIA)","JALAN MUARA TAKUS","prelist","MEDAN POLONIA","MADRAS HULU","LINGKUNGAN 4","","","G. Perdagangan Besar dan Eceran, Reparasi Mobil dan Sepeda Motor","SBR"],
    ["57644","PENJUAL BAJU (IMEI)","JL MUARA TAKUS","prelist","MEDAN POLONIA","MADRAS HULU","LINGKUNGAN 4","","","G. Perdagangan Besar dan Eceran, Reparasi Mobil dan Sepeda Motor","SBR"],
    ["57645","TOILET UMUM(FIRDAUS)","JL MUARA TAKUS","prelist","MEDAN POLONIA","MADRAS HULU","LINGKUNGAN 4","","","S. Aktivitas Jasa Lainnya","SBR"],
    ["57712","JLO BOUTIQUE","SUN PLAZA LT 1 NO 10","prelist","MEDAN POLONIA","MADRAS HULU","LINGKUNGAN 9","","","G. Perdagangan Besar dan Eceran, Reparasi Mobil dan Sepeda Motor","SBR"],
    ["57716","USAHA PENJAHIT PAKAIAN TREVIRA TAILOR","JALAN TEUKU CIKDITIRO NO 72","prelist","MEDAN POLONIA","MADRAS HULU","LINGKUNGAN 6","","","C. Industri Pengolahan","SBR"],
    ["57717","LONDON BEAUTY CENTER","JL JUANDA","prelist","MEDAN POLONIA","SUKA DAMAI","LINGKUNGAN 5","","","S. Aktivitas Jasa Lainnya","SBR"],
    ["57719","KIOS AYAM POTONG (ALING)","JALAN MUARA TAKUS","prelist","MEDAN POLONIA","MADRAS HULU","LINGKUNGAN 4","","","G. Perdagangan Besar dan Eceran, Reparasi Mobil dan Sepeda Motor","SBR"],
    ["57748","WARUNG MIE REBUS (SALMA)","JALAN TEUKU CIKDITIRO BELAKANG","prelist","MEDAN POLONIA","MADRAS HULU","LINGKUNGAN 7","","","I. Penyediaan Akomodasi dan Makan Minum","SBR"],
    ["57749","WARUNG DAPUR RAJA BELUT","JALAN T CIK DITIRO","prelist","MEDAN POLONIA","MADRAS HULU","LINGKUNGAN 7","","","I. Penyediaan Akomodasi dan Makan Minum","SBR"],
    ["57751","RENTAL MOBIL","JL MONGONSIDI 3 NO 23","prelist","MEDAN POLONIA","POLONIA","LINGKUNGAN 1","","","H. Transportasi dan Pergudangan","SBR"],
    ["57763","USAHA PENYEWAAN KAMAR (ALIMUDDIN P)","JALAN TEUKU CIKDITIRO","prelist","MEDAN POLONIA","MADRAS HULU","LINGKUNGAN 7","","","I. Penyediaan Akomodasi dan Makan Minum","SBR"],
    ["57924","VINOTI LIVING","JALAN KH ZAINUL ARIFIN NO 23/53 C","prelist","MEDAN POLONIA","MADRAS HULU","LINGKUNGAN 9","","","G. Perdagangan Besar dan Eceran, Reparasi Mobil dan Sepeda Motor","SBR"],
    ["57933","JJ PROF NAIL SALON","SUN PLAZA LT 2 NO 11- 12","prelist","MEDAN POLONIA","MADRAS HULU","LINGKUNGAN 9","","","S. Aktivitas Jasa Lainnya","SBR"],
    ["57938","ZARAAA","SUN PLAZA LT 1B NO 12","prelist","MEDAN POLONIA","MADRAS HULU","LINGKUNGAN 9","","","G. Perdagangan Besar dan Eceran, Reparasi Mobil dan Sepeda Motor","SBR"],
    ["57941","LACUISINE","SUN PLAZA LT 1","prelist","MEDAN POLONIA","MADRAS HULU","LINGKUNGAN 9","","","G. Perdagangan Besar dan Eceran, Reparasi Mobil dan Sepeda Motor","SBR"],
    ["57946","LOLY POLY","LT 3NO 29 SUN PLAZA","prelist","MEDAN POLONIA","MADRAS HULU","LINGKUNGAN 9","","","G. Perdagangan Besar dan Eceran, Reparasi Mobil dan Sepeda Motor","SBR"],
    ["57947","DOFA CAFE","JALAN HANG TUAH","prelist","MEDAN POLONIA","MADRAS HULU","LINGKUNGAN 7","","","I. Penyediaan Akomodasi dan Makan Minum","SBR"],
    ["57978","AYAM POTONG (EKO)","JL MUARA TAKUS","prelist","MEDAN POLONIA","MADRAS HULU","LINGKUNGAN 4","","","G. Perdagangan Besar dan Eceran, Reparasi Mobil dan Sepeda Motor","SBR"],
    ["57979","MOCCA","LT4 NO 36-37 SUN PLAZA","prelist","MEDAN POLONIA","MADRAS HULU","LINGKUNGAN 9","","","G. Perdagangan Besar dan Eceran, Reparasi Mobil dan Sepeda Motor","SBR"],
    ["58005","DRIVING GOLF LANUD SUWONDO","JALAN SUWONDO UJUNG","prelist","MEDAN POLONIA","SUKA DAMAI","LINGKUNGAN 6","","","R. Kesenian, Hiburan, dan Rekreasi","SBR"],
    ["58006","RUMAH MAKAN VINE CAFE","KOMPLEK CBD POLONIA BLOK F NO 25","prelist","MEDAN POLONIA","SUKA DAMAI","LINGKUNGAN 5","","","I. Penyediaan Akomodasi dan Makan Minum","SBR"],
    ["58099","WARUNG SAMPAH (USMAN)","JALAN STARBAN GANG FAMILI","prelist","MEDAN POLONIA","POLONIA","LINGKUNGAN 12","","","G. Perdagangan Besar dan Eceran, Reparasi Mobil dan Sepeda Motor","SBR"],
    ["58158","TOKO KASET DVD","JALAN T UMAR","prelist","MEDAN POLONIA","MADRAS HULU","LINGKUNGAN 5","","","G. Perdagangan Besar dan Eceran, Reparasi Mobil dan Sepeda Motor","SBR"],
    ["58159","HMS BATIQUE","JALAN KH ZAINUL ARIFIN","prelist","MEDAN POLONIA","MADRAS HULU","LINGKUNGAN 1","","","G. Perdagangan Besar dan Eceran, Reparasi Mobil dan Sepeda Motor","SBR"],
    ["58160","MITRA USAHA PANTI PIJAT (ZULFADLI)","JALAN JENGGALA","prelist","MEDAN POLONIA","MADRAS HULU","LINGKUNGAN 1","","","S. Aktivitas Jasa Lainnya","SBR"],
    ["58188","USAHA KEDAI MAKANAN SABAS","JALAN CIKDITIRO NO 42","prelist","MEDAN POLONIA","MADRAS HULU","LINGKUNGAN 6","","","I. Penyediaan Akomodasi dan Makan Minum","SBR"],
    ["58189","TOKO ALAT TULIS KANTOR SINAR JAYA PD","JALAN TEUKU CIK DITIRO NO 12","prelist","MEDAN POLONIA","MADRAS HULU","LINGKUNGAN 6","","","G. Perdagangan Besar dan Eceran, Reparasi Mobil dan Sepeda Motor","SBR"],
    ["58263","SD INPRES 0 6 4 0 2 7","JALAN SD INPRES LING KUNGAN G","prelist","MEDAN POLONIA","SARI REJO","LINGKUNGAN 6","","","P. Pendidikan","SBR"],
    ["58265","PENYEWAAN RUMAH","JALAN STARBAN GANG MESJID","prelist","MEDAN POLONIA","POLONIA","LINGKUNGAN 9","","","L. Real Estat","SBR"],
    ["58270","VINTA CAFE","LANT AI 3 SUN PLAZA","prelist","MEDAN POLONIA","MADRAS HULU","LINGKUNGAN 9","","","I. Penyediaan Akomodasi dan Makan Minum","SBR"],
    ["58272","TOKO SEMBAKO (HONG)","JL MUARA TAKUS","prelist","MEDAN POLONIA","MADRAS HULU","LINGKUNGAN 4","","","G. Perdagangan Besar dan Eceran, Reparasi Mobil dan Sepeda Motor","SBR"],
    ["58274","SHINE","SUN PLAZA LT 1 NO","prelist","MEDAN POLONIA","MADRAS HULU","LINGKUNGAN 9","","","G. Perdagangan Besar dan Eceran, Reparasi Mobil dan Sepeda Motor","SBR"],
    ["58277","BUTIK MUKENA TIARA","JALAN T CIK DITIRO NO 122","prelist","MEDAN POLONIA","MADRAS HULU","LINGKUNGAN 7","","","G. Perdagangan Besar dan Eceran, Reparasi Mobil dan Sepeda Motor","SBR"],
    ["58279","TIARA JEWELLERY","SUN PLAZA LT 1 NO 06","prelist","MEDAN POLONIA","MADRAS HULU","LINGKUNGAN 9","","","G. Perdagangan Besar dan Eceran, Reparasi Mobil dan Sepeda Motor","SBR"],
    ["58280","WARUNG KAKI LIMA(SUL ASTRI)","JALAN MONGONSIDI","prelist","MEDAN POLONIA","ANGGRUNG","LINGKUNGAN 8","","","G. Perdagangan Besar dan Eceran, Reparasi Mobil dan Sepeda Motor","SBR"],
    ["58281","KUE BANYUMAS","JALAN MONGONIDI HERM IE S PLACE POLONIA","prelist","MEDAN POLONIA","POLONIA","LINGKUNGAN 3","","","G. Perdagangan Besar dan Eceran, Reparasi Mobil dan Sepeda Motor","SBR"],
    ["58287","KLINIK DR UMUM","JL T UMAR 156","prelist","MEDAN POLONIA","MADRAS HULU","LINGKUNGAN 5","","","Q. Jasa Kesehatan dan Kegiatan Sosial","SBR"],
    ["58300","POTATO CORNER","LANTAIU SUN PLAZA","prelist","MEDAN POLONIA","MADRAS HULU","LINGKUNGAN 9","","","I. Penyediaan Akomodasi dan Makan Minum","SBR"],
    ["58301","COOL KIDS","LT 3 NO 37 SUN PLAZA","prelist","MEDAN POLONIA","MADRAS HULU","LINGKUNGAN 9","","","G. Perdagangan Besar dan Eceran, Reparasi Mobil dan Sepeda Motor","SBR"],
    ["58543","YAKUN KAYA TOST","SUN PLAZA LT 1 BLOK C","prelist","MEDAN POLONIA","MADRAS HULU","LINGKUNGAN 9","","","I. Penyediaan Akomodasi dan Makan Minum","SBR"],
    ["58544","BEBEK TEPI SAWAH","JALAN MONGONSIDI HERM 85 PLACE POLONIA","prelist","MEDAN POLONIA","POLONIA","LINGKUNGAN 1","","","I. Penyediaan Akomodasi dan Makan Minum","SBR"],
    ["58572","GORENGAN (ERDA)","JALAN STARBAN GANG MESJID","prelist","MEDAN POLONIA","POLONIA","LINGKUNGAN 9","","","C. Industri Pengolahan","SBR"],
    ["58581","PENJUAL SANDAL(SUSAN)","JL MUARA TAKUS","prelist","MEDAN POLONIA","MADRAS HULU","LINGKUNGAN 4","","","G. Perdagangan Besar dan Eceran, Reparasi Mobil dan Sepeda Motor","SBR"],
    ["58583","ISLAND","L3 C 09 SUN PLAZA","prelist","MEDAN POLONIA","MADRAS HULU","LINGKUNGAN 9","","","G. Perdagangan Besar dan Eceran, Reparasi Mobil dan Sepeda Motor","SBR"],
    ["58584","LINS BOUTIQUE","SUN PLAZA LT 2","prelist","MEDAN POLONIA","MADRAS HULU","LINGKUNGAN 9","","","G. Perdagangan Besar dan Eceran, Reparasi Mobil dan Sepeda Motor","SBR"],
    ["58740","PANGKALAN GAS 3 KG (TETTY M HUTAGAOL)","JLN STARBAN GG ROTAN","prelist","MEDAN POLONIA","POLONIA","LINGKUNGAN 10","","","G. Perdagangan Besar dan Eceran, Reparasi Mobil dan Sepeda Motor","SBR"],
    ["58751","PENJUAL BAJU(ESTER)","JALAN MUARA TAKUS","prelist","MEDAN POLONIA","MADRAS HULU","LINGKUNGAN 4","","","G. Perdagangan Besar dan Eceran, Reparasi Mobil dan Sepeda Motor","SBR"],
    ["58773","USAHA PENYEWAAN LAPAN GAN TENIS","JALAN MONGONSIDI","prelist","MEDAN POLONIA","ANGGRUNG","LINGKUNGAN 8","","","R. Kesenian, Hiburan, dan Rekreasi","SBR"],
    ["58781","CHIKEN HOLIC","JALAN TEUKU CIK DITIRO NO 8 I","prelist","MEDAN POLONIA","MADRAS HULU","LINGKUNGAN 6","","","I. Penyediaan Akomodasi dan Makan Minum","SBR"],
    ["58785","PENGACARA SIDABALOK","JALAN POLONIA","prelist","MEDAN POLONIA","SUKA DAMAI","LINGKUNGAN 6","","","M. Jasa Profesional, Ilmiah, dan Teknis","SBR"],
    ["58786","PABRIK KERTAS KIM COA (WONG ABI)","JLN STARBAN G G AMAL","prelist","MEDAN POLONIA","POLONIA","LINGKUNGAN 9","","","C. Industri Pengolahan","SBR"],
    ["58788","JUAL MINUMAN (RATNA)","JALAN STARBAN","prelist","MEDAN POLONIA","POLONIA","LINGKUNGAN 9","","","I. Penyediaan Akomodasi dan Makan Minum","SBR"],
    ["58794","UNDER CONSTRACTION BAR","POLONIA","prelist","MEDAN POLONIA","POLONIA","LINGKUNGAN 7","","","I. Penyediaan Akomodasi dan Makan Minum","SBR"],
    ["58800","MONACO","SUN PLAZA LT 1","prelist","MEDAN POLONIA","MADRAS HULU","LINGKUNGAN 9","","","G. Perdagangan Besar dan Eceran, Reparasi Mobil dan Sepeda Motor","SBR"],
    ["58814","USAHA KANTIN (YUNI)","JALAN TEUKU CIKDITIRO SMA 1 MEDAN","prelist","MEDAN POLONIA","MADRAS HULU","LINGKUNGAN 6","","","I. Penyediaan Akomodasi dan Makan Minum","SBR"],
    ["58816","BATARI SCHOOL","JALAN DR CIPTO NO 9","prelist","MEDAN POLONIA","ANGGRUNG","LINGKUNGAN 4","","","P. Pendidikan","SBR"],
    ["58817","WARUNG MINUM(SYAMSUDIN)","JALAN WALI KOTA","prelist","MEDAN POLONIA","ANGGRUNG","LINGKUNGAN 4","","","I. Penyediaan Akomodasi dan Makan Minum","SBR"],
    ["58825","APOTEK BENTENG","JALAN KH ZAINUL ARIFIN","prelist","MEDAN POLONIA","MADRAS HULU","LINGKUNGAN 1","","","G. Perdagangan Besar dan Eceran, Reparasi Mobil dan Sepeda Motor","SBR"],
    ["58826","PERMATA AGUNG RM","JALAN T UMAR","prelist","MEDAN POLONIA","MADRAS HULU","LINGKUNGAN 1","","","I. Penyediaan Akomodasi dan Makan Minum","SBR"],
    ["58828","K K","SUN PLAZA LT 2A NO 11 B JALAN ZAINUL ARIFIN","prelist","MEDAN POLONIA","MADRAS HULU","LINGKUNGAN 9","","","G. Perdagangan Besar dan Eceran, Reparasi Mobil dan Sepeda Motor","SBR"],
    ["58848","TOKO BUANA PRIMA (LINA)","JALAN TUMAR 49","prelist","MEDAN POLONIA","MADRAS HULU","LINGKUNGAN 5","","","G. Perdagangan Besar dan Eceran, Reparasi Mobil dan Sepeda Motor","SBR"],
    ["58868","AYAM PENYET (MASNO)","JL ANTARIKSA NO 98","prelist","MEDAN POLONIA","SARI REJO","LINGKUNGAN 9","","","I. Penyediaan Akomodasi dan Makan Minum","SBR"],
    ["58990","MAGIC TOYS","LT 3 SUN PLAZA","prelist","MEDAN POLONIA","MADRAS HULU","LINGKUNGAN 9","","","C. Industri Pengolahan","SBR"],
    ["58994","JUAL PAKAIAN (NINGRUM)","JALAN BILAL GG LANDASAN UNJUNG NO 16","prelist","MEDAN POLONIA","SARI REJO","LINGKUNGAN 1","","","G. Perdagangan Besar dan Eceran, Reparasi Mobil dan Sepeda Motor","SBR"],
    ["58995","WARUNG NASI (ALI)","JALAN T UMAR","prelist","MEDAN POLONIA","MADRAS HULU","LINGKUNGAN 5","","","I. Penyediaan Akomodasi dan Makan Minum","SBR"],
    ["58996","TOKO BAJU (SANDRA)","JALAN STARBAN GANG IMAM","prelist","MEDAN POLONIA","POLONIA","LINGKUNGAN 9","","","G. Perdagangan Besar dan Eceran, Reparasi Mobil dan Sepeda Motor","SBR"],
    ["59011","WARUNG KOPI","JALAN PAGARUYUNG","prelist","MEDAN POLONIA","MADRAS HULU","LINGKUNGAN 3","","","I. Penyediaan Akomodasi dan Makan Minum","SBR"],
    ["59012","PENJAHIT BAJU (INDAH)","JL MUARA TAKUS","prelist","MEDAN POLONIA","MADRAS HULU","LINGKUNGAN 4","","","C. Industri Pengolahan","SBR"],
    ["59014","SHERWOOD WINTER","L2A 31 SUN PLAZA","prelist","MEDAN POLONIA","MADRAS HULU","LINGKUNGAN 9","","","G. Perdagangan Besar dan Eceran, Reparasi Mobil dan Sepeda Motor","SBR"],
    ["59015","LINKS COLLECTION","L3 E 10 SUN PLAZA","prelist","MEDAN POLONIA","MADRAS HULU","LINGKUNGAN 9","","","G. Perdagangan Besar dan Eceran, Reparasi Mobil dan Sepeda Motor","SBR"],
    ["59016","BLACK BALL","LT 3B NO 5 SUN PLAZA","prelist","MEDAN POLONIA","MADRAS HULU","LINGKUNGAN 9","","","I. Penyediaan Akomodasi dan Makan Minum","SBR"],
    ["59017","MOMENT","SKY CROSS LT 2 NO 43 SUN PLAZA","prelist","MEDAN POLONIA","MADRAS HULU","LINGKUNGAN 9","","","G. Perdagangan Besar dan Eceran, Reparasi Mobil dan Sepeda Motor","SBR"],
    ["59018","PLUG N PLAY","SUN PLAZA LT 2 NO 25","prelist","MEDAN POLONIA","MADRAS HULU","LINGKUNGAN 9","","","G. Perdagangan Besar dan Eceran, Reparasi Mobil dan Sepeda Motor","SBR"],
    ["59020","GUDANG PENTIMPANAN(ALAM)","JL MUARA TAKUS","prelist","MEDAN POLONIA","MADRAS HULU","LINGKUNGAN 4","","","L. Real Estat","SBR"],
    ["59021","KIOS AYAM POTONG (ITA)","JALAN MUARA TAKUS","prelist","MEDAN POLONIA","MADRAS HULU","LINGKUNGAN 4","","","G. Perdagangan Besar dan Eceran, Reparasi Mobil dan Sepeda Motor","SBR"],
    ["59036","COTY","SUN PLAZA LT 1 B NO 17","prelist","MEDAN POLONIA","MADRAS HULU","LINGKUNGAN 9","","","G. Perdagangan Besar dan Eceran, Reparasi Mobil dan Sepeda Motor","SBR"],
    ["59038","GLAZE","SUN PLAZA LT 2B NO 35","prelist","MEDAN POLONIA","MADRAS HULU","LINGKUNGAN 9","","","G. Perdagangan Besar dan Eceran, Reparasi Mobil dan Sepeda Motor","SBR"],
    ["59039","POLARIS SONIC","SUN PLAZA LT 2 NO 36","prelist","MEDAN POLONIA","MADRAS HULU","LINGKUNGAN 9","","","G. Perdagangan Besar dan Eceran, Reparasi Mobil dan Sepeda Motor","SBR"],
    ["59040","HAMMER","SUN PLAZA LT 2 NO 7","prelist","MEDAN POLONIA","MADRAS HULU","LINGKUNGAN 9","","","G. Perdagangan Besar dan Eceran, Reparasi Mobil dan Sepeda Motor","SBR"],
    ["59041","CLARKS","SUN PLAZA LT.24-3 JALAN ZAINUL ARIFIN","prelist","MEDAN POLONIA","MADRAS HULU","LINGKUNGAN 9","","","G. Perdagangan Besar dan Eceran, Reparasi Mobil dan Sepeda Motor","SBR"],
    ["59042","KANINI","SUN PLAZA LT 1","prelist","MEDAN POLONIA","MADRAS HULU","LINGKUNGAN 9","","","G. Perdagangan Besar dan Eceran, Reparasi Mobil dan Sepeda Motor","SBR"],
    ["59043","ECLIPSE NET","JALAN KH ZAINAL ARIFIN","prelist","MEDAN POLONIA","MADRAS HULU","LINGKUNGAN 7","","","J. Informasi dan Komunikasi","SBR"],
    ["59045","MEIJI","SUN PLAZA LT 2 NO 1","prelist","MEDAN POLONIA","MADRAS HULU","LINGKUNGAN 9","","","G. Perdagangan Besar dan Eceran, Reparasi Mobil dan Sepeda Motor","SBR"],
    ["59046","WARUNG MAKAN KAKI LIMA(MARINA)","JALAN STARBAN GANG IMAM NO 33","prelist","MEDAN POLONIA","POLONIA","LINGKUNGAN 9","","","I. Penyediaan Akomodasi dan Makan Minum","SBR"],
    ["59051","SUGAR","SUN PLAZA LT 2B NO 32","prelist","MEDAN POLONIA","MADRAS HULU","LINGKUNGAN 9","","","G. Perdagangan Besar dan Eceran, Reparasi Mobil dan Sepeda Motor","SBR"],
    ["59060","MIX N MAX","SUN PLAZA LT 2","prelist","MEDAN POLONIA","MADRAS HULU","LINGKUNGAN 9","","","G. Perdagangan Besar dan Eceran, Reparasi Mobil dan Sepeda Motor","SBR"],
    ["59061","HEATWAVE","SUN PLAZA LT 2 NO 3","prelist","MEDAN POLONIA","MADRAS HULU","LINGKUNGAN 9","","","G. Perdagangan Besar dan Eceran, Reparasi Mobil dan Sepeda Motor","SBR"],
    ["59062","BATEEQ","SUN PLAZA LT.23 NO 6 JALAN ZAINUL ARIFIN","prelist","MEDAN POLONIA","MADRAS HULU","LINGKUNGAN 9","","","G. Perdagangan Besar dan Eceran, Reparasi Mobil dan Sepeda Motor","SBR"],
    ["59069","VJ BOUTIQUE","SUN PLAZA LT 2 NO 17","prelist","MEDAN POLONIA","MADRAS HULU","LINGKUNGAN 9","","","G. Perdagangan Besar dan Eceran, Reparasi Mobil dan Sepeda Motor","SBR"],
    ["59104","KANTIN (PUTRI)","JALAN PINANG BARIS NO 34","prelist","MEDAN POLONIA","MADRAS HULU","LINGKUNGAN 7","","","I. Penyediaan Akomodasi dan Makan Minum","SBR"],
    ["59128","KEDAI IKAN ASIN (KASINO)","JL MUARA TAKUS NO 21-22","prelist","MEDAN POLONIA","MADRAS HULU","LINGKUNGAN 4","","","G. Perdagangan Besar dan Eceran, Reparasi Mobil dan Sepeda Motor","SBR"],
    ["59190","M SWALAYAN (INTAN)","KOMPLEK PERUMAHAN MALIBU BLOK F NO 88","prelist","MEDAN POLONIA","SUKA DAMAI","LINGKUNGAN 6","","","G. Perdagangan Besar dan Eceran, Reparasi Mobil dan Sepeda Motor","SBR"],
    ["59191","SUB","SUN PLAZA LTI 1B NO 15","prelist","MEDAN POLONIA","MADRAS HULU","LINGKUNGAN 9","","","G. Perdagangan Besar dan Eceran, Reparasi Mobil dan Sepeda Motor","SBR"],
    ["59221","KIOS KELAPA PARUT <SOFIAN>","JALAN MUARA TAKUS NO 48","prelist","MEDAN POLONIA","MADRAS HULU","LINGKUNGAN 4","","","G. Perdagangan Besar dan Eceran, Reparasi Mobil dan Sepeda Motor","SBR"],
    ["59222","PENJUAL TAHU (RUDI)","JALAN MUARA TAKUS NO 20","prelist","MEDAN POLONIA","MADRAS HULU","LINGKUNGAN 4","","","G. Perdagangan Besar dan Eceran, Reparasi Mobil dan Sepeda Motor","SBR"],
    ["59230","RM PAGI SORE BARU","KOMPLEK CBD POLONIA BLOK DD-64-65","prelist","MEDAN POLONIA","SUKA DAMAI","LINGKUNGAN 5","","","I. Penyediaan Akomodasi dan Makan Minum","SBR"],
    ["59231","PONSEL (NADUS)","JL ANTARIKSA NO 100A","prelist","MEDAN POLONIA","SARI REJO","LINGKUNGAN 9","","","J. Informasi dan Komunikasi","SBR"],
    ["59246","USAHA PELATIHAN KESEHATAN YOGA","JALAN DR CIPTO NO 11 B","prelist","MEDAN POLONIA","ANGGRUNG","LINGKUNGAN 4","","","R. Kesenian, Hiburan, dan Rekreasi","SBR"],
    ["59255","LOKET PEMBAYARAN LISTRIK (RUSMAN)","JL CINTA KARYA","prelist","MEDAN POLONIA","SARI REJO","LINGKUNGAN 1","","","D. Pengadaan Listrik, Gas, Uap/Air Panas, dan Udara Dingin","SBR"],
    ["59261","87 STUDIO","KOMPLEK CBD BLOK A JALAN PADANG GOLF","prelist","MEDAN POLONIA","SUKA DAMAI","LINGKUNGAN 5","","","N. Jasa Persewaan, Ketenagakerjaan, Agen Perjalanan, dan Jasa Pendukung","SBR"],
    ["59312","GROHE SALE","KOPLEK CBD POLONIA BLOK F NO 67/68","prelist","MEDAN POLONIA","SUKA DAMAI","LINGKUNGAN 5","","","G. Perdagangan Besar dan Eceran, Reparasi Mobil dan Sepeda Motor","SBR"],
    ["59313","PAUD GRAHADIKA","JALAN PERJUANGAN 2 GANG MALUKU","prelist","MEDAN POLONIA","SARI REJO","LINGKUNGAN 4","","","P. Pendidikan","SBR"],
    ["59339","TK HARAPAN (ANA)","JALAN MAWAR","prelist","MEDAN POLONIA","SARI REJO","LINGKUNGAN 4","","","P. Pendidikan","SBR"],
    ["59406","KIOS SEMBAKO(ALING)","JALAN MUARA TAKUS NO 61","prelist","MEDAN POLONIA","MADRAS HULU","LINGKUNGAN 4","","","G. Perdagangan Besar dan Eceran, Reparasi Mobil dan Sepeda Motor","SBR"],
    ["59423","KIOS SAYUR < DEWI>","JALAN MUARA TAKUS","prelist","MEDAN POLONIA","MADRAS HULU","LINGKUNGAN 4","","","G. Perdagangan Besar dan Eceran, Reparasi Mobil dan Sepeda Motor","SBR"],
    ["59424","BALQI KERIPIK (HAMIDAH)","JALAN C I K DITIRD NO 2 3","prelist","MEDAN POLONIA","MADRAS HULU","LINGKUNGAN 3","","","I. Penyediaan Akomodasi dan Makan Minum","SBR"],
    ["59428","KIOS IKAN (NY SIAHAAN)","JALAN MUARA TAKUS","prelist","MEDAN POLONIA","MADRAS HULU","LINGKUNGAN 4","","","G. Perdagangan Besar dan Eceran, Reparasi Mobil dan Sepeda Motor","SBR"],
    ["59429","ECERAN ES BATU (HENG SIO NGO)","JALAN MUARA TAKUS","prelist","MEDAN POLONIA","MADRAS HULU","LINGKUNGAN 4","","","G. Perdagangan Besar dan Eceran, Reparasi Mobil dan Sepeda Motor","SBR"],
    ["59437","TOKO JOGINDER SINGH","JALAN CIKDITIRO NO 08","prelist","MEDAN POLONIA","MADRAS HULU","LINGKUNGAN 6","","","G. Perdagangan Besar dan Eceran, Reparasi Mobil dan Sepeda Motor","SBR"],
    ["59443","BENGKEL MOBIL SIDABALOK","JLN POLONIA NO 137","prelist","MEDAN POLONIA","SUKA DAMAI","LINGKUNGAN 6","","","G. Perdagangan Besar dan Eceran, Reparasi Mobil dan Sepeda Motor","SBR"],
    ["59444","SEKOLAH AL- HIDAYAH","JALAN LANGGAR","prelist","MEDAN POLONIA","SARI REJO","LINGKUNGAN 3","","","P. Pendidikan","SBR"],
    ["59446","BIDAN MERRY","JALAN STARBAN GANG MESJID","prelist","MEDAN POLONIA","POLONIA","LINGKUNGAN 9","","","Q. Jasa Kesehatan dan Kegiatan Sosial","SBR"],
    ["59447","UD BANGUN JAYA (AMAT)","JALAN BILAL NO 10A","prelist","MEDAN POLONIA","SARI REJO","LINGKUNGAN 1","","","G. Perdagangan Besar dan Eceran, Reparasi Mobil dan Sepeda Motor","SBR"],
    ["59468","PRAKTEK BIDAN ANDRIANI","JL CINTA KARYA NO 20","prelist","MEDAN POLONIA","SARI REJO","LINGKUNGAN 7","","","Q. Jasa Kesehatan dan Kegiatan Sosial","SBR"],
    ["59518","CHICKEN HOLIC","LANTAI 4 SUN PLAZA","prelist","MEDAN POLONIA","MADRAS HULU","LINGKUNGAN 9","","","I. Penyediaan Akomodasi dan Makan Minum","SBR"],
    ["59519","KOK TONG","LT 4 NO 9-11 SUN PLAZA","prelist","MEDAN POLONIA","MADRAS HULU","LINGKUNGAN 9","","","I. Penyediaan Akomodasi dan Makan Minum","SBR"],
    ["59521","BABY HOUSE","SUN PLAZA LT 1B 39","prelist","MEDAN POLONIA","MADRAS HULU","LINGKUNGAN 9","","","G. Perdagangan Besar dan Eceran, Reparasi Mobil dan Sepeda Motor","SBR"],
    ["59522","DAILY FRESH (EDISON)","JALANMONGONSIDI HERMES PLACE POLONIA","prelist","MEDAN POLONIA","POLONIA","LINGKUNGAN 1","","","I. Penyediaan Akomodasi dan Makan Minum","SBR"],
    ["59523","KOPKAR HIMPANA GAS","JALAN BILAL","prelist","MEDAN POLONIA","SARI REJO","LINGKUNGAN 4","","","G. Perdagangan Besar dan Eceran, Reparasi Mobil dan Sepeda Motor","SBR"],
    ["59547","USAHA PENYEWAAN KAMAR (MUHAMADIYAH)","JALAN TEUKU CIKDITIRO BELAKANG","prelist","MEDAN POLONIA","MADRAS HULU","LINGKUNGAN 7","","","I. Penyediaan Akomodasi dan Makan Minum","SBR"],
    ["59548","RUMAH MAKAN (HASAN)","JALAN CIK DITIRO","prelist","MEDAN POLONIA","MADRAS HULU","LINGKUNGAN 7","","","I. Penyediaan Akomodasi dan Makan Minum","SBR"],
    ["59549","APOTIK V BINTANG","JALAN KH ZAINUL ARIFIN","prelist","MEDAN POLONIA","MADRAS HULU","LINGKUNGAN 1","","","G. Perdagangan Besar dan Eceran, Reparasi Mobil dan Sepeda Motor","SBR"],
    ["59575","PABRIK TAHU FADIL","JALAN CINTA KARYA","prelist","MEDAN POLONIA","SARI REJO","LINGKUNGAN 1","","","C. Industri Pengolahan","SBR"],
    ["59578","TAYISO","LT 3A 20 SUN PLAZA","prelist","MEDAN POLONIA","MADRAS HULU","LINGKUNGAN 9","","","G. Perdagangan Besar dan Eceran, Reparasi Mobil dan Sepeda Motor","SBR"],
    ["59579","FIPPER","SUN PLAZA LT3","prelist","MEDAN POLONIA","MADRAS HULU","LINGKUNGAN 9","","","G. Perdagangan Besar dan Eceran, Reparasi Mobil dan Sepeda Motor","SBR"],
    ["59585","MYER","SUN PLAZA LT 2A NO 28","prelist","MEDAN POLONIA","MADRAS HULU","LINGKUNGAN 9","","","G. Perdagangan Besar dan Eceran, Reparasi Mobil dan Sepeda Motor","SBR"],
    ["59586","SCARFETARIA","SUN PLAZA LT 2 NO 20A","prelist","MEDAN POLONIA","MADRAS HULU","LINGKUNGAN 9","","","G. Perdagangan Besar dan Eceran, Reparasi Mobil dan Sepeda Motor","SBR"],
    ["59588","LADIES ONLY","SUN PLAZA LT 2 NO 33","prelist","MEDAN POLONIA","MADRAS HULU","LINGKUNGAN 9","","","G. Perdagangan Besar dan Eceran, Reparasi Mobil dan Sepeda Motor","SBR"],
    ["59590","SUMMER","LANTAI 4 NO 25 C SUN PLAZA","prelist","MEDAN POLONIA","MADRAS HULU","LINGKUNGAN 9","","","G. Perdagangan Besar dan Eceran, Reparasi Mobil dan Sepeda Motor","SBR"],
    ["59592","PENJUAL BUMBU (AIMA)","JALAN MUARA TAKUS NO 52","prelist","MEDAN POLONIA","MADRAS HULU","LINGKUNGAN 4","","","C. Industri Pengolahan","SBR"],
    ["59593","ECERAN ES BATU (FAUZIAH)","JALAN MUARA TAKUS NOL 91","prelist","MEDAN POLONIA","MADRAS HULU","LINGKUNGAN 4","","","G. Perdagangan Besar dan Eceran, Reparasi Mobil dan Sepeda Motor","SBR"],
    ["59594","HOUSE OF TEPANYAKI","LANTA 1 3 SUM PLAZA","prelist","MEDAN POLONIA","MADRAS HULU","LINGKUNGAN 9","","","I. Penyediaan Akomodasi dan Makan Minum","SBR"],
    ["59606","FASHION CLOSET","LT 4 SUN PLAZA","prelist","MEDAN POLONIA","MADRAS HULU","LINGKUNGAN 9","","","G. Perdagangan Besar dan Eceran, Reparasi Mobil dan Sepeda Motor","SBR"],
    ["59613","MINERAL WATER AQUA","JALAN MUARA TAKUS 18","prelist","MEDAN POLONIA","MADRAS HULU","LINGKUNGAN 4","","","I. Penyediaan Akomodasi dan Makan Minum","SBR"],
    ["59616","WARUNG INTERNET (RASDIANTO)","JALAN TERATAI NO.21","prelist","MEDAN POLONIA","SARI REJO","LINGKUNGAN 5","","","J. Informasi dan Komunikasi","SBR"],
    ["59619","LOUNDRY","JALAN TERATAI NO.17","prelist","MEDAN POLONIA","SARI REJO","LINGKUNGAN 9","","","S. Aktivitas Jasa Lainnya","SBR"],
    ["59623","PENYEWAAN KAMAR KOS (NURKENTI)","JALAN MUARA TAKUS NO 141","prelist","MEDAN POLONIA","MADRAS HULU","LINGKUNGAN 4","","","I. Penyediaan Akomodasi dan Makan Minum","SBR"],
    ["59626","KIOS BAJU (LELI)","JALAN MUARA TAKUS NO 44","prelist","MEDAN POLONIA","MADRAS HULU","LINGKUNGAN 4","","","G. Perdagangan Besar dan Eceran, Reparasi Mobil dan Sepeda Motor","SBR"],
    ["59640","KLINIK BPJS","JL POLONIA KOMPLEKS FLAMINGO","prelist","MEDAN POLONIA","SUKA DAMAI","LINGKUNGAN 5","","","Q. Jasa Kesehatan dan Kegiatan Sosial","SBR"],
    ["59646","SNACK SHOP","LT 4 SUN PLAZA","prelist","MEDAN POLONIA","MADRAS HULU","LINGKUNGAN 9","","","G. Perdagangan Besar dan Eceran, Reparasi Mobil dan Sepeda Motor","SBR"],
    ["59666","WARUNG NASI (AYU)","JALAN ADISUCIPTO LINGKUNGAN 6","prelist","MEDAN POLONIA","SARI REJO","LINGKUNGAN 6","","","I. Penyediaan Akomodasi dan Makan Minum","SBR"],
    ["59715","JASA ANTAR JEMPUT","JLN PEKONG NO 33","prelist","MEDAN POLONIA","POLONIA","LINGKUNGAN 6","","","H. Transportasi dan Pergudangan","SBR"],
    ["59723","WARUNG INTERNET (RAJU)","JALAN CIKDITIRO 11","prelist","MEDAN POLONIA","MADRAS HULU","LINGKUNGAN 3","","","J. Informasi dan Komunikasi","SBR"],
    ["59724","ECERAN BUNGA RAMPA(SAMETI)","JALAN MUARA TAKUS","prelist","MEDAN POLONIA","MADRAS HULU","LINGKUNGAN 4","","","G. Perdagangan Besar dan Eceran, Reparasi Mobil dan Sepeda Motor","SBR"],
    ["59857","WARUNG THE HO TEH TIA M","JALAN MONGONSIDI NO 3 2","prelist","MEDAN POLONIA","POLONIA","LINGKUNGAN 1","","","I. Penyediaan Akomodasi dan Makan Minum","SBR"],
    ["59871","TK TERATAI KIDS","JALAN TERATAI","prelist","MEDAN POLONIA","SARI REJO","LINGKUNGAN 5","","","P. Pendidikan","SBR"],
    ["59880","SEKOLAH MENENGAH KEJURUAN NEGERI 10 MEDAN","JALAN T CIK DITIRO","prelist","MEDAN POLONIA","MADRAS HULU","LINGKUNGAN 7","","","P. Pendidikan","SBR"],
    ["59882","BATIK TRUSMI","JALAN DIPONEGORO NO 21 A MEDAN","prelist","MEDAN POLONIA","MADRAS HULU","LINGKUNGAN 9","","","G. Perdagangan Besar dan Eceran, Reparasi Mobil dan Sepeda Motor","SBR"],
    ["59885","KIM","SUN PLAZA LT 2 NO 6 JALAN ZAINUL ARIFIN","prelist","MEDAN POLONIA","MADRAS HULU","LINGKUNGAN 9","","","G. Perdagangan Besar dan Eceran, Reparasi Mobil dan Sepeda Motor","SBR"],
    ["59896","APOTIK (NETTI)","JLN KARYA BAKTI","prelist","MEDAN POLONIA","SARI REJO","LINGKUNGAN 1","","","G. Perdagangan Besar dan Eceran, Reparasi Mobil dan Sepeda Motor","SBR"],
    ["59905","KOSMETIK (REZEKI )","JLN BALAI DESA","prelist","MEDAN POLONIA","POLONIA","LINGKUNGAN 8","","","G. Perdagangan Besar dan Eceran, Reparasi Mobil dan Sepeda Motor","SBR"],
    ["59908","JUAL PAKAIAN (ONLINE)","JALAN ANTARIKSA NO 33A","prelist","MEDAN POLONIA","SARI REJO","LINGKUNGAN 9","","","G. Perdagangan Besar dan Eceran, Reparasi Mobil dan Sepeda Motor","SBR"],
    ["59909","DOREMI","LANTAL 3 B12 SUN PLAZ A","prelist","MEDAN POLONIA","MADRAS HULU","LINGKUNGAN 9","","","G. Perdagangan Besar dan Eceran, Reparasi Mobil dan Sepeda Motor","SBR"],
    ["59911","MARKETING OFFICE","KOMPLEK CITY VIEW BLOK A NO-1","prelist","MEDAN POLONIA","SUKA DAMAI","LINGKUNGAN 3","","","L. Real Estat","SBR"],
    ["59916","KEDAI SAMPAH (KRISNA)","JALAN MUARA TAKUS NO 45","prelist","MEDAN POLONIA","MADRAS HULU","LINGKUNGAN 4","","","G. Perdagangan Besar dan Eceran, Reparasi Mobil dan Sepeda Motor","SBR"],
    ["59917","KAMAR KOS (ACAI)","JALAN MUARA TAKUS NO 165-67","prelist","MEDAN POLONIA","MADRAS HULU","LINGKUNGAN 4","","","I. Penyediaan Akomodasi dan Makan Minum","SBR"],
    ["59921","KEDAI JAJANAN (SEMBIRING)","JALAN CINTA KARYA","prelist","MEDAN POLONIA","SARI REJO","LINGKUNGAN 1","","","G. Perdagangan Besar dan Eceran, Reparasi Mobil dan Sepeda Motor","SBR"],
    ["60023","WATIN BATIK","JL HZ ARIFIN NO 152","prelist","MEDAN POLONIA","MADRAS HULU","LINGKUNGAN 1","","","G. Perdagangan Besar dan Eceran, Reparasi Mobil dan Sepeda Motor","SBR"],
    ["60049","USAHA PENJUALAN REMPAH-REMPAH DAN BUMBU DAPUR","JALAN TEUKU CIKDITIRO NO 58","prelist","MEDAN POLONIA","MADRAS HULU","LINGKUNGAN 7","","","G. Perdagangan Besar dan Eceran, Reparasi Mobil dan Sepeda Motor","SBR"],
    ["60050","PENYEWAAN KAMAR (ELINA)","JALAN KH WAINUL ARIFIN","prelist","MEDAN POLONIA","MADRAS HULU","LINGKUNGAN 1","","","I. Penyediaan Akomodasi dan Makan Minum","SBR"],
    ["60052","TAIPEI XPRESS","JALAN KH ZAINUL ARIFIN","prelist","MEDAN POLONIA","MADRAS HULU","LINGKUNGAN 1","","","I. Penyediaan Akomodasi dan Makan Minum","SBR"],
    ["60053","SALON NEX FOR MEN","JALAN KH ZAINUL ARIFIN","prelist","MEDAN POLONIA","MADRAS HULU","LINGKUNGAN 1","","","S. Aktivitas Jasa Lainnya","SBR"],
    ["60054","PRAKTEK DR OKTO M GUL TOM","JALAN JENGGALA","prelist","MEDAN POLONIA","MADRAS HULU","LINGKUNGAN 1","","","Q. Jasa Kesehatan dan Kegiatan Sosial","SBR"],
    ["60055","PRAKTEK DOKTER ABDUL RASYID","JALAN JENGGALA","prelist","MEDAN POLONIA","MADRAS HULU","LINGKUNGAN 1","","","Q. Jasa Kesehatan dan Kegiatan Sosial","SBR"],
    ["60181","PANTI PIJAT PRIMA JAYA","KEDIRI NO 65","prelist","MEDAN POLONIA","MADRAS HULU","LINGKUNGAN 3","","","S. Aktivitas Jasa Lainnya","SBR"],
    ["60182","RM CAHAYA BULAN","JENGGALA NO 32","prelist","MEDAN POLONIA","MADRAS HULU","LINGKUNGAN 1","","","I. Penyediaan Akomodasi dan Makan Minum","SBR"],
    ["60183","BAR HOLYWING","A RIFAI NO 4","prelist","MEDAN POLONIA","MADRAS HULU","LINGKUNGAN 7","","","R. Kesenian, Hiburan, dan Rekreasi","SBR"],
    ["60184","LIVE MUSIC HOLYWINGS","A RIFAI NO 4","prelist","MEDAN POLONIA","MADRAS HULU","LINGKUNGAN 7","","","R. Kesenian, Hiburan, dan Rekreasi","SBR"],
    ["60207","RM MANTRA MANADO","S PARMAN NO 1","prelist","MEDAN POLONIA","MADRAS HULU","LINGKUNGAN 9","","","I. Penyediaan Akomodasi dan Makan Minum","SBR"],
    ["60253","RESTO HOLYWINGS","A RIFAI NO 4","prelist","MEDAN POLONIA","MADRAS HULU","LINGKUNGAN 7","","","I. Penyediaan Akomodasi dan Makan Minum","SBR"],
    ["60264","HOTEL PARDEDE INTERNASIONAL","JL. IR. H. JUANDA NO. 14 A","prelist","MEDAN POLONIA","SUKA DAMAI","LINGKUNGAN 5","","","I. Penyediaan Akomodasi dan Makan Minum","SBR"],
    ["60339","MULTI TERANG METALINDO, PT","JL.KARYA SEJATI NO.362/II","prelist","MEDAN POLONIA","POLONIA","LINGKUNGAN 5","","","C. Industri Pengolahan","SBR"],
    ["60342","BUANA , UD","JL. TERNAK I NO. 34-36","prelist","MEDAN POLONIA","POLONIA","LINGKUNGAN 6","","","C. Industri Pengolahan","SBR"],
    ["60445","TRENERGY BIOMASSE INDONESIA","IR H JUANDA BARU II KOMP VILLA POLONIA","prelist","MEDAN POLONIA","SUKA DAMAI","LINGKUNGAN 5","","","G. Perdagangan Besar dan Eceran, Reparasi Mobil dan Sepeda Motor","SBR"],
    ["60502","CENTRAL BUSINESS DISTRICT POLONIA","KOMPLEK CBD POLONIA KAVLING VIII, SUKA DAMAI","prelist","MEDAN POLONIA","SUKA DAMAI","LINGKUNGAN 5","","","F. Konstruksi","SBR"],
    ["60543","MEDAN JUANG BERSATU","JALAN DR. CIPTO","prelist","MEDAN POLONIA","ANGGRUNG","LINGKUNGAN 4","","","P. Pendidikan","SBR"],
    ["60564","ANUGERAH VIN INDONESIA","JL. PADANG GOLF KOMPLEK CBD","prelist","MEDAN POLONIA","SUKA DAMAI","LINGKUNGAN 5","","","G. Perdagangan Besar dan Eceran, Reparasi Mobil dan Sepeda Motor","SBR"],
    ["60575","PRIMA ABADI PERKASA","JL PEKONG I","prelist","MEDAN POLONIA","POLONIA","LINGKUNGAN 7","","","G. Perdagangan Besar dan Eceran, Reparasi Mobil dan Sepeda Motor","SBR"],
    ["60598","RIZQI TUNGGAL PRATAMA","JL CIK DITIRO","prelist","MEDAN POLONIA","MADRAS HULU","LINGKUNGAN 7","","","G. Perdagangan Besar dan Eceran, Reparasi Mobil dan Sepeda Motor","SBR"],
    ["60616","SEWANGI PRIMA INDAH","JL IR H JUANDA","prelist","MEDAN POLONIA","SUKA DAMAI","LINGKUNGAN 5","","","N. Jasa Persewaan, Ketenagakerjaan, Agen Perjalanan, dan Jasa Pendukung","SBR"],
    ["60678","MESTIKA BOGASARI","TAMAN POLONIA I","prelist","MEDAN POLONIA","SUKA DAMAI","LINGKUNGAN 4","","","G. Perdagangan Besar dan Eceran, Reparasi Mobil dan Sepeda Motor","SBR"],
    ["60686","PERGURUAN AL-HIDAYAH","JL.STARBAN GG.SAHABAT LK.VII NO.179, ANGGRUNG","prelist","MEDAN POLONIA","POLONIA","LINGKUNGAN 13","","","P. Pendidikan","SBR"],
    ["60690","SUMBER TUNAS ABADI","JL.P.DIPONEGORO NO.51, MADRAS HULU","prelist","MEDAN POLONIA","MADRAS HULU","LINGKUNGAN 8","","","Q. Jasa Kesehatan dan Kegiatan Sosial","SBR"],
    ["60724","DASH MODE MAKMUR","JL H ZAINUL ARIFIN SUN PLAZA LT I-B-27","prelist","MEDAN POLONIA","MADRAS HULU","LINGKUNGAN 9","","","G. Perdagangan Besar dan Eceran, Reparasi Mobil dan Sepeda Motor","SBR"],
    ["60785","PARISH ADI CAKRA UTAMA","IDI NO. 11","prelist","MEDAN POLONIA","SARI REJO","LINGKUNGAN 6","","","F. Konstruksi","SBR"],
    ["60800","INFINITI INTERNATIONAL LOGISTIC","KOMPLEK CBD POLONIA JL PADANG GOLF","prelist","MEDAN POLONIA","SUKA DAMAI","LINGKUNGAN 5","","","H. Transportasi dan Pergudangan","SBR"],
    ["60819","GEMBIRA CITY MONEY GHANGER","JL H Z ARIFIN NO 161, MADRAS HULU","prelist","MEDAN POLONIA","MADRAS HULU","LINGKUNGAN 6","","","K. Aktivitas Keuangan Dan Asuransi","SBR"],
    ["60889","ANUGERAH SAWINDO","JL A RIVAI","prelist","MEDAN POLONIA","MADRAS HULU","LINGKUNGAN 8","","","L. Real Estat","SBR"],
    ["60890","AGIABUDI TEGUSATYA","JL DC MAHAKAM PADANG GOLF","prelist","MEDAN POLONIA","SUKA DAMAI","LINGKUNGAN 3","","","G. Perdagangan Besar dan Eceran, Reparasi Mobil dan Sepeda Motor","SBR"],
    ["61027","METHODIST INDONESIA KONTA PENGEMBANGAN","KOMPLEK CBD","prelist","MEDAN POLONIA","SUKA DAMAI","LINGKUNGAN 5","","","S. Aktivitas Jasa Lainnya","SBR"],
    ["61064","PRIMA BERKAT TANI","KOMPLEK CBD POLONIA JL PADANG GOLF","prelist","MEDAN POLONIA","SUKA DAMAI","LINGKUNGAN 5","","","G. Perdagangan Besar dan Eceran, Reparasi Mobil dan Sepeda Motor","SBR"],
    ["61105","ARTHA KURNIA","JL PENDIDIKAN GG TAUFIQ","prelist","MEDAN POLONIA","POLONIA","LINGKUNGAN 2","","","G. Perdagangan Besar dan Eceran, Reparasi Mobil dan Sepeda Motor","SBR"],
    ["61106","ALNORIS JAYA","JL CIK DITIRO","prelist","MEDAN POLONIA","MADRAS HULU","LINGKUNGAN 7","","","G. Perdagangan Besar dan Eceran, Reparasi Mobil dan Sepeda Motor","SBR"],
    ["61199","NARAYA","JL KEDIRI","prelist","MEDAN POLONIA","MADRAS HULU","LINGKUNGAN 3","","","G. Perdagangan Besar dan Eceran, Reparasi Mobil dan Sepeda Motor","SBR"],
    ["61334","HAGIA RAGA","JL. T CIK DITIRO","prelist","MEDAN POLONIA","MADRAS HULU","LINGKUNGAN 6","","","G. Perdagangan Besar dan Eceran, Reparasi Mobil dan Sepeda Motor","SBR"],
    ["61354","ANUGERAH HASEA JAYA","KOMPLEK CBD POLONIA JL PADANG GOLF","prelist","MEDAN POLONIA","SUKA DAMAI","LINGKUNGAN 5","","","G. Perdagangan Besar dan Eceran, Reparasi Mobil dan Sepeda Motor","SBR"],
    ["61560","BANGUN INDO MITRA ABADI","KOMPLEK RIVER VIEW JL ADI SUCIPTO","prelist","MEDAN POLONIA","SUKA DAMAI","LINGKUNGAN 5","","","G. Perdagangan Besar dan Eceran, Reparasi Mobil dan Sepeda Motor","SBR"],
    ["61611","METRO","JL CUT MEUTIA NO 6, MADRAS HULU","prelist","MEDAN POLONIA","MADRAS HULU","LINGKUNGAN 9","","","G. Perdagangan Besar dan Eceran, Reparasi Mobil dan Sepeda Motor","SBR"],
    ["61660","ANDALAN BARA INDO","JL IR H JUANDA","prelist","MEDAN POLONIA","SUKA DAMAI","LINGKUNGAN 5","","","G. Perdagangan Besar dan Eceran, Reparasi Mobil dan Sepeda Motor","SBR"],
    ["61674","ADISA LESTARI","JL BILAL","prelist","MEDAN POLONIA","SARI REJO","LINGKUNGAN 1","","","H. Transportasi dan Pergudangan","SBR"],
    ["61681","SIGMA GLOBAL PERKASA","JL MAWAR GANG SEJAHTERA","prelist","MEDAN POLONIA","SARI REJO","LINGKUNGAN 4","","","G. Perdagangan Besar dan Eceran, Reparasi Mobil dan Sepeda Motor","SBR"],
    ["61708","HIKANAWA","JL DUTA ALAM MALIBU","prelist","MEDAN POLONIA","SUKA DAMAI","LINGKUNGAN 3","","","G. Perdagangan Besar dan Eceran, Reparasi Mobil dan Sepeda Motor","SBR"],
    ["61713","LEMBAGA KERUKUNAN FORUM MASYARAKAT INDIA INDONESIA (LK-FORMASII)","JL KARYA SEJATI","prelist","MEDAN POLONIA","POLONIA","LINGKUNGAN 5","","","S. Aktivitas Jasa Lainnya","SBR"],
    ["61742","DWI BAHAGIA ABADI","JALAN TEUKU DAUD NOMOR 6 A","prelist","MEDAN POLONIA","MADRAS HULU","LINGKUNGAN 9","","","I. Penyediaan Akomodasi dan Makan Minum","SBR"],
    ["61754","EXCELERATE ENERGY LLC","KOMPLEK CBD POLONIA JALAN PADANG GOLF NO.69","prelist","MEDAN POLONIA","SARI REJO","LINGKUNGAN 6","","","D. Pengadaan Listrik, Gas, Uap/Air Panas, dan Udara Dingin","SBR"],
    ["61841","ARGO FARMINDO SOLUTION","JL. PADANG GOLF KOMPLEK CBD POLONIA BLOK D NO. 99","prelist","MEDAN POLONIA","SUKA DAMAI","LINGKUNGAN 3","","","N. Jasa Persewaan, Ketenagakerjaan, Agen Perjalanan, dan Jasa Pendukung","SBR"],
    ["61854","BANK PEMBANGUNAN DAERAH SUMATERA UTARA","JLN IMAM BONJOL NO 18","prelist","MEDAN POLONIA","MADRAS HULU","LINGKUNGAN 9","","","K. Aktivitas Keuangan Dan Asuransi","SBR"],
    ["61878","EFRATA RETAILINDO","JL KH ZAINUL ARIFIN LEVEL 2 SUN PLAZA MEDAN","prelist","MEDAN POLONIA","MADRAS HULU","LINGKUNGAN 7","","","C. Industri Pengolahan","SBR"],
    ["61920","RIA SANTI","JL. POLONIA KOMPLEK FLAMINGO","prelist","MEDAN POLONIA","SUKA DAMAI","LINGKUNGAN 6","","","A. Pertanian, Kehutanan, dan Perikanan","SBR"],
    ["61940","SINAR ABADI MULIA LESTARI","JL. URIP","prelist","MEDAN POLONIA","ANGGRUNG","LINGKUNGAN 4","","","G. Perdagangan Besar dan Eceran, Reparasi Mobil dan Sepeda Motor","SBR"],
    ["61941","GARDAPATI SARANA INDONESIA","KOMPLEK CBD POLONIA JL PADANG GOLF","prelist","MEDAN POLONIA","SUKA DAMAI","LINGKUNGAN 5","","","G. Perdagangan Besar dan Eceran, Reparasi Mobil dan Sepeda Motor","SBR"],
    ["61978","SUKSES BERKAT SAUDARA","JL TEUKU CIK DITIRO","prelist","MEDAN POLONIA","MADRAS HULU","LINGKUNGAN 7","","","G. Perdagangan Besar dan Eceran, Reparasi Mobil dan Sepeda Motor","SBR"],
    ["61997","SUMBER JAYA INDAHNUSA COY","JL IR H JUANDA NO 36","prelist","MEDAN POLONIA","SUKA DAMAI","LINGKUNGAN 4","","","C. Industri Pengolahan","SBR"],
    ["62024","PT DYAN KARYA NUSANTARA","JALAN ABADI, PERUMAHAN ABADI CLUSTER","prelist","MEDAN POLONIA","SUKA DAMAI","LINGKUNGAN 5","","","G. Perdagangan Besar dan Eceran, Reparasi Mobil dan Sepeda Motor","SBR"],
    ["62058","ABID PUTRA SUMATRA","JL. CEMPAKA GANG HAJI BURHANUDDIN LK. IV","prelist","MEDAN POLONIA","SARI REJO","LINGKUNGAN 4","","","F. Konstruksi","SBR"],
    ["62135","AL LATIF KREATIF PRODUCTION","ANTARIKSA GG MASJID","prelist","MEDAN POLONIA","SARI REJO","LINGKUNGAN 4","","","C. Industri Pengolahan","SBR"],
    ["62165","TRIMAHESA SEJATI","JL TAMAN POLONIA IV NO. 29, SUKA DAMAI","prelist","MEDAN POLONIA","SUKA DAMAI","LINGKUNGAN 4","","","G. Perdagangan Besar dan Eceran, Reparasi Mobil dan Sepeda Motor","SBR"],
    ["62202","SANTO BONAVENTURA TAMIL KHATOLIK MEDAN INDONESIA","JL. KARYA SEHATI GG. PIANO","prelist","MEDAN POLONIA","POLONIA","LINGKUNGAN 4","","","S. Aktivitas Jasa Lainnya","SBR"],
    ["62234","SEWANGI CORPORATAMA","JL IR. H. JUANDA","prelist","MEDAN POLONIA","SUKA DAMAI","LINGKUNGAN 5","","","K. Aktivitas Keuangan Dan Asuransi","SBR"],
    ["62323","LINTAS BENUA","KOMP CBD POLONIA","prelist","MEDAN POLONIA","SUKA DAMAI","LINGKUNGAN 5","","","G. Perdagangan Besar dan Eceran, Reparasi Mobil dan Sepeda Motor","SBR"],
    ["62435","PANITIA PEMBANGUNAN RUMAH SAKIT HAJI MEDAN","JL.PANGERAN DIPONEGORO NO.30, BABURA","prelist","MEDAN POLONIA","MADRAS HULU","LINGKUNGAN 9","","","Q. Jasa Kesehatan dan Kegiatan Sosial","SBR"],
    ["62449","MIRZA KARYA SEJATI","JL SMAN II LK IV","prelist","MEDAN POLONIA","POLONIA","LINGKUNGAN 5","","","G. Perdagangan Besar dan Eceran, Reparasi Mobil dan Sepeda Motor","SBR"],
    ["62511","LEMB.KURSUS DAN PELATIHAN CELLPOWER INDONESIA","JL.ADI SUCIPTO NO.5-6, SARI REJO","prelist","MEDAN POLONIA","SUKA DAMAI","LINGKUNGAN 3","","","P. Pendidikan","SBR"],
    ["62525","BINTANG BERDIKARI MAKMUR","KOMPLEK CBD POLONIA JL PADANG GOLF","prelist","MEDAN POLONIA","SUKA DAMAI","LINGKUNGAN 5","","","G. Perdagangan Besar dan Eceran, Reparasi Mobil dan Sepeda Motor","SBR"],
    ["62670","SUMBER AGRI ANDALAN","JL PANGERAN DIPONEGORO","prelist","MEDAN POLONIA","MADRAS HULU","LINGKUNGAN 7","","","G. Perdagangan Besar dan Eceran, Reparasi Mobil dan Sepeda Motor","SBR"],
    ["62709","TONI TRANS","JL.BILAL NO.36 LK.I","prelist","MEDAN POLONIA","SARI REJO","LINGKUNGAN 3","","","H. Transportasi dan Pergudangan","SBR"],
    ["62725","BONGKAR SEJATI","JL.MONGINSIDI II NO.26 RT. 00 RW. 00","prelist","MEDAN POLONIA","POLONIA","LINGKUNGAN 1","","","G. Perdagangan Besar dan Eceran, Reparasi Mobil dan Sepeda Motor","SBR"],
    ["62738","PANCA OLIVE PRATAMA","JL KARYA SEJATI","prelist","MEDAN POLONIA","POLONIA","LINGKUNGAN 5","","","G. Perdagangan Besar dan Eceran, Reparasi Mobil dan Sepeda Motor","SBR"],
    ["62740","FARYASMINDO","KOMPLEK RIVER VIEW","prelist","MEDAN POLONIA","SUKA DAMAI","LINGKUNGAN 3","","","G. Perdagangan Besar dan Eceran, Reparasi Mobil dan Sepeda Motor","SBR"],
    ["62862","DAYA TAHES GEMILANG","JL. SUTOMO UJUNG KOMPLEK SUTOMO BUSINESS CENTRE NO.38-E","prelist","MEDAN POLONIA","SUKA DAMAI","LINGKUNGAN 5","","","Q. Jasa Kesehatan dan Kegiatan Sosial","SBR"],
    ["62863","ADIDAYA GROUP","KOMP. CBD POLONIA BLOK A-68","prelist","MEDAN POLONIA","SUKA DAMAI","LINGKUNGAN 5","","","G. Perdagangan Besar dan Eceran, Reparasi Mobil dan Sepeda Motor","SBR"],
    ["62925","CAMELUX MEDAN INDONESIA","JL TERNAK I","prelist","MEDAN POLONIA","POLONIA","LINGKUNGAN 7","","","G. Perdagangan Besar dan Eceran, Reparasi Mobil dan Sepeda Motor","SBR"],
    ["62990","BERKAT DOA KITA","JL DR CIPTO","prelist","MEDAN POLONIA","ANGGRUNG","LINGKUNGAN 4","","","G. Perdagangan Besar dan Eceran, Reparasi Mobil dan Sepeda Motor","SBR"],
    ["63045","AL FATTAH YBM BRI KANWIL MEDAN","JL MONGONSIDI BARU I","prelist","MEDAN POLONIA","ANGGRUNG","LINGKUNGAN 7","","","P. Pendidikan","SBR"],
    ["63090","SAMUDRA BARU ENERGI","JL MUARA TAKUS","prelist","MEDAN POLONIA","MADRAS HULU","LINGKUNGAN 4","","","G. Perdagangan Besar dan Eceran, Reparasi Mobil dan Sepeda Motor","SBR"],
    ["63091","MULTI DJASA SARANA","JL.PADANG GOLF KOMPLEK CBD POLONIA","prelist","MEDAN POLONIA","SUKA DAMAI","LINGKUNGAN 5","","","G. Perdagangan Besar dan Eceran, Reparasi Mobil dan Sepeda Motor","SBR"],
    ["63171","FAJAR CEMPAKA","JL CEMPAKA","prelist","MEDAN POLONIA","SARI REJO","LINGKUNGAN 3","","","Q. Jasa Kesehatan dan Kegiatan Sosial","SBR"],
    ["63173","UMMI SALAMAH LUBIS","JALAN CINTA KARYA","prelist","MEDAN POLONIA","SARI REJO","LINGKUNGAN 1","","","A. Pertanian, Kehutanan, dan Perikanan","SBR"],
    ["63250","MERITA ROSDIANA SIAHAAN","JL. P BANTING I-REL NO 5","prelist","MEDAN POLONIA","SARI REJO","LINGKUNGAN 4","","","A. Pertanian, Kehutanan, dan Perikanan","SBR"],
    ["63285","MEDIA SUMUTKU INDONESIA","JL PADANG GOLF KOMPLEK CBD POLONIA","prelist","MEDAN POLONIA","SUKA DAMAI","LINGKUNGAN 5","","","J. Informasi dan Komunikasi","SBR"],
    ["63286","SAUDARA UTAMA MAJU MAKMUR ABADI","JL ADISUCIPTO KOMPLEK POLONIA RIVERVIEW","prelist","MEDAN POLONIA","SUKA DAMAI","LINGKUNGAN 5","","","C. Industri Pengolahan","SBR"],
    ["63357","PUTRA MIGAS NASIONAL","KOMPLEK TAMAN POLONIA JL ADI SUCIPTO","prelist","MEDAN POLONIA","SUKA DAMAI","LINGKUNGAN 3","","","G. Perdagangan Besar dan Eceran, Reparasi Mobil dan Sepeda Motor","SBR"],
    ["63477","TERATAI SWARA PADMA","JL. TERATAI NO. 7 C, HAMDAN","prelist","MEDAN POLONIA","SARI REJO","LINGKUNGAN 9","","","J. Informasi dan Komunikasi","SBR"],
    ["63503","KEHIDUPAN GAYA DUSN","JL. PENDIDIKAN GG. B NO. 3","prelist","MEDAN POLONIA","POLONIA","LINGKUNGAN 2","","","N. Jasa Persewaan, Ketenagakerjaan, Agen Perjalanan, dan Jasa Pendukung","SBR"],
    ["63505","MITRA SELARAS SEMPURNA","GEDUNG SOGO SUN PLAZA LT.1 JL KH. ZAINUL ARIFIN","prelist","MEDAN POLONIA","MADRAS HULU","LINGKUNGAN 9","","","G. Perdagangan Besar dan Eceran, Reparasi Mobil dan Sepeda Motor","SBR"],
    ["63506","MOUNT SCOPUS INDONESIA, PT","JL. DR. CIPTO NO. 8","prelist","MEDAN POLONIA","ANGGRUNG","LINGKUNGAN 3","","","C. Industri Pengolahan","SBR"],
    ["63551","KARYA ANUGERAH MANDIRI INDONESIA","JL.SUBUR DUA GG.AMAL LK.II RT. 0 RW. 0","prelist","MEDAN POLONIA","SARI REJO","LINGKUNGAN 2","","","M. Jasa Profesional, Ilmiah, dan Teknis","SBR"],
    ["63654","SILVA RAJAWALI SUKSES","PEKONG-I NO.22 (94-E) RT. 000 RW. 000","prelist","MEDAN POLONIA","POLONIA","LINGKUNGAN 7","","","G. Perdagangan Besar dan Eceran, Reparasi Mobil dan Sepeda Motor","SBR"],
    ["63681","ANDALAN KARYA INDONESIA","JL.ADI SUCIPTO KOMPLEK RIVER VIEW BLOK A NO.20/21, SUKA DAMAI","prelist","MEDAN POLONIA","SUKA DAMAI","LINGKUNGAN 5","","","G. Perdagangan Besar dan Eceran, Reparasi Mobil dan Sepeda Motor","SBR"],
    ["63747","ATMA JAYA PRATAMA","JL SUBUR II GG PRIBADI","prelist","MEDAN POLONIA","SARI REJO","LINGKUNGAN 2","","","G. Perdagangan Besar dan Eceran, Reparasi Mobil dan Sepeda Motor","SBR"],
    ["63800","MITRA BERSIH SANITASI INDONESIA","JL PADANG GOLF KOMP CBD","prelist","MEDAN POLONIA","SUKA DAMAI","LINGKUNGAN 5","","","G. Perdagangan Besar dan Eceran, Reparasi Mobil dan Sepeda Motor","SBR"],
    ["63915","PURNA KARYA SEJAHTERA","JL IMAM BONJOL","prelist","MEDAN POLONIA","MADRAS HULU","LINGKUNGAN 8","","","G. Perdagangan Besar dan Eceran, Reparasi Mobil dan Sepeda Motor","SBR"],
    ["63952","SEMUT GRUP INDONESIA","KOMPLEK CENTRAL BISNIS DISTRIK POLONIA JL PADANG GOLF","prelist","MEDAN POLONIA","POLONIA","LINGKUNGAN 7","","","G. Perdagangan Besar dan Eceran, Reparasi Mobil dan Sepeda Motor","SBR"],
    ["64003","PEMBANGUNAN UNTUK NEGERI","PADANG GOLF POLONIA KOMPLEK CBD POLONIA","prelist","MEDAN POLONIA","SUKA DAMAI","LINGKUNGAN 5","","","L. Real Estat","SBR"],
    ["64022","BURSA KONSTRUKSI SEJATI","JL IR H JUANDA","prelist","MEDAN POLONIA","ANGGRUNG","LINGKUNGAN 4","","","G. Perdagangan Besar dan Eceran, Reparasi Mobil dan Sepeda Motor","SBR"],
    ["64033","UNILEVER INDONESIA TBK.","JL H. AGUS SALIM NO. 5 MADRAS HULU","prelist","MEDAN POLONIA","MADRAS HULU","LINGKUNGAN 8","","","C. Industri Pengolahan","SBR"],
    ["64051","GRHA SUKSES MANDIRI","JL KMU ADI SUCIPTO KOMP RIVER VIEW","prelist","MEDAN POLONIA","SUKA DAMAI","LINGKUNGAN 3","","","G. Perdagangan Besar dan Eceran, Reparasi Mobil dan Sepeda Motor","SBR"],
    ["64058","DHARMA GRACIA","JL POLONIA","prelist","MEDAN POLONIA","SUKA DAMAI","LINGKUNGAN 6","","","G. Perdagangan Besar dan Eceran, Reparasi Mobil dan Sepeda Motor","SBR"],
    ["64077","INDO UTAMA","JL TEUKU UMAR","prelist","MEDAN POLONIA","MADRAS HULU","LINGKUNGAN 9","","","G. Perdagangan Besar dan Eceran, Reparasi Mobil dan Sepeda Motor","SBR"],
    ["64095","SIMANDA","JL.TAMAN POLONIA III NO.37 , BABURA","prelist","MEDAN POLONIA","SUKA DAMAI","LINGKUNGAN 4","","","C. Industri Pengolahan","SBR"],
    ["64119","CIPTA JAYA CEMERLANG","KOMPLEK CBD POLONIA JL PADANG GOLF","prelist","MEDAN POLONIA","SUKA DAMAI","LINGKUNGAN 5","","","G. Perdagangan Besar dan Eceran, Reparasi Mobil dan Sepeda Motor","SBR"],
    ["64153","RR GROUP","JL KEDIRI","prelist","MEDAN POLONIA","MADRAS HULU","LINGKUNGAN 3","","","G. Perdagangan Besar dan Eceran, Reparasi Mobil dan Sepeda Motor","SBR"],
    ["64164","ZUCVEDA INDONESIA","JL DR CIPTO","prelist","MEDAN POLONIA","ANGGRUNG","LINGKUNGAN 4","","","P. Pendidikan","SBR"],
    ["64231","KHARISMA PETRO KREASINDO","JL KEDIRI","prelist","MEDAN POLONIA","MADRAS HULU","LINGKUNGAN 3","","","G. Perdagangan Besar dan Eceran, Reparasi Mobil dan Sepeda Motor","SBR"],
    ["64234","UNITED ORTA BERJAYA","JL P DIPONEGORO","prelist","MEDAN POLONIA","MADRAS HULU","LINGKUNGAN 7","","","F. Konstruksi","SBR"],
    ["64262","KEUSKUPAN AGUNG MEDAN","JL IMAN BONJOL","prelist","MEDAN POLONIA","SUKA DAMAI","LINGKUNGAN 5","","","S. Aktivitas Jasa Lainnya","SBR"],
    ["64268","PAPAN SUMATERA PRIMA","JL P DIPONEGORO","prelist","MEDAN POLONIA","MADRAS HULU","LINGKUNGAN 7","","","L. Real Estat","SBR"],
    ["64356","GARUDA MAINTENANCE FACILITY AERO ASIA, TBK","KOMP BANDARA POLONIA JL IMAM BONJOL","prelist","MEDAN POLONIA","SUKA DAMAI","LINGKUNGAN 5","","","H. Transportasi dan Pergudangan","SBR"],
    ["64399","CINTA KARYA","JL.KARYA SEHATI NO.9","prelist","MEDAN POLONIA","POLONIA","LINGKUNGAN 5","","","F. Konstruksi","SBR"],
    ["64401","PURNA USAHA TAMA CABANG MEDAN","JL.CIK DITIRO NO.1-D, MADRAS HULU","prelist","MEDAN POLONIA","MADRAS HULU","LINGKUNGAN 7","","","P. Pendidikan","SBR"],
    ["64468","BANK OCBC N I S P TBK","JL IMAM BONJOL","prelist","MEDAN POLONIA","SUKA DAMAI","LINGKUNGAN 4","","","K. Aktivitas Keuangan Dan Asuransi","SBR"],
    ["64486","DANATAMA MULIA","JL DIPONEGORO","prelist","MEDAN POLONIA","MADRAS HULU","LINGKUNGAN 7","","","L. Real Estat","SBR"],
    ["64542","JAYAKUSUMA PERDANA LINES","WISMA BII LT 9 NO 901 JL P DIPONEGORO","prelist","MEDAN POLONIA","MADRAS HULU","LINGKUNGAN 7","","","F. Konstruksi","SBR"],
    ["64546","USAHA PRIMA NUSANTARA","IMAM BONJOL","prelist","MEDAN POLONIA","MADRAS HULU","LINGKUNGAN 8","","","G. Perdagangan Besar dan Eceran, Reparasi Mobil dan Sepeda Motor","SBR"],
    ["64641","BISA BAHAGIA AGUNG","JALAN TEUKU DAUD NOMOR 6-A","prelist","MEDAN POLONIA","MADRAS HULU","LINGKUNGAN 9","","","I. Penyediaan Akomodasi dan Makan Minum","SBR"],
    ["64668","HARTANAH COWIN MEDAN","JALAN PADANG GOLF KOMPLEK CBD POLONIA","prelist","MEDAN POLONIA","POLONIA","LINGKUNGAN 7","","","I. Penyediaan Akomodasi dan Makan Minum","SBR"],
    ["64701","MITRA PERKASA","JL ANTARIKSA GG MAKHRUF LK IX","prelist","MEDAN POLONIA","SARI REJO","LINGKUNGAN 9","","","G. Perdagangan Besar dan Eceran, Reparasi Mobil dan Sepeda Motor","SBR"],
    ["64731","SIMFONIKA IMMANUEL","JL KALINGGA","prelist","MEDAN POLONIA","MADRAS HULU","LINGKUNGAN 1","","","G. Perdagangan Besar dan Eceran, Reparasi Mobil dan Sepeda Motor","SBR"],
    ["64768","BANK MAYBANK INDONESIA TBK.","JL P DIPONEGORO","prelist","MEDAN POLONIA","MADRAS HULU","LINGKUNGAN 9","","","K. Aktivitas Keuangan Dan Asuransi","SBR"],
    ["64770","BANK PAN INDONESIA TBK.","JL Z. ARIFIN","prelist","MEDAN POLONIA","MADRAS HULU","LINGKUNGAN 1","","","K. Aktivitas Keuangan Dan Asuransi","SBR"],
    ["64906","NUSA KHARISMA REALTY INDONESIA","KOMPLEK CBD POLONIA","prelist","MEDAN POLONIA","SUKA DAMAI","LINGKUNGAN 5","","","G. Perdagangan Besar dan Eceran, Reparasi Mobil dan Sepeda Motor","SBR"],
    ["64917","ERSADA ANUGERAH MULIA","JL.IR HAJI JUANDA BARU N0.65","prelist","MEDAN POLONIA","SUKA DAMAI","LINGKUNGAN 4","","","N. Jasa Persewaan, Ketenagakerjaan, Agen Perjalanan, dan Jasa Pendukung","SBR"],
    ["65005","JASA INDA TEKNIK","JL MAWAR LK V","prelist","MEDAN POLONIA","SARI REJO","LINGKUNGAN 5","","","G. Perdagangan Besar dan Eceran, Reparasi Mobil dan Sepeda Motor","SBR"],
    ["65023","RAMOS KARYA MANDIRI","JALAN MONGONSIDI III","prelist","MEDAN POLONIA","ANGGRUNG","LINGKUNGAN 7","","","G. Perdagangan Besar dan Eceran, Reparasi Mobil dan Sepeda Motor","SBR"],
    ["65158","MUSYAWARAH GURU MATA PELAJARAN (MGMP) METHODIST-4 MEDAN","JL. PEKONG","prelist","MEDAN POLONIA","POLONIA","LINGKUNGAN 6","","","P. Pendidikan","SBR"],
    ["65163","HARAPAN MAJU BERSAMA","JL. KOMODOR MUDA ADI SUCIPTO KOMP. POLONIA RIVERVIEW A-9","prelist","MEDAN POLONIA","SUKA DAMAI","LINGKUNGAN 3","","","G. Perdagangan Besar dan Eceran, Reparasi Mobil dan Sepeda Motor","SBR"],
    ["65187","FASAMITRA ELEKTRO TEKINDO","JL CEMPAKA GG JAWA NO 10-A","prelist","MEDAN POLONIA","SARI REJO","LINGKUNGAN 3","","","G. Perdagangan Besar dan Eceran, Reparasi Mobil dan Sepeda Motor","SBR"],
    ["65223","MAYVIN MUJUR ABADI","JL. KOMODOR MUDA ADI SUCIPTO, THE CITY VIEW BLOK D-12 - KELURAHAN SUKADAMAI","prelist","MEDAN POLONIA","SUKA DAMAI","LINGKUNGAN 3","","","G. Perdagangan Besar dan Eceran, Reparasi Mobil dan Sepeda Motor","SBR"],
    ["65235","PRIMA JAYA ABADI","JL JENGGALA","prelist","MEDAN POLONIA","MADRAS HULU","LINGKUNGAN 1","","","G. Perdagangan Besar dan Eceran, Reparasi Mobil dan Sepeda Motor","SBR"],
    ["65274","SINGA MAS INVESTASI","JALAN PADANG GOLF KOMPLEK CBD BLOK EE","prelist","MEDAN POLONIA","SUKA DAMAI","LINGKUNGAN 5","","","K. Aktivitas Keuangan Dan Asuransi","SBR"],
    ["65282","KEMANUSIAAN ULIL ALBAB","JL MONGONSIDI GG BARU NO 5B","prelist","MEDAN POLONIA","POLONIA","LINGKUNGAN 1","","","S. Aktivitas Jasa Lainnya","SBR"],
    ["65298","MESTIKA PRIMA MANDIRI","JL IR H JUANDA I","prelist","MEDAN POLONIA","SUKA DAMAI","LINGKUNGAN 5","","","G. Perdagangan Besar dan Eceran, Reparasi Mobil dan Sepeda Motor","SBR"],
    ["65348","GRAHA PRATAMA INDONESIA","JL PADANG GOLF KOMPLEK CBD POLONIA","prelist","MEDAN POLONIA","SUKA DAMAI","LINGKUNGAN 5","","","G. Perdagangan Besar dan Eceran, Reparasi Mobil dan Sepeda Motor","SBR"],
    ["65385","MAKMUR ALAM AGUNG","KOMPLEK CBD POLONIA JL PADANG GOLF","prelist","MEDAN POLONIA","SUKA DAMAI","LINGKUNGAN 5","","","G. Perdagangan Besar dan Eceran, Reparasi Mobil dan Sepeda Motor","SBR"],
    ["65486","PEGEHEYSHA","JL ANTARIKSA LK VI","prelist","MEDAN POLONIA","SARI REJO","LINGKUNGAN 6","","","G. Perdagangan Besar dan Eceran, Reparasi Mobil dan Sepeda Motor","SBR"],
    ["65554","GRAMEDIA ASRI MEDIA","GEDUNG SUN PLAZA GROUND FLOOR ZONE B 01 JL ZAINUL ARIFIN","prelist","MEDAN POLONIA","MADRAS HULU","LINGKUNGAN 9","","","G. Perdagangan Besar dan Eceran, Reparasi Mobil dan Sepeda Motor","SBR"],
    ["65631","POINT PROPERTINDO","JL.T UMAR","prelist","MEDAN POLONIA","MADRAS HULU","LINGKUNGAN 5","","","F. Konstruksi","SBR"],
    ["65672","GLOBAL MITRA AKADEMI","JL.KARTINI NO.29 , LANTAI II","prelist","MEDAN POLONIA","MADRAS HULU","LINGKUNGAN 7","","","P. Pendidikan","SBR"],
    ["65704","MAMA MARTHA COOKING SCHOOL AND BAKING CLASS","T.CIK DITIRO","prelist","MEDAN POLONIA","MADRAS HULU","LINGKUNGAN 7","","","P. Pendidikan","SBR"],
    ["65755","CAKRA JAYA PERKASA","JL. STARBAN GG. WAHYU LK. XI","prelist","MEDAN POLONIA","POLONIA","LINGKUNGAN 11","","","N. Jasa Persewaan, Ketenagakerjaan, Agen Perjalanan, dan Jasa Pendukung","SBR"],
    ["65769","ANUGRAH USAHA DINAMIS","JL. ZAINUL ARIFIN","prelist","MEDAN POLONIA","MADRAS HULU","LINGKUNGAN 1","","","I. Penyediaan Akomodasi dan Makan Minum","SBR"],
    ["65770","INFORMASI PELAYANAN PUBLIK","JL KARYA BERSAMA LK V","prelist","MEDAN POLONIA","POLONIA","LINGKUNGAN 5","","","J. Informasi dan Komunikasi","SBR"],
    ["65779","MATAHARI PUTRA PRIMA TBK","GEDUNG SUN PLAZA JL H ZAINUL ARIFIN","prelist","MEDAN POLONIA","MADRAS HULU","LINGKUNGAN 9","","","G. Perdagangan Besar dan Eceran, Reparasi Mobil dan Sepeda Motor","SBR"],
    ["65820","PELITA GUNUNG MAS","JL STARBAN GG BILAL LINGKUNGAN X","prelist","MEDAN POLONIA","POLONIA","LINGKUNGAN 10","","","A. Pertanian, Kehutanan, dan Perikanan","SBR"],
    ["65831","ANUGERAH MERTA JAYA","JL. URIP","prelist","MEDAN POLONIA","ANGGRUNG","LINGKUNGAN 4","","","G. Perdagangan Besar dan Eceran, Reparasi Mobil dan Sepeda Motor","SBR"],
    ["65846","TRINITY CIPTA KARYA","JL SUBUR","prelist","MEDAN POLONIA","POLONIA","LINGKUNGAN 6","","","G. Perdagangan Besar dan Eceran, Reparasi Mobil dan Sepeda Motor","SBR"],
    ["65955","KURNIA JAYA","JL TAMAN POLONIA II","prelist","MEDAN POLONIA","SUKA DAMAI","LINGKUNGAN 4","","","G. Perdagangan Besar dan Eceran, Reparasi Mobil dan Sepeda Motor","SBR"],
    ["65957","INDO SEPARATOR","JL TAMAN POLONIA III","prelist","MEDAN POLONIA","SUKA DAMAI","LINGKUNGAN 4","","","G. Perdagangan Besar dan Eceran, Reparasi Mobil dan Sepeda Motor","SBR"],
    ["65981","HERSAN CARGO","JL STARBAN GG IMAM","prelist","MEDAN POLONIA","POLONIA","LINGKUNGAN 9","","","G. Perdagangan Besar dan Eceran, Reparasi Mobil dan Sepeda Motor","SBR"],
    ["66013","MALABAR NIAGA","JL KEDIRI","prelist","MEDAN POLONIA","MADRAS HULU","LINGKUNGAN 3","","","G. Perdagangan Besar dan Eceran, Reparasi Mobil dan Sepeda Motor","SBR"],
    ["66022","EKSPEDISI MUATAN KAPAL LAUT BANDAR JAYA MURNI","JL KEDIRI","prelist","MEDAN POLONIA","MADRAS HULU","LINGKUNGAN 3","","","H. Transportasi dan Pergudangan","SBR"],
    ["66235","HOTSPOT RELOAD","JL. MUARA TAKUS","prelist","MEDAN POLONIA","MADRAS HULU","LINGKUNGAN 4","","","G. Perdagangan Besar dan Eceran, Reparasi Mobil dan Sepeda Motor","SBR"],
    ["66249","MARKEL JAYA MAKMUR","JL PADANG GOLF KOMP CBD POLONIA","prelist","MEDAN POLONIA","SUKA DAMAI","LINGKUNGAN 5","","","C. Industri Pengolahan","SBR"],
    ["66349","PRIMA SENTOSA ABADI","KOMP. CBD POLONIA","prelist","MEDAN POLONIA","SUKA DAMAI","LINGKUNGAN 5","","","G. Perdagangan Besar dan Eceran, Reparasi Mobil dan Sepeda Motor","SBR"],
    ["66350","CATUR PILAR INTISARI","JALAN PADANG GOLF KOMPLEK CBD POLONIA BLOK E NOMOR 40","prelist","MEDAN POLONIA","SUKA DAMAI","LINGKUNGAN 5","","","N. Jasa Persewaan, Ketenagakerjaan, Agen Perjalanan, dan Jasa Pendukung","SBR"],
    ["66356","BANGUN SENTRAL MANDIRI","JL P DIPONEGORO","prelist","MEDAN POLONIA","MADRAS HULU","LINGKUNGAN 7","","","G. Perdagangan Besar dan Eceran, Reparasi Mobil dan Sepeda Motor","SBR"],
    ["66387","KOLABORASI GLOBAL SUKSES","SINAR MAS LAND PLAZA, 10TH FLOOR JL. PANGERAN DIPONEGORO NO 18","prelist","MEDAN POLONIA","MADRAS HULU","LINGKUNGAN 9","","","M. Jasa Profesional, Ilmiah, dan Teknis","SBR"],
    ["66453","PELITA BUKIT TAMBANG","JL T CIK DITIRO","prelist","MEDAN POLONIA","MADRAS HULU","LINGKUNGAN 7","","","G. Perdagangan Besar dan Eceran, Reparasi Mobil dan Sepeda Motor","SBR"],
    ["66509","AMADEUS TECHNOLOGY INDONESIA","JL P DIPONEGORO SINAR MAS LAND PLAZA LT 10 SUITE 1008","prelist","MEDAN POLONIA","MADRAS HULU","LINGKUNGAN 9","","","J. Informasi dan Komunikasi","SBR"],
    ["66540","BUANA FINANCE TBK","JL P DIPONEGORO","prelist","MEDAN POLONIA","MADRAS HULU","LINGKUNGAN 7","","","K. Aktivitas Keuangan Dan Asuransi","SBR"],
    ["66594","MAHARUPA GATRA","JL HZ ARIFIN SUN PLAZA LG A 48 - 49","prelist","MEDAN POLONIA","MADRAS HULU","LINGKUNGAN 1","","","G. Perdagangan Besar dan Eceran, Reparasi Mobil dan Sepeda Motor","SBR"],
    ["66599","GUFRAN KHATAMI","MONGONSIDI","prelist","MEDAN POLONIA","ANGGRUNG","LINGKUNGAN 8","","","A. Pertanian, Kehutanan, dan Perikanan","SBR"],
    ["66610","KUMANDANG MANGGALA RAHAYU","JL. PIPA IV","prelist","MEDAN POLONIA","SARI REJO","LINGKUNGAN 6","","","G. Perdagangan Besar dan Eceran, Reparasi Mobil dan Sepeda Motor","SBR"],
    ["66700","LENGGAHARA","JL ANTARIKSA LK VI","prelist","MEDAN POLONIA","SARI REJO","LINGKUNGAN 6","","","G. Perdagangan Besar dan Eceran, Reparasi Mobil dan Sepeda Motor","SBR"],
    ["66710","DEDDY KURNIA","JL T CIKDITIRO","prelist","MEDAN POLONIA","MADRAS HULU","LINGKUNGAN 6","","","G. Perdagangan Besar dan Eceran, Reparasi Mobil dan Sepeda Motor","SBR"],
    ["66751","DUTA ALAM INDONESIA","KOMPLEK CBD JL PADANG GOLF","prelist","MEDAN POLONIA","SUKA DAMAI","LINGKUNGAN 5","","","G. Perdagangan Besar dan Eceran, Reparasi Mobil dan Sepeda Motor","SBR"],
    ["66821","ELKA SUMBER REZEKI","JL. MUARA TAKUS","prelist","MEDAN POLONIA","MADRAS HULU","LINGKUNGAN 4","","","H. Transportasi dan Pergudangan","SBR"],
    ["66891","BENDAHARA UMUM PANITIA DAERAH MTQ NASIONAL XXVII 2018","JL P DIPONEGORO","prelist","MEDAN POLONIA","MADRAS HULU","LINGKUNGAN 7","","","S. Aktivitas Jasa Lainnya","SBR"],
    ["66993","BHINNEKA MOBILINDO WORLD","JL MONGONSIDI","prelist","MEDAN POLONIA","POLONIA","LINGKUNGAN 3","","","G. Perdagangan Besar dan Eceran, Reparasi Mobil dan Sepeda Motor","SBR"],
    ["67022","PUTRA BORNEO SEJATI","P DIPONEGORO","prelist","MEDAN POLONIA","MADRAS HULU","LINGKUNGAN 7","","","G. Perdagangan Besar dan Eceran, Reparasi Mobil dan Sepeda Motor","SBR"],
    ["67029","PERMATA SOLID ANGKASA","KOMPLEK CBD POLONIA JL PADANG GOLF","prelist","MEDAN POLONIA","SUKA DAMAI","LINGKUNGAN 5","","","G. Perdagangan Besar dan Eceran, Reparasi Mobil dan Sepeda Motor","SBR"],
    ["67158","JONS CITARASA UTAMA","JL RA KARTINI","prelist","MEDAN POLONIA","MADRAS HULU","LINGKUNGAN 10","","","G. Perdagangan Besar dan Eceran, Reparasi Mobil dan Sepeda Motor","SBR"],
    ["67161","MALIBU SURYA AGUNG","JL P DIPONEGORO","prelist","MEDAN POLONIA","MADRAS HULU","LINGKUNGAN 7","","","L. Real Estat","SBR"],
    ["67175","SUMBER JAYA INVESTAMA CEMERLANG","JL IR JUANDA","prelist","MEDAN POLONIA","SUKA DAMAI","LINGKUNGAN 5","","","L. Real Estat","SBR"],
    ["67219","GLOBAL INDOPACIFIC","JL. CINTA KARYA LK.VII","prelist","MEDAN POLONIA","SARI REJO","LINGKUNGAN 1","","","G. Perdagangan Besar dan Eceran, Reparasi Mobil dan Sepeda Motor","SBR"],
    ["67223","ORIX INDONESIA FINANCE","JL P DIPONEGORO SINAR MAS LAND PLAZA LT 4","prelist","MEDAN POLONIA","MADRAS HULU","LINGKUNGAN 7","","","K. Aktivitas Keuangan Dan Asuransi","SBR"],
    ["67250","BISA MANAJEMEN MANDIRI","JL TEUKU DAUD","prelist","MEDAN POLONIA","MADRAS HULU","LINGKUNGAN 9","","","G. Perdagangan Besar dan Eceran, Reparasi Mobil dan Sepeda Motor","SBR"],
    ["67253","SELAMAT SUKSES ABADI","JL PADANG GOLF KOMPLEK CBD POLONIA","prelist","MEDAN POLONIA","SUKA DAMAI","LINGKUNGAN 5","","","G. Perdagangan Besar dan Eceran, Reparasi Mobil dan Sepeda Motor","SBR"],
    ["67271","JASA SEJAHTERA TRI ANUNGERAH RAYA","JL P DIPONEGORO","prelist","MEDAN POLONIA","MADRAS HULU","LINGKUNGAN 7","","","H. Transportasi dan Pergudangan","SBR"],
    ["67294","SARANA PRIMA BUDAYA RAGA","LOBY CEK IN KEBERANGKATAN BANDARA POLONIA","prelist","MEDAN POLONIA","SUKA DAMAI","LINGKUNGAN 5","","","G. Perdagangan Besar dan Eceran, Reparasi Mobil dan Sepeda Motor","SBR"],
    ["67325","CENTRAL MITRA ADIDAYA","KOMPLEK CBD POLONIA JL PADANG GOLF","prelist","MEDAN POLONIA","SUKA DAMAI","LINGKUNGAN 5","","","G. Perdagangan Besar dan Eceran, Reparasi Mobil dan Sepeda Motor","SBR"],
    ["67347","MEDAN PUTRA UTAMA","JL.PADANG GOLF KOMPLEK CBD POLONIA BLOK B 64-65","prelist","MEDAN POLONIA","SUKA DAMAI","LINGKUNGAN 5","","","L. Real Estat","SBR"],
    ["67360","BOGA MAKMUR WIJAYA","JL USKUP AGUNG","prelist","MEDAN POLONIA","MADRAS HULU","LINGKUNGAN 7","","","I. Penyediaan Akomodasi dan Makan Minum","SBR"],
    ["67374","ALGVA GLOBAL","JL DIPONEGORO","prelist","MEDAN POLONIA","MADRAS HULU","LINGKUNGAN 8","","","G. Perdagangan Besar dan Eceran, Reparasi Mobil dan Sepeda Motor","SBR"],
    ["67403","PUTRA JAYA SUKSESABADI","JL STARBAN","prelist","MEDAN POLONIA","POLONIA","LINGKUNGAN 9","","","G. Perdagangan Besar dan Eceran, Reparasi Mobil dan Sepeda Motor","SBR"],
    ["67411","LEO PROPERTI GEMILANG","KOMPLEK CBD POLONIA JL PADANG GOLF","prelist","MEDAN POLONIA","SUKA DAMAI","LINGKUNGAN 5","","","G. Perdagangan Besar dan Eceran, Reparasi Mobil dan Sepeda Motor","SBR"],
    ["67432","PENDIDIKAN GEREJA METHODIST INDONESIA 4","JL PEKONG","prelist","MEDAN POLONIA","POLONIA","LINGKUNGAN 6","","","P. Pendidikan","SBR"],
    ["67452","MEGAH JAYA KONSTRUKSINDO","JALAN PANGERAN DIPONEGORO","prelist","MEDAN POLONIA","MADRAS HULU","LINGKUNGAN 7","","","G. Perdagangan Besar dan Eceran, Reparasi Mobil dan Sepeda Motor","SBR"],
    ["67507","KARUNIA ABADI NUANSA","JL SISINGAMANGARAJA","prelist","MEDAN POLONIA","SUKA DAMAI","LINGKUNGAN 3","","","R. Kesenian, Hiburan, dan Rekreasi","SBR"],
    ["67534","TURELOTO BATTU INDAH","JLN. RA. KARTINI NO. 17-A","prelist","MEDAN POLONIA","MADRAS HULU","LINGKUNGAN 8","","","F. Konstruksi","SBR"],
    ["67557","KAWASAN INDUSTRI KUALA TANJUNG NUSANTARA","MILITARY ODITURAT OFFICE MEDANJL. PANGERAN DIPONEGORO NO. 24","prelist","MEDAN POLONIA","MADRAS HULU","LINGKUNGAN 7","","","N. Jasa Persewaan, Ketenagakerjaan, Agen Perjalanan, dan Jasa Pendukung","SBR"],
    ["67652","GURUH","JL SMA II LK VI","prelist","MEDAN POLONIA","SARI REJO","LINGKUNGAN 6","","","G. Perdagangan Besar dan Eceran, Reparasi Mobil dan Sepeda Motor","SBR"],
    ["67658","CITRAPRAKARSA LESTARI","JL MONGINSIDI","prelist","MEDAN POLONIA","POLONIA","LINGKUNGAN 1","","","G. Perdagangan Besar dan Eceran, Reparasi Mobil dan Sepeda Motor","SBR"],
    ["67680","UPPRES EXCELLENCE TOUR DAN TRAVEL","JL KH ZAINUL ARIFIN","prelist","MEDAN POLONIA","MADRAS HULU","LINGKUNGAN 1","","","N. Jasa Persewaan, Ketenagakerjaan, Agen Perjalanan, dan Jasa Pendukung","SBR"],
    ["67714","KARYA MAS","JL. KARYA DARMA NO. 13, POLONIA","prelist","MEDAN POLONIA","POLONIA","LINGKUNGAN 4","","","P. Pendidikan","SBR"],
    ["67745","SINAR SAHABAT SUKSES","KOMP. MASDULHAK GARDEN","prelist","MEDAN POLONIA","ANGGRUNG","LINGKUNGAN 2","","","G. Perdagangan Besar dan Eceran, Reparasi Mobil dan Sepeda Motor","SBR"],
    ["67763","UD.BAHAGIA SEJAHTERA","JL.STARBAN GG.FAMILI MEDAN","prelist","MEDAN POLONIA","POLONIA","LINGKUNGAN 12","","","C. Industri Pengolahan","SBR"],
    ["67819","DHARMA","JL.CINTA KARYA NO.67-A RT. 0 RW. 0","prelist","MEDAN POLONIA","SARI REJO","LINGKUNGAN 3","","","G. Perdagangan Besar dan Eceran, Reparasi Mobil dan Sepeda Motor","SBR"],
    ["67835","MELTRA","JL KEDIRI","prelist","MEDAN POLONIA","MADRAS HULU","LINGKUNGAN 3","","","G. Perdagangan Besar dan Eceran, Reparasi Mobil dan Sepeda Motor","SBR"],
    ["67840","APOTIK SOGO","JL.H.ZAINUL ARIFIN NO.137, PETISAH TENGAH","prelist","MEDAN POLONIA","MADRAS HULU","LINGKUNGAN 1","","","G. Perdagangan Besar dan Eceran, Reparasi Mobil dan Sepeda Motor","SBR"],
    ["67888","SUASDI","JL. STARBAN","prelist","MEDAN POLONIA","POLONIA","LINGKUNGAN 9","","","A. Pertanian, Kehutanan, dan Perikanan","SBR"],
    ["67959","CENTURY FRANCHISINDO UTAMA","JL MUSTANG SUDUT GARUDA","prelist","MEDAN POLONIA","SUKA DAMAI","LINGKUNGAN 5","","","G. Perdagangan Besar dan Eceran, Reparasi Mobil dan Sepeda Motor","SBR"],
    ["67982","PROACTIVE MANAGEMENT SERVICES","DUTA ALAM MALIBU","prelist","MEDAN POLONIA","SUKA DAMAI","LINGKUNGAN 3","","","G. Perdagangan Besar dan Eceran, Reparasi Mobil dan Sepeda Motor","SBR"],
    ["68062","AL-ANSHAR","JL.POLONIA GANG.A NO.43 , BABURA","prelist","MEDAN POLONIA","POLONIA","LINGKUNGAN 1","","","Q. Jasa Kesehatan dan Kegiatan Sosial","SBR"],
    ["68068","RHINOVS MAYECOVI GRACIA","JALAN MONGINSIDI 2","prelist","MEDAN POLONIA","ANGGRUNG","LINGKUNGAN 4","","","G. Perdagangan Besar dan Eceran, Reparasi Mobil dan Sepeda Motor","SBR"],
    ["68076","TAMTANA TAMBANG NUSA","JL T CIK DITIRO","prelist","MEDAN POLONIA","MADRAS HULU","LINGKUNGAN 7","","","G. Perdagangan Besar dan Eceran, Reparasi Mobil dan Sepeda Motor","SBR"],
    ["68099","JINJJA MAKMUR SEJAHTERA","JALAN CUT MUTIA NO.1","prelist","MEDAN POLONIA","MADRAS HULU","LINGKUNGAN 10","","","I. Penyediaan Akomodasi dan Makan Minum","SBR"],
    ["68111","PENDEKAR BODOH","JL KH ZAINUL ARIFIN SUN PLAZA","prelist","MEDAN POLONIA","MADRAS HULU","LINGKUNGAN 9","","","I. Penyediaan Akomodasi dan Makan Minum","SBR"],
    ["68116","BOGA RAGAM ORIENTAL","JALAN TEUKU DAUD","prelist","MEDAN POLONIA","MADRAS HULU","LINGKUNGAN 9","","","I. Penyediaan Akomodasi dan Makan Minum","SBR"],
    ["68121","MANDIRI AGUNG SEJAHTERA","JL MONGINSIDI 3","prelist","MEDAN POLONIA","POLONIA","LINGKUNGAN 1","","","H. Transportasi dan Pergudangan","SBR"],
    ["68194","OPTIMAL SEMANGAT INTI MAKMUR","JL KH ZAINUL ARIFIN NO. 7 GROUND ZONE B-21,22,23, MADRAS HULU","prelist","MEDAN POLONIA","MADRAS HULU","LINGKUNGAN 9","","","G. Perdagangan Besar dan Eceran, Reparasi Mobil dan Sepeda Motor","SBR"],
    ["68197","INDAH SARANA PERKASA","SUN PLAZA GROUND FLOOR ZONE C JL KH ZAINUL ARIFIN NO 7","prelist","MEDAN POLONIA","MADRAS HULU","LINGKUNGAN 9","","","G. Perdagangan Besar dan Eceran, Reparasi Mobil dan Sepeda Motor","SBR"],
    ["68223","WAVE COMMUNICATION INDONESIA","JL IMAM BONJOL GEDUNG PT BANK SUMUT LT 8","prelist","MEDAN POLONIA","MADRAS HULU","LINGKUNGAN 9","","","H. Transportasi dan Pergudangan","SBR"],
    ["68269","PRAMODHA KREASI INDAH","SUN PLAZA GROUND FLOOR ZONE A 39 L 2A 01 JL K H ZAINUL ARIFIN","prelist","MEDAN POLONIA","MADRAS HULU","LINGKUNGAN 9","","","G. Perdagangan Besar dan Eceran, Reparasi Mobil dan Sepeda Motor","SBR"],
    ["68395","MULTI GUNA INTEGRASI","JL PADANG GOLF KOMP CBD. POLONIA","prelist","MEDAN POLONIA","SUKA DAMAI","LINGKUNGAN 5","","","G. Perdagangan Besar dan Eceran, Reparasi Mobil dan Sepeda Motor","SBR"],
    ["68426","JAYAKARSA WILJADI ALUMINDO","KOMPLEK CBD POLONIA JL PADANG GOLF","prelist","MEDAN POLONIA","SUKA DAMAI","LINGKUNGAN 5","","","G. Perdagangan Besar dan Eceran, Reparasi Mobil dan Sepeda Motor","SBR"],
    ["68444","CINEMAXX GLOBAL PASIFIK","JL KH ZAINUL ARIFIN LEVEL 4 ZONE A-12 SUN PLAZA LT5","prelist","MEDAN POLONIA","MADRAS HULU","LINGKUNGAN 9","","","C. Industri Pengolahan","SBR"],
    ["68452","ERANDRA SURYA MANUNGGAL","JL H ZAINUL ARIFIN SUN PLAZA LEVEL 3A-01","prelist","MEDAN POLONIA","MADRAS HULU","LINGKUNGAN 9","","","G. Perdagangan Besar dan Eceran, Reparasi Mobil dan Sepeda Motor","SBR"],
    ["68476","POLONIA ANUGERAH JAYA","JL WOLTER MONGONSIDI","prelist","MEDAN POLONIA","POLONIA","LINGKUNGAN 1","","","L. Real Estat","SBR"],
    ["68499","BERSAMA KITA LANCAR","JL. T. CIK DITIRO BLKG NO. 58-A","prelist","MEDAN POLONIA","MADRAS HULU","LINGKUNGAN 7","","","M. Jasa Profesional, Ilmiah, dan Teknis","SBR"],
    ["68504","GLOBAL LOGISTICS DEVELOPMENT","KOMPLEK CBD POLONIA JL PADANG GOLF","prelist","MEDAN POLONIA","SUKA DAMAI","LINGKUNGAN 5","","","L. Real Estat","SBR"],
    ["68521","MAKOBAR MEDIA CAKRAWALA","JALAN CEMPAKA NO 18 SARI REJO MEDAN","prelist","MEDAN POLONIA","SARI REJO","LINGKUNGAN 4","","","J. Informasi dan Komunikasi","SBR"],
    ["68575","ANEKA KONSTRUKSI PERKASA","JL. PADANG GOLF KOMP. CBD POLONIA","prelist","MEDAN POLONIA","POLONIA","LINGKUNGAN 7","","","G. Perdagangan Besar dan Eceran, Reparasi Mobil dan Sepeda Motor","SBR"],
    ["68587","INFINITI CONSULTANT","JL.PADANG GOLF KOMP.CBD POLONIA","prelist","MEDAN POLONIA","SUKA DAMAI","LINGKUNGAN 5","","","G. Perdagangan Besar dan Eceran, Reparasi Mobil dan Sepeda Motor","SBR"],
    ["68675","KOSHERINDO TETAP ABADI","JL PADANG GOLF KOMPLEK CBD POLONIA","prelist","MEDAN POLONIA","SUKA DAMAI","LINGKUNGAN 5","","","G. Perdagangan Besar dan Eceran, Reparasi Mobil dan Sepeda Motor","SBR"],
    ["68789","ANUGERAH AGUNG ABADI","KOMPLEK CBD","prelist","MEDAN POLONIA","SUKA DAMAI","LINGKUNGAN 5","","","G. Perdagangan Besar dan Eceran, Reparasi Mobil dan Sepeda Motor","SBR"],
    ["68799","PERKEBUNAN NAMO BASING","KOMPLEK CBD POLONIA JL PADANG GOLF","prelist","MEDAN POLONIA","SUKA DAMAI","LINGKUNGAN 5","","","G. Perdagangan Besar dan Eceran, Reparasi Mobil dan Sepeda Motor","SBR"],
    ["68843","MITRA PERSADA INSANI","JL CINTA KARYA","prelist","MEDAN POLONIA","SARI REJO","LINGKUNGAN 3","","","G. Perdagangan Besar dan Eceran, Reparasi Mobil dan Sepeda Motor","SBR"],
    ["68915","GUNA ELEKTRO","JL H MISBAH KOMP TAMAN MULTATULI INDAH","prelist","MEDAN POLONIA","SUKA DAMAI","LINGKUNGAN 5","","","G. Perdagangan Besar dan Eceran, Reparasi Mobil dan Sepeda Motor","SBR"],
    ["68930","TELEKOMUNIKASI SELULAR","JL PADANG GOLF KOMPLEK CBD","prelist","MEDAN POLONIA","SUKA DAMAI","LINGKUNGAN 5","","","G. Perdagangan Besar dan Eceran, Reparasi Mobil dan Sepeda Motor","SBR"],
    ["68977","IZUMIDA SUKSES BERJAYA","JALAN DR. CIPTO NO. 2","prelist","MEDAN POLONIA","ANGGRUNG","LINGKUNGAN 4","","","I. Penyediaan Akomodasi dan Makan Minum","SBR"],
    ["69017","MITRA PRATAMA","JL.KEDIRI NO.32, MADRAS HULU","prelist","MEDAN POLONIA","MADRAS HULU","LINGKUNGAN 3","","","G. Perdagangan Besar dan Eceran, Reparasi Mobil dan Sepeda Motor","SBR"],
    ["69144","BINA KARYA CONSULTAN","JL KARYA SEHATI","prelist","MEDAN POLONIA","POLONIA","LINGKUNGAN 3","","","M. Jasa Profesional, Ilmiah, dan Teknis","SBR"],
    ["69175","EXXON MOBIL OIL INDONESIA INC","TERMINAL DOMESTIK BANDARA POLONIA LT.II, POLONIA","prelist","MEDAN POLONIA","SUKA DAMAI","LINGKUNGAN 5","","","B. Pertambangan dan Penggalian","SBR"],
    ["69181","KANTOR JASA PENILAI PUBLIK IMMANUEL, JOHNNY DAN REKAN","JL. IMAM BONJOL GEDUNG MANDIRI LT. 7","prelist","MEDAN POLONIA","MADRAS HULU","LINGKUNGAN 1","","","K. Aktivitas Keuangan Dan Asuransi","SBR"],
    ["69222","DWIKEN ABADI","JL TAMAN POLONIA IV NO. 29, SUKA DAMAI","prelist","MEDAN POLONIA","SUKA DAMAI","LINGKUNGAN 4","","","G. Perdagangan Besar dan Eceran, Reparasi Mobil dan Sepeda Motor","SBR"],
    ["69230","LESTARI JAYA ALAM","JL. TAMAN POLONIA III NO.73","prelist","MEDAN POLONIA","SUKA DAMAI","LINGKUNGAN 4","","","G. Perdagangan Besar dan Eceran, Reparasi Mobil dan Sepeda Motor","SBR"],
    ["69365","SARANA SUKSES SENTOSA","JL PADANG GOLF, KOMPLEK CBD POLONIA","prelist","MEDAN POLONIA","SUKA DAMAI","LINGKUNGAN 5","","","G. Perdagangan Besar dan Eceran, Reparasi Mobil dan Sepeda Motor","SBR"],
    ["69477","BATAHARI INDAH SEJATI","JL KAPTEN PATTIMURA","prelist","MEDAN POLONIA","ANGGRUNG","LINGKUNGAN 4","","","G. Perdagangan Besar dan Eceran, Reparasi Mobil dan Sepeda Motor","SBR"],
    ["69488","AURORA FLIN BERSAMA","JL. ADI SUCIPTO","prelist","MEDAN POLONIA","SUKA DAMAI","LINGKUNGAN 5","","","G. Perdagangan Besar dan Eceran, Reparasi Mobil dan Sepeda Motor","SBR"],
    ["69502","DOMPI KREASI PERKASA","JL URIP","prelist","MEDAN POLONIA","ANGGRUNG","LINGKUNGAN 4","","","G. Perdagangan Besar dan Eceran, Reparasi Mobil dan Sepeda Motor","SBR"],
    ["69564","ADIMAKAYASA CIPTA JAYA","JL TENGKU CIK DITIRO","prelist","MEDAN POLONIA","MADRAS HULU","LINGKUNGAN 7","","","L. Real Estat","SBR"],
    ["69569","SUKSES INSAN PROFESIONAL","KOMPLEK CBD POLONIA JL PADANG GOLF","prelist","MEDAN POLONIA","SUKA DAMAI","LINGKUNGAN 5","","","G. Perdagangan Besar dan Eceran, Reparasi Mobil dan Sepeda Motor","SBR"],
    ["69611","DUA MALAIKAT","SUN PLAZA LANTAI 2 NO. 16-19 JL. KH ZAINUDIN ARIFIN NO. 7","prelist","MEDAN POLONIA","MADRAS HULU","LINGKUNGAN 9","","","G. Perdagangan Besar dan Eceran, Reparasi Mobil dan Sepeda Motor","SBR"],
    ["69612","IPLUG INDONESIA","JL HZAINUL ARIFIN SUN PLAZA LT2 BLOK B NO29","prelist","MEDAN POLONIA","MADRAS HULU","LINGKUNGAN 9","","","G. Perdagangan Besar dan Eceran, Reparasi Mobil dan Sepeda Motor","SBR"],
    ["69672","MODENA INDONESIA","JL S PARMAN","prelist","MEDAN POLONIA","MADRAS HULU","LINGKUNGAN 9","","","G. Perdagangan Besar dan Eceran, Reparasi Mobil dan Sepeda Motor","SBR"],
    ["69741","MITRA GRAHA SEJAHTERA INDAH","JL T. CIK DITIRO","prelist","MEDAN POLONIA","MADRAS HULU","LINGKUNGAN 7","","","L. Real Estat","SBR"],
    ["69743","GRAHA MANDIRI","JL KARYA DARMA","prelist","MEDAN POLONIA","POLONIA","LINGKUNGAN 4","","","G. Perdagangan Besar dan Eceran, Reparasi Mobil dan Sepeda Motor","SBR"],
    ["69752","HARAPAN LUAS CEMERLANG","KOMPLEK CBD POLONIA","prelist","MEDAN POLONIA","SUKA DAMAI","LINGKUNGAN 5","","","G. Perdagangan Besar dan Eceran, Reparasi Mobil dan Sepeda Motor","SBR"],
    ["69781","PC ONE TECHNOLOGY","SUN PLAZA LG ZONE C-48 JL KH ZAINUL ARIFIN","prelist","MEDAN POLONIA","MADRAS HULU","LINGKUNGAN 9","","","G. Perdagangan Besar dan Eceran, Reparasi Mobil dan Sepeda Motor","SBR"],
    ["69806","JAYA MANDIRI ENGINEERING","JL STARBAN GG ROTAN","prelist","MEDAN POLONIA","POLONIA","LINGKUNGAN 10","","","G. Perdagangan Besar dan Eceran, Reparasi Mobil dan Sepeda Motor","SBR"],
    ["69861","FRONTIER DIGITAL PROIMAGE","JL HZ ARIFIN","prelist","MEDAN POLONIA","MADRAS HULU","LINGKUNGAN 1","","","G. Perdagangan Besar dan Eceran, Reparasi Mobil dan Sepeda Motor","SBR"],
    ["69885","MESTIKA MANDALA PERDANA","KOMPLEK CBD POLONIA JL.PADANG GOLF","prelist","MEDAN POLONIA","SUKA DAMAI","LINGKUNGAN 5","","","L. Real Estat","SBR"],
    ["69945","EKA NUSANTARA","JL. STARBAN GG. WAHYU LK. XI","prelist","MEDAN POLONIA","POLONIA","LINGKUNGAN 11","","","G. Perdagangan Besar dan Eceran, Reparasi Mobil dan Sepeda Motor","SBR"],
    ["69959","MUARO TEKNIK","JL MONGONSIDI","prelist","MEDAN POLONIA","POLONIA","LINGKUNGAN 1","","","G. Perdagangan Besar dan Eceran, Reparasi Mobil dan Sepeda Motor","SBR"],
    ["69970","SOLUSI TRANSPORTASI INDONESIA","JL PADANG GOLF KOMPLEK CBD POLONIA","prelist","MEDAN POLONIA","SUKA DAMAI","LINGKUNGAN 5","","","J. Informasi dan Komunikasi","SBR"],
    ["69987","KOPI ATAS INDONESIA","JL KH ZAINUL ARIFIN 7, SUN PLAZA LT III ZONE A NO. 9, 10, 10A, 21, 22, DAN 23","prelist","MEDAN POLONIA","MADRAS HULU","LINGKUNGAN 9","","","A. Pertanian, Kehutanan, dan Perikanan","SBR"],
    ["70041","NUSALAND","JL IR H JUANDA","prelist","MEDAN POLONIA","SUKA DAMAI","LINGKUNGAN 5","","","G. Perdagangan Besar dan Eceran, Reparasi Mobil dan Sepeda Motor","SBR"],
    ["70081","SUKSES JAYA ALKESINDO","KOMODOR MUDA ADI SUCIPTO KOMPLEKS THE CITY VIEW","prelist","MEDAN POLONIA","SUKA DAMAI","LINGKUNGAN 3","","","G. Perdagangan Besar dan Eceran, Reparasi Mobil dan Sepeda Motor","SBR"],
    ["70143","PT.BISA BAHAGIA AGUNG","TEUKU DAUD","prelist","MEDAN POLONIA","MADRAS HULU","LINGKUNGAN 1","","","G. Perdagangan Besar dan Eceran, Reparasi Mobil dan Sepeda Motor","SBR"],
    ["70226","JADE PROPERTY","JL. KOMODOR MUDA ALI KOMP. CITY VIEW","prelist","MEDAN POLONIA","SUKA DAMAI","LINGKUNGAN 5","","","G. Perdagangan Besar dan Eceran, Reparasi Mobil dan Sepeda Motor","SBR"],
    ["70235","CV INOVASI KARYA INDONESIA","MONGONSIDI","prelist","MEDAN POLONIA","ANGGRUNG","LINGKUNGAN 4","","","G. Perdagangan Besar dan Eceran, Reparasi Mobil dan Sepeda Motor","SBR"],
    ["70275","TEKNOLOGI PENGANGKUTAN INDONESIA","CBD POLONIA JL KARANG SARI","prelist","MEDAN POLONIA","SUKA DAMAI","LINGKUNGAN 3","","","H. Transportasi dan Pergudangan","SBR"],
    ["70281","BADAN PENGELOLA MALIBU","JL. MALIBU LESTARI RAYA","prelist","MEDAN POLONIA","SUKA DAMAI","LINGKUNGAN 3","","","G. Perdagangan Besar dan Eceran, Reparasi Mobil dan Sepeda Motor","SBR"],
    ["70338","KARYA SUKSES USAHA MANDIRI","JL. MONGONSIDI NO.45, POLONIA","prelist","MEDAN POLONIA","SUKA DAMAI","LINGKUNGAN 5","","","G. Perdagangan Besar dan Eceran, Reparasi Mobil dan Sepeda Motor","SBR"],
    ["70425","TRIMITRA BOGA JAYA","SUN PLAZA FRONT COFFEE BOX LEVEL 4 JL K H ZAINUL ARIFIN","prelist","MEDAN POLONIA","MADRAS HULU","LINGKUNGAN 9","","","G. Perdagangan Besar dan Eceran, Reparasi Mobil dan Sepeda Motor","SBR"],
    ["70427","CV GLOBAL INDO MAKMUR","SUN PLAZA LEVEL 3 ZONA B-29 JL KH ZAINUL ARIFIN","prelist","MEDAN POLONIA","MADRAS HULU","LINGKUNGAN 9","","","G. Perdagangan Besar dan Eceran, Reparasi Mobil dan Sepeda Motor","SBR"],
    ["70499","JOY SCOPE INDONESIA","JL RA. KARTINI","prelist","MEDAN POLONIA","MADRAS HULU","LINGKUNGAN 7","","","P. Pendidikan","SBR"],
    ["70513","TARUNA BANGSA CITRA JAYA ABADI","KOMPLEK CBD POLONIA","prelist","MEDAN POLONIA","SUKA DAMAI","LINGKUNGAN 5","","","G. Perdagangan Besar dan Eceran, Reparasi Mobil dan Sepeda Motor","SBR"],
    ["70559","MITRA KARYA SEJATI","JL KARYA SEJATI","prelist","MEDAN POLONIA","POLONIA","LINGKUNGAN 5","","","G. Perdagangan Besar dan Eceran, Reparasi Mobil dan Sepeda Motor","SBR"],
    ["70567","BAHTERA NUH AGROMULIA","JALAN PEKONG -I","prelist","MEDAN POLONIA","POLONIA","LINGKUNGAN 7","","","A. Pertanian, Kehutanan, dan Perikanan","SBR"],
    ["70569","WIDJAJA INDO NUSA","JL. PADANG GOLF KOMPLEK CBD POLONIA","prelist","MEDAN POLONIA","SUKA DAMAI","LINGKUNGAN 5","","","G. Perdagangan Besar dan Eceran, Reparasi Mobil dan Sepeda Motor","SBR"],
    ["70614","SUKSES JAYA FOOD","KOMPLEK CBD","prelist","MEDAN POLONIA","SUKA DAMAI","LINGKUNGAN 5","","","G. Perdagangan Besar dan Eceran, Reparasi Mobil dan Sepeda Motor","SBR"],
    ["70692","BALE DIPA ARUNA","KOMP.POLONIA RIVER BLOK A-23 LK III RT. 00 RW. 00","prelist","MEDAN POLONIA","SUKA DAMAI","LINGKUNGAN 5","","","G. Perdagangan Besar dan Eceran, Reparasi Mobil dan Sepeda Motor","SBR"],
    ["70702","MITRA SEJAHTERA ABADI","JL S PARMAN NO 217 CAMBRIDGE CITY SQUARE LANTAI GF","prelist","MEDAN POLONIA","MADRAS HULU","LINGKUNGAN 1","","","I. Penyediaan Akomodasi dan Makan Minum","SBR"],
    ["70747","MEGA CAHAYA","JL. ADI SUCIPTO KOMPLEK POLONIA RIVER VIEW","prelist","MEDAN POLONIA","SARI REJO","LINGKUNGAN 6","","","G. Perdagangan Besar dan Eceran, Reparasi Mobil dan Sepeda Motor","SBR"],
    ["70763","ARGYA SIMAR MEMBANGUN","JL. SUBUR II GG. PRIBADI","prelist","MEDAN POLONIA","SARI REJO","LINGKUNGAN 2","","","G. Perdagangan Besar dan Eceran, Reparasi Mobil dan Sepeda Motor","SBR"],
    ["70768","MOMBEE PRIMA INDONESIA","JL. SEKIP","prelist","MEDAN POLONIA","MADRAS HULU","LINGKUNGAN 10","","","G. Perdagangan Besar dan Eceran, Reparasi Mobil dan Sepeda Motor","SBR"],
    ["70791","AKUA INDO RAHARJA","KOMPLEK CBD POLONIA","prelist","MEDAN POLONIA","SUKA DAMAI","LINGKUNGAN 5","","","G. Perdagangan Besar dan Eceran, Reparasi Mobil dan Sepeda Motor","SBR"],
    ["70935","ARTHA BAJA PERKASA","JL JENGGALA","prelist","MEDAN POLONIA","MADRAS HULU","LINGKUNGAN 1","","","G. Perdagangan Besar dan Eceran, Reparasi Mobil dan Sepeda Motor","SBR"],
    ["70945","NAKU FREIGHT INDONESIA","GEDUNG SINAR MAS LAND PLAZA LT 4 SUITE 405 JL P DIPONEGORO","prelist","MEDAN POLONIA","MADRAS HULU","LINGKUNGAN 9","","","N. Jasa Persewaan, Ketenagakerjaan, Agen Perjalanan, dan Jasa Pendukung","SBR"],
    ["70948","PEMBINA LEMBAGA PENDIDIKAN PGRI","JL. T. CIK DITIRO","prelist","MEDAN POLONIA","MADRAS HULU","LINGKUNGAN 7","","","P. Pendidikan","SBR"],
    ["71092","KENJI ABADI SAKTI","KOMPLEK CBD POLONIA","prelist","MEDAN POLONIA","SUKA DAMAI","LINGKUNGAN 5","","","G. Perdagangan Besar dan Eceran, Reparasi Mobil dan Sepeda Motor","SBR"],
    ["71098","KERAMBA TAO","JL. KARYA SEJATI NO. 66 / 36, POLONIA","prelist","MEDAN POLONIA","POLONIA","LINGKUNGAN 5","","","G. Perdagangan Besar dan Eceran, Reparasi Mobil dan Sepeda Motor","SBR"],
    ["71173","CENTRIN ONLINE PRIMA","WISMA BII LT 6 ROOM 607 JL P DIPONEGORO","prelist","MEDAN POLONIA","MADRAS HULU","LINGKUNGAN 7","","","G. Perdagangan Besar dan Eceran, Reparasi Mobil dan Sepeda Motor","SBR"],
    ["71180","JAYA BERSAMA","JL KARYA BERSAMA LK V","prelist","MEDAN POLONIA","POLONIA","LINGKUNGAN 5","","","G. Perdagangan Besar dan Eceran, Reparasi Mobil dan Sepeda Motor","SBR"],
    ["71192","SUMBER ALAM MAKMUR SENTOSA","JL HANG KESTURI","prelist","MEDAN POLONIA","MADRAS HULU","LINGKUNGAN 7","","","C. Industri Pengolahan","SBR"],
    ["71193","LAYANAN PESAN ANTAR","JL.CEMPAKA","prelist","MEDAN POLONIA","SARI REJO","LINGKUNGAN 4","","","G. Perdagangan Besar dan Eceran, Reparasi Mobil dan Sepeda Motor","SBR"],
    ["71213","ABDI MULIA ABADI","JALAN DOKTOR CIPTO","prelist","MEDAN POLONIA","ANGGRUNG","LINGKUNGAN 4","","","Q. Jasa Kesehatan dan Kegiatan Sosial","SBR"],
    ["71214","FOUNTAIN","JL RW MONGONSIDI","prelist","MEDAN POLONIA","ANGGRUNG","LINGKUNGAN 8","","","I. Penyediaan Akomodasi dan Makan Minum","SBR"],
    ["71330","KSO SUSHI MENTAI INDONESIA (CABANG MEDAN)","JALAN DR. CIPTO NO. 2","prelist","MEDAN POLONIA","ANGGRUNG","LINGKUNGAN 4","","","I. Penyediaan Akomodasi dan Makan Minum","SBR"],
    ["71339","EMPATPULUH TIGADELAPAN BERKARISMA","TEUKU UMAR","prelist","MEDAN POLONIA","MADRAS HULU","LINGKUNGAN 7","","","I. Penyediaan Akomodasi dan Makan Minum","SBR"],
    ["71488","MULTI TECH","JL SEJATI GG KASIH NO. 23A, SARI REJO","prelist","MEDAN POLONIA","SARI REJO","LINGKUNGAN 9","","","G. Perdagangan Besar dan Eceran, Reparasi Mobil dan Sepeda Motor","SBR"],
    ["71598","INDO SURGA JAYA","JL. KH ZAINUL ARIFIN NO. 7, GEDUNG SUN PLAZA LANTAI LOWER GROUND ZONE A NO. 19","prelist","MEDAN POLONIA","MADRAS HULU","LINGKUNGAN 9","","","G. Perdagangan Besar dan Eceran, Reparasi Mobil dan Sepeda Motor","SBR"],
    ["71602","DUTA INTIDAYA TBK.","SUN PLAZA UNIT L3A 41 42 43 JL K H ZAINUL ARIFIN","prelist","MEDAN POLONIA","MADRAS HULU","LINGKUNGAN 1","","","G. Perdagangan Besar dan Eceran, Reparasi Mobil dan Sepeda Motor","SBR"],
    ["71639","BANK PERMATA TBK.","JL K.H.ZAINUL ARIFIN","prelist","MEDAN POLONIA","MADRAS HULU","LINGKUNGAN 9","","","K. Aktivitas Keuangan Dan Asuransi","SBR"],
    ["71640","KARYAWAN PT. UBERTRACO PERKEBUNAN","JL. T. CIK DITIRO NO. 8 M, MADRAS HULU","prelist","MEDAN POLONIA","MADRAS HULU","LINGKUNGAN 6","","","K. Aktivitas Keuangan Dan Asuransi","SBR"],
    ["71644","RUMAH NIAGA INDONESIA","JL.PADANG GOLF KOMPLEK CBD POLONIA BLOK C NO.37","prelist","MEDAN POLONIA","SUKA DAMAI","LINGKUNGAN 5","","","G. Perdagangan Besar dan Eceran, Reparasi Mobil dan Sepeda Motor","SBR"],
    ["71656","SARIMELATI KENCANA TBK.","JL KH ZAINUL ARIFIN 7, SUN PLAZA LG ZONE C 42,43,45,47","prelist","MEDAN POLONIA","MADRAS HULU","LINGKUNGAN 7","","","I. Penyediaan Akomodasi dan Makan Minum","SBR"],
    ["71693","HERO SUPERMARKET TBK.","JL H ZAINUL ARIFIN","prelist","MEDAN POLONIA","MADRAS HULU","LINGKUNGAN 1","","","G. Perdagangan Besar dan Eceran, Reparasi Mobil dan Sepeda Motor","SBR"],
    ["71697","AZIRA MANDIRI","JL MAWAR GG SEJAHTERA","prelist","MEDAN POLONIA","SARI REJO","LINGKUNGAN 4","","","G. Perdagangan Besar dan Eceran, Reparasi Mobil dan Sepeda Motor","SBR"],
    ["71743","ROMANDO JAYA MANDIRI","JL. SUBUR II GG. PRIBADI NO. 17","prelist","MEDAN POLONIA","SARI REJO","LINGKUNGAN 2","","","G. Perdagangan Besar dan Eceran, Reparasi Mobil dan Sepeda Motor","SBR"],
    ["71822","PANIN SEKURITAS TBK.","WISMA BII LANTAI 4 SUITE 404 JL P DIPONEGORO","prelist","MEDAN POLONIA","MADRAS HULU","LINGKUNGAN 7","","","K. Aktivitas Keuangan Dan Asuransi","SBR"],
    ["71830","ANTARIKSA JAYA","JL SMA NEGERI 2","prelist","MEDAN POLONIA","SUKA DAMAI","LINGKUNGAN 3","","","F. Konstruksi","SBR"],
    ["71900","HARTANAH MEDAN MAKMUR","JALAN PADANG GOLF, KOMPLEK CBD POLONIA","prelist","MEDAN POLONIA","POLONIA","LINGKUNGAN 7","","","M. Jasa Profesional, Ilmiah, dan Teknis","SBR"],
    ["72053","SUMANET MITRA INTEGRASI","JL MUARATAKUS","prelist","MEDAN POLONIA","MADRAS HULU","LINGKUNGAN 4","","","G. Perdagangan Besar dan Eceran, Reparasi Mobil dan Sepeda Motor","SBR"],
    ["72090","WAHANA NOER ABADI","JL USKUP AGUNG","prelist","MEDAN POLONIA","MADRAS HULU","LINGKUNGAN 7","","","I. Penyediaan Akomodasi dan Makan Minum","SBR"],
    ["72108","GRAHA MANDIRI KENCANA","JALAN MONGONSIDI","prelist","MEDAN POLONIA","ANGGRUNG","LINGKUNGAN 8","","","L. Real Estat","SBR"],
    ["72113","METRO RAKYAT INTERMEDIA","JL STARBAN GG BILAL","prelist","MEDAN POLONIA","POLONIA","LINGKUNGAN 10","","","J. Informasi dan Komunikasi","SBR"],
    ["72121","ANGGREINY PERDANA","JL.TERATAI NO NO.178, SARI REJO","prelist","MEDAN POLONIA","SARI REJO","LINGKUNGAN 5","","","F. Konstruksi","SBR"],
    ["72139","HACHI JONS INDONESIA","JL PIPA UTAMA LK VI","prelist","MEDAN POLONIA","SARI REJO","LINGKUNGAN 6","","","C. Industri Pengolahan","SBR"],
    ["72170","PRIMER KOPERASI KOSEK HANUDNAS III MEDAN","JL ADI SUCIPTO","prelist","MEDAN POLONIA","SUKA DAMAI","LINGKUNGAN 5","","","G. Perdagangan Besar dan Eceran, Reparasi Mobil dan Sepeda Motor","SBR"],
    ["72266","BINA GRAHA JAYA","JL SEI KERA GG RAHIM","prelist","MEDAN POLONIA","MADRAS HULU","LINGKUNGAN 9","","","G. Perdagangan Besar dan Eceran, Reparasi Mobil dan Sepeda Motor","SBR"],
    ["72301","ASURANSI BANGUN ASKRIDA","JL IMAM BONJOL NO.18,GEDUNG PT.BANK SUMUT LT.V, MADRAS HULU","prelist","MEDAN POLONIA","MADRAS HULU","LINGKUNGAN 9","","","K. Aktivitas Keuangan Dan Asuransi","SBR"],
    ["72311","SYARAT TUJUH TUJUH","JL SMAN II LK VI","prelist","MEDAN POLONIA","SARI REJO","LINGKUNGAN 4","","","G. Perdagangan Besar dan Eceran, Reparasi Mobil dan Sepeda Motor","SBR"],
    ["72395","MITRA KARYA INDOGUNA","KOMPLEK CBD POLONIA, BLOK E-68","prelist","MEDAN POLONIA","SUKA DAMAI","LINGKUNGAN 5","","","G. Perdagangan Besar dan Eceran, Reparasi Mobil dan Sepeda Motor","SBR"],
    ["72417","MARITIM SINAR UTAMA","JL P DIPONEGORO GD SINAR MAS LAND PLAZA LT 8 SUITE 808","prelist","MEDAN POLONIA","MADRAS HULU","LINGKUNGAN 7","","","H. Transportasi dan Pergudangan","SBR"],
    ["72445","NIKMAT ANUGERAH NUSANTARA","JL PERINTIS KEMERDEKAAN","prelist","MEDAN POLONIA","SUKA DAMAI","LINGKUNGAN 5","","","I. Penyediaan Akomodasi dan Makan Minum","SBR"],
    ["72461","BANK KEB HANA INDONESIA","JL SUDIRMAN","prelist","MEDAN POLONIA","MADRAS HULU","LINGKUNGAN 8","","","K. Aktivitas Keuangan Dan Asuransi","SBR"],
    ["72548","PINTAR RAJIN INOVATIF MANDIRI SUKSES","JL A H NASUTION GG KARYA APRIL","prelist","MEDAN POLONIA","SARI REJO","LINGKUNGAN 7","","","P. Pendidikan","SBR"],
    ["72701","TIRTA ALPIN MAKMUR","JL KEDIRI","prelist","MEDAN POLONIA","MADRAS HULU","LINGKUNGAN 3","","","G. Perdagangan Besar dan Eceran, Reparasi Mobil dan Sepeda Motor","SBR"],
    ["72841","KARYA FURNINDO MODERN","JL K.H.Z.ARIFIN NO.7 SUN PLAZA","prelist","MEDAN POLONIA","MADRAS HULU","LINGKUNGAN 9","","","C. Industri Pengolahan","SBR"],
    ["72876","TILLIS COSMETIKA INDONESIA","JL TERNAK NO. 108/14, POLONIA","prelist","MEDAN POLONIA","POLONIA","LINGKUNGAN 7","","","G. Perdagangan Besar dan Eceran, Reparasi Mobil dan Sepeda Motor","SBR"],
    ["72888","AEROTRANS SERVICES INDONESIA","JL SMA NEGERI 2 LK VI","prelist","MEDAN POLONIA","SUKA DAMAI","LINGKUNGAN 3","","","H. Transportasi dan Pergudangan","SBR"],
    ["72896","POKJA BUNDA PAUD SUMUT","JL. TENGKU CIK DITIRO NO.8","prelist","MEDAN POLONIA","MADRAS HULU","LINGKUNGAN 6","","","P. Pendidikan","SBR"],
    ["72973","RAYA AGUNG MANDIRI","KOMPLEK POLONIA RIVER VIEW LK III","prelist","MEDAN POLONIA","SUKA DAMAI","LINGKUNGAN 3","","","G. Perdagangan Besar dan Eceran, Reparasi Mobil dan Sepeda Motor","SBR"],
    ["72982","DUTA HIDUP","JL MONGONSIDI","prelist","MEDAN POLONIA","POLONIA","LINGKUNGAN 1","","","G. Perdagangan Besar dan Eceran, Reparasi Mobil dan Sepeda Motor","SBR"],
    ["72986","MITRA ABADI","KOMPLEK CENTRAL BISNIS DISTRIK POLONIA","prelist","MEDAN POLONIA","ANGGRUNG","LINGKUNGAN 2","","","G. Perdagangan Besar dan Eceran, Reparasi Mobil dan Sepeda Motor","SBR"],
    ["73002","SARIMELATI KENCANA TBK.","JL LETJEND SUPRAPTO","prelist","MEDAN POLONIA","SARI REJO","LINGKUNGAN 4","","","I. Penyediaan Akomodasi dan Makan Minum","SBR"],
    ["73055","SARI KREASI INDONESIA","KOMPLEK CBD","prelist","MEDAN POLONIA","SUKA DAMAI","LINGKUNGAN 5","","","G. Perdagangan Besar dan Eceran, Reparasi Mobil dan Sepeda Motor","SBR"],
    ["73062","KARYATAMA DINAMIKA SENTOSA","JL.MUARA TAKUS NO.24, MADRAS HULU","prelist","MEDAN POLONIA","MADRAS HULU","LINGKUNGAN 3","","","G. Perdagangan Besar dan Eceran, Reparasi Mobil dan Sepeda Motor","SBR"],
    ["73074","LYDUMA PROPERTINDO INTERMAS","JL MASDULHAK","prelist","MEDAN POLONIA","ANGGRUNG","LINGKUNGAN 4","","","F. Konstruksi","SBR"],
    ["73075","KIAT SENTOSA","JL HZAINUL ARIFIN SUN PLAZA LEVEL-2A-01","prelist","MEDAN POLONIA","MADRAS HULU","LINGKUNGAN 7","","","I. Penyediaan Akomodasi dan Makan Minum","SBR"],
    ["73150","INSEARCH","JL KARTINI","prelist","MEDAN POLONIA","MADRAS HULU","LINGKUNGAN 10","","","P. Pendidikan","SBR"],
    ["73234","ELKA JAYA INTERNASIONAL","JL MUARA TAKUS","prelist","MEDAN POLONIA","MADRAS HULU","LINGKUNGAN 4","","","H. Transportasi dan Pergudangan","SBR"],
    ["73239","PERGURUAN MUHAJIRIN","JL.CINTA KARYA GG MUHAJIRIN NO.10, SARI REJO","prelist","MEDAN POLONIA","SARI REJO","LINGKUNGAN 3","","","O. Administrasi Pemerintahan, Pertahanan, dan Jaminan Sosial Wajib","SBR"],
    ["73259","INTERNASIONAL PROPERTY INDONESIA","JL KH ZAINUL ARIFIN","prelist","MEDAN POLONIA","MADRAS HULU","LINGKUNGAN 1","","","F. Konstruksi","SBR"],
    ["73404","RAYMOND","JL MONGINSIDI","prelist","MEDAN POLONIA","ANGGRUNG","LINGKUNGAN 8","","","G. Perdagangan Besar dan Eceran, Reparasi Mobil dan Sepeda Motor","SBR"],
    ["73457","BANGUN JAYA PERTIWI","JL. TERNAK NO. 65 LK. VII","prelist","MEDAN POLONIA","POLONIA","LINGKUNGAN 6","","","G. Perdagangan Besar dan Eceran, Reparasi Mobil dan Sepeda Motor","SBR"],
    ["73515","PT. GALEMPA SEJAHTERA BERSAMA","SINAR MAS LAND PLAZA LT VII JALAN DIPONEGORO","prelist","MEDAN POLONIA","MADRAS HULU","LINGKUNGAN 9","","","G. Perdagangan Besar dan Eceran, Reparasi Mobil dan Sepeda Motor","SBR"],
    ["73527","PALUMSA ENGINERING KONSULTAN","JL KARYA SEHATI","prelist","MEDAN POLONIA","POLONIA","LINGKUNGAN 4","","","M. Jasa Profesional, Ilmiah, dan Teknis","SBR"],
    ["73538","CITILINK INDONESIA","BANDARA POLONIA MEDAN TERMINAL KEBERANGKATAN","prelist","MEDAN POLONIA","SUKA DAMAI","LINGKUNGAN 5","","","H. Transportasi dan Pergudangan","SBR"],
    ["73544","RAUDHATUL ATHFAL AL-HIDAYAH","JL.CINTA KARYA GG.LANGGAR NO.25 A, SARI REJO","prelist","MEDAN POLONIA","SARI REJO","LINGKUNGAN 4","","","O. Administrasi Pemerintahan, Pertahanan, dan Jaminan Sosial Wajib","SBR"],
    ["73554","SRI H T","JL. CINTA KARYA NO. 141 LK. IV, SARI REJO","prelist","MEDAN POLONIA","SARI REJO","LINGKUNGAN 4","","","J. Informasi dan Komunikasi","SBR"],
    ["73715","ENSEM LESTARI","JL IR H JUANDA II NO 28-O","prelist","MEDAN POLONIA","SUKA DAMAI","LINGKUNGAN 5","","","C. Industri Pengolahan","SBR"],
    ["73755","DAMAR MULIA","JL.MUARATAKUS NO.2-F, PETISAH TENGAH","prelist","MEDAN POLONIA","MADRAS HULU","LINGKUNGAN 4","","","F. Konstruksi","SBR"],
    ["73771","RADIO KIDUNG INDAH SELARAS SUARA","JL CUT NYAK DIN","prelist","MEDAN POLONIA","MADRAS HULU","LINGKUNGAN 10","","","J. Informasi dan Komunikasi","SBR"],
    ["73821","FORUM MASYARAKAT SARIREJO (FORMAS)","JL.ANTARIKSA GG.NASIONAL NO.6 RT. 0 RW. 0","prelist","MEDAN POLONIA","SARI REJO","LINGKUNGAN 9","","","G. Perdagangan Besar dan Eceran, Reparasi Mobil dan Sepeda Motor","SBR"],
    ["73826","CYBERINDO ADITAMA","KOMPLEK CBD POLONIA JL PADANG GOLF RUKO","prelist","MEDAN POLONIA","SUKA DAMAI","LINGKUNGAN 5","","","J. Informasi dan Komunikasi","SBR"],
    ["73842","GRIYA RAHMAT CIPTA","JL T CIK DITIRO","prelist","MEDAN POLONIA","MADRAS HULU","LINGKUNGAN 2","","","G. Perdagangan Besar dan Eceran, Reparasi Mobil dan Sepeda Motor","SBR"],
    ["73847","FAMILI JAYA","SUBUR GG.MEJUA-JUAH","prelist","MEDAN POLONIA","SARI REJO","LINGKUNGAN 2","","","G. Perdagangan Besar dan Eceran, Reparasi Mobil dan Sepeda Motor","SBR"],
    ["73849","NARIO","JL TERATAI GG MULIA LK V","prelist","MEDAN POLONIA","SARI REJO","LINGKUNGAN 5","","","G. Perdagangan Besar dan Eceran, Reparasi Mobil dan Sepeda Motor","SBR"],
    ["73967","MUTIARA SOLID REALTY","JL P DIPONEGORO","prelist","MEDAN POLONIA","MADRAS HULU","LINGKUNGAN 7","","","G. Perdagangan Besar dan Eceran, Reparasi Mobil dan Sepeda Motor","SBR"],
    ["73998","DAILY JAYAINDO","KOMPLEK POLONIA RIVER VIEW","prelist","MEDAN POLONIA","SUKA DAMAI","LINGKUNGAN 5","","","G. Perdagangan Besar dan Eceran, Reparasi Mobil dan Sepeda Motor","SBR"],
    ["74052","TIO MEGAH KONSTRUKSI","JL PADANG GOLF KOMPLEK CBD POLONIA","prelist","MEDAN POLONIA","SUKA DAMAI","LINGKUNGAN 5","","","F. Konstruksi","SBR"],
    ["74134","MITRA JAYA SEJAHTERA","JL.TERATAI NO.26 LK.V","prelist","MEDAN POLONIA","SARI REJO","LINGKUNGAN 5","","","G. Perdagangan Besar dan Eceran, Reparasi Mobil dan Sepeda Motor","SBR"],
    ["74187","BAGAS GODANG RANGKUTI DOHOT ANAK BORUNA","JL. ANTARIKSA LK. VI","prelist","MEDAN POLONIA","SARI REJO","LINGKUNGAN 6","","","F. Konstruksi","SBR"],
    ["74246","BANK BTPN TBK.","JL H Z ARIFIN","prelist","MEDAN POLONIA","MADRAS HULU","LINGKUNGAN 1","","","K. Aktivitas Keuangan Dan Asuransi","SBR"],
    ["74368","CANTIK BAHAGIA ABADI","JL. TEUKU DAUD NO. 6A","prelist","MEDAN POLONIA","MADRAS HULU","LINGKUNGAN 9","","","I. Penyediaan Akomodasi dan Makan Minum","SBR"],
    ["74405","WIRIC INDONESIA ABADI","KOMPLEK CBD POLONIA","prelist","MEDAN POLONIA","SUKA DAMAI","LINGKUNGAN 5","","","G. Perdagangan Besar dan Eceran, Reparasi Mobil dan Sepeda Motor","SBR"],
    ["74468","KARYA ANAK BANGSA","MUARA TAKUS","prelist","MEDAN POLONIA","MADRAS HULU","LINGKUNGAN 4","","","G. Perdagangan Besar dan Eceran, Reparasi Mobil dan Sepeda Motor","SBR"],
    ["74483","SYUKUR INDAH MULIA","JL SUDIRMAN","prelist","MEDAN POLONIA","MADRAS HULU","LINGKUNGAN 8","","","I. Penyediaan Akomodasi dan Makan Minum","SBR"],
    ["74499","FAST RETAILING INDONESIA","JL KH ZAINUL ARIFIN 7, SUN PLAZA GRAND FLOOR ZONA A NO. 01","prelist","MEDAN POLONIA","MADRAS HULU","LINGKUNGAN 9","","","G. Perdagangan Besar dan Eceran, Reparasi Mobil dan Sepeda Motor","SBR"],
    ["74549","ASIA BANDAR ALAM","JL KHZ. ARIFIN SUN PLAZA GROUND FLOOR","prelist","MEDAN POLONIA","MADRAS HULU","LINGKUNGAN 7","","","G. Perdagangan Besar dan Eceran, Reparasi Mobil dan Sepeda Motor","SBR"],
    ["74559","PERK.NORT SUMATERA YING CHOW (FOOD CHOW) ASSOCIATION","KOMP.CENTRAL BUSINESS DISTRICT (CBD) POLONIA C-98, SUKA DAMAI","prelist","MEDAN POLONIA","SUKA DAMAI","LINGKUNGAN 5","","","P. Pendidikan","SBR"],
    ["74576","ARYA CIPTA BERLIAN","KOMPLEK CBD POLONIA","prelist","MEDAN POLONIA","SUKA DAMAI","LINGKUNGAN 5","","","F. Konstruksi","SBR"],
    ["74639","BERKAH AYU","KOMPLEK TNI AU KARANG SARI I","prelist","MEDAN POLONIA","SARI REJO","LINGKUNGAN 6","","","I. Penyediaan Akomodasi dan Makan Minum","SBR"],
    ["74652","KASIH ANUGRAH PERKASA","SANTUN PERUMAHAN PURI G MARS","prelist","MEDAN POLONIA","SARI REJO","LINGKUNGAN 6","","","G. Perdagangan Besar dan Eceran, Reparasi Mobil dan Sepeda Motor","SBR"],
    ["74683","TRANS FASHION INDONESIA","JL HZ ARIFIN SUN PLAZA GF B 10 11 12 15","prelist","MEDAN POLONIA","MADRAS HULU","LINGKUNGAN 1","","","G. Perdagangan Besar dan Eceran, Reparasi Mobil dan Sepeda Motor","SBR"],
    ["74684","SMART TELECOM","JL MONGONSIDI","prelist","MEDAN POLONIA","ANGGRUNG","LINGKUNGAN 8","","","J. Informasi dan Komunikasi","SBR"],
    ["74698","CHARMAN PUTRA INTERBUANA","KOMPLEK CBD POLONIA","prelist","MEDAN POLONIA","SUKA DAMAI","LINGKUNGAN 5","","","G. Perdagangan Besar dan Eceran, Reparasi Mobil dan Sepeda Motor","SBR"],
    ["74739","GLOBAL INDOBARA","JL IR H JUANDA","prelist","MEDAN POLONIA","SUKA DAMAI","LINGKUNGAN 5","","","G. Perdagangan Besar dan Eceran, Reparasi Mobil dan Sepeda Motor","SBR"],
    ["74805","MITRA BANGUNAN SEJAHTERA","KOMPLEK CBD POLONIA JL PADANG GOLF","prelist","MEDAN POLONIA","SUKA DAMAI","LINGKUNGAN 5","","","G. Perdagangan Besar dan Eceran, Reparasi Mobil dan Sepeda Motor","SBR"],
    ["74866","PANEN LESTARI INDONESIA","GEDUNG SUN PLAZA JL K H ZAINUL ARIFIN","prelist","MEDAN POLONIA","MADRAS HULU","LINGKUNGAN 9","","","G. Perdagangan Besar dan Eceran, Reparasi Mobil dan Sepeda Motor","SBR"],
    ["74883","JCO DONUT & COFFEE","JL KH ZAINUL ARIFIN SUN PLAZA LG ZONE A-21","prelist","MEDAN POLONIA","MADRAS HULU","LINGKUNGAN 9","","","C. Industri Pengolahan","SBR"],
    ["74893","GEREJA METHODIST INDONESIA","JL HANG TUAH","prelist","MEDAN POLONIA","MADRAS HULU","LINGKUNGAN 7","","","P. Pendidikan","SBR"],
    ["74908","PUTRA AGUNG LESTARI","SUN PLAZA MEDAN LANTAI 4C JL KH ZAINUL ARIFIN","prelist","MEDAN POLONIA","MADRAS HULU","LINGKUNGAN 9","","","G. Perdagangan Besar dan Eceran, Reparasi Mobil dan Sepeda Motor","SBR"],
    ["74921","MEDAN INDAH EVERBEST","JL KHZ ARIFIN, GEDUNG SUN PLAZA LT I, MADRAS HULU","prelist","MEDAN POLONIA","MADRAS HULU","LINGKUNGAN 9","","","G. Perdagangan Besar dan Eceran, Reparasi Mobil dan Sepeda Motor","SBR"],
    ["74922","CANNY ELEVATOR INDONESIA","JL CUT NYAK DIEN, MADRAS HULU","prelist","MEDAN POLONIA","MADRAS HULU","LINGKUNGAN 8","","","G. Perdagangan Besar dan Eceran, Reparasi Mobil dan Sepeda Motor","SBR"],
    ["74950","WAHANA GAYA BERSAMA","JL IR H JUANDA III","prelist","MEDAN POLONIA","SUKA DAMAI","LINGKUNGAN 6","","","G. Perdagangan Besar dan Eceran, Reparasi Mobil dan Sepeda Motor","SBR"],
    ["75041","ARMADA YOSOFER EXPRESS","JL TAMAN POLONIA II NO. 76, SUKA DAMAI","prelist","MEDAN POLONIA","SUKA DAMAI","LINGKUNGAN 4","","","G. Perdagangan Besar dan Eceran, Reparasi Mobil dan Sepeda Motor","SBR"],
    ["75087","PT. RAJAWALI ENERGI PATTIMURA","MONGONSIDI","prelist","MEDAN POLONIA","ANGGRUNG","LINGKUNGAN 8","","","G. Perdagangan Besar dan Eceran, Reparasi Mobil dan Sepeda Motor","SBR"],
    ["75180","MEDAN CLUB","JL.KARTINI NO.36, MADRAS HULU","prelist","MEDAN POLONIA","MADRAS HULU","LINGKUNGAN 6","","","I. Penyediaan Akomodasi dan Makan Minum","SBR"],
    ["75193","MANGGALA PUTRA MANDIRI","JL KARYA PEMBANGUNAN NO.26 RT. 00 RW. 00","prelist","MEDAN POLONIA","POLONIA","LINGKUNGAN 3","","","M. Jasa Profesional, Ilmiah, dan Teknis","SBR"],
    ["75233","MITRA OVERSEAS TRADING","JL. DUTA ALAM MALIBU","prelist","MEDAN POLONIA","SUKA DAMAI","LINGKUNGAN 3","","","G. Perdagangan Besar dan Eceran, Reparasi Mobil dan Sepeda Motor","SBR"],
    ["75307","BANK VICTORIA INTERNATIONAL TBK.","JL H Z ARIFIN","prelist","MEDAN POLONIA","MADRAS HULU","LINGKUNGAN 1","","","K. Aktivitas Keuangan Dan Asuransi","SBR"],
    ["75359","DITOKOCOM MEDAN","JL KOMP CBD POLONIA","prelist","MEDAN POLONIA","SUKA DAMAI","LINGKUNGAN 5","","","G. Perdagangan Besar dan Eceran, Reparasi Mobil dan Sepeda Motor","SBR"],
    ["75404","SOSIAL KRISTEN METHODIST TABITA","PADANG GOLF","prelist","MEDAN POLONIA","SUKA DAMAI","LINGKUNGAN 3","","","Q. Jasa Kesehatan dan Kegiatan Sosial","SBR"],
    ["75582","PERINTIS PELAYANAN PARIPURNA","JL HZ ARIFIN SUN PLAZA LG B- 30","prelist","MEDAN POLONIA","MADRAS HULU","LINGKUNGAN 7","","","G. Perdagangan Besar dan Eceran, Reparasi Mobil dan Sepeda Motor","SBR"],
    ["75627","JPPL INDONESIA","JL KH ZAINUL ARIFIN NO 7 LANTAI 1 BLOK B NO 22","prelist","MEDAN POLONIA","MADRAS HULU","LINGKUNGAN 9","","","S. Aktivitas Jasa Lainnya","SBR"],
    ["75772","GLOBAL TRANSPORTASI NUSANTARA","JL MONGONSIDI","prelist","MEDAN POLONIA","POLONIA","LINGKUNGAN 1","","","H. Transportasi dan Pergudangan","SBR"],
    ["75827","PERKUMPULAN FORUM PENEGAK HAK DAN MARTABAT RAKYAT","JL SEJATI GG KASIH","prelist","MEDAN POLONIA","SARI REJO","LINGKUNGAN 4","","","Q. Jasa Kesehatan dan Kegiatan Sosial","SBR"],
    ["75876","CDNR INVESTAMA","JL HANG KESTURI","prelist","MEDAN POLONIA","MADRAS HULU","LINGKUNGAN 7","","","M. Jasa Profesional, Ilmiah, dan Teknis","SBR"],
    ["75895","KESEJAHTERAAN KELUARGA BANK PEMB.DAERAH SUMUT (YKK BPDSU)","JL IMAM BONJOL","prelist","MEDAN POLONIA","MADRAS HULU","LINGKUNGAN 8","","","K. Aktivitas Keuangan Dan Asuransi","SBR"],
    ["75905","DELI CIPTA OPTIMA","JALAN MONGONSIDI 2 NO.33","prelist","MEDAN POLONIA","ANGGRUNG","LINGKUNGAN 4","","","G. Perdagangan Besar dan Eceran, Reparasi Mobil dan Sepeda Motor","SBR"],
    ["75910","PENDIDIKAN GEREJA METHODISTINDONESIA WILAYAH I","JL HANGTUAH NO.8, MADRAS HULU","prelist","MEDAN POLONIA","MADRAS HULU","LINGKUNGAN 7","","","P. Pendidikan","SBR"],
    ["75946","OOCL LOGISTICS INDONESIA","WISMA BII LT 10 SUITE 1002 JL PANGERAN DIPONEGORO","prelist","MEDAN POLONIA","MADRAS HULU","LINGKUNGAN 7","","","H. Transportasi dan Pergudangan","SBR"],
    ["75998","INDAH AUTOELEKTRIK","JL. SUBUR GG. PRIBADI","prelist","MEDAN POLONIA","SARI REJO","LINGKUNGAN 2","","","F. Konstruksi","SBR"],
    ["76009","ITARIA","JL.STARBAN","prelist","MEDAN POLONIA","POLONIA","LINGKUNGAN 7","","","C. Industri Pengolahan","SBR"],
    ["76020","WAHANA KUSUMA MANDIRI","JL DC MAHAKAM KOMPLEK PADANG GOLF MANSION B 5","prelist","MEDAN POLONIA","SUKA DAMAI","LINGKUNGAN 3","","","M. Jasa Profesional, Ilmiah, dan Teknis","SBR"],
    ["76034","RUMAH SOLUSI DIGITAL","JL. H. ZAINUL ARIFIN NO. 43/59-D","prelist","MEDAN POLONIA","MADRAS HULU","LINGKUNGAN 7","","","J. Informasi dan Komunikasi","SBR"],
    ["76076","SAMUDRA RAJAWALI ABADI","KOMPLEK CBD POLONIA","prelist","MEDAN POLONIA","SUKA DAMAI","LINGKUNGAN 5","","","I. Penyediaan Akomodasi dan Makan Minum","SBR"],
    ["76078","KAP PAUL HADIWINATA, HIDAJAT, ARSONO, RETNO, PALILINGAN & REKAN","JL KALIMANTAN","prelist","MEDAN POLONIA","SUKA DAMAI","LINGKUNGAN 4","","","M. Jasa Profesional, Ilmiah, dan Teknis","SBR"],
    ["76092","ANTAR BENUA SEMESTA","JALAN TERNAK IV NOMOR 15-116 H","prelist","MEDAN POLONIA","POLONIA","LINGKUNGAN 6","","","H. Transportasi dan Pergudangan","SBR"],
    ["76101","JAFA GROUP","JL.MASDULHAK NO.16, ANGGRUNG","prelist","MEDAN POLONIA","ANGGRUNG","LINGKUNGAN 4","","","F. Konstruksi","SBR"],
    ["76163","SEJAHTERA ABADI","JL.CUT MEUTIA DALAM NO.11-A","prelist","MEDAN POLONIA","MADRAS HULU","LINGKUNGAN 10","","","G. Perdagangan Besar dan Eceran, Reparasi Mobil dan Sepeda Motor","SBR"],
    ["76169","SAWIT BERTUAH LESTARI","JL PADANG GOLF KOMPLEK CBD POLONIA","prelist","MEDAN POLONIA","SUKA DAMAI","LINGKUNGAN 5","","","A. Pertanian, Kehutanan, dan Perikanan","SBR"],
    ["76191","LIAN JUAN ENGINEERING SDN.BHD","JL PONDOK ALAM MALIBU","prelist","MEDAN POLONIA","SUKA DAMAI","LINGKUNGAN 3","","","M. Jasa Profesional, Ilmiah, dan Teknis","SBR"],
    ["76193","ASIA KIMINDO PRIMA","JL SUDIRMAN","prelist","MEDAN POLONIA","MADRAS HULU","LINGKUNGAN 8","","","G. Perdagangan Besar dan Eceran, Reparasi Mobil dan Sepeda Motor","SBR"],
    ["76238","PERKUMPULAN KOTA RUDA SETRA","JL ANTARIKSA LK IX","prelist","MEDAN POLONIA","SARI REJO","LINGKUNGAN 6","","","Q. Jasa Kesehatan dan Kegiatan Sosial","SBR"],
    ["76247","BENTENG MULTI INDOTAMA","JALAN KH ZAINUL ARIFIN","prelist","MEDAN POLONIA","MADRAS HULU","LINGKUNGAN 1","","","G. Perdagangan Besar dan Eceran, Reparasi Mobil dan Sepeda Motor","SBR"],
    ["76268","SANDRIA SUKSES BERSAMA","JL PADANG GOLF KOMPLEK CBD POLONIA","prelist","MEDAN POLONIA","SUKA DAMAI","LINGKUNGAN 5","","","G. Perdagangan Besar dan Eceran, Reparasi Mobil dan Sepeda Motor","SBR"],
    ["76322","ADITYA CEMERLANG ABADI","JL. T. CIK DITIRO","prelist","MEDAN POLONIA","MADRAS HULU","LINGKUNGAN 7","","","B. Pertambangan dan Penggalian","SBR"],
    ["76343","DAYA ANGKASA ANDALAS INDAH","JL P DIPONEGORO WISMA BII LT 8 SUITE 801","prelist","MEDAN POLONIA","MADRAS HULU","LINGKUNGAN 7","","","J. Informasi dan Komunikasi","SBR"],
    ["76363","ECHO LIMA 41","JL CUT NYAK DIN","prelist","MEDAN POLONIA","MADRAS HULU","LINGKUNGAN 9","","","R. Kesenian, Hiburan, dan Rekreasi","SBR"],
    ["76385","YAPINDO","JL KARTINI II","prelist","MEDAN POLONIA","MADRAS HULU","LINGKUNGAN 7","","","G. Perdagangan Besar dan Eceran, Reparasi Mobil dan Sepeda Motor","SBR"],
    ["76457","TAMORA AGRO LESTARI","JL PADANG GOLF KOMPLEK CBD POLONIA","prelist","MEDAN POLONIA","SUKA DAMAI","LINGKUNGAN 5","","","G. Perdagangan Besar dan Eceran, Reparasi Mobil dan Sepeda Motor","SBR"],
    ["76500","ANGKUTAN AGUNG SEJATI","KOMPLEK CBD POLONIA JL PADANG GOLF","prelist","MEDAN POLONIA","SUKA DAMAI","LINGKUNGAN 5","","","H. Transportasi dan Pergudangan","SBR"],
    ["76512","MULIA MITRA TRADO","JL PADANG GOLF KOMP. CBD POLONIA","prelist","MEDAN POLONIA","SUKA DAMAI","LINGKUNGAN 5","","","H. Transportasi dan Pergudangan","SBR"],
    ["76544","MITRA TRISAKA","JL.SUWONDO H NO.83 MEDAN, SUKA DAMAI","prelist","MEDAN POLONIA","SUKA DAMAI","LINGKUNGAN 6","","","F. Konstruksi","SBR"],
    ["76588","MAP AKTIF ADIPERKASA Tbk","JL H ZAINUL ARIFIN KOMPLEK PERTOKOAN SUN PLAZA","prelist","MEDAN POLONIA","MADRAS HULU","LINGKUNGAN 9","","","G. Perdagangan Besar dan Eceran, Reparasi Mobil dan Sepeda Motor","SBR"],
    ["76591","TALKINDO SELAKSA ANUGRAH","JL KH ZAINUL ARIFIN SUN PLAZA LG ZONE B-35","prelist","MEDAN POLONIA","MADRAS HULU","LINGKUNGAN 7","","","C. Industri Pengolahan","SBR"],
    ["76611","PERSADA AGRO SAWITA","JL PADANG GOLF KOMPLEK CBD POLONIA","prelist","MEDAN POLONIA","SUKA DAMAI","LINGKUNGAN 5","","","G. Perdagangan Besar dan Eceran, Reparasi Mobil dan Sepeda Motor","SBR"],
    ["76694","ANANDA MARGA MEDAN","KOMPLEK CBD POLONIA JL PADANG GOLF","prelist","MEDAN POLONIA","SUKA DAMAI","LINGKUNGAN 5","","","Q. Jasa Kesehatan dan Kegiatan Sosial","SBR"],
    ["76754","BRILLIANT","JL. CINTA KARYA LK I","prelist","MEDAN POLONIA","SARI REJO","LINGKUNGAN 1","","","G. Perdagangan Besar dan Eceran, Reparasi Mobil dan Sepeda Motor","SBR"],
    ["76797","SUMUT PROPERTY","JL.MONGINSIDI NO.58 RT. 0 RW. 0","prelist","MEDAN POLONIA","ANGGRUNG","LINGKUNGAN 5","","","F. Konstruksi","SBR"],
    ["76817","TRIJAYA AGUNG SEJATI","JL PADANG GOLF KOMP CBD POLONIA","prelist","MEDAN POLONIA","SUKA DAMAI","LINGKUNGAN 5","","","G. Perdagangan Besar dan Eceran, Reparasi Mobil dan Sepeda Motor","SBR"],
    ["76867","BATIK DANAR HADI","JL.H.ZAINUL ARIFIN NO.131-133, MADRAS HULU","prelist","MEDAN POLONIA","MADRAS HULU","LINGKUNGAN 1","","","G. Perdagangan Besar dan Eceran, Reparasi Mobil dan Sepeda Motor","SBR"],
    ["76917","MAGIC HOLIDAY","JL TEUKU DAUD","prelist","MEDAN POLONIA","MADRAS HULU","LINGKUNGAN 9","","","N. Jasa Persewaan, Ketenagakerjaan, Agen Perjalanan, dan Jasa Pendukung","SBR"],
    ["76973","MAKMUR JAYA","JL. PADANG GOLF KOMP. CBD POLONIA","prelist","MEDAN POLONIA","POLONIA","LINGKUNGAN 7","","","G. Perdagangan Besar dan Eceran, Reparasi Mobil dan Sepeda Motor","SBR"],
    ["76988","SPIRIT SOCIAL CARE","JL DR CIPTO","prelist","MEDAN POLONIA","ANGGRUNG","LINGKUNGAN 4","","","Q. Jasa Kesehatan dan Kegiatan Sosial","SBR"],
    ["77024","KIMIA FARMA DIAGNOSTIKA","JL. R.A. KARTINI NO. 1","prelist","MEDAN POLONIA","MADRAS HULU","LINGKUNGAN 8","","","Q. Jasa Kesehatan dan Kegiatan Sosial","SBR"],
    ["77146","GUNA NUTRINDO SEHAT","JL KH ZAINUL ARIFIN SUN PLAZA LT TOWER GROUND B","prelist","MEDAN POLONIA","MADRAS HULU","LINGKUNGAN 7","","","G. Perdagangan Besar dan Eceran, Reparasi Mobil dan Sepeda Motor","SBR"],
    ["77175","ACE HARDWARE INDONESIA TBK","JL KH Z ARIFIN SUN PLAZA LEV 1 BLOK C, 10&12, 20, 21","prelist","MEDAN POLONIA","MADRAS HULU","LINGKUNGAN 9","","","G. Perdagangan Besar dan Eceran, Reparasi Mobil dan Sepeda Motor","SBR"],
    ["77212","PANTI JOMPO NOR ATHIRAH","JL KARYA BERSAMA","prelist","MEDAN POLONIA","POLONIA","LINGKUNGAN 5","","","Q. Jasa Kesehatan dan Kegiatan Sosial","SBR"],
    ["77577","APEX MITRA MALINDO","MAL SUN PLAZA MEDAN JL H ZAINUL ARIFIN","prelist","MEDAN POLONIA","MADRAS HULU","LINGKUNGAN 9","","","G. Perdagangan Besar dan Eceran, Reparasi Mobil dan Sepeda Motor","SBR"],
    ["77587","BANGUN BERSAMA SUMATERA","JALAN DR. CIPTO","prelist","MEDAN POLONIA","ANGGRUNG","LINGKUNGAN 4","","","S. Aktivitas Jasa Lainnya","SBR"],
    ["77623","TAHTA MEDAN","JL CUT MEUTIA POBOX 1327","prelist","MEDAN POLONIA","MADRAS HULU","LINGKUNGAN 10","","","I. Penyediaan Akomodasi dan Makan Minum","SBR"],
    ["77694","PUPUK AGRO NUSANTARA","JL IMAM BONJOL","prelist","MEDAN POLONIA","MADRAS HULU","LINGKUNGAN 9","","","C. Industri Pengolahan","SBR"],
    ["77711","COSFRA INTERGUNA JAYA","JL KH ZAINUL ARIFIN NO 7 SUN PLAZA LANTAI GF ZONE A","prelist","MEDAN POLONIA","MADRAS HULU","LINGKUNGAN 9","","","G. Perdagangan Besar dan Eceran, Reparasi Mobil dan Sepeda Motor","SBR"],
    ["77740","PROFESOR DR BOLONI MARPAUNG","JL MONGONSIDI","prelist","MEDAN POLONIA","POLONIA","LINGKUNGAN 1","","","Q. Jasa Kesehatan dan Kegiatan Sosial","SBR"],
    ["77788","ARIKO PRATAMA JAYA","JL CINTA KARYA LINGKUNGAN III","prelist","MEDAN POLONIA","SARI REJO","LINGKUNGAN 8","","","F. Konstruksi","SBR"],
    ["77893","UTAMA SARI","SMA 2","prelist","MEDAN POLONIA","SARI REJO","LINGKUNGAN 3","","","F. Konstruksi","SBR"],
    ["78000","PANORAMA JTB TOURS INDONESIA","JL KH ZAINUL ARIFIN 7, SUN PLAZA LT 4","prelist","MEDAN POLONIA","MADRAS HULU","LINGKUNGAN 9","","","N. Jasa Persewaan, Ketenagakerjaan, Agen Perjalanan, dan Jasa Pendukung","SBR"],
    ["78014","SINGAPORE MEDICAL GROUP","JL KARTINI","prelist","MEDAN POLONIA","MADRAS HULU","LINGKUNGAN 7","","","Q. Jasa Kesehatan dan Kegiatan Sosial","SBR"],
    ["78015","KANIA CIPTANUSA TOUR & TRAVEL","JL IR H JUANDA","prelist","MEDAN POLONIA","SUKA DAMAI","LINGKUNGAN 5","","","N. Jasa Persewaan, Ketenagakerjaan, Agen Perjalanan, dan Jasa Pendukung","SBR"],
    ["78039","PT.SIMELIS KARYA MANDIRI","PADANG GOLF KOMP. CBD POLONIA","prelist","MEDAN POLONIA","SUKA DAMAI","LINGKUNGAN 5","","","C. Industri Pengolahan","SBR"],
    ["78054","NAGA HARI UTAMA","JL WAHIDIN","prelist","MEDAN POLONIA","SUKA DAMAI","LINGKUNGAN 5","","","N. Jasa Persewaan, Ketenagakerjaan, Agen Perjalanan, dan Jasa Pendukung","SBR"],
    ["78082","SURYA INDO PRATAMA","KOMPLEK CBD POLONIA JL PADANG GOLF","prelist","MEDAN POLONIA","SUKA DAMAI","LINGKUNGAN 5","","","K. Aktivitas Keuangan Dan Asuransi","SBR"],
    ["78109","ARTHA MOTOR LESTARI","JL MONGONSIDI","prelist","MEDAN POLONIA","POLONIA","LINGKUNGAN 1","","","G. Perdagangan Besar dan Eceran, Reparasi Mobil dan Sepeda Motor","SBR"],
    ["78192","TRANSLINE EXPRESS","KOMP POLONIA RIVERVIEW","prelist","MEDAN POLONIA","SUKA DAMAI","LINGKUNGAN 3","","","H. Transportasi dan Pergudangan","SBR"],
    ["78305","REZA PRATAMA","JL. SUBUR II GG. IKHLAS NO. 8 MEDAN, SARI REJO","prelist","MEDAN POLONIA","SARI REJO","LINGKUNGAN 2","","","F. Konstruksi","SBR"],
    ["78357","RIMBUN JAYA INDONESIA","JL MONGONSIDI","prelist","MEDAN POLONIA","ANGGRUNG","LINGKUNGAN 8","","","C. Industri Pengolahan","SBR"],
    ["78396","DTWIN","JL TERATAI","prelist","MEDAN POLONIA","SARI REJO","LINGKUNGAN 5","","","F. Konstruksi","SBR"],
    ["78552","MEDAN MANAGEMENT CENTER","JL ADI SUCIPTO KOMPLEK THE CITY VIEW","prelist","MEDAN POLONIA","SUKA DAMAI","LINGKUNGAN 5","","","N. Jasa Persewaan, Ketenagakerjaan, Agen Perjalanan, dan Jasa Pendukung","SBR"],
    ["78560","VALENTIN BERUTU","JL.MONGONSIDI NO.45-Q RT.0 RW.0, SUKA DAMAI","prelist","MEDAN POLONIA","POLONIA","LINGKUNGAN 3","","","S. Aktivitas Jasa Lainnya","SBR"],
    ["78561","KELOMPOK MASYARAKAT CIPTO","JL. MONGONSIDI 3","prelist","MEDAN POLONIA","ANGGRUNG","LINGKUNGAN 7","","","S. Aktivitas Jasa Lainnya","SBR"],
    ["78676","MAJU JAYA ESTATE","JALAN MONGONSIDI NOMOR 22 MEDAN","prelist","MEDAN POLONIA","ANGGRUNG","LINGKUNGAN 4","","","H. Transportasi dan Pergudangan","SBR"],
    ["78738","RIMBA AGRO INDONESIA","KOMPLEK POLONIA RIVER VIEW JL ADI SUCIPTO","prelist","MEDAN POLONIA","SARI REJO","LINGKUNGAN 6","","","A. Pertanian, Kehutanan, dan Perikanan","SBR"],
    ["78806","JAYA MAKMUR","BANDARA UDARA POLONIA RT. 0 RW. 0","prelist","MEDAN POLONIA","SUKA DAMAI","LINGKUNGAN 5","","","G. Perdagangan Besar dan Eceran, Reparasi Mobil dan Sepeda Motor","SBR"],
    ["78824","BOBA BAHAGIA MEDAN","JL TEUKU DAUD","prelist","MEDAN POLONIA","MADRAS HULU","LINGKUNGAN 9","","","I. Penyediaan Akomodasi dan Makan Minum","SBR"],
    ["78828","HITECH PRESINDO","JL.IR H JUANDA KOMP. ARAFURU NO.16-D","prelist","MEDAN POLONIA","SUKA DAMAI","LINGKUNGAN 5","","","G. Perdagangan Besar dan Eceran, Reparasi Mobil dan Sepeda Motor","SBR"],
    ["78830","MITRA SAURDOT ABADI","JL PERHUBUNGAN UDARA POLONIA","prelist","MEDAN POLONIA","SUKA DAMAI","LINGKUNGAN 5","","","R. Kesenian, Hiburan, dan Rekreasi","SBR"],
    ["78907","RIMBUN JAYA","JL MONGONSIDI NO 91, ANGGRUNG","prelist","MEDAN POLONIA","ANGGRUNG","LINGKUNGAN 8","","","C. Industri Pengolahan","SBR"],
    ["78924","ASIA FORESTAMA RAYA","JL LET JEND HARYONO MT","prelist","MEDAN POLONIA","MADRAS HULU","LINGKUNGAN 8","","","C. Industri Pengolahan","SBR"],
    ["78938","SUMATERA JAYA PERKASA","JL. GAJAH MADA","prelist","MEDAN POLONIA","MADRAS HULU","LINGKUNGAN 1","","","G. Perdagangan Besar dan Eceran, Reparasi Mobil dan Sepeda Motor","SBR"],
    ["78957","COSMETICINDO SLIMMING UTAMA","JL H Z ARIFIN SUN PLAZA 2ND FLOOR ZN C-30","prelist","MEDAN POLONIA","MADRAS HULU","LINGKUNGAN 1","","","S. Aktivitas Jasa Lainnya","SBR"],
    ["78962","FUTSAL BANK SUMATERA UTARA","JL IMAM BONJOL","prelist","MEDAN POLONIA","MADRAS HULU","LINGKUNGAN 8","","","R. Kesenian, Hiburan, dan Rekreasi","SBR"],
    ["79037","GLOBALINDO INTI NUSANTARA","JL.ADI SUCIPTO KOMP. RIVER VIEW","prelist","MEDAN POLONIA","SUKA DAMAI","LINGKUNGAN 5","","","G. Perdagangan Besar dan Eceran, Reparasi Mobil dan Sepeda Motor","SBR"],
    ["79053","MAKMUR JAYA","JL. H. ZAINUL ARIFIN NO. 49, MADRAS HULU","prelist","MEDAN POLONIA","MADRAS HULU","LINGKUNGAN 9","","","G. Perdagangan Besar dan Eceran, Reparasi Mobil dan Sepeda Motor","SBR"],
    ["79096","SUTAN BINTANG PERSADA","JALAN PADANG GOLF KOMPLEK CBD POLONIA BLOK EE NOMOR 62-63","prelist","MEDAN POLONIA","SUKA DAMAI","LINGKUNGAN 5","","","G. Perdagangan Besar dan Eceran, Reparasi Mobil dan Sepeda Motor","SBR"],
    ["79185","GO-JEK INDONESIA","KOMPLEK CBD","prelist","MEDAN POLONIA","SUKA DAMAI","LINGKUNGAN 5","","","M. Jasa Profesional, Ilmiah, dan Teknis","SBR"],
    ["79187","SUMBER PELITA JAYA","JL P DIPONEGORO","prelist","MEDAN POLONIA","MADRAS HULU","LINGKUNGAN 7","","","L. Real Estat","SBR"],
    ["79195","KOMUNIKASI GLOBAL MILENIA","JALAN PADANG GOLF KOMPLEKS CENTRAL BUSINESS DISTRICT (CBD) POLONIA BLOK DD NOMOR 66-67","prelist","MEDAN POLONIA","POLONIA","LINGKUNGAN 7","","","J. Informasi dan Komunikasi","SBR"],
    ["79386","MULIA AGRIBISNIS","KOMPLEK CBD POLONIA JL PADANG GOLF","prelist","MEDAN POLONIA","SUKA DAMAI","LINGKUNGAN 5","","","H. Transportasi dan Pergudangan","SBR"],
    ["79406","CITRA ALAMSEMESTA RAYA","JL ADI SUCIPTO","prelist","MEDAN POLONIA","SUKA DAMAI","LINGKUNGAN 3","","","L. Real Estat","SBR"],
    ["79415","HARMONI NUSANTARA DEVELOPMENT","JL T CIK DITIRO","prelist","MEDAN POLONIA","MADRAS HULU","LINGKUNGAN 7","","","G. Perdagangan Besar dan Eceran, Reparasi Mobil dan Sepeda Motor","SBR"],
    ["79493","PURENEST","JALAN WALTER MONGONSIDI","prelist","MEDAN POLONIA","SUKA DAMAI","LINGKUNGAN 5","","","E. Pengadaan Air, Pengelolaan Sampah, Limbah, dan Daur Ulang","SBR"],
    ["79503","PERMATA SOLID LESTARI","JL PADANG GOLF KOMPLEK CBD POLONIA","prelist","MEDAN POLONIA","SUKA DAMAI","LINGKUNGAN 5","","","I. Penyediaan Akomodasi dan Makan Minum","SBR"],
    ["79529","GOLDEN AGRICULTURAL INDONESIA","KOMPLEK CBD POLONIA","prelist","MEDAN POLONIA","SUKA DAMAI","LINGKUNGAN 5","","","G. Perdagangan Besar dan Eceran, Reparasi Mobil dan Sepeda Motor","SBR"],
    ["79603","JINGGA UNGGUL LOHJINAWI","JL KH Z ARIFIN SUN PLAZA LEVEL 4 BLOK A","prelist","MEDAN POLONIA","MADRAS HULU","LINGKUNGAN 7","","","G. Perdagangan Besar dan Eceran, Reparasi Mobil dan Sepeda Motor","SBR"],
    ["79629","PAGUYUBAN TAMAN POLONIA","TAMAN POLONIA IV","prelist","MEDAN POLONIA","SUKA DAMAI","LINGKUNGAN 4","","","R. Kesenian, Hiburan, dan Rekreasi","SBR"],
    ["79655","JAYA MAKMUR ABADI","JL. TERNAK","prelist","MEDAN POLONIA","POLONIA","LINGKUNGAN 7","","","M. Jasa Profesional, Ilmiah, dan Teknis","SBR"],
    ["79707","TIMBANG DELI INDONESIA","JL IMAM BONJOL NO 18 GEDUNG BANK SUMUT LT 7","prelist","MEDAN POLONIA","MADRAS HULU","LINGKUNGAN 9","","","A. Pertanian, Kehutanan, dan Perikanan","SBR"],
    ["79713","SUMATERA SETIA COMPUTINDO","JL.MUARA TAKUS NO.95, MADRAS HULU","prelist","MEDAN POLONIA","MADRAS HULU","LINGKUNGAN 4","","","G. Perdagangan Besar dan Eceran, Reparasi Mobil dan Sepeda Motor","SBR"],
    ["79796","TORSA REKADAYA SINERGI","JL SUBUR II LK II","prelist","MEDAN POLONIA","SARI REJO","LINGKUNGAN 2","","","G. Perdagangan Besar dan Eceran, Reparasi Mobil dan Sepeda Motor","SBR"],
    ["79827","MC MANAJEMEN WISMA","KOMPLEK CBD","prelist","MEDAN POLONIA","SUKA DAMAI","LINGKUNGAN 5","","","I. Penyediaan Akomodasi dan Makan Minum","SBR"],
    ["79846","MANDAI PRIMA CABANG MEDAN","JL.TAMAN POLONIA IV NO.26, SUKA DAMAI","prelist","MEDAN POLONIA","SUKA DAMAI","LINGKUNGAN 4","","","I. Penyediaan Akomodasi dan Makan Minum","SBR"],
    ["80016","SAKA PRAJA","JL.H.Z.ARIFIN NO.159/161 , MADRAS HULU","prelist","MEDAN POLONIA","MADRAS HULU","LINGKUNGAN 1","","","F. Konstruksi","SBR"],
    ["80038","BLESANI BANGUN MANDIRI","JL. KARYA APRIL","prelist","MEDAN POLONIA","SARI REJO","LINGKUNGAN 7","","","F. Konstruksi","SBR"],
    ["80053","PUSAT DHARMA SAKYA MEDAN","PADANG GOLF KOMPLEKS PERTOKOAN CBD POLONIA","prelist","MEDAN POLONIA","SUKA DAMAI","LINGKUNGAN 5","","","S. Aktivitas Jasa Lainnya","SBR"],
    ["80135","CEMERLANG KREASI MANDIRI","JL ADI SUCIPTO KOMP CBD","prelist","MEDAN POLONIA","SUKA DAMAI","LINGKUNGAN 3","","","G. Perdagangan Besar dan Eceran, Reparasi Mobil dan Sepeda Motor","SBR"],
    ["80186","DHARMA PUTRA PERKASA","JL MUARA TAKUS","prelist","MEDAN POLONIA","MADRAS HULU","LINGKUNGAN 4","","","G. Perdagangan Besar dan Eceran, Reparasi Mobil dan Sepeda Motor","SBR"],
    ["80347","PRATAMA SOLID SEJAHTERA","KOMPLEK CBD POLONIA JL PADANG GOLF","prelist","MEDAN POLONIA","SUKA DAMAI","LINGKUNGAN 5","","","G. Perdagangan Besar dan Eceran, Reparasi Mobil dan Sepeda Motor","SBR"],
    ["80390","GUNUNG AMAN INVESTAMA","KOMPLEK CBD POLONIA BLOK EE NOMOR 1 - KELURAHAN SUKADAMAI","prelist","MEDAN POLONIA","SUKA DAMAI","LINGKUNGAN 5","","","G. Perdagangan Besar dan Eceran, Reparasi Mobil dan Sepeda Motor","SBR"],
    ["80468","SUKSES JAYA MEDIKALINDO PERKASA","JL.KOMODOR MUDA ADI SUCIPTO, KOMPLEKS THE CITY VIEW BLOK A NO.8","prelist","MEDAN POLONIA","SUKA DAMAI","LINGKUNGAN 3","","","G. Perdagangan Besar dan Eceran, Reparasi Mobil dan Sepeda Motor","SBR"],
    ["80510","BOGA INTI SINAR AGUNG","JL T DAUD","prelist","MEDAN POLONIA","MADRAS HULU","LINGKUNGAN 9","","","G. Perdagangan Besar dan Eceran, Reparasi Mobil dan Sepeda Motor","SBR"],
    ["80615","SINAR MAS TELADAN","JL PANGERAN DIPONEGORO","prelist","MEDAN POLONIA","MADRAS HULU","LINGKUNGAN 9","","","L. Real Estat","SBR"],
    ["80621","MUBTI SULAIMAN TAMBUSAI HASIBUAN","JL.DR.CIPTO GG.SUDI AMAN NO.4 RT.0 RW.0, ANGGRUNG","prelist","MEDAN POLONIA","ANGGRUNG","LINGKUNGAN 4","","","S. Aktivitas Jasa Lainnya","SBR"],
    ["80632","KUALA NAMU BINA MITRA LESTARI","STARBAN","prelist","MEDAN POLONIA","POLONIA","LINGKUNGAN 9","","","L. Real Estat","SBR"],
    ["80658","BUMI SEMESTA","KOMPLEK CITY VIEW","prelist","MEDAN POLONIA","SUKA DAMAI","LINGKUNGAN 3","","","L. Real Estat","SBR"],
    ["80710","PERSAMUAN SOSIAL BUDDHIS TAMIL INDONESIA","JL KARYA PEMBANGUNAN","prelist","MEDAN POLONIA","POLONIA","LINGKUNGAN 3","","","S. Aktivitas Jasa Lainnya","SBR"],
    ["80805","ASLI TETAP SUKSES","JL MUARA TAKUS","prelist","MEDAN POLONIA","MADRAS HULU","LINGKUNGAN 4","","","G. Perdagangan Besar dan Eceran, Reparasi Mobil dan Sepeda Motor","SBR"],
    ["80827","CENTURY FRANCHISINDO UTAMA","JL. PADANG GOLF CBD POLONIA","prelist","MEDAN POLONIA","SUKA DAMAI","LINGKUNGAN 5","","","G. Perdagangan Besar dan Eceran, Reparasi Mobil dan Sepeda Motor","SBR"],
    ["80924","KAWASAN INDUSTRI GLOBAL","JALAN PANGERAN DIPONEGORO","prelist","MEDAN POLONIA","MADRAS HULU","LINGKUNGAN 7","","","L. Real Estat","SBR"],
    ["80931","DUNIA MAKMUR JAYA","JL KH ZAINUL ARIFIN GD SUN PLAZA LOWER GROUND FLOOR ZONA A","prelist","MEDAN POLONIA","MADRAS HULU","LINGKUNGAN 7","","","G. Perdagangan Besar dan Eceran, Reparasi Mobil dan Sepeda Motor","SBR"],
    ["80952","BERKAT BERBAGI BERSAMA","KOMPLEK MULTATULI BLOK AA NO 30","prelist","MEDAN POLONIA","SUKA DAMAI","LINGKUNGAN 5","","","N. Jasa Persewaan, Ketenagakerjaan, Agen Perjalanan, dan Jasa Pendukung","SBR"],
    ["80966","DAKWAH HIDAYATULLAH PUSAT JAKARTA CABANG SUMATERA UTARA","JL SEJATI BARU","prelist","MEDAN POLONIA","SARI REJO","LINGKUNGAN 4","","","Q. Jasa Kesehatan dan Kegiatan Sosial","SBR"],
    ["80984","SINAR MAKMUR SEMESTA","JL MUARA TAKUS","prelist","MEDAN POLONIA","MADRAS HULU","LINGKUNGAN 4","","","G. Perdagangan Besar dan Eceran, Reparasi Mobil dan Sepeda Motor","SBR"],
    ["80986","EKAKARSA SEJAHTERA OETAMA","KOMPLEK CBD POLONIA","prelist","MEDAN POLONIA","SUKA DAMAI","LINGKUNGAN 5","","","G. Perdagangan Besar dan Eceran, Reparasi Mobil dan Sepeda Motor","SBR"],
    ["81005","DEWAN PENGURUS KORPRI PROVINSI SUMATERA UTARA","JL PANGERAN DIPONEGORO","prelist","MEDAN POLONIA","MADRAS HULU","LINGKUNGAN 7","","","S. Aktivitas Jasa Lainnya","SBR"],
    ["81034","DARUL DAKWAH HIDAYATULLAH","JL SEJATI BARU","prelist","MEDAN POLONIA","SARI REJO","LINGKUNGAN 9","","","S. Aktivitas Jasa Lainnya","SBR"],
    ["81071","PERUSAHAAN LISTRIK NEGARA (PERSERO)","JALAN CIPTO","prelist","MEDAN POLONIA","ANGGRUNG","LINGKUNGAN 4","","","D. Pengadaan Listrik, Gas, Uap/Air Panas, dan Udara Dingin","SBR"],
    ["81128","BENG HIANG SENTOSA","JL. PADANG GOLF KOMP CBD","prelist","MEDAN POLONIA","SUKA DAMAI","LINGKUNGAN 5","","","G. Perdagangan Besar dan Eceran, Reparasi Mobil dan Sepeda Motor","SBR"],
    ["81149","WAHANA INDONUSA ABADI","JL. USKUP AGUNG SUGIOPRANOTO","prelist","MEDAN POLONIA","MADRAS HULU","LINGKUNGAN 7","","","G. Perdagangan Besar dan Eceran, Reparasi Mobil dan Sepeda Motor","SBR"],
    ["81185","TRANSWORLD GLS INDONESIA","JL P DIPENOGORO SINAR MAS LAND PLAZA LT 8 UNIT 803","prelist","MEDAN POLONIA","MADRAS HULU","LINGKUNGAN 7","","","H. Transportasi dan Pergudangan","SBR"],
    ["81203","ANEKA CITARASA KULINER","JL MONGONSIDI","prelist","MEDAN POLONIA","POLONIA","LINGKUNGAN 1","","","G. Perdagangan Besar dan Eceran, Reparasi Mobil dan Sepeda Motor","SBR"],
    ["81277","GEROBAK INTI PERKASA","JL. TEUKU DAUD","prelist","MEDAN POLONIA","MADRAS HULU","LINGKUNGAN 9","","","G. Perdagangan Besar dan Eceran, Reparasi Mobil dan Sepeda Motor","SBR"],
    ["81302","DUTA PLASINDO","JL. JENGGALA","prelist","MEDAN POLONIA","MADRAS HULU","LINGKUNGAN 1","","","G. Perdagangan Besar dan Eceran, Reparasi Mobil dan Sepeda Motor","SBR"],
    ["81308","GARUDA INDONESIA (PERSERO) TBK.","JL MONGONSIDI NO. 34 A, ANGGRUNG","prelist","MEDAN POLONIA","ANGGRUNG","LINGKUNGAN 4","","","H. Transportasi dan Pergudangan","SBR"],
    ["81310","BISA BAHAGIA ABADI","JL. TEUKU DAUD NO. 6-A","prelist","MEDAN POLONIA","MADRAS HULU","LINGKUNGAN 9","","","G. Perdagangan Besar dan Eceran, Reparasi Mobil dan Sepeda Motor","SBR"],
    ["81364","ANUGERAH PERMATA","POLONIA","prelist","MEDAN POLONIA","POLONIA","LINGKUNGAN 11","","","G. Perdagangan Besar dan Eceran, Reparasi Mobil dan Sepeda Motor","SBR"],
    ["81402","DANA PENSIUN PERKEBUNAN PT SARANA AGRO NUSANTARA","JL.R.A KARTINI NO.23, MADRAS HULU","prelist","MEDAN POLONIA","MADRAS HULU","LINGKUNGAN 9","","","K. Aktivitas Keuangan Dan Asuransi","SBR"],
    ["81403","DANA PENSIUN PERKEBUNANCABANG MEDAN.","JL.R.A.KARTINI NO. 23, MADRAS HULU","prelist","MEDAN POLONIA","MADRAS HULU","LINGKUNGAN 7","","","K. Aktivitas Keuangan Dan Asuransi","SBR"],
    ["81526","SAKETO JAYA RAYA","JL KH ZAINUL ARIFIN 7, SUN PLAZA BLOK C NO 48-51","prelist","MEDAN POLONIA","MADRAS HULU","LINGKUNGAN 9","","","G. Perdagangan Besar dan Eceran, Reparasi Mobil dan Sepeda Motor","SBR"],
    ["81561","SARI COFFEE INDONESIA","GL SUN PLAZA JL. KH.Z.ARIFIN NO. 7, MADRAS HULU","prelist","MEDAN POLONIA","MADRAS HULU","LINGKUNGAN 9","","","I. Penyediaan Akomodasi dan Makan Minum","SBR"],
    ["81602","HARAPAN SEHAT SELALU","KOMPLEK CBD","prelist","MEDAN POLONIA","SUKA DAMAI","LINGKUNGAN 5","","","G. Perdagangan Besar dan Eceran, Reparasi Mobil dan Sepeda Motor","SBR"],
    ["81627","PERMATA CITRA TEKNOLOGI","JL TEUKU CIK DITIRO","prelist","MEDAN POLONIA","MADRAS HULU","LINGKUNGAN 7","","","G. Perdagangan Besar dan Eceran, Reparasi Mobil dan Sepeda Motor","SBR"],
    ["81629","REZEKI MAYRA","JL MESJID GG. PUSKESMAS","prelist","MEDAN POLONIA","POLONIA","LINGKUNGAN 1","","","G. Perdagangan Besar dan Eceran, Reparasi Mobil dan Sepeda Motor","SBR"],
    ["81640","WINGS ABADI","JL BANDARA INTERNATIONAL POLONIA","prelist","MEDAN POLONIA","SUKA DAMAI","LINGKUNGAN 5","","","H. Transportasi dan Pergudangan","SBR"],
    ["81762","INDOKALEO","JL KH ZAINUL ARIFIN 7, SUN PLAZA LT.4 BLOK C/65","prelist","MEDAN POLONIA","MADRAS HULU","LINGKUNGAN 9","","","G. Perdagangan Besar dan Eceran, Reparasi Mobil dan Sepeda Motor","SBR"],
    ["81790","SATRIAMANCA NIAGASAKTI","JL DC MAHAKAM PADANG GOLF MEDAN","prelist","MEDAN POLONIA","SUKA DAMAI","LINGKUNGAN 3","","","G. Perdagangan Besar dan Eceran, Reparasi Mobil dan Sepeda Motor","SBR"],
    ["81890","CAHAYA BARU","JL.TEUKU CIK DITIRO NO.101/8-L, MADRAS HULU","prelist","MEDAN POLONIA","MADRAS HULU","LINGKUNGAN 4","","","G. Perdagangan Besar dan Eceran, Reparasi Mobil dan Sepeda Motor","SBR"],
    ["81922","BINA USAHA MANDIRI SEJAHTERA","JL KHZ ARIFIN LEVEL 2 ZONE C-15,16 SUN PLAZA","prelist","MEDAN POLONIA","MADRAS HULU","LINGKUNGAN 9","","","G. Perdagangan Besar dan Eceran, Reparasi Mobil dan Sepeda Motor","SBR"],
    ["81988","SHRI MURUGAN KUIL","JL TERATAI KARANG SARI","prelist","MEDAN POLONIA","SARI REJO","LINGKUNGAN 5","","","S. Aktivitas Jasa Lainnya","SBR"],
    ["82074","BUSRAIN DELI INDONESIA","JLN BILAL","prelist","MEDAN POLONIA","SARI REJO","LINGKUNGAN 1","","","A. Pertanian, Kehutanan, dan Perikanan","SBR"],
    ["82128","BUNGKUS TEKNOLOGI INDONESIA","JL MAWAR LK VIII","prelist","MEDAN POLONIA","SARI REJO","LINGKUNGAN 8","","","J. Informasi dan Komunikasi","SBR"],
    ["82142","ENSEM MITRA ABADI","JL JUANDA II","prelist","MEDAN POLONIA","SUKA DAMAI","LINGKUNGAN 5","","","H. Transportasi dan Pergudangan","SBR"],
    ["82166","GLOBAL PUTRA INDONESIAMARITIME","JL MONGONSIDI","prelist","MEDAN POLONIA","POLONIA","LINGKUNGAN 1","","","H. Transportasi dan Pergudangan","SBR"],
    ["82167","OPTIK TUNGGAL SEMPURNA","JL K H ZAINUL ARIFIN SUN PLAZA GROUND FLOR","prelist","MEDAN POLONIA","MADRAS HULU","LINGKUNGAN 9","","","G. Perdagangan Besar dan Eceran, Reparasi Mobil dan Sepeda Motor","SBR"],
    ["82174","BUKIT BINTANG AGUNG","JALAN MONGONSIDI","prelist","MEDAN POLONIA","POLONIA","LINGKUNGAN 1","","","G. Perdagangan Besar dan Eceran, Reparasi Mobil dan Sepeda Motor","SBR"],
    ["82198","WAHANA GAYA LESTARI","JL IR H JUANDA III","prelist","MEDAN POLONIA","SUKA DAMAI","LINGKUNGAN 6","","","G. Perdagangan Besar dan Eceran, Reparasi Mobil dan Sepeda Motor","SBR"],
    ["82216","KPRI SMANSA MEDAN","JL. T. CIK DITIRO","prelist","MEDAN POLONIA","MADRAS HULU","LINGKUNGAN 6","","","K. Aktivitas Keuangan Dan Asuransi","SBR"],
    ["82239","GARMINDO","JL KH ZAINUL ARIFIN","prelist","MEDAN POLONIA","MADRAS HULU","LINGKUNGAN 1","","","F. Konstruksi","SBR"],
    ["82249","MARGA ZHANG SUMUT INDONESIA","KOMPLEK CBD POLONIA","prelist","MEDAN POLONIA","SUKA DAMAI","LINGKUNGAN 5","","","Q. Jasa Kesehatan dan Kegiatan Sosial","SBR"],
    ["82275","PRAWN AND ROLL","JL SUDIRMAN","prelist","MEDAN POLONIA","MADRAS HULU","LINGKUNGAN 8","","","G. Perdagangan Besar dan Eceran, Reparasi Mobil dan Sepeda Motor","SBR"],
    ["82343","SARANA CITRA ADIKARYA","JL SUWONDO BANDARA POLONIA","prelist","MEDAN POLONIA","SUKA DAMAI","LINGKUNGAN 6","","","G. Perdagangan Besar dan Eceran, Reparasi Mobil dan Sepeda Motor","SBR"],
    ["82345","GUNUNG JERNIH","JL KH ZAINUL ARIFIN LK II","prelist","MEDAN POLONIA","MADRAS HULU","LINGKUNGAN 1","","","G. Perdagangan Besar dan Eceran, Reparasi Mobil dan Sepeda Motor","SBR"],
    ["82390","SERBA USAHA PEGAWAI PT. BANK SUMUT","JL.IMAM BONJOL NO.18, MADRAS HULU","prelist","MEDAN POLONIA","MADRAS HULU","LINGKUNGAN 9","","","K. Aktivitas Keuangan Dan Asuransi","SBR"],
    ["82395","CARGILL INDONESIA","JL HANG JEBAT","prelist","MEDAN POLONIA","MADRAS HULU","LINGKUNGAN 7","","","C. Industri Pengolahan","SBR"],
    ["82414","PRIMAJAYA PANTES GARMENT","TERMINAL DOMESTIK BANDAR UDARA POLONIA","prelist","MEDAN POLONIA","SUKA DAMAI","LINGKUNGAN 5","","","G. Perdagangan Besar dan Eceran, Reparasi Mobil dan Sepeda Motor","SBR"],
    ["82492","INNOVAM MANDIRI INDONESIA","JALAN PADANG GOLF KOMPLEK CENTRAL BUSINESS DISTRICT POLONIA","prelist","MEDAN POLONIA","SUKA DAMAI","LINGKUNGAN 3","","","N. Jasa Persewaan, Ketenagakerjaan, Agen Perjalanan, dan Jasa Pendukung","SBR"],
    ["82499","PANDU TANI INDONESIA","JL. PADANG GOLF KOMP. CBD POLONIA","prelist","MEDAN POLONIA","SUKA DAMAI","LINGKUNGAN 5","","","K. Aktivitas Keuangan Dan Asuransi","SBR"],
    ["82521","ASIA MEGA PERSADA","JL POLONIA","prelist","MEDAN POLONIA","SUKA DAMAI","LINGKUNGAN 6","","","G. Perdagangan Besar dan Eceran, Reparasi Mobil dan Sepeda Motor","SBR"],
    ["82527","KARYA MITRA MAKMUR","KOMPLEK CBD POLONIA","prelist","MEDAN POLONIA","SUKA DAMAI","LINGKUNGAN 5","","","G. Perdagangan Besar dan Eceran, Reparasi Mobil dan Sepeda Motor","SBR"],
    ["82600","SINGA LANGIT JAYA","JL R A KARTINI","prelist","MEDAN POLONIA","MADRAS HULU","LINGKUNGAN 7","","","G. Perdagangan Besar dan Eceran, Reparasi Mobil dan Sepeda Motor","SBR"],
    ["82635","RUT ESTER BERJAYA","CBD POLONIA BLOK DD NOMOR : 99","prelist","MEDAN POLONIA","SUKA DAMAI","LINGKUNGAN 5","","","J. Informasi dan Komunikasi","SBR"],
    ["82639","BHINNEKA LIFE INDONESIA","GEDUNG SINARMAS LAND PLAZA LT 6 JL P DIPONEGORO","prelist","MEDAN POLONIA","MADRAS HULU","LINGKUNGAN 9","","","K. Aktivitas Keuangan Dan Asuransi","SBR"],
    ["82650","GUDANG GANO EXCEL INDONESIA","JL H ZAINUL ARIFIN","prelist","MEDAN POLONIA","MADRAS HULU","LINGKUNGAN 1","","","G. Perdagangan Besar dan Eceran, Reparasi Mobil dan Sepeda Motor","SBR"],
    ["82655","MAJU JAYA GASINDO","JL MONGINSIDI","prelist","MEDAN POLONIA","POLONIA","LINGKUNGAN 1","","","G. Perdagangan Besar dan Eceran, Reparasi Mobil dan Sepeda Motor","SBR"],
    ["82682","RIZANDRA REZEKY PRATAMA","JL CINTA KARYA LK VII","prelist","MEDAN POLONIA","SARI REJO","LINGKUNGAN 1","","","G. Perdagangan Besar dan Eceran, Reparasi Mobil dan Sepeda Motor","SBR"],
    ["82696","PRIMKOPAD KUMDAM I/BB","JL. P. DIPONEGORO","prelist","MEDAN POLONIA","MADRAS HULU","LINGKUNGAN 7","","","G. Perdagangan Besar dan Eceran, Reparasi Mobil dan Sepeda Motor","SBR"],
    ["82743","KINLEY MANDIRI INDONESIA","JL KIAI HAJI ZAINUL ARIFIN (SUN PLAZA LEVEL 4 ZONE C NO. 52,53,55,56,57))","prelist","MEDAN POLONIA","MADRAS HULU","LINGKUNGAN 7","","","G. Perdagangan Besar dan Eceran, Reparasi Mobil dan Sepeda Motor","SBR"],
    ["82765","SEMANGAT NUSANTARA ABADI","KOMPLEK CBD D-48","prelist","MEDAN POLONIA","SUKA DAMAI","LINGKUNGAN 5","","","G. Perdagangan Besar dan Eceran, Reparasi Mobil dan Sepeda Motor","SBR"],
    ["82861","SERBA USAHA `SUKSES BERSAMA`","JL. DC MAHAKAM BLOK C NO. 14, SUKA DAMAI","prelist","MEDAN POLONIA","SUKA DAMAI","LINGKUNGAN 6","","","K. Aktivitas Keuangan Dan Asuransi","SBR"],
    ["82862","SERBA USAHA PENSIUNAN ANGKASA PURA II","BANDARA UDARA POLONIA RT.0 RW.0, SUKA DAMAI","prelist","MEDAN POLONIA","SUKA DAMAI","LINGKUNGAN 5","","","K. Aktivitas Keuangan Dan Asuransi","SBR"],
    ["82887","MULIA MITRA MANDIRI","JL MUARA TAKUS NO. 18, MADRAS HULU","prelist","MEDAN POLONIA","MADRAS HULU","LINGKUNGAN 4","","","G. Perdagangan Besar dan Eceran, Reparasi Mobil dan Sepeda Motor","SBR"],
    ["82896","PEGAWAI PLN ( PRODUK )","JL DR CIPTO","prelist","MEDAN POLONIA","ANGGRUNG","LINGKUNGAN 4","","","K. Aktivitas Keuangan Dan Asuransi","SBR"],
    ["82914","SEKO INDAH","JL PADANG GOLF KOMPLEK CBD POLONIA","prelist","MEDAN POLONIA","SUKA DAMAI","LINGKUNGAN 5","","","G. Perdagangan Besar dan Eceran, Reparasi Mobil dan Sepeda Motor","SBR"],
    ["82924","ASURANSI JIWA SEQUIS LIFE","GEDUNG URO LT 3 JL IMAM BONJOL","prelist","MEDAN POLONIA","MADRAS HULU","LINGKUNGAN 8","","","K. Aktivitas Keuangan Dan Asuransi","SBR"],
    ["82935","KULINER TIGA SEKAWAN","JL R A KARTINI","prelist","MEDAN POLONIA","MADRAS HULU","LINGKUNGAN 7","","","I. Penyediaan Akomodasi dan Makan Minum","SBR"],
    ["82947","SEJATI JAYA LESTARI","TERMINAL KEDATANGAN INTERNASIONAL BANDARA POLONIA","prelist","MEDAN POLONIA","SUKA DAMAI","LINGKUNGAN 5","","","I. Penyediaan Akomodasi dan Makan Minum","SBR"],
    ["82951","TRINITY CEMERLANG ABADI","KOMPLEK CBD POLONIA JL PADANG GOLF","prelist","MEDAN POLONIA","SUKA DAMAI","LINGKUNGAN 5","","","G. Perdagangan Besar dan Eceran, Reparasi Mobil dan Sepeda Motor","SBR"],
    ["82955","NUSA AKSARA TEKNOLOGI","JL KARTINI DALAM","prelist","MEDAN POLONIA","MADRAS HULU","LINGKUNGAN 7","","","G. Perdagangan Besar dan Eceran, Reparasi Mobil dan Sepeda Motor","SBR"],
    ["83029","MULTIJAYA ANUGRAH ABADI","JL. MALIBU DUTA HIJAU BLOK C 66","prelist","MEDAN POLONIA","SUKA DAMAI","LINGKUNGAN 3","","","G. Perdagangan Besar dan Eceran, Reparasi Mobil dan Sepeda Motor","SBR"],
    ["83044","PEJUANG.NET","JL STARBAN GG BERSAMA","prelist","MEDAN POLONIA","POLONIA","LINGKUNGAN 9","","","G. Perdagangan Besar dan Eceran, Reparasi Mobil dan Sepeda Motor","SBR"],
    ["83128","DAYA BAHAGIA ABADI","JALAN TEUKU DAUD NOMOR 6-A, MEDAN","prelist","MEDAN POLONIA","MADRAS HULU","LINGKUNGAN 9","","","G. Perdagangan Besar dan Eceran, Reparasi Mobil dan Sepeda Motor","SBR"],
    ["83170","PERMATA MEDAN","KH. ZAINUL ARIFIN","prelist","MEDAN POLONIA","MADRAS HULU","LINGKUNGAN 1","","","K. Aktivitas Keuangan Dan Asuransi","SBR"],
    ["83195","MULTI GUNA PRATAMA","JL.URIP NO.15, ANGGRUNG","prelist","MEDAN POLONIA","ANGGRUNG","LINGKUNGAN 4","","","F. Konstruksi","SBR"],
    ["83196","SUMBER DUTA SARANA","JL. KARANG SARI GG.BENTENG","prelist","MEDAN POLONIA","SARI REJO","LINGKUNGAN 4","","","G. Perdagangan Besar dan Eceran, Reparasi Mobil dan Sepeda Motor","SBR"],
    ["83208","VIHARA ASHOKA ARYASANGHA","MANGONSIDI I","prelist","MEDAN POLONIA","ANGGRUNG","LINGKUNGAN 6","","","S. Aktivitas Jasa Lainnya","SBR"],
    ["83225","GRHA SINAR ABADI","KOMPLEK CBD POLONIA JL PADANG GOLF","prelist","MEDAN POLONIA","SUKA DAMAI","LINGKUNGAN 5","","","G. Perdagangan Besar dan Eceran, Reparasi Mobil dan Sepeda Motor","SBR"],
    ["83415","ALAM SEMESTA INTERNUSA","JL P DIPONEGORO","prelist","MEDAN POLONIA","MADRAS HULU","LINGKUNGAN 7","","","B. Pertambangan dan Penggalian","SBR"],
    ["83425","TAMARO EXPRESS ABADI","JL KARYA PEMBANGUNAN","prelist","MEDAN POLONIA","POLONIA","LINGKUNGAN 3","","","H. Transportasi dan Pergudangan","SBR"],
    ["83427","GRHA SINAR ARYA","JL ADI SUCIPTO KOMPLEK CBD POLONIA","prelist","MEDAN POLONIA","SUKA DAMAI","LINGKUNGAN 5","","","G. Perdagangan Besar dan Eceran, Reparasi Mobil dan Sepeda Motor","SBR"],
    ["83443","HIMPAUDI SUMUT","JL.CIK DITIRO NO.8, MADRAS HULU","prelist","MEDAN POLONIA","MADRAS HULU","LINGKUNGAN 6","","","P. Pendidikan","SBR"],
    ["83479","ELECSOL MITRA ANDAL","JL PADANG GOLF KOMPLEK CBD POLONIA","prelist","MEDAN POLONIA","SUKA DAMAI","LINGKUNGAN 5","","","G. Perdagangan Besar dan Eceran, Reparasi Mobil dan Sepeda Motor","SBR"],
    ["83508","REKATAMA ESTETIKA INTINUSA","JL. MONGONSIDI","prelist","MEDAN POLONIA","ANGGRUNG","LINGKUNGAN 8","","","F. Konstruksi","SBR"],
    ["83522","MAHA PRAJNA SURYA","JL POLONIA GG SUBUR","prelist","MEDAN POLONIA","POLONIA","LINGKUNGAN 6","","","S. Aktivitas Jasa Lainnya","SBR"],
    ["83561","PANCAJAYA ANEKAKARSA","JL IR H JUANDA","prelist","MEDAN POLONIA","SUKA DAMAI","LINGKUNGAN 4","","","G. Perdagangan Besar dan Eceran, Reparasi Mobil dan Sepeda Motor","SBR"],
    ["83587","BUMI UTAMA INDAH","KOMPLEK CBD POLONIA JL PADANG GOLF","prelist","MEDAN POLONIA","SUKA DAMAI","LINGKUNGAN 5","","","G. Perdagangan Besar dan Eceran, Reparasi Mobil dan Sepeda Motor","SBR"],
    ["83590","KOPERASI JASA KURNIA JAYA ABADI SUMUT","POLONIA KARYA BERSAMA NO. 112/JALAN VETERAN GG.TELO NO. 22 MEDAN","prelist","MEDAN POLONIA","POLONIA","LINGKUNGAN 7","","","K. Aktivitas Keuangan Dan Asuransi","SBR"],
    ["83601","LEMBAGA PEMBINAAN DAN PELAYANAN BUDDHIS TAMIL INDONESIA","JL. KARYA UTAMA LK. V","prelist","MEDAN POLONIA","POLONIA","LINGKUNGAN 5","","","S. Aktivitas Jasa Lainnya","SBR"],
    ["83609","DJAFA MANDIRI PERKASA","JL POLONIA LKVIII","prelist","MEDAN POLONIA","SUKA DAMAI","LINGKUNGAN 6","","","G. Perdagangan Besar dan Eceran, Reparasi Mobil dan Sepeda Motor","SBR"],
    ["83733","PERKUMPULAN KARATE KALA HITAM INDONESIA","JL H.ZAINUL ARIFIN","prelist","MEDAN POLONIA","MADRAS HULU","LINGKUNGAN 1","","","P. Pendidikan","SBR"],
    ["83737","CEMERLANG ABADI SEJAHTERA HORISON","TEUKU DAUD NOMOR 9","prelist","MEDAN POLONIA","MADRAS HULU","LINGKUNGAN 9","","","N. Jasa Persewaan, Ketenagakerjaan, Agen Perjalanan, dan Jasa Pendukung","SBR"],
    ["83741","CHRONO TUJUH DELAPAN SATU","JL HZ ARIFIN (SUN PLAZA) LEVEL 1 ZONE C","prelist","MEDAN POLONIA","MADRAS HULU","LINGKUNGAN 7","","","G. Perdagangan Besar dan Eceran, Reparasi Mobil dan Sepeda Motor","SBR"],
    ["83742","SURYA ARVI","JL. H. A. MALIK NO. 5/7","prelist","MEDAN POLONIA","SARI REJO","LINGKUNGAN 4","","","G. Perdagangan Besar dan Eceran, Reparasi Mobil dan Sepeda Motor","SBR"],
    ["83801","SMP SWASTA METHODIST 1 MEDAN","JL HANG TUAH","prelist","MEDAN POLONIA","MADRAS HULU","LINGKUNGAN 7","","","P. Pendidikan","SBR"],
    ["83946","KELOMPOK MASYARAKAT MONDEKA","JL. DR. CIPTO-1","prelist","MEDAN POLONIA","ANGGRUNG","LINGKUNGAN 4","","","S. Aktivitas Jasa Lainnya","SBR"],
    ["84104","BANGUN JAYA","JL.MONGONSIDI NO.51 LK IV, POLONIA","prelist","MEDAN POLONIA","POLONIA","LINGKUNGAN 4","","","F. Konstruksi","SBR"],
    ["84141","CIPTA KARYA SARTIKA","JL MONGONSIDI","prelist","MEDAN POLONIA","ANGGRUNG","LINGKUNGAN 8","","","G. Perdagangan Besar dan Eceran, Reparasi Mobil dan Sepeda Motor","SBR"],
    ["84175","IJO DAUN","JL SEJATI GG KASIH NO. 23A, SARI REJO","prelist","MEDAN POLONIA","SARI REJO","LINGKUNGAN 4","","","G. Perdagangan Besar dan Eceran, Reparasi Mobil dan Sepeda Motor","SBR"],
    ["84355","ZKTECO SECURITY INDONESIA","JL PANGERAN DIPONEGORO SINARMAS LAND PLAZA LANTAI 6","prelist","MEDAN POLONIA","MADRAS HULU","LINGKUNGAN 9","","","G. Perdagangan Besar dan Eceran, Reparasi Mobil dan Sepeda Motor","SBR"],
    ["84411","SABDA CIPTA JAYA","JL CIK DITIRO NO.8-T","prelist","MEDAN POLONIA","MADRAS HULU","LINGKUNGAN 6","","","F. Konstruksi","SBR"],
    ["84438","SD SWASTA ANGKASA 2","JL. POLONIA UJUNG","prelist","MEDAN POLONIA","SUKA DAMAI","LINGKUNGAN 6","","","P. Pendidikan","SBR"],
    ["84482","GASINDO MULTI JAYA","JL. POLONIA GG. A","prelist","MEDAN POLONIA","POLONIA","LINGKUNGAN 1","","","G. Perdagangan Besar dan Eceran, Reparasi Mobil dan Sepeda Motor","SBR"],
    ["84556","PESONA NATASHA GEMILANG","JL MONGONSIDI","prelist","MEDAN POLONIA","POLONIA","LINGKUNGAN 1","","","Q. Jasa Kesehatan dan Kegiatan Sosial","SBR"],
    ["84579","INFINITI INDONESIA TRADING","JL PADANG GOLF KOMPLEK CBD POLONIA","prelist","MEDAN POLONIA","SUKA DAMAI","LINGKUNGAN 5","","","G. Perdagangan Besar dan Eceran, Reparasi Mobil dan Sepeda Motor","SBR"],
    ["84590","MULTI HARAPAN SEJAHTERA","JLWOLTER MONGONSIDI N","prelist","MEDAN POLONIA","POLONIA","LINGKUNGAN 1","","","G. Perdagangan Besar dan Eceran, Reparasi Mobil dan Sepeda Motor","SBR"],
    ["84602","MEMBANGUN SEKOLAH-SEKOLAH KRISTEN","JL.IMAM BONJOL, MADRAS HULU","prelist","MEDAN POLONIA","MADRAS HULU","LINGKUNGAN 8","","","P. Pendidikan","SBR"],
    ["84624","CYNDA WIJAYA","JL NUSA PERMAI MALIBU","prelist","MEDAN POLONIA","SUKA DAMAI","LINGKUNGAN 3","","","F. Konstruksi","SBR"],
    ["84754","SERBA USAHA SEJAHTERA TRI ANUGERAH","JL P.DIPONEGORO","prelist","MEDAN POLONIA","MADRAS HULU","LINGKUNGAN 9","","","K. Aktivitas Keuangan Dan Asuransi","SBR"],
    ["84811","KARYAWAN GURU / PEGAWAI METHODIST HANG TUAH","JL. HANG TUAH NO. 4","prelist","MEDAN POLONIA","MADRAS HULU","LINGKUNGAN 7","","","K. Aktivitas Keuangan Dan Asuransi","SBR"],
    ["84832","MITRA WIJAYA MANDIRI","JL. TERATAI LK. V","prelist","MEDAN POLONIA","SARI REJO","LINGKUNGAN 5","","","G. Perdagangan Besar dan Eceran, Reparasi Mobil dan Sepeda Motor","SBR"],
    ["84875","BARISAN JAYA AGUNG","JL PADANG GOLF KOMP CBD POLONIA","prelist","MEDAN POLONIA","SUKA DAMAI","LINGKUNGAN 5","","","F. Konstruksi","SBR"],
    ["84907","MAHA PADDA LESTARI","JL KIAI HAJI ZAINUL ARIFIN, SUN PLAZA LEVEL 2 NOA-12","prelist","MEDAN POLONIA","MADRAS HULU","LINGKUNGAN 9","","","G. Perdagangan Besar dan Eceran, Reparasi Mobil dan Sepeda Motor","SBR"],
    ["85089","KOPERASI HARDHA MARUTHA III","JL KANTOR WING III PASKHAS EX BANDARA POLONIA","prelist","MEDAN POLONIA","SUKA DAMAI","LINGKUNGAN 5","","","K. Aktivitas Keuangan Dan Asuransi","SBR"],
    ["85127","SUMBER SAMUDERA REZEKI","JL P DIPONEGORO SINAR MAS LAND PLAZA LT 6 SUITE","prelist","MEDAN POLONIA","MADRAS HULU","LINGKUNGAN 7","","","G. Perdagangan Besar dan Eceran, Reparasi Mobil dan Sepeda Motor","SBR"],
    ["85167","TIRTA KENCANA MAS","JL BILAL GANG BERSAMA LK 1","prelist","MEDAN POLONIA","SARI REJO","LINGKUNGAN 1","","","G. Perdagangan Besar dan Eceran, Reparasi Mobil dan Sepeda Motor","SBR"],
    ["85179","KESEJAHTERAAN KARYAWAN BANK PEMBANGUNAN DAERAH ( BPDSU )","JL.IMAM BONJOL NO.18, MADRAS HULU","prelist","MEDAN POLONIA","MADRAS HULU","LINGKUNGAN 9","","","K. Aktivitas Keuangan Dan Asuransi","SBR"],
    ["85381","AIDIL JAYA","JL.SMA II NO.8 RT.00 RW.00, SARI REJO","prelist","MEDAN POLONIA","SUKA DAMAI","LINGKUNGAN 3","","","G. Perdagangan Besar dan Eceran, Reparasi Mobil dan Sepeda Motor","SBR"],
    ["85406","PRIMER KOPERASI ANGKATAN UDARA PANCAWARA","JL BATALYON KOMANDO PASKHAS","prelist","MEDAN POLONIA","SARI REJO","LINGKUNGAN 4","","","K. Aktivitas Keuangan Dan Asuransi","SBR"],
    ["85560","SERENDIPITY","JL KH ZAINUL ARIFIN LT 1 SUN PLAZA ZONE B","prelist","MEDAN POLONIA","MADRAS HULU","LINGKUNGAN 9","","","G. Perdagangan Besar dan Eceran, Reparasi Mobil dan Sepeda Motor","SBR"],
    ["85564","KOME GLOBAL INDONESIA","JALAN TEUKU CIK DI TIRO 8-A","prelist","MEDAN POLONIA","MADRAS HULU","LINGKUNGAN 6","","","G. Perdagangan Besar dan Eceran, Reparasi Mobil dan Sepeda Motor","SBR"],
    ["85641","FAM MANDIRI","JL.MONGINSIDI III NO.30 RT. 0 RW. 0","prelist","MEDAN POLONIA","ANGGRUNG","LINGKUNGAN 8","","","G. Perdagangan Besar dan Eceran, Reparasi Mobil dan Sepeda Motor","SBR"],
    ["85642","HARAPAN SENTOSA","JL. T. CIK DITIRO NO. 9 A, MADRAS HULU","prelist","MEDAN POLONIA","MADRAS HULU","LINGKUNGAN 4","","","G. Perdagangan Besar dan Eceran, Reparasi Mobil dan Sepeda Motor","SBR"],
    ["85744","WIMALA BUANA MULTIKARGO","JALAN TAMAN POLONIA I NOMOR 10","prelist","MEDAN POLONIA","SUKA DAMAI","LINGKUNGAN 4","","","H. Transportasi dan Pergudangan","SBR"],
    ["85829","BUMI DAMAI ANUGERAH RAYA","JL SUDIRMAN","prelist","MEDAN POLONIA","MADRAS HULU","LINGKUNGAN 8","","","M. Jasa Profesional, Ilmiah, dan Teknis","SBR"],
    ["85965","SIMPAN PINJAM PUSKOPAU LANUD SOEWONDO","JL PERHUBUNGAN UDARA (EX BANDARA POLONIA)","prelist","MEDAN POLONIA","SUKA DAMAI","LINGKUNGAN 5","","","K. Aktivitas Keuangan Dan Asuransi","SBR"],
    ["85971","PANEN LESTARI INTERNUSA","GEDUNG SUN PLAZA JL H.ZAINUL ARIFIN GEDUNG SUN PLAZA","prelist","MEDAN POLONIA","MADRAS HULU","LINGKUNGAN 9","","","G. Perdagangan Besar dan Eceran, Reparasi Mobil dan Sepeda Motor","SBR"],
    ["86137","EKSIMINDO NUSA","JL DIPONEGORO NO 8 LANTAI 8 WISMA BII SUIT 802, MADRAS HULU","prelist","MEDAN POLONIA","MADRAS HULU","LINGKUNGAN 7","","","M. Jasa Profesional, Ilmiah, dan Teknis","SBR"],
    ["86389","ANANDA SUMBER REZEKI","JL.ANTARIKSA GG MAKHRUF NO.5 LK IX","prelist","MEDAN POLONIA","SARI REJO","LINGKUNGAN 9","","","G. Perdagangan Besar dan Eceran, Reparasi Mobil dan Sepeda Motor","SBR"],
    ["86417","SERBA USAHA PURNA KARYA PT PERKEBUNAN NUSANTARA IV","JL.RA KARTINI NO.23, MADRAS HULU","prelist","MEDAN POLONIA","MADRAS HULU","LINGKUNGAN 7","","","G. Perdagangan Besar dan Eceran, Reparasi Mobil dan Sepeda Motor","SBR"],
    ["86424","GONDESAN BUDDHIST INDONESIA MEDAN","JL PADANG GOLF KOMPLEK PERTOKOAN CBD POLONIA","prelist","MEDAN POLONIA","SUKA DAMAI","LINGKUNGAN 5","","","Q. Jasa Kesehatan dan Kegiatan Sosial","SBR"],
    ["86503","ANGSANA PRIMA","BANDARA POLONIA, SUKA DAMAI","prelist","MEDAN POLONIA","SUKA DAMAI","LINGKUNGAN 5","","","G. Perdagangan Besar dan Eceran, Reparasi Mobil dan Sepeda Motor","SBR"],
    ["86632","EMPAT GELAS INDONESIA","JL PIPA 1","prelist","MEDAN POLONIA","SARI REJO","LINGKUNGAN 6","","","G. Perdagangan Besar dan Eceran, Reparasi Mobil dan Sepeda Motor","SBR"],
    ["86660","BODY SUN PLAZA","JL HZ ARIFIN LT G 09-10 SUN PLAZA MEDAN","prelist","MEDAN POLONIA","MADRAS HULU","LINGKUNGAN 9","","","G. Perdagangan Besar dan Eceran, Reparasi Mobil dan Sepeda Motor","SBR"],
    ["86705","PRIMA SELERA USKUP","JL USKUP AGUNG SUGIOPRANOTO","prelist","MEDAN POLONIA","MADRAS HULU","LINGKUNGAN 7","","","I. Penyediaan Akomodasi dan Makan Minum","SBR"],
    ["86896","ERA SAWIT SEJATI","JALAN CUT MUTIA","prelist","MEDAN POLONIA","MADRAS HULU","LINGKUNGAN 10","","","A. Pertanian, Kehutanan, dan Perikanan","SBR"],
    ["86902","PERKEBUNAN BULUTELANG","JALAN PADANG GOLF CBD POLONIA","prelist","MEDAN POLONIA","SUKA DAMAI","LINGKUNGAN 5","","","A. Pertanian, Kehutanan, dan Perikanan","SBR"],
    ["86957","NUSANTARA SINAR SEJATI","KOMPLEK CBD JL ADI SUCIPTO","prelist","MEDAN POLONIA","SUKA DAMAI","LINGKUNGAN 5","","","G. Perdagangan Besar dan Eceran, Reparasi Mobil dan Sepeda Motor","SBR"],
    ["87021","SETIA LAJU SEJAHTERA","JL. ADI SUCIPTO KOMPLEK PERTOKOAN CBD POLONIA BLOK G NO. 50","prelist","MEDAN POLONIA","SUKA DAMAI","LINGKUNGAN 5","","","R. Kesenian, Hiburan, dan Rekreasi","SBR"],
    ["87028","ASDA","JL PERHUBUNGAN UDARA KOMPLEK GRAND POLONIA","prelist","MEDAN POLONIA","SUKA DAMAI","LINGKUNGAN 5","","","A. Pertanian, Kehutanan, dan Perikanan","SBR"],
    ["87035","ANUGERAH KUTA RAJA","JL. PASUNDAN","prelist","MEDAN POLONIA","MADRAS HULU","LINGKUNGAN 10","","","G. Perdagangan Besar dan Eceran, Reparasi Mobil dan Sepeda Motor","SBR"],
    ["87057","SAWIT MAS SARANA","JALAN ADI SUCIPTO KOMP RIVER VIEW","prelist","MEDAN POLONIA","SUKA DAMAI","LINGKUNGAN 3","","","A. Pertanian, Kehutanan, dan Perikanan","SBR"],
    ["87110","GLORY JAYA","JL.MONGINSIDI I NO.20 RT. 00 RW. 00","prelist","MEDAN POLONIA","ANGGRUNG","LINGKUNGAN 7","","","G. Perdagangan Besar dan Eceran, Reparasi Mobil dan Sepeda Motor","SBR"],
    ["87157","OCEAN CENTRA FURNINDO","JL KH. ZAINUL ARIFIN","prelist","MEDAN POLONIA","MADRAS HULU","LINGKUNGAN 9","","","G. Perdagangan Besar dan Eceran, Reparasi Mobil dan Sepeda Motor","SBR"],
    ["87184","GLOBAL WAKSA UTAMA","JL.BILAL NO.47-E, SARI REJO","prelist","MEDAN POLONIA","SARI REJO","LINGKUNGAN 3","","","F. Konstruksi","SBR"],
    ["87208","RENDI PERMATA RAYA","A RIVAI","prelist","MEDAN POLONIA","MADRAS HULU","LINGKUNGAN 8","","","A. Pertanian, Kehutanan, dan Perikanan","SBR"],
    ["87236","DAPOER KECILKU","JL. IMAM BONJOL","prelist","MEDAN POLONIA","MADRAS HULU","LINGKUNGAN 7","","","I. Penyediaan Akomodasi dan Makan Minum","SBR"],
    ["87257","BANK WOORI SAUDARA INDONESIA 1906, Tbk","JL KH ZAINUL ARIFIN","prelist","MEDAN POLONIA","MADRAS HULU","LINGKUNGAN 1","","","K. Aktivitas Keuangan Dan Asuransi","SBR"],
    ["87279","EVERGREEN SHIPPING AGENCY INDONESIA","WISMA BII 901 LT 9 JL DIPONEGORO","prelist","MEDAN POLONIA","MADRAS HULU","LINGKUNGAN 7","","","H. Transportasi dan Pergudangan","SBR"],
    ["87285","SINAR MAS AGRO RESOURCES AND TECHNOLOGY TBK. (SMART TBK.)","JL MONGONSIDI","prelist","MEDAN POLONIA","ANGGRUNG","LINGKUNGAN 8","","","C. Industri Pengolahan","SBR"],
    ["87328","MAHKOTA MITRA SEJAHTERA","JL KH ZAINUL ARIFIN 7, SUN PLAZA LT 2 ZONE B","prelist","MEDAN POLONIA","MADRAS HULU","LINGKUNGAN 9","","","G. Perdagangan Besar dan Eceran, Reparasi Mobil dan Sepeda Motor","SBR"],
    ["87363","BHIMASENA REKAYASA INDUSTRI","KOMPLEK CENTRAL BUSINESS DISTRICT (CBD) POLONIA","prelist","MEDAN POLONIA","POLONIA","LINGKUNGAN 7","","","G. Perdagangan Besar dan Eceran, Reparasi Mobil dan Sepeda Motor","SBR"],
    ["87397","TIRZA ANUGRAH","JL KARYA BAKTI II GANG SUBUR II","prelist","MEDAN POLONIA","SARI REJO","LINGKUNGAN 2","","","F. Konstruksi","SBR"],
    ["87461","GIORA","JL.MONGINSIDI","prelist","MEDAN POLONIA","ANGGRUNG","LINGKUNGAN 8","","","G. Perdagangan Besar dan Eceran, Reparasi Mobil dan Sepeda Motor","SBR"],
    ["87531","MOZAR PERSADA","JL KARYA SEJATI","prelist","MEDAN POLONIA","POLONIA","LINGKUNGAN 5","","","F. Konstruksi","SBR"],
    ["87540","LEMBAGA PEMBERDAYAAN MASYARAKAT (LPM) KELURAHAN ANGGRUNG","JL DR CIPTO I GG SUDIAMAN","prelist","MEDAN POLONIA","ANGGRUNG","LINGKUNGAN 1","","","S. Aktivitas Jasa Lainnya","SBR"],
    ["87544","MAJU JAYA","JL.ADI SUCIPTO KOMP.RIVER VIEW BLOK A NO.27 RT. 0 RW. 0","prelist","MEDAN POLONIA","SUKA DAMAI","LINGKUNGAN 5","","","S. Aktivitas Jasa Lainnya","SBR"],
    ["87616","CINTA RAJA","JL TAMAN POLONIA IV","prelist","MEDAN POLONIA","SUKA DAMAI","LINGKUNGAN 4","","","A. Pertanian, Kehutanan, dan Perikanan","SBR"],
    ["87625","PERHIMPUNAN REUMATOLOGI INDONESIA CABANG MEDAN","JL MONGONSIDI","prelist","MEDAN POLONIA","ANGGRUNG","LINGKUNGAN 8","","","S. Aktivitas Jasa Lainnya","SBR"],
    ["87647","DINAMIKA INTI SENTOSA","JL DC MAHAKAM","prelist","MEDAN POLONIA","SUKA DAMAI","LINGKUNGAN 3","","","A. Pertanian, Kehutanan, dan Perikanan","SBR"],
    ["87696","ASURANSI JIWA MANULIFE INDONESIA","JL DIPONEGORO","prelist","MEDAN POLONIA","MADRAS HULU","LINGKUNGAN 8","","","K. Aktivitas Keuangan Dan Asuransi","SBR"],
    ["87703","MITRA ADIPERKASA TBK.","JL KH ZAINUL ARIFIN MALL SUN PLAZA LG ZONE A","prelist","MEDAN POLONIA","MADRAS HULU","LINGKUNGAN 9","","","G. Perdagangan Besar dan Eceran, Reparasi Mobil dan Sepeda Motor","SBR"],
    ["87707","SWISSTIME PERKASA INTERNASIONAL","MALL SUN PLAZA MEDAN, GROUND FLOOR UNIT C-31 DAN C-32, JL. KH. ZAINUL ARIFIN","prelist","MEDAN POLONIA","MADRAS HULU","LINGKUNGAN 9","","","G. Perdagangan Besar dan Eceran, Reparasi Mobil dan Sepeda Motor","SBR"],
    ["87742","PUTRA SAMUDRA INDONESIA","JL SD INPRES LK VI","prelist","MEDAN POLONIA","SARI REJO","LINGKUNGAN 6","","","A. Pertanian, Kehutanan, dan Perikanan","SBR"],
    ["87778","PERUSAHAAN PERKEBUNAN, INDUSTRI & DAGANG KWALA GUNUNG","JL JUANDA II NO 28 O","prelist","MEDAN POLONIA","SUKA DAMAI","LINGKUNGAN 5","","","C. Industri Pengolahan","SBR"],
    ["87836","SEWANGI SEDJATI","JL IR.H. JUANDA","prelist","MEDAN POLONIA","SUKA DAMAI","LINGKUNGAN 5","","","A. Pertanian, Kehutanan, dan Perikanan","SBR"],
    ["87862","TANJUNG MULIA MANDIRI LESTARI","VETERAN","prelist","MEDAN POLONIA","MADRAS HULU","LINGKUNGAN 7","","","F. Konstruksi","SBR"],
    ["87873","TARA TUJUH TUJUH","KOMPLEK CBD POLONIA JL PADANG GOLF","prelist","MEDAN POLONIA","SUKA DAMAI","LINGKUNGAN 5","","","D. Pengadaan Listrik, Gas, Uap/Air Panas, dan Udara Dingin","SBR"],
    ["87876","BARISAN PENDUKUNG PENGESAHAN PROPINSI TAPANULI (BP2PROTAP)","JL PADANG GOLF","prelist","MEDAN POLONIA","SUKA DAMAI","LINGKUNGAN 3","","","Q. Jasa Kesehatan dan Kegiatan Sosial","SBR"],
    ["87878","NOSKA WIYATA PRATAMA","JL. KARYA DARMA 1 NO.2A LK XII","prelist","MEDAN POLONIA","POLONIA","LINGKUNGAN 5","","","Q. Jasa Kesehatan dan Kegiatan Sosial","SBR"],
    ["87968","TUV RHEINLAND INDONESIA","URO BUILDING LT 6 ZONE 1A JL IMAM BONJOL","prelist","MEDAN POLONIA","MADRAS HULU","LINGKUNGAN 9","","","M. Jasa Profesional, Ilmiah, dan Teknis","SBR"],
    ["87977","PALMARIS RAYA","JL A RIVAI","prelist","MEDAN POLONIA","MADRAS HULU","LINGKUNGAN 8","","","C. Industri Pengolahan","SBR"],
    ["87980","TUNAS ANUGERAH SAWIT SEJAHTERA","JALAN TAMAN POLONIA III NOMOR 52, MEDAN","prelist","MEDAN POLONIA","SUKA DAMAI","LINGKUNGAN 4","","","C. Industri Pengolahan","SBR"],
    ["88298","MESTIKA BENUA MAS","JL KH. ZAINUL ARIFIN DALAM","prelist","MEDAN POLONIA","MADRAS HULU","LINGKUNGAN 1","","","N. Jasa Persewaan, Ketenagakerjaan, Agen Perjalanan, dan Jasa Pendukung","SBR"],
    ["88336","PATEN ALAM LESTARI","JALAN PANGERAN DIPONEGORO","prelist","MEDAN POLONIA","MADRAS HULU","LINGKUNGAN 7","","","A. Pertanian, Kehutanan, dan Perikanan","SBR"],
    ["88421","SUKSES SEMESTA ABADI","JL TERATAI","prelist","MEDAN POLONIA","SARI REJO","LINGKUNGAN 5","","","G. Perdagangan Besar dan Eceran, Reparasi Mobil dan Sepeda Motor","SBR"],
    ["88460","PRISMA MAS SEMESTA","JL HZ ARIFIN SUN PLAZA LV I BLK B 10 - 11","prelist","MEDAN POLONIA","MADRAS HULU","LINGKUNGAN 7","","","G. Perdagangan Besar dan Eceran, Reparasi Mobil dan Sepeda Motor","SBR"],
    ["88482","MAP ZONA ADIPERKASA","SUN PLAZA MALL MEDAN LANTAI 02 ZONE C 5-6 JL K H ZAINUL ARIFIN","prelist","MEDAN POLONIA","MADRAS HULU","LINGKUNGAN 9","","","G. Perdagangan Besar dan Eceran, Reparasi Mobil dan Sepeda Motor","SBR"],
    ["88490","CITRA KREASI INDAH SENTOSA","JL HZ ARIFIN SUN PLAZA LEVEL I ZONE C-03","prelist","MEDAN POLONIA","MADRAS HULU","LINGKUNGAN 7","","","G. Perdagangan Besar dan Eceran, Reparasi Mobil dan Sepeda Motor","SBR"],
    ["88492","YUNITA PERMAI ROTUA","JL T CIK DITIRO","prelist","MEDAN POLONIA","MADRAS HULU","LINGKUNGAN 7","","","N. Jasa Persewaan, Ketenagakerjaan, Agen Perjalanan, dan Jasa Pendukung","SBR"],
    ["88571","EDUKASI KREASI SOLUSI","JL PADANG GOLF KOMPLEK CENTRAL BUSINESS DISTRICT POLONIA","prelist","MEDAN POLONIA","SUKA DAMAI","LINGKUNGAN 3","","","J. Informasi dan Komunikasi","SBR"],
    ["88572","PASIFIK SANITASI INDONESIA","JL PADANG GOLF KOMPLEK CENTRAL BUSINESS DISTRICT POLONIA","prelist","MEDAN POLONIA","SUKA DAMAI","LINGKUNGAN 3","","","G. Perdagangan Besar dan Eceran, Reparasi Mobil dan Sepeda Motor","SBR"],
    ["88626","TAHAN KARYA","JL URIP","prelist","MEDAN POLONIA","ANGGRUNG","LINGKUNGAN 4","","","G. Perdagangan Besar dan Eceran, Reparasi Mobil dan Sepeda Motor","SBR"],
    ["88666","PELITA AGUNG","JL CUT MUTIA","prelist","MEDAN POLONIA","MADRAS HULU","LINGKUNGAN 10","","","F. Konstruksi","SBR"],
    ["88724","KINDO RITEL PRIMA","JL ZAINAL ARIFIN LT GRAND FLOOR","prelist","MEDAN POLONIA","MADRAS HULU","LINGKUNGAN 1","","","G. Perdagangan Besar dan Eceran, Reparasi Mobil dan Sepeda Motor","SBR"],
    ["88844","PRIMA DATA LESTARI","JL.TEUKU UMAR NO.7-AA, MADRAS HULU","prelist","MEDAN POLONIA","MADRAS HULU","LINGKUNGAN 1","","","G. Perdagangan Besar dan Eceran, Reparasi Mobil dan Sepeda Motor","SBR"],
    ["88967","KOPENDA","PT.ANGKASA PURA II (PERSERO) BANDARA POLONIA RT. 0 RW. 0","prelist","MEDAN POLONIA","SUKA DAMAI","LINGKUNGAN 5","","","G. Perdagangan Besar dan Eceran, Reparasi Mobil dan Sepeda Motor","SBR"],
    ["89021","MAJAPAHIT INDO PERKASA","JL P DIPONEGORO","prelist","MEDAN POLONIA","MADRAS HULU","LINGKUNGAN 7","","","L. Real Estat","SBR"],
    ["89197","PERGURUAN I RAFFLES","JL PADANG GOLF KOMPLEK CBD POLONIA BLOK A NO 60-65 & 91-97","prelist","MEDAN POLONIA","SUKA DAMAI","LINGKUNGAN 5","","","P. Pendidikan","SBR"],
    ["89226","TOWER ANDALAS MIGHTY","JL STARBAN","prelist","MEDAN POLONIA","POLONIA","LINGKUNGAN 8","","","G. Perdagangan Besar dan Eceran, Reparasi Mobil dan Sepeda Motor","SBR"],
    ["89294","KELOMPOK KERJA GURU WILAYAH IV KEC. MEDAN POLONIA","JL. PENDIDIKAN LK. I","prelist","MEDAN POLONIA","POLONIA","LINGKUNGAN 1","","","P. Pendidikan","SBR"],
    ["89327","QQ KOPITIAM","SUN PLAZA LT.3 JL KH. ZAINUL ARIFIN","prelist","MEDAN POLONIA","MADRAS HULU","LINGKUNGAN 9","","","S. Aktivitas Jasa Lainnya","SBR"],
    ["89339","QQ KOPITIAM INVESTMENT","COMP.SUN PLAZA LT.3-C-29 RT. 0 RW. 0","prelist","MEDAN POLONIA","MADRAS HULU","LINGKUNGAN 7","","","G. Perdagangan Besar dan Eceran, Reparasi Mobil dan Sepeda Motor","SBR"],
    ["89391","RESIK CITRA MANDIRI PERSADA MEDAN","KOMP PURNABHAKTI TNI AU JL POLONIA","prelist","MEDAN POLONIA","SARI REJO","LINGKUNGAN 5","","","G. Perdagangan Besar dan Eceran, Reparasi Mobil dan Sepeda Motor","SBR"],
    ["89404","GRAHA SUKSES MANDIRI","JL SISINGAMANGARAJA","prelist","MEDAN POLONIA","SUKA DAMAI","LINGKUNGAN 3","","","G. Perdagangan Besar dan Eceran, Reparasi Mobil dan Sepeda Motor","SBR"],
    ["89507","RAJANA ABADI","JL MONGINSIDI","prelist","MEDAN POLONIA","ANGGRUNG","LINGKUNGAN 8","","","G. Perdagangan Besar dan Eceran, Reparasi Mobil dan Sepeda Motor","SBR"],
    ["89514","LABURA HIDRO ENERGI","JL SEJATI","prelist","MEDAN POLONIA","SARI REJO","LINGKUNGAN 8","","","D. Pengadaan Listrik, Gas, Uap/Air Panas, dan Udara Dingin","SBR"],
    ["89536","VIAT - SING","JL MONGINSIDI","prelist","MEDAN POLONIA","ANGGRUNG","LINGKUNGAN 5","","","C. Industri Pengolahan","SBR"],
    ["89539","YAKIN OBOR SINAR UTAMA","JL PADANG GOLF KOMP CBD","prelist","MEDAN POLONIA","SUKA DAMAI","LINGKUNGAN 5","","","C. Industri Pengolahan","SBR"],
    ["89622","INDORAJA TOGA KARYA","JALAN SUBUR II GANG PRIBADI NOMOR 17","prelist","MEDAN POLONIA","SARI REJO","LINGKUNGAN 2","","","G. Perdagangan Besar dan Eceran, Reparasi Mobil dan Sepeda Motor","SBR"],
    ["89656","MUTIA CULINARY CONCEPTS","JL CUT MUTIA","prelist","MEDAN POLONIA","MADRAS HULU","LINGKUNGAN 9","","","I. Penyediaan Akomodasi dan Makan Minum","SBR"],
    ["89678","MANDIRI TEGAR LESTARIJO","JL PADANG GOLF KOMPLEK CBD","prelist","MEDAN POLONIA","SUKA DAMAI","LINGKUNGAN 5","","","G. Perdagangan Besar dan Eceran, Reparasi Mobil dan Sepeda Motor","SBR"],
    ["89719","SATAMADIAN","JL CUT MEUTIA","prelist","MEDAN POLONIA","MADRAS HULU","LINGKUNGAN 10","","","A. Pertanian, Kehutanan, dan Perikanan","SBR"],
    ["89759","ALFIS PARMANDO TEKNIK","JL ANTARIKSA GG BUNTU LK VI","prelist","MEDAN POLONIA","SARI REJO","LINGKUNGAN 6","","","C. Industri Pengolahan","SBR"],
    ["89771","CAHAYA GARUDA ENERGI","JL MUARA TAKUS","prelist","MEDAN POLONIA","MADRAS HULU","LINGKUNGAN 4","","","G. Perdagangan Besar dan Eceran, Reparasi Mobil dan Sepeda Motor","SBR"],
    ["89826","LALKAR MAJU JAYA","T.CIK DITIRO","prelist","MEDAN POLONIA","MADRAS HULU","LINGKUNGAN 7","","","G. Perdagangan Besar dan Eceran, Reparasi Mobil dan Sepeda Motor","SBR"],
    ["89948","AREN PERTAMA","JL PADANG GOLF KOMPLEK CENTRAL BUSINESS DISTRIC POLONIA","prelist","MEDAN POLONIA","SUKA DAMAI","LINGKUNGAN 3","","","A. Pertanian, Kehutanan, dan Perikanan","SBR"],
    ["89972","MARDES","JL. TERATAI GG MULIA LK V","prelist","MEDAN POLONIA","SARI REJO","LINGKUNGAN 5","","","G. Perdagangan Besar dan Eceran, Reparasi Mobil dan Sepeda Motor","SBR"],
    ["90027","WIDJAJA INDOTECH NUSANTARA","JL PADANG GOLF KOMPLEK CBD POLONIA","prelist","MEDAN POLONIA","SUKA DAMAI","LINGKUNGAN 5","","","G. Perdagangan Besar dan Eceran, Reparasi Mobil dan Sepeda Motor","SBR"],
    ["90049","KOMODITI EKSPOR IMPOR INDONESIA","JL PADANG GOLF POLONIA KOMPLEK CBD POLONIA","prelist","MEDAN POLONIA","SUKA DAMAI","LINGKUNGAN 5","","","G. Perdagangan Besar dan Eceran, Reparasi Mobil dan Sepeda Motor","SBR"],
    ["90056","BAROKAH","JL. ANTARIKSA GG. PIPA TENGAH","prelist","MEDAN POLONIA","SARI REJO","LINGKUNGAN 6","","","G. Perdagangan Besar dan Eceran, Reparasi Mobil dan Sepeda Motor","SBR"],
    ["90062","SUNLI AGRONIAGA SUKSES","KOMPLEK CBD POLONIA JL PADANG GOLF","prelist","MEDAN POLONIA","SUKA DAMAI","LINGKUNGAN 5","","","A. Pertanian, Kehutanan, dan Perikanan","SBR"],
    ["90166","FAJAR MAKMUR MEDAN","JL. ANTARIKSA GG. SAWIT LK. VI","prelist","MEDAN POLONIA","SARI REJO","LINGKUNGAN 6","","","N. Jasa Persewaan, Ketenagakerjaan, Agen Perjalanan, dan Jasa Pendukung","SBR"],
    ["90316","ALPRAJAYA UTAMA INDONESIA","JL ANTARIKSA DALAM","prelist","MEDAN POLONIA","SARI REJO","LINGKUNGAN 6","","","G. Perdagangan Besar dan Eceran, Reparasi Mobil dan Sepeda Motor","SBR"],
    ["90344","RAUDHATUL ATHFAL AL BAROKAH","SEJATI","prelist","MEDAN POLONIA","SARI REJO","LINGKUNGAN 4","","","P. Pendidikan","SBR"],
    ["90352","SMP ANGKASA LANUD SOEWONDO","JL. POLONIA UJUNG","prelist","MEDAN POLONIA","SUKA DAMAI","LINGKUNGAN 6","","","P. Pendidikan","SBR"],
    ["90416","INLIN PRATAMA","JL TERNAK","prelist","MEDAN POLONIA","POLONIA","LINGKUNGAN 7","","","G. Perdagangan Besar dan Eceran, Reparasi Mobil dan Sepeda Motor","SBR"],
    ["90531","AL-MUJAHIDAH SUMATERA UTARA","JL.BILAL GG MAKMUR LK I RT. 00 RW. 00","prelist","MEDAN POLONIA","SARI REJO","LINGKUNGAN 1","","","P. Pendidikan","SBR"],
    ["90618","PERKUMPULAN SATUAN TUGAS SARIREJO","ANTARIKSA","prelist","MEDAN POLONIA","SARI REJO","LINGKUNGAN 6","","","A. Pertanian, Kehutanan, dan Perikanan","SBR"],
    ["90630","SURYA GEMILANG PRATAMA","JL STARBAN GG WAHYU","prelist","MEDAN POLONIA","POLONIA","LINGKUNGAN 11","","","G. Perdagangan Besar dan Eceran, Reparasi Mobil dan Sepeda Motor","SBR"],
    ["90687","DIVA KREASI PERTIWI","KOMP TNI-AU KR SARI-I","prelist","MEDAN POLONIA","SARI REJO","LINGKUNGAN 5","","","G. Perdagangan Besar dan Eceran, Reparasi Mobil dan Sepeda Motor","SBR"],
    ["90773","NURUSSHOLIH","JL. CEMPAKA","prelist","MEDAN POLONIA","SARI REJO","LINGKUNGAN 4","","","P. Pendidikan","SBR"],
    ["90784","TRIPLE S","JL.POLONIA NO.29/69, POLONIA","prelist","MEDAN POLONIA","POLONIA","LINGKUNGAN 2","","","G. Perdagangan Besar dan Eceran, Reparasi Mobil dan Sepeda Motor","SBR"],
    ["90788","RIDHO UTAMA","MUSTAFA G.VII NO. 10 RT.000 RW.000, GLUGUR DARAT I","prelist","MEDAN POLONIA","ANGGRUNG","LINGKUNGAN 4","","","G. Perdagangan Besar dan Eceran, Reparasi Mobil dan Sepeda Motor","SBR"],
    ["90833","PUSAKA KESEHATAN MEDAN","KOMPLEK CBD POLONIA","prelist","MEDAN POLONIA","SUKA DAMAI","LINGKUNGAN 5","","","S. Aktivitas Jasa Lainnya","SBR"],
    ["90873","SAHABAT ABADI BOGA INDONESIA","JALAN RA KARTINI","prelist","MEDAN POLONIA","MADRAS HULU","LINGKUNGAN 7","","","I. Penyediaan Akomodasi dan Makan Minum","SBR"],
    ["90946","TOGU TOGU ON","JL JENGGALA","prelist","MEDAN POLONIA","MADRAS HULU","LINGKUNGAN 1","","","G. Perdagangan Besar dan Eceran, Reparasi Mobil dan Sepeda Motor","SBR"],
    ["90947","METRO SUKSES","JL CUT MEUTIA NO.2 RT. 00 RW. 00","prelist","MEDAN POLONIA","MADRAS HULU","LINGKUNGAN 9","","","S. Aktivitas Jasa Lainnya","SBR"],
    ["90967","AGUS JAYA ABADI","JL USKUP AGUNG","prelist","MEDAN POLONIA","MADRAS HULU","LINGKUNGAN 7","","","S. Aktivitas Jasa Lainnya","SBR"],
    ["91118","MULTI NUSANTARA KARYA","JL H Z ARIFIN NO 7 SUN PLAZA LEVEL 2 ZONA A-01, MADRAS HULU","prelist","MEDAN POLONIA","MADRAS HULU","LINGKUNGAN 9","","","L. Real Estat","SBR"],
    ["91147","NUSANTARA SEJAHTERA RAYA","JL MONGONSIDI","prelist","MEDAN POLONIA","POLONIA","LINGKUNGAN 1","","","J. Informasi dan Komunikasi","SBR"],
    ["91192","LAMHOT JAYA RAYA","PADANG GOLF KOMP. CBD POLONIA","prelist","MEDAN POLONIA","SUKA DAMAI","LINGKUNGAN 5","","","G. Perdagangan Besar dan Eceran, Reparasi Mobil dan Sepeda Motor","SBR"],
    ["91300","LEONARDI","JL. STARBAN","prelist","MEDAN POLONIA","POLONIA","LINGKUNGAN 9","","","C. Industri Pengolahan","SBR"],
    ["91344","SYAHAL","JL MONGONSIDI GG D NO. 17, POLONIA","prelist","MEDAN POLONIA","POLONIA","LINGKUNGAN 1","","","G. Perdagangan Besar dan Eceran, Reparasi Mobil dan Sepeda Motor","SBR"],
    ["91380","TRI PALMINDO SEJAHTERA","PADANG GOLF KOMPLEK CBD POLONIA","prelist","MEDAN POLONIA","SUKA DAMAI","LINGKUNGAN 5","","","G. Perdagangan Besar dan Eceran, Reparasi Mobil dan Sepeda Motor","SBR"],
    ["91434","KARYA SEJAHTERA","JL. CEMPAKA","prelist","MEDAN POLONIA","SARI REJO","LINGKUNGAN 4","","","G. Perdagangan Besar dan Eceran, Reparasi Mobil dan Sepeda Motor","SBR"],
    ["91460","JOEY SASMITA LENCANA","JL HZ ARIFIN SUN PLAZA GF ZONE A - 35","prelist","MEDAN POLONIA","MADRAS HULU","LINGKUNGAN 9","","","G. Perdagangan Besar dan Eceran, Reparasi Mobil dan Sepeda Motor","SBR"],
    ["91524","INTRA","JL H ZAINUL ARIFIN NO. 159, MADRAS HULU","prelist","MEDAN POLONIA","MADRAS HULU","LINGKUNGAN 6","","","G. Perdagangan Besar dan Eceran, Reparasi Mobil dan Sepeda Motor","SBR"],
    ["91526","BERLIAN MUSICA INDONESIA","JALAN ADI SUCIPTO KOMPLEK CBD POLONIA BLOK G 51","prelist","MEDAN POLONIA","SUKA DAMAI","LINGKUNGAN 5","","","R. Kesenian, Hiburan, dan Rekreasi","SBR"],
    ["91608","PAMAHARDI","JL STARBAN","prelist","MEDAN POLONIA","POLONIA","LINGKUNGAN 9","","","G. Perdagangan Besar dan Eceran, Reparasi Mobil dan Sepeda Motor","SBR"],
    ["91634","GILL PERDANA PUTRA","DC MAHAKAM","prelist","MEDAN POLONIA","SUKA DAMAI","LINGKUNGAN 3","","","G. Perdagangan Besar dan Eceran, Reparasi Mobil dan Sepeda Motor","SBR"],
    ["91643","SINARBUMI MAS ABADI","JL PADANG GOLF KOMP CBD POLONIA","prelist","MEDAN POLONIA","SUKA DAMAI","LINGKUNGAN 5","","","G. Perdagangan Besar dan Eceran, Reparasi Mobil dan Sepeda Motor","SBR"],
    ["91650","PEGAWAI REPUBLIK INDONESIA DINAS PENDIDIKAN PROV.SU","JL. T. CIK DITIRO NO.1-D","prelist","MEDAN POLONIA","MADRAS HULU","LINGKUNGAN 6","","","Q. Jasa Kesehatan dan Kegiatan Sosial","SBR"],
    ["91652","MUSHIKA JAYA ABADI","JL MAWAR LK V","prelist","MEDAN POLONIA","SARI REJO","LINGKUNGAN 4","","","H. Transportasi dan Pergudangan","SBR"],
    ["91870","MEDAN FIBERGLASS","JL. SUBUR GG. MESRA","prelist","MEDAN POLONIA","POLONIA","LINGKUNGAN 8","","","G. Perdagangan Besar dan Eceran, Reparasi Mobil dan Sepeda Motor","SBR"],
    ["91903","CIPTA KARYA SUKA","KOMPLEK CBD POLONIA","prelist","MEDAN POLONIA","SUKA DAMAI","LINGKUNGAN 5","","","G. Perdagangan Besar dan Eceran, Reparasi Mobil dan Sepeda Motor","SBR"],
    ["91969","DPP HIPMIKIMDO","JLN SUDIRMAN LINGK LL SETIA","prelist","MEDAN POLONIA","MADRAS HULU","LINGKUNGAN 8","","","S. Aktivitas Jasa Lainnya","SBR"],
    ["91976","LITERASIA EDUTEKNO DIGITAL","JL KARYA KASIH KOMPLEK MITRA DUTA","prelist","MEDAN POLONIA","SUKA DAMAI","LINGKUNGAN 5","","","G. Perdagangan Besar dan Eceran, Reparasi Mobil dan Sepeda Motor","SBR"],
    ["92026","PUSDIKLAT INDONESIA BUDDHA TAMIL SAMA VIDYA","JL. KARYA UTAMA","prelist","MEDAN POLONIA","POLONIA","LINGKUNGAN 5","","","P. Pendidikan","SBR"],
    ["92132","BINTANG REJEKI BERSAMA","JL. KARYA SEHATI","prelist","MEDAN POLONIA","POLONIA","LINGKUNGAN 4","","","G. Perdagangan Besar dan Eceran, Reparasi Mobil dan Sepeda Motor","SBR"],
    ["92139","RAJA KULINER NUSANTARA","JL TEUKU DAUD","prelist","MEDAN POLONIA","MADRAS HULU","LINGKUNGAN 9","","","I. Penyediaan Akomodasi dan Makan Minum","SBR"],
    ["92151","GELORA ABADI","JL DR CIPTO I","prelist","MEDAN POLONIA","ANGGRUNG","LINGKUNGAN 1","","","G. Perdagangan Besar dan Eceran, Reparasi Mobil dan Sepeda Motor","SBR"],
    ["92234","TREN INDUSTRI MUSIK","JL R A KARTINI (MEDAN CLUB)","prelist","MEDAN POLONIA","MADRAS HULU","LINGKUNGAN 6","","","I. Penyediaan Akomodasi dan Makan Minum","SBR"],
    ["92431","SARIMODE FASHINDO ADIPERKASA","MALL SUN PLAZA LEVEL 1 ZONE G JL KH ZAINUL ARIFIN","prelist","MEDAN POLONIA","MADRAS HULU","LINGKUNGAN 1","","","G. Perdagangan Besar dan Eceran, Reparasi Mobil dan Sepeda Motor","SBR"],
    ["92570","LINTONG JAYA RAYA","PADANG GOLF KOMP. CBD POLONIA","prelist","MEDAN POLONIA","SUKA DAMAI","LINGKUNGAN 5","","","G. Perdagangan Besar dan Eceran, Reparasi Mobil dan Sepeda Motor","SBR"],
    ["92665","ALFATH BERTASBIH","JL MONGONSIDI GG D","prelist","MEDAN POLONIA","POLONIA","LINGKUNGAN 1","","","G. Perdagangan Besar dan Eceran, Reparasi Mobil dan Sepeda Motor","SBR"],
    ["92669","NK JAYA PERKASA GROUP","KOMP.MULTA INDAH LESTARI BLOK AA NO.31, HAMDAN","prelist","MEDAN POLONIA","SUKA DAMAI","LINGKUNGAN 5","","","G. Perdagangan Besar dan Eceran, Reparasi Mobil dan Sepeda Motor","SBR"],
    ["92693","AZHAR","JL MONGONSIDI","prelist","MEDAN POLONIA","POLONIA","LINGKUNGAN 1","","","H. Transportasi dan Pergudangan","SBR"],
    ["92741","PUTRA BAHARY","JL.POLONIA GG.ANGGRAINI NO.20 C, POLONIA","prelist","MEDAN POLONIA","POLONIA","LINGKUNGAN 1","","","G. Perdagangan Besar dan Eceran, Reparasi Mobil dan Sepeda Motor","SBR"],
    ["92959","AYAM JAGO INDONESIA","JL T CIK DITIRO","prelist","MEDAN POLONIA","MADRAS HULU","LINGKUNGAN 7","","","I. Penyediaan Akomodasi dan Makan Minum","SBR"],
    ["93004","GAUDI DWI LARAS","JL KH ZAINUL ARIFIN LEVEL I ZONE C-01","prelist","MEDAN POLONIA","MADRAS HULU","LINGKUNGAN 7","","","G. Perdagangan Besar dan Eceran, Reparasi Mobil dan Sepeda Motor","SBR"],
    ["93461","TRANS SUMATERA ACEH","JL. TEUKU CIK DITIRO","prelist","MEDAN POLONIA","MADRAS HULU","LINGKUNGAN 7","","","G. Perdagangan Besar dan Eceran, Reparasi Mobil dan Sepeda Motor","SBR"],
    ["93479","BERSAMA AGUNG SEJAHTERA","KOMPLEK CBD POLONIA","prelist","MEDAN POLONIA","SUKA DAMAI","LINGKUNGAN 5","","","G. Perdagangan Besar dan Eceran, Reparasi Mobil dan Sepeda Motor","SBR"],
    ["93505","INTI SAWITA NUSANTARA","JL CINTA KARYA LK II NO. 56, SARI REJO","prelist","MEDAN POLONIA","SARI REJO","LINGKUNGAN 1","","","G. Perdagangan Besar dan Eceran, Reparasi Mobil dan Sepeda Motor","SBR"],
    ["93547","MEGA PERINTIS TBK","JL KH ZAINUL ARIFIN MALL SUN PLAZA LEVEL I ZONE B-31","prelist","MEDAN POLONIA","MADRAS HULU","LINGKUNGAN 7","","","G. Perdagangan Besar dan Eceran, Reparasi Mobil dan Sepeda Motor","SBR"],
    ["93565","FAUDI ALFAZZA","JL LANGGAR LK III","prelist","MEDAN POLONIA","SARI REJO","LINGKUNGAN 3","","","G. Perdagangan Besar dan Eceran, Reparasi Mobil dan Sepeda Motor","SBR"],
    ["93681","RAMOS KARYA","JL MONGINSIDI III","prelist","MEDAN POLONIA","ANGGRUNG","LINGKUNGAN 7","","","F. Konstruksi","SBR"],
    ["93753","EVERGREEN LOGISTICS INDONESIA","SINARMAS LAND PLAZA LANTAI 8 UNIT 801 JL DIPONEGORO","prelist","MEDAN POLONIA","MADRAS HULU","LINGKUNGAN 7","","","H. Transportasi dan Pergudangan","SBR"],
    ["93754","GPI LOGISTICS","MONGONSIDI","prelist","MEDAN POLONIA","POLONIA","LINGKUNGAN 1","","","H. Transportasi dan Pergudangan","SBR"],
    ["93958","POLY BANGKINANG RAYA","JL. LETNAN JENDERAL SOEWONDO PARMAN NO. 41","prelist","MEDAN POLONIA","SUKA DAMAI","LINGKUNGAN 5","","","G. Perdagangan Besar dan Eceran, Reparasi Mobil dan Sepeda Motor","SBR"],
    ["93984","HARAPAN GEMILANG","JL.KARYA BAKTI I NO.2 A LK I RT. 00 RW. 00","prelist","MEDAN POLONIA","SARI REJO","LINGKUNGAN 1","","","G. Perdagangan Besar dan Eceran, Reparasi Mobil dan Sepeda Motor","SBR"],
    ["94067","BUMI RAJASA TRADING","KOMPLEK CBD POLONIA","prelist","MEDAN POLONIA","SUKA DAMAI","LINGKUNGAN 5","","","G. Perdagangan Besar dan Eceran, Reparasi Mobil dan Sepeda Motor","SBR"],
    ["94068","MEDAN FANTASI","KOMPLEK CBD POLONIA JL LAPANGAN GOLF","prelist","MEDAN POLONIA","SUKA DAMAI","LINGKUNGAN 5","","","R. Kesenian, Hiburan, dan Rekreasi","SBR"],
    ["94089","SINAR JASA MANDIRI","JL PERJUANGAN II LK V","prelist","MEDAN POLONIA","SARI REJO","LINGKUNGAN 5","","","C. Industri Pengolahan","SBR"],
    ["94118","BINA KARYA JAYA SENTOSA","JL.DR CIPTO I","prelist","MEDAN POLONIA","ANGGRUNG","LINGKUNGAN 1","","","F. Konstruksi","SBR"],
    ["94173","SINGA LANGIT UTAMA MEDAN","JL RA. KARTINI, MADRAS HULU,MEDAN POLONIA","prelist","MEDAN POLONIA","MADRAS HULU","LINGKUNGAN 7","","","G. Perdagangan Besar dan Eceran, Reparasi Mobil dan Sepeda Motor","SBR"],
    ["94225","PIPA BERSATU","JLSMA NEGERI 2 NO 8 LINGKUNGAN VI","prelist","MEDAN POLONIA","SARI REJO","LINGKUNGAN 4","","","F. Konstruksi","SBR"],
    ["94332","DUA PULUH FIT MEDAN","JL KARTINI","prelist","MEDAN POLONIA","MADRAS HULU","LINGKUNGAN 7","","","R. Kesenian, Hiburan, dan Rekreasi","SBR"],
    ["94383","NUSA MAKMUR JAYA","JL. MAWAR","prelist","MEDAN POLONIA","SARI REJO","LINGKUNGAN 4","","","G. Perdagangan Besar dan Eceran, Reparasi Mobil dan Sepeda Motor","SBR"],
    ["94503","BLUE SUMATRA FARM","JL ADI SUCIPTO KOMPLEK RIVER VIEW","prelist","MEDAN POLONIA","SUKA DAMAI","LINGKUNGAN 5","","","A. Pertanian, Kehutanan, dan Perikanan","SBR"],
    ["94504","SAPTA BOGA JAYA","SUN PLAZA LG A 43 JL K H ZAINUL ARIFIN","prelist","MEDAN POLONIA","MADRAS HULU","LINGKUNGAN 1","","","I. Penyediaan Akomodasi dan Makan Minum","SBR"],
    ["94536","JADI JAYA","ANTARIKSA","prelist","MEDAN POLONIA","SARI REJO","LINGKUNGAN 6","","","G. Perdagangan Besar dan Eceran, Reparasi Mobil dan Sepeda Motor","SBR"],
    ["94578","BIOENERGY TECHNOLOGY SUMATRA","JL. NUSA HIJAU MALIBU A-46","prelist","MEDAN POLONIA","SUKA DAMAI","LINGKUNGAN 3","","","A. Pertanian, Kehutanan, dan Perikanan","SBR"],
    ["94579","CITRA NUSANTARA","JL ADI SUCIPTO KOMPLEK CITY VIEW BLOK A","prelist","MEDAN POLONIA","SUKA DAMAI","LINGKUNGAN 3","","","G. Perdagangan Besar dan Eceran, Reparasi Mobil dan Sepeda Motor","SBR"],
    ["94707","MUGNI WALI","JL.ANTARIKSA NO.07 LK VI RT.00 RW.00, SARI REJO","prelist","MEDAN POLONIA","SARI REJO","LINGKUNGAN 6","","","G. Perdagangan Besar dan Eceran, Reparasi Mobil dan Sepeda Motor","SBR"],
    ["94764","KULINER ASIA YAKIN ABADI","JL TEUKU DAUD","prelist","MEDAN POLONIA","MADRAS HULU","LINGKUNGAN 9","","","I. Penyediaan Akomodasi dan Makan Minum","SBR"],
    ["94925","SAKTA MARYAM","JL CEMPAKA","prelist","MEDAN POLONIA","SARI REJO","LINGKUNGAN 4","","","H. Transportasi dan Pergudangan","SBR"],
    ["94970","TUNAS ALFA FOKUSINDO","JL CBD POLONIA","prelist","MEDAN POLONIA","SUKA DAMAI","LINGKUNGAN 5","","","G. Perdagangan Besar dan Eceran, Reparasi Mobil dan Sepeda Motor","SBR"],
    ["95076","BERKAH JAYA ABADI","JL CEMPAKA LK IV","prelist","MEDAN POLONIA","SARI REJO","LINGKUNGAN 4","","","G. Perdagangan Besar dan Eceran, Reparasi Mobil dan Sepeda Motor","SBR"],
    ["95196","KASIH KARUNIA MEDAN BISNIS","JL PADANG GOLF KOMPLEK CBD POLONIA BLOK AA 25 MEDAN","prelist","MEDAN POLONIA","SUKA DAMAI","LINGKUNGAN 5","","","J. Informasi dan Komunikasi","SBR"],
    ["95288","DWI KARYA SERASI","JL CINTA KARYA LK. III","prelist","MEDAN POLONIA","SARI REJO","LINGKUNGAN 1","","","G. Perdagangan Besar dan Eceran, Reparasi Mobil dan Sepeda Motor","SBR"],
    ["95346","BAROKAH BAYU ABADI","JL KARYA SEJATI GG KAUM","prelist","MEDAN POLONIA","POLONIA","LINGKUNGAN 3","","","G. Perdagangan Besar dan Eceran, Reparasi Mobil dan Sepeda Motor","SBR"],
    ["95569","MZIA MANDIRI","JL ANTARIKSA GANG PIPA 2","prelist","MEDAN POLONIA","SARI REJO","LINGKUNGAN 6","","","G. Perdagangan Besar dan Eceran, Reparasi Mobil dan Sepeda Motor","SBR"],
    ["95607","PERMATA SOLID CEMERLANG","JL PADANG GOLF KOMPLEK CBD POLONIA","prelist","MEDAN POLONIA","SUKA DAMAI","LINGKUNGAN 5","","","I. Penyediaan Akomodasi dan Makan Minum","SBR"],
    ["95634","OBOR PACIFIC TRADING","JL. MAWAR, KOMPLEK TNI AU KARANG SARI II","prelist","MEDAN POLONIA","SARI REJO","LINGKUNGAN 4","","","G. Perdagangan Besar dan Eceran, Reparasi Mobil dan Sepeda Motor","SBR"],
    ["95844","THIO MAKMUR BERSAMA","KOMPLEK CBD POLONIA","prelist","MEDAN POLONIA","SUKA DAMAI","LINGKUNGAN 5","","","G. Perdagangan Besar dan Eceran, Reparasi Mobil dan Sepeda Motor","SBR"],
    ["95862","JANNAH LESTARI","JL. MAWAR GG. KELUARGA NO. 104 LK. VIII","prelist","MEDAN POLONIA","SARI REJO","LINGKUNGAN 4","","","G. Perdagangan Besar dan Eceran, Reparasi Mobil dan Sepeda Motor","SBR"],
    ["95982","SATWA JAWA JAYA","JL KARYA DHARMA DUSUN III DESA TANJUNG MORAWA-B VISTA ESTATE","prelist","MEDAN POLONIA","POLONIA","LINGKUNGAN 4","","","G. Perdagangan Besar dan Eceran, Reparasi Mobil dan Sepeda Motor","SBR"],
    ["96230","KURNIA","JL. TERATAI","prelist","MEDAN POLONIA","SARI REJO","LINGKUNGAN 5","","","G. Perdagangan Besar dan Eceran, Reparasi Mobil dan Sepeda Motor","SBR"],
    ["96271","REZEKI MITRA MANDIRI","JL. LETJEND S. PARMAN","prelist","MEDAN POLONIA","MADRAS HULU","LINGKUNGAN 9","","","G. Perdagangan Besar dan Eceran, Reparasi Mobil dan Sepeda Motor","SBR"],
    ["96424","ANUGERAH DUTA KULINER","KOMP.CBD POLONIA","prelist","MEDAN POLONIA","SUKA DAMAI","LINGKUNGAN 5","","","I. Penyediaan Akomodasi dan Makan Minum","SBR"],
    ["96461","PRIMA REZEKI SUKSES","JL. TIMOR","prelist","MEDAN POLONIA","SUKA DAMAI","LINGKUNGAN 5","","","G. Perdagangan Besar dan Eceran, Reparasi Mobil dan Sepeda Motor","SBR"],
    ["96469","CAHAYA CINTA KASIH","JL RA KARTINI II DALAM","prelist","MEDAN POLONIA","MADRAS HULU","LINGKUNGAN 10","","","S. Aktivitas Jasa Lainnya","SBR"],
    ["96511","INDONUSA TEGUH PRATAMA","JL.KMU.A.ADI SUTJIPTO BLOK A/5, SUKA DAMAI","prelist","MEDAN POLONIA","SUKA DAMAI","LINGKUNGAN 5","","","C. Industri Pengolahan","SBR"],
    ["96567","GEMINTANG PERKASA SECURITY","JALAN PADANG GOLF KOMPLEKS CENTRAL BUSINESS DISTRICT POLONIA (CBD POLONIA) BLOK DD NOMOR 66-67","prelist","MEDAN POLONIA","POLONIA","LINGKUNGAN 7","","","N. Jasa Persewaan, Ketenagakerjaan, Agen Perjalanan, dan Jasa Pendukung","SBR"],
    ["96579","YOHANES ARUL","JL. KARYA DHARMA GG. PIANO","prelist","MEDAN POLONIA","POLONIA","LINGKUNGAN 4","","","G. Perdagangan Besar dan Eceran, Reparasi Mobil dan Sepeda Motor","SBR"],
    ["96669","SELERA NUSANTARA","KOMPLEK PERUMAHAN PADANG GOLF LK III","prelist","MEDAN POLONIA","SUKA DAMAI","LINGKUNGAN 6","","","I. Penyediaan Akomodasi dan Makan Minum","SBR"],
    ["96927","SPICES INTERNATIONAL TRADING COMPANY","JL. TEUKU CIK DITIRO NO. 12 / 16, MADRAS HULU","prelist","MEDAN POLONIA","MADRAS HULU","LINGKUNGAN 6","","","G. Perdagangan Besar dan Eceran, Reparasi Mobil dan Sepeda Motor","SBR"],
    ["97057","PENDIDIKAN CAHAYA BANGSA","JL DR CIPTO","prelist","MEDAN POLONIA","ANGGRUNG","LINGKUNGAN 4","","","G. Perdagangan Besar dan Eceran, Reparasi Mobil dan Sepeda Motor","SBR"],
    ["97091","SECURINDO SIDDHI PRATHAMA","KOMPLEK CBD POLONIA","prelist","MEDAN POLONIA","SUKA DAMAI","LINGKUNGAN 5","","","G. Perdagangan Besar dan Eceran, Reparasi Mobil dan Sepeda Motor","SBR"],
    ["97104","KARYA JADI BERKAH","JL PADANG GOLF KOMPLEK CBD POLONIA","prelist","MEDAN POLONIA","SUKA DAMAI","LINGKUNGAN 5","","","G. Perdagangan Besar dan Eceran, Reparasi Mobil dan Sepeda Motor","SBR"],
    ["97226","MEDAN SAYAP SUCI","JL AHMAD RIVAI","prelist","MEDAN POLONIA","MADRAS HULU","LINGKUNGAN 7","","","I. Penyediaan Akomodasi dan Makan Minum","SBR"],
    ["97336","HUJJATUL QURAN INDONESIA","JALAN TERATAI","prelist","MEDAN POLONIA","SARI REJO","LINGKUNGAN 5","","","P. Pendidikan","SBR"],
    ["97365","SIMPANG TIGA","JL MONGINSIDI","prelist","MEDAN POLONIA","ANGGRUNG","LINGKUNGAN 4","","","I. Penyediaan Akomodasi dan Makan Minum","SBR"],
    ["97369","BENUA PENTA GLOBAL","KOMPLEK SUN PLAZA LEVEL-4 R-09 JL HZ. ARIFIN","prelist","MEDAN POLONIA","MADRAS HULU","LINGKUNGAN 7","","","I. Penyediaan Akomodasi dan Makan Minum","SBR"],
    ["97423","HARAPAN GEMILANG INTERNUSA","KEDIRI","prelist","MEDAN POLONIA","MADRAS HULU","LINGKUNGAN 3","","","G. Perdagangan Besar dan Eceran, Reparasi Mobil dan Sepeda Motor","SBR"],
    ["97451","TRIYASA APTA SARASWATI","KOMPLEK CENTRAL BUSINESS DISTRICT (CBD) POLONIA","prelist","MEDAN POLONIA","SUKA DAMAI","LINGKUNGAN 5","","","G. Perdagangan Besar dan Eceran, Reparasi Mobil dan Sepeda Motor","SBR"],
    ["97662","SAMUEL JAYA PERKASA","JL MASDULHAK","prelist","MEDAN POLONIA","ANGGRUNG","LINGKUNGAN 4","","","N. Jasa Persewaan, Ketenagakerjaan, Agen Perjalanan, dan Jasa Pendukung","SBR"],
    ["97679","GEMINTANG REZEKI SEJAHTERA","JALAN PADANG GOLF KOMPLEKS CENTRAL BUSINESS DISTRICT (CBD POLONIA) BLOK DD NOMOR 66-67","prelist","MEDAN POLONIA","SARI REJO","LINGKUNGAN 6","","","G. Perdagangan Besar dan Eceran, Reparasi Mobil dan Sepeda Motor","SBR"],
    ["97836","DIGITAL MEDIA INDONESIA","JL. PADANG GOLF KOMP. CBD POLONIA BLOK A NO. 68","prelist","MEDAN POLONIA","SUKA DAMAI","LINGKUNGAN 3","","","J. Informasi dan Komunikasi","SBR"],
    ["97917","MUDIGO MAJU BERJAYA","CBD POLONIA BLOK DD NO.99","prelist","MEDAN POLONIA","SUKA DAMAI","LINGKUNGAN 5","","","M. Jasa Profesional, Ilmiah, dan Teknis","SBR"],
    ["97965","HARI JASA USAHA","JL.UMAR NO.87-A, GLUGUR DARAT I","prelist","MEDAN POLONIA","MADRAS HULU","LINGKUNGAN 5","","","G. Perdagangan Besar dan Eceran, Reparasi Mobil dan Sepeda Motor","SBR"],
    ["98006","RAMUAN SEHAT INDONESIA","JL TEUKU CIK DITIRO","prelist","MEDAN POLONIA","MADRAS HULU","LINGKUNGAN 7","","","C. Industri Pengolahan","SBR"],
    ["98045","KAWASAN INDUSTRI NUSANTARA GLOBAL","JALAN DIPONEGORO","prelist","MEDAN POLONIA","MADRAS HULU","LINGKUNGAN 8","","","F. Konstruksi","SBR"],
    ["98059","THE AROMA GROUP","KOMPLEK CBD POLONIA JL PADANG GOLF","prelist","MEDAN POLONIA","SUKA DAMAI","LINGKUNGAN 5","","","I. Penyediaan Akomodasi dan Makan Minum","SBR"],
    ["98094","RIZKA PERKASA","JL.CINTA KARYA GG SADAR NO.6 LK-I","prelist","MEDAN POLONIA","SARI REJO","LINGKUNGAN 1","","","G. Perdagangan Besar dan Eceran, Reparasi Mobil dan Sepeda Motor","SBR"],
    ["98100","DUNIA TERNAK","KOMPLEK CBD POLONIA","prelist","MEDAN POLONIA","SUKA DAMAI","LINGKUNGAN 5","","","G. Perdagangan Besar dan Eceran, Reparasi Mobil dan Sepeda Motor","SBR"],
    ["98128","SD. SWASTA BUNDO KANDUNG","JL. STARBAN GG.IMAM RT. - RW. -","prelist","MEDAN POLONIA","POLONIA","LINGKUNGAN 9","","","P. Pendidikan","SBR"],
    ["98268","SHA","JL. MUARA TAKUS","prelist","MEDAN POLONIA","MADRAS HULU","LINGKUNGAN 4","","","G. Perdagangan Besar dan Eceran, Reparasi Mobil dan Sepeda Motor","SBR"],
    ["98369","PENGEMBANGAN BISNIS DAN MANAJEMEN","JL.P.DIPONEGORO NO.18 KOMP.BII LT V SUITE 507, MADRAS HULU","prelist","MEDAN POLONIA","MADRAS HULU","LINGKUNGAN 9","","","P. Pendidikan","SBR"],
    ["98387","WIJAYA CITRA LARIS","JL.KARYA MURNI MO.63 RT. 00 RW. 00","prelist","MEDAN POLONIA","POLONIA","LINGKUNGAN 1","","","G. Perdagangan Besar dan Eceran, Reparasi Mobil dan Sepeda Motor","SBR"],
    ["98496","SUMBER MANDIRI LESTARI","JL IMAM BONJOL","prelist","MEDAN POLONIA","MADRAS HULU","LINGKUNGAN 7","","","G. Perdagangan Besar dan Eceran, Reparasi Mobil dan Sepeda Motor","SBR"],
    ["98505","SUMATERA TETAP LESTARI","KOMPLEK VILLA POLONIA INDAH","prelist","MEDAN POLONIA","SUKA DAMAI","LINGKUNGAN 5","","","F. Konstruksi","SBR"],
    ["98835","MITRA SELARAS","JL MONGONSIDI","prelist","MEDAN POLONIA","ANGGRUNG","LINGKUNGAN 8","","","G. Perdagangan Besar dan Eceran, Reparasi Mobil dan Sepeda Motor","SBR"],
    ["99025","LENGGAHARA","JL.ANTARIKSA NO.7, SARI REJO","prelist","MEDAN POLONIA","SARI REJO","LINGKUNGAN 6","","","F. Konstruksi","SBR"],
    ["99085","SURYA SUMATRA","JL IMAM BONJOL","prelist","MEDAN POLONIA","SUKA DAMAI","LINGKUNGAN 5","","","C. Industri Pengolahan","SBR"],
    ["99107","ERAJAYA TRIASA","JL.POLONIA GG.A NO.30/100 RT. 0 RW. 0","prelist","MEDAN POLONIA","POLONIA","LINGKUNGAN 1","","","G. Perdagangan Besar dan Eceran, Reparasi Mobil dan Sepeda Motor","SBR"],
    ["99134","LYNS USAHA INDONESIA","JL PADANG GOLF KOMPLEK CBD POLONIA","prelist","MEDAN POLONIA","SUKA DAMAI","LINGKUNGAN 5","","","S. Aktivitas Jasa Lainnya","SBR"],
    ["99193","NICKERSON STAR MULTI PERKASA","JL TENGKU DAUD","prelist","MEDAN POLONIA","MADRAS HULU","LINGKUNGAN 9","","","C. Industri Pengolahan","SBR"],
    ["99238","HUTAMA JAYA","JL. CINTA KARYA LK. I","prelist","MEDAN POLONIA","SARI REJO","LINGKUNGAN 8","","","G. Perdagangan Besar dan Eceran, Reparasi Mobil dan Sepeda Motor","SBR"],
    ["99344","CAHAYA JASA KREASI","KOMPLEKS CBD POLONIA BLOK B NO 1-2, JLN PADANG GOLF NO 49","prelist","MEDAN POLONIA","SUKA DAMAI","LINGKUNGAN 3","","","M. Jasa Profesional, Ilmiah, dan Teknis","SBR"],
    ["99409","AS-SYIFA AULIA","BALAI DESA","prelist","MEDAN POLONIA","POLONIA","LINGKUNGAN 8","","","P. Pendidikan","SBR"],
    ["99477","PUSAT PENDIDIKAN KOMPUTER TRICOM","JL.P.DIPONEGORO NO.18, MADRAS HULU","prelist","MEDAN POLONIA","MADRAS HULU","LINGKUNGAN 9","","","P. Pendidikan","SBR"],
    ["99520","CITRA MANDIRI","JL CINTA KARYA GG.SERAM NO.7-B LK.I, SARI REJO","prelist","MEDAN POLONIA","SARI REJO","LINGKUNGAN 1","","","G. Perdagangan Besar dan Eceran, Reparasi Mobil dan Sepeda Motor","SBR"],
    ["99531","MITRA MULTI MANUNGGAL","JL PADANG GOLF KOMPLEK CBD","prelist","MEDAN POLONIA","SUKA DAMAI","LINGKUNGAN 5","","","G. Perdagangan Besar dan Eceran, Reparasi Mobil dan Sepeda Motor","SBR"],
    ["99571","INDO FAJAR","JL KARYA BERSAMA","prelist","MEDAN POLONIA","POLONIA","LINGKUNGAN 5","","","F. Konstruksi","SBR"],
    ["99616","DITOKO POLONIA","RUKO CBD POLONIA, JL. KOMP. CBD POLONIA","prelist","MEDAN POLONIA","SUKA DAMAI","LINGKUNGAN 5","","","G. Perdagangan Besar dan Eceran, Reparasi Mobil dan Sepeda Motor","SBR"],
    ["99619","O'WAI NUSANTARA","JL POLONIA","prelist","MEDAN POLONIA","SUKA DAMAI","LINGKUNGAN 6","","","N. Jasa Persewaan, Ketenagakerjaan, Agen Perjalanan, dan Jasa Pendukung","SBR"],
    ["99758","MUTIARA MINERAL DAN ENERGI","JL.KOMP CBD POLONIA BLOK D NO 94, SUKA DAMAI","prelist","MEDAN POLONIA","SUKA DAMAI","LINGKUNGAN 5","","","B. Pertambangan dan Penggalian","SBR"],
    ["99760","CAKRA PROPERTINDO","JL P DIPONEGORO","prelist","MEDAN POLONIA","MADRAS HULU","LINGKUNGAN 7","","","L. Real Estat","SBR"],
    ["99771","YURIKA SUMBER PESONA","RUKO CBD","prelist","MEDAN POLONIA","SUKA DAMAI","LINGKUNGAN 5","","","G. Perdagangan Besar dan Eceran, Reparasi Mobil dan Sepeda Motor","SBR"],
    ["99850","MISSI GURDWARA MEDAN","JL. POLONIA","prelist","MEDAN POLONIA","POLONIA","LINGKUNGAN 6","","","P. Pendidikan","SBR"],
    ["99856","KARYA TAPANULI KITA","JALAN DR. CIPTO","prelist","MEDAN POLONIA","ANGGRUNG","LINGKUNGAN 4","","","P. Pendidikan","SBR"],
    ["99870","SAHABAT SEJATI PRATAMA","JL TAMAN POLONIA II","prelist","MEDAN POLONIA","SUKA DAMAI","LINGKUNGAN 4","","","A. Pertanian, Kehutanan, dan Perikanan","SBR"],
    ["99877","H3 PLUS F","JLN. CINTA KARYA","prelist","MEDAN POLONIA","SARI REJO","LINGKUNGAN 3","","","F. Konstruksi","SBR"],
    ["99905","ROEDIE INDONESIA","KOMPLEK POLONIA RIVER VIEW JALAN POLONIA","prelist","MEDAN POLONIA","SUKA DAMAI","LINGKUNGAN 3","","","F. Konstruksi","SBR"],
    ["99936","AGRO DELI PERDANA","KOMPLEK MULTATULI INDAH BLOK E","prelist","MEDAN POLONIA","SUKA DAMAI","LINGKUNGAN 5","","","G. Perdagangan Besar dan Eceran, Reparasi Mobil dan Sepeda Motor","SBR"],
    ["99950","MEDANPETS","JL. PADANG GOLF KOMPLEK CBD POLONIA BLOK B NO. 1 DAN 2","prelist","MEDAN POLONIA","SUKA DAMAI","LINGKUNGAN 3","","","M. Jasa Profesional, Ilmiah, dan Teknis","SBR"],
    ["99956","GRHA SYNERGY ALAM","JL. ADI SUCIPTO KOMP. CBD","prelist","MEDAN POLONIA","SUKA DAMAI","LINGKUNGAN 3","","","G. Perdagangan Besar dan Eceran, Reparasi Mobil dan Sepeda Motor","SBR"],
    ["99982","RAJAWALI DELAPAN","JL. JENGGALA","prelist","MEDAN POLONIA","MADRAS HULU","LINGKUNGAN 1","","","C. Industri Pengolahan","SBR"],
    ["100034","AMANAH LIMA BERSAUDARA","JL IMAM BONJOL SPBU","prelist","MEDAN POLONIA","MADRAS HULU","LINGKUNGAN 8","","","G. Perdagangan Besar dan Eceran, Reparasi Mobil dan Sepeda Motor","SBR"],
    ["100049","INDOKEM LABORINDO","JL JENGGALA","prelist","MEDAN POLONIA","MADRAS HULU","LINGKUNGAN 1","","","Q. Jasa Kesehatan dan Kegiatan Sosial","SBR"],
    ["100171","CV.VANISRI","JL.MAWAR GG.BUNTU NO.2 LINGKUNGAN IV SARI REJO MEDAN POLONIA","prelist","MEDAN POLONIA","SARI REJO","LINGKUNGAN 8","","","G. Perdagangan Besar dan Eceran, Reparasi Mobil dan Sepeda Motor","SBR"],
    ["100194","DIGICOM INFO","JL.SEIBAHKAPURAN NO.5, SEI SIKAMBING D","prelist","MEDAN POLONIA","SARI REJO","LINGKUNGAN 4","","","G. Perdagangan Besar dan Eceran, Reparasi Mobil dan Sepeda Motor","SBR"],
    ["100209","PRO TIGA DIMENSI","JL PENDIDIKAN GANG B","prelist","MEDAN POLONIA","POLONIA","LINGKUNGAN 2","","","N. Jasa Persewaan, Ketenagakerjaan, Agen Perjalanan, dan Jasa Pendukung","SBR"],
    ["100227","NYALABIRU POLONIA ENERGI","JL LINGKAR LUAR","prelist","MEDAN POLONIA","SUKA DAMAI","LINGKUNGAN 5","","","G. Perdagangan Besar dan Eceran, Reparasi Mobil dan Sepeda Motor","SBR"],
    ["100231","SUKSES INDO KULINER","JL NUSA HIJAU MALIBU","prelist","MEDAN POLONIA","SUKA DAMAI","LINGKUNGAN 3","","","G. Perdagangan Besar dan Eceran, Reparasi Mobil dan Sepeda Motor","SBR"],
    ["100236","SUMANTRI BERKAH INDONESIA","JL. TEARATAI NO. 33","prelist","MEDAN POLONIA","SARI REJO","LINGKUNGAN 5","","","G. Perdagangan Besar dan Eceran, Reparasi Mobil dan Sepeda Motor","SBR"],
    ["100265","PERGURUAN SRIWIJAYA","JL.STARBAN","prelist","MEDAN POLONIA","POLONIA","LINGKUNGAN 9","","","P. Pendidikan","SBR"],
    ["100296","MITRA JASA GEMILANG","KOMPLEK TAMAN POLONIA IV","prelist","MEDAN POLONIA","SUKA DAMAI","LINGKUNGAN 4","","","N. Jasa Persewaan, Ketenagakerjaan, Agen Perjalanan, dan Jasa Pendukung","SBR"],
    ["100357","MADJIN CRUMB RUBBER FACTORY","JL PADANG GOLF KOMPLEK CBD POLONIA AA-2E","prelist","MEDAN POLONIA","SUKA DAMAI","LINGKUNGAN 5","","","C. Industri Pengolahan","SBR"],
    ["100371","YARLUNG","JL. PADANG GOLF KOMP. CBD POLONIA","prelist","MEDAN POLONIA","SUKA DAMAI","LINGKUNGAN 5","","","G. Perdagangan Besar dan Eceran, Reparasi Mobil dan Sepeda Motor","SBR"],
    ["100447","DUNIA KANTOR","JL. MONGONSIDI","prelist","MEDAN POLONIA","POLONIA","LINGKUNGAN 1","","","G. Perdagangan Besar dan Eceran, Reparasi Mobil dan Sepeda Motor","SBR"],
    ["100479","TANS BARA ENERGY","JL IR. H. JUANDA","prelist","MEDAN POLONIA","SUKA DAMAI","LINGKUNGAN 5","","","G. Perdagangan Besar dan Eceran, Reparasi Mobil dan Sepeda Motor","SBR"],
    ["100562","PETROLINDO JAYA RAYA","JL MONGONSIDI","prelist","MEDAN POLONIA","SUKA DAMAI","LINGKUNGAN 5","","","H. Transportasi dan Pergudangan","SBR"],
    ["100579","INDUSTRI AGRIBISNIS INDONESIA","JL IR H JUANDA","prelist","MEDAN POLONIA","SUKA DAMAI","LINGKUNGAN 5","","","C. Industri Pengolahan","SBR"],
    ["100773","ALMIRA NUSA RAYA","JL. MUSTANG KOMPLEK VILLA POLONIA INDAH BLOK D","prelist","MEDAN POLONIA","SUKA DAMAI","LINGKUNGAN 5","","","G. Perdagangan Besar dan Eceran, Reparasi Mobil dan Sepeda Motor","SBR"],
    ["100792","NUSA PERMAI","JL.HANG JEBAT NO.4, MADRAS HULU","prelist","MEDAN POLONIA","MADRAS HULU","LINGKUNGAN 7","","","G. Perdagangan Besar dan Eceran, Reparasi Mobil dan Sepeda Motor","SBR"],
    ["100961","ORISKIN MEDAN SEJAHTERA","JL IR H DJUANDA","prelist","MEDAN POLONIA","SUKA DAMAI","LINGKUNGAN 4","","","Q. Jasa Kesehatan dan Kegiatan Sosial","SBR"],
    ["101047","MUTIARA RAZI","JL. MONGONSIDI GG. D","prelist","MEDAN POLONIA","POLONIA","LINGKUNGAN 3","","","N. Jasa Persewaan, Ketenagakerjaan, Agen Perjalanan, dan Jasa Pendukung","SBR"],
    ["101090","SKY VIEW JAYA BERSAMA","JL ADI SUCIPTO KOMP POLONIA RIVER VIEW BLOK","prelist","MEDAN POLONIA","SARI REJO","LINGKUNGAN 6","","","I. Penyediaan Akomodasi dan Makan Minum","SBR"],
    ["101133","KIPRAH MANDIRI SEJAHTERA","JL MAWAR GG BUNTU","prelist","MEDAN POLONIA","SARI REJO","LINGKUNGAN 8","","","N. Jasa Persewaan, Ketenagakerjaan, Agen Perjalanan, dan Jasa Pendukung","SBR"],
    ["101136","PUTRA GEMILANG","JL. CEMPAKA GG. CEMPAKA II LK. III NO. 4 RT. 000 RW. 000","prelist","MEDAN POLONIA","SARI REJO","LINGKUNGAN 4","","","G. Perdagangan Besar dan Eceran, Reparasi Mobil dan Sepeda Motor","SBR"],
    ["101153","ACCENT EDITS INDONESIA","JL URIP","prelist","MEDAN POLONIA","ANGGRUNG","LINGKUNGAN 4","","","P. Pendidikan","SBR"],
    ["101240","KENCANA LESTARI","JL. MAWAR NO. 12 RT.000 RW.000, TANJUNG REJO","prelist","MEDAN POLONIA","SARI REJO","LINGKUNGAN 4","","","G. Perdagangan Besar dan Eceran, Reparasi Mobil dan Sepeda Motor","SBR"],
    ["101259","SUMBER MEDIA DPROPERTI INDONESIA","JL PADANG GOLF KOMPLEK CBD POLONIA","prelist","MEDAN POLONIA","SUKA DAMAI","LINGKUNGAN 5","","","J. Informasi dan Komunikasi","SBR"],
    ["101299","BOGA TERBARUKAN RAJAWALI","JL RADEN AJENG KARTINI","prelist","MEDAN POLONIA","MADRAS HULU","LINGKUNGAN 7","","","G. Perdagangan Besar dan Eceran, Reparasi Mobil dan Sepeda Motor","SBR"],
    ["101362","FOUNTAIN","JL. HZ ARIFIN NO. 7 SUN PLAZA LEVEL 4 NO. 5, MADRAS HULU","prelist","MEDAN POLONIA","MADRAS HULU","LINGKUNGAN 9","","","I. Penyediaan Akomodasi dan Makan Minum","SBR"],
    ["101387","SEMBILAN LAUNDRY","JL. T. CIK DITIRO NO. 68, MADRAS HULU","prelist","MEDAN POLONIA","MADRAS HULU","LINGKUNGAN 6","","","E. Pengadaan Air, Pengelolaan Sampah, Limbah, dan Daur Ulang","SBR"],
    ["101472","CELESTIAL MANAGEMENT","JL. MONGINSIDI GG. BARU","prelist","MEDAN POLONIA","POLONIA","LINGKUNGAN 1","","","N. Jasa Persewaan, Ketenagakerjaan, Agen Perjalanan, dan Jasa Pendukung","SBR"],
    ["101496","ERA VAKO TEHNIK","JL.STARBAN GG.SAWAH NO.31","prelist","MEDAN POLONIA","POLONIA","LINGKUNGAN 11","","","G. Perdagangan Besar dan Eceran, Reparasi Mobil dan Sepeda Motor","SBR"],
    ["101513","TOBA CALDERA MANAGEMENT","JL ANTARIKSA GG PIPA V LK VI","prelist","MEDAN POLONIA","SARI REJO","LINGKUNGAN 6","","","N. Jasa Persewaan, Ketenagakerjaan, Agen Perjalanan, dan Jasa Pendukung","SBR"],
    ["101571","MITRA GAYA INDAH","SUN PLAZA MEDAN GROUND FLOOR ZONE","prelist","MEDAN POLONIA","POLONIA","LINGKUNGAN 7","","","G. Perdagangan Besar dan Eceran, Reparasi Mobil dan Sepeda Motor","SBR"],
    ["101671","SERBA USAHA PRIMA SEJAHTERA","JL.SUWONDO NO.H-60, SUKA DAMAI","prelist","MEDAN POLONIA","SUKA DAMAI","LINGKUNGAN 6","","","G. Perdagangan Besar dan Eceran, Reparasi Mobil dan Sepeda Motor","SBR"],
    ["101706","KBIH PPSU","P. DIPONEGORO NO 30 MEDAN","prelist","MEDAN POLONIA","MADRAS HULU","LINGKUNGAN 9","","","S. Aktivitas Jasa Lainnya","SBR"],
    ["101709","MITRA BERKEMBANG BERSAMA","TEUKU UMAR","prelist","MEDAN POLONIA","MADRAS HULU","LINGKUNGAN 7","","","G. Perdagangan Besar dan Eceran, Reparasi Mobil dan Sepeda Motor","SBR"],
    ["101801","ARTHA LINTAS SEJAHTERA","PADANG GOLF KOMPLEK CBD POLONIA","prelist","MEDAN POLONIA","SUKA DAMAI","LINGKUNGAN 5","","","G. Perdagangan Besar dan Eceran, Reparasi Mobil dan Sepeda Motor","SBR"],
    ["101872","CENTRAL MEGA KENCANA","JL KH ZAINUL ARIFIN NO 7 GD SUN PLAZA LT GROUND FLOOR ZONE A","prelist","MEDAN POLONIA","MADRAS HULU","LINGKUNGAN 7","","","G. Perdagangan Besar dan Eceran, Reparasi Mobil dan Sepeda Motor","SBR"],
    ["101879","FOODS BEVERAGES INDONESIA","HERMES PLACE POLONIA MEDAN LT.GROUND FLOOR","prelist","MEDAN POLONIA","POLONIA","LINGKUNGAN 1","","","I. Penyediaan Akomodasi dan Makan Minum","SBR"],
    ["101910","DWI SISWIYANTI","JL. STARBAN","prelist","MEDAN POLONIA","POLONIA","LINGKUNGAN 9","","","A. Pertanian, Kehutanan, dan Perikanan","SBR"],
    ["101946","SRIBOGA MARUGAME INDONESIA","JL KH ZAINUL ARIFIN PLAZA SUN LG FLOOR UNIT A 6-8","prelist","MEDAN POLONIA","MADRAS HULU","LINGKUNGAN 7","","","I. Penyediaan Akomodasi dan Makan Minum","SBR"],
    ["101954","GUDANG SEGARASA JAYA","KOMPLEK THE CITY VIEW CONDOMINIUM BLOK D NOMOR 15 JALAN ADI SUCIPTO","prelist","MEDAN POLONIA","SUKA DAMAI","LINGKUNGAN 3","","","G. Perdagangan Besar dan Eceran, Reparasi Mobil dan Sepeda Motor","SBR"],
    ["101962","BINTANG OASE SAMUDERA","JALAN STARBAN POLONIA MEDAN","prelist","MEDAN POLONIA","POLONIA","LINGKUNGAN 9","","","N. Jasa Persewaan, Ketenagakerjaan, Agen Perjalanan, dan Jasa Pendukung","SBR"],
    ["102022","TPQ AL HIDAYAH","JL CINTA KARYA GG LANGGAR","prelist","MEDAN POLONIA","SARI REJO","LINGKUNGAN 3","","","P. Pendidikan","SBR"],
    ["102075","HUB LOGISTICS INDONESIA","WISMA BII LT.6 NO.606,JL.P.DIPONEGORO NO.18","prelist","MEDAN POLONIA","MADRAS HULU","LINGKUNGAN 9","","","H. Transportasi dan Pergudangan","SBR"],
    ["102089","JENERO INCREASE","JL MONGONSIDI","prelist","MEDAN POLONIA","ANGGRUNG","LINGKUNGAN 8","","","G. Perdagangan Besar dan Eceran, Reparasi Mobil dan Sepeda Motor","SBR"],
    ["102118","MASDA","JL.P.DIPONEGORO NO.30A, SARI REJO","prelist","MEDAN POLONIA","MADRAS HULU","LINGKUNGAN 7","","","N. Jasa Persewaan, Ketenagakerjaan, Agen Perjalanan, dan Jasa Pendukung","SBR"],
    ["102154","ANUGERAH JAYA SUKSES","JL KIAI HAJI ZAINUL ARIFIN KOMPLEK SUN PLAZA","prelist","MEDAN POLONIA","MADRAS HULU","LINGKUNGAN 9","","","I. Penyediaan Akomodasi dan Makan Minum","SBR"],
    ["102195","TIMELESS INVESTMENT","KOMPLEK CBD POLONIA JALAN PADANG GOLF NO.69","prelist","MEDAN POLONIA","SARI REJO","LINGKUNGAN 6","","","D. Pengadaan Listrik, Gas, Uap/Air Panas, dan Udara Dingin","SBR"],
    ["102196","HINDO","SUN PLAZA JL H ZAINUL ARIFIN","prelist","MEDAN POLONIA","MADRAS HULU","LINGKUNGAN 9","","","G. Perdagangan Besar dan Eceran, Reparasi Mobil dan Sepeda Motor","SBR"],
    ["102255","INNOVAM INDONESIA GLOBAL","KOMPLEK CBD POLONIA JL PADANG GOLF","prelist","MEDAN POLONIA","SUKA DAMAI","LINGKUNGAN 5","","","P. Pendidikan","SBR"],
    ["102830","UKIR PLAFON<ABDUL>","JALAN MELATI GANG MELATI NO 32","prelist","MEDAN POLONIA","SARI REJO","LINGKUNGAN 5","","","C. Industri Pengolahan","SBR"],
    ["102831","PENJAHIT<YUNI>","JALAN CEMPAKA GANG CEMPAKA 2","prelist","MEDAN POLONIA","SARI REJO","LINGKUNGAN 4","","","C. Industri Pengolahan","SBR"],
    ["102833","AIR KANGEN MIRACLE WATER","JALAN ANTARIKSA","prelist","MEDAN POLONIA","SARI REJO","LINGKUNGAN 6","","","C. Industri Pengolahan","SBR"],
    ["102835","PENJAHIT PAKAIAN <IBU SIHOTANG>","JL KARYA APRIL","prelist","MEDAN POLONIA","SARI REJO","LINGKUNGAN 7","","","C. Industri Pengolahan","SBR"],
    ["102846","JAHIT BAJU WANITA <AMEH>","JLN STARBAN GG BILAL","prelist","MEDAN POLONIA","POLONIA","LINGKUNGAN 10","","","C. Industri Pengolahan","SBR"],
    ["102847","PABRIK ROTI <IJUR>","JALAN STARBAN","prelist","MEDAN POLONIA","POLONIA","LINGKUNGAN 11","","","C. Industri Pengolahan","SBR"],
    ["102848","DEPOT 88 WATER<HARTONO>","JL STARBAN","prelist","MEDAN POLONIA","POLONIA","LINGKUNGAN 11","","","C. Industri Pengolahan","SBR"],
    ["102849","PENJUAL PISANG MOLEN","JL POLONIA KOMPLEKS CENDRAWASIH 3","prelist","MEDAN POLONIA","SUKA DAMAI","LINGKUNGAN 6","","","C. Industri Pengolahan","SBR"],
    ["102850","USAHA MENJAHIT PAKAIAN <FARIAH>","JL POLONIA KOMPLEKS FLAMINGO","prelist","MEDAN POLONIA","SUKA DAMAI","LINGKUNGAN 5","","","C. Industri Pengolahan","SBR"],
    ["102851","JUAL TAPE","KARANG SARI GANG PERBATASAN","prelist","MEDAN POLONIA","SUKA DAMAI","LINGKUNGAN 3","","","C. Industri Pengolahan","SBR"],
    ["102852","USAHA BENGKEL LAS","JALAN TERATAI NO 35","prelist","MEDAN POLONIA","SARI REJO","LINGKUNGAN 5","","","C. Industri Pengolahan","SBR"],
    ["102853","PENJAHIT PARIS <PAK SAHRIL>","JALAN TERATAI","prelist","MEDAN POLONIA","SARI REJO","LINGKUNGAN 5","","","C. Industri Pengolahan","SBR"],
    ["102854","JUAL KERIPIK UBI <DILA>","JALAN BILAL GG CUEK NO 6","prelist","MEDAN POLONIA","SARI REJO","LINGKUNGAN 1","","","C. Industri Pengolahan","SBR"],
    ["102855","DEPOT AIR < FERI>","JALAN CINTA KARYA","prelist","MEDAN POLONIA","SARI REJO","LINGKUNGAN 1","","","C. Industri Pengolahan","SBR"],
    ["102856","USAHA MENJAHIT <ELIS>","JALAN CINTA KARYA GG RUKUN NO 35 E","prelist","MEDAN POLONIA","SARI REJO","LINGKUNGAN 1","","","C. Industri Pengolahan","SBR"],
    ["102857","BENGKEL LAS KASIM","JALAN KARYA BAKTI 1 LINGKUNGAN 1","prelist","MEDAN POLONIA","SARI REJO","LINGKUNGAN 1","","","C. Industri Pengolahan","SBR"],
    ["102858","PAPAN BUNGA <DEDE>","JALAN KARYA BAKTI","prelist","MEDAN POLONIA","SARI REJO","LINGKUNGAN 1","","","C. Industri Pengolahan","SBR"],
    ["102859","BENGKEL LAS BAMBANG","JALAN KATYA BAKTI NO 49","prelist","MEDAN POLONIA","SARI REJO","LINGKUNGAN 1","","","C. Industri Pengolahan","SBR"],
    ["102860","TUKANG LAS BESI","JALAN CINTA KARYA GG SADAR 2","prelist","MEDAN POLONIA","SARI REJO","LINGKUNGAN 1","","","C. Industri Pengolahan","SBR"],
    ["102861","TAHU GORING <SANGKOT>","JALAN LANGGAR NO 1 0","prelist","MEDAN POLONIA","SARI REJO","LINGKUNGAN 3","","","C. Industri Pengolahan","SBR"],
    ["102871","PENJAHIT PAKAIAN <DEWI>","JL KARYA PEMBANGUNAN GG RECOK","prelist","MEDAN POLONIA","POLONIA","LINGKUNGAN 3","","","C. Industri Pengolahan","SBR"],
    ["102873","WARUNG GORENGAN <MUSLIKA>","JL KARYA SEJATI GANG PERMANDIAN","prelist","MEDAN POLONIA","POLONIA","LINGKUNGAN 5","","","C. Industri Pengolahan","SBR"],
    ["102874","PEMBUATAN KAKI KULKAS <LILI>","JALAN TERNAK NO 19","prelist","MEDAN POLONIA","POLONIA","LINGKUNGAN 6","","","C. Industri Pengolahan","SBR"],
    ["102875","RAK SEMBAYANG <ERWIN>","JALAN POLONIA NO 230","prelist","MEDAN POLONIA","SUKA DAMAI","LINGKUNGAN 6","","","C. Industri Pengolahan","SBR"],
    ["102876","JUALAN BUMBU <MARIANA>","JLN STARBAN KEL POLONIA","prelist","MEDAN POLONIA","POLONIA","LINGKUNGAN 9","","","C. Industri Pengolahan","SBR"],
    ["102877","JUALAN KUE TRADISIONAL <ITA>","JLN BALAI DESA GG GAMMA","prelist","MEDAN POLONIA","POLONIA","LINGKUNGAN 8","","","C. Industri Pengolahan","SBR"],
    ["102926","JUAL BUMBU <RAMNI>","JALAN MAWAR LK 8","prelist","MEDAN POLONIA","SARI REJO","LINGKUNGAN 4","","","C. Industri Pengolahan","SBR"],
    ["103694","RUMAH BERBIE <TARSINI>","JALAN SMA 2","prelist","MEDAN POLONIA","SARI REJO","LINGKUNGAN 6","","","C. Industri Pengolahan","SBR"],
    ["103725","PENGILINGAN KOPI","JL TERNAK 2 NO 21","prelist","MEDAN POLONIA","POLONIA","LINGKUNGAN 6","","","C. Industri Pengolahan","SBR"],
    ["103836","BENGKEL LAS <SULAIMAN>","TKBM BLOK G","prelist","MEDAN POLONIA","SUKA DAMAI","LINGKUNGAN 5","","","C. Industri Pengolahan","SBR"],
    ["103918","PEMULUNG","JALAN SEJATI GANG IMAM 2","prelist","MEDAN POLONIA","SARI REJO","LINGKUNGAN 8","","","E. Pengadaan Air, Pengelolaan Sampah, Limbah, dan Daur Ulang","SBR"],
    ["103947","BUTOT/PEMULUNG <ANJELE>","JLN BALAI DESA GG PERTAMA","prelist","MEDAN POLONIA","POLONIA","LINGKUNGAN 8","","","E. Pengadaan Air, Pengelolaan Sampah, Limbah, dan Daur Ulang","SBR"],
    ["103948","PENJUAL AIR BERSIH <PUJIANTO>","JLN BALAI DESA GG BERSAMA NO 3 1 A","prelist","MEDAN POLONIA","POLONIA","LINGKUNGAN 8","","","E. Pengadaan Air, Pengelolaan Sampah, Limbah, dan Daur Ulang","SBR"],
    ["103949","BUTUT <PASARIBU>","JALAN TERAI GANG MULIA","prelist","MEDAN POLONIA","SARI REJO","LINGKUNGAN 5","","","E. Pengadaan Air, Pengelolaan Sampah, Limbah, dan Daur Ulang","SBR"],
    ["104127","PEMBORONG BANGUNAN <SUDIRMAN>","JLN BALAI DESA","prelist","MEDAN POLONIA","POLONIA","LINGKUNGAN 8","","","F. Konstruksi","SBR"],
    ["104128","INSTALASI/PEMASANGAN LISTRIK","JALAN STARBAN GANG KELUARGA","prelist","MEDAN POLONIA","POLONIA","LINGKUNGAN 9","","","F. Konstruksi","SBR"],
    ["104129","BOR SUMUR","DALAFS CINTA KARYA NO 34A","prelist","MEDAN POLONIA","SARI REJO","LINGKUNGAN 2","","","F. Konstruksi","SBR"],
    ["104238","ASPAL JALAN","JL STARBAN GG LURAH","prelist","MEDAN POLONIA","POLONIA","LINGKUNGAN 11","","","F. Konstruksi","SBR"],
    ["104239","KONSTRUKSI BANGUNAN <SLAMET>","JL CEMPAKA GG SAHABAT","prelist","MEDAN POLONIA","SARI REJO","LINGKUNGAN 4","","","F. Konstruksi","SBR"],
    ["104372","KEDAI KELONTONG <RIDWAN>","JLN BUNGA RAMPAI LING 2 GANG VENKON","prelist","MEDAN POLONIA","SARI REJO","LINGKUNGAN 6","","","G. Perdagangan Besar dan Eceran, Reparasi Mobil dan Sepeda Motor","SBR"],
    ["104633","JUALAN JAJANAN <REVINA>","JL KARYA APRIL NO 38","prelist","MEDAN POLONIA","SARI REJO","LINGKUNGAN 7","","","G. Perdagangan Besar dan Eceran, Reparasi Mobil dan Sepeda Motor","SBR"],
    ["104770","JUAL BENSIN ELERAN <MAKDIN>","JLN AIR BERSIH","prelist","MEDAN POLONIA","MADRAS HULU","LINGKUNGAN 7","","","G. Perdagangan Besar dan Eceran, Reparasi Mobil dan Sepeda Motor","SBR"],
    ["105104","FOSYAMINI SHOP <MIMI>","JLTURI NO 5 LK 9","prelist","MEDAN POLONIA","SARI REJO","LINGKUNGAN 4","","","G. Perdagangan Besar dan Eceran, Reparasi Mobil dan Sepeda Motor","SBR"],
    ["105294","JAJANAN <HIDAYANI>","JALAN ANTARIKSA","prelist","MEDAN POLONIA","SARI REJO","LINGKUNGAN 6","","","G. Perdagangan Besar dan Eceran, Reparasi Mobil dan Sepeda Motor","SBR"],
    ["105295","ASINAN JAMBU <DRS LUBIS>","JL PIPA UTAMA GG PIPA 4","prelist","MEDAN POLONIA","SARI REJO","LINGKUNGAN 6","","","G. Perdagangan Besar dan Eceran, Reparasi Mobil dan Sepeda Motor","SBR"],
    ["105296","JUAL BAJU <RINI>","JALAN ANTARIKSA GANG PIPA UTARA","prelist","MEDAN POLONIA","SARI REJO","LINGKUNGAN 6","","","G. Perdagangan Besar dan Eceran, Reparasi Mobil dan Sepeda Motor","SBR"],
    ["105297","PENJUAL BERAS ECERAN <MORIS>","JALAN ANTARIKSA GANG PIPA 3","prelist","MEDAN POLONIA","SARI REJO","LINGKUNGAN 6","","","G. Perdagangan Besar dan Eceran, Reparasi Mobil dan Sepeda Motor","SBR"],
    ["105298","WARUNG JAJANAN <NGADILA>","JALAN PIPA 2 GG BUNTU","prelist","MEDAN POLONIA","SARI REJO","LINGKUNGAN 6","","","G. Perdagangan Besar dan Eceran, Reparasi Mobil dan Sepeda Motor","SBR"],
    ["105299","BENSIN <SUHARNI>","JALAN ANTARIKSA","prelist","MEDAN POLONIA","SARI REJO","LINGKUNGAN 6","","","G. Perdagangan Besar dan Eceran, Reparasi Mobil dan Sepeda Motor","SBR"],
    ["105300","BENGKEL <TATA>","JALAN SMU NEGERI DUA","prelist","MEDAN POLONIA","SARI REJO","LINGKUNGAN 4","","","G. Perdagangan Besar dan Eceran, Reparasi Mobil dan Sepeda Motor","SBR"],
    ["105301","PENJUAL PAKAIAN <JULI>","JALAN MAWAR NOMER 40 B","prelist","MEDAN POLONIA","SARI REJO","LINGKUNGAN 4","","","G. Perdagangan Besar dan Eceran, Reparasi Mobil dan Sepeda Motor","SBR"],
    ["105302","WARUNG JAJANAN","JALAN MAWAR NOMER 43","prelist","MEDAN POLONIA","SARI REJO","LINGKUNGAN 4","","","G. Perdagangan Besar dan Eceran, Reparasi Mobil dan Sepeda Motor","SBR"],
    ["105303","BENSIN ECERAN","JALAN KARYA PERBATASA N","prelist","MEDAN POLONIA","SARI REJO","LINGKUNGAN 8","","","G. Perdagangan Besar dan Eceran, Reparasi Mobil dan Sepeda Motor","SBR"],
    ["105304","KEDAI SAMPAH <SAMSIAH>","JALAN MAWAR GANG SAUDARA","prelist","MEDAN POLONIA","SARI REJO","LINGKUNGAN 8","","","G. Perdagangan Besar dan Eceran, Reparasi Mobil dan Sepeda Motor","SBR"],
    ["105305","KEDAI JAJANAN <NURLELI>","JALAN CINTA KARYA GANG PERBATASAN","prelist","MEDAN POLONIA","SARI REJO","LINGKUNGAN 8","","","G. Perdagangan Besar dan Eceran, Reparasi Mobil dan Sepeda Motor","SBR"],
    ["105306","TOKO SEMBAKO","JALAN CINTA KARYA GANG BERDIKARI UJUNG","prelist","MEDAN POLONIA","SARI REJO","LINGKUNGAN 3","","","G. Perdagangan Besar dan Eceran, Reparasi Mobil dan Sepeda Motor","SBR"],
    ["105307","ROTI KELILING","JALAN SUBUR 2 UJUNG","prelist","MEDAN POLONIA","SARI REJO","LINGKUNGAN 2","","","G. Perdagangan Besar dan Eceran, Reparasi Mobil dan Sepeda Motor","SBR"],
    ["105308","BENGKEL ANDI","JALAN KARYA BAKTI","prelist","MEDAN POLONIA","SARI REJO","LINGKUNGAN 7","","","G. Perdagangan Besar dan Eceran, Reparasi Mobil dan Sepeda Motor","SBR"],
    ["105309","KEDAI SEMBAKO <MAR>","JALAN CINTA KARYA NO 22","prelist","MEDAN POLONIA","SARI REJO","LINGKUNGAN 7","","","G. Perdagangan Besar dan Eceran, Reparasi Mobil dan Sepeda Motor","SBR"],
    ["105310","USAHA BENGKEL LAS DAN CAT","JALAN TERATAI NO 4A","prelist","MEDAN POLONIA","SARI REJO","LINGKUNGAN 5","","","G. Perdagangan Besar dan Eceran, Reparasi Mobil dan Sepeda Motor","SBR"],
    ["105311","JUAL TELUR","JALAN ANTARISKA","prelist","MEDAN POLONIA","SARI REJO","LINGKUNGAN 6","","","G. Perdagangan Besar dan Eceran, Reparasi Mobil dan Sepeda Motor","SBR"],
    ["105312","PENJUAL SANDAL","JALAN TERATAI","prelist","MEDAN POLONIA","SARI REJO","LINGKUNGAN 5","","","G. Perdagangan Besar dan Eceran, Reparasi Mobil dan Sepeda Motor","SBR"],
    ["105313","PENJUAL PAKAIAN MONJA <PEKAN>","JALAN TERATAI <PEKAN>","prelist","MEDAN POLONIA","SARI REJO","LINGKUNGAN 5","","","G. Perdagangan Besar dan Eceran, Reparasi Mobil dan Sepeda Motor","SBR"],
    ["105314","PENJUAL IKAN BASAH","JALAN","prelist","MEDAN POLONIA","SARI REJO","LINGKUNGAN 4","","","G. Perdagangan Besar dan Eceran, Reparasi Mobil dan Sepeda Motor","SBR"],
    ["105315","JUAL GAS","JALAN TERATAI NO 3","prelist","MEDAN POLONIA","SARI REJO","LINGKUNGAN 5","","","G. Perdagangan Besar dan Eceran, Reparasi Mobil dan Sepeda Motor","SBR"],
    ["105316","BENGKEL <KOKO>","JALAN TERATAI UJUNG","prelist","MEDAN POLONIA","SARI REJO","LINGKUNGAN 5","","","G. Perdagangan Besar dan Eceran, Reparasi Mobil dan Sepeda Motor","SBR"],
    ["105317","JUAL MAKANAN RINGAN <SURTI>","JALAN LANDASAN UNJUNG","prelist","MEDAN POLONIA","SARI REJO","LINGKUNGAN 1","","","G. Perdagangan Besar dan Eceran, Reparasi Mobil dan Sepeda Motor","SBR"],
    ["105318","WARUNG KELONTONG < SURIF>","JALAN CINTA KARYA NO 1","prelist","MEDAN POLONIA","SARI REJO","LINGKUNGAN 3","","","G. Perdagangan Besar dan Eceran, Reparasi Mobil dan Sepeda Motor","SBR"],
    ["105319","JUAL BUAH MUSIMAN","JALAN KARYA BAKTI 1","prelist","MEDAN POLONIA","SARI REJO","LINGKUNGAN 1","","","G. Perdagangan Besar dan Eceran, Reparasi Mobil dan Sepeda Motor","SBR"],
    ["105320","KEDAI SAMPAH BIDEN","JALAN KARYA BAKTI 1 GG UBS","prelist","MEDAN POLONIA","SARI REJO","LINGKUNGAN 1","","","G. Perdagangan Besar dan Eceran, Reparasi Mobil dan Sepeda Motor","SBR"],
    ["105322","PAUDIPA SPERPARTS","JALAN CEMPAKA","prelist","MEDAN POLONIA","SARI REJO","LINGKUNGAN 4","","","G. Perdagangan Besar dan Eceran, Reparasi Mobil dan Sepeda Motor","SBR"],
    ["105323","DOOR SMEER <WISNU>","JALAN SEJATI KEL SARIREJO","prelist","MEDAN POLONIA","SARI REJO","LINGKUNGAN 8","","","G. Perdagangan Besar dan Eceran, Reparasi Mobil dan Sepeda Motor","SBR"],
    ["105324","BENSIN ECERAN <DANI>","JALAN MAWAR KEL SARI REJO KEC MEDAN POLONIA","prelist","MEDAN POLONIA","SARI REJO","LINGKUNGAN 4","","","G. Perdagangan Besar dan Eceran, Reparasi Mobil dan Sepeda Motor","SBR"],
    ["105325","KEDAI JAJANAN <SUMIATI>","JL MAWAR GG BUNTU 4 KEL SARI REJO","prelist","MEDAN POLONIA","SARI REJO","LINGKUNGAN 8","","","G. Perdagangan Besar dan Eceran, Reparasi Mobil dan Sepeda Motor","SBR"],
    ["105326","PEDAGANG TELUR <CHAIRUL>","JALAN KARYA SEJATI GG PERMANDIAN NO 228","prelist","MEDAN POLONIA","POLONIA","LINGKUNGAN 5","","","G. Perdagangan Besar dan Eceran, Reparasi Mobil dan Sepeda Motor","SBR"],
    ["105327","WARUNG JAJANAN <MAZNUR SIHITE>","JALAN KARYA UTAMA","prelist","MEDAN POLONIA","POLONIA","LINGKUNGAN 5","","","G. Perdagangan Besar dan Eceran, Reparasi Mobil dan Sepeda Motor","SBR"],
    ["105328","JUAL ROKOK","JALAN PEKONH","prelist","MEDAN POLONIA","POLONIA","LINGKUNGAN 6","","","G. Perdagangan Besar dan Eceran, Reparasi Mobil dan Sepeda Motor","SBR"],
    ["105329","JUAL OBAT CINA <ABUT>","JLN TERNAK 1 NO 25","prelist","MEDAN POLONIA","POLONIA","LINGKUNGAN 6","","","G. Perdagangan Besar dan Eceran, Reparasi Mobil dan Sepeda Motor","SBR"],
    ["105330","JUALAN JAJANAN <YUNI>","JLN BALAI DESA GG MESRA","prelist","MEDAN POLONIA","POLONIA","LINGKUNGAN 8","","","G. Perdagangan Besar dan Eceran, Reparasi Mobil dan Sepeda Motor","SBR"],
    ["105331","JUAL GAS LPG <TUGIEM>","JLN BALAI DESA NO 52","prelist","MEDAN POLONIA","POLONIA","LINGKUNGAN 8","","","G. Perdagangan Besar dan Eceran, Reparasi Mobil dan Sepeda Motor","SBR"],
    ["105332","GUDANG PEMULUNG<ASU>","JLN STARBAN GG SUBUR","prelist","MEDAN POLONIA","POLONIA","LINGKUNGAN 6","","","G. Perdagangan Besar dan Eceran, Reparasi Mobil dan Sepeda Motor","SBR"],
    ["105333","PENJUAL MAKANAN","JLN STARBAN GG MANTRI","prelist","MEDAN POLONIA","POLONIA","LINGKUNGAN 9","","","G. Perdagangan Besar dan Eceran, Reparasi Mobil dan Sepeda Motor","SBR"],
    ["105334","PENJUAL SAYURAN <PARSE>","JLN STARBAN","prelist","MEDAN POLONIA","POLONIA","LINGKUNGAN 9","","","G. Perdagangan Besar dan Eceran, Reparasi Mobil dan Sepeda Motor","SBR"],
    ["105335","KEDAI JAJANAN RINGAN <MUSA>","JL STARBAN KEL POLONIA","prelist","MEDAN POLONIA","POLONIA","LINGKUNGAN 9","","","G. Perdagangan Besar dan Eceran, Reparasi Mobil dan Sepeda Motor","SBR"],
    ["105336","BENGKEL SEPEDA MOTOR <NOPI>","JL STARBAN","prelist","MEDAN POLONIA","POLONIA","LINGKUNGAN 9","","","G. Perdagangan Besar dan Eceran, Reparasi Mobil dan Sepeda Motor","SBR"],
    ["105337","JAM TANGAN","JALAN STARBAN","prelist","MEDAN POLONIA","POLONIA","LINGKUNGAN 9","","","G. Perdagangan Besar dan Eceran, Reparasi Mobil dan Sepeda Motor","SBR"],
    ["105338","PENJUAL ROTI KELILING <RISDAWATI>","JALAN STARBAN GANG SAWAH","prelist","MEDAN POLONIA","POLONIA","LINGKUNGAN 11","","","G. Perdagangan Besar dan Eceran, Reparasi Mobil dan Sepeda Motor","SBR"],
    ["105339","JUALAN JAJANAN <ENI>","JL STARBAN","prelist","MEDAN POLONIA","POLONIA","LINGKUNGAN 9","","","G. Perdagangan Besar dan Eceran, Reparasi Mobil dan Sepeda Motor","SBR"],
    ["105340","DAGANG KELINCI <PARIANI>","JL ELANG 1","prelist","MEDAN POLONIA","SUKA DAMAI","LINGKUNGAN 6","","","G. Perdagangan Besar dan Eceran, Reparasi Mobil dan Sepeda Motor","SBR"],
    ["105341","KOPERASI MA WING 3 PASKHAS","JL SUWONDO UJUNG KOMPLEK WING","prelist","MEDAN POLONIA","SUKA DAMAI","LINGKUNGAN 6","","","G. Perdagangan Besar dan Eceran, Reparasi Mobil dan Sepeda Motor","SBR"],
    ["105351","TOKO AMBAL <SOHOR PURBA>","JALAN MONGONSADI NO 82","prelist","MEDAN POLONIA","ANGGRUNG","LINGKUNGAN 8","","","G. Perdagangan Besar dan Eceran, Reparasi Mobil dan Sepeda Motor","SBR"],
    ["105352","JUALAN TAS BERES TRG","JALAN MONGINSIDI","prelist","MEDAN POLONIA","ANGGRUNG","LINGKUNGAN 8","","","G. Perdagangan Besar dan Eceran, Reparasi Mobil dan Sepeda Motor","SBR"],
    ["105354","JUAL ISI GAS 3KG","JALAN KARYA SEJATI NO 58","prelist","MEDAN POLONIA","POLONIA","LINGKUNGAN 5","","","G. Perdagangan Besar dan Eceran, Reparasi Mobil dan Sepeda Motor","SBR"],
    ["105355","KEDAI KELONTONG","JALAN POLONIA","prelist","MEDAN POLONIA","SUKA DAMAI","LINGKUNGAN 6","","","G. Perdagangan Besar dan Eceran, Reparasi Mobil dan Sepeda Motor","SBR"],
    ["105356","PEDAGANG RUJAK <EDI SUSANTO>","JL KARYA BERSAMA 23","prelist","MEDAN POLONIA","POLONIA","LINGKUNGAN 5","","","G. Perdagangan Besar dan Eceran, Reparasi Mobil dan Sepeda Motor","SBR"],
    ["105357","JUALAN GAS <ZAHARUDIN GURNING>","JALAN KARYA BERSAMA NO 108","prelist","MEDAN POLONIA","POLONIA","LINGKUNGAN 5","","","G. Perdagangan Besar dan Eceran, Reparasi Mobil dan Sepeda Motor","SBR"],
    ["105526","JUAL IKAN <HERLIANA>","JALAN MAWAR LK 8","prelist","MEDAN POLONIA","SARI REJO","LINGKUNGAN 4","","","G. Perdagangan Besar dan Eceran, Reparasi Mobil dan Sepeda Motor","SBR"],
    ["105813","TOKO PAKAIAN <CUT>","PASAR PETISAH LINGKUNGAN IX","prelist","MEDAN POLONIA","MADRAS HULU","LINGKUNGAN 10","","","G. Perdagangan Besar dan Eceran, Reparasi Mobil dan Sepeda Motor","SBR"],
    ["107156","KEDAI KELONTONG <SUKAR>","JLBZ HAMIDGGSAWAH LK 4","prelist","MEDAN POLONIA","SARI REJO","LINGKUNGAN 6","","","G. Perdagangan Besar dan Eceran, Reparasi Mobil dan Sepeda Motor","SBR"],
    ["107177","TAMBAL BAN <RASTIM T>","JL AH NASUTION GG KARYA APRIL","prelist","MEDAN POLONIA","SARI REJO","LINGKUNGAN 7","","","G. Perdagangan Besar dan Eceran, Reparasi Mobil dan Sepeda Motor","SBR"],
    ["107360","TAMBAL BAN <BUDIONO>","JL MONGONSIDI","prelist","MEDAN POLONIA","SUKA DAMAI","LINGKUNGAN 5","","","G. Perdagangan Besar dan Eceran, Reparasi Mobil dan Sepeda Motor","SBR"],
    ["107361","PELANG I BABY","JLN BALAI DES A","prelist","MEDAN POLONIA","POLONIA","LINGKUNGAN 9","","","G. Perdagangan Besar dan Eceran, Reparasi Mobil dan Sepeda Motor","SBR"],
    ["107362","PENJUAL IKAN GEMBUNG","JALAN TERATAI","prelist","MEDAN POLONIA","SARI REJO","LINGKUNGAN 5","","","G. Perdagangan Besar dan Eceran, Reparasi Mobil dan Sepeda Motor","SBR"],
    ["107363","JUAL KUE BASAH","JALAN TERATAI","prelist","MEDAN POLONIA","SARI REJO","LINGKUNGAN 5","","","G. Perdagangan Besar dan Eceran, Reparasi Mobil dan Sepeda Motor","SBR"],
    ["107364","USAHA KACA ECERAN","JL BILAL","prelist","MEDAN POLONIA","SARI REJO","LINGKUNGAN 1","","","G. Perdagangan Besar dan Eceran, Reparasi Mobil dan Sepeda Motor","SBR"],
    ["107365","TOKO SEMBAKO <HJSUMIATI>","JALAN ANTARIKSA","prelist","MEDAN POLONIA","SARI REJO","LINGKUNGAN 6","","","G. Perdagangan Besar dan Eceran, Reparasi Mobil dan Sepeda Motor","SBR"],
    ["107420","JUAL TERI <RIAHTA>","JALAN MAWAR LK 8","prelist","MEDAN POLONIA","SARI REJO","LINGKUNGAN 4","","","G. Perdagangan Besar dan Eceran, Reparasi Mobil dan Sepeda Motor","SBR"],
    ["107734","SUPIR <M RIDWAN KS>","GG MEJUAH JUAH","prelist","MEDAN POLONIA","SARI REJO","LINGKUNGAN 2","","","H. Transportasi dan Pergudangan","SBR"],
    ["107903","BECAK<IBRAHIM>","GANG VOLLY","prelist","MEDAN POLONIA","SARI REJO","LINGKUNGAN 4","","","H. Transportasi dan Pergudangan","SBR"],
    ["107904","TUKANG BECAK <PONIRIN>","GANG NAZIR","prelist","MEDAN POLONIA","SARI REJO","LINGKUNGAN 4","","","H. Transportasi dan Pergudangan","SBR"],
    ["107905","BECAK <RINTO>","JL KARYA PERBATASAN","prelist","MEDAN POLONIA","SARI REJO","LINGKUNGAN 8","","","H. Transportasi dan Pergudangan","SBR"],
    ["107906","BECAK <ROBERT>","JALAN KARYA PERBATASA N","prelist","MEDAN POLONIA","SARI REJO","LINGKUNGAN 8","","","H. Transportasi dan Pergudangan","SBR"],
    ["107907","TARIK BECAK <LILIK>","GANG MUHAJIRIN","prelist","MEDAN POLONIA","SARI REJO","LINGKUNGAN 7","","","H. Transportasi dan Pergudangan","SBR"],
    ["107918","USAHA PARKIR <JHON>","JALAN MUARA TAKUS","prelist","MEDAN POLONIA","MADRAS HULU","LINGKUNGAN 4","","","H. Transportasi dan Pergudangan","SBR"],
    ["107920","SUPIR BECAK DAY UNG <HENDRIK>","JALAN TERNAK 111","prelist","MEDAN POLONIA","POLONIA","LINGKUNGAN 7","","","H. Transportasi dan Pergudangan","SBR"],
    ["107921","JASA SEWA PARKIR <JONSON>","JLN PEKONG NO 33","prelist","MEDAN POLONIA","POLONIA","LINGKUNGAN 6","","","H. Transportasi dan Pergudangan","SBR"],
    ["107922","TUKANG BECAK <AIN>","JALAN STARBAN GANG BENGKOK NO 41","prelist","MEDAN POLONIA","POLONIA","LINGKUNGAN 7","","","H. Transportasi dan Pergudangan","SBR"],
    ["107923","GETEK/RAKIT <GANES>","JLN STARBAN GG BILAL","prelist","MEDAN POLONIA","POLONIA","LINGKUNGAN 10","","","H. Transportasi dan Pergudangan","SBR"],
    ["107924","BECAK MESIN <HAMDANI>","JL STARBAN GG LUBIS 110","prelist","MEDAN POLONIA","POLONIA","LINGKUNGAN 10","","","H. Transportasi dan Pergudangan","SBR"],
    ["107925","BECAK MESIN <SUKARDI>","JALAN STARBAN GANG MESJID","prelist","MEDAN POLONIA","POLONIA","LINGKUNGAN 9","","","H. Transportasi dan Pergudangan","SBR"],
    ["107926","TUKANG BECAK MESIN <SUBANDI>","JALAN STARBAN GANG LURAH","prelist","MEDAN POLONIA","POLONIA","LINGKUNGAN 11","","","H. Transportasi dan Pergudangan","SBR"],
    ["107927","TUKANG BECAK <DARMADI>","JL STARBAN GG LURAH","prelist","MEDAN POLONIA","POLONIA","LINGKUNGAN 11","","","H. Transportasi dan Pergudangan","SBR"],
    ["107928","GOJEK <MISWANI>","EL STARBAN GG WAHYU","prelist","MEDAN POLONIA","POLONIA","LINGKUNGAN 11","","","H. Transportasi dan Pergudangan","SBR"],
    ["107929","BETOR <SUPRIYADI>","JLN STARBAN GG LURAH","prelist","MEDAN POLONIA","POLONIA","LINGKUNGAN 11","","","H. Transportasi dan Pergudangan","SBR"],
    ["107930","TUKANG BECAK<DEDEK>","JALAN PERJUANGAN","prelist","MEDAN POLONIA","SARI REJO","LINGKUNGAN 5","","","H. Transportasi dan Pergudangan","SBR"],
    ["107931","NARIK BECAK <SUWITO>","GANG LANDASAN","prelist","MEDAN POLONIA","SARI REJO","LINGKUNGAN 1","","","H. Transportasi dan Pergudangan","SBR"],
    ["107932","ANGKOT SARAGIH","JALAN CINTA KARYA GG MESJID","prelist","MEDAN POLONIA","SARI REJO","LINGKUNGAN 3","","","H. Transportasi dan Pergudangan","SBR"],
    ["107933","TUKANG BECAK <SELAMAT>","JALAN KARYA BAKTI 1 GG UBS","prelist","MEDAN POLONIA","SARI REJO","LINGKUNGAN 1","","","H. Transportasi dan Pergudangan","SBR"],
    ["107995","TUKANG BECAK <SURADI>","JL PERJUANGAN GANG MANTRI LK 20","prelist","MEDAN POLONIA","POLONIA","LINGKUNGAN 9","","","H. Transportasi dan Pergudangan","SBR"],
    ["109220","SARAPAN PAGI <YUSRINAL>","JALAN TERATAI NO 2","prelist","MEDAN POLONIA","SARI REJO","LINGKUNGAN 9","","","I. Penyediaan Akomodasi dan Makan Minum","SBR"],
    ["109230","DIMSUM MAKNYUS","JALAN CINTA KARYA NO 67","prelist","MEDAN POLONIA","SARI REJO","LINGKUNGAN 3","","","I. Penyediaan Akomodasi dan Makan Minum","SBR"],
    ["109231","BAKSO BAKAR KELILING","JALAN LANGGAR","prelist","MEDAN POLONIA","SARI REJO","LINGKUNGAN 3","","","I. Penyediaan Akomodasi dan Makan Minum","SBR"],
    ["109233","KELAPA MUDA UJANG","JALAN MAWAR","prelist","MEDAN POLONIA","SARI REJO","LINGKUNGAN 4","","","I. Penyediaan Akomodasi dan Makan Minum","SBR"],
    ["109234","KEDAI LONTONG <MAYA>","JALAN ANTARIKSA","prelist","MEDAN POLONIA","SARI REJO","LINGKUNGAN 6","","","I. Penyediaan Akomodasi dan Makan Minum","SBR"],
    ["109235","GORENGAN <SAMSIAR>","JALAN PIPA 3","prelist","MEDAN POLONIA","SARI REJO","LINGKUNGAN 6","","","I. Penyediaan Akomodasi dan Makan Minum","SBR"],
    ["109236","WARUNG AYAM PENYET <SUHARMI>","JALAN ANTARIKSA NO 5","prelist","MEDAN POLONIA","SARI REJO","LINGKUNGAN 6","","","I. Penyediaan Akomodasi dan Makan Minum","SBR"],
    ["109237","SARAPAN PAGI <YENTI>","JALAN GARUDA LINGKUNG AN 6","prelist","MEDAN POLONIA","SARI REJO","LINGKUNGAN 8","","","I. Penyediaan Akomodasi dan Makan Minum","SBR"],
    ["109238","WARUNG MIE <RONA>","JALAN CINTA KARYA GANG SAWAH","prelist","MEDAN POLONIA","SARI REJO","LINGKUNGAN 3","","","I. Penyediaan Akomodasi dan Makan Minum","SBR"],
    ["109239","PECAL KELILING","JALAN SUBUR 2","prelist","MEDAN POLONIA","SARI REJO","LINGKUNGAN 2","","","I. Penyediaan Akomodasi dan Makan Minum","SBR"],
    ["109240","WARUNG PECAL ULEK <MIMI>","JALAN KARYA BAKTI","prelist","MEDAN POLONIA","SARI REJO","LINGKUNGAN 1","","","I. Penyediaan Akomodasi dan Makan Minum","SBR"],
    ["109241","SEWA KAMAR KOST","JALAN KARYA BAKTI I","prelist","MEDAN POLONIA","SARI REJO","LINGKUNGAN 1","","","I. Penyediaan Akomodasi dan Makan Minum","SBR"],
    ["109246","KEDAIMINUMAN<TIO>","JL KARYA BERSAMA 15","prelist","MEDAN POLONIA","POLONIA","LINGKUNGAN 5","","","I. Penyediaan Akomodasi dan Makan Minum","SBR"],
    ["109247","WARUNG MAKANAN <REJA AMANDA>","JALAN KARYA SEJATI KEL POLONIA","prelist","MEDAN POLONIA","POLONIA","LINGKUNGAN 5","","","I. Penyediaan Akomodasi dan Makan Minum","SBR"],
    ["109248","MIE BALAP<LENI>","JALAN PEKONG NO.65/38","prelist","MEDAN POLONIA","POLONIA","LINGKUNGAN 7","","","I. Penyediaan Akomodasi dan Makan Minum","SBR"],
    ["109249","JUAL MIE PANSIT <ASIM>","JL TERNAK NO 69","prelist","MEDAN POLONIA","POLONIA","LINGKUNGAN 6","","","I. Penyediaan Akomodasi dan Makan Minum","SBR"],
    ["109250","AYAM PENYET <TAUFIK>","JLN BALAI DESA","prelist","MEDAN POLONIA","POLONIA","LINGKUNGAN 8","","","I. Penyediaan Akomodasi dan Makan Minum","SBR"],
    ["109252","PENJUAL SARAPAN <LEGINA>","JL. STARBAN GG BILAL","prelist","MEDAN POLONIA","POLONIA","LINGKUNGAN 10","","","I. Penyediaan Akomodasi dan Makan Minum","SBR"],
    ["109253","JUS BUAH SEGAR <LINA>","JLN STARBAN","prelist","MEDAN POLONIA","POLONIA","LINGKUNGAN 9","","","I. Penyediaan Akomodasi dan Makan Minum","SBR"],
    ["109254","MIE GORENG <ABDI R ISMAIL>","JLN STARBAN","prelist","MEDAN POLONIA","POLONIA","LINGKUNGAN 9","","","I. Penyediaan Akomodasi dan Makan Minum","SBR"],
    ["109255","JUAL RUJAK KELILING","JALAN STARBAN GANG FAMILI","prelist","MEDAN POLONIA","POLONIA","LINGKUNGAN 12","","","I. Penyediaan Akomodasi dan Makan Minum","SBR"],
    ["109256","NASI GORENG <SUMIATI>","JALAN DC BARITO","prelist","MEDAN POLONIA","SUKA DAMAI","LINGKUNGAN 2","","","I. Penyediaan Akomodasi dan Makan Minum","SBR"],
    ["109257","JUALAN MIE SOP","JALAN PERJUANGAN","prelist","MEDAN POLONIA","SARI REJO","LINGKUNGAN 9","","","I. Penyediaan Akomodasi dan Makan Minum","SBR"],
    ["109259","JUALAN BURGER <BU NUR>","JALAN TERATAI GANG BAHAGIA NO 67","prelist","MEDAN POLONIA","SARI REJO","LINGKUNGAN 5","","","I. Penyediaan Akomodasi dan Makan Minum","SBR"],
    ["109260","JUAL SARAPAN PAGI <NYAMINI>","JL BILAL","prelist","MEDAN POLONIA","SARI REJO","LINGKUNGAN 4","","","I. Penyediaan Akomodasi dan Makan Minum","SBR"],
    ["109261","KATERING<SUTIYEM>","JALAN KARYA BAKTI I GG SAUDARA UJUNG","prelist","MEDAN POLONIA","SARI REJO","LINGKUNGAN 1","","","I. Penyediaan Akomodasi dan Makan Minum","SBR"],
    ["109272","JUAL MAKANAN AYAMPENYET","JALAN TUMAR NO 32-33","prelist","MEDAN POLONIA","MADRAS HULU","LINGKUNGAN 5","","","I. Penyediaan Akomodasi dan Makan Minum","SBR"],
    ["109274","WARUNG SARAPAN SUJANA","JALAN KARYA LESTARI NO 16","prelist","MEDAN POLONIA","POLONIA","LINGKUNGAN 4","","","I. Penyediaan Akomodasi dan Makan Minum","SBR"],
    ["109275","MIE AYAM <GINO>","JALAN MESJID GANG A NO. 84","prelist","MEDAN POLONIA","POLONIA","LINGKUNGAN 1","","","I. Penyediaan Akomodasi dan Makan Minum","SBR"],
    ["109276","JAMU GENDONG <PONIYEM>","JALAN MESJID GANG A NO. 86","prelist","MEDAN POLONIA","POLONIA","LINGKUNGAN 1","","","I. Penyediaan Akomodasi dan Makan Minum","SBR"],
    ["109277","SEWA KAMAR <DEWI>","JALAN MESJID GANG A","prelist","MEDAN POLONIA","POLONIA","LINGKUNGAN 1","","","I. Penyediaan Akomodasi dan Makan Minum","SBR"],
    ["109551","KEDAI MINUMAN HOT","JALAN MES ID NO 59","prelist","MEDAN POLONIA","SUKA DAMAI","LINGKUNGAN 5","","","I. Penyediaan Akomodasi dan Makan Minum","SBR"],
    ["110478","WARKOP <MISNAH>","JALAN T CIK DITIRO","prelist","MEDAN POLONIA","MADRAS HULU","LINGKUNGAN 7","","","I. Penyediaan Akomodasi dan Makan Minum","SBR"],
    ["110479","ES KOTENG KELILING","JLN STARBAN GG BERSAMA","prelist","MEDAN POLONIA","POLONIA","LINGKUNGAN 9","","","I. Penyediaan Akomodasi dan Makan Minum","SBR"],
    ["110480","KANTIN ZAM ZAM","JALAN SMA 2","prelist","MEDAN POLONIA","SUKA DAMAI","LINGKUNGAN 3","","","I. Penyediaan Akomodasi dan Makan Minum","SBR"],
    ["110481","GORENGAN <YANTI>","JALAN TERATAIGGAMAL","prelist","MEDAN POLONIA","SARI REJO","LINGKUNGAN 5","","","I. Penyediaan Akomodasi dan Makan Minum","SBR"],
    ["110482","MENJUAL SATE KELILING <YONALIS>","GANG LANDASAN","prelist","MEDAN POLONIA","SARI REJO","LINGKUNGAN 1","","","I. Penyediaan Akomodasi dan Makan Minum","SBR"],
    ["110483","PENJUAL JAMU <KANUM>","JALAN SEJATI","prelist","MEDAN POLONIA","SARI REJO","LINGKUNGAN 8","","","I. Penyediaan Akomodasi dan Makan Minum","SBR"],
    ["110508","PERSEWAAN KAMAR <SAROJE>","JALAN MUARA TAKUS 105","prelist","MEDAN POLONIA","MADRAS HULU","LINGKUNGAN 4","","","I. Penyediaan Akomodasi dan Makan Minum","SBR"],
    ["110798","PENJUAL PULSA <ANA>","JLN STARBAN","prelist","MEDAN POLONIA","POLONIA","LINGKUNGAN 9","","","J. Informasi dan Komunikasi","SBR"],
    ["110799","CONTER PULSA <IDA>","JALAN BILAL NO 28","prelist","MEDAN POLONIA","SARI REJO","LINGKUNGAN 1","","","J. Informasi dan Komunikasi","SBR"],
    ["110800","PULSA KAK LIA","JALAN BILAL GG BERSAMA","prelist","MEDAN POLONIA","SARI REJO","LINGKUNGAN 1","","","J. Informasi dan Komunikasi","SBR"],
    ["110801","WARNET <ZAMADI>","JL ANTARIKSA","prelist","MEDAN POLONIA","SARI REJO","LINGKUNGAN 6","","","J. Informasi dan Komunikasi","SBR"],
    ["110802","PULSA <ARWAN>","JALAN ANTARIKSA","prelist","MEDAN POLONIA","SARI REJO","LINGKUNGAN 6","","","J. Informasi dan Komunikasi","SBR"],
    ["110803","PULSA YENI","GANG SUBUR I","prelist","MEDAN POLONIA","SARI REJO","LINGKUNGAN 7","","","J. Informasi dan Komunikasi","SBR"],
    ["110827","JUAL PULSA HP <ITCHE>","JALAN TEUKU UMAR 87","prelist","MEDAN POLONIA","MADRAS HULU","LINGKUNGAN 5","","","J. Informasi dan Komunikasi","SBR"],
    ["110828","WARNET <MASNI NAIBAHO>","JL KARYA BERSAMA 63","prelist","MEDAN POLONIA","POLONIA","LINGKUNGAN 5","","","J. Informasi dan Komunikasi","SBR"],
    ["110829","NINCO NET <EFI>","JALAN STARBAN NO 53","prelist","MEDAN POLONIA","POLONIA","LINGKUNGAN 7","","","J. Informasi dan Komunikasi","SBR"],
    ["111047","CINEMA 21","HERMES PLACE RT: RW: KODEPOS: 20157","prelist","MEDAN POLONIA","POLONIA","LINGKUNGAN 3","","","J. Informasi dan Komunikasi","SBR"],
    ["111048","PENJUAL PULSA ELEKTRIK <SARI>","JALAN KARYA BERSAMA NO 29","prelist","MEDAN POLONIA","POLONIA","LINGKUNGAN 4","","","J. Informasi dan Komunikasi","SBR"],
    ["111246","PENYEWAAN RUMAH<SYAM>","JALAN PIPA 1","prelist","MEDAN POLONIA","SARI REJO","LINGKUNGAN 6","","","L. Real Estat","SBR"],
    ["111247","RUMAH SEWA","JALAN SUBUR 2 UJUNG GG IKHLAS","prelist","MEDAN POLONIA","SARI REJO","LINGKUNGAN 2","","","L. Real Estat","SBR"],
    ["111248","RUMAH SEWA BULANAN","JULAN CINTA KARYA","prelist","MEDAN POLONIA","SARI REJO","LINGKUNGAN 1","","","L. Real Estat","SBR"],
    ["111271","PERGUDANGAN SEMBAKO <TAN MENG HUAT>","JALAN MUARA TAKUS 50","prelist","MEDAN POLONIA","MADRAS HULU","LINGKUNGAN 4","","","L. Real Estat","SBR"],
    ["111272","PERSEWAAN RUMAH <SURYANI>","JALAN KARYA BERSAMA NO 16","prelist","MEDAN POLONIA","POLONIA","LINGKUNGAN 4","","","L. Real Estat","SBR"],
    ["111273","RUMAH KONTRAKAN <ROSDIATI>","JLN STARBAN GG SAWAH","prelist","MEDAN POLONIA","POLONIA","LINGKUNGAN 11","","","L. Real Estat","SBR"],
    ["111274","USAHA RUMAH SEWA <ANTA FLORITA>","GANG LANDASAN","prelist","MEDAN POLONIA","SARI REJO","LINGKUNGAN 1","","","L. Real Estat","SBR"],
    ["111275","SEWA RUMAH SAKINO","JALAN KARYA BAKTI I NO 50 LK I","prelist","MEDAN POLONIA","SARI REJO","LINGKUNGAN 1","","","L. Real Estat","SBR"],
    ["111276","PENYEWAHAN RUMAH <JUMARI>","JALAN PIPA UTAMA","prelist","MEDAN POLONIA","SARI REJO","LINGKUNGAN 6","","","L. Real Estat","SBR"],
    ["111277","PERSEWAAN RUMAH <LEGIMIN>","JALAN ANTARIKSA GANG PIPA TENGAH","prelist","MEDAN POLONIA","SARI REJO","LINGKUNGAN 6","","","L. Real Estat","SBR"],
    ["111521","PENYEWAAN KAMAR <LINA>","JALAN JENGGALA","prelist","MEDAN POLONIA","MADRAS HULU","LINGKUNGAN 1","","","L. Real Estat","SBR"],
    ["111597","ADVERTISING <HARYONO>","JL STARBAN 201","prelist","MEDAN POLONIA","POLONIA","LINGKUNGAN 9","","","M. Jasa Profesional, Ilmiah, dan Teknis","SBR"],
    ["111602","FOTO KELILING <ANDI>","JLN STARBAN GG LURAH","prelist","MEDAN POLONIA","POLONIA","LINGKUNGAN 11","","","M. Jasa Profesional, Ilmiah, dan Teknis","SBR"],
    ["111683","FOTO COPY BAZAREN","JALAN POLONIA","prelist","MEDAN POLONIA","POLONIA","LINGKUNGAN 7","","","N. Jasa Persewaan, Ketenagakerjaan, Agen Perjalanan, dan Jasa Pendukung","SBR"],
    ["111684","KEYBOARD <AGUS RIYADI>","JL STARBAN GG FAMILI","prelist","MEDAN POLONIA","POLONIA","LINGKUNGAN 12","","","N. Jasa Persewaan, Ketenagakerjaan, Agen Perjalanan, dan Jasa Pendukung","SBR"],
    ["111685","PENYEWAAN BECAK MOTOR <NASRUL>","JALAN CINTA KARYA GANG PERSATUAN","prelist","MEDAN POLONIA","SARI REJO","LINGKUNGAN 3","","","N. Jasa Persewaan, Ketenagakerjaan, Agen Perjalanan, dan Jasa Pendukung","SBR"],
    ["111808","TRAVEL AGENT RAMLI","JALAN ANGKASA NO 16 A/32","prelist","MEDAN POLONIA","POLONIA","LINGKUNGAN 2","","","N. Jasa Persewaan, Ketenagakerjaan, Agen Perjalanan, dan Jasa Pendukung","SBR"],
    ["111884","JULIET ACADEMY DANSE","JALAN KARTINI NO 22","prelist","MEDAN POLONIA","MADRAS HULU","LINGKUNGAN 6","","","P. Pendidikan","SBR"],
    ["111920","USAHA PRIVAT LES","JALAN TERATAI GANG BAHAGIA NO 61","prelist","MEDAN POLONIA","SARI REJO","LINGKUNGAN 5","","","P. Pendidikan","SBR"],
    ["111977","KLINIK NOVA <MURUNG>","JALAN KARYA PERBATASA N","prelist","MEDAN POLONIA","SARI REJO","LINGKUNGAN 8","","","Q. Jasa Kesehatan dan Kegiatan Sosial","SBR"],
    ["112221","KUSUK TRADISIONAL <LINA>","JL KARYA JAYA N04","prelist","MEDAN POLONIA","SARI REJO","LINGKUNGAN 6","","","S. Aktivitas Jasa Lainnya","SBR"],
    ["112318","REPARASI ELEKTRONIK","JALAN CINTA KARYA GANG KAROJA","prelist","MEDAN POLONIA","SARI REJO","LINGKUNGAN 1","","","S. Aktivitas Jasa Lainnya","SBR"],
    ["112319","MENGAJAR NGAJI","JALAN MELATI GANG KURNIA","prelist","MEDAN POLONIA","SARI REJO","LINGKUNGAN 4","","","S. Aktivitas Jasa Lainnya","SBR"],
    ["112320","SALON EDELWEISS","JALAN CEMPAKA NO 2","prelist","MEDAN POLONIA","SARI REJO","LINGKUNGAN 4","","","S. Aktivitas Jasa Lainnya","SBR"],
    ["112321","TUKANG PANGKAS <POJIAH>","JALAN SEJATI KEL SARI REJO","prelist","MEDAN POLONIA","SARI REJO","LINGKUNGAN 8","","","S. Aktivitas Jasa Lainnya","SBR"],
    ["112322","TUKANG JAHIT<AGUNG>","JALAN PIPA 1","prelist","MEDAN POLONIA","SARI REJO","LINGKUNGAN 6","","","S. Aktivitas Jasa Lainnya","SBR"],
    ["112323","PRIVAT <TIAMIN>","JALAN SEJATI BARU","prelist","MEDAN POLONIA","SARI REJO","LINGKUNGAN 9","","","S. Aktivitas Jasa Lainnya","SBR"],
    ["112324","REPARASI ELEKTRONIK <JAFAR>","JALAN MAWAR","prelist","MEDAN POLONIA","SARI REJO","LINGKUNGAN 4","","","S. Aktivitas Jasa Lainnya","SBR"],
    ["112325","PIJAT PATAH TULANG","JL CINTA KARYA GG.SAWAH","prelist","MEDAN POLONIA","SARI REJO","LINGKUNGAN 3","","","S. Aktivitas Jasa Lainnya","SBR"],
    ["112326","SALON<VINA>","JALAN CINTA KARYA GG BERDIKARI","prelist","MEDAN POLONIA","SARI REJO","LINGKUNGAN 3","","","S. Aktivitas Jasa Lainnya","SBR"],
    ["112327","LAUNDRY<RAHMAWATI>","JALAN CINTA KARYA","prelist","MEDAN POLONIA","SARI REJO","LINGKUNGAN 1","","","S. Aktivitas Jasa Lainnya","SBR"],
    ["112328","PRIMA KARPET <SUKBIR>","JALAN KARYA BAKTI 2","prelist","MEDAN POLONIA","SARI REJO","LINGKUNGAN 2","","","S. Aktivitas Jasa Lainnya","SBR"],
    ["112346","PARKIR MOTOR <KHO>","JALAN TEUKU UMAR 81","prelist","MEDAN POLONIA","MADRAS HULU","LINGKUNGAN 9","","","S. Aktivitas Jasa Lainnya","SBR"],
    ["112347","BILAL MAYIT <SUPRIYATIN>","JALAN KARYA SEHATI","prelist","MEDAN POLONIA","POLONIA","LINGKUNGAN 4","","","S. Aktivitas Jasa Lainnya","SBR"],
    ["112348","SERVICE KOMPUTER >TCOM>","JALAN CEMPAKA NO 34","prelist","MEDAN POLONIA","SARI REJO","LINGKUNGAN 3","","","S. Aktivitas Jasa Lainnya","SBR"],
    ["112349","LOUNDRY <MAKNON>","JALAN KURNIA","prelist","MEDAN POLONIA","SARI REJO","LINGKUNGAN 4","","","S. Aktivitas Jasa Lainnya","SBR"],
    ["112878","PENJAHIT <SUDEREM>","JALAN MUARA TAKUS NO 147","prelist","MEDAN POLONIA","MADRAS HULU","LINGKUNGAN 4","","","S. Aktivitas Jasa Lainnya","SBR"],
    ["112879","PANGKAS RAMBUT <FAISAL>","EL KARYA PEMBANGUNAN","prelist","MEDAN POLONIA","POLONIA","LINGKUNGAN 3","","","S. Aktivitas Jasa Lainnya","SBR"],
    ["112880","TUKANG KUSUK<RIDWAN>","JALAN STARBAN GANG MESJID","prelist","MEDAN POLONIA","POLONIA","LINGKUNGAN 9","","","S. Aktivitas Jasa Lainnya","SBR"],
    ["113118","PABRIK TAHU PONIMIN","JL LANGGAR","prelist","MEDAN POLONIA","SARI REJO","LINGKUNGAN 3","","","C. Industri Pengolahan","SBR"],
    ["113119","BUAT BAKSO","JL LANGGAR","prelist","MEDAN POLONIA","SARI REJO","LINGKUNGAN 3","","","C. Industri Pengolahan","SBR"],
    ["113120","AIR ISI ULANG DESMI","JL CINTA KARYA","prelist","MEDAN POLONIA","SARI REJO","LINGKUNGAN 1","","","C. Industri Pengolahan","SBR"],
    ["113121","AIR ISI ULANG SUKARDI","JL CINTA KARYA","prelist","MEDAN POLONIA","SARI REJO","LINGKUNGAN 1","","","C. Industri Pengolahan","SBR"],
    ["113122","TK JAHIT PAKAIAN NURHAYATI","JL CINTA KARYA","prelist","MEDAN POLONIA","SARI REJO","LINGKUNGAN 1","","","C. Industri Pengolahan","SBR"],
    ["113144","TUKANG JAHIT PAKAIAN TEMPAHAN","JL STARBAN","prelist","MEDAN POLONIA","POLONIA","LINGKUNGAN 9","","","C. Industri Pengolahan","SBR"],
    ["113145","AIR ISI ULANG HARTONO","JL STARBAN 171","prelist","MEDAN POLONIA","POLONIA","LINGKUNGAN 9","","","C. Industri Pengolahan","SBR"],
    ["113149","AIR ISI ULANG SUJIANTO","JL BILAL NO 8","prelist","MEDAN POLONIA","SARI REJO","LINGKUNGAN 1","","","C. Industri Pengolahan","SBR"],
    ["113251","CAMELUX MEDAN INDONESIA","JL. TERNAK I NO. 23","prelist","MEDAN POLONIA","POLONIA","LINGKUNGAN 6","","","C. Industri Pengolahan","SBR"],
    ["113259","SUMBER TANI AGUNG RESOURCES","JL. PANGERAN DIPONEGORO NO. 51","prelist","MEDAN POLONIA","MADRAS HULU","LINGKUNGAN 8","","","C. Industri Pengolahan","SBR"],
    ["113390","GALAN, CV","JL TERATAI NO 42 MEDAN","prelist","MEDAN POLONIA","SARI REJO","LINGKUNGAN 5","","","F. Konstruksi","SBR"],
    ["113391","RIZKI PUTRA JAYA, CV","JL SMA 2 NO 10 LK VI SARI REJO MEDAN","prelist","MEDAN POLONIA","SUKA DAMAI","LINGKUNGAN 3","","","F. Konstruksi","SBR"],
    ["113393","KARYA SUMBER REZEKI, CV","JL SUBUR 1 NO 5","prelist","MEDAN POLONIA","SARI REJO","LINGKUNGAN 7","","","F. Konstruksi","SBR"],
    ["113394","KARYA SUBUR MAKMUR, CV","EL SUBUR 1 NO 5","prelist","MEDAN POLONIA","SARI REJO","LINGKUNGAN 7","","","F. Konstruksi","SBR"],
    ["113419","MAJAINDO CITRA SWAKARSA, PT","JL WOLTER MONGONSIDI NO 22","prelist","MEDAN POLONIA","ANGGRUNG","LINGKUNGAN 4","","","F. Konstruksi","SBR"],
    ["113420","RAMOS KARYA, CV","JL MONGONSIDI","prelist","MEDAN POLONIA","ANGGRUNG","LINGKUNGAN 7","","","F. Konstruksi","SBR"],
    ["113421","TORGAN BALALAIKA, CV","JL KARYA PEMBANGUNAN NO 20 C","prelist","MEDAN POLONIA","POLONIA","LINGKUNGAN 3","","","F. Konstruksi","SBR"],
    ["113888","AKBAR HUSAINI, CV","JL TERATAI NO 7 B","prelist","MEDAN POLONIA","SARI REJO","LINGKUNGAN 9","","","F. Konstruksi","SBR"],
    ["113891","MESTIKA PRIMA MANDIRI, CV","JL IR. H. JUANDA I NO 24 - A","prelist","MEDAN POLONIA","SUKA DAMAI","LINGKUNGAN 5","","","F. Konstruksi","SBR"],
    ["113902","DEDDY KURNIA, UD","JL TENGKU CIK DITIRO NO 8 C","prelist","MEDAN POLONIA","MADRAS HULU","LINGKUNGAN 6","","","F. Konstruksi","SBR"],
    ["113903","JAFA GROUP, CV","JL MASDULHAK NO 16","prelist","MEDAN POLONIA","ANGGRUNG","LINGKUNGAN 4","","","F. Konstruksi","SBR"],
    ["113906","CAHAYA PUTRA, CV","JL TAMAN POLONIA III NO 07","prelist","MEDAN POLONIA","SUKA DAMAI","LINGKUNGAN 4","","","F. Konstruksi","SBR"],
    ["113909","LENGGAHARA, CV","JL ANTARIKSA NO 7","prelist","MEDAN POLONIA","SARI REJO","LINGKUNGAN 6","","","F. Konstruksi","SBR"],
    ["113910","HIRDA, CV","JL CINTA KARYA GG. SUBUR DALAM NO 25","prelist","MEDAN POLONIA","SARI REJO","LINGKUNGAN 1","","","F. Konstruksi","SBR"],
    ["113932","PRIERA JAYA, CV","JL D.I. PANJAITAN NO 83","prelist","MEDAN POLONIA","MADRAS HULU","LINGKUNGAN 7","","","F. Konstruksi","SBR"],
    ["114162","SATYA KENCANA, CV","JL KAMBOJA NO 1A, MEDAN SUNGGAL","prelist","MEDAN POLONIA","ANGGRUNG","LINGKUNGAN 5","","","F. Konstruksi","SBR"],
    ["114192","KHARINA UTAMA, CV","JL TERATAI NO 74","prelist","MEDAN POLONIA","SARI REJO","LINGKUNGAN 5","","","F. Konstruksi","SBR"],
    ["114194","KARYA KARTIKA UTAMA, CV","JL TERATAI NO 74","prelist","MEDAN POLONIA","SARI REJO","LINGKUNGAN 5","","","F. Konstruksi","SBR"],
    ["114591","HAGIA RAGA, CV","JL TEUKU CIK DITIRO NO 8 C","prelist","MEDAN POLONIA","MADRAS HULU","LINGKUNGAN 6","","","F. Konstruksi","SBR"],
    ["114693","BANGUN INDO MITRA ABADI, PT","JL ADI SUCIPTO KOMP.RIVER VIEW BLOK A-10","prelist","MEDAN POLONIA","SUKA DAMAI","LINGKUNGAN 5","","","F. Konstruksi","SBR"],
    ["114694","GRHA SINAR ABADI, PT","JL ADI SUCIPTO KOMP. CBD POLONIA BLOK D KEL. SUKADAMAI KEC. MEDAN POLONIA","prelist","MEDAN POLONIA","POLONIA","LINGKUNGAN 7","","","F. Konstruksi","SBR"],
    ["114746","PEGEHEYSHA, CV","JL ANTARIKSA NO 7 LK. VI","prelist","MEDAN POLONIA","SARI REJO","LINGKUNGAN 6","","","F. Konstruksi","SBR"],
    ["114908","RIZKY ABADI MULYA, CV","JL BUNGA CEMPAKA GG. CEMPAKA II-A NO 3 LK. IV KEL. PB SELAYANG II","prelist","MEDAN POLONIA","SARI REJO","LINGKUNGAN 4","","","F. Konstruksi","SBR"],
    ["114942","BRILLIANT, CV","JL CINTA KARYA LK I. NO 29. MEDAN POLONIA","prelist","MEDAN POLONIA","SARI REJO","LINGKUNGAN 1","","","F. Konstruksi","SBR"],
    ["114969","BANGUN MULTI BERKAT, PT","JL CUT MUTIA NO 2","prelist","MEDAN POLONIA","MADRAS HULU","LINGKUNGAN 9","","","F. Konstruksi","SBR"],
    ["115262","KHARISMA PETRO KREASINDO, CV","JL KEDIRI NO.40","prelist","MEDAN POLONIA","MADRAS HULU","LINGKUNGAN 3","","","F. Konstruksi","SBR"],
    ["115351","JAYA BINA TEKNINDO, PT","JL M. G MANURUNG LK X","prelist","MEDAN POLONIA","SARI REJO","LINGKUNGAN 6","","","F. Konstruksi","SBR"],
    ["115399","AZIRA MANDIRI, CV","JL MAWAR GG. SEJAHTERA NO 67","prelist","MEDAN POLONIA","SARI REJO","LINGKUNGAN 4","","","F. Konstruksi","SBR"],
    ["115456","DHARMA PUTRA PERKASA, CV","JL MUARA TAKUS NO.81","prelist","MEDAN POLONIA","MADRAS HULU","LINGKUNGAN 4","","","F. Konstruksi","SBR"],
    ["115457","PUTRA DELI, CV","JL MONGONSIDI SIMP. KARYA KASIH GG. UPAH TENDI NO 1-K","prelist","MEDAN POLONIA","POLONIA","LINGKUNGAN 4","","","F. Konstruksi","SBR"],
    ["115495","MAKMUR ALAM AGUNG, PT","JL PADANG GOLF KOMP. CBD POLONIA BLOK. C NO 93 KEL. SUKADAMAI KEC. MEDAN POLONIA","prelist","MEDAN POLONIA","SUKA DAMAI","LINGKUNGAN 5","","","F. Konstruksi","SBR"],
    ["115648","NEI RAJA DARUSSALAM, PT","JL RA. KARTINI II DLM NO.11 MADRAS HULU KEC. MEDAN POLONIA","prelist","MEDAN POLONIA","MADRAS HULU","LINGKUNGAN 10","","","F. Konstruksi","SBR"],
    ["115892","SYARAT TUJUH TUJUH, CV","JL SMA-II NO 8 LINGKUNGAN VI","prelist","MEDAN POLONIA","SUKA DAMAI","LINGKUNGAN 3","","","F. Konstruksi","SBR"],
    ["115893","MIRZA KARYA SEJATI, CV","JL SMA-II NO 10 LK. VI","prelist","MEDAN POLONIA","SUKA DAMAI","LINGKUNGAN 3","","","F. Konstruksi","SBR"],
    ["115894","GURUH, CV","JL SMA II NO 8 LK. VI","prelist","MEDAN POLONIA","SUKA DAMAI","LINGKUNGAN 3","","","F. Konstruksi","SBR"],
    ["115909","TRINITY CIPTA KARYA, CV","JL SUBUR NO 22","prelist","MEDAN POLONIA","POLONIA","LINGKUNGAN 7","","","F. Konstruksi","SBR"],
    ["115910","ROMANDO JAYA MANDIRI, CV","JL SUBUR II GG. PRIBADI NO 17","prelist","MEDAN POLONIA","SARI REJO","LINGKUNGAN 2","","","F. Konstruksi","SBR"],
    ["115911","ATMA JAYA PRATAMA, CV","JL SUBUR II GG PRIBADI NO.17 KEL. SARI REJO MEDAN POLONIA","prelist","MEDAN POLONIA","SARI REJO","LINGKUNGAN 2","","","F. Konstruksi","SBR"],
    ["115971","N A R I O, CV","JL TERATAI GG. MULIA LINGK V","prelist","MEDAN POLONIA","SARI REJO","LINGKUNGAN 5","","","F. Konstruksi","SBR"],
    ["115972","DEDDY KURNIA, CV","JL TENGKU CIK DITIRO NO 8 C","prelist","MEDAN POLONIA","MADRAS HULU","LINGKUNGAN 6","","","F. Konstruksi","SBR"],
    ["115999","GARUDA INDONESIA BAROKAH, PT","JL UMAR NO 77-A, KEL. GLUGUR DARAT-I, KEC. MEDAN TIMUR","prelist","MEDAN POLONIA","MADRAS HULU","LINGKUNGAN 5","","","F. Konstruksi","SBR"],
    ["116000","MITRA LESTARI, CV","JL UMAR NO 77-A","prelist","MEDAN POLONIA","MADRAS HULU","LINGKUNGAN 5","","","F. Konstruksi","SBR"],
    ["116088","TRIDI SUKSES GEMILANG , CV","JL MONGONSIDI 3 NO 20","prelist","MEDAN POLONIA","ANGGRUNG","LINGKUNGAN 7","","","F. Konstruksi","SBR"],
    ["116147","WIRIC INDONESIA ABADI, PT","KOMP. CBD POLONIA BLOK EE NO 88, 89 KEL. SUKADAMAI, KEC. MEDAN POLONIA","prelist","MEDAN POLONIA","SUKA DAMAI","LINGKUNGAN 5","","","F. Konstruksi","SBR"],
    ["116165","FARYASMINDO, PT","KOMP. RIVER VIEW BLOK A - 33 KEL. SUKADAMAI KEC. MEDAN POLONIA","prelist","MEDAN POLONIA","SUKA DAMAI","LINGKUNGAN 3","","","F. Konstruksi","SBR"],
    ["116323","FUJI ELEVATOR INDONESIA, PT","JL CUT NYAK DHIEN NO 2A","prelist","MEDAN POLONIA","MADRAS HULU","LINGKUNGAN 8","","","F. Konstruksi","SBR"],
    ["116366","MITRA JAYA KARYA PRATAMA, PT","JL CUT MUTIA NO 6","prelist","MEDAN POLONIA","MADRAS HULU","LINGKUNGAN 9","","","F. Konstruksi","SBR"],
    ["116367","INDO SEPARATOR, PT","JL TAMAN POLONONIA III NO 42 LINGK V","prelist","MEDAN POLONIA","POLONIA","LINGKUNGAN 7","","","F. Konstruksi","SBR"],
    ["116368","BUMI MADINA PRIMA, PT","KOMP CBD POLONIA AA NO 37","prelist","MEDAN POLONIA","SUKA DAMAI","LINGKUNGAN 5","","","F. Konstruksi","SBR"],
    ["116369","GARDAPATI SARANA INDONESIA, PT","KOMP CBD POLONIA BLOK BB NO 3, JL PADANG GOLF","prelist","MEDAN POLONIA","SUKA DAMAI","LINGKUNGAN 5","","","F. Konstruksi","SBR"],
    ["116371","GLOBALINDO INTI NUSANTARA, PT","KOMP RIVER VIEW BLOK A - 10, JL ADI SUCIPTO","prelist","MEDAN POLONIA","SARI REJO","LINGKUNGAN 6","","","F. Konstruksi","SBR"],
    ["116372","ZIDAN MULYA ELEKTRIK, PT","JL CEMPAKA GG SAHABAT NO. 3","prelist","MEDAN POLONIA","SARI REJO","LINGKUNGAN 4","","","F. Konstruksi","SBR"],
    ["116394","RIZQI TUNGGAL PRATAMA, PT","JL TEUKU CIK DITIRO NO 08 C","prelist","MEDAN POLONIA","MADRAS HULU","LINGKUNGAN 6","","","F. Konstruksi","SBR"],
    ["116395","MARLIS ENERGI ABADI, PT","JL KARTINI DALAM NO 17","prelist","MEDAN POLONIA","MADRAS HULU","LINGKUNGAN 10","","","F. Konstruksi","SBR"],
    ["116396","MEDAN SMART JAYA, PT","JL DIPONEGORO NO 30 A","prelist","MEDAN POLONIA","MADRAS HULU","LINGKUNGAN 7","","","F. Konstruksi","SBR"],
    ["116397","ECHO LIMA 41, PT","JL CUT NYAK DIEN NO 16","prelist","MEDAN POLONIA","MADRAS HULU","LINGKUNGAN 8","","","F. Konstruksi","SBR"],
    ["116640","BATARA CIPTA SARANA, PT","JL MALIBU INDAH RAYA (KOMPLEK MALIBU) BLOK A NO.41","prelist","MEDAN POLONIA","SUKA DAMAI","LINGKUNGAN 3","","","F. Konstruksi","SBR"],
    ["116687","SIGMA GLOBAL PERKASA, PT","JL MAWAR GG SEJAHTERA NO 67","prelist","MEDAN POLONIA","SARI REJO","LINGKUNGAN 4","","","F. Konstruksi","SBR"],
    ["116807","RAMOS KARYA MANDIRI, PT","JL MONGONSIDI III NO 16","prelist","MEDAN POLONIA","ANGGRUNG","LINGKUNGAN 7","","","F. Konstruksi","SBR"],
    ["117104","BUAT JAMU","JL GEDUNG GG VOLLY","prelist","MEDAN POLONIA","SARI REJO","LINGKUNGAN 4","","","C. Industri Pengolahan","SBR"],
    ["117105","ASRUN OPAK","JL GEDUNG GG VOLLY","prelist","MEDAN POLONIA","SARI REJO","LINGKUNGAN 4","","","C. Industri Pengolahan","SBR"],
    ["117454","CHOP BUNTUT","Sun Plaza, 7, Jalan Muara Takus, Suka Damai, Medan Polonia, Kota Medan, Sumatera Utara, Sumatera, 20152, Indonesia","prelist","MEDAN POLONIA","MADRAS HULU","LINGKUNGAN 9","","","I. Penyediaan Akomodasi dan Makan Minum","SBR"],
    ["117465","COBEK AYAM PENYET","Sun Plaza, 7, Jalan Muara Takus, Suka Damai, Medan Polonia, Kota Medan, Sumatera Utara, Sumatera, 20152, Indonesia","prelist","MEDAN POLONIA","MADRAS HULU","LINGKUNGAN 9","","","I. Penyediaan Akomodasi dan Makan Minum","SBR"],
    ["117607","PT. PERHOTELAN SYUKUR INDAH MULIA","JL. JEND.SUDIRMAN NO 14-18","prelist","MEDAN POLONIA","MADRAS HULU","LINGKUNGAN 8","","","I. Penyediaan Akomodasi dan Makan Minum","SBR"]
  ],
  "geometry": [
    [98.667, 3.5445],
    [98.6694, 3.571],
    [98.6702, 3.5837],
    [98.6697, 3.5837],
    [98.6694, 3.5709],
    [98.6697, 3.583],
    [98.6768, 3.5541],
    [98.6703, 3.5829],
    [98.6659, 3.5708],
    [98.6659, 3.5707],
    [98.6698, 3.5835],
    [98.6691, 3.5832],
    [98.6696, 3.5822],
    [98.6827, 3.5517],
    [98.6717, 3.5723],
    [98.6681, 3.5691],
    [98.6677, 3.5488],
    [98.6673, 3.5684],
    [98.6823, 3.5463],
    [98.6696, 3.5814],
    [98.6688, 3.5468],
    [98.6654, 3.5463],
    [98.6659, 3.5446],
    [98.6705, 3.579],
    [98.6721, 3.5521],
    [98.6688, 3.5467],
    [98.67, 3.5778],
    [98.6697, 3.5837],
    [98.6691, 3.5828],
    [98.6691, 3.5819],
    [98.6696, 3.5483],
    [98.6659, 3.5597],
    [98.668, 3.5715],
    [98.6738, 3.5823],
    [98.6733, 3.5831],
    [98.6637, 3.568],
    [98.6714, 3.5821],
    [98.6828, 3.5565],
    [98.6772, 3.5572],
    [98.6714, 3.5814],
    [98.6717, 3.5824],
    [98.6634, 3.5711],
    [98.6679, 3.5615],
    [98.6821, 3.5549],
    [98.6673, 3.5459],
    [98.6748, 3.5803],
    [98.672, 3.5765],
    [98.6743, 3.579],
    [98.6693, 3.5834],
    [98.6699, 3.5823],
    [98.6729, 3.5814],
    [98.6749, 3.5832],
    [98.6785, 3.5704],
    [98.6733, 3.5834],
    [98.6693, 3.571],
    [98.6728, 3.5794],
    [98.6725, 3.5832],
    [98.6705, 3.5824],
    [98.6692, 3.5823],
    [98.6701, 3.5835],
    [98.6678, 3.5732],
    [98.6721, 3.5467],
    [98.6707, 3.5823],
    [98.6715, 3.5823],
    [98.6696, 3.5834],
    [98.6717, 3.5833],
    [98.6695, 3.5805],
    [98.6791, 3.5719],
    [98.671, 3.5835],
    [98.6705, 3.5836],
    [98.6693, 3.5681],
    [98.6746, 3.5804],
    [98.6691, 3.5832],
    [98.669, 3.5781],
    [98.6706, 3.5837],
    [98.6724, 3.5832],
    [98.6783, 3.5605],
    [98.6794, 3.5513],
    [98.6658, 3.5597],
    [98.6734, 3.5521],
    [98.6769, 3.5563],
    [98.6708, 3.5461],
    [98.6661, 3.5597],
    [98.6691, 3.5822],
    [98.669, 3.5823],
    [98.6717, 3.583],
    [98.6712, 3.5811],
    [98.6717, 3.583],
    [98.6714, 3.5821],
    [98.669, 3.5806],
    [98.6717, 3.5828],
    [98.669, 3.5831],
    [98.6718, 3.583],
    [98.6807, 3.555],
    [98.6654, 3.5714],
    [98.6689, 3.5836],
    [98.6716, 3.583],
    [98.669, 3.5484],
    [98.6791, 3.5541],
    [98.677, 3.5583],
    [98.6674, 3.5595],
    [98.6688, 3.5822],
    [98.6746, 3.5804],
    [98.6771, 3.5601],
    [98.6658, 3.5594],
    [98.6728, 3.5794],
    [98.6725, 3.5833],
    [98.6738, 3.5818],
    [98.6686, 3.5714],
    [98.6712, 3.5813],
    [98.67, 3.5774],
    [98.6775, 3.5572],
    [98.6651, 3.5597],
    [98.6678, 3.5626],
    [98.676, 3.5801],
    [98.6747, 3.5813],
    [98.666, 3.5708],
    [98.6751, 3.5765],
    [98.6714, 3.5762],
    [98.6693, 3.576],
    [98.6731, 3.5702],
    [98.6775, 3.5568],
    [98.6662, 3.5609],
    [98.6666, 3.5494],
    [98.6799, 3.5468],
    [98.6763, 3.5523],
    [98.6692, 3.5715],
    [98.6745, 3.5761],
    [98.676, 3.5819],
    [98.677, 3.5781],
    [98.6729, 3.5666],
    [98.6778, 3.5697],
    [98.672, 3.5806],
    [98.6821, 3.5539],
    [98.6697, 3.5703],
    [98.6817, 3.5606],
    [98.6804, 3.572],
    [98.6711, 3.5463],
    [98.6727, 3.5503],
    [98.6768, 3.5781],
    [98.6696, 3.5506],
    [98.6811, 3.5715],
    [98.6715, 3.5464],
    [98.6738, 3.5825],
    [98.673, 3.5489],
    [98.6653, 3.5464],
    [98.6697, 3.563],
    [98.6792, 3.5584],
    [98.6677, 3.546],
    [98.6736, 3.5489],
    [98.6733, 3.5797],
    [98.6737, 3.5465],
    [98.6711, 3.5484],
    [98.6798, 3.5584],
    [98.6758, 3.5801],
    [98.6779, 3.5695],
    [98.6649, 3.5685],
    [98.6674, 3.5596],
    [98.669, 3.5813],
    [98.6713, 3.5715],
    [98.6782, 3.5718],
    [98.6775, 3.5588],
    [98.6799, 3.5575],
    [98.6701, 3.5822],
    [98.6758, 3.5481],
    [98.6815, 3.5452],
    [98.6725, 3.5831],
    [98.6774, 3.5535],
    [98.6793, 3.5568],
    [98.6724, 3.5792],
    [98.6772, 3.5563],
    [98.6645, 3.5671],
    [98.6684, 3.5479],
    [98.6693, 3.5611],
    [98.6785, 3.5592],
    [98.6693, 3.5625],
    [98.6671, 3.5561],
    [98.6747, 3.5523],
    [98.6682, 3.546],
    [98.6643, 3.5458],
    [98.6719, 3.5481],
    [98.6693, 3.5611],
    [98.6716, 3.5824],
    [98.6689, 3.5832],
    [98.666, 3.5622],
    [98.6774, 3.5522],
    [98.6812, 3.5452],
    [98.6792, 3.5481],
    [98.6682, 3.5477],
    [98.6806, 3.5517],
    [98.6788, 3.5462],
    [98.6694, 3.5459],
    [98.6655, 3.5484],
    [98.6729, 3.5472],
    [98.6687, 3.5527],
    [98.6667, 3.5461],
    [98.6675, 3.5461],
    [98.6672, 3.5434],
    [98.6694, 3.5461],
    [98.667, 3.5488],
    [98.668, 3.5463],
    [98.6718, 3.5482],
    [98.672, 3.5481],
    [98.6677, 3.546],
    [98.6793, 3.5571],
    [98.6678, 3.5467],
    [98.6683, 3.5589],
    [98.6697, 3.5697],
    [98.6728, 3.5515],
    [98.677, 3.5544],
    [98.6659, 3.559],
    [98.6711, 3.5464],
    [98.6809, 3.5513],
    [98.6744, 3.5463],
    [98.6653, 3.5454],
    [98.6659, 3.5594],
    [98.6632, 3.5463],
    [98.6658, 3.5459],
    [98.6658, 3.5573],
    [98.6729, 3.5517],
    [98.6724, 3.5475],
    [98.664, 3.5576],
    [98.666, 3.5619],
    [98.6709, 3.58],
    [98.6673, 3.5731],
    [98.6771, 3.5782],
    [98.6626, 3.5719],
    [98.6779, 3.5534],
    [98.664, 3.5447],
    [98.6789, 3.5606],
    [98.6708, 3.5481],
    [98.6659, 3.5563],
    [98.6686, 3.5479],
    [98.6771, 3.5483],
    [98.6672, 3.5482],
    [98.6725, 3.5832],
    [98.6645, 3.5577],
    [98.6728, 3.5499],
    [98.6728, 3.5477],
    [98.6665, 3.551],
    [98.6773, 3.5531],
    [98.6686, 3.5461],
    [98.6673, 3.5596],
    [98.6713, 3.5522],
    [98.6799, 3.5449],
    [98.666, 3.5709],
    [98.6694, 3.5643],
    [98.6648, 3.5696],
    [98.6654, 3.5476],
    [98.6644, 3.5577],
    [98.6648, 3.5688],
    [98.6653, 3.5468],
    [98.6674, 3.5594],
    [98.6644, 3.5545],
    [98.6786, 3.5586],
    [98.6768, 3.5594],
    [98.6728, 3.5477],
    [98.6797, 3.5573],
    [98.6677, 3.5459],
    [98.6683, 3.5596],
    [98.6766, 3.5582],
    [98.6724, 3.5481],
    [98.6723, 3.5521],
    [98.6802, 3.5557],
    [98.6654, 3.5692],
    [98.677, 3.5589],
    [98.6794, 3.5607],
    [98.6686, 3.5447],
    [98.6752, 3.5804],
    [98.6823, 3.5516],
    [98.6846, 3.5671],
    [98.6692, 3.5449],
    [98.6771, 3.5499],
    [98.6637, 3.5687],
    [98.6805, 3.572],
    [98.6768, 3.5781],
    [98.6747, 3.5556],
    [98.6694, 3.5692],
    [98.6777, 3.5571],
    [98.6684, 3.5498],
    [98.6838, 3.5594],
    [98.6657, 3.5568],
    [98.6657, 3.5549],
    [98.6632, 3.568],
    [98.6729, 3.5469],
    [98.666, 3.5459],
    [98.6772, 3.5529],
    [98.6674, 3.5596],
    [98.6729, 3.5468],
    [98.6669, 3.5673],
    [98.6659, 3.5586],
    [98.6696, 3.5835],
    [98.666, 3.5615],
    [98.6618, 3.5688],
    [98.6633, 3.5697],
    [98.6658, 3.5548],
    [98.6652, 3.546],
    [98.6697, 3.5482],
    [98.6633, 3.5712],
    [98.6659, 3.559],
    [98.6656, 3.5562],
    [98.6706, 3.546],
    [98.6675, 3.556],
    [98.6658, 3.5596],
    [98.6646, 3.5544],
    [98.6732, 3.5533],
    [98.6709, 3.5461],
    [98.667, 3.5688],
    [98.6773, 3.553],
    [98.6788, 3.5565],
    [98.6713, 3.5463],
    [98.6761, 3.5523],
    [98.6629, 3.5458],
    [98.6803, 3.5558],
    [98.6656, 3.5554],
    [98.6745, 3.5455],
    [98.6733, 3.5522],
    [98.6732, 3.5522],
    [98.6696, 3.546],
    [98.6648, 3.5691],
    [98.673, 3.5522],
    [98.6771, 3.5479],
    [98.6625, 3.5422],
    [98.6711, 3.5827],
    [98.6659, 3.5708],
    [98.6774, 3.5507],
    [98.6739, 3.5552],
    [98.6788, 3.5719],
    [98.6749, 3.5832],
    [98.6696, 3.5683],
    [98.6711, 3.5836],
    [98.6713, 3.5812],
    [98.6776, 3.5698],
    [98.6693, 3.564],
    [98.669, 3.5816],
    [98.6693, 3.5711],
    [98.6754, 3.5521],
    [98.6729, 3.5509],
    [98.6761, 3.5804],
    [98.667, 3.5488],
    [98.6764, 3.5802],
    [98.6748, 3.58],
    [98.6717, 3.5833],
    [98.6769, 3.5479],
    [98.662, 3.5688],
    [98.666, 3.5577],
    [98.676, 3.5801],
    [98.6716, 3.5822],
    [98.6773, 3.5487],
    [98.6693, 3.5825],
    [98.6689, 3.582],
    [98.6659, 3.5684],
    [98.6768, 3.5592],
    [98.6671, 3.5461],
    [98.6723, 3.5449],
    [98.668, 3.5595],
    [98.6645, 3.5566],
    [98.6727, 3.5474],
    [98.6711, 3.5519],
    [98.6715, 3.5834],
    [98.6657, 3.568],
    [98.6685, 3.5625],
    [98.6719, 3.5467],
    [98.6737, 3.583],
    [98.6742, 3.5461],
    [98.6696, 3.5631],
    [98.681, 3.5566],
    [98.6654, 3.5483],
    [98.6709, 3.5664],
    [98.6785, 3.5512],
    [98.6729, 3.5517],
    [98.6771, 3.5576],
    [98.677, 3.571],
    [98.6674, 3.5599],
    [98.6729, 3.5479],
    [98.6712, 3.5829],
    [98.6767, 3.5523],
    [98.6677, 3.546],
    [98.6672, 3.5459],
    [98.6684, 3.5694],
    [98.6808, 3.5566],
    [98.6662, 3.5696],
    [98.6643, 3.5699],
    [98.6655, 3.5485],
    [98.6683, 3.5632],
    [98.6651, 3.5461],
    [98.6728, 3.5492],
    [98.6834, 3.5586],
    [98.6785, 3.5592],
    [98.6811, 3.5503],
    [98.6779, 3.5575],
    [98.6804, 3.545],
    [98.6793, 3.5502],
    [98.6698, 3.561],
    [98.677, 3.5524],
    [98.6657, 3.5553],
    [98.6687, 3.5691],
    [98.6795, 3.5604],
    [98.6647, 3.5452],
    [98.6701, 3.5524],
    [98.6714, 3.5818],
    [98.6654, 3.5441],
    [98.6745, 3.5455],
    [98.6728, 3.5439],
    [98.6666, 3.5459],
    [98.6785, 3.5497],
    [98.6684, 3.569],
    [98.6644, 3.5424],
    [98.6705, 3.561],
    [98.6744, 3.5522],
    [98.6717, 3.5828],
    [98.6706, 3.5617],
    [98.675, 3.5471],
    [98.6701, 3.5452],
    [98.6747, 3.5441],
    [98.6772, 3.5529],
    [98.6653, 3.5562],
    [98.6713, 3.5814],
    [98.6711, 3.5813],
    [98.6639, 3.5597],
    [98.6788, 3.5498],
    [98.6715, 3.582],
    [98.6724, 3.5792],
    [98.6642, 3.5481],
    [98.6724, 3.5792],
    [98.6654, 3.5712],
    [98.6774, 3.5589],
    [98.6727, 3.547],
    [98.6682, 3.571],
    [98.6627, 3.5718],
    [98.6716, 3.5446],
    [98.6748, 3.544],
    [98.6747, 3.5461],
    [98.6804, 3.5546],
    [98.6681, 3.5496],
    [98.6725, 3.5829],
    [98.6679, 3.5488],
    [98.671, 3.5544],
    [98.6703, 3.5529],
    [98.6636, 3.5424],
    [98.6783, 3.5489],
    [98.6657, 3.5588],
    [98.6688, 3.5478],
    [98.6649, 3.5561],
    [98.6676, 3.5488],
    [98.6636, 3.5681],
    [98.6646, 3.5691],
    [98.6672, 3.5488],
    [98.6747, 3.5443],
    [98.6774, 3.5588],
    [98.6772, 3.5565],
    [98.6649, 3.5713],
    [98.6679, 3.5461],
    [98.6656, 3.5693],
    [98.6657, 3.5549],
    [98.676, 3.5802],
    [98.6694, 3.5709],
    [98.6709, 3.5813],
    [98.6714, 3.5818],
    [98.6717, 3.5827],
    [98.6717, 3.5829],
    [98.6714, 3.5818],
    [98.6717, 3.583],
    [98.6717, 3.5829],
    [98.6711, 3.5831],
    [98.6687, 3.5833],
    [98.6713, 3.5817],
    [98.6798, 3.5449],
    [98.6713, 3.5817],
    [98.6715, 3.5812],
    [98.6655, 3.5713],
    [98.6693, 3.5834],
    [98.6715, 3.5837],
    [98.6668, 3.5507],
    [98.6659, 3.5589],
    [98.6644, 3.5467],
    [98.6717, 3.5828],
    [98.6654, 3.556],
    [98.6657, 3.5573],
    [98.6717, 3.5833],
    [98.6713, 3.5817],
    [98.6699, 3.5838],
    [98.6714, 3.5464],
    [98.6717, 3.5822],
    [98.6664, 3.5712],
    [98.6769, 3.5491],
    [98.6703, 3.548],
    [98.665, 3.5429],
    [98.6648, 3.5691],
    [98.6775, 3.5514],
    [98.6727, 3.5468],
    [98.6651, 3.5697],
    [98.6689, 3.5822],
    [98.6693, 3.5604],
    [98.6656, 3.5574],
    [98.6818, 3.5479],
    [98.677, 3.5576],
    [98.6641, 3.5689],
    [98.6649, 3.5684],
    [98.6719, 3.5827],
    [98.6713, 3.5817],
    [98.6717, 3.5828],
    [98.6683, 3.5715],
    [98.6808, 3.5521],
    [98.6716, 3.5831],
    [98.6723, 3.5492],
    [98.674, 3.5833],
    [98.6811, 3.5497],
    [98.6647, 3.5653],
    [98.6743, 3.5821],
    [98.679, 3.557],
    [98.6688, 3.5825],
    [98.6625, 3.5471],
    [98.6744, 3.5523],
    [98.6695, 3.5448],
    [98.6655, 3.549],
    [98.6729, 3.5758],
    [98.6652, 3.5447],
    [98.6691, 3.5838],
    [98.6643, 3.5459],
    [98.6674, 3.5596],
    [98.6671, 3.5461],
    [98.6771, 3.5579],
    [98.6677, 3.546],
    [98.6654, 3.5451],
    [98.665, 3.5437],
    [98.6693, 3.5593],
    [98.6699, 3.5825],
    [98.6794, 3.5697],
    [98.6765, 3.5525],
    [98.6642, 3.5713],
    [98.6658, 3.558],
    [98.6839, 3.5594],
    [98.6795, 3.5574],
    [98.6715, 3.5821],
    [98.6711, 3.5816],
    [98.6715, 3.5823],
    [98.6705, 3.5813],
    [98.6695, 3.5652],
    [98.6763, 3.5498],
    [98.6657, 3.5553],
    [98.6656, 3.5693],
    [98.6697, 3.5794],
    [98.673, 3.549],
    [98.6699, 3.5823],
    [98.6628, 3.5458],
    [98.664, 3.5459],
    [98.6634, 3.546],
    [98.6631, 3.5434],
    [98.6648, 3.5713],
    [98.6773, 3.56],
    [98.665, 3.5717],
    [98.6667, 3.5701],
    [98.665, 3.5719],
    [98.6684, 3.5669],
    [98.6688, 3.5693],
    [98.6682, 3.5588],
    [98.6658, 3.546],
    [98.6708, 3.5461],
    [98.6703, 3.5837],
    [98.6715, 3.5821],
    [98.6688, 3.5838],
    [98.6795, 3.5564],
    [98.6787, 3.5604],
    [98.677, 3.5721],
    [98.6791, 3.5719],
    [98.6715, 3.579],
    [98.6716, 3.5661],
    [98.6786, 3.5644],
    [98.6829, 3.5553],
    [98.6693, 3.5824],
    [98.6726, 3.5795],
    [98.67, 3.5787],
    [98.6721, 3.5454],
    [98.6777, 3.5565],
    [98.665, 3.5717],
    [98.6805, 3.5722],
    [98.6692, 3.5623],
    [98.6734, 3.5694],
    [98.6719, 3.5794],
    [98.6725, 3.5833],
    [98.6802, 3.5559],
    [98.6706, 3.5748],
    [98.6802, 3.5559],
    [98.6826, 3.5706],
    [98.6798, 3.5584],
    [98.6795, 3.5568],
    [98.6737, 3.5798],
    [98.6718, 3.5832],
    [98.6715, 3.5828],
    [98.6711, 3.5605],
    [98.6733, 3.5716],
    [98.6668, 3.5595],
    [98.6692, 3.5794],
    [98.6689, 3.5819],
    [98.6783, 3.5577],
    [98.6654, 3.5702],
    [98.6745, 3.5789],
    [98.6778, 3.5563],
    [98.6717, 3.583],
    [98.684, 3.5605],
    [98.6667, 3.5722],
    [98.6839, 3.5668],
    [98.6774, 3.5692],
    [98.6625, 3.5422],
    [98.6757, 3.572],
    [98.6709, 3.5835],
    [98.6695, 3.5804],
    [98.6641, 3.5714],
    [98.6659, 3.5595],
    [98.6639, 3.5672],
    [98.6706, 3.5766],
    [98.6731, 3.5718],
    [98.6739, 3.5796],
    [98.6704, 3.5715],
    [98.6782, 3.5604],
    [98.6693, 3.5489],
    [98.6666, 3.5432],
    [98.6803, 3.5554],
    [98.673, 3.5518],
    [98.6843, 3.5666],
    [98.6647, 3.5489],
    [98.6658, 3.5588],
    [98.6641, 3.5713],
    [98.6707, 3.5509],
    [98.6793, 3.5571],
    [98.6739, 3.544],
    [98.6668, 3.5475],
    [98.6783, 3.5522],
    [98.6837, 3.5592],
    [98.6726, 3.5769],
    [98.6839, 3.5594],
    [98.6635, 3.5711],
    [98.6661, 3.5638],
    [98.6641, 3.5713],
    [98.6794, 3.5607],
    [98.6653, 3.5597],
    [98.68, 3.5715],
    [98.6748, 3.544],
    [98.6689, 3.573],
    [98.6771, 3.5575],
    [98.6786, 3.5574],
    [98.6734, 3.5716],
    [98.6693, 3.583],
    [98.6803, 3.5556],
    [98.6777, 3.5568],
    [98.6735, 3.5721],
    [98.6718, 3.5763],
    [98.6692, 3.5834],
    [98.6792, 3.5606],
    [98.6826, 3.5707],
    [98.6681, 3.5468],
    [98.679, 3.5571],
    [98.6807, 3.5459],
    [98.6719, 3.5822],
    [98.6693, 3.5813],
    [98.6787, 3.5688],
    [98.6646, 3.5661],
    [98.6766, 3.5584],
    [98.6777, 3.5572],
    [98.6698, 3.5534],
    [98.667, 3.5476],
    [98.6647, 3.5597],
    [98.6733, 3.5788],
    [98.67, 3.5509],
    [98.6693, 3.5606],
    [98.6668, 3.5604],
    [98.6799, 3.5466],
    [98.6702, 3.5498],
    [98.6653, 3.544],
    [98.6654, 3.5584],
    [98.6783, 3.5529],
    [98.669, 3.5835],
    [98.6741, 3.5522],
    [98.6796, 3.5564],
    [98.6671, 3.5461],
    [98.6636, 3.5719],
    [98.6666, 3.5573],
    [98.6661, 3.5643],
    [98.6641, 3.5653],
    [98.6696, 3.5714],
    [98.6795, 3.5591],
    [98.666, 3.5611],
    [98.6634, 3.5697],
    [98.6728, 3.5503],
    [98.6656, 3.546],
    [98.6719, 3.5466],
    [98.6772, 3.5532],
    [98.6628, 3.546],
    [98.6655, 3.5464],
    [98.6741, 3.5821],
    [98.6752, 3.5439],
    [98.6708, 3.5826],
    [98.6706, 3.5827],
    [98.6695, 3.5776],
    [98.6703, 3.546],
    [98.6813, 3.5566],
    [98.6632, 3.5716],
    [98.6727, 3.5496],
    [98.6693, 3.571],
    [98.6659, 3.5708],
    [98.6748, 3.5441],
    [98.6708, 3.5481],
    [98.6709, 3.5836],
    [98.6701, 3.5525],
    [98.6719, 3.5759],
    [98.672, 3.5432],
    [98.6725, 3.5467],
    [98.6654, 3.5485],
    [98.6774, 3.5498],
    [98.6659, 3.5592],
    [98.668, 3.5595],
    [98.6731, 3.5467],
    [98.6774, 3.5561],
    [98.6726, 3.5461],
    [98.6711, 3.5825],
    [98.6649, 3.5713],
    [98.6661, 3.5725],
    [98.6783, 3.5604],
    [98.6727, 3.5499],
    [98.6644, 3.5734],
    [98.666, 3.5443],
    [98.6659, 3.5708],
    [98.6689, 3.5833],
    [98.6734, 3.5503],
    [98.6832, 3.5587],
    [98.6693, 3.5618],
    [98.6659, 3.5708],
    [98.6668, 3.5704],
    [98.6637, 3.5708],
    [98.6774, 3.5589],
    [98.6691, 3.5804],
    [98.6761, 3.5533],
    [98.6721, 3.5802],
    [98.6693, 3.5824],
    [98.6777, 3.5593],
    [98.664, 3.5711],
    [98.6782, 3.5598],
    [98.6725, 3.5832],
    [98.6722, 3.572],
    [98.6729, 3.5833],
    [98.6725, 3.5832],
    [98.6703, 3.5714],
    [98.6725, 3.5833],
    [98.6779, 3.5698],
    [98.6673, 3.5731],
    [98.6835, 3.5589],
    [98.6725, 3.5832],
    [98.6692, 3.5826],
    [98.6751, 3.583],
    [98.6662, 3.5724],
    [98.6705, 3.5827],
    [98.6711, 3.5777],
    [98.681, 3.5451],
    [98.6766, 3.5654],
    [98.6739, 3.5479],
    [98.6669, 3.5643],
    [98.6727, 3.5509],
    [98.6711, 3.5811],
    [98.6659, 3.5708],
    [98.6724, 3.5834],
    [98.6691, 3.5832],
    [98.6724, 3.5831],
    [98.6625, 3.5692],
    [98.6789, 3.553],
    [98.6775, 3.5604],
    [98.6788, 3.5599],
    [98.673, 3.5474],
    [98.6792, 3.5575],
    [98.6742, 3.5496],
    [98.6721, 3.5503],
    [98.6728, 3.5499],
    [98.6747, 3.5475],
    [98.6676, 3.5696],
    [98.6638, 3.5458],
    [98.6783, 3.5511],
    [98.6649, 3.5577],
    [98.6654, 3.5484],
    [98.6691, 3.5594],
    [98.6688, 3.5825],
    [98.6794, 3.5532],
    [98.6729, 3.5517],
    [98.6677, 3.5596],
    [98.6771, 3.5528],
    [98.6654, 3.5714],
    [98.6742, 3.5789],
    [98.6778, 3.5563],
    [98.6792, 3.5521],
    [98.6703, 3.5833],
    [98.6654, 3.5476],
    [98.68, 3.5708],
    [98.6766, 3.5602],
    [98.6811, 3.5451],
    [98.6791, 3.5595],
    [98.6707, 3.56],
    [98.6793, 3.5571],
    [98.6791, 3.5596],
    [98.6729, 3.5497],
    [98.6701, 3.5798],
    [98.6837, 3.5593],
    [98.6649, 3.5554],
    [98.6657, 3.5569],
    [98.6692, 3.573],
    [98.6726, 3.5785],
    [98.6784, 3.5512],
    [98.6779, 3.5575],
    [98.6672, 3.5426],
    [98.6795, 3.5606],
    [98.6688, 3.5823],
    [98.6658, 3.5498],
    [98.6701, 3.5506],
    [98.685, 3.5498],
    [98.6693, 3.5774],
    [98.669, 3.5828],
    [98.6772, 3.5566],
    [98.6729, 3.5784],
    [98.6766, 3.572],
    [98.6736, 3.5833],
    [98.6729, 3.5784],
    [98.6762, 3.5812],
    [98.6738, 3.5833],
    [98.6754, 3.5767],
    [98.6752, 3.5833],
    [98.671, 3.5787],
    [98.665, 3.5584],
    [98.6793, 3.572],
    [98.6722, 3.5777],
    [98.6729, 3.5758],
    [98.6725, 3.5833],
    [98.6729, 3.5814],
    [98.6792, 3.5572],
    [98.6726, 3.5769],
    [98.6729, 3.5784],
    [98.6767, 3.5793],
    [98.679, 3.5575],
    [98.6724, 3.5792],
    [98.6729, 3.5784],
    [98.6725, 3.5828],
    [98.6717, 3.583],
    [98.6674, 3.5735],
    [98.6734, 3.5835],
    [98.6714, 3.5825],
    [98.6729, 3.5784],
    [98.676, 3.5805],
    [98.6732, 3.5833],
    [98.6744, 3.5833],
    [98.667, 3.5461],
    [98.6629, 3.5719],
    [98.6689, 3.582],
    [98.6696, 3.5838],
    [98.6651, 3.5723],
    [98.679, 3.5574],
    [98.6721, 3.5774],
    [98.6733, 3.5758],
    [98.6735, 3.5719],
    [98.6766, 3.5793],
    [98.6739, 3.5764],
    [98.6729, 3.5814],
    [98.6725, 3.581],
    [98.6689, 3.5813],
    [98.6727, 3.5833],
    [98.6724, 3.5832],
    [98.6766, 3.579],
    [98.663, 3.5713],
    [98.6787, 3.5691],
    [98.6727, 3.5834],
    [98.6697, 3.5839],
    [98.6717, 3.5833],
    [98.6729, 3.5514],
    [98.6768, 3.5598],
    [98.6727, 3.5484],
    [98.678, 3.5573],
    [98.6843, 3.5501],
    [98.6638, 3.5674],
    [98.671, 3.583],
    [98.6711, 3.5831],
    [98.6641, 3.5723],
    [98.6629, 3.5697],
    [98.6644, 3.5426],
    [98.671, 3.5714],
    [98.6704, 3.5821],
    [98.6693, 3.5621],
    [98.6653, 3.5679],
    [98.6698, 3.5828],
    [98.6724, 3.5718],
    [98.6703, 3.5824],
    [98.6772, 3.5566],
    [98.6766, 3.5774],
    [98.6817, 3.5592],
    [98.6697, 3.5698],
    [98.6699, 3.5803],
    [98.6745, 3.565],
    [98.6749, 3.5766],
    [98.6657, 3.5713],
    [98.6799, 3.555],
    [98.6766, 3.5608],
    [98.684, 3.5671],
    [98.6835, 3.5587],
    [98.6696, 3.5694],
    [98.6693, 3.5621],
    [98.671, 3.5831],
    [98.6835, 3.5589],
    [98.6805, 3.5539],
    [98.6771, 3.5566],
    [98.675, 3.5823],
    [98.6701, 3.5798],
    [98.6712, 3.5811],
    [98.6689, 3.5834],
    [98.6805, 3.5561],
    [98.6832, 3.5585],
    [98.6712, 3.5764],
    [98.6702, 3.5756],
    [98.6697, 3.5702],
    [98.6747, 3.5813],
    [98.6759, 3.5807],
    [98.6692, 3.5795],
    [98.6678, 3.5596],
    [98.6768, 3.578],
    [98.6702, 3.5828],
    [98.6714, 3.582],
    [98.6658, 3.5687],
    [98.6839, 3.5595],
    [98.6734, 3.5834],
    [98.6714, 3.5824],
    [98.6767, 3.5695],
    [98.677, 3.5608],
    [98.6738, 3.5801],
    [98.6726, 3.5827],
    [98.6759, 3.5771],
    [98.6808, 3.5525],
    [98.6762, 3.5817],
    [98.6769, 3.5535],
    [98.6738, 3.5672],
    [98.6715, 3.5827],
    [98.663, 3.5719],
    [98.6783, 3.5717],
    [98.6738, 3.581],
    [98.6805, 3.5452],
    [98.6634, 3.5711],
    [98.6697, 3.5698],
    [98.6676, 3.5627],
    [98.6691, 3.5812],
    [98.6711, 3.583],
    [98.6707, 3.5832],
    [98.6691, 3.5838],
    [98.669, 3.571],
    [98.6689, 3.5829],
    [98.6698, 3.571],
    [98.6766, 3.5594],
    [98.6799, 3.5564],
    [98.6634, 3.5715],
    [98.6706, 3.5832],
    [98.6734, 3.581],
    [98.6694, 3.5711],
    [98.6667, 3.5596],
    [98.67, 3.5826],
    [98.6683, 3.5625],
    [98.6689, 3.582],
    [98.6725, 3.577],
    [98.6691, 3.5734],
    [98.6649, 3.5726],
    [98.6697, 3.5707],
    [98.6682, 3.584],
    [98.6678, 3.5596],
    [98.6701, 3.5714],
    [98.6696, 3.5714],
    [98.6703, 3.5833],
    [98.6695, 3.5769],
    [98.677, 3.5554],
    [98.6669, 3.5602],
    [98.6678, 3.5628],
    [98.6677, 3.5691],
    [98.6683, 3.5589],
    [98.6715, 3.5818],
    [98.6718, 3.5826],
    [98.674, 3.5522],
    [98.6641, 3.5714],
    [98.6727, 3.55],
    [98.6679, 3.5565],
    [98.6729, 3.5472],
    [98.6645, 3.5733],
    [98.6733, 3.5556],
    [98.681, 3.5511],
    [98.6655, 3.546],
    [98.6813, 3.5566],
    [98.6843, 3.5668],
    [98.6661, 3.5461],
    [98.6672, 3.5461],
    [98.6633, 3.5715],
    [98.6719, 3.5466],
    [98.6679, 3.5461],
    [98.6805, 3.5539],
    [98.6727, 3.548],
    [98.6842, 3.554],
    [98.6697, 3.5707],
    [98.6711, 3.5464],
    [98.6671, 3.5461],
    [98.668, 3.5641],
    [98.6692, 3.5601],
    [98.6685, 3.5461],
    [98.6727, 3.5465],
    [98.6675, 3.5626],
    [98.6662, 3.5706],
    [98.666, 3.5634],
    [98.6649, 3.5679],
    [98.677, 3.572],
    [98.6787, 3.5472],
    [98.6661, 3.5641],
    [98.6814, 3.5479],
    [98.67, 3.5834],
    [98.6703, 3.5462],
    [98.6772, 3.5523],
    [98.6637, 3.5732],
    [98.6736, 3.5521],
    [98.6658, 3.5724],
    [98.6656, 3.5581],
    [98.6654, 3.5483],
    [98.6653, 3.5673],
    [98.6814, 3.5483],
    [98.6694, 3.5642],
    [98.6727, 3.5482],
    [98.6797, 3.5571],
    [98.6804, 3.5544],
    [98.6797, 3.5468],
    [98.6696, 3.5459],
    [98.6697, 3.579],
    [98.6747, 3.5773],
    [98.6727, 3.5487],
    [98.6692, 3.5794],
    [98.6769, 3.5555],
    [98.6743, 3.5821],
    [98.6844, 3.567],
    [98.6653, 3.5707],
    [98.6672, 3.569],
    [98.6807, 3.5526],
    [98.6736, 3.5782],
    [98.676, 3.5811],
    [98.6715, 3.5779],
    [98.6678, 3.5463],
    [98.6654, 3.5489],
    [98.6701, 3.5829],
    [98.6648, 3.5582],
    [98.669, 3.5823],
    [98.6691, 3.5606],
    [98.6708, 3.578],
    [98.677, 3.5564],
    [98.671, 3.5821],
    [98.6691, 3.5821],
    [98.6709, 3.5836],
    [98.6712, 3.5827],
    [98.6653, 3.5466],
    [98.6728, 3.5758],
    [98.6771, 3.5567],
    [98.6834, 3.5584],
    [98.6759, 3.5772],
    [98.6635, 3.5711],
    [98.6651, 3.5654],
    [98.6688, 3.5596],
    [98.6659, 3.5685],
    [98.6711, 3.5833],
    [98.669, 3.5815],
    [98.675, 3.5777],
    [98.669, 3.5825],
    [98.6659, 3.5708],
    [98.681, 3.5511],
    [98.669, 3.5812],
    [98.6813, 3.5485],
    [98.6673, 3.5625],
    [98.6714, 3.5722],
    [98.669, 3.5812],
    [98.6724, 3.5833],
    [98.6682, 3.5595],
    [98.6716, 3.583],
    [98.6706, 3.5827],
    [98.6686, 3.5677],
    [98.6697, 3.5764],
    [98.6628, 3.5697],
    [98.6632, 3.5455],
    [98.6715, 3.5526],
    [98.6748, 3.5764],
    [98.6715, 3.5761],
    [98.664, 3.5459],
    [98.6711, 3.5792],
    [98.6677, 3.5638],
    [98.6691, 3.5832],
    [98.6668, 3.5474],
    [98.6694, 3.5838],
    [98.6755, 3.5824],
    [98.67, 3.5837],
    [98.6673, 3.5619],
    [98.6791, 3.5597],
    [98.6666, 3.5596],
    [98.6687, 3.5594],
    [98.6689, 3.5738],
    [98.6714, 3.5835],
    [98.6724, 3.548],
    [98.6699, 3.577],
    [98.6701, 3.5823],
    [98.6656, 3.5693],
    [98.6735, 3.556],
    [98.669, 3.5814],
    [98.6662, 3.5596],
    [98.6697, 3.5702],
    [98.6737, 3.5831],
    [98.6762, 3.5563],
    [98.6716, 3.5828],
    [98.6811, 3.5506],
    [98.6652, 3.5443],
    [98.6742, 3.5801],
    [98.6714, 3.5719],
    [98.6659, 3.5476],
    [98.6768, 3.5781],
    [98.6756, 3.5818],
    [98.671, 3.5824],
    [98.6794, 3.5517],
    [98.6713, 3.5817],
    [98.6692, 3.5801],
    [98.6636, 3.5459],
    [98.668, 3.5595],
    [98.6626, 3.5716],
    [98.6674, 3.5736],
    [98.6759, 3.5817],
    [98.6726, 3.5769],
    [98.6656, 3.5548],
    [98.6677, 3.546],
    [98.6716, 3.5767],
    [98.671, 3.5828],
    [98.6694, 3.5713],
    [98.6787, 3.5559],
    [98.675, 3.5439],
    [98.6816, 3.5469],
    [98.6637, 3.5448],
    [98.6647, 3.5685],
    [98.6693, 3.5637],
    [98.6671, 3.5626],
    [98.6787, 3.548],
    [98.6761, 3.5803],
    [98.6651, 3.56],
    [98.6706, 3.5514],
    [98.6818, 3.5453],
    [98.6713, 3.5817],
    [98.6689, 3.5814],
    [98.6676, 3.5626],
    [98.6712, 3.5831],
    [98.6688, 3.5827],
    [98.6702, 3.5829],
    [98.677, 3.553],
    [98.6672, 3.5691],
    [98.6664, 3.5461],
    [98.6652, 3.546],
    [98.6694, 3.5626],
    [98.6806, 3.553],
    [98.6802, 3.5561],
    [98.6684, 3.5735],
    [98.6797, 3.5449],
    [98.6677, 3.5714],
    [98.6657, 3.5689],
    [98.6669, 3.5627],
    [98.669, 3.546],
    [98.6767, 3.5597],
    [98.6705, 3.546],
    [98.6696, 3.5679],
    [98.6653, 3.5456],
    [98.6654, 3.5463],
    [98.6742, 3.5522],
    [98.6642, 3.5727],
    [98.6701, 3.5783],
    [98.6691, 3.5839],
    [98.6632, 3.5463],
    [98.666, 3.5634],
    [98.6697, 3.5703],
    [98.6777, 3.5562],
    [98.6653, 3.5476],
    [98.6653, 3.5457],
    [98.6722, 3.548],
    [98.6675, 3.5461],
    [98.675, 3.5521],
    [98.6659, 3.5595],
    [98.6823, 3.5465],
    [98.6714, 3.579],
    [98.672, 3.5784],
    [98.6719, 3.5763],
    [98.6722, 3.5795],
    [98.6728, 3.582],
    [98.6648, 3.5448],
    [98.6758, 3.582],
    [98.6689, 3.5484],
    [98.6697, 3.5484],
    [98.6757, 3.5713],
    [98.6683, 3.546],
    [98.67, 3.5482],
    [98.6642, 3.5674],
    [98.6697, 3.5707],
    [98.6739, 3.5464],
    [98.6721, 3.5798],
    [98.6725, 3.5828],
    [98.6788, 3.5699],
    [98.6721, 3.5792],
    [98.6719, 3.5794],
    [98.6828, 3.5571],
    [98.6715, 3.5659],
    [98.6783, 3.57],
    [98.6789, 3.5699],
    [98.6688, 3.5824],
    [98.6842, 3.554],
    [98.6718, 3.5787],
    [98.6719, 3.5789],
    [98.6674, 3.5736],
    [98.6691, 3.5595],
    [98.6729, 3.5509],
    [98.6838, 3.5636],
    [98.6768, 3.5448],
    [98.6835, 3.5635],
    [98.6767, 3.5473],
    [98.6835, 3.5634],
    [98.6694, 3.5798],
    [98.671, 3.5755],
    [98.6726, 3.581],
    [98.6704, 3.5797],
    [98.6745, 3.5822],
    [98.6744, 3.5822],
    [98.6719, 3.5794],
    [98.6714, 3.5782],
    [98.6695, 3.5802],
    [98.678, 3.5461],
    [98.6655, 3.5439],
    [98.6709, 3.5793],
    [98.6773, 3.5594],
    [98.6764, 3.5554],
    [98.6664, 3.5692],
    [98.6695, 3.5634],
    [98.6675, 3.5685],
    [98.6638, 3.5707],
    [98.6651, 3.5569],
    [98.6666, 3.5579],
    [98.6699, 3.5744],
    [98.6766, 3.5789],
    [98.6716, 3.5804],
    [98.6758, 3.5779],
    [98.6689, 3.5818],
    [98.6683, 3.5641],
    [98.6656, 3.546],
    [98.6706, 3.5782],
    [98.6729, 3.5515],
    [98.6654, 3.5707],
    [98.6657, 3.5568],
    [98.6783, 3.5578],
    [98.6638, 3.5457],
    [98.6749, 3.5483],
    [98.6638, 3.5458],
    [98.6759, 3.5784],
    [98.6682, 3.584],
    [98.6805, 3.5551],
    [98.6703, 3.573],
    [98.6684, 3.5712],
    [98.6644, 3.5563],
    [98.6702, 3.5637],
    [98.6706, 3.5827],
    [98.6702, 3.5475],
    [98.6767, 3.5519],
    [98.6752, 3.5774],
    [98.6711, 3.5789],
    [98.6685, 3.5734],
    [98.6725, 3.5832],
    [98.6688, 3.5708],
    [98.6776, 3.5717],
    [98.6692, 3.5596],
    [98.6687, 3.5709],
    [98.6647, 3.5457],
    [98.6639, 3.568],
    [98.6637, 3.5727],
    [98.6774, 3.5558],
    [98.6641, 3.5689],
    [98.6742, 3.5481],
    [98.6728, 3.5475],
    [98.6749, 3.5485],
    [98.673, 3.5517],
    [98.6695, 3.5593],
    [98.6629, 3.5697],
    [98.6656, 3.5554],
    [98.6691, 3.5819],
    [98.6712, 3.5832],
    [98.6813, 3.5452],
    [98.675, 3.5821],
    [98.6701, 3.5642],
    [98.6704, 3.5755],
    [98.6688, 3.5625],
    [98.6768, 3.5781],
    [98.6693, 3.5606],
    [98.6644, 3.5717],
    [98.6714, 3.5465],
    [98.6818, 3.5698],
    [98.6632, 3.5717],
    [98.6685, 3.571],
    [98.6678, 3.5459],
    [98.6773, 3.5524],
    [98.6679, 3.571],
    [98.6797, 3.5572],
    [98.6678, 3.5459],
    [98.6696, 3.5694],
    [98.6726, 3.5782],
    [98.6697, 3.5698],
    [98.6816, 3.5569],
    [98.6817, 3.5607],
    [98.6763, 3.5795],
    [98.6687, 3.5838],
    [98.6741, 3.5521],
    [98.6696, 3.5461],
    [98.6695, 3.5483],
    [98.6706, 3.5837],
    [98.6683, 3.5461],
    [98.6619, 3.569],
    [98.6741, 3.5521],
    [98.6685, 3.584],
    [98.6718, 3.5708],
    [98.6652, 3.5727],
    [98.6681, 3.5683],
    [98.6688, 3.5597],
    [98.6691, 3.5792],
    [98.6674, 3.5609],
    [98.6634, 3.5711],
    [98.6794, 3.5596],
    [98.6715, 3.5819],
    [98.6783, 3.5577],
    [98.6714, 3.5819],
    [98.6788, 3.5705],
    [98.6715, 3.5526],
    [98.6736, 3.5437],
    [98.6628, 3.5697],
    [98.6696, 3.5816],
    [98.6767, 3.5791],
    [98.6675, 3.5627],
    [98.6696, 3.5691],
    [98.6652, 3.546],
    [98.6743, 3.5521],
    [98.6654, 3.5482],
    [98.6666, 3.5597],
    [98.6684, 3.5595],
    [98.6653, 3.5456],
    [98.6659, 3.5613],
    [98.6696, 3.5823],
    [98.6687, 3.5596],
    [98.6651, 3.5598],
    [98.6803, 3.5459],
    [98.6729, 3.551],
    [98.6658, 3.5612],
    [98.6777, 3.5593],
    [98.6837, 3.5586],
    [98.6734, 3.5784],
    [98.6796, 3.5591],
    [98.6841, 3.5672],
    [98.6751, 3.5767],
    [98.6716, 3.5831],
    [98.6797, 3.5591],
    [98.6638, 3.5686],
    [98.68, 3.5572],
    [98.6692, 3.5615],
    [98.671, 3.5825],
    [98.6708, 3.5838],
    [98.6694, 3.5798],
    [98.6775, 3.5571],
    [98.6696, 3.5691],
    [98.6659, 3.5594],
    [98.6711, 3.5837],
    [98.6677, 3.5733],
    [98.6786, 3.5574],
    [98.6797, 3.5591],
    [98.6798, 3.5592],
    [98.6794, 3.5449],
    [98.6689, 3.5447],
    [98.6739, 3.5818],
    [98.6696, 3.5773],
    [98.6776, 3.5586],
    [98.6759, 3.5708],
    [98.6771, 3.5565],
    [98.6692, 3.5609],
    [98.6664, 3.573],
    [98.6648, 3.549],
    [98.6721, 3.5761],
    [98.6799, 3.5574],
    [98.6635, 3.5599],
    [98.6768, 3.5575],
    [98.6718, 3.5821],
    [98.6843, 3.5666],
    [98.6769, 3.5562],
    [98.6662, 3.5709],
    [98.6816, 3.5544],
    [98.6624, 3.5449],
    [98.6748, 3.558],
    [98.6769, 3.5777],
    [98.6635, 3.5443],
    [98.6772, 3.5557],
    [98.6723, 3.5819],
    [98.6777, 3.5554],
    [98.6727, 3.5477],
    [98.6701, 3.5837],
    [98.6723, 3.5832],
    [98.6681, 3.5623],
    [98.6642, 3.5477],
    [98.6811, 3.5503],
    [98.6722, 3.5708],
    [98.6636, 3.5432],
    [98.6668, 3.5621],
    [98.669, 3.5588],
    [98.6723, 3.5833],
    [98.6655, 3.546],
    [98.6785, 3.5596],
    [98.6833, 3.5514],
    [98.6659, 3.559],
    [98.6778, 3.5567],
    [98.6772, 3.5588],
    [98.6698, 3.5716],
    [98.6779, 3.5608],
    [98.6745, 3.565],
    [98.6836, 3.5652],
    [98.6635, 3.571],
    [98.6682, 3.571],
    [98.6654, 3.547],
    [98.6844, 3.5543],
    [98.6736, 3.5568],
    [98.6783, 3.5555],
    [98.6627, 3.5442],
    [98.6638, 3.568],
    [98.671, 3.5828],
    [98.6745, 3.5768],
    [98.6658, 3.5564],
    [98.671, 3.5828],
    [98.6717, 3.5833],
    [98.6709, 3.5483],
    [98.6763, 3.5493],
    [98.6655, 3.5597],
    [98.671, 3.5829],
    [98.669, 3.5814],
    [98.6691, 3.5812],
    [98.6774, 3.5589],
    [98.6697, 3.583],
    [98.6655, 3.5448],
    [98.666, 3.5459],
    [98.6683, 3.5625],
    [98.6682, 3.5461],
    [98.6636, 3.5681],
    [98.6656, 3.56],
    [98.6732, 3.5521],
    [98.6701, 3.5828],
    [98.6758, 3.5811],
    [98.6659, 3.5711],
    [98.6647, 3.567],
    [98.6707, 3.5761],
    [98.6774, 3.5562],
    [98.6763, 3.5525],
    [98.6654, 3.5467],
    [98.6657, 3.5621],
    [98.6678, 3.5597],
    [98.6691, 3.5459],
    [98.6681, 3.545],
    [98.6672, 3.5437],
    [98.6648, 3.5692],
    [98.666, 3.5463],
    [98.6692, 3.5606],
    [98.6768, 3.5575],
    [98.6653, 3.5711],
    [98.6817, 3.5452],
    [98.6748, 3.5549],
    [98.6642, 3.5653],
    [98.6678, 3.5447],
    [98.6703, 3.5837],
    [98.6689, 3.5823],
    [98.6697, 3.5484],
    [98.6689, 3.5833],
    [98.6655, 3.5452],
    [98.6728, 3.5498],
    [98.6655, 3.5713],
    [98.6771, 3.5539],
    [98.6664, 3.5595],
    [98.6671, 3.5461],
    [98.6648, 3.5711],
    [98.6654, 3.5485],
    [98.6716, 3.5537],
    [98.6738, 3.5514],
    [98.6772, 3.5561],
    [98.6727, 3.5489],
    [98.6655, 3.545],
    [98.6665, 3.5445],
    [98.6617, 3.5681],
    [98.6818, 3.5549],
    [98.68, 3.5707],
    [98.6786, 3.559],
    [98.6647, 3.5662],
    [98.6689, 3.5721],
    [98.6704, 3.5778],
    [98.6725, 3.5774],
    [98.672, 3.5757],
    [98.6769, 3.5506],
    [98.6715, 3.5513],
    [98.6736, 3.5542],
    [98.6655, 3.5456],
    [98.6667, 3.5489],
    [98.665, 3.5486],
    [98.6723, 3.5516],
    [98.6809, 3.5515],
    [98.6759, 3.5805],
    [98.6782, 3.5597],
    [98.6659, 3.5595],
    [98.6733, 3.5797],
    [98.672, 3.5806],
    [98.6725, 3.5833],
    [98.6829, 3.5553],
    [98.6758, 3.5561],
    [98.662, 3.5696],
    [98.6834, 3.5586],
    [98.6664, 3.5693],
    [98.6658, 3.5709],
    [98.6704, 3.5658],
    [98.6734, 3.567],
    [98.6733, 3.5701],
    [98.6659, 3.5708],
    [98.6702, 3.5829],
    [98.6821, 3.5539],
    [98.6664, 3.5563],
    [98.6644, 3.5483],
    [98.6805, 3.5722],
    [98.6692, 3.5623],
    [98.6777, 3.5571],
    [98.675, 3.5441],
    [98.6736, 3.5547],
    [98.6657, 3.5588],
    [98.6736, 3.5547],
    [98.671, 3.5714],
    [98.6642, 3.5697],
    [98.6677, 3.5638],
    [98.6834, 3.5612],
    [98.6748, 3.5527],
    [98.6786, 3.559],
    [98.6745, 3.572],
    [98.6662, 3.5723],
    [98.6705, 3.5791],
    [98.6711, 3.5777],
    [98.6712, 3.5739],
    [98.6759, 3.5812],
    [98.6707, 3.5714],
    [98.6738, 3.5712],
    [98.676, 3.5713],
    [98.6705, 3.5791],
    [98.6725, 3.5774],
    [98.672, 3.5757],
    [98.6802, 3.5559],
    [98.6647, 3.5597],
    [98.6701, 3.5524],
    [98.664, 3.5687],
    [98.6696, 3.5708],
    [98.6704, 3.5511],
    [98.6669, 3.5604],
    [98.6839, 3.5598],
    [98.6664, 3.5693],
    [98.6774, 3.5692],
    [98.6734, 3.5694],
    [98.6839, 3.5668],
    [98.6667, 3.5722],
    [98.6731, 3.5702],
    [98.6715, 3.5659],
    [98.6716, 3.5661],
    [98.6784, 3.57],
    [98.6716, 3.5514],
    [98.6704, 3.5828],
    [98.6642, 3.5697],
    [98.6677, 3.5638],
    [98.6692, 3.5794],
    [98.6834, 3.5612],
    [98.6759, 3.5805],
    [98.6801, 3.5719],
    [98.6748, 3.5763],
    [98.6782, 3.5597],
    [98.6766, 3.5504],
    [98.6728, 3.5782],
    [98.664, 3.5422],
    [98.6751, 3.5556],
    [98.6659, 3.5565],
    [98.6746, 3.5506],
    [98.6684, 3.5699],
    [98.6659, 3.5708],
    [98.6702, 3.5829],
    [98.6644, 3.5483],
    [98.6692, 3.5683],
    [98.6767, 3.5498],
    [98.6768, 3.5598],
    [98.6635, 3.5704],
    [98.6692, 3.5834],
    [98.6736, 3.5547],
    [98.6736, 3.5547],
    [98.6657, 3.569],
    [98.6634, 3.5425],
    [98.6663, 3.5482],
    [98.6655, 3.568],
    [98.6764, 3.5497],
    [98.6696, 3.568],
    [98.6634, 3.5699],
    [98.666, 3.5487],
    [98.6677, 3.546],
    [98.6716, 3.5523],
    [98.6654, 3.5484],
    [98.6738, 3.5522],
    [98.6727, 3.5505],
    [98.6641, 3.5475],
    [98.6727, 3.5505],
    [98.666, 3.5696],
    [98.667, 3.5625],
    [98.6811, 3.5506],
    [98.6659, 3.5595],
    [98.6772, 3.5567],
    [98.6776, 3.5517],
    [98.6727, 3.5505],
    [98.6728, 3.5452],
    [98.6655, 3.5459],
    [98.6744, 3.5528],
    [98.6793, 3.5571],
    [98.6685, 3.584],
    [98.6701, 3.5823],
    [98.6715, 3.5834],
    [98.6701, 3.5823],
    [98.6766, 3.5594],
    [98.6715, 3.5837],
    [98.6715, 3.5837],
    [98.6766, 3.5594],
    [98.6708, 3.5505],
    [98.6659, 3.5594],
    [98.6716, 3.5523],
    [98.6739, 3.5802],
    [98.6767, 3.578],
    [98.6717, 3.5827],
    [98.6723, 3.5463],
    [98.6715, 3.5834],
    [98.6714, 3.5821],
    [98.6677, 3.546],
    [98.6688, 3.5645],
    [98.6766, 3.5654],
    [98.6701, 3.5823],
    [98.6702, 3.5834],
    [98.6688, 3.5831],
    [98.6694, 3.5798],
    [98.6701, 3.5823],
    [98.6701, 3.5823],
    [98.6701, 3.5823],
    [98.669, 3.5823],
    [98.6701, 3.5823],
    [98.6692, 3.5823],
    [98.6715, 3.5834],
    [98.6712, 3.5828],
    [98.6701, 3.5823],
    [98.6692, 3.5802],
    [98.6688, 3.5821],
    [98.6715, 3.5837],
    [98.6695, 3.5833],
    [98.6701, 3.5823],
    [98.6701, 3.5823],
    [98.6701, 3.5823],
    [98.6724, 3.5792],
    [98.6664, 3.5712],
    [98.6842, 3.5541],
    [98.6715, 3.5834],
    [98.671, 3.5723],
    [98.6754, 3.5523],
    [98.67, 3.5825],
    [98.6728, 3.5477],
    [98.6715, 3.5834],
    [98.6715, 3.5834],
    [98.6766, 3.5654],
    [98.6715, 3.5822],
    [98.6635, 3.543],
    [98.6672, 3.5489],
    [98.6724, 3.5792],
    [98.6724, 3.5792],
    [98.6702, 3.5834],
    [98.6767, 3.578],
    [98.6778, 3.5591],
    [98.6776, 3.5717],
    [98.6715, 3.5834],
    [98.6715, 3.5834],
    [98.6696, 3.5772],
    [98.6716, 3.5828],
    [98.6664, 3.5598],
    [98.6714, 3.5817],
    [98.6701, 3.5823],
    [98.6715, 3.5834],
    [98.6701, 3.5823],
    [98.6701, 3.5823],
    [98.6714, 3.582],
    [98.6655, 3.5455],
    [98.6795, 3.5606],
    [98.6785, 3.5511],
    [98.6669, 3.5643],
    [98.6699, 3.5762],
    [98.6707, 3.5745],
    [98.6726, 3.5771],
    [98.6715, 3.5834],
    [98.6693, 3.5585],
    [98.6683, 3.5641],
    [98.6767, 3.5694],
    [98.6693, 3.5738],
    [98.6759, 3.5479],
    [98.6715, 3.5834],
    [98.6715, 3.5834],
    [98.6715, 3.5834],
    [98.6716, 3.5822],
    [98.6794, 3.572],
    [98.6698, 3.5825],
    [98.6696, 3.5824],
    [98.6715, 3.5834],
    [98.6674, 3.5596],
    [98.669, 3.5837],
    [98.6715, 3.5834],
    [98.6697, 3.5823],
    [98.6701, 3.5823],
    [98.6718, 3.5824],
    [98.6724, 3.5792],
    [98.6715, 3.5837],
    [98.6704, 3.5837],
    [98.6642, 3.5674],
    [98.671, 3.58],
    [98.6676, 3.5724],
    [98.6715, 3.5834],
    [98.6761, 3.5812],
    [98.6715, 3.5834],
    [98.6715, 3.5834],
    [98.6715, 3.5834],
    [98.6717, 3.582],
    [98.6701, 3.5823],
    [98.6701, 3.5823],
    [98.6724, 3.5828],
    [98.6724, 3.5792],
    [98.6701, 3.5823],
    [98.6702, 3.5822],
    [98.6709, 3.5483],
    [98.6784, 3.5561],
    [98.6715, 3.5834],
    [98.6677, 3.5683],
    [98.6673, 3.5608],
    [98.6734, 3.5833],
    [98.6634, 3.5713],
    [98.6671, 3.5557],
    [98.6816, 3.5572],
    [98.6715, 3.5834],
    [98.6696, 3.5823],
    [98.6718, 3.5828],
    [98.671, 3.5829],
    [98.6724, 3.5792],
    [98.6715, 3.5834],
    [98.6692, 3.577],
    [98.666, 3.564],
    [98.6701, 3.5823],
    [98.6744, 3.5771],
    [98.6693, 3.5585],
    [98.6696, 3.568],
    [98.6701, 3.5823],
    [98.6784, 3.5561],
    [98.6701, 3.5823],
    [98.6694, 3.5798],
    [98.6724, 3.5792],
    [98.6714, 3.5818],
    [98.6715, 3.5834],
    [98.6706, 3.5837],
    [98.6702, 3.5834],
    [98.6702, 3.5834],
    [98.6692, 3.5833],
    [98.6689, 3.5814],
    [98.6715, 3.5837],
    [98.6694, 3.5798],
    [98.6696, 3.5814],
    [98.6664, 3.5563],
    [98.6658, 3.5595],
    [98.6712, 3.5834],
    [98.6644, 3.5545],
    [98.6693, 3.5631],
    [98.6719, 3.5827],
    [98.6669, 3.5643],
    [98.6701, 3.5823],
    [98.6701, 3.5823],
    [98.6701, 3.5823],
    [98.6701, 3.5823],
    [98.6689, 3.583],
    [98.6701, 3.5823],
    [98.6711, 3.5827],
    [98.6702, 3.5834],
    [98.6715, 3.5837],
    [98.6702, 3.5834],
    [98.6692, 3.5834],
    [98.6689, 3.5821],
    [98.669, 3.5806],
    [98.6688, 3.5819],
    [98.6715, 3.5825],
    [98.671, 3.58],
    [98.6714, 3.5822],
    [98.6694, 3.5798],
    [98.6692, 3.5823],
    [98.6674, 3.5596],
    [98.6691, 3.5836],
    [98.6724, 3.5792],
    [98.6676, 3.5583],
    [98.6657, 3.5545],
    [98.6784, 3.5561],
    [98.6723, 3.5463],
    [98.6689, 3.5822],
    [98.669, 3.5467],
    [98.6693, 3.5585],
    [98.6724, 3.5792],
    [98.6736, 3.5829],
    [98.6711, 3.5833],
    [98.6696, 3.5836],
    [98.6694, 3.5798],
    [98.6701, 3.5823],
    [98.6695, 3.5838],
    [98.6701, 3.5823],
    [98.6752, 3.5765],
    [98.6724, 3.5718],
    [98.6648, 3.5667],
    [98.6743, 3.579],
    [98.673, 3.5519],
    [98.6724, 3.5792],
    [98.6717, 3.5829],
    [98.6759, 3.5784],
    [98.6734, 3.5832],
    [98.6689, 3.5834],
    [98.6715, 3.5834],
    [98.6715, 3.5834],
    [98.6782, 3.5698],
    [98.67, 3.5828],
    [98.6846, 3.5618],
    [98.6842, 3.5541],
    [98.6694, 3.5625],
    [98.6717, 3.5829],
    [98.6715, 3.5834],
    [98.6706, 3.5827],
    [98.6688, 3.5826],
    [98.6705, 3.5836],
    [98.6671, 3.5446],
    [98.6659, 3.5446],
    [98.6793, 3.5571],
    [98.6714, 3.5823],
    [98.6715, 3.5834],
    [98.6716, 3.5819],
    [98.6724, 3.5792],
    [98.6767, 3.578],
    [98.6696, 3.5714],
    [98.6668, 3.5701],
    [98.6715, 3.5779],
    [98.6675, 3.5685],
    [98.6715, 3.5834],
    [98.6677, 3.5488],
    [98.6724, 3.5758],
    [98.6686, 3.5732],
    [98.6643, 3.5448],
    [98.6809, 3.5521],
    [98.6759, 3.5479],
    [98.6764, 3.5814],
    [98.6715, 3.5834],
    [98.6749, 3.5832],
    [98.6731, 3.5718],
    [98.6795, 3.5606],
    [98.6784, 3.5561],
    [98.6778, 3.5697],
    [98.6753, 3.5772],
    [98.6709, 3.5782],
    [98.6715, 3.5834],
    [98.6804, 3.545],
    [98.6671, 3.5436],
    [98.6793, 3.5571],
    [98.6724, 3.5792],
    [98.6715, 3.5834],
    [98.6693, 3.5585],
    [98.6715, 3.5834],
    [98.6724, 3.5792],
    [98.6724, 3.5792],
    [98.6715, 3.5834],
    [98.6715, 3.5834],
    [98.6693, 3.5825],
    [98.6724, 3.5792],
    [98.6727, 3.5784],
    [98.6723, 3.5785],
    [98.6709, 3.5782],
    [98.6724, 3.5758],
    [98.6692, 3.5795],
    [98.6723, 3.5785],
    [98.6669, 3.5643],
    [98.6715, 3.5834],
    [98.6664, 3.5692],
    [98.6767, 3.5473],
    [98.6653, 3.5709],
    [98.6713, 3.5817],
    [98.6692, 3.5838],
    [98.6654, 3.5443],
    [98.6649, 3.554],
    [98.6744, 3.5717],
    [98.6707, 3.5822],
    [98.6691, 3.5819],
    [98.666, 3.5634],
    [98.6715, 3.5834],
    [98.6724, 3.5792],
    [98.6724, 3.5792],
    [98.6724, 3.5792],
    [98.6714, 3.5819],
    [98.6715, 3.5817],
    [98.6673, 3.5608],
    [98.6705, 3.5827],
    [98.6715, 3.5834],
    [98.6675, 3.5708],
    [98.6747, 3.579],
    [98.6671, 3.5446],
    [98.6697, 3.5827],
    [98.6715, 3.5834],
    [98.6694, 3.583],
    [98.6715, 3.582],
    [98.6715, 3.5834],
    [98.6726, 3.5828],
    [98.6714, 3.5813],
    [98.6715, 3.5834],
    [98.6715, 3.5834],
    [98.6724, 3.5792],
    [98.6715, 3.5834],
    [98.6651, 3.5569],
    [98.6769, 3.5722],
    [98.6718, 3.5708],
    [98.6805, 3.5704],
    [98.6795, 3.5606],
    [98.6681, 3.571],
    [98.6677, 3.5683],
    [98.6689, 3.5833],
    [98.6655, 3.5713],
    [98.6674, 3.5596],
    [98.6688, 3.5821],
    [98.6715, 3.5834],
    [98.6725, 3.5833],
    [98.6739, 3.5796],
    [98.6752, 3.5765],
    [98.6701, 3.5714],
    [98.6724, 3.5792],
    [98.677, 3.5579],
    [98.6744, 3.5833],
    [98.6745, 3.5449],
    [98.6654, 3.5476],
    [98.6724, 3.5792],
    [98.6766, 3.5594],
    [98.6715, 3.5834],
    [98.6716, 3.5825],
    [98.6715, 3.5834],
    [98.6658, 3.5595],
    [98.6664, 3.5563],
    [98.6677, 3.5683],
    [98.6664, 3.5563],
    [98.6729, 3.5515],
    [98.6744, 3.5771],
    [98.6724, 3.5792],
    [98.669, 3.5806],
    [98.6691, 3.5826],
    [98.6715, 3.5834],
    [98.6725, 3.5833],
    [98.6679, 3.5615],
    [98.6724, 3.5828],
    [98.6724, 3.5792],
    [98.6715, 3.5834],
    [98.6634, 3.5713],
    [98.6711, 3.5829],
    [98.67, 3.5778],
    [98.6664, 3.5691],
    [98.6636, 3.5694],
    [98.6668, 3.5614],
    [98.6658, 3.5595],
    [98.6812, 3.572],
    [98.6691, 3.5828],
    [98.6708, 3.5823],
    [98.6715, 3.5834],
    [98.6737, 3.5809],
    [98.6655, 3.5476],
    [98.6657, 3.5576],
    [98.6715, 3.5834],
    [98.6715, 3.5834],
    [98.666, 3.5634],
    [98.6715, 3.5834],
    [98.6767, 3.5789],
    [98.6733, 3.5779],
    [98.6677, 3.5692],
    [98.6671, 3.5446],
    [98.6692, 3.5838],
    [98.6779, 3.5585],
    [98.6677, 3.5488],
    [98.6715, 3.5834],
    [98.6744, 3.5771],
    [98.666, 3.5722],
    [98.6654, 3.5725],
    [98.6715, 3.5834],
    [98.6724, 3.5831],
    [98.6715, 3.5834],
    [98.6725, 3.5828],
    [98.6728, 3.5477],
    [98.6766, 3.5654],
    [98.6715, 3.5834],
    [98.6715, 3.5834],
    [98.6725, 3.5833],
    [98.6715, 3.5834],
    [98.6725, 3.5833],
    [98.6736, 3.5489],
    [98.6694, 3.5798],
    [98.6681, 3.584],
    [98.6651, 3.5589],
    [98.6693, 3.5585],
    [98.6705, 3.5748],
    [98.666, 3.5708],
    [98.6734, 3.5796],
    [98.6724, 3.5758],
    [98.6693, 3.5823],
    [98.67, 3.5633],
    [98.6629, 3.5713],
    [98.6724, 3.5792],
    [98.6749, 3.5832],
    [98.6714, 3.5817],
    [98.6659, 3.5708],
    [98.6669, 3.5643],
    [98.6714, 3.5458],
    [98.6694, 3.5798],
    [98.6728, 3.5758],
    [98.6651, 3.5569],
    [98.6674, 3.5596],
    [98.6762, 3.579],
    [98.6715, 3.5834],
    [98.6749, 3.5832],
    [98.6696, 3.5669],
    [98.678, 3.557],
    [98.6708, 3.5482],
    [98.6784, 3.5561],
    [98.6842, 3.5541],
    [98.6725, 3.5828],
    [98.6713, 3.577],
    [98.6715, 3.5834],
    [98.6715, 3.5834],
    [98.6715, 3.5834],
    [98.6749, 3.5832],
    [98.6747, 3.5819],
    [98.6714, 3.582],
    [98.6709, 3.5782],
    [98.6706, 3.5824],
    [98.6706, 3.5826],
    [98.6795, 3.5606],
    [98.6798, 3.5567],
    [98.6779, 3.5698],
    [98.6715, 3.5834],
    [98.6724, 3.5792],
    [98.6735, 3.5835],
    [98.6778, 3.5593],
    [98.6716, 3.5827],
    [98.6717, 3.582],
    [98.6669, 3.5643],
    [98.666, 3.5582],
    [98.6733, 3.5521],
    [98.6725, 3.5522],
    [98.679, 3.5569],
    [98.6696, 3.5836],
    [98.669, 3.5806],
    [98.6705, 3.5824],
    [98.6778, 3.5591],
    [98.6709, 3.5836],
    [98.6713, 3.5817],
    [98.6714, 3.579],
    [98.6669, 3.5643],
    [98.6749, 3.5832],
    [98.6693, 3.571],
    [98.6715, 3.5834],
    [98.6749, 3.5526],
    [98.6715, 3.5834],
    [98.6724, 3.5792],
    [98.6725, 3.5833],
    [98.6725, 3.5833],
    [98.6714, 3.5819],
    [98.6633, 3.5699],
    [98.6715, 3.5834],
    [98.6715, 3.5834],
    [98.6714, 3.5816],
    [98.6709, 3.5782],
    [98.6689, 3.5814],
    [98.6723, 3.5785],
    [98.6709, 3.5836],
    [98.6715, 3.5834],
    [98.666, 3.5722],
    [98.6715, 3.5837],
    [98.669, 3.5806],
    [98.6724, 3.5758],
    [98.6724, 3.5792],
    [98.6724, 3.5792],
    [98.6654, 3.5555],
    [98.669, 3.5484],
    [98.6681, 3.5457],
    [98.6643, 3.5448],
    [98.6707, 3.5828],
    [98.6709, 3.5804],
    [98.6724, 3.5792],
    [98.6715, 3.5816],
    [98.6714, 3.5815],
    [98.6715, 3.5834],
    [98.6676, 3.5481],
    [98.6773, 3.5522],
    [98.6659, 3.5594],
    [98.6724, 3.5792],
    [98.6755, 3.5718],
    [98.6715, 3.5837],
    [98.6736, 3.5707],
    [98.6715, 3.5834],
    [98.6715, 3.5834],
    [98.6711, 3.5833],
    [98.6736, 3.5826],
    [98.6715, 3.5834],
    [98.6717, 3.5826],
    [98.6637, 3.5714],
    [98.6659, 3.5598],
    [98.6668, 3.5474],
    [98.6654, 3.5476],
    [98.6727, 3.5784],
    [98.6713, 3.5817],
    [98.6715, 3.5834],
    [98.6707, 3.5715],
    [98.669, 3.5829],
    [98.6706, 3.5477],
    [98.6715, 3.5834],
    [98.6715, 3.5834],
    [98.6671, 3.5446],
    [98.6654, 3.5714],
    [98.665, 3.5728],
    [98.6695, 3.583],
    [98.6715, 3.5834],
    [98.6715, 3.5834],
    [98.6707, 3.5832],
    [98.6689, 3.5834],
    [98.6702, 3.5829],
    [98.6704, 3.5828],
    [98.6677, 3.5683],
    [98.6645, 3.5484],
    [98.6711, 3.5829],
    [98.6693, 3.5828],
    [98.6698, 3.5827],
    [98.6717, 3.583],
    [98.6715, 3.5834],
    [98.6655, 3.5699],
    [98.668, 3.5614],
    [98.6689, 3.5831],
    [98.6724, 3.5792],
    [98.6725, 3.5833],
    [98.6715, 3.5834],
    [98.6799, 3.5573],
    [98.6703, 3.5829],
    [98.6693, 3.5709],
    [98.6759, 3.5811],
    [98.6715, 3.5834],
    [98.6685, 3.5729],
    [98.6715, 3.5834],
    [98.6715, 3.5834],
    [98.6715, 3.5834],
    [98.6715, 3.5834],
    [98.6715, 3.5834],
    [98.6725, 3.5833],
    [98.6717, 3.5829],
    [98.6725, 3.5833],
    [98.6664, 3.5691],
    [98.667, 3.5714],
    [98.6677, 3.5692],
    [98.6793, 3.5604],
    [98.6727, 3.5525],
    [98.6679, 3.5462],
    [98.6795, 3.5606],
    [98.6659, 3.5708],
    [98.6677, 3.546],
    [98.6685, 3.5627],
    [98.6713, 3.5817],
    [98.6671, 3.5436],
    [98.6663, 3.5708],
    [98.6715, 3.5834],
    [98.6702, 3.5475],
    [98.6729, 3.5515],
    [98.6699, 3.5823],
    [98.669, 3.5828],
    [98.6716, 3.5822],
    [98.6691, 3.5826],
    [98.6715, 3.5834],
    [98.6715, 3.5834],
    [98.6677, 3.546],
    [98.6749, 3.5832],
    [98.6726, 3.5795],
    [98.6782, 3.5698],
    [98.6644, 3.5563],
    [98.6707, 3.5837],
    [98.669, 3.5837],
    [98.6719, 3.572],
    [98.6795, 3.5607],
    [98.6795, 3.5606],
    [98.674, 3.579],
    [98.6804, 3.572],
    [98.6701, 3.5803],
    [98.668, 3.5735],
    [98.679, 3.5598],
    [98.6724, 3.5792],
    [98.6715, 3.5834],
    [98.6715, 3.5834],
    [98.6674, 3.5701],
    [98.6726, 3.5829],
    [98.6671, 3.5446],
    [98.6735, 3.5719],
    [98.6729, 3.5833],
    [98.6829, 3.5571],
    [98.6662, 3.5706],
    [98.6709, 3.5637],
    [98.6793, 3.561],
    [98.6715, 3.5834],
    [98.6715, 3.5834],
    [98.6725, 3.5833],
    [98.6715, 3.5834],
    [98.6715, 3.5834],
    [98.6706, 3.5814],
    [98.6676, 3.5583],
    [98.6693, 3.5585],
    [98.6674, 3.5596],
    [98.6659, 3.5597],
    [98.6708, 3.583],
    [98.6712, 3.5816],
    [98.6793, 3.5609],
    [98.6724, 3.5792],
    [98.6732, 3.5522],
    [98.6689, 3.5833],
    [98.6714, 3.5824],
    [98.6715, 3.5834],
    [98.6724, 3.5792],
    [98.6753, 3.5766],
    [98.6723, 3.5785],
    [98.6713, 3.5817],
    [98.6715, 3.5834],
    [98.6688, 3.5838],
    [98.6724, 3.5792],
    [98.6719, 3.5827],
    [98.6724, 3.5718],
    [98.6709, 3.5782],
    [98.671, 3.58],
    [98.6716, 3.5822],
    [98.6752, 3.5831],
    [98.6715, 3.5834],
    [98.6715, 3.5834],
    [98.6784, 3.5561],
    [98.666, 3.5708],
    [98.6715, 3.5834],
    [98.6717, 3.5829],
    [98.6724, 3.5792],
    [98.6701, 3.5823],
    [98.6715, 3.5834],
    [98.6693, 3.5738],
    [98.6715, 3.5834],
    [98.6724, 3.5792],
    [98.6635, 3.543],
    [98.6701, 3.5823],
    [98.6719, 3.5826],
    [98.6684, 3.5724],
    [98.6664, 3.5712],
    [98.6634, 3.5428],
    [98.6766, 3.5594],
    [98.6804, 3.5551],
    [98.666, 3.5708],
    [98.6696, 3.5694],
    [98.6677, 3.546],
    [98.6773, 3.5522],
    [98.6656, 3.546],
    [98.6708, 3.5482],
    [98.6766, 3.5654],
    [98.6694, 3.5798],
    [98.6702, 3.5834],
    [98.6677, 3.5683],
    [98.6697, 3.5637],
    [98.6674, 3.5596],
    [98.6688, 3.5826],
    [98.6696, 3.5814],
    [98.6715, 3.5837],
    [98.6696, 3.5823],
    [98.6715, 3.5834],
    [98.6715, 3.5834],
    [98.6724, 3.5792],
    [98.6709, 3.5782],
    [98.6713, 3.5817],
    [98.6738, 3.5833],
    [98.6713, 3.5815],
    [98.6701, 3.5823],
    [98.6701, 3.5823],
    [98.6683, 3.5641],
    [98.6701, 3.5823],
    [98.6706, 3.5832],
    [98.6701, 3.5823],
    [98.6701, 3.5823],
    [98.6715, 3.5834],
    [98.6715, 3.5834],
    [98.6737, 3.5835],
    [98.6694, 3.5798],
    [98.6688, 3.5822],
    [98.6696, 3.5838],
    [98.6676, 3.5583],
    [98.669, 3.5812],
    [98.6683, 3.584],
    [98.6702, 3.5822],
    [98.6683, 3.5641],
    [98.6701, 3.5823],
    [98.6701, 3.5823],
    [98.6715, 3.5834],
    [98.6766, 3.5789],
    [98.6715, 3.5834],
    [98.6688, 3.5469],
    [98.6693, 3.5585],
    [98.6714, 3.5825],
    [98.6733, 3.5522],
    [98.6841, 3.5672],
    [98.6676, 3.5583],
    [98.6694, 3.5798],
    [98.6694, 3.5836],
    [98.6701, 3.5823],
    [98.6691, 3.5839],
    [98.6702, 3.5834],
    [98.6701, 3.5823],
    [98.6724, 3.5792],
    [98.6715, 3.5817],
    [98.6715, 3.5815],
    [98.6715, 3.5834],
    [98.6694, 3.5798],
    [98.6715, 3.5837],
    [98.6674, 3.5596],
    [98.6701, 3.5823],
    [98.6701, 3.5823],
    [98.6728, 3.5477],
    [98.6677, 3.546],
    [98.6634, 3.5713],
    [98.6715, 3.5834],
    [98.6688, 3.5822],
    [98.6697, 3.5482],
    [98.6694, 3.5798],
    [98.6689, 3.5813],
    [98.6695, 3.5838],
    [98.6715, 3.5837],
    [98.6702, 3.5834],
    [98.67, 3.5778],
    [98.671, 3.5723],
    [98.6738, 3.5479],
    [98.6631, 3.5469],
    [98.6773, 3.5522],
    [98.6715, 3.5834],
    [98.6715, 3.5834],
    [98.6692, 3.5823],
    [98.6701, 3.5823],
    [98.6724, 3.5792],
    [98.6715, 3.5834],
    [98.6715, 3.5834],
    [98.6717, 3.583],
    [98.6715, 3.5834],
    [98.6715, 3.5834],
    [98.6778, 3.5593],
    [98.6724, 3.5792],
    [98.6701, 3.5823],
    [98.6701, 3.5823],
    [98.6715, 3.5834],
    [98.6698, 3.5823],
    [98.6701, 3.5823],
    [98.6715, 3.5834],
    [98.6637, 3.5724],
    [98.6677, 3.546],
    [98.6715, 3.5823],
    [98.6701, 3.5823],
    [98.6701, 3.5823],
    [98.6701, 3.5823],
    [98.6701, 3.5823],
    [98.6715, 3.5834],
    [98.6715, 3.5834],
    [98.6713, 3.5817],
    [98.6715, 3.5834],
    [98.6703, 3.5798],
    [98.6716, 3.5724],
    [98.6711, 3.5813],
    [98.6715, 3.5834],
    [98.6728, 3.5477],
    [98.6717, 3.5827],
    [98.6708, 3.5482],
    [98.6691, 3.5812],
    [98.6697, 3.5837],
    [98.6712, 3.5834],
    [98.6701, 3.5823],
    [98.6702, 3.5834],
    [98.6701, 3.5823],
    [98.6701, 3.5823],
    [98.6715, 3.5834],
    [98.6715, 3.5834],
    [98.6673, 3.56],
    [98.6664, 3.5563],
    [98.6701, 3.5823],
    [98.6701, 3.5823],
    [98.6784, 3.5561],
    [98.6659, 3.5594],
    [98.6689, 3.5813],
    [98.6694, 3.5798],
    [98.6671, 3.5446],
    [98.6715, 3.5837],
    [98.6701, 3.5823],
    [98.6715, 3.5817],
    [98.6715, 3.5834],
    [98.6715, 3.5827],
    [98.6715, 3.5834],
    [98.6714, 3.5816],
    [98.6713, 3.5811],
    [98.6782, 3.553],
    [98.6741, 3.5835],
    [98.6717, 3.5829],
    [98.6715, 3.5834],
    [98.6714, 3.5814],
    [98.6684, 3.5639],
    [98.6669, 3.5602],
    [98.6694, 3.5798],
    [98.6694, 3.5798],
    [98.6696, 3.5814],
    [98.6794, 3.5611],
    [98.6692, 3.5801],
    [98.6794, 3.5605],
    [98.6699, 3.5838],
    [98.6728, 3.5477],
    [98.6701, 3.5823],
    [98.6711, 3.5825],
    [98.6632, 3.5463],
    [98.6715, 3.5834],
    [98.6703, 3.5834],
    [98.6707, 3.5836],
    [98.6694, 3.5798],
    [98.6701, 3.5823],
    [98.6701, 3.5823],
    [98.6679, 3.5462],
    [98.6693, 3.5709],
    [98.6711, 3.5825],
    [98.6701, 3.5837],
    [98.6701, 3.5823],
    [98.6701, 3.5823],
    [98.6715, 3.5821],
    [98.6715, 3.5834],
    [98.6717, 3.5819],
    [98.6688, 3.5468],
    [98.6701, 3.5582],
    [98.6717, 3.5827],
    [98.6718, 3.5829],
    [98.6689, 3.5459],
    [98.6709, 3.5479],
    [98.679, 3.5598],
    [98.6692, 3.5823],
    [98.6677, 3.546],
    [98.6716, 3.5822],
    [98.6737, 3.5513],
    [98.6693, 3.5838],
    [98.671, 3.5832],
    [98.6724, 3.5792],
    [98.6701, 3.5823],
    [98.6701, 3.5823],
    [98.669, 3.5806],
    [98.6689, 3.5821],
    [98.6715, 3.5837],
    [98.6663, 3.5644],
    [98.6694, 3.5836],
    [98.6705, 3.5837],
    [98.6634, 3.5713],
    [98.6658, 3.5595],
    [98.6715, 3.5834],
    [98.6724, 3.5792],
    [98.6697, 3.5482],
    [98.6635, 3.543],
    [98.6797, 3.5584],
    [98.6784, 3.5561],
    [98.6785, 3.5597],
    [98.6715, 3.5834],
    [98.6715, 3.5834],
    [98.6715, 3.5834],
    [98.6724, 3.5792],
    [98.6701, 3.5823],
    [98.669, 3.5835],
    [98.6718, 3.5828],
    [98.6715, 3.5837],
    [98.6715, 3.5837],
    [98.6724, 3.5792],
    [98.6715, 3.5837],
    [98.6703, 3.5837],
    [98.6696, 3.5836],
    [98.6688, 3.5832],
    [98.6688, 3.5826],
    [98.6694, 3.5798],
    [98.6732, 3.5522],
    [98.6701, 3.5582],
    [98.6784, 3.5561],
    [98.6674, 3.5596],
    [98.6674, 3.5596],
    [98.6703, 3.5691],
    [98.6739, 3.5832],
    [98.6715, 3.5834],
    [98.6724, 3.5792],
    [98.6627, 3.5459],
    [98.6701, 3.5823],
    [98.6701, 3.5823],
    [98.6701, 3.5823],
    [98.6715, 3.5814],
    [98.6689, 3.5823],
    [98.6769, 3.5722],
    [98.6701, 3.5823],
    [98.6694, 3.5798],
    [98.6696, 3.5791],
    [98.6664, 3.571],
    [98.6694, 3.5798],
    [98.6716, 3.5826],
    [98.6715, 3.5834],
    [98.6715, 3.5834],
    [98.6715, 3.5834],
    [98.6717, 3.5833],
    [98.6709, 3.5782],
    [98.6701, 3.5823],
    [98.6715, 3.5834],
    [98.6703, 3.5691],
    [98.6792, 3.5602],
    [98.6664, 3.5563],
    [98.6711, 3.5825],
    [98.6703, 3.5837],
    [98.6702, 3.5834],
    [98.6688, 3.5828],
    [98.6689, 3.5834],
    [98.6785, 3.5461],
    [98.6676, 3.5583],
    [98.6715, 3.5827],
    [98.6701, 3.5823],
    [98.6715, 3.5834],
    [98.6695, 3.5776],
    [98.6715, 3.5821],
    [98.6634, 3.5713],
    [98.6655, 3.5711],
    [98.6709, 3.5818],
    [98.6715, 3.5834],
    [98.6715, 3.5834],
    [98.6716, 3.5829],
    [98.6661, 3.5709],
    [98.6676, 3.5583],
    [98.6701, 3.5823],
    [98.6715, 3.5834],
    [98.6715, 3.5834],
    [98.6643, 3.5592],
    [98.6701, 3.5823],
    [98.6634, 3.5713],
    [98.6689, 3.5813],
    [98.6693, 3.5585],
    [98.6659, 3.5594],
    [98.6659, 3.5594],
    [98.6669, 3.5643],
    [98.6715, 3.5834],
    [98.6696, 3.5814],
    [98.6689, 3.573],
    [98.671, 3.5723],
    [98.6715, 3.5837],
    [98.6712, 3.5834],
    [98.6717, 3.5836],
    [98.6712, 3.5829],
    [98.677, 3.5531],
    [98.6715, 3.5834],
    [98.6645, 3.5484],
    [98.6711, 3.5825],
    [98.6676, 3.5583],
    [98.6701, 3.5828],
    [98.6701, 3.5823],
    [98.6715, 3.5834],
    [98.6718, 3.5829],
    [98.6714, 3.5812],
    [98.6715, 3.5834],
    [98.6715, 3.5834],
    [98.6701, 3.5823],
    [98.6701, 3.5823],
    [98.6715, 3.5834],
    [98.6715, 3.5834],
    [98.6715, 3.5827],
    [98.6715, 3.5834],
    [98.6739, 3.5835],
    [98.6715, 3.5834],
    [98.6724, 3.5792],
    [98.6715, 3.5834],
    [98.6676, 3.5583],
    [98.6715, 3.5834],
    [98.6715, 3.5834],
    [98.6715, 3.5834],
    [98.6738, 3.5832],
    [98.6714, 3.5816],
    [98.6724, 3.5792],
    [98.6705, 3.5822],
    [98.6701, 3.5582],
    [98.6715, 3.5834],
    [98.67, 3.5825],
    [98.6704, 3.5824],
    [98.6771, 3.5577],
    [98.677, 3.553],
    [98.6685, 3.5729],
    [98.6677, 3.546],
    [98.6795, 3.5606],
    [98.6779, 3.5577],
    [98.6738, 3.5479],
    [98.6728, 3.5477],
    [98.6696, 3.5822],
    [98.6701, 3.5823],
    [98.6691, 3.5828],
    [98.6701, 3.5823],
    [98.6701, 3.5823],
    [98.669, 3.5806],
    [98.6697, 3.5636],
    [98.669, 3.5474],
    [98.6676, 3.5583],
    [98.6672, 3.5488],
    [98.664, 3.5457],
    [98.6715, 3.5834],
    [98.6712, 3.5813],
    [98.6715, 3.5834],
    [98.6666, 3.5709],
    [98.6738, 3.5479],
    [98.6694, 3.5798],
    [98.6694, 3.5798],
    [98.6715, 3.5837],
    [98.6677, 3.546],
    [98.6715, 3.5834],
    [98.6715, 3.5834],
    [98.6715, 3.5834],
    [98.6715, 3.5822],
    [98.6715, 3.5834],
    [98.6715, 3.5834],
    [98.6697, 3.5825],
    [98.6701, 3.5823],
    [98.6715, 3.5828],
    [98.6717, 3.582],
    [98.6705, 3.5824],
    [98.6735, 3.5523],
    [98.6763, 3.5523],
    [98.6703, 3.5818],
    [98.6699, 3.5824],
    [98.6771, 3.5687],
    [98.6715, 3.5834],
    [98.6805, 3.5548],
    [98.6682, 3.5644],
    [98.669, 3.5828],
    [98.6701, 3.5823],
    [98.6693, 3.5709],
    [98.6738, 3.5522],
    [98.67, 3.5778],
    [98.6728, 3.582],
    [98.6738, 3.5832],
    [98.6654, 3.5474],
    [98.6674, 3.5596],
    [98.6774, 3.5512],
    [98.6715, 3.5834],
    [98.684, 3.5605],
    [98.6699, 3.5823],
    [98.6692, 3.5823],
    [98.6677, 3.546],
    [98.6703, 3.5834],
    [98.6697, 3.5791],
    [98.6715, 3.5837],
    [98.6715, 3.5837],
    [98.6715, 3.5837],
    [98.6702, 3.5834],
    [98.6702, 3.5834],
    [98.6693, 3.5828],
    [98.6703, 3.5834],
    [98.6724, 3.5792],
    [98.6724, 3.5792],
    [98.6714, 3.582],
    [98.6724, 3.5792],
    [98.6724, 3.5718],
    [98.6645, 3.5646],
    [98.6679, 3.5615],
    [98.6766, 3.5654],
    [98.6784, 3.5561],
    [98.6686, 3.5732],
    [98.6795, 3.5606],
    [98.6674, 3.5636],
    [98.6694, 3.5798],
    [98.6759, 3.5722],
    [98.6813, 3.5715],
    [98.6651, 3.5569],
    [98.6724, 3.5758],
    [98.6715, 3.5834],
    [98.6794, 3.551],
    [98.6795, 3.5606],
    [98.6688, 3.5838],
    [98.6737, 3.5757],
    [98.6818, 3.5549],
    [98.6795, 3.5606],
    [98.6795, 3.5606],
    [98.6682, 3.5676],
    [98.6694, 3.5798],
    [98.6701, 3.5828],
    [98.6691, 3.5804],
    [98.6795, 3.5606],
    [98.6766, 3.5654],
    [98.6759, 3.5811],
    [98.6744, 3.5717],
    [98.6672, 3.5489],
    [98.6728, 3.5477],
    [98.6822, 3.5485],
    [98.6648, 3.5667],
    [98.6739, 3.5826],
    [98.6799, 3.5565],
    [98.6818, 3.5567],
    [98.6749, 3.5832],
    [98.6724, 3.5792],
    [98.6704, 3.56],
    [98.6693, 3.5738],
    [98.6795, 3.5606],
    [98.6694, 3.5798],
    [98.6802, 3.5719],
    [98.6776, 3.56],
    [98.6707, 3.5485],
    [98.6738, 3.5479],
    [98.6803, 3.5699],
    [98.6633, 3.5688],
    [98.6759, 3.5722],
    [98.6784, 3.5561],
    [98.6716, 3.5808],
    [98.6648, 3.5667],
    [98.682, 3.5567],
    [98.6795, 3.5606],
    [98.6726, 3.5795],
    [98.668, 3.5488],
    [98.6679, 3.5712],
    [98.6648, 3.5667],
    [98.6845, 3.5672],
    [98.6783, 3.5624],
    [98.6784, 3.5561],
    [98.6662, 3.5626],
    [98.6686, 3.5732],
    [98.6635, 3.5721],
    [98.6701, 3.5823],
    [98.6795, 3.5606],
    [98.6696, 3.5483],
    [98.6677, 3.546],
    [98.6733, 3.5468],
    [98.6798, 3.5567],
    [98.6766, 3.5654],
    [98.6821, 3.5539],
    [98.6768, 3.5522],
    [98.6693, 3.5681],
    [98.6715, 3.5812],
    [98.6676, 3.5724],
    [98.6662, 3.5446],
    [98.6673, 3.5636],
    [98.6766, 3.5654],
    [98.6666, 3.5431],
    [98.6795, 3.5606],
    [98.6767, 3.578],
    [98.6669, 3.5643],
    [98.6784, 3.5561],
    [98.6706, 3.5741],
    [98.6744, 3.5771],
    [98.6839, 3.5668],
    [98.6693, 3.5585],
    [98.6715, 3.5826],
    [98.6806, 3.5707],
    [98.6795, 3.5606],
    [98.6701, 3.5828],
    [98.6686, 3.5732],
    [98.6701, 3.5828],
    [98.6726, 3.5795],
    [98.6779, 3.5722],
    [98.6726, 3.5795],
    [98.6786, 3.5644],
    [98.6643, 3.5685],
    [98.6699, 3.5785],
    [98.6785, 3.5704],
    [98.6723, 3.5792],
    [98.6726, 3.5795],
    [98.6767, 3.578],
    [98.6739, 3.5826],
    [98.6669, 3.5643],
    [98.6767, 3.5498],
    [98.6697, 3.5837],
    [98.6727, 3.5811],
    [98.6715, 3.5837],
    [98.6784, 3.5561],
    [98.6789, 3.5721],
    [98.6729, 3.5517],
    [98.665, 3.5728],
    [98.6683, 3.5641],
    [98.6839, 3.5668],
    [98.6689, 3.5492],
    [98.6834, 3.5586],
    [98.6702, 3.5834],
    [98.6795, 3.5606],
    [98.6674, 3.5701],
    [98.6762, 3.5714],
    [98.6785, 3.5595],
    [98.6795, 3.5606],
    [98.6773, 3.5522],
    [98.6715, 3.5812],
    [98.6711, 3.5825],
    [98.6701, 3.5798],
    [98.6694, 3.5798],
    [98.6652, 3.5549],
    [98.6715, 3.5837],
    [98.6638, 3.568],
    [98.6715, 3.5834],
    [98.6647, 3.5597],
    [98.6693, 3.5738],
    [98.6673, 3.5608],
    [98.6813, 3.571],
    [98.6812, 3.5705],
    [98.6676, 3.5583],
    [98.6701, 3.5828],
    [98.6705, 3.5827],
    [98.6696, 3.5823],
    [98.68, 3.5571],
    [98.6784, 3.5561],
    [98.6791, 3.5595],
    [98.6726, 3.5795],
    [98.6725, 3.5832],
    [98.6694, 3.5798],
    [98.6725, 3.5831],
    [98.6726, 3.5795],
    [98.6691, 3.584],
    [98.6634, 3.5713],
    [98.6783, 3.5498],
    [98.677, 3.5542],
    [98.6693, 3.5803],
    [98.6795, 3.5606],
    [98.6701, 3.5823],
    [98.6726, 3.5795],
    [98.6659, 3.5708],
    [98.6724, 3.5792],
    [98.6795, 3.5606],
    [98.6755, 3.58],
    [98.6726, 3.5795],
    [98.6769, 3.5722],
    [98.6677, 3.546],
    [98.6724, 3.5792],
    [98.6743, 3.5823],
    [98.6795, 3.5606],
    [98.6726, 3.5795],
    [98.6786, 3.5644],
    [98.6795, 3.5606],
    [98.6784, 3.5561],
    [98.6715, 3.5768],
    [98.6726, 3.5771],
    [98.6659, 3.5594],
    [98.6795, 3.5606],
    [98.6691, 3.5644],
    [98.6726, 3.5795],
    [98.6841, 3.5672],
    [98.6737, 3.5797],
    [98.6719, 3.5763],
    [98.6807, 3.5451],
    [98.6664, 3.5712],
    [98.6715, 3.5837],
    [98.6641, 3.5695],
    [98.6667, 3.5722],
    [98.6664, 3.5563],
    [98.6679, 3.5462],
    [98.6703, 3.5829],
    [98.6692, 3.5838],
    [98.6659, 3.5594],
    [98.6769, 3.5693],
    [98.6822, 3.5485],
    [98.6664, 3.5691],
    [98.6701, 3.5714],
    [98.6694, 3.5798],
    [98.6761, 3.5808],
    [98.6715, 3.5834],
    [98.6743, 3.5823],
    [98.6693, 3.5709],
    [98.6717, 3.5829],
    [98.6717, 3.5827],
    [98.6749, 3.5832],
    [98.6715, 3.5812],
    [98.6795, 3.5606],
    [98.6795, 3.5606],
    [98.6715, 3.5834],
    [98.6715, 3.5834],
    [98.6664, 3.5712],
    [98.6694, 3.5798],
    [98.6795, 3.5606],
    [98.6709, 3.5483],
    [98.6669, 3.5643],
    [98.6768, 3.5598],
    [98.6795, 3.5606],
    [98.6795, 3.5606],
    [98.6795, 3.5606],
    [98.6679, 3.5461],
    [98.677, 3.5601],
    [98.6795, 3.5606],
    [98.669, 3.5734],
    [98.6703, 3.5829],
    [98.6658, 3.5691],
    [98.6786, 3.5644],
    [98.6697, 3.5837],
    [98.6803, 3.5699],
    [98.6828, 3.5707],
    [98.6795, 3.5604],
    [98.6689, 3.573],
    [98.6766, 3.5654],
    [98.6693, 3.5738],
    [98.6694, 3.5798],
    [98.6795, 3.5606],
    [98.6717, 3.5827],
    [98.6714, 3.5818],
    [98.6715, 3.5834],
    [98.6694, 3.5798],
    [98.6633, 3.5697],
    [98.6784, 3.5561],
    [98.6715, 3.5834],
    [98.6643, 3.5592],
    [98.6691, 3.584],
    [98.6795, 3.5606],
    [98.6652, 3.5549],
    [98.6664, 3.5712],
    [98.6795, 3.5606],
    [98.6717, 3.5827],
    [98.6744, 3.5717],
    [98.6834, 3.5586],
    [98.6711, 3.5833],
    [98.6766, 3.5654],
    [98.6704, 3.5715],
    [98.6816, 3.5478],
    [98.6824, 3.5471],
    [98.6719, 3.5711],
    [98.6738, 3.5832],
    [98.6715, 3.5834],
    [98.671, 3.58],
    [98.6766, 3.5654],
    [98.6648, 3.5667],
    [98.6674, 3.5636],
    [98.6795, 3.5606],
    [98.6795, 3.5606],
    [98.678, 3.5585],
    [98.6709, 3.5836],
    [98.6809, 3.5514],
    [98.6666, 3.5439],
    [98.6761, 3.5801],
    [98.6784, 3.5561],
    [98.6702, 3.5834],
    [98.6725, 3.5833],
    [98.6694, 3.5798],
    [98.6784, 3.5561],
    [98.6647, 3.5671],
    [98.6724, 3.5792],
    [98.6638, 3.568],
    [98.6714, 3.5769],
    [98.6708, 3.5482],
    [98.6686, 3.5732],
    [98.6634, 3.5713],
    [98.669, 3.5734],
    [98.6724, 3.5792],
    [98.675, 3.548],
    [98.6715, 3.5834],
    [98.6713, 3.5836],
    [98.6744, 3.5833],
    [98.6689, 3.5814],
    [98.6784, 3.5561],
    [98.6724, 3.5792],
    [98.6715, 3.5837],
    [98.6728, 3.5477],
    [98.6657, 3.5446],
    [98.6724, 3.5792],
    [98.6823, 3.5463],
    [98.6669, 3.5643],
    [98.6701, 3.5823],
    [98.6715, 3.5768],
    [98.6634, 3.5713],
    [98.6647, 3.5597],
    [98.6732, 3.5522],
    [98.6794, 3.5501],
    [98.6766, 3.5654],
    [98.6728, 3.582],
    [98.6749, 3.5832],
    [98.6738, 3.5479],
    [98.6793, 3.5571],
    [98.6724, 3.5792],
    [98.6769, 3.572],
    [98.6728, 3.5758],
    [98.6635, 3.543],
    [98.6701, 3.5828],
    [98.6716, 3.5833],
    [98.6663, 3.5628],
    [98.6823, 3.5463],
    [98.669, 3.5806],
    [98.6839, 3.5668],
    [98.6664, 3.5712],
    [98.6667, 3.5722],
    [98.6738, 3.5479],
    [98.6795, 3.5606],
    [98.6705, 3.5826],
    [98.6691, 3.5722],
    [98.6724, 3.5792],
    [98.674, 3.5804],
    [98.6701, 3.5823],
    [98.6688, 3.5468],
    [98.6715, 3.5837],
    [98.6634, 3.5713],
    [98.669, 3.5624],
    [98.6725, 3.5833],
    [98.6633, 3.5688],
    [98.6786, 3.5644],
    [98.6738, 3.5479],
    [98.6719, 3.5468],
    [98.6763, 3.5719],
    [98.6708, 3.5823],
    [98.6743, 3.5811],
    [98.6763, 3.5489],
    [98.6795, 3.5606],
    [98.6692, 3.5833],
    [98.667, 3.5433],
    [98.6722, 3.5533],
    [98.6726, 3.5795],
    [98.6766, 3.5654],
    [98.6795, 3.5606],
    [98.6727, 3.5525],
    [98.6773, 3.5522],
    [98.6691, 3.584],
    [98.6739, 3.5826],
    [98.6774, 3.5569],
    [98.6701, 3.5823],
    [98.6749, 3.5764],
    [98.6714, 3.582],
    [98.6724, 3.5792],
    [98.6784, 3.5561],
    [98.6784, 3.5561],
    [98.6797, 3.546],
    [98.6784, 3.5522],
    [98.6691, 3.584],
    [98.6634, 3.5713],
    [98.6784, 3.5561],
    [98.674, 3.572],
    [98.6795, 3.5606],
    [98.6717, 3.5835],
    [98.6715, 3.5834],
    [98.6709, 3.5782],
    [98.6738, 3.5832],
    [98.6715, 3.5834],
    [98.6748, 3.5787],
    [98.6717, 3.5706],
    [98.6829, 3.5709],
    [98.6634, 3.5713],
    [98.6709, 3.5804],
    [98.6658, 3.5691],
    [98.6822, 3.5485],
    [98.6691, 3.584],
    [98.6784, 3.5561],
    [98.6818, 3.5567],
    [98.6724, 3.5792],
    [98.6716, 3.5828],
    [98.6675, 3.5709],
    [98.6744, 3.5471],
    [98.6714, 3.5769],
    [98.6767, 3.578],
    [98.6684, 3.5713],
    [98.6707, 3.5789],
    [98.6726, 3.5795],
    [98.6666, 3.5439],
    [98.6661, 3.5633],
    [98.6818, 3.5549],
    [98.6724, 3.5792],
    [98.6784, 3.5561],
    [98.6826, 3.5706],
    [98.6689, 3.5634],
    [98.6684, 3.5724],
    [98.6743, 3.5811],
    [98.6795, 3.5606],
    [98.682, 3.5505],
    [98.6745, 3.5761],
    [98.6773, 3.5522],
    [98.6715, 3.5837],
    [98.6795, 3.5606],
    [98.6694, 3.5798],
    [98.6726, 3.5795],
    [98.6731, 3.5811],
    [98.6724, 3.5792],
    [98.6766, 3.5654],
    [98.6795, 3.5606],
    [98.6766, 3.5654],
    [98.6703, 3.5691],
    [98.6715, 3.5834],
    [98.6724, 3.5792],
    [98.6766, 3.5654],
    [98.6795, 3.5606],
    [98.6677, 3.546],
    [98.6645, 3.5713],
    [98.6795, 3.5606],
    [98.6696, 3.5838],
    [98.6743, 3.5823],
    [98.6669, 3.5643],
    [98.6686, 3.5732],
    [98.6763, 3.5795],
    [98.6724, 3.5792],
    [98.6715, 3.5834],
    [98.6638, 3.568],
    [98.6715, 3.5834],
    [98.6686, 3.5732],
    [98.6743, 3.5811],
    [98.6762, 3.5816],
    [98.6717, 3.5829],
    [98.6688, 3.5709],
    [98.6711, 3.5462],
    [98.6709, 3.547],
    [98.6717, 3.5829],
    [98.6724, 3.5792],
    [98.6752, 3.5722],
    [98.6784, 3.5561],
    [98.6766, 3.5584],
    [98.6795, 3.5606],
    [98.6662, 3.5706],
    [98.6839, 3.5668],
    [98.6684, 3.544],
    [98.6626, 3.5719],
    [98.6732, 3.5522],
    [98.6766, 3.5654],
    [98.6659, 3.5708],
    [98.6646, 3.5728],
    [98.6682, 3.5715],
    [98.6809, 3.5514],
    [98.6786, 3.5644],
    [98.6743, 3.5823],
    [98.6766, 3.5654],
    [98.6735, 3.5697],
    [98.6626, 3.5719],
    [98.675, 3.5765],
    [98.6691, 3.5839],
    [98.6691, 3.584],
    [98.6767, 3.578],
    [98.6766, 3.5654],
    [98.6716, 3.5824],
    [98.6766, 3.5594],
    [98.6795, 3.5606],
    [98.6726, 3.5795],
    [98.6669, 3.5643],
    [98.6793, 3.5603],
    [98.681, 3.5514],
    [98.6694, 3.5798],
    [98.6719, 3.572],
    [98.6795, 3.5606],
    [98.6784, 3.5561],
    [98.6724, 3.5792],
    [98.6809, 3.5701],
    [98.667, 3.5627],
    [98.6749, 3.5832],
    [98.6692, 3.5823],
    [98.6671, 3.5446],
    [98.6795, 3.5606],
    [98.6798, 3.5702],
    [98.6691, 3.584],
    [98.6635, 3.543],
    [98.6784, 3.5561],
    [98.681, 3.5514],
    [98.6701, 3.5823],
    [98.6795, 3.5606],
    [98.6766, 3.5594],
    [98.6837, 3.5637],
    [98.6736, 3.5826],
    [98.6727, 3.5811],
    [98.6686, 3.5732],
    [98.6659, 3.5594],
    [98.684, 3.5605],
    [98.6655, 3.5693],
    [98.6701, 3.5823],
    [98.6768, 3.5598],
    [98.6726, 3.5795],
    [98.6724, 3.5792],
    [98.6778, 3.5593],
    [98.6738, 3.5479],
    [98.6701, 3.5823],
    [98.6778, 3.5568],
    [98.6726, 3.5795],
    [98.6759, 3.5479],
    [98.6664, 3.5712],
    [98.6766, 3.5654],
    [98.6715, 3.5768],
    [98.6724, 3.5792],
    [98.6664, 3.5712],
    [98.6743, 3.5823],
    [98.6702, 3.5834],
    [98.6669, 3.5715],
    [98.6739, 3.5826],
    [98.664, 3.5561],
    [98.6722, 3.5802],
    [98.671, 3.5798],
    [98.6717, 3.5829],
    [98.6717, 3.5827],
    [98.6795, 3.5606],
    [98.6694, 3.5798],
    [98.668, 3.5692],
    [98.6786, 3.5644],
    [98.6717, 3.5829],
    [98.6818, 3.5549],
    [98.6692, 3.5822],
    [98.6715, 3.5834],
    [98.6726, 3.5523],
    [98.6672, 3.5489],
    [98.6726, 3.5442],
    [98.6745, 3.5709],
    [98.6664, 3.5712],
    [98.6715, 3.5834],
    [98.6664, 3.5712],
    [98.6717, 3.5706],
    [98.6696, 3.5814],
    [98.6715, 3.5837],
    [98.6784, 3.5561],
    [98.6743, 3.576],
    [98.6703, 3.5691],
    [98.6715, 3.5837],
    [98.6749, 3.5832],
    [98.6696, 3.5776],
    [98.6786, 3.5644],
    [98.6818, 3.5567],
    [98.6795, 3.5606],
    [98.6693, 3.5585],
    [98.6784, 3.5561],
    [98.671, 3.58],
    [98.6784, 3.5561],
    [98.6725, 3.5833],
    [98.6715, 3.5837],
    [98.6664, 3.5712],
    [98.6677, 3.546],
    [98.6726, 3.5795],
    [98.6724, 3.5792],
    [98.6795, 3.5606],
    [98.6706, 3.5619],
    [98.6786, 3.5644],
    [98.6705, 3.5824],
    [98.6686, 3.5732],
    [98.6795, 3.5606],
    [98.6742, 3.5761],
    [98.671, 3.58],
    [98.6786, 3.5644],
    [98.6795, 3.5606],
    [98.671, 3.58],
    [98.6829, 3.5475],
    [98.6668, 3.5587],
    [98.6739, 3.5826],
    [98.6715, 3.5837],
    [98.6682, 3.5743],
    [98.6733, 3.5495],
    [98.6643, 3.5719],
    [98.6795, 3.5606],
    [98.6726, 3.5795],
    [98.6655, 3.5693],
    [98.6793, 3.5568],
    [98.669, 3.5806],
    [98.6795, 3.5606],
    [98.6634, 3.5713],
    [98.6675, 3.5609],
    [98.6794, 3.5722],
    [98.6795, 3.5606],
    [98.6669, 3.5643],
    [98.6648, 3.5673],
    [98.6697, 3.5637],
    [98.6715, 3.5837],
    [98.6738, 3.5818],
    [98.6724, 3.5792],
    [98.6729, 3.5468],
    [98.6709, 3.5793],
    [98.6696, 3.5729],
    [98.6653, 3.5709],
    [98.6634, 3.5713],
    [98.6743, 3.5467],
    [98.6725, 3.5833],
    [98.6687, 3.581],
    [98.6703, 3.5637],
    [98.6677, 3.5692],
    [98.6679, 3.571],
    [98.6795, 3.5606],
    [98.6664, 3.5712],
    [98.6767, 3.578],
    [98.6817, 3.552],
    [98.6724, 3.5829],
    [98.6704, 3.5784],
    [98.6732, 3.5522],
    [98.6795, 3.5606],
    [98.6715, 3.5834],
    [98.6786, 3.5644],
    [98.6724, 3.5792],
    [98.6672, 3.5482],
    [98.6749, 3.5832],
    [98.6804, 3.5561],
    [98.6738, 3.5479],
    [98.6715, 3.5834],
    [98.669, 3.5812],
    [98.6634, 3.5713],
    [98.6691, 3.5817],
    [98.6795, 3.5713],
    [98.6743, 3.576],
    [98.6786, 3.5644],
    [98.6719, 3.5831],
    [98.6724, 3.5792],
    [98.6764, 3.5497],
    [98.671, 3.5798],
    [98.6772, 3.56],
    [98.6786, 3.5644],
    [98.6784, 3.5537],
    [98.6715, 3.5834],
    [98.6715, 3.5779],
    [98.6743, 3.5811],
    [98.6772, 3.56],
    [98.6795, 3.5606],
    [98.6797, 3.5584],
    [98.6731, 3.5702],
    [98.6747, 3.5806],
    [98.6839, 3.5668],
    [98.6648, 3.5729],
    [98.6718, 3.5829],
    [98.668, 3.5488],
    [98.6737, 3.5772],
    [98.6708, 3.578],
    [98.6715, 3.5837],
    [98.6724, 3.5792],
    [98.6634, 3.5713],
    [98.6717, 3.5829],
    [98.6669, 3.5643],
    [98.6671, 3.5446],
    [98.6634, 3.5713],
    [98.6648, 3.5667],
    [98.6675, 3.5736],
    [98.6766, 3.5654],
    [98.6809, 3.5701],
    [98.6634, 3.5713],
    [98.6815, 3.5548],
    [98.6726, 3.5771],
    [98.6715, 3.5834],
    [98.6715, 3.5834],
    [98.6776, 3.5467],
    [98.6763, 3.5719],
    [98.6759, 3.5722],
    [98.6712, 3.5786],
    [98.6795, 3.5606],
    [98.6818, 3.5567],
    [98.6646, 3.5678],
    [98.6764, 3.5814],
    [98.6737, 3.5757],
    [98.6809, 3.5704],
    [98.6715, 3.5837],
    [98.6726, 3.5795],
    [98.6732, 3.5522],
    [98.6724, 3.5792],
    [98.6715, 3.5834],
    [98.6724, 3.5792],
    [98.6694, 3.5798],
    [98.6818, 3.5567],
    [98.6818, 3.5567],
    [98.6702, 3.5726],
    [98.6743, 3.5811],
    [98.6715, 3.5837],
    [98.6713, 3.5833],
    [98.6786, 3.5644],
    [98.6726, 3.5795],
    [98.6783, 3.5578],
    [98.6659, 3.5603],
    [98.6677, 3.5683],
    [98.6717, 3.5828],
    [98.6724, 3.5792],
    [98.6709, 3.5509],
    [98.6847, 3.567],
    [98.6634, 3.5713],
    [98.6735, 3.5465],
    [98.6658, 3.5715],
    [98.6795, 3.5606],
    [98.6667, 3.5441],
    [98.6747, 3.5813],
    [98.6795, 3.5606],
    [98.6743, 3.5811],
    [98.6773, 3.5522],
    [98.6697, 3.5823],
    [98.6694, 3.5798],
    [98.6818, 3.5567],
    [98.6722, 3.5533],
    [98.6795, 3.5606],
    [98.6795, 3.5606],
    [98.6783, 3.5522],
    [98.6795, 3.5606],
    [98.6785, 3.5511],
    [98.6773, 3.5522],
    [98.6738, 3.5479],
    [98.6702, 3.5637],
    [98.6665, 3.5627],
    [98.6677, 3.5488],
    [98.6773, 3.5522],
    [98.6652, 3.5549],
    [98.6717, 3.5507],
    [98.6707, 3.5482],
    [98.6696, 3.568],
    [98.6668, 3.5717],
    [98.6784, 3.5561],
    [98.671, 3.58],
    [98.6702, 3.5834],
    [98.676, 3.5811],
    [98.6715, 3.5768],
    [98.6716, 3.5833],
    [98.6664, 3.5712],
    [98.6795, 3.5606],
    [98.6659, 3.5594],
    [98.6681, 3.571],
    [98.6775, 3.5599],
    [98.6708, 3.5482],
    [98.6715, 3.5834],
    [98.6689, 3.5839],
    [98.6797, 3.5584],
    [98.6659, 3.5594],
    [98.6815, 3.5548],
    [98.6795, 3.5606],
    [98.6695, 3.5804],
    [98.6728, 3.5477],
    [98.6668, 3.5608],
    [98.6784, 3.5561],
    [98.6743, 3.576],
    [98.677, 3.5574],
    [98.6648, 3.5673],
    [98.6633, 3.5688],
    [98.6743, 3.5823],
    [98.6675, 3.5736],
    [98.6709, 3.5804],
    [98.6715, 3.5837],
    [98.6784, 3.5561],
    [98.6668, 3.5701],
    [98.6778, 3.5593],
    [98.6664, 3.5712],
    [98.6677, 3.5683],
    [98.6694, 3.5798],
    [98.6724, 3.5792],
    [98.6694, 3.5798],
    [98.6784, 3.5561],
    [98.6677, 3.546],
    [98.6724, 3.5792],
    [98.669, 3.5474],
    [98.665, 3.5728],
    [98.6726, 3.5795],
    [98.6664, 3.5712],
    [98.6786, 3.5644],
    [98.6654, 3.5474],
    [98.6784, 3.5561],
    [98.6784, 3.5561],
    [98.6746, 3.5557],
    [98.6675, 3.5736],
    [98.6724, 3.5792],
    [98.6738, 3.5479],
    [98.671, 3.58],
    [98.6728, 3.5477],
    [98.6766, 3.5654],
    [98.6713, 3.5836],
    [98.6773, 3.5522],
    [98.6816, 3.553],
    [98.684, 3.5605],
    [98.6771, 3.5542],
    [98.6743, 3.5823],
    [98.6708, 3.5482],
    [98.6784, 3.5561],
    [98.6708, 3.5482],
    [98.6769, 3.5597],
    [98.6677, 3.546],
    [98.6653, 3.5653],
    [98.6782, 3.553],
    [98.6795, 3.5606],
    [98.6738, 3.5479],
    [98.6784, 3.5561],
    [98.6728, 3.5477],
    [98.6633, 3.5697],
    [98.6732, 3.5522],
    [98.6713, 3.5817],
    [98.6784, 3.5561],
    [98.6787, 3.5575],
    [98.6749, 3.5805],
    [98.6766, 3.5654],
    [98.6669, 3.5643],
    [98.6633, 3.5697],
    [98.6701, 3.5582],
    [98.6689, 3.5834],
    [98.6686, 3.5732],
    [98.6784, 3.5561],
    [98.6795, 3.5606],
    [98.6724, 3.5792],
    [98.6732, 3.5522],
    [98.668, 3.5715],
    [98.6724, 3.5792],
    [98.6701, 3.5828],
    [98.6784, 3.5561],
    [98.6691, 3.5722],
    [98.6795, 3.5564],
    [98.6818, 3.5567],
    [98.6773, 3.5565],
    [98.6712, 3.5823],
    [98.6694, 3.5798],
    [98.6726, 3.5771],
    [98.6795, 3.5606],
    [98.6659, 3.5465],
    [98.6784, 3.5561],
    [98.6676, 3.5583],
    [98.6701, 3.5823],
    [98.6729, 3.5833],
    [98.6677, 3.5692],
    [98.6712, 3.5786],
    [98.6733, 3.5701],
    [98.6634, 3.5713],
    [98.677, 3.5542],
    [98.6779, 3.5722],
    [98.6677, 3.5692],
    [98.6795, 3.5606],
    [98.6743, 3.5823],
    [98.6711, 3.5462],
    [98.6818, 3.5567],
    [98.6674, 3.5596],
    [98.6729, 3.5833],
    [98.6664, 3.547],
    [98.6795, 3.5606],
    [98.6638, 3.568],
    [98.6777, 3.5565],
    [98.6693, 3.5585],
    [98.6788, 3.56],
    [98.6726, 3.5795],
    [98.6766, 3.5654],
    [98.6693, 3.5635],
    [98.6686, 3.5732],
    [98.6813, 3.571],
    [98.669, 3.5461],
    [98.6839, 3.5668],
    [98.6777, 3.5592],
    [98.6818, 3.5567],
    [98.681, 3.5514],
    [98.6702, 3.5834],
    [98.6767, 3.578],
    [98.6702, 3.5834],
    [98.6729, 3.5462],
    [98.6729, 3.5468],
    [98.6693, 3.5681],
    [98.6786, 3.5644],
    [98.6816, 3.553],
    [98.6728, 3.5521],
    [98.6659, 3.5594],
    [98.6809, 3.5701],
    [98.6795, 3.5606],
    [98.6766, 3.5654],
    [98.6664, 3.5712],
    [98.6744, 3.5717],
    [98.6719, 3.572],
    [98.6744, 3.5717],
    [98.6733, 3.5701],
    [98.6709, 3.5777],
    [98.6794, 3.5722],
    [98.6659, 3.5708],
    [98.6809, 3.5514],
    [98.6723, 3.5463],
    [98.6717, 3.5484],
    [98.6693, 3.5738],
    [98.6727, 3.5495],
    [98.6766, 3.5654],
    [98.671, 3.58],
    [98.6716, 3.5833],
    [98.6689, 3.5824],
    [98.668, 3.5701],
    [98.6644, 3.5545],
    [98.6776, 3.5481],
    [98.6669, 3.5643],
    [98.6703, 3.5691],
    [98.6716, 3.5808],
    [98.6724, 3.5792],
    [98.6784, 3.5561],
    [98.6724, 3.5792],
    [98.666, 3.5708],
    [98.6659, 3.5594],
    [98.6724, 3.5792],
    [98.681, 3.5518],
    [98.6659, 3.5594],
    [98.669, 3.5474],
    [98.6729, 3.5833],
    [98.6634, 3.5713],
    [98.6718, 3.5789],
    [98.6715, 3.5834],
    [98.6799, 3.5565],
    [98.6715, 3.5834],
    [98.6795, 3.5606],
    [98.6708, 3.5509],
    [98.671, 3.5482],
    [98.6773, 3.5522],
    [98.6648, 3.5433],
    [98.6647, 3.5597],
    [98.6649, 3.554],
    [98.6657, 3.556],
    [98.6694, 3.5603],
    [98.6771, 3.5687],
    [98.6816, 3.5478],
    [98.6726, 3.5523],
    [98.6732, 3.5522],
    [98.6672, 3.5489],
    [98.6677, 3.546],
    [98.6677, 3.546],
    [98.6654, 3.5476],
    [98.6654, 3.5474],
    [98.6654, 3.5463],
    [98.6661, 3.5468],
    [98.6691, 3.5463],
    [98.6655, 3.5693],
    [98.6646, 3.5653],
    [98.6687, 3.5625],
    [98.6693, 3.561],
    [98.6659, 3.5594],
    [98.6674, 3.5596],
    [98.6728, 3.5477],
    [98.6807, 3.5451],
    [98.6675, 3.5619],
    [98.6796, 3.5587],
    [98.6742, 3.5459],
    [98.6685, 3.5599],
    [98.6674, 3.5596],
    [98.6722, 3.5533],
    [98.6674, 3.5596],
    [98.6676, 3.5583],
    [98.6656, 3.5459],
    [98.665, 3.5562],
    [98.6706, 3.5482],
    [98.6794, 3.5513],
    [98.6634, 3.5432],
    [98.6708, 3.578],
    [98.6733, 3.5468],
    [98.6773, 3.5522],
    [98.6783, 3.5498],
    [98.6773, 3.5522],
    [98.6776, 3.5481],
    [98.6781, 3.5528],
    [98.6773, 3.5522],
    [98.6738, 3.5479],
    [98.6728, 3.5477],
    [98.6728, 3.5477],
    [98.6724, 3.5434],
    [98.6724, 3.5454],
    [98.6714, 3.5458],
    [98.6699, 3.546],
    [98.6671, 3.5446],
    [98.665, 3.5438],
    [98.6643, 3.5458],
    [98.6746, 3.5523],
    [98.6773, 3.5522],
    [98.6732, 3.5522],
    [98.6732, 3.5522],
    [98.6738, 3.5479],
    [98.6752, 3.5523],
    [98.6747, 3.5523],
    [98.666, 3.5499],
    [98.6687, 3.5471],
    [98.6654, 3.5476],
    [98.6655, 3.5476],
    [98.6718, 3.5482],
    [98.6735, 3.5465],
    [98.6728, 3.5477],
    [98.6723, 3.5463],
    [98.6642, 3.5653],
    [98.6648, 3.5673],
    [98.668, 3.5644],
    [98.668, 3.5613],
    [98.6669, 3.5602],
    [98.6665, 3.5597],
    [98.6673, 3.5608],
    [98.6664, 3.559],
    [98.6659, 3.5594],
    [98.6659, 3.5594],
    [98.6659, 3.5594],
    [98.6659, 3.5594],
    [98.6648, 3.5545],
    [98.6659, 3.5594],
    [98.6705, 3.5619],
    [98.6703, 3.5691],
    [98.6632, 3.5716],
    [98.6634, 3.5713],
    [98.6647, 3.5671],
    [98.6693, 3.5585],
    [98.6631, 3.568],
    [98.6618, 3.5681],
    [98.6728, 3.5477],
    [98.6743, 3.5811],
    [98.6794, 3.5513],
    [98.6635, 3.5425],
    [98.6718, 3.5711],
    [98.6673, 3.5595],
    [98.6732, 3.5522],
    [98.6732, 3.5522],
    [98.6672, 3.5489],
    [98.6773, 3.5522],
    [98.6728, 3.5477],
    [98.6672, 3.5424],
    [98.6731, 3.5472],
    [98.6738, 3.5479],
    [98.6724, 3.5434],
    [98.6724, 3.5434],
    [98.6637, 3.545],
    [98.6701, 3.5823],
    [98.6664, 3.5625],
    [98.6682, 3.5644],
    [98.666, 3.5613],
    [98.6647, 3.5597],
    [98.6658, 3.5585],
    [98.6676, 3.5583],
    [98.665, 3.5562],
    [98.665, 3.5562],
    [98.6652, 3.5549],
    [98.665, 3.5562],
    [98.6757, 3.5549],
    [98.6633, 3.5471],
    [98.6688, 3.5469],
    [98.6655, 3.5476],
    [98.6664, 3.559],
    [98.677, 3.5524],
    [98.6679, 3.5462],
    [98.669, 3.5474],
    [98.6728, 3.5477],
    [98.6773, 3.5522],
    [98.6784, 3.5505],
    [98.6772, 3.5489],
    [98.6773, 3.5445],
    [98.671, 3.5455],
    [98.6671, 3.5446],
    [98.6654, 3.5474],
    [98.6654, 3.5474],
    [98.6633, 3.568],
    [98.6648, 3.5667],
    [98.6671, 3.5643],
    [98.6677, 3.5626],
    [98.6674, 3.5596],
    [98.6647, 3.5597],
    [98.6659, 3.5594],
    [98.6659, 3.5594],
    [98.6664, 3.5563],
    [98.6842, 3.5541],
    [98.6763, 3.5523],
    [98.6719, 3.5518],
    [98.6738, 3.5479],
    [98.6654, 3.5474],
    [98.671, 3.5829],
    [98.6641, 3.5692],
    [98.6678, 3.5693],
    [98.6678, 3.5693],
    [98.6677, 3.5692],
    [98.6786, 3.5644],
    [98.6696, 3.5772],
    [98.6668, 3.5587],
    [98.6813, 3.5499],
    [98.6711, 3.5518],
    [98.6633, 3.5471],
    [98.6735, 3.5465],
    [98.6692, 3.5823],
    [98.6659, 3.5594],
    [98.6655, 3.549],
    [98.6671, 3.5486],
    [98.6773, 3.5522],
    [98.6773, 3.5522],
    [98.6642, 3.5451],
    [98.6712, 3.5823],
    [98.6616, 3.568],
    [98.666, 3.5612],
    [98.6659, 3.5708],
    [98.6631, 3.5696],
    [98.6784, 3.5537],
    [98.6683, 3.5442],
    [98.6677, 3.546],
    [98.6698, 3.5825],
    [98.6646, 3.5697],
    [98.6648, 3.5545],
    [98.6633, 3.5471],
    [98.6655, 3.5483],
    [98.6794, 3.5514],
    [98.6783, 3.5522],
    [98.6702, 3.5834],
    [98.6661, 3.5584],
    [98.665, 3.5562],
    [98.6669, 3.5643],
    [98.6664, 3.5563],
    [98.6692, 3.5454],
    [98.6687, 3.5669],
    [98.6701, 3.5803],
    [98.6718, 3.5522],
    [98.6724, 3.5434],
    [98.678, 3.5481],
    [98.6623, 3.5459],
    [98.6699, 3.5494],
    [98.6738, 3.5479],
    [98.6735, 3.5465],
    [98.6784, 3.5537],
    [98.6759, 3.5479],
    [98.6728, 3.5477],
    [98.671, 3.5455],
    [98.6699, 3.546],
    [98.6656, 3.546],
    [98.665, 3.5429],
    [98.6716, 3.5822],
    [98.6633, 3.5688],
    [98.6694, 3.5486],
    [98.6702, 3.5498],
    [98.6692, 3.5823],
    [98.6655, 3.5693],
    [98.6676, 3.5583],
    [98.669, 3.5484],
    [98.669, 3.5474],
    [98.6677, 3.546],
    [98.6677, 3.546],
    [98.6677, 3.546],
    [98.6659, 3.5594],
    [98.666, 3.5582],
    [98.6667, 3.5489],
    [98.668, 3.5614],
    [98.6724, 3.5758],
    [98.6733, 3.5521],
    [98.6809, 3.5521],
    [98.6643, 3.5448],
    [98.6643, 3.5448],
    [98.667, 3.5714],
    [98.665, 3.5728],
    [98.6655, 3.5699],
    [98.6768, 3.5522],
    [98.6749, 3.5712],
    [98.669, 3.5806],
    [98.6684, 3.5724],
    [98.6789, 3.5707],
    [98.677, 3.5542],
    [98.6677, 3.546],
    [98.6724, 3.5792],
    [98.6639, 3.5713],
    [98.6736, 3.5522],
    [98.6736, 3.5522],
    [98.6691, 3.5804],
    [98.6766, 3.5654],
    [98.6669, 3.5643],
    [98.6771, 3.5542],
    [98.6717, 3.5484],
    [98.6677, 3.546],
    [98.676, 3.5811],
    [98.6702, 3.5829],
    [98.6773, 3.5493],
    [98.6728, 3.5477],
    [98.6693, 3.5823],
    [98.6634, 3.5711],
    [98.6784, 3.5561],
    [98.6749, 3.5805],
    [98.6804, 3.5561],
    [98.6809, 3.5521],
    [98.6804, 3.5561],
    [98.667, 3.5609],
    [98.6667, 3.5441],
    [98.6666, 3.5431],
    [98.6722, 3.5533],
    [98.6693, 3.5803],
    [98.6711, 3.5824],
    [98.6711, 3.5824],
    [98.6647, 3.5729],
    [98.6766, 3.5594],
    [98.6839, 3.5668],
    [98.6762, 3.579],
    [98.6759, 3.5811],
    [98.6669, 3.5643],
    [98.6784, 3.5561],
    [98.6775, 3.5603],
    [98.6807, 3.5521],
    [98.6706, 3.5477],
    [98.669, 3.5806],
    [98.6746, 3.5804],
    [98.6723, 3.5785],
    [98.6743, 3.579],
    [98.6823, 3.5516],
    [98.6728, 3.5477],
    [98.665, 3.5728],
    [98.6731, 3.5472],
    [98.6731, 3.5472],
    [98.6717, 3.5827],
    [98.6716, 3.5827],
    [98.6749, 3.5764]
  ]
}
