{
  "type": "FeatureCollection",
  "properties": [
    ["id","nama_usaha","alamat","jenis_peta","kecamatan","kelurahan_desa","sls","blok_sensus","telepon","kbli_kategori","sumber_data"],
    ["17","Puskesmas Simalingkar","Jl. Bawang Raya No.37","prelist","MEDAN TUNTUNGAN","MANGGA","LINGKUNGAN 15","","(061) 8368366","Q. Jasa Kesehatan dan Kegiatan Sosial","Gmaps + SBR"],
    ["18","Klinik Tutamana","Jl. Sawit Raya","prelist","MEDAN TUNTUNGAN","MANGGA","LINGKUNGAN 10","","","Q. Jasa Kesehatan dan Kegiatan Sosial","Gmaps + SBR"],
    ["19","Apotek Gita Farma","Kemenangan Tani, Kec. Medan Tuntungan, Kota Medan, Sumatera Utara 20136","prelist","MEDAN TUNTUNGAN","KEMENANGAN TANI","LINGKUNGAN 3","","","Q. Jasa Kesehatan dan Kegiatan Sosial","Gmaps + SBR"],
    ["20","Apotek Marthen","Mangga, Kec. Medan Tuntungan, Kota Medan, Sumatera Utara 20142","prelist","MEDAN TUNTUNGAN","MANGGA","LINGKUNGAN 9","","","Q. Jasa Kesehatan dan Kegiatan Sosial","Gmaps + SBR"],
    ["21","Apotek guna farma","Jl. Kapiten Purba No.2","prelist","MEDAN TUNTUNGAN","MANGGA","LINGKUNGAN 3","","","Q. Jasa Kesehatan dan Kegiatan Sosial","Gmaps + SBR"],
    ["22","apotek keluarga farma","Jl. Kapiten Purba No.3C","prelist","MEDAN TUNTUNGAN","MANGGA","LINGKUNGAN 3","","","Q. Jasa Kesehatan dan Kegiatan Sosial","Gmaps + SBR"],
    ["23","Apotek Mako Farma","Jl. Jamin Ginting No.117A","prelist","MEDAN TUNTUNGAN","MANGGA","LINGKUNGAN 3","","","Q. Jasa Kesehatan dan Kegiatan Sosial","Gmaps + SBR"],
    ["24","Prima Lestari Apotik","Jl. Flamboyan Raya No.47/B","prelist","MEDAN TUNTUNGAN","TANJUNG SELAMAT","LINGKUNGAN 7","","(061) 8212905","Q. Jasa Kesehatan dan Kegiatan Sosial","Gmaps + SBR"],
    ["25","Apotek Sada Arih","Jl. Bunga Lau","prelist","MEDAN TUNTUNGAN","KEMENANGAN TANI","LINGKUNGAN 3","","","Q. Jasa Kesehatan dan Kegiatan Sosial","Gmaps + SBR"],
    ["26","Garista Gym","Jl. Jamin Ginting","prelist","MEDAN TUNTUNGAN","MANGGA","LINGKUNGAN 4","","","R. Kesenian, Hiburan dan Rekreasi","Gmaps + SBR"],
    ["27","Sanggar Sitopak Sada","Jl. Citra Anggrek No.11","prelist","MEDAN TUNTUNGAN","SIMPANG SELAYANG","LINGKUNGAN 9","","","R. Kesenian, Hiburan dan Rekreasi","Gmaps + SBR"],
    ["28","Blessing Laundry & Dry Clean","Jl. Tembakau Raya No.53","prelist","MEDAN TUNTUNGAN","MANGGA","LINGKUNGAN 13","","","S. Aktivitas Jasa Lainnya","Gmaps + SBR"],
    ["29","Doorsmeer Hasibuan","Jl. Karet Raya No.56","prelist","MEDAN TUNTUNGAN","MANGGA","LINGKUNGAN 9","","0895-0290-6906","S. Aktivitas Jasa Lainnya","Gmaps + SBR"],
    ["30","Jimmy Service","Jl. Kapiten Purba No.36","prelist","MEDAN TUNTUNGAN","MANGGA","LINGKUNGAN 3","","","S. Aktivitas Jasa Lainnya","Gmaps + SBR"],
    ["33","Loket HIMPAK Lau Cih","Jl. Jamin Ginting No.Km. 12","prelist","MEDAN TUNTUNGAN","LAU CIH","LINGKUNGAN 1","","","H. Transportasi dan Pergudangan","Gmaps + SBR"],
    ["34","Kantor Pos RYZ Medan Tuntungan","Jl. Pinus Raya No.1","prelist","MEDAN TUNTUNGAN","MANGGA","LINGKUNGAN 13","","0852-6166-4105","H. Transportasi dan Pergudangan","Gmaps + SBR"],
    ["35","Hotel Sentabi Panembahen","Jl. Jamin Ginting No.Km","prelist","MEDAN TUNTUNGAN","LADANG BAMBU","LINGKUNGAN 1","","","I. Penyediaan Akomodasi dan Makan Minum","Gmaps + SBR"],
    ["36","SMK Kesehatan Wirahusada","Jl. Bunga Ncole Raya No.100","prelist","MEDAN TUNTUNGAN","KEMENANGAN TANI","LINGKUNGAN 5","","","P. Pendidikan","Gmaps + SBR"],
    ["37","Medan International School","Jl. Tali Air No.5","prelist","MEDAN TUNTUNGAN","MANGGA","LINGKUNGAN 4","","","P. Pendidikan","Gmaps + SBR"],
    ["38","Bless School","Jl. Kopra Raya","prelist","MEDAN TUNTUNGAN","MANGGA","LINGKUNGAN 18","","0822-4873-5636","P. Pendidikan","Gmaps + SBR"],
    ["39","SD NEGERI 067246","Jl. Flamboyan Raya Gg. Inpres","prelist","MEDAN TUNTUNGAN","TANJUNG SELAMAT","LINGKUNGAN 2","","","P. Pendidikan","Gmaps + SBR"],
    ["40","SMK SWASTA BHARLIND","Jl. Jamin Ginting Km 10","prelist","MEDAN TUNTUNGAN","SIMPANG SELAYANG","LINGKUNGAN 5","","0812-6573-8674","P. Pendidikan","Gmaps + SBR"],
    ["41","SMA Negeri 17 Medan","Jl. Jamin Ginting No.Km 13","prelist","MEDAN TUNTUNGAN","LAU CIH","LINGKUNGAN 2","","(061) 8360082","P. Pendidikan","Gmaps + SBR"],
    ["44","Poltekkes Medan","Jl. Jamin Ginting No.Km.13","prelist","MEDAN TUNTUNGAN","LAU CIH","LINGKUNGAN 1","","(061) 8368633","P. Pendidikan","Gmaps + SBR"],
    ["45","Sekolah Menengah Atas Puteri Sion","Jl. Jamin Ginting No.160","prelist","MEDAN TUNTUNGAN","MANGGA","LINGKUNGAN 3","","(061) 8362822","P. Pendidikan","Gmaps + SBR"],
    ["46","SMP Swasta Islam Terpadu SITI HAJAR","Jl. Bunga Pancur","prelist","MEDAN TUNTUNGAN","SIMPANG SELAYANG","LINGKUNGAN 4","","","P. Pendidikan","Gmaps + SBR"],
    ["47","SD Negeri","Jl. Flamboyan Raya No.100","prelist","MEDAN TUNTUNGAN","TANJUNG SELAMAT","LINGKUNGAN 6","","","P. Pendidikan","Gmaps + SBR"],
    ["48","PAUD MITRA BERSAMA","Jl. Sawit Raya","prelist","MEDAN TUNTUNGAN","MANGGA","LINGKUNGAN 11","","","P. Pendidikan","Gmaps + SBR"],
    ["49","Royal Gypsum","Perumnas Simalingkar Jl. Jamin Ginting No.166 A, Mangga, Kec. Medan Tuntungan, Kota Medan, Sumatera Utara 20135","prelist","MEDAN TUNTUNGAN","MANGGA","LINGKUNGAN 3","","","F. Konstruksi","Gmaps + SBR"],
    ["50","Jambur Ernala","Jl. Kapiten Purba No.16","prelist","MEDAN TUNTUNGAN","MANGGA","LINGKUNGAN 3","","","L. Real Estat","Gmaps + SBR"],
    ["51","Indomaret Karet Raya","Jl. Karet Raya","prelist","MEDAN TUNTUNGAN","MANGGA","LINGKUNGAN 7","","","G. Perdagangan Besar dan Eceran, Reparasi Mobil dan Sepeda Motor","Gmaps + SBR"],
    ["52","Sembiring","Jl. Sawit Raya","prelist","MEDAN TUNTUNGAN","MANGGA","LINGKUNGAN 10","","0813-7630-5111","G. Perdagangan Besar dan Eceran, Reparasi Mobil dan Sepeda Motor","Gmaps + SBR"],
    ["53","Clara Mart","Jl. Jamin Ginting No.Km 14","prelist","MEDAN TUNTUNGAN","LADANG BAMBU","LINGKUNGAN 1","","0811-6242-477","G. Perdagangan Besar dan Eceran, Reparasi Mobil dan Sepeda Motor","Gmaps + SBR"],
    ["54","Indomaret Mangga","Jl. Kapiten Purba","prelist","MEDAN TUNTUNGAN","MANGGA","LINGKUNGAN 3","","","G. Perdagangan Besar dan Eceran, Reparasi Mobil dan Sepeda Motor","Gmaps + SBR"],
    ["55","TOKO YERIS","Jl. Flamboyan Raya","prelist","MEDAN TUNTUNGAN","TANJUNG SELAMAT","LINGKUNGAN 2","","","G. Perdagangan Besar dan Eceran, Reparasi Mobil dan Sepeda Motor","Gmaps + SBR"],
    ["56","Sahara Ponsel","Jl. Bunga Lau No.5","prelist","MEDAN TUNTUNGAN","KEMENANGAN TANI","LINGKUNGAN 3","","","G. Perdagangan Besar dan Eceran, Reparasi Mobil dan Sepeda Motor","Gmaps + SBR"],
    ["57","Star GT Ponsel","Jl. Jamin Ginting No.108F","prelist","MEDAN TUNTUNGAN","MANGGA","LINGKUNGAN 2","","","G. Perdagangan Besar dan Eceran, Reparasi Mobil dan Sepeda Motor","Gmaps + SBR"],
    ["58","7Naga Computer","Jl. Tembakau Raya Simalingkar No.68","prelist","MEDAN TUNTUNGAN","MANGGA","LINGKUNGAN 15","","","G. Perdagangan Besar dan Eceran, Reparasi Mobil dan Sepeda Motor","Gmaps + SBR"],
    ["59","KSU Prima Jaya Mandiri","Jl. Bunga Sakura No.26","prelist","MEDAN TUNTUNGAN","TANJUNG SELAMAT","LINGKUNGAN 4","","(061) 8215661","G. Perdagangan Besar dan Eceran, Reparasi Mobil dan Sepeda Motor","Gmaps + SBR"],
    ["62","Lovely Holiday. PT","Jl. Flamboyan Raya No.4","prelist","MEDAN TUNTUNGAN","TANJUNG SELAMAT","LINGKUNGAN 6","","0812-6099-143","H. Transportasi dan Pergudangan","Gmaps + SBR"],
    ["63","Efata Tour And Travel","Jl. Jamin Ginting No.160","prelist","MEDAN TUNTUNGAN","MANGGA","LINGKUNGAN 3","","","H. Transportasi dan Pergudangan","Gmaps + SBR"],
    ["64","PT. Valmetri Lawi","Jl. Jamin Ginting No.12","prelist","MEDAN TUNTUNGAN","KEMENANGAN TANI","LINGKUNGAN 1","","(061) 8364288","H. Transportasi dan Pergudangan","Gmaps + SBR"],
    ["68","Kolam Pancing Permai Indah","Tj. Selamat, Kec. Medan Tuntungan, Kota Medan, Sumatera Utara 20134","prelist","MEDAN TUNTUNGAN","TANJUNG SELAMAT","LINGKUNGAN 7","","0821-6651-5615","A. Pertanian, Kehutanan dan Perikanan","Gmaps + SBR"],
    ["69","Kolam Pancing Galatama Melati Indah","Jl. Flamboyan Raya No.111","prelist","MEDAN TUNTUNGAN","TANJUNG SELAMAT","LINGKUNGAN 3","","","A. Pertanian, Kehutanan dan Perikanan","Gmaps + SBR"],
    ["70","Kolam Pancing Family","Tj. Selamat, Kec. Medan Tuntungan, Kota Medan, Sumatera Utara 20351","prelist","MEDAN TUNTUNGAN","TANJUNG SELAMAT","LINGKUNGAN 3","","0822-1005-7106","A. Pertanian, Kehutanan dan Perikanan","Gmaps + SBR"],
    ["71","SPBU Selayang Utama","Jl. Setia Budi No.62 B","prelist","MEDAN TUNTUNGAN","SIMPANG SELAYANG","LINGKUNGAN 2","","","D. Pengadaan Listrik, Gas, Uap/Air Panas dan Udara Dingin","Gmaps + SBR"],
    ["72","SPBU","Jl. Jamin Ginting","prelist","MEDAN TUNTUNGAN","MANGGA","LINGKUNGAN 1","","","D. Pengadaan Listrik, Gas, Uap/Air Panas dan Udara Dingin","Gmaps + SBR"],
    ["73","PT. BATU TERUH LEKANG","Jl. Bunga Ncole Raya Gg. Tarigan","prelist","MEDAN TUNTUNGAN","KEMENANGAN TANI","LINGKUNGAN 5","","","B. Pertambangan dan Penggalian","Gmaps + SBR"],
    ["74","Pangkalan LPG 3KG Ginting Gas","Jl. Flamboyan Raya No.57","prelist","MEDAN TUNTUNGAN","TANJUNG SELAMAT","LINGKUNGAN 9","","","D. Pengadaan Listrik, Gas, Uap/Air Panas dan Udara Dingin","Gmaps + SBR"],
    ["75","Rumah Makan Lubis","Jl. Tembakau Raya No.7","prelist","MEDAN TUNTUNGAN","MANGGA","LINGKUNGAN 19","","","C. Industri Pengolahan","Gmaps + SBR"],
    ["79","TOKO ALAT JAHIT","Jl. Bunga Sakura No.3","prelist","MEDAN TUNTUNGAN","TANJUNG SELAMAT","LINGKUNGAN 2","","","C. Industri Pengolahan","Gmaps + SBR"],
    ["80","Royal Sumatera","Jl. Jamin Ginting No.Km.8","prelist","MEDAN TUNTUNGAN","MANGGA","LINGKUNGAN 5","","","L. Real Estat","Gmaps + SBR"],
    ["2897","SDN 068003","Jalan Kayu Manis 1","prelist","MEDAN TUNTUNGAN","MANGGA","LINGKUNGAN 6","","","P. Pendidikan","Gmaps + SBR"],
    ["2898","TK Budi Murni 2","Jl. Tembakau 17 No.2","prelist","MEDAN TUNTUNGAN","MANGGA","LINGKUNGAN 22","","(061) 8362838","P. Pendidikan","Gmaps + SBR"],
    ["2899","Mutiara Kids","Komplek Stella Residence","prelist","MEDAN TUNTUNGAN","SIMPANG SELAYANG","LINGKUNGAN 11","","","P. Pendidikan","Gmaps + SBR"],
    ["2900","SDN 067247","Jl. Bunga Malem Vii","prelist","MEDAN TUNTUNGAN","LAU CIH","LINGKUNGAN 3","","","P. Pendidikan","Gmaps + SBR"],
    ["2901","SMP N 31 Medan","Jl. Jamin Ginting No.Km. 13","prelist","MEDAN TUNTUNGAN","LAU CIH","LINGKUNGAN 2","","(061) 8360694","P. Pendidikan","Gmaps + SBR"],
    ["2902","STT Injili Indonesia Medan","Jl. Bunga Malem Vi","prelist","MEDAN TUNTUNGAN","LAU CIH","LINGKUNGAN 2","","(061) 8368605","P. Pendidikan","Gmaps + SBR"],
    ["2903","TK-RA. Al - Hasanah","Jl. Bunga Melati No.18","prelist","MEDAN TUNTUNGAN","KEMENANGAN TANI","LINGKUNGAN 2","","","P. Pendidikan","Gmaps + SBR"],
    ["2904","Stikes Sumatera Utara","Lau Cih, Kec. Medan Tuntungan, Kota Medan, Sumatera Utara 20136","prelist","MEDAN TUNTUNGAN","LAU CIH","LINGKUNGAN 1","","(061) 8363269","P. Pendidikan","Gmaps + SBR"],
    ["2905","Pesantren Ar-Raudlatul Hasanah.","Jl. Setia Budi","prelist","MEDAN TUNTUNGAN","SIMPANG SELAYANG","LINGKUNGAN 2","","","P. Pendidikan","Gmaps + SBR"],
    ["2906","SMK Muhammadiyah 9 Medan Gedung 2","Jl. Flamboyan Raya Gg. Kh. Ahmad Dahlan No.22","prelist","MEDAN TUNTUNGAN","TANJUNG SELAMAT","LINGKUNGAN 2","","","P. Pendidikan","Gmaps + SBR"],
    ["2907","SD Muhammadiyah 34","Jl. Sawit Raya","prelist","MEDAN TUNTUNGAN","MANGGA","LINGKUNGAN 8","","","P. Pendidikan","Gmaps + SBR"],
    ["2908","Excellent Education Centre","Jl. Tembakau Raya No.16","prelist","MEDAN TUNTUNGAN","MANGGA","LINGKUNGAN 16","","0852-6261-8144","P. Pendidikan","Gmaps + SBR"],
    ["2909","Lembaga Kursus Dan Pelatihan Menjahit Tata Busana Girly Mode","Jl. Stella Raya","prelist","MEDAN TUNTUNGAN","SIMPANG SELAYANG","LINGKUNGAN 16","","","P. Pendidikan","Gmaps + SBR"],
    ["2910","Dina Education Centre","Jl. Tembakau Raya No.106","prelist","MEDAN TUNTUNGAN","MANGGA","LINGKUNGAN 15","","(061) 8363612","P. Pendidikan","Gmaps + SBR"],
    ["2911","Klinik Pratama Frans","Jl. Bunga Ncole Raya No.56","prelist","MEDAN TUNTUNGAN","KEMENANGAN TANI","LINGKUNGAN 2","","","Q. Jasa Kesehatan dan Kegiatan Sosial","Gmaps + SBR"],
    ["2912","Rumah Sakit Jiwa \"RSJ\" Bina Karsa Medan","Jl. Pales Iii No.19","prelist","MEDAN TUNTUNGAN","SIMPANG SELAYANG","LINGKUNGAN 7","","","Q. Jasa Kesehatan dan Kegiatan Sosial","Gmaps + SBR"],
    ["2924","Masjid Ar Raudlatul Hasanah","Jl. Setia Budi","prelist","MEDAN TUNTUNGAN","SIMPANG SELAYANG","LINGKUNGAN 2","","","P. Pendidikan","Gmaps"],
    ["2925","Madrasah Tahfidzul Qur’an An-Nur","Perumahan Dosen Ekonomi Usu","prelist","MEDAN TUNTUNGAN","TANJUNG SELAMAT","LINGKUNGAN 9","","","P. Pendidikan","Gmaps"],
    ["2926","STIT AR RAUDLATUL HASANAH","Jl. Setia Budi","prelist","MEDAN TUNTUNGAN","SIMPANG SELAYANG","LINGKUNGAN 2","","(061) 8360135","P. Pendidikan","Gmaps"],
    ["2927","TAHFIDZ INTENSIVE CENTER MEDAN","Jl. Stella Raya No.130","prelist","MEDAN TUNTUNGAN","SIMPANG SELAYANG","LINGKUNGAN 10","","","P. Pendidikan","Gmaps"],
    ["2928","Gerbang 3 Pesantren Ar-Raudlatul Hasanah","Jl. Paya Bundung","prelist","MEDAN TUNTUNGAN","SIMPANG SELAYANG","LINGKUNGAN 2","","0821-6000-8001","P. Pendidikan","Gmaps"],
    ["2929","Pondok Pesantren Tahfidz Al Quran Darul Huffadz Al-Ihsan","Baru Ladang Bambu, Kec. Medan Tuntungan, Kota Medan, Sumatera Utara 20138","prelist","MEDAN TUNTUNGAN","LADANG BAMBU","LINGKUNGAN 4","","","P. Pendidikan","Gmaps"],
    ["2930","Pondok Pesantren Amrullah Akabar","Jl. Petunia Raya No.7","prelist","MEDAN TUNTUNGAN","NAMO GAJAH","LINGKUNGAN 2","","0813-6117-2271","P. Pendidikan","Gmaps"],
    ["2931","Pondok pesantren Al habib","p.brandan, Simpang Selayang, Kec. Medan Tuntungan, Kota Medan, Sumatera Utara","prelist","MEDAN TUNTUNGAN","SIMPANG SELAYANG","LINGKUNGAN 11","","","P. Pendidikan","Gmaps"],
    ["2932","Gerbang 2 Pesantren Ar-Raudlatul Hasanah","Jl. Bunga Pancur Siwah","prelist","MEDAN TUNTUNGAN","SIMPANG SELAYANG","LINGKUNGAN 2","","","P. Pendidikan","Gmaps"],
    ["2933","Sulaimaniyah Haji Anif Tuntungan","Namu Gajah, Kec. Medan Tuntungan, Kota Medan, Sumatera Utara 20136","prelist","MEDAN TUNTUNGAN","NAMO GAJAH","LINGKUNGAN 3","","","P. Pendidikan","Gmaps"],
    ["2934","PAUD Yapensida","Jl. Damar Raya Perumnas No.8 No.2","prelist","MEDAN TUNTUNGAN","MANGGA","LINGKUNGAN 11","","","P. Pendidikan","Gmaps"],
    ["34126","Girik Poultry Shop","Jl. Kopra Raya No.61","prelist","MEDAN TUNTUNGAN","MANGGA","LINGKUNGAN 19","","","A. Pertanian, Kehutanan dan Perikanan","Gmaps"],
    ["34127","toko pupuk","Jl. Jamin Ginting No.124","prelist","MEDAN TUNTUNGAN","SIMPANG SELAYANG","LINGKUNGAN 2","","","A. Pertanian, Kehutanan dan Perikanan","Gmaps"],
    ["34128","ASOSIASI PETERNAK KAMBING PERAH MEDAN","Jl. Dahlia Vi No.287","prelist","MEDAN TUNTUNGAN","SIMPANG SELAYANG","LINGKUNGAN 8","","","A. Pertanian, Kehutanan dan Perikanan","Gmaps"],
    ["34129","Bina Farm Center","Jl. Seroja I","prelist","MEDAN TUNTUNGAN","TANJUNG SELAMAT","LINGKUNGAN 8","","0812-6924-5928","A. Pertanian, Kehutanan dan Perikanan","Gmaps"],
    ["34130","Topan Farm","Jl. Jamin Ginting","prelist","MEDAN TUNTUNGAN","SIMPANG SELAYANG","LINGKUNGAN 3","","","A. Pertanian, Kehutanan dan Perikanan","Gmaps"],
    ["34131","Pembibitan cabe Hendri duin BPEK kota Medan dapil 5","Jl. Bunga Rinte No.366","prelist","MEDAN TUNTUNGAN","SIMPANG SELAYANG","LINGKUNGAN 17","","","A. Pertanian, Kehutanan dan Perikanan","Gmaps"],
    ["34132","Pasar Induk Medan Tuntungan","Kemenangan Tani, Kec. Medan Tuntungan, Kota Medan, Sumatera Utara 20353","prelist","MEDAN TUNTUNGAN","LAU CIH","LINGKUNGAN 3","","0821-6556-7878","A. Pertanian, Kehutanan dan Perikanan","Gmaps"],
    ["34133","KEBUN BIBIT MEDAN","Jl. Jamin Ginting No.Km 9","prelist","MEDAN TUNTUNGAN","MANGGA","LINGKUNGAN 1","","","A. Pertanian, Kehutanan dan Perikanan","Gmaps"],
    ["34134","Perkebunan Pak Sofian Ginting","Jl. Stella Raya","prelist","MEDAN TUNTUNGAN","SIMPANG SELAYANG","LINGKUNGAN 13","","","A. Pertanian, Kehutanan dan Perikanan","Gmaps"],
    ["34135","PuGan Farm","Jalan Jamin Ginting Km 12","prelist","MEDAN TUNTUNGAN","LAU CIH","LINGKUNGAN 1","","","A. Pertanian, Kehutanan dan Perikanan","Gmaps"],
    ["34136","Gudang","Jl. Bunga Sakura","prelist","MEDAN TUNTUNGAN","TANJUNG SELAMAT","LINGKUNGAN 1","","","A. Pertanian, Kehutanan dan Perikanan","Gmaps"],
    ["34137","Toko Pupuk Yade","Jl. Bunga Sakura No.56","prelist","MEDAN TUNTUNGAN","TANJUNG SELAMAT","LINGKUNGAN 1","","0812-6156-1451","A. Pertanian, Kehutanan dan Perikanan","Gmaps"],
    ["34138","PONDOK TANAMAN","Jl. Flamboyan Raya","prelist","MEDAN TUNTUNGAN","TANJUNG SELAMAT","LINGKUNGAN 8","","0852-7516-2232","A. Pertanian, Kehutanan dan Perikanan","Gmaps"],
    ["34142","Unggas Jaya Mandiri","Jl. Petunia Raya Gg. Karunia","prelist","MEDAN TUNTUNGAN","NAMO GAJAH","LINGKUNGAN 3","","","A. Pertanian, Kehutanan dan Perikanan","Gmaps"],
    ["34143","Situmorang Farm","Gang Hkbp.Pardomuan","prelist","MEDAN TUNTUNGAN","SIMALINGKAR B","LINGKUNGAN 1","","","A. Pertanian, Kehutanan dan Perikanan","Gmaps"],
    ["34144","Peternakan ayam siwa barus","Jl. Kapitan Purba Ii Gg. Anugerah No.1","prelist","MEDAN TUNTUNGAN","MANGGA","LINGKUNGAN 3","","","A. Pertanian, Kehutanan dan Perikanan","Gmaps"],
    ["34145","Gideon Jaya Farm","Jl. Bunga Rampai Ii","prelist","MEDAN TUNTUNGAN","SIMALINGKAR B","LINGKUNGAN 1","","","A. Pertanian, Kehutanan dan Perikanan","Gmaps"],
    ["34146","warung silvi","Simpang Selayang, Kec. Medan Tuntungan, Kota Medan, Sumatera Utara 20135","prelist","MEDAN TUNTUNGAN","SIMPANG SELAYANG","LINGKUNGAN 3","","","A. Pertanian, Kehutanan dan Perikanan","Gmaps"],
    ["34147","Juragan Murai batu","Jln. Bunga Pancur Siwa. Pokok Mangga Link.4","prelist","MEDAN TUNTUNGAN","SIMPANG SELAYANG","LINGKUNGAN 4","","","A. Pertanian, Kehutanan dan Perikanan","Gmaps"],
    ["34148","Peternakan","Jl. Bunga Pariama I","prelist","MEDAN TUNTUNGAN","LADANG BAMBU","LINGKUNGAN 5","","","A. Pertanian, Kehutanan dan Perikanan","Gmaps"],
    ["34149","Kebun Binatang Simalingkar Medan","Jl. Bunga Rampe Iv","prelist","MEDAN TUNTUNGAN","SIMALINGKAR B","LINGKUNGAN 4","","","A. Pertanian, Kehutanan dan Perikanan","Gmaps"],
    ["34150","Kantor Camat Medan Tuntungan","Jl. Bunga Melati No.1","prelist","MEDAN TUNTUNGAN","KEMENANGAN TANI","LINGKUNGAN 2","","","A. Pertanian, Kehutanan dan Perikanan","Gmaps"],
    ["34151","Pasar Induk Lau Cih Medan","Kelurahan Kemenangan Tani Medan Tuntungan, Kemenangan Tani, Medan, Kota Medan, Sumatera Utara 20135","prelist","MEDAN TUNTUNGAN","LAU CIH","LINGKUNGAN 3","","","A. Pertanian, Kehutanan dan Perikanan","Gmaps"],
    ["34152","PT. Perkebunan Sumatera Utara","Jl. Jamin Ginting","prelist","MEDAN TUNTUNGAN","LAU CIH","LINGKUNGAN 2","","","A. Pertanian, Kehutanan dan Perikanan","Gmaps"],
    ["34153","Mamak uli","Jl. Flamboyan Raya No.111","prelist","MEDAN TUNTUNGAN","TANJUNG SELAMAT","LINGKUNGAN 3","","","A. Pertanian, Kehutanan dan Perikanan","Gmaps"],
    ["34154","PISCOK FARM","Jl. Petunia 7","prelist","MEDAN TUNTUNGAN","NAMO GAJAH","LINGKUNGAN 2","","0822-8350-4338","A. Pertanian, Kehutanan dan Perikanan","Gmaps"],
    ["34155","Jinan farm","Jl. Bunga Pariama I L","prelist","MEDAN TUNTUNGAN","LADANG BAMBU","LINGKUNGAN 5","","","A. Pertanian, Kehutanan dan Perikanan","Gmaps"],
    ["34156","Pembibitan Jambu Madu","Jl. Rinte Vi","prelist","MEDAN TUNTUNGAN","SIMPANG SELAYANG","LINGKUNGAN 13","","","A. Pertanian, Kehutanan dan Perikanan","Gmaps"],
    ["34157","Sugihen Farm","Jl. Tali Air No.50","prelist","MEDAN TUNTUNGAN","MANGGA","LINGKUNGAN 4","","0813-6255-6766","A. Pertanian, Kehutanan dan Perikanan","Gmaps"],
    ["34158","Kelinci Seroja medan","Jl. Seroja V","prelist","MEDAN TUNTUNGAN","TANJUNG SELAMAT","LINGKUNGAN 8","","0812-7047-0223","A. Pertanian, Kehutanan dan Perikanan","Gmaps"],
    ["34159","Handoko Rabbit farm","Jl. Seroja V No.33","prelist","MEDAN TUNTUNGAN","TANJUNG SELAMAT","LINGKUNGAN 8","","0812-7047-0223","A. Pertanian, Kehutanan dan Perikanan","Gmaps"],
    ["34160","PETERNAKAN RIDHO JUAL DOMBA/KAMBING UNTUK QURBAN","Jl. Besar Namorambe","prelist","MEDAN TUNTUNGAN","MANGGA","LINGKUNGAN 1","","","A. Pertanian, Kehutanan dan Perikanan","Gmaps"],
    ["34161","Ankaka ayam","Jl. Jahe 11 No.21","prelist","MEDAN TUNTUNGAN","MANGGA","LINGKUNGAN 17","","0812-1224-6338","A. Pertanian, Kehutanan dan Perikanan","Gmaps"],
    ["34162","AHA Farm Ladang Bambu","Gg. Bersama","prelist","MEDAN TUNTUNGAN","LADANG BAMBU","LINGKUNGAN 5","","0853-6116-6074","A. Pertanian, Kehutanan dan Perikanan","Gmaps"],
    ["34163","SUNAR GOAT FARM","Jl. Bunga Pariama I","prelist","MEDAN TUNTUNGAN","LADANG BAMBU","LINGKUNGAN 5","","","A. Pertanian, Kehutanan dan Perikanan","Gmaps"],
    ["34164","Amilah fish farm","Jl. Serimpi Vi No.29","prelist","MEDAN TUNTUNGAN","NAMO GAJAH","LINGKUNGAN 1","","0813-7698-6223","A. Pertanian, Kehutanan dan Perikanan","Gmaps"],
    ["34165","Ladang ikan","Jl. Petunia Raya","prelist","MEDAN TUNTUNGAN","NAMO GAJAH","LINGKUNGAN 2","","","A. Pertanian, Kehutanan dan Perikanan","Gmaps"],
    ["34166","Peternakan Perkutut Bangkok King Abizard BF Medan","Jl. Flamboyan Raya Gg Delima","prelist","MEDAN TUNTUNGAN","TANJUNG SELAMAT","LINGKUNGAN 3","","","A. Pertanian, Kehutanan dan Perikanan","Gmaps"],
    ["34167","Manihuruk family","Jl. Bunga Rampai Vi","prelist","MEDAN TUNTUNGAN","SIMALINGKAR B","LINGKUNGAN 5","","0878-6808-2622","A. Pertanian, Kehutanan dan Perikanan","Gmaps"],
    ["34168","RESTORASI","Jl. Bunga Rampai V","prelist","MEDAN TUNTUNGAN","SIMALINGKAR B","LINGKUNGAN 3","","0852-7772-4147","A. Pertanian, Kehutanan dan Perikanan","Gmaps"],
    ["34169","PETERNAKAN SAMUEL JAYA","Jl. Bunga Rampe Raya No.33","prelist","MEDAN TUNTUNGAN","SIMALINGKAR B","LINGKUNGAN 1","","","A. Pertanian, Kehutanan dan Perikanan","Gmaps"],
    ["34170","Andos BF","Jl. Bunga Rampai Ii","prelist","MEDAN TUNTUNGAN","SIMALINGKAR B","LINGKUNGAN 1","","","A. Pertanian, Kehutanan dan Perikanan","Gmaps"],
    ["34171","Yasaka Friend Chicken","Simpang Selayang, Kec. Medan Tuntungan, Kota Medan, Sumatera Utara","prelist","MEDAN TUNTUNGAN","SIMPANG SELAYANG","LINGKUNGAN 11","","","A. Pertanian, Kehutanan dan Perikanan","Gmaps"],
    ["34172","Betta Flowvin","Lau Cih, Kec. Medan Tuntungan, Kota Medan, Sumatera Utara 20137","prelist","MEDAN TUNTUNGAN","LAU CIH","LINGKUNGAN 1","","0813-6108-6437","A. Pertanian, Kehutanan dan Perikanan","Gmaps"],
    ["34173","Kandang Kambing Medan","Tj. Selamat, Kec. Medan Tuntungan, Kota Medan, Sumatera Utara 20134","prelist","MEDAN TUNTUNGAN","TANJUNG SELAMAT","LINGKUNGAN 8","","0812-6996-1900","A. Pertanian, Kehutanan dan Perikanan","Gmaps"],
    ["34174","Kolam Pancing Paya Buah","Jl. Bunga Sakura No.53","prelist","MEDAN TUNTUNGAN","TANJUNG SELAMAT","LINGKUNGAN 1","","0813-9691-0015","A. Pertanian, Kehutanan dan Perikanan","Gmaps"],
    ["34175","Kolam pancing PURBA SI ALAM BARU","Jl. Penerbangan Gg. Purba","prelist","MEDAN TUNTUNGAN","MANGGA","LINGKUNGAN 1","","","A. Pertanian, Kehutanan dan Perikanan","Gmaps"],
    ["34176","Kolam Pancing Targer","Mangga, Kec. Medan Tuntungan, Kota Medan, Sumatera Utara 20135","prelist","MEDAN TUNTUNGAN","MANGGA","LINGKUNGAN 4","","","A. Pertanian, Kehutanan dan Perikanan","Gmaps"],
    ["34177","(UD.JERE)-MENJUAL BERBAGAI JENIS BIBIT IKAN AIR TAWAR","Jl. Setia Budi No.39","prelist","MEDAN TUNTUNGAN","SIMPANG SELAYANG","LINGKUNGAN 2","","","A. Pertanian, Kehutanan dan Perikanan","Gmaps"],
    ["34178","Penjualan bibit ikan air tawar : nila, lele, gurame, patin, mas, bawal","Jl. Bunga Kardiol No.49","prelist","MEDAN TUNTUNGAN","LADANG BAMBU","LINGKUNGAN 3","","","A. Pertanian, Kehutanan dan Perikanan","Gmaps"],
    ["34179","UD Samosir Pusat Penjualan Ikan Air Tawar","Jl. Bunga Sakura No.53","prelist","MEDAN TUNTUNGAN","TANJUNG SELAMAT","LINGKUNGAN 1","","(061) 77400009","A. Pertanian, Kehutanan dan Perikanan","Gmaps"],
    ["34180","Peternak Ikan air tawar","Jl. Bunga Kardiol No.51","prelist","MEDAN TUNTUNGAN","LADANG BAMBU","LINGKUNGAN 3","","","A. Pertanian, Kehutanan dan Perikanan","Gmaps"],
    ["34181","Lele mutiara farm","Simalingkar B, Kec. Medan Tuntungan, Kota Medan, Sumatera Utara 20353","prelist","MEDAN TUNTUNGAN","SIMALINGKAR B","LINGKUNGAN 2","","","A. Pertanian, Kehutanan dan Perikanan","Gmaps"],
    ["34182","Jual bibit ikan air tawar lele nila bawal patin gurami tawas UD. Pakpahan","Jl. Setia Budi Gg. Ujung No.8","prelist","MEDAN TUNTUNGAN","SIMPANG SELAYANG","LINGKUNGAN 9","","","A. Pertanian, Kehutanan dan Perikanan","Gmaps"],
    ["34183","Balai Benih Ikan Kota Medan","Baru Ladang Bambu, Kec. Medan Tuntungan, Kota Medan, Sumatera Utara 20138","prelist","MEDAN TUNTUNGAN","LADANG BAMBU","LINGKUNGAN 3","","0812-6045-0721","A. Pertanian, Kehutanan dan Perikanan","Gmaps"],
    ["34184","Selalu Ternak28","Simpang Selayang, Kec. Medan Tuntungan, Kota Medan, Sumatera Utara 20135","prelist","MEDAN TUNTUNGAN","SIMPANG SELAYANG","LINGKUNGAN 9","","0822-8733-98078","A. Pertanian, Kehutanan dan Perikanan","Gmaps"],
    ["34185","Ternak Pak Tamsi","Jl. Bunga Pariama I No.127","prelist","MEDAN TUNTUNGAN","LADANG BAMBU","LINGKUNGAN 5","","","A. Pertanian, Kehutanan dan Perikanan","Gmaps"],
    ["34186","COLIA JAYA TERNAK","Jl. Jamin Ginting No.92","prelist","MEDAN TUNTUNGAN","MANGGA","LINGKUNGAN 2","","","A. Pertanian, Kehutanan dan Perikanan","Gmaps"],
    ["34187","Doré Vet Clinic (Klinik Hewan Doré)","Jl. Jamin Ginting No.Km. 8","prelist","MEDAN TUNTUNGAN","MANGGA","LINGKUNGAN 1","","","A. Pertanian, Kehutanan dan Perikanan","Gmaps"],
    ["34188","Hidayah Rumah Murai Medan","Jl. Bunga Rampai Ii Denkon","prelist","MEDAN TUNTUNGAN","SIMALINGKAR B","LINGKUNGAN 2","","","A. Pertanian, Kehutanan dan Perikanan","Gmaps"],
    ["34189","Ginting Pakan","Jl. Jamin Ginting No.Km. 14","prelist","MEDAN TUNTUNGAN","SIDOMULYO","LINGKUNGAN 2","","","A. Pertanian, Kehutanan dan Perikanan","Gmaps"],
    ["34190","PS CORRY","Jl. Bunga Rampe Raya","prelist","MEDAN TUNTUNGAN","SIMALINGKAR B","LINGKUNGAN 5","","","A. Pertanian, Kehutanan dan Perikanan","Gmaps"],
    ["34191","Ade pakan ternak","Jl. Setia Budi No.31","prelist","MEDAN TUNTUNGAN","SIMPANG SELAYANG","LINGKUNGAN 17","","","A. Pertanian, Kehutanan dan Perikanan","Gmaps"],
    ["34192","Silangit Pakan & Pancing","Simpang Selayang, Kec. Medan Tuntungan, Kota Medan, Sumatera Utara 20135","prelist","MEDAN TUNTUNGAN","SIMPANG SELAYANG","LINGKUNGAN 2","","","A. Pertanian, Kehutanan dan Perikanan","Gmaps"],
    ["34193","Toko Luis Barus","Jl. Setia Budi Ujung Sp. Selayang No.6","prelist","MEDAN TUNTUNGAN","SIMPANG SELAYANG","LINGKUNGAN 2","","","A. Pertanian, Kehutanan dan Perikanan","Gmaps"],
    ["34194","Gravilla Milala","Jl. Jamin Ginting","prelist","MEDAN TUNTUNGAN","KEMENANGAN TANI","LINGKUNGAN 1","","","A. Pertanian, Kehutanan dan Perikanan","Gmaps"],
    ["34195","Ginting Pakan ternak","Mangga, Kec. Medan Tuntungan, Kota Medan, Sumatera Utara 20131","prelist","MEDAN TUNTUNGAN","MANGGA","LINGKUNGAN 2","","","A. Pertanian, Kehutanan dan Perikanan","Gmaps"],
    ["34196","NIO JAYA PS Pakan Ternak","Jl. Flamboyan Raya No.30","prelist","MEDAN TUNTUNGAN","TANJUNG SELAMAT","LINGKUNGAN 4","","","A. Pertanian, Kehutanan dan Perikanan","Gmaps"],
    ["34197","Lokasi Bibit Pisang Barangan","Jl. Pales 7 No.82","prelist","MEDAN TUNTUNGAN","SIMPANG SELAYANG","LINGKUNGAN 15","","","G. Perdagangan Besar dan Eceran, Reparasi Mobil dan Sepeda Motor","Gmaps"],
    ["34198","UD.TANI RAS","Lau Cih, Kec. Medan Tuntungan, Kota Medan, Sumatera Utara 20137","prelist","MEDAN TUNTUNGAN","LAU CIH","LINGKUNGAN 3","","","G. Perdagangan Besar dan Eceran, Reparasi Mobil dan Sepeda Motor","Gmaps"],
    ["34199","Indah Nursery","Jl. Flamboyan Raya","prelist","MEDAN TUNTUNGAN","TANJUNG SELAMAT","LINGKUNGAN 5","","","G. Perdagangan Besar dan Eceran, Reparasi Mobil dan Sepeda Motor","Gmaps"],
    ["34200","UD Agung Tani","Jl. Serimpi Ii","prelist","MEDAN TUNTUNGAN","NAMO GAJAH","LINGKUNGAN 1","","","G. Perdagangan Besar dan Eceran, Reparasi Mobil dan Sepeda Motor","Gmaps"],
    ["34201","Kolam pancing harian pinem","Jl. Jamin Ginting Gg. Pinem","prelist","MEDAN TUNTUNGAN","MANGGA","LINGKUNGAN 3","","","A. Pertanian, Kehutanan dan Perikanan","Gmaps"],
    ["34202","Kolam Pancing Pak Boy","Simpang Selayang, Kec. Medan Tuntungan, Kota Medan, Sumatera Utara 20135","prelist","MEDAN TUNTUNGAN","SIMPANG SELAYANG","LINGKUNGAN 16","","0812-6304-2888","A. Pertanian, Kehutanan dan Perikanan","Gmaps"],
    ["34203","Pertamina 14 203 199","Jl. Jamin Ginting","prelist","MEDAN TUNTUNGAN","MANGGA","LINGKUNGAN 1","","","D. Pengadaan Listrik, Gas, Uap/Air Panas dan Udara Dingin","Gmaps"],
    ["34204","Pertamina","Jl. Jamin Ginting No.17","prelist","MEDAN TUNTUNGAN","SIMPANG SELAYANG","LINGKUNGAN 5","","","D. Pengadaan Listrik, Gas, Uap/Air Panas dan Udara Dingin","Gmaps"],
    ["34205","SPBU Lau Cih 14.201.1144","Jl. Jamin Ginting No.Km 14","prelist","MEDAN TUNTUNGAN","SIDOMULYO","LINGKUNGAN 1","","","D. Pengadaan Listrik, Gas, Uap/Air Panas dan Udara Dingin","Gmaps"],
    ["34206","SPBU","Jl. Jamin Ginting No.17","prelist","MEDAN TUNTUNGAN","SIMPANG SELAYANG","LINGKUNGAN 5","","","D. Pengadaan Listrik, Gas, Uap/Air Panas dan Udara Dingin","Gmaps"],
    ["34207","Pusat Perizinan Pertambangan","Jl. Flamboyan Iii","prelist","MEDAN TUNTUNGAN","TANJUNG SELAMAT","LINGKUNGAN 9","","","B. Pertambangan dan Penggalian","Gmaps"],
    ["34208","Apotek Rogate","Jl. Bunga Rinte No.96","prelist","MEDAN TUNTUNGAN","SIMPANG SELAYANG","LINGKUNGAN 14","","","A. Pertanian, Kehutanan dan Perikanan","Gmaps"],
    ["34209","Mini Pet Shop Medan","Jl. Flamboyan Raya No.43","prelist","MEDAN TUNTUNGAN","TANJUNG SELAMAT","LINGKUNGAN 5","","","A. Pertanian, Kehutanan dan Perikanan","Gmaps"],
    ["34210","GOLDEN CATSHOP","Jl. Karet Raya No.46","prelist","MEDAN TUNTUNGAN","MANGGA","LINGKUNGAN 9","","","A. Pertanian, Kehutanan dan Perikanan","Gmaps"],
    ["34211","Royal Pet Shop & Pet Clinic","Jl. Jamin Ginting No.211","prelist","MEDAN TUNTUNGAN","MANGGA","LINGKUNGAN 1","","","A. Pertanian, Kehutanan dan Perikanan","Gmaps"],
    ["34212","Warung makan Cat's & Dog's","Jl. Bunga Ncole Raya No.13","prelist","MEDAN TUNTUNGAN","KEMENANGAN TANI","LINGKUNGAN 2","","","A. Pertanian, Kehutanan dan Perikanan","Gmaps"],
    ["34213","Klinik Dokter Hewan Pinem","Jl. Coklat 8 No.36","prelist","MEDAN TUNTUNGAN","MANGGA","LINGKUNGAN 24","","0813-6012-34444","A. Pertanian, Kehutanan dan Perikanan","Gmaps"],
    ["34214","Royal Petshop & Praktek Dokter Hewan (Drh. Ulina Tumanggor)","Komplek Delta","prelist","MEDAN TUNTUNGAN","MANGGA","LINGKUNGAN 1","","","A. Pertanian, Kehutanan dan Perikanan","Gmaps"],
    ["34215","YUMANA PET ( Praktek dokter hewan & Pet Shop)","Jl. Masjid Khairuna Fauzi Komp. Kejaksaan No.28","prelist","MEDAN TUNTUNGAN","SIMPANG SELAYANG","LINGKUNGAN 16","","","A. Pertanian, Kehutanan dan Perikanan","Gmaps"],
    ["34216","Pangkalan LPG 3kg Zulkarnain Tarigan","Jl. Bunga Ncole 22 No.99A","prelist","MEDAN TUNTUNGAN","KEMENANGAN TANI","LINGKUNGAN 5","","","D. Pengadaan Listrik, Gas, Uap/Air Panas dan Udara Dingin","Gmaps"],
    ["34217","Toko gas andre Ketaren","Jl. Jamin Ginting No.14A","prelist","MEDAN TUNTUNGAN","SIMPANG SELAYANG","LINGKUNGAN 5","","0853-7219-6264","D. Pengadaan Listrik, Gas, Uap/Air Panas dan Udara Dingin","Gmaps"],
    ["34218","Nande tigan Gas","Jl. Paya Bundung No.15A","prelist","MEDAN TUNTUNGAN","SIMPANG SELAYANG","LINGKUNGAN 2","","","D. Pengadaan Listrik, Gas, Uap/Air Panas dan Udara Dingin","Gmaps"],
    ["34219","Pangkalan Gas Pasaribu Jaya","Jl. Flamboyan Raya No.26","prelist","MEDAN TUNTUNGAN","TANJUNG SELAMAT","LINGKUNGAN 5","","0823-3617-1946","D. Pengadaan Listrik, Gas, Uap/Air Panas dan Udara Dingin","Gmaps"],
    ["34220","Ginting gas","Jl. Jahe Raya No.68","prelist","MEDAN TUNTUNGAN","MANGGA","LINGKUNGAN 14","","0823-3617-1946","D. Pengadaan Listrik, Gas, Uap/Air Panas dan Udara Dingin","Gmaps"],
    ["34221","Pangkalan gas laban","Jl. Bawang Vi No.2","prelist","MEDAN TUNTUNGAN","MANGGA","LINGKUNGAN 15","","0878-6690-1994","D. Pengadaan Listrik, Gas, Uap/Air Panas dan Udara Dingin","Gmaps"],
    ["34222","Raja Gas","Jl. Bunga Lau No.19","prelist","MEDAN TUNTUNGAN","KEMENANGAN TANI","LINGKUNGAN 3","","","D. Pengadaan Listrik, Gas, Uap/Air Panas dan Udara Dingin","Gmaps"],
    ["34223","Nofetinus Zebua","Jl. Bunga Turi","prelist","MEDAN TUNTUNGAN","SIDOMULYO","LINGKUNGAN 1","","0853-7340-0494","D. Pengadaan Listrik, Gas, Uap/Air Panas dan Udara Dingin","Gmaps"],
    ["34224","Betta azzura","Jl. Kapas 2","prelist","MEDAN TUNTUNGAN","MANGGA","LINGKUNGAN 18","","","D. Pengadaan Listrik, Gas, Uap/Air Panas dan Udara Dingin","Gmaps"],
    ["34225","AKR","Jl. Jamin Ginting","prelist","MEDAN TUNTUNGAN","LAU CIH","LINGKUNGAN 3","","","D. Pengadaan Listrik, Gas, Uap/Air Panas dan Udara Dingin","Gmaps"],
    ["34226","SPPBE PT Trihatras Nusantara","Tj. Selamat, Kec. Medan Tuntungan, Kota Medan, Sumatera Utara 20135","prelist","MEDAN TUNTUNGAN","TANJUNG SELAMAT","LINGKUNGAN 1","","(061) 8216706","D. Pengadaan Listrik, Gas, Uap/Air Panas dan Udara Dingin","Gmaps"],
    ["34227","Pertamini Digital Ulfa 2","Jl. Bunga Ncole Raya","prelist","MEDAN TUNTUNGAN","KEMENANGAN TANI","LINGKUNGAN 5","","","D. Pengadaan Listrik, Gas, Uap/Air Panas dan Udara Dingin","Gmaps"],
    ["34228","Pertamini","Jl. Sawit Raya No.48","prelist","MEDAN TUNTUNGAN","MANGGA","LINGKUNGAN 8","","0852-7548-4890","D. Pengadaan Listrik, Gas, Uap/Air Panas dan Udara Dingin","Gmaps"],
    ["34229","SPPBE Lau cih","Sidomulyo, Kec. Medan Tuntungan, Kota Medan, Sumatera Utara 20137","prelist","MEDAN TUNTUNGAN","SIDOMULYO","LINGKUNGAN 2","","","D. Pengadaan Listrik, Gas, Uap/Air Panas dan Udara Dingin","Gmaps"],
    ["34230","PERTAMINA","Jl. Flamboyan Raya No.43","prelist","MEDAN TUNTUNGAN","TANJUNG SELAMAT","LINGKUNGAN 9","","","D. Pengadaan Listrik, Gas, Uap/Air Panas dan Udara Dingin","Gmaps"],
    ["34231","Kede naLambok","Jl. Sawit Raya No.63","prelist","MEDAN TUNTUNGAN","MANGGA","LINGKUNGAN 11","","0823-7077-8997","C. Industri Pengolahan","Gmaps"],
    ["34232","Perumahan Bekala Asri","Jl. Kapitan Purba Ii No.Blok B6","prelist","MEDAN TUNTUNGAN","MANGGA","LINGKUNGAN 3","","","C. Industri Pengolahan","Gmaps"],
    ["34233","Gihon Juma Sentosa","Mangga, Kec. Medan Tuntungan, Kota Medan, Sumatera Utara 20131","prelist","MEDAN TUNTUNGAN","MANGGA","LINGKUNGAN 3","","","C. Industri Pengolahan","Gmaps"],
    ["34234","Askhal Olshop Grosir Peralatan Rumah Tangga Medan","Jl. Nusa Indah Iii No.71D","prelist","MEDAN TUNTUNGAN","SIMPANG SELAYANG","LINGKUNGAN 9","","","C. Industri Pengolahan","Gmaps"],
    ["34235","Toko mas tes","Jl. Setia Budi No.19","prelist","MEDAN TUNTUNGAN","SIMPANG SELAYANG","LINGKUNGAN 16","","0813-6279-8464","C. Industri Pengolahan","Gmaps"],
    ["34236","Az - Zahra","Jl. Flamboyan Raya","prelist","MEDAN TUNTUNGAN","TANJUNG SELAMAT","LINGKUNGAN 2","","","C. Industri Pengolahan","Gmaps"],
    ["34237","Warna Fantasy Pasang dan Tempah Sticker","Jl. Flamboyan Raya No.115","prelist","MEDAN TUNTUNGAN","TANJUNG SELAMAT","LINGKUNGAN 3","","","C. Industri Pengolahan","Gmaps"],
    ["34238","Cv.milala jaya,pabrik paving blok,kontraktor","Jl. Jamin Ginting No.32","prelist","MEDAN TUNTUNGAN","LAU CIH","LINGKUNGAN 1","","","C. Industri Pengolahan","Gmaps"],
    ["34239","Haramas Rattan","Jl. Bunga Rampai Ii","prelist","MEDAN TUNTUNGAN","SIMALINGKAR B","LINGKUNGAN 3","","","C. Industri Pengolahan","Gmaps"],
    ["34240","Exodus Steel","Jl. Pintu Air Iv No.56","prelist","MEDAN TUNTUNGAN","SIMALINGKAR B","LINGKUNGAN 1","","0813-9650-4157","C. Industri Pengolahan","Gmaps"],
    ["34241","Pabrik tahu ACN","Jl. Flamboyan Raya Gang Perbatasan No.6Tanjung","prelist","MEDAN TUNTUNGAN","TANJUNG SELAMAT","LINGKUNGAN 6","","","C. Industri Pengolahan","Gmaps"],
    ["34242","Pabrik CK","Jl. Flamboyan Baru No.63","prelist","MEDAN TUNTUNGAN","TANJUNG SELAMAT","LINGKUNGAN 2","","","C. Industri Pengolahan","Gmaps"],
    ["34243","PT. Dayu Berkah Mandiri | Cetak Map Raport Medan, Stiker Label Medan, Spanduk, DTF, UV DTF, Souvenir, Digital Printing Medan","Jl. Flamboyan Raya No.77E","prelist","MEDAN TUNTUNGAN","TANJUNG SELAMAT","LINGKUNGAN 3","","","C. Industri Pengolahan","Gmaps"],
    ["34244","Masday Indonesia","Komplek Puri Zahara I Blok C No. 80","prelist","MEDAN TUNTUNGAN","TANJUNG SELAMAT","LINGKUNGAN 8","","0813-6281-3816","C. Industri Pengolahan","Gmaps"],
    ["34245","Pabrik Tempe Berkah","Jl. Bunga Ncole Raya","prelist","MEDAN TUNTUNGAN","KEMENANGAN TANI","LINGKUNGAN 4","","0822-6749-0190","C. Industri Pengolahan","Gmaps"],
    ["34246","Padang Bulan Gas","Jalan Jamin Ginting Km 12","prelist","MEDAN TUNTUNGAN","KEMENANGAN TANI","LINGKUNGAN 1","","","D. Pengadaan Listrik, Gas, Uap/Air Panas dan Udara Dingin","Gmaps"],
    ["34247","Lidesainia Rumah Jahit","Jl. Flamboyan Raya No.85 Lingkungan Vii","prelist","MEDAN TUNTUNGAN","TANJUNG SELAMAT","LINGKUNGAN 2","","","C. Industri Pengolahan","Gmaps"],
    ["34248","KONVEKSI SERAGAM MEDAN","Jl. Kopra Raya Ujung","prelist","MEDAN TUNTUNGAN","MANGGA","LINGKUNGAN 5","","0812-6367-2920","C. Industri Pengolahan","Gmaps"],
    ["34249","KONVEKSI SINAGA MEDAN","Jl. Kencana Blk. B","prelist","MEDAN TUNTUNGAN","NAMO GAJAH","LINGKUNGAN 2","","","C. Industri Pengolahan","Gmaps"],
    ["34250","KONVEKSI D5 SINAGA","Blk. B Perumahan Griya Kencana No.15, Namu Gajah, Kec. Medan Tuntungan, Kota Medan, Sumatera Utara 20136","prelist","MEDAN TUNTUNGAN","NAMO GAJAH","LINGKUNGAN 2","","","C. Industri Pengolahan","Gmaps"],
    ["34251","Sondi Star","Asoka Asri, Blk. E Komplek Asoka Asri No.6, Kec. Medan Tuntungan, Kota Medan, Sumatera Utara 20134","prelist","MEDAN TUNTUNGAN","TANJUNG SELAMAT","LINGKUNGAN 6","","","C. Industri Pengolahan","Gmaps"],
    ["34252","Workshop 68","Jl. Bunga Ncole Raya No.57","prelist","MEDAN TUNTUNGAN","KEMENANGAN TANI","LINGKUNGAN 2","","","C. Industri Pengolahan","Gmaps"],
    ["34253","Makanan","Jl. Bunga Ncole 14B No.:49","prelist","MEDAN TUNTUNGAN","KEMENANGAN TANI","LINGKUNGAN 5","","0812-6032-3634","C. Industri Pengolahan","Gmaps"],
    ["34254","RM BPK SHALOOM","Jl. Jamin Ginting","prelist","MEDAN TUNTUNGAN","LAU CIH","LINGKUNGAN 3","","","C. Industri Pengolahan","Gmaps"],
    ["34255","Melayani Pesanan Makanan Dan Minuman","Jl.Jamin Ginting Km.11","prelist","MEDAN TUNTUNGAN","MANGGA","LINGKUNGAN 2","","","C. Industri Pengolahan","Gmaps"],
    ["34256","Jualan mbok","Jalan Petunia Raya Nomorno7","prelist","MEDAN TUNTUNGAN","NAMO GAJAH","LINGKUNGAN 2","","","C. Industri Pengolahan","Gmaps"],
    ["34257","Rumah Makan BPK Haleluya","Jl. Setia Budi","prelist","MEDAN TUNTUNGAN","SIMPANG SELAYANG","LINGKUNGAN 2","","","C. Industri Pengolahan","Gmaps"],
    ["34258","Quality Fried Chicken Simpang Simalingkar","Jl. Kapiten Gg. Purba","prelist","MEDAN TUNTUNGAN","MANGGA","LINGKUNGAN 3","","","C. Industri Pengolahan","Gmaps"],
    ["34259","NENGUBI 1","Jl jamin ginting km 9.5 no 176, Kota Medan, Sumatera Utara 20131","prelist","MEDAN TUNTUNGAN","MANGGA","LINGKUNGAN 3","","0812-6429-9883","C. Industri Pengolahan","Gmaps"],
    ["34260","Da_Uung,, Usaha Dagang Baroka","Jl. Sawit Raya No.48","prelist","MEDAN TUNTUNGAN","MANGGA","LINGKUNGAN 10","","0813-6790-3321","C. Industri Pengolahan","Gmaps"],
    ["34261","Toko Usaha Baru Simp. Tuntungan","Baru Ladang Bambu, Kec. Medan Tuntungan, Kota Medan, Sumatera Utara 20138","prelist","MEDAN TUNTUNGAN","LADANG BAMBU","LINGKUNGAN 1","","","C. Industri Pengolahan","Gmaps"],
    ["34275","Warkop dan bengkel mobil degor jaya","Jl. Setia Budi No.Ujung","prelist","MEDAN TUNTUNGAN","SIMPANG SELAYANG","LINGKUNGAN 9","","","G. Perdagangan Besar dan Eceran, Reparasi Mobil dan Sepeda Motor","Gmaps"],
    ["34276","Immanuel Motor","Gg. Greja No.1","prelist","MEDAN TUNTUNGAN","SIMPANG SELAYANG","LINGKUNGAN 5","","","G. Perdagangan Besar dan Eceran, Reparasi Mobil dan Sepeda Motor","Gmaps"],
    ["34277","Bengkel GM Pro","Jl. Flamboyan Raya","prelist","MEDAN TUNTUNGAN","TANJUNG SELAMAT","LINGKUNGAN 5","","","G. Perdagangan Besar dan Eceran, Reparasi Mobil dan Sepeda Motor","Gmaps"],
    ["34278","Surya Automotif","Jl. Flamboyan Raya No.30","prelist","MEDAN TUNTUNGAN","TANJUNG SELAMAT","LINGKUNGAN 8","","0813-7529-6068","G. Perdagangan Besar dan Eceran, Reparasi Mobil dan Sepeda Motor","Gmaps"],
    ["34279","Jeniwati.S Menjual Peralatan Menjahit","Jalan Jamin Ginting Km. 12","prelist","MEDAN TUNTUNGAN","KEMENANGAN TANI","LINGKUNGAN 1","","","C. Industri Pengolahan","Gmaps"],
    ["34280","Penjahit John","Jl. Jahe Raya No.8","prelist","MEDAN TUNTUNGAN","MANGGA","LINGKUNGAN 14","","0813-7620-1949","C. Industri Pengolahan","Gmaps"],
    ["34281","Jasa Jahit Evi","Jl. Jamin Ginting No.145","prelist","MEDAN TUNTUNGAN","SIMPANG SELAYANG","LINGKUNGAN 3","","0823-6560-6285","C. Industri Pengolahan","Gmaps"],
    ["34282","Menjahit Ester","Jl. Bunga Rinte No.22","prelist","MEDAN TUNTUNGAN","SIMPANG SELAYANG","LINGKUNGAN 17","","","C. Industri Pengolahan","Gmaps"],
    ["34283","Kursus Menjahit Lina","Jl. Silangge","prelist","MEDAN TUNTUNGAN","SIMPANG SELAYANG","LINGKUNGAN 10","","","C. Industri Pengolahan","Gmaps"],
    ["34284","RIBU MODIST","Namu Gajah, Kec. Medan Tuntungan, Kota Medan, Sumatera Utara 20136","prelist","MEDAN TUNTUNGAN","NAMO GAJAH","LINGKUNGAN 3","","0821-6391-0222","C. Industri Pengolahan","Gmaps"],
    ["34285","Tukang Jahit","Gg. Surbakti No.06","prelist","MEDAN TUNTUNGAN","MANGGA","LINGKUNGAN 4","","0812-1836-6126","C. Industri Pengolahan","Gmaps"],
    ["34286","PENJAHIT WANITA YANI","Jl. Jamin Ginting No.6","prelist","MEDAN TUNTUNGAN","MANGGA","LINGKUNGAN 2","","","C. Industri Pengolahan","Gmaps"],
    ["34287","Penjahit Ummi","Simpang Selayang, Kec. Medan Tuntungan, Kota Medan, Sumatera Utara 20135","prelist","MEDAN TUNTUNGAN","SIMPANG SELAYANG","LINGKUNGAN 5","","","C. Industri Pengolahan","Gmaps"],
    ["34288","Ulina","Jl. Bunga Sakura No.29","prelist","MEDAN TUNTUNGAN","TANJUNG SELAMAT","LINGKUNGAN 2","","0852-6135-0680","C. Industri Pengolahan","Gmaps"],
    ["34289","Penjahit Busana Wanita EvraKu","Komplek Golden Estate","prelist","MEDAN TUNTUNGAN","TANJUNG SELAMAT","LINGKUNGAN 6","","","C. Industri Pengolahan","Gmaps"],
    ["34290","Prima indah","Jl. Flamboyan Raya No.22","prelist","MEDAN TUNTUNGAN","TANJUNG SELAMAT","LINGKUNGAN 9","","0813-1683-2063","F. Konstruksi","Gmaps"],
    ["34291","PT. BERASTALY JAYA BERSAMA","Jl. Jamin Ginting No.10","prelist","MEDAN TUNTUNGAN","SIMPANG SELAYANG","LINGKUNGAN 5","","0812-6466-361","F. Konstruksi","Gmaps"],
    ["34292","Integrity Medan","Jl. Setia Budi No.Ujung","prelist","MEDAN TUNTUNGAN","SIMPANG SELAYANG","LINGKUNGAN 16","","0852-6673-2545","F. Konstruksi","Gmaps"],
    ["34293","Bengkl las (medan)","Jl. Cengkeh Raya","prelist","MEDAN TUNTUNGAN","MANGGA","LINGKUNGAN 11","","0838-4295-3519","F. Konstruksi","Gmaps"],
    ["34294","Kontraktor Booth Pameran Medan - indomediamdn","Jl. Jamin Ginting Gg. Mejuah-Juah No.11F","prelist","MEDAN TUNTUNGAN","MANGGA","LINGKUNGAN 1","","","F. Konstruksi","Gmaps"],
    ["34295","THETA HVAC","Jl. Pinus Raya No.1","prelist","MEDAN TUNTUNGAN","MANGGA","LINGKUNGAN 13","","","F. Konstruksi","Gmaps"],
    ["34296","BIOSRON MEDAN","Simpang Selayang, Kec. Medan Tuntungan, Kota Medan, Sumatera Utara 20135","prelist","MEDAN TUNTUNGAN","SIMPANG SELAYANG","LINGKUNGAN 16","","0812-7545-5646","F. Konstruksi","Gmaps"],
    ["34297","Kontraktor Listrik dan Mekanik","JL Jamin Ginting, Km. 7, 5 No. 228, Kuala Bekala, Mangga, Kec. Medan Tuntungan, Kota Medan, Sumatera Utara 20131","prelist","MEDAN TUNTUNGAN","MANGGA","LINGKUNGAN 3","","(061) 8360274","F. Konstruksi","Gmaps"],
    ["34298","RIA GYPSUM","Jl. Flamboyan Raya No.83","prelist","MEDAN TUNTUNGAN","TANJUNG SELAMAT","LINGKUNGAN 3","","","F. Konstruksi","Gmaps"],
    ["34299","ARUNIKA ADIWARNA INTERIOR DAN KONTRAKTOR","Gg. Mawar 3 No.22 C","prelist","MEDAN TUNTUNGAN","SIMPANG SELAYANG","LINGKUNGAN 1","","","F. Konstruksi","Gmaps"],
    ["34300","PT. ALJODA GENESIS MANDIRI","Jl. Flamboyan I Blk. A No.10","prelist","MEDAN TUNTUNGAN","TANJUNG SELAMAT","LINGKUNGAN 6","","","F. Konstruksi","Gmaps"],
    ["34301","CV. Mulia Rahmad Group","Jl. Bunga Turi Ii","prelist","MEDAN TUNTUNGAN","SIDOMULYO","LINGKUNGAN 2","","","F. Konstruksi","Gmaps"],
    ["34302","CV. DELI BERKAH","Gg. Keluarga No.88 A","prelist","MEDAN TUNTUNGAN","TANJUNG SELAMAT","LINGKUNGAN 2","","0813-7043-7711","F. Konstruksi","Gmaps"],
    ["34303","PT Parna Jaya Indonesia","Jl. Bunga Rampai Raya No.Mor 83","prelist","MEDAN TUNTUNGAN","SIMALINGKAR B","LINGKUNGAN 2","","","F. Konstruksi","Gmaps"],
    ["34304","BUKIT MILALA(Spesialis Roda Dua)","Jl. Jamin Ginting No.108A","prelist","MEDAN TUNTUNGAN","MANGGA","LINGKUNGAN 2","","","G. Perdagangan Besar dan Eceran, Reparasi Mobil dan Sepeda Motor","Gmaps"],
    ["34305","Sahabat bengkel","Jl. Anyelir No.12","prelist","MEDAN TUNTUNGAN","SIMPANG SELAYANG","LINGKUNGAN 10","","","G. Perdagangan Besar dan Eceran, Reparasi Mobil dan Sepeda Motor","Gmaps"],
    ["34306","Perumahan Sejahtera Indah 2","Jl. Bunga Terompet","prelist","MEDAN TUNTUNGAN","SIMPANG SELAYANG","LINGKUNGAN 7","","","L. Real Estat","Gmaps"],
    ["34307","Prima Garden","Jl. Petunia Raya","prelist","MEDAN TUNTUNGAN","KEMENANGAN TANI","LINGKUNGAN 3","","","L. Real Estat","Gmaps"],
    ["34308","Cluster Flora Residence","Jl. Flora Ii No.17","prelist","MEDAN TUNTUNGAN","SIMPANG SELAYANG","LINGKUNGAN 12","","0812-6399-965","L. Real Estat","Gmaps"],
    ["34309","PERUMAHAN GRIYA MAS PETUNIA","Jl. Petunia 7","prelist","MEDAN TUNTUNGAN","NAMO GAJAH","LINGKUNGAN 2","","0822-8350-4338","L. Real Estat","Gmaps"],
    ["34310","PT. TERANG KARYA PRIMA","Jl. Flamboyan I Blk. A No.3A","prelist","MEDAN TUNTUNGAN","TANJUNG SELAMAT","LINGKUNGAN 6","","","L. Real Estat","Gmaps"],
    ["34311","Greatland Setia Budi","Jl. Bunga Rinte","prelist","MEDAN TUNTUNGAN","SIMPANG SELAYANG","LINGKUNGAN 11","","","L. Real Estat","Gmaps"],
    ["34312","Perumahan Alam Asri","Lau Cih, Kec. Medan Tuntungan, Kota Medan, Sumatera Utara 20137","prelist","MEDAN TUNTUNGAN","SIDOMULYO","LINGKUNGAN 2","","","L. Real Estat","Gmaps"],
    ["34313","Perumahan District M","Jl. Anggrek Raya No.C20","prelist","MEDAN TUNTUNGAN","SIMPANG SELAYANG","LINGKUNGAN 8","","","L. Real Estat","Gmaps"],
    ["34314","PT. Tamsaka Cipta Properti","Jl. Jamin Ginting","prelist","MEDAN TUNTUNGAN","SIDOMULYO","LINGKUNGAN 2","","","L. Real Estat","Gmaps"],
    ["34315","Garden Vista","Jl. Petunia Raya","prelist","MEDAN TUNTUNGAN","KEMENANGAN TANI","LINGKUNGAN 3","","","L. Real Estat","Gmaps"],
    ["34316","Royal Platinum Medan Tuntungan","Jl. Jamin Ginting No.89 H","prelist","MEDAN TUNTUNGAN","MANGGA","LINGKUNGAN 1","","","L. Real Estat","Gmaps"],
    ["34317","MyHome","Simpang Selayang, Kec. Medan Tuntungan, Kota Medan, Sumatera Utara","prelist","MEDAN TUNTUNGAN","SIMPANG SELAYANG","LINGKUNGAN 13","","","F. Konstruksi","Gmaps"],
    ["34318","PT.HENA KARINA WIJAKSANA PERSADA","Jl. Bunga Pancur Ix","prelist","MEDAN TUNTUNGAN","SIMPANG SELAYANG","LINGKUNGAN 2","","0823-8118-2195","F. Konstruksi","Gmaps"],
    ["34319","Radja Tower","Jl. Teh 10 No.14","prelist","MEDAN TUNTUNGAN","MANGGA","LINGKUNGAN 16","","0812-6378-773","F. Konstruksi","Gmaps"],
    ["34320","PT. BIKOMI BERJAYA PROPERTINDO","Jl. Flamboyan Raya Lingk. Iii No.168","prelist","MEDAN TUNTUNGAN","TANJUNG SELAMAT","LINGKUNGAN 3","","0812-2999-7240","F. Konstruksi","Gmaps"],
    ["34321","Perumahan Green Simalingkar Tahap II","Jl. Bunga Bangsa","prelist","MEDAN TUNTUNGAN","SIMALINGKAR B","LINGKUNGAN 1","","","L. Real Estat","Gmaps"],
    ["34322","PT PRIMA INTI NUSA, PT WAHANA ASPIRASI BINEKA, PT DUTA PRIMA WAHANA, PT PODANA RAS SUGEH","Tj. Selamat, Kec. Medan Tuntungan, Kota Medan, Sumatera Utara 20135","prelist","MEDAN TUNTUNGAN","TANJUNG SELAMAT","LINGKUNGAN 6","","","L. Real Estat","Gmaps"],
    ["34323","Royal Golf Mansion","Jl. Jamin Ginting No.Km 8","prelist","MEDAN TUNTUNGAN","MANGGA","LINGKUNGAN 5","","","L. Real Estat","Gmaps"],
    ["34324","DiJual Rumah Di Medan","Jl. Kasmala No.8","prelist","MEDAN TUNTUNGAN","SIMPANG SELAYANG","LINGKUNGAN 16","","0812-6282-8278","L. Real Estat","Gmaps"],
    ["34325","Perumahan D'Regalle 2","Jl. Bunga Pariama I","prelist","MEDAN TUNTUNGAN","LADANG BAMBU","LINGKUNGAN 5","","","L. Real Estat","Gmaps"],
    ["34326","PT. Kiam Kahe Kolu","Jl. Tanjung Selamat Flamboyan Residence No.40","prelist","MEDAN TUNTUNGAN","TANJUNG SELAMAT","LINGKUNGAN 3","","","L. Real Estat","Gmaps"],
    ["34327","Topaz Residence","Sidomulyo, Kec. Medan Tuntungan, Kota Medan, Sumatera Utara 20137","prelist","MEDAN TUNTUNGAN","SIDOMULYO","LINGKUNGAN 2","","","L. Real Estat","Gmaps"],
    ["34328","LIZARDY PERMAI","Simpang Selayang, Kec. Medan Tuntungan, Kota Medan, Sumatera Utara","prelist","MEDAN TUNTUNGAN","SIMPANG SELAYANG","LINGKUNGAN 16","","","L. Real Estat","Gmaps"],
    ["34329","Perumahan Griya Asam Kumbang","Jl. Flamboyan I","prelist","MEDAN TUNTUNGAN","TANJUNG SELAMAT","LINGKUNGAN 1","","","L. Real Estat","Gmaps"],
    ["34330","MEDAN","Jl. Rinte","prelist","MEDAN TUNTUNGAN","SIMPANG SELAYANG","LINGKUNGAN 13","","","L. Real Estat","Gmaps"],
    ["34331","Komplek perumahan The Prime residence","Jl. Setia Budi No.Ujung","prelist","MEDAN TUNTUNGAN","SIMPANG SELAYANG","LINGKUNGAN 17","","","L. Real Estat","Gmaps"],
    ["34332","Perumahan Graha indah setiabudi Jl Bunga Rinte","Jl. Bunga Rinte","prelist","MEDAN TUNTUNGAN","SIMPANG SELAYANG","LINGKUNGAN 11","","","L. Real Estat","Gmaps"],
    ["34333","Raynan","Jl. Flora I","prelist","MEDAN TUNTUNGAN","SIMPANG SELAYANG","LINGKUNGAN 12","","","L. Real Estat","Gmaps"],
    ["34334","Villa Zeqita","Jl. Jamin Ginting","prelist","MEDAN TUNTUNGAN","LAU CIH","LINGKUNGAN 1","","","L. Real Estat","Gmaps"],
    ["34335","Setia Budi Paradise","Jl. Bunga Rinte","prelist","MEDAN TUNTUNGAN","SIMPANG SELAYANG","LINGKUNGAN 17","","0812-6553-5559","L. Real Estat","Gmaps"],
    ["34336","Perumahan Stella Indah","Jl. Stella Iv","prelist","MEDAN TUNTUNGAN","SIMPANG SELAYANG","LINGKUNGAN 13","","","L. Real Estat","Gmaps"],
    ["34337","Kantor Pemasaran Romeby Cipta","Jl. Flamboyan Raya Komplek Ruko Flamboyan Regency No.3","prelist","MEDAN TUNTUNGAN","TANJUNG SELAMAT","LINGKUNGAN 3","","0853-7333-3351","L. Real Estat","Gmaps"],
    ["34338","katigaproperty","Jl. Flamboyan Raya Komplek Flamboyan Regency","prelist","MEDAN TUNTUNGAN","TANJUNG SELAMAT","LINGKUNGAN 9","","","L. Real Estat","Gmaps"],
    ["34339","Kantor Pemasaran Perumahan Romeby Lestari","Tj. Selamat, Kec. Medan Tuntungan, Kota Medan, Sumatera Utara 20351","prelist","MEDAN TUNTUNGAN","TANJUNG SELAMAT","LINGKUNGAN 3","","","L. Real Estat","Gmaps"],
    ["34340","Toko Sumber Logam","Jl. Jamin Ginting","prelist","MEDAN TUNTUNGAN","MANGGA","LINGKUNGAN 2","","","F. Konstruksi","Gmaps"],
    ["34341","Toko Besi Jamin Jaya","Jl. Jamin Ginting No.154","prelist","MEDAN TUNTUNGAN","MANGGA","LINGKUNGAN 3","","","F. Konstruksi","Gmaps"],
    ["34342","UD. Karya Agung","Jl. Jamin Ginting Jl. Bunga Lau No.Km. 12","prelist","MEDAN TUNTUNGAN","KEMENANGAN TANI","LINGKUNGAN 1","","","F. Konstruksi","Gmaps"],
    ["34343","Panglong HARAPAN JAYA","Jl. Jamin Ginting Km 10","prelist","MEDAN TUNTUNGAN","SIMPANG SELAYANG","LINGKUNGAN 2","","","F. Konstruksi","Gmaps"],
    ["34344","Toko Kembar Jaya","Jl. Tembakau Raya No.100","prelist","MEDAN TUNTUNGAN","MANGGA","LINGKUNGAN 15","","","F. Konstruksi","Gmaps"],
    ["34345","SINAR JAYA","Jl. Cengkeh Raya No.#89","prelist","MEDAN TUNTUNGAN","MANGGA","LINGKUNGAN 11","","","F. Konstruksi","Gmaps"],
    ["34346","UD Rimbun Jaya","Jl. Flamboyan Raya No.78 A","prelist","MEDAN TUNTUNGAN","TANJUNG SELAMAT","LINGKUNGAN 8","","","F. Konstruksi","Gmaps"],
    ["34347","TEGUH BARU","Jl. Jamin Ginting No.18A","prelist","MEDAN TUNTUNGAN","SIMPANG SELAYANG","LINGKUNGAN 5","","","F. Konstruksi","Gmaps"],
    ["34348","Prima Traso","Jl. Jamin Ginting","prelist","MEDAN TUNTUNGAN","SIMPANG SELAYANG","LINGKUNGAN 5","","","F. Konstruksi","Gmaps"],
    ["34349","Toko Bahan Bangunan SS. Jaya","Jl. Flamboyan Raya","prelist","MEDAN TUNTUNGAN","TANJUNG SELAMAT","LINGKUNGAN 3","","","F. Konstruksi","Gmaps"],
    ["34350","Kenanga Garden","Jl. Jamin Ginting No.Km 12","prelist","MEDAN TUNTUNGAN","LAU CIH","LINGKUNGAN 1","","","L. Real Estat","Gmaps"],
    ["34351","Warung sembako Kenzie","Jl. Seroja Raya","prelist","MEDAN TUNTUNGAN","TANJUNG SELAMAT","LINGKUNGAN 7","","0822-8333-1135","G. Perdagangan Besar dan Eceran, Reparasi Mobil dan Sepeda Motor","Gmaps"],
    ["34352","Ovi","Jl. Jamin Ginting","prelist","MEDAN TUNTUNGAN","MANGGA","LINGKUNGAN 2","","","G. Perdagangan Besar dan Eceran, Reparasi Mobil dan Sepeda Motor","Gmaps"],
    ["34353","TOKO SEMBAKO PONSEL ARSA LUBIS","Perumahan Crisella 4","prelist","MEDAN TUNTUNGAN","TANJUNG SELAMAT","LINGKUNGAN 1","","","G. Perdagangan Besar dan Eceran, Reparasi Mobil dan Sepeda Motor","Gmaps"],
    ["34354","Toko sembako agave ponsel","Jl. Seroja Raya Perumahan Taman Pesona Indah No.1","prelist","MEDAN TUNTUNGAN","TANJUNG SELAMAT","LINGKUNGAN 7","","","G. Perdagangan Besar dan Eceran, Reparasi Mobil dan Sepeda Motor","Gmaps"],
    ["34355","Latersia Simpang Melati","Jl. Seroja Raya","prelist","MEDAN TUNTUNGAN","TANJUNG SELAMAT","LINGKUNGAN 7","","","G. Perdagangan Besar dan Eceran, Reparasi Mobil dan Sepeda Motor","Gmaps"],
    ["34356","Toko Sembako Ro Na Uli","Jl. Flamboyan V","prelist","MEDAN TUNTUNGAN","TANJUNG SELAMAT","LINGKUNGAN 4","","","G. Perdagangan Besar dan Eceran, Reparasi Mobil dan Sepeda Motor","Gmaps"],
    ["34357","Grosir Sembako Grace","Jl. Bunga Rampe Raya No.45","prelist","MEDAN TUNTUNGAN","SIMALINGKAR B","LINGKUNGAN 1","","0812-1608-4858","G. Perdagangan Besar dan Eceran, Reparasi Mobil dan Sepeda Motor","Gmaps"],
    ["34358","SEMBAKO RAHMANI","Jl. Jamin Ginting No.128","prelist","MEDAN TUNTUNGAN","MANGGA","LINGKUNGAN 2","","","G. Perdagangan Besar dan Eceran, Reparasi Mobil dan Sepeda Motor","Gmaps"],
    ["34359","Toko Jaya Sentosa","Jl. Flamboyan Raya Taman Komplek Melati Indah No.2","prelist","MEDAN TUNTUNGAN","TANJUNG SELAMAT","LINGKUNGAN 2","","","G. Perdagangan Besar dan Eceran, Reparasi Mobil dan Sepeda Motor","Gmaps"],
    ["34360","Toko Barokah Medan","Jl. Lizadri Putra","prelist","MEDAN TUNTUNGAN","SIMPANG SELAYANG","LINGKUNGAN 16","","","G. Perdagangan Besar dan Eceran, Reparasi Mobil dan Sepeda Motor","Gmaps"],
    ["34361","UD.Sinulingga","Jl. Jamin Ginting No.18","prelist","MEDAN TUNTUNGAN","SIMPANG SELAYANG","LINGKUNGAN 1","","","G. Perdagangan Besar dan Eceran, Reparasi Mobil dan Sepeda Motor","Gmaps"],
    ["34362","Grosir Girsang Melati","Jl. Bunga Sakura","prelist","MEDAN TUNTUNGAN","TANJUNG SELAMAT","LINGKUNGAN 2","","","G. Perdagangan Besar dan Eceran, Reparasi Mobil dan Sepeda Motor","Gmaps"],
    ["34363","Toko Sembako ketaren","Jl. Bunga Rinte No.44","prelist","MEDAN TUNTUNGAN","SIMPANG SELAYANG","LINGKUNGAN 17","","","G. Perdagangan Besar dan Eceran, Reparasi Mobil dan Sepeda Motor","Gmaps"],
    ["34364","Warung Sembako Farel","Jl. Flamboyan Raya","prelist","MEDAN TUNTUNGAN","TANJUNG SELAMAT","LINGKUNGAN 3","","0813-7597-5420","G. Perdagangan Besar dan Eceran, Reparasi Mobil dan Sepeda Motor","Gmaps"],
    ["34365","Anu","Baru Ladang Bambu, Kec. Medan Tuntungan, Kota Medan, Sumatera Utara","prelist","MEDAN TUNTUNGAN","LADANG BAMBU","LINGKUNGAN 5","","","L. Real Estat","Gmaps"],
    ["34366","Mora kos","Jl. Bunga Rampai V Gg. Dahlia","prelist","MEDAN TUNTUNGAN","SIMALINGKAR B","LINGKUNGAN 3","","","L. Real Estat","Gmaps"],
    ["34367","Indomaret Sp. Pencawan","Kemenangan Tani, Kec. Medan Tuntungan, Kota Medan, Sumatera Utara 20137","prelist","MEDAN TUNTUNGAN","KEMENANGAN TANI","LINGKUNGAN 1","","","G. Perdagangan Besar dan Eceran, Reparasi Mobil dan Sepeda Motor","Gmaps"],
    ["34368","Indomaret | Mangga - Kota Medan | Tembakau Raya No 36B","Jl. Tembakau Raya No.36B","prelist","MEDAN TUNTUNGAN","MANGGA","LINGKUNGAN 15","","","G. Perdagangan Besar dan Eceran, Reparasi Mobil dan Sepeda Motor","Gmaps"],
    ["34369","Mini Market Tabitha","Jl. Pales Raya Ujung No.3","prelist","MEDAN TUNTUNGAN","SIMPANG SELAYANG","LINGKUNGAN 15","","","G. Perdagangan Besar dan Eceran, Reparasi Mobil dan Sepeda Motor","Gmaps"],
    ["34370","TOKO ARJUNA","Jl. Bunga Rampe Raya","prelist","MEDAN TUNTUNGAN","SIMALINGKAR B","LINGKUNGAN 2","","","G. Perdagangan Besar dan Eceran, Reparasi Mobil dan Sepeda Motor","Gmaps"],
    ["34371","Alfamidi Jamin Ginting 3","Sidomulyo, Kec. Medan Tuntungan, Kota Medan, Sumatera Utara 20137","prelist","MEDAN TUNTUNGAN","SIDOMULYO","LINGKUNGAN 1","","","G. Perdagangan Besar dan Eceran, Reparasi Mobil dan Sepeda Motor","Gmaps"],
    ["34372","Toko Limbong","Jl. Bunga Ncole Raya No.36","prelist","MEDAN TUNTUNGAN","KEMENANGAN TANI","LINGKUNGAN 2","","","G. Perdagangan Besar dan Eceran, Reparasi Mobil dan Sepeda Motor","Gmaps"],
    ["34373","Alfamidi Jamin Ginting Sp. Pencawan","Kemenangan Tani, Kec. Medan Tuntungan, Kota Medan, Sumatera Utara 20137","prelist","MEDAN TUNTUNGAN","KEMENANGAN TANI","LINGKUNGAN 1","","","G. Perdagangan Besar dan Eceran, Reparasi Mobil dan Sepeda Motor","Gmaps"],
    ["34374","Putri","Jl. Flamboyan Raya","prelist","MEDAN TUNTUNGAN","TANJUNG SELAMAT","LINGKUNGAN 3","","0822-7417-4222","G. Perdagangan Besar dan Eceran, Reparasi Mobil dan Sepeda Motor","Gmaps"],
    ["34375","Alfamidi Flamboyan Raya 2","Tj. Selamat, Kec. Medan Tuntungan, Kota Medan, Sumatera Utara 20135","prelist","MEDAN TUNTUNGAN","TANJUNG SELAMAT","LINGKUNGAN 9","","","G. Perdagangan Besar dan Eceran, Reparasi Mobil dan Sepeda Motor","Gmaps"],
    ["34376","Indomaret | Kwala Bekala - Kota Medan | Jamin Ginting","Jl. Jamin Ginting No.Km. 7","prelist","MEDAN TUNTUNGAN","MANGGA","LINGKUNGAN 1","","","G. Perdagangan Besar dan Eceran, Reparasi Mobil dan Sepeda Motor","Gmaps"],
    ["34377","TOKO KHEDANT","Jl. Karet Raya","prelist","MEDAN TUNTUNGAN","MANGGA","LINGKUNGAN 7","","0821-6051-4147","G. Perdagangan Besar dan Eceran, Reparasi Mobil dan Sepeda Motor","Gmaps"],
    ["34378","Mari minimarket","Jl. Bunga Ncole Raya","prelist","MEDAN TUNTUNGAN","KEMENANGAN TANI","LINGKUNGAN 2","","","G. Perdagangan Besar dan Eceran, Reparasi Mobil dan Sepeda Motor","Gmaps"],
    ["34379","Indomaret Fresh Spring Ville Blok 8A-B","Jl. Bunga Rinte","prelist","MEDAN TUNTUNGAN","SIMPANG SELAYANG","LINGKUNGAN 11","","","G. Perdagangan Besar dan Eceran, Reparasi Mobil dan Sepeda Motor","Gmaps"],
    ["34380","Indomaret Sp. Ncole","Kemenangan Tani, Kec. Medan Tuntungan, Kota Medan, Sumatera Utara 20137","prelist","MEDAN TUNTUNGAN","KEMENANGAN TANI","LINGKUNGAN 1","","","G. Perdagangan Besar dan Eceran, Reparasi Mobil dan Sepeda Motor","Gmaps"],
    ["34381","TOKO DAFFA","Jalan Bunga Kemuning No.56 Sebelum Jembatan","prelist","MEDAN TUNTUNGAN","LADANG BAMBU","LINGKUNGAN 5","","","G. Perdagangan Besar dan Eceran, Reparasi Mobil dan Sepeda Motor","Gmaps"],
    ["34382","Sembako Tani Indonesia","Jl. Bunga Rampai 1","prelist","MEDAN TUNTUNGAN","SIMALINGKAR B","LINGKUNGAN 1","","0813-9763-3586","G. Perdagangan Besar dan Eceran, Reparasi Mobil dan Sepeda Motor","Gmaps"],
    ["34383","Indomaret Sehati Point Coffe","Simpang Selayang, Kec. Medan Tuntungan, Kota Medan, Sumatera Utara 20135","prelist","MEDAN TUNTUNGAN","SIMPANG SELAYANG","LINGKUNGAN 9","","","G. Perdagangan Besar dan Eceran, Reparasi Mobil dan Sepeda Motor","Gmaps"],
    ["34384","Indomaret - CV. Haga","Jl. Flamboyan Raya No.66","prelist","MEDAN TUNTUNGAN","TANJUNG SELAMAT","LINGKUNGAN 8","","","G. Perdagangan Besar dan Eceran, Reparasi Mobil dan Sepeda Motor","Gmaps"],
    ["34385","Toko Elis","Jl. Bunga Lau","prelist","MEDAN TUNTUNGAN","KEMENANGAN TANI","LINGKUNGAN 3","","","G. Perdagangan Besar dan Eceran, Reparasi Mobil dan Sepeda Motor","Gmaps"],
    ["34386","UD.Nayla","Jl. Petunia Raya","prelist","MEDAN TUNTUNGAN","NAMO GAJAH","LINGKUNGAN 2","","0857-6264-3903","G. Perdagangan Besar dan Eceran, Reparasi Mobil dan Sepeda Motor","Gmaps"],
    ["34387","Sembiring","Jl. Bunga Rinte","prelist","MEDAN TUNTUNGAN","SIMPANG SELAYANG","LINGKUNGAN 11","","0813-7594-0080","G. Perdagangan Besar dan Eceran, Reparasi Mobil dan Sepeda Motor","Gmaps"],
    ["34388","Alfamidi Kapiten Purba","Jl. Kapiten Purba","prelist","MEDAN TUNTUNGAN","MANGGA","LINGKUNGAN 4","","","G. Perdagangan Besar dan Eceran, Reparasi Mobil dan Sepeda Motor","Gmaps"],
    ["34389","Toko Brema","Jl. Ncole Permai No.2","prelist","MEDAN TUNTUNGAN","KEMENANGAN TANI","LINGKUNGAN 4","","","G. Perdagangan Besar dan Eceran, Reparasi Mobil dan Sepeda Motor","Gmaps"],
    ["34390","Toko Pak Pahan","Jl. Bunga Rinte No.5","prelist","MEDAN TUNTUNGAN","SIMPANG SELAYANG","LINGKUNGAN 1","","0813-7743-0598","G. Perdagangan Besar dan Eceran, Reparasi Mobil dan Sepeda Motor","Gmaps"],
    ["34391","Alfamart Bungalau","Jl. Bunga Lau Sudut","prelist","MEDAN TUNTUNGAN","KEMENANGAN TANI","LINGKUNGAN 3","","","G. Perdagangan Besar dan Eceran, Reparasi Mobil dan Sepeda Motor","Gmaps"],
    ["34392","Kedai Bolang Leo","Jl. Bunga Rinte","prelist","MEDAN TUNTUNGAN","SIMPANG SELAYANG","LINGKUNGAN 1","","0812-6473-9119","G. Perdagangan Besar dan Eceran, Reparasi Mobil dan Sepeda Motor","Gmaps"],
    ["34393","Indomaret 134-136","Jl. Jamin Ginting No.134","prelist","MEDAN TUNTUNGAN","MANGGA","LINGKUNGAN 3","","","G. Perdagangan Besar dan Eceran, Reparasi Mobil dan Sepeda Motor","Gmaps"],
    ["34394","Alfamart Cengkeh Raya","Jl.Cengkeh Raya No.56","prelist","MEDAN TUNTUNGAN","MANGGA","LINGKUNGAN 12","","","G. Perdagangan Besar dan Eceran, Reparasi Mobil dan Sepeda Motor","Gmaps"],
    ["34395","Toko Dea Ginting Medan","Jl. Jamin Ginting","prelist","MEDAN TUNTUNGAN","KEMENANGAN TANI","LINGKUNGAN 1","","","G. Perdagangan Besar dan Eceran, Reparasi Mobil dan Sepeda Motor","Gmaps"],
    ["34396","Toko Kak Ros","Mangga, Kec. Medan Tuntungan, Kota Medan, Sumatera Utara 20135","prelist","MEDAN TUNTUNGAN","MANGGA","LINGKUNGAN 13","","","G. Perdagangan Besar dan Eceran, Reparasi Mobil dan Sepeda Motor","Gmaps"],
    ["34397","H. Sembiring","Jl. Jamin Ginting","prelist","MEDAN TUNTUNGAN","MANGGA","LINGKUNGAN 3","","","G. Perdagangan Besar dan Eceran, Reparasi Mobil dan Sepeda Motor","Gmaps"],
    ["34398","UD SARI PASAR INDUK MEDAN","Ps. Induk Lau Cih Medan, Grosir, Kec. Medan Tuntungan, Kota Medan, Sumatera Utara 20136","prelist","MEDAN TUNTUNGAN","LAU CIH","LINGKUNGAN 3","","0813-7863-6521","G. Perdagangan Besar dan Eceran, Reparasi Mobil dan Sepeda Motor","Gmaps"],
    ["34399","Grosir Lintang","Jl. Cengkeh 8 No.1","prelist","MEDAN TUNTUNGAN","MANGGA","LINGKUNGAN 11","","","G. Perdagangan Besar dan Eceran, Reparasi Mobil dan Sepeda Motor","Gmaps"],
    ["34400","PASAR RINTE","Jl. Bunga Rinte Raya No.78","prelist","MEDAN TUNTUNGAN","SIMPANG SELAYANG","LINGKUNGAN 13","","","G. Perdagangan Besar dan Eceran, Reparasi Mobil dan Sepeda Motor","Gmaps"],
    ["34401","Grosir","Jl. Bunga Rampai Vii","prelist","MEDAN TUNTUNGAN","SIMALINGKAR B","LINGKUNGAN 4","","0858-0532-5290","G. Perdagangan Besar dan Eceran, Reparasi Mobil dan Sepeda Motor","Gmaps"],
    ["34402","Dwi out door","Jl. Jahe Raya","prelist","MEDAN TUNTUNGAN","MANGGA","LINGKUNGAN 13","","","G. Perdagangan Besar dan Eceran, Reparasi Mobil dan Sepeda Motor","Gmaps"],
    ["34403","Pasar Melati Monza","Jl. Bunga Sakura No.25","prelist","MEDAN TUNTUNGAN","TANJUNG SELAMAT","LINGKUNGAN 4","","","G. Perdagangan Besar dan Eceran, Reparasi Mobil dan Sepeda Motor","Gmaps"],
    ["34404","Jumpa Water","Jl. Rinte Vi","prelist","MEDAN TUNTUNGAN","SIMPANG SELAYANG","LINGKUNGAN 13","","0812-7654-8917","G. Perdagangan Besar dan Eceran, Reparasi Mobil dan Sepeda Motor","Gmaps"],
    ["34405","Rahmah Frozen","Jl. Bunga Rinte No.88C","prelist","MEDAN TUNTUNGAN","SIMPANG SELAYANG","LINGKUNGAN 11","","","G. Perdagangan Besar dan Eceran, Reparasi Mobil dan Sepeda Motor","Gmaps"],
    ["34406","Jorge obana","Jl. Jamin Ginting No.118","prelist","MEDAN TUNTUNGAN","SIMPANG SELAYANG","LINGKUNGAN 2","","","G. Perdagangan Besar dan Eceran, Reparasi Mobil dan Sepeda Motor","Gmaps"],
    ["34407","Alfamidi Bunga Lau","Jl. Bunga Lau","prelist","MEDAN TUNTUNGAN","KEMENANGAN TANI","LINGKUNGAN 3","","","G. Perdagangan Besar dan Eceran, Reparasi Mobil dan Sepeda Motor","Gmaps"],
    ["34408","Toko TARIGAN TUA","Jalan Jamin Ginting Km.12","prelist","MEDAN TUNTUNGAN","LAU CIH","LINGKUNGAN 1","","","G. Perdagangan Besar dan Eceran, Reparasi Mobil dan Sepeda Motor","Gmaps"],
    ["34409","Mawar Bakery & Cake Shop","Jl. Jamin Ginting No.115","prelist","MEDAN TUNTUNGAN","MANGGA","LINGKUNGAN 3","","","G. Perdagangan Besar dan Eceran, Reparasi Mobil dan Sepeda Motor","Gmaps"],
    ["34410","Andi Swalayan","Jl. Bunga Kardiol","prelist","MEDAN TUNTUNGAN","LADANG BAMBU","LINGKUNGAN 3","","","G. Perdagangan Besar dan Eceran, Reparasi Mobil dan Sepeda Motor","Gmaps"],
    ["34411","Asia Fashion","Jl. Flamboyan Raya","prelist","MEDAN TUNTUNGAN","TANJUNG SELAMAT","LINGKUNGAN 7","","","G. Perdagangan Besar dan Eceran, Reparasi Mobil dan Sepeda Motor","Gmaps"],
    ["34412","Antara collection","Jl. Jamin Ginting","prelist","MEDAN TUNTUNGAN","SIMPANG SELAYANG","LINGKUNGAN 5","","","G. Perdagangan Besar dan Eceran, Reparasi Mobil dan Sepeda Motor","Gmaps"],
    ["34413","Toko Mutiara Monzza","Tj. Selamat, Kec. Medan Tuntungan, Kota Medan, Sumatera Utara 20135","prelist","MEDAN TUNTUNGAN","TANJUNG SELAMAT","LINGKUNGAN 4","","","G. Perdagangan Besar dan Eceran, Reparasi Mobil dan Sepeda Motor","Gmaps"],
    ["34414","Melisa fashion","Jl. Jamin Ginting No.22B","prelist","MEDAN TUNTUNGAN","SIDOMULYO","LINGKUNGAN 2","","","G. Perdagangan Besar dan Eceran, Reparasi Mobil dan Sepeda Motor","Gmaps"],
    ["34415","GROSIR BERAS ABANG ADEK","Jl. Jamin Ginting No.Km 12","prelist","MEDAN TUNTUNGAN","KEMENANGAN TANI","LINGKUNGAN 1","","","G. Perdagangan Besar dan Eceran, Reparasi Mobil dan Sepeda Motor","Gmaps"],
    ["34416","Lasitoganen","Jl. Jamin Ginting No.149","prelist","MEDAN TUNTUNGAN","KEMENANGAN TANI","LINGKUNGAN 1","","","G. Perdagangan Besar dan Eceran, Reparasi Mobil dan Sepeda Motor","Gmaps"],
    ["34417","Pedagang","Simalingkar B, Kec. Medan Tuntungan, Kota Medan, Sumatera Utara 20144","prelist","MEDAN TUNTUNGAN","SIMALINGKAR B","LINGKUNGAN 2","","","G. Perdagangan Besar dan Eceran, Reparasi Mobil dan Sepeda Motor","Gmaps"],
    ["34418","Grosir Telur Puyuh Medan Permai","Komplek Medan Permai","prelist","MEDAN TUNTUNGAN","KEMENANGAN TANI","LINGKUNGAN 4","","","G. Perdagangan Besar dan Eceran, Reparasi Mobil dan Sepeda Motor","Gmaps"],
    ["34419","TOKO KEMBAR SITUMORANG","Mangga, Kec. Medan Tuntungan, Kota Medan, Sumatera Utara 20135","prelist","MEDAN TUNTUNGAN","MANGGA","LINGKUNGAN 12","","","G. Perdagangan Besar dan Eceran, Reparasi Mobil dan Sepeda Motor","Gmaps"],
    ["34420","BRISIA BUAH","Ps. Induk Lau Cih Medan, Lau Cih, Kec. Medan Tuntungan, Kota Medan, Sumatera Utara 20582","prelist","MEDAN TUNTUNGAN","LAU CIH","LINGKUNGAN 3","","","G. Perdagangan Besar dan Eceran, Reparasi Mobil dan Sepeda Motor","Gmaps"],
    ["34421","UD.TEGER BUAH","Unnamed Road, Kemenangan Tani, Medan Tuntungan, Medan City, North Sumatra 20135","prelist","MEDAN TUNTUNGAN","LAU CIH","LINGKUNGAN 3","","","G. Perdagangan Besar dan Eceran, Reparasi Mobil dan Sepeda Motor","Gmaps"],
    ["34422","Osse monza psr. Simalingkar","Mangga, Kec. Medan Tuntungan, Kota Medan, Sumatera Utara 20135","prelist","MEDAN TUNTUNGAN","MANGGA","LINGKUNGAN 15","","","G. Perdagangan Besar dan Eceran, Reparasi Mobil dan Sepeda Motor","Gmaps"],
    ["34423","Toko Raudhah","Jl. Setia Budi","prelist","MEDAN TUNTUNGAN","SIMPANG SELAYANG","LINGKUNGAN 2","","","G. Perdagangan Besar dan Eceran, Reparasi Mobil dan Sepeda Motor","Gmaps"],
    ["34424","UD KONCO (DISTRIBUTOR BAWANG MERAH)","Lau Cih, Kec. Medan Tuntungan, Kota Medan, Sumatera Utara 20353","prelist","MEDAN TUNTUNGAN","LAU CIH","LINGKUNGAN 3","","","G. Perdagangan Besar dan Eceran, Reparasi Mobil dan Sepeda Motor","Gmaps"],
    ["34425","GROSIR TELUR BEBEK DI MEDAN TUNTUNGAN","Jl. Bunga Kardiol No.49","prelist","MEDAN TUNTUNGAN","LADANG BAMBU","LINGKUNGAN 3","","","G. Perdagangan Besar dan Eceran, Reparasi Mobil dan Sepeda Motor","Gmaps"],
    ["34426","Toko Guru Singa","Jl. Jamin Ginting","prelist","MEDAN TUNTUNGAN","SIMPANG SELAYANG","LINGKUNGAN 1","","","G. Perdagangan Besar dan Eceran, Reparasi Mobil dan Sepeda Motor","Gmaps"],
    ["34427","Butik Haganta","Jl. Seroja Raya No.19C","prelist","MEDAN TUNTUNGAN","TANJUNG SELAMAT","LINGKUNGAN 8","","0813-7059-9609","G. Perdagangan Besar dan Eceran, Reparasi Mobil dan Sepeda Motor","Gmaps"],
    ["34428","Fazila","Jl. Bunga Rinte No.4 2","prelist","MEDAN TUNTUNGAN","SIMPANG SELAYANG","LINGKUNGAN 11","","","G. Perdagangan Besar dan Eceran, Reparasi Mobil dan Sepeda Motor","Gmaps"],
    ["34429","Syakira Shop","Blok J No.2, Simpang Selayang, Kec. Medan Tuntungan, Kota Medan, Sumatera Utara 20135","prelist","MEDAN TUNTUNGAN","SIMPANG SELAYANG","LINGKUNGAN 11","","","G. Perdagangan Besar dan Eceran, Reparasi Mobil dan Sepeda Motor","Gmaps"],
    ["34430","Snada fashion","Jl. Pinus Raya No.9","prelist","MEDAN TUNTUNGAN","MANGGA","LINGKUNGAN 13","","","G. Perdagangan Besar dan Eceran, Reparasi Mobil dan Sepeda Motor","Gmaps"],
    ["34431","SusanJ Thrift","Jl. Jamin Ginting No.105","prelist","MEDAN TUNTUNGAN","MANGGA","LINGKUNGAN 3","","","G. Perdagangan Besar dan Eceran, Reparasi Mobil dan Sepeda Motor","Gmaps"],
    ["34432","Ratih Fashion88","Jl. Rami 3 No.18","prelist","MEDAN TUNTUNGAN","MANGGA","LINGKUNGAN 16","","","G. Perdagangan Besar dan Eceran, Reparasi Mobil dan Sepeda Motor","Gmaps"],
    ["34433","Alesha Fashion Collection","Jl. Bunga Pariama I","prelist","MEDAN TUNTUNGAN","LADANG BAMBU","LINGKUNGAN 5","","","G. Perdagangan Besar dan Eceran, Reparasi Mobil dan Sepeda Motor","Gmaps"],
    ["34434","Pajak jahe monza","Jl. Jahe 3 No.20","prelist","MEDAN TUNTUNGAN","MANGGA","LINGKUNGAN 13","","","G. Perdagangan Besar dan Eceran, Reparasi Mobil dan Sepeda Motor","Gmaps"],
    ["34435","Monza Simalingkar","Mangga, Kec. Medan Tuntungan, Kota Medan, Sumatera Utara 20135","prelist","MEDAN TUNTUNGAN","MANGGA","LINGKUNGAN 13","","","G. Perdagangan Besar dan Eceran, Reparasi Mobil dan Sepeda Motor","Gmaps"],
    ["34436","Komplek Puri Zahara 2","Blk. H No.19, Simpang Selayang, Kec. Medan Tuntungan, Kota Medan, Sumatera Utara 20135","prelist","MEDAN TUNTUNGAN","SIMPANG SELAYANG","LINGKUNGAN 11","","","G. Perdagangan Besar dan Eceran, Reparasi Mobil dan Sepeda Motor","Gmaps"],
    ["34437","Toko Monza Kak Fee","Jl. Pales Raya No.47A","prelist","MEDAN TUNTUNGAN","SIMPANG SELAYANG","LINGKUNGAN 5","","","G. Perdagangan Besar dan Eceran, Reparasi Mobil dan Sepeda Motor","Gmaps"],
    ["34438","Carlissa Monja","Jl. Bunga Rinte","prelist","MEDAN TUNTUNGAN","SIMPANG SELAYANG","LINGKUNGAN 17","","","G. Perdagangan Besar dan Eceran, Reparasi Mobil dan Sepeda Motor","Gmaps"],
    ["34439","KP MONZA","Jl. Pales Raya No.26","prelist","MEDAN TUNTUNGAN","SIMPANG SELAYANG","LINGKUNGAN 7","","","G. Perdagangan Besar dan Eceran, Reparasi Mobil dan Sepeda Motor","Gmaps"],
    ["34440","esershop","Jl. Bunga Rinte Perum Graha Anggrek No.B21 Kel","prelist","MEDAN TUNTUNGAN","SIMPANG SELAYANG","LINGKUNGAN 17","","","G. Perdagangan Besar dan Eceran, Reparasi Mobil dan Sepeda Motor","Gmaps"],
    ["34441","Kekets Olshop Sp. Simalingkar Medan.","Jl. Jamin Ginting No.192","prelist","MEDAN TUNTUNGAN","MANGGA","LINGKUNGAN 3","","","G. Perdagangan Besar dan Eceran, Reparasi Mobil dan Sepeda Motor","Gmaps"],
    ["34442","Fashion Love","Jl. Lizadri Putra","prelist","MEDAN TUNTUNGAN","SIMPANG SELAYANG","LINGKUNGAN 10","","","G. Perdagangan Besar dan Eceran, Reparasi Mobil dan Sepeda Motor","Gmaps"],
    ["34443","Dua Saudara","Sidomulyo, Kec. Medan Tuntungan, Kota Medan, Sumatera Utara 20137","prelist","MEDAN TUNTUNGAN","SIDOMULYO","LINGKUNGAN 2","","0852-7090-8275","G. Perdagangan Besar dan Eceran, Reparasi Mobil dan Sepeda Motor","Gmaps"],
    ["34444","Lapak Borsak Mangatasi","Jl. Bunga Sakura","prelist","MEDAN TUNTUNGAN","TANJUNG SELAMAT","LINGKUNGAN 1","","","G. Perdagangan Besar dan Eceran, Reparasi Mobil dan Sepeda Motor","Gmaps"],
    ["34445","TOKO IRMA 2","Jl. Bunga Sakura No.28","prelist","MEDAN TUNTUNGAN","TANJUNG SELAMAT","LINGKUNGAN 4","","","G. Perdagangan Besar dan Eceran, Reparasi Mobil dan Sepeda Motor","Gmaps"],
    ["34446","TOKO IRMA 3","Jl. Bunga Sakura No.26","prelist","MEDAN TUNTUNGAN","TANJUNG SELAMAT","LINGKUNGAN 4","","","G. Perdagangan Besar dan Eceran, Reparasi Mobil dan Sepeda Motor","Gmaps"],
    ["34447","SECONDSUN STORE","Jl. Bunga Rampe Raya","prelist","MEDAN TUNTUNGAN","SIMALINGKAR B","LINGKUNGAN 3","","","G. Perdagangan Besar dan Eceran, Reparasi Mobil dan Sepeda Motor","Gmaps"],
    ["34448","GONDRONG_SHOES","Jl. Bunga Sakura No.3","prelist","MEDAN TUNTUNGAN","TANJUNG SELAMAT","LINGKUNGAN 1","","","G. Perdagangan Besar dan Eceran, Reparasi Mobil dan Sepeda Motor","Gmaps"],
    ["34449","Homestore Ventela Medan shoes","Jl. Bawang Ii No.32","prelist","MEDAN TUNTUNGAN","MANGGA","LINGKUNGAN 15","","","G. Perdagangan Besar dan Eceran, Reparasi Mobil dan Sepeda Motor","Gmaps"],
    ["34450","7 Outfit Store","Jl. Seroja Raya No.29 Blok A","prelist","MEDAN TUNTUNGAN","TANJUNG SELAMAT","LINGKUNGAN 8","","","G. Perdagangan Besar dan Eceran, Reparasi Mobil dan Sepeda Motor","Gmaps"],
    ["34451","Toko Sepatu Tarigan","Jl. Flamboyan Raya","prelist","MEDAN TUNTUNGAN","TANJUNG SELAMAT","LINGKUNGAN 4","","0823-6884-7675","G. Perdagangan Besar dan Eceran, Reparasi Mobil dan Sepeda Motor","Gmaps"],
    ["34452","HASBI MONZA","Jl. Bunga Sakura No.25","prelist","MEDAN TUNTUNGAN","TANJUNG SELAMAT","LINGKUNGAN 2","","","G. Perdagangan Besar dan Eceran, Reparasi Mobil dan Sepeda Motor","Gmaps"],
    ["34453","TOKO IRMA MONZA","Jl. Bunga Sakura","prelist","MEDAN TUNTUNGAN","TANJUNG SELAMAT","LINGKUNGAN 2","","","G. Perdagangan Besar dan Eceran, Reparasi Mobil dan Sepeda Motor","Gmaps"],
    ["34454","ZEQAM SECOND BRAND SHOES","Tj. Selamat, Kec. Medan Tuntungan, Kota Medan, Sumatera Utara 20135","prelist","MEDAN TUNTUNGAN","TANJUNG SELAMAT","LINGKUNGAN 6","","","G. Perdagangan Besar dan Eceran, Reparasi Mobil dan Sepeda Motor","Gmaps"],
    ["34455","Sepatu Monza Mak Lena","Jl. Bunga Sakura","prelist","MEDAN TUNTUNGAN","TANJUNG SELAMAT","LINGKUNGAN 1","","","G. Perdagangan Besar dan Eceran, Reparasi Mobil dan Sepeda Motor","Gmaps"],
    ["34456","ICA BRANDED","Jl. Bunga Sakura No.Raya","prelist","MEDAN TUNTUNGAN","TANJUNG SELAMAT","LINGKUNGAN 1","","","G. Perdagangan Besar dan Eceran, Reparasi Mobil dan Sepeda Motor","Gmaps"],
    ["34457","Khanza Monza Pajak Melati Medan","Jl. Bunga Sakura No.10","prelist","MEDAN TUNTUNGAN","TANJUNG SELAMAT","LINGKUNGAN 4","","","G. Perdagangan Besar dan Eceran, Reparasi Mobil dan Sepeda Motor","Gmaps"],
    ["34458","Jovi Shoes Medan","Jl. Bunga Sakura No.3","prelist","MEDAN TUNTUNGAN","TANJUNG SELAMAT","LINGKUNGAN 2","","","G. Perdagangan Besar dan Eceran, Reparasi Mobil dan Sepeda Motor","Gmaps"],
    ["34459","Hokki Elektronik","Jl. Flamboyan Raya No.58 C","prelist","MEDAN TUNTUNGAN","TANJUNG SELAMAT","LINGKUNGAN 3","","","G. Perdagangan Besar dan Eceran, Reparasi Mobil dan Sepeda Motor","Gmaps"],
    ["34460","Raisa Store Elektronik & Perabot","Jl. Flamboyan Raya No.32-47","prelist","MEDAN TUNTUNGAN","TANJUNG SELAMAT","LINGKUNGAN 7","","","G. Perdagangan Besar dan Eceran, Reparasi Mobil dan Sepeda Motor","Gmaps"],
    ["34461","Nusantara Elektronik Medan","Jl. Bunga Lau No.18","prelist","MEDAN TUNTUNGAN","KEMENANGAN TANI","LINGKUNGAN 3","","","G. Perdagangan Besar dan Eceran, Reparasi Mobil dan Sepeda Motor","Gmaps"],
    ["34462","Tegeribu shoes","Jl. Vanili Raya No.106 Perumnas","prelist","MEDAN TUNTUNGAN","MANGGA","LINGKUNGAN 20","","0813-6216-4812","G. Perdagangan Besar dan Eceran, Reparasi Mobil dan Sepeda Motor","Gmaps"],
    ["34463","TOKO SEPATU REZA GINTING","Jl. Kapiten Purba No.8","prelist","MEDAN TUNTUNGAN","MANGGA","LINGKUNGAN 3","","","G. Perdagangan Besar dan Eceran, Reparasi Mobil dan Sepeda Motor","Gmaps"],
    ["34464","Sepatu Tempahan Rodame","Jl. Karet Raya","prelist","MEDAN TUNTUNGAN","MANGGA","LINGKUNGAN 4","","","G. Perdagangan Besar dan Eceran, Reparasi Mobil dan Sepeda Motor","Gmaps"],
    ["34465","Uwam second store","Jl. Bunga Sakura","prelist","MEDAN TUNTUNGAN","TANJUNG SELAMAT","LINGKUNGAN 4","","","G. Perdagangan Besar dan Eceran, Reparasi Mobil dan Sepeda Motor","Gmaps"],
    ["34466","Barus Sada Arih Monza Sepatu","Jl. Bunga Sakura","prelist","MEDAN TUNTUNGAN","TANJUNG SELAMAT","LINGKUNGAN 4","","","G. Perdagangan Besar dan Eceran, Reparasi Mobil dan Sepeda Motor","Gmaps"],
    ["34467","Monza Sakura","Jl. Bunga Sakura","prelist","MEDAN TUNTUNGAN","TANJUNG SELAMAT","LINGKUNGAN 4","","","G. Perdagangan Besar dan Eceran, Reparasi Mobil dan Sepeda Motor","Gmaps"],
    ["34468","Sepatu nyonya bos","Namu Gajah, Kec. Medan Tuntungan, Kota Medan, Sumatera Utara 20134","prelist","MEDAN TUNTUNGAN","NAMO GAJAH","LINGKUNGAN 2","","","G. Perdagangan Besar dan Eceran, Reparasi Mobil dan Sepeda Motor","Gmaps"],
    ["34469","Lapak Sepatu Monja Berkualitas","Jl. Bunga Sakura No.73","prelist","MEDAN TUNTUNGAN","TANJUNG SELAMAT","LINGKUNGAN 1","","","G. Perdagangan Besar dan Eceran, Reparasi Mobil dan Sepeda Motor","Gmaps"],
    ["34470","bokir_shoes","Tj. Selamat, Kec. Medan Tuntungan, Kota Medan, Sumatera Utara 20135","prelist","MEDAN TUNTUNGAN","TANJUNG SELAMAT","LINGKUNGAN 4","","0831-9837-0434","G. Perdagangan Besar dan Eceran, Reparasi Mobil dan Sepeda Motor","Gmaps"],
    ["34471","VEGIMONZAORI","Jalan Jamin Ginting Km 10","prelist","MEDAN TUNTUNGAN","SIMPANG SELAYANG","LINGKUNGAN 5","","","G. Perdagangan Besar dan Eceran, Reparasi Mobil dan Sepeda Motor","Gmaps"],
    ["34472","Toko Gurah Monza","Jl. Bunga Sakura No.23","prelist","MEDAN TUNTUNGAN","TANJUNG SELAMAT","LINGKUNGAN 2","","","G. Perdagangan Besar dan Eceran, Reparasi Mobil dan Sepeda Motor","Gmaps"],
    ["34473","Sepatu secon","Jl. Bunga Sakura No.67","prelist","MEDAN TUNTUNGAN","TANJUNG SELAMAT","LINGKUNGAN 1","","","G. Perdagangan Besar dan Eceran, Reparasi Mobil dan Sepeda Motor","Gmaps"],
    ["34474","Arganta Ponsel","Jl. Setia Budi","prelist","MEDAN TUNTUNGAN","SIMPANG SELAYANG","LINGKUNGAN 2","","0813-6819-1403","G. Perdagangan Besar dan Eceran, Reparasi Mobil dan Sepeda Motor","Gmaps"],
    ["34475","Bigcell","Jl. Jamin Ginting No.113","prelist","MEDAN TUNTUNGAN","MANGGA","LINGKUNGAN 3","","(061) 88360069","G. Perdagangan Besar dan Eceran, Reparasi Mobil dan Sepeda Motor","Gmaps"],
    ["34476","Home Cellular","No.16B-C","prelist","MEDAN TUNTUNGAN","KEMENANGAN TANI","LINGKUNGAN 1","","","G. Perdagangan Besar dan Eceran, Reparasi Mobil dan Sepeda Motor","Gmaps"],
    ["34477","Gestun Endy Ponsel Medan","Jl. Jamin Ginting","prelist","MEDAN TUNTUNGAN","MANGGA","LINGKUNGAN 2","","","G. Perdagangan Besar dan Eceran, Reparasi Mobil dan Sepeda Motor","Gmaps"],
    ["34478","Zaq Ponsel Simalingkar","Jl. Kapiten Purba","prelist","MEDAN TUNTUNGAN","MANGGA","LINGKUNGAN 3","","","G. Perdagangan Besar dan Eceran, Reparasi Mobil dan Sepeda Motor","Gmaps"],
    ["34479","Via Ponsel","Mangga, Kec. Medan Tuntungan, Kota Medan, Sumatera Utara 20141","prelist","MEDAN TUNTUNGAN","MANGGA","LINGKUNGAN 22","","","G. Perdagangan Besar dan Eceran, Reparasi Mobil dan Sepeda Motor","Gmaps"],
    ["34480","Evo PONSEL","Kemenangan Tani, Kec. Medan Tuntungan, Kota Medan, Sumatera Utara 20137","prelist","MEDAN TUNTUNGAN","KEMENANGAN TANI","LINGKUNGAN 1","","","G. Perdagangan Besar dan Eceran, Reparasi Mobil dan Sepeda Motor","Gmaps"],
    ["34481","TEL KOM CELL","Jl. Bunga Lau No.17","prelist","MEDAN TUNTUNGAN","KEMENANGAN TANI","LINGKUNGAN 3","","","G. Perdagangan Besar dan Eceran, Reparasi Mobil dan Sepeda Motor","Gmaps"],
    ["34482","UD. Sinuraya Murah Meriah Elektronik/kost putri","Jl. Kapiten Purba No.1A","prelist","MEDAN TUNTUNGAN","MANGGA","LINGKUNGAN 4","","0813-7081-3672","G. Perdagangan Besar dan Eceran, Reparasi Mobil dan Sepeda Motor","Gmaps"],
    ["34483","Sigin Electrical","Jl. Citra Anggrek","prelist","MEDAN TUNTUNGAN","SIMPANG SELAYANG","LINGKUNGAN 4","","","G. Perdagangan Besar dan Eceran, Reparasi Mobil dan Sepeda Motor","Gmaps"],
    ["34484","ELCOMCELL Service","Jl. Bunga Rinte","prelist","MEDAN TUNTUNGAN","SIMPANG SELAYANG","LINGKUNGAN 4","","","G. Perdagangan Besar dan Eceran, Reparasi Mobil dan Sepeda Motor","Gmaps"],
    ["34485","NUSANTARA ELECTRONIC","Jl. Jamin Ginting No.Km 15","prelist","MEDAN TUNTUNGAN","SIMPANG SELAYANG","LINGKUNGAN 3","","","G. Perdagangan Besar dan Eceran, Reparasi Mobil dan Sepeda Motor","Gmaps"],
    ["34486","(Tidak ada jualan di Facebook) Toko Oyama Elektronik Dan Perabot (TIDAK ADA TRANSAKSI ONLINE, HANYA MELAYANI OFFLINE)","Jl. Flamboyan Raya No.1A","prelist","MEDAN TUNTUNGAN","TANJUNG SELAMAT","LINGKUNGAN 2","","","G. Perdagangan Besar dan Eceran, Reparasi Mobil dan Sepeda Motor","Gmaps"],
    ["34487","SIMALINGKAR CELL","Jl. Jamin Ginting","prelist","MEDAN TUNTUNGAN","MANGGA","LINGKUNGAN 3","","","G. Perdagangan Besar dan Eceran, Reparasi Mobil dan Sepeda Motor","Gmaps"],
    ["34488","SAHABAT PERABOT BEKAS MEDAN - TERIMA JUAL BELI PERABOT FURNITURE BARANG BEKAS RUMAH DAN KANTOR DI MEDAN","Jalan Flamboyan 1","prelist","MEDAN TUNTUNGAN","TANJUNG SELAMAT","LINGKUNGAN 1","","","G. Perdagangan Besar dan Eceran, Reparasi Mobil dan Sepeda Motor","Gmaps"],
    ["34489","Toko Perabot Melati Putih 52","Jl. Flamboyan Raya Simpang Melati No.52","prelist","MEDAN TUNTUNGAN","TANJUNG SELAMAT","LINGKUNGAN 7","","","G. Perdagangan Besar dan Eceran, Reparasi Mobil dan Sepeda Motor","Gmaps"],
    ["34490","Bagoes Perabot","Jl. Jahe Raya No.12","prelist","MEDAN TUNTUNGAN","MANGGA","LINGKUNGAN 14","","","G. Perdagangan Besar dan Eceran, Reparasi Mobil dan Sepeda Motor","Gmaps"],
    ["34491","Royal Jepara Furniture","Mangga, Kec. Medan Tuntungan, Kota Medan, Sumatera Utara 20142","prelist","MEDAN TUNTUNGAN","MANGGA","LINGKUNGAN 1","","","G. Perdagangan Besar dan Eceran, Reparasi Mobil dan Sepeda Motor","Gmaps"],
    ["34492","processor laptop","Jl. Jamin Ginting No.119","prelist","MEDAN TUNTUNGAN","MANGGA","LINGKUNGAN 3","","","G. Perdagangan Besar dan Eceran, Reparasi Mobil dan Sepeda Motor","Gmaps"],
    ["34493","Ramot Komputer","Jl. Flamboyan X No.20","prelist","MEDAN TUNTUNGAN","TANJUNG SELAMAT","LINGKUNGAN 3","","","G. Perdagangan Besar dan Eceran, Reparasi Mobil dan Sepeda Motor","Gmaps"],
    ["34494","PSL Pratama Computer","Komplek Stella Residen","prelist","MEDAN TUNTUNGAN","SIMPANG SELAYANG","LINGKUNGAN 11","","0812-2325-903","G. Perdagangan Besar dan Eceran, Reparasi Mobil dan Sepeda Motor","Gmaps"],
    ["34495","Toko Komputer Termurah","Jl. Kapiten Purba","prelist","MEDAN TUNTUNGAN","MANGGA","LINGKUNGAN 3","","","G. Perdagangan Besar dan Eceran, Reparasi Mobil dan Sepeda Motor","Gmaps"],
    ["34496","Arenda Ponsel","Jl. Flamboyan Raya No.100F","prelist","MEDAN TUNTUNGAN","TANJUNG SELAMAT","LINGKUNGAN 2","","","G. Perdagangan Besar dan Eceran, Reparasi Mobil dan Sepeda Motor","Gmaps"],
    ["34497","MOKA PONSEL","Jl. Setia Budi","prelist","MEDAN TUNTUNGAN","SIMPANG SELAYANG","LINGKUNGAN 9","","","G. Perdagangan Besar dan Eceran, Reparasi Mobil dan Sepeda Motor","Gmaps"],
    ["34498","Gisel Ponsel","Jl. Jamin Ginting Km 11.6 No. 151","prelist","MEDAN TUNTUNGAN","SIMPANG SELAYANG","LINGKUNGAN 3","","","G. Perdagangan Besar dan Eceran, Reparasi Mobil dan Sepeda Motor","Gmaps"],
    ["34499","BJM PONSEL","Jl. Bunga Lau No.18","prelist","MEDAN TUNTUNGAN","KEMENANGAN TANI","LINGKUNGAN 1","","","G. Perdagangan Besar dan Eceran, Reparasi Mobil dan Sepeda Motor","Gmaps"],
    ["34500","Zaq Ponsel","Kemenangan Tani, Kec. Medan Tuntungan, Kota Medan, Sumatera Utara 20137","prelist","MEDAN TUNTUNGAN","KEMENANGAN TANI","LINGKUNGAN 1","","0822-7327-0737","G. Perdagangan Besar dan Eceran, Reparasi Mobil dan Sepeda Motor","Gmaps"],
    ["34501","Jaya ponsel","Tj. Selamat, Kec. Medan Tuntungan, Kota Medan, Sumatera Utara 20135","prelist","MEDAN TUNTUNGAN","TANJUNG SELAMAT","LINGKUNGAN 2","","0853-6008-1774","G. Perdagangan Besar dan Eceran, Reparasi Mobil dan Sepeda Motor","Gmaps"],
    ["34502","Station Ponsel Grosir Kartu Internet","Jl. Sawit Raya No.7A","prelist","MEDAN TUNTUNGAN","MANGGA","LINGKUNGAN 9","","","G. Perdagangan Besar dan Eceran, Reparasi Mobil dan Sepeda Motor","Gmaps"],
    ["34503","Distributor Justmine Beauty Medan","Jalan Bunga Pancur I No. 40 A","prelist","MEDAN TUNTUNGAN","SIMPANG SELAYANG","LINGKUNGAN 6","","","G. Perdagangan Besar dan Eceran, Reparasi Mobil dan Sepeda Motor","Gmaps"],
    ["34504","Koperasi Jasa Sehat Sejahtera Mandiri Sumut","Tj. Selamat, Kec. Medan Tuntungan, Kota Medan, Sumatera Utara","prelist","MEDAN TUNTUNGAN","TANJUNG SELAMAT","LINGKUNGAN 7","","","G. Perdagangan Besar dan Eceran, Reparasi Mobil dan Sepeda Motor","Gmaps"],
    ["34505","Kowasar (Koperasi Jasa Warga SAR Medan)","Jl. Jamin Ginting No.99","prelist","MEDAN TUNTUNGAN","LAU CIH","LINGKUNGAN 3","","0813-9760-7834","G. Perdagangan Besar dan Eceran, Reparasi Mobil dan Sepeda Motor","Gmaps"],
    ["34506","Ksp Makmur Mandiri","Jl. Flamboyan Raya","prelist","MEDAN TUNTUNGAN","TANJUNG SELAMAT","LINGKUNGAN 2","","","G. Perdagangan Besar dan Eceran, Reparasi Mobil dan Sepeda Motor","Gmaps"],
    ["34507","Koperasi Sakura","Jl. Bunga Sakura","prelist","MEDAN TUNTUNGAN","TANJUNG SELAMAT","LINGKUNGAN 4","","","G. Perdagangan Besar dan Eceran, Reparasi Mobil dan Sepeda Motor","Gmaps"],
    ["34508","Dody's Prabot","Jl. Jamin Ginting","prelist","MEDAN TUNTUNGAN","KEMENANGAN TANI","LINGKUNGAN 1","","","G. Perdagangan Besar dan Eceran, Reparasi Mobil dan Sepeda Motor","Gmaps"],
    ["34509","GROSIR TIKAR ROTAN MEDAN","Jl. Pinang V No.10 Perumnas Simalingkar","prelist","MEDAN TUNTUNGAN","MANGGA","LINGKUNGAN 20","","","G. Perdagangan Besar dan Eceran, Reparasi Mobil dan Sepeda Motor","Gmaps"],
    ["34510","Toko Woloan (Jual Pot plastik)","Jl. Seroja Raya No.272. Kel","prelist","MEDAN TUNTUNGAN","TANJUNG SELAMAT","LINGKUNGAN 8","","0811-6550-768","G. Perdagangan Besar dan Eceran, Reparasi Mobil dan Sepeda Motor","Gmaps"],
    ["34511","Budi Plastik","Jl. Bunga Sakura No.40","prelist","MEDAN TUNTUNGAN","TANJUNG SELAMAT","LINGKUNGAN 4","","(061) 8364609","G. Perdagangan Besar dan Eceran, Reparasi Mobil dan Sepeda Motor","Gmaps"],
    ["34512","Karya Mandiri Jual Aneka Plastik","Jl. Flamboyan Raya","prelist","MEDAN TUNTUNGAN","TANJUNG SELAMAT","LINGKUNGAN 4","","","G. Perdagangan Besar dan Eceran, Reparasi Mobil dan Sepeda Motor","Gmaps"],
    ["34513","TOKO PLASTIK JERY","Jl. Jamin Ginting","prelist","MEDAN TUNTUNGAN","MANGGA","LINGKUNGAN 3","","","G. Perdagangan Besar dan Eceran, Reparasi Mobil dan Sepeda Motor","Gmaps"],
    ["34514","Toko bahan kue dan plastik sejahtera","Jl. Flamboyan Raya No.85A","prelist","MEDAN TUNTUNGAN","TANJUNG SELAMAT","LINGKUNGAN 2","","","G. Perdagangan Besar dan Eceran, Reparasi Mobil dan Sepeda Motor","Gmaps"],
    ["34515","TOKO PLASTIK FATHIN","Jl. Kapiten Purba","prelist","MEDAN TUNTUNGAN","MANGGA","LINGKUNGAN 3","","0813-9637-6018","G. Perdagangan Besar dan Eceran, Reparasi Mobil dan Sepeda Motor","Gmaps"],
    ["34516","TAMARO FURNITURE","Jl. Petunia Raya","prelist","MEDAN TUNTUNGAN","NAMO GAJAH","LINGKUNGAN 2","","0853-6278-1982","G. Perdagangan Besar dan Eceran, Reparasi Mobil dan Sepeda Motor","Gmaps"],
    ["34517","TukangPerabotMedan.com","Jl. Setia Budi No.Ujung","prelist","MEDAN TUNTUNGAN","SIMPANG SELAYANG","LINGKUNGAN 16","","","G. Perdagangan Besar dan Eceran, Reparasi Mobil dan Sepeda Motor","Gmaps"],
    ["34518","Grosir","Jl. Kopi Raya 2 No.18","prelist","MEDAN TUNTUNGAN","MANGGA","LINGKUNGAN 6","","0812-6348-475","G. Perdagangan Besar dan Eceran, Reparasi Mobil dan Sepeda Motor","Gmaps"],
    ["34519","Toko S. Sitepu","Jl. Jamin Ginting","prelist","MEDAN TUNTUNGAN","SIMPANG SELAYANG","LINGKUNGAN 3","","0853-3568-6827","G. Perdagangan Besar dan Eceran, Reparasi Mobil dan Sepeda Motor","Gmaps"],
    ["34520","TOKO GROSIR PRABOT","Jl. Flamboyan Raya No.84","prelist","MEDAN TUNTUNGAN","TANJUNG SELAMAT","LINGKUNGAN 2","","","G. Perdagangan Besar dan Eceran, Reparasi Mobil dan Sepeda Motor","Gmaps"],
    ["34521","Toko Erjaya","Jl. Flamboyan Raya No.10 A","prelist","MEDAN TUNTUNGAN","TANJUNG SELAMAT","LINGKUNGAN 8","","0813-6053-8926","G. Perdagangan Besar dan Eceran, Reparasi Mobil dan Sepeda Motor","Gmaps"],
    ["34522","Parfum Mawar Super Laundry Medan","Jl. Kopra 1 Perumnas No.24","prelist","MEDAN TUNTUNGAN","MANGGA","LINGKUNGAN 19","","","G. Perdagangan Besar dan Eceran, Reparasi Mobil dan Sepeda Motor","Gmaps"],
    ["34523","TOKO LISTRIK SINAR LINHUT","Jl. Kopi 10","prelist","MEDAN TUNTUNGAN","MANGGA","LINGKUNGAN 6","","","G. Perdagangan Besar dan Eceran, Reparasi Mobil dan Sepeda Motor","Gmaps"],
    ["34524","Distributor Buah Medan","Ps. Induk Lau Cih Medan, Tiga Juhar, Kec. Medan Tuntungan, Kota Medan, Sumatera Utara 20582","prelist","MEDAN TUNTUNGAN","LAU CIH","LINGKUNGAN 3","","0812-6333-773","G. Perdagangan Besar dan Eceran, Reparasi Mobil dan Sepeda Motor","Gmaps"],
    ["34525","Aqua Home Service Lawinta","Jl. Bunga Ncole Xxi No.7","prelist","MEDAN TUNTUNGAN","KEMENANGAN TANI","LINGKUNGAN 5","","","G. Perdagangan Besar dan Eceran, Reparasi Mobil dan Sepeda Motor","Gmaps"],
    ["34526","PT Toba Inti Medika","Sidomulyo, Kec. Medan Tuntungan, Kota Medan, Sumatera Utara","prelist","MEDAN TUNTUNGAN","SIDOMULYO","LINGKUNGAN 2","","","G. Perdagangan Besar dan Eceran, Reparasi Mobil dan Sepeda Motor","Gmaps"],
    ["34527","Grosir Telur Medan - DAMA Telur","Jl. Bougainville Ii No.4","prelist","MEDAN TUNTUNGAN","SIMPANG SELAYANG","LINGKUNGAN 10","","","G. Perdagangan Besar dan Eceran, Reparasi Mobil dan Sepeda Motor","Gmaps"],
    ["34528","PT. MAKMUR JAYA HEALTHINDO","Jl. Flamboyan I/4 No.6","prelist","MEDAN TUNTUNGAN","TANJUNG SELAMAT","LINGKUNGAN 6","","","G. Perdagangan Besar dan Eceran, Reparasi Mobil dan Sepeda Motor","Gmaps"],
    ["34529","Distributor Beras DEA GM","Jl. Jahe Raya No.21","prelist","MEDAN TUNTUNGAN","MANGGA","LINGKUNGAN 17","","","G. Perdagangan Besar dan Eceran, Reparasi Mobil dan Sepeda Motor","Gmaps"],
    ["34530","Salimah Food Medan","Jl. Stella Tengah No.8A","prelist","MEDAN TUNTUNGAN","SIMPANG SELAYANG","LINGKUNGAN 13","","","G. Perdagangan Besar dan Eceran, Reparasi Mobil dan Sepeda Motor","Gmaps"],
    ["34531","Benings Distributor Medan","Jl. Taman Alamanda Indah No.11","prelist","MEDAN TUNTUNGAN","TANJUNG SELAMAT","LINGKUNGAN 1","","","G. Perdagangan Besar dan Eceran, Reparasi Mobil dan Sepeda Motor","Gmaps"],
    ["34532","Distributor Resmi AFC Medan Tuntungan","Jl. Bunga Pancur Siwah Gg. Tarigan No.1","prelist","MEDAN TUNTUNGAN","SIMPANG SELAYANG","LINGKUNGAN 4","","0812-6962-2223","G. Perdagangan Besar dan Eceran, Reparasi Mobil dan Sepeda Motor","Gmaps"],
    ["34533","DISTRIBUTOR ANDALAN FAMILY","Gg. Buntu No.144","prelist","MEDAN TUNTUNGAN","TANJUNG SELAMAT","LINGKUNGAN 2","","","G. Perdagangan Besar dan Eceran, Reparasi Mobil dan Sepeda Motor","Gmaps"],
    ["34534","Trans metro deli","Jl. Bunga Pariama I No.6","prelist","MEDAN TUNTUNGAN","LADANG BAMBU","LINGKUNGAN 2","","0812-6322-193","H. Transportasi dan Pergudangan","Gmaps"],
    ["34535","UD LEDY UBI & KENTANG","Pasar Induk, Lau Cih, Medan Tuntungan, Medan City, North Sumatra 20353","prelist","MEDAN TUNTUNGAN","LAU CIH","LINGKUNGAN 3","","0813-6011-7457","G. Perdagangan Besar dan Eceran, Reparasi Mobil dan Sepeda Motor","Gmaps"],
    ["34536","BUDI TELUR GROSIR & ECERAN","Jl. Bunga Ncole Raya No.22","prelist","MEDAN TUNTUNGAN","KEMENANGAN TANI","LINGKUNGAN 2","","","G. Perdagangan Besar dan Eceran, Reparasi Mobil dan Sepeda Motor","Gmaps"],
    ["34537","agen telor","Gg. Mawar 3 No.11 1325","prelist","MEDAN TUNTUNGAN","SIMPANG SELAYANG","LINGKUNGAN 1","","0821-8357-0527","G. Perdagangan Besar dan Eceran, Reparasi Mobil dan Sepeda Motor","Gmaps"],
    ["34538","Gintar Shop","Simpang Selayang, Kec. Medan Tuntungan, Kota Medan, Sumatera Utara 20135","prelist","MEDAN TUNTUNGAN","SIMPANG SELAYANG","LINGKUNGAN 9","","","G. Perdagangan Besar dan Eceran, Reparasi Mobil dan Sepeda Motor","Gmaps"],
    ["34539","Ud Mugi berkah","Pasar induk, Lau Cih, Kec. Medan Tuntungan, Kota Medan, Sumatera Utara 22643","prelist","MEDAN TUNTUNGAN","LAU CIH","LINGKUNGAN 3","","0821-6383-3347","G. Perdagangan Besar dan Eceran, Reparasi Mobil dan Sepeda Motor","Gmaps"],
    ["34540","Aqila Masrura Collection","Jl. Lizadri Putra No.8","prelist","MEDAN TUNTUNGAN","SIMPANG SELAYANG","LINGKUNGAN 16","","","G. Perdagangan Besar dan Eceran, Reparasi Mobil dan Sepeda Motor","Gmaps"],
    ["34541","Grosir Baju Bayi Baru lahir | Toko Hazimah Babyshop","Komplek Puri Zahara","prelist","MEDAN TUNTUNGAN","SIMPANG SELAYANG","LINGKUNGAN 11","","","G. Perdagangan Besar dan Eceran, Reparasi Mobil dan Sepeda Motor","Gmaps"],
    ["34542","Grosir dan Ecer Cemilan Medan Riska Snack","Jl. Coklat 10 No.5 No.19","prelist","MEDAN TUNTUNGAN","MANGGA","LINGKUNGAN 7","","","G. Perdagangan Besar dan Eceran, Reparasi Mobil dan Sepeda Motor","Gmaps"],
    ["34543","Toko Evan","Jl. Tali Air","prelist","MEDAN TUNTUNGAN","MANGGA","LINGKUNGAN 4","","","G. Perdagangan Besar dan Eceran, Reparasi Mobil dan Sepeda Motor","Gmaps"],
    ["34544","Grosir Madu Hutan Asli di Medan","Puri zahara No.2 blok P20, Simpang Selayang, Kec. Medan Tuntungan, Kota Medan, Sumatera Utara 20135","prelist","MEDAN TUNTUNGAN","SIMPANG SELAYANG","LINGKUNGAN 11","","","G. Perdagangan Besar dan Eceran, Reparasi Mobil dan Sepeda Motor","Gmaps"],
    ["34545","Warung Alfaridzi","Jl. Jamin Ginting No.Km. 14","prelist","MEDAN TUNTUNGAN","SIDOMULYO","LINGKUNGAN 1","","","G. Perdagangan Besar dan Eceran, Reparasi Mobil dan Sepeda Motor","Gmaps"],
    ["34546","Toko Nani Jaya","Jl. Petunia Raya","prelist","MEDAN TUNTUNGAN","KEMENANGAN TANI","LINGKUNGAN 3","","","G. Perdagangan Besar dan Eceran, Reparasi Mobil dan Sepeda Motor","Gmaps"],
    ["34547","Agen BRILink Toko Glory","Jl. Bunga Rinte No.A6","prelist","MEDAN TUNTUNGAN","SIMPANG SELAYANG","LINGKUNGAN 17","","","G. Perdagangan Besar dan Eceran, Reparasi Mobil dan Sepeda Motor","Gmaps"],
    ["34548","Ud. Kaban","Jl. Jamin Ginting No.96","prelist","MEDAN TUNTUNGAN","MANGGA","LINGKUNGAN 2","","","G. Perdagangan Besar dan Eceran, Reparasi Mobil dan Sepeda Motor","Gmaps"],
    ["34549","Sada Hari Ginting. UD","Jl. Flamboyan Raya No.35","prelist","MEDAN TUNTUNGAN","TANJUNG SELAMAT","LINGKUNGAN 8","","0853-7276-1939","G. Perdagangan Besar dan Eceran, Reparasi Mobil dan Sepeda Motor","Gmaps"],
    ["34550","Al-Hanan Tour & Travel","Mangga, Kec. Medan Tuntungan, Kota Medan, Sumatera Utara 20141","prelist","MEDAN TUNTUNGAN","MANGGA","LINGKUNGAN 10","","0813-7385-9877","H. Transportasi dan Pergudangan","Gmaps"],
    ["34551","No.1 Medan Travel Agent","Jalan Tali Air Komp","prelist","MEDAN TUNTUNGAN","MANGGA","LINGKUNGAN 4","","","H. Transportasi dan Pergudangan","Gmaps"],
    ["34552","Raya Utama Travel Simalingkar","Jl. Jamin Ginting","prelist","MEDAN TUNTUNGAN","MANGGA","LINGKUNGAN 3","","","H. Transportasi dan Pergudangan","Gmaps"],
    ["34553","Travel Medan Mandumas","Jl. Jamin Ginting No.89","prelist","MEDAN TUNTUNGAN","SIMPANG SELAYANG","LINGKUNGAN 3","","0812-6447-545","H. Transportasi dan Pergudangan","Gmaps"],
    ["34554","KISAH ARTHA RENT CAR & TRAVEL MEDAN","Jalan Jamin Ginting A Km.9","prelist","MEDAN TUNTUNGAN","SIMPANG SELAYANG","LINGKUNGAN 2","","","H. Transportasi dan Pergudangan","Gmaps"],
    ["34555","LOKET DZAIRA UTAMA TOUR, TRAVEL DAN RENTAL MOBIL | MEDAN - SIBOLGA | MEDAN & RANTAU PARAPAT","Jl. Jamin Ginting","prelist","MEDAN TUNTUNGAN","MANGGA","LINGKUNGAN 1","","","H. Transportasi dan Pergudangan","Gmaps"],
    ["34556","Paguyuban travel Medan pekanbaru","Jl. Jamin Ginting","prelist","MEDAN TUNTUNGAN","MANGGA","LINGKUNGAN 1","","","H. Transportasi dan Pergudangan","Gmaps"],
    ["34557","Terminal Pancur Batu","Lau Cih, Kec. Medan Tuntungan, Kota Medan, Sumatera Utara","prelist","MEDAN TUNTUNGAN","LAU CIH","LINGKUNGAN 2","","","H. Transportasi dan Pergudangan","Gmaps"],
    ["34558","STASIUN ALMASAR (LAUCIH)","Jl. Jamin Ginting Km.13","prelist","MEDAN TUNTUNGAN","LAU CIH","LINGKUNGAN 1","","","H. Transportasi dan Pergudangan","Gmaps"],
    ["34559","Terminal Sutra","Simpang Selayang, Kec. Medan Tuntungan, Kota Medan, Sumatera Utara","prelist","MEDAN TUNTUNGAN","SIMPANG SELAYANG","LINGKUNGAN 2","","","H. Transportasi dan Pergudangan","Gmaps"],
    ["34560","Simpang Simalingkar","Mangga, Kec. Medan Tuntungan, Kota Medan, Sumatera Utara","prelist","MEDAN TUNTUNGAN","MANGGA","LINGKUNGAN 4","","","H. Transportasi dan Pergudangan","Gmaps"],
    ["34561","Loket BTN (Bintang Tani Jaya) Lau Cih","Jl. Jamin Ginting No.21","prelist","MEDAN TUNTUNGAN","LAU CIH","LINGKUNGAN 1","","","H. Transportasi dan Pergudangan","Gmaps"],
    ["34562","PT. PAS JAYA TRANSPORT MEDAN","Jl. Jamin Ginting No.69","prelist","MEDAN TUNTUNGAN","LAU CIH","LINGKUNGAN 3","","","H. Transportasi dan Pergudangan","Gmaps"],
    ["34563","LOKET SUTRA MEDAN.","Jl. Jamin Ginting No.105","prelist","MEDAN TUNTUNGAN","SIMPANG SELAYANG","LINGKUNGAN 3","","0812-4620-7374","H. Transportasi dan Pergudangan","Gmaps"],
    ["34564","Simpang Tuntungan","Hulu, Kec. Pancur Batu, Kabupaten Deli Serdang, Sumatera Utara","prelist","MEDAN TUNTUNGAN","LADANG BAMBU","LINGKUNGAN 1","","","H. Transportasi dan Pergudangan","Gmaps"],
    ["34565","Stasiun/Terminal Pt Sutra Transport","Jl. Jamin Ginting","prelist","MEDAN TUNTUNGAN","SIMPANG SELAYANG","LINGKUNGAN 3","","","H. Transportasi dan Pergudangan","Gmaps"],
    ["34580","GOVID 2020","Gg. Anggrek","prelist","MEDAN TUNTUNGAN","SIMPANG SELAYANG","LINGKUNGAN 6","","0812-6063-8817","H. Transportasi dan Pergudangan","Gmaps"],
    ["34581","PT. Berkat Hemat Wisata","Jl. Bunga Ncole Raya No.36 A","prelist","MEDAN TUNTUNGAN","KEMENANGAN TANI","LINGKUNGAN 2","","0878-6876-8737","H. Transportasi dan Pergudangan","Gmaps"],
    ["34582","Victoria Vacation Indonesia","Perumahan Griya Asam Kumbang","prelist","MEDAN TUNTUNGAN","TANJUNG SELAMAT","LINGKUNGAN 1","","","H. Transportasi dan Pergudangan","Gmaps"],
    ["34583","Ibrena Tour & Travel","Jl. Karet Raya No.19","prelist","MEDAN TUNTUNGAN","MANGGA","LINGKUNGAN 7","","(061) 8368280","H. Transportasi dan Pergudangan","Gmaps"],
    ["34584","Ganda Raja Holiday","Jalan Bunga Lau Komplek Ruko Garden Vista No. 20","prelist","MEDAN TUNTUNGAN","KEMENANGAN TANI","LINGKUNGAN 3","","0813-9688-6678","H. Transportasi dan Pergudangan","Gmaps"],
    ["34585","BINTANG TRAVEL","Jl. Jamin Ginting","prelist","MEDAN TUNTUNGAN","LAU CIH","LINGKUNGAN 1","","0853-6171-4297","H. Transportasi dan Pergudangan","Gmaps"],
    ["34586","PERSADA TREN TRAVEL","Tj. Selamat, Kec. Medan Tuntungan, Kota Medan, Sumatera Utara 20135","prelist","MEDAN TUNTUNGAN","TANJUNG SELAMAT","LINGKUNGAN 8","","","H. Transportasi dan Pergudangan","Gmaps"],
    ["34587","SADAARIH TREVEL","Jl. Bunga Sakura No.67","prelist","MEDAN TUNTUNGAN","TANJUNG SELAMAT","LINGKUNGAN 1","","0852-8599-4666","H. Transportasi dan Pergudangan","Gmaps"],
    ["34588","Cv sumatra Tour Travel","Jl. Jamin Ginting","prelist","MEDAN TUNTUNGAN","MANGGA","LINGKUNGAN 1","","","H. Transportasi dan Pergudangan","Gmaps"],
    ["34589","CV SRM PUTRA MANDIRI TRAVEL MEDAN DUMAI PEKANBARU","Jl. Surbakti","prelist","MEDAN TUNTUNGAN","SIMALINGKAR B","LINGKUNGAN 4","","","H. Transportasi dan Pergudangan","Gmaps"],
    ["34590","SKY HIGH TOUR AND TRAVEL MEDAN","Tembakau 16 no 32 perumnas, simalingkar Jl. Tembakau 16 No.32 perumnas simalingkar, Mangga, Medan Tuntungan, Medan City, North Sumatra 20141","prelist","MEDAN TUNTUNGAN","MANGGA","LINGKUNGAN 22","","","H. Transportasi dan Pergudangan","Gmaps"],
    ["34591","Pravda Holidays","Jl. Flamboyan Raya No.9","prelist","MEDAN TUNTUNGAN","TANJUNG SELAMAT","LINGKUNGAN 8","","","H. Transportasi dan Pergudangan","Gmaps"],
    ["34592","ZAHARA travel Medan Kualanamu","Jl. Kapas 13 No.55","prelist","MEDAN TUNTUNGAN","MANGGA","LINGKUNGAN 18","","0812-6264-2037","H. Transportasi dan Pergudangan","Gmaps"],
    ["34593","PT. Wonderful Indonesia Tour & Travel","Jl. Jamin Ginting","prelist","MEDAN TUNTUNGAN","SIMPANG SELAYANG","LINGKUNGAN 5","","","H. Transportasi dan Pergudangan","Gmaps"],
    ["34594","Tour and Travel areatiket.com","Jl. Bunga Malem","prelist","MEDAN TUNTUNGAN","LAU CIH","LINGKUNGAN 1","","0822-7288-0963","H. Transportasi dan Pergudangan","Gmaps"],
    ["34595","Bali Vakantie","Jl. Jamin Ginting No.Km. 14.5","prelist","MEDAN TUNTUNGAN","SIDOMULYO","LINGKUNGAN 2","","0821-6130-2123","H. Transportasi dan Pergudangan","Gmaps"],
    ["34596","DESTINASI WISATA PULAU MENTAWAI","Jln.Pinus 3No 10 Perunnas","prelist","MEDAN TUNTUNGAN","MANGGA","LINGKUNGAN 13","","0813-9039-7192","H. Transportasi dan Pergudangan","Gmaps"],
    ["34597","Rental mobil medan","Jl. Cengkeh Raya Perum No.42","prelist","MEDAN TUNTUNGAN","MANGGA","LINGKUNGAN 11","","0853-5858-7679","H. Transportasi dan Pergudangan","Gmaps"],
    ["34598","Holidaystar indonesia Tour & Travel","Jln. Bunga Rinte","prelist","MEDAN TUNTUNGAN","SIMPANG SELAYANG","LINGKUNGAN 17","","(061) 80046806","H. Transportasi dan Pergudangan","Gmaps"],
    ["34599","MONDAN TOUR & RENT CAR MEDAN","Perumahan Jl. Grand Sumatera No.47","prelist","MEDAN TUNTUNGAN","MANGGA","LINGKUNGAN 2","","","H. Transportasi dan Pergudangan","Gmaps"],
    ["34600","Gempi Family","Simalingkar B, Kec. Medan Tuntungan, Kota Medan, Sumatera Utara 20353","prelist","MEDAN TUNTUNGAN","SIMALINGKAR B","LINGKUNGAN 4","","","H. Transportasi dan Pergudangan","Gmaps"],
    ["34601","PT.Sempakata","Jl. Letjen Jamin Ginting Km.12","prelist","MEDAN TUNTUNGAN","LAU CIH","LINGKUNGAN 1","","0812-6093-158","H. Transportasi dan Pergudangan","Gmaps"],
    ["34602","Bus Pariwisata Medan","Komplek Setia Budi Vista","prelist","MEDAN TUNTUNGAN","SIMPANG SELAYANG","LINGKUNGAN 10","","0822-5055-3523","H. Transportasi dan Pergudangan","Gmaps"],
    ["34603","Kaka Holidays (Kaka Tour & Travel. PT)","Jl. Stella I No.2","prelist","MEDAN TUNTUNGAN","SIMPANG SELAYANG","LINGKUNGAN 16","","(061) 8364671","H. Transportasi dan Pergudangan","Gmaps"],
    ["34604","AneiraMesra Travel","Jl. Flamboyan Vi No.4 Blok A","prelist","MEDAN TUNTUNGAN","TANJUNG SELAMAT","LINGKUNGAN 7","","0812-6569-6682","H. Transportasi dan Pergudangan","Gmaps"],
    ["34605","Sewa Mobil Hiace Medan","Jl.Komplek","prelist","MEDAN TUNTUNGAN","TANJUNG SELAMAT","LINGKUNGAN 1","","","H. Transportasi dan Pergudangan","Gmaps"],
    ["34606","Travel Umroh Ustad DEWAN","Jl. Dahlia Iii No.304","prelist","MEDAN TUNTUNGAN","SIMPANG SELAYANG","LINGKUNGAN 8","","0853-7062-8979","H. Transportasi dan Pergudangan","Gmaps"],
    ["34607","Rizqina","Jl. Nilam Raya No.147","prelist","MEDAN TUNTUNGAN","MANGGA","LINGKUNGAN 23","","(061) 8362237","H. Transportasi dan Pergudangan","Gmaps"],
    ["34608","Rio Tour & Travel","Jl. Kopi Xii No.11","prelist","MEDAN TUNTUNGAN","MANGGA","LINGKUNGAN 6","","","H. Transportasi dan Pergudangan","Gmaps"],
    ["34609","MARKONHA EXPEDITION TOUR","Jl. Bunga Kardiol","prelist","MEDAN TUNTUNGAN","LADANG BAMBU","LINGKUNGAN 2","","0812-6925-6868","H. Transportasi dan Pergudangan","Gmaps"],
    ["34610","SEKAWAN GARAGE MEDAN","Jl. Flamboyan Raya No.111A","prelist","MEDAN TUNTUNGAN","TANJUNG SELAMAT","LINGKUNGAN 3","","","H. Transportasi dan Pergudangan","Gmaps"],
    ["34611","Kairoz Tour & Travel, Jasa Pengiriman, Jasa pembuatan website dll","Jl. Jahe Raya No.1","prelist","MEDAN TUNTUNGAN","MANGGA","LINGKUNGAN 16","","","H. Transportasi dan Pergudangan","Gmaps"],
    ["34612","Jambur Bukit Permai","Jl. Setia Budi","prelist","MEDAN TUNTUNGAN","SIMPANG SELAYANG","LINGKUNGAN 16","","0813-7065-6214","H. Transportasi dan Pergudangan","Gmaps"],
    ["34613","Titik penjemputan","Jl. Bunga Lau No.12","prelist","MEDAN TUNTUNGAN","KEMENANGAN TANI","LINGKUNGAN 3","","","H. Transportasi dan Pergudangan","Gmaps"],
    ["34614","Outbound Double J Indonesia, Teambuilding Consultan","Jl. Jamin Ginting No.Km. 12 5","prelist","MEDAN TUNTUNGAN","LAU CIH","LINGKUNGAN 1","","","H. Transportasi dan Pergudangan","Gmaps"],
    ["34615","Sewa Jasa mobil rental travel MGG","Jl. Flamboyan Raya No.21","prelist","MEDAN TUNTUNGAN","TANJUNG SELAMAT","LINGKUNGAN 8","","0812-9921-5167","H. Transportasi dan Pergudangan","Gmaps"],
    ["34616","PT. Dairi Transport (Datra) MEDAN - SIDIKALANG","Jl. Jamin Ginting No.Km. 13","prelist","MEDAN TUNTUNGAN","LAU CIH","LINGKUNGAN 1","","","H. Transportasi dan Pergudangan","Gmaps"],
    ["34617","Wonderful Holidays","Mangga, Kec. Medan Tuntungan, Kota Medan, Sumatera Utara 20135","prelist","MEDAN TUNTUNGAN","MANGGA","LINGKUNGAN 4","","","H. Transportasi dan Pergudangan","Gmaps"],
    ["34618","PT. Lovely Holidays","Jl. Nilam 9 No.18P","prelist","MEDAN TUNTUNGAN","MANGGA","LINGKUNGAN 23","","(061) 8294030","H. Transportasi dan Pergudangan","Gmaps"],
    ["34619","Lucia Pasaribu/Amazing Sumatera Experience/Tour Guide HPI Sumut","Jl. Sagu Raya No.9","prelist","MEDAN TUNTUNGAN","MANGGA","LINGKUNGAN 21","","","H. Transportasi dan Pergudangan","Gmaps"],
    ["34620","PT. HANSA GOLF TRAVEL SERVICE","Jl. Karet Raya No.1 No 4","prelist","MEDAN TUNTUNGAN","MANGGA","LINGKUNGAN 7","","","H. Transportasi dan Pergudangan","Gmaps"],
    ["34621","PT Ghani Tour Indonesia","Jalan Besar Bunga Rinte Raya Komplek Puza ( Puri Zahara 2","prelist","MEDAN TUNTUNGAN","SIMPANG SELAYANG","LINGKUNGAN 11","","","H. Transportasi dan Pergudangan","Gmaps"],
    ["34622","PT SEMPURNA TRANSPORT DAIRI","Jl. Jamin Ginting No.Km.14","prelist","MEDAN TUNTUNGAN","LAU CIH","LINGKUNGAN 1","","0812-6934-4840","H. Transportasi dan Pergudangan","Gmaps"],
    ["34623","MarKoNha Tour and Rent","Perumahan Pariama Permai","prelist","MEDAN TUNTUNGAN","LADANG BAMBU","LINGKUNGAN 5","","0812-6080-1277","H. Transportasi dan Pergudangan","Gmaps"],
    ["34624","Hotel Sandhy putra","Simpang Selayang, Kec. Medan Tuntungan, Kota Medan, Sumatera Utara 20135","prelist","MEDAN TUNTUNGAN","SIMPANG SELAYANG","LINGKUNGAN 2","","0821-6739-3028","H. Transportasi dan Pergudangan","Gmaps"],
    ["34625","Integra Kost","Jl. Bunga Ncole Raya","prelist","MEDAN TUNTUNGAN","KEMENANGAN TANI","LINGKUNGAN 5","","0853-6259-6546","H. Transportasi dan Pergudangan","Gmaps"],
    ["34626","Gunawan Kost","Jl. Bunga Ncole Xvii No.28","prelist","MEDAN TUNTUNGAN","KEMENANGAN TANI","LINGKUNGAN 5","","","H. Transportasi dan Pergudangan","Gmaps"],
    ["34627","Kebi Rent Car - Medan","Jl.Setia Budi Ujung Simp.Selayang.86 B","prelist","MEDAN TUNTUNGAN","SIMPANG SELAYANG","LINGKUNGAN 9","","","H. Transportasi dan Pergudangan","Gmaps"],
    ["34628","Muham’s Palace","Gg. Mawar Sharon 1 No.11","prelist","MEDAN TUNTUNGAN","SIMPANG SELAYANG","LINGKUNGAN 17","","","H. Transportasi dan Pergudangan","Gmaps"],
    ["34629","medan helvetia","Simpang Selayang, Kec. Medan Tuntungan, Kota Medan, Sumatera Utara","prelist","MEDAN TUNTUNGAN","SIMPANG SELAYANG","LINGKUNGAN 2","","","H. Transportasi dan Pergudangan","Gmaps"],
    ["34630","jongres/guide german,dutch and spanish/HPI SUMUT, SUMATERA","Jl. Sagu Raya No.9","prelist","MEDAN TUNTUNGAN","MANGGA","LINGKUNGAN 21","","","H. Transportasi dan Pergudangan","Gmaps"],
    ["34631","Medan Tour Guide","Tj. Selamat, Kec. Medan Tuntungan, Kota Medan, Sumatera Utara 20135","prelist","MEDAN TUNTUNGAN","TANJUNG SELAMAT","LINGKUNGAN 8","","","H. Transportasi dan Pergudangan","Gmaps"],
    ["34632","Pangkalan ojol opung group","Jl. Bunga Lau","prelist","MEDAN TUNTUNGAN","KEMENANGAN TANI","LINGKUNGAN 3","","","H. Transportasi dan Pergudangan","Gmaps"],
    ["34633","Kaban Mansion","Kemenangan Tani, Kec. Medan Tuntungan, Kota Medan, Sumatera Utara 20136","prelist","MEDAN TUNTUNGAN","KEMENANGAN TANI","LINGKUNGAN 2","","","H. Transportasi dan Pergudangan","Gmaps"],
    ["34634","Sewa Mobil - Rental Mobil Medan","Mangga, Kec. Medan Tuntungan, Kota Medan, Sumatera Utara 20141","prelist","MEDAN TUNTUNGAN","MANGGA","LINGKUNGAN 15","","","H. Transportasi dan Pergudangan","Gmaps"],
    ["34635","TARIGAN RENTAL MOBIL","Jl. Bunga Melati No.2","prelist","MEDAN TUNTUNGAN","KEMENANGAN TANI","LINGKUNGAN 2","","","H. Transportasi dan Pergudangan","Gmaps"],
    ["34636","JFR Rent Car","Kemenangan Tani, Kec. Medan Tuntungan, Kota Medan, Sumatera Utara","prelist","MEDAN TUNTUNGAN","KEMENANGAN TANI","LINGKUNGAN 2","","","H. Transportasi dan Pergudangan","Gmaps"],
    ["34637","Kidsnesia (Pusat Edukasi TK & SD)","Komplek Puri Zahara 2. 3","prelist","MEDAN TUNTUNGAN","SIMPANG SELAYANG","LINGKUNGAN 1","","","H. Transportasi dan Pergudangan","Gmaps"],
    ["34638","Tempat Edukasi TK (Saparunesia Trip)","Jl. Bunga Rinte No.Raya Blok R 3","prelist","MEDAN TUNTUNGAN","SIMPANG SELAYANG","LINGKUNGAN 1","","","H. Transportasi dan Pergudangan","Gmaps"],
    ["34639","J&T Cargo MES096B Jl. Setia Budi Ujung No.39 MEDAN","Jl. Setia Budi","prelist","MEDAN TUNTUNGAN","SIMPANG SELAYANG","LINGKUNGAN 9","","0857-5589-7215","H. Transportasi dan Pergudangan","Gmaps"],
    ["34640","SiCepat Ekspres Medan Tuntungan","Jl. Jamin Ginting No.92","prelist","MEDAN TUNTUNGAN","MANGGA","LINGKUNGAN 2","","","H. Transportasi dan Pergudangan","Gmaps"],
    ["34641","Borbor Rental Mobil (BOREM)","Jl. Flamboyan Raya Komp. Perumahaan Waikiki Blk. G No.16","prelist","MEDAN TUNTUNGAN","TANJUNG SELAMAT","LINGKUNGAN 6","","0812-6464-5292","H. Transportasi dan Pergudangan","Gmaps"],
    ["34642","SINAGA RENTAL MOBIL","Perumahan Cipta Pesona 2","prelist","MEDAN TUNTUNGAN","SIMPANG SELAYANG","LINGKUNGAN 7","","","H. Transportasi dan Pergudangan","Gmaps"],
    ["34643","Andi Rental","Komplek Polri","prelist","MEDAN TUNTUNGAN","TANJUNG SELAMAT","LINGKUNGAN 9","","","H. Transportasi dan Pergudangan","Gmaps"],
    ["34644","Sewa pickup Tio","Perumahan No.6 Blok J","prelist","MEDAN TUNTUNGAN","TANJUNG SELAMAT","LINGKUNGAN 6","","","H. Transportasi dan Pergudangan","Gmaps"],
    ["34645","YOGA RENTAL","Jl. Nuri I No.6","prelist","MEDAN TUNTUNGAN","TANJUNG SELAMAT","LINGKUNGAN 4","","","H. Transportasi dan Pergudangan","Gmaps"],
    ["34646","BG BIRING RENTAL","Jl. Bunga Terompet No.8","prelist","MEDAN TUNTUNGAN","SIMPANG SELAYANG","LINGKUNGAN 7","","0821-6536-3408","H. Transportasi dan Pergudangan","Gmaps"],
    ["34647","JBS Rent Car","Jl. Karet 11 No.2","prelist","MEDAN TUNTUNGAN","MANGGA","LINGKUNGAN 7","","","H. Transportasi dan Pergudangan","Gmaps"],
    ["34648","Zipora rental mobil","Coklat 3 No.31, perumnas simalingkar, Kec. Medan Tuntungan, Kota Medan, Sumatera Utara 20141","prelist","MEDAN TUNTUNGAN","MANGGA","LINGKUNGAN 7","","0895-3772-43308","H. Transportasi dan Pergudangan","Gmaps"],
    ["34649","Sewa Mobil Medan (Joe's Rent Car - sewamobilmedan.id)","Jl. Bunga Rampai V No.275","prelist","MEDAN TUNTUNGAN","SIMALINGKAR B","LINGKUNGAN 3","","","H. Transportasi dan Pergudangan","Gmaps"],
    ["34650","VELIN RENTAL MOBIL","Jl. Jamin Ginting No.11","prelist","MEDAN TUNTUNGAN","KEMENANGAN TANI","LINGKUNGAN 1","","","H. Transportasi dan Pergudangan","Gmaps"],
    ["34651","828 Rent Car Indonesia","Jl. Rinte No.4","prelist","MEDAN TUNTUNGAN","SIMPANG SELAYANG","LINGKUNGAN 13","","","H. Transportasi dan Pergudangan","Gmaps"],
    ["34652","Rental Hiace, Sewa Hiace, Rental Mobil, Sewa Mobil, CV Jasa Sarana","Jl. Flamboyan Raya Perumahan Flamboyan Mas Blok B23","prelist","MEDAN TUNTUNGAN","TANJUNG SELAMAT","LINGKUNGAN 9","","","H. Transportasi dan Pergudangan","Gmaps"],
    ["34653","Rental Mobil Medan 99","Komplek Kavaleri","prelist","MEDAN TUNTUNGAN","TANJUNG SELAMAT","LINGKUNGAN 1","","","H. Transportasi dan Pergudangan","Gmaps"],
    ["34654","OYO 90637 Rumah Ni Karo","Jl. Bunga Ncole Vii No.15","prelist","MEDAN TUNTUNGAN","KEMENANGAN TANI","LINGKUNGAN 3","","","H. Transportasi dan Pergudangan","Gmaps"],
    ["34655","Gudang Jnt Express Pemda","Jl. Stella Raya No.140","prelist","MEDAN TUNTUNGAN","SIMPANG SELAYANG","LINGKUNGAN 10","","","H. Transportasi dan Pergudangan","Gmaps"],
    ["34656","J&T EXPRESS SIMALINGKAR","Jl. Tembakau Raya","prelist","MEDAN TUNTUNGAN","MANGGA","LINGKUNGAN 16","","","H. Transportasi dan Pergudangan","Gmaps"],
    ["34657","JNE FLAMBOYAN MEDAN","Jl. Flamboyan Raya No.Kel","prelist","MEDAN TUNTUNGAN","TANJUNG SELAMAT","LINGKUNGAN 2","","","H. Transportasi dan Pergudangan","Gmaps"],
    ["34658","INDAH CARGO TUNTUNGAN","Jalan Jamin Ginting Km 14","prelist","MEDAN TUNTUNGAN","LADANG BAMBU","LINGKUNGAN 1","","0823-8066-9003","H. Transportasi dan Pergudangan","Gmaps"],
    ["34659","JNT CARGO JAMIN GINTING","Jl. Jamin Ginting","prelist","MEDAN TUNTUNGAN","MANGGA","LINGKUNGAN 1","","0822-1128-4882","H. Transportasi dan Pergudangan","Gmaps"],
    ["34660","INDAH CARGO PAJAK MELATI","Jl. Flamboyan Raya","prelist","MEDAN TUNTUNGAN","TANJUNG SELAMAT","LINGKUNGAN 9","","","H. Transportasi dan Pergudangan","Gmaps"],
    ["34661","INDAH CARGO MANGGA SIMALINGKAR","Jl. Nilam Raya No.134","prelist","MEDAN TUNTUNGAN","MANGGA","LINGKUNGAN 21","","","H. Transportasi dan Pergudangan","Gmaps"],
    ["34662","J&t Cargo Perumnas Simalingkar","Jl. Karet Raya No.24","prelist","MEDAN TUNTUNGAN","MANGGA","LINGKUNGAN 9","","","H. Transportasi dan Pergudangan","Gmaps"],
    ["34663","Cargo elbin","Jl. Simalingkar I No.12","prelist","MEDAN TUNTUNGAN","MANGGA","LINGKUNGAN 23","","0852-7008-6005","H. Transportasi dan Pergudangan","Gmaps"],
    ["34664","Lion Parcel NKD Jamin Ginting","Jl. Jamin Ginting No.34","prelist","MEDAN TUNTUNGAN","KEMENANGAN TANI","LINGKUNGAN 1","","","H. Transportasi dan Pergudangan","Gmaps"],
    ["34665","CV.Langkat Express","Jalan Stella Budi No.100 B","prelist","MEDAN TUNTUNGAN","SIMPANG SELAYANG","LINGKUNGAN 17","","0813-2063-0222","H. Transportasi dan Pergudangan","Gmaps"],
    ["34666","JNT EXPRESS SIMPANG SELAYANG","Jl. Setia Budi No.456","prelist","MEDAN TUNTUNGAN","SIMPANG SELAYANG","LINGKUNGAN 9","","","H. Transportasi dan Pergudangan","Gmaps"],
    ["34667","J&T JNT CARGO PAJAK MELATI","Jl. Flamboyan Raya No.36","prelist","MEDAN TUNTUNGAN","TANJUNG SELAMAT","LINGKUNGAN 2","","","H. Transportasi dan Pergudangan","Gmaps"],
    ["34668","J&T EXPREES SABHARA","Jl. Jamin Ginting No.126","prelist","MEDAN TUNTUNGAN","MANGGA","LINGKUNGAN 2","","(061) 4141182","H. Transportasi dan Pergudangan","Gmaps"],
    ["34669","INDAH CARGO SIMALINGKAR","Jl. Jamin Ginting No.142","prelist","MEDAN TUNTUNGAN","MANGGA","LINGKUNGAN 3","","0822-4600-3056","H. Transportasi dan Pergudangan","Gmaps"],
    ["34670","jasa pengiriman paket/ekspedisi Medan lion parcel simpang selayang","Jl. Jamin Ginting No.Km 10.5","prelist","MEDAN TUNTUNGAN","SIMPANG SELAYANG","LINGKUNGAN 2","","","H. Transportasi dan Pergudangan","Gmaps"],
    ["34671","Rmh makan \"MONDAN\"","Jl. Setia Budi","prelist","MEDAN TUNTUNGAN","SIMPANG SELAYANG","LINGKUNGAN 17","","","I. Penyediaan Akomodasi dan Makan Minum","Gmaps"],
    ["34672","Rumah Makan BPK Tesalonika","Jl. Jamin Ginting No.103","prelist","MEDAN TUNTUNGAN","SIMPANG SELAYANG","LINGKUNGAN 3","","","I. Penyediaan Akomodasi dan Makan Minum","Gmaps"],
    ["34673","OYO 93417 Homestay Bunga Rinte Syariah Near Komp perumahan stella ressidence 2","2 Jalan Bunga Rinte XVI, Namu Gajah, Medan Tuntungan, Kota Medan Sumatera Utara, Sumatera, 20136, Indonesia Universitas, Medan City, North Sumatra 20135","prelist","MEDAN TUNTUNGAN","SIMPANG SELAYANG","LINGKUNGAN 11","","","I. Penyediaan Akomodasi dan Makan Minum","Gmaps"],
    ["34674","OYO 1701 Bagus Inn","Jl. Jamin Ginting No.2","prelist","MEDAN TUNTUNGAN","MANGGA","LINGKUNGAN 4","","","I. Penyediaan Akomodasi dan Makan Minum","Gmaps"],
    ["34675","closed prop","Jl. Jamin Ginting","prelist","MEDAN TUNTUNGAN","LAU CIH","LINGKUNGAN 2","","","I. Penyediaan Akomodasi dan Makan Minum","Gmaps"],
    ["34676","RedDoorz near RS Adam Malik Medan 2","Jl. Bunga Lau No.10","prelist","MEDAN TUNTUNGAN","KEMENANGAN TANI","LINGKUNGAN 3","","","I. Penyediaan Akomodasi dan Makan Minum","Gmaps"],
    ["34677","OYO 90922 Gurusinga Guesthouse","Jl. Setia Budi Ujung Simpang Selayang No. 35","prelist","MEDAN TUNTUNGAN","SIMPANG SELAYANG","LINGKUNGAN 2","","","I. Penyediaan Akomodasi dan Makan Minum","Gmaps"],
    ["34678","Johje Guest House Medan RedPartner","Jl. Bunga Raflesia No.47","prelist","MEDAN TUNTUNGAN","SIMPANG SELAYANG","LINGKUNGAN 4","","","I. Penyediaan Akomodasi dan Makan Minum","Gmaps"],
    ["34679","OYO 1874 Joh - Je Guest House","Jl. Bunga Raflesia","prelist","MEDAN TUNTUNGAN","SIMPANG SELAYANG","LINGKUNGAN 2","","","I. Penyediaan Akomodasi dan Makan Minum","Gmaps"],
    ["34680","RedDoorz @ Simpang Pemda Medan","Jl. Setia Budi No.36","prelist","MEDAN TUNTUNGAN","SIMPANG SELAYANG","LINGKUNGAN 9","","","I. Penyediaan Akomodasi dan Makan Minum","Gmaps"],
    ["34681","Sri Ulina Swalayan","Sidomulyo, Lau Cih, Kec. Medan Tuntungan, Kota Medan, Sumatera Utara 20137","prelist","MEDAN TUNTUNGAN","SIDOMULYO","LINGKUNGAN 1","","","I. Penyediaan Akomodasi dan Makan Minum","Gmaps"],
    ["34682","RedDoorz @ Jamin Ginting Medan","Jl. Jamin Ginting","prelist","MEDAN TUNTUNGAN","LAU CIH","LINGKUNGAN 1","","","I. Penyediaan Akomodasi dan Makan Minum","Gmaps"],
    ["34683","the Nawasena Villa Medan","Jl. Jamin Ginting Cluster Topaz No.90","prelist","MEDAN TUNTUNGAN","MANGGA","LINGKUNGAN 5","","","I. Penyediaan Akomodasi dan Makan Minum","Gmaps"],
    ["34684","OYO 1811 Citra Anggrek","Jl. Anggrek Raya","prelist","MEDAN TUNTUNGAN","SIMPANG SELAYANG","LINGKUNGAN 9","","","I. Penyediaan Akomodasi dan Makan Minum","Gmaps"],
    ["34685","Gudang bengkel","Unnamed Road, Tj. Selamat, Kec. Medan Tuntungan, Kota Medan, Sumatera Utara 20351","prelist","MEDAN TUNTUNGAN","TANJUNG SELAMAT","LINGKUNGAN 2","","","H. Transportasi dan Pergudangan","Gmaps"],
    ["34686","Cafe Cempaka house food&beverage","Jl. Jamin Ginting No.73","prelist","MEDAN TUNTUNGAN","MANGGA","LINGKUNGAN 2","","","I. Penyediaan Akomodasi dan Makan Minum","Gmaps"],
    ["34687","SIPI COFFEE AND GARDEN","Jl. Irigasi No.17","prelist","MEDAN TUNTUNGAN","MANGGA","LINGKUNGAN 2","","","I. Penyediaan Akomodasi dan Makan Minum","Gmaps"],
    ["34688","RM Singa Raga Jaya","Jl. Bunga Turi Ii","prelist","MEDAN TUNTUNGAN","SIDOMULYO","LINGKUNGAN 4","","","I. Penyediaan Akomodasi dan Makan Minum","Gmaps"],
    ["34689","\"bakmi Cia-Cia\"","Jl. Jamin Ginting No.Km. 11","prelist","MEDAN TUNTUNGAN","SIMPANG SELAYANG","LINGKUNGAN 5","","","I. Penyediaan Akomodasi dan Makan Minum","Gmaps"],
    ["34690","Pariaman","Jl. Jamin Ginting No.110 A","prelist","MEDAN TUNTUNGAN","SIMPANG SELAYANG","LINGKUNGAN 2","","","I. Penyediaan Akomodasi dan Makan Minum","Gmaps"],
    ["34691","Rumah Makan Pariaman Lubuk Aluang","Jl. Kapiten Purba No.2A","prelist","MEDAN TUNTUNGAN","MANGGA","LINGKUNGAN 3","","","I. Penyediaan Akomodasi dan Makan Minum","Gmaps"],
    ["34692","RUMAH MAKAN SALERO BUNDO","Jl. Vanili Raya No.116","prelist","MEDAN TUNTUNGAN","MANGGA","LINGKUNGAN 21","","","I. Penyediaan Akomodasi dan Makan Minum","Gmaps"],
    ["34693","Rumah Makan Kasiah Bundo","Jl. Flamboyan Raya No.71","prelist","MEDAN TUNTUNGAN","TANJUNG SELAMAT","LINGKUNGAN 2","","","I. Penyediaan Akomodasi dan Makan Minum","Gmaps"],
    ["34694","Rumah Makan Muslim Mak Eko","Jl. Flamboyan Raya No.70","prelist","MEDAN TUNTUNGAN","TANJUNG SELAMAT","LINGKUNGAN 2","","","I. Penyediaan Akomodasi dan Makan Minum","Gmaps"],
    ["34695","Rumah Makan MAYAR TULUNG AGUNG","Jl. Jamin Ginting No.1","prelist","MEDAN TUNTUNGAN","LADANG BAMBU","LINGKUNGAN 1","","","I. Penyediaan Akomodasi dan Makan Minum","Gmaps"],
    ["34696","Rumah Makan Selayang","Jl. Setia Budi No.22","prelist","MEDAN TUNTUNGAN","SIMPANG SELAYANG","LINGKUNGAN 9","","","I. Penyediaan Akomodasi dan Makan Minum","Gmaps"],
    ["34697","Rumah Makan BPK Mari Rasa","Jl. Bunga Rinte No.15","prelist","MEDAN TUNTUNGAN","SIMPANG SELAYANG","LINGKUNGAN 1","","","I. Penyediaan Akomodasi dan Makan Minum","Gmaps"],
    ["34698","Rumah Makan BPK SIBOLANGIT","Simpang Selayang, Kec. Medan Tuntungan, Kota Medan, Sumatera Utara 20135","prelist","MEDAN TUNTUNGAN","SIMPANG SELAYANG","LINGKUNGAN 2","","","I. Penyediaan Akomodasi dan Makan Minum","Gmaps"],
    ["34699","Warung Nasi Menu Kampung","Jl. Flamboyan Raya No.52A","prelist","MEDAN TUNTUNGAN","TANJUNG SELAMAT","LINGKUNGAN 8","","","I. Penyediaan Akomodasi dan Makan Minum","Gmaps"],
    ["34700","Rumah Makan Asia Minang","Simpang Selayang, Kec. Medan Tuntungan, Kota Medan, Sumatera Utara 20136","prelist","MEDAN TUNTUNGAN","SIMPANG SELAYANG","LINGKUNGAN 17","","","I. Penyediaan Akomodasi dan Makan Minum","Gmaps"],
    ["34701","Rumah Makan Minang Mulia","Jl. Bunga Sakura No.63","prelist","MEDAN TUNTUNGAN","TANJUNG SELAMAT","LINGKUNGAN 1","","","I. Penyediaan Akomodasi dan Makan Minum","Gmaps"],
    ["34702","SEKOLAH EMAK (LKP IBU SEJATI INDONESIA)","Jl. Serimpi Vi No.17","prelist","MEDAN TUNTUNGAN","NAMO GAJAH","LINGKUNGAN 1","","","P. Pendidikan","Gmaps"],
    ["34703","Perguruan Tk / SD / SMP ELIDA","Jl. Flamboyan Iii","prelist","MEDAN TUNTUNGAN","TANJUNG SELAMAT","LINGKUNGAN 8","","","P. Pendidikan","Gmaps"],
    ["34704","Sekolah Lentera Nusa","Simpang Selayang, Kec. Medan Tuntungan, Kota Medan, Sumatera Utara 20135","prelist","MEDAN TUNTUNGAN","SIMPANG SELAYANG","LINGKUNGAN 2","","","P. Pendidikan","Gmaps"],
    ["34705","Kampus 4 Sekolah Islam Ulun Nuha","Jl. Bunga Rinte","prelist","MEDAN TUNTUNGAN","TANJUNG SELAMAT","LINGKUNGAN 8","","0812-7140-7400","P. Pendidikan","Gmaps"],
    ["34706","WARUNG BAKSO GAUL","Jl. Karet Raya","prelist","MEDAN TUNTUNGAN","MANGGA","LINGKUNGAN 4","","","I. Penyediaan Akomodasi dan Makan Minum","Gmaps"],
    ["34707","Rumah Makan Panggang B1 Meciho","Jl. Letjend. Jamin Ginting","prelist","MEDAN TUNTUNGAN","KEMENANGAN TANI","LINGKUNGAN 1","","","I. Penyediaan Akomodasi dan Makan Minum","Gmaps"],
    ["34708","Bakmi Sukacita","Jl. Jamin Ginting No.76","prelist","MEDAN TUNTUNGAN","KEMENANGAN TANI","LINGKUNGAN 1","","","I. Penyediaan Akomodasi dan Makan Minum","Gmaps"],
    ["34709","Sapo Viredes","Jl. Simalingkar Raya","prelist","MEDAN TUNTUNGAN","SIMALINGKAR B","LINGKUNGAN 2","","","I. Penyediaan Akomodasi dan Makan Minum","Gmaps"],
    ["34710","Waffle street cengkeh","Jl. Cengkeh 4 No.47","prelist","MEDAN TUNTUNGAN","MANGGA","LINGKUNGAN 11","","","I. Penyediaan Akomodasi dan Makan Minum","Gmaps"],
    ["34711","Rm. Zam Zam Buya Zafran","Jl. Jamin Ginting","prelist","MEDAN TUNTUNGAN","SIMPANG SELAYANG","LINGKUNGAN 2","","","I. Penyediaan Akomodasi dan Makan Minum","Gmaps"],
    ["34712","MJJ Coffee & Cake","Jl. Bunga Rinte","prelist","MEDAN TUNTUNGAN","SIMPANG SELAYANG","LINGKUNGAN 17","","","I. Penyediaan Akomodasi dan Makan Minum","Gmaps"],
    ["34713","Berlima coffee","Jl. Bunga Rinte No.260","prelist","MEDAN TUNTUNGAN","SIMPANG SELAYANG","LINGKUNGAN 17","","","I. Penyediaan Akomodasi dan Makan Minum","Gmaps"],
    ["34714","Rehat Coffee","Jl. Jamin Ginting No.20","prelist","MEDAN TUNTUNGAN","LAU CIH","LINGKUNGAN 1","","","I. Penyediaan Akomodasi dan Makan Minum","Gmaps"],
    ["34715","SMP Mulia Pratama Medan","Jl. Jahe Raya No.1","prelist","MEDAN TUNTUNGAN","MANGGA","LINGKUNGAN 13","","","P. Pendidikan","Gmaps"],
    ["34716","Sekolah Bina Ceria Mandiri","Jl. Jamin Ginting Gg. Bangun","prelist","MEDAN TUNTUNGAN","MANGGA","LINGKUNGAN 3","","","P. Pendidikan","Gmaps"],
    ["34717","Sekolah Alam Bukit Hijau Medan","Baru Ladang Bambu, Kec. Medan Tuntungan, Kota Medan, Sumatera Utara 20138","prelist","MEDAN TUNTUNGAN","LADANG BAMBU","LINGKUNGAN 1","","0852-7515-3099","P. Pendidikan","Gmaps"],
    ["34718","Sekolah Dasar Siti Hajar","Jl. Letjen Jamin Ginting","prelist","MEDAN TUNTUNGAN","SIMPANG SELAYANG","LINGKUNGAN 2","","","P. Pendidikan","Gmaps"],
    ["34719","SMPS Wirahusada Medan","Jl. Bunga Ncole Raya No.100","prelist","MEDAN TUNTUNGAN","KEMENANGAN TANI","LINGKUNGAN 4","","","P. Pendidikan","Gmaps"],
    ["34720","SMPN 41 MEDAN","Jl. Bunga Ncole Raya No.129","prelist","MEDAN TUNTUNGAN","NAMO GAJAH","LINGKUNGAN 1","","(061) 8366916","P. Pendidikan","Gmaps"],
    ["34721","SMA Santo Yoseph Medan","Jl. Flamboyan Raya No.139","prelist","MEDAN TUNTUNGAN","TANJUNG SELAMAT","LINGKUNGAN 7","","","P. Pendidikan","Gmaps"],
    ["34722","STIKES Senior","Jl. Djamin Ginting Km. 8","prelist","MEDAN TUNTUNGAN","MANGGA","LINGKUNGAN 1","","","P. Pendidikan","Gmaps"],
    ["34723","Sekolah Menengah Atas Palapa Medan","Jl. Bunga Lau No.9","prelist","MEDAN TUNTUNGAN","KEMENANGAN TANI","LINGKUNGAN 3","","(061) 8361274","P. Pendidikan","Gmaps"],
    ["34724","SMK Telkom 1 Medan","Jl. Jamin Ginting Km. 11 No. 9C","prelist","MEDAN TUNTUNGAN","SIMPANG SELAYANG","LINGKUNGAN 2","","","P. Pendidikan","Gmaps"],
    ["34725","SMK Gelora Jaya Nusantara","Baru Ladang Bambu, Kec. Medan Tuntungan, Kota Medan, Sumatera Utara 20137","prelist","MEDAN TUNTUNGAN","LADANG BAMBU","LINGKUNGAN 1","","","P. Pendidikan","Gmaps"],
    ["34726","SMK Swasta Jerisa Mandiri","Jl. Flamboyan Raya No.116","prelist","MEDAN TUNTUNGAN","TANJUNG SELAMAT","LINGKUNGAN 3","","","P. Pendidikan","Gmaps"],
    ["34727","Sekolah Tinggi Teologi Baptis Medan (STTBM)","Jl. Tali Air No.7","prelist","MEDAN TUNTUNGAN","MANGGA","LINGKUNGAN 4","","","P. Pendidikan","Gmaps"],
    ["34742","Sekolah Dasar Negeri 060971","Jl. Jamin Ginting","prelist","MEDAN TUNTUNGAN","KEMENANGAN TANI","LINGKUNGAN 1","","(061) 8360158","P. Pendidikan","Gmaps"],
    ["34743","SD NEGERI 065012","Gg. Inpres No.28","prelist","MEDAN TUNTUNGAN","SIMPANG SELAYANG","LINGKUNGAN 15","","","P. Pendidikan","Gmaps"],
    ["34744","PAUD TK GALILEA","Jl. Pales 7 No.8","prelist","MEDAN TUNTUNGAN","SIMPANG SELAYANG","LINGKUNGAN 7","","","P. Pendidikan","Gmaps"],
    ["34745","SD SWASTA PUTERI SION","Jl. Pales Ix","prelist","MEDAN TUNTUNGAN","SIMPANG SELAYANG","LINGKUNGAN 7","","","P. Pendidikan","Gmaps"],
    ["34746","SD N 060972","Jl. Bunga Rampai","prelist","MEDAN TUNTUNGAN","SIMALINGKAR B","LINGKUNGAN 5","","0882-6214-0687","P. Pendidikan","Gmaps"],
    ["34747","Sekolah Menengah Atas Swasta Katolik Budi Murni 2","Jl. Kapiten Purba Jl. Kapitan Purba Ii No.18","prelist","MEDAN TUNTUNGAN","MANGGA","LINGKUNGAN 3","","","P. Pendidikan","Gmaps"],
    ["34748","Brigjen katamso 1","Jl. Flamboyan X No.11","prelist","MEDAN TUNTUNGAN","TANJUNG SELAMAT","LINGKUNGAN 3","","","P. Pendidikan","Gmaps"],
    ["34749","SMP Swasta Khatolik ASSISI MEDAN","Jl. Anggrek Raya No.24 A","prelist","MEDAN TUNTUNGAN","SIMPANG SELAYANG","LINGKUNGAN 9","","","P. Pendidikan","Gmaps"],
    ["34750","Sekolah Anastasia, Pancur batu","Jl. Bunga Malem Vi","prelist","MEDAN TUNTUNGAN","LAU CIH","LINGKUNGAN 2","","","P. Pendidikan","Gmaps"],
    ["34751","PG TK ARROW","Mangga, Kec. Medan Tuntungan, Kota Medan, Sumatera Utara","prelist","MEDAN TUNTUNGAN","MANGGA","LINGKUNGAN 2","","0852-9775-5141","P. Pendidikan","Gmaps"],
    ["34752","SMA Timbul Jaya","Mangga, Kec. Medan Tuntungan, Kota Medan, Sumatera Utara 20141","prelist","MEDAN TUNTUNGAN","MANGGA","LINGKUNGAN 18","","","P. Pendidikan","Gmaps"],
    ["34753","SMA Unggul Bina Kasih Nusantara","Jl. Bunga Ncole Raya No.100","prelist","MEDAN TUNTUNGAN","KEMENANGAN TANI","LINGKUNGAN 5","","","P. Pendidikan","Gmaps"],
    ["34754","SDN 066428 Sidomulyo","Sidomulyo, Kec. Medan Tuntungan, Kota Medan, Sumatera Utara 20353","prelist","MEDAN TUNTUNGAN","SIDOMULYO","LINGKUNGAN 1","","","P. Pendidikan","Gmaps"],
    ["34755","Sekolah Tinggi Teknik & Politeknik Poliprofesi","Jl. Jamin Ginting No.20","prelist","MEDAN TUNTUNGAN","MANGGA","LINGKUNGAN 1","","","P. Pendidikan","Gmaps"],
    ["34756","Sekolah Dasar Negeri 068344","Jl. Jahe 10 No.10","prelist","MEDAN TUNTUNGAN","MANGGA","LINGKUNGAN 14","","0813-9729-7085","P. Pendidikan","Gmaps"],
    ["34757","TK Siti Hajar Medan Jalan Paya Bundung, simpang Selayang, Mrdan Tuntungan, Kota Medan","Jl. Paya Bundung","prelist","MEDAN TUNTUNGAN","SIMPANG SELAYANG","LINGKUNGAN 2","","","P. Pendidikan","Gmaps"],
    ["34758","PAUD Twinkle Kid's","Tj. Selamat, Kec. Medan Tuntungan, Kota Medan, Sumatera Utara 20135","prelist","MEDAN TUNTUNGAN","TANJUNG SELAMAT","LINGKUNGAN 9","","0812-6327-8096","P. Pendidikan","Gmaps"],
    ["34759","RA BUNAYYA IV","Jl. Stella V No.1","prelist","MEDAN TUNTUNGAN","SIMPANG SELAYANG","LINGKUNGAN 13","","0813-7563-2355","P. Pendidikan","Gmaps"],
    ["34760","Sekolah Menengah Atas Bethany Medan","Jl. Kapiten Purba No.1","prelist","MEDAN TUNTUNGAN","MANGGA","LINGKUNGAN 4","","(061) 8360544","P. Pendidikan","Gmaps"],
    ["34761","Jabu Lumban Gaol","Jl. Bunga Rampai Ii No.7","prelist","MEDAN TUNTUNGAN","SIMALINGKAR B","LINGKUNGAN 1","","","P. Pendidikan","Gmaps"],
    ["34762","SD Inpres 064022","Jl. Bunga Rampe Raya","prelist","MEDAN TUNTUNGAN","SIMALINGKAR B","LINGKUNGAN 5","","","P. Pendidikan","Gmaps"],
    ["34763","Taman Kanak-Kanak / Raudhatul Athfal Melati","Jl. Karet Raya No.1A","prelist","MEDAN TUNTUNGAN","MANGGA","LINGKUNGAN 7","","0821-6792-2439","P. Pendidikan","Gmaps"],
    ["34764","Bharlind School","Jl. Jamin Ginting No.21","prelist","MEDAN TUNTUNGAN","SIMPANG SELAYANG","LINGKUNGAN 5","","","P. Pendidikan","Gmaps"],
    ["34765","RA Bunayya IV","Jl. Lizadri Putra","prelist","MEDAN TUNTUNGAN","SIMPANG SELAYANG","LINGKUNGAN 10","","","P. Pendidikan","Gmaps"],
    ["34766","Singapore Intercultural School (SIS) Medan","Jl. Jamin Ginting No.Km. 8","prelist","MEDAN TUNTUNGAN","MANGGA","LINGKUNGAN 1","","","P. Pendidikan","Gmaps"],
    ["34767","PKBM YABES","Jl. Jamin Ginting Jl. Jamin Ginting Gg. Bangun No.8","prelist","MEDAN TUNTUNGAN","MANGGA","LINGKUNGAN 3","","","P. Pendidikan","Gmaps"],
    ["34768","Kuttab Al Fatih Medan","Baru Ladang Bambu, Kec. Medan Tuntungan, Kota Medan, Sumatera Utara","prelist","MEDAN TUNTUNGAN","NAMO GAJAH","LINGKUNGAN 3","","0812-6599-9665","P. Pendidikan","Gmaps"],
    ["34769","Upt Sd Negeri 066038","Jl. Irigasi No.44","prelist","MEDAN TUNTUNGAN","MANGGA","LINGKUNGAN 5","","","P. Pendidikan","Gmaps"],
    ["34770","PG/TK Orion Prime School","Perumahan Graha Anggrek No.A1","prelist","MEDAN TUNTUNGAN","SIMPANG SELAYANG","LINGKUNGAN 17","","","P. Pendidikan","Gmaps"],
    ["34771","Amal Shaleh","Jl. Sawit Raya","prelist","MEDAN TUNTUNGAN","MANGGA","LINGKUNGAN 9","","","P. Pendidikan","Gmaps"],
    ["34772","Sekolah Mutiara Al Qur'an","Komplek Puri Zahara No.2 Blok J4","prelist","MEDAN TUNTUNGAN","SIMPANG SELAYANG","LINGKUNGAN 11","","","P. Pendidikan","Gmaps"],
    ["34773","VLAYESHA OUTDOOR SCHOOL","Flamboyan IV, Tj. Selamat, Kec. Medan Tuntungan, Kota Medan, Sumatera Utara 20135","prelist","MEDAN TUNTUNGAN","TANJUNG SELAMAT","LINGKUNGAN 8","","0813-7728-2305","P. Pendidikan","Gmaps"],
    ["34774","Gerbang Belakang Pesantren Ar-Raudlatul Hasanah","Jl. Bunga Pancur Ix","prelist","MEDAN TUNTUNGAN","SIMPANG SELAYANG","LINGKUNGAN 2","","","P. Pendidikan","Gmaps"],
    ["34775","Sekolah Dasar Kristen Kaisarea","Jl. Jamin Ginting No.18","prelist","MEDAN TUNTUNGAN","MANGGA","LINGKUNGAN 4","","(061) 7713100","P. Pendidikan","Gmaps"],
    ["34776","Yayasan Pendidikan Islam Ar Ridha","Jl. Karet Raya No.68 Aa","prelist","MEDAN TUNTUNGAN","MANGGA","LINGKUNGAN 8","","(061) 77844435","P. Pendidikan","Gmaps"],
    ["34777","Sekolah Dasar Negeri 064023","Jl. Jamin Ginting No.11","prelist","MEDAN TUNTUNGAN","KEMENANGAN TANI","LINGKUNGAN 1","","","P. Pendidikan","Gmaps"],
    ["34778","SMP 41 Medan","Jl. Petunia 7","prelist","MEDAN TUNTUNGAN","NAMO GAJAH","LINGKUNGAN 2","","","P. Pendidikan","Gmaps"],
    ["34779","SD Negeri 065014","Jl. Petunia Raya No.Raya","prelist","MEDAN TUNTUNGAN","NAMO GAJAH","LINGKUNGAN 3","","","P. Pendidikan","Gmaps"],
    ["34780","SMP Negeri 21 Medan","Jl. Bunga Rampe Raya","prelist","MEDAN TUNTUNGAN","SIMALINGKAR B","LINGKUNGAN 3","","","P. Pendidikan","Gmaps"],
    ["34781","Yayasan Pendidikan Kristen Elida","Jl. Flamboyan Iv A No.8","prelist","MEDAN TUNTUNGAN","TANJUNG SELAMAT","LINGKUNGAN 8","","","P. Pendidikan","Gmaps"],
    ["34782","Pendidikan Anak Usia Dini Ar-Raudlatul Hasanah","Jl. Setia Budi No.62 B","prelist","MEDAN TUNTUNGAN","SIMPANG SELAYANG","LINGKUNGAN 2","","","P. Pendidikan","Gmaps"],
    ["34783","SD Negeri Rami","Mangga, Kec. Medan Tuntungan, Kota Medan, Sumatera Utara 20141","prelist","MEDAN TUNTUNGAN","MANGGA","LINGKUNGAN 16","","","P. Pendidikan","Gmaps"],
    ["34784","Sanger Learning | Kursus Komputer di Medan","Jl. Flamboyan Raya Villa Setia Budi Flamboyan Raya No.1 Blok L","prelist","MEDAN TUNTUNGAN","TANJUNG SELAMAT","LINGKUNGAN 6","","","P. Pendidikan","Gmaps"],
    ["34785","Insan Ikhlas Islamic School","Jl. Bunga Pariama I","prelist","MEDAN TUNTUNGAN","LADANG BAMBU","LINGKUNGAN 4","","(061) 836282","P. Pendidikan","Gmaps"],
    ["34786","Sekolah Dasar Islam Terpadu Al-Hijrah","Jl. Stella Tengah","prelist","MEDAN TUNTUNGAN","SIMPANG SELAYANG","LINGKUNGAN 13","","","P. Pendidikan","Gmaps"],
    ["34787","PAUD VANILI RAYA","Jl. Vanili Raya No.61A","prelist","MEDAN TUNTUNGAN","MANGGA","LINGKUNGAN 17","","","P. Pendidikan","Gmaps"],
    ["34788","Bunga rampai 1","Jl. Bunga Rampai 1","prelist","MEDAN TUNTUNGAN","SIMALINGKAR B","LINGKUNGAN 1","","","P. Pendidikan","Gmaps"],
    ["34789","Rumah Kreatif Mutiara Langit Biru","Jl. Kasmala No.147","prelist","MEDAN TUNTUNGAN","SIMPANG SELAYANG","LINGKUNGAN 16","","","P. Pendidikan","Gmaps"],
    ["34790","3MClass","Jl. Jamin Ginting No.Km. 13","prelist","MEDAN TUNTUNGAN","LAU CIH","LINGKUNGAN 1","","","P. Pendidikan","Gmaps"],
    ["34791","SD N 068332","Jl. Rami 4 No.6","prelist","MEDAN TUNTUNGAN","MANGGA","LINGKUNGAN 16","","","P. Pendidikan","Gmaps"],
    ["34792","SD Negeri 068343","Jl. Pinang Raya 4","prelist","MEDAN TUNTUNGAN","MANGGA","LINGKUNGAN 20","","0823-0402-1270","P. Pendidikan","Gmaps"],
    ["34793","Satria Alexander Sitinjak","Gg. Bendungan 1","prelist","MEDAN TUNTUNGAN","MANGGA","LINGKUNGAN 1","","","P. Pendidikan","Gmaps"],
    ["34794","TK SD Katolik Asisi","Simpang Selayang, Kec. Medan Tuntungan, Kota Medan, Sumatera Utara 20135","prelist","MEDAN TUNTUNGAN","SIMPANG SELAYANG","LINGKUNGAN 9","","(061) 8360711","P. Pendidikan","Gmaps"],
    ["34795","Universitas Wirahusada Medan","Jl. Bunga Ncole Raya","prelist","MEDAN TUNTUNGAN","KEMENANGAN TANI","LINGKUNGAN 5","","","P. Pendidikan","Gmaps"],
    ["34796","Institut Kesehatan Sumatera Utara","Jl. Jamin Ginting","prelist","MEDAN TUNTUNGAN","LAU CIH","LINGKUNGAN 1","","","P. Pendidikan","Gmaps"],
    ["34797","Univ. Audi Indonesia","Jalan Bunga N'Cole Raya Kelurahan No.83","prelist","MEDAN TUNTUNGAN","KEMENANGAN TANI","LINGKUNGAN 5","","","P. Pendidikan","Gmaps"],
    ["34798","Kelompok Bermain Harapan Bangsa Sidorejo","Jl. Flamboyan Raya No.32","prelist","MEDAN TUNTUNGAN","TANJUNG SELAMAT","LINGKUNGAN 7","","0813-5903-3132","P. Pendidikan","Gmaps"],
    ["34799","Darul Ihsan","Gg. Harahap","prelist","MEDAN TUNTUNGAN","TANJUNG SELAMAT","LINGKUNGAN 3","","","P. Pendidikan","Gmaps"],
    ["34800","Pondok Pesantren Amrullah Akbar Rajasyah","Jl. Bunga Pariama I","prelist","MEDAN TUNTUNGAN","NAMO GAJAH","LINGKUNGAN 3","","","P. Pendidikan","Gmaps"],
    ["34801","Yayasan Darul Hikmah Medan","Jl. Karet Raya","prelist","MEDAN TUNTUNGAN","MANGGA","LINGKUNGAN 7","","","P. Pendidikan","Gmaps"],
    ["34802","SD Negeri 068005","Jl. Cengkeh Raya","prelist","MEDAN TUNTUNGAN","MANGGA","LINGKUNGAN 12","","","P. Pendidikan","Gmaps"],
    ["34803","Kursus Menjahit Lkp Lamonce Utami Fashion","Jl. Jamin Ginting Perumahan Royal Gardenia No.2S","prelist","MEDAN TUNTUNGAN","SIMPANG SELAYANG","LINGKUNGAN 5","","","P. Pendidikan","Gmaps"],
    ["34804","PAUD SIRAS ASIH","Jl. Irigasi","prelist","MEDAN TUNTUNGAN","MANGGA","LINGKUNGAN 5","","","P. Pendidikan","Gmaps"],
    ["34805","STT Pelita Kebenaran","Jalan Letjend Jamin Ginting No.65 Km.11","prelist","MEDAN TUNTUNGAN","SIMPANG SELAYANG","LINGKUNGAN 3","","","P. Pendidikan","Gmaps"],
    ["34806","STELA Kursus Musik & Studio Recording","Gg. Mawar Sharon 2","prelist","MEDAN TUNTUNGAN","SIMPANG SELAYANG","LINGKUNGAN 17","","","P. Pendidikan","Gmaps"],
    ["34807","Kumon Setiabudi Raya","Jl. Setia Budi Komplek Setiabudi Raya No.10","prelist","MEDAN TUNTUNGAN","SIMPANG SELAYANG","LINGKUNGAN 16","","","P. Pendidikan","Gmaps"],
    ["34808","Primagama","Jl. Kapiten Purba No.22B","prelist","MEDAN TUNTUNGAN","MANGGA","LINGKUNGAN 3","","(061) 8361891","P. Pendidikan","Gmaps"],
    ["34809","Lembaga Kursus Pelatihan Digital Marketing dan Desain Graphis","Jln. Bnga Rinte Raya","prelist","MEDAN TUNTUNGAN","SIMPANG SELAYANG","LINGKUNGAN 11","","0857-6246-4303","P. Pendidikan","Gmaps"],
    ["34810","E33","Jalan Griya","prelist","MEDAN TUNTUNGAN","TANJUNG SELAMAT","LINGKUNGAN 1","","","P. Pendidikan","Gmaps"],
    ["34811","Kursus Musik Impho","Simpang Selayang, Kec. Medan Tuntungan, Kota Medan, Sumatera Utara 20135","prelist","MEDAN TUNTUNGAN","SIMPANG SELAYANG","LINGKUNGAN 5","","","P. Pendidikan","Gmaps"],
    ["34812","Bimbel Alfa One (A1)","Jl. Karet Raya No.39","prelist","MEDAN TUNTUNGAN","MANGGA","LINGKUNGAN 7","","","P. Pendidikan","Gmaps"],
    ["34813","TEFL INSTITUTE","Jl. Stella Raya No.04 Ruko A","prelist","MEDAN TUNTUNGAN","SIMPANG SELAYANG","LINGKUNGAN 16","","(061) 8369300","P. Pendidikan","Gmaps"],
    ["34814","Syeba Beauty Studio & Elegance Salon School","Jl. Flamboyan Raya No.30B","prelist","MEDAN TUNTUNGAN","TANJUNG SELAMAT","LINGKUNGAN 6","","","P. Pendidikan","Gmaps"],
    ["34815","JC TRAINING CENTER & Pemasangan CCTV","Jl. Flamboyan Viii No.20","prelist","MEDAN TUNTUNGAN","TANJUNG SELAMAT","LINGKUNGAN 2","","","P. Pendidikan","Gmaps"],
    ["34816","VANY KURSUS MENGEMUDI","Perumahan Golden Vista I Jalan Jamin Ginting Ruko No.2","prelist","MEDAN TUNTUNGAN","MANGGA","LINGKUNGAN 2","","","P. Pendidikan","Gmaps"],
    ["34817","Medan Mandarin Club (Bimbingan Belajar / Kursus / Les Bahasa Mandarin)","Unnamed Road, Mangga, Kec. Medan Tuntungan, Kota Medan, Sumatera Utara 20131","prelist","MEDAN TUNTUNGAN","MANGGA","LINGKUNGAN 3","","","P. Pendidikan","Gmaps"],
    ["34818","Angel Music Course","Jl. Seroja Permai","prelist","MEDAN TUNTUNGAN","SIMPANG SELAYANG","LINGKUNGAN 11","","","P. Pendidikan","Gmaps"],
    ["34819","LPK. Pemaba Medan","Perumahan Torganda","prelist","MEDAN TUNTUNGAN","TANJUNG SELAMAT","LINGKUNGAN 1","","","P. Pendidikan","Gmaps"],
    ["34820","Universitas sumatera utara","Jl. Jamin Ginting Lingkungan I","prelist","MEDAN TUNTUNGAN","LAU CIH","LINGKUNGAN 2","","","P. Pendidikan","Gmaps"],
    ["34821","Universitas Sisingamangaraja XII Jamin Ginting","Jl. Jamin Ginting No.9","prelist","MEDAN TUNTUNGAN","SIMPANG SELAYANG","LINGKUNGAN 5","","","P. Pendidikan","Gmaps"],
    ["34822","D'best Mega Saloon","Jl. Bunga Pancur","prelist","MEDAN TUNTUNGAN","SIMPANG SELAYANG","LINGKUNGAN 6","","","P. Pendidikan","Gmaps"],
    ["34823","Sekala Beauty Studio","Jl. Tali Air","prelist","MEDAN TUNTUNGAN","MANGGA","LINGKUNGAN 4","","","P. Pendidikan","Gmaps"],
    ["34824","Lembaga Pelayanan Anak","Unnamed Road, Simpang Selayang, Kec. Medan Tuntungan, Kota Medan, Sumatera Utara 20135","prelist","MEDAN TUNTUNGAN","SIMPANG SELAYANG","LINGKUNGAN 3","","","P. Pendidikan","Gmaps"],
    ["34825","Iruka","Jl. Jamin Ginting K.M 8","prelist","MEDAN TUNTUNGAN","MANGGA","LINGKUNGAN 1","","","P. Pendidikan","Gmaps"],
    ["34826","Fightculture Muaythai","Jl. Flamboyan Raya No.112","prelist","MEDAN TUNTUNGAN","TANJUNG SELAMAT","LINGKUNGAN 2","","","P. Pendidikan","Gmaps"],
    ["34827","Senni","Jl. Jamin Ginting","prelist","MEDAN TUNTUNGAN","SIMPANG SELAYANG","LINGKUNGAN 5","","0852-6110-3997","P. Pendidikan","Gmaps"],
    ["34828","MCP","Jl. Jamin Ginting No.127","prelist","MEDAN TUNTUNGAN","SIMPANG SELAYANG","LINGKUNGAN 3","","0821-6842-8870","P. Pendidikan","Gmaps"],
    ["34829","Pusat Pelatihan Pemasaran Santripreneur","Komplek Puza 2 Blok R Nomor 03","prelist","MEDAN TUNTUNGAN","SIMPANG SELAYANG","LINGKUNGAN 11","","","P. Pendidikan","Gmaps"],
    ["34830","Jovan English Course","Kemenangan Tani, Kec. Medan Tuntungan, Kota Medan, Sumatera Utara 20134","prelist","MEDAN TUNTUNGAN","NAMO GAJAH","LINGKUNGAN 2","","","P. Pendidikan","Gmaps"],
    ["34831","Teknos Genius","Jl. Jamin Ginting No.16 A","prelist","MEDAN TUNTUNGAN","KEMENANGAN TANI","LINGKUNGAN 1","","0821-6311-9742","P. Pendidikan","Gmaps"],
    ["34832","Kursus Drum Medan","Jl. Jamin Ginting No.9 Blok U","prelist","MEDAN TUNTUNGAN","LAU CIH","LINGKUNGAN 1","","0812-8471-4818","P. Pendidikan","Gmaps"],
    ["34833","Rumbel Ms Flora","Jl. Tembakau Raya No.41","prelist","MEDAN TUNTUNGAN","MANGGA","LINGKUNGAN 22","","0853-6143-3406","P. Pendidikan","Gmaps"],
    ["34834","Aulia Electronics Training Center","Jl. Bunga Pariama I Komplek Puri Adam Malik","prelist","MEDAN TUNTUNGAN","LADANG BAMBU","LINGKUNGAN 4","","","P. Pendidikan","Gmaps"],
    ["34835","Tempat Lembaga Kursus Komputer","Komplek Puri Zahara Ii","prelist","MEDAN TUNTUNGAN","SIMPANG SELAYANG","LINGKUNGAN 13","","0857-6331-1861","P. Pendidikan","Gmaps"],
    ["34836","Bimbel Siska","Gg. Surbakti No.4","prelist","MEDAN TUNTUNGAN","MANGGA","LINGKUNGAN 4","","0812-1512-2198","P. Pendidikan","Gmaps"],
    ["34837","Bimbel SUCCESS","Jl. Kapiten Purba No.14C","prelist","MEDAN TUNTUNGAN","MANGGA","LINGKUNGAN 3","","0821-6044-8933","P. Pendidikan","Gmaps"],
    ["34838","BIMBEL BEC","Jl. Irigasi Ii No.1","prelist","MEDAN TUNTUNGAN","MANGGA","LINGKUNGAN 2","","","P. Pendidikan","Gmaps"],
    ["34839","Bimbel Casis Polri - Dina Education Center Medan","Jl. Tembakau Raya No. 106 Perumnas Simalingkar","prelist","MEDAN TUNTUNGAN","MANGGA","LINGKUNGAN 15","","","P. Pendidikan","Gmaps"],
    ["34840","CV Aulia Berkah Utama","Jl. Bunga Pariama Blk. D No.2","prelist","MEDAN TUNTUNGAN","LADANG BAMBU","LINGKUNGAN 4","","","P. Pendidikan","Gmaps"],
    ["34841","Toko ginting ikan asin/teri","Jl. Flamboyan Raya No.47","prelist","MEDAN TUNTUNGAN","TANJUNG SELAMAT","LINGKUNGAN 8","","","P. Pendidikan","Gmaps"],
    ["34842","Lonari Inn Hotel","Jl. Jamin Ginting No.Km 8","prelist","MEDAN TUNTUNGAN","MANGGA","LINGKUNGAN 1","","","P. Pendidikan","Gmaps"],
    ["34843","Royal Sumatra Golf Course","Jl. Jamin Ginting No.Km.8","prelist","MEDAN TUNTUNGAN","MANGGA","LINGKUNGAN 5","","","P. Pendidikan","Gmaps"],
    ["34844","SMKS PENCAWAN MEDAN","Jl. Bunga Ncole Raya No.50","prelist","MEDAN TUNTUNGAN","KEMENANGAN TANI","LINGKUNGAN 2","","(061) 8363786","P. Pendidikan","Gmaps"],
    ["34845","Ria Lesmana","Kemenangan Tani, Kec. Medan Tuntungan, Kota Medan, Sumatera Utara 20134","prelist","MEDAN TUNTUNGAN","TANJUNG SELAMAT","LINGKUNGAN 8","","0819-3112-2015","P. Pendidikan","Gmaps"],
    ["34846","Kolam Renang Waikiki","Tj. Selamat, Kec. Medan Tuntungan, Kota Medan, Sumatera Utara 20135","prelist","MEDAN TUNTUNGAN","TANJUNG SELAMAT","LINGKUNGAN 9","","","P. Pendidikan","Gmaps"],
    ["34847","Pesantren Tahfizh Ulun Nuha | Masjid Al Mukhlisin 2","Simpang Selayang, Kec. Medan Tuntungan, Kota Medan, Sumatera Utara 20135","prelist","MEDAN TUNTUNGAN","TANJUNG SELAMAT","LINGKUNGAN 8","","0812-6252-2253","P. Pendidikan","Gmaps"],
    ["34848","Kursus les bahasa Inggris","Mangga, Kec. Medan Kota, Kota Medan, Sumatera Utara","prelist","MEDAN TUNTUNGAN","MANGGA","LINGKUNGAN 11","","","P. Pendidikan","Gmaps"],
    ["34849","P.Simalingkar","Jl. Vanili Raya No.13","prelist","MEDAN TUNTUNGAN","MANGGA","LINGKUNGAN 17","","","P. Pendidikan","Gmaps"],
    ["34850","Nihita Daycare","The Prime Residence, Simpang Selayang, Kec. Medan Tuntungan, Kota Medan, Sumatera Utara 20135","prelist","MEDAN TUNTUNGAN","SIMPANG SELAYANG","LINGKUNGAN 17","","","P. Pendidikan","Gmaps"],
    ["34851","Harvard English Centre","Simpang Selayang, Kec. Medan Tuntungan, Kota Medan, Sumatera Utara","prelist","MEDAN TUNTUNGAN","SIMPANG SELAYANG","LINGKUNGAN 11","","","P. Pendidikan","Gmaps"],
    ["34852","UPT Puskesmas Tuntungan","Kemenangan Tani, Kec. Medan Tuntungan, Kota Medan, Sumatera Utara 20136","prelist","MEDAN TUNTUNGAN","KEMENANGAN TANI","LINGKUNGAN 2","","","O. Administrasi Pemerintahan, Pertahanan, dan Jaminan Sosial Wajib","Gmaps"],
    ["34853","Rumah/Kantor Kepala Lingkungan V","Jl. Bunga Ncole Raya X","prelist","MEDAN TUNTUNGAN","KEMENANGAN TANI","LINGKUNGAN 5","","0857-7184-9538","O. Administrasi Pemerintahan, Pertahanan, dan Jaminan Sosial Wajib","Gmaps"],
    ["34854","Kantor desa Kuatae","Jl. Irigasi","prelist","MEDAN TUNTUNGAN","MANGGA","LINGKUNGAN 5","","","O. Administrasi Pemerintahan, Pertahanan, dan Jaminan Sosial Wajib","Gmaps"],
    ["34855","Kantor Pencarian Dan Pertolongan - BASARNAS MEDAN","Jl. Jamin Ginting No.99","prelist","MEDAN TUNTUNGAN","SIDOMULYO","LINGKUNGAN 2","","","O. Administrasi Pemerintahan, Pertahanan, dan Jaminan Sosial Wajib","Gmaps"],
    ["34856","UPT Pelayanan Ambulan dan Pengaduan Masyarakat","Simpang Selayang, Kec. Medan Tuntungan, Kota Medan, Sumatera Utara 20132","prelist","MEDAN TUNTUNGAN","SIMPANG SELAYANG","LINGKUNGAN 8","","(061) 8369011","O. Administrasi Pemerintahan, Pertahanan, dan Jaminan Sosial Wajib","Gmaps"],
    ["34857","Kantor Lurah Simpang Selayang","Jl. Setia Budi No.34","prelist","MEDAN TUNTUNGAN","SIMPANG SELAYANG","LINGKUNGAN 2","","","O. Administrasi Pemerintahan, Pertahanan, dan Jaminan Sosial Wajib","Gmaps"],
    ["34858","Kantor KUA Medan Tuntungan","Jl. Bunga Ncole Raya","prelist","MEDAN TUNTUNGAN","KEMENANGAN TANI","LINGKUNGAN 2","","","O. Administrasi Pemerintahan, Pertahanan, dan Jaminan Sosial Wajib","Gmaps"],
    ["34859","Kantor Panitia Pemilihan Kecamatan Medan Tuntungan","Jl. Bunga Melati No.16","prelist","MEDAN TUNTUNGAN","KEMENANGAN TANI","LINGKUNGAN 2","","","O. Administrasi Pemerintahan, Pertahanan, dan Jaminan Sosial Wajib","Gmaps"],
    ["34860","Kantor panwascam Medan Tuntungan","Jl. Bunga Rampe Raya","prelist","MEDAN TUNTUNGAN","SIMALINGKAR B","LINGKUNGAN 2","","","O. Administrasi Pemerintahan, Pertahanan, dan Jaminan Sosial Wajib","Gmaps"],
    ["34861","UPT Medan Tuntungan","Kemenangan Tani, Kec. Medan Tuntungan, Kota Medan, Sumatera Utara 20135","prelist","MEDAN TUNTUNGAN","LAU CIH","LINGKUNGAN 1","","","O. Administrasi Pemerintahan, Pertahanan, dan Jaminan Sosial Wajib","Gmaps"],
    ["34862","MAYFAIR BIMBEL & ENGLISH COURSE","MAYFAIR RESIDENCE No.V1/63, Simpang Selayang, Kec. Medan Tuntungan, Kota Medan, Sumatera Utara 20231","prelist","MEDAN TUNTUNGAN","SIMPANG SELAYANG","LINGKUNGAN 7","","0812-6887-1898","P. Pendidikan","Gmaps"],
    ["34863","Bimbel Eltis","Mangga, Kec. Medan Tuntungan, Kota Medan, Sumatera Utara 20141","prelist","MEDAN TUNTUNGAN","MANGGA","LINGKUNGAN 19","","","P. Pendidikan","Gmaps"],
    ["34864","Bimbel dan Les Musik Fradhea","Jl. Flamboyan Raya No.112","prelist","MEDAN TUNTUNGAN","TANJUNG SELAMAT","LINGKUNGAN 2","","","P. Pendidikan","Gmaps"],
    ["34865","DZIKRI BIMBEL","komp, puri zahara Jl. Bunga Rinte No.2 blok N4, Simpang Selayang, Kec. Medan Tuntungan, Kota Medan, Sumatera Utara 20135","prelist","MEDAN TUNTUNGAN","SIMPANG SELAYANG","LINGKUNGAN 11","","","P. Pendidikan","Gmaps"],
    ["34866","Bimbingan belajar UKMPPD dr. Jekson","Kompleks Polri","prelist","MEDAN TUNTUNGAN","TANJUNG SELAMAT","LINGKUNGAN 4","","","P. Pendidikan","Gmaps"],
    ["34867","Kantor Lurah Mangga","Jl. Tembakau Raya No.35A","prelist","MEDAN TUNTUNGAN","MANGGA","LINGKUNGAN 22","","","O. Administrasi Pemerintahan, Pertahanan, dan Jaminan Sosial Wajib","Gmaps"],
    ["34868","BRIN KKB Medan","Gg. Arkeologi No.1","prelist","MEDAN TUNTUNGAN","TANJUNG SELAMAT","LINGKUNGAN 8","","","O. Administrasi Pemerintahan, Pertahanan, dan Jaminan Sosial Wajib","Gmaps"],
    ["34869","Rumah/Kantor Kepala Lingkungan IV","Jl. Irigasi I No.182","prelist","MEDAN TUNTUNGAN","KEMENANGAN TANI","LINGKUNGAN 4","","0812-6355-8272","O. Administrasi Pemerintahan, Pertahanan, dan Jaminan Sosial Wajib","Gmaps"],
    ["34870","Kantor Lurah Sidomulyo","Jl. Bunga Turi","prelist","MEDAN TUNTUNGAN","SIDOMULYO","LINGKUNGAN 1","","","O. Administrasi Pemerintahan, Pertahanan, dan Jaminan Sosial Wajib","Gmaps"],
    ["34871","Kantor/Rumah Kepala Lingkungan I Kelurahan Kemenangan Tani","Jl. Jamin Ginting No.19","prelist","MEDAN TUNTUNGAN","KEMENANGAN TANI","LINGKUNGAN 1","","","O. Administrasi Pemerintahan, Pertahanan, dan Jaminan Sosial Wajib","Gmaps"],
    ["34872","Kantor Lurah Tanjung Selamat","Jl. Bunga Sakura No.17","prelist","MEDAN TUNTUNGAN","TANJUNG SELAMAT","LINGKUNGAN 2","","","O. Administrasi Pemerintahan, Pertahanan, dan Jaminan Sosial Wajib","Gmaps"],
    ["34873","Polsek MedanTuntungan","Lau Cih, Kec. Medan Tuntungan, Kota Medan, Sumatera Utara 20135","prelist","MEDAN TUNTUNGAN","LAU CIH","LINGKUNGAN 1","","","O. Administrasi Pemerintahan, Pertahanan, dan Jaminan Sosial Wajib","Gmaps"],
    ["34874","Dinas Pencehahan dan Pemadam Kebakaran","Kemenangan Tani, Kec. Medan Tuntungan, Kota Medan, Sumatera Utara 20135","prelist","MEDAN TUNTUNGAN","LAU CIH","LINGKUNGAN 1","","","O. Administrasi Pemerintahan, Pertahanan, dan Jaminan Sosial Wajib","Gmaps"],
    ["34875","Kantor Pemadam Kebakaran Laucih Medan Tuntungan","Kemenangan Tani, Kec. Medan Tuntungan, Kota Medan, Sumatera Utara 20135","prelist","MEDAN TUNTUNGAN","LAU CIH","LINGKUNGAN 1","","","O. Administrasi Pemerintahan, Pertahanan, dan Jaminan Sosial Wajib","Gmaps"],
    ["34876","Balai Diklat BPK RI Medan","Jl. Jamin Ginting No.Km. 10.5","prelist","MEDAN TUNTUNGAN","SIMPANG SELAYANG","LINGKUNGAN 5","","(061) 8361901","O. Administrasi Pemerintahan, Pertahanan, dan Jaminan Sosial Wajib","Gmaps"],
    ["34877","Kelurahan Sidomulyo","Jl. Bunga Turi","prelist","MEDAN TUNTUNGAN","SIDOMULYO","LINGKUNGAN 1","","","O. Administrasi Pemerintahan, Pertahanan, dan Jaminan Sosial Wajib","Gmaps"],
    ["34878","Kantor Lurah Kemenangan Tani","Jl. Bunga Ncole Raya No.39","prelist","MEDAN TUNTUNGAN","KEMENANGAN TANI","LINGKUNGAN 2","","","O. Administrasi Pemerintahan, Pertahanan, dan Jaminan Sosial Wajib","Gmaps"],
    ["34879","Upt Pelatihan Kesehatan Provsu","Jl. Petunia Raya","prelist","MEDAN TUNTUNGAN","NAMO GAJAH","LINGKUNGAN 3","","","O. Administrasi Pemerintahan, Pertahanan, dan Jaminan Sosial Wajib","Gmaps"],
    ["34880","Gerai SAMSAT Tuntungan","Jl. Setia Budi No.34","prelist","MEDAN TUNTUNGAN","SIMPANG SELAYANG","LINGKUNGAN 17","","","O. Administrasi Pemerintahan, Pertahanan, dan Jaminan Sosial Wajib","Gmaps"],
    ["34881","TPU. TANJUNG SELAMAT","Jl. Seroja V","prelist","MEDAN TUNTUNGAN","TANJUNG SELAMAT","LINGKUNGAN 8","","0821-6338-5481","O. Administrasi Pemerintahan, Pertahanan, dan Jaminan Sosial Wajib","Gmaps"],
    ["34882","UMKM Centre Pemerintah Kota Medan","Jl. Jamin Ginting No.Km. 14","prelist","MEDAN TUNTUNGAN","LADANG BAMBU","LINGKUNGAN 1","","","O. Administrasi Pemerintahan, Pertahanan, dan Jaminan Sosial Wajib","Gmaps"],
    ["34883","Pusat Krisis Kesehatan Regional Sumatera Utara","Jl. Bunga Lau No.17C","prelist","MEDAN TUNTUNGAN","KEMENANGAN TANI","LINGKUNGAN 3","","","O. Administrasi Pemerintahan, Pertahanan, dan Jaminan Sosial Wajib","Gmaps"],
    ["34884","Bersinar II","Jalan Karet Raya No.15","prelist","MEDAN TUNTUNGAN","MANGGA","LINGKUNGAN 24","","(061) 75111664","O. Administrasi Pemerintahan, Pertahanan, dan Jaminan Sosial Wajib","Gmaps"],
    ["34885","RUMAH KEPLING LK VI TJG SELAMAT","Jl. Flamboyan I No.17","prelist","MEDAN TUNTUNGAN","TANJUNG SELAMAT","LINGKUNGAN 6","","","O. Administrasi Pemerintahan, Pertahanan, dan Jaminan Sosial Wajib","Gmaps"],
    ["34886","Rumah nantulang","Jl. Vanili 9 No.20","prelist","MEDAN TUNTUNGAN","MANGGA","LINGKUNGAN 17","","","O. Administrasi Pemerintahan, Pertahanan, dan Jaminan Sosial Wajib","Gmaps"],
    ["34887","Simon","Mangga, Kec. Medan Tuntungan, Kota Medan, Sumatera Utara 20131","prelist","MEDAN TUNTUNGAN","MANGGA","LINGKUNGAN 2","","","O. Administrasi Pemerintahan, Pertahanan, dan Jaminan Sosial Wajib","Gmaps"],
    ["34888","DIT SAMAPTA POLDA SUMUT","Mangga, Kec. Medan Tuntungan, Kota Medan, Sumatera Utara 20131","prelist","MEDAN TUNTUNGAN","MANGGA","LINGKUNGAN 3","","","O. Administrasi Pemerintahan, Pertahanan, dan Jaminan Sosial Wajib","Gmaps"],
    ["34889","Kantor Lurah Baru Ladang Bambu","Jl. Bunga Pariama I No.74","prelist","MEDAN TUNTUNGAN","LADANG BAMBU","LINGKUNGAN 4","","","O. Administrasi Pemerintahan, Pertahanan, dan Jaminan Sosial Wajib","Gmaps"],
    ["34890","Mess PEMKAB SAMOSIR","Gg. Seroja No.5","prelist","MEDAN TUNTUNGAN","SIMPANG SELAYANG","LINGKUNGAN 16","","","O. Administrasi Pemerintahan, Pertahanan, dan Jaminan Sosial Wajib","Gmaps"],
    ["34891","Kantor Pos Medan Tanjung Sari","Jl. Setia Budi No.555","prelist","MEDAN TUNTUNGAN","SIMPANG SELAYANG","LINGKUNGAN 9","","","O. Administrasi Pemerintahan, Pertahanan, dan Jaminan Sosial Wajib","Gmaps"],
    ["34892","Kantor Kelurahan Simalingkar B","Jl. Bunga Rampai Raya No.171","prelist","MEDAN TUNTUNGAN","SIMALINGKAR B","LINGKUNGAN 5","","","O. Administrasi Pemerintahan, Pertahanan, dan Jaminan Sosial Wajib","Gmaps"],
    ["34893","Kantor Lurah Lau Cih","Jl. Bunga Malem Vii","prelist","MEDAN TUNTUNGAN","LAU CIH","LINGKUNGAN 3","","0882-0158-67137","O. Administrasi Pemerintahan, Pertahanan, dan Jaminan Sosial Wajib","Gmaps"],
    ["34894","Kantor Lurah Namo Gajah","Jl. Petunia Raya","prelist","MEDAN TUNTUNGAN","NAMO GAJAH","LINGKUNGAN 3","","","O. Administrasi Pemerintahan, Pertahanan, dan Jaminan Sosial Wajib","Gmaps"],
    ["34895","Kantor PDAM Tirtanadi Cab.Padang Bulan","Jl. Jamin Ginting","prelist","MEDAN TUNTUNGAN","MANGGA","LINGKUNGAN 2","","","O. Administrasi Pemerintahan, Pertahanan, dan Jaminan Sosial Wajib","Gmaps"],
    ["34896","Survey UPT Pelkes","Jl. Petunia Raya No.6","prelist","MEDAN TUNTUNGAN","NAMO GAJAH","LINGKUNGAN 3","","","O. Administrasi Pemerintahan, Pertahanan, dan Jaminan Sosial Wajib","Gmaps"],
    ["34897","Kantor DPC Partai PERINDO Kec. Medan Tuntungan","Simpang Selayang, Kec. Medan Tuntungan, Kota Medan, Sumatera Utara 20136","prelist","MEDAN TUNTUNGAN","SIMPANG SELAYANG","LINGKUNGAN 11","","","O. Administrasi Pemerintahan, Pertahanan, dan Jaminan Sosial Wajib","Gmaps"],
    ["34898","Rumah/Kantor Kepala Lingkungan III","Jl. Bunga Melati No.61","prelist","MEDAN TUNTUNGAN","KEMENANGAN TANI","LINGKUNGAN 3","","0877-8780-6165","O. Administrasi Pemerintahan, Pertahanan, dan Jaminan Sosial Wajib","Gmaps"],
    ["34899","Medan Plus","Lau Cih, Kec. Medan Tuntungan, Kota Medan, Sumatera Utara 20137","prelist","MEDAN TUNTUNGAN","LAU CIH","LINGKUNGAN 2","","0813-7089-2889","Q. Jasa Kesehatan dan Kegiatan Sosial","Gmaps"],
    ["34900","Rumah Sakit Jiwa Prof.Dr.M. Ildrem","Jl. Tali Air No.21","prelist","MEDAN TUNTUNGAN","MANGGA","LINGKUNGAN 4","","(061) 8360542","Q. Jasa Kesehatan dan Kegiatan Sosial","Gmaps"],
    ["34901","RS Bukit Permai Sp Selayang","Jl. Jamin Ginting No.16","prelist","MEDAN TUNTUNGAN","SIMPANG SELAYANG","LINGKUNGAN 1","","","Q. Jasa Kesehatan dan Kegiatan Sosial","Gmaps"],
    ["34902","Rumah Sakit Umum Pusat H. Adam Malik","Jl. Bunga Lau No.17","prelist","MEDAN TUNTUNGAN","KEMENANGAN TANI","LINGKUNGAN 3","","","Q. Jasa Kesehatan dan Kegiatan Sosial","Gmaps"],
    ["34903","Rumah Sakit (RS) Pusat Medan Tuntungan","Jl. B Lau No.17","prelist","MEDAN TUNTUNGAN","KEMENANGAN TANI","LINGKUNGAN 3","","","Q. Jasa Kesehatan dan Kegiatan Sosial","Gmaps"],
    ["34904","Agen Plum Optrimax Pajak Melati","Jl. Flamboyan Raya No.36 C","prelist","MEDAN TUNTUNGAN","TANJUNG SELAMAT","LINGKUNGAN 4","","","O. Administrasi Pemerintahan, Pertahanan, dan Jaminan Sosial Wajib","Gmaps"],
    ["34905","YENNY KONSULTAN PAJAK MEDAN","Jl. Pinang Raya 2 No.14","prelist","MEDAN TUNTUNGAN","MANGGA","LINGKUNGAN 20","","0812-8246-3618","O. Administrasi Pemerintahan, Pertahanan, dan Jaminan Sosial Wajib","Gmaps"],
    ["34906","Nina Gym & Fitness","Jl. Flamboyan Raya No.92","prelist","MEDAN TUNTUNGAN","TANJUNG SELAMAT","LINGKUNGAN 2","","","O. Administrasi Pemerintahan, Pertahanan, dan Jaminan Sosial Wajib","Gmaps"],
    ["34907","Roda Kompas","Jl. Jamin Ginting","prelist","MEDAN TUNTUNGAN","MANGGA","LINGKUNGAN 2","","","O. Administrasi Pemerintahan, Pertahanan, dan Jaminan Sosial Wajib","Gmaps"],
    ["34908","Perwakilan Badan Wakaf Indonesia","Jln Rajawali","prelist","MEDAN TUNTUNGAN","TANJUNG SELAMAT","LINGKUNGAN 4","","","O. Administrasi Pemerintahan, Pertahanan, dan Jaminan Sosial Wajib","Gmaps"],
    ["34909","Pos Indonesia","Jl. Tembakau Raya No.33","prelist","MEDAN TUNTUNGAN","MANGGA","LINGKUNGAN 13","","","O. Administrasi Pemerintahan, Pertahanan, dan Jaminan Sosial Wajib","Gmaps"],
    ["34910","Gerai SAMSAT Tuntungan","Sidomulyo, Kec. Medan Tuntungan, Kota Medan, Sumatera Utara 20137","prelist","MEDAN TUNTUNGAN","SIDOMULYO","LINGKUNGAN 2","","","O. Administrasi Pemerintahan, Pertahanan, dan Jaminan Sosial Wajib","Gmaps"],
    ["34911","TPA (INCENERATOR) RSUP H.ADAM MALIK","Jl. Cardiac Center","prelist","MEDAN TUNTUNGAN","NAMO GAJAH","LINGKUNGAN 2","","","O. Administrasi Pemerintahan, Pertahanan, dan Jaminan Sosial Wajib","Gmaps"],
    ["34912","Puskesmas Rawat Inap Tuntungan","Jl. Bunga Ncole Raya","prelist","MEDAN TUNTUNGAN","KEMENANGAN TANI","LINGKUNGAN 2","","","O. Administrasi Pemerintahan, Pertahanan, dan Jaminan Sosial Wajib","Gmaps"],
    ["34913","Gedung Diklat RSUP HAM","Jl. Bunga Lau","prelist","MEDAN TUNTUNGAN","KEMENANGAN TANI","LINGKUNGAN 3","","","O. Administrasi Pemerintahan, Pertahanan, dan Jaminan Sosial Wajib","Gmaps"],
    ["34914","CV. SKM","Jl. Pinus Raya No.17 No. 1","prelist","MEDAN TUNTUNGAN","MANGGA","LINGKUNGAN 13","","","O. Administrasi Pemerintahan, Pertahanan, dan Jaminan Sosial Wajib","Gmaps"],
    ["34931","Klinik Pratama Mamamia","Jl. Pintu Air Iv No.96","prelist","MEDAN TUNTUNGAN","SIMALINGKAR B","LINGKUNGAN 2","","(061) 8365071","Q. Jasa Kesehatan dan Kegiatan Sosial","Gmaps"],
    ["34932","Klinik Aviati Jamin Ginting","Jalan Jamin Ginting Km. 8","prelist","MEDAN TUNTUNGAN","MANGGA","LINGKUNGAN 1","","","Q. Jasa Kesehatan dan Kegiatan Sosial","Gmaps"],
    ["34933","Klinik Pratama Politeknik Kesehatan Medan","Jl. Jamin Ginting No.Km 13 5","prelist","MEDAN TUNTUNGAN","LAU CIH","LINGKUNGAN 2","","","Q. Jasa Kesehatan dan Kegiatan Sosial","Gmaps"],
    ["34934","san pales medical center","Jl. Jamin Ginting No.161","prelist","MEDAN TUNTUNGAN","MANGGA","LINGKUNGAN 3","","0821-2223-8781","Q. Jasa Kesehatan dan Kegiatan Sosial","Gmaps"],
    ["34935","Klinik Pratama Nakita","Jl. Tembakau Raya Perumnas No.:72","prelist","MEDAN TUNTUNGAN","MANGGA","LINGKUNGAN 15","","","Q. Jasa Kesehatan dan Kegiatan Sosial","Gmaps"],
    ["34936","Klinik Simpang Tuntungan","Jl. Lap. Golf No.3","prelist","MEDAN TUNTUNGAN","LADANG BAMBU","LINGKUNGAN 2","","0813-7818-6417","Q. Jasa Kesehatan dan Kegiatan Sosial","Gmaps"],
    ["34937","Klinik Altara","Jl. Kapiten Purba","prelist","MEDAN TUNTUNGAN","MANGGA","LINGKUNGAN 4","","","Q. Jasa Kesehatan dan Kegiatan Sosial","Gmaps"],
    ["34938","Cardiac Center RSUP H Adam Malik","Jl. Cardiac Center","prelist","MEDAN TUNTUNGAN","KEMENANGAN TANI","LINGKUNGAN 3","","","Q. Jasa Kesehatan dan Kegiatan Sosial","Gmaps"],
    ["34939","IDG RSUP H.Adam Malik Medan","Kemenangan Tani, Kec. Medan Tuntungan, Kota Medan, Sumatera Utara 20136","prelist","MEDAN TUNTUNGAN","KEMENANGAN TANI","LINGKUNGAN 3","","","Q. Jasa Kesehatan dan Kegiatan Sosial","Gmaps"],
    ["34940","RITN Rumah Sakit Umum Pusat H. Adam Malik","Jl. Bunga Lau","prelist","MEDAN TUNTUNGAN","KEMENANGAN TANI","LINGKUNGAN 3","","","Q. Jasa Kesehatan dan Kegiatan Sosial","Gmaps"],
    ["34941","Klinik Umum Kasih Husada 24 Jam","Simpang Selayang, Kec. Medan Tuntungan, Kota Medan, Sumatera Utara 20135","prelist","MEDAN TUNTUNGAN","SIMPANG SELAYANG","LINGKUNGAN 9","","","Q. Jasa Kesehatan dan Kegiatan Sosial","Gmaps"],
    ["34942","Gerbang Poliklinik","Kemenangan Tani, Kec. Medan Tuntungan, Kota Medan, Sumatera Utara 20136","prelist","MEDAN TUNTUNGAN","KEMENANGAN TANI","LINGKUNGAN 3","","","Q. Jasa Kesehatan dan Kegiatan Sosial","Gmaps"],
    ["34943","Rumah Sakit Hobby mempersulit keluarga pasien maupun pasien","Jl. Bunga Lau No.17","prelist","MEDAN TUNTUNGAN","KEMENANGAN TANI","LINGKUNGAN 3","","","Q. Jasa Kesehatan dan Kegiatan Sosial","Gmaps"],
    ["34944","IGD RSUP H.Adam Malik Medan","Kemenangan Tani, Kec. Medan Tuntungan, Kota Medan, Sumatera Utara 20136","prelist","MEDAN TUNTUNGAN","KEMENANGAN TANI","LINGKUNGAN 3","","","Q. Jasa Kesehatan dan Kegiatan Sosial","Gmaps"],
    ["34945","Balai Pengobatan - Rumah Bersalin Welky","Jl. Flamboyan Raya No.41","prelist","MEDAN TUNTUNGAN","TANJUNG SELAMAT","LINGKUNGAN 5","","(061) 8365056","Q. Jasa Kesehatan dan Kegiatan Sosial","Gmaps"],
    ["34946","Gurah THT","Jl. Flamboyan Raya Lor No.13","prelist","MEDAN TUNTUNGAN","TANJUNG SELAMAT","LINGKUNGAN 8","","(061) 8216424","Q. Jasa Kesehatan dan Kegiatan Sosial","Gmaps"],
    ["34947","Klinik Gigi Midenta","Jl. Setia Budi Ujung No.1","prelist","MEDAN TUNTUNGAN","SIMPANG SELAYANG","LINGKUNGAN 1","","","Q. Jasa Kesehatan dan Kegiatan Sosial","Gmaps"],
    ["34948","Praktek dr. Josia Ginting SpPD","Jl. Jamin Ginting","prelist","MEDAN TUNTUNGAN","KEMENANGAN TANI","LINGKUNGAN 1","","","Q. Jasa Kesehatan dan Kegiatan Sosial","Gmaps"],
    ["34949","Klinik Mandiri","Jl. Bunga Pariama I","prelist","MEDAN TUNTUNGAN","LADANG BAMBU","LINGKUNGAN 5","","","Q. Jasa Kesehatan dan Kegiatan Sosial","Gmaps"],
    ["34950","Klinik Tambar Malem","Jl. Jamin Ginting No.68","prelist","MEDAN TUNTUNGAN","LAU CIH","LINGKUNGAN 3","","0813-6240-8181","Q. Jasa Kesehatan dan Kegiatan Sosial","Gmaps"],
    ["34951","Klinik Surbakti","Jl. Bunga Melati No.31","prelist","MEDAN TUNTUNGAN","KEMENANGAN TANI","LINGKUNGAN 2","","","Q. Jasa Kesehatan dan Kegiatan Sosial","Gmaps"],
    ["34952","Klinik Bidan Esni","Namu Gajah, Kec. Medan Tuntungan, Kota Medan, Sumatera Utara 20134","prelist","MEDAN TUNTUNGAN","NAMO GAJAH","LINGKUNGAN 2","","","Q. Jasa Kesehatan dan Kegiatan Sosial","Gmaps"],
    ["34953","Klinik Bersalin Tata","Jl. Bunga Rinte Graha Anggrek No. A No.5","prelist","MEDAN TUNTUNGAN","SIMPANG SELAYANG","LINGKUNGAN 17","","0823-6959-3383","Q. Jasa Kesehatan dan Kegiatan Sosial","Gmaps"],
    ["34954","Klinik Pratama Surya Kebenaran","Simpang Selayang, Kec. Medan Tuntungan, Kota Medan, Sumatera Utara","prelist","MEDAN TUNTUNGAN","SIMPANG SELAYANG","LINGKUNGAN 3","","","Q. Jasa Kesehatan dan Kegiatan Sosial","Gmaps"],
    ["34955","Apotek Altara Medan","Jl. Kapiten Purba Simalingkar No.2B","prelist","MEDAN TUNTUNGAN","MANGGA","LINGKUNGAN 4","","(061) 8369358","Q. Jasa Kesehatan dan Kegiatan Sosial","Gmaps"],
    ["34956","Klinik Komsel","Jl. Tali Air","prelist","MEDAN TUNTUNGAN","MANGGA","LINGKUNGAN 4","","","Q. Jasa Kesehatan dan Kegiatan Sosial","Gmaps"],
    ["34957","Klinik Tutamana","Jl. Jamin Ginting","prelist","MEDAN TUNTUNGAN","SIMPANG SELAYANG","LINGKUNGAN 5","","","Q. Jasa Kesehatan dan Kegiatan Sosial","Gmaps"],
    ["34958","Klinik Kasih","Jl. Bunga Pancur Ix Sp Selayang No.8","prelist","MEDAN TUNTUNGAN","SIMPANG SELAYANG","LINGKUNGAN 2","","(061) 8361020","Q. Jasa Kesehatan dan Kegiatan Sosial","Gmaps"],
    ["34959","Apotek Semesta Alam Farma","Jl. Jamin Ginting No.168","prelist","MEDAN TUNTUNGAN","MANGGA","LINGKUNGAN 3","","","Q. Jasa Kesehatan dan Kegiatan Sosial","Gmaps"],
    ["34960","Obat Kuat & Kosmetik Xi-Weng","Jl. Jamin Ginting","prelist","MEDAN TUNTUNGAN","MANGGA","LINGKUNGAN 4","","","Q. Jasa Kesehatan dan Kegiatan Sosial","Gmaps"],
    ["34961","Apotek Kembar Farma","Jl. Flamboyan Raya No.31","prelist","MEDAN TUNTUNGAN","TANJUNG SELAMAT","LINGKUNGAN 3","","","Q. Jasa Kesehatan dan Kegiatan Sosial","Gmaps"],
    ["34962","Apotek Simpang Tuntungan","Jl. Lap. Golf","prelist","MEDAN TUNTUNGAN","LADANG BAMBU","LINGKUNGAN 2","","","Q. Jasa Kesehatan dan Kegiatan Sosial","Gmaps"],
    ["34963","Apotek Berkat Nauli","Jl. Setia Budi No.14","prelist","MEDAN TUNTUNGAN","SIMPANG SELAYANG","LINGKUNGAN 9","","","Q. Jasa Kesehatan dan Kegiatan Sosial","Gmaps"],
    ["34964","Apotek Ernala","Jl. Jamin Ginting No.18","prelist","MEDAN TUNTUNGAN","KEMENANGAN TANI","LINGKUNGAN 1","","","Q. Jasa Kesehatan dan Kegiatan Sosial","Gmaps"],
    ["34965","Apotek Harapan Jaya","Jl. Jamin Ginting No.145","prelist","MEDAN TUNTUNGAN","SIMPANG SELAYANG","LINGKUNGAN 3","","","Q. Jasa Kesehatan dan Kegiatan Sosial","Gmaps"],
    ["34966","Apotek Joy Pinta Farma","Jl. Jamin Ginting No.174","prelist","MEDAN TUNTUNGAN","MANGGA","LINGKUNGAN 3","","","Q. Jasa Kesehatan dan Kegiatan Sosial","Gmaps"],
    ["34967","Apotek Edata","Jl. Flamboyan Raya","prelist","MEDAN TUNTUNGAN","TANJUNG SELAMAT","LINGKUNGAN 8","","","Q. Jasa Kesehatan dan Kegiatan Sosial","Gmaps"],
    ["34968","Apotek Gabe Family","Jl. Flamboyan Raya No.47/B","prelist","MEDAN TUNTUNGAN","TANJUNG SELAMAT","LINGKUNGAN 7","","","Q. Jasa Kesehatan dan Kegiatan Sosial","Gmaps"],
    ["34969","Apotek Rinte Medan","Jl. Bunga Rinte","prelist","MEDAN TUNTUNGAN","SIMPANG SELAYANG","LINGKUNGAN 13","","0811-524-777","Q. Jasa Kesehatan dan Kegiatan Sosial","Gmaps"],
    ["34970","APOTEK FLORA","Jl. Flamboyan Raya","prelist","MEDAN TUNTUNGAN","TANJUNG SELAMAT","LINGKUNGAN 2","","0812-6440-9401","Q. Jasa Kesehatan dan Kegiatan Sosial","Gmaps"],
    ["34971","Praktek Drg. Hariani H. Purba","Jl. Jamin Ginting Ruko Golden Vista No.4","prelist","MEDAN TUNTUNGAN","MANGGA","LINGKUNGAN 2","","","Q. Jasa Kesehatan dan Kegiatan Sosial","Gmaps"],
    ["34972","AlenaMedica","Jl. Jamin Ginting Km.10","prelist","MEDAN TUNTUNGAN","SIMPANG SELAYANG","LINGKUNGAN 5","","(061) 42841227","Q. Jasa Kesehatan dan Kegiatan Sosial","Gmaps"],
    ["34973","Apotek Aisyah","Jl. Setia Budi","prelist","MEDAN TUNTUNGAN","SIMPANG SELAYANG","LINGKUNGAN 2","","","Q. Jasa Kesehatan dan Kegiatan Sosial","Gmaps"],
    ["34974","APOTEK RONATAMA 2","Jl. Flamboyan Raya No.48B","prelist","MEDAN TUNTUNGAN","TANJUNG SELAMAT","LINGKUNGAN 2","","","Q. Jasa Kesehatan dan Kegiatan Sosial","Gmaps"],
    ["34975","Apotek Berkah Dr. Suey Tambunan","Jl. Flamboyan Raya","prelist","MEDAN TUNTUNGAN","TANJUNG SELAMAT","LINGKUNGAN 2","","","Q. Jasa Kesehatan dan Kegiatan Sosial","Gmaps"],
    ["34976","Apotik Yoan","Jalan Letjen Jamin Ginting Km 12.5 No. 83","prelist","MEDAN TUNTUNGAN","KEMENANGAN TANI","LINGKUNGAN 1","","(061) 8360187","Q. Jasa Kesehatan dan Kegiatan Sosial","Gmaps"],
    ["34977","Bumi Sehat","Jl. Flamboyan Raya No.14","prelist","MEDAN TUNTUNGAN","TANJUNG SELAMAT","LINGKUNGAN 3","","","Q. Jasa Kesehatan dan Kegiatan Sosial","Gmaps"],
    ["34978","Apotek Jaya Abadi","Jl. Jamin Ginting No.149","prelist","MEDAN TUNTUNGAN","SIMPANG SELAYANG","LINGKUNGAN 3","","","Q. Jasa Kesehatan dan Kegiatan Sosial","Gmaps"],
    ["34979","Karya Agung","Jl. Jamin Ginting No.174","prelist","MEDAN TUNTUNGAN","MANGGA","LINGKUNGAN 3","","(061) 8360103","Q. Jasa Kesehatan dan Kegiatan Sosial","Gmaps"],
    ["34980","Apotek Raphael","Jl. Jamin Ginting","prelist","MEDAN TUNTUNGAN","SIMPANG SELAYANG","LINGKUNGAN 5","","","Q. Jasa Kesehatan dan Kegiatan Sosial","Gmaps"],
    ["34981","APOTEK OLLO AU","Jl. Jamin Ginting No.134","prelist","MEDAN TUNTUNGAN","KEMENANGAN TANI","LINGKUNGAN 1","","","Q. Jasa Kesehatan dan Kegiatan Sosial","Gmaps"],
    ["34982","Apotek Bersinar Farma","Jl. Lap. Golf No.2","prelist","MEDAN TUNTUNGAN","LADANG BAMBU","LINGKUNGAN 2","","","Q. Jasa Kesehatan dan Kegiatan Sosial","Gmaps"],
    ["34983","Apotek Stella Farma","Komplek Citra Setia Budi Medan","prelist","MEDAN TUNTUNGAN","SIMPANG SELAYANG","LINGKUNGAN 2","","","Q. Jasa Kesehatan dan Kegiatan Sosial","Gmaps"],
    ["34984","Apotik Sinar Farma","Unnamed Road, Kemenangan Tani, Kec. Medan Tuntungan, Kota Medan, Sumatera Utara 20137","prelist","MEDAN TUNTUNGAN","SIMPANG SELAYANG","LINGKUNGAN 3","","","Q. Jasa Kesehatan dan Kegiatan Sosial","Gmaps"],
    ["34985","Apotek Bahagia, Simpang Simalingkar, Medan","Jl. Kapiten Purba Ruko No.10","prelist","MEDAN TUNTUNGAN","MANGGA","LINGKUNGAN 3","","","Q. Jasa Kesehatan dan Kegiatan Sosial","Gmaps"],
    ["34986","Fajar","Jl. Tembakau Raya No.96C","prelist","MEDAN TUNTUNGAN","MANGGA","LINGKUNGAN 15","","0852-7746-4787","Q. Jasa Kesehatan dan Kegiatan Sosial","Gmaps"],
    ["34987","Apotek Rakyat Baru","Jl. Flamboyan Raya No.77 Lingkungan Ii","prelist","MEDAN TUNTUNGAN","TANJUNG SELAMAT","LINGKUNGAN 2","","","Q. Jasa Kesehatan dan Kegiatan Sosial","Gmaps"],
    ["34988","Apotek Marito Farma","Jl. Bunga Rinte No.81","prelist","MEDAN TUNTUNGAN","SIMPANG SELAYANG","LINGKUNGAN 11","","","Q. Jasa Kesehatan dan Kegiatan Sosial","Gmaps"],
    ["34989","Apotek Bunda","Jl. Flamboyan Raya No.60","prelist","MEDAN TUNTUNGAN","TANJUNG SELAMAT","LINGKUNGAN 4","","","Q. Jasa Kesehatan dan Kegiatan Sosial","Gmaps"],
    ["34990","Apotek Kobra Husada","Jl. Setia Budi No.2 173 A","prelist","MEDAN TUNTUNGAN","SIMPANG SELAYANG","LINGKUNGAN 1","","","Q. Jasa Kesehatan dan Kegiatan Sosial","Gmaps"],
    ["34991","Apotik Tiara","Jl. Bunga Sakura No.17","prelist","MEDAN TUNTUNGAN","TANJUNG SELAMAT","LINGKUNGAN 1","","(061) 8364189","Q. Jasa Kesehatan dan Kegiatan Sosial","Gmaps"],
    ["34992","Apotik abadi jaya","Simpang Selayang, Kec. Medan Tuntungan, Kota Medan, Sumatera Utara","prelist","MEDAN TUNTUNGAN","SIMPANG SELAYANG","LINGKUNGAN 2","","","Q. Jasa Kesehatan dan Kegiatan Sosial","Gmaps"],
    ["34993","APOTEK ADI PRIMA FARMA","Jl. Bunga Rampe Raya No.55","prelist","MEDAN TUNTUNGAN","SIMALINGKAR B","LINGKUNGAN 1","","","Q. Jasa Kesehatan dan Kegiatan Sosial","Gmaps"],
    ["34994","APOTEK BERKAT FARMA","Jl. Setia Budi","prelist","MEDAN TUNTUNGAN","SIMPANG SELAYANG","LINGKUNGAN 2","","","Q. Jasa Kesehatan dan Kegiatan Sosial","Gmaps"],
    ["34995","Apotek Selayang","Jl. Setia Budi","prelist","MEDAN TUNTUNGAN","SIMPANG SELAYANG","LINGKUNGAN 1","","","Q. Jasa Kesehatan dan Kegiatan Sosial","Gmaps"],
    ["34996","Apotik Kita Malem","Gg. Greja No.1","prelist","MEDAN TUNTUNGAN","SIMPANG SELAYANG","LINGKUNGAN 5","","(061) 5031701","Q. Jasa Kesehatan dan Kegiatan Sosial","Gmaps"],
    ["34997","Apotek Bintang","Jl. Tembakau Raya No.8","prelist","MEDAN TUNTUNGAN","MANGGA","LINGKUNGAN 19","","","Q. Jasa Kesehatan dan Kegiatan Sosial","Gmaps"],
    ["34998","Apotek Gaudette","Jl. Griya Asam Kumbang Blk. E No.52","prelist","MEDAN TUNTUNGAN","TANJUNG SELAMAT","LINGKUNGAN 1","","","Q. Jasa Kesehatan dan Kegiatan Sosial","Gmaps"],
    ["34999","Apotek Edufarma","Jl. Karet Raya Simalingkar No.49","prelist","MEDAN TUNTUNGAN","MANGGA","LINGKUNGAN 7","","","Q. Jasa Kesehatan dan Kegiatan Sosial","Gmaps"],
    ["35000","Panti Asuhan Suka Cita Anak Mahkota","Jl. Flamboyan I Gg. Ulun Jandi","prelist","MEDAN TUNTUNGAN","TANJUNG SELAMAT","LINGKUNGAN 6","","","Q. Jasa Kesehatan dan Kegiatan Sosial","Gmaps"],
    ["35001","Panti Asuhan Rumah Bakti Kasih","Jl. Jamin Ginting Gg. Mejuah-Juah No.11","prelist","MEDAN TUNTUNGAN","MANGGA","LINGKUNGAN 1","","0812-6031-6686","Q. Jasa Kesehatan dan Kegiatan Sosial","Gmaps"],
    ["35002","Panti Asuhan Satu Kasih","Jl. Flamboyan Raya","prelist","MEDAN TUNTUNGAN","TANJUNG SELAMAT","LINGKUNGAN 8","","","Q. Jasa Kesehatan dan Kegiatan Sosial","Gmaps"],
    ["35003","Panti Asuhan St. Lucy","Jl. Flamboyan V No.6","prelist","MEDAN TUNTUNGAN","TANJUNG SELAMAT","LINGKUNGAN 9","","0822-5766-9835","Q. Jasa Kesehatan dan Kegiatan Sosial","Gmaps"],
    ["35004","Rumah Yehezkiel","Gg. Buntu No.37","prelist","MEDAN TUNTUNGAN","TANJUNG SELAMAT","LINGKUNGAN 2","","","Q. Jasa Kesehatan dan Kegiatan Sosial","Gmaps"],
    ["35005","Panti Asuhan Talenta Delpita","Simalingkar B, Kec. Medan Tuntungan, Kota Medan, Sumatera Utara","prelist","MEDAN TUNTUNGAN","SIMALINGKAR B","LINGKUNGAN 1","","0821-6266-5656","Q. Jasa Kesehatan dan Kegiatan Sosial","Gmaps"],
    ["35006","Panti asuhan yayasan vita dulcedo","Jl. Flamboyan V No.9","prelist","MEDAN TUNTUNGAN","TANJUNG SELAMAT","LINGKUNGAN 9","","","Q. Jasa Kesehatan dan Kegiatan Sosial","Gmaps"],
    ["35007","Panti Asuhan Mercy Clement Indonesia","Jl. Stella Raya No.143","prelist","MEDAN TUNTUNGAN","SIMPANG SELAYANG","LINGKUNGAN 10","","","Q. Jasa Kesehatan dan Kegiatan Sosial","Gmaps"],
    ["35008","Komplek Rumah Abu Oranye","Jl. Bunga Pancur Gg. Siti Hajar 2","prelist","MEDAN TUNTUNGAN","SIMPANG SELAYANG","LINGKUNGAN 4","","","Q. Jasa Kesehatan dan Kegiatan Sosial","Gmaps"],
    ["35009","Panti Pemenang Jiwa","Simpang Selayang, Kec. Medan Tuntungan, Kota Medan, Sumatera Utara 20135","prelist","MEDAN TUNTUNGAN","SIMPANG SELAYANG","LINGKUNGAN 9","","","Q. Jasa Kesehatan dan Kegiatan Sosial","Gmaps"],
    ["35010","PANTI ASUHAN RUMAH TYRANUS","Jl. Nusa Indah Ii No.149A","prelist","MEDAN TUNTUNGAN","SIMPANG SELAYANG","LINGKUNGAN 9","","0858-3437-9688","Q. Jasa Kesehatan dan Kegiatan Sosial","Gmaps"],
    ["35011","CV INLO KREASI MANDIRI","Jl. Seroja Raya No.18A","prelist","MEDAN TUNTUNGAN","TANJUNG SELAMAT","LINGKUNGAN 7","","","Q. Jasa Kesehatan dan Kegiatan Sosial","Gmaps"],
    ["35012","Laboratorium Econolab - Medan","Jl. Jamin Ginting No.161","prelist","MEDAN TUNTUNGAN","MANGGA","LINGKUNGAN 3","","","Q. Jasa Kesehatan dan Kegiatan Sosial","Gmaps"],
    ["35013","Apotik Farmaka","Jl. Bunga Sakura No.135","prelist","MEDAN TUNTUNGAN","TANJUNG SELAMAT","LINGKUNGAN 4","","0852-6213-9914","Q. Jasa Kesehatan dan Kegiatan Sosial","Gmaps"],
    ["35014","Apotek Farma Jaya","Jl. Jamin Ginting No.22B","prelist","MEDAN TUNTUNGAN","LAU CIH","LINGKUNGAN 1","","0823-6270-2222","Q. Jasa Kesehatan dan Kegiatan Sosial","Gmaps"],
    ["35015","Toko Obat Horatio","Jl. Cengkeh Raya No.79","prelist","MEDAN TUNTUNGAN","MANGGA","LINGKUNGAN 16","","","Q. Jasa Kesehatan dan Kegiatan Sosial","Gmaps"],
    ["35016","Panti Asuhan Al Ikhlas","Jl. Flamboyan Raya No.4","prelist","MEDAN TUNTUNGAN","TANJUNG SELAMAT","LINGKUNGAN 6","","","Q. Jasa Kesehatan dan Kegiatan Sosial","Gmaps"],
    ["35017","Pusat Perawatan Dan Pemuluhan Adiksi Narkoba \"Rumah Kita\"","Jl. Bougainville Dalam","prelist","MEDAN TUNTUNGAN","SIMPANG SELAYANG","LINGKUNGAN 10","","","Q. Jasa Kesehatan dan Kegiatan Sosial","Gmaps"],
    ["35018","Panti Asuhan Hidup Bunga Mulia","Gg. Mawar Vii No.7","prelist","MEDAN TUNTUNGAN","SIMPANG SELAYANG","LINGKUNGAN 17","","","Q. Jasa Kesehatan dan Kegiatan Sosial","Gmaps"],
    ["35019","Yayasan Benih Kebaikan Bangsa Indonesia","Jl. Bunga Lau No.27","prelist","MEDAN TUNTUNGAN","KEMENANGAN TANI","LINGKUNGAN 3","","","Q. Jasa Kesehatan dan Kegiatan Sosial","Gmaps"],
    ["35020","Yayasan Panti Asuhan Karya Putra Tunggal Anak Indonesia","Jl. Rinte Raya No.1 B","prelist","MEDAN TUNTUNGAN","SIMPANG SELAYANG","LINGKUNGAN 13","","","Q. Jasa Kesehatan dan Kegiatan Sosial","Gmaps"],
    ["35021","Panti Asuhan Simpang Tiga","Jl. Anggrek Ii No.19","prelist","MEDAN TUNTUNGAN","SIMPANG SELAYANG","LINGKUNGAN 9","","","Q. Jasa Kesehatan dan Kegiatan Sosial","Gmaps"],
    ["35022","Panti Asuhan Elida","Jl. Flamboyan Iv A","prelist","MEDAN TUNTUNGAN","TANJUNG SELAMAT","LINGKUNGAN 8","","","Q. Jasa Kesehatan dan Kegiatan Sosial","Gmaps"],
    ["35023","Panti asuhan samaeri anak bangsa","Jl. Pacar No.15","prelist","MEDAN TUNTUNGAN","NAMO GAJAH","LINGKUNGAN 2","","0812-8313-3101","Q. Jasa Kesehatan dan Kegiatan Sosial","Gmaps"],
    ["35024","Panti Asuhan Anak Liora Terang","Jl. Tembakau Raya","prelist","MEDAN TUNTUNGAN","MANGGA","LINGKUNGAN 24","","","Q. Jasa Kesehatan dan Kegiatan Sosial","Gmaps"],
    ["35025","PANTI ASUHAN CAHAYA KARYA SEJATI SUMATRA UTARA","Jl. Rinte 2","prelist","MEDAN TUNTUNGAN","SIMPANG SELAYANG","LINGKUNGAN 13","","","Q. Jasa Kesehatan dan Kegiatan Sosial","Gmaps"],
    ["35026","Rumah Perlindungan Sosial Kota Medan","Jl. Bunga Turi Ii","prelist","MEDAN TUNTUNGAN","SIDOMULYO","LINGKUNGAN 4","","","Q. Jasa Kesehatan dan Kegiatan Sosial","Gmaps"],
    ["35027","Tambal Ban Tambal Velg","Simpang Selayang, Kec. Medan Tuntungan, Kota Medan, Sumatera Utara 20135","prelist","MEDAN TUNTUNGAN","SIMPANG SELAYANG","LINGKUNGAN 2","","8526497","Q. Jasa Kesehatan dan Kegiatan Sosial","Gmaps"],
    ["35028","Panti Asuhan Anak Gembira","Jl. Tembakau Raya No.83","prelist","MEDAN TUNTUNGAN","MANGGA","LINGKUNGAN 18","","0812-6040-3002","Q. Jasa Kesehatan dan Kegiatan Sosial","Gmaps"],
    ["35029","Panti Asuhan Gratia Children","Jl. Bawang Raya No.27-29","prelist","MEDAN TUNTUNGAN","MANGGA","LINGKUNGAN 15","","0813-7691-1000","Q. Jasa Kesehatan dan Kegiatan Sosial","Gmaps"],
    ["35030","Panti Asuhan Nota Kehidupan","Jl. Bunga Malem","prelist","MEDAN TUNTUNGAN","LAU CIH","LINGKUNGAN 3","","0823-6520-7986","Q. Jasa Kesehatan dan Kegiatan Sosial","Gmaps"],
    ["35031","Panti Asuhan Harapan Amaris Indonesia","Jl. Stella Raya No.134","prelist","MEDAN TUNTUNGAN","SIMPANG SELAYANG","LINGKUNGAN 10","","","Q. Jasa Kesehatan dan Kegiatan Sosial","Gmaps"],
    ["35032","Taman damai","Jl. Setia Budi No.Ujung","prelist","MEDAN TUNTUNGAN","SIMPANG SELAYANG","LINGKUNGAN 17","","","R. Kesenian, Hiburan dan Rekreasi","Gmaps"],
    ["35033","WG Corner","Jl. Kopra 3","prelist","MEDAN TUNTUNGAN","MANGGA","LINGKUNGAN 19","","","R. Kesenian, Hiburan dan Rekreasi","Gmaps"],
    ["35034","Graha Maria Annai Velangkanni","Jl. Taman Sakura Indah Jl. Sakura Iii No.7-10","prelist","MEDAN TUNTUNGAN","TANJUNG SELAMAT","LINGKUNGAN 1","","","R. Kesenian, Hiburan dan Rekreasi","Gmaps"],
    ["35035","Medan Glowfest","Clubhouse Royal Sumatera, Mangga, Medan Tuntungan, Medan City, North Sumatra","prelist","MEDAN TUNTUNGAN","MANGGA","LINGKUNGAN 5","","","R. Kesenian, Hiburan dan Rekreasi","Gmaps"],
    ["35036","Kebun Siborubasopaet-Rumahela","Jl. Simalingkar Raya","prelist","MEDAN TUNTUNGAN","SIMALINGKAR B","LINGKUNGAN 1","","","R. Kesenian, Hiburan dan Rekreasi","Gmaps"],
    ["35037","Lapangan Medan Permai","Jl. Serimpi Raya","prelist","MEDAN TUNTUNGAN","NAMO GAJAH","LINGKUNGAN 1","","","R. Kesenian, Hiburan dan Rekreasi","Gmaps"],
    ["35038","LABU, LAdang BUlang","Gg. Bulang","prelist","MEDAN TUNTUNGAN","SIMALINGKAR B","LINGKUNGAN 4","","","R. Kesenian, Hiburan dan Rekreasi","Gmaps"],
    ["35039","Tugu hias sp tuntungan","Jl. Sp Tuntungan","prelist","MEDAN TUNTUNGAN","LADANG BAMBU","LINGKUNGAN 1","","","R. Kesenian, Hiburan dan Rekreasi","Gmaps"],
    ["35040","Alm. MUSA SEMBIRING KELOKO","Simpang Selayang, Kec. Medan Tuntungan, Kota Medan, Sumatera Utara 20135","prelist","MEDAN TUNTUNGAN","SIMPANG SELAYANG","LINGKUNGAN 2","","","R. Kesenian, Hiburan dan Rekreasi","Gmaps"],
    ["35041","Taman Perumahan Villa Setia Budi Flamboyan","Tj. Selamat, Kec. Medan Tuntungan, Kota Medan, Sumatera Utara 20135","prelist","MEDAN TUNTUNGAN","TANJUNG SELAMAT","LINGKUNGAN 6","","","R. Kesenian, Hiburan dan Rekreasi","Gmaps"],
    ["35042","Taman Segitiga Sp. Selayang","Jl. Setia Budi","prelist","MEDAN TUNTUNGAN","SIMPANG SELAYANG","LINGKUNGAN 2","","","R. Kesenian, Hiburan dan Rekreasi","Gmaps"],
    ["35043","Island - Kenanga garden","Jl. Bunga Lau","prelist","MEDAN TUNTUNGAN","KEMENANGAN TANI","LINGKUNGAN 3","","","R. Kesenian, Hiburan dan Rekreasi","Gmaps"],
    ["35044","MANGOMO GARDEN","Jl. Setia Budi No.Ujung","prelist","MEDAN TUNTUNGAN","SIMPANG SELAYANG","LINGKUNGAN 9","","","R. Kesenian, Hiburan dan Rekreasi","Gmaps"],
    ["35045","N7 Coffee Corner","Jl. Nusa Indah Vii","prelist","MEDAN TUNTUNGAN","SIMPANG SELAYANG","LINGKUNGAN 9","","","R. Kesenian, Hiburan dan Rekreasi","Gmaps"],
    ["35046","Kelapa Nusantara Cafe & Swimming Pool","Jl. Flamboyan Raya No.118","prelist","MEDAN TUNTUNGAN","TANJUNG SELAMAT","LINGKUNGAN 3","","","R. Kesenian, Hiburan dan Rekreasi","Gmaps"],
    ["35047","Papi Cafe & Garden","Jl. Sakura 1 No.19","prelist","MEDAN TUNTUNGAN","TANJUNG SELAMAT","LINGKUNGAN 1","","","R. Kesenian, Hiburan dan Rekreasi","Gmaps"],
    ["35048","AS Serasi Fitness Center","Jl. Jamin Ginting No.161","prelist","MEDAN TUNTUNGAN","MANGGA","LINGKUNGAN 3","","0813-7580-1720","R. Kesenian, Hiburan dan Rekreasi","Gmaps"],
    ["35049","Sanggar senam BERKAT","Jl. Stella Raya","prelist","MEDAN TUNTUNGAN","SIMPANG SELAYANG","LINGKUNGAN 11","","","R. Kesenian, Hiburan dan Rekreasi","Gmaps"],
    ["35050","Dojo Banteng Putih","Jl. Irigasi Iii","prelist","MEDAN TUNTUNGAN","MANGGA","LINGKUNGAN 2","","0821-6464-9500","R. Kesenian, Hiburan dan Rekreasi","Gmaps"],
    ["35051","Kolam renang villa zeqita","Lau Cih, Kec. Medan Tuntungan, Kota Medan, Sumatera Utara 20137","prelist","MEDAN TUNTUNGAN","LAU CIH","LINGKUNGAN 1","","","R. Kesenian, Hiburan dan Rekreasi","Gmaps"],
    ["35052","Water park","Namo Bintang, Kec. Pancur Batu, Kota Medan, Sumatera Utara 20137","prelist","MEDAN TUNTUNGAN","SIDOMULYO","LINGKUNGAN 1","","","R. Kesenian, Hiburan dan Rekreasi","Gmaps"],
    ["35053","EMERALD# One Swimming Pool","Perumahan Wesley Residence","prelist","MEDAN TUNTUNGAN","SIDOMULYO","LINGKUNGAN 1","","","R. Kesenian, Hiburan dan Rekreasi","Gmaps"],
    ["35054","Pondok Rambutan","Jl. Kasmala No.148","prelist","MEDAN TUNTUNGAN","SIMPANG SELAYANG","LINGKUNGAN 16","","","R. Kesenian, Hiburan dan Rekreasi","Gmaps"],
    ["35055","POHON KUINI ANGKER","Jl. Kopi 7","prelist","MEDAN TUNTUNGAN","MANGGA","LINGKUNGAN 6","","","R. Kesenian, Hiburan dan Rekreasi","Gmaps"],
    ["35056","Bara's","Jl. Stella Raya No.10A","prelist","MEDAN TUNTUNGAN","SIMPANG SELAYANG","LINGKUNGAN 16","","","R. Kesenian, Hiburan dan Rekreasi","Gmaps"],
    ["35057","Rajasyah Outbond & Edu Center","Jl. Bunga Pariama I","prelist","MEDAN TUNTUNGAN","NAMO GAJAH","LINGKUNGAN 3","","","R. Kesenian, Hiburan dan Rekreasi","Gmaps"],
    ["35058","DC Farm","Jl. Flamboyan Baru","prelist","MEDAN TUNTUNGAN","TANJUNG SELAMAT","LINGKUNGAN 2","","","R. Kesenian, Hiburan dan Rekreasi","Gmaps"],
    ["35059","Kolam pancing naga","Mangga, Kec. Medan Tuntungan, Kota Medan, Sumatera Utara 20135","prelist","MEDAN TUNTUNGAN","MANGGA","LINGKUNGAN 4","","","R. Kesenian, Hiburan dan Rekreasi","Gmaps"],
    ["35060","Ladang Pinem Family","Kemenangan Tani, Kec. Medan Tuntungan, Kota Medan, Sumatera Utara","prelist","MEDAN TUNTUNGAN","KEMENANGAN TANI","LINGKUNGAN 3","","","R. Kesenian, Hiburan dan Rekreasi","Gmaps"],
    ["35061","Kolam Renang","Jl. Stella Raya No.5 Blok I","prelist","MEDAN TUNTUNGAN","SIMPANG SELAYANG","LINGKUNGAN 13","","","R. Kesenian, Hiburan dan Rekreasi","Gmaps"],
    ["35062","Ladang rawa","Jl. Coklat 12","prelist","MEDAN TUNTUNGAN","MANGGA","LINGKUNGAN 24","","","R. Kesenian, Hiburan dan Rekreasi","Gmaps"],
    ["35063","KR5 Laundry and Dry clean","Jalan Kopi Xll","prelist","MEDAN TUNTUNGAN","MANGGA","LINGKUNGAN 6","","","S. Aktivitas Jasa Lainnya","Gmaps"],
    ["35064","Simalem LAUNDRY SMK Pencawan Medan","Jl. Bunga Ncole Raya No.50","prelist","MEDAN TUNTUNGAN","KEMENANGAN TANI","LINGKUNGAN 2","","","S. Aktivitas Jasa Lainnya","Gmaps"],
    ["35065","cK Laundry Express","Jl. Jamin Ginting Simpang No.113 A","prelist","MEDAN TUNTUNGAN","MANGGA","LINGKUNGAN 3","","","S. Aktivitas Jasa Lainnya","Gmaps"],
    ["35066","Darman Laundry","Villa Setia Budi Flamboyan Jl. Flamboyan Raya Blok Q26, Tanjung Selamat, Medan Tuntungan, Medan City, North Sumatra 20134","prelist","MEDAN TUNTUNGAN","TANJUNG SELAMAT","LINGKUNGAN 6","","","S. Aktivitas Jasa Lainnya","Gmaps"],
    ["35067","GM Barbershop","Tj. Selamat, Kec. Medan Tuntungan, Kota Medan, Sumatera Utara 20351","prelist","MEDAN TUNTUNGAN","TANJUNG SELAMAT","LINGKUNGAN 2","","","I. Penyediaan Akomodasi dan Makan Minum","Gmaps"],
    ["35068","A2 Barbershop","Jl. Flamboyan Raya No.53","prelist","MEDAN TUNTUNGAN","TANJUNG SELAMAT","LINGKUNGAN 7","","","I. Penyediaan Akomodasi dan Makan Minum","Gmaps"],
    ["35069","La-Monche Salon","Jl. Tembakau Raya No.148","prelist","MEDAN TUNTUNGAN","MANGGA","LINGKUNGAN 15","","","S. Aktivitas Jasa Lainnya","Gmaps"],
    ["35070","David Ginting","Simpang Selayang, Kec. Medan Tuntungan, Kota Medan, Sumatera Utara 20136","prelist","MEDAN TUNTUNGAN","SIMPANG SELAYANG","LINGKUNGAN 17","","","R. Kesenian, Hiburan dan Rekreasi","Gmaps"],
    ["35071","Riani Henna & Shop","Gg. Bunga Rimta Ii No.37","prelist","MEDAN TUNTUNGAN","SIMPANG SELAYANG","LINGKUNGAN 2","","","R. Kesenian, Hiburan dan Rekreasi","Gmaps"],
    ["35072","FatBoy Tattoo & wall painting(mural)","Jl. Cengkeh 12 No.13","prelist","MEDAN TUNTUNGAN","MANGGA","LINGKUNGAN 12","","","R. Kesenian, Hiburan dan Rekreasi","Gmaps"],
    ["35073","Gallery Ulos Bagasnitorang Medan","Royal Sumatera, Mangga, Kec. Medan Tuntungan, Kota Medan, Sumatera Utara 20141","prelist","MEDAN TUNTUNGAN","MANGGA","LINGKUNGAN 5","","0813-7041-1433","R. Kesenian, Hiburan dan Rekreasi","Gmaps"],
    ["35074","Monograft Gallery","Unnamed Road, Simpang Selayang, Kec. Medan Tuntungan, Kota Medan, Sumatera Utara 20135","prelist","MEDAN TUNTUNGAN","SIMPANG SELAYANG","LINGKUNGAN 14","","","R. Kesenian, Hiburan dan Rekreasi","Gmaps"],
    ["35075","Rumah Seni Sedalanen","Jl. Bunga Kardiol No.86B","prelist","MEDAN TUNTUNGAN","LADANG BAMBU","LINGKUNGAN 3","","","R. Kesenian, Hiburan dan Rekreasi","Gmaps"],
    ["35076","Rumah Runggu","Gg. Harahap","prelist","MEDAN TUNTUNGAN","TANJUNG SELAMAT","LINGKUNGAN 3","","","R. Kesenian, Hiburan dan Rekreasi","Gmaps"],
    ["35077","MS GYM & FITNESS CENTER","Jl. Tembakau Raya No.Raya #95","prelist","MEDAN TUNTUNGAN","MANGGA","LINGKUNGAN 18","","","R. Kesenian, Hiburan dan Rekreasi","Gmaps"],
    ["35078","Klins Coin Laundry","Jl Jamin Ginting. 19A, Pokok Mangga, Simpang Selayang, Kec. Medan Tuntungan, Kota Medan, Sumatera Utara 20135","prelist","MEDAN TUNTUNGAN","SIMPANG SELAYANG","LINGKUNGAN 5","","","S. Aktivitas Jasa Lainnya","Gmaps"],
    ["35079","Queen Laundry - Setia Budi Makmur Village - Stella Raya","Jl. Stella Raya Jl. Setia Budi","prelist","MEDAN TUNTUNGAN","SIMPANG SELAYANG","LINGKUNGAN 16","","","S. Aktivitas Jasa Lainnya","Gmaps"],
    ["35080","Jack Laundry","Jl. Mekar Jaya No.32B","prelist","MEDAN TUNTUNGAN","MANGGA","LINGKUNGAN 2","","0812-6443-3034","S. Aktivitas Jasa Lainnya","Gmaps"],
    ["35081","Wizz laundry","Jl. Flamboyan I","prelist","MEDAN TUNTUNGAN","TANJUNG SELAMAT","LINGKUNGAN 6","","","S. Aktivitas Jasa Lainnya","Gmaps"],
    ["35082","Baim Laundry Wet Clean and Dry Clean","Jalan Bunga Kardiol Simpang","prelist","MEDAN TUNTUNGAN","LADANG BAMBU","LINGKUNGAN 1","","","S. Aktivitas Jasa Lainnya","Gmaps"],
    ["35083","Sahabat Laundry","Jl. Lizadri Putra","prelist","MEDAN TUNTUNGAN","SIMPANG SELAYANG","LINGKUNGAN 16","","","S. Aktivitas Jasa Lainnya","Gmaps"],
    ["35084","Kanna Laundry","Jl. Flamboyan Raya No.43","prelist","MEDAN TUNTUNGAN","TANJUNG SELAMAT","LINGKUNGAN 5","","","S. Aktivitas Jasa Lainnya","Gmaps"],
    ["35085","Family Laundry","Komplek Griya Asam Kumbang Blok A No.46","prelist","MEDAN TUNTUNGAN","TANJUNG SELAMAT","LINGKUNGAN 1","","","S. Aktivitas Jasa Lainnya","Gmaps"],
    ["35086","GG Laundry & Dry Clean","Jl. Setia Budi","prelist","MEDAN TUNTUNGAN","SIMPANG SELAYANG","LINGKUNGAN 16","","","S. Aktivitas Jasa Lainnya","Gmaps"],
    ["35087","Mama Clean laundry & Dry Clean","Jl. Stella Raya","prelist","MEDAN TUNTUNGAN","SIMPANG SELAYANG","LINGKUNGAN 16","","(061) 8361354","S. Aktivitas Jasa Lainnya","Gmaps"],
    ["35088","Alkend Laundry","Jl. Flamboyan I","prelist","MEDAN TUNTUNGAN","TANJUNG SELAMAT","LINGKUNGAN 6","","","S. Aktivitas Jasa Lainnya","Gmaps"],
    ["35089","UPkeep laundry sepatu","Komplek Garden Vista","prelist","MEDAN TUNTUNGAN","KEMENANGAN TANI","LINGKUNGAN 3","","","S. Aktivitas Jasa Lainnya","Gmaps"],
    ["35090","Flora Laundry Medan","Jl. Flamboyan Raya No.23","prelist","MEDAN TUNTUNGAN","TANJUNG SELAMAT","LINGKUNGAN 2","","","S. Aktivitas Jasa Lainnya","Gmaps"],
    ["35091","Echie Laundry","Jalan Jamin Ginting Km 9.3 No.113","prelist","MEDAN TUNTUNGAN","MANGGA","LINGKUNGAN 3","","","S. Aktivitas Jasa Lainnya","Gmaps"],
    ["35092","Laundry shop medan","Jl. Karet Raya No.103","prelist","MEDAN TUNTUNGAN","MANGGA","LINGKUNGAN 24","","","S. Aktivitas Jasa Lainnya","Gmaps"],
    ["35093","PERSADA CARWASH","Jl. Jamin Ginting No.Km 14 5","prelist","MEDAN TUNTUNGAN","LADANG BAMBU","LINGKUNGAN 1","","","S. Aktivitas Jasa Lainnya","Gmaps"],
    ["35094","S. Tarigan","Jl. Jamin Ginting","prelist","MEDAN TUNTUNGAN","MANGGA","LINGKUNGAN 1","","0821-2330-5588","S. Aktivitas Jasa Lainnya","Gmaps"],
    ["35095","Reba Laundry","Gg. Mawar 3 No.4","prelist","MEDAN TUNTUNGAN","SIMPANG SELAYANG","LINGKUNGAN 1","","","S. Aktivitas Jasa Lainnya","Gmaps"],
    ["35096","CORAH LAUNDRY","Jl. Bunga Pancur Ix","prelist","MEDAN TUNTUNGAN","SIMPANG SELAYANG","LINGKUNGAN 4","","","S. Aktivitas Jasa Lainnya","Gmaps"],
    ["35097","Tasya Laundry & Home Service","Komplek Puri Zahara 2","prelist","MEDAN TUNTUNGAN","SIMPANG SELAYANG","LINGKUNGAN 11","","","S. Aktivitas Jasa Lainnya","Gmaps"],
    ["35098","Prima laundry","Jalan Setia Budi No.Ujung","prelist","MEDAN TUNTUNGAN","TANJUNG SELAMAT","LINGKUNGAN 2","","","S. Aktivitas Jasa Lainnya","Gmaps"],
    ["35099","Agasi Laundry Laucih Medan","Jl. Jamin Ginting No.32-A","prelist","MEDAN TUNTUNGAN","LAU CIH","LINGKUNGAN 1","","0822-8476-9117","S. Aktivitas Jasa Lainnya","Gmaps"],
    ["35100","Wazz88 laundry & dry clean","Jl. Stella Raya","prelist","MEDAN TUNTUNGAN","SIMPANG SELAYANG","LINGKUNGAN 13","","","S. Aktivitas Jasa Lainnya","Gmaps"],
    ["35101","Laundry dry & clean","Jl. Jamin Ginting No.96","prelist","MEDAN TUNTUNGAN","MANGGA","LINGKUNGAN 2","","0821-6101-3480","S. Aktivitas Jasa Lainnya","Gmaps"],
    ["35102","Naza","Jl. Bunga Ncole Raya No.7","prelist","MEDAN TUNTUNGAN","KEMENANGAN TANI","LINGKUNGAN 2","","0813-7598-9412","S. Aktivitas Jasa Lainnya","Gmaps"],
    ["35103","Wellrise laundry","Jl. Jamin Ginting","prelist","MEDAN TUNTUNGAN","MANGGA","LINGKUNGAN 3","","0895-0829-9869","S. Aktivitas Jasa Lainnya","Gmaps"],
    ["35104","Azka_laundry","Simpang Selayang, Kec. Medan Tuntungan, Kota Medan, Sumatera Utara 20135","prelist","MEDAN TUNTUNGAN","SIMPANG SELAYANG","LINGKUNGAN 15","","0823-6668-9340","S. Aktivitas Jasa Lainnya","Gmaps"],
    ["35105","Sefry Laundry Coin","Jl. Tali Air No.1","prelist","MEDAN TUNTUNGAN","MANGGA","LINGKUNGAN 4","","","S. Aktivitas Jasa Lainnya","Gmaps"],
    ["35106","Good Clean Laundry","Jl. Flamboyan Raya No.52B","prelist","MEDAN TUNTUNGAN","TANJUNG SELAMAT","LINGKUNGAN 4","","","S. Aktivitas Jasa Lainnya","Gmaps"],
    ["35107","Q'Ex Laundry Coin & Shoes n Bag Treatment","Jl. Jahe Raya Perumnas No.30","prelist","MEDAN TUNTUNGAN","MANGGA","LINGKUNGAN 14","","","S. Aktivitas Jasa Lainnya","Gmaps"],
    ["35108","MELYA LAUNDRY & DRY CLEAN","Jl. Setia Budi No.12","prelist","MEDAN TUNTUNGAN","SIMPANG SELAYANG","LINGKUNGAN 16","","","S. Aktivitas Jasa Lainnya","Gmaps"],
    ["35109","Olakisat Doorsmeer Medan","Jl.Jamin Ginting Km.10","prelist","MEDAN TUNTUNGAN","SIMPANG SELAYANG","LINGKUNGAN 5","","","S. Aktivitas Jasa Lainnya","Gmaps"],
    ["35110","Nangin Cuci Motor","Jl. Pales Raya No.35","prelist","MEDAN TUNTUNGAN","SIMPANG SELAYANG","LINGKUNGAN 5","","","S. Aktivitas Jasa Lainnya","Gmaps"],
    ["35111","Cuci Motor Tanpa Sentuh TSJ GT Wash by GRASS","Jl. Flamboyan Vi No.2","prelist","MEDAN TUNTUNGAN","TANJUNG SELAMAT","LINGKUNGAN 7","","","S. Aktivitas Jasa Lainnya","Gmaps"],
    ["35112","Nauli Doorsmer","Jl. Jamin Ginting","prelist","MEDAN TUNTUNGAN","LAU CIH","LINGKUNGAN 2","","","S. Aktivitas Jasa Lainnya","Gmaps"],
    ["35113","Deep Clean Doorsmeer","Tj. Selamat, Kec. Medan Tuntungan, Kota Medan, Sumatera Utara 20135","prelist","MEDAN TUNTUNGAN","TANJUNG SELAMAT","LINGKUNGAN 6","","0823-6619-4549","S. Aktivitas Jasa Lainnya","Gmaps"],
    ["35114","GM DoorSmeer Car Wash","Jl. Bunga Rinte No.1A","prelist","MEDAN TUNTUNGAN","SIMPANG SELAYANG","LINGKUNGAN 17","","","S. Aktivitas Jasa Lainnya","Gmaps"],
    ["35115","64es Doorsmeer","Jl. Bunga Rinte","prelist","MEDAN TUNTUNGAN","SIMPANG SELAYANG","LINGKUNGAN 13","","0812-7073-4043","S. Aktivitas Jasa Lainnya","Gmaps"],
    ["35116","Dorsemer Setia Kawan","Jl. Bunga Lau","prelist","MEDAN TUNTUNGAN","KEMENANGAN TANI","LINGKUNGAN 3","","","S. Aktivitas Jasa Lainnya","Gmaps"],
    ["35117","Tarigan Doorsmeer","Jl. Jamin Ginting","prelist","MEDAN TUNTUNGAN","MANGGA","LINGKUNGAN 2","","","S. Aktivitas Jasa Lainnya","Gmaps"],
    ["35118","Milala","Jl. Karet Raya","prelist","MEDAN TUNTUNGAN","MANGGA","LINGKUNGAN 7","","(061) 76782341","S. Aktivitas Jasa Lainnya","Gmaps"],
    ["35119","Arodeva car wash","Jl. Setia Budi No.Ujung","prelist","MEDAN TUNTUNGAN","SIMPANG SELAYANG","LINGKUNGAN 9","","","S. Aktivitas Jasa Lainnya","Gmaps"],
    ["35120","Doorsmeer Bukit Permai","Simpang Selayang, Kec. Medan Tuntungan, Kota Medan, Sumatera Utara 20135","prelist","MEDAN TUNTUNGAN","SIMPANG SELAYANG","LINGKUNGAN 16","","","S. Aktivitas Jasa Lainnya","Gmaps"],
    ["35121","BCL Beringin Carwash & Laundry","Jl. Setia Budi Ujung No.15C","prelist","MEDAN TUNTUNGAN","SIMPANG SELAYANG","LINGKUNGAN 16","","","S. Aktivitas Jasa Lainnya","Gmaps"],
    ["35122","Urban Carwash","Jl. Jamin Ginting No.8 Km 8","prelist","MEDAN TUNTUNGAN","MANGGA","LINGKUNGAN 1","","","S. Aktivitas Jasa Lainnya","Gmaps"],
    ["35123","HR.carwash","Jl. Flamboyan Raya No.34","prelist","MEDAN TUNTUNGAN","TANJUNG SELAMAT","LINGKUNGAN 6","","","S. Aktivitas Jasa Lainnya","Gmaps"],
    ["35124","Eko electronic","Jl. Kapiten Purba No.7","prelist","MEDAN TUNTUNGAN","MANGGA","LINGKUNGAN 7","","","S. Aktivitas Jasa Lainnya","Gmaps"],
    ["35125","KSHarka Teknik","Jl. Pales 1B","prelist","MEDAN TUNTUNGAN","SIMPANG SELAYANG","LINGKUNGAN 5","","0813-6341-1701","S. Aktivitas Jasa Lainnya","Gmaps"],
    ["35126","Harapan Jaya Teknik","Jl. Kapas 2","prelist","MEDAN TUNTUNGAN","MANGGA","LINGKUNGAN 18","","0812-6155-0546","S. Aktivitas Jasa Lainnya","Gmaps"],
    ["35127","Anugrah servis elektronik","Jl. Setia Budi No.Ujung","prelist","MEDAN TUNTUNGAN","SIMPANG SELAYANG","LINGKUNGAN 16","","","S. Aktivitas Jasa Lainnya","Gmaps"],
    ["35128","Jaya Service Jual Tv Second","Jl. Jamin Ginting No No.124","prelist","MEDAN TUNTUNGAN","MANGGA","LINGKUNGAN 2","","","S. Aktivitas Jasa Lainnya","Gmaps"],
    ["35129","Champion servis elektronik","Jl. Flamboyan Raya","prelist","MEDAN TUNTUNGAN","TANJUNG SELAMAT","LINGKUNGAN 9","","","S. Aktivitas Jasa Lainnya","Gmaps"],
    ["35130","Ekatron Kurnia Brahmana","Simpang Selayang, Kec. Medan Tuntungan, Kota Medan, Sumatera Utara 20136","prelist","MEDAN TUNTUNGAN","SIMPANG SELAYANG","LINGKUNGAN 1","","0812-6025-465","S. Aktivitas Jasa Lainnya","Gmaps"],
    ["35131","SERAYA TEKNIK","Jl. Jamin Ginting","prelist","MEDAN TUNTUNGAN","MANGGA","LINGKUNGAN 3","","","S. Aktivitas Jasa Lainnya","Gmaps"],
    ["35132","SEANJAYA AUDIO Servis Elektronik","Jl. Flamboyan Vi No.30 Blok 2","prelist","MEDAN TUNTUNGAN","TANJUNG SELAMAT","LINGKUNGAN 7","","","S. Aktivitas Jasa Lainnya","Gmaps"],
    ["35133","Karya Mega Teknik","Jl. Flamboyan Raya No.48 B","prelist","MEDAN TUNTUNGAN","TANJUNG SELAMAT","LINGKUNGAN 2","","","S. Aktivitas Jasa Lainnya","Gmaps"],
    ["35134","SS Service Elektronik","Jl. Bekala Asri No.22","prelist","MEDAN TUNTUNGAN","MANGGA","LINGKUNGAN 3","","0819-9224-8824","S. Aktivitas Jasa Lainnya","Gmaps"],
    ["35135","Doorsmeer Salam Jaya","Tj. Selamat, Kec. Medan Tuntungan, Kota Medan, Sumatera Utara 20135","prelist","MEDAN TUNTUNGAN","TANJUNG SELAMAT","LINGKUNGAN 5","","","S. Aktivitas Jasa Lainnya","Gmaps"],
    ["35136","Threewash Doorsmer Motor","Jl. Seroja Raya No.8","prelist","MEDAN TUNTUNGAN","TANJUNG SELAMAT","LINGKUNGAN 7","","","S. Aktivitas Jasa Lainnya","Gmaps"],
    ["35137","Cemana doorsmer","Jl. Jamin Ginting","prelist","MEDAN TUNTUNGAN","MANGGA","LINGKUNGAN 3","","","S. Aktivitas Jasa Lainnya","Gmaps"],
    ["35138","Cuci Sepedamotor","Jl. Karet Raya No.45","prelist","MEDAN TUNTUNGAN","MANGGA","LINGKUNGAN 7","","","S. Aktivitas Jasa Lainnya","Gmaps"],
    ["35139","Cucian Motor","Jl. Bunga Sakura","prelist","MEDAN TUNTUNGAN","TANJUNG SELAMAT","LINGKUNGAN 4","","","S. Aktivitas Jasa Lainnya","Gmaps"],
    ["35140","TC Gallery","Jl. Sawit 2 No.18","prelist","MEDAN TUNTUNGAN","MANGGA","LINGKUNGAN 8","","","S. Aktivitas Jasa Lainnya","Gmaps"],
    ["35141","AMANAH Pesta","Jalan Kebun Binatang 88","prelist","MEDAN TUNTUNGAN","SIMALINGKAR B","LINGKUNGAN 1","","","S. Aktivitas Jasa Lainnya","Gmaps"],
    ["35142","Rhansya Lanscape","Jl. Stella Raya No.H 6","prelist","MEDAN TUNTUNGAN","SIMPANG SELAYANG","LINGKUNGAN 13","","","S. Aktivitas Jasa Lainnya","Gmaps"],
    ["35143","Jasa pengecatan rumah","Jl. Seroja V","prelist","MEDAN TUNTUNGAN","TANJUNG SELAMAT","LINGKUNGAN 8","","0823-7091-8698","S. Aktivitas Jasa Lainnya","Gmaps"],
    ["35144","TasyaLaundry","Jl. Tembakau Raya No.128 P","prelist","MEDAN TUNTUNGAN","MANGGA","LINGKUNGAN 15","","0822-8503-2245","S. Aktivitas Jasa Lainnya","Gmaps"],
    ["35145","PT. KARYA BUNDA JAYA","Jl. Flamboyan 1/3 No","prelist","MEDAN TUNTUNGAN","TANJUNG SELAMAT","LINGKUNGAN 6","","","T. Jasa Perorangan yang Melayani Rumah Tangga","Gmaps"],
    ["35146","SERVICE HP MURAH","Namu Gajah, Kec. Medan Tuntungan, Kota Medan, Sumatera Utara","prelist","MEDAN TUNTUNGAN","NAMO GAJAH","LINGKUNGAN 2","","","J. Informasi dan Komunikasi","Gmaps"],
    ["35147","SERVICE AC vandri","Jl. Bunga Rampe Raya Gg Sehati No.7","prelist","MEDAN TUNTUNGAN","SIMALINGKAR B","LINGKUNGAN 1","","0813-9667-5182","D. Pengadaan Listrik, Gas, Uap/Air Panas, dan Udara Dingin","Gmaps"],
    ["35148","Juna adi karya( melayani sevice Ac, perbaikan listrik dll.)","Baru Ladang Bambu, Kec. Medan Tuntungan, Kota Medan, Sumatera Utara 20138","prelist","MEDAN TUNTUNGAN","LADANG BAMBU","LINGKUNGAN 3","","","D. Pengadaan Listrik, Gas, Uap/Air Panas, dan Udara Dingin","Gmaps"],
    ["35149","SERVICE AC,KULKAS","Jl. Kapten Rahmad Buddin No.157 Blok I","prelist","MEDAN TUNTUNGAN","NAMO GAJAH","LINGKUNGAN 2","","0812-6438-841","D. Pengadaan Listrik, Gas, Uap/Air Panas, dan Udara Dingin","Gmaps"],
    ["35150","IG service ac","Jl. Coklat 2","prelist","MEDAN TUNTUNGAN","MANGGA","LINGKUNGAN 9","","0852-7057-4320","D. Pengadaan Listrik, Gas, Uap/Air Panas, dan Udara Dingin","Gmaps"],
    ["35151","DOORSMEER SAHABAT","Jl. Flamboyan Raya No.31C","prelist","MEDAN TUNTUNGAN","TANJUNG SELAMAT","LINGKUNGAN 8","","0813-7099-7842","S. Aktivitas Jasa Lainnya","Gmaps"],
    ["35152","Rumah sevice","Jl. Karet 17 No.2","prelist","MEDAN TUNTUNGAN","MANGGA","LINGKUNGAN 9","","","S. Aktivitas Jasa Lainnya","Gmaps"],
    ["35153","WORKSHOP D'BOSC SERVICE","Jl. Flamboyan Raya","prelist","MEDAN TUNTUNGAN","TANJUNG SELAMAT","LINGKUNGAN 3","","","S. Aktivitas Jasa Lainnya","Gmaps"],
    ["35154","HARSEL SERVICE / JUAL BELI ELEKTRONIK DAN GAS","Jl. Kapiten Purba No.3C","prelist","MEDAN TUNTUNGAN","MANGGA","LINGKUNGAN 4","","","S. Aktivitas Jasa Lainnya","Gmaps"],
    ["35155","Rumah","Jl. Irigasi No.45","prelist","MEDAN TUNTUNGAN","MANGGA","LINGKUNGAN 5","","","P. Pendidikan","Gmaps"],
    ["35156","Oryza Sativa School & Daycare / Penitipan Anak Oryza Sativa","Perumahan Sejahtera Indah Ii Blok M No. 14","prelist","MEDAN TUNTUNGAN","SIMPANG SELAYANG","LINGKUNGAN 7","","","P. Pendidikan","Gmaps"],
    ["35157","HERMES KIDS","Jl. Bunga Lau No.15","prelist","MEDAN TUNTUNGAN","KEMENANGAN TANI","LINGKUNGAN 3","","","P. Pendidikan","Gmaps"],
    ["35158","Playgroup Bethany Medan","Jl. Kapiten Purba No.1","prelist","MEDAN TUNTUNGAN","MANGGA","LINGKUNGAN 4","","","P. Pendidikan","Gmaps"],
    ["35159","Pusat Prakerin SMK Jurusan TKJ","Komplek Puri Zahara 2 Blok M.6","prelist","MEDAN TUNTUNGAN","SIMPANG SELAYANG","LINGKUNGAN 11","","","P. Pendidikan","Gmaps"],
    ["35160","Tempat ojt jurusan tkj","Kompleks Puri Zahara 2 B F2 Jl B","prelist","MEDAN TUNTUNGAN","SIMPANG SELAYANG","LINGKUNGAN 11","","","P. Pendidikan","Gmaps"],
    ["35161","Pusat PKL Jurusan Animasi","Komplek","prelist","MEDAN TUNTUNGAN","SIMPANG SELAYANG","LINGKUNGAN 11","","0858-3424-9498","P. Pendidikan","Gmaps"],
    ["35162","Jasa desain vidio undangan pernikahan | SAE DIGITAL AKADEMI","Jl. Bunga Rinte","prelist","MEDAN TUNTUNGAN","SIMPANG SELAYANG","LINGKUNGAN 11","","0831-5539-2429","P. Pendidikan","Gmaps"],
    ["35163","Sekolah Tinggi Ilmu Kesehatan Darmo","Jl. Tali Air No.23 Ling Iii","prelist","MEDAN TUNTUNGAN","MANGGA","LINGKUNGAN 4","","","P. Pendidikan","Gmaps"],
    ["35164","Akedemi Perawat Delui Maya dan Akademi Kebidanan Sari Husada","Jl. Flamboyan Raya No.116","prelist","MEDAN TUNTUNGAN","TANJUNG SELAMAT","LINGKUNGAN 3","","","P. Pendidikan","Gmaps"],
    ["35165","Akademi Kebidanan Budi Mulia","Jl. Jamin Ginting No.78","prelist","MEDAN TUNTUNGAN","SIMPANG SELAYANG","LINGKUNGAN 2","","0821-6217-7098","P. Pendidikan","Gmaps"],
    ["35166","AkPar Nusantara Medan","Jl. Jamin Ginting No.Km 14","prelist","MEDAN TUNTUNGAN","LADANG BAMBU","LINGKUNGAN 1","","","P. Pendidikan","Gmaps"],
    ["35167","Akademi Keperawatan Wirahusada Medan","Jl. Bunga Ncole Raya No.100","prelist","MEDAN TUNTUNGAN","KEMENANGAN TANI","LINGKUNGAN 5","","","P. Pendidikan","Gmaps"],
    ["35168","SAE Digital Akademi","Jl. Bunga Rinte","prelist","MEDAN TUNTUNGAN","SIMPANG SELAYANG","LINGKUNGAN 11","","","P. Pendidikan","Gmaps"],
    ["35169","Akademi Kebidanan Audi Husada Medan","Jl. Bunga Ncole Raya No.83","prelist","MEDAN TUNTUNGAN","KEMENANGAN TANI","LINGKUNGAN 5","","","P. Pendidikan","Gmaps"],
    ["35170","Sewa truk medan","Jl. Flamboyan Raya Gg. Bahrum","prelist","MEDAN TUNTUNGAN","TANJUNG SELAMAT","LINGKUNGAN 2","","","S. Aktivitas Jasa Lainnya","Gmaps"],
    ["35200","KIOS BUAH <RIKA>","PASAR INDUK LAUCIH Kodepos 20135","prelist","MEDAN TUNTUNGAN","LAU CIH","LINGKUNGAN 3","","","G. Perdagangan Besar dan Eceran, Reparasi Mobil dan Sepeda Motor","SBR"],
    ["35237","TOKO REZEKI BARU","JALAN SETIA BUDI NO 84 LK 9","prelist","MEDAN TUNTUNGAN","SIMPANG SELAYANG","LINGKUNGAN 9","","","G. Perdagangan Besar dan Eceran, Reparasi Mobil dan Sepeda Motor","SBR"],
    ["35239","BOTOT MEDAN JAYA","JL SETIA BUDI UJUNG SIMPANG SELAYANG LK 17","prelist","MEDAN TUNTUNGAN","SIMPANG SELAYANG","LINGKUNGAN 17","","","G. Perdagangan Besar dan Eceran, Reparasi Mobil dan Sepeda Motor","SBR"],
    ["35248","INDUN BAKERY","JL DJAMIN GINTING KM 8,5 PADANG BULAN","prelist","MEDAN TUNTUNGAN","MANGGA","LINGKUNGAN 1","","","C. Industri Pengolahan","SBR"],
    ["35254","JUAL BAHAN BANGUNAN (SINAR JAYA)","JL CENGKEH RAYA NO 89 LINGKUNGAN 16","prelist","MEDAN TUNTUNGAN","MANGGA","LINGKUNGAN 11","","","G. Perdagangan Besar dan Eceran, Reparasi Mobil dan Sepeda Motor","SBR"],
    ["35255","TOKO ANUGRAH","JL JAMIN GINTING NO 162","prelist","MEDAN TUNTUNGAN","MANGGA","LINGKUNGAN 3","","","G. Perdagangan Besar dan Eceran, Reparasi Mobil dan Sepeda Motor","SBR"],
    ["35270","RS U MITRA PERSADA","JL JAMIN GINTING NO 166 LINGKUNG AN 3","prelist","MEDAN TUNTUNGAN","MANGGA","LINGKUNGAN 3","","","Q. Jasa Kesehatan dan Kegiatan Sosial","SBR"],
    ["35271","LEMBAGA BANTUAN HUKUM","JALAN KARET RAYA NO 31 LINGKUNGAN 7","prelist","MEDAN TUNTUNGAN","MANGGA","LINGKUNGAN 7","","","M. Jasa Profesional, Ilmiah, dan Teknis","SBR"],
    ["35275","LISTRIK ONLINE (VIVIAN)","JL BAWANG 9 NOMOR 15 LK 15","prelist","MEDAN TUNTUNGAN","MANGGA","LINGKUNGAN 15","","","D. Pengadaan Listrik, Gas, Uap/Air Panas, dan Udara Dingin","SBR"],
    ["35346","DOOR SMEER <KELVIN>","JL CENGKEH RAYA NO 61 LINGK 16","prelist","MEDAN TUNTUNGAN","MANGGA","LINGKUNGAN 16","","","G. Perdagangan Besar dan Eceran, Reparasi Mobil dan Sepeda Motor","SBR"],
    ["35347","LAUNDRY <BLESSING>","JL CENGKEH RAYA LK 16","prelist","MEDAN TUNTUNGAN","MANGGA","LINGKUNGAN 11","","","N. Jasa Persewaan, Ketenagakerjaan, Agen Perjalanan, dan Jasa Pendukung","SBR"],
    ["35428","BENGKEL MOBIL PERKASA","KAPITEN PURBA NO 21 LINGKUNGAN 3","prelist","MEDAN TUNTUNGAN","MANGGA","LINGKUNGAN 3","","","G. Perdagangan Besar dan Eceran, Reparasi Mobil dan Sepeda Motor","SBR"],
    ["35432","KHEKE PONSEL","JL FLAMBOYAN RAYA NO 34 LK 9","prelist","MEDAN TUNTUNGAN","TANJUNG SELAMAT","LINGKUNGAN 9","","","J. Informasi dan Komunikasi","SBR"],
    ["35455","WARUNG JAJANAN (RASLIT GINTING)","JALAN BUNGA KARDIOL","prelist","MEDAN TUNTUNGAN","LADANG BAMBU","LINGKUNGAN 3","","","G. Perdagangan Besar dan Eceran, Reparasi Mobil dan Sepeda Motor","SBR"],
    ["35458","TELKOM (TEMI)","JL STELA 3 NO 1 LING K UNGAN 13","prelist","MEDAN TUNTUNGAN","SIMPANG SELAYANG","LINGKUNGAN 13","","","F. Konstruksi","SBR"],
    ["35460","BENGKEL SEPEDA MOTOR (MAINOK)","JL TEMBAKAU RAYA NO 32 LINGKUNGAN 16","prelist","MEDAN TUNTUNGAN","MANGGA","LINGKUNGAN 16","","","G. Perdagangan Besar dan Eceran, Reparasi Mobil dan Sepeda Motor","SBR"],
    ["35461","ES L EXPRESS","JL TEMBAKAU RAYA NO 17 LK XXIV PERUMNAS","prelist","MEDAN TUNTUNGAN","MANGGA","LINGKUNGAN 19","","","H. Transportasi dan Pergudangan","SBR"],
    ["35485","USAHA PENEWAAN RUMAH (JORENA)","JALAN KAYUMANIS NOMOR 2 LINGKUNGAN 7","prelist","MEDAN TUNTUNGAN","MANGGA","LINGKUNGAN 7","","","L. Real Estat","SBR"],
    ["35554","TOPINN HOTEL","JL FLAMBOYAN RAYA LK 2","prelist","MEDAN TUNTUNGAN","TANJUNG SELAMAT","LINGKUNGAN 4","","","I. Penyediaan Akomodasi dan Makan Minum","SBR"],
    ["35567","KORAN KOMPAS (MANAIK)","JALAN IRIGASI LINGKUNGAN 5","prelist","MEDAN TUNTUNGAN","MANGGA","LINGKUNGAN 5","","","G. Perdagangan Besar dan Eceran, Reparasi Mobil dan Sepeda Motor","SBR"],
    ["35613","PAUD AMBEG PARAMARTA","JALAN BUNG A TURI I LK","prelist","MEDAN TUNTUNGAN","SIDOMULYO","LINGKUNGAN 2","","","P. Pendidikan","SBR"],
    ["35710","GEDUNG SERBA GUNA GBKP","JALAN TALI AIR 2 LINK 2","prelist","MEDAN TUNTUNGAN","MANGGA","LINGKUNGAN 4","","","L. Real Estat","SBR"],
    ["35712","STUDIO MUSIK(DINATA)","KOMPLEK BEKALA ASRI BLOK F NO 24 LK 3","prelist","MEDAN TUNTUNGAN","MANGGA","LINGKUNGAN 3","","","N. Jasa Persewaan, Ketenagakerjaan, Agen Perjalanan, dan Jasa Pendukung","SBR"],
    ["35732","PONSEL(DIANA)","JL KARET RAYA NO 2 LI NGKUNGAN IX","prelist","MEDAN TUNTUNGAN","MANGGA","LINGKUNGAN 7","","","J. Informasi dan Komunikasi","SBR"],
    ["35733","LEMBAGA BIMBEL ALFA ONE","JALAN KARET RAYA NO 39 LINGKUNGAN 7","prelist","MEDAN TUNTUNGAN","MANGGA","LINGKUNGAN 7","","","P. Pendidikan","SBR"],
    ["35737","FLORIST (LAKSA)","JL KARET 8 NO 11 LING KUNGAN IX","prelist","MEDAN TUNTUNGAN","MANGGA","LINGKUNGAN 7","","","G. Perdagangan Besar dan Eceran, Reparasi Mobil dan Sepeda Motor","SBR"],
    ["35739","LAUNDRY (BERKAH)","JL SAWIT RATA LINGKUNGAN IX","prelist","MEDAN TUNTUNGAN","MANGGA","LINGKUNGAN 9","","","S. Aktivitas Jasa Lainnya","SBR"],
    ["35761","USAHA LOUNDRY(LORY )","JL VANILI RAYA","prelist","MEDAN TUNTUNGAN","MANGGA","LINGKUNGAN 17","","","S. Aktivitas Jasa Lainnya","SBR"],
    ["35934","MIE REBUS (RIZAL)","JALAN BUNGA KEMUNING","prelist","MEDAN TUNTUNGAN","LADANG BAMBU","LINGKUNGAN 2","","","I. Penyediaan Akomodasi dan Makan Minum","SBR"],
    ["35965","JUAL JOK (DAKOTA DAMAI)","JALAN JAMIN GINTING LK 1","prelist","MEDAN TUNTUNGAN","MANGGA","LINGKUNGAN 1","","","C. Industri Pengolahan","SBR"],
    ["35987","HOTEL SRI BUENA INDAH","JALAN JAMIN GINTING KM 125","prelist","MEDAN TUNTUNGAN","LAU CIH","LINGKUNGAN 1","","","I. Penyediaan Akomodasi dan Makan Minum","SBR"],
    ["36047","BENGKEL SITEPU JAYA MOTOR","JL KARET RAYA NO 107 LK XXIV PERUMNAS","prelist","MEDAN TUNTUNGAN","MANGGA","LINGKUNGAN 24","","","G. Perdagangan Besar dan Eceran, Reparasi Mobil dan Sepeda Motor","SBR"],
    ["36061","FAMILY LAUNDRY","JL TEMBAKAU RAYA NO 5 LK XXIV PERUMNAS","prelist","MEDAN TUNTUNGAN","MANGGA","LINGKUNGAN 24","","","S. Aktivitas Jasa Lainnya","SBR"],
    ["36072","KEDAI JAJANAN (SUWITO)","JL SAWIT RAYA NO 5A LINGKUNGAN 9","prelist","MEDAN TUNTUNGAN","MANGGA","LINGKUNGAN 9","","","G. Perdagangan Besar dan Eceran, Reparasi Mobil dan Sepeda Motor","SBR"],
    ["36089","RUMAH MAKAN BAGINDO","JALAN BUNGA LAU LK 3","prelist","MEDAN TUNTUNGAN","KEMENANGAN TANI","LINGKUNGAN 3","","","I. Penyediaan Akomodasi dan Makan Minum","SBR"],
    ["36090","MATERIAL KARUNIA JAYA","JALAN BUNGA NCOLE LK 2","prelist","MEDAN TUNTUNGAN","KEMENANGAN TANI","LINGKUNGAN 2","","","G. Perdagangan Besar dan Eceran, Reparasi Mobil dan Sepeda Motor","SBR"],
    ["36092","TUKANG JAHIT (MURNI)","JALAN KARET 15 NO 40 LINGKUNGAN 7","prelist","MEDAN TUNTUNGAN","MANGGA","LINGKUNGAN 7","","","C. Industri Pengolahan","SBR"],
    ["36126","WARUNG KEMBAR","KAPITEN PURBA 1 LINGKUNGAN 3","prelist","MEDAN TUNTUNGAN","MANGGA","LINGKUNGAN 4","","","I. Penyediaan Akomodasi dan Makan Minum","SBR"],
    ["36153","MULYA GYPSUM","KAPITEN PURBA NO 24 LK 3","prelist","MEDAN TUNTUNGAN","MANGGA","LINGKUNGAN 9","","","G. Perdagangan Besar dan Eceran, Reparasi Mobil dan Sepeda Motor","SBR"],
    ["36182","TK SONY","JALAN VANILI RAYA NO 86 LINGKUNGAN 20","prelist","MEDAN TUNTUNGAN","MANGGA","LINGKUNGAN 20","","","P. Pendidikan","SBR"],
    ["36212","WISATA BUAH (MAK ALDO)","PASAR INDUK TUNTUNGAN WISATA BUAH","prelist","MEDAN TUNTUNGAN","LAU CIH","LINGKUNGAN 3","","","G. Perdagangan Besar dan Eceran, Reparasi Mobil dan Sepeda Motor","SBR"],
    ["36213","KIOS SAYUR (ADIT)","PASAR INDUK TUNTUNGAN GROSIR","prelist","MEDAN TUNTUNGAN","LAU CIH","LINGKUNGAN 3","","","G. Perdagangan Besar dan Eceran, Reparasi Mobil dan Sepeda Motor","SBR"],
    ["36260","PAUD HOPE GENERATION","GANG GEREJA LINGKUNGAN 4","prelist","MEDAN TUNTUNGAN","MANGGA","LINGKUNGAN 3","","","P. Pendidikan","SBR"],
    ["36261","PENJUAL GALON AIR (LEO)","SAWIT RAYA LINGKUNGAN. 9","prelist","MEDAN TUNTUNGAN","MANGGA","LINGKUNGAN 9","","","C. Industri Pengolahan","SBR"],
    ["36288","HARVARD ENGLISH CENTRE","JALAN KARET RAYA NO 55 LINGKUNGAN 7","prelist","MEDAN TUNTUNGAN","MANGGA","LINGKUNGAN 7","","","P. Pendidikan","SBR"],
    ["36297","BIMA","JALAN KAPITEN PURBA LINGKUNGAN 4","prelist","MEDAN TUNTUNGAN","MANGGA","LINGKUNGAN 4","","","P. Pendidikan","SBR"],
    ["36318","KEDAI MINUMAN (HALOHO)","JL RAMI 11 NO 2 LINGKUNGAN 16","prelist","MEDAN TUNTUNGAN","MANGGA","LINGKUNGAN 5","","","I. Penyediaan Akomodasi dan Makan Minum","SBR"],
    ["36362","BIMBEL SMART (LENNY)","JL BUNGA LAU LK 3","prelist","MEDAN TUNTUNGAN","KEMENANGAN TANI","LINGKUNGAN 3","","","P. Pendidikan","SBR"],
    ["36441","HOTEL INTAN","JL MEDAN-P.BATU KM 85","prelist","MEDAN TUNTUNGAN","MANGGA","LINGKUNGAN 1","","","I. Penyediaan Akomodasi dan Makan Minum","SBR"],
    ["36483","LES PRIVAT (IDA)","JALAN PALES RAYA NO 3 LK 7","prelist","MEDAN TUNTUNGAN","SIMPANG SELAYANG","LINGKUNGAN 7","","","P. Pendidikan","SBR"],
    ["36485","BIMBINGAN BELAJAR <TELMI>","JALAN BUNGA PANCUR IX GANG FLAMBOYAN LK 4","prelist","MEDAN TUNTUNGAN","SIMPANG SELAYANG","LINGKUNGAN 4","","","P. Pendidikan","SBR"],
    ["36487","MELATI MEBEL","JALAN SETIA BUDI LK 9","prelist","MEDAN TUNTUNGAN","SIMPANG SELAYANG","LINGKUNGAN 16","","","G. Perdagangan Besar dan Eceran, Reparasi Mobil dan Sepeda Motor","SBR"],
    ["36503","KLINIK MAMA MIA <S BR TARIGAN>","JLN BUNGA RAMPAI LINGKUNGAN 1","prelist","MEDAN TUNTUNGAN","SIMALINGKAR B","LINGKUNGAN 1","","","Q. Jasa Kesehatan dan Kegiatan Sosial","SBR"],
    ["36504","PENGINAPAN SITABAR","JALAN BUNGA LAU LK 3","prelist","MEDAN TUNTUNGAN","KEMENANGAN TANI","LINGKUNGAN 3","","","I. Penyediaan Akomodasi dan Makan Minum","SBR"],
    ["36527","KIOS BUAH <SONNY>","PASAR INDUK TUNTUNGAN WISATA BUAH","prelist","MEDAN TUNTUNGAN","LAU CIH","LINGKUNGAN 3","","","G. Perdagangan Besar dan Eceran, Reparasi Mobil dan Sepeda Motor","SBR"],
    ["36539","KIOS SAYUR (MULIADI)","PASAR INDUK TUNTUNGAN GROSIR","prelist","MEDAN TUNTUNGAN","LAU CIH","LINGKUNGAN 3","","","G. Perdagangan Besar dan Eceran, Reparasi Mobil dan Sepeda Motor","SBR"],
    ["36540","HOTEL SELAYANG","JALAN ANGGREK RAYA","prelist","MEDAN TUNTUNGAN","SIMPANG SELAYANG","LINGKUNGAN 9","","","I. Penyediaan Akomodasi dan Makan Minum","SBR"],
    ["36690","IDO SWALAYAN","JL TEMBAKAU RAYA NO 35 LK XXIV PERUMNAS","prelist","MEDAN TUNTUNGAN","MANGGA","LINGKUNGAN 22","","","G. Perdagangan Besar dan Eceran, Reparasi Mobil dan Sepeda Motor","SBR"],
    ["36716","JUAL PAKAIAN BEKAS (KARDIMAN)","JALAN JAHE RAYA PASAR SIMALINGKAR","prelist","MEDAN TUNTUNGAN","MANGGA","LINGKUNGAN 14","","","G. Perdagangan Besar dan Eceran, Reparasi Mobil dan Sepeda Motor","SBR"],
    ["36735","DAVIRA BAKERY","JALAN JAMIN GINTING LK I","prelist","MEDAN TUNTUNGAN","MANGGA","LINGKUNGAN 3","","","C. Industri Pengolahan","SBR"],
    ["36805","PRAKTEK DOKTER(RUSWANDI)","JL.CENGKEH RAYA NO.32 LINGKUNGAN.12","prelist","MEDAN TUNTUNGAN","MANGGA","LINGKUNGAN 11","","","Q. Jasa Kesehatan dan Kegiatan Sosial","SBR"],
    ["36836","UD BETON JAYA","JLN BUNGA RAMPE RAYA","prelist","MEDAN TUNTUNGAN","SIMALINGKAR B","LINGKUNGAN 2","","","G. Perdagangan Besar dan Eceran, Reparasi Mobil dan Sepeda Motor","SBR"],
    ["36860","JUAL GAS (JAINAL)","JALAN IRIGASI LINGKUNGAN 5","prelist","MEDAN TUNTUNGAN","MANGGA","LINGKUNGAN 5","","","G. Perdagangan Besar dan Eceran, Reparasi Mobil dan Sepeda Motor","SBR"],
    ["36915","DR SPESIALIS ANAK (DR POLIN)","JL TEMBAKAU RAYA NO 2 LINGKUNGAN 16","prelist","MEDAN TUNTUNGAN","MANGGA","LINGKUNGAN 16","","","Q. Jasa Kesehatan dan Kegiatan Sosial","SBR"],
    ["36940","JUAL ONLINE (KABAN)","JL KARET RAYA NO 02 L INGKUNGAN","prelist","MEDAN TUNTUNGAN","MANGGA","LINGKUNGAN 7","","","G. Perdagangan Besar dan Eceran, Reparasi Mobil dan Sepeda Motor","SBR"],
    ["36941","MUSICA (ALLEGRO)","JL KARET RARA NO 34 L INGKUNGAN IX","prelist","MEDAN TUNTUNGAN","MANGGA","LINGKUNGAN 9","","","P. Pendidikan","SBR"],
    ["37019","HOTEL BOROBUDUR","JAMIN GINTING NO 35A","prelist","MEDAN TUNTUNGAN","SIMPANG SELAYANG","LINGKUNGAN 5","","","I. Penyediaan Akomodasi dan Makan Minum","SBR"],
    ["37105","WARUNG SEMBAKO (EVA)","JALAN KOPI 11 NO 14 LINGKUNGAN 6","prelist","MEDAN TUNTUNGAN","MANGGA","LINGKUNGAN 6","","","G. Perdagangan Besar dan Eceran, Reparasi Mobil dan Sepeda Motor","SBR"],
    ["37127","MARI SEMBAKO","KAPITEN PURBA LINGKUNG AN 3","prelist","MEDAN TUNTUNGAN","MANGGA","LINGKUNGAN 3","","","G. Perdagangan Besar dan Eceran, Reparasi Mobil dan Sepeda Motor","SBR"],
    ["37128","IBRENA MOTOR","J L KAPITEN PURBA LING K UNG AN 3","prelist","MEDAN TUNTUNGAN","MANGGA","LINGKUNGAN 5","","","G. Perdagangan Besar dan Eceran, Reparasi Mobil dan Sepeda Motor","SBR"],
    ["37141","ONLINE SHOP JEJE","JL KARET 16 NO G LING KUNGAN IX","prelist","MEDAN TUNTUNGAN","MANGGA","LINGKUNGAN 9","","","G. Perdagangan Besar dan Eceran, Reparasi Mobil dan Sepeda Motor","SBR"],
    ["37142","TUKANG PANGKAS(DEVON)","JL SAWIT RAYA LINGKUNGAN IX","prelist","MEDAN TUNTUNGAN","MANGGA","LINGKUNGAN 9","","","S. Aktivitas Jasa Lainnya","SBR"],
    ["37168","KEDAI SAMPAH (PARDOSI)","JALAN JAMIN GINTING","prelist","MEDAN TUNTUNGAN","MANGGA","LINGKUNGAN 1","","","G. Perdagangan Besar dan Eceran, Reparasi Mobil dan Sepeda Motor","SBR"],
    ["37264","JUAL PAKAIAN (SAMARINDA)","JL PINUS RAYA NO 2 LINGKUNGAN 16","prelist","MEDAN TUNTUNGAN","MANGGA","LINGKUNGAN 16","","","G. Perdagangan Besar dan Eceran, Reparasi Mobil dan Sepeda Motor","SBR"],
    ["37267","BAKSO (ARI)","JL KARET RAYA NO 14 L INGKUNGAN IX","prelist","MEDAN TUNTUNGAN","MANGGA","LINGKUNGAN 9","","","I. Penyediaan Akomodasi dan Makan Minum","SBR"],
    ["37288","HARVES SALON","KAPITEN PURBA NO 33 B LINGKUNGAN 3","prelist","MEDAN TUNTUNGAN","MANGGA","LINGKUNGAN 7","","","S. Aktivitas Jasa Lainnya","SBR"],
    ["37304","PRATAMA SERVICE","JL CENGKEH RAYA NO 65 LINGKUNGAN 16","prelist","MEDAN TUNTUNGAN","MANGGA","LINGKUNGAN 14","","","G. Perdagangan Besar dan Eceran, Reparasi Mobil dan Sepeda Motor","SBR"],
    ["37305","TOBA GAS","JL PINUS RAYA NO 18 A LINGK 16","prelist","MEDAN TUNTUNGAN","MANGGA","LINGKUNGAN 16","","","G. Perdagangan Besar dan Eceran, Reparasi Mobil dan Sepeda Motor","SBR"],
    ["37335","KEDAI ( JUNAIDI )","JL VANILI RAYA","prelist","MEDAN TUNTUNGAN","MANGGA","LINGKUNGAN 17","","","G. Perdagangan Besar dan Eceran, Reparasi Mobil dan Sepeda Motor","SBR"],
    ["37470","IT IMPHO TALENT","JALAN JAMIN GINTING 40 1 76 LINGKUNGAN 3","prelist","MEDAN TUNTUNGAN","MANGGA","LINGKUNGAN 1","","","P. Pendidikan","SBR"],
    ["37497","CU KARYA BERSAMA","JL PENERBANGAN LK I","prelist","MEDAN TUNTUNGAN","MANGGA","LINGKUNGAN 1","","","K. Aktivitas Keuangan Dan Asuransi","SBR"],
    ["37499","PENJUAL SAYUR (RIAULI)","JL KARET RAYA RUKO NO 11 LINGKUNGAN IX","prelist","MEDAN TUNTUNGAN","MANGGA","LINGKUNGAN 9","","","G. Perdagangan Besar dan Eceran, Reparasi Mobil dan Sepeda Motor","SBR"],
    ["37500","AYAM PENYET (RAFQY)","JL KARET RAYA NO 38 L INGKUNGAN IX","prelist","MEDAN TUNTUNGAN","MANGGA","LINGKUNGAN 9","","","I. Penyediaan Akomodasi dan Makan Minum","SBR"],
    ["37501","OUKUP ANUGERAH","JL DJAMIN GINTING NO 84 KM 8.5 PADANG BULAN","prelist","MEDAN TUNTUNGAN","MANGGA","LINGKUNGAN 1","","","S. Aktivitas Jasa Lainnya","SBR"],
    ["37507","WARUNG JAJANAN (SARWO)","JALAN TEMBAKAU 14 NOMOR 14 LINGKUNGAN 22","prelist","MEDAN TUNTUNGAN","MANGGA","LINGKUNGAN 22","","","G. Perdagangan Besar dan Eceran, Reparasi Mobil dan Sepeda Motor","SBR"],
    ["37508","WARUNG KOPI (MARCEL)","JALAN KEMENTAN RATA NOMOR 69 LINGKUNCAN 22","prelist","MEDAN TUNTUNGAN","MANGGA","LINGKUNGAN 5","","","I. Penyediaan Akomodasi dan Makan Minum","SBR"],
    ["37516","KIOS KAIN MONZA (MAMA AMU)","JALAN JAHE RAYA PASAR SIMALINGKAR","prelist","MEDAN TUNTUNGAN","MANGGA","LINGKUNGAN 14","","","G. Perdagangan Besar dan Eceran, Reparasi Mobil dan Sepeda Motor","SBR"],
    ["37525","RS BAKERY <YOSEP>","JL FLAMBOYAN RAYA GG BARUS LK 8","prelist","MEDAN TUNTUNGAN","TANJUNG SELAMAT","LINGKUNGAN 8","","","C. Industri Pengolahan","SBR"],
    ["37531","RIMBUN RAYA WARNET","JALAN BUNGA NCOLE LK 2","prelist","MEDAN TUNTUNGAN","KEMENANGAN TANI","LINGKUNGAN 2","","","J. Informasi dan Komunikasi","SBR"],
    ["37600","SEKOLAH PAUD IRUKA","GANG MEJUAH-JUAH NO 10 LINK 1","prelist","MEDAN TUNTUNGAN","MANGGA","LINGKUNGAN 1","","","P. Pendidikan","SBR"],
    ["37639","JHON MOTOR SERVIS","KAPITEN PURBA NO 21 L ING K UNGAN 3","prelist","MEDAN TUNTUNGAN","MANGGA","LINGKUNGAN 3","","","G. Perdagangan Besar dan Eceran, Reparasi Mobil dan Sepeda Motor","SBR"],
    ["37640","BIG CELL COM","JL J.AMIN GINTING GG P INEM LINGKUNGAN 3","prelist","MEDAN TUNTUNGAN","MANGGA","LINGKUNGAN 3","","","J. Informasi dan Komunikasi","SBR"],
    ["37641","BENGKEL MOTOR (EDY)","JL KARET RAYA LINGKUNGAN IX","prelist","MEDAN TUNTUNGAN","MANGGA","LINGKUNGAN 9","","","G. Perdagangan Besar dan Eceran, Reparasi Mobil dan Sepeda Motor","SBR"],
    ["37780","UD GRACE JAYA(HARDI)","JLN BUNGA RAMPAI RAYA LK I","prelist","MEDAN TUNTUNGAN","SIMALINGKAR B","LINGKUNGAN 1","","","G. Perdagangan Besar dan Eceran, Reparasi Mobil dan Sepeda Motor","SBR"],
    ["37791","JUAL BAKSO KELILING <SUPARI>","JALAN JAMIN GINTING LK 1","prelist","MEDAN TUNTUNGAN","MANGGA","LINGKUNGAN 1","","","I. Penyediaan Akomodasi dan Makan Minum","SBR"],
    ["38032","SD IT ALHIJRAH(BUDI)","JL STELA TEN GAH LINGK UNGAN 13","prelist","MEDAN TUNTUNGAN","SIMPANG SELAYANG","LINGKUNGAN 13","","","P. Pendidikan","SBR"],
    ["38050","WH FITNES CENTER","JL FLAMBOYAN RAYA NO 7-8","prelist","MEDAN TUNTUNGAN","TANJUNG SELAMAT","LINGKUNGAN 6","","","R. Kesenian, Hiburan, dan Rekreasi","SBR"],
    ["38059","JUAL TAHU GORENG (IRSAL)","JL RAMI 5 NO 7 LINGKUNGAN 16","prelist","MEDAN TUNTUNGAN","MANGGA","LINGKUNGAN 16","","","I. Penyediaan Akomodasi dan Makan Minum","SBR"],
    ["38060","TK KARUNIA","JL FLAMBOYAN RAYA KOMP TAMAN MELATI LK 2","prelist","MEDAN TUNTUNGAN","TANJUNG SELAMAT","LINGKUNGAN 2","","","P. Pendidikan","SBR"],
    ["38096","TIKI ELVINA","JALAN KAPITEN PURBA NOMOR 1 B LINGKUNGAN 4","prelist","MEDAN TUNTUNGAN","MANGGA","LINGKUNGAN 4","","","H. Transportasi dan Pergudangan","SBR"],
    ["38097","ULOS BATAK (MAMA DANIEL BR NAPITUPULU)","JL TEH 5 NO 6 LK 11 PERUMNAS","prelist","MEDAN TUNTUNGAN","MANGGA","LINGKUNGAN 11","","","G. Perdagangan Besar dan Eceran, Reparasi Mobil dan Sepeda Motor","SBR"],
    ["38116","KEDAI ELISADAR","KAPITEN PURBA I NO 7 L INGKUNGAN 3","prelist","MEDAN TUNTUNGAN","MANGGA","LINGKUNGAN 5","","","G. Perdagangan Besar dan Eceran, Reparasi Mobil dan Sepeda Motor","SBR"],
    ["38139","PONDOK KULINER TASMIRA","JALAN BUNGA RINTE LK 11","prelist","MEDAN TUNTUNGAN","SIMPANG SELAYANG","LINGKUNGAN 13","","","I. Penyediaan Akomodasi dan Makan Minum","SBR"],
    ["38159","SIFA NET","JALAN FLAMBOYAN LINGKUNGAN 7","prelist","MEDAN TUNTUNGAN","TANJUNG SELAMAT","LINGKUNGAN 3","","","J. Informasi dan Komunikasi","SBR"],
    ["38177","LESEHAN PAJAK BAMBU","JL TEMBAKAU RAYA NO 1 LK XXIV PERUMNAS","prelist","MEDAN TUNTUNGAN","MANGGA","LINGKUNGAN 24","","","I. Penyediaan Akomodasi dan Makan Minum","SBR"],
    ["38180","BENGKEL MOTOR (ARI)","JL CENGKEH RAYA LINGKUNGAN 16","prelist","MEDAN TUNTUNGAN","MANGGA","LINGKUNGAN 11","","","G. Perdagangan Besar dan Eceran, Reparasi Mobil dan Sepeda Motor","SBR"],
    ["38181","PHOTO COPY SABAR MENANTI","JL JAHE RAYA LINGK 16","prelist","MEDAN TUNTUNGAN","MANGGA","LINGKUNGAN 14","","","N. Jasa Persewaan, Ketenagakerjaan, Agen Perjalanan, dan Jasa Pendukung","SBR"],
    ["38207","RENTAL MOBIL (TIKA)","JALAN IRIGASI NO 37 LINGKUNGAN 2","prelist","MEDAN TUNTUNGAN","MANGGA","LINGKUNGAN 2","","","N. Jasa Persewaan, Ketenagakerjaan, Agen Perjalanan, dan Jasa Pendukung","SBR"],
    ["38218","KEDAI KOPI(SIBORO)","JAMIN GINTING NO 83","prelist","MEDAN TUNTUNGAN","SIMPANG SELAYANG","LINGKUNGAN 3","","","I. Penyediaan Akomodasi dan Makan Minum","SBR"],
    ["38227","HOTEL GREEN ALAM IDAH","JL JAMIN GINTING LINK 1KM 85","prelist","MEDAN TUNTUNGAN","MANGGA","LINGKUNGAN 1","","","I. Penyediaan Akomodasi dan Makan Minum","SBR"],
    ["38258","SWALAYAN SINURAYA","JALAN KAPITEN PURBA LINGKUNGAN 4","prelist","MEDAN TUNTUNGAN","MANGGA","LINGKUNGAN 4","","","G. Perdagangan Besar dan Eceran, Reparasi Mobil dan Sepeda Motor","SBR"],
    ["38338","KIOS SAYURAN (LENTIAN)","PASAR INDUK TUNTUNGAN","prelist","MEDAN TUNTUNGAN","LAU CIH","LINGKUNGAN 3","","","G. Perdagangan Besar dan Eceran, Reparasi Mobil dan Sepeda Motor","SBR"],
    ["38347","PRAKTEK DOKTER (JOSIA)","JALAN JAMIN GINTING L KI","prelist","MEDAN TUNTUNGAN","KEMENANGAN TANI","LINGKUNGAN 1","","","Q. Jasa Kesehatan dan Kegiatan Sosial","SBR"],
    ["38400","AGEN BELI MOBIL (FARHAD)","JL SAKURA KOMPLEK ALAMANDA INDAH LK 1","prelist","MEDAN TUNTUNGAN","TANJUNG SELAMAT","LINGKUNGAN 1","","","G. Perdagangan Besar dan Eceran, Reparasi Mobil dan Sepeda Motor","SBR"],
    ["38436","KEDAI GINTING","KAPITEN PURBA NO 12 B LINGKUNGAN 3","prelist","MEDAN TUNTUNGAN","MANGGA","LINGKUNGAN 3","","","G. Perdagangan Besar dan Eceran, Reparasi Mobil dan Sepeda Motor","SBR"],
    ["38438","SMA SWASTA SANTOYOSEP","JALAN FLAMBOYAN 6 NO 139 LINGKUNGAN 7","prelist","MEDAN TUNTUNGAN","TANJUNG SELAMAT","LINGKUNGAN 7","","","P. Pendidikan","SBR"],
    ["38445","PRAKTEK GIGI (BASARIA)","JL KEMENYAN 4","prelist","MEDAN TUNTUNGAN","MANGGA","LINGKUNGAN 19","","","Q. Jasa Kesehatan dan Kegiatan Sosial","SBR"],
    ["38455","MAESTRO","KAPITEN PURBA NO 22 B LINGKUNGAN 3","prelist","MEDAN TUNTUNGAN","MANGGA","LINGKUNGAN 3","","","P. Pendidikan","SBR"],
    ["38456","DOKTER G I G I 1","JL JAMIN GINTING LING KUNGAN 3","prelist","MEDAN TUNTUNGAN","MANGGA","LINGKUNGAN 3","","","Q. Jasa Kesehatan dan Kegiatan Sosial","SBR"],
    ["38500","KUSUK TRADISIONAL","JL SETIA BUDI UJUNG","prelist","MEDAN TUNTUNGAN","MANGGA","LINGKUNGAN 3","","","S. Aktivitas Jasa Lainnya","SBR"],
    ["38722","RUMAH MAKAN ALEBCENDO NG","JALAN JAMIN GINTING LK 1","prelist","MEDAN TUNTUNGAN","MANGGA","LINGKUNGAN 1","","","I. Penyediaan Akomodasi dan Makan Minum","SBR"],
    ["38806","QUEEN BAG","JL TEMBAKAU RAYA NO 27 LK XXIV PERUMNAS","prelist","MEDAN TUNTUNGAN","MANGGA","LINGKUNGAN 19","","","G. Perdagangan Besar dan Eceran, Reparasi Mobil dan Sepeda Motor","SBR"],
    ["38856","PUSKESMAS","JLN BENDUNGAN 5 LINGKUNGAN 3","prelist","MEDAN TUNTUNGAN","MANGGA","LINGKUNGAN 1","","","Q. Jasa Kesehatan dan Kegiatan Sosial","SBR"],
    ["38862","DOORSMEER","IL RINTE RAYA LINGKUN GAN 13 40 11 1","prelist","MEDAN TUNTUNGAN","SIMPANG SELAYANG","LINGKUNGAN 13","","","G. Perdagangan Besar dan Eceran, Reparasi Mobil dan Sepeda Motor","SBR"],
    ["38891","PENJUAL KEMIRI(RATNA SARI)","JL PALES RAYA","prelist","MEDAN TUNTUNGAN","SIMPANG SELAYANG","LINGKUNGAN 5","","","G. Perdagangan Besar dan Eceran, Reparasi Mobil dan Sepeda Motor","SBR"],
    ["38892","BERLIAN MOTOR","JL FLAMBOYAN RAYA LINGKUNGAN 2","prelist","MEDAN TUNTUNGAN","TANJUNG SELAMAT","LINGKUNGAN 2","","","G. Perdagangan Besar dan Eceran, Reparasi Mobil dan Sepeda Motor","SBR"],
    ["38899","MULIA ELEKTRONIK","JL DJAMIN GINTING KM 8.5 PADANG BULAN","prelist","MEDAN TUNTUNGAN","MANGGA","LINGKUNGAN 2","","","G. Perdagangan Besar dan Eceran, Reparasi Mobil dan Sepeda Motor","SBR"],
    ["38908","SONY SITEPU UD","JL DJAMIN GINTING NO 84 KM 8.5 MEDAN","prelist","MEDAN TUNTUNGAN","MANGGA","LINGKUNGAN 1","","","G. Perdagangan Besar dan Eceran, Reparasi Mobil dan Sepeda Motor","SBR"],
    ["38918","ICE KOPI BLEND","JL KAPITEN PURBA LING KUNGAN 3","prelist","MEDAN TUNTUNGAN","MANGGA","LINGKUNGAN 4","","","I. Penyediaan Akomodasi dan Makan Minum","SBR"],
    ["38919","STATION PONSEL (SUWITO SINAGA)","JL SAWIT RAYA NO 5A LINGKUNGAN 9","prelist","MEDAN TUNTUNGAN","MANGGA","LINGKUNGAN 9","","","J. Informasi dan Komunikasi","SBR"],
    ["38920","SARAPAN PAGI (BU ANI)","JL KINA 2 NO 2 LINGKUNGAN 9","prelist","MEDAN TUNTUNGAN","MANGGA","LINGKUNGAN 5","","","I. Penyediaan Akomodasi dan Makan Minum","SBR"],
    ["38988","KUMON (RENNI)","KOMPLEK WAIKIKI BLOK D12 LINK 9","prelist","MEDAN TUNTUNGAN","TANJUNG SELAMAT","LINGKUNGAN 9","","","P. Pendidikan","SBR"],
    ["39014","SWALAYAN PERDANA","JALAN SETIA BUDI LINGKUNGAN 16","prelist","MEDAN TUNTUNGAN","SIMPANG SELAYANG","LINGKUNGAN 16","","","G. Perdagangan Besar dan Eceran, Reparasi Mobil dan Sepeda Motor","SBR"],
    ["39039","KLINIK AVIATI","JL JAMIN GINTING KM 8,5","prelist","MEDAN TUNTUNGAN","MANGGA","LINGKUNGAN 1","","","Q. Jasa Kesehatan dan Kegiatan Sosial","SBR"],
    ["39082","WARUNG JAJANAN<BALMAN>","KOMPLEK PURI ZAHARA 1 LINGKUNGAN 8","prelist","MEDAN TUNTUNGAN","TANJUNG SELAMAT","LINGKUNGAN 8","","","G. Perdagangan Besar dan Eceran, Reparasi Mobil dan Sepeda Motor","SBR"],
    ["39083","JUAL TELUR (AGUSTINUS)","KOMPLEK SETIA BUDI VISTA BLOK O LK 10","prelist","MEDAN TUNTUNGAN","SIMPANG SELAYANG","LINGKUNGAN 10","","","G. Perdagangan Besar dan Eceran, Reparasi Mobil dan Sepeda Motor","SBR"],
    ["39306","KONTRAKAN RUMAH (SURYA)","JALAN BUNGA TURI 5 LK 2","prelist","MEDAN TUNTUNGAN","SIDOMULYO","LINGKUNGAN 2","","","L. Real Estat","SBR"],
    ["39336","VALENTINE HOTEL","JALAN LETJEN JAMIN GINTING KM 8,5","prelist","MEDAN TUNTUNGAN","MANGGA","LINGKUNGAN 1","","","I. Penyediaan Akomodasi dan Makan Minum","SBR"],
    ["39341","CRYSTAL HOTEL","JL. LETJEN. JAMIN GINTING KM. 8,6 KEL. MEDAN","prelist","MEDAN TUNTUNGAN","MANGGA","LINGKUNGAN 2","","","I. Penyediaan Akomodasi dan Makan Minum","SBR"],
    ["39510","PT Pegadaian (Persero), UPC SAKURA","JL. BUNGA SAKURA, NO. 24","prelist","MEDAN TUNTUNGAN","TANJUNG SELAMAT","LINGKUNGAN 2","","","K. Aktivitas Keuangan Dan Asuransi","SBR"],
    ["39525","PEGADAIAN (PERSERO), PT","JALAN CENGKEH RAYA NO 75","prelist","MEDAN TUNTUNGAN","MANGGA","LINGKUNGAN 16","","","K. Aktivitas Keuangan Dan Asuransi","SBR"],
    ["39552","ROSNI UD","JL SEROJA RAYA LINGKUNGAN 8","prelist","MEDAN TUNTUNGAN","TANJUNG SELAMAT","LINGKUNGAN 7","","","G. Perdagangan Besar dan Eceran, Reparasi Mobil dan Sepeda Motor","SBR"],
    ["39567","ALFAMART PT","JL. Flamboyan Raya, No. 16 B-C","prelist","MEDAN TUNTUNGAN","TANJUNG SELAMAT","LINGKUNGAN 9","","","G. Perdagangan Besar dan Eceran, Reparasi Mobil dan Sepeda Motor","SBR"],
    ["39579","INDOMARET DJAMIN GINTING","JL JAMIN GINTING KM 8,5 MEDAN","prelist","MEDAN TUNTUNGAN","MANGGA","LINGKUNGAN 1","","","G. Perdagangan Besar dan Eceran, Reparasi Mobil dan Sepeda Motor","SBR"],
    ["39581","APOTEK KASIH AGAPE","JL JAMIN GINTING LING KUNGAN 3","prelist","MEDAN TUNTUNGAN","MANGGA","LINGKUNGAN 3","","","G. Perdagangan Besar dan Eceran, Reparasi Mobil dan Sepeda Motor","SBR"],
    ["39584","TOKO PERABOT (GINTING)","JALAN JAHE RAYA NO.48 A LINGKUNGAN 14","prelist","MEDAN TUNTUNGAN","MANGGA","LINGKUNGAN 14","","","G. Perdagangan Besar dan Eceran, Reparasi Mobil dan Sepeda Motor","SBR"],
    ["39585","PRAKTEK DOKTER <RAMLAN>","JALAN JAHE RAYA NO 67 LINGKUNGAN 14","prelist","MEDAN TUNTUNGAN","MANGGA","LINGKUNGAN 17","","","Q. Jasa Kesehatan dan Kegiatan Sosial","SBR"],
    ["39632","TOKO SEMBAKO (ERLIN)","JALAN BUNGA KARDIOL GANG MAWAR LK 5","prelist","MEDAN TUNTUNGAN","LADANG BAMBU","LINGKUNGAN 5","","","G. Perdagangan Besar dan Eceran, Reparasi Mobil dan Sepeda Motor","SBR"],
    ["39636","JUAL JAJANAN (JAHYA BANGUN)","PERUMAHAN PARIAMA BLOK A LK.5","prelist","MEDAN TUNTUNGAN","LADANG BAMBU","LINGKUNGAN 5","","","G. Perdagangan Besar dan Eceran, Reparasi Mobil dan Sepeda Motor","SBR"],
    ["39658","BAKERY AZZAHRA","JL FLAMBOYAN RAYA LK 2","prelist","MEDAN TUNTUNGAN","TANJUNG SELAMAT","LINGKUNGAN 9","","","C. Industri Pengolahan","SBR"],
    ["39659","HOTEL KABAN DUA SENINA","JALAN FLAMBOYAN RAYA NO 30 LINGKUNGAN 3","prelist","MEDAN TUNTUNGAN","TANJUNG SELAMAT","LINGKUNGAN 3","","","I. Penyediaan Akomodasi dan Makan Minum","SBR"],
    ["39697","POLTEKES NEGERI MEDAN","JLN BUNGA NCOLE NO 95 KEMENANGAN TANI","prelist","MEDAN TUNTUNGAN","KEMENANGAN TANI","LINGKUNGAN 5","","","P. Pendidikan","SBR"],
    ["39718","MANALU STIEKR (RUDI)","JALAN JAMIN GINTING LK 1","prelist","MEDAN TUNTUNGAN","LADANG BAMBU","LINGKUNGAN 1","","","G. Perdagangan Besar dan Eceran, Reparasi Mobil dan Sepeda Motor","SBR"],
    ["39750","DRG HARIANI H PURBA","JALAN JAMIN GINTING KOMPLEK GOLDEN VISTA","prelist","MEDAN TUNTUNGAN","MANGGA","LINGKUNGAN 2","","","Q. Jasa Kesehatan dan Kegiatan Sosial","SBR"],
    ["39825","JUAL KERIPIK PISANG","JALAN IRIGASI RAYA LK4","prelist","MEDAN TUNTUNGAN","KEMENANGAN TANI","LINGKUNGAN 4","","","G. Perdagangan Besar dan Eceran, Reparasi Mobil dan Sepeda Motor","SBR"],
    ["39850","INDOMARET","JALAN JAMIN GINTING N0 4 LINGKUNGAN 2","prelist","MEDAN TUNTUNGAN","MANGGA","LINGKUNGAN 2","","","G. Perdagangan Besar dan Eceran, Reparasi Mobil dan Sepeda Motor","SBR"],
    ["39903","PT PERTAMINA","JL JAMIN GINTING KM 105 LINGK 5","prelist","MEDAN TUNTUNGAN","SIMPANG SELAYANG","LINGKUNGAN 5","","","G. Perdagangan Besar dan Eceran, Reparasi Mobil dan Sepeda Motor","SBR"],
    ["39910","WARUNG KOPI (ERWIN)","PANTAI BOKEK","prelist","MEDAN TUNTUNGAN","TANJUNG SELAMAT","LINGKUNGAN 9","","","I. Penyediaan Akomodasi dan Makan Minum","SBR"],
    ["39924","ALFAMIDI","JL FLAMBOYAN RAYA NO 4 LK 9","prelist","MEDAN TUNTUNGAN","TANJUNG SELAMAT","LINGKUNGAN 6","","","G. Perdagangan Besar dan Eceran, Reparasi Mobil dan Sepeda Motor","SBR"],
    ["39948","PAUD CERDAS PELANGI (JUITA)","JALAN PET UNIA 2 NO 12 LK 2","prelist","MEDAN TUNTUNGAN","NAMO GAJAH","LINGKUNGAN 3","","","P. Pendidikan","SBR"],
    ["39966","APOTIK PRIMA DEO","JALAN TEMBAKAU RAYA NOMOR 67 LINGKUNGAN 22","prelist","MEDAN TUNTUNGAN","MANGGA","LINGKUNGAN 22","","","G. Perdagangan Besar dan Eceran, Reparasi Mobil dan Sepeda Motor","SBR"],
    ["39968","KELOKO NET","JL KAPITEN PURBA LING KUNGAN 3","prelist","MEDAN TUNTUNGAN","MANGGA","LINGKUNGAN 4","","","J. Informasi dan Komunikasi","SBR"],
    ["39969","KEDAI JAJANAN(ADI)","JL KAPITEN PURBA LING KUNGAN 3","prelist","MEDAN TUNTUNGAN","MANGGA","LINGKUNGAN 4","","","G. Perdagangan Besar dan Eceran, Reparasi Mobil dan Sepeda Motor","SBR"],
    ["39970","PENJAHIT EMI","JAL AN KAPITEN PURBA LINGKUNGAN 4","prelist","MEDAN TUNTUNGAN","MANGGA","LINGKUNGAN 4","","","C. Industri Pengolahan","SBR"],
    ["39977","CHARISMA MOTOR SERVICE","JALAN KAPITEN PURBA LINGKUNGAN 4","prelist","MEDAN TUNTUNGAN","MANGGA","LINGKUNGAN 3","","","G. Perdagangan Besar dan Eceran, Reparasi Mobil dan Sepeda Motor","SBR"],
    ["39978","KUMON","JALAN KAPITEN PURBA NOMOR 3E LINGKUNGAN 4","prelist","MEDAN TUNTUNGAN","MANGGA","LINGKUNGAN 4","","","P. Pendidikan","SBR"],
    ["39980","SD KRISTEN KAISAREA","JL TALI AIR NO 24 LIN BKUNGAN 4","prelist","MEDAN TUNTUNGAN","MANGGA","LINGKUNGAN 4","","","P. Pendidikan","SBR"],
    ["39981","ALFAMART TBK WO96","JALAN TEMBAKAU RAYA NOMOR 43 LINGKUNGAN 22","prelist","MEDAN TUNTUNGAN","MANGGA","LINGKUNGAN 22","","","G. Perdagangan Besar dan Eceran, Reparasi Mobil dan Sepeda Motor","SBR"],
    ["39989","RUMAH SAKIT JIWA","JL TALI AIR NO 23 LINGKUNGAN 4","prelist","MEDAN TUNTUNGAN","MANGGA","LINGKUNGAN 4","","","Q. Jasa Kesehatan dan Kegiatan Sosial","SBR"],
    ["40021","SMP ELIDA","JL FLAMBOYAN 4 LK 8","prelist","MEDAN TUNTUNGAN","TANJUNG SELAMAT","LINGKUNGAN 8","","","P. Pendidikan","SBR"],
    ["40036","CIPTA RASA RO","JL FLAMBOYAN RAYA LK 8","prelist","MEDAN TUNTUNGAN","TANJUNG SELAMAT","LINGKUNGAN 8","","","C. Industri Pengolahan","SBR"],
    ["40042","PRAKTEK DOKTER (UMI CHAIRAH)","KOMPLEK PURI ZAHARA 1 LINGKUNGAN 8","prelist","MEDAN TUNTUNGAN","TANJUNG SELAMAT","LINGKUNGAN 8","","","Q. Jasa Kesehatan dan Kegiatan Sosial","SBR"],
    ["40087","KANTOR PEMASARAN GREATLAND","JALAN BUNGA RINTE 20 LINGKUNGAN 11","prelist","MEDAN TUNTUNGAN","SIMPANG SELAYANG","LINGKUNGAN 11","","","L. Real Estat","SBR"],
    ["40366","TOKO EMAS (EMMY)","JALAN JAHE RAYA NO.28 LINGKUNGAN 14","prelist","MEDAN TUNTUNGAN","MANGGA","LINGKUNGAN 14","","","G. Perdagangan Besar dan Eceran, Reparasi Mobil dan Sepeda Motor","SBR"],
    ["40367","PRAKTEK UMUM ( DR J BAKARIA)","JALAN JAHE RAYA NO 64 LINGKUNGAN 14","prelist","MEDAN TUNTUNGAN","MANGGA","LINGKUNGAN 14","","","Q. Jasa Kesehatan dan Kegiatan Sosial","SBR"],
    ["40392","PRAKTEK DR TOMMY HENDRA","JLN FLAMBOYAN RAYA NO 68 LK 9","prelist","MEDAN TUNTUNGAN","TANJUNG SELAMAT","LINGKUNGAN 9","","","Q. Jasa Kesehatan dan Kegiatan Sosial","SBR"],
    ["40394","KOPERASI GUNA WIJAYA","JL.CENGKEH 5 NO.23 LINGKUNGAN.12","prelist","MEDAN TUNTUNGAN","MANGGA","LINGKUNGAN 11","","","K. Aktivitas Keuangan Dan Asuransi","SBR"],
    ["40404","TK ASISI","JALAN ANGGREK RAYA NO 24 LK 9","prelist","MEDAN TUNTUNGAN","SIMPANG SELAYANG","LINGKUNGAN 9","","","P. Pendidikan","SBR"],
    ["40418","AME I PANSIT","JL KAPITEN PURBA LINGKUNGAN 3","prelist","MEDAN TUNTUNGAN","MANGGA","LINGKUNGAN 4","","","I. Penyediaan Akomodasi dan Makan Minum","SBR"],
    ["40449","MADRASAH SWASTA NURUL YAQIN","JALAN BUNGA PANCUR 9 NOMOR 2 LK 4","prelist","MEDAN TUNTUNGAN","SIMPANG SELAYANG","LINGKUNGAN 4","","","P. Pendidikan","SBR"],
    ["40552","TK BUNAYYA 4","JL KHAIRUNA FAUZI","prelist","MEDAN TUNTUNGAN","SIMPANG SELAYANG","LINGKUNGAN 13","","","P. Pendidikan","SBR"],
    ["40567","WARUNG LONTONG(BARIAH)","JL SEROJA RAYA LK 4","prelist","MEDAN TUNTUNGAN","KEMENANGAN TANI","LINGKUNGAN 4","","","I. Penyediaan Akomodasi dan Makan Minum","SBR"],
    ["40579","LINDA JAYA BAN","JL FLAMBOYAN RAYA LK 2","prelist","MEDAN TUNTUNGAN","TANJUNG SELAMAT","LINGKUNGAN 2","","","G. Perdagangan Besar dan Eceran, Reparasi Mobil dan Sepeda Motor","SBR"],
    ["40678","TK PAUD ELIDA","JL FLAMBOYAN 4 LK 8","prelist","MEDAN TUNTUNGAN","TANJUNG SELAMAT","LINGKUNGAN 8","","","P. Pendidikan","SBR"],
    ["40695","TIFFA PT","JL SETIA BUDI LK 10","prelist","MEDAN TUNTUNGAN","SIMPANG SELAYANG","LINGKUNGAN 9","","","S. Aktivitas Jasa Lainnya","SBR"],
    ["40754","TUMPAL JAYA MOTOR","JALAN FLAMBOYAN RAYA NO 51B","prelist","MEDAN TUNTUNGAN","TANJUNG SELAMAT","LINGKUNGAN 8","","","G. Perdagangan Besar dan Eceran, Reparasi Mobil dan Sepeda Motor","SBR"],
    ["40758","FIFGROUP","JL FLAMBOYAN RAYA LINGKUNGAN 2","prelist","MEDAN TUNTUNGAN","TANJUNG SELAMAT","LINGKUNGAN 8","","","K. Aktivitas Keuangan Dan Asuransi","SBR"],
    ["40770","GUDANG SB","JALAN JAMIN GINTING","prelist","MEDAN TUNTUNGAN","MANGGA","LINGKUNGAN 3","","","H. Transportasi dan Pergudangan","SBR"],
    ["40772","TK GALILEA(NATANAEL)","JALAN PALES 8 LK 7","prelist","MEDAN TUNTUNGAN","SIMPANG SELAYANG","LINGKUNGAN 7","","","P. Pendidikan","SBR"],
    ["40780","SUPIR ANGKOT 62 (BARU)","JALAN TEMBAKAO RAYA NOMOR 19 LINGKUNGAN 22","prelist","MEDAN TUNTUNGAN","MANGGA","LINGKUNGAN 24","","","H. Transportasi dan Pergudangan","SBR"],
    ["40783","SD NEGERI 060058","JL CENGKEH NO 20 LINGKUNGAN 12","prelist","MEDAN TUNTUNGAN","MANGGA","LINGKUNGAN 11","","","P. Pendidikan","SBR"],
    ["40787","OPTIK INTAN","JL TEMBAKAU RAYA NO 31 LK XXIV PERUMNAS","prelist","MEDAN TUNTUNGAN","MANGGA","LINGKUNGAN 22","","","G. Perdagangan Besar dan Eceran, Reparasi Mobil dan Sepeda Motor","SBR"],
    ["40791","TK PUTRA SEJAHTERA (HERLINA)","JALAN BUNG.4 RAMPAI RAYA GG SEKOLAH","prelist","MEDAN TUNTUNGAN","SIMALINGKAR B","LINGKUNGAN 5","","","P. Pendidikan","SBR"],
    ["40810","TK CERDAS","JL LAMBOYAN RAYA GG SUKA SAMA LK 2","prelist","MEDAN TUNTUNGAN","TANJUNG SELAMAT","LINGKUNGAN 4","","","P. Pendidikan","SBR"],
    ["40811","JAYA BERSAMA TRAVEL PT","JL FLAMBOYAN RAYA LK 8","prelist","MEDAN TUNTUNGAN","TANJUNG SELAMAT","LINGKUNGAN 4","","","N. Jasa Persewaan, Ketenagakerjaan, Agen Perjalanan, dan Jasa Pendukung","SBR"],
    ["40812","SDN 066038","JALAN IRIGASI NO 44 LINGKUNGAN 5","prelist","MEDAN TUNTUNGAN","MANGGA","LINGKUNGAN 5","","","P. Pendidikan","SBR"],
    ["40828","SUPIR ANGKOT(VANUS)","IL BUNGA RINTE LK 11","prelist","MEDAN TUNTUNGAN","SIMPANG SELAYANG","LINGKUNGAN 13","","","H. Transportasi dan Pergudangan","SBR"],
    ["40975","SPBU AKR","JALAN JAMIN GINTING LK 3","prelist","MEDAN TUNTUNGAN","LAU CIH","LINGKUNGAN 3","","","G. Perdagangan Besar dan Eceran, Reparasi Mobil dan Sepeda Motor","SBR"],
    ["41094","TOKO SITEPU","JALAN KARET RAYA NO 9 LING K UNG AN 7","prelist","MEDAN TUNTUNGAN","MANGGA","LINGKUNGAN 7","","","G. Perdagangan Besar dan Eceran, Reparasi Mobil dan Sepeda Motor","SBR"],
    ["41145","TOKO BINTANG JAYA UD (KARMIN)","JALAN JAMIN GINTING K M 11,5 LK 3","prelist","MEDAN TUNTUNGAN","SIMPANG SELAYANG","LINGKUNGAN 3","","","G. Perdagangan Besar dan Eceran, Reparasi Mobil dan Sepeda Motor","SBR"],
    ["41169","CV. RIZKI AMANDA","JL ANYELIR NO 1A","prelist","MEDAN TUNTUNGAN","SIMPANG SELAYANG","LINGKUNGAN 10","","","G. Perdagangan Besar dan Eceran, Reparasi Mobil dan Sepeda Motor","SBR"],
    ["41290","PT GRIYA PERMATA 4","JALAN FLAMBOYAN RAYA NO. 59","prelist","MEDAN TUNTUNGAN","TANJUNG SELAMAT","LINGKUNGAN 6","","","L. Real Estat","SBR"],
    ["41325","SD ASISI SWASTA","JALAN ANGGREK RAYA NOMOR 24 LK 9","prelist","MEDAN TUNTUNGAN","SIMPANG SELAYANG","LINGKUNGAN 9","","","P. Pendidikan","SBR"],
    ["41355","AKADEMI KESEHATAN TALITAKUM","JALAN SETIA BUDI LK 9","prelist","MEDAN TUNTUNGAN","SIMPANG SELAYANG","LINGKUNGAN 16","","","P. Pendidikan","SBR"],
    ["41368","SD NEGERI 065015","JALAN JAMIN GINTING LK 1","prelist","MEDAN TUNTUNGAN","KEMENANGAN TANI","LINGKUNGAN 1","","","P. Pendidikan","SBR"],
    ["41390","SUPIR ANGKUTAN(ABDI)","JALAN BUNGA NCOLE 29 LK 4","prelist","MEDAN TUNTUNGAN","KEMENANGAN TANI","LINGKUNGAN 2","","","H. Transportasi dan Pergudangan","SBR"],
    ["41417","BANK MANDIRI","JALAN BUNGA LAU LK 3","prelist","MEDAN TUNTUNGAN","KEMENANGAN TANI","LINGKUNGAN 3","","","K. Aktivitas Keuangan Dan Asuransi","SBR"],
    ["41566","JUAL JAJANAN (MEGA)","JALAN JAMIN GINTING LK 1","prelist","MEDAN TUNTUNGAN","MANGGA","LINGKUNGAN 1","","","G. Perdagangan Besar dan Eceran, Reparasi Mobil dan Sepeda Motor","SBR"],
    ["41592","ANDRA FLORIST (SANUL)","JALAN JAMIN GINTING LK 1","prelist","MEDAN TUNTUNGAN","MANGGA","LINGKUNGAN 1","","","G. Perdagangan Besar dan Eceran, Reparasi Mobil dan Sepeda Motor","SBR"],
    ["41596","KEDAI SEMBAKO (MAHDALENA)","JALAN BUNG A TURI LK 2","prelist","MEDAN TUNTUNGAN","SIDOMULYO","LINGKUNGAN 2","","","G. Perdagangan Besar dan Eceran, Reparasi Mobil dan Sepeda Motor","SBR"],
    ["41652","PEGADAIAN SP SELAYANG","JALAN JAMIN GINTING LINGKUNGAN 3","prelist","MEDAN TUNTUNGAN","SIMPANG SELAYANG","LINGKUNGAN 1","","","K. Aktivitas Keuangan Dan Asuransi","SBR"],
    ["41694","KOST KOSTAN (ADELINA)","JALAN BUNGA NCOLE","prelist","MEDAN TUNTUNGAN","KEMENANGAN TANI","LINGKUNGAN 5","","","I. Penyediaan Akomodasi dan Makan Minum","SBR"],
    ["41696","KURSUS BAHASA INGGRIS AEC","JALAN BUNGA LAU LK 3","prelist","MEDAN TUNTUNGAN","KEMENANGAN TANI","LINGKUNGAN 3","","","P. Pendidikan","SBR"],
    ["41720","SMP NEGERI 21 MEDAN","JL BUNGA RAMPAI 3 LINGKUNGAN 3","prelist","MEDAN TUNTUNGAN","SIMALINGKAR B","LINGKUNGAN 5","","","P. Pendidikan","SBR"],
    ["41724","BAKSO MEPER(WATI)","JALAN SEROJA RAYA LK 4","prelist","MEDAN TUNTUNGAN","KEMENANGAN TANI","LINGKUNGAN 4","","","I. Penyediaan Akomodasi dan Makan Minum","SBR"],
    ["41733","SEKOLAH PAUD CERDAS","JALAN BUNGA KARDIOL LK 3","prelist","MEDAN TUNTUNGAN","LADANG BAMBU","LINGKUNGAN 3","","","P. Pendidikan","SBR"],
    ["41736","SD MIS DARUL HIKMAH","JALAN KARET RAYA NOMOR 1 LINGKUNGAN 7","prelist","MEDAN TUNTUNGAN","MANGGA","LINGKUNGAN 7","","","P. Pendidikan","SBR"],
    ["41737","KOPERASI PEGAWAI NEGERI (SMP NEGERI 21 MEDAN)","JL BUNGA RAMPAI RAYA","prelist","MEDAN TUNTUNGAN","SIMALINGKAR B","LINGKUNGAN 3","","","K. Aktivitas Keuangan Dan Asuransi","SBR"],
    ["41763","HOTEL BINA BORTA","JL. FLAMBOYAN NO. 111","prelist","MEDAN TUNTUNGAN","TANJUNG SELAMAT","LINGKUNGAN 3","","","I. Penyediaan Akomodasi dan Makan Minum","SBR"],
    ["41765","BINA UTAMA, PT","JL. JAHE VII NO. 8 P","prelist","MEDAN TUNTUNGAN","MANGGA","LINGKUNGAN 14","","","F. Konstruksi","SBR"],
    ["41807","TK ELEANE","JL VANILI RAYA","prelist","MEDAN TUNTUNGAN","MANGGA","LINGKUNGAN 17","","","P. Pendidikan","SBR"],
    ["42078","PRAKTEK DOKTER <SYAIFUL>","JALAN SETIA BUDI NO 15 L K 16","prelist","MEDAN TUNTUNGAN","SIMPANG SELAYANG","LINGKUNGAN 16","","","Q. Jasa Kesehatan dan Kegiatan Sosial","SBR"],
    ["42115","PENGOBATAN PATAH TULANG (TENANG)","JALAN KARET 12 NO 3 L ING K UNGAN 7","prelist","MEDAN TUNTUNGAN","MANGGA","LINGKUNGAN 7","","","Q. Jasa Kesehatan dan Kegiatan Sosial","SBR"],
    ["42117","ALYA SALON (MASITA)","JALAN FLAMBOYAN RAYA LK 3","prelist","MEDAN TUNTUNGAN","TANJUNG SELAMAT","LINGKUNGAN 9","","","S. Aktivitas Jasa Lainnya","SBR"],
    ["42121","OUT BOND RAJASYAH","JALAN PET UNIA RAY A LK 3","prelist","MEDAN TUNTUNGAN","NAMO GAJAH","LINGKUNGAN 3","","","R. Kesenian, Hiburan, dan Rekreasi","SBR"],
    ["42122","STIKES SENIOR","JL DJAMIN GINTING NO 13 KM 8.5 MEDAN","prelist","MEDAN TUNTUNGAN","MANGGA","LINGKUNGAN 1","","","P. Pendidikan","SBR"],
    ["42181","BENGKEL NINA JAYA","JLN FLAMBOYAN RAYA LK 8","prelist","MEDAN TUNTUNGAN","TANJUNG SELAMAT","LINGKUNGAN 8","","","G. Perdagangan Besar dan Eceran, Reparasi Mobil dan Sepeda Motor","SBR"],
    ["42186","TRI HATRAS NUSANTARA PT","JALAN SAKURA LK 1","prelist","MEDAN TUNTUNGAN","TANJUNG SELAMAT","LINGKUNGAN 9","","","G. Perdagangan Besar dan Eceran, Reparasi Mobil dan Sepeda Motor","SBR"],
    ["42200","KURSUS MENJAHIT (WENTY)","JALAN BUNGA PANCUR 9 LK 4","prelist","MEDAN TUNTUNGAN","SIMPANG SELAYANG","LINGKUNGAN 9","","","P. Pendidikan","SBR"],
    ["42213","LEMBAGA SONIA KASIH","GANG TEBU NO 16 LINK 4","prelist","MEDAN TUNTUNGAN","TANJUNG SELAMAT","LINGKUNGAN 4","","","N. Jasa Persewaan, Ketenagakerjaan, Agen Perjalanan, dan Jasa Pendukung","SBR"],
    ["42240","KEDAI KELONTONG(MONA)","JALAN IRIGASI RAYA LK 4","prelist","MEDAN TUNTUNGAN","KEMENANGAN TANI","LINGKUNGAN 4","","","G. Perdagangan Besar dan Eceran, Reparasi Mobil dan Sepeda Motor","SBR"],
    ["42267","BILJO PRODUCTION","JALAN SEROJA RAYA LK 4","prelist","MEDAN TUNTUNGAN","KEMENANGAN TANI","LINGKUNGAN 4","","","M. Jasa Profesional, Ilmiah, dan Teknis","SBR"],
    ["42344","PRAKTEK BIDAN (TINA PINEM)","JLN BENDUNGAN 5 LINGKUNGAN 3 GG PURBA","prelist","MEDAN TUNTUNGAN","MANGGA","LINGKUNGAN 1","","","Q. Jasa Kesehatan dan Kegiatan Sosial","SBR"],
    ["42364","ALFA SCORPI AR HAKIM","JALAN FLAMBOYAN RAYA NO 59 LK 9","prelist","MEDAN TUNTUNGAN","TANJUNG SELAMAT","LINGKUNGAN 6","","","G. Perdagangan Besar dan Eceran, Reparasi Mobil dan Sepeda Motor","SBR"],
    ["42365","RUMAH MAKAN PADANG JAYA","JALAN TEMBAKAU RAYA NO 61 LINGKUNGAN 22","prelist","MEDAN TUNTUNGAN","MANGGA","LINGKUNGAN 22","","","I. Penyediaan Akomodasi dan Makan Minum","SBR"],
    ["42407","FLASH MEDAN","JL SETIA BUDI NO 90 BB LK 11","prelist","MEDAN TUNTUNGAN","SIMPANG SELAYANG","LINGKUNGAN 1","","","N. Jasa Persewaan, Ketenagakerjaan, Agen Perjalanan, dan Jasa Pendukung","SBR"],
    ["42494","YAYASAN INTERNASIONAL","JL TALI AIR NO 7 LING KUNGAN 4","prelist","MEDAN TUNTUNGAN","MANGGA","LINGKUNGAN 4","","","P. Pendidikan","SBR"],
    ["42552","PLANET LOUNDRY","JL JAMIN GINTING LINGKUNGAN 3","prelist","MEDAN TUNTUNGAN","MANGGA","LINGKUNGAN 3","","","S. Aktivitas Jasa Lainnya","SBR"],
    ["42705","PAUD ANUGRA MANDIRI","JALAN BUNGA TURI 2 LINGKUNGAN 4","prelist","MEDAN TUNTUNGAN","SIDOMULYO","LINGKUNGAN 4","","","P. Pendidikan","SBR"],
    ["42746","PRAKTIK DOKTER UMUM (ALDO)","JALAN PALES RAYA NO 5 I E LK 7","prelist","MEDAN TUNTUNGAN","SIMPANG SELAYANG","LINGKUNGAN 5","","","Q. Jasa Kesehatan dan Kegiatan Sosial","SBR"],
    ["42857","SARAH GORDEN","JL KAPITEN PURBA LING KUNGAN 3","prelist","MEDAN TUNTUNGAN","MANGGA","LINGKUNGAN 3","","","G. Perdagangan Besar dan Eceran, Reparasi Mobil dan Sepeda Motor","SBR"],
    ["42987","PANGLONG KARYA PERSADA","JALAN KAPITEN PURBA","prelist","MEDAN TUNTUNGAN","MANGGA","LINGKUNGAN 4","","","G. Perdagangan Besar dan Eceran, Reparasi Mobil dan Sepeda Motor","SBR"],
    ["43025","WARUNG KOPI <HAMIDUN>","JL JAMIN GINTING NO 91","prelist","MEDAN TUNTUNGAN","LAU CIH","LINGKUNGAN 2","","","I. Penyediaan Akomodasi dan Makan Minum","SBR"],
    ["43106","7 NAGA COMPUTER","JALAN TEMBAKAU RAYA NOMOR 68 LINGKUNGAN 15","prelist","MEDAN TUNTUNGAN","MANGGA","LINGKUNGAN 15","","","N. Jasa Persewaan, Ketenagakerjaan, Agen Perjalanan, dan Jasa Pendukung","SBR"],
    ["43127","AIR ISI ULANG (DARSONO)","JALAN BUNGA KARDIOL LK 5","prelist","MEDAN TUNTUNGAN","LADANG BAMBU","LINGKUNGAN 3","","","C. Industri Pengolahan","SBR"],
    ["43130","ARWANA JEWELLERY PT","JL SEROJA RAYA LINGKUNGAN 8","prelist","MEDAN TUNTUNGAN","TANJUNG SELAMAT","LINGKUNGAN 7","","","G. Perdagangan Besar dan Eceran, Reparasi Mobil dan Sepeda Motor","SBR"],
    ["43131","ISI ULANG AIR MINUM (DORTI)","JALAN JAHE RAYA NO. 30 A LINGKUNGAN 14","prelist","MEDAN TUNTUNGAN","MANGGA","LINGKUNGAN 14","","","C. Industri Pengolahan","SBR"],
    ["43132","KOPERASI (ANDREAS)","JALAN TEMBAKAU RAYA LING 19","prelist","MEDAN TUNTUNGAN","MANGGA","LINGKUNGAN 22","","","K. Aktivitas Keuangan Dan Asuransi","SBR"],
    ["43140","PINDO PONSEL","JALAN IRIGASI RAYA LK 4","prelist","MEDAN TUNTUNGAN","KEMENANGAN TANI","LINGKUNGAN 4","","","G. Perdagangan Besar dan Eceran, Reparasi Mobil dan Sepeda Motor","SBR"],
    ["43146","HOTEL CEMARA","JL JAMIN GINTING KM I 05 NO 100","prelist","MEDAN TUNTUNGAN","LAU CIH","LINGKUNGAN 2","","","I. Penyediaan Akomodasi dan Makan Minum","SBR"],
    ["43147","JUAL SPREI(RASMINTA)","JL IRIGASI RAYA LK 4","prelist","MEDAN TUNTUNGAN","KEMENANGAN TANI","LINGKUNGAN 4","","","G. Perdagangan Besar dan Eceran, Reparasi Mobil dan Sepeda Motor","SBR"],
    ["43310","TUKANG JAHIT (JUSTINUS)","JALAN COKLAT 3 NO 50 LINGKUNGAN 7","prelist","MEDAN TUNTUNGAN","MANGGA","LINGKUNGAN 7","","","C. Industri Pengolahan","SBR"],
    ["43334","BANK TABUNGAN NEGARA PT","JALAN KARET RAYA NO 5 9-61 LINGKUNGAN 7","prelist","MEDAN TUNTUNGAN","MANGGA","LINGKUNGAN 3","","","K. Aktivitas Keuangan Dan Asuransi","SBR"],
    ["43494","WESPANDEL GRUP CV","JL FLAMBOYAN VII NO 30B","prelist","MEDAN TUNTUNGAN","TANJUNG SELAMAT","LINGKUNGAN 2","","","F. Konstruksi","SBR"],
    ["43505","KLINIK BUKIT PERMAI","JALAN JAMIN GINTING LK I","prelist","MEDAN TUNTUNGAN","SIMPANG SELAYANG","LINGKUNGAN 1","","","Q. Jasa Kesehatan dan Kegiatan Sosial","SBR"],
    ["43596","HOTEL MITRA","JALAN JAMIN GINTING","prelist","MEDAN TUNTUNGAN","LADANG BAMBU","LINGKUNGAN 1","","","I. Penyediaan Akomodasi dan Makan Minum","SBR"],
    ["43624","SEKOLAH SD NEGERI 068332","JL RAMI","prelist","MEDAN TUNTUNGAN","MANGGA","LINGKUNGAN 21","","","P. Pendidikan","SBR"],
    ["43629","WARUNG ROKOK (AYUAZMI)","JALAN SETIA BUDI LINGKUNGAN 16","prelist","MEDAN TUNTUNGAN","SIMPANG SELAYANG","LINGKUNGAN 16","","","G. Perdagangan Besar dan Eceran, Reparasi Mobil dan Sepeda Motor","SBR"],
    ["43654","HOTEL LONARI","JL JAMIN GINTING KM 8,5 PADANG BULAN","prelist","MEDAN TUNTUNGAN","MANGGA","LINGKUNGAN 1","","","I. Penyediaan Akomodasi dan Makan Minum","SBR"],
    ["43656","WISMA VARINA (SITI)","JALAN FLAMBOYAN RAYA","prelist","MEDAN TUNTUNGAN","TANJUNG SELAMAT","LINGKUNGAN 4","","","I. Penyediaan Akomodasi dan Makan Minum","SBR"],
    ["43657","KONTRAKTOR PPK 14 (AL FIAN)","KOMPLEK PERUMAHAN PEMDA TINGKAT 2 LINGK 6","prelist","MEDAN TUNTUNGAN","TANJUNG SELAMAT","LINGKUNGAN 9","","","F. Konstruksi","SBR"],
    ["43746","PENGOBATAN TRADISIONAL (SEMATI)","JALAN PALES 3 NO 33 LK 7","prelist","MEDAN TUNTUNGAN","SIMPANG SELAYANG","LINGKUNGAN 7","","","Q. Jasa Kesehatan dan Kegiatan Sosial","SBR"],
    ["43761","TOKO OBAT FAJAR (VIKTOR)","JALAN TEMBAKAU RAYA NOMOR 960 LINGK 15","prelist","MEDAN TUNTUNGAN","MANGGA","LINGKUNGAN 15","","","G. Perdagangan Besar dan Eceran, Reparasi Mobil dan Sepeda Motor","SBR"],
    ["43782","BIDAN (NORMA)","JL VANILI RAYA NO 5 LINGKUNGAN 17","prelist","MEDAN TUNTUNGAN","MANGGA","LINGKUNGAN 17","","","Q. Jasa Kesehatan dan Kegiatan Sosial","SBR"],
    ["43825","DOKTER SPESIALIS (RELIGIUS)","JLN JAMIN GINTING LINGKUNGAN 2","prelist","MEDAN TUNTUNGAN","MANGGA","LINGKUNGAN 2","","","Q. Jasa Kesehatan dan Kegiatan Sosial","SBR"],
    ["43832","TUKANG KUSUK (TENANGTA)","JL TALI AIR 2 LINK 2","prelist","MEDAN TUNTUNGAN","MANGGA","LINGKUNGAN 4","","","S. Aktivitas Jasa Lainnya","SBR"],
    ["43833","SMP BUDI MURNI 2","J.L KAPITEN PURBA NO 18 LINGKUNGAN 3","prelist","MEDAN TUNTUNGAN","MANGGA","LINGKUNGAN 3","","","P. Pendidikan","SBR"],
    ["43839","SAYUR KELILING MAK MOLIDA","JL IRIGASI 4 NO 219 LK 4","prelist","MEDAN TUNTUNGAN","KEMENANGAN TANI","LINGKUNGAN 4","","","G. Perdagangan Besar dan Eceran, Reparasi Mobil dan Sepeda Motor","SBR"],
    ["43876","TPA TKA BHARLIND","JL JAMIN GINTING KM 105 LINGK 5","prelist","MEDAN TUNTUNGAN","SIMPANG SELAYANG","LINGKUNGAN 5","","","P. Pendidikan","SBR"],
    ["43883","TOKO SEMBAKO (KASIANI)","JALAN BUNGA KARDIOL LK 5","prelist","MEDAN TUNTUNGAN","LADANG BAMBU","LINGKUNGAN 3","","","G. Perdagangan Besar dan Eceran, Reparasi Mobil dan Sepeda Motor","SBR"],
    ["43928","KEDAI KELONTONG (GEMBIRA)","JLN TEMBAKAU RAYA NO 83 LING 18","prelist","MEDAN TUNTUNGAN","MANGGA","LINGKUNGAN 18","","","G. Perdagangan Besar dan Eceran, Reparasi Mobil dan Sepeda Motor","SBR"],
    ["43973","PAUD AMALIA","JL SAWIT 5 NO 7 LINGKUNGAN 8","prelist","MEDAN TUNTUNGAN","MANGGA","LINGKUNGAN 8","","","P. Pendidikan","SBR"],
    ["43983","BIDAN <AGUSTINA>","JALAN SEROJA 6 LING KUNGAN 7","prelist","MEDAN TUNTUNGAN","TANJUNG SELAMAT","LINGKUNGAN 7","","","Q. Jasa Kesehatan dan Kegiatan Sosial","SBR"],
    ["43992","BIDAN (HELEN)","JALAN MAWAR 1 LK 1","prelist","MEDAN TUNTUNGAN","SIMPANG SELAYANG","LINGKUNGAN 1","","","Q. Jasa Kesehatan dan Kegiatan Sosial","SBR"],
    ["44043","BANK BRI CABANG RSUP M ADAM MALIK","JALAN BUNGA LAU LK 3","prelist","MEDAN TUNTUNGAN","KEMENANGAN TANI","LINGKUNGAN 3","","","K. Aktivitas Keuangan Dan Asuransi","SBR"],
    ["44057","AGAVE DOORSMEER","JALAN JAMIN GINTING L KI","prelist","MEDAN TUNTUNGAN","KEMENANGAN TANI","LINGKUNGAN 1","","","G. Perdagangan Besar dan Eceran, Reparasi Mobil dan Sepeda Motor","SBR"],
    ["44074","UNIVERSITAS DIAN NUSANTARA","JLN JAMIN GINTING KM 12,5 LINK 1","prelist","MEDAN TUNTUNGAN","KEMENANGAN TANI","LINGKUNGAN 1","","","P. Pendidikan","SBR"],
    ["44098","BALAI PENGOBATAN UMUM HEAVEN","JALAN FLAMBOYAN RAYA NO 32 LINGKUNGAN 7","prelist","MEDAN TUNTUNGAN","TANJUNG SELAMAT","LINGKUNGAN 7","","","Q. Jasa Kesehatan dan Kegiatan Sosial","SBR"],
    ["44110","LOKET SAMPRI","JAMIN GINTING","prelist","MEDAN TUNTUNGAN","LAU CIH","LINGKUNGAN 1","","","H. Transportasi dan Pergudangan","SBR"],
    ["44122","KLINIK DAME","JALAN SEROJA RAYA LINGKUNGAN 8","prelist","MEDAN TUNTUNGAN","TANJUNG SELAMAT","LINGKUNGAN 7","","","Q. Jasa Kesehatan dan Kegiatan Sosial","SBR"],
    ["44135","SINGAPORE SCHOOL (SIS)","KOMPLEK ROYAL SUMATERA LING 5","prelist","MEDAN TUNTUNGAN","MANGGA","LINGKUNGAN 5","","","P. Pendidikan","SBR"],
    ["44136","PINEM UO","JL.JAMIN GINTING NO.8A GG. KAMMULI","prelist","MEDAN TUNTUNGAN","MANGGA","LINGKUNGAN 1","","","G. Perdagangan Besar dan Eceran, Reparasi Mobil dan Sepeda Motor","SBR"],
    ["44139","TUNAS KARYA CV","JALAN BAWANG 9 NOMOR 14 LINGKUNGAN 15","prelist","MEDAN TUNTUNGAN","MANGGA","LINGKUNGAN 15","","","F. Konstruksi","SBR"],
    ["44198","ALFAMIDI","JL JAMIN GINTING NO 88H","prelist","MEDAN TUNTUNGAN","MANGGA","LINGKUNGAN 2","","","G. Perdagangan Besar dan Eceran, Reparasi Mobil dan Sepeda Motor","SBR"],
    ["44216","TOKO BORDIR","JL KAPITEN PURBA LING KUNGAN 3","prelist","MEDAN TUNTUNGAN","MANGGA","LINGKUNGAN 3","","","S. Aktivitas Jasa Lainnya","SBR"],
    ["44248","PUTERA AUTO PERKAS A P T","JL FLAMBOYAN RAYA NO GG TJ SELAMAT MEDAN","prelist","MEDAN TUNTUNGAN","TANJUNG SELAMAT","LINGKUNGAN 4","","","G. Perdagangan Besar dan Eceran, Reparasi Mobil dan Sepeda Motor","SBR"],
    ["44249","CV CIPTA KARYA RAYA (SALEM)","KOMPLEK SETIA BUDI VISTA BLOK F LK 10","prelist","MEDAN TUNTUNGAN","SIMPANG SELAYANG","LINGKUNGAN 10","","","G. Perdagangan Besar dan Eceran, Reparasi Mobil dan Sepeda Motor","SBR"],
    ["44254","TOKO OBAT (PAGAR DAWAN)","JL JAMIN GINTING LINK 2","prelist","MEDAN TUNTUNGAN","MANGGA","LINGKUNGAN 2","","","G. Perdagangan Besar dan Eceran, Reparasi Mobil dan Sepeda Motor","SBR"],
    ["44256","ICE COFFE BLEND (TINA)","JALAN BUNGA LAU KIOS NO 11 LK 3","prelist","MEDAN TUNTUNGAN","KEMENANGAN TANI","LINGKUNGAN 3","","","G. Perdagangan Besar dan Eceran, Reparasi Mobil dan Sepeda Motor","SBR"],
    ["44262","KONSULTAN TENJARAS","JALAN JAMIN GINTING LK I","prelist","MEDAN TUNTUNGAN","KEMENANGAN TANI","LINGKUNGAN 1","","","M. Jasa Profesional, Ilmiah, dan Teknis","SBR"],
    ["44264","C V PADANG BULAN GAS","JALAN JAMIN GINTING LK I","prelist","MEDAN TUNTUNGAN","KEMENANGAN TANI","LINGKUNGAN 1","","","G. Perdagangan Besar dan Eceran, Reparasi Mobil dan Sepeda Motor","SBR"],
    ["44265","CAFE HIPHOP (ANDAWA)","PANTAI BOKEK","prelist","MEDAN TUNTUNGAN","TANJUNG SELAMAT","LINGKUNGAN 9","","","G. Perdagangan Besar dan Eceran, Reparasi Mobil dan Sepeda Motor","SBR"],
    ["44293","INDOMARET","JL JAMIN GINTING NO 3 LINK 1","prelist","MEDAN TUNTUNGAN","SIMPANG SELAYANG","LINGKUNGAN 5","","","G. Perdagangan Besar dan Eceran, Reparasi Mobil dan Sepeda Motor","SBR"],
    ["44342","VARINA FLAMBOYAN","JL FLAMBOYAN RAYA TANJUNG SELAMAT","prelist","MEDAN TUNTUNGAN","TANJUNG SELAMAT","LINGKUNGAN 5","","","I. Penyediaan Akomodasi dan Makan Minum","SBR"],
    ["44370","JUAL GAS (JASPIS)","JALAN BUNGA KARDIOL LK 3","prelist","MEDAN TUNTUNGAN","LADANG BAMBU","LINGKUNGAN 3","","","G. Perdagangan Besar dan Eceran, Reparasi Mobil dan Sepeda Motor","SBR"],
    ["44374","KANTIN AKPER (NANI S)","JALAN BUNGA NCOLE GANG DATRA LK 5","prelist","MEDAN TUNTUNGAN","KEMENANGAN TANI","LINGKUNGAN 5","","","I. Penyediaan Akomodasi dan Makan Minum","SBR"],
    ["44375","PENJAHIT (ERINAWATI)","JALAN BUNGA NCOLE LK 4","prelist","MEDAN TUNTUNGAN","KEMENANGAN TANI","LINGKUNGAN 3","","","C. Industri Pengolahan","SBR"],
    ["44392","TK SOS DESA TARUNA","JALAN SEROJA RAYA LINGKUNGAN 8","prelist","MEDAN TUNTUNGAN","TANJUNG SELAMAT","LINGKUNGAN 7","","","P. Pendidikan","SBR"],
    ["44472","JUAL JAJANAN <JUNITA SEMBIRING>","PERUMAHAN PARIAMA BLOK E LK 5","prelist","MEDAN TUNTUNGAN","LADANG BAMBU","LINGKUNGAN 5","","","G. Perdagangan Besar dan Eceran, Reparasi Mobil dan Sepeda Motor","SBR"],
    ["44483","RIMBUN JAYA UD","JL.FLAMBOYAN RAYA NO 73","prelist","MEDAN TUNTUNGAN","TANJUNG SELAMAT","LINGKUNGAN 3","","","G. Perdagangan Besar dan Eceran, Reparasi Mobil dan Sepeda Motor","SBR"],
    ["44487","KONSULTAN (SAMSURIADI)","KOMPLEK SETIA BUDI VISTA BLOK H NO 5 LK 10","prelist","MEDAN TUNTUNGAN","SIMPANG SELAYANG","LINGKUNGAN 10","","","S. Aktivitas Jasa Lainnya","SBR"],
    ["44547","DODORI ABADI CEMERLANG, PT","Jl. Irigasi no 14/15 medan","prelist","MEDAN TUNTUNGAN","MANGGA","LINGKUNGAN 2","","","F. Konstruksi","SBR"],
    ["44602","GRATIO FLORIST","JALAN KAPITEN PURBA LINGKUNGAN 4","prelist","MEDAN TUNTUNGAN","MANGGA","LINGKUNGAN 4","","","C. Industri Pengolahan","SBR"],
    ["44605","PROYEK JALAN","JALAN IRIGASI LINGKUNGAN 2","prelist","MEDAN TUNTUNGAN","MANGGA","LINGKUNGAN 5","","","F. Konstruksi","SBR"],
    ["44623","RUMAH MAKAN TUL UNG AG UNG","JALAN JAMIN GINTING LK 1","prelist","MEDAN TUNTUNGAN","LADANG BAMBU","LINGKUNGAN 5","","","I. Penyediaan Akomodasi dan Makan Minum","SBR"],
    ["44626","ADHI BINA PERSADA, CV","JL.JAHE VII NO.8 SIMALINGKAR","prelist","MEDAN TUNTUNGAN","MANGGA","LINGKUNGAN 14","","","F. Konstruksi","SBR"],
    ["44628","TOKO PERABOT (MOSES)","JALAN JAHE RAYA NO.32 A LINGKUNGAN 14","prelist","MEDAN TUNTUNGAN","MANGGA","LINGKUNGAN 14","","","G. Perdagangan Besar dan Eceran, Reparasi Mobil dan Sepeda Motor","SBR"],
    ["44631","KLINIK BIDAN (MANURUNG)","JLN TEMBAKAU RAYA NO 71 LK 18","prelist","MEDAN TUNTUNGAN","MANGGA","LINGKUNGAN 18","","","Q. Jasa Kesehatan dan Kegiatan Sosial","SBR"],
    ["44654","TOKO CINDY","JALAN KAPITEN PURBA LINGKUNGAN 4","prelist","MEDAN TUNTUNGAN","MANGGA","LINGKUNGAN 4","","","G. Perdagangan Besar dan Eceran, Reparasi Mobil dan Sepeda Motor","SBR"],
    ["44669","TEGER NET (NATANAEL)","JL SETIA BUDI","prelist","MEDAN TUNTUNGAN","MANGGA","LINGKUNGAN 2","","","J. Informasi dan Komunikasi","SBR"],
    ["44681","HOTEL MURAI MELATI 2","JALAN SETIA BUDI LK 9","prelist","MEDAN TUNTUNGAN","SIMPANG SELAYANG","LINGKUNGAN 9","","","I. Penyediaan Akomodasi dan Makan Minum","SBR"],
    ["44716","KELONTONG (SASTRAWAN)","JL JAMIN GINTING NO 17","prelist","MEDAN TUNTUNGAN","MANGGA","LINGKUNGAN 1","","","G. Perdagangan Besar dan Eceran, Reparasi Mobil dan Sepeda Motor","SBR"],
    ["44720","TPA RAUDHATUL ATHFAL","JL SEROJA RAYA LK 4","prelist","MEDAN TUNTUNGAN","KEMENANGAN TANI","LINGKUNGAN 2","","","P. Pendidikan","SBR"],
    ["44721","PEMBUATAN KUSEN RUMAH (MUJO)","JALAN BUNG A PARIAMA 2 LK 5","prelist","MEDAN TUNTUNGAN","LADANG BAMBU","LINGKUNGAN 5","","","C. Industri Pengolahan","SBR"],
    ["44722","MENJUAL PUPUK (MANGANTAR)","JALAN BUNG A NCOLE RAY A LK S","prelist","MEDAN TUNTUNGAN","KEMENANGAN TANI","LINGKUNGAN 5","","","G. Perdagangan Besar dan Eceran, Reparasi Mobil dan Sepeda Motor","SBR"],
    ["44725","ALFAMIDI","JALAN JAMIN GINTING LK I","prelist","MEDAN TUNTUNGAN","KEMENANGAN TANI","LINGKUNGAN 1","","","G. Perdagangan Besar dan Eceran, Reparasi Mobil dan Sepeda Motor","SBR"],
    ["44727","PENYEDIAAN GAS <RATNA WATI>","JALAN BUNGA KARDIOL LK 5","prelist","MEDAN TUNTUNGAN","LADANG BAMBU","LINGKUNGAN 3","","","G. Perdagangan Besar dan Eceran, Reparasi Mobil dan Sepeda Motor","SBR"],
    ["44769","SINAR LOGAM","JL LETJEND JAMIN GINT ING LINGKUNGAN 3","prelist","MEDAN TUNTUNGAN","MANGGA","LINGKUNGAN 1","","","C. Industri Pengolahan","SBR"],
    ["44779","AROMA","JL KAPITEN PURBA LINGKUNGAN 4","prelist","MEDAN TUNTUNGAN","MANGGA","LINGKUNGAN 4","","","G. Perdagangan Besar dan Eceran, Reparasi Mobil dan Sepeda Motor","SBR"],
    ["44793","CV SAGITA UTAMA","JL LETJEN JHAMIN GINTING GG KAMBOJA NO 44","prelist","MEDAN TUNTUNGAN","KEMENANGAN TANI","LINGKUNGAN 1","","","F. Konstruksi","SBR"],
    ["44886","OPTIK REYY","JL KARET RAYA NO 105 LK XXIV PERUMNOS","prelist","MEDAN TUNTUNGAN","MANGGA","LINGKUNGAN 24","","","G. Perdagangan Besar dan Eceran, Reparasi Mobil dan Sepeda Motor","SBR"],
    ["45064","WARUNG BAKSO IBU","JALAN KARET RAYA NO 1 LINGKUNGAN 7","prelist","MEDAN TUNTUNGAN","MANGGA","LINGKUNGAN 7","","","I. Penyediaan Akomodasi dan Makan Minum","SBR"],
    ["45066","ALFAMART","JLN JAMIN GINTING NO 1 LINK 1","prelist","MEDAN TUNTUNGAN","MANGGA","LINGKUNGAN 3","","","G. Perdagangan Besar dan Eceran, Reparasi Mobil dan Sepeda Motor","SBR"],
    ["45075","HOTEL BUKIT INDAH","JALAN ANGGREK RAYA LK 9","prelist","MEDAN TUNTUNGAN","SIMPANG SELAYANG","LINGKUNGAN 9","","","I. Penyediaan Akomodasi dan Makan Minum","SBR"],
    ["45104","SD ISLAM AL RIDHA","JL KARET RAYA NO 68AA LINGKUNGAN 8","prelist","MEDAN TUNTUNGAN","MANGGA","LINGKUNGAN 9","","","P. Pendidikan","SBR"],
    ["45110","ESE FOOD ENGINEERING PT","JALAN SAKURA 3 LK 1","prelist","MEDAN TUNTUNGAN","TANJUNG SELAMAT","LINGKUNGAN 4","","","N. Jasa Persewaan, Ketenagakerjaan, Agen Perjalanan, dan Jasa Pendukung","SBR"],
    ["45116","KURNIA SUKSES ABADI PT","JL TEH 40 NO 64 LINK II","prelist","MEDAN TUNTUNGAN","MANGGA","LINGKUNGAN 16","","","G. Perdagangan Besar dan Eceran, Reparasi Mobil dan Sepeda Motor","SBR"],
    ["45127","DUKUN PATAH BATUERDAN","JL BERAS MUNTE LINK 2","prelist","MEDAN TUNTUNGAN","MANGGA","LINGKUNGAN 2","","","Q. Jasa Kesehatan dan Kegiatan Sosial","SBR"],
    ["45128","BUAH BUAHAN (RIANHA)","JL KAPITEN PURBA LING KUNGAN 3","prelist","MEDAN TUNTUNGAN","MANGGA","LINGKUNGAN 4","","","G. Perdagangan Besar dan Eceran, Reparasi Mobil dan Sepeda Motor","SBR"],
    ["45130","REFLEXI (NADERA)","JL VANILI RAYA NO 56 LINGKUNGAN 17","prelist","MEDAN TUNTUNGAN","MANGGA","LINGKUNGAN 20","","","Q. Jasa Kesehatan dan Kegiatan Sosial","SBR"],
    ["45152","INDOMARCO PRISMATAMA PT","JL FLAMBOYAN RAYA LK 2","prelist","MEDAN TUNTUNGAN","TANJUNG SELAMAT","LINGKUNGAN 4","","","G. Perdagangan Besar dan Eceran, Reparasi Mobil dan Sepeda Motor","SBR"],
    ["45154","TK MELATI","JALAN KARET RAYA NOMOR 1 LINGKUNGAN 7","prelist","MEDAN TUNTUNGAN","MANGGA","LINGKUNGAN 3","","","P. Pendidikan","SBR"],
    ["45168","BANK MANDIRI KCP MELATI","JALAN FLAMBOYAN RAYA PASAR MELATI LK 4 TANJUNG SELAMAT","prelist","MEDAN TUNTUNGAN","TANJUNG SELAMAT","LINGKUNGAN 2","","","K. Aktivitas Keuangan Dan Asuransi","SBR"],
    ["45207","MAJU BERSAMA UD","JL.JAMIN GINTING GG.KARYA MUTI","prelist","MEDAN TUNTUNGAN","SIMPANG SELAYANG","LINGKUNGAN 1","","","G. Perdagangan Besar dan Eceran, Reparasi Mobil dan Sepeda Motor","SBR"],
    ["45283","SUPIR ANGKOT (DISON)","JALAN BUNGA LAU 1 GANG TARIGAN LK 3","prelist","MEDAN TUNTUNGAN","KEMENANGAN TANI","LINGKUNGAN 3","","","H. Transportasi dan Pergudangan","SBR"],
    ["45284","PENJUAL GAS ECERAN (LINA WATI)","JALAH BUNGA KEMUNING","prelist","MEDAN TUNTUNGAN","LADANG BAMBU","LINGKUNGAN 5","","","G. Perdagangan Besar dan Eceran, Reparasi Mobil dan Sepeda Motor","SBR"],
    ["45304","PENARIK BETOR(ALDINUS)","JALAN BUNGA TEROMPET 6 NO 10 E","prelist","MEDAN TUNTUNGAN","SIMPANG SELAYANG","LINGKUNGAN 7","","","H. Transportasi dan Pergudangan","SBR"],
    ["45464","JUSTONE FAMILY COURSE","JALAN JAMIN GINTING LK I","prelist","MEDAN TUNTUNGAN","KEMENANGAN TANI","LINGKUNGAN 2","","","P. Pendidikan","SBR"],
    ["45502","JAMBUR HALILINTAR (TUAH)","JALAN JAMIN GINTING KM II LK 3","prelist","MEDAN TUNTUNGAN","SIMPANG SELAYANG","LINGKUNGAN 3","","","L. Real Estat","SBR"],
    ["45537","JNE (JULIANA)","JAMIN GINTING NO 681","prelist","MEDAN TUNTUNGAN","MANGGA","LINGKUNGAN 1","","","H. Transportasi dan Pergudangan","SBR"],
    ["45559","TOKO IRA (MANGAPUL)","JLN SEROJA RAYA LINGKUGAN B","prelist","MEDAN TUNTUNGAN","TANJUNG SELAMAT","LINGKUNGAN 8","","","G. Perdagangan Besar dan Eceran, Reparasi Mobil dan Sepeda Motor","SBR"],
    ["45571","SMP ASISI","JALAN ANGGREK RAYA NO 24 LK 9","prelist","MEDAN TUNTUNGAN","SIMPANG SELAYANG","LINGKUNGAN 9","","","P. Pendidikan","SBR"],
    ["45652","AKPER WIRAHUSADA","JALAN BUNGA NCOLE NO 100","prelist","MEDAN TUNTUNGAN","KEMENANGAN TANI","LINGKUNGAN 5","","","P. Pendidikan","SBR"],
    ["45657","KHARISMA GAS LPG","JALAN BUNGA LAU NO 23 LK 3","prelist","MEDAN TUNTUNGAN","KEMENANGAN TANI","LINGKUNGAN 3","","","G. Perdagangan Besar dan Eceran, Reparasi Mobil dan Sepeda Motor","SBR"],
    ["45723","PUSAKA MANDIRI CV","JALAN CEMPAKA KOMPLEK ACM BLOK A NO 9","prelist","MEDAN TUNTUNGAN","TANJUNG SELAMAT","LINGKUNGAN 1","","","G. Perdagangan Besar dan Eceran, Reparasi Mobil dan Sepeda Motor","SBR"],
    ["45757","SALON PENGANTIN(BONIS)","JALAN PALES RAYA NO 1 LK 7","prelist","MEDAN TUNTUNGAN","SIMPANG SELAYANG","LINGKUNGAN 5","","","S. Aktivitas Jasa Lainnya","SBR"],
    ["45763","NAMBUN GAS","JI KAPITEN PURBA LING KUNGAN 3","prelist","MEDAN TUNTUNGAN","MANGGA","LINGKUNGAN 3","","","G. Perdagangan Besar dan Eceran, Reparasi Mobil dan Sepeda Motor","SBR"],
    ["45764","PDAM TIRTANADI","JALAN KARET RAYA NOMOR 3 LINGKUNGAN 7","prelist","MEDAN TUNTUNGAN","MANGGA","LINGKUNGAN 7","","","E. Pengadaan Air, Pengelolaan Sampah, Limbah, dan Daur Ulang","SBR"],
    ["45785","INDOMARET VILLA ZEQITA","JL JAMIN GINTING VILLA ZEQITA LINK 1","prelist","MEDAN TUNTUNGAN","LAU CIH","LINGKUNGAN 1","","","G. Perdagangan Besar dan Eceran, Reparasi Mobil dan Sepeda Motor","SBR"],
    ["45786","TK SANTA CLARA","JALAN BUNGA RAMPE 2 LINGKUNGAN 1","prelist","MEDAN TUNTUNGAN","SIMALINGKAR B","LINGKUNGAN 1","","","P. Pendidikan","SBR"],
    ["45787","WARUNG KOPI (PAKPAHAN)","JALAN BUNGA TEROMPET LK 7","prelist","MEDAN TUNTUNGAN","SIMPANG SELAYANG","LINGKUNGAN 7","","","I. Penyediaan Akomodasi dan Makan Minum","SBR"],
    ["45789","HOTEL PELANGI","JL JAMIN GINTING KM 105 LINGK 5","prelist","MEDAN TUNTUNGAN","SIMPANG SELAYANG","LINGKUNGAN 5","","","I. Penyediaan Akomodasi dan Makan Minum","SBR"],
    ["45816","KIOS BUAH <UMAR>","Pasar induk laucih medan","prelist","MEDAN TUNTUNGAN","LAU CIH","LINGKUNGAN 3","","","G. Perdagangan Besar dan Eceran, Reparasi Mobil dan Sepeda Motor","SBR"],
    ["46086","KOPERASI RAUDATUL HAS ANAH","JL JAMIN GINTING","prelist","MEDAN TUNTUNGAN","SIMPANG SELAYANG","LINGKUNGAN 2","","","K. Aktivitas Keuangan Dan Asuransi","SBR"],
    ["46088","TK SD HOLISTIC CHILDREN CENTER","JL SETIA BUDI GG P DA K NO 6","prelist","MEDAN TUNTUNGAN","SIMPANG SELAYANG","LINGKUNGAN 16","","","P. Pendidikan","SBR"],
    ["46089","DEPOT AIR (CANDRA)","TAMAN PESONA INDAH LINGKUNGAN 7","prelist","MEDAN TUNTUNGAN","TANJUNG SELAMAT","LINGKUNGAN 7","","","C. Industri Pengolahan","SBR"],
    ["46181","SPBU SELAYANG","JL SETIA BUDI SIMPANG PEMDA","prelist","MEDAN TUNTUNGAN","SIMPANG SELAYANG","LINGKUNGAN 2","","","G. Perdagangan Besar dan Eceran, Reparasi Mobil dan Sepeda Motor","SBR"],
    ["46225","CV KARISTA","JALAN JAMIN GINTING LINGKUNGAN 1","prelist","MEDAN TUNTUNGAN","SIMPANG SELAYANG","LINGKUNGAN 2","","","L. Real Estat","SBR"],
    ["46227","KANTOR POS","JALAN FLAMBOYAN RAYA","prelist","MEDAN TUNTUNGAN","TANJUNG SELAMAT","LINGKUNGAN 4","","","H. Transportasi dan Pergudangan","SBR"],
    ["46240","VICTOR JAYA RAYA, PT","JL. JAMIN GINTING KM 8,5 KOMPLEK ROYAL SUMATERA LING 5","prelist","MEDAN TUNTUNGAN","MANGGA","LINGKUNGAN 1","","","L. Real Estat","SBR"],
    ["46242","HOTEL CITRA ANGGREK","JALAN ANGGREK RAYA LK 9","prelist","MEDAN TUNTUNGAN","SIMPANG SELAYANG","LINGKUNGAN 9","","","I. Penyediaan Akomodasi dan Makan Minum","SBR"],
    ["46250","SMK TELKOM SHANDY PUTRA","JL JAMIN GINTING NO 9","prelist","MEDAN TUNTUNGAN","SIMPANG SELAYANG","LINGKUNGAN 5","","","P. Pendidikan","SBR"],
    ["46258","OPTIK ENDANG","JALAN JAMIN GINTING LING K UNG AN 3","prelist","MEDAN TUNTUNGAN","MANGGA","LINGKUNGAN 3","","","G. Perdagangan Besar dan Eceran, Reparasi Mobil dan Sepeda Motor","SBR"],
    ["46260","GM GRATIA MOBIL","JALAN KAPITEN PURBA L INGKUNGAN 4","prelist","MEDAN TUNTUNGAN","MANGGA","LINGKUNGAN 4","","","G. Perdagangan Besar dan Eceran, Reparasi Mobil dan Sepeda Motor","SBR"],
    ["46265","MARTABAK BANGKA (JUNA)","JL KAPITEN PURBA LINGKUNGAN 3","prelist","MEDAN TUNTUNGAN","MANGGA","LINGKUNGAN 4","","","I. Penyediaan Akomodasi dan Makan Minum","SBR"],
    ["46266","TOKO KACA BERKAH","JALAN KAPITEN PURBA LINGKUNGAN4","prelist","MEDAN TUNTUNGAN","MANGGA","LINGKUNGAN 4","","","G. Perdagangan Besar dan Eceran, Reparasi Mobil dan Sepeda Motor","SBR"],
    ["46284","BIDAN M BUTAR BUTAR","JL KAPAS 5 NO. 32 P SIMALINGKAR LK 18","prelist","MEDAN TUNTUNGAN","MANGGA","LINGKUNGAN 18","","","Q. Jasa Kesehatan dan Kegiatan Sosial","SBR"],
    ["46337","SMP BHARLIND SCHOOL","JL JAMIN GINTING KM 105 LINGK 5","prelist","MEDAN TUNTUNGAN","SIMPANG SELAYANG","LINGKUNGAN 5","","","P. Pendidikan","SBR"],
    ["46549","BIMBEL SMART CLUB","J L SETIA BUDI KOMP TASBIH BLOK E 74","prelist","MEDAN TUNTUNGAN","MANGGA","LINGKUNGAN 7","","","P. Pendidikan","SBR"],
    ["46901","DOKTER GIGI (MARSAL)","JL JAMIN GINTING KM 105 LK 5","prelist","MEDAN TUNTUNGAN","SIMPANG SELAYANG","LINGKUNGAN 5","","","Q. Jasa Kesehatan dan Kegiatan Sosial","SBR"],
    ["46924","SD NEGERI 064023","JALAN JAMIN GINTING KEMENANGAN TANI LK I","prelist","MEDAN TUNTUNGAN","KEMENANGAN TANI","LINGKUNGAN 1","","","P. Pendidikan","SBR"],
    ["46985","KEDAI SEMBAKO(ADI)","JALAN SEROJA RAYA LK 4","prelist","MEDAN TUNTUNGAN","KEMENANGAN TANI","LINGKUNGAN 4","","","G. Perdagangan Besar dan Eceran, Reparasi Mobil dan Sepeda Motor","SBR"],
    ["46993","SD NEGERI 064026 (MAREDES SITUMORANG)","JALAN BUNGA KARDIOL LK 5","prelist","MEDAN TUNTUNGAN","LADANG BAMBU","LINGKUNGAN 5","","","P. Pendidikan","SBR"],
    ["47043","BIDAN (PUTRI)","JALAN BUNGA RINTE GANG KABAN LINGKUNGAN B","prelist","MEDAN TUNTUNGAN","SIMPANG SELAYANG","LINGKUNGAN 17","","","Q. Jasa Kesehatan dan Kegiatan Sosial","SBR"],
    ["47114","KIOS BUAH <ANDIS>","PASAR INDUK TUNTUNGAN","prelist","MEDAN TUNTUNGAN","LAU CIH","LINGKUNGAN 3","","","G. Perdagangan Besar dan Eceran, Reparasi Mobil dan Sepeda Motor","SBR"],
    ["47210","CV TRIANGLE MANDIRI","JALAN FLAMBOYAN 6 NO 44 LINGKUNGAN 7","prelist","MEDAN TUNTUNGAN","TANJUNG SELAMAT","LINGKUNGAN 7","","","C. Industri Pengolahan","SBR"],
    ["47259","UD SURABAYA","JL.FLAMBOYAN RAYA GG BAHRUM","prelist","MEDAN TUNTUNGAN","TANJUNG SELAMAT","LINGKUNGAN 2","","","G. Perdagangan Besar dan Eceran, Reparasi Mobil dan Sepeda Motor","SBR"],
    ["47265","AIRA BARU,CV","JL CENGKEH NO 42 LK 12","prelist","MEDAN TUNTUNGAN","MANGGA","LINGKUNGAN 11","","","F. Konstruksi","SBR"],
    ["47273","AKPER DARMO","JL. TALI AIR KEC MEDAN TUNTUNGAN","prelist","MEDAN TUNTUNGAN","MANGGA","LINGKUNGAN 4","","","P. Pendidikan","SBR"],
    ["47319","MTS DARUL HIKMAH","JALAN KARET RAYA NOMOR 1 LINGKINGAN 7","prelist","MEDAN TUNTUNGAN","MANGGA","LINGKUNGAN 7","","","P. Pendidikan","SBR"],
    ["47320","TAN TOBA NFT","JL KAPITEN PURBA LING K UNGAN 3","prelist","MEDAN TUNTUNGAN","MANGGA","LINGKUNGAN 4","","","J. Informasi dan Komunikasi","SBR"],
    ["47322","DOKTER G I G I","JL KAPITEN PURBA LING KUNGAN 3","prelist","MEDAN TUNTUNGAN","MANGGA","LINGKUNGAN 4","","","Q. Jasa Kesehatan dan Kegiatan Sosial","SBR"],
    ["47336","PEGADAIAN (PERSERO),PT","JALAN TEMBAKAU RAYA NO 38","prelist","MEDAN TUNTUNGAN","MANGGA","LINGKUNGAN 13","","","K. Aktivitas Keuangan Dan Asuransi","SBR"],
    ["47338","PT SUMBER PELITA LESTARI","JALAN JAHE RATA NO 68 LINGKUNGAN 14","prelist","MEDAN TUNTUNGAN","MANGGA","LINGKUNGAN 14","","","G. Perdagangan Besar dan Eceran, Reparasi Mobil dan Sepeda Motor","SBR"],
    ["47394","PRAKTEK BIDAN (NORMA)","JLN BUNGA RAMPAI IV LING 4","prelist","MEDAN TUNTUNGAN","SIMALINGKAR B","LINGKUNGAN 4","","","Q. Jasa Kesehatan dan Kegiatan Sosial","SBR"],
    ["47437","GLOBAL MOTOR(WILLY)","JALAN FLAMBOYAN RAYA LK 2","prelist","MEDAN TUNTUNGAN","TANJUNG SELAMAT","LINGKUNGAN 2","","","G. Perdagangan Besar dan Eceran, Reparasi Mobil dan Sepeda Motor","SBR"],
    ["47455","DELAPAN ENGINEERING CV","JALAN COKLAT 3 NO 22 LINGKUNGAN 7","prelist","MEDAN TUNTUNGAN","MANGGA","LINGKUNGAN 7","","","G. Perdagangan Besar dan Eceran, Reparasi Mobil dan Sepeda Motor","SBR"],
    ["47571","MANDIRI MOBIL","JL SETIA BUDI","prelist","MEDAN TUNTUNGAN","SIMPANG SELAYANG","LINGKUNGAN 17","","","P. Pendidikan","SBR"],
    ["47856","ANDO YOLAN TINAMBUNAN UD","JL SEROJA RAYA LINGKUNGAN 8","prelist","MEDAN TUNTUNGAN","TANJUNG SELAMAT","LINGKUNGAN 4","","","G. Perdagangan Besar dan Eceran, Reparasi Mobil dan Sepeda Motor","SBR"],
    ["47870","JUALAN JAHE <OFLY>","PASAR INDUK LAUCIH TUNTUNGAN","prelist","MEDAN TUNTUNGAN","LAU CIH","LINGKUNGAN 3","","","G. Perdagangan Besar dan Eceran, Reparasi Mobil dan Sepeda Motor","SBR"],
    ["47873","KIOS BUAH <MADI>","PASAR INDUK TUNTUNGAN","prelist","MEDAN TUNTUNGAN","LAU CIH","LINGKUNGAN 3","","","G. Perdagangan Besar dan Eceran, Reparasi Mobil dan Sepeda Motor","SBR"],
    ["47877","USAHA ORIFLAME (ELSANTA)","JL SEROJA 1 LINGKUNGAN 8","prelist","MEDAN TUNTUNGAN","TANJUNG SELAMAT","LINGKUNGAN 8","","","G. Perdagangan Besar dan Eceran, Reparasi Mobil dan Sepeda Motor","SBR"],
    ["47929","ISTANA PUTRA DELI","JL FLAMBOYAN RAYA NO 8 ,MEDAN","prelist","MEDAN TUNTUNGAN","TANJUNG SELAMAT","LINGKUNGAN 6","","","F. Konstruksi","SBR"],
    ["47960","YAYASAN KANKER ANAK","JALAN CARDIAK N034 LK III","prelist","MEDAN TUNTUNGAN","KEMENANGAN TANI","LINGKUNGAN 2","","","Q. Jasa Kesehatan dan Kegiatan Sosial","SBR"],
    ["47969","SUPIR DAN PEMILIK ANGKUTAN (SAKIMAN)","JALAN BUNGA KARDIOL LK 5","prelist","MEDAN TUNTUNGAN","LADANG BAMBU","LINGKUNGAN 3","","","H. Transportasi dan Pergudangan","SBR"],
    ["47980","BALAI PENGOBATAN (DAUS)","JALAN BUNGA KARDIOL","prelist","MEDAN TUNTUNGAN","LADANG BAMBU","LINGKUNGAN 3","","","Q. Jasa Kesehatan dan Kegiatan Sosial","SBR"],
    ["47982","SUPIR ANGKUTAN JUGA PEMILIKNYA (RANTOSED)","JALAN BUNGA GANYONG BAMBU MAS LK 5","prelist","MEDAN TUNTUNGAN","LADANG BAMBU","LINGKUNGAN 5","","","H. Transportasi dan Pergudangan","SBR"],
    ["47987","KLINIK BERSALIN (NINING)","JALAN BUNGA PARIAMA 2 LK 5","prelist","MEDAN TUNTUNGAN","LADANG BAMBU","LINGKUNGAN 5","","","Q. Jasa Kesehatan dan Kegiatan Sosial","SBR"],
    ["48102","SILVI SERVICE (EKO)","JALAN KARET NOMOR 1 L INGKUNGAN 7","prelist","MEDAN TUNTUNGAN","MANGGA","LINGKUNGAN 3","","","S. Aktivitas Jasa Lainnya","SBR"],
    ["48176","TOKO SEMBAKO (NURAINI)","JALAN BUNGA KARDIOL LK 5","prelist","MEDAN TUNTUNGAN","LADANG BAMBU","LINGKUNGAN 3","","","G. Perdagangan Besar dan Eceran, Reparasi Mobil dan Sepeda Motor","SBR"],
    ["48177","MUNCUL LIGHTING","J L LADANG NO 8","prelist","MEDAN TUNTUNGAN","MANGGA","LINGKUNGAN 1","","","N. Jasa Persewaan, Ketenagakerjaan, Agen Perjalanan, dan Jasa Pendukung","SBR"],
    ["48180","HILON SUMATERA, PT","JL. LETJEND JAMIN GINTING KM.11 NO. 64 A","prelist","MEDAN TUNTUNGAN","SIMPANG SELAYANG","LINGKUNGAN 2","","","C. Industri Pengolahan","SBR"],
    ["48181","STT PAULUS","KAPITEN PURBA 1 LINGKUNGAN 3","prelist","MEDAN TUNTUNGAN","MANGGA","LINGKUNGAN 3","","","P. Pendidikan","SBR"],
    ["48202","KIOS BUAH <LIANA>","Pasar induk laucih medan","prelist","MEDAN TUNTUNGAN","LAU CIH","LINGKUNGAN 3","","","G. Perdagangan Besar dan Eceran, Reparasi Mobil dan Sepeda Motor","SBR"],
    ["48214","KIOS <ADIS>","PASAR INDUK TUNTUNGAN","prelist","MEDAN TUNTUNGAN","LAU CIH","LINGKUNGAN 3","","","G. Perdagangan Besar dan Eceran, Reparasi Mobil dan Sepeda Motor","SBR"],
    ["48215","SWALAYAN KONG KALIKONG","JL SETIA BUDI NO 78 LK 9","prelist","MEDAN TUNTUNGAN","SIMPANG SELAYANG","LINGKUNGAN 16","","","G. Perdagangan Besar dan Eceran, Reparasi Mobil dan Sepeda Motor","SBR"],
    ["48265","JUAL PETI JENAZAH (PULUNG GINTING)","JALAN JAMIN GINTING LK 1","prelist","MEDAN TUNTUNGAN","MANGGA","LINGKUNGAN 1","","","G. Perdagangan Besar dan Eceran, Reparasi Mobil dan Sepeda Motor","SBR"],
    ["48286","RUMAH MAKAN KURNIA BARU","JALAN JAMIN GINTING LK 1","prelist","MEDAN TUNTUNGAN","SIMPANG SELAYANG","LINGKUNGAN 5","","","I. Penyediaan Akomodasi dan Makan Minum","SBR"],
    ["48287","ROSA SALON","JALAN BUNGA KEMUNING LK 2","prelist","MEDAN TUNTUNGAN","LADANG BAMBU","LINGKUNGAN 2","","","S. Aktivitas Jasa Lainnya","SBR"],
    ["48296","KLINIK MAWAR (YUS)","JALAN FLAMBOYAN RAYA GANG HARAHAP LK 3","prelist","MEDAN TUNTUNGAN","TANJUNG SELAMAT","LINGKUNGAN 3","","","Q. Jasa Kesehatan dan Kegiatan Sosial","SBR"],
    ["48317","MENJUAL GAS ECERAN (BAMBANG SUTEJO)","JALAN BUNGA KARDIOL","prelist","MEDAN TUNTUNGAN","LADANG BAMBU","LINGKUNGAN 3","","","G. Perdagangan Besar dan Eceran, Reparasi Mobil dan Sepeda Motor","SBR"],
    ["48351","JUAL BUAH < SABARITA>","PASAR INDUK LAUCIH","prelist","MEDAN TUNTUNGAN","LAU CIH","LINGKUNGAN 3","","","G. Perdagangan Besar dan Eceran, Reparasi Mobil dan Sepeda Motor","SBR"],
    ["48352","ANGEL SWALAYAN","JL. FLAMBOYAN, NO 75","prelist","MEDAN TUNTUNGAN","TANJUNG SELAMAT","LINGKUNGAN 7","","","G. Perdagangan Besar dan Eceran, Reparasi Mobil dan Sepeda Motor","SBR"],
    ["48419","JUAN F WATER","JALAN FLAMBOYAN RAYA LK 3","prelist","MEDAN TUNTUNGAN","TANJUNG SELAMAT","LINGKUNGAN 3","","","C. Industri Pengolahan","SBR"],
    ["48420","ANANDA UTAMA UD","JL SEROJA RAYA LINGKUNGAN 8","prelist","MEDAN TUNTUNGAN","TANJUNG SELAMAT","LINGKUNGAN 7","","","G. Perdagangan Besar dan Eceran, Reparasi Mobil dan Sepeda Motor","SBR"],
    ["48424","PRAKTEK MANTRI(HENDAR )","JL BUNGA PANCUR 9 NO 23 LK 4","prelist","MEDAN TUNTUNGAN","SIMPANG SELAYANG","LINGKUNGAN 4","","","Q. Jasa Kesehatan dan Kegiatan Sosial","SBR"],
    ["48431","JUALAN SAYUR <GONTOR>","PASAR INDUK","prelist","MEDAN TUNTUNGAN","LAU CIH","LINGKUNGAN 3","","","G. Perdagangan Besar dan Eceran, Reparasi Mobil dan Sepeda Motor","SBR"],
    ["48437","KIOS <SARMEDI>","PASAR INDUK TUNTUNGAN","prelist","MEDAN TUNTUNGAN","LAU CIH","LINGKUNGAN 3","","","G. Perdagangan Besar dan Eceran, Reparasi Mobil dan Sepeda Motor","SBR"],
    ["48444","PENARIK ANGKOT","JALAN BUNGA TEROMPET 6 NO 10C","prelist","MEDAN TUNTUNGAN","SIMPANG SELAYANG","LINGKUNGAN 7","","","H. Transportasi dan Pergudangan","SBR"],
    ["48469","KIOS SAYURAN <EL>","PASAR INDUK TUNTUNGAN","prelist","MEDAN TUNTUNGAN","LAU CIH","LINGKUNGAN 3","","","G. Perdagangan Besar dan Eceran, Reparasi Mobil dan Sepeda Motor","SBR"],
    ["48481","KIOS BUAH <JAKUP>","PASAR INDUK TUNTUNAGAN","prelist","MEDAN TUNTUNGAN","LAU CIH","LINGKUNGAN 3","","","G. Perdagangan Besar dan Eceran, Reparasi Mobil dan Sepeda Motor","SBR"],
    ["48484","KIOS SAYURAN <SAMUEL>","PASAR INDUK TUNTUNGAN","prelist","MEDAN TUNTUNGAN","LAU CIH","LINGKUNGAN 3","","","G. Perdagangan Besar dan Eceran, Reparasi Mobil dan Sepeda Motor","SBR"],
    ["48487","KIOS SAYURAN <ESTERLINA>","PASAR INDUK LAUCIH TUNTUNGAN","prelist","MEDAN TUNTUNGAN","LAU CIH","LINGKUNGAN 3","","","G. Perdagangan Besar dan Eceran, Reparasi Mobil dan Sepeda Motor","SBR"],
    ["48491","KIOS <BASTANTA>","PASAR INDUK TUNTUNGAN","prelist","MEDAN TUNTUNGAN","LAU CIH","LINGKUNGAN 3","","","G. Perdagangan Besar dan Eceran, Reparasi Mobil dan Sepeda Motor","SBR"],
    ["48506","JUAL BUAH < FEBRINA>","PASAR INDUK LAUCIH","prelist","MEDAN TUNTUNGAN","LAU CIH","LINGKUNGAN 3","","","G. Perdagangan Besar dan Eceran, Reparasi Mobil dan Sepeda Motor","SBR"],
    ["48508","JUALAN KENTANG <ANINTA>","PASAR INDUK TUNTUNGAN","prelist","MEDAN TUNTUNGAN","LAU CIH","LINGKUNGAN 3","","","G. Perdagangan Besar dan Eceran, Reparasi Mobil dan Sepeda Motor","SBR"],
    ["48527","YAYASAN ALASLAMIYAH (UMUM)","JALAN PALES 3 LK 7","prelist","MEDAN TUNTUNGAN","SIMPANG SELAYANG","LINGKUNGAN 7","","","P. Pendidikan","SBR"],
    ["48531","CV KARYA ABADI","KOMP PURI ZAHARA BLOK D 31 MEDAN","prelist","MEDAN TUNTUNGAN","TANJUNG SELAMAT","LINGKUNGAN 8","","","F. Konstruksi","SBR"],
    ["48617","JUALAN SAYUR <MARIANI>","PASAR INDUK TUNTUNGAN","prelist","MEDAN TUNTUNGAN","LAU CIH","LINGKUNGAN 3","","","G. Perdagangan Besar dan Eceran, Reparasi Mobil dan Sepeda Motor","SBR"],
    ["48848","PRAKTEK BIDAN KESEHATAN (SANTI)","LINGKUNGAN 7 BLOK GG 56","prelist","MEDAN TUNTUNGAN","SIMPANG SELAYANG","LINGKUNGAN 11","","","Q. Jasa Kesehatan dan Kegiatan Sosial","SBR"],
    ["49041","MUSTIKA BUAH, UD","PASAR INDUK LAU CIH, JALAN BUNGA TURI MEDAN TUNTUNGAN","prelist","MEDAN TUNTUNGAN","LAU CIH","LINGKUNGAN 3","","","G. Perdagangan Besar dan Eceran, Reparasi Mobil dan Sepeda Motor","SBR"],
    ["49073","LOKET SEBAYANG","JL JAMIN GINTING","prelist","MEDAN TUNTUNGAN","KEMENANGAN TANI","LINGKUNGAN 1","","","H. Transportasi dan Pergudangan","SBR"],
    ["49104","KIOS <SINAGA>","PASAR INDUK TUNTUNGAN","prelist","MEDAN TUNTUNGAN","LAU CIH","LINGKUNGAN 3","","","G. Perdagangan Besar dan Eceran, Reparasi Mobil dan Sepeda Motor","SBR"],
    ["49106","KIOS <ROMI WIJAYA>","PASAR INDUK TUNTUNGAN","prelist","MEDAN TUNTUNGAN","LAU CIH","LINGKUNGAN 3","","","G. Perdagangan Besar dan Eceran, Reparasi Mobil dan Sepeda Motor","SBR"],
    ["49109","KIOS BUAH < LIANA>","PASAR INDUK TUNTUNGAN","prelist","MEDAN TUNTUNGAN","LAU CIH","LINGKUNGAN 3","","","G. Perdagangan Besar dan Eceran, Reparasi Mobil dan Sepeda Motor","SBR"],
    ["49118","INDOMARET","JALAN TEMBAKAU RAYA NOMOR 76 LINGKUNGAN 15","prelist","MEDAN TUNTUNGAN","MANGGA","LINGKUNGAN 15","","","G. Perdagangan Besar dan Eceran, Reparasi Mobil dan Sepeda Motor","SBR"],
    ["49121","TOKO PERABOT","JALAN JAHE RAYA NO.30 LINGKUNGAN 64","prelist","MEDAN TUNTUNGAN","MANGGA","LINGKUNGAN 14","","","G. Perdagangan Besar dan Eceran, Reparasi Mobil dan Sepeda Motor","SBR"],
    ["49122","PAUD DAN TK PUTERIN SIDN","JALAN JAMIN GINTING LINGKUNDAN 3","prelist","MEDAN TUNTUNGAN","MANGGA","LINGKUNGAN 2","","","P. Pendidikan","SBR"],
    ["49127","KIOS BUAH <SUKSES>","Pasar induk laucih medan","prelist","MEDAN TUNTUNGAN","LAU CIH","LINGKUNGAN 3","","","G. Perdagangan Besar dan Eceran, Reparasi Mobil dan Sepeda Motor","SBR"],
    ["49129","KLINIK PEMULIHAN TIANI","JL JERUK NO 40 LINGKUNGAN 4","prelist","MEDAN TUNTUNGAN","MANGGA","LINGKUNGAN 5","","","Q. Jasa Kesehatan dan Kegiatan Sosial","SBR"],
    ["49141","PT INDOMARET","JL SETIA BUDI NO 20","prelist","MEDAN TUNTUNGAN","SIMPANG SELAYANG","LINGKUNGAN 2","","","G. Perdagangan Besar dan Eceran, Reparasi Mobil dan Sepeda Motor","SBR"],
    ["49142","KIOS <DORA>","Pasar induk laucih medan","prelist","MEDAN TUNTUNGAN","LAU CIH","LINGKUNGAN 3","","","G. Perdagangan Besar dan Eceran, Reparasi Mobil dan Sepeda Motor","SBR"],
    ["49145","NAGALAN BERKAH BERSAM A PT","JL FLAMBOYAN RAYA NO 9 LK 9","prelist","MEDAN TUNTUNGAN","TANJUNG SELAMAT","LINGKUNGAN 9","","","G. Perdagangan Besar dan Eceran, Reparasi Mobil dan Sepeda Motor","SBR"],
    ["49146","VERA UD","JAMIN GINTING NO 171","prelist","MEDAN TUNTUNGAN","SIMPANG SELAYANG","LINGKUNGAN 5","","","G. Perdagangan Besar dan Eceran, Reparasi Mobil dan Sepeda Motor","SBR"],
    ["49227","TAMAN MARGA SATWA (MEDAN ZOO)","JL BUNGA RAMPEI RAYA LING 4","prelist","MEDAN TUNTUNGAN","SIMALINGKAR B","LINGKUNGAN 2","","","R. Kesenian, Hiburan, dan Rekreasi","SBR"],
    ["49264","MONIKA OUKUP","JALAN JAMIN GINTING K MII LK 3","prelist","MEDAN TUNTUNGAN","SIMPANG SELAYANG","LINGKUNGAN 2","","","S. Aktivitas Jasa Lainnya","SBR"],
    ["49267","PRAKTEK BIDAN(SONDANG)","JALAN BUNGA MALEM 3 LK I","prelist","MEDAN TUNTUNGAN","LAU CIH","LINGKUNGAN 2","","","Q. Jasa Kesehatan dan Kegiatan Sosial","SBR"],
    ["49268","RESTORAN GARDEN KENANGA","JLN JAMIN GINTING LK 1","prelist","MEDAN TUNTUNGAN","MANGGA","LINGKUNGAN 1","","","I. Penyediaan Akomodasi dan Makan Minum","SBR"],
    ["49269","SD ISLAMIC SCHOOL","JALAN BUNGA PARIAMA 1","prelist","MEDAN TUNTUNGAN","LADANG BAMBU","LINGKUNGAN 4","","","P. Pendidikan","SBR"],
    ["49274","WARUNG NASI (SULISTIAWAN)","JALAN JAMIN GINTING LK 1","prelist","MEDAN TUNTUNGAN","MANGGA","LINGKUNGAN 1","","","I. Penyediaan Akomodasi dan Makan Minum","SBR"],
    ["49293","KIOS <HERI>","PASAR INDUK TUNTUNGAN","prelist","MEDAN TUNTUNGAN","LAU CIH","LINGKUNGAN 3","","","G. Perdagangan Besar dan Eceran, Reparasi Mobil dan Sepeda Motor","SBR"],
    ["49298","AKBID SARIHUSADA","JALAN FLAMBOYAN RAYA TANJUNG SELAMAT","prelist","MEDAN TUNTUNGAN","TANJUNG SELAMAT","LINGKUNGAN 3","","","P. Pendidikan","SBR"],
    ["49299","KIOS BUAH <ERNAWATI>","Pasar induk laucih medan","prelist","MEDAN TUNTUNGAN","LAU CIH","LINGKUNGAN 3","","","G. Perdagangan Besar dan Eceran, Reparasi Mobil dan Sepeda Motor","SBR"],
    ["49300","JUAL BUAH < ROSNINA>","PASAR INDUK TUNTUNGAN","prelist","MEDAN TUNTUNGAN","LAU CIH","LINGKUNGAN 3","","","G. Perdagangan Besar dan Eceran, Reparasi Mobil dan Sepeda Motor","SBR"],
    ["49302","KIOS SAYURAN <BONI>","PASAR INDUK TUNTUNGAN","prelist","MEDAN TUNTUNGAN","LAU CIH","LINGKUNGAN 3","","","G. Perdagangan Besar dan Eceran, Reparasi Mobil dan Sepeda Motor","SBR"],
    ["49303","KIOS BUAH <LESTINA>","Pasar induk laucih medan","prelist","MEDAN TUNTUNGAN","LAU CIH","LINGKUNGAN 3","","","G. Perdagangan Besar dan Eceran, Reparasi Mobil dan Sepeda Motor","SBR"],
    ["49304","JUALAN SAYUR <NAERTA>","PASAR INDUK LAUCIH","prelist","MEDAN TUNTUNGAN","LAU CIH","LINGKUNGAN 3","","","G. Perdagangan Besar dan Eceran, Reparasi Mobil dan Sepeda Motor","SBR"],
    ["49307","KIOS BUAH <NORMA>","PASAR INDUK TUNTUNGAN","prelist","MEDAN TUNTUNGAN","LAU CIH","LINGKUNGAN 3","","","G. Perdagangan Besar dan Eceran, Reparasi Mobil dan Sepeda Motor","SBR"],
    ["49318","ST TBM","JL TALI AIR NO 5 LINGKINGAN 4","prelist","MEDAN TUNTUNGAN","MANGGA","LINGKUNGAN 4","","","P. Pendidikan","SBR"],
    ["49319","LION AIR","JL JAMIN GINTING NO 5 LING K UNG AN 3","prelist","MEDAN TUNTUNGAN","MANGGA","LINGKUNGAN 1","","","N. Jasa Persewaan, Ketenagakerjaan, Agen Perjalanan, dan Jasa Pendukung","SBR"],
    ["49322","J & M <TOM>","JL KAPITEN PURBA LING KUNGAN 3","prelist","MEDAN TUNTUNGAN","MANGGA","LINGKUNGAN 4","","","M. Jasa Profesional, Ilmiah, dan Teknis","SBR"],
    ["49323","SDN 068004","JALAN SAWIT I LINGKUNGAN 9","prelist","MEDAN TUNTUNGAN","MANGGA","LINGKUNGAN 9","","","P. Pendidikan","SBR"],
    ["49324","SHEBA SALON","J L KAPITEN PURBA LING KUNGAN 3","prelist","MEDAN TUNTUNGAN","MANGGA","LINGKUNGAN 4","","","S. Aktivitas Jasa Lainnya","SBR"],
    ["49325","KSP (TOMANG MANDIRI JAYA)","JL KARET RATA NO 40 L INGKUNGAN IX","prelist","MEDAN TUNTUNGAN","MANGGA","LINGKUNGAN 9","","","K. Aktivitas Keuangan Dan Asuransi","SBR"],
    ["49326","KIOS BUAH <NURLINA>","PASAR INDUK TUNTUNGAN","prelist","MEDAN TUNTUNGAN","LAU CIH","LINGKUNGAN 3","","","G. Perdagangan Besar dan Eceran, Reparasi Mobil dan Sepeda Motor","SBR"],
    ["49351","KIOS SAYURAN <SIMSON>","PASAR INDUK TUNTUNGAN","prelist","MEDAN TUNTUNGAN","LAU CIH","LINGKUNGAN 3","","","G. Perdagangan Besar dan Eceran, Reparasi Mobil dan Sepeda Motor","SBR"],
    ["49356","DAGOPER","JL JAMIN GINTING LING KUNGAN 3","prelist","MEDAN TUNTUNGAN","MANGGA","LINGKUNGAN 2","","","G. Perdagangan Besar dan Eceran, Reparasi Mobil dan Sepeda Motor","SBR"],
    ["49365","SRI TOMAT, UD","PASAR INDUK LAU CIH, JALAN BUNGA TURI MEDAN TUNTUNGAN","prelist","MEDAN TUNTUNGAN","LAU CIH","LINGKUNGAN 3","","","G. Perdagangan Besar dan Eceran, Reparasi Mobil dan Sepeda Motor","SBR"],
    ["49373","PULSA DAN JAJANAN, UD","JALAN NILAM 12 NO 5 LINGKUNGAN 23","prelist","MEDAN TUNTUNGAN","MANGGA","LINGKUNGAN 21","","","J. Informasi dan Komunikasi","SBR"],
    ["49384","JUALAN SAYUR <SAHALA>","PASAR INDUK LAUCIH TUNTUNGAN","prelist","MEDAN TUNTUNGAN","LAU CIH","LINGKUNGAN 3","","","G. Perdagangan Besar dan Eceran, Reparasi Mobil dan Sepeda Motor","SBR"],
    ["49389","CITRA SANI JAYA,PT","KOMPLEK BEKALA ASRI B LOK Q NO 18 LK 3","prelist","MEDAN TUNTUNGAN","MANGGA","LINGKUNGAN 3","","","G. Perdagangan Besar dan Eceran, Reparasi Mobil dan Sepeda Motor","SBR"],
    ["49395","KURSUS MENJAHIT (ROSENI)","JL JAMIN GINTING KM 105 LINGK 5","prelist","MEDAN TUNTUNGAN","SIMPANG SELAYANG","LINGKUNGAN 5","","","P. Pendidikan","SBR"],
    ["49402","BAKSO MEPER(SYAHRUL)","JL SEROJA RAYA LK 4","prelist","MEDAN TUNTUNGAN","KEMENANGAN TANI","LINGKUNGAN 4","","","I. Penyediaan Akomodasi dan Makan Minum","SBR"],
    ["49404","KIOS SAYURAN<SENDI>","PASAR INDUK TUNTUNGAN","prelist","MEDAN TUNTUNGAN","LAU CIH","LINGKUNGAN 3","","","G. Perdagangan Besar dan Eceran, Reparasi Mobil dan Sepeda Motor","SBR"],
    ["49405","GARDA SAYURAN, UD","PASAR INDUK LAU CIH, JALAN BUNGA TURI MEDAN TUNTUNGAN","prelist","MEDAN TUNTUNGAN","LAU CIH","LINGKUNGAN 3","","","G. Perdagangan Besar dan Eceran, Reparasi Mobil dan Sepeda Motor","SBR"],
    ["49411","KANTOR POS TG SARI","JALAN SETIA BUDI LK 9","prelist","MEDAN TUNTUNGAN","SIMPANG SELAYANG","LINGKUNGAN 16","","","H. Transportasi dan Pergudangan","SBR"],
    ["49421","SALON (MARI)","JALAN BUNGA PANCUR 9 LK 4","prelist","MEDAN TUNTUNGAN","SIMPANG SELAYANG","LINGKUNGAN 9","","","S. Aktivitas Jasa Lainnya","SBR"],
    ["49427","CITRA ANDALAN CV","JL FLAMBOYAN RAYA LK 2","prelist","MEDAN TUNTUNGAN","TANJUNG SELAMAT","LINGKUNGAN 4","","","G. Perdagangan Besar dan Eceran, Reparasi Mobil dan Sepeda Motor","SBR"],
    ["49433","MAB SERVIS (MUKSIN)","JALAN SETIA BUDI LINGKUNGAN 16","prelist","MEDAN TUNTUNGAN","SIMPANG SELAYANG","LINGKUNGAN 9","","","G. Perdagangan Besar dan Eceran, Reparasi Mobil dan Sepeda Motor","SBR"],
    ["49440","KIOS SAYURAN <PENI>","PASAR INDUK","prelist","MEDAN TUNTUNGAN","LAU CIH","LINGKUNGAN 3","","","G. Perdagangan Besar dan Eceran, Reparasi Mobil dan Sepeda Motor","SBR"],
    ["49443","JUAL BUAH<SAPRI>","PASAR INDUK LAUCIH","prelist","MEDAN TUNTUNGAN","LAU CIH","LINGKUNGAN 3","","","G. Perdagangan Besar dan Eceran, Reparasi Mobil dan Sepeda Motor","SBR"],
    ["49449","KLINIK GRACE (ARDI)","JALAN SEROJA RAYA LINGKUNGAN 8","prelist","MEDAN TUNTUNGAN","TANJUNG SELAMAT","LINGKUNGAN 7","","","Q. Jasa Kesehatan dan Kegiatan Sosial","SBR"],
    ["49458","KIOS BUAH <ARSYAD>","PASAR INDUK TUNTUNGAN","prelist","MEDAN TUNTUNGAN","LAU CIH","LINGKUNGAN 3","","","G. Perdagangan Besar dan Eceran, Reparasi Mobil dan Sepeda Motor","SBR"],
    ["49462","KIOS BUAH <INDRI>","PASAR INDUK TUNTUNGAN","prelist","MEDAN TUNTUNGAN","LAU CIH","LINGKUNGAN 3","","","G. Perdagangan Besar dan Eceran, Reparasi Mobil dan Sepeda Motor","SBR"],
    ["49475","JUALAN CABE <JAITUN>","PASAR INDUK TUNTUNGAN","prelist","MEDAN TUNTUNGAN","LAU CIH","LINGKUNGAN 3","","","G. Perdagangan Besar dan Eceran, Reparasi Mobil dan Sepeda Motor","SBR"],
    ["49490","ANGKUTAN JENAZAH (MASTA)","JALAN PETUNIA RAYA LK 3","prelist","MEDAN TUNTUNGAN","NAMO GAJAH","LINGKUNGAN 3","","","H. Transportasi dan Pergudangan","SBR"],
    ["49493","PRAKTEK(ROBET RUMANANG )","KOMPLEK ROYAL SUMATERA LING 5","prelist","MEDAN TUNTUNGAN","MANGGA","LINGKUNGAN 5","","","Q. Jasa Kesehatan dan Kegiatan Sosial","SBR"],
    ["49495","INDOMARET","JALAN JAMIN GINTING LK 1 SPBU","prelist","MEDAN TUNTUNGAN","MANGGA","LINGKUNGAN 1","","","G. Perdagangan Besar dan Eceran, Reparasi Mobil dan Sepeda Motor","SBR"],
    ["49511","KLINIK BERSALIN (ROSMAHASA)","JL SAWIT RAYA NO 45 LINGKUNGAN 8","prelist","MEDAN TUNTUNGAN","MANGGA","LINGKUNGAN 8","","","Q. Jasa Kesehatan dan Kegiatan Sosial","SBR"],
    ["49540","TOKO BANGUNAN SINAR LOGAM","Jalan jamin Ginting no. 12 lk 1 medan","prelist","MEDAN TUNTUNGAN","MANGGA","LINGKUNGAN 2","","","G. Perdagangan Besar dan Eceran, Reparasi Mobil dan Sepeda Motor","SBR"],
    ["49552","KIOS BUAH <LAYASI>","PASAR INDUK TUNTUNGAN","prelist","MEDAN TUNTUNGAN","LAU CIH","LINGKUNGAN 3","","","G. Perdagangan Besar dan Eceran, Reparasi Mobil dan Sepeda Motor","SBR"],
    ["49554","KIOS DAGING LEMBU ( ENDANG)","Pasar tradisional simpang selayang","prelist","MEDAN TUNTUNGAN","SIMPANG SELAYANG","LINGKUNGAN 17","","","G. Perdagangan Besar dan Eceran, Reparasi Mobil dan Sepeda Motor","SBR"],
    ["49565","ROYAL JEPARA","JL. JAMIN GINTING NO. 30 KM 8,5 MEDAN","prelist","MEDAN TUNTUNGAN","SIMPANG SELAYANG","LINGKUNGAN 5","","","C. Industri Pengolahan","SBR"],
    ["49595","KIOS SAYURAN <AGUSTINI>","PASAR INDUK TUNTUNGAN","prelist","MEDAN TUNTUNGAN","LAU CIH","LINGKUNGAN 3","","","G. Perdagangan Besar dan Eceran, Reparasi Mobil dan Sepeda Motor","SBR"],
    ["49602","CV DRILL SOIL LAND (ALI)","JALAN BAWANG 14 NOMOR 3 LINGK 15","prelist","MEDAN TUNTUNGAN","MANGGA","LINGKUNGAN 13","","","F. Konstruksi","SBR"],
    ["49610","PRAKTEK BIDAN <ENDANG>","JALAN BUNGA PANCUR 9 NO 30 LK 4","prelist","MEDAN TUNTUNGAN","SIMPANG SELAYANG","LINGKUNGAN 4","","","Q. Jasa Kesehatan dan Kegiatan Sosial","SBR"],
    ["49616","JUAL BUAH < HELMINA>","PASAR INDUK LAUCIH","prelist","MEDAN TUNTUNGAN","LAU CIH","LINGKUNGAN 3","","","G. Perdagangan Besar dan Eceran, Reparasi Mobil dan Sepeda Motor","SBR"],
    ["49617","KIOS <TIADORA>","Pasar induk laucih medan","prelist","MEDAN TUNTUNGAN","LAU CIH","LINGKUNGAN 3","","","G. Perdagangan Besar dan Eceran, Reparasi Mobil dan Sepeda Motor","SBR"],
    ["49621","KIOS SAYURAN <KRISTINA>","PASAR INDUK TUNTUNGAN","prelist","MEDAN TUNTUNGAN","LAU CIH","LINGKUNGAN 3","","","G. Perdagangan Besar dan Eceran, Reparasi Mobil dan Sepeda Motor","SBR"],
    ["49622","KIOS SAYURAN <JENDA>","PASAR INDUK TUNTUNGAN","prelist","MEDAN TUNTUNGAN","LAU CIH","LINGKUNGAN 3","","","G. Perdagangan Besar dan Eceran, Reparasi Mobil dan Sepeda Motor","SBR"],
    ["49623","JUALAN BAWANG <ERMAWATI>","PASAR INDUK TUNTUNGAN","prelist","MEDAN TUNTUNGAN","LAU CIH","LINGKUNGAN 3","","","G. Perdagangan Besar dan Eceran, Reparasi Mobil dan Sepeda Motor","SBR"],
    ["49624","JUALAN BAWANG <SUMIAT>","PASAR INDUK","prelist","MEDAN TUNTUNGAN","LAU CIH","LINGKUNGAN 3","","","G. Perdagangan Besar dan Eceran, Reparasi Mobil dan Sepeda Motor","SBR"],
    ["49662","APOTEK TRILONA (YENNI)","JLN JAMIN GINTING LINGKUNGAN 2","prelist","MEDAN TUNTUNGAN","MANGGA","LINGKUNGAN 2","","","G. Perdagangan Besar dan Eceran, Reparasi Mobil dan Sepeda Motor","SBR"],
    ["49678","YAYASAN PERGURUAN AMAL SALEH","JALAN SAWIT I NO 4 LINGKUNGAN 9","prelist","MEDAN TUNTUNGAN","MANGGA","LINGKUNGAN 9","","","P. Pendidikan","SBR"],
    ["49697","TERMINAL PENUMPANG <SABAR GIRSANG> PT. KARSIMA TRANSPORT","JL JAMIN GINTING 657","prelist","MEDAN TUNTUNGAN","SIMPANG SELAYANG","LINGKUNGAN 3","","","H. Transportasi dan Pergudangan","SBR"],
    ["49709","KOPERASI GRAHA SEJATERA MANDIRI","JL KARET RIATA NO 121 LK XXIV PERLIMNAS","prelist","MEDAN TUNTUNGAN","MANGGA","LINGKUNGAN 7","","","K. Aktivitas Keuangan Dan Asuransi","SBR"],
    ["49838","KIOS SAYURAN <FRANS>","PASAR INDUK TUNTUNGAN","prelist","MEDAN TUNTUNGAN","LAU CIH","LINGKUNGAN 3","","","G. Perdagangan Besar dan Eceran, Reparasi Mobil dan Sepeda Motor","SBR"],
    ["49845","PAKAIAN BEKAS, UD","PASAR SIMALINGKAR, JALAN JAHE RAYA","prelist","MEDAN TUNTUNGAN","MANGGA","LINGKUNGAN 14","","","G. Perdagangan Besar dan Eceran, Reparasi Mobil dan Sepeda Motor","SBR"],
    ["49859","JUAL SAYUR <NERLIN>","PASUR INDUK LAUCIH TUNTUNGAN","prelist","MEDAN TUNTUNGAN","LAU CIH","LINGKUNGAN 2","","","G. Perdagangan Besar dan Eceran, Reparasi Mobil dan Sepeda Motor","SBR"],
    ["49862","KIOS SAYURAN <NESTI>","PASAR INDUK TUNTUNGAN","prelist","MEDAN TUNTUNGAN","LAU CIH","LINGKUNGAN 3","","","G. Perdagangan Besar dan Eceran, Reparasi Mobil dan Sepeda Motor","SBR"],
    ["49868","MONZA, UD","PASAR SIMALINGKAR, JALAN JAHE RAYA","prelist","MEDAN TUNTUNGAN","MANGGA","LINGKUNGAN 14","","","G. Perdagangan Besar dan Eceran, Reparasi Mobil dan Sepeda Motor","SBR"],
    ["49887","KIOS SAYURAN <ERTUTI>","PASAR INDUK TUNTUNGAN","prelist","MEDAN TUNTUNGAN","LAU CIH","LINGKUNGAN 3","","","G. Perdagangan Besar dan Eceran, Reparasi Mobil dan Sepeda Motor","SBR"],
    ["49888","KIOS BUAH <ERNI>","Pasar induk laucih medan","prelist","MEDAN TUNTUNGAN","LAU CIH","LINGKUNGAN 3","","","G. Perdagangan Besar dan Eceran, Reparasi Mobil dan Sepeda Motor","SBR"],
    ["49896","KIOS <SUNGGAM>","PASAR INDUK TUNTUNGAN","prelist","MEDAN TUNTUNGAN","LAU CIH","LINGKUNGAN 3","","","G. Perdagangan Besar dan Eceran, Reparasi Mobil dan Sepeda Motor","SBR"],
    ["49898","JUAL BUAH < HOLDEN>","Pasar induk laucih medan","prelist","MEDAN TUNTUNGAN","LAU CIH","LINGKUNGAN 3","","","G. Perdagangan Besar dan Eceran, Reparasi Mobil dan Sepeda Motor","SBR"],
    ["49907","KIOS SAYURAN <MARINI>","PASAR INDUK LAUCIH TUNTUNGAN","prelist","MEDAN TUNTUNGAN","LAU CIH","LINGKUNGAN 3","","","G. Perdagangan Besar dan Eceran, Reparasi Mobil dan Sepeda Motor","SBR"],
    ["49909","KIOS SAYURAN <SITI>","PASAR INDUK TUNTUNGAN","prelist","MEDAN TUNTUNGAN","LAU CIH","LINGKUNGAN 3","","","G. Perdagangan Besar dan Eceran, Reparasi Mobil dan Sepeda Motor","SBR"],
    ["49911","JUAL BUAH < LISMA>","PASAR INDUK LAUCIH","prelist","MEDAN TUNTUNGAN","LAU CIH","LINGKUNGAN 3","","","G. Perdagangan Besar dan Eceran, Reparasi Mobil dan Sepeda Motor","SBR"],
    ["49913","KIOS SAYURAN <BENGET>","PASAR INDUK LAUCIH TUNTUNGAN","prelist","MEDAN TUNTUNGAN","LAU CIH","LINGKUNGAN 3","","","G. Perdagangan Besar dan Eceran, Reparasi Mobil dan Sepeda Motor","SBR"],
    ["49915","KIOS SAYURAN <RATNA>","PASAR INDUK TUNTUNGAN","prelist","MEDAN TUNTUNGAN","LAU CIH","LINGKUNGAN 3","","","G. Perdagangan Besar dan Eceran, Reparasi Mobil dan Sepeda Motor","SBR"],
    ["49922","PASANG GIGI PALSU (ANSORI)","JL SETIA BUDI NO 50 B","prelist","MEDAN TUNTUNGAN","SIMPANG SELAYANG","LINGKUNGAN 16","","","Q. Jasa Kesehatan dan Kegiatan Sosial","SBR"],
    ["49924","CV PRIMA JAVA","J A LAN STELLA 1 LK 1 1","prelist","MEDAN TUNTUNGAN","SIMPANG SELAYANG","LINGKUNGAN 16","","","G. Perdagangan Besar dan Eceran, Reparasi Mobil dan Sepeda Motor","SBR"],
    ["49952","KIOS SAYURAN <SEDERHANA>","PASAR INDUK TUNTUNGAN","prelist","MEDAN TUNTUNGAN","LAU CIH","LINGKUNGAN 3","","","G. Perdagangan Besar dan Eceran, Reparasi Mobil dan Sepeda Motor","SBR"],
    ["49953","KIOS <BINA>","PASAR INDUK TUNTUNGAN","prelist","MEDAN TUNTUNGAN","LAU CIH","LINGKUNGAN 3","","","G. Perdagangan Besar dan Eceran, Reparasi Mobil dan Sepeda Motor","SBR"],
    ["49966","FOTOCOPY <PENGARAPEN>","JALAN SETIA BUDI NO 30 LK 9","prelist","MEDAN TUNTUNGAN","SIMPANG SELAYANG","LINGKUNGAN 16","","","N. Jasa Persewaan, Ketenagakerjaan, Agen Perjalanan, dan Jasa Pendukung","SBR"],
    ["49990","TERAPI URAT (SAREFTA)","JALAN BUNGA PANCUR 9 LK 4","prelist","MEDAN TUNTUNGAN","SIMPANG SELAYANG","LINGKUNGAN 9","","","Q. Jasa Kesehatan dan Kegiatan Sosial","SBR"],
    ["50015","KIOS <DONA>","PASAR INDUK TUNTUNGAN","prelist","MEDAN TUNTUNGAN","LAU CIH","LINGKUNGAN 3","","","G. Perdagangan Besar dan Eceran, Reparasi Mobil dan Sepeda Motor","SBR"],
    ["50030","PONSEL DAN SEMBAKO, UD","JALAN STELLA 1 LK 14","prelist","MEDAN TUNTUNGAN","SIMPANG SELAYANG","LINGKUNGAN 14","","","J. Informasi dan Komunikasi","SBR"],
    ["50055","PLANET SUSU","JL. SETIA BUDI UJUNG KOMP.PRIME SIMPANG SELAYANG LK.17 NO 6","prelist","MEDAN TUNTUNGAN","SIMPANG SELAYANG","LINGKUNGAN 17","","","G. Perdagangan Besar dan Eceran, Reparasi Mobil dan Sepeda Motor","SBR"],
    ["50057","KIOS BUAH <ANTONIUS>","Pasar induk laucih medan","prelist","MEDAN TUNTUNGAN","LAU CIH","LINGKUNGAN 3","","","G. Perdagangan Besar dan Eceran, Reparasi Mobil dan Sepeda Motor","SBR"],
    ["50065","KIOS SAYURAN <ANJUAR>","PASAR INDUK TUNTUNGAN","prelist","MEDAN TUNTUNGAN","LAU CIH","LINGKUNGAN 3","","","G. Perdagangan Besar dan Eceran, Reparasi Mobil dan Sepeda Motor","SBR"],
    ["50067","KIOS SAYUR <ARNOLD>","PASAR INDUK TUNTUNGAN","prelist","MEDAN TUNTUNGAN","LAU CIH","LINGKUNGAN 3","","","G. Perdagangan Besar dan Eceran, Reparasi Mobil dan Sepeda Motor","SBR"],
    ["50071","PERUSAHAAN LISTRIK NEGARA (PERSERO), PT","JALAN SAWIT RAYA NO. 64","prelist","MEDAN TUNTUNGAN","MANGGA","LINGKUNGAN 10","","","D. Pengadaan Listrik, Gas, Uap/Air Panas, dan Udara Dingin","SBR"],
    ["50091","KIOS SAYURAN <MARIANA>","PASAR INDUK TUNTUNGAN GROSIR","prelist","MEDAN TUNTUNGAN","LAU CIH","LINGKUNGAN 3","","","G. Perdagangan Besar dan Eceran, Reparasi Mobil dan Sepeda Motor","SBR"],
    ["50092","JUAL SAYUR <ARSANE>","PASAR INDUK LAUCIH","prelist","MEDAN TUNTUNGAN","LAU CIH","LINGKUNGAN 3","","","G. Perdagangan Besar dan Eceran, Reparasi Mobil dan Sepeda Motor","SBR"],
    ["50100","HOTEL BOUGENVILLE 3","JALAN SETIA BUDI NO 32 LK 9","prelist","MEDAN TUNTUNGAN","SIMPANG SELAYANG","LINGKUNGAN 16","","","I. Penyediaan Akomodasi dan Makan Minum","SBR"],
    ["50172","TEMPE BERKAH","JALAN BUNGA NCOLE NO2 LK4","prelist","MEDAN TUNTUNGAN","KEMENANGAN TANI","LINGKUNGAN 4","","","C. Industri Pengolahan","SBR"],
    ["50214","SUPIR BUS FUSO LWARDA N17","JALAN JAMPN GINTING LK 1","prelist","MEDAN TUNTUNGAN","MANGGA","LINGKUNGAN 1","","","H. Transportasi dan Pergudangan","SBR"],
    ["50226","GITTA RO WATER","JALAN SEROJA RAYA LINGKUNGAN 7","prelist","MEDAN TUNTUNGAN","TANJUNG SELAMAT","LINGKUNGAN 7","","","C. Industri Pengolahan","SBR"],
    ["50311","KAWAN KITA,CV","JL JAMIN GINTING PAJAK USU NO 354","prelist","MEDAN TUNTUNGAN","MANGGA","LINGKUNGAN 11","","","N. Jasa Persewaan, Ketenagakerjaan, Agen Perjalanan, dan Jasa Pendukung","SBR"],
    ["50316","JUAL JAJANAN (LINAWATI)","JALAN BUNGA KEMUNING LK 2","prelist","MEDAN TUNTUNGAN","TANJUNG SELAMAT","LINGKUNGAN 1","","","G. Perdagangan Besar dan Eceran, Reparasi Mobil dan Sepeda Motor","SBR"],
    ["50327","IAN WATER <RIDWAN>","JALAN FLAMBOYAN RAYA NO 118 LK 3","prelist","MEDAN TUNTUNGAN","TANJUNG SELAMAT","LINGKUNGAN 3","","","C. Industri Pengolahan","SBR"],
    ["50333","SMP HKBP","JL JAMIN GINTING GG HKBP","prelist","MEDAN TUNTUNGAN","SIMPANG SELAYANG","LINGKUNGAN 1","","","P. Pendidikan","SBR"],
    ["50345","PENGOBATAN AKUPUNTUR","JL STELLA RAYA KOMP STELLA RESIDENCE BLOK E NO I LK 13","prelist","MEDAN TUNTUNGAN","SIMPANG SELAYANG","LINGKUNGAN 11","","","Q. Jasa Kesehatan dan Kegiatan Sosial","SBR"],
    ["50362","KIOS <HOTANG>","PASAR INDUK TUNTUNGAN","prelist","MEDAN TUNTUNGAN","LAU CIH","LINGKUNGAN 3","","","G. Perdagangan Besar dan Eceran, Reparasi Mobil dan Sepeda Motor","SBR"],
    ["50370","DEDI BUAH, UD","PASAR INDUK LAU CIH, JALAN BUNGA TURI MEDAN TUNTUNGAN","prelist","MEDAN TUNTUNGAN","LAU CIH","LINGKUNGAN 3","","","G. Perdagangan Besar dan Eceran, Reparasi Mobil dan Sepeda Motor","SBR"],
    ["50371","JENI BUAH, UD","PASAR INDUK LAU CIH, JALAN BUNGA TURI MEDAN TUNTUNGAN","prelist","MEDAN TUNTUNGAN","LAU CIH","LINGKUNGAN 3","","","G. Perdagangan Besar dan Eceran, Reparasi Mobil dan Sepeda Motor","SBR"],
    ["50374","KIOS BUAH <RIFKY>","PASAR INDUK TUNTUNGAN","prelist","MEDAN TUNTUNGAN","LAU CIH","LINGKUNGAN 3","","","G. Perdagangan Besar dan Eceran, Reparasi Mobil dan Sepeda Motor","SBR"],
    ["50377","TOK O DENA","JALAN JAMIN GINTING KM 12 No. 32","prelist","MEDAN TUNTUNGAN","KEMENANGAN TANI","LINGKUNGAN 1","","","G. Perdagangan Besar dan Eceran, Reparasi Mobil dan Sepeda Motor","SBR"],
    ["50379","KIOS SAYURAN <FIKA>","PASAR INDUK TUNTUNGAN","prelist","MEDAN TUNTUNGAN","LAU CIH","LINGKUNGAN 3","","","G. Perdagangan Besar dan Eceran, Reparasi Mobil dan Sepeda Motor","SBR"],
    ["50380","PULSA, UD","JALAN JAHE RAYA NOZ LINGKUNGAN 14","prelist","MEDAN TUNTUNGAN","MANGGA","LINGKUNGAN 14","","","J. Informasi dan Komunikasi","SBR"],
    ["50415","PULSA, UD","JALAN CENGKEH 5 NO. 5","prelist","MEDAN TUNTUNGAN","MANGGA","LINGKUNGAN 11","","","J. Informasi dan Komunikasi","SBR"],
    ["50418","KIOS BUAH <EFENDI>","PASAR INDUK TUNTUNGAN","prelist","MEDAN TUNTUNGAN","LAU CIH","LINGKUNGAN 3","","","G. Perdagangan Besar dan Eceran, Reparasi Mobil dan Sepeda Motor","SBR"],
    ["50473","MUTIARA HAWAI HOTEL","JALAN LETJEN JAMIN GINTING","prelist","MEDAN TUNTUNGAN","MANGGA","LINGKUNGAN 1","","","I. Penyediaan Akomodasi dan Makan Minum","SBR"],
    ["50480","KIOS SAYURAN <ROSNELLY>","PASAR INDUK TUNTUNGAN","prelist","MEDAN TUNTUNGAN","LAU CIH","LINGKUNGAN 3","","","G. Perdagangan Besar dan Eceran, Reparasi Mobil dan Sepeda Motor","SBR"],
    ["50484","MARNI, UD","JALAN VANILI RAYA","prelist","MEDAN TUNTUNGAN","MANGGA","LINGKUNGAN 17","","","G. Perdagangan Besar dan Eceran, Reparasi Mobil dan Sepeda Motor","SBR"],
    ["50494","JUALAN TOMAT <FANNY>","MENJUAL SAYUR-SAYURAN","prelist","MEDAN TUNTUNGAN","LAU CIH","LINGKUNGAN 2","","","G. Perdagangan Besar dan Eceran, Reparasi Mobil dan Sepeda Motor","SBR"],
    ["50496","JUAL BUAH < LINDA>","PASAR INDUK LAUCIH","prelist","MEDAN TUNTUNGAN","LAU CIH","LINGKUNGAN 3","","","G. Perdagangan Besar dan Eceran, Reparasi Mobil dan Sepeda Motor","SBR"],
    ["50511","TOKO OBAT SEHAT REZEKI","J L FLAMBOYAN RAY A LK 2","prelist","MEDAN TUNTUNGAN","TANJUNG SELAMAT","LINGKUNGAN 2","","","G. Perdagangan Besar dan Eceran, Reparasi Mobil dan Sepeda Motor","SBR"],
    ["50514","WISMA RIMPAL","JALAN ANGGREK RAYA LK 9","prelist","MEDAN TUNTUNGAN","SIMPANG SELAYANG","LINGKUNGAN 8","","","I. Penyediaan Akomodasi dan Makan Minum","SBR"],
    ["50518","KIOS <PUTRI BR TARIGAN>","PASAR INDUK TUNTUNGAN","prelist","MEDAN TUNTUNGAN","LAU CIH","LINGKUNGAN 3","","","G. Perdagangan Besar dan Eceran, Reparasi Mobil dan Sepeda Motor","SBR"],
    ["50522","TK MELATI","JL FLAMBOYAN RAYA LKS","prelist","MEDAN TUNTUNGAN","TANJUNG SELAMAT","LINGKUNGAN 2","","","P. Pendidikan","SBR"],
    ["50564","KIOS <JEFRI SITEPU>","PASAR INDUK TUNTUNGAN GROSIR NO 92","prelist","MEDAN TUNTUNGAN","LAU CIH","LINGKUNGAN 2","","","G. Perdagangan Besar dan Eceran, Reparasi Mobil dan Sepeda Motor","SBR"],
    ["50565","JUAL BUAH < KALPEN>","PASAR INDUK LAUCIH","prelist","MEDAN TUNTUNGAN","LAU CIH","LINGKUNGAN 3","","","G. Perdagangan Besar dan Eceran, Reparasi Mobil dan Sepeda Motor","SBR"],
    ["50574","KIOS SAYURAN <TETTY>","PASAR INDUK TUNTUNGAN","prelist","MEDAN TUNTUNGAN","LAU CIH","LINGKUNGAN 3","","","G. Perdagangan Besar dan Eceran, Reparasi Mobil dan Sepeda Motor","SBR"],
    ["50576","KIOS BUAH <KLARA>","PASAR INDUK TUNTUNGAN","prelist","MEDAN TUNTUNGAN","LAU CIH","LINGKUNGAN 3","","","G. Perdagangan Besar dan Eceran, Reparasi Mobil dan Sepeda Motor","SBR"],
    ["50580","KIOS SAYURAN <TENAH>","PASAR INDUK TUNTUNGAN","prelist","MEDAN TUNTUNGAN","LAU CIH","LINGKUNGAN 3","","","G. Perdagangan Besar dan Eceran, Reparasi Mobil dan Sepeda Motor","SBR"],
    ["50587","KIOS <RASMITA>","PASAR INDUK TUNTUNGAN","prelist","MEDAN TUNTUNGAN","LAU CIH","LINGKUNGAN 3","","","G. Perdagangan Besar dan Eceran, Reparasi Mobil dan Sepeda Motor","SBR"],
    ["50597","KIOS SAYURAN <NOVARITA>","PASAR INDUK TUNTUNGAN","prelist","MEDAN TUNTUNGAN","LAU CIH","LINGKUNGAN 3","","","G. Perdagangan Besar dan Eceran, Reparasi Mobil dan Sepeda Motor","SBR"],
    ["50614","KIOS <DESMITA>","PASAR INDUK TUNTUNGAN","prelist","MEDAN TUNTUNGAN","LAU CIH","LINGKUNGAN 3","","","G. Perdagangan Besar dan Eceran, Reparasi Mobil dan Sepeda Motor","SBR"],
    ["50621","RIKA BUAH, UD","PASAR INDUK LAU CIH, JALAN BUNGA TURI MEDAN TUNTUNGAN","prelist","MEDAN TUNTUNGAN","LAU CIH","LINGKUNGAN 3","","","G. Perdagangan Besar dan Eceran, Reparasi Mobil dan Sepeda Motor","SBR"],
    ["50632","PT Pegadaian Persero UPC SIMALINGKAR","Jl. Jamin Ginting KM 9 No.1 B Simalingkar","prelist","MEDAN TUNTUNGAN","MANGGA","LINGKUNGAN 1","","","K. Aktivitas Keuangan Dan Asuransi","SBR"],
    ["50678","TEAM CORE,CV","JL CENGKEH 3 NO 48 LK 12","prelist","MEDAN TUNTUNGAN","MANGGA","LINGKUNGAN 12","","","F. Konstruksi","SBR"],
    ["50699","KLINIK ALTARA CV","JALAN KAPITEN PURBA NOMOR 2 B LINGKUNGAN 4","prelist","MEDAN TUNTUNGAN","MANGGA","LINGKUNGAN 4","","","Q. Jasa Kesehatan dan Kegiatan Sosial","SBR"],
    ["50717","KIOS <TENGKUN>","PASAR INDUK TUNTUNGAN","prelist","MEDAN TUNTUNGAN","LAU CIH","LINGKUNGAN 3","","","G. Perdagangan Besar dan Eceran, Reparasi Mobil dan Sepeda Motor","SBR"],
    ["50867","GROSIR <SITINJAK>","JL. Flamboyan Raya, No. 76","prelist","MEDAN TUNTUNGAN","TANJUNG SELAMAT","LINGKUNGAN 2","","","G. Perdagangan Besar dan Eceran, Reparasi Mobil dan Sepeda Motor","SBR"],
    ["50882","KIOS SAYURAN <NILON>","PASAR INDUK TUNTUNGAN","prelist","MEDAN TUNTUNGAN","LAU CIH","LINGKUNGAN 3","","","G. Perdagangan Besar dan Eceran, Reparasi Mobil dan Sepeda Motor","SBR"],
    ["50887","KIOS BUAH <NUR>","PASAR INDUK TUNTUNGAN","prelist","MEDAN TUNTUNGAN","LAU CIH","LINGKUNGAN 2","","","G. Perdagangan Besar dan Eceran, Reparasi Mobil dan Sepeda Motor","SBR"],
    ["50891","JUALAN KENTANG <SERLI>","PASAR INDUK","prelist","MEDAN TUNTUNGAN","LAU CIH","LINGKUNGAN 3","","","G. Perdagangan Besar dan Eceran, Reparasi Mobil dan Sepeda Motor","SBR"],
    ["50897","KIOS BUAH <ERGULINA>","PASAR INDUK TUNTUNGAN","prelist","MEDAN TUNTUNGAN","LAU CIH","LINGKUNGAN 3","","","G. Perdagangan Besar dan Eceran, Reparasi Mobil dan Sepeda Motor","SBR"],
    ["50910","JUAL GAS DAN GALON (URMAN)","JALAN FLAMBOYAN RAYA","prelist","MEDAN TUNTUNGAN","TANJUNG SELAMAT","LINGKUNGAN 4","","","G. Perdagangan Besar dan Eceran, Reparasi Mobil dan Sepeda Motor","SBR"],
    ["50911","JUAL SAYURAN <WINDA>","PASAR LAUCIH","prelist","MEDAN TUNTUNGAN","LAU CIH","LINGKUNGAN 2","","","G. Perdagangan Besar dan Eceran, Reparasi Mobil dan Sepeda Motor","SBR"],
    ["50916","JUAL SAYUR <FENNY>","PASAR INDUK LAUCIH","prelist","MEDAN TUNTUNGAN","LAU CIH","LINGKUNGAN 3","","","G. Perdagangan Besar dan Eceran, Reparasi Mobil dan Sepeda Motor","SBR"],
    ["50926","AKU PUNTUR KECANTIKAN","KOMPLEK SETIA BUDI VISTA BLOK K NO 6 LK","prelist","MEDAN TUNTUNGAN","SIMPANG SELAYANG","LINGKUNGAN 10","","","Q. Jasa Kesehatan dan Kegiatan Sosial","SBR"],
    ["50953","YASPEN ISLAM BAITURRA HMAN","JALAN FLAMBOYAN RAYA GANG HARAHAP NO 21 LK3","prelist","MEDAN TUNTUNGAN","TANJUNG SELAMAT","LINGKUNGAN 3","","","P. Pendidikan","SBR"],
    ["50977","JUAL BUAH< MARTALENA>","PASAR INDUK","prelist","MEDAN TUNTUNGAN","LAU CIH","LINGKUNGAN 3","","","G. Perdagangan Besar dan Eceran, Reparasi Mobil dan Sepeda Motor","SBR"],
    ["51002","CV PURTAN PERKASA","JL VANILI I NO 41 PERUMNAS SIMALINGKAR MEDAN","prelist","MEDAN TUNTUNGAN","MANGGA","LINGKUNGAN 17","","","F. Konstruksi","SBR"],
    ["51020","PUSKESMAS","JALAN BUNGA MELATI LK 2","prelist","MEDAN TUNTUNGAN","KEMENANGAN TANI","LINGKUNGAN 2","","","Q. Jasa Kesehatan dan Kegiatan Sosial","SBR"],
    ["51031","PANGLONG TAMBUN (AROSA)","JALAN BUNGA RAMPAI RAYA","prelist","MEDAN TUNTUNGAN","SIMALINGKAR B","LINGKUNGAN 2","","","G. Perdagangan Besar dan Eceran, Reparasi Mobil dan Sepeda Motor","SBR"],
    ["51083","P T.RADIO JARING BERITA GLOBAL","JL BOUGENVILE Z NO.9 C LK 10, PERUMAHAN LIZARDI PUTRA KOMPLEKS KEJAKSAAN","prelist","MEDAN TUNTUNGAN","SIMPANG SELAYANG","LINGKUNGAN 10","","","J. Informasi dan Komunikasi","SBR"],
    ["51142","BENGKEL SEPEDA MOTOR (SABRI SEMBIRING)","JALAN JAMIN GINTING LK 1","prelist","MEDAN TUNTUNGAN","MANGGA","LINGKUNGAN 1","","","G. Perdagangan Besar dan Eceran, Reparasi Mobil dan Sepeda Motor","SBR"],
    ["51144","KLINIK BABARSARI","JALAN BUNGA KARDIOL LK 3","prelist","MEDAN TUNTUNGAN","LADANG BAMBU","LINGKUNGAN 3","","","Q. Jasa Kesehatan dan Kegiatan Sosial","SBR"],
    ["51277","MDA DARUL IKHWAN","JALAN PINANG RAYA 4 NO 5 LINGKUNGAN 20","prelist","MEDAN TUNTUNGAN","MANGGA","LINGKUNGAN 20","","","P. Pendidikan","SBR"],
    ["51282","BETHANY SCHOOL","JALAN KAPITEN PURBA NOMOR 1 LINGKUNGAN 4","prelist","MEDAN TUNTUNGAN","MANGGA","LINGKUNGAN 4","","","P. Pendidikan","SBR"],
    ["51381","OUKUP TAWAR BANGGER","JALAN SETIA BUDI LK 9","prelist","MEDAN TUNTUNGAN","SIMPANG SELAYANG","LINGKUNGAN 9","","","Q. Jasa Kesehatan dan Kegiatan Sosial","SBR"],
    ["51405","INDOMARET","JL.CENGKEH RAYA LINGKUNGAN.12","prelist","MEDAN TUNTUNGAN","MANGGA","LINGKUNGAN 11","","","G. Perdagangan Besar dan Eceran, Reparasi Mobil dan Sepeda Motor","SBR"],
    ["51506","KIOS SAYURAN <JOHN>","PASAR INDUK TUNTUNGAN","prelist","MEDAN TUNTUNGAN","LAU CIH","LINGKUNGAN 3","","","G. Perdagangan Besar dan Eceran, Reparasi Mobil dan Sepeda Motor","SBR"],
    ["51529","PRAKTEK DOKTER(IRSAN TAMA)","JALAN JAMINGINTING LING KON GAN 3","prelist","MEDAN TUNTUNGAN","MANGGA","LINGKUNGAN 3","","","Q. Jasa Kesehatan dan Kegiatan Sosial","SBR"],
    ["51537","MARCELLINE PRIVATE EDUCATION CENTER","JL M SYUHAM NO 880","prelist","MEDAN TUNTUNGAN","MANGGA","LINGKUNGAN 2","","","P. Pendidikan","SBR"],
    ["51539","KIOS SAYURAN <RATMA>","PASAR INDUK LAUCIH TUNTUNGAN","prelist","MEDAN TUNTUNGAN","LAU CIH","LINGKUNGAN 3","","","G. Perdagangan Besar dan Eceran, Reparasi Mobil dan Sepeda Motor","SBR"],
    ["51552","KIOS SAYURAN <FREDI>","PASAR INDUK TUNTUNGAN","prelist","MEDAN TUNTUNGAN","LAU CIH","LINGKUNGAN 3","","","G. Perdagangan Besar dan Eceran, Reparasi Mobil dan Sepeda Motor","SBR"],
    ["51650","PENARIK BETOR <MULYADI>","JALAN BUNGA KEMUNING","prelist","MEDAN TUNTUNGAN","LADANG BAMBU","LINGKUNGAN 5","","","H. Transportasi dan Pergudangan","SBR"],
    ["51676","SUPIRTAO TOBA INDAH","JALAN IRIGASI 5 LK 4","prelist","MEDAN TUNTUNGAN","MANGGA","LINGKUNGAN 5","","","H. Transportasi dan Pergudangan","SBR"],
    ["51677","WARNET MARCEL","JL IRIGASI BARU LK 4","prelist","MEDAN TUNTUNGAN","KEMENANGAN TANI","LINGKUNGAN 4","","","J. Informasi dan Komunikasi","SBR"],
    ["51680","PRAKTEK BIDAN (INGANLIT)","JALAN BUNGA TEROMPET BLOK C NO I LK 7","prelist","MEDAN TUNTUNGAN","SIMPANG SELAYANG","LINGKUNGAN 7","","","Q. Jasa Kesehatan dan Kegiatan Sosial","SBR"],
    ["51698","KIOS SAYURAN <SALMAH>","PASAR INDUK TUNTUNGAN","prelist","MEDAN TUNTUNGAN","LAU CIH","LINGKUNGAN 3","","","G. Perdagangan Besar dan Eceran, Reparasi Mobil dan Sepeda Motor","SBR"],
    ["51699","JUALAN TOMAT <MULIANA>","PASAR INDUK TUNTUNGAN","prelist","MEDAN TUNTUNGAN","LAU CIH","LINGKUNGAN 3","","","G. Perdagangan Besar dan Eceran, Reparasi Mobil dan Sepeda Motor","SBR"],
    ["51706","YAYASAN PENDIDIKAN PA LAPA","JALAN BUNGA LAU NO 9 LK 3","prelist","MEDAN TUNTUNGAN","KEMENANGAN TANI","LINGKUNGAN 3","","","P. Pendidikan","SBR"],
    ["51774","PRIMA INTAN CEMERLANG, PT","JL. LIZARDI PUTRA NO. 44","prelist","MEDAN TUNTUNGAN","SIMPANG SELAYANG","LINGKUNGAN 10","","","F. Konstruksi","SBR"],
    ["51800","KANTOR PEMASARAN","JL FLAMBOYAN I NO 2A LK 6","prelist","MEDAN TUNTUNGAN","TANJUNG SELAMAT","LINGKUNGAN 6","","","L. Real Estat","SBR"],
    ["51807","SOPHIE PARIS (SUTRISNO)","JALAN JAMIN GINTING NO 1 LINGKUNGAN 2","prelist","MEDAN TUNTUNGAN","MANGGA","LINGKUNGAN 2","","","G. Perdagangan Besar dan Eceran, Reparasi Mobil dan Sepeda Motor","SBR"],
    ["51813","ALFA MART","Jl. Setia budi, No. 13","prelist","MEDAN TUNTUNGAN","SIMPANG SELAYANG","LINGKUNGAN 9","","","G. Perdagangan Besar dan Eceran, Reparasi Mobil dan Sepeda Motor","SBR"],
    ["51830","MAJESTYK","JALAN FLAMBOYAN RAYA LK 2","prelist","MEDAN TUNTUNGAN","TANJUNG SELAMAT","LINGKUNGAN 4","","","G. Perdagangan Besar dan Eceran, Reparasi Mobil dan Sepeda Motor","SBR"],
    ["51831","FOTO COPT LEO","JL KAPITEN PURBA LINGKUNGAN 3","prelist","MEDAN TUNTUNGAN","MANGGA","LINGKUNGAN 3","","","N. Jasa Persewaan, Ketenagakerjaan, Agen Perjalanan, dan Jasa Pendukung","SBR"],
    ["51832","JASA KESEHATAN (LINA)","JALAN FLAMBOYAN 12 TANJUNG SELAMAT","prelist","MEDAN TUNTUNGAN","TANJUNG SELAMAT","LINGKUNGAN 6","","","Q. Jasa Kesehatan dan Kegiatan Sosial","SBR"],
    ["51834","PRAKTEK DOKTER GIGI","JL FLAMBOYAN RAYA NO 24","prelist","MEDAN TUNTUNGAN","TANJUNG SELAMAT","LINGKUNGAN 5","","","Q. Jasa Kesehatan dan Kegiatan Sosial","SBR"],
    ["51842","PAUD TUNAS BARU G B K P","JL BUNGA RAMPEI LING 4 SIMALINGKAR B","prelist","MEDAN TUNTUNGAN","SIMALINGKAR B","LINGKUNGAN 1","","","P. Pendidikan","SBR"],
    ["51847","INDOMARET BUNGA LAU","JALAN BUNGA LAU LK 3","prelist","MEDAN TUNTUNGAN","KEMENANGAN TANI","LINGKUNGAN 3","","","G. Perdagangan Besar dan Eceran, Reparasi Mobil dan Sepeda Motor","SBR"],
    ["51852","POYBE SALON (POYBE)","JALAN FLAMBOYAN RAYA","prelist","MEDAN TUNTUNGAN","TANJUNG SELAMAT","LINGKUNGAN 4","","","S. Aktivitas Jasa Lainnya","SBR"],
    ["51854","BIDAN (SAIRI TARIGAN)","JALAN SEROJA GANG PAN TE LINGKUNGAN 7","prelist","MEDAN TUNTUNGAN","TANJUNG SELAMAT","LINGKUNGAN 7","","","Q. Jasa Kesehatan dan Kegiatan Sosial","SBR"],
    ["51978","PUSAT REHABILITASI NARKOBA RUMAH KITA","JL BOUGENVILE DALAM NO 1A LK 10","prelist","MEDAN TUNTUNGAN","SIMPANG SELAYANG","LINGKUNGAN 2","","","Q. Jasa Kesehatan dan Kegiatan Sosial","SBR"],
    ["51992","ANGKOT 104 (HARAJATUA)","JALAN TEMBAKAU 14 NOMOR 7 LINGKUNGAN 22","prelist","MEDAN TUNTUNGAN","MANGGA","LINGKUNGAN 22","","","H. Transportasi dan Pergudangan","SBR"],
    ["52039","KIOS SAYURAN <BAHAGIA>","PASAR INDUK TUNTUNGAN","prelist","MEDAN TUNTUNGAN","LAU CIH","LINGKUNGAN 3","","","G. Perdagangan Besar dan Eceran, Reparasi Mobil dan Sepeda Motor","SBR"],
    ["52040","KIOS SAYURAN <ERNI>","PASAR INDUK TUNTUNGAN","prelist","MEDAN TUNTUNGAN","LAU CIH","LINGKUNGAN 3","","","G. Perdagangan Besar dan Eceran, Reparasi Mobil dan Sepeda Motor","SBR"],
    ["52160","KANTOR POS SBC","JL SETIA BUDI LK 10","prelist","MEDAN TUNTUNGAN","SIMPANG SELAYANG","LINGKUNGAN 9","","","H. Transportasi dan Pergudangan","SBR"],
    ["52169","MUTIARA PERABOT","JL LETJEN JAMIN GINTI NG LINGKUNGAN 3","prelist","MEDAN TUNTUNGAN","MANGGA","LINGKUNGAN 2","","","G. Perdagangan Besar dan Eceran, Reparasi Mobil dan Sepeda Motor","SBR"],
    ["52170","SEAFOOG MAS BRAY","JALAN KAPITEN PURBA","prelist","MEDAN TUNTUNGAN","MANGGA","LINGKUNGAN 4","","","I. Penyediaan Akomodasi dan Makan Minum","SBR"],
    ["52171","PRAKTEK DOKTER HEWAN","JALAN KARET RAYA NO 45 LINGKUNGAN 7","prelist","MEDAN TUNTUNGAN","MANGGA","LINGKUNGAN 7","","","M. Jasa Profesional, Ilmiah, dan Teknis","SBR"],
    ["52238","ANG K U TAN J ENAZAH (CAYAN)","JALAN PETUNIA RAYA LK 3","prelist","MEDAN TUNTUNGAN","NAMO GAJAH","LINGKUNGAN 3","","","H. Transportasi dan Pergudangan","SBR"],
    ["52246","SD BHARLIND SCHOOL","JL JAMIN GINTING KM 105 LINGK 5","prelist","MEDAN TUNTUNGAN","SIMPANG SELAYANG","LINGKUNGAN 5","","","P. Pendidikan","SBR"],
    ["52259","PUSKESMAS","JALAN BUNGA NCOLE RAYA LK 4","prelist","MEDAN TUNTUNGAN","KEMENANGAN TANI","LINGKUNGAN 5","","","Q. Jasa Kesehatan dan Kegiatan Sosial","SBR"],
    ["52272","JANUR PERKASA LESTARI, CV","JL FLAMBOYAN BARU NO 9 MEDAN","prelist","MEDAN TUNTUNGAN","TANJUNG SELAMAT","LINGKUNGAN 2","","","F. Konstruksi","SBR"],
    ["52299","BIGJO NET","JALAN IRIGASI RAYALK 4","prelist","MEDAN TUNTUNGAN","KEMENANGAN TANI","LINGKUNGAN 4","","","J. Informasi dan Komunikasi","SBR"],
    ["52326","SITI HAJAR <IFDS>","JL JAMIN GINTING KM 11 GG PAYA BUNDUNG","prelist","MEDAN TUNTUNGAN","SIMPANG SELAYANG","LINGKUNGAN 2","","","P. Pendidikan","SBR"],
    ["52340","TK SARAH","JL BUNGA RAMPAI 5 LINGKUNGAN 2","prelist","MEDAN TUNTUNGAN","SIMALINGKAR B","LINGKUNGAN 3","","","P. Pendidikan","SBR"],
    ["52343","TK ABA","JL RAMI 2 LINGKUNGAN 4","prelist","MEDAN TUNTUNGAN","MANGGA","LINGKUNGAN 16","","","P. Pendidikan","SBR"],
    ["52391","AKBID AUDI HUSADA","JALAN BUNGA NCOLE RAYA LK 5","prelist","MEDAN TUNTUNGAN","KEMENANGAN TANI","LINGKUNGAN 5","","","P. Pendidikan","SBR"],
    ["52567","U SAH A ANGKUTAN UMUM 9 (CEMPAKA)","PERUMAHAN PARIAMA BLO K 4 LK 5","prelist","MEDAN TUNTUNGAN","LADANG BAMBU","LINGKUNGAN 5","","","H. Transportasi dan Pergudangan","SBR"],
    ["52592","TAMBUNAN","JL KAPITEN PURBA LING KUNGAN 3","prelist","MEDAN TUNTUNGAN","MANGGA","LINGKUNGAN 3","","","I. Penyediaan Akomodasi dan Makan Minum","SBR"],
    ["52595","SMA BUDI MURNI 2","JL KAPITEN PURBA NO 1 8 LINGKUNGAN 3","prelist","MEDAN TUNTUNGAN","MANGGA","LINGKUNGAN 3","","","P. Pendidikan","SBR"],
    ["52607","STMIK NEUMAN","JL JAMIN GINTING KM 105 LINGK 5","prelist","MEDAN TUNTUNGAN","SIMPANG SELAYANG","LINGKUNGAN 5","","","P. Pendidikan","SBR"],
    ["52629","JUAL SARAPAN PAGI (TRI)","JALAN BUNGA KARDIOL","prelist","MEDAN TUNTUNGAN","LADANG BAMBU","LINGKUNGAN 3","","","I. Penyediaan Akomodasi dan Makan Minum","SBR"],
    ["52631","KLINIK KESEHATAN <KARLINA>","JALAN BUNGA TUKI 5 LK 3","prelist","MEDAN TUNTUNGAN","SIDOMULYO","LINGKUNGAN 2","","","Q. Jasa Kesehatan dan Kegiatan Sosial","SBR"],
    ["52879","ALFAMART ALFARIA TRIJAYA TBK","JL CENGKEH RAYA NO 55 LK 12","prelist","MEDAN TUNTUNGAN","MANGGA","LINGKUNGAN 16","","","G. Perdagangan Besar dan Eceran, Reparasi Mobil dan Sepeda Motor","SBR"],
    ["52894","KANTOR POS CABANG MEDAN TUNTUNSAN","JALAN JAMINGINTING LINGMUNIAN 3","prelist","MEDAN TUNTUNGAN","MANGGA","LINGKUNGAN 3","","","H. Transportasi dan Pergudangan","SBR"],
    ["52901","UD HIDUP BARU","JALA N KAPITEN PURBA NOMOR 3 C LINGKUNGAN 4","prelist","MEDAN TUNTUNGAN","MANGGA","LINGKUNGAN 4","","","G. Perdagangan Besar dan Eceran, Reparasi Mobil dan Sepeda Motor","SBR"],
    ["52903","PANGKALAN LPG 3 KG PERTAMINA (EGA)","JALAN KARET RAYA NO 41 LING K UNGAN 7","prelist","MEDAN TUNTUNGAN","MANGGA","LINGKUNGAN 7","","","G. Perdagangan Besar dan Eceran, Reparasi Mobil dan Sepeda Motor","SBR"],
    ["52921","SD BUDI MURNI 2","JL KAPITEN PURBA NO 18 LINGKUNGAN 3","prelist","MEDAN TUNTUNGAN","MANGGA","LINGKUNGAN 3","","","P. Pendidikan","SBR"],
    ["53364","KIOS SAYUR (INA)","PASAR INDUK TUNTUNGAN GROSIR","prelist","MEDAN TUNTUNGAN","LAU CIH","LINGKUNGAN 3","","","G. Perdagangan Besar dan Eceran, Reparasi Mobil dan Sepeda Motor","SBR"],
    ["53366","WARUNG INDOMIE (MULAWARDI)","JALAN BUNGA KEMUNING","prelist","MEDAN TUNTUNGAN","KEMENANGAN TANI","LINGKUNGAN 2","","","I. Penyediaan Akomodasi dan Makan Minum","SBR"],
    ["53370","KLINIK PERA (PERA)","JLN BUNGA RAMPE RAYA","prelist","MEDAN TUNTUNGAN","SIMALINGKAR B","LINGKUNGAN 2","","","Q. Jasa Kesehatan dan Kegiatan Sosial","SBR"],
    ["53371","YONCE TRAVEL","JALAN TEMBAKAU RAYA NOMOR 62 LINGKUNGAN 15","prelist","MEDAN TUNTUNGAN","MANGGA","LINGKUNGAN 15","","","N. Jasa Persewaan, Ketenagakerjaan, Agen Perjalanan, dan Jasa Pendukung","SBR"],
    ["53391","PANGLONG (ADRIANUS BARUS)","JL KARET RAYA NO 70 LINGKUNGAN 9","prelist","MEDAN TUNTUNGAN","MANGGA","LINGKUNGAN 9","","","G. Perdagangan Besar dan Eceran, Reparasi Mobil dan Sepeda Motor","SBR"],
    ["53395","SINAR PURNAMA UD","JL FLAMBOYAN RAYA GG BARUS LK 8","prelist","MEDAN TUNTUNGAN","TANJUNG SELAMAT","LINGKUNGAN 8","","","G. Perdagangan Besar dan Eceran, Reparasi Mobil dan Sepeda Motor","SBR"],
    ["53401","FRESH COFFE SHOP","KOMPLEK ROYAL SUMATERA LINGKUNGAN 5","prelist","MEDAN TUNTUNGAN","MANGGA","LINGKUNGAN 5","","","I. Penyediaan Akomodasi dan Makan Minum","SBR"],
    ["53570","SEKOLAH TINGGI TEOLOGIA","JALAN JAMIN GINTING K M 11 LINGKUNGAN 3","prelist","MEDAN TUNTUNGAN","SIMPANG SELAYANG","LINGKUNGAN 3","","","P. Pendidikan","SBR"],
    ["53663","TOKO CERRY","JLN SETIA BUDI UJUNG SIMPANG PEMDA NO 16A","prelist","MEDAN TUNTUNGAN","SIMPANG SELAYANG","LINGKUNGAN 9","","","G. Perdagangan Besar dan Eceran, Reparasi Mobil dan Sepeda Motor","SBR"],
    ["53836","BANDREK SAWABIT","JL KARET RAYA NO 2 LI NGKUNGAN IX","prelist","MEDAN TUNTUNGAN","MANGGA","LINGKUNGAN 7","","","I. Penyediaan Akomodasi dan Makan Minum","SBR"],
    ["53914","APOTEK KARYA AGUNG","JAIAN JAMIN GINTING NO 174 LINGKUNGAN 3","prelist","MEDAN TUNTUNGAN","MANGGA","LINGKUNGAN 3","","","G. Perdagangan Besar dan Eceran, Reparasi Mobil dan Sepeda Motor","SBR"],
    ["53917","PUTRA CATERING","JALAN BUNGA PANCUR I LINGKUNGAN 6","prelist","MEDAN TUNTUNGAN","SIMPANG SELAYANG","LINGKUNGAN 6","","","I. Penyediaan Akomodasi dan Makan Minum","SBR"],
    ["53918","APOTIK SINAR FARMA","JALAN JAMIN GINTING LK I","prelist","MEDAN TUNTUNGAN","KEMENANGAN TANI","LINGKUNGAN 1","","","G. Perdagangan Besar dan Eceran, Reparasi Mobil dan Sepeda Motor","SBR"],
    ["53919","BOTOT (GINTING)","JL SETIA BUDI UJUNG SIMPANG SELAYANG LK 17","prelist","MEDAN TUNTUNGAN","SIMPANG SELAYANG","LINGKUNGAN 16","","","G. Perdagangan Besar dan Eceran, Reparasi Mobil dan Sepeda Motor","SBR"],
    ["53920","TOKO SAHABAT BARU","JALAN SETIA BUDI LK 16","prelist","MEDAN TUNTUNGAN","SIMPANG SELAYANG","LINGKUNGAN 9","","","G. Perdagangan Besar dan Eceran, Reparasi Mobil dan Sepeda Motor","SBR"],
    ["53937","TEGER ENGLISH COURSE","JALAN KARET 15 NO 48 LINGKUNGAN 7","prelist","MEDAN TUNTUNGAN","MANGGA","LINGKUNGAN 7","","","P. Pendidikan","SBR"],
    ["53942","UD AMORIKA","JALAN BUNGA LAU LK 3","prelist","MEDAN TUNTUNGAN","KEMENANGAN TANI","LINGKUNGAN 3","","","G. Perdagangan Besar dan Eceran, Reparasi Mobil dan Sepeda Motor","SBR"],
    ["53956","PANGKALAN GAS (SUHERI)","JALAN FLAMBOYAN RAYA GANG HARAHAP NO 21 LK 3","prelist","MEDAN TUNTUNGAN","TANJUNG SELAMAT","LINGKUNGAN 3","","","G. Perdagangan Besar dan Eceran, Reparasi Mobil dan Sepeda Motor","SBR"],
    ["53989","NET (TIARA)","JL KARET RAYA NO 21 L INGKUNGAN IX","prelist","MEDAN TUNTUNGAN","MANGGA","LINGKUNGAN 9","","","J. Informasi dan Komunikasi","SBR"],
    ["53990","HAWAI","JL. JAMIN GINTING KM 85 NO. 17","prelist","MEDAN TUNTUNGAN","LAU CIH","LINGKUNGAN 2","","","I. Penyediaan Akomodasi dan Makan Minum","SBR"],
    ["53991","HOTEL CYSTAL","JAMIN GINTING KM 9.5","prelist","MEDAN TUNTUNGAN","MANGGA","LINGKUNGAN 2","","","I. Penyediaan Akomodasi dan Makan Minum","SBR"],
    ["54012","DISC (KARIMA)","JL KARET RAYA NO 8 LINGKUNGAN IX","prelist","MEDAN TUNTUNGAN","MANGGA","LINGKUNGAN 7","","","G. Perdagangan Besar dan Eceran, Reparasi Mobil dan Sepeda Motor","SBR"],
    ["54033","APOTEK BINA FARMA","JALAN PA LES 8 NO 1 LING K UNG AN 3","prelist","MEDAN TUNTUNGAN","SIMPANG SELAYANG","LINGKUNGAN 7","","","G. Perdagangan Besar dan Eceran, Reparasi Mobil dan Sepeda Motor","SBR"],
    ["54034","AYAM PENYET SIDOARJO","JL DJAMIN GINTING","prelist","MEDAN TUNTUNGAN","KEMENANGAN TANI","LINGKUNGAN 3","","","I. Penyediaan Akomodasi dan Makan Minum","SBR"],
    ["54052","PEGADAIAN","JL JAHE RAYA","prelist","MEDAN TUNTUNGAN","MANGGA","LINGKUNGAN 14","","","K. Aktivitas Keuangan Dan Asuransi","SBR"],
    ["54053","KEDAI KOPI (PINUS)","JL PINUS RAYA NO 6 LINGK 16","prelist","MEDAN TUNTUNGAN","MANGGA","LINGKUNGAN 16","","","I. Penyediaan Akomodasi dan Makan Minum","SBR"],
    ["54058","OUKUP AYU","JL DJAMIN GINTING NO 84 KM 8.5 PADANG BULAN","prelist","MEDAN TUNTUNGAN","MANGGA","LINGKUNGAN 1","","","S. Aktivitas Jasa Lainnya","SBR"],
    ["54069","JUAL PULSA (IPUL)","TEMBAKAU RAYA LING 16","prelist","MEDAN TUNTUNGAN","MANGGA","LINGKUNGAN 22","","","J. Informasi dan Komunikasi","SBR"],
    ["54078","LAUNDRY (KAHALIA)","JL SAWIT RAYA NO 10 A LINGKUNGAN 9","prelist","MEDAN TUNTUNGAN","MANGGA","LINGKUNGAN 9","","","S. Aktivitas Jasa Lainnya","SBR"],
    ["54084","TARIGAN PONSEL","JL JAMIN GINTING","prelist","MEDAN TUNTUNGAN","LADANG BAMBU","LINGKUNGAN 1","","","J. Informasi dan Komunikasi","SBR"],
    ["54092","YAYASAN KK SP(AHMAD)","IL STELA 3 LING K UNGAN 13","prelist","MEDAN TUNTUNGAN","SIMPANG SELAYANG","LINGKUNGAN 13","","","S. Aktivitas Jasa Lainnya","SBR"],
    ["54094","BENGKEL LAS BERKATNYA","KAPITEN PURBA NO 9 LINGKUNGAN 3","prelist","MEDAN TUNTUNGAN","MANGGA","LINGKUNGAN 3","","","S. Aktivitas Jasa Lainnya","SBR"],
    ["54098","RESTORAN ROYAL","KOMPLEK ROYAL SUMATERA LINGKUNGAN 5","prelist","MEDAN TUNTUNGAN","MANGGA","LINGKUNGAN 5","","","I. Penyediaan Akomodasi dan Makan Minum","SBR"],
    ["54099","LARIS COLLECTION","KAPITEN PURBA NO 15 A LINGKUNGAN 3","prelist","MEDAN TUNTUNGAN","MANGGA","LINGKUNGAN 3","","","G. Perdagangan Besar dan Eceran, Reparasi Mobil dan Sepeda Motor","SBR"],
    ["54105","HAN`S WARNET (PATAR)","JL SAWIT RAYA LINGKUNGAN 9","prelist","MEDAN TUNTUNGAN","MANGGA","LINGKUNGAN 9","","","J. Informasi dan Komunikasi","SBR"],
    ["54106","PENJUAL GAS ECER (RIAULI)","JL KARET RAYA LINGKUNGAN IX","prelist","MEDAN TUNTUNGAN","MANGGA","LINGKUNGAN 9","","","G. Perdagangan Besar dan Eceran, Reparasi Mobil dan Sepeda Motor","SBR"],
    ["54109","JUPITER HOTEL","SETIA BUDI NO 8","prelist","MEDAN TUNTUNGAN","SIMPANG SELAYANG","LINGKUNGAN 9","","","I. Penyediaan Akomodasi dan Makan Minum","SBR"],
    ["54112","BUNGA BURGER","JALAN KARET RAYA NO 3 LK 7","prelist","MEDAN TUNTUNGAN","MANGGA","LINGKUNGAN 7","","","I. Penyediaan Akomodasi dan Makan Minum","SBR"],
    ["54113","JUAL KOPI (GIA)","JALAN KARET RAYA NO 3 3 LING K UNGAN 7","prelist","MEDAN TUNTUNGAN","MANGGA","LINGKUNGAN 7","","","I. Penyediaan Akomodasi dan Makan Minum","SBR"],
    ["54123","RO OXY GRACE","KOMPLEK MILALA BLOK D LINGKUNGAN 3","prelist","MEDAN TUNTUNGAN","MANGGA","LINGKUNGAN 5","","","C. Industri Pengolahan","SBR"],
    ["54140","PENJUAL KORAN (MANURUNG)","JL SAWIT RAYA LINGKUNGAN IX","prelist","MEDAN TUNTUNGAN","MANGGA","LINGKUNGAN 9","","","G. Perdagangan Besar dan Eceran, Reparasi Mobil dan Sepeda Motor","SBR"],
    ["54277","KEDAI SEMBAKO (JUNISA R SINAGA)","JL KARET RAYA NO 16 L INGKUNGAN IX","prelist","MEDAN TUNTUNGAN","MANGGA","LINGKUNGAN 9","","","G. Perdagangan Besar dan Eceran, Reparasi Mobil dan Sepeda Motor","SBR"],
    ["54309","HOTEL SELAYANG PANDANG","JALAN ANGGREK","prelist","MEDAN TUNTUNGAN","SIMPANG SELAYANG","LINGKUNGAN 9","","","I. Penyediaan Akomodasi dan Makan Minum","SBR"],
    ["54321","KANTOR PERUMAHAN VILL A ZEQITA","JL JAMIN GINTING KM 12 NO 1 LINK 1","prelist","MEDAN TUNTUNGAN","LAU CIH","LINGKUNGAN 1","","","L. Real Estat","SBR"],
    ["54322","WARUNG SAYUR(IBU SRI)","JL PALES RAYA","prelist","MEDAN TUNTUNGAN","SIMPANG SELAYANG","LINGKUNGAN 5","","","G. Perdagangan Besar dan Eceran, Reparasi Mobil dan Sepeda Motor","SBR"],
    ["54327","SEKOLAH SOLAPIDE","JALAN BUNGA NCOLE LK 2","prelist","MEDAN TUNTUNGAN","KEMENANGAN TANI","LINGKUNGAN 5","","","P. Pendidikan","SBR"],
    ["54335","KIOS SAYUR (FLORA)","PASAR INDUK TUNTUNGAN GROSIR","prelist","MEDAN TUNTUNGAN","LAU CIH","LINGKUNGAN 3","","","G. Perdagangan Besar dan Eceran, Reparasi Mobil dan Sepeda Motor","SBR"],
    ["54342","TK LASKAR TERANG (SAMUL)","PERUMAHAN MARCOPOLO LINGKUNGAN 1","prelist","MEDAN TUNTUNGAN","SIMALINGKAR B","LINGKUNGAN 1","","","P. Pendidikan","SBR"],
    ["54347","WARUNG SEMBAKO (BAMBANG SUTEJO)","JALAN BUNGA KARDIOL LK 1","prelist","MEDAN TUNTUNGAN","LADANG BAMBU","LINGKUNGAN 3","","","G. Perdagangan Besar dan Eceran, Reparasi Mobil dan Sepeda Motor","SBR"],
    ["54348","BOTOT <IMANUEL>","JALAN JAMIN GINTING","prelist","MEDAN TUNTUNGAN","SIMPANG SELAYANG","LINGKUNGAN 2","","","G. Perdagangan Besar dan Eceran, Reparasi Mobil dan Sepeda Motor","SBR"],
    ["54363","SEKOLAH PENCAWAN","JALAN BUNGA NCOLE LK 2","prelist","MEDAN TUNTUNGAN","KEMENANGAN TANI","LINGKUNGAN 2","","","P. Pendidikan","SBR"],
    ["54374","BANK SUMUT","JLN TEMBAKAU RAYA NO 9 P SL LING 19","prelist","MEDAN TUNTUNGAN","MANGGA","LINGKUNGAN 24","","","K. Aktivitas Keuangan Dan Asuransi","SBR"],
    ["54375","NAULI DECOR","JL DJAMIN GINTING NO 89F KM 8.5 MEDAN","prelist","MEDAN TUNTUNGAN","MANGGA","LINGKUNGAN 1","","","G. Perdagangan Besar dan Eceran, Reparasi Mobil dan Sepeda Motor","SBR"],
    ["54376","HOTEL CEMPAKA","JL DJAMIN GINTING NO 37A PADANG BULAN","prelist","MEDAN TUNTUNGAN","MANGGA","LINGKUNGAN 1","","","I. Penyediaan Akomodasi dan Makan Minum","SBR"],
    ["54377","JUAL PAKAIAN BEKAS (SUKARMINI)","PERUMAHAN BEKALA ASRI BLOK F NO 23 LK 3","prelist","MEDAN TUNTUNGAN","MANGGA","LINGKUNGAN 3","","","G. Perdagangan Besar dan Eceran, Reparasi Mobil dan Sepeda Motor","SBR"],
    ["54380","KIOS BUAH (SARI)","PASAR INDUK TUNTUNGAN WISATA BUAH","prelist","MEDAN TUNTUNGAN","LAU CIH","LINGKUNGAN 3","","","G. Perdagangan Besar dan Eceran, Reparasi Mobil dan Sepeda Motor","SBR"],
    ["54381","MATRIX CLASS PRIVATE","JALAN JAMIN GINTING LINGKUNG AN 1","prelist","MEDAN TUNTUNGAN","SIMPANG SELAYANG","LINGKUNGAN 3","","","P. Pendidikan","SBR"],
    ["54383","PANGKALAN GAS (BONANZA)","JL.CENGKEH RAYA LINGKUNGAN 16","prelist","MEDAN TUNTUNGAN","MANGGA","LINGKUNGAN 11","","","G. Perdagangan Besar dan Eceran, Reparasi Mobil dan Sepeda Motor","SBR"],
    ["54384","KEDAI SEMBAKO (SAMARINDA)","JL PINUS RAYA NO 2 LINGKUNGAN 16","prelist","MEDAN TUNTUNGAN","MANGGA","LINGKUNGAN 5","","","G. Perdagangan Besar dan Eceran, Reparasi Mobil dan Sepeda Motor","SBR"],
    ["54419","JUAL TAS ONLINE (NATA LINE)","KOMPLEK SETIA BUDI VI STA BLOK Q NO I LK 10","prelist","MEDAN TUNTUNGAN","SIMPANG SELAYANG","LINGKUNGAN 2","","","G. Perdagangan Besar dan Eceran, Reparasi Mobil dan Sepeda Motor","SBR"],
    ["54424","TOKO BAJU (GILBET)","JL CENGKEH RAYA LINGK UANGAN 16","prelist","MEDAN TUNTUNGAN","MANGGA","LINGKUNGAN 11","","","G. Perdagangan Besar dan Eceran, Reparasi Mobil dan Sepeda Motor","SBR"],
    ["54440","KLINIK KASIH HUSADA","JALAN SETIA BUDI NO 86 LK 9","prelist","MEDAN TUNTUNGAN","SIMPANG SELAYANG","LINGKUNGAN 9","","","Q. Jasa Kesehatan dan Kegiatan Sosial","SBR"],
    ["54508","BIMBINGAN TEKNOS","JALAN JAMIN GINTING LK I","prelist","MEDAN TUNTUNGAN","KEMENANGAN TANI","LINGKUNGAN 1","","","P. Pendidikan","SBR"],
    ["54545","HOTEL VJE","JALAN ANGGREK RAYA LK 9","prelist","MEDAN TUNTUNGAN","SIMPANG SELAYANG","LINGKUNGAN 9","","","I. Penyediaan Akomodasi dan Makan Minum","SBR"],
    ["54558","KIOS SAYURAN (JEFRI)","PASAR INDUK TUNTUNGAN","prelist","MEDAN TUNTUNGAN","LAU CIH","LINGKUNGAN 3","","","G. Perdagangan Besar dan Eceran, Reparasi Mobil dan Sepeda Motor","SBR"],
    ["54567","HOTEL BUKIT DERMAI 2","JALAN SETIA BUDI GANG PRIBADI LINGKUNGAN 16","prelist","MEDAN TUNTUNGAN","SIMPANG SELAYANG","LINGKUNGAN 2","","","I. Penyediaan Akomodasi dan Makan Minum","SBR"],
    ["54644","HOTEL BOUGENVILLE 1","JL SETIA BUDI LK II","prelist","MEDAN TUNTUNGAN","SIMPANG SELAYANG","LINGKUNGAN 1","","","I. Penyediaan Akomodasi dan Makan Minum","SBR"],
    ["54674","LAVATO LAUNDRY (KIKI)","JL FLAMBOYAN RAYA NO I4","prelist","MEDAN TUNTUNGAN","TANJUNG SELAMAT","LINGKUNGAN 6","","","S. Aktivitas Jasa Lainnya","SBR"],
    ["54707","BENGKEL MOTOR (ERIKA PASARIBU)","JL SAWIT RAYA NO 9A LINGKUNGAN 9","prelist","MEDAN TUNTUNGAN","MANGGA","LINGKUNGAN 9","","","G. Perdagangan Besar dan Eceran, Reparasi Mobil dan Sepeda Motor","SBR"],
    ["54772","TUKANG JAHIT (PRISMA)","JL RAMI 8 LINGKUNGAN 16","prelist","MEDAN TUNTUNGAN","MANGGA","LINGKUNGAN 5","","","C. Industri Pengolahan","SBR"],
    ["54871","TOKO KELONTONG MARIO","JL JAMIN GINTING NO.201","prelist","MEDAN TUNTUNGAN","MANGGA","LINGKUNGAN 1","","","I. Penyediaan Akomodasi dan Makan Minum","SBR"],
    ["54885","BISNIS ONLINE (BTPN WOW)","JL SAKURA KOMPLEK ALAMANDA INDAH LK I","prelist","MEDAN TUNTUNGAN","TANJUNG SELAMAT","LINGKUNGAN 1","","","J. Informasi dan Komunikasi","SBR"],
    ["54939","JUAL JAJANAN (ARJUNA)","JALAN BUNGA KARDIOL","prelist","MEDAN TUNTUNGAN","LADANG BAMBU","LINGKUNGAN 3","","","G. Perdagangan Besar dan Eceran, Reparasi Mobil dan Sepeda Motor","SBR"],
    ["55051","HOTEL ALAM INDAH","JL DJAMIN GINTING KM 8,5 PADANG BULAN","prelist","MEDAN TUNTUNGAN","MANGGA","LINGKUNGAN 1","","","I. Penyediaan Akomodasi dan Makan Minum","SBR"],
    ["55102","DERITA KEMIRI","JL SETIA BUDI UJUNG GG BERSAMA NO 1A","prelist","MEDAN TUNTUNGAN","SIMPANG SELAYANG","LINGKUNGAN 16","","","G. Perdagangan Besar dan Eceran, Reparasi Mobil dan Sepeda Motor","SBR"],
    ["55168","WARUNG BAKSO TERLENA (MANIRAH)","JALAN BUNGA KARDIOL","prelist","MEDAN TUNTUNGAN","LADANG BAMBU","LINGKUNGAN 2","","","I. Penyediaan Akomodasi dan Makan Minum","SBR"],
    ["55169","BENGKEL MOBIL (ROBERTUT MARPAUNG)","JALAN JAMIN GINTING LK 1","prelist","MEDAN TUNTUNGAN","MANGGA","LINGKUNGAN 1","","","G. Perdagangan Besar dan Eceran, Reparasi Mobil dan Sepeda Motor","SBR"],
    ["55247","KIDS MART","JL SETIA BUDI NO 133 C LK 8","prelist","MEDAN TUNTUNGAN","SIMPANG SELAYANG","LINGKUNGAN 9","","","G. Perdagangan Besar dan Eceran, Reparasi Mobil dan Sepeda Motor","SBR"],
    ["55266","PE GADAIAN","JL.RINGROADPASARI TANJUNG SARI MEDAN SELAYANG","prelist","MEDAN TUNTUNGAN","SIMPANG SELAYANG","LINGKUNGAN 8","","","K. Aktivitas Keuangan Dan Asuransi","SBR"],
    ["55350","SEAFOOD (SURYADI)","JL KARET 16 NO 4 LINGKUNGAN 9","prelist","MEDAN TUNTUNGAN","MANGGA","LINGKUNGAN 9","","","I. Penyediaan Akomodasi dan Makan Minum","SBR"],
    ["55371","KURSUS MENGEMUDI VANY","JALAN JAMIN GINTING KOMPLEK GOLDEN VISTA","prelist","MEDAN TUNTUNGAN","MANGGA","LINGKUNGAN 2","","","P. Pendidikan","SBR"],
    ["55372","KEMIRI NABABAN","KAPITEN PURBA NO 32 A LINGKUNGAN 3","prelist","MEDAN TUNTUNGAN","MANGGA","LINGKUNGAN 3","","","G. Perdagangan Besar dan Eceran, Reparasi Mobil dan Sepeda Motor","SBR"],
    ["55373","LUCKY SALON","KAPITEN PURBA NO 38 LINGKUNGAN 3","prelist","MEDAN TUNTUNGAN","MANGGA","LINGKUNGAN 3","","","S. Aktivitas Jasa Lainnya","SBR"],
    ["55390","SIWA, UD","KAPITEN PURBA 1 LINGKUNGAN 3","prelist","MEDAN TUNTUNGAN","MANGGA","LINGKUNGAN 4","","","G. Perdagangan Besar dan Eceran, Reparasi Mobil dan Sepeda Motor","SBR"],
    ["55391","COMSELL (RANI)","JL KARET RAYA 14A LIN GKUNGAN IX","prelist","MEDAN TUNTUNGAN","MANGGA","LINGKUNGAN 9","","","J. Informasi dan Komunikasi","SBR"],
    ["55420","TUKANG BANGUNAN <SUGENG>","JL RAMI 1 LINGKUNGAN 16","prelist","MEDAN TUNTUNGAN","MANGGA","LINGKUNGAN 16","","","F. Konstruksi","SBR"],
    ["55421","WARUNG LONTONG (MAK DIWA)","JL TEMBAKAU RAYA NO 20 LINGKUNGAN16","prelist","MEDAN TUNTUNGAN","MANGGA","LINGKUNGAN 16","","","I. Penyediaan Akomodasi dan Makan Minum","SBR"],
    ["55453","PRAKTEK DRG HESTER","JALAN SAKURA RAYA LINK 44","prelist","MEDAN TUNTUNGAN","TANJUNG SELAMAT","LINGKUNGAN 9","","","Q. Jasa Kesehatan dan Kegiatan Sosial","SBR"],
    ["55496","TOKO BANGUNAN (MELIALA)","JL. DJAMIN GINTING NO.68","prelist","MEDAN TUNTUNGAN","MANGGA","LINGKUNGAN 2","","","G. Perdagangan Besar dan Eceran, Reparasi Mobil dan Sepeda Motor","SBR"],
    ["55557","TK PAUD SGM (SINAGA)","JLN BUNGA RAMPAI LINGKUNGAN 2","prelist","MEDAN TUNTUNGAN","SIMALINGKAR B","LINGKUNGAN 2","","","P. Pendidikan","SBR"],
    ["55613","SUPIR TAKSI(SAHAT)","JALAN BANANG 1 NOMOR 22 LINGKUNGAN 15","prelist","MEDAN TUNTUNGAN","MANGGA","LINGKUNGAN 15","","","H. Transportasi dan Pergudangan","SBR"],
    ["55616","SMP SWASTA SANTOYOSEP","JALAN FLAMBOYAN 6 NO 139 LINGKUNGAN 7","prelist","MEDAN TUNTUNGAN","TANJUNG SELAMAT","LINGKUNGAN 7","","","P. Pendidikan","SBR"],
    ["55617","PONSEL (OKY)","JL SAWIT RAYA LINGKUNGAN IX","prelist","MEDAN TUNTUNGAN","MANGGA","LINGKUNGAN 9","","","J. Informasi dan Komunikasi","SBR"],
    ["55653","APOTIK BUMI SEHAT","JALAN FLAMBOYAN RAYA LK 3","prelist","MEDAN TUNTUNGAN","TANJUNG SELAMAT","LINGKUNGAN 3","","","G. Perdagangan Besar dan Eceran, Reparasi Mobil dan Sepeda Motor","SBR"],
    ["55654","KEDAI KOPI (TARIGAN)","JALAN PEMBANGUNAN","prelist","MEDAN TUNTUNGAN","SIMPANG SELAYANG","LINGKUNGAN 2","","","I. Penyediaan Akomodasi dan Makan Minum","SBR"],
    ["55704","MENJUAL ASSESORIS HP(IRNA)","JI.CENGKEH 5 NO.15 LINGKUNGAN.12","prelist","MEDAN TUNTUNGAN","MANGGA","LINGKUNGAN 11","","","G. Perdagangan Besar dan Eceran, Reparasi Mobil dan Sepeda Motor","SBR"],
    ["55706","KLINIK HOLISTIC MODERN","JL TEMBAKAU RAYA NO 10 LINGKUNGAN 16","prelist","MEDAN TUNTUNGAN","MANGGA","LINGKUNGAN 22","","","Q. Jasa Kesehatan dan Kegiatan Sosial","SBR"],
    ["55707","KIOS MONZA (REFLINCE)","JALAN JAHE RAYA PASAR SIMALINGKAR","prelist","MEDAN TUNTUNGAN","MANGGA","LINGKUNGAN 14","","","G. Perdagangan Besar dan Eceran, Reparasi Mobil dan Sepeda Motor","SBR"],
    ["55770","NARIK BECAK(WATI)","JALAN IRIGASI LINGKUNGAN 5","prelist","MEDAN TUNTUNGAN","MANGGA","LINGKUNGAN 5","","","H. Transportasi dan Pergudangan","SBR"],
    ["55776","SD CERDAS","JL FLAMBOYAN RAYA GG SUKA SAMA LK 2","prelist","MEDAN TUNTUNGAN","TANJUNG SELAMAT","LINGKUNGAN 6","","","P. Pendidikan","SBR"],
    ["55801","LAUNDRY SQUARE","JL.SETIA BUDI UJUNG KOMP.PRIME NO 5 LK.17","prelist","MEDAN TUNTUNGAN","SIMPANG SELAYANG","LINGKUNGAN 16","","","S. Aktivitas Jasa Lainnya","SBR"],
    ["55804","HOTEL BOUGENVILLE 2","JALAN SETIA BUDI NO 32 LK 9","prelist","MEDAN TUNTUNGAN","SIMPANG SELAYANG","LINGKUNGAN 16","","","I. Penyediaan Akomodasi dan Makan Minum","SBR"],
    ["55808","PANGLONG NUSA JAYA","JL SETIA BUDI UIJUNG NO 57 SIMPANG SELAYANG LK 17","prelist","MEDAN TUNTUNGAN","SIMPANG SELAYANG","LINGKUNGAN 17","","","G. Perdagangan Besar dan Eceran, Reparasi Mobil dan Sepeda Motor","SBR"],
    ["55852","REPARASI KURSI (LELA)","KOMPLEK BEKALA ASRI BLOK O LK 3","prelist","MEDAN TUNTUNGAN","MANGGA","LINGKUNGAN 3","","","S. Aktivitas Jasa Lainnya","SBR"],
    ["55952","MINUMAN RINGAN (TIARA)","JL KARET RAYA NO 21 LINGKUNGAN IX","prelist","MEDAN TUNTUNGAN","MANGGA","LINGKUNGAN 9","","","I. Penyediaan Akomodasi dan Makan Minum","SBR"],
    ["55953","LOKET PEMBAYARAN LISTRIK(RAHELTA)","JL KARET RAYA NO 02 L INGKUNGAN IX","prelist","MEDAN TUNTUNGAN","MANGGA","LINGKUNGAN 7","","","D. Pengadaan Listrik, Gas, Uap/Air Panas, dan Udara Dingin","SBR"],
    ["55954","ONLINE SHOP (RIKA)","JL KARET RAYA NO 40 LINGKUNGAN IX","prelist","MEDAN TUNTUNGAN","MANGGA","LINGKUNGAN 9","","","G. Perdagangan Besar dan Eceran, Reparasi Mobil dan Sepeda Motor","SBR"],
    ["55963","TOKOROTI AL-ADAWIYAH","JL JAMIN GINTING","prelist","MEDAN TUNTUNGAN","MANGGA","LINGKUNGAN 2","","","G. Perdagangan Besar dan Eceran, Reparasi Mobil dan Sepeda Motor","SBR"],
    ["56045","JUAL KERUPUK (ABAS)","JALAN JAMIN GINTING LK 1","prelist","MEDAN TUNTUNGAN","MANGGA","LINGKUNGAN 1","","","G. Perdagangan Besar dan Eceran, Reparasi Mobil dan Sepeda Motor","SBR"],
    ["56169","KEDAI KELONTONG (MAK NISA)","JL RAMI 5 NO 20 LINGKUNGAN 16","prelist","MEDAN TUNTUNGAN","MANGGA","LINGKUNGAN 16","","","G. Perdagangan Besar dan Eceran, Reparasi Mobil dan Sepeda Motor","SBR"],
    ["56170","PHOTO COPY <UMMI>","JL CENGKEH RAYA NO 85 LINGK 16","prelist","MEDAN TUNTUNGAN","MANGGA","LINGKUNGAN 16","","","N. Jasa Persewaan, Ketenagakerjaan, Agen Perjalanan, dan Jasa Pendukung","SBR"],
    ["56171","KEDAI KOPI (TARIGAN)","JL JAHE RAYA LINGKUNGAN 16","prelist","MEDAN TUNTUNGAN","MANGGA","LINGKUNGAN 16","","","I. Penyediaan Akomodasi dan Makan Minum","SBR"],
    ["56179","JUAL AYAM GORENG (GUNTORO)","JALAN KARET RAYA NO 31 LK 7","prelist","MEDAN TUNTUNGAN","MANGGA","LINGKUNGAN 7","","","I. Penyediaan Akomodasi dan Makan Minum","SBR"],
    ["56212","RENTAL KOMPUTER(RONAL)","KAPITEN PURBA NO 23 LINGKUNGAN 3","prelist","MEDAN TUNTUNGAN","MANGGA","LINGKUNGAN 4","","","J. Informasi dan Komunikasi","SBR"],
    ["56228","PENJUAL SEMBAKO (TITA)","JL SAWIT RAYA NO 18 LINGKUNGAN 9","prelist","MEDAN TUNTUNGAN","MANGGA","LINGKUNGAN 9","","","G. Perdagangan Besar dan Eceran, Reparasi Mobil dan Sepeda Motor","SBR"],
    ["56257","KIOS GORDEN MONZA (INTAN)","JALAN JAHE RAYA PASAR SIMALINGKAR","prelist","MEDAN TUNTUNGAN","MANGGA","LINGKUNGAN 14","","","G. Perdagangan Besar dan Eceran, Reparasi Mobil dan Sepeda Motor","SBR"],
    ["56261","PAUD SAMARA DUTA BANGSA","KOMPLEK TORGANDA BLOK A LK 1","prelist","MEDAN TUNTUNGAN","TANJUNG SELAMAT","LINGKUNGAN 9","","","P. Pendidikan","SBR"],
    ["56267","BMTL AGUNG","JALAN FLAMBOYAN RAYA LK 2","prelist","MEDAN TUNTUNGAN","TANJUNG SELAMAT","LINGKUNGAN 4","","","K. Aktivitas Keuangan Dan Asuransi","SBR"],
    ["56271","PONSEL (TORI)","JL KARET RATA NO 10 L INGKUNGAN IX","prelist","MEDAN TUNTUNGAN","MANGGA","LINGKUNGAN 9","","","J. Informasi dan Komunikasi","SBR"],
    ["56294","BIDAN (RAMAIDA S AM KEB)","JALAN JAHE RAYA","prelist","MEDAN TUNTUNGAN","MANGGA","LINGKUNGAN 14","","","Q. Jasa Kesehatan dan Kegiatan Sosial","SBR"],
    ["56324","LAUDRY TISIK","JALAN BUNGA NCOLE RAYA LK 5","prelist","MEDAN TUNTUNGAN","KEMENANGAN TANI","LINGKUNGAN 5","","","S. Aktivitas Jasa Lainnya","SBR"],
    ["56391","APOTIK EDATTA","JL SEROJA RAYA LINGKUNGAN 8","prelist","MEDAN TUNTUNGAN","TANJUNG SELAMAT","LINGKUNGAN 7","","","G. Perdagangan Besar dan Eceran, Reparasi Mobil dan Sepeda Motor","SBR"],
    ["56392","PERCETAKAN ARSAGRAH","JLN FLAMBOYAN RAYA KOMPLEK EKONOMI USU NO 6","prelist","MEDAN TUNTUNGAN","TANJUNG SELAMAT","LINGKUNGAN 4","","","C. Industri Pengolahan","SBR"],
    ["56423","KANTIN PESANTREN RAUDATUL HASANAH","JL JAMIN GINTING","prelist","MEDAN TUNTUNGAN","SIMPANG SELAYANG","LINGKUNGAN 2","","","I. Penyediaan Akomodasi dan Makan Minum","SBR"],
    ["56424","PAUD NAGARA BAKTI","JL SETIA BUDI NO 34","prelist","MEDAN TUNTUNGAN","SIMPANG SELAYANG","LINGKUNGAN 2","","","P. Pendidikan","SBR"],
    ["56425","JUAL KAPAS (BODE)","JALAN BUNGA PANCUR 9 GANG KENANGA LK 4","prelist","MEDAN TUNTUNGAN","SIMPANG SELAYANG","LINGKUNGAN 4","","","G. Perdagangan Besar dan Eceran, Reparasi Mobil dan Sepeda Motor","SBR"],
    ["56438","RM DEDEK","JALAN KAPITEN PURBA L INGKUNGAN 4","prelist","MEDAN TUNTUNGAN","MANGGA","LINGKUNGAN 4","","","I. Penyediaan Akomodasi dan Makan Minum","SBR"],
    ["56446","TOKO SEMBAKO(SARAGIH)","JL KARET RATA LINGKUNGAN IX","prelist","MEDAN TUNTUNGAN","MANGGA","LINGKUNGAN 7","","","G. Perdagangan Besar dan Eceran, Reparasi Mobil dan Sepeda Motor","SBR"],
    ["56448","MONJA (SALOMO)","JALAN IRIGASI LINGKUNGAN 5","prelist","MEDAN TUNTUNGAN","MANGGA","LINGKUNGAN 5","","","G. Perdagangan Besar dan Eceran, Reparasi Mobil dan Sepeda Motor","SBR"],
    ["56462","KANTOR NOTARIS (JANSIMAN)","JALAN KARET RAYA NO 7 L I N G K UNGAN 7","prelist","MEDAN TUNTUNGAN","MANGGA","LINGKUNGAN 7","","","M. Jasa Profesional, Ilmiah, dan Teknis","SBR"],
    ["56472","SUPIR ANGKOT <HUKAD>","JL RAMI 2 NO 45 LINGKUNGAN 16","prelist","MEDAN TUNTUNGAN","MANGGA","LINGKUNGAN 16","","","H. Transportasi dan Pergudangan","SBR"],
    ["56473","GAS TOBA","JL PINUS RAYA NO 184 LINGKUNGAN 16","prelist","MEDAN TUNTUNGAN","MANGGA","LINGKUNGAN 13","","","C. Industri Pengolahan","SBR"],
    ["56475","ANGGREYNI WATER","JALAN KARET 12 NO 10 LINGKUNGAN 7","prelist","MEDAN TUNTUNGAN","MANGGA","LINGKUNGAN 7","","","C. Industri Pengolahan","SBR"],
    ["56476","LAUNDRY (FAMILY)","JL KARET RAYA LINGKUNGAN IX","prelist","MEDAN TUNTUNGAN","MANGGA","LINGKUNGAN 9","","","S. Aktivitas Jasa Lainnya","SBR"],
    ["56511","PENGUMPUL BOTOT (ROSMAWITA BARUS)","JL SAWIT RAYA 2A LINGKUNGAN 9","prelist","MEDAN TUNTUNGAN","MANGGA","LINGKUNGAN 9","","","E. Pengadaan Air, Pengelolaan Sampah, Limbah, dan Daur Ulang","SBR"],
    ["56528","GLORY SUKSES MOTOR","JALAN KAPITEN PURBA N OMOR 1 LINGKUNGAN 4","prelist","MEDAN TUNTUNGAN","MANGGA","LINGKUNGAN 4","","","G. Perdagangan Besar dan Eceran, Reparasi Mobil dan Sepeda Motor","SBR"],
    ["56531","LAUNDRY FAMILY JOIN","JALAN JAMIN GINTING NO 101 LINK 2","prelist","MEDAN TUNTUNGAN","MANGGA","LINGKUNGAN 2","","","S. Aktivitas Jasa Lainnya","SBR"],
    ["56547","ALVARO MONZA","JALAN JAHE RAYA PASAR SIMALINGKAR","prelist","MEDAN TUNTUNGAN","MANGGA","LINGKUNGAN 14","","","G. Perdagangan Besar dan Eceran, Reparasi Mobil dan Sepeda Motor","SBR"],
    ["56553","KSU KARYA MANDIRI","JL LADANG NO 19 PADANG BULAN MEDAN","prelist","MEDAN TUNTUNGAN","MANGGA","LINGKUNGAN 1","","","K. Aktivitas Keuangan Dan Asuransi","SBR"],
    ["56562","KANTOR NOTARIS (EBEN)","JL SAKURA KOMPLEK ALAMANDA INDAH LK 1","prelist","MEDAN TUNTUNGAN","TANJUNG SELAMAT","LINGKUNGAN 1","","","M. Jasa Profesional, Ilmiah, dan Teknis","SBR"],
    ["56608","YPI KAWANAN KECIL","JALAN IRIGASI LINGKUNGAN 2","prelist","MEDAN TUNTUNGAN","MANGGA","LINGKUNGAN 5","","","G. Perdagangan Besar dan Eceran, Reparasi Mobil dan Sepeda Motor","SBR"],
    ["56697","AROMA BAKERY CAKE SHOP","JALAN BUNGA LAU LK 3","prelist","MEDAN TUNTUNGAN","KEMENANGAN TANI","LINGKUNGAN 3","","","I. Penyediaan Akomodasi dan Makan Minum","SBR"],
    ["56698","BENGKEL YAMAHA (ELISA)","JALAN JAMIN GINTING LK I","prelist","MEDAN TUNTUNGAN","KEMENANGAN TANI","LINGKUNGAN 1","","","G. Perdagangan Besar dan Eceran, Reparasi Mobil dan Sepeda Motor","SBR"],
    ["56765","BENGKEL HASIBUAN JAYA","JL TEMBAKAU RAYA LINGKUNGAN 16","prelist","MEDAN TUNTUNGAN","MANGGA","LINGKUNGAN 22","","","G. Perdagangan Besar dan Eceran, Reparasi Mobil dan Sepeda Motor","SBR"],
    ["56798","JUALAN PAKAIAN (MUBA)","JALAN BUNGA RINTE LIN G K UNGAN 11","prelist","MEDAN TUNTUNGAN","SIMPANG SELAYANG","LINGKUNGAN 2","","","G. Perdagangan Besar dan Eceran, Reparasi Mobil dan Sepeda Motor","SBR"],
    ["56815","CATERING <UPIK>","JALAN FLORA RAYA NO 71 LINGKUNGAN 12","prelist","MEDAN TUNTUNGAN","SIMPANG SELAYANG","LINGKUNGAN 12","","","I. Penyediaan Akomodasi dan Makan Minum","SBR"],
    ["56816","JAUL AIR TEBU (BARUS)","JALAN BUNG A RINTE 20 L K 11","prelist","MEDAN TUNTUNGAN","SIMPANG SELAYANG","LINGKUNGAN 11","","","I. Penyediaan Akomodasi dan Makan Minum","SBR"],
    ["56879","COFFE Q (INDRA)","JLN JAMIN GINTING LINK 1 KM 12,5","prelist","MEDAN TUNTUNGAN","SIMPANG SELAYANG","LINGKUNGAN 1","","","I. Penyediaan Akomodasi dan Makan Minum","SBR"],
    ["56977","SEKOLAH DASAR NEGERI","JL BENDUNGAN 5 LINGKUNGAN 3","prelist","MEDAN TUNTUNGAN","MANGGA","LINGKUNGAN 1","","","P. Pendidikan","SBR"],
    ["57000","MONDAN MOTOR","JALAN BUNGA LAU LK 3","prelist","MEDAN TUNTUNGAN","KEMENANGAN TANI","LINGKUNGAN 3","","","G. Perdagangan Besar dan Eceran, Reparasi Mobil dan Sepeda Motor","SBR"],
    ["57009","ST WASH DOORSMEER","JL DJAMIN GINTING NO 23 KM 8,5 MEDAN","prelist","MEDAN TUNTUNGAN","SIMPANG SELAYANG","LINGKUNGAN 5","","","G. Perdagangan Besar dan Eceran, Reparasi Mobil dan Sepeda Motor","SBR"],
    ["57029","GILINGAN JAGUNG (LUTER)","JLN BUNGA RAMPEI RAYA SIMALINGKAR B","prelist","MEDAN TUNTUNGAN","SIMALINGKAR B","LINGKUNGAN 2","","","G. Perdagangan Besar dan Eceran, Reparasi Mobil dan Sepeda Motor","SBR"],
    ["57044","ANGGI WATER (ANGGI)","JLN BUNGA RAMPE RAYA","prelist","MEDAN TUNTUNGAN","SIMALINGKAR B","LINGKUNGAN 1","","","G. Perdagangan Besar dan Eceran, Reparasi Mobil dan Sepeda Motor","SBR"],
    ["57090","PANGLONG KAYU (JEFRI)","JALAN BUNGA KARDIOL","prelist","MEDAN TUNTUNGAN","LADANG BAMBU","LINGKUNGAN 3","","","G. Perdagangan Besar dan Eceran, Reparasi Mobil dan Sepeda Motor","SBR"],
    ["57129","PAUD TK BLESS SCHOOL","JL KOPRA RAYA NO 2 L LINGKUNGAN 18","prelist","MEDAN TUNTUNGAN","MANGGA","LINGKUNGAN 18","","","P. Pendidikan","SBR"],
    ["57166","WISMA HELVICONA","JL. BUNGA PANCUR IX NO. 22","prelist","MEDAN TUNTUNGAN","SIMPANG SELAYANG","LINGKUNGAN 4","","","I. Penyediaan Akomodasi dan Makan Minum","SBR"],
    ["57195","LOMANG PANAS JAYA UD","FLAMBOYAN RAYA NO 8 LINGKUNGAN 5","prelist","MEDAN TUNTUNGAN","TANJUNG SELAMAT","LINGKUNGAN 6","","","I. Penyediaan Akomodasi dan Makan Minum","SBR"],
    ["57197","HOTEL ANGGREK","JALAN ANGGREK RAYA","prelist","MEDAN TUNTUNGAN","SIMPANG SELAYANG","LINGKUNGAN 9","","","I. Penyediaan Akomodasi dan Makan Minum","SBR"],
    ["57203","PONSEL PULSA(ARIS)","JL SAWIT RAYA LINGKUNGAN IX","prelist","MEDAN TUNTUNGAN","MANGGA","LINGKUNGAN 9","","","J. Informasi dan Komunikasi","SBR"],
    ["57204","GRACE HOLIDAY","JL KARET RATA NO 40 L INGKUNGAN IX","prelist","MEDAN TUNTUNGAN","MANGGA","LINGKUNGAN 9","","","N. Jasa Persewaan, Ketenagakerjaan, Agen Perjalanan, dan Jasa Pendukung","SBR"],
    ["57208","SALON (YUNI)","JL KARET RAYA NO 18 L INGKUNGAN IX","prelist","MEDAN TUNTUNGAN","MANGGA","LINGKUNGAN 4","","","S. Aktivitas Jasa Lainnya","SBR"],
    ["57210","MIE BALAP (HERMAN)","KAPITEN PURBA NO 158 B LINGKUNGAN 3","prelist","MEDAN TUNTUNGAN","MANGGA","LINGKUNGAN 3","","","I. Penyediaan Akomodasi dan Makan Minum","SBR"],
    ["57211","SALON (QUEEN)","JL KARET RAYA LINGKUNGANIX","prelist","MEDAN TUNTUNGAN","MANGGA","LINGKUNGAN 9","","","S. Aktivitas Jasa Lainnya","SBR"],
    ["57212","TOUR STRAVEL (FILADELFIA)","JL KARET RAYA NO 2 LINGKUNGAN IX","prelist","MEDAN TUNTUNGAN","MANGGA","LINGKUNGAN 7","","","N. Jasa Persewaan, Ketenagakerjaan, Agen Perjalanan, dan Jasa Pendukung","SBR"],
    ["57241","KOST KOSTAN (PERINGETEN)","JALAN BUNGA MELATI LK 3","prelist","MEDAN TUNTUNGAN","KEMENANGAN TANI","LINGKUNGAN 2","","","I. Penyediaan Akomodasi dan Makan Minum","SBR"],
    ["57262","LEMANG ASLI BATOK","JL FLAMBOYAN RAYA","prelist","MEDAN TUNTUNGAN","TANJUNG SELAMAT","LINGKUNGAN 5","","","I. Penyediaan Akomodasi dan Makan Minum","SBR"],
    ["57317","JUAL JAJANAN (ROSLINA K)","JALAN JAMIN GINTING LK 1","prelist","MEDAN TUNTUNGAN","MANGGA","LINGKUNGAN 1","","","G. Perdagangan Besar dan Eceran, Reparasi Mobil dan Sepeda Motor","SBR"],
    ["57319","PAPAN BUNGA ( ZERA )","JL SETIA BUDI KOMPLE K T ASBI BLOK E NO 67","prelist","MEDAN TUNTUNGAN","SIMPANG SELAYANG","LINGKUNGAN 9","","","G. Perdagangan Besar dan Eceran, Reparasi Mobil dan Sepeda Motor","SBR"],
    ["57382","LES PRIVATE","JL JAMIN GINTING GG BU DI BUKIT LINGKLINGAN 3","prelist","MEDAN TUNTUNGAN","SIMPANG SELAYANG","LINGKUNGAN 1","","","S. Aktivitas Jasa Lainnya","SBR"],
    ["57401","AGEN ORIFLAME (SITUNGKIR)","KOMPLEK BEKALA ASRI B LOK O NO 42 LK 3","prelist","MEDAN TUNTUNGAN","MANGGA","LINGKUNGAN 3","","","G. Perdagangan Besar dan Eceran, Reparasi Mobil dan Sepeda Motor","SBR"],
    ["57402","MAWAR","JL JAMIN GINTING LING KLINGAN 3","prelist","MEDAN TUNTUNGAN","MANGGA","LINGKUNGAN 2","","","G. Perdagangan Besar dan Eceran, Reparasi Mobil dan Sepeda Motor","SBR"],
    ["57404","BIDAN AGUSTINA","JALAN BUNGA PANCUR I LINGKUNGAN 6","prelist","MEDAN TUNTUNGAN","SIMPANG SELAYANG","LINGKUNGAN 6","","","Q. Jasa Kesehatan dan Kegiatan Sosial","SBR"],
    ["57423","KANTIN ASISI","JALAN ANGGREK RAYA NO 24 LK 9","prelist","MEDAN TUNTUNGAN","SIMPANG SELAYANG","LINGKUNGAN 9","","","I. Penyediaan Akomodasi dan Makan Minum","SBR"],
    ["57424","KOPERASI <SITI HAJAR>","JL PAYA BUNDUNG","prelist","MEDAN TUNTUNGAN","SIMPANG SELAYANG","LINGKUNGAN 2","","","K. Aktivitas Keuangan Dan Asuransi","SBR"],
    ["57456","KEDAI SAMPAH (NAINGGOLAN)","JALAN JAMIN GINTING","prelist","MEDAN TUNTUNGAN","MANGGA","LINGKUNGAN 1","","","G. Perdagangan Besar dan Eceran, Reparasi Mobil dan Sepeda Motor","SBR"],
    ["57468","KIOS SAYUR (NURHEPI)","PASAR INDUK TUNTUNGAN GROSIR","prelist","MEDAN TUNTUNGAN","LAU CIH","LINGKUNGAN 3","","","G. Perdagangan Besar dan Eceran, Reparasi Mobil dan Sepeda Motor","SBR"],
    ["57470","ANUGRAH AUDIO","JALAN JAMIN GINTING LK 1","prelist","MEDAN TUNTUNGAN","LADANG BAMBU","LINGKUNGAN 1","","","G. Perdagangan Besar dan Eceran, Reparasi Mobil dan Sepeda Motor","SBR"],
    ["57493","WARUNG BAKSO (BINTORO)","JL JAMIN GINTING LINK 2","prelist","MEDAN TUNTUNGAN","MANGGA","LINGKUNGAN 2","","","I. Penyediaan Akomodasi dan Makan Minum","SBR"],
    ["57497","DAVIDA","JL JAMIN GINTING NO 1 LINGKUNGAN 3","prelist","MEDAN TUNTUNGAN","MANGGA","LINGKUNGAN 3","","","G. Perdagangan Besar dan Eceran, Reparasi Mobil dan Sepeda Motor","SBR"],
    ["57571","KLINIK PEMULIHAN JIWA GRACIA","JL STELA RAYA NO 11 LK 17","prelist","MEDAN TUNTUNGAN","SIMPANG SELAYANG","LINGKUNGAN 17","","","Q. Jasa Kesehatan dan Kegiatan Sosial","SBR"],
    ["57580","IAN WATER","JL BUNGA CEMPAKA","prelist","MEDAN TUNTUNGAN","TANJUNG SELAMAT","LINGKUNGAN 1","","","C. Industri Pengolahan","SBR"],
    ["57642","USAHA PAKAIAN WANITA (DIKA)","JL JAMIN GINTING,PAJAKUSU","prelist","MEDAN TUNTUNGAN","SIMPANG SELAYANG","LINGKUNGAN 11","","","G. Perdagangan Besar dan Eceran, Reparasi Mobil dan Sepeda Motor","SBR"],
    ["57779","TER U H TUALAH PONSEL","JL STELA RAYA LK 10","prelist","MEDAN TUNTUNGAN","SIMPANG SELAYANG","LINGKUNGAN 10","","","J. Informasi dan Komunikasi","SBR"],
    ["57783","SWALAYAN ARAFAH","JALAN LIZARDI PUTRA LINGKUNGAN 12","prelist","MEDAN TUNTUNGAN","SIMPANG SELAYANG","LINGKUNGAN 12","","","G. Perdagangan Besar dan Eceran, Reparasi Mobil dan Sepeda Motor","SBR"],
    ["57784","MERIH PULSA","JL JAMIN GINTING","prelist","MEDAN TUNTUNGAN","SIMPANG SELAYANG","LINGKUNGAN 2","","","J. Informasi dan Komunikasi","SBR"],
    ["57799","KIOS SAYUR B","PASAR INDUK TUNTUNGAN GROSIR","prelist","MEDAN TUNTUNGAN","LAU CIH","LINGKUNGAN 2","","","G. Perdagangan Besar dan Eceran, Reparasi Mobil dan Sepeda Motor","SBR"],
    ["57999","WARUNG NASI SOTO DAN SUP AYAM","JALAN BUNGA LAU LK 3","prelist","MEDAN TUNTUNGAN","KEMENANGAN TANI","LINGKUNGAN 3","","","I. Penyediaan Akomodasi dan Makan Minum","SBR"],
    ["58022","FHOTO COPY <FIRMAN S>","JALAN BUNGA NCOLE RAYA LK 5","prelist","MEDAN TUNTUNGAN","KEMENANGAN TANI","LINGKUNGAN 5","","","N. Jasa Persewaan, Ketenagakerjaan, Agen Perjalanan, dan Jasa Pendukung","SBR"],
    ["58025","SUMUR BOR TEGER","JL BUNGA TEROMPET UJUNG","prelist","MEDAN TUNTUNGAN","MANGGA","LINGKUNGAN 2","","","F. Konstruksi","SBR"],
    ["58029","NAZA LAUNDRY","JALAN BUNGA NCOLE RAYA LK 2","prelist","MEDAN TUNTUNGAN","KEMENANGAN TANI","LINGKUNGAN 3","","","S. Aktivitas Jasa Lainnya","SBR"],
    ["58034","POIN NET (JOS PURBA)","JALAN SETIA BUDI","prelist","MEDAN TUNTUNGAN","SIMPANG SELAYANG","LINGKUNGAN 16","","","J. Informasi dan Komunikasi","SBR"],
    ["58056","SUPIR ANGKOT (KAIROS)","JL JAHE RAYA NO 5 AA LING 16","prelist","MEDAN TUNTUNGAN","MANGGA","LINGKUNGAN 17","","","H. Transportasi dan Pergudangan","SBR"],
    ["58062","JUAL BUAH KABAN","KOMPLEK MILALA BLOK D LINGKUNGAN 3","prelist","MEDAN TUNTUNGAN","MANGGA","LINGKUNGAN 5","","","G. Perdagangan Besar dan Eceran, Reparasi Mobil dan Sepeda Motor","SBR"],
    ["58063","WARUNG NETA","KAPITEN PURBA NO 6 C LINGKUNGAN 3","prelist","MEDAN TUNTUNGAN","MANGGA","LINGKUNGAN 3","","","I. Penyediaan Akomodasi dan Makan Minum","SBR"],
    ["58064","RUMAH MAKAN ABS","KAPITEN PURBA NO 15 LING K UNG AN 3","prelist","MEDAN TUNTUNGAN","MANGGA","LINGKUNGAN 3","","","I. Penyediaan Akomodasi dan Makan Minum","SBR"],
    ["58065","JUAL PULSA (JUNISAR)","JL KARET RAYA NO 16 L INGKUNGAN IX","prelist","MEDAN TUNTUNGAN","MANGGA","LINGKUNGAN 9","","","J. Informasi dan Komunikasi","SBR"],
    ["58100","WARUNG NASI SADA ARIH (SITI)","JALAN BUNGA LAU LK 3","prelist","MEDAN TUNTUNGAN","KEMENANGAN TANI","LINGKUNGAN 3","","","I. Penyediaan Akomodasi dan Makan Minum","SBR"],
    ["58151","VITO PONSEL","JALAN KARET RAYA NO 17 LINGKUNGAN 7","prelist","MEDAN TUNTUNGAN","MANGGA","LINGKUNGAN 7","","","J. Informasi dan Komunikasi","SBR"],
    ["58164","MENJUAL GAS (MUEL)","JL RAMI 5 NO 21 LINGKUNGAN 16","prelist","MEDAN TUNTUNGAN","MANGGA","LINGKUNGAN 16","","","G. Perdagangan Besar dan Eceran, Reparasi Mobil dan Sepeda Motor","SBR"],
    ["58165","A&R KARO RUMAH MODE","JL TEMBAKAU RAYA NO 29 LK XXIV PERUMNAS","prelist","MEDAN TUNTUNGAN","MANGGA","LINGKUNGAN 22","","","G. Perdagangan Besar dan Eceran, Reparasi Mobil dan Sepeda Motor","SBR"],
    ["58169","WARUNG KOPI SERUMPUN","JL FLAMBOYAN RAYA NO 30 A","prelist","MEDAN TUNTUNGAN","TANJUNG SELAMAT","LINGKUNGAN 8","","","I. Penyediaan Akomodasi dan Makan Minum","SBR"],
    ["58196","HOTEL KATANA INN","JL JAMIN GINTING KM 8.5","prelist","MEDAN TUNTUNGAN","MANGGA","LINGKUNGAN 1","","","I. Penyediaan Akomodasi dan Makan Minum","SBR"],
    ["58197","AGEN SARI ROTI (CHAIRUL)","JALAN IRIGASI NO 23 LINGKUNGAN 2","prelist","MEDAN TUNTUNGAN","MANGGA","LINGKUNGAN 2","","","G. Perdagangan Besar dan Eceran, Reparasi Mobil dan Sepeda Motor","SBR"],
    ["58198","SALON(LIA)","JL KARET RAYA LINGKUNGAN IX","prelist","MEDAN TUNTUNGAN","MANGGA","LINGKUNGAN 7","","","S. Aktivitas Jasa Lainnya","SBR"],
    ["58432","BENGKEL MOBIL DUMTRUK (OKTA)","JALAN JAMIN GINTING LK 1","prelist","MEDAN TUNTUNGAN","MANGGA","LINGKUNGAN 1","","","G. Perdagangan Besar dan Eceran, Reparasi Mobil dan Sepeda Motor","SBR"],
    ["58463","PANGLONG SS (AMRI)","JALAM FLAMBOYAN RAYA","prelist","MEDAN TUNTUNGAN","TANJUNG SELAMAT","LINGKUNGAN 4","","","G. Perdagangan Besar dan Eceran, Reparasi Mobil dan Sepeda Motor","SBR"],
    ["58465","PONSEL<VIVA>","JL KARET RAYA NO 36 LINGKUNGAN IX","prelist","MEDAN TUNTUNGAN","MANGGA","LINGKUNGAN 9","","","J. Informasi dan Komunikasi","SBR"],
    ["58475","PRIMAGAMA","KAPITEN PURBA NO 22 LK 3","prelist","MEDAN TUNTUNGAN","MANGGA","LINGKUNGAN 4","","","P. Pendidikan","SBR"],
    ["58476","KLINIK DOKTER (KEMBAREN)","JL KARET 16 NO 6 LING KUNGAN IX","prelist","MEDAN TUNTUNGAN","MANGGA","LINGKUNGAN 9","","","Q. Jasa Kesehatan dan Kegiatan Sosial","SBR"],
    ["58705","CATERING (FITRI)","JALAN FLORA 6 NO 66 LINGKUNGAN 12","prelist","MEDAN TUNTUNGAN","SIMPANG SELAYANG","LINGKUNGAN 12","","","I. Penyediaan Akomodasi dan Makan Minum","SBR"],
    ["58720","HOTEL BUKIT PERMAI (EDWARD)","JALAN SETIA BUDI LINGKUNGAN 1 6","prelist","MEDAN TUNTUNGAN","SIMPANG SELAYANG","LINGKUNGAN 16","","","I. Penyediaan Akomodasi dan Makan Minum","SBR"],
    ["58727","TOKO ELEKTRONIK IREN BRETTY","JALAN FLAMBOYAN LINGKUNGAN 7","prelist","MEDAN TUNTUNGAN","TANJUNG SELAMAT","LINGKUNGAN 4","","","G. Perdagangan Besar dan Eceran, Reparasi Mobil dan Sepeda Motor","SBR"],
    ["58728","PEMBAYARAN LOKET LISTRIK","JALAN BUNGA RINTE RAY A","prelist","MEDAN TUNTUNGAN","SIMPANG SELAYANG","LINGKUNGAN 13","","","J. Informasi dan Komunikasi","SBR"],
    ["58732","PANGLONG TUNAS BARU","JALAN SEROJA RAYA NO 24 LINGKUNGAN 7","prelist","MEDAN TUNTUNGAN","TANJUNG SELAMAT","LINGKUNGAN 7","","","G. Perdagangan Besar dan Eceran, Reparasi Mobil dan Sepeda Motor","SBR"],
    ["58789","HOTEL NEW ALAM INDAH","JL JAMIN GINTING KM 8.5 LK I","prelist","MEDAN TUNTUNGAN","MANGGA","LINGKUNGAN 1","","","I. Penyediaan Akomodasi dan Makan Minum","SBR"],
    ["58792","JUAL MONZA (KABAN)","JALAN STELA RAYA LINGKUNGAN 12","prelist","MEDAN TUNTUNGAN","SIMPANG SELAYANG","LINGKUNGAN 10","","","G. Perdagangan Besar dan Eceran, Reparasi Mobil dan Sepeda Motor","SBR"],
    ["58815","KIOS TAS (SABARKITA)","JALAN JAHE RAYA PASAR SIMALINGKAR","prelist","MEDAN TUNTUNGAN","MANGGA","LINGKUNGAN 14","","","G. Perdagangan Besar dan Eceran, Reparasi Mobil dan Sepeda Motor","SBR"],
    ["58820","HOTEL DELTA","JALAN JAMIN GINTING LK 1","prelist","MEDAN TUNTUNGAN","MANGGA","LINGKUNGAN 1","","","I. Penyediaan Akomodasi dan Makan Minum","SBR"],
    ["58897","MEDAN HELMET","JL SETIA BUDI NO 74 G-H LK 11","prelist","MEDAN TUNTUNGAN","SIMPANG SELAYANG","LINGKUNGAN 1","","","G. Perdagangan Besar dan Eceran, Reparasi Mobil dan Sepeda Motor","SBR"],
    ["58992","HOTEL SELAYANG PANDANG 2","JL ANGGREK NO 22","prelist","MEDAN TUNTUNGAN","SIMPANG SELAYANG","LINGKUNGAN 9","","","I. Penyediaan Akomodasi dan Makan Minum","SBR"],
    ["58998","HAGANTA FOTOCOPY","JL DJAMIN GINTING NO 14 KM 8,5 MEDAN","prelist","MEDAN TUNTUNGAN","MANGGA","LINGKUNGAN 1","","","N. Jasa Persewaan, Ketenagakerjaan, Agen Perjalanan, dan Jasa Pendukung","SBR"],
    ["58999","STOCKIE SSOPHIE (MARIA)","JL JAMIN GINTNG ASRAMA SABHARA BLOK D NO 4","prelist","MEDAN TUNTUNGAN","MANGGA","LINGKUNGAN 3","","","G. Perdagangan Besar dan Eceran, Reparasi Mobil dan Sepeda Motor","SBR"],
    ["59000","TUKANG GIGI(SAMSUDIN)","KAPITEN PURBA NO 30 B LINGKUNGAN 3","prelist","MEDAN TUNTUNGAN","MANGGA","LINGKUNGAN 9","","","Q. Jasa Kesehatan dan Kegiatan Sosial","SBR"],
    ["59027","LAS STAINLESS (SANJAYA)","JL CENGKEH RAYA NO 27 LINGKUNGAN 16","prelist","MEDAN TUNTUNGAN","MANGGA","LINGKUNGAN 11","","","C. Industri Pengolahan","SBR"],
    ["59070","PAUD KEMENANGAN TANI","JALAN BUNGA NCOLE LK 2","prelist","MEDAN TUNTUNGAN","KEMENANGAN TANI","LINGKUNGAN 5","","","P. Pendidikan","SBR"],
    ["59105","GERMAN EDUCATION","KOMPLE K WAIKIKI BLOK E 5 NOLO LINK 9","prelist","MEDAN TUNTUNGAN","TANJUNG SELAMAT","LINGKUNGAN 9","","","P. Pendidikan","SBR"],
    ["59151","BUAH BUAHAN (PINKA)","JL KAPITEN PURBA LING KUNGAN 4","prelist","MEDAN TUNTUNGAN","MANGGA","LINGKUNGAN 4","","","G. Perdagangan Besar dan Eceran, Reparasi Mobil dan Sepeda Motor","SBR"],
    ["59161","PENJUAL IKAN (MEA H)","JL KARET RAYA NO 68 LINGKUNGAN 9","prelist","MEDAN TUNTUNGAN","MANGGA","LINGKUNGAN 8","","","G. Perdagangan Besar dan Eceran, Reparasi Mobil dan Sepeda Motor","SBR"],
    ["59164","KEDAI KLONTONG (T SEBAYANG)","JALAN SETIA BUDI","prelist","MEDAN TUNTUNGAN","KEMENANGAN TANI","LINGKUNGAN 1","","","G. Perdagangan Besar dan Eceran, Reparasi Mobil dan Sepeda Motor","SBR"],
    ["59189","INTERNET <YANADRI>","JL KARET RAYA NO 06 L INGKUNGAN IX","prelist","MEDAN TUNTUNGAN","MANGGA","LINGKUNGAN 9","","","J. Informasi dan Komunikasi","SBR"],
    ["59213","TUKANG JAHIT (FITRI)","JLAN RAMI","prelist","MEDAN TUNTUNGAN","MANGGA","LINGKUNGAN 21","","","C. Industri Pengolahan","SBR"],
    ["59278","PENYEWAAN KAMAR (SANGAP)","JL JAMIN GINTING GE RUKON NOMB","prelist","MEDAN TUNTUNGAN","TANJUNG SELAMAT","LINGKUNGAN 2","","","I. Penyediaan Akomodasi dan Makan Minum","SBR"],
    ["59422","DOORSMEER AGANA (SINDI BR GINTING)","JALAN JAMIN GINTING LK 1","prelist","MEDAN TUNTUNGAN","MANGGA","LINGKUNGAN 1","","","G. Perdagangan Besar dan Eceran, Reparasi Mobil dan Sepeda Motor","SBR"],
    ["59451","KIOS SAYUR A","PASAR INDUK TUNTUNGAN GROSIR","prelist","MEDAN TUNTUNGAN","LAU CIH","LINGKUNGAN 3","","","G. Perdagangan Besar dan Eceran, Reparasi Mobil dan Sepeda Motor","SBR"],
    ["59505","KANTIN ADAM MALIK","JALAN BUNGA LAU NO 17 LK 3","prelist","MEDAN TUNTUNGAN","KEMENANGAN TANI","LINGKUNGAN 3","","","I. Penyediaan Akomodasi dan Makan Minum","SBR"],
    ["59589","SD ELIDA","JL FLAMBOYAN 4 LK 8","prelist","MEDAN TUNTUNGAN","TANJUNG SELAMAT","LINGKUNGAN 8","","","P. Pendidikan","SBR"],
    ["59603","KEDAI SAMPAH (WAWAN)","JALAN JAMIN GINTNG","prelist","MEDAN TUNTUNGAN","MANGGA","LINGKUNGAN 1","","","G. Perdagangan Besar dan Eceran, Reparasi Mobil dan Sepeda Motor","SBR"],
    ["59645","JUALAN SEMANGKA (RICA)","JL FLAMBOYAN DALAM","prelist","MEDAN TUNTUNGAN","TANJUNG SELAMAT","LINGKUNGAN 5","","","G. Perdagangan Besar dan Eceran, Reparasi Mobil dan Sepeda Motor","SBR"],
    ["59660","RM SUKA MERIAH (TARIGAN)","JAMIN GINTING","prelist","MEDAN TUNTUNGAN","MANGGA","LINGKUNGAN 3","","","I. Penyediaan Akomodasi dan Makan Minum","SBR"],
    ["59679","BJ MOTOR","KAPITEN PURBA NO 10 A LINGKUNGAN 3","prelist","MEDAN TUNTUNGAN","MANGGA","LINGKUNGAN 3","","","G. Perdagangan Besar dan Eceran, Reparasi Mobil dan Sepeda Motor","SBR"],
    ["59683","SALON <RANI>","JL TEMBAKAU RAYA LINGKUNGAN 16","prelist","MEDAN TUNTUNGAN","MANGGA","LINGKUNGAN 16","","","S. Aktivitas Jasa Lainnya","SBR"],
    ["59697","PEDAGANG SAYUR (PANGERAN)","JALANSETIA BUDI SPASARPAGIT BLOKA LINGKUNGAN 14","prelist","MEDAN TUNTUNGAN","SIMPANG SELAYANG","LINGKUNGAN 2","","","G. Perdagangan Besar dan Eceran, Reparasi Mobil dan Sepeda Motor","SBR"],
    ["59706","PENJUAL BUAH (RAJA)","JL SAWIT RAYA NO 12 A LINGKUNGAN 9","prelist","MEDAN TUNTUNGAN","MANGGA","LINGKUNGAN 9","","","G. Perdagangan Besar dan Eceran, Reparasi Mobil dan Sepeda Motor","SBR"],
    ["59721","SD 065014","JALAN PETUNIA RAYA LK 3","prelist","MEDAN TUNTUNGAN","NAMO GAJAH","LINGKUNGAN 3","","","P. Pendidikan","SBR"],
    ["59725","CLASICAL SERVIS","KOMP WAIKIKI BLOK E9 NO 12 LINGKUNGAN 9","prelist","MEDAN TUNTUNGAN","TANJUNG SELAMAT","LINGKUNGAN 9","","","S. Aktivitas Jasa Lainnya","SBR"],
    ["59843","WARUNG NASI <INDRA>","JALAN BUNGA KARDIOL LK 1","prelist","MEDAN TUNTUNGAN","LADANG BAMBU","LINGKUNGAN 3","","","I. Penyediaan Akomodasi dan Makan Minum","SBR"],
    ["59844","BENGKEL MOBIL <SEMBIRING>","JALAN JAMIN GINTING LK 1","prelist","MEDAN TUNTUNGAN","MANGGA","LINGKUNGAN 1","","","G. Perdagangan Besar dan Eceran, Reparasi Mobil dan Sepeda Motor","SBR"],
    ["59846","SALON (IRIANI)","JALAN BUNGA KARDIOL","prelist","MEDAN TUNTUNGAN","LADANG BAMBU","LINGKUNGAN 3","","","S. Aktivitas Jasa Lainnya","SBR"],
    ["59852","JNE (YONCE)","JALAN TEMBAKAU RAYA NOMOR 62 LINGKUNGAN 15","prelist","MEDAN TUNTUNGAN","MANGGA","LINGKUNGAN 15","","","H. Transportasi dan Pergudangan","SBR"],
    ["59859","KEDAI KOPI TARIGAN","JL SETIA BUDI UJUNG NO 67","prelist","MEDAN TUNTUNGAN","SIMPANG SELAYANG","LINGKUNGAN 16","","","I. Penyediaan Akomodasi dan Makan Minum","SBR"],
    ["60012","DEPOT GAS (SEMBIRING)","JALAN SEROJA RAYA LINGKUNGAN 7","prelist","MEDAN TUNTUNGAN","TANJUNG SELAMAT","LINGKUNGAN 7","","","G. Perdagangan Besar dan Eceran, Reparasi Mobil dan Sepeda Motor","SBR"],
    ["60018","LAUNDRY AGATA (ZUBEL)","JL SAKURA KOMPLEK ALAMANDA","prelist","MEDAN TUNTUNGAN","TANJUNG SELAMAT","LINGKUNGAN 1","","","S. Aktivitas Jasa Lainnya","SBR"],
    ["60038","MITRA PONSEL (ROBERTO)","JALAN SETIA BUDI","prelist","MEDAN TUNTUNGAN","SIMPANG SELAYANG","LINGKUNGAN 5","","","J. Informasi dan Komunikasi","SBR"],
    ["60043","YOUNG LAUNDRY","JALAN FLAMBOYAN RAYA","prelist","MEDAN TUNTUNGAN","TANJUNG SELAMAT","LINGKUNGAN 6","","","S. Aktivitas Jasa Lainnya","SBR"],
    ["60151","UNIT MEDAN ZOO <BUMO>/TAMAN MARGASATWA","Bunga Rampai Raya Lingkungan Iv","prelist","MEDAN TUNTUNGAN","SIMALINGKAR B","LINGKUNGAN 2","","","R. Kesenian, Hiburan, dan Rekreasi","SBR"],
    ["60159","KARAOKE LONARI CV LONARI","JAMIN GINTING","prelist","MEDAN TUNTUNGAN","MANGGA","LINGKUNGAN 1","","","R. Kesenian, Hiburan, dan Rekreasi","SBR"],
    ["60160","GOLF","LET JAMIN GINTING KM 8,5","prelist","MEDAN TUNTUNGAN","MANGGA","LINGKUNGAN 1","","","R. Kesenian, Hiburan, dan Rekreasi","SBR"],
    ["60161","OUKUP BS-2","JAMIN GINTING NO 17","prelist","MEDAN TUNTUNGAN","SIMPANG SELAYANG","LINGKUNGAN 5","","","Q. Jasa Kesehatan dan Kegiatan Sosial","SBR"],
    ["60162","CFC PT PIONERINDO","JAMIN GINTING","prelist","MEDAN TUNTUNGAN","MANGGA","LINGKUNGAN 3","","","I. Penyediaan Akomodasi dan Makan Minum","SBR"],
    ["60255","HOTEL LONARI","JL JAMIN GINTING KM 86","prelist","MEDAN TUNTUNGAN","MANGGA","LINGKUNGAN 1","","","I. Penyediaan Akomodasi dan Makan Minum","SBR"],
    ["60274","NEW ALAM INDAH HOTEL","JL JAMIN GINTING KM 8.5 LK I","prelist","MEDAN TUNTUNGAN","MANGGA","LINGKUNGAN 1","","","I. Penyediaan Akomodasi dan Makan Minum","SBR"],
    ["60277","ANGGREK HOTEL","JL. SETIA BUDI SIMPANG SELAYANG GG. BUNTU NO.18","prelist","MEDAN TUNTUNGAN","SIMPANG SELAYANG","LINGKUNGAN 16","","","I. Penyediaan Akomodasi dan Makan Minum","SBR"],
    ["60280","BUKIT INDAH HOTEL","JALAN ANGGREK RAYA LK 9","prelist","MEDAN TUNTUNGAN","SIMPANG SELAYANG","LINGKUNGAN 9","","","I. Penyediaan Akomodasi dan Makan Minum","SBR"],
    ["60295","HOTEL MUTIARA HAWAI","JL. JAMIN GINTING KM 86 NO. 7 PADANG BULAN","prelist","MEDAN TUNTUNGAN","MANGGA","LINGKUNGAN 1","","","I. Penyediaan Akomodasi dan Makan Minum","SBR"],
    ["60296","MITRA HOTEL","JL.SIP KONGSI/JAMIN GINTING KM 145 MEDAN","prelist","MEDAN TUNTUNGAN","LADANG BAMBU","LINGKUNGAN 5","","","I. Penyediaan Akomodasi dan Makan Minum","SBR"],
    ["60306","ALAM INDAH II HOTEL","JL. LETJEN JAMIN GINTING KM. 85 MEDAN","prelist","MEDAN TUNTUNGAN","MANGGA","LINGKUNGAN 5","","","I. Penyediaan Akomodasi dan Makan Minum","SBR"],
    ["60312","CEMPAKA HOTEL","JL. JAMIN GINTING KM 9 MEDAN","prelist","MEDAN TUNTUNGAN","MANGGA","LINGKUNGAN 1","","","I. Penyediaan Akomodasi dan Makan Minum","SBR"],
    ["60315","BUKIT PERMAI II","JL. SETIA BUDI SELAYANG","prelist","MEDAN TUNTUNGAN","SIMPANG SELAYANG","LINGKUNGAN 16","","","I. Penyediaan Akomodasi dan Makan Minum","SBR"],
    ["60316","BUKIT PERMAI I HOTEL","JL. SETIA BUDI GG. SEROJA MEDAN","prelist","MEDAN TUNTUNGAN","SIMPANG SELAYANG","LINGKUNGAN 1","","","I. Penyediaan Akomodasi dan Makan Minum","SBR"],
    ["60348","ROTAN / HARAMAS, CV","JL. BUNGA RAMPAI 3 NO. 77","prelist","MEDAN TUNTUNGAN","SIMALINGKAR B","LINGKUNGAN 3","","","C. Industri Pengolahan","SBR"],
    ["60362","GOLDEN ELEVEN HOTEL","JAMIN GINTING NO 17","prelist","MEDAN TUNTUNGAN","SIMPANG SELAYANG","LINGKUNGAN 5","","","I. Penyediaan Akomodasi dan Makan Minum","SBR"],
    ["60424","JUAL BAL PAKAIAN BEKAS <RIZKI>","JALAN JAHE RAYA PASAR SIMALINGKAR","prelist","MEDAN TUNTUNGAN","MANGGA","LINGKUNGAN 14","","","G. Perdagangan Besar dan Eceran, Reparasi Mobil dan Sepeda Motor","SBR"],
    ["60468","RAYYAN SHAM ABADI","JL IRIGASI LK V","prelist","MEDAN TUNTUNGAN","MANGGA","LINGKUNGAN 5","","","G. Perdagangan Besar dan Eceran, Reparasi Mobil dan Sepeda Motor","SBR"],
    ["60469","BERKAT PAMAH SIRULO","JL PALES V LK VII","prelist","MEDAN TUNTUNGAN","SIMPANG SELAYANG","LINGKUNGAN 7","","","G. Perdagangan Besar dan Eceran, Reparasi Mobil dan Sepeda Motor","SBR"],
    ["60480","PELITA KEBENARAN","JL.JAMIN GINTING KM 11,5 RT.00 RW.00, SIMPANG SELAYANG","prelist","MEDAN TUNTUNGAN","SIMPANG SELAYANG","LINGKUNGAN 3","","","P. Pendidikan","SBR"],
    ["60485","LABANI MEDIA","JL. FLAMBOYAN RAYA KOMPLEK TAMAN ANGGREK SETIABUDI","prelist","MEDAN TUNTUNGAN","TANJUNG SELAMAT","LINGKUNGAN 9","","","J. Informasi dan Komunikasi","SBR"],
    ["60495","TOTALINDO MULTIKARYA PERSADA","JL. BUNGA TEROMPET KOMP CIPTA PESONA BLOK G","prelist","MEDAN TUNTUNGAN","SIMPANG SELAYANG","LINGKUNGAN 2","","","G. Perdagangan Besar dan Eceran, Reparasi Mobil dan Sepeda Motor","SBR"],
    ["60505","JAYA KEVIN KARGO","JALAN IRIGASI LINGKUNGAN V","prelist","MEDAN TUNTUNGAN","MANGGA","LINGKUNGAN 5","","","G. Perdagangan Besar dan Eceran, Reparasi Mobil dan Sepeda Motor","SBR"],
    ["60586","PUSAT KEGIATAN GUGUS TK/PAUD KEC. MEDAN TUNTUNGAN","JL. LETJEND JAMIN GINTING KM. 9,4 LK. III","prelist","MEDAN TUNTUNGAN","MANGGA","LINGKUNGAN 1","","","S. Aktivitas Jasa Lainnya","SBR"],
    ["60587","BERKAT TAGU SEJAHTERA","JL. BUNGA RAMPAI RAYA NO 10 A","prelist","MEDAN TUNTUNGAN","SIMALINGKAR B","LINGKUNGAN 2","","","H. Transportasi dan Pergudangan","SBR"],
    ["60669","ABDILES","JL. JAHE RAYA NO.14 PERUMNAS SIMALINGKAR LK. XIV","prelist","MEDAN TUNTUNGAN","MANGGA","LINGKUNGAN 14","","","G. Perdagangan Besar dan Eceran, Reparasi Mobil dan Sepeda Motor","SBR"],
    ["60712","ANEKA MULTI JAYA","JL TEMBAKAU RAYA","prelist","MEDAN TUNTUNGAN","MANGGA","LINGKUNGAN 22","","","G. Perdagangan Besar dan Eceran, Reparasi Mobil dan Sepeda Motor","SBR"],
    ["60713","MULTI ETHER SEJAHTERA","JALAN FLAMBOYAN RAYA KOMP SETIA BUDI FLAMBOYAN BLOK N NO.14","prelist","MEDAN TUNTUNGAN","SIMPANG SELAYANG","LINGKUNGAN 11","","","F. Konstruksi","SBR"],
    ["60715","VERONICA","JL.SETIA BUDI NO.131-B, TANJUNG REJO","prelist","MEDAN TUNTUNGAN","SIMPANG SELAYANG","LINGKUNGAN 9","","","C. Industri Pengolahan","SBR"],
    ["60719","TECHNINDO MEGAH GEMILANG","JL BUNGA RAMPAI III LK V","prelist","MEDAN TUNTUNGAN","SIMALINGKAR B","LINGKUNGAN 5","","","G. Perdagangan Besar dan Eceran, Reparasi Mobil dan Sepeda Motor","SBR"],
    ["60777","REZEKI KEMBALI","JL JAMIN GINTING","prelist","MEDAN TUNTUNGAN","SIDOMULYO","LINGKUNGAN 2","","","G. Perdagangan Besar dan Eceran, Reparasi Mobil dan Sepeda Motor","SBR"],
    ["60788","SADINA","PURI ADAM MALIK","prelist","MEDAN TUNTUNGAN","LADANG BAMBU","LINGKUNGAN 4","","","C. Industri Pengolahan","SBR"],
    ["60815","ULIMA BERSAMA KITA","JALAN SAKURA RAYA PERUMAHAN GRIYA ASAM KUMBANG","prelist","MEDAN TUNTUNGAN","TANJUNG SELAMAT","LINGKUNGAN 1","","","G. Perdagangan Besar dan Eceran, Reparasi Mobil dan Sepeda Motor","SBR"],
    ["60829","REMBANG KATIKANA","JL MELATI RAYA KOMPLEK GRAND PAVILION","prelist","MEDAN TUNTUNGAN","MANGGA","LINGKUNGAN 15","","","F. Konstruksi","SBR"],
    ["60854","HOTEL VALENTIN","JL JAMIN GINTING, MANGGA","prelist","MEDAN TUNTUNGAN","MANGGA","LINGKUNGAN 2","","","I. Penyediaan Akomodasi dan Makan Minum","SBR"],
    ["60915","FANROVY NAULI PERKASA","JL KAPAS V LK XVIII P SIMALINGKAR","prelist","MEDAN TUNTUNGAN","MANGGA","LINGKUNGAN 18","","","G. Perdagangan Besar dan Eceran, Reparasi Mobil dan Sepeda Motor","SBR"],
    ["60930","SAKE ENJINIRING","JL MARELAN RAYA LINGK VIII","prelist","MEDAN TUNTUNGAN","TANJUNG SELAMAT","LINGKUNGAN 7","","","G. Perdagangan Besar dan Eceran, Reparasi Mobil dan Sepeda Motor","SBR"],
    ["61011","CITRA MULIA PERKASA ABADI","JL BUNGA RAMPAI VI GG TERATAI LK V","prelist","MEDAN TUNTUNGAN","SIMALINGKAR B","LINGKUNGAN 5","","","G. Perdagangan Besar dan Eceran, Reparasi Mobil dan Sepeda Motor","SBR"],
    ["61012","ADLEY PUTRA UTAMA","JL SAKURA I LK I","prelist","MEDAN TUNTUNGAN","TANJUNG SELAMAT","LINGKUNGAN 4","","","G. Perdagangan Besar dan Eceran, Reparasi Mobil dan Sepeda Motor","SBR"],
    ["61013","BAHARI SALUTRAN LESTARI","JL BAWANG 2 PERUMNAS SIMALINGKAR","prelist","MEDAN TUNTUNGAN","MANGGA","LINGKUNGAN 15","","","G. Perdagangan Besar dan Eceran, Reparasi Mobil dan Sepeda Motor","SBR"],
    ["61041","PERDAGANGAN INDUSTRI SAWIT","JL. SAGU 10, SIMALINGKAR","prelist","MEDAN TUNTUNGAN","MANGGA","LINGKUNGAN 21","","","G. Perdagangan Besar dan Eceran, Reparasi Mobil dan Sepeda Motor","SBR"],
    ["61058","AGRO MITRA SELARAS","JL SETIA BUDI PERUMAHAN SETIA BUDI RAYA","prelist","MEDAN TUNTUNGAN","SIMPANG SELAYANG","LINGKUNGAN 16","","","A. Pertanian, Kehutanan, dan Perikanan","SBR"],
    ["61079","MITRAWIRA INDONESIA FISHERY","JL. BUNGA RINTE GUDANG 78","prelist","MEDAN TUNTUNGAN","TANJUNG SELAMAT","LINGKUNGAN 8","","","C. Industri Pengolahan","SBR"],
    ["61107","SUMBER DAYA","JL.SAKURA III NO.48","prelist","MEDAN TUNTUNGAN","TANJUNG SELAMAT","LINGKUNGAN 1","","","G. Perdagangan Besar dan Eceran, Reparasi Mobil dan Sepeda Motor","SBR"],
    ["61132","PURTAN PERKASA","VANILI I RAYA P SIMALINGKAR","prelist","MEDAN TUNTUNGAN","MANGGA","LINGKUNGAN 17","","","G. Perdagangan Besar dan Eceran, Reparasi Mobil dan Sepeda Motor","SBR"],
    ["61139","GENERASI MANDIRI","JL SAWIT RAYA PERUMNAS SIMALINGKAR","prelist","MEDAN TUNTUNGAN","MANGGA","LINGKUNGAN 9","","","F. Konstruksi","SBR"],
    ["61142","MENARA BAHANA","JL.BENDUNGAN GG.BENDUNGAN III-B/15","prelist","MEDAN TUNTUNGAN","MANGGA","LINGKUNGAN 1","","","H. Transportasi dan Pergudangan","SBR"],
    ["61195","TOTAL SUKSES SENTOSA","JL JAMIN GINTING KOMPLEKS GOLDEN VISTA DAVINCI","prelist","MEDAN TUNTUNGAN","MANGGA","LINGKUNGAN 2","","","J. Informasi dan Komunikasi","SBR"],
    ["61235","BANK TABUNGAN NEGARA","JL KARET RAYA PERUMNAS SIMALINGKAR","prelist","MEDAN TUNTUNGAN","MANGGA","LINGKUNGAN 9","","","K. Aktivitas Keuangan Dan Asuransi","SBR"],
    ["61240","MAHOLI ABADI","JL. PALES RAYA NO. 61 LK-15","prelist","MEDAN TUNTUNGAN","SIMPANG SELAYANG","LINGKUNGAN 5","","","G. Perdagangan Besar dan Eceran, Reparasi Mobil dan Sepeda Motor","SBR"],
    ["61287","GENERASI PENGHARAPAN MEDAN","JL.KAPITEN PURBA GG.GEREJA NO.7 RT.0 RW.0, MANGGA","prelist","MEDAN TUNTUNGAN","MANGGA","LINGKUNGAN 4","","","S. Aktivitas Jasa Lainnya","SBR"],
    ["61372","MITRA RICH ABADI","JL BUNGA RINTE GG MAWAR VII","prelist","MEDAN TUNTUNGAN","SIMPANG SELAYANG","LINGKUNGAN 13","","","M. Jasa Profesional, Ilmiah, dan Teknis","SBR"],
    ["61451","KARYA SAKTI JAYA 68","JL KEMENYAN 7","prelist","MEDAN TUNTUNGAN","MANGGA","LINGKUNGAN 19","","","G. Perdagangan Besar dan Eceran, Reparasi Mobil dan Sepeda Motor","SBR"],
    ["61453","DANAR PUTRA","JL BUNGA SAKURA KOMP MILLENIUM BUSINESS CENTRE","prelist","MEDAN TUNTUNGAN","TANJUNG SELAMAT","LINGKUNGAN 1","","","G. Perdagangan Besar dan Eceran, Reparasi Mobil dan Sepeda Motor","SBR"],
    ["61486","UPT SDN 065014","JL PETUNIA RAYA","prelist","MEDAN TUNTUNGAN","NAMO GAJAH","LINGKUNGAN 3","","","P. Pendidikan","SBR"],
    ["61540","PUTRI AEK RANGAT","JL FLAMBOYAN RAYA XII","prelist","MEDAN TUNTUNGAN","TANJUNG SELAMAT","LINGKUNGAN 4","","","G. Perdagangan Besar dan Eceran, Reparasi Mobil dan Sepeda Motor","SBR"],
    ["61624","DUTA WAHANA MULTIARTHA","JL. KAPAS VII NO. 11, MANGGA","prelist","MEDAN TUNTUNGAN","MANGGA","LINGKUNGAN 18","","","G. Perdagangan Besar dan Eceran, Reparasi Mobil dan Sepeda Motor","SBR"],
    ["61628","ALFA EMPAT KAHANGGI","JL KASMALA LK XVI","prelist","MEDAN TUNTUNGAN","SIMPANG SELAYANG","LINGKUNGAN 16","","","G. Perdagangan Besar dan Eceran, Reparasi Mobil dan Sepeda Motor","SBR"],
    ["61679","MIRA HASIANI","FLAMBOYAN RAYA KOMPLEK GRIYA NUSA TIGA","prelist","MEDAN TUNTUNGAN","TANJUNG SELAMAT","LINGKUNGAN 3","","","G. Perdagangan Besar dan Eceran, Reparasi Mobil dan Sepeda Motor","SBR"],
    ["61703","RIDARI KREASINTA","JLLETJEN JAMIN GINTING KM 12.1 SIMP RSU ADAM MALIK","prelist","MEDAN TUNTUNGAN","KEMENANGAN TANI","LINGKUNGAN 2","","","M. Jasa Profesional, Ilmiah, dan Teknis","SBR"],
    ["61803","ALEXA KONSTRUKSI INDONESIA","JL. BUNGA PARIAMA II","prelist","MEDAN TUNTUNGAN","LADANG BAMBU","LINGKUNGAN 4","","","G. Perdagangan Besar dan Eceran, Reparasi Mobil dan Sepeda Motor","SBR"],
    ["61810","SINAR REZEKI UTAMA","JL FLAMBOYAN RAYA KOMPLEK SETIABUDI FLAMBOYAN","prelist","MEDAN TUNTUNGAN","TANJUNG SELAMAT","LINGKUNGAN 9","","","G. Perdagangan Besar dan Eceran, Reparasi Mobil dan Sepeda Motor","SBR"],
    ["61845","TAMSAKA CIPTA PROPERTI","JL JAMIN GINTING SIMPANG BEKALA","prelist","MEDAN TUNTUNGAN","SIDOMULYO","LINGKUNGAN 2","","","L. Real Estat","SBR"],
    ["61856","ROSMAULI NAIBAHO","FLAMBOYAN","prelist","MEDAN TUNTUNGAN","TANJUNG SELAMAT","LINGKUNGAN 5","","","A. Pertanian, Kehutanan, dan Perikanan","SBR"],
    ["61857","EVA AGUSTINA MASTUTIANI HUTABARAT","PERUM. STELLA RESIDENCE BLOK. B NO 10","prelist","MEDAN TUNTUNGAN","SIMPANG SELAYANG","LINGKUNGAN 13","","","A. Pertanian, Kehutanan, dan Perikanan","SBR"],
    ["61901","PENDIDIKAN GENERASI HARAPAN","JL. KAPTEN PURBA I LK. IV","prelist","MEDAN TUNTUNGAN","MANGGA","LINGKUNGAN 4","","","Q. Jasa Kesehatan dan Kegiatan Sosial","SBR"],
    ["61911","SYIFA","JL.KARET RAYA NO.3 P.SIMALINGKAR RT. 0 RW. 0","prelist","MEDAN TUNTUNGAN","MANGGA","LINGKUNGAN 7","","","G. Perdagangan Besar dan Eceran, Reparasi Mobil dan Sepeda Motor","SBR"],
    ["61934","LEMBAGA PENDIDIKAN DINA EDUCATION CENTER","JL TEMBAKAU RAYA LINGKUNGAN XV PERUMNAS SIMALINGKAR","prelist","MEDAN TUNTUNGAN","MANGGA","LINGKUNGAN 15","","","P. Pendidikan","SBR"],
    ["62000","NEUTRON PASIFIK INFRASTRUKTUR INDONESIA","JL. SETIA BUDI KOMP. GRAND TABIH","prelist","MEDAN TUNTUNGAN","KEMENANGAN TANI","LINGKUNGAN 2","","","G. Perdagangan Besar dan Eceran, Reparasi Mobil dan Sepeda Motor","SBR"],
    ["62009","GANTARI MEDIA INDONESIA","JL.FLAMBOYAN 1 NO.12","prelist","MEDAN TUNTUNGAN","TANJUNG SELAMAT","LINGKUNGAN 6","","","M. Jasa Profesional, Ilmiah, dan Teknis","SBR"],
    ["62021","ULY MANDIRI SEJAHTERA","JL. PINUS I NO. 7 P. SIMALINGKAR","prelist","MEDAN TUNTUNGAN","MANGGA","LINGKUNGAN 13","","","G. Perdagangan Besar dan Eceran, Reparasi Mobil dan Sepeda Motor","SBR"],
    ["62049","ADIWIYATA HUSADA UTAMA","JL BUNGA LAU","prelist","MEDAN TUNTUNGAN","KEMENANGAN TANI","LINGKUNGAN 3","","","P. Pendidikan","SBR"],
    ["62053","THALHAH MEDAN KONSTRUKSI","JL SETIA BUDI","prelist","MEDAN TUNTUNGAN","SIMPANG SELAYANG","LINGKUNGAN 1","","","G. Perdagangan Besar dan Eceran, Reparasi Mobil dan Sepeda Motor","SBR"],
    ["62105","GLOBAL SUMATRAN","JL BUNGA NCOLE GG BUNGA NCOLE 27","prelist","MEDAN TUNTUNGAN","KEMENANGAN TANI","LINGKUNGAN 5","","","G. Perdagangan Besar dan Eceran, Reparasi Mobil dan Sepeda Motor","SBR"],
    ["62113","FRITZ ORLANDO REALTY","JL FLAMBOYAN RAYA KOMPLEK FLAMBOYAN REGENCY RUKO","prelist","MEDAN TUNTUNGAN","TANJUNG SELAMAT","LINGKUNGAN 3","","","G. Perdagangan Besar dan Eceran, Reparasi Mobil dan Sepeda Motor","SBR"],
    ["62181","SIMA","JL FLAMBOYAN RAYA KOMPLEK WAIKIKI E IX 15","prelist","MEDAN TUNTUNGAN","TANJUNG SELAMAT","LINGKUNGAN 9","","","G. Perdagangan Besar dan Eceran, Reparasi Mobil dan Sepeda Motor","SBR"],
    ["62210","LEMBAGA PENDIDIKAN TK. PUTRA SEJAHTERA","JL. BUNGA RAMPAI","prelist","MEDAN TUNTUNGAN","SIMALINGKAR B","LINGKUNGAN 5","","","P. Pendidikan","SBR"],
    ["62217","MEERA SINERGY ASIA","JL BAWANG 4 PERUMNAS SIMALINGKAR","prelist","MEDAN TUNTUNGAN","MANGGA","LINGKUNGAN 15","","","N. Jasa Persewaan, Ketenagakerjaan, Agen Perjalanan, dan Jasa Pendukung","SBR"],
    ["62268","JEKSON ADRIEL MEDISINDO","JALAN NURI KOMPLEK POLRI","prelist","MEDAN TUNTUNGAN","SIMPANG SELAYANG","LINGKUNGAN 4","","","P. Pendidikan","SBR"],
    ["62308","MAHAKAM ADVERTISING","JL. NILAM 19 LK.XXIII PERUMNAS SIMALINGKAR","prelist","MEDAN TUNTUNGAN","MANGGA","LINGKUNGAN 23","","","M. Jasa Profesional, Ilmiah, dan Teknis","SBR"],
    ["62315","JECA BERKAT ANUGRAH","KOMP. BEKALA ASRI BLOK U NO.I LK III RT. 00 RW. 00","prelist","MEDAN TUNTUNGAN","MANGGA","LINGKUNGAN 5","","","G. Perdagangan Besar dan Eceran, Reparasi Mobil dan Sepeda Motor","SBR"],
    ["62362","ALTARA","JL KAPITEN PURBA","prelist","MEDAN TUNTUNGAN","MANGGA","LINGKUNGAN 4","","","Q. Jasa Kesehatan dan Kegiatan Sosial","SBR"],
    ["62422","SERASI BERJAYA","JL CENGKEH PERUMNAS SIMALINGKAR LK XII","prelist","MEDAN TUNTUNGAN","MANGGA","LINGKUNGAN 11","","","G. Perdagangan Besar dan Eceran, Reparasi Mobil dan Sepeda Motor","SBR"],
    ["62427","MORSA MEGAH PERKASA","KOMPLEK ROYAL SUMATERA GRACILI","prelist","MEDAN TUNTUNGAN","MANGGA","LINGKUNGAN 5","","","G. Perdagangan Besar dan Eceran, Reparasi Mobil dan Sepeda Motor","SBR"],
    ["62651","SWARA SUMUT INDONESIA","JALAN JAMIN GINTING KM 11","prelist","MEDAN TUNTUNGAN","SIMPANG SELAYANG","LINGKUNGAN 3","","","J. Informasi dan Komunikasi","SBR"],
    ["62671","LINTEX PERSADA INDONESIA","KOMPLEK GRIYA ASAM KUMBANG JALAN BUNGA SAKURA","prelist","MEDAN TUNTUNGAN","TANJUNG SELAMAT","LINGKUNGAN 1","","","G. Perdagangan Besar dan Eceran, Reparasi Mobil dan Sepeda Motor","SBR"],
    ["62710","OKEBUNG RYAN MANDIRI","JL. FLAMBOYAN RAYA GG KELUARGA","prelist","MEDAN TUNTUNGAN","TANJUNG SELAMAT","LINGKUNGAN 2","","","G. Perdagangan Besar dan Eceran, Reparasi Mobil dan Sepeda Motor","SBR"],
    ["62764","GIO KHARISMA","JL. BUNGA RINTE GG. MAWAR VII LK. XVII","prelist","MEDAN TUNTUNGAN","SIMPANG SELAYANG","LINGKUNGAN 13","","","G. Perdagangan Besar dan Eceran, Reparasi Mobil dan Sepeda Motor","SBR"],
    ["62771","BONIAGRO TUMBUH BERJAYA","JL. FLAMBOYAN RAYA KOMPLEK WAIKIKI BLOK B","prelist","MEDAN TUNTUNGAN","TANJUNG SELAMAT","LINGKUNGAN 9","","","G. Perdagangan Besar dan Eceran, Reparasi Mobil dan Sepeda Motor","SBR"],
    ["62777","PT. BAHAR NIMA UTAMA","SEROJA RAYA M. PERMAI","prelist","MEDAN TUNTUNGAN","KEMENANGAN TANI","LINGKUNGAN 4","","","B. Pertambangan dan Penggalian","SBR"],
    ["62843","ELIA","JL BUNGA RAMPAI II KOMPLEK MARCOPOLO","prelist","MEDAN TUNTUNGAN","SIMALINGKAR B","LINGKUNGAN 1","","","N. Jasa Persewaan, Ketenagakerjaan, Agen Perjalanan, dan Jasa Pendukung","SBR"],
    ["62886","LAMHOT ANDAREAS GIRSANG ST","JALAN JAMIN GINTING PERUM VILLA ZEQITA","prelist","MEDAN TUNTUNGAN","LAU CIH","LINGKUNGAN 1","","","A. Pertanian, Kehutanan, dan Perikanan","SBR"],
    ["63049","SANGGAR RUDANG MARGA SILIMA","JL BUNGA LAU I","prelist","MEDAN TUNTUNGAN","KEMENANGAN TANI","LINGKUNGAN 3","","","C. Industri Pengolahan","SBR"],
    ["63078","KIOS BONSAI OKEBUNG","JALAN FLAMBOYAN RAYA GG KELUARGA","prelist","MEDAN TUNTUNGAN","TANJUNG SELAMAT","LINGKUNGAN 2","","","G. Perdagangan Besar dan Eceran, Reparasi Mobil dan Sepeda Motor","SBR"],
    ["63100","KALIBAWI TRAVINAMA BANGUN MULIA","JL. JAMIN GINTING LK. I KOMPLEK VILLA ZEQITA","prelist","MEDAN TUNTUNGAN","LAU CIH","LINGKUNGAN 1","","","I. Penyediaan Akomodasi dan Makan Minum","SBR"],
    ["63112","GURDI VAHANA","JL KOPI RAYA","prelist","MEDAN TUNTUNGAN","MANGGA","LINGKUNGAN 5","","","G. Perdagangan Besar dan Eceran, Reparasi Mobil dan Sepeda Motor","SBR"],
    ["63168","ESRA GINTING","KARET RAYA","prelist","MEDAN TUNTUNGAN","MANGGA","LINGKUNGAN 9","","","A. Pertanian, Kehutanan, dan Perikanan","SBR"],
    ["63183","ANUGERAH BERSAMA SEJAHTERA","JL LETJEN JAMIN GINTING","prelist","MEDAN TUNTUNGAN","SIMPANG SELAYANG","LINGKUNGAN 2","","","J. Informasi dan Komunikasi","SBR"],
    ["63194","SURYA JAYA INDOPRIMA","JL FLAMBOYAN RAYA KOMPLEK SETIABUDI FLAMBOYAN","prelist","MEDAN TUNTUNGAN","TANJUNG SELAMAT","LINGKUNGAN 9","","","G. Perdagangan Besar dan Eceran, Reparasi Mobil dan Sepeda Motor","SBR"],
    ["63196","BERKAH MANDIRI PRATAMA","KOMPLEK STELLA RESIDENCE JL STELLA RAYA","prelist","MEDAN TUNTUNGAN","SIMPANG SELAYANG","LINGKUNGAN 13","","","G. Perdagangan Besar dan Eceran, Reparasi Mobil dan Sepeda Motor","SBR"],
    ["63223","DAVSTOM ENGINEERING CONSULTAN","JL.STELLA RAYA KOMP.VILLA S.BUDI MAKMUR I BLK E/53, SIMPANG SELAYANG","prelist","MEDAN TUNTUNGAN","SIMPANG SELAYANG","LINGKUNGAN 10","","","G. Perdagangan Besar dan Eceran, Reparasi Mobil dan Sepeda Motor","SBR"],
    ["63254","SEMBADA PRIMA TECHNOLOGY","JALAN JAMIN GINTING","prelist","MEDAN TUNTUNGAN","MANGGA","LINGKUNGAN 3","","","H. Transportasi dan Pergudangan","SBR"],
    ["63317","PANDARAMAN ENGINEERING","JL. BUNGA RAMPAI VII LK. IV NO. 4","prelist","MEDAN TUNTUNGAN","SIMALINGKAR B","LINGKUNGAN 4","","","G. Perdagangan Besar dan Eceran, Reparasi Mobil dan Sepeda Motor","SBR"],
    ["63444","UPT SDN 064022","SIMALINGKAR B","prelist","MEDAN TUNTUNGAN","SIMALINGKAR B","LINGKUNGAN 5","","","P. Pendidikan","SBR"],
    ["63448","PAUD BUNGA RAMPE","JLN. BUNGA RAMPAI RAYA","prelist","MEDAN TUNTUNGAN","SIMALINGKAR B","LINGKUNGAN 2","","","A. Pertanian, Kehutanan, dan Perikanan","SBR"],
    ["63498","MUTIARA ADAM MALIK","JL BUNGALAU","prelist","MEDAN TUNTUNGAN","KEMENANGAN TANI","LINGKUNGAN 3","","","G. Perdagangan Besar dan Eceran, Reparasi Mobil dan Sepeda Motor","SBR"],
    ["63533","TOTA JAYA PERSADA","JL. FLAMBOYAN RAYA","prelist","MEDAN TUNTUNGAN","TANJUNG SELAMAT","LINGKUNGAN 8","","","G. Perdagangan Besar dan Eceran, Reparasi Mobil dan Sepeda Motor","SBR"],
    ["63593","GOOSELA INDO INTERNUSA","JALAN FLAMBOYAN RAYA KOMPLEK WAIKIKI BLOK E12 NOMOR 8","prelist","MEDAN TUNTUNGAN","TANJUNG SELAMAT","LINGKUNGAN 9","","","M. Jasa Profesional, Ilmiah, dan Teknis","SBR"],
    ["63596","RAD KARYA NAGA","JL FLAMBOYAN RAYA KOMPLEK WAIKIKI","prelist","MEDAN TUNTUNGAN","TANJUNG SELAMAT","LINGKUNGAN 9","","","N. Jasa Persewaan, Ketenagakerjaan, Agen Perjalanan, dan Jasa Pendukung","SBR"],
    ["63624","HAWILA KARYA LESTARI","JL. SETIA BUDI KOMP. GRIYA SYAFIRA","prelist","MEDAN TUNTUNGAN","SIMPANG SELAYANG","LINGKUNGAN 9","","","G. Perdagangan Besar dan Eceran, Reparasi Mobil dan Sepeda Motor","SBR"],
    ["63692","PARU SEHAT SEJAHTERA","JL JAMIN GINTING","prelist","MEDAN TUNTUNGAN","SIMPANG SELAYANG","LINGKUNGAN 2","","","Q. Jasa Kesehatan dan Kegiatan Sosial","SBR"],
    ["63768","LESTARI JAYA MULIA","JL ANGGREK RAYA LINGKUNGAN IX","prelist","MEDAN TUNTUNGAN","SIMPANG SELAYANG","LINGKUNGAN 9","","","F. Konstruksi","SBR"],
    ["63782","CAHAYA CIPTA REZEKI","KOMPLEK ALAMANDA BLOK E JALAN SAKURA RAYA","prelist","MEDAN TUNTUNGAN","TANJUNG SELAMAT","LINGKUNGAN 1","","","G. Perdagangan Besar dan Eceran, Reparasi Mobil dan Sepeda Motor","SBR"],
    ["63787","MEDIA SARANA COMPUTER","JL NILAM RAYA P SIMALINGKAR","prelist","MEDAN TUNTUNGAN","MANGGA","LINGKUNGAN 21","","","G. Perdagangan Besar dan Eceran, Reparasi Mobil dan Sepeda Motor","SBR"],
    ["63844","PILAR MENARA UTAMA","KOMPLEK NINA JAYA FLAMBOYAN HOUSE","prelist","MEDAN TUNTUNGAN","TANJUNG SELAMAT","LINGKUNGAN 9","","","F. Konstruksi","SBR"],
    ["63894","BATU GERGA KONTRUKSI","KOMP. SETIABUDI RAYA NO.B-05 RT. 00 RW. 00","prelist","MEDAN TUNTUNGAN","SIMPANG SELAYANG","LINGKUNGAN 16","","","G. Perdagangan Besar dan Eceran, Reparasi Mobil dan Sepeda Motor","SBR"],
    ["63920","KEMBARA KREATIF PARTNER","JL BUNGA STELLA RAYA KOMPLEK STELLA RESSIDENCE","prelist","MEDAN TUNTUNGAN","SIMPANG SELAYANG","LINGKUNGAN 13","","","N. Jasa Persewaan, Ketenagakerjaan, Agen Perjalanan, dan Jasa Pendukung","SBR"],
    ["63987","HILDA MUTIARA AYU","JL FLAMBOYAN RAYA LK III","prelist","MEDAN TUNTUNGAN","TANJUNG SELAMAT","LINGKUNGAN 4","","","A. Pertanian, Kehutanan, dan Perikanan","SBR"],
    ["64056","TEDUH RIMBUN","JL BUNGA SAKURA LK I","prelist","MEDAN TUNTUNGAN","TANJUNG SELAMAT","LINGKUNGAN 1","","","G. Perdagangan Besar dan Eceran, Reparasi Mobil dan Sepeda Motor","SBR"],
    ["64088","GOGO TONDI BERSAMA","JL. BUNGA NCOLE IV LK. II","prelist","MEDAN TUNTUNGAN","KEMENANGAN TANI","LINGKUNGAN 2","","","G. Perdagangan Besar dan Eceran, Reparasi Mobil dan Sepeda Motor","SBR"],
    ["64144","FIRDAUS PRIMA DANA","JL JAMIN GINTING NO 33, KEMENANGAN TANI","prelist","MEDAN TUNTUNGAN","KEMENANGAN TANI","LINGKUNGAN 1","","","G. Perdagangan Besar dan Eceran, Reparasi Mobil dan Sepeda Motor","SBR"],
    ["64147","ARTA JAYA","JL BUNGA RINTE GG MAWAR VI LK XVII","prelist","MEDAN TUNTUNGAN","SIMPANG SELAYANG","LINGKUNGAN 17","","","G. Perdagangan Besar dan Eceran, Reparasi Mobil dan Sepeda Motor","SBR"],
    ["64152","ALVANDO KARUNIA MITRA","JL FLAMBOYAN RAYA","prelist","MEDAN TUNTUNGAN","TANJUNG SELAMAT","LINGKUNGAN 4","","","G. Perdagangan Besar dan Eceran, Reparasi Mobil dan Sepeda Motor","SBR"],
    ["64173","REJEKI PURA MANDIRI","JL KOPI RAYA III P SIMALINGKAR","prelist","MEDAN TUNTUNGAN","MANGGA","LINGKUNGAN 6","","","G. Perdagangan Besar dan Eceran, Reparasi Mobil dan Sepeda Motor","SBR"],
    ["64186","KAWAN SEJATI","KOMP VILLA SETIA BUDI FLAMBOYAN","prelist","MEDAN TUNTUNGAN","TANJUNG SELAMAT","LINGKUNGAN 9","","","G. Perdagangan Besar dan Eceran, Reparasi Mobil dan Sepeda Motor","SBR"],
    ["64228","FAJAR LESTARI UTAMA","JLPACAR I KOMP MEDAN PERMAI LK I NAMU GAJAH","prelist","MEDAN TUNTUNGAN","NAMO GAJAH","LINGKUNGAN 2","","","G. Perdagangan Besar dan Eceran, Reparasi Mobil dan Sepeda Motor","SBR"],
    ["64289","ANUGERAH INDAH PRIMA","KOMP. FLAMBOYAN REGENCY RUKO NO. 1 JL. FLAMBOYAN RAYA","prelist","MEDAN TUNTUNGAN","TANJUNG SELAMAT","LINGKUNGAN 3","","","G. Perdagangan Besar dan Eceran, Reparasi Mobil dan Sepeda Motor","SBR"],
    ["64308","REGINA PUTRI TUNGGAL","JALAN SAKURA III","prelist","MEDAN TUNTUNGAN","TANJUNG SELAMAT","LINGKUNGAN 1","","","G. Perdagangan Besar dan Eceran, Reparasi Mobil dan Sepeda Motor","SBR"],
    ["64321","MULIA LESTARI INDONESIA","PERUMAHAN WAIKIKI","prelist","MEDAN TUNTUNGAN","SIMPANG SELAYANG","LINGKUNGAN 9","","","G. Perdagangan Besar dan Eceran, Reparasi Mobil dan Sepeda Motor","SBR"],
    ["64373","VICTOR JAYARAYA","JL JAMIN GINTING KM 8,5 (ROYAL SUMATERA),","prelist","MEDAN TUNTUNGAN","MANGGA","LINGKUNGAN 1","","","L. Real Estat","SBR"],
    ["64392","MORA TRINAGA","JL. FLAMBOYAN RAYA GG. JAMBU KOMP. D'FLAMBOYAN PRIMA B6","prelist","MEDAN TUNTUNGAN","TANJUNG SELAMAT","LINGKUNGAN 9","","","G. Perdagangan Besar dan Eceran, Reparasi Mobil dan Sepeda Motor","SBR"],
    ["64426","CAHAYA LESTARI INDO","JL JAMIN GINTING KOMPLEK ROYAL SUMATERA KAV.146","prelist","MEDAN TUNTUNGAN","MANGGA","LINGKUNGAN 2","","","G. Perdagangan Besar dan Eceran, Reparasi Mobil dan Sepeda Motor","SBR"],
    ["64454","GARUDA POWER MANDIRI","JL SETIA BUDI PASAR IV KOMPLEK SETIA BUDI RAYA","prelist","MEDAN TUNTUNGAN","SIMPANG SELAYANG","LINGKUNGAN 16","","","G. Perdagangan Besar dan Eceran, Reparasi Mobil dan Sepeda Motor","SBR"],
    ["64479","MARUDUT KARYA KONSTRUKSI","JL IRIGASI COMP ROYAL HOMELAND LK V","prelist","MEDAN TUNTUNGAN","MANGGA","LINGKUNGAN 5","","","L. Real Estat","SBR"],
    ["64534","TRANS PUBLIK MANDIRI","JALAN FLAMBOYAN RAYA KOMPLEK WAIKIKI BLOK E12 NOMOR 8","prelist","MEDAN TUNTUNGAN","TANJUNG SELAMAT","LINGKUNGAN 9","","","M. Jasa Profesional, Ilmiah, dan Teknis","SBR"],
    ["64592","MEDIALINKS PROMOSI INDONESIA","JL. TEH-7 PERUMNAS SIMALINGKAR","prelist","MEDAN TUNTUNGAN","MANGGA","LINGKUNGAN 11","","","N. Jasa Persewaan, Ketenagakerjaan, Agen Perjalanan, dan Jasa Pendukung","SBR"],
    ["64638","KREASI MUTIARA MANDIRI","JL. FLAMBOYAN I-3","prelist","MEDAN TUNTUNGAN","TANJUNG SELAMAT","LINGKUNGAN 6","","","L. Real Estat","SBR"],
    ["64674","ZEQITA SUKSES MANDIRI","JL. JAMIN GINTING VILLA ZEQITA RESIDENCE","prelist","MEDAN TUNTUNGAN","LAU CIH","LINGKUNGAN 1","","","G. Perdagangan Besar dan Eceran, Reparasi Mobil dan Sepeda Motor","SBR"],
    ["64787","CINTA KARYA MEMBANGUN","JL SETIA BUDI UJUNG PERUMAHAN GRIYA SAFIRA","prelist","MEDAN TUNTUNGAN","SIMPANG SELAYANG","LINGKUNGAN 9","","","G. Perdagangan Besar dan Eceran, Reparasi Mobil dan Sepeda Motor","SBR"],
    ["64820","MILOSTI OLEA GANTARI","JALAN FLAMBOYAN I","prelist","MEDAN TUNTUNGAN","TANJUNG SELAMAT","LINGKUNGAN 6","","","G. Perdagangan Besar dan Eceran, Reparasi Mobil dan Sepeda Motor","SBR"],
    ["64894","ERTIGA AGRO EXIM","JL BUNGA NCOLE I","prelist","MEDAN TUNTUNGAN","KEMENANGAN TANI","LINGKUNGAN 2","","","G. Perdagangan Besar dan Eceran, Reparasi Mobil dan Sepeda Motor","SBR"],
    ["64941","KONSTRUKSI ARSITEKTUR SUKSES","JL PALES 3","prelist","MEDAN TUNTUNGAN","SIMPANG SELAYANG","LINGKUNGAN 7","","","G. Perdagangan Besar dan Eceran, Reparasi Mobil dan Sepeda Motor","SBR"],
    ["64982","SEKAWAN HARAPAN MANDIRI","JL FLAMBOYAN RAYA KOMPLEK TAMAN MELATI INDAH","prelist","MEDAN TUNTUNGAN","TANJUNG SELAMAT","LINGKUNGAN 2","","","L. Real Estat","SBR"],
    ["65014","ARSIVA","JL SEROJA RAYA PERUMAHAN ROYAL GALAXY RESIDENCE","prelist","MEDAN TUNTUNGAN","TANJUNG SELAMAT","LINGKUNGAN 8","","","G. Perdagangan Besar dan Eceran, Reparasi Mobil dan Sepeda Motor","SBR"],
    ["65026","DE'POINT TEKTOTAMA CONSULTANT","JL. LIZARDI PUTRA KOMP. SETIA BUDI VISTA LK. X","prelist","MEDAN TUNTUNGAN","SIMPANG SELAYANG","LINGKUNGAN 10","","","M. Jasa Profesional, Ilmiah, dan Teknis","SBR"],
    ["65033","PERDANA KANIA CITRA","KOMPLEK TAMAN ASOKA ASRI","prelist","MEDAN TUNTUNGAN","TANJUNG SELAMAT","LINGKUNGAN 6","","","F. Konstruksi","SBR"],
    ["65045","BUANA ANUGERAH","JL DAHLIA II LINGKUNGAN VIII","prelist","MEDAN TUNTUNGAN","SIMPANG SELAYANG","LINGKUNGAN 8","","","G. Perdagangan Besar dan Eceran, Reparasi Mobil dan Sepeda Motor","SBR"],
    ["65135","ROSA KARYA BERSAMA","JL KAPITEN PURBA","prelist","MEDAN TUNTUNGAN","MANGGA","LINGKUNGAN 4","","","G. Perdagangan Besar dan Eceran, Reparasi Mobil dan Sepeda Motor","SBR"],
    ["65172","ABIG BAKE","JL JAMIN GINTING KM 13,7","prelist","MEDAN TUNTUNGAN","LAU CIH","LINGKUNGAN 2","","","C. Industri Pengolahan","SBR"],
    ["65239","LEBAHLESTARI PRIMA","JL BUNGA LAU LK III","prelist","MEDAN TUNTUNGAN","KEMENANGAN TANI","LINGKUNGAN 3","","","G. Perdagangan Besar dan Eceran, Reparasi Mobil dan Sepeda Motor","SBR"],
    ["65246","BADAN KOMUNIKASI PEMUDA REMAJA MASJID INDONESIA (BKPMRI)","JL STELLA RAYA","prelist","MEDAN TUNTUNGAN","SIMPANG SELAYANG","LINGKUNGAN 10","","","S. Aktivitas Jasa Lainnya","SBR"],
    ["65308","ISTANA PUTRA DELI","JL FLAMBOYAN RAYA NO 8 LK III, TANJUNG SELAMAT","prelist","MEDAN TUNTUNGAN","TANJUNG SELAMAT","LINGKUNGAN 6","","","G. Perdagangan Besar dan Eceran, Reparasi Mobil dan Sepeda Motor","SBR"],
    ["65365","KAMIKAZE","JL.JAMIN GINTING KM 12,5 VILLA ZEQITA RESIDENCE","prelist","MEDAN TUNTUNGAN","LAU CIH","LINGKUNGAN 1","","","G. Perdagangan Besar dan Eceran, Reparasi Mobil dan Sepeda Motor","SBR"],
    ["65372","PRIMA INTI NUSA","JL FLAMBOYAN 1 KOMPLEK TAMAN ASOKA ASRI","prelist","MEDAN TUNTUNGAN","TANJUNG SELAMAT","LINGKUNGAN 6","","","G. Perdagangan Besar dan Eceran, Reparasi Mobil dan Sepeda Motor","SBR"],
    ["65418","KASIH ANUGRAH ESTER","JL BUNGA RAMPAI RAYA","prelist","MEDAN TUNTUNGAN","SIMALINGKAR B","LINGKUNGAN 1","","","P. Pendidikan","SBR"],
    ["65440","BAROKAH INDAH","JALAN KOPI 18 PERUMNAS SIMALINGKAR MEDAN","prelist","MEDAN TUNTUNGAN","MANGGA","LINGKUNGAN 6","","","N. Jasa Persewaan, Ketenagakerjaan, Agen Perjalanan, dan Jasa Pendukung","SBR"],
    ["65473","MILOSTI ZAITUN GANTARI","JL FLAMBOYAN 1","prelist","MEDAN TUNTUNGAN","TANJUNG SELAMAT","LINGKUNGAN 6","","","G. Perdagangan Besar dan Eceran, Reparasi Mobil dan Sepeda Motor","SBR"],
    ["65524","MUTIHA NAARGA","JL PALES VII A","prelist","MEDAN TUNTUNGAN","SIMPANG SELAYANG","LINGKUNGAN 15","","","G. Perdagangan Besar dan Eceran, Reparasi Mobil dan Sepeda Motor","SBR"],
    ["65531","SIHOTANG BROTHER","JALAN BUNGA SAKURA KOMPLEK GRIYA ASAM KUMBANG","prelist","MEDAN TUNTUNGAN","TANJUNG SELAMAT","LINGKUNGAN 1","","","G. Perdagangan Besar dan Eceran, Reparasi Mobil dan Sepeda Motor","SBR"],
    ["65541","PERKUMPULAN RUMAH SENI SEDALANEN","JL.BUNGA KARDIOL NO.86B KEL. LADANG BAMBU. KEC. MEDAN TUNTUNGAN","prelist","MEDAN TUNTUNGAN","LADANG BAMBU","LINGKUNGAN 3","","","R. Kesenian, Hiburan, dan Rekreasi","SBR"],
    ["65546","ASOKA ARIANS PROPERTI","JL FLAMBOYAN KOMP TAMAN ASOKA ASRI","prelist","MEDAN TUNTUNGAN","TANJUNG SELAMAT","LINGKUNGAN 6","","","L. Real Estat","SBR"],
    ["65559","PP. PERKI","JL BUNGA LAU","prelist","MEDAN TUNTUNGAN","KEMENANGAN TANI","LINGKUNGAN 3","","","S. Aktivitas Jasa Lainnya","SBR"],
    ["65562","PERHIMPUNAN DOKTER SPESIALIS BEDAH INDONESIA","JL BUNGA LAU","prelist","MEDAN TUNTUNGAN","KEMENANGAN TANI","LINGKUNGAN 3","","","S. Aktivitas Jasa Lainnya","SBR"],
    ["65602","IBERENA DYAKSA","JL PINUS RAYA","prelist","MEDAN TUNTUNGAN","MANGGA","LINGKUNGAN 13","","","H. Transportasi dan Pergudangan","SBR"],
    ["65603","TULUS JAYA","JL PALES I","prelist","MEDAN TUNTUNGAN","SIMPANG SELAYANG","LINGKUNGAN 7","","","H. Transportasi dan Pergudangan","SBR"],
    ["65609","CHRISTIANNE EMERALDA GINTING","LETJEN JAMIN GINTING LINGKUNGAN V","prelist","MEDAN TUNTUNGAN","SIMPANG SELAYANG","LINGKUNGAN 2","","","G. Perdagangan Besar dan Eceran, Reparasi Mobil dan Sepeda Motor","SBR"],
    ["65658","DBBS ENGINEERING","JL. BOUGENVILLE LK. X","prelist","MEDAN TUNTUNGAN","SIMPANG SELAYANG","LINGKUNGAN 2","","","G. Perdagangan Besar dan Eceran, Reparasi Mobil dan Sepeda Motor","SBR"],
    ["65682","ROGER TUNAS HARAPAN","JL BUNGA SAKURA LK I","prelist","MEDAN TUNTUNGAN","TANJUNG SELAMAT","LINGKUNGAN 1","","","G. Perdagangan Besar dan Eceran, Reparasi Mobil dan Sepeda Motor","SBR"],
    ["65708","BATU PIHER SIBERO","JL JAMIN GINTING KM 12,5 LK I","prelist","MEDAN TUNTUNGAN","LAU CIH","LINGKUNGAN 2","","","L. Real Estat","SBR"],
    ["65710","CIPTA KREASI RAYA","KOMPLEK SETIA BUDI VISTA JL LIZADRI PUTRA","prelist","MEDAN TUNTUNGAN","SIMPANG SELAYANG","LINGKUNGAN 10","","","G. Perdagangan Besar dan Eceran, Reparasi Mobil dan Sepeda Motor","SBR"],
    ["65719","KENCANA CAHAYA CEMERLANG","JL. BUNGA STELLA RAYA, KOMP. SETIABUDI MAKMUR I NO. C.01","prelist","MEDAN TUNTUNGAN","SIMPANG SELAYANG","LINGKUNGAN 10","","","Q. Jasa Kesehatan dan Kegiatan Sosial","SBR"],
    ["65732","BERKAT EYA PRATAMA","JAMIN GINTING GG.BATUNANGGAR","prelist","MEDAN TUNTUNGAN","SIMPANG SELAYANG","LINGKUNGAN 1","","","G. Perdagangan Besar dan Eceran, Reparasi Mobil dan Sepeda Motor","SBR"],
    ["65756","PUTRA BERLIAN INVESTAMA","JL. BUNGA NCOLE RAYA","prelist","MEDAN TUNTUNGAN","KEMENANGAN TANI","LINGKUNGAN 5","","","L. Real Estat","SBR"],
    ["65830","STAR DIPLOMAT","KOMPLEK TAMAN ANGGREK SETIA BUDI","prelist","MEDAN TUNTUNGAN","TANJUNG SELAMAT","LINGKUNGAN 9","","","G. Perdagangan Besar dan Eceran, Reparasi Mobil dan Sepeda Motor","SBR"],
    ["65833","KARYA AGRO MANDIRI","JL BUNGA RINTE RAYA KOMPLEK PERUMAHAN PURI ZAHRA 2","prelist","MEDAN TUNTUNGAN","SIMPANG SELAYANG","LINGKUNGAN 13","","","G. Perdagangan Besar dan Eceran, Reparasi Mobil dan Sepeda Motor","SBR"],
    ["65905","ANUGRAH REVENO LESTARI ABADI","JALAN FLAMBOYAN RUKO FLAMBOYAN REGENCY","prelist","MEDAN TUNTUNGAN","TANJUNG SELAMAT","LINGKUNGAN 3","","","G. Perdagangan Besar dan Eceran, Reparasi Mobil dan Sepeda Motor","SBR"],
    ["65914","BUSHRA INDONESIA","JALAN FLAMBOYAN RAYA KOMPLEK WAIKIKI LK IX","prelist","MEDAN TUNTUNGAN","TANJUNG SELAMAT","LINGKUNGAN 9","","","G. Perdagangan Besar dan Eceran, Reparasi Mobil dan Sepeda Motor","SBR"],
    ["66003","MEGAH EXCELLENT","JL BUNGA PANCUR IX GG KENANGA","prelist","MEDAN TUNTUNGAN","SIMPANG SELAYANG","LINGKUNGAN 4","","","G. Perdagangan Besar dan Eceran, Reparasi Mobil dan Sepeda Motor","SBR"],
    ["66037","PERHIMPUNAN KONSULTAN PENYAKIT TROPIK DAN INFEKSI (PETRI)","JL. BUNGA LAU LK. III NO.17 - RSUP H. ADAM MALIK MEDAN","prelist","MEDAN TUNTUNGAN","KEMENANGAN TANI","LINGKUNGAN 3","","","Q. Jasa Kesehatan dan Kegiatan Sosial","SBR"],
    ["66051","KURNIA ENGINEERING CONSULTANT","JALAN BUNGA LAU NO. 7 RT/RW /","prelist","MEDAN TUNTUNGAN","KEMENANGAN TANI","LINGKUNGAN 3","","","F. Konstruksi","SBR"],
    ["66092","HAR HAR CITRA LESTARI","FLAMBOYAN RAYA","prelist","MEDAN TUNTUNGAN","TANJUNG SELAMAT","LINGKUNGAN 4","","","G. Perdagangan Besar dan Eceran, Reparasi Mobil dan Sepeda Motor","SBR"],
    ["66097","ARUS MALAKA MEDIA PRESTASI","JALAN BUNGA RINTE RAYA, KOMPLEK PURI ZAHARA","prelist","MEDAN TUNTUNGAN","TANJUNG SELAMAT","LINGKUNGAN 9","","","J. Informasi dan Komunikasi","SBR"],
    ["66172","AGRO FIESTA","JL. VANILI RAYA PERUMNAS SIMALINGKAR","prelist","MEDAN TUNTUNGAN","MANGGA","LINGKUNGAN 17","","","G. Perdagangan Besar dan Eceran, Reparasi Mobil dan Sepeda Motor","SBR"],
    ["66319","ENDHICA","JL.JAHE 7 NO.33 P SIMALINGKAR RT. 00 RW. 00","prelist","MEDAN TUNTUNGAN","MANGGA","LINGKUNGAN 17","","","G. Perdagangan Besar dan Eceran, Reparasi Mobil dan Sepeda Motor","SBR"],
    ["66409","PERINTIS TRUST PROPERTY","FLAMBOYAN I PERUMAHAN THE FLAMBOYAN SUITE, LINGKUNGAN VI","prelist","MEDAN TUNTUNGAN","TANJUNG SELAMAT","LINGKUNGAN 9","","","L. Real Estat","SBR"],
    ["66424","NAGABE TAMA","JL. STELLA RAYA","prelist","MEDAN TUNTUNGAN","SIMPANG SELAYANG","LINGKUNGAN 10","","","G. Perdagangan Besar dan Eceran, Reparasi Mobil dan Sepeda Motor","SBR"],
    ["66454","HIMAHSU BERKARYA","JL. SEROJA RAYA KOMPLEK PERUMAHAN ROYAL GALAXY RESIDENCE","prelist","MEDAN TUNTUNGAN","TANJUNG SELAMAT","LINGKUNGAN 8","","","G. Perdagangan Besar dan Eceran, Reparasi Mobil dan Sepeda Motor","SBR"],
    ["66506","DELITAMA AGRI LESTARI","JL STELLA RAYA","prelist","MEDAN TUNTUNGAN","SIMPANG SELAYANG","LINGKUNGAN 10","","","G. Perdagangan Besar dan Eceran, Reparasi Mobil dan Sepeda Motor","SBR"],
    ["66507","JAYA MULIA PLASTIK","JL.BUNGA RAYA I NO.26 LK.I RT. 0 RW. 0","prelist","MEDAN TUNTUNGAN","TANJUNG SELAMAT","LINGKUNGAN 1","","","C. Industri Pengolahan","SBR"],
    ["66529","LUGAMAS","PERUMNAS SIMALINGKAR JL KAPAS 13 LK XVIII","prelist","MEDAN TUNTUNGAN","MANGGA","LINGKUNGAN 18","","","G. Perdagangan Besar dan Eceran, Reparasi Mobil dan Sepeda Motor","SBR"],
    ["66530","GOKIMA","JL.BUNGA RAMPAI LK III, SIMALINGKAR B","prelist","MEDAN TUNTUNGAN","SIMALINGKAR B","LINGKUNGAN 2","","","G. Perdagangan Besar dan Eceran, Reparasi Mobil dan Sepeda Motor","SBR"],
    ["66565","PUTRI CIKARANG INDAH","KOMPLEK CITRA SETIABUDI JL SETIABUDI","prelist","MEDAN TUNTUNGAN","SIMPANG SELAYANG","LINGKUNGAN 2","","","G. Perdagangan Besar dan Eceran, Reparasi Mobil dan Sepeda Motor","SBR"],
    ["66576","SN MOBIL","JL SETIA BUDI","prelist","MEDAN TUNTUNGAN","SIMPANG SELAYANG","LINGKUNGAN 17","","","G. Perdagangan Besar dan Eceran, Reparasi Mobil dan Sepeda Motor","SBR"],
    ["66618","RAMBE JAYA MANDIRI","JL PETUNIA VII PERUMAHAN GRIYA KENCANA LK II","prelist","MEDAN TUNTUNGAN","NAMO GAJAH","LINGKUNGAN 2","","","G. Perdagangan Besar dan Eceran, Reparasi Mobil dan Sepeda Motor","SBR"],
    ["66647","PAUD ABDI PRAJA","BUNGA MALEM UTAMA","prelist","MEDAN TUNTUNGAN","LAU CIH","LINGKUNGAN 1","","","P. Pendidikan","SBR"],
    ["66662","KARYA MORA MANDIRI","JL FLAMBOYAN KOMPLEK TAMAN ANGGREK","prelist","MEDAN TUNTUNGAN","TANJUNG SELAMAT","LINGKUNGAN 9","","","G. Perdagangan Besar dan Eceran, Reparasi Mobil dan Sepeda Motor","SBR"],
    ["66672","ROMEBY MULTI CIPTA","JL FLAMBOYAN RAYA RUKO FLAMBOYAN REGENCY LK III","prelist","MEDAN TUNTUNGAN","TANJUNG SELAMAT","LINGKUNGAN 3","","","F. Konstruksi","SBR"],
    ["66682","GRIYA WINA KARYA JAYA","JL TEH XI SIMALINGKAR","prelist","MEDAN TUNTUNGAN","MANGGA","LINGKUNGAN 11","","","G. Perdagangan Besar dan Eceran, Reparasi Mobil dan Sepeda Motor","SBR"],
    ["66771","BINAGRAHA MAKMUR ANUGERAH","KANTOR PEMASARAN KOMPLEK MAYFAIR JL BUNGA TEROMPET","prelist","MEDAN TUNTUNGAN","SIMPANG SELAYANG","LINGKUNGAN 7","","","G. Perdagangan Besar dan Eceran, Reparasi Mobil dan Sepeda Motor","SBR"],
    ["66794","BERKAT SUKACITA INDONESIA","JL KOPRA RAYA P SIMALINGKAR","prelist","MEDAN TUNTUNGAN","MANGGA","LINGKUNGAN 19","","","P. Pendidikan","SBR"],
    ["66863","KAPITAL BINA MITRA LESTARI","JL BUNGA MAYANG II LINGKUNGAN II","prelist","MEDAN TUNTUNGAN","LAU CIH","LINGKUNGAN 1","","","L. Real Estat","SBR"],
    ["66864","DEVERIAN CONSULTANT","JAMIN GINTING KM 12,5 LT. II","prelist","MEDAN TUNTUNGAN","LAU CIH","LINGKUNGAN 2","","","M. Jasa Profesional, Ilmiah, dan Teknis","SBR"],
    ["66934","ELVIS SARANA MEDILAB","JL.VANILI I NO.22 P.SIMALINGKAR, MANGGA","prelist","MEDAN TUNTUNGAN","MANGGA","LINGKUNGAN 17","","","R. Kesenian, Hiburan, dan Rekreasi","SBR"],
    ["66951","CAKRA BUANA SAKTI","JL FLAMBOYAN LK III","prelist","MEDAN TUNTUNGAN","TANJUNG SELAMAT","LINGKUNGAN 4","","","G. Perdagangan Besar dan Eceran, Reparasi Mobil dan Sepeda Motor","SBR"],
    ["66992","TAMAN KENANGA LESTARI","JL.LETJEN JAMIN GINTING KM 12,5 LK II RT.00 RW.00, KEMENANGAN TANI","prelist","MEDAN TUNTUNGAN","LAU CIH","LINGKUNGAN 2","","","G. Perdagangan Besar dan Eceran, Reparasi Mobil dan Sepeda Motor","SBR"],
    ["67034","ASTINA MEGAH ABADI","JL BUNGA SAKURA PERUMAHAN GRIYA ASAM KUMBANG","prelist","MEDAN TUNTUNGAN","TANJUNG SELAMAT","LINGKUNGAN 1","","","G. Perdagangan Besar dan Eceran, Reparasi Mobil dan Sepeda Motor","SBR"],
    ["67128","CITA DELIMA LAMGANDA","JALAN FLAMBOYAN VILLA SETIABUDI FLAMBOYAN","prelist","MEDAN TUNTUNGAN","TANJUNG SELAMAT","LINGKUNGAN 9","","","G. Perdagangan Besar dan Eceran, Reparasi Mobil dan Sepeda Motor","SBR"],
    ["67231","PAUD PENDIDIKAN ISLAM AMALIA","JL.SAWIT 06 NO.09 P.SIMALINGKAR RT.0 RW.0, MANGGA","prelist","MEDAN TUNTUNGAN","MANGGA","LINGKUNGAN 9","","","P. Pendidikan","SBR"],
    ["67335","ANUGERAH PERSADA PRATAMA","JL TEMBAKAU RAYA","prelist","MEDAN TUNTUNGAN","MANGGA","LINGKUNGAN 22","","","G. Perdagangan Besar dan Eceran, Reparasi Mobil dan Sepeda Motor","SBR"],
    ["67339","PARSONA JAYA MANDIRI","BUNGA TEROMPET KOMPLEK MAYFAIR","prelist","MEDAN TUNTUNGAN","SIMPANG SELAYANG","LINGKUNGAN 7","","","F. Konstruksi","SBR"],
    ["67364","ANUGERAH DELI INDOWARNA","KOMPLEK PURI ZAHARA","prelist","MEDAN TUNTUNGAN","TANJUNG SELAMAT","LINGKUNGAN 8","","","G. Perdagangan Besar dan Eceran, Reparasi Mobil dan Sepeda Motor","SBR"],
    ["67400","CAHAYA LILIN","JL TEMBAKAU RAYA NO. 90, MANGGA","prelist","MEDAN TUNTUNGAN","MANGGA","LINGKUNGAN 15","","","S. Aktivitas Jasa Lainnya","SBR"],
    ["67417","ASOKA REZEKI MANDIRI","JL ASOKA","prelist","MEDAN TUNTUNGAN","SIMPANG SELAYANG","LINGKUNGAN 10","","","G. Perdagangan Besar dan Eceran, Reparasi Mobil dan Sepeda Motor","SBR"],
    ["67441","ARYA BARAKAH ABADI","JL. KAPITEN PURBA","prelist","MEDAN TUNTUNGAN","MANGGA","LINGKUNGAN 4","","","G. Perdagangan Besar dan Eceran, Reparasi Mobil dan Sepeda Motor","SBR"],
    ["67467","KARYA FEBRINA ENERGI","JL BUNGA RAMPE LINGKUNGAN I","prelist","MEDAN TUNTUNGAN","SIMALINGKAR B","LINGKUNGAN 2","","","G. Perdagangan Besar dan Eceran, Reparasi Mobil dan Sepeda Motor","SBR"],
    ["67476","PERKASA BUMI","JL COKLAT PERMAI LK XXIV","prelist","MEDAN TUNTUNGAN","MANGGA","LINGKUNGAN 24","","","H. Transportasi dan Pergudangan","SBR"],
    ["67490","SURYA MENTARI JAYA","KOMPLEKS SETIABUDI VISTA","prelist","MEDAN TUNTUNGAN","SIMPANG SELAYANG","LINGKUNGAN 10","","","H. Transportasi dan Pergudangan","SBR"],
    ["67512","REZEKI NINA JAYA","JL.FLAMBOYAN RAYA NO.12, TANJUNG SELAMAT","prelist","MEDAN TUNTUNGAN","TANJUNG SELAMAT","LINGKUNGAN 8","","","J. Informasi dan Komunikasi","SBR"],
    ["67529","MAYBRAT LESTARI","JALAN SETIA BUDI","prelist","MEDAN TUNTUNGAN","SIMPANG SELAYANG","LINGKUNGAN 16","","","G. Perdagangan Besar dan Eceran, Reparasi Mobil dan Sepeda Motor","SBR"],
    ["67560","YASIN DAKWAH BUANA","JALAN FLAMBOYAN KOMPLEK EKONOMI","prelist","MEDAN TUNTUNGAN","TANJUNG SELAMAT","LINGKUNGAN 4","","","N. Jasa Persewaan, Ketenagakerjaan, Agen Perjalanan, dan Jasa Pendukung","SBR"],
    ["67573","PT. SULUH INDONESIA PERJUANGAN","JAMIN GINTING KM.11 LNGKUNGAN. II","prelist","MEDAN TUNTUNGAN","SIMPANG SELAYANG","LINGKUNGAN 3","","","J. Informasi dan Komunikasi","SBR"],
    ["67637","M2 LESTARI","KOMPLEK PERUMAHAN WAIKIKI","prelist","MEDAN TUNTUNGAN","TANJUNG SELAMAT","LINGKUNGAN 6","","","G. Perdagangan Besar dan Eceran, Reparasi Mobil dan Sepeda Motor","SBR"],
    ["67647","NAGA VISTA","JL.CENGKEH RAYA NO.26 P.SIMALINGKAR, MANGGA","prelist","MEDAN TUNTUNGAN","MANGGA","LINGKUNGAN 11","","","G. Perdagangan Besar dan Eceran, Reparasi Mobil dan Sepeda Motor","SBR"],
    ["67666","MEDAN GEOTEKNIK DAN STRUKTUR KONSULTAN","JL NUSA INDAH IV LK IX","prelist","MEDAN TUNTUNGAN","SIMPANG SELAYANG","LINGKUNGAN 9","","","F. Konstruksi","SBR"],
    ["67700","HUTA JAYA MASINDO","JL FLAMBOYAN RAYA KOMPLEK WAIKIKI","prelist","MEDAN TUNTUNGAN","TANJUNG SELAMAT","LINGKUNGAN 9","","","G. Perdagangan Besar dan Eceran, Reparasi Mobil dan Sepeda Motor","SBR"],
    ["67738","BAPTIS INDONESIA","JL. TALI AIR NO. 7 LK. IV","prelist","MEDAN TUNTUNGAN","MANGGA","LINGKUNGAN 4","","","S. Aktivitas Jasa Lainnya","SBR"],
    ["68002","EGA SILVANA DEWI","JL. KASMALA","prelist","MEDAN TUNTUNGAN","SIMPANG SELAYANG","LINGKUNGAN 16","","","C. Industri Pengolahan","SBR"],
    ["68024","BETEHOLI","KOMPLEK STELLA RESIDENCE","prelist","MEDAN TUNTUNGAN","SIMPANG SELAYANG","LINGKUNGAN 13","","","G. Perdagangan Besar dan Eceran, Reparasi Mobil dan Sepeda Motor","SBR"],
    ["68071","PERKUMPULAN ANAK YATIM KRISTEN INDONESIA BERDOA (AYAKIB)","JL BAWANG RAYA","prelist","MEDAN TUNTUNGAN","MANGGA","LINGKUNGAN 13","","","Q. Jasa Kesehatan dan Kegiatan Sosial","SBR"],
    ["68073","SS SEJAHTERA ABADI","JL BUNGA NCOLE IV","prelist","MEDAN TUNTUNGAN","KEMENANGAN TANI","LINGKUNGAN 2","","","G. Perdagangan Besar dan Eceran, Reparasi Mobil dan Sepeda Motor","SBR"],
    ["68172","MAWAR SHARON ACCESS","JL RINTE RAYA","prelist","MEDAN TUNTUNGAN","SIMPANG SELAYANG","LINGKUNGAN 13","","","G. Perdagangan Besar dan Eceran, Reparasi Mobil dan Sepeda Motor","SBR"],
    ["68182","GONDANG REJO LARAS","JALAN BAWANG 1 LK XV P SIMALINGKAR","prelist","MEDAN TUNTUNGAN","MANGGA","LINGKUNGAN 11","","","G. Perdagangan Besar dan Eceran, Reparasi Mobil dan Sepeda Motor","SBR"],
    ["68192","MONA KHRISTINNA","JLN.KAPAS","prelist","MEDAN TUNTUNGAN","MANGGA","LINGKUNGAN 18","","","A. Pertanian, Kehutanan, dan Perikanan","SBR"],
    ["68274","BRYMAR BANGUN SEJAHTERA","JL. KARET 17 P. SIMALINGKAR","prelist","MEDAN TUNTUNGAN","MANGGA","LINGKUNGAN 9","","","G. Perdagangan Besar dan Eceran, Reparasi Mobil dan Sepeda Motor","SBR"],
    ["68314","JUMAKU BERJAYA SENTOSA","JALAN SAKURA RAYA KOMPLEK MILLENIUM BUSINESS CENTER","prelist","MEDAN TUNTUNGAN","TANJUNG SELAMAT","LINGKUNGAN 4","","","G. Perdagangan Besar dan Eceran, Reparasi Mobil dan Sepeda Motor","SBR"],
    ["68330","SIURUP MARJAYA","JL KAPAS 1LK XVIII PERUMNAS SIMALINGKAR","prelist","MEDAN TUNTUNGAN","MANGGA","LINGKUNGAN 18","","","G. Perdagangan Besar dan Eceran, Reparasi Mobil dan Sepeda Motor","SBR"],
    ["68399","ROYAL INDAH","KOMPLEK ROYAL SUMATERA CLUSTER 16 (TAHAP IV), MANGGA","prelist","MEDAN TUNTUNGAN","MANGGA","LINGKUNGAN 5","","","G. Perdagangan Besar dan Eceran, Reparasi Mobil dan Sepeda Motor","SBR"],
    ["68461","BERKAH ABADI NATANA","JL. SETIA BUDI UJUNG KOMP. GRIYA SYAFIRA","prelist","MEDAN TUNTUNGAN","SIMPANG SELAYANG","LINGKUNGAN 16","","","G. Perdagangan Besar dan Eceran, Reparasi Mobil dan Sepeda Motor","SBR"],
    ["68478","BARUS JAYA","JL SETIA BUDI GG. SEROJA LK. XVI","prelist","MEDAN TUNTUNGAN","SIMPANG SELAYANG","LINGKUNGAN 17","","","G. Perdagangan Besar dan Eceran, Reparasi Mobil dan Sepeda Motor","SBR"],
    ["68485","AMANAH SANURAH BERKAH","JL BUNGA PARIAMA","prelist","MEDAN TUNTUNGAN","LADANG BAMBU","LINGKUNGAN 4","","","G. Perdagangan Besar dan Eceran, Reparasi Mobil dan Sepeda Motor","SBR"],
    ["68526","BETHALINK INTERNUSA PERSADA","JL JAMIN GINTING","prelist","MEDAN TUNTUNGAN","LADANG BAMBU","LINGKUNGAN 1","","","G. Perdagangan Besar dan Eceran, Reparasi Mobil dan Sepeda Motor","SBR"],
    ["68533","ROMERO PRATAMA MANDIRI","JL SAWIT 10 LK VII","prelist","MEDAN TUNTUNGAN","MANGGA","LINGKUNGAN 9","","","G. Perdagangan Besar dan Eceran, Reparasi Mobil dan Sepeda Motor","SBR"],
    ["68602","NATAMA KARYA","JL CITRA ANGGREK LK IX","prelist","MEDAN TUNTUNGAN","SIMPANG SELAYANG","LINGKUNGAN 4","","","G. Perdagangan Besar dan Eceran, Reparasi Mobil dan Sepeda Motor","SBR"],
    ["68644","KHALIFAH JELAJAH DUNIA","JL FLAMBOYAN RAYA AKASIA","prelist","MEDAN TUNTUNGAN","TANJUNG SELAMAT","LINGKUNGAN 8","","","G. Perdagangan Besar dan Eceran, Reparasi Mobil dan Sepeda Motor","SBR"],
    ["68669","GOLDEN PRODUCTION","JL BUNGA SAKURA RAYA GRIYA ASAM KUMBANG BLOK C","prelist","MEDAN TUNTUNGAN","TANJUNG SELAMAT","LINGKUNGAN 1","","","J. Informasi dan Komunikasi","SBR"],
    ["68670","MAWAR SHARON MANDIRI","JL. BUNGA RINTE","prelist","MEDAN TUNTUNGAN","SIMPANG SELAYANG","LINGKUNGAN 3","","","G. Perdagangan Besar dan Eceran, Reparasi Mobil dan Sepeda Motor","SBR"],
    ["68681","DARMA KARYA UTAMA","JL FLAMBOYAN 3/38","prelist","MEDAN TUNTUNGAN","TANJUNG SELAMAT","LINGKUNGAN 9","","","G. Perdagangan Besar dan Eceran, Reparasi Mobil dan Sepeda Motor","SBR"],
    ["68686","PUSAT KAJIAN KRIMINALITAS DAN KEPOLISIAN (PUSKARIMPOL)","ROYAL SUMATERA TYPE GRACILI NO. 152, MANGGA","prelist","MEDAN TUNTUNGAN","MANGGA","LINGKUNGAN 5","","","S. Aktivitas Jasa Lainnya","SBR"],
    ["68729","LEMBAGA KURSUS DAN PELATIHAN SANDROW","JL FLAMBOYAN RAYA","prelist","MEDAN TUNTUNGAN","TANJUNG SELAMAT","LINGKUNGAN 4","","","P. Pendidikan","SBR"],
    ["68757","ANAK KRAKATAU PERKASA","JL FLAMBOYAN RAYA NO 21 LK.III, TANJUNG SELAMAT","prelist","MEDAN TUNTUNGAN","TANJUNG SELAMAT","LINGKUNGAN 8","","","G. Perdagangan Besar dan Eceran, Reparasi Mobil dan Sepeda Motor","SBR"],
    ["68773","GRAHA TAMA","JL FLAMBOYAN I TAMAN ASOKA ASRI","prelist","MEDAN TUNTUNGAN","TANJUNG SELAMAT","LINGKUNGAN 6","","","G. Perdagangan Besar dan Eceran, Reparasi Mobil dan Sepeda Motor","SBR"],
    ["68790","ERA PRIMA MANDIRI","JL KOPI 8 NO. 7 P SIMALINGKAR, MANGGA","prelist","MEDAN TUNTUNGAN","MANGGA","LINGKUNGAN 6","","","G. Perdagangan Besar dan Eceran, Reparasi Mobil dan Sepeda Motor","SBR"],
    ["68792","JESSICA KONSTRUKSI","JL BUNGA NCOLE XXV LK V","prelist","MEDAN TUNTUNGAN","KEMENANGAN TANI","LINGKUNGAN 5","","","G. Perdagangan Besar dan Eceran, Reparasi Mobil dan Sepeda Motor","SBR"],
    ["68882","CENDEKIA KREATIF INDONESIA","JL BUNGA RINTE RAYA","prelist","MEDAN TUNTUNGAN","SIMPANG SELAYANG","LINGKUNGAN 13","","","P. Pendidikan","SBR"],
    ["68942","ARISAN QESB MEDAN","JALAN BUNGA NCOLE 14B NOMOR 48","prelist","MEDAN TUNTUNGAN","KEMENANGAN TANI","LINGKUNGAN 5","","","K. Aktivitas Keuangan Dan Asuransi","SBR"],
    ["68948","KEKENA ENVIRONMENTAL","JL IRIGASI","prelist","MEDAN TUNTUNGAN","MANGGA","LINGKUNGAN 5","","","G. Perdagangan Besar dan Eceran, Reparasi Mobil dan Sepeda Motor","SBR"],
    ["68983","CLEOSA CIKAL FUTURISTIK","JL BUNGA TEROMPET KOMPLEK MAYFAIR LK VII","prelist","MEDAN TUNTUNGAN","SIMPANG SELAYANG","LINGKUNGAN 7","","","G. Perdagangan Besar dan Eceran, Reparasi Mobil dan Sepeda Motor","SBR"],
    ["69025","ALVARO UTAMA","JL. BUNGA SAKURA KOMP. GRIYA ASAM KUMBANG","prelist","MEDAN TUNTUNGAN","TANJUNG SELAMAT","LINGKUNGAN 6","","","G. Perdagangan Besar dan Eceran, Reparasi Mobil dan Sepeda Motor","SBR"],
    ["69047","KARUNIA MAKMUR PERSADA","JL JAMIN GINTING KM 95 GG BUDI BUKTI","prelist","MEDAN TUNTUNGAN","MANGGA","LINGKUNGAN 3","","","G. Perdagangan Besar dan Eceran, Reparasi Mobil dan Sepeda Motor","SBR"],
    ["69057","HAGA","JALAN FLAMBOYAN RAYA","prelist","MEDAN TUNTUNGAN","TANJUNG SELAMAT","LINGKUNGAN 1","","","G. Perdagangan Besar dan Eceran, Reparasi Mobil dan Sepeda Motor","SBR"],
    ["69065","ANUGERAH MITRA PERKASA","JL. STELLA RAYA KOMPLEK STELLA RESIDENCE","prelist","MEDAN TUNTUNGAN","SIMPANG SELAYANG","LINGKUNGAN 13","","","G. Perdagangan Besar dan Eceran, Reparasi Mobil dan Sepeda Motor","SBR"],
    ["69205","MITRA ARTHA","JL SAWIT I P SIMALINGKAR","prelist","MEDAN TUNTUNGAN","MANGGA","LINGKUNGAN 9","","","G. Perdagangan Besar dan Eceran, Reparasi Mobil dan Sepeda Motor","SBR"],
    ["69257","CUKAT TRENGGINAS ARIANS","KOMPLEK TAMAN ASOKA ASRI","prelist","MEDAN TUNTUNGAN","TANJUNG SELAMAT","LINGKUNGAN 6","","","G. Perdagangan Besar dan Eceran, Reparasi Mobil dan Sepeda Motor","SBR"],
    ["69270","GANTARI BAKTI KONSTRUKSI","JL. JAMIN GINTING / Jl. IRIGASI, KOMP. ROYAL HOME LAND LINGKUNGAN V","prelist","MEDAN TUNTUNGAN","MANGGA","LINGKUNGAN 5","","","F. Konstruksi","SBR"],
    ["69271","INLO KREASI MANDIRI","JL SEROJA RAYA GG ARKEOLOGI KOMPLEK PTS","prelist","MEDAN TUNTUNGAN","TANJUNG SELAMAT","LINGKUNGAN 7","","","G. Perdagangan Besar dan Eceran, Reparasi Mobil dan Sepeda Motor","SBR"],
    ["69348","PANCA SAMUDERA ALKESINDO","JALAN FLAMBOYAN RAYA","prelist","MEDAN TUNTUNGAN","TANJUNG SELAMAT","LINGKUNGAN 4","","","G. Perdagangan Besar dan Eceran, Reparasi Mobil dan Sepeda Motor","SBR"],
    ["69353","PODANA RAS SUGEH","JL FLAMBOYAN I KOMPLEK TAMAN ASOKA ASRI","prelist","MEDAN TUNTUNGAN","TANJUNG SELAMAT","LINGKUNGAN 6","","","G. Perdagangan Besar dan Eceran, Reparasi Mobil dan Sepeda Motor","SBR"],
    ["69377","DUTA PRIMA WAHANA","JALAN FLAMBOYAN I KOMPLEK TAMA ASOKA ASRI","prelist","MEDAN TUNTUNGAN","TANJUNG SELAMAT","LINGKUNGAN 9","","","G. Perdagangan Besar dan Eceran, Reparasi Mobil dan Sepeda Motor","SBR"],
    ["69403","HALILINTAR","JL. DAHLIA IV LK. VIII","prelist","MEDAN TUNTUNGAN","SIMPANG SELAYANG","LINGKUNGAN 8","","","G. Perdagangan Besar dan Eceran, Reparasi Mobil dan Sepeda Motor","SBR"],
    ["69408","RICHRACH NAA DENGGAN","JL JAMIN GINTING KM 14 PERUMAHAN WESLEY RESIDENCE C 22","prelist","MEDAN TUNTUNGAN","SIDOMULYO","LINGKUNGAN 2","","","G. Perdagangan Besar dan Eceran, Reparasi Mobil dan Sepeda Motor","SBR"],
    ["69411","DHAMIRA PERSADA MANDIRI","KOMPLEK PERUMAHAN SETIA BUDI VISTA JL LIZARDI PUTRA LK X","prelist","MEDAN TUNTUNGAN","SIMPANG SELAYANG","LINGKUNGAN 10","","","G. Perdagangan Besar dan Eceran, Reparasi Mobil dan Sepeda Motor","SBR"],
    ["69412","TRIANDA KHAMARA JAYA","JL BUNGA FLAMBOYAN 1/2","prelist","MEDAN TUNTUNGAN","TANJUNG SELAMAT","LINGKUNGAN 6","","","G. Perdagangan Besar dan Eceran, Reparasi Mobil dan Sepeda Motor","SBR"],
    ["69481","JODEA KONTRAKTOR","JL. BUNGA LAU LK-III","prelist","MEDAN TUNTUNGAN","KEMENANGAN TANI","LINGKUNGAN 3","","","G. Perdagangan Besar dan Eceran, Reparasi Mobil dan Sepeda Motor","SBR"],
    ["69490","DUTA GRAHA KENCANA","JL KEMENYAN RAYA","prelist","MEDAN TUNTUNGAN","MANGGA","LINGKUNGAN 19","","","G. Perdagangan Besar dan Eceran, Reparasi Mobil dan Sepeda Motor","SBR"],
    ["69493","SINAR GRAHA INDONUSA, PT","JALAN LETJEND JAMIN GINTING KM 11,6","prelist","MEDAN TUNTUNGAN","SIMPANG SELAYANG","LINGKUNGAN 3","","","G. Perdagangan Besar dan Eceran, Reparasi Mobil dan Sepeda Motor","SBR"],
    ["69517","CITRA MEGAH PELANGI JAYA","JL ROYALSUMATRA TYPE GRACILLI/152, MANGGA","prelist","MEDAN TUNTUNGAN","MANGGA","LINGKUNGAN 21","","","G. Perdagangan Besar dan Eceran, Reparasi Mobil dan Sepeda Motor","SBR"],
    ["69629","BUMI SURYA PRATAMA","JL SERIMPI VI","prelist","MEDAN TUNTUNGAN","NAMO GAJAH","LINGKUNGAN 1","","","G. Perdagangan Besar dan Eceran, Reparasi Mobil dan Sepeda Motor","SBR"],
    ["69689","TERBANGUN PERMATA","JL SAKURA III GG PERTAMA LK I","prelist","MEDAN TUNTUNGAN","TANJUNG SELAMAT","LINGKUNGAN 1","","","G. Perdagangan Besar dan Eceran, Reparasi Mobil dan Sepeda Motor","SBR"],
    ["69707","SHADAELLA","JL. JAMIN GINTING NO. 23 A, LAU CIH","prelist","MEDAN TUNTUNGAN","LAU CIH","LINGKUNGAN 1","","","G. Perdagangan Besar dan Eceran, Reparasi Mobil dan Sepeda Motor","SBR"],
    ["69734","ALAHTA","JL BUNGA RINTE","prelist","MEDAN TUNTUNGAN","SIMPANG SELAYANG","LINGKUNGAN 13","","","G. Perdagangan Besar dan Eceran, Reparasi Mobil dan Sepeda Motor","SBR"],
    ["69797","TOLU TURANG","JL BUNGA NCOLE","prelist","MEDAN TUNTUNGAN","KEMENANGAN TANI","LINGKUNGAN 5","","","G. Perdagangan Besar dan Eceran, Reparasi Mobil dan Sepeda Motor","SBR"],
    ["69842","CIPTA PIRANTI PERSADA","JL BUNGA NCOLE KEMENANGAN TANI","prelist","MEDAN TUNTUNGAN","KEMENANGAN TANI","LINGKUNGAN 4","","","G. Perdagangan Besar dan Eceran, Reparasi Mobil dan Sepeda Motor","SBR"],
    ["69966","MENTARI INTERNASIONAL SEJAHTERA GEMILANG","JL JAMIN GINTING KM 8,5 KOMPLEK ROYAL SUMATERA","prelist","MEDAN TUNTUNGAN","MANGGA","LINGKUNGAN 1","","","G. Perdagangan Besar dan Eceran, Reparasi Mobil dan Sepeda Motor","SBR"],
    ["69988","STUAH SEJAHTERA RESIDENCE","JALANBUNGA SAKURA","prelist","MEDAN TUNTUNGAN","TANJUNG SELAMAT","LINGKUNGAN 1","","","G. Perdagangan Besar dan Eceran, Reparasi Mobil dan Sepeda Motor","SBR"],
    ["70000","NUANSA BERSAMA PERSADA","JL BUNGA TURI I KOMPLEK PASAR INDUK","prelist","MEDAN TUNTUNGAN","LAU CIH","LINGKUNGAN 3","","","G. Perdagangan Besar dan Eceran, Reparasi Mobil dan Sepeda Motor","SBR"],
    ["70021","MEARLO LARISTA UTAMA","JALAN SAWIT RAYA LINGKUNGAN X","prelist","MEDAN TUNTUNGAN","MANGGA","LINGKUNGAN 9","","","G. Perdagangan Besar dan Eceran, Reparasi Mobil dan Sepeda Motor","SBR"],
    ["70069","NAMURAYA","JL. BUNGA NCOLE VIII","prelist","MEDAN TUNTUNGAN","KEMENANGAN TANI","LINGKUNGAN 2","","","G. Perdagangan Besar dan Eceran, Reparasi Mobil dan Sepeda Motor","SBR"],
    ["70077","VALESINDO LINTAS BUANA","JL PALES V","prelist","MEDAN TUNTUNGAN","SIMPANG SELAYANG","LINGKUNGAN 7","","","G. Perdagangan Besar dan Eceran, Reparasi Mobil dan Sepeda Motor","SBR"],
    ["70215","GLOBAL VISION","JL FLAMBOYAN RAYA","prelist","MEDAN TUNTUNGAN","TANJUNG SELAMAT","LINGKUNGAN 4","","","G. Perdagangan Besar dan Eceran, Reparasi Mobil dan Sepeda Motor","SBR"],
    ["70245","FEBY JAYA","KOMPLEK TAMAN ANGGREK SETIA BUDI","prelist","MEDAN TUNTUNGAN","TANJUNG SELAMAT","LINGKUNGAN 9","","","G. Perdagangan Besar dan Eceran, Reparasi Mobil dan Sepeda Motor","SBR"],
    ["70252","ANUGERAH ERSADA JAYA","JL. JAMIN GINTING GG. NANGKA I","prelist","MEDAN TUNTUNGAN","MANGGA","LINGKUNGAN 1","","","G. Perdagangan Besar dan Eceran, Reparasi Mobil dan Sepeda Motor","SBR"],
    ["70270","HABINSARAN","KOMP SAVANA KASTURI JL KASTURI LK XVI B","prelist","MEDAN TUNTUNGAN","SIMPANG SELAYANG","LINGKUNGAN 16","","","G. Perdagangan Besar dan Eceran, Reparasi Mobil dan Sepeda Motor","SBR"],
    ["70298","ESE FOOD ENGINEERING","JL BUNGA SAKURA III","prelist","MEDAN TUNTUNGAN","TANJUNG SELAMAT","LINGKUNGAN 4","","","G. Perdagangan Besar dan Eceran, Reparasi Mobil dan Sepeda Motor","SBR"],
    ["70316","SUMBER ANUGRAH TASLIM","JL BUNGA RINTE XVI","prelist","MEDAN TUNTUNGAN","SIMPANG SELAYANG","LINGKUNGAN 11","","","G. Perdagangan Besar dan Eceran, Reparasi Mobil dan Sepeda Motor","SBR"],
    ["70386","ANCLA CORPORATION","JL COKLAT P SIMALINGKAR","prelist","MEDAN TUNTUNGAN","MANGGA","LINGKUNGAN 17","","","G. Perdagangan Besar dan Eceran, Reparasi Mobil dan Sepeda Motor","SBR"],
    ["70400","ERA MANDIRI","JL JAMIN GINTING GG MESJID","prelist","MEDAN TUNTUNGAN","SIMPANG SELAYANG","LINGKUNGAN 1","","","G. Perdagangan Besar dan Eceran, Reparasi Mobil dan Sepeda Motor","SBR"],
    ["70458","BUNGA FLAMBOYAN","FLAMBOYAN LK VIII","prelist","MEDAN TUNTUNGAN","TANJUNG SELAMAT","LINGKUNGAN 8","","","G. Perdagangan Besar dan Eceran, Reparasi Mobil dan Sepeda Motor","SBR"],
    ["70489","CIPTA GEMILANG JAYA","JL NILAM RAYA P SIMALINGKAR","prelist","MEDAN TUNTUNGAN","MANGGA","LINGKUNGAN 21","","","G. Perdagangan Besar dan Eceran, Reparasi Mobil dan Sepeda Motor","SBR"],
    ["70582","SINERGI BUMI SEJAHTERA","JL JAMIN GINTING","prelist","MEDAN TUNTUNGAN","SIMPANG SELAYANG","LINGKUNGAN 2","","","G. Perdagangan Besar dan Eceran, Reparasi Mobil dan Sepeda Motor","SBR"],
    ["70621","VELICA INDO PRIMA","JL FLAMBOYAN RAYA KOMPLEK FLAMBOYAN REGENCY RUKO","prelist","MEDAN TUNTUNGAN","TANJUNG SELAMAT","LINGKUNGAN 3","","","G. Perdagangan Besar dan Eceran, Reparasi Mobil dan Sepeda Motor","SBR"],
    ["70652","RAHMAT SALUDI GROUP","JL PLAMBOYAN PERUMAHAN ESTATE","prelist","MEDAN TUNTUNGAN","TANJUNG SELAMAT","LINGKUNGAN 5","","","G. Perdagangan Besar dan Eceran, Reparasi Mobil dan Sepeda Motor","SBR"],
    ["70661","JEVMAR SAWITA UTAMA","JL FLAMBOYAN RAYA KOMP SETIA BUDI FLAMBOYAN","prelist","MEDAN TUNTUNGAN","SIMPANG SELAYANG","LINGKUNGAN 11","","","G. Perdagangan Besar dan Eceran, Reparasi Mobil dan Sepeda Motor","SBR"],
    ["70683","RIRORA PUTRA RANITA","JL TANJUNG PERMATA LK XII","prelist","MEDAN TUNTUNGAN","SIMPANG SELAYANG","LINGKUNGAN 12","","","G. Perdagangan Besar dan Eceran, Reparasi Mobil dan Sepeda Motor","SBR"],
    ["70713","ULIE JAYA LESTARI","JL. BUNGA NCOLE LK. V","prelist","MEDAN TUNTUNGAN","KEMENANGAN TANI","LINGKUNGAN 5","","","G. Perdagangan Besar dan Eceran, Reparasi Mobil dan Sepeda Motor","SBR"],
    ["70722","ATHA PERSADA","JL FLAMBOYAN RAYA","prelist","MEDAN TUNTUNGAN","TANJUNG SELAMAT","LINGKUNGAN 4","","","G. Perdagangan Besar dan Eceran, Reparasi Mobil dan Sepeda Motor","SBR"],
    ["70784","ESERIA KARYA MAKMUR","JALAN FLAMBOYAN RAYA KOMPLEK FLAMBOYAN REGENCY","prelist","MEDAN TUNTUNGAN","TANJUNG SELAMAT","LINGKUNGAN 3","","","G. Perdagangan Besar dan Eceran, Reparasi Mobil dan Sepeda Motor","SBR"],
    ["70798","MULYA SARANA SEJAHTERA","JL.KPT PURBA NO.24","prelist","MEDAN TUNTUNGAN","MANGGA","LINGKUNGAN 9","","","G. Perdagangan Besar dan Eceran, Reparasi Mobil dan Sepeda Motor","SBR"],
    ["70801","SEBASTIAN HAGANTA","JL SETIA BUDI UJUNG RUKO CITRA SETIA BUDI LK II","prelist","MEDAN TUNTUNGAN","SIMPANG SELAYANG","LINGKUNGAN 16","","","G. Perdagangan Besar dan Eceran, Reparasi Mobil dan Sepeda Motor","SBR"],
    ["70802","GALANG SOLUSI TEKNIK","KOMPLEK RUKO SETIA BUDI RAYA JL SETIA BUDI","prelist","MEDAN TUNTUNGAN","SIMPANG SELAYANG","LINGKUNGAN 16","","","G. Perdagangan Besar dan Eceran, Reparasi Mobil dan Sepeda Motor","SBR"],
    ["70809","ELTA PRIMA","JL.BUNGA SEROJA NO.14 LK.VII RT. 0 RW. 0","prelist","MEDAN TUNTUNGAN","TANJUNG SELAMAT","LINGKUNGAN 1","","","G. Perdagangan Besar dan Eceran, Reparasi Mobil dan Sepeda Motor","SBR"],
    ["70865","SYAH PUTRA","JL DAHLIA I KPL 218 LK VIII","prelist","MEDAN TUNTUNGAN","SIMPANG SELAYANG","LINGKUNGAN 8","","","G. Perdagangan Besar dan Eceran, Reparasi Mobil dan Sepeda Motor","SBR"],
    ["70867","MITRA KARYA LIMA SUKSES","KOMPLEK PANTAI MUTIARA WAIKIKI","prelist","MEDAN TUNTUNGAN","TANJUNG SELAMAT","LINGKUNGAN 9","","","G. Perdagangan Besar dan Eceran, Reparasi Mobil dan Sepeda Motor","SBR"],
    ["70870","RODA UTAMA SEJAHTERA","JL JAMIN GINTING KOMPLEKS CITRA GARDEN","prelist","MEDAN TUNTUNGAN","SIMPANG SELAYANG","LINGKUNGAN 2","","","G. Perdagangan Besar dan Eceran, Reparasi Mobil dan Sepeda Motor","SBR"],
    ["70939","ANUGRAH PUSAKA ABADI","JL SETIA BUDI KOMPLEK VILLA SETIA BUDI MAKMUR 2","prelist","MEDAN TUNTUNGAN","SIMPANG SELAYANG","LINGKUNGAN 2","","","G. Perdagangan Besar dan Eceran, Reparasi Mobil dan Sepeda Motor","SBR"],
    ["70959","PONDOK PESANTREN TAHFIDZ IBNU KATSIR MEDAN","JL STELLA RAYA","prelist","MEDAN TUNTUNGAN","SIMPANG SELAYANG","LINGKUNGAN 10","","","P. Pendidikan","SBR"],
    ["71012","SURYA JAYA","JL. STELLA-I LK. XIV","prelist","MEDAN TUNTUNGAN","SIMPANG SELAYANG","LINGKUNGAN 14","","","G. Perdagangan Besar dan Eceran, Reparasi Mobil dan Sepeda Motor","SBR"],
    ["71017","REGINA","BUNGA NCOLE","prelist","MEDAN TUNTUNGAN","KEMENANGAN TANI","LINGKUNGAN 5","","","G. Perdagangan Besar dan Eceran, Reparasi Mobil dan Sepeda Motor","SBR"],
    ["71062","JEN FREDELLINO","JL BUNGA SAKURA","prelist","MEDAN TUNTUNGAN","TANJUNG SELAMAT","LINGKUNGAN 1","","","G. Perdagangan Besar dan Eceran, Reparasi Mobil dan Sepeda Motor","SBR"],
    ["71070","SD SWASTA CERDAS","JL.FLAMBOYAN RAYA GG.SUKA SAMA NO 7, TANJUNG SELAMAT","prelist","MEDAN TUNTUNGAN","TANJUNG SELAMAT","LINGKUNGAN 4","","","P. Pendidikan","SBR"],
    ["71110","DAME CIPTA MANDIRI","JL SEROJA PERUMAHAN PESANGGRAHAN","prelist","MEDAN TUNTUNGAN","TANJUNG SELAMAT","LINGKUNGAN 7","","","G. Perdagangan Besar dan Eceran, Reparasi Mobil dan Sepeda Motor","SBR"],
    ["71124","GILANG INTI MUARA","JL FLORA II","prelist","MEDAN TUNTUNGAN","SIMPANG SELAYANG","LINGKUNGAN 12","","","G. Perdagangan Besar dan Eceran, Reparasi Mobil dan Sepeda Motor","SBR"],
    ["71127","TUNAS JAYA CIPTA","JL JAMIN GINTING LK I","prelist","MEDAN TUNTUNGAN","MANGGA","LINGKUNGAN 1","","","G. Perdagangan Besar dan Eceran, Reparasi Mobil dan Sepeda Motor","SBR"],
    ["71129","RAPI MITRA SUKSES","KOMP BEKALA ASRI","prelist","MEDAN TUNTUNGAN","MANGGA","LINGKUNGAN 3","","","G. Perdagangan Besar dan Eceran, Reparasi Mobil dan Sepeda Motor","SBR"],
    ["71160","HUALA SOLUSI INDONESIA","JL TEH RAYA P SIMALINGKAR","prelist","MEDAN TUNTUNGAN","MANGGA","LINGKUNGAN 8","","","G. Perdagangan Besar dan Eceran, Reparasi Mobil dan Sepeda Motor","SBR"],
    ["71228","SAMUDERA INDOTAMA","KOMP TAMAN ANGGREK SETIA BUDI","prelist","MEDAN TUNTUNGAN","TANJUNG SELAMAT","LINGKUNGAN 9","","","G. Perdagangan Besar dan Eceran, Reparasi Mobil dan Sepeda Motor","SBR"],
    ["71243","AMRULLAH AKBAR RAJASYAH","JL PETUNIA RAYA","prelist","MEDAN TUNTUNGAN","NAMO GAJAH","LINGKUNGAN 3","","","P. Pendidikan","SBR"],
    ["71256","MAFAZA","JL BUNGA PARIAMA PERUMAHAN PURI ADAM MALIK","prelist","MEDAN TUNTUNGAN","LADANG BAMBU","LINGKUNGAN 4","","","G. Perdagangan Besar dan Eceran, Reparasi Mobil dan Sepeda Motor","SBR"],
    ["71304","BOAS KAMANDAKA PUTRA","JL KASMALA","prelist","MEDAN TUNTUNGAN","SIMPANG SELAYANG","LINGKUNGAN 16","","","G. Perdagangan Besar dan Eceran, Reparasi Mobil dan Sepeda Motor","SBR"],
    ["71340","CV. SOPHIA KOSMETIK INDONESIA","JAMIN GINTING GG.PELANGI NO.12 SHM 61 LINGKUNGAN V KELURAHAN SIMPANG SELAYANG","prelist","MEDAN TUNTUNGAN","SIMPANG SELAYANG","LINGKUNGAN 1","","","G. Perdagangan Besar dan Eceran, Reparasi Mobil dan Sepeda Motor","SBR"],
    ["71350","ROHID GAYO LUES","JL. JAHE RAYA NO. 48 RT. 0 RW. 00","prelist","MEDAN TUNTUNGAN","MANGGA","LINGKUNGAN 14","","","G. Perdagangan Besar dan Eceran, Reparasi Mobil dan Sepeda Motor","SBR"],
    ["71375","ANUGRAH CIPTA NUSANTARA","JL FLAMBOYAN GG PERBATASAN","prelist","MEDAN TUNTUNGAN","TANJUNG SELAMAT","LINGKUNGAN 4","","","C. Industri Pengolahan","SBR"],
    ["71418","SABAR MP","JLN. FLAMBOYAN VILLA SETIA BUDI","prelist","MEDAN TUNTUNGAN","TANJUNG SELAMAT","LINGKUNGAN 6","","","G. Perdagangan Besar dan Eceran, Reparasi Mobil dan Sepeda Motor","SBR"],
    ["71540","SAHABAT IMAN ORTHODOX INDONESIA","JL.KAPITEN PURBA NO.10, MANGGA","prelist","MEDAN TUNTUNGAN","MANGGA","LINGKUNGAN 3","","","P. Pendidikan","SBR"],
    ["71553","DIVISI KARDIOVASKULAR","JL BUNGA LAU","prelist","MEDAN TUNTUNGAN","KEMENANGAN TANI","LINGKUNGAN 3","","","R. Kesenian, Hiburan, dan Rekreasi","SBR"],
    ["71554","LAEDJ","JL. FLAMBOYAN TAMAN ANGGREK SETIA BUDI","prelist","MEDAN TUNTUNGAN","TANJUNG SELAMAT","LINGKUNGAN 9","","","R. Kesenian, Hiburan, dan Rekreasi","SBR"],
    ["71563","TRIPUTRA BERJAYA","JL FLORA RAYA","prelist","MEDAN TUNTUNGAN","SIMPANG SELAYANG","LINGKUNGAN 12","","","G. Perdagangan Besar dan Eceran, Reparasi Mobil dan Sepeda Motor","SBR"],
    ["71577","FOCUS UTBK","FLAMBOYAN 1 KOMP TAMAN ASOKA ASRI","prelist","MEDAN TUNTUNGAN","TANJUNG SELAMAT","LINGKUNGAN 6","","","P. Pendidikan","SBR"],
    ["71620","KOPERASI SYARIAH BUNGA RAYA","JL. FLAMBOYAN RAYA GG. HARAHAP","prelist","MEDAN TUNTUNGAN","TANJUNG SELAMAT","LINGKUNGAN 3","","","G. Perdagangan Besar dan Eceran, Reparasi Mobil dan Sepeda Motor","SBR"],
    ["71627","QUALITY AYAHANDA BERSAMA","JL KAPITEN PURBA","prelist","MEDAN TUNTUNGAN","MANGGA","LINGKUNGAN 4","","","I. Penyediaan Akomodasi dan Makan Minum","SBR"],
    ["71651","SARIMELATI KENCANA TBK.","JL JAMIN GINTING LK III","prelist","MEDAN TUNTUNGAN","LADANG BAMBU","LINGKUNGAN 3","","","I. Penyediaan Akomodasi dan Makan Minum","SBR"],
    ["71677","RICH RACH","JL JAMIN GINTING KM 14 PERUMAHAN WESLEY RESIDENCE BLOK C NO 22","prelist","MEDAN TUNTUNGAN","SIDOMULYO","LINGKUNGAN 2","","","G. Perdagangan Besar dan Eceran, Reparasi Mobil dan Sepeda Motor","SBR"],
    ["71712","GOSYEN INDOTECH PRIMA","JL BUNGA RAMPAI 3","prelist","MEDAN TUNTUNGAN","SIMALINGKAR B","LINGKUNGAN 5","","","G. Perdagangan Besar dan Eceran, Reparasi Mobil dan Sepeda Motor","SBR"],
    ["71714","HASAHATAN SONDANG NAULI","JL VANILI RAYA","prelist","MEDAN TUNTUNGAN","MANGGA","LINGKUNGAN 17","","","G. Perdagangan Besar dan Eceran, Reparasi Mobil dan Sepeda Motor","SBR"],
    ["71724","MERAH PUTIH","JL PINUS 3","prelist","MEDAN TUNTUNGAN","MANGGA","LINGKUNGAN 13","","","G. Perdagangan Besar dan Eceran, Reparasi Mobil dan Sepeda Motor","SBR"],
    ["71728","TAROMA CONSULTANT","JL.SETIA BUDI KOMP.SETIA BUDI RAYA NO.12 RT. 0 RW. 0","prelist","MEDAN TUNTUNGAN","SIMPANG SELAYANG","LINGKUNGAN 17","","","G. Perdagangan Besar dan Eceran, Reparasi Mobil dan Sepeda Motor","SBR"],
    ["71732","JAYA CORINDO DESIGN","JL FLAMBOYAN I LK VI","prelist","MEDAN TUNTUNGAN","TANJUNG SELAMAT","LINGKUNGAN 6","","","G. Perdagangan Besar dan Eceran, Reparasi Mobil dan Sepeda Motor","SBR"],
    ["71746","WESPANDEL GRUP","JL FLAMBOYAN VII NO 30 B, TANJUNG SELAMAT","prelist","MEDAN TUNTUNGAN","TANJUNG SELAMAT","LINGKUNGAN 2","","","G. Perdagangan Besar dan Eceran, Reparasi Mobil dan Sepeda Motor","SBR"],
    ["71750","TRADI JAYA","JL. DAHLIA I KAPL.218 LK VIII, SIMPANG SELAYANG","prelist","MEDAN TUNTUNGAN","SIMPANG SELAYANG","LINGKUNGAN 8","","","G. Perdagangan Besar dan Eceran, Reparasi Mobil dan Sepeda Motor","SBR"],
    ["71789","ALDRICH BANGUN PERSADA","JL BUNGA RINTE GG MAWAR 7 LK XVII","prelist","MEDAN TUNTUNGAN","SIMPANG SELAYANG","LINGKUNGAN 13","","","G. Perdagangan Besar dan Eceran, Reparasi Mobil dan Sepeda Motor","SBR"],
    ["71799","NEXT MEDAN","JL BUNGA STELLA I","prelist","MEDAN TUNTUNGAN","SIMPANG SELAYANG","LINGKUNGAN 14","","","G. Perdagangan Besar dan Eceran, Reparasi Mobil dan Sepeda Motor","SBR"],
    ["71931","SINAR SUKSES SEMPURNA","JL SETIA BUDI GG BUNGA NCOLE LT II","prelist","MEDAN TUNTUNGAN","SIMPANG SELAYANG","LINGKUNGAN 9","","","G. Perdagangan Besar dan Eceran, Reparasi Mobil dan Sepeda Motor","SBR"],
    ["71944","SEMPURNA","JL. BUNGA RAMPAI II C-16 LK.I","prelist","MEDAN TUNTUNGAN","SIMALINGKAR B","LINGKUNGAN 1","","","G. Perdagangan Besar dan Eceran, Reparasi Mobil dan Sepeda Motor","SBR"],
    ["71983","DAKSA KREASI","JL PETUNIA RAYA KOMPLEK GRIYA KENCANA LT II LK II","prelist","MEDAN TUNTUNGAN","KEMENANGAN TANI","LINGKUNGAN 3","","","G. Perdagangan Besar dan Eceran, Reparasi Mobil dan Sepeda Motor","SBR"],
    ["71988","BANK PEMBANGUNAN DAERAH SUMATERA UTARA","JL JAMIN GINTING KOMPLEK PERUM BUENA VISTA","prelist","MEDAN TUNTUNGAN","TANJUNG SELAMAT","LINGKUNGAN 2","","","K. Aktivitas Keuangan Dan Asuransi","SBR"],
    ["71992","KARYA MITRA","JL STELLA RAYA KOMPLEK SETIA BUDI MAKMUR I","prelist","MEDAN TUNTUNGAN","SIMPANG SELAYANG","LINGKUNGAN 16","","","F. Konstruksi","SBR"],
    ["72079","AMA INA NAULI","KOMPLEK LIZARDI JALAN BUNGA NCOLE XIV ? A","prelist","MEDAN TUNTUNGAN","KEMENANGAN TANI","LINGKUNGAN 5","","","P. Pendidikan","SBR"],
    ["72089","RIZKY AMANDA","KOMPLEK KEJAKSAAN JL ANYELIR LK X","prelist","MEDAN TUNTUNGAN","SIMPANG SELAYANG","LINGKUNGAN 14","","","G. Perdagangan Besar dan Eceran, Reparasi Mobil dan Sepeda Motor","SBR"],
    ["72116","PERGURUAN TINGGI NEUMANN INDONESIA","LETJEN JAMIN GINTING KM.10,5","prelist","MEDAN TUNTUNGAN","SIMPANG SELAYANG","LINGKUNGAN 5","","","P. Pendidikan","SBR"],
    ["72167","GLOBAL MANDIRI","JL. TEH 6 P. SIMALINGKAR","prelist","MEDAN TUNTUNGAN","MANGGA","LINGKUNGAN 11","","","G. Perdagangan Besar dan Eceran, Reparasi Mobil dan Sepeda Motor","SBR"],
    ["72177","SIMUNT JAYA","JL KASTURI KOMPLEK SAVANA KASTURI LK XVI","prelist","MEDAN TUNTUNGAN","SIMPANG SELAYANG","LINGKUNGAN 16","","","G. Perdagangan Besar dan Eceran, Reparasi Mobil dan Sepeda Motor","SBR"],
    ["72185","CENTRAL KASIH AGAPE","JL BUNGA LAU DALAM PERUMAHAN SB","prelist","MEDAN TUNTUNGAN","KEMENANGAN TANI","LINGKUNGAN 3","","","Q. Jasa Kesehatan dan Kegiatan Sosial","SBR"],
    ["72224","CV. BERE RIBUNA SIMOLE","JALAN TEMBAKAU RAYA","prelist","MEDAN TUNTUNGAN","MANGGA","LINGKUNGAN 22","","","B. Pertambangan dan Penggalian","SBR"],
    ["72230","SETIA KASIH SAYANG","JL BUNGA PANCUR IX","prelist","MEDAN TUNTUNGAN","SIMPANG SELAYANG","LINGKUNGAN 4","","","Q. Jasa Kesehatan dan Kegiatan Sosial","SBR"],
    ["72281","KOPERASI PRODUSEN SAJJANA SUMATERA UTARA","BUNGA RINTE 16","prelist","MEDAN TUNTUNGAN","SIMPANG SELAYANG","LINGKUNGAN 11","","","A. Pertanian, Kehutanan, dan Perikanan","SBR"],
    ["72341","JOGI PRATAMA MAKMUR","JL SAGU 12 LK XXI PERUMNAS SIMALINGKAR","prelist","MEDAN TUNTUNGAN","MANGGA","LINGKUNGAN 21","","","F. Konstruksi","SBR"],
    ["72346","NEOSOFT ART","KOMPLEK ROYALE HOMELAND JL IRIGASI LK V","prelist","MEDAN TUNTUNGAN","MANGGA","LINGKUNGAN 5","","","F. Konstruksi","SBR"],
    ["72358","FAMILY JAYA SENTOSA","KOMPLEK TAMAN ANGGREK SETIA BUDI NO. 11 C","prelist","MEDAN TUNTUNGAN","TANJUNG SELAMAT","LINGKUNGAN 9","","","B. Pertambangan dan Penggalian","SBR"],
    ["72384","MITRA INDO KARYA","JL BUNGA SAKURA KOMP GRIYA ASAM KUMBANG","prelist","MEDAN TUNTUNGAN","TANJUNG SELAMAT","LINGKUNGAN 1","","","F. Konstruksi","SBR"],
    ["72447","MEDAN GLOBAL ENGINEERING","KOMPLEK TAMAN ALAMANDA","prelist","MEDAN TUNTUNGAN","TANJUNG SELAMAT","LINGKUNGAN 1","","","G. Perdagangan Besar dan Eceran, Reparasi Mobil dan Sepeda Motor","SBR"],
    ["72549","KARYA ABADI","KOMPLEK PURI ZAHARA","prelist","MEDAN TUNTUNGAN","TANJUNG SELAMAT","LINGKUNGAN 8","","","G. Perdagangan Besar dan Eceran, Reparasi Mobil dan Sepeda Motor","SBR"],
    ["72591","ARTEFACK KONSULTANT","JL SETIA BUDI GG SEROJA 2 PS IV","prelist","MEDAN TUNTUNGAN","SIMPANG SELAYANG","LINGKUNGAN 2","","","M. Jasa Profesional, Ilmiah, dan Teknis","SBR"],
    ["72604","PANDAWA ANUGERAH","JALAN SAGU 3","prelist","MEDAN TUNTUNGAN","MANGGA","LINGKUNGAN 21","","","F. Konstruksi","SBR"],
    ["72643","KENCANA INDOSOLUSI NUSA GLOBAL","JL BUNGA RINTE PERUMAHAN GRAHA ANGGREK","prelist","MEDAN TUNTUNGAN","SIMPANG SELAYANG","LINGKUNGAN 17","","","M. Jasa Profesional, Ilmiah, dan Teknis","SBR"],
    ["72695","BANGUN SUMBER DAYA MULYA","JL SAKURA III LK I","prelist","MEDAN TUNTUNGAN","TANJUNG SELAMAT","LINGKUNGAN 1","","","F. Konstruksi","SBR"],
    ["72713","LAMMARUARAR","JL GARUDA KOMP. PERUM POLRI LINGKUNGAN IV","prelist","MEDAN TUNTUNGAN","TANJUNG SELAMAT","LINGKUNGAN 4","","","F. Konstruksi","SBR"],
    ["72745","AGROCITRA","JL. NUSA INDAH III NO.80 LK.IX, SIMPANG SELAYANG","prelist","MEDAN TUNTUNGAN","SIMPANG SELAYANG","LINGKUNGAN 9","","","F. Konstruksi","SBR"],
    ["72747","SARANA ADARMA PRATAMA","JL BUNGA KARDIOL","prelist","MEDAN TUNTUNGAN","LADANG BAMBU","LINGKUNGAN 3","","","P. Pendidikan","SBR"],
    ["72794","ACC BARU","JL. SETIABUDI LK. XI","prelist","MEDAN TUNTUNGAN","SIMPANG SELAYANG","LINGKUNGAN 9","","","I. Penyediaan Akomodasi dan Makan Minum","SBR"],
    ["72802","MEKAR JAYA","JL.PINANG RAYA I NO.11 P.SIMALINGKAR LK.XX RT. 0 RW. 0","prelist","MEDAN TUNTUNGAN","MANGGA","LINGKUNGAN 20","","","H. Transportasi dan Pergudangan","SBR"],
    ["73032","KESEHATAN JIWA BINA KARSA","JL PALES II","prelist","MEDAN TUNTUNGAN","SIMPANG SELAYANG","LINGKUNGAN 7","","","Q. Jasa Kesehatan dan Kegiatan Sosial","SBR"],
    ["73093","SATU MEDIA NUSANTARA","JL STELLA RAYA","prelist","MEDAN TUNTUNGAN","SIMPANG SELAYANG","LINGKUNGAN 10","","","N. Jasa Persewaan, Ketenagakerjaan, Agen Perjalanan, dan Jasa Pendukung","SBR"],
    ["73096","ANUGRAH MITRA KARYA ABADI","JL. FLAMBOYAN RAYA KOMPLEK PERUMAHAN FLAMBOYAN REGENCY","prelist","MEDAN TUNTUNGAN","TANJUNG SELAMAT","LINGKUNGAN 9","","","G. Perdagangan Besar dan Eceran, Reparasi Mobil dan Sepeda Motor","SBR"],
    ["73264","EM KARYA","JL. BUNGA PANCUR GG. MESJID","prelist","MEDAN TUNTUNGAN","SIMPANG SELAYANG","LINGKUNGAN 6","","","G. Perdagangan Besar dan Eceran, Reparasi Mobil dan Sepeda Motor","SBR"],
    ["73301","FORUM MASYARAKAT DESA SEJAHTERA","JL. SEROJA RAYA, KOMP. PURI MEDAN PERMAI","prelist","MEDAN TUNTUNGAN","TANJUNG SELAMAT","LINGKUNGAN 8","","","S. Aktivitas Jasa Lainnya","SBR"],
    ["73351","RAISA NATAMA ABADI","JL PETUNIA VII PERUMAHAN GRIYA KENCANA LK II","prelist","MEDAN TUNTUNGAN","NAMO GAJAH","LINGKUNGAN 2","","","G. Perdagangan Besar dan Eceran, Reparasi Mobil dan Sepeda Motor","SBR"],
    ["73408","CIPTA NUSANTARA","JL.JAMIN GINTING GG BENDUNGAN III, MANGGA","prelist","MEDAN TUNTUNGAN","MANGGA","LINGKUNGAN 1","","","F. Konstruksi","SBR"],
    ["73409","BENIH KEBAIKAN BANGSA INDONESIA","JL. BUNGA LAU","prelist","MEDAN TUNTUNGAN","KEMENANGAN TANI","LINGKUNGAN 3","","","Q. Jasa Kesehatan dan Kegiatan Sosial","SBR"],
    ["73423","SETETES TAPI BENING","JL. KAPAS VII NO. 11 PERUMNAS, MANGGA","prelist","MEDAN TUNTUNGAN","MANGGA","LINGKUNGAN 18","","","G. Perdagangan Besar dan Eceran, Reparasi Mobil dan Sepeda Motor","SBR"],
    ["73424","SIMKET KUTA MANDIRI","KOMPLEK STELLA RESIDENCE JL STELLA RAYA","prelist","MEDAN TUNTUNGAN","SIMPANG SELAYANG","LINGKUNGAN 13","","","G. Perdagangan Besar dan Eceran, Reparasi Mobil dan Sepeda Motor","SBR"],
    ["73460","FRANZ SANTOSA ASIH JAYA","JL. VANILI I / 38 PERUMNAS SIMALINGKAR, MANGGA","prelist","MEDAN TUNTUNGAN","MANGGA","LINGKUNGAN 11","","","G. Perdagangan Besar dan Eceran, Reparasi Mobil dan Sepeda Motor","SBR"],
    ["73521","BUKIT PERMATA BAKTI","JL BUNGA NCOLE GG KELUARGA","prelist","MEDAN TUNTUNGAN","KEMENANGAN TANI","LINGKUNGAN 2","","","N. Jasa Persewaan, Ketenagakerjaan, Agen Perjalanan, dan Jasa Pendukung","SBR"],
    ["73602","PHIJERO MANDIRI","JL.BAWANG 14 NO.01 P.SIMALINGKAR","prelist","MEDAN TUNTUNGAN","MANGGA","LINGKUNGAN 13","","","G. Perdagangan Besar dan Eceran, Reparasi Mobil dan Sepeda Motor","SBR"],
    ["73636","WAHANA ASPIRASI BINEKA","JL FLAMBOYAN I KOMPLEK TAMAN ASOKA ASRI","prelist","MEDAN TUNTUNGAN","TANJUNG SELAMAT","LINGKUNGAN 6","","","F. Konstruksi","SBR"],
    ["73713","GLOBAL INTER SYSTEM","JL.SETIA BUDI NO.7 MEDAN, SIMPANG SELAYANG","prelist","MEDAN TUNTUNGAN","SIMPANG SELAYANG","LINGKUNGAN 16","","","M. Jasa Profesional, Ilmiah, dan Teknis","SBR"],
    ["73746","LIDAN INDAH ABADI","JL TEMBAKAU RAYA LK XXIV","prelist","MEDAN TUNTUNGAN","MANGGA","LINGKUNGAN 22","","","G. Perdagangan Besar dan Eceran, Reparasi Mobil dan Sepeda Motor","SBR"],
    ["73790","CIPTA NUANSA AGUNG","JL.BUNGA PANCUR IX GG.MELATI NO.119","prelist","MEDAN TUNTUNGAN","SIMPANG SELAYANG","LINGKUNGAN 4","","","G. Perdagangan Besar dan Eceran, Reparasi Mobil dan Sepeda Motor","SBR"],
    ["73815","SIRAJA SONANG","JL KARET 11","prelist","MEDAN TUNTUNGAN","MANGGA","LINGKUNGAN 7","","","G. Perdagangan Besar dan Eceran, Reparasi Mobil dan Sepeda Motor","SBR"],
    ["73836","BANK MANDIRI (PERSERO)","JL. FLAMBOYAN RAYA LK. IV","prelist","MEDAN TUNTUNGAN","TANJUNG SELAMAT","LINGKUNGAN 4","","","K. Aktivitas Keuangan Dan Asuransi","SBR"],
    ["73848","TONATA CITRA ABADI","JL KARET RAYA LK VII","prelist","MEDAN TUNTUNGAN","MANGGA","LINGKUNGAN 9","","","G. Perdagangan Besar dan Eceran, Reparasi Mobil dan Sepeda Motor","SBR"],
    ["73881","TAROMA BATUA","JL VANILI I NO 2","prelist","MEDAN TUNTUNGAN","MANGGA","LINGKUNGAN 17","","","G. Perdagangan Besar dan Eceran, Reparasi Mobil dan Sepeda Motor","SBR"],
    ["73890","CV BAYAK ERSADA","JLN FLAMBOYAN RAYA KOMPLEK TAMAN ANGGREK","prelist","MEDAN TUNTUNGAN","TANJUNG SELAMAT","LINGKUNGAN 9","","","G. Perdagangan Besar dan Eceran, Reparasi Mobil dan Sepeda Motor","SBR"],
    ["73966","KURNIA SUKSES ABADI","JL TEH 10 LK XI PRUMNAS SIMALINGKAR","prelist","MEDAN TUNTUNGAN","MANGGA","LINGKUNGAN 11","","","G. Perdagangan Besar dan Eceran, Reparasi Mobil dan Sepeda Motor","SBR"],
    ["73970","JAYA UTAMA","JL KOPI 12 P SIMALINGKAR","prelist","MEDAN TUNTUNGAN","MANGGA","LINGKUNGAN 6","","","G. Perdagangan Besar dan Eceran, Reparasi Mobil dan Sepeda Motor","SBR"],
    ["73992","WELINDO SAONG UTAMA","JL.BUNGA RAMPAI RAYA, SIMALINGKAR B","prelist","MEDAN TUNTUNGAN","SIMALINGKAR B","LINGKUNGAN 1","","","G. Perdagangan Besar dan Eceran, Reparasi Mobil dan Sepeda Motor","SBR"],
    ["74002","INDOJASA MANDIRI","JL BUNGA RAMPAI IV GG RASKITA","prelist","MEDAN TUNTUNGAN","SIMALINGKAR B","LINGKUNGAN 4","","","G. Perdagangan Besar dan Eceran, Reparasi Mobil dan Sepeda Motor","SBR"],
    ["74004","COFFEE GAYO BERKAH","JL LIZADRI PUTRA KOMPLEK SETIA BUDI VISTA","prelist","MEDAN TUNTUNGAN","SIMPANG SELAYANG","LINGKUNGAN 10","","","G. Perdagangan Besar dan Eceran, Reparasi Mobil dan Sepeda Motor","SBR"],
    ["74006","DEBANG MANDIRI KARYA","KOMPLEK PURI MEDAN PERMAI NO A5 JALAN SEROJA RAYA","prelist","MEDAN TUNTUNGAN","TANJUNG SELAMAT","LINGKUNGAN 8","","","G. Perdagangan Besar dan Eceran, Reparasi Mobil dan Sepeda Motor","SBR"],
    ["74108","INOVASI KREASINDO DIGITAL","JL SETIA BUDI","prelist","MEDAN TUNTUNGAN","SIMPANG SELAYANG","LINGKUNGAN 16","","","J. Informasi dan Komunikasi","SBR"],
    ["74162","ALPHA GEMILANG","JL. BUNGA RINTE","prelist","MEDAN TUNTUNGAN","SIMPANG SELAYANG","LINGKUNGAN 13","","","G. Perdagangan Besar dan Eceran, Reparasi Mobil dan Sepeda Motor","SBR"],
    ["74179","RAYA MULTI SARANA","KOMPLEK STELLA RESIDENCE JL STELLA RAYA","prelist","MEDAN TUNTUNGAN","SIMPANG SELAYANG","LINGKUNGAN 13","","","G. Perdagangan Besar dan Eceran, Reparasi Mobil dan Sepeda Motor","SBR"],
    ["74183","PERISSOS ANDALAN ABADI","KOMPLEK TAMAN ANGGREK SETIA BUDI CATTLEYA","prelist","MEDAN TUNTUNGAN","TANJUNG SELAMAT","LINGKUNGAN 9","","","G. Perdagangan Besar dan Eceran, Reparasi Mobil dan Sepeda Motor","SBR"],
    ["74193","MEDAN GEOTECHNIC AND STRUCTURE ENGINEERING","KOMPLEK PEMDA TK 1 JL NUSA INDAH IV","prelist","MEDAN TUNTUNGAN","SIMPANG SELAYANG","LINGKUNGAN 9","","","M. Jasa Profesional, Ilmiah, dan Teknis","SBR"],
    ["74217","PAUD MELATI BM","JL. BENDUNGAN V","prelist","MEDAN TUNTUNGAN","MANGGA","LINGKUNGAN 1","","","P. Pendidikan","SBR"],
    ["74232","GLOBAL ASIA PRATAMA","JL BUNGA RAMPAI IV GANG RASKITA","prelist","MEDAN TUNTUNGAN","SIMALINGKAR B","LINGKUNGAN 4","","","G. Perdagangan Besar dan Eceran, Reparasi Mobil dan Sepeda Motor","SBR"],
    ["74254","ARTA PANCA KENCANA (APAK)","JL KAPITEN PURBA","prelist","MEDAN TUNTUNGAN","MANGGA","LINGKUNGAN 4","","","G. Perdagangan Besar dan Eceran, Reparasi Mobil dan Sepeda Motor","SBR"],
    ["74288","EDUKASI GERMAN INDONESIA","JL. FLAMBOYAN RAYA KOMPLEK WAIKIKI","prelist","MEDAN TUNTUNGAN","TANJUNG SELAMAT","LINGKUNGAN 9","","","P. Pendidikan","SBR"],
    ["74299","BINTANG ANUGERAH","JL. KAPAS 13 NO.49 P SIMALINGKAR, MANGGA","prelist","MEDAN TUNTUNGAN","MANGGA","LINGKUNGAN 18","","","K. Aktivitas Keuangan Dan Asuransi","SBR"],
    ["74409","TOSI SEDERHANA MANDIRI","JL SETIA BUDI KOMPLEK SETIA BUDI POINT LT 2","prelist","MEDAN TUNTUNGAN","SIMPANG SELAYANG","LINGKUNGAN 1","","","G. Perdagangan Besar dan Eceran, Reparasi Mobil dan Sepeda Motor","SBR"],
    ["74427","KIKI ALAM JAYA","JL SEROJA RAYA SUDUT SEROJA VI","prelist","MEDAN TUNTUNGAN","TANJUNG SELAMAT","LINGKUNGAN 7","","","Q. Jasa Kesehatan dan Kegiatan Sosial","SBR"],
    ["74428","BUNAYYA AULIA","KASTURI","prelist","MEDAN TUNTUNGAN","SIMPANG SELAYANG","LINGKUNGAN 10","","","P. Pendidikan","SBR"],
    ["74523","KARYA MANDIRI SEJAHTERA","JL. JAHE RAYA NO. 6 PERUMNAS SIMALINGKAR","prelist","MEDAN TUNTUNGAN","MANGGA","LINGKUNGAN 14","","","G. Perdagangan Besar dan Eceran, Reparasi Mobil dan Sepeda Motor","SBR"],
    ["74619","PONDOK PEMURIDAN","JL BUNGA RAMPAI III LK II","prelist","MEDAN TUNTUNGAN","SIMALINGKAR B","LINGKUNGAN 5","","","P. Pendidikan","SBR"],
    ["74625","ARTIFISIAL GINS","JL KARET RAYA LK VIII","prelist","MEDAN TUNTUNGAN","MANGGA","LINGKUNGAN 9","","","G. Perdagangan Besar dan Eceran, Reparasi Mobil dan Sepeda Motor","SBR"],
    ["74780","GE PLANAR","JL NILAM RAYA NO.128 PERUMNAS SIMALINGKAR LK.XXI","prelist","MEDAN TUNTUNGAN","MANGGA","LINGKUNGAN 21","","","M. Jasa Profesional, Ilmiah, dan Teknis","SBR"],
    ["74784","GLOBAL SUMATERA TRADING","JALAN FLAMBOYAN RAYA","prelist","MEDAN TUNTUNGAN","TANJUNG SELAMAT","LINGKUNGAN 2","","","G. Perdagangan Besar dan Eceran, Reparasi Mobil dan Sepeda Motor","SBR"],
    ["74836","KARYA MAKMUR","JL. JAMIN GINTING KM 14,1 GG. PURBA","prelist","MEDAN TUNTUNGAN","SIDOMULYO","LINGKUNGAN 2","","","G. Perdagangan Besar dan Eceran, Reparasi Mobil dan Sepeda Motor","SBR"],
    ["74888","PRATAMA MINERAL JAYA","JL. SEROJA RAYA KOMPLEK ROYAL GALAXY RESIDENCE BLOK D NO. 16","prelist","MEDAN TUNTUNGAN","TANJUNG SELAMAT","LINGKUNGAN 9","","","B. Pertambangan dan Penggalian","SBR"],
    ["74918","ALHAFIZ ASAHAN GROUP","JALAN FLAMBOYAN RAYA KOMPLEK PERUMAHAN DOSEN FE USU NOMOR 1-A","prelist","MEDAN TUNTUNGAN","TANJUNG SELAMAT","LINGKUNGAN 4","","","I. Penyediaan Akomodasi dan Makan Minum","SBR"],
    ["74933","LEMBAGA SWADAYA MASYARAKAT SILIMA SUAK MEDAN","JL.VANILI I NO.6 P.SIMALINGKAR","prelist","MEDAN TUNTUNGAN","MANGGA","LINGKUNGAN 17","","","S. Aktivitas Jasa Lainnya","SBR"],
    ["75005","AL IKHLASIAH ISPENSYAH","JL. FLAMBOYAN III NO. 100, TANJUNG SELAMAT","prelist","MEDAN TUNTUNGAN","TANJUNG SELAMAT","LINGKUNGAN 9","","","Q. Jasa Kesehatan dan Kegiatan Sosial","SBR"],
    ["75014","RONAMORA BEATRIKS JERIN","TANJUNG SELAMAT","prelist","MEDAN TUNTUNGAN","TANJUNG SELAMAT","LINGKUNGAN 9","","","G. Perdagangan Besar dan Eceran, Reparasi Mobil dan Sepeda Motor","SBR"],
    ["75026","TUJUH BINTANG BERSINAR","JL FLAMBOYAN DALAM","prelist","MEDAN TUNTUNGAN","TANJUNG SELAMAT","LINGKUNGAN 5","","","G. Perdagangan Besar dan Eceran, Reparasi Mobil dan Sepeda Motor","SBR"],
    ["75027","ARYA DUTA SUKSESINDO","JL BUNGA RAYA GRIYA ASAM KUMBANG","prelist","MEDAN TUNTUNGAN","TANJUNG SELAMAT","LINGKUNGAN 1","","","G. Perdagangan Besar dan Eceran, Reparasi Mobil dan Sepeda Motor","SBR"],
    ["75050","RENJANA","JL LIZARDI PUTRA KOMPLEK SETIA BUDI VISTA","prelist","MEDAN TUNTUNGAN","SIMPANG SELAYANG","LINGKUNGAN 10","","","G. Perdagangan Besar dan Eceran, Reparasi Mobil dan Sepeda Motor","SBR"],
    ["75077","PERKEBUNAN SUMATERA UTARA (PERSERODA), PT","JALAN LETJEN JAMIN GINTING KM 13 NO. 45","prelist","MEDAN TUNTUNGAN","LAU CIH","LINGKUNGAN 2","","","C. Industri Pengolahan","SBR"],
    ["75114","POLO CONSULTANT","JL SAGU RAYA","prelist","MEDAN TUNTUNGAN","MANGGA","LINGKUNGAN 21","","","M. Jasa Profesional, Ilmiah, dan Teknis","SBR"],
    ["75151","BINA KARSA SEROJA JAYA","JL. PALES III NO. 19 LK. VII","prelist","MEDAN TUNTUNGAN","SIMPANG SELAYANG","LINGKUNGAN 7","","","G. Perdagangan Besar dan Eceran, Reparasi Mobil dan Sepeda Motor","SBR"],
    ["75305","MITRATAMA TRAST","JL JAMIN GINTING KOM GRAND SUMATERA","prelist","MEDAN TUNTUNGAN","MANGGA","LINGKUNGAN 2","","","M. Jasa Profesional, Ilmiah, dan Teknis","SBR"],
    ["75337","BANGUN GEMILANG RESORT","VILLA ZEQITA RESIDENCE NO. X9","prelist","MEDAN TUNTUNGAN","LAU CIH","LINGKUNGAN 1","","","G. Perdagangan Besar dan Eceran, Reparasi Mobil dan Sepeda Motor","SBR"],
    ["75400","LEMBAGA PELAYANAN BARITANAULI","JL. BUNGA RAMPE III LK. II","prelist","MEDAN TUNTUNGAN","SIMALINGKAR B","LINGKUNGAN 5","","","S. Aktivitas Jasa Lainnya","SBR"],
    ["75408","ALBERT SILALAHI & REKAN.DRS.","KOMPLEK SETIA BUDI RAYA JL SETIA BUDI","prelist","MEDAN TUNTUNGAN","SIMPANG SELAYANG","LINGKUNGAN 16","","","M. Jasa Profesional, Ilmiah, dan Teknis","SBR"],
    ["75460","PERUSAHAAN LISTRIK NEGARA (PERSERO)","JL LAPANGAN GOLF TUNTUNGAN","prelist","MEDAN TUNTUNGAN","LADANG BAMBU","LINGKUNGAN 2","","","F. Konstruksi","SBR"],
    ["75472","JAHAR PRIMA MANDIRI","JALAN JAHE RAYA NOMOR 01, PERUMNAS SIMALINGKAR","prelist","MEDAN TUNTUNGAN","MANGGA","LINGKUNGAN 16","","","G. Perdagangan Besar dan Eceran, Reparasi Mobil dan Sepeda Motor","SBR"],
    ["75497","DARUZ ZIKRA AKBAR","JL. FLAMBOYAN RAYA","prelist","MEDAN TUNTUNGAN","TANJUNG SELAMAT","LINGKUNGAN 2","","","P. Pendidikan","SBR"],
    ["75579","PENDIDIKAN SINGAPURA INDONESIA","KOMPLEK ROYAL SUMATERA JL LETJEND JAMIN GINTING KM 8,5","prelist","MEDAN TUNTUNGAN","MANGGA","LINGKUNGAN 5","","","P. Pendidikan","SBR"],
    ["75612","PELINDUNG ALAM RAYA","BUNGA RAMPAI VII","prelist","MEDAN TUNTUNGAN","SIMALINGKAR B","LINGKUNGAN 4","","","A. Pertanian, Kehutanan, dan Perikanan","SBR"],
    ["75700","BARISAN MITRA JAYA","JL. BUNGA LAU","prelist","MEDAN TUNTUNGAN","KEMENANGAN TANI","LINGKUNGAN 3","","","H. Transportasi dan Pergudangan","SBR"],
    ["75818","MEDAN MEDIA UTAMA","JL. ANYELIR NO. 1","prelist","MEDAN TUNTUNGAN","SIMPANG SELAYANG","LINGKUNGAN 10","","","J. Informasi dan Komunikasi","SBR"],
    ["75874","PRODUSEN MITRA HUTAN LESTARI","JALAN BUNGA RINTE","prelist","MEDAN TUNTUNGAN","SIMPANG SELAYANG","LINGKUNGAN 13","","","A. Pertanian, Kehutanan, dan Perikanan","SBR"],
    ["75891","RIZKI UTAMA TEKNIK","JL BUNGA STELLA I KAV BPK","prelist","MEDAN TUNTUNGAN","SIMPANG SELAYANG","LINGKUNGAN 12","","","D. Pengadaan Listrik, Gas, Uap/Air Panas, dan Udara Dingin","SBR"],
    ["75973","CAHAYA ANAK RAJA","JL DAHLIA I LK VIII","prelist","MEDAN TUNTUNGAN","SIMPANG SELAYANG","LINGKUNGAN 8","","","Q. Jasa Kesehatan dan Kegiatan Sosial","SBR"],
    ["76089","TONGGO KONSULTAN PERSADA","JL. KOPRA RAYA","prelist","MEDAN TUNTUNGAN","MANGGA","LINGKUNGAN 19","","","M. Jasa Profesional, Ilmiah, dan Teknis","SBR"],
    ["76130","DUA PUTRA RAYA","JL FLAMBOYAN RAYA KOMP GRIYA NUSA TIGA","prelist","MEDAN TUNTUNGAN","TANJUNG SELAMAT","LINGKUNGAN 3","","","I. Penyediaan Akomodasi dan Makan Minum","SBR"],
    ["76171","KESEJAHTERAAN SOSIAL ANAK, ANAK GEMBIRA","JL.TEMBAKAU RAYA NO.83 P.SIMALINGKAR LK.XVIII RT. 0 RW. 0","prelist","MEDAN TUNTUNGAN","MANGGA","LINGKUNGAN 18","","","Q. Jasa Kesehatan dan Kegiatan Sosial","SBR"],
    ["76296","LKP KURSUS MENJAHIT MANDIRI INDAH","JL BUNGA RAMPAI RAYA NO. 12, SIMALINGKAR B","prelist","MEDAN TUNTUNGAN","SIMALINGKAR B","LINGKUNGAN 2","","","P. Pendidikan","SBR"],
    ["76354","MEDAN AKSES MEDIA","JL TEH I P SIMALINGKAR","prelist","MEDAN TUNTUNGAN","MANGGA","LINGKUNGAN 8","","","J. Informasi dan Komunikasi","SBR"],
    ["76355","LEMBAGA SWADAYA MASYARAKAT LINGKUNGAN INDAH TANPA ASAP PROFESIONAL AKSI","JL. BUNGA TEROMPET KOMP. PERUMAHAN SEJAHTERA II","prelist","MEDAN TUNTUNGAN","SIMPANG SELAYANG","LINGKUNGAN 7","","","S. Aktivitas Jasa Lainnya","SBR"],
    ["76433","RAPHA-EL","JL. COKLAT 5 NO. 27 P. SIMALINGKAR, MANGGA","prelist","MEDAN TUNTUNGAN","MANGGA","LINGKUNGAN 7","","","S. Aktivitas Jasa Lainnya","SBR"],
    ["76460","MARGA HASTARI INDONAULI","JALAN VANILI RAYA","prelist","MEDAN TUNTUNGAN","MANGGA","LINGKUNGAN 17","","","G. Perdagangan Besar dan Eceran, Reparasi Mobil dan Sepeda Motor","SBR"],
    ["76505","PUTERA AUTO PERKASA","JL. FLAMBOYAN RAYA, NO. 66","prelist","MEDAN TUNTUNGAN","TANJUNG SELAMAT","LINGKUNGAN 8","","","G. Perdagangan Besar dan Eceran, Reparasi Mobil dan Sepeda Motor","SBR"],
    ["76507","PLANET","JL JAMIN GINTING KM 9,5","prelist","MEDAN TUNTUNGAN","MANGGA","LINGKUNGAN 1","","","S. Aktivitas Jasa Lainnya","SBR"],
    ["76534","PENDIDIKAN ISLAM KELUARGA AMAL SHALEH","JL.SAWIT I NO.4, MANGGA","prelist","MEDAN TUNTUNGAN","MANGGA","LINGKUNGAN 9","","","P. Pendidikan","SBR"],
    ["76567","SUMATERA BERJAYA BERSAMA","JL. BUNGA RAYAKOMP. GRIYA ASAM KUMBANG BLOK G NO. 18","prelist","MEDAN TUNTUNGAN","TANJUNG SELAMAT","LINGKUNGAN 1","","","I. Penyediaan Akomodasi dan Makan Minum","SBR"],
    ["76627","PENDIDIKAN TELKOM","JL. JAMIN GINTING KM. 11,1","prelist","MEDAN TUNTUNGAN","SIMPANG SELAYANG","LINGKUNGAN 3","","","P. Pendidikan","SBR"],
    ["76629","TEGUH MANDIRI","JL.FLORA II NO.18, SIMPANG SELAYANG","prelist","MEDAN TUNTUNGAN","SIMPANG SELAYANG","LINGKUNGAN 12","","","F. Konstruksi","SBR"],
    ["76676","EFATA INDONESIA TOURS & TRAVEL","JL JEND JAMIN GINTING","prelist","MEDAN TUNTUNGAN","MANGGA","LINGKUNGAN 3","","","N. Jasa Persewaan, Ketenagakerjaan, Agen Perjalanan, dan Jasa Pendukung","SBR"],
    ["76831","TK SWASTA KATOLIK ASSISI MEDAN","ANGGREK RAYA","prelist","MEDAN TUNTUNGAN","SIMPANG SELAYANG","LINGKUNGAN 9","","","P. Pendidikan","SBR"],
    ["76837","WAHANA MITRA MULTIARTHA","JL VANILI II","prelist","MEDAN TUNTUNGAN","MANGGA","LINGKUNGAN 15","","","J. Informasi dan Komunikasi","SBR"],
    ["76875","YAYASAN BUNDA PEDULI INDONESIA","JL. BUNGA RINTE, KOMPLEK PURI ZAHARA 2 LK. XI","prelist","MEDAN TUNTUNGAN","SIMPANG SELAYANG","LINGKUNGAN 11","","","Q. Jasa Kesehatan dan Kegiatan Sosial","SBR"],
    ["76885","RIZKY NAULI","JL BUNGA STELLA I LK XIV","prelist","MEDAN TUNTUNGAN","SIMPANG SELAYANG","LINGKUNGAN 14","","","F. Konstruksi","SBR"],
    ["77066","KOWASAR","JL.JAMIN GINTING","prelist","MEDAN TUNTUNGAN","LAU CIH","LINGKUNGAN 3","","","K. Aktivitas Keuangan Dan Asuransi","SBR"],
    ["77358","LATUMARA","JL IRIGASI","prelist","MEDAN TUNTUNGAN","MANGGA","LINGKUNGAN 5","","","G. Perdagangan Besar dan Eceran, Reparasi Mobil dan Sepeda Motor","SBR"],
    ["77473","SALSABILLAH MANDIRI","JL PETUNIA VII PERUM GRIYA KENCANA","prelist","MEDAN TUNTUNGAN","NAMO GAJAH","LINGKUNGAN 2","","","F. Konstruksi","SBR"],
    ["77512","ANGEL MILALA","JL LET JEN JAMIN GINTING KM 13,5 PERUMAHAN WESLEY RESIDENCE","prelist","MEDAN TUNTUNGAN","LAU CIH","LINGKUNGAN 2","","","H. Transportasi dan Pergudangan","SBR"],
    ["77643","QUANTUM INDONESIA","JL PAYA BUNDUNG","prelist","MEDAN TUNTUNGAN","SIMPANG SELAYANG","LINGKUNGAN 2","","","S. Aktivitas Jasa Lainnya","SBR"],
    ["77660","MULIA UTAMA MANDIRI","JL. BUNGA SAKURA RAYA, NO.47A","prelist","MEDAN TUNTUNGAN","TANJUNG SELAMAT","LINGKUNGAN 1","","","G. Perdagangan Besar dan Eceran, Reparasi Mobil dan Sepeda Motor","SBR"],
    ["77726","BARUS JAYA TRANS","JALAN SETIA BUDI GANG SEROJA NOMOR: 4","prelist","MEDAN TUNTUNGAN","SIMPANG SELAYANG","LINGKUNGAN 2","","","H. Transportasi dan Pergudangan","SBR"],
    ["77775","SD SWASTA ELIDA","FLAMBOYAN RAYA IV NO 2A, TANJUNG SELAMAT","prelist","MEDAN TUNTUNGAN","TANJUNG SELAMAT","LINGKUNGAN 8","","","P. Pendidikan","SBR"],
    ["77824","STELLA CATERING","JL.BUNGA STELLA I","prelist","MEDAN TUNTUNGAN","SIMPANG SELAYANG","LINGKUNGAN 14","","","I. Penyediaan Akomodasi dan Makan Minum","SBR"],
    ["77864","MAZARAT HARAMAIN TAQWA","JL SAGU 2 PERUMNAS SIMALINGKAR","prelist","MEDAN TUNTUNGAN","MANGGA","LINGKUNGAN 21","","","N. Jasa Persewaan, Ketenagakerjaan, Agen Perjalanan, dan Jasa Pendukung","SBR"],
    ["77877","DAMAYOS PEALIMUT EXPRESS","JL COKLAT PERMAI","prelist","MEDAN TUNTUNGAN","MANGGA","LINGKUNGAN 5","","","H. Transportasi dan Pergudangan","SBR"],
    ["77937","RUDANG MAS ANUGERAH","JAMIN GINTING KM 13.5 PERUMAHAN WESLEY RESIDENCE","prelist","MEDAN TUNTUNGAN","SIDOMULYO","LINGKUNGAN 2","","","C. Industri Pengolahan","SBR"],
    ["78024","BAHAL PARNA JAYA","JL BUNGA RINTE XXII","prelist","MEDAN TUNTUNGAN","SIMPANG SELAYANG","LINGKUNGAN 11","","","G. Perdagangan Besar dan Eceran, Reparasi Mobil dan Sepeda Motor","SBR"],
    ["78055","BERASTALY JAYA BERSAMA","JL. JAMIN GINTING NO. 10","prelist","MEDAN TUNTUNGAN","LADANG BAMBU","LINGKUNGAN 1","","","H. Transportasi dan Pergudangan","SBR"],
    ["78136","NINA JAYA MOTOR","JL. FLAMBOYAN RAYA NO. 12 LK. VIII, TANJUNG SELAMAT","prelist","MEDAN TUNTUNGAN","TANJUNG SELAMAT","LINGKUNGAN 8","","","G. Perdagangan Besar dan Eceran, Reparasi Mobil dan Sepeda Motor","SBR"],
    ["78229","SOS DESA TARUNA (SOS-KINDERDORF) INDONESIA","JL.SEROJA RAYA NO.150, TANJUNG SELAMAT","prelist","MEDAN TUNTUNGAN","TANJUNG SELAMAT","LINGKUNGAN 9","","","Q. Jasa Kesehatan dan Kegiatan Sosial","SBR"],
    ["78270","DANO SIGARAP PERDANA","JL JAMIN GINTING KM 9 GG PRIBADI","prelist","MEDAN TUNTUNGAN","MANGGA","LINGKUNGAN 1","","","G. Perdagangan Besar dan Eceran, Reparasi Mobil dan Sepeda Motor","SBR"],
    ["78462","SAPTA KESATRIA","JL.B.FLAMBOYAN I NO.3, TANJUNG SELAMAT","prelist","MEDAN TUNTUNGAN","TANJUNG SELAMAT","LINGKUNGAN 6","","","F. Konstruksi","SBR"],
    ["78501","GRAHA DESIGN PERSADA","JALAN KAPITEN PURBA","prelist","MEDAN TUNTUNGAN","MANGGA","LINGKUNGAN 4","","","G. Perdagangan Besar dan Eceran, Reparasi Mobil dan Sepeda Motor","SBR"],
    ["78548","TRIEK MEDIA PERSADA","JL SETIA BUDI UJUNG RUKO LK XVI","prelist","MEDAN TUNTUNGAN","SIMPANG SELAYANG","LINGKUNGAN 16","","","M. Jasa Profesional, Ilmiah, dan Teknis","SBR"],
    ["78613","FERDI SINAGA ARCHITECTS","JL.RINTE IV NO.129-A LK.XIII, SIMPANG SELAYANG","prelist","MEDAN TUNTUNGAN","SIMPANG SELAYANG","LINGKUNGAN 13","","","M. Jasa Profesional, Ilmiah, dan Teknis","SBR"],
    ["78630","PERSADA FORTIKA ASHER","JL.FLAMBOYAN 1 NO.12","prelist","MEDAN TUNTUNGAN","TANJUNG SELAMAT","LINGKUNGAN 6","","","N. Jasa Persewaan, Ketenagakerjaan, Agen Perjalanan, dan Jasa Pendukung","SBR"],
    ["78636","SUSTER FRANSISKANES MISIONARIS DARI ASSISI (SFMA)","JL BUNGA RAMPAI 11, SIMALINGKAR B","prelist","MEDAN TUNTUNGAN","SIMALINGKAR B","LINGKUNGAN 2","","","S. Aktivitas Jasa Lainnya","SBR"],
    ["78657","GRAHA RAJAWALI TAMARA","JL.SETIA BUDI NO.220-B , TANJUNG REJO","prelist","MEDAN TUNTUNGAN","SIMPANG SELAYANG","LINGKUNGAN 16","","","F. Konstruksi","SBR"],
    ["78671","RATEL SHELBY INDONESIA","JL.LIZADRI PUTRA KOMPLEK SETIA BUDI VISTA","prelist","MEDAN TUNTUNGAN","SIMPANG SELAYANG","LINGKUNGAN 10","","","A. Pertanian, Kehutanan, dan Perikanan","SBR"],
    ["78740","BAHAYMI","JL FLAMBOYAN VI KOMP IKIP LK VII","prelist","MEDAN TUNTUNGAN","TANJUNG SELAMAT","LINGKUNGAN 7","","","G. Perdagangan Besar dan Eceran, Reparasi Mobil dan Sepeda Motor","SBR"],
    ["78812","MATAHARI","JL KARET RAYA PERUMNAS","prelist","MEDAN TUNTUNGAN","MANGGA","LINGKUNGAN 9","","","G. Perdagangan Besar dan Eceran, Reparasi Mobil dan Sepeda Motor","SBR"],
    ["78821","MATA MUAL","JL.FLAMBOYAN RAYA PERUM.TAMAN ANGGREK SETIABUDI/VANDA II LK IX, TANJUNG SELAMAT","prelist","MEDAN TUNTUNGAN","TANJUNG SELAMAT","LINGKUNGAN 9","","","G. Perdagangan Besar dan Eceran, Reparasi Mobil dan Sepeda Motor","SBR"],
    ["78833","BOURAQ INDO WISATA","JL JAMIN GINTING KOMP.ROYAL PLATINUM","prelist","MEDAN TUNTUNGAN","MANGGA","LINGKUNGAN 1","","","N. Jasa Persewaan, Ketenagakerjaan, Agen Perjalanan, dan Jasa Pendukung","SBR"],
    ["78854","AYNA TRIMITRA SEJAHTERA","JL SEROJA","prelist","MEDAN TUNTUNGAN","KEMENANGAN TANI","LINGKUNGAN 4","","","G. Perdagangan Besar dan Eceran, Reparasi Mobil dan Sepeda Motor","SBR"],
    ["78899","HAZINDO","JL FLAMBOYAN I/3 NO 9, TANJUNG SELAMAT","prelist","MEDAN TUNTUNGAN","TANJUNG SELAMAT","LINGKUNGAN 6","","","G. Perdagangan Besar dan Eceran, Reparasi Mobil dan Sepeda Motor","SBR"],
    ["79007","SADEL CONSULTANT","JL.NILAM RAYA NO.155 P.SIMALINGKAR RT. 0 RW. 0","prelist","MEDAN TUNTUNGAN","MANGGA","LINGKUNGAN 23","","","M. Jasa Profesional, Ilmiah, dan Teknis","SBR"],
    ["79092","YARROS JAYA","JL SAGU 3 PERUMNAS SIMALINGKAR LK XXI","prelist","MEDAN TUNTUNGAN","MANGGA","LINGKUNGAN 21","","","G. Perdagangan Besar dan Eceran, Reparasi Mobil dan Sepeda Motor","SBR"],
    ["79175","SADA NIOGA KONSULTAN","JALAN JAMIN GINTING KM. 12 NO 12 A","prelist","MEDAN TUNTUNGAN","LAU CIH","LINGKUNGAN 2","","","M. Jasa Profesional, Ilmiah, dan Teknis","SBR"],
    ["79177","AKADEMI MANAJEMEN IMFORMATIKA DAN KOMPUTER UNIVERSAL","JL SETIA BUDI NO 20 A-D","prelist","MEDAN TUNTUNGAN","SIMPANG SELAYANG","LINGKUNGAN 9","","","P. Pendidikan","SBR"],
    ["79212","LENTERA NUSA","JL. JAMIN GINTING SUDUT GANG KELURAHAN NO. 112","prelist","MEDAN TUNTUNGAN","SIMPANG SELAYANG","LINGKUNGAN 2","","","P. Pendidikan","SBR"],
    ["79243","WAHYUDI KARYA MANDIRI","JALAN FLAMBOYAN RAYA GRIYA NUSA TIGA","prelist","MEDAN TUNTUNGAN","TANJUNG SELAMAT","LINGKUNGAN 3","","","G. Perdagangan Besar dan Eceran, Reparasi Mobil dan Sepeda Motor","SBR"],
    ["79254","MEDAN MEMBACA","JL BUNGA PARIAMA PERUMAHAN PURI ADAM MALIK","prelist","MEDAN TUNTUNGAN","LADANG BAMBU","LINGKUNGAN 4","","","S. Aktivitas Jasa Lainnya","SBR"],
    ["79263","FAEYZA BERKAH INTERNASIONAL","KOMPLEK VILLA SETIA BUDI FLAMBOYAN BLOK T NO.2","prelist","MEDAN TUNTUNGAN","TANJUNG SELAMAT","LINGKUNGAN 9","","","A. Pertanian, Kehutanan, dan Perikanan","SBR"],
    ["79306","SAHATA BUANA JAYA","JL KAPAS 7 PERUMNAS SIMALINGKAR","prelist","MEDAN TUNTUNGAN","MANGGA","LINGKUNGAN 18","","","G. Perdagangan Besar dan Eceran, Reparasi Mobil dan Sepeda Motor","SBR"],
    ["79356","MEDELIN SINAR GEMILANG","JL VANILI I PERUMNAS","prelist","MEDAN TUNTUNGAN","MANGGA","LINGKUNGAN 17","","","J. Informasi dan Komunikasi","SBR"],
    ["79388","LESTARI CEMERLANG JAYA","JL TEMBAKAU RAYA LK XV PERUMNAS SIMALINGKAR","prelist","MEDAN TUNTUNGAN","MANGGA","LINGKUNGAN 15","","","G. Perdagangan Besar dan Eceran, Reparasi Mobil dan Sepeda Motor","SBR"],
    ["79410","SDIT AL HIJRAH","JL.STELLA TENGAH KOMP.KEJAKSAAN, SIMPANG SELAYANG","prelist","MEDAN TUNTUNGAN","SIMPANG SELAYANG","LINGKUNGAN 13","","","P. Pendidikan","SBR"],
    ["79483","WISANGGENI MITRA SEJAHTERA","JL JAMIN GINTING GG PRIBADI","prelist","MEDAN TUNTUNGAN","SIMPANG SELAYANG","LINGKUNGAN 2","","","G. Perdagangan Besar dan Eceran, Reparasi Mobil dan Sepeda Motor","SBR"],
    ["79533","ANUGERAH TOTAL PRIMA","JL FLAMBOYAN RAYA KOMPLEK FLAMBOYAN REGENSI","prelist","MEDAN TUNTUNGAN","TANJUNG SELAMAT","LINGKUNGAN 3","","","L. Real Estat","SBR"],
    ["79536","KARYAWAN PERKEBUNAN KANTOR MEDAN","JL JAMIN GINTING KM 13 NO 45, LAU CIH","prelist","MEDAN TUNTUNGAN","LAU CIH","LINGKUNGAN 2","","","G. Perdagangan Besar dan Eceran, Reparasi Mobil dan Sepeda Motor","SBR"],
    ["79552","ANAK GEMBIRA (KINDERFREUDE)","JL. KAPAS XIV NO. 31 PERUMNAS, MANGGA","prelist","MEDAN TUNTUNGAN","MANGGA","LINGKUNGAN 18","","","S. Aktivitas Jasa Lainnya","SBR"],
    ["79611","PENDIDIKAN NASIONAL MULIA PRATAMA","JL JAHE RAYA","prelist","MEDAN TUNTUNGAN","MANGGA","LINGKUNGAN 13","","","P. Pendidikan","SBR"],
    ["79621","KARYA PINUS RAYA","JL. PINUS RAYA LK. XIII PERUMNAS SIMALINGKAR","prelist","MEDAN TUNTUNGAN","MANGGA","LINGKUNGAN 13","","","L. Real Estat","SBR"],
    ["79654","ZISIRA KESUMA LESTARI REZEKI","FLAMBOYAN REGENCY JL. FLAMBOYAN RAYA NO. 42","prelist","MEDAN TUNTUNGAN","TANJUNG SELAMAT","LINGKUNGAN 8","","","H. Transportasi dan Pergudangan","SBR"],
    ["79683","SURYA GUNDALING","JL.SETIA BUDI NO.186, TANJUNG REJO","prelist","MEDAN TUNTUNGAN","SIMPANG SELAYANG","LINGKUNGAN 9","","","F. Konstruksi","SBR"],
    ["79729","PEGAWAI NEGERI ( KPN )RSUP KELAS - A MEDAN","JL.BUNGA LAU NO.17, KEMENANGAN TANI","prelist","MEDAN TUNTUNGAN","KEMENANGAN TANI","LINGKUNGAN 3","","","S. Aktivitas Jasa Lainnya","SBR"],
    ["79782","ALFINDO PRATAMA","JL SERIMPI VI","prelist","MEDAN TUNTUNGAN","NAMO GAJAH","LINGKUNGAN 1","","","G. Perdagangan Besar dan Eceran, Reparasi Mobil dan Sepeda Motor","SBR"],
    ["79803","ARYASATYA KAYANA UTAMA","JL FLAMBOYAN RAYA","prelist","MEDAN TUNTUNGAN","TANJUNG SELAMAT","LINGKUNGAN 4","","","F. Konstruksi","SBR"],
    ["79828","MEDIA TRANS NUSANTARA INTERNET","JL FLAMBOYAN RAYA","prelist","MEDAN TUNTUNGAN","TANJUNG SELAMAT","LINGKUNGAN 4","","","J. Informasi dan Komunikasi","SBR"],
    ["79843","MANDIRI RIDHO KONSTRUKSI","JL DAHLIA III LK VIII","prelist","MEDAN TUNTUNGAN","SIMPANG SELAYANG","LINGKUNGAN 8","","","F. Konstruksi","SBR"],
    ["79864","SURYA BINTANG BARAT","JL. FLAMBOYAN RAYA NO. 116","prelist","MEDAN TUNTUNGAN","TANJUNG SELAMAT","LINGKUNGAN 3","","","G. Perdagangan Besar dan Eceran, Reparasi Mobil dan Sepeda Motor","SBR"],
    ["79867","CDRM & CDS UNIVERSITAS HKBP NOMENSEN","JL.BUNGA RAMPAI V PORLAK NOMENSEN, SIMALINGKAR B","prelist","MEDAN TUNTUNGAN","SIMALINGKAR B","LINGKUNGAN 3","","","S. Aktivitas Jasa Lainnya","SBR"],
    ["79872","PIOONER PERKASA MANDIRI","JL COKLAT XI LINGKUNGAN XXIV","prelist","MEDAN TUNTUNGAN","MANGGA","LINGKUNGAN 24","","","G. Perdagangan Besar dan Eceran, Reparasi Mobil dan Sepeda Motor","SBR"],
    ["79892","SIGMA SIX","JL.BUNGA STELLA I/74 LK.XIV RT.0 RW.0, SIMPANG SELAYANG","prelist","MEDAN TUNTUNGAN","SIMPANG SELAYANG","LINGKUNGAN 14","","","G. Perdagangan Besar dan Eceran, Reparasi Mobil dan Sepeda Motor","SBR"],
    ["79972","INDAH KARYA BERSAMA","JL TEMBAKAU RAYA","prelist","MEDAN TUNTUNGAN","MANGGA","LINGKUNGAN 22","","","G. Perdagangan Besar dan Eceran, Reparasi Mobil dan Sepeda Motor","SBR"],
    ["79975","MAJU BERKAT ANUGRAH","JL KOMP BEKALA ASRI","prelist","MEDAN TUNTUNGAN","MANGGA","LINGKUNGAN 3","","","L. Real Estat","SBR"],
    ["79993","PONDOK PEMURIDAN TERPADU","BUNGA RAMPAI III LK. II GG LAU GERPANG","prelist","MEDAN TUNTUNGAN","SIMALINGKAR B","LINGKUNGAN 5","","","S. Aktivitas Jasa Lainnya","SBR"],
    ["80006","NUBOGA","KOMP WAIKIKI JL FLAMBOYAN RAYA","prelist","MEDAN TUNTUNGAN","TANJUNG SELAMAT","LINGKUNGAN 9","","","G. Perdagangan Besar dan Eceran, Reparasi Mobil dan Sepeda Motor","SBR"],
    ["80295","ALKINDO JAYA LESTARI","JL. IRIGASI 2","prelist","MEDAN TUNTUNGAN","MANGGA","LINGKUNGAN 2","","","F. Konstruksi","SBR"],
    ["80323","SUTAN NUSLA","JL FLAMBOYAN RAYA LINGK III, TANJUNG SELAMAT","prelist","MEDAN TUNTUNGAN","TANJUNG SELAMAT","LINGKUNGAN 4","","","G. Perdagangan Besar dan Eceran, Reparasi Mobil dan Sepeda Motor","SBR"],
    ["80386","MEGA BANGUN INDONESIA","JALAN KASMALA NOMOR 145","prelist","MEDAN TUNTUNGAN","SIMPANG SELAYANG","LINGKUNGAN 16","","","L. Real Estat","SBR"],
    ["80437","PEG.TELKOM DIV.PELATIHAN MEDAN","JL JAMIN GINTING KM 11,1","prelist","MEDAN TUNTUNGAN","SIMPANG SELAYANG","LINGKUNGAN 3","","","K. Aktivitas Keuangan Dan Asuransi","SBR"],
    ["80477","AL FAWWAZ","BUNGA RINTE PERUMAHAN PURI ZAHARA I","prelist","MEDAN TUNTUNGAN","TANJUNG SELAMAT","LINGKUNGAN 8","","","G. Perdagangan Besar dan Eceran, Reparasi Mobil dan Sepeda Motor","SBR"],
    ["80490","SIGI PROPERTI JAYA","JALAN FLAMBOYAN RAYA","prelist","MEDAN TUNTUNGAN","TANJUNG SELAMAT","LINGKUNGAN 4","","","L. Real Estat","SBR"],
    ["80703","ANUGERAH RASTAMA PERKASA","JL JEND JAMIN GINTING PERUM ROYAL GARDENIA","prelist","MEDAN TUNTUNGAN","SIMPANG SELAYANG","LINGKUNGAN 5","","","G. Perdagangan Besar dan Eceran, Reparasi Mobil dan Sepeda Motor","SBR"],
    ["80736","ROMEBY KASIH ABADI","JL FLAMBOYAN RAYA RUKO FLAMBOYAN REGENCY","prelist","MEDAN TUNTUNGAN","TANJUNG SELAMAT","LINGKUNGAN 3","","","L. Real Estat","SBR"],
    ["80804","TIGA PUTRA MANDIRI","JL. BUNGA SAKURA KOMP. TAMAN SAKURA INDAH BLOK C","prelist","MEDAN TUNTUNGAN","TANJUNG SELAMAT","LINGKUNGAN 1","","","L. Real Estat","SBR"],
    ["80958","HARI KURNIA","JL.TEH 6 NO.19 RT.0 RW.0, MANGGA","prelist","MEDAN TUNTUNGAN","MANGGA","LINGKUNGAN 11","","","S. Aktivitas Jasa Lainnya","SBR"],
    ["80990","AIRA BARU","JL CENGKEH","prelist","MEDAN TUNTUNGAN","MANGGA","LINGKUNGAN 11","","","G. Perdagangan Besar dan Eceran, Reparasi Mobil dan Sepeda Motor","SBR"],
    ["81000","PEGASUS UTAMA PERKASA","KOMPLEK POLRI JL CENDRAWASIH","prelist","MEDAN TUNTUNGAN","TANJUNG SELAMAT","LINGKUNGAN 4","","","F. Konstruksi","SBR"],
    ["81127","BINA KARYA PROPERTY","JL FLAMBOYAN RAYA KOMPLEK FLAMBOYAN REGENCY","prelist","MEDAN TUNTUNGAN","TANJUNG SELAMAT","LINGKUNGAN 3","","","L. Real Estat","SBR"],
    ["81137","NASTI TERA MAXINDO","JL BUNGA TURI 1 KOMPEK TURI MANSION","prelist","MEDAN TUNTUNGAN","SIDOMULYO","LINGKUNGAN 1","","","G. Perdagangan Besar dan Eceran, Reparasi Mobil dan Sepeda Motor","SBR"],
    ["81187","PADUMA","JL BUNGA PARIAMA II LK. V","prelist","MEDAN TUNTUNGAN","LADANG BAMBU","LINGKUNGAN 4","","","F. Konstruksi","SBR"],
    ["81298","CAHAYA BARU INDONESIA","JL. BUNGA RINTE GG MAWAR LK I","prelist","MEDAN TUNTUNGAN","SIMPANG SELAYANG","LINGKUNGAN 13","","","G. Perdagangan Besar dan Eceran, Reparasi Mobil dan Sepeda Motor","SBR"],
    ["81395","TROPICAL AGRO UTAMA","JL. KOMPLEK VILLA SETIA BUDI FLAMBOYAN","prelist","MEDAN TUNTUNGAN","TANJUNG SELAMAT","LINGKUNGAN 9","","","H. Transportasi dan Pergudangan","SBR"],
    ["81537","DOM PUTRA MANDIRI","JL CENGKEH 13 P SIMALINGKAR","prelist","MEDAN TUNTUNGAN","MANGGA","LINGKUNGAN 12","","","N. Jasa Persewaan, Ketenagakerjaan, Agen Perjalanan, dan Jasa Pendukung","SBR"],
    ["81572","MELIAS SUKATENDEL JAYA","JL SEROJA RAYA","prelist","MEDAN TUNTUNGAN","TANJUNG SELAMAT","LINGKUNGAN 7","","","H. Transportasi dan Pergudangan","SBR"],
    ["81592","ERIKO PERMANA BERSAMA","JL JAMIN GINTING VILLA ZEQITA RESIDENCE LK I","prelist","MEDAN TUNTUNGAN","LAU CIH","LINGKUNGAN 1","","","L. Real Estat","SBR"],
    ["81685","SENTRA NIAGA MANDIRI","JL BUNGA NCOLE XXII LK V","prelist","MEDAN TUNTUNGAN","KEMENANGAN TANI","LINGKUNGAN 5","","","F. Konstruksi","SBR"],
    ["81706","KASIH URAPAN BARU INDONESIA","BUNGA RINTE RUKO SPRING VILLE","prelist","MEDAN TUNTUNGAN","SIMPANG SELAYANG","LINGKUNGAN 11","","","S. Aktivitas Jasa Lainnya","SBR"],
    ["81741","MOMENTS MO 15","JALAN VANILI RAYA PERUMNAS SIMALINGKAR","prelist","MEDAN TUNTUNGAN","MANGGA","LINGKUNGAN 17","","","C. Industri Pengolahan","SBR"],
    ["81742","WORSHIP CAHAYA BERSINAR","JL JAMIN GINTING","prelist","MEDAN TUNTUNGAN","SIMPANG SELAYANG","LINGKUNGAN 5","","","F. Konstruksi","SBR"],
    ["81749","ROMEBY ABADI BERSAMA","JL FLAMBOYAN RAYA KOMPLEK RUKO FLAMBOYAN REGENCY","prelist","MEDAN TUNTUNGAN","TANJUNG SELAMAT","LINGKUNGAN 3","","","L. Real Estat","SBR"],
    ["81893","BAYU UTAMA JAYA","JL. IRIGASI NO.137 LINGKUNGAN IV","prelist","MEDAN TUNTUNGAN","KEMENANGAN TANI","LINGKUNGAN 2","","","G. Perdagangan Besar dan Eceran, Reparasi Mobil dan Sepeda Motor","SBR"],
    ["81950","TRI JAYA","FLAMBOYAN RAYA GG FLAMBOYAN VII","prelist","MEDAN TUNTUNGAN","TANJUNG SELAMAT","LINGKUNGAN 7","","","Q. Jasa Kesehatan dan Kegiatan Sosial","SBR"],
    ["81963","MARYANTA PEHULISHA","JL SETIABUDI LINGKUNGAN XVI","prelist","MEDAN TUNTUNGAN","SIMPANG SELAYANG","LINGKUNGAN 16","","","Q. Jasa Kesehatan dan Kegiatan Sosial","SBR"],
    ["82002","SEJAHTERA PRATAMA","JL JAMIN GINTING","prelist","MEDAN TUNTUNGAN","SIMPANG SELAYANG","LINGKUNGAN 2","","","F. Konstruksi","SBR"],
    ["82044","LEMBAGA RISET DAN PENGEMBANGAN SUMATERA UTARA (LRPSU)","KOMPLEK SETIA BUDI PARADISE JL BUNGA RINTE","prelist","MEDAN TUNTUNGAN","SIMPANG SELAYANG","LINGKUNGAN 1","","","S. Aktivitas Jasa Lainnya","SBR"],
    ["82178","YAYASAN CITRA CITA MILENIAL","JL. PINUS RAYA 2","prelist","MEDAN TUNTUNGAN","MANGGA","LINGKUNGAN 13","","","P. Pendidikan","SBR"],
    ["82224","SIMPAN PINJAM PRIMA JAYA MANDIRI","JALAN JAHE RAYA NO. 24-A PERUMNAS SIMALINGKAR","prelist","MEDAN TUNTUNGAN","MANGGA","LINGKUNGAN 14","","","K. Aktivitas Keuangan Dan Asuransi","SBR"],
    ["82237","PATAYA FOOD INDUSTRIES LTD","JALAN PETUMA PERUM GRIYA KENCANA BLOK E 29","prelist","MEDAN TUNTUNGAN","NAMO GAJAH","LINGKUNGAN 3","","","I. Penyediaan Akomodasi dan Makan Minum","SBR"],
    ["82272","BIO INDONESIA BAROKAH SEJAHTERA","JALAN FLAMBOYAN RAYA NOMOR 18","prelist","MEDAN TUNTUNGAN","TANJUNG SELAMAT","LINGKUNGAN 6","","","G. Perdagangan Besar dan Eceran, Reparasi Mobil dan Sepeda Motor","SBR"],
    ["82439","LIOGLAD LEX BERSAUDARA","PERUM BEKALA ASRI BLOK W NOMOR 10","prelist","MEDAN TUNTUNGAN","MANGGA","LINGKUNGAN 3","","","G. Perdagangan Besar dan Eceran, Reparasi Mobil dan Sepeda Motor","SBR"],
    ["82502","SIMPAN PINJAM SMA NEGERI 17 MEDAN","JL LETJEN JAMIN GINTING KM 13","prelist","MEDAN TUNTUNGAN","LAU CIH","LINGKUNGAN 2","","","K. Aktivitas Keuangan Dan Asuransi","SBR"],
    ["82515","SENTRA MEDAN JAYA","JL BUNGA SAKURA","prelist","MEDAN TUNTUNGAN","TANJUNG SELAMAT","LINGKUNGAN 2","","","G. Perdagangan Besar dan Eceran, Reparasi Mobil dan Sepeda Motor","SBR"],
    ["82559","PERKUMPULAN CENTER OF INTERNATIONAL ISLAMIC CIVILIZATION (C.I.I.C)","JL. BUNGA PARIAMA LK. 5","prelist","MEDAN TUNTUNGAN","LADANG BAMBU","LINGKUNGAN 4","","","N. Jasa Persewaan, Ketenagakerjaan, Agen Perjalanan, dan Jasa Pendukung","SBR"],
    ["82737","DWI BERKAH BANGUN SISTEM INDONESIA","JL BOUGENVILLE","prelist","MEDAN TUNTUNGAN","SIMPANG SELAYANG","LINGKUNGAN 16","","","G. Perdagangan Besar dan Eceran, Reparasi Mobil dan Sepeda Motor","SBR"],
    ["82826","CATRA ABADI","JL. BUNGA NCOLE LK. V","prelist","MEDAN TUNTUNGAN","KEMENANGAN TANI","LINGKUNGAN 5","","","G. Perdagangan Besar dan Eceran, Reparasi Mobil dan Sepeda Motor","SBR"],
    ["82836","PUTRI BERSINARI TUNGGAL","JL. BUNGA RINTE KOMPLEK SETIA BUDI PARADISE NO. D-9","prelist","MEDAN TUNTUNGAN","SIMPANG SELAYANG","LINGKUNGAN 11","","","N. Jasa Persewaan, Ketenagakerjaan, Agen Perjalanan, dan Jasa Pendukung","SBR"],
    ["82937","PELANGI SETIA NUSANTARA","JL.TEMBAKAU 16 NO.22, MANGGA","prelist","MEDAN TUNTUNGAN","MANGGA","LINGKUNGAN 22","","","S. Aktivitas Jasa Lainnya","SBR"],
    ["82943","SIMPAN PINJAM JAYA TOGA SINAGA","JL TEMBAKAU RAYA","prelist","MEDAN TUNTUNGAN","MANGGA","LINGKUNGAN 22","","","K. Aktivitas Keuangan Dan Asuransi","SBR"],
    ["82959","CU HARMONI","JL. KOPRA RAYA","prelist","MEDAN TUNTUNGAN","MANGGA","LINGKUNGAN 19","","","K. Aktivitas Keuangan Dan Asuransi","SBR"],
    ["82971","PROFIT","JL RINTE RAYA LK XIII","prelist","MEDAN TUNTUNGAN","SIMPANG SELAYANG","LINGKUNGAN 13","","","G. Perdagangan Besar dan Eceran, Reparasi Mobil dan Sepeda Motor","SBR"],
    ["82984","SD SWASTA ISLAM TERPADU SITI HAJAR","JL JAMIN GINTING KM 11","prelist","MEDAN TUNTUNGAN","SIMPANG SELAYANG","LINGKUNGAN 3","","","P. Pendidikan","SBR"],
    ["83026","ILSA TIMOTHY","PERUMAHAN GRIYA ASAM KUMBANG JL. BUNGA RAYA","prelist","MEDAN TUNTUNGAN","TANJUNG SELAMAT","LINGKUNGAN 1","","","S. Aktivitas Jasa Lainnya","SBR"],
    ["83039","WIRA ADHI PERKASA","JL IRIGASI","prelist","MEDAN TUNTUNGAN","MANGGA","LINGKUNGAN 5","","","F. Konstruksi","SBR"],
    ["83046","JAKARTA TUDUTOLE DATNA","JL. BUNGA RINTE GUDANG 78","prelist","MEDAN TUNTUNGAN","TANJUNG SELAMAT","LINGKUNGAN 9","","","G. Perdagangan Besar dan Eceran, Reparasi Mobil dan Sepeda Motor","SBR"],
    ["83064","DAYA CIPTA KREATIF","JL TANJUNG PERMATA LK XII","prelist","MEDAN TUNTUNGAN","SIMPANG SELAYANG","LINGKUNGAN 12","","","G. Perdagangan Besar dan Eceran, Reparasi Mobil dan Sepeda Motor","SBR"],
    ["83099","BERDIKARI MANDIRI INDONESIA","JL.PALES VII","prelist","MEDAN TUNTUNGAN","SIMPANG SELAYANG","LINGKUNGAN 15","","","G. Perdagangan Besar dan Eceran, Reparasi Mobil dan Sepeda Motor","SBR"],
    ["83257","COSMO INTEGRITAS","JL.FLAMBOYAN RAYA KOMP. GRIYA NUSA III BLOK A3 RT.00 RW.00, TANJUNG SELAMAT","prelist","MEDAN TUNTUNGAN","TANJUNG SELAMAT","LINGKUNGAN 4","","","M. Jasa Profesional, Ilmiah, dan Teknis","SBR"],
    ["83267","KARYA NATRA KONSTRUKSI","KOMPLEK SETIA BUDI MAKMUR I A 01 LK XVI","prelist","MEDAN TUNTUNGAN","SIMPANG SELAYANG","LINGKUNGAN 16","","","G. Perdagangan Besar dan Eceran, Reparasi Mobil dan Sepeda Motor","SBR"],
    ["83275","KKSP-PUSAT PENDIDIKAN DAN INFORMASI HAK ANAK","JL.STELLA III NO.88, SIMPANG SELAYANG","prelist","MEDAN TUNTUNGAN","SIMPANG SELAYANG","LINGKUNGAN 13","","","P. Pendidikan","SBR"],
    ["83314","ANUGRAH PERSADA","JL BUNGA RINTE GANG MAWAR VII LK XVII","prelist","MEDAN TUNTUNGAN","SIMPANG SELAYANG","LINGKUNGAN 13","","","G. Perdagangan Besar dan Eceran, Reparasi Mobil dan Sepeda Motor","SBR"],
    ["83336","HATI SARO MANDIRI","KOMPLEK STELLA RESIDENCE JL STELLA RAYA","prelist","MEDAN TUNTUNGAN","SIMPANG SELAYANG","LINGKUNGAN 13","","","G. Perdagangan Besar dan Eceran, Reparasi Mobil dan Sepeda Motor","SBR"],
    ["83394","GEMILANG SUKSES","JL LETJEN JAMIN GINTING","prelist","MEDAN TUNTUNGAN","KEMENANGAN TANI","LINGKUNGAN 1","","","G. Perdagangan Besar dan Eceran, Reparasi Mobil dan Sepeda Motor","SBR"],
    ["83395","JAYA MEMBANGUN BERSAMA","JL FLAMBOYAN RAYA DESTINY RESIDENCE","prelist","MEDAN TUNTUNGAN","TANJUNG SELAMAT","LINGKUNGAN 8","","","G. Perdagangan Besar dan Eceran, Reparasi Mobil dan Sepeda Motor","SBR"],
    ["83431","BONANZA CIPTA KARYA","JL. FLAMBOYAN KOMPLEK WAIKIKI F-40","prelist","MEDAN TUNTUNGAN","TANJUNG SELAMAT","LINGKUNGAN 9","","","F. Konstruksi","SBR"],
    ["83480","REVINTA METANOIA SEJAHTERA","JL JAMIN GINTING KOMPLEK BISNIS POINT PASAR VI","prelist","MEDAN TUNTUNGAN","SIMPANG SELAYANG","LINGKUNGAN 2","","","G. Perdagangan Besar dan Eceran, Reparasi Mobil dan Sepeda Motor","SBR"],
    ["83497","ARMADA PUTRA","JL LETJEN JAMIN GINTING","prelist","MEDAN TUNTUNGAN","KEMENANGAN TANI","LINGKUNGAN 1","","","F. Konstruksi","SBR"],
    ["83503","KAWAI BAKTI CEMERLANG","JL. FLAMBOYAN RAYA GG. JAMBU KOMPLEK DE FLAMBOYAN PRIMA","prelist","MEDAN TUNTUNGAN","TANJUNG SELAMAT","LINGKUNGAN 4","","","G. Perdagangan Besar dan Eceran, Reparasi Mobil dan Sepeda Motor","SBR"],
    ["83509","PUNDI NUSANTARA JAYA","JL SEROJA RAYA PERUMAHAN PESANGGRAHAN","prelist","MEDAN TUNTUNGAN","TANJUNG SELAMAT","LINGKUNGAN 7","","","K. Aktivitas Keuangan Dan Asuransi","SBR"],
    ["83584","CAHAYA SURYA GEMILANG","JALAN BUNGA TEROMPET PERUMAHAN SEJAHTERA INDAH 2","prelist","MEDAN TUNTUNGAN","SIMPANG SELAYANG","LINGKUNGAN 7","","","K. Aktivitas Keuangan Dan Asuransi","SBR"],
    ["83614","JNT ENGINEERING MANDIRI","JL. SEROJA RAYA PERUMAHAN ROYAL GALAXY RESIDENT BLOK B.16","prelist","MEDAN TUNTUNGAN","TANJUNG SELAMAT","LINGKUNGAN 9","","","G. Perdagangan Besar dan Eceran, Reparasi Mobil dan Sepeda Motor","SBR"],
    ["83666","TIGA BERKENAN JAYA","JL BUNGA NCOLE LK II","prelist","MEDAN TUNTUNGAN","KEMENANGAN TANI","LINGKUNGAN 5","","","G. Perdagangan Besar dan Eceran, Reparasi Mobil dan Sepeda Motor","SBR"],
    ["83667","HARAMAS, CV","JL. BUNGA RAMPAI 3 NO. 77","prelist","MEDAN TUNTUNGAN","SIMALINGKAR B","LINGKUNGAN 3","","","H. Transportasi dan Pergudangan","SBR"],
    ["83714","CITRA BESTARI","JL RINTE VI LK XIII","prelist","MEDAN TUNTUNGAN","SIMPANG SELAYANG","LINGKUNGAN 13","","","G. Perdagangan Besar dan Eceran, Reparasi Mobil dan Sepeda Motor","SBR"],
    ["84020","PEGAWAI NEGERI BINA JIWARSJ.(KPN BINA JIWA ) MEDAN","JL.LETJEN JAMIN GINTING KM.10 , LADANG BAMBU","prelist","MEDAN TUNTUNGAN","SIMPANG SELAYANG","LINGKUNGAN 5","","","K. Aktivitas Keuangan Dan Asuransi","SBR"],
    ["84036","RAZKA UTAMA MANDIRI","JL CENGKEH 5 LK XII PERUMNAS SIMALINGKAR","prelist","MEDAN TUNTUNGAN","MANGGA","LINGKUNGAN 11","","","G. Perdagangan Besar dan Eceran, Reparasi Mobil dan Sepeda Motor","SBR"],
    ["84064","GARIS INDAH","JL.PINUS 3 NO.29 P.SIMALINGKAR, MANGGA","prelist","MEDAN TUNTUNGAN","MANGGA","LINGKUNGAN 13","","","G. Perdagangan Besar dan Eceran, Reparasi Mobil dan Sepeda Motor","SBR"],
    ["84160","SUCCES GODANG JAYA","JL. TEMBAKAU RAYA LK. XV","prelist","MEDAN TUNTUNGAN","MANGGA","LINGKUNGAN 15","","","G. Perdagangan Besar dan Eceran, Reparasi Mobil dan Sepeda Motor","SBR"],
    ["84183","ERA PEMBANGUNAN","JL.BOUGENVILE NO.6 LK.X KOMP.KEJAKSAAN","prelist","MEDAN TUNTUNGAN","SIMPANG SELAYANG","LINGKUNGAN 13","","","F. Konstruksi","SBR"],
    ["84329","PAUD PUTRI KARTINI","JL BUNGA PARIAMA 1","prelist","MEDAN TUNTUNGAN","LADANG BAMBU","LINGKUNGAN 4","","","A. Pertanian, Kehutanan, dan Perikanan","SBR"],
    ["84361","ONCODING","JL. BUNGA STELLA RAYA KOMP. STELLA RESIDENCE","prelist","MEDAN TUNTUNGAN","SIMPANG SELAYANG","LINGKUNGAN 13","","","J. Informasi dan Komunikasi","SBR"],
    ["84368","PAUD MUTIARA KIDS","JL. BUNGA STELLA RAYA KOMP. STELLA RESIDENCE","prelist","MEDAN TUNTUNGAN","SIMPANG SELAYANG","LINGKUNGAN 11","","","P. Pendidikan","SBR"],
    ["84373","ASTINA MAKMUR ABADI","JL. BUNGA RINTE PERUM PURI ZAHARA 2 BLOK Q NO. 26","prelist","MEDAN TUNTUNGAN","SIMPANG SELAYANG","LINGKUNGAN 11","","","M. Jasa Profesional, Ilmiah, dan Teknis","SBR"],
    ["84449","TK SWASTA ABA 29","RAMI 2 PERUMNAS SIMALINGKAR","prelist","MEDAN TUNTUNGAN","MANGGA","LINGKUNGAN 16","","","P. Pendidikan","SBR"],
    ["84453","USAHA BERSAMA","JL. SAKURA II","prelist","MEDAN TUNTUNGAN","TANJUNG SELAMAT","LINGKUNGAN 4","","","G. Perdagangan Besar dan Eceran, Reparasi Mobil dan Sepeda Motor","SBR"],
    ["84503","BANGAR JAYA TRANS","JL. SETIA BUDI UJUNG","prelist","MEDAN TUNTUNGAN","SIMPANG SELAYANG","LINGKUNGAN 2","","","G. Perdagangan Besar dan Eceran, Reparasi Mobil dan Sepeda Motor","SBR"],
    ["84515","VIN JATMIKA ABADI","JL TANJUNG PERMATA","prelist","MEDAN TUNTUNGAN","SIMPANG SELAYANG","LINGKUNGAN 12","","","G. Perdagangan Besar dan Eceran, Reparasi Mobil dan Sepeda Motor","SBR"],
    ["84537","AMBERSIDE CAPITAL LTD","JL PETUMA PERUM GRIYA KENCANA","prelist","MEDAN TUNTUNGAN","NAMO GAJAH","LINGKUNGAN 3","","","G. Perdagangan Besar dan Eceran, Reparasi Mobil dan Sepeda Motor","SBR"],
    ["84757","ANTS INDONESIA","JL. TEH RAYA NO. 25, MANGGA","prelist","MEDAN TUNTUNGAN","MANGGA","LINGKUNGAN 8","","","H. Transportasi dan Pergudangan","SBR"],
    ["84839","JAYA CATUR PRIMA","JL. JAMIN GINTING GG MESJID","prelist","MEDAN TUNTUNGAN","SIMPANG SELAYANG","LINGKUNGAN 1","","","G. Perdagangan Besar dan Eceran, Reparasi Mobil dan Sepeda Motor","SBR"],
    ["84848","SAHABAT AGAVE INDONESIA","JL FLAMBOYAN X","prelist","MEDAN TUNTUNGAN","TANJUNG SELAMAT","LINGKUNGAN 3","","","P. Pendidikan","SBR"],
    ["84974","ALTIGA PUTRA","JL LIZADRI PUTRA KOMPLEK PERUMAHAN SETIA BUDI VISTA","prelist","MEDAN TUNTUNGAN","SIMPANG SELAYANG","LINGKUNGAN 10","","","F. Konstruksi","SBR"],
    ["85087","ACEH COFFEE INDONESIA","KOMPLEK ROYAL SUMATERA KAVLING 206 JL JAMIN GINTING KM 9","prelist","MEDAN TUNTUNGAN","MANGGA","LINGKUNGAN 1","","","G. Perdagangan Besar dan Eceran, Reparasi Mobil dan Sepeda Motor","SBR"],
    ["85088","SEKAR POTEKKES KEMENKES MEDAN","JL. JAMIN GINTING KM 13.5","prelist","MEDAN TUNTUNGAN","LAU CIH","LINGKUNGAN 1","","","K. Aktivitas Keuangan Dan Asuransi","SBR"],
    ["85183","LEMON PON KALIUM EMPAT SEJAHTERA","JL. JAMIN GINTING GG. TURI III","prelist","MEDAN TUNTUNGAN","SIMPANG SELAYANG","LINGKUNGAN 2","","","G. Perdagangan Besar dan Eceran, Reparasi Mobil dan Sepeda Motor","SBR"],
    ["85250","DANISA SAHABAT SEJATI","JL SETIABUDI RUKO SETIABUDI CENTER LK XV","prelist","MEDAN TUNTUNGAN","MANGGA","LINGKUNGAN 15","","","G. Perdagangan Besar dan Eceran, Reparasi Mobil dan Sepeda Motor","SBR"],
    ["85357","SERBA USAHA PRIMA JAYA MANDIRI","JL JAHE RAYA P SIMALINGKAR","prelist","MEDAN TUNTUNGAN","MANGGA","LINGKUNGAN 17","","","K. Aktivitas Keuangan Dan Asuransi","SBR"],
    ["85394","GITA SWADAYA","JL BUNGA PANCUR IX GG MELATI, SIMPANG SELAYANG","prelist","MEDAN TUNTUNGAN","SIMPANG SELAYANG","LINGKUNGAN 4","","","F. Konstruksi","SBR"],
    ["85510","CITRA PERSADA NUSANTARA","JL VANILI RAYA","prelist","MEDAN TUNTUNGAN","MANGGA","LINGKUNGAN 17","","","F. Konstruksi","SBR"],
    ["85584","SUMATERA TELECOMMUNICATION NETWORKS","JL. KOPI RAYA 3 PERUMNAS","prelist","MEDAN TUNTUNGAN","MANGGA","LINGKUNGAN 6","","","F. Konstruksi","SBR"],
    ["85609","HARKAT MANDIRI","JL. KEMENYAN 3 NO. 14 PERUMNAS, MANGGA","prelist","MEDAN TUNTUNGAN","MANGGA","LINGKUNGAN 22","","","G. Perdagangan Besar dan Eceran, Reparasi Mobil dan Sepeda Motor","SBR"],
    ["85701","ARCHA STUDIO ARSITEKTUR","JL. NILAM II","prelist","MEDAN TUNTUNGAN","MANGGA","LINGKUNGAN 23","","","M. Jasa Profesional, Ilmiah, dan Teknis","SBR"],
    ["85704","CAKRAWALA","JL JAMIN GINTING LK I","prelist","MEDAN TUNTUNGAN","LAU CIH","LINGKUNGAN 1","","","G. Perdagangan Besar dan Eceran, Reparasi Mobil dan Sepeda Motor","SBR"],
    ["85749","FITRAH KENCANA MANDIRI","ASR EX LINUD BLOK E","prelist","MEDAN TUNTUNGAN","TANJUNG SELAMAT","LINGKUNGAN 1","","","G. Perdagangan Besar dan Eceran, Reparasi Mobil dan Sepeda Motor","SBR"],
    ["85857","SELAYANG","JL. SETIA BUDI","prelist","MEDAN TUNTUNGAN","SIMPANG SELAYANG","LINGKUNGAN 1","","","G. Perdagangan Besar dan Eceran, Reparasi Mobil dan Sepeda Motor","SBR"],
    ["85858","NAMIRA JAYA","JL. JAHE 3 NO. 15 PERUMNAS SIMALINGKAR","prelist","MEDAN TUNTUNGAN","MANGGA","LINGKUNGAN 14","","","G. Perdagangan Besar dan Eceran, Reparasi Mobil dan Sepeda Motor","SBR"],
    ["85871","JOSE KREATIF INDONESIA","JL. JAMIN GINTING KOMPLEK PERUM ALAM ASRI","prelist","MEDAN TUNTUNGAN","SIDOMULYO","LINGKUNGAN 2","","","G. Perdagangan Besar dan Eceran, Reparasi Mobil dan Sepeda Motor","SBR"],
    ["85908","BAGOES SANDANG KENCANA","KOMP TAMRISKA BLOK A","prelist","MEDAN TUNTUNGAN","TANJUNG SELAMAT","LINGKUNGAN 1","","","I. Penyediaan Akomodasi dan Makan Minum","SBR"],
    ["85913","ROYAL SINEMA BERJAYA","JL JAMIN GINTING KM 8,5KOMPLEK ROYAL SUMATERA","prelist","MEDAN TUNTUNGAN","MANGGA","LINGKUNGAN 2","","","J. Informasi dan Komunikasi","SBR"],
    ["86002","WAKAF INSAN IKHLAS","BUNGA PARIAMA BARU LADANG BAMBU","prelist","MEDAN TUNTUNGAN","LADANG BAMBU","LINGKUNGAN 4","","","S. Aktivitas Jasa Lainnya","SBR"],
    ["86004","ELFAZZA","JL PAYA BUNDUNG LK II","prelist","MEDAN TUNTUNGAN","SIMPANG SELAYANG","LINGKUNGAN 2","","","I. Penyediaan Akomodasi dan Makan Minum","SBR"],
    ["86070","INDOPERKASA","JL BAWANG RAYA","prelist","MEDAN TUNTUNGAN","MANGGA","LINGKUNGAN 13","","","G. Perdagangan Besar dan Eceran, Reparasi Mobil dan Sepeda Motor","SBR"],
    ["86264","DG SOLUTION","JL BUNGA RAMPAI VI","prelist","MEDAN TUNTUNGAN","SIMALINGKAR B","LINGKUNGAN 5","","","N. Jasa Persewaan, Ketenagakerjaan, Agen Perjalanan, dan Jasa Pendukung","SBR"],
    ["86278","GENTA BUANA PERSADA","JL IRIGASI LK II","prelist","MEDAN TUNTUNGAN","MANGGA","LINGKUNGAN 5","","","G. Perdagangan Besar dan Eceran, Reparasi Mobil dan Sepeda Motor","SBR"],
    ["86316","MITRA AZ-ZAHRA SARANA","JL. CENGKEH 13 LK. XII PERUMNAS SIMALINGKAR","prelist","MEDAN TUNTUNGAN","MANGGA","LINGKUNGAN 11","","","G. Perdagangan Besar dan Eceran, Reparasi Mobil dan Sepeda Motor","SBR"],
    ["86326","KRISTINA SINAR PURNAMA","KOMPLEK POLRI, JALAN CENDRAWASIH NOMOR 02","prelist","MEDAN TUNTUNGAN","TANJUNG SELAMAT","LINGKUNGAN 8","","","N. Jasa Persewaan, Ketenagakerjaan, Agen Perjalanan, dan Jasa Pendukung","SBR"],
    ["86332","WIRA ANDALAN","JL BUNGA RINTE XVII","prelist","MEDAN TUNTUNGAN","SIMPANG SELAYANG","LINGKUNGAN 13","","","G. Perdagangan Besar dan Eceran, Reparasi Mobil dan Sepeda Motor","SBR"],
    ["86336","IONNES PERMAI","JL. IRIGASI LK. IV","prelist","MEDAN TUNTUNGAN","KEMENANGAN TANI","LINGKUNGAN 4","","","C. Industri Pengolahan","SBR"],
    ["86381","KARYA PILAR NUSANTARA","JL. BUNGA PANCUR IX","prelist","MEDAN TUNTUNGAN","SIMPANG SELAYANG","LINGKUNGAN 4","","","G. Perdagangan Besar dan Eceran, Reparasi Mobil dan Sepeda Motor","SBR"],
    ["86414","LENTERA QOLBU","JALAN FLAMBOYAN RAYA","prelist","MEDAN TUNTUNGAN","TANJUNG SELAMAT","LINGKUNGAN 4","","","G. Perdagangan Besar dan Eceran, Reparasi Mobil dan Sepeda Motor","SBR"],
    ["86435","PENABUR DUTA RIANA CAHYADI (PURI)","JL. FLAMBOYAN IV","prelist","MEDAN TUNTUNGAN","TANJUNG SELAMAT","LINGKUNGAN 8","","","P. Pendidikan","SBR"],
    ["86436","PUTRA ARTHA JAYA","KOMPLEK WAIKIKI LK IX","prelist","MEDAN TUNTUNGAN","TANJUNG SELAMAT","LINGKUNGAN 9","","","G. Perdagangan Besar dan Eceran, Reparasi Mobil dan Sepeda Motor","SBR"],
    ["86553","ALVALINDO MANDIRI PERKASA","KOMPLEK WAIKIKI","prelist","MEDAN TUNTUNGAN","TANJUNG SELAMAT","LINGKUNGAN 9","","","N. Jasa Persewaan, Ketenagakerjaan, Agen Perjalanan, dan Jasa Pendukung","SBR"],
    ["86600","BINA HARAPAN KONSTRUKSI","JL BUNGA RAYA GRIYA ASAM KUMBANG","prelist","MEDAN TUNTUNGAN","TANJUNG SELAMAT","LINGKUNGAN 1","","","G. Perdagangan Besar dan Eceran, Reparasi Mobil dan Sepeda Motor","SBR"],
    ["86734","BAH TONANG","JL.VANILI RAYA NO.114 RT.0 RW.0, MANGGA","prelist","MEDAN TUNTUNGAN","MANGGA","LINGKUNGAN 21","","","G. Perdagangan Besar dan Eceran, Reparasi Mobil dan Sepeda Motor","SBR"],
    ["86798","TUJUH KASIH UNIVERSAL","JL BUNGA TEROMPET PERUMAHAN SEJAHTERA INDAH 2","prelist","MEDAN TUNTUNGAN","SIMPANG SELAYANG","LINGKUNGAN 7","","","P. Pendidikan","SBR"],
    ["86812","TEAM CORE CONSULTANT","JL CENGKEH 3 P SIMALINGKAR","prelist","MEDAN TUNTUNGAN","MANGGA","LINGKUNGAN 12","","","M. Jasa Profesional, Ilmiah, dan Teknis","SBR"],
    ["86816","PENDIDIKAN PALAPA MEDAN","JL BUNGA LAU","prelist","MEDAN TUNTUNGAN","KEMENANGAN TANI","LINGKUNGAN 3","","","P. Pendidikan","SBR"],
    ["86840","LUGANA JAYA","JL NYIUR 9 PERUMNAS SIMALINGKAR","prelist","MEDAN TUNTUNGAN","MANGGA","LINGKUNGAN 10","","","G. Perdagangan Besar dan Eceran, Reparasi Mobil dan Sepeda Motor","SBR"],
    ["86911","BAHTERA ZORE ENGINEERING","JL BUNGA RAFLESIA","prelist","MEDAN TUNTUNGAN","SIMPANG SELAYANG","LINGKUNGAN 2","","","G. Perdagangan Besar dan Eceran, Reparasi Mobil dan Sepeda Motor","SBR"],
    ["86972","GIZKA SINAR PERKASA","JL.KOMP. TSBI BLOK-GG NO.24, TANJUNG REJO","prelist","MEDAN TUNTUNGAN","SIMPANG SELAYANG","LINGKUNGAN 11","","","G. Perdagangan Besar dan Eceran, Reparasi Mobil dan Sepeda Motor","SBR"],
    ["86980","KERENHAPUKH","JL.BUNGA RINTE 22 NO.2 LK.XI, SIMPANG SELAYANG","prelist","MEDAN TUNTUNGAN","SIMPANG SELAYANG","LINGKUNGAN 11","","","G. Perdagangan Besar dan Eceran, Reparasi Mobil dan Sepeda Motor","SBR"],
    ["87000","IT COMPUTER STUDIO","JL STELLA I","prelist","MEDAN TUNTUNGAN","SIMPANG SELAYANG","LINGKUNGAN 14","","","J. Informasi dan Komunikasi","SBR"],
    ["87032","EXAUDI CONSULTANT","JL SEROJA RAYA KOMPLEK PURI MEDAN PERMAI","prelist","MEDAN TUNTUNGAN","TANJUNG SELAMAT","LINGKUNGAN 8","","","F. Konstruksi","SBR"],
    ["87270","MARIZA","JL.LETJEN JAMIN GINTING NO.55, MANGGA","prelist","MEDAN TUNTUNGAN","MANGGA","LINGKUNGAN 2","","","G. Perdagangan Besar dan Eceran, Reparasi Mobil dan Sepeda Motor","SBR"],
    ["87346","I COLORFUL LTD","JL PETUMA PERUM GRIYA KENCANA","prelist","MEDAN TUNTUNGAN","NAMO GAJAH","LINGKUNGAN 2","","","G. Perdagangan Besar dan Eceran, Reparasi Mobil dan Sepeda Motor","SBR"],
    ["87379","PACIFIC GENTENG","JL JAMIN GINTING NO. 76 LK I, KEMENANGAN TANI","prelist","MEDAN TUNTUNGAN","KEMENANGAN TANI","LINGKUNGAN 1","","","G. Perdagangan Besar dan Eceran, Reparasi Mobil dan Sepeda Motor","SBR"],
    ["87392","CITRA SANI JAYA","JL KAPT PURBA I PERUMAHAN BEKALA ASRI","prelist","MEDAN TUNTUNGAN","MANGGA","LINGKUNGAN 3","","","G. Perdagangan Besar dan Eceran, Reparasi Mobil dan Sepeda Motor","SBR"],
    ["87417","WIGA KARYA","JL. JAHE 14 P. SIMALINGKAR","prelist","MEDAN TUNTUNGAN","MANGGA","LINGKUNGAN 17","","","G. Perdagangan Besar dan Eceran, Reparasi Mobil dan Sepeda Motor","SBR"],
    ["87467","INTI PRATAMA","JL KAPAS RAYA NO. 68, MANGGA","prelist","MEDAN TUNTUNGAN","MANGGA","LINGKUNGAN 18","","","G. Perdagangan Besar dan Eceran, Reparasi Mobil dan Sepeda Motor","SBR"],
    ["87493","DITA PRIMA CIPTA","JL BUNGA TURI I, SIDOMULYO","prelist","MEDAN TUNTUNGAN","LAU CIH","LINGKUNGAN 3","","","G. Perdagangan Besar dan Eceran, Reparasi Mobil dan Sepeda Motor","SBR"],
    ["87553","BERKAH TUMBUH BERSAMA","JL.LIZADRI PUTRA KOMP.SETIABUDI VISTA BLOK F NO.9 RT. 0 RW. 0","prelist","MEDAN TUNTUNGAN","SIMPANG SELAYANG","LINGKUNGAN 10","","","G. Perdagangan Besar dan Eceran, Reparasi Mobil dan Sepeda Motor","SBR"],
    ["87570","ARCINDO SOLUSI PRATAMA","JL BUNGA PANCUR","prelist","MEDAN TUNTUNGAN","SIMPANG SELAYANG","LINGKUNGAN 6","","","P. Pendidikan","SBR"],
    ["87600","KARYA GUNA ARGAMA","JL KAPITEN PURBA KOMPLEK BEKALA ASRI","prelist","MEDAN TUNTUNGAN","MANGGA","LINGKUNGAN 4","","","G. Perdagangan Besar dan Eceran, Reparasi Mobil dan Sepeda Motor","SBR"],
    ["87601","PERKASA MEDITECH INDONESIA","JALAN FLAMBOYAN I-3","prelist","MEDAN TUNTUNGAN","TANJUNG SELAMAT","LINGKUNGAN 6","","","G. Perdagangan Besar dan Eceran, Reparasi Mobil dan Sepeda Motor","SBR"],
    ["87605","PERMATA BUNDA JAYA","JL. BUNGA RINTE GG. MAWAR I NO. 44 LK-I","prelist","MEDAN TUNTUNGAN","SIMPANG SELAYANG","LINGKUNGAN 1","","","N. Jasa Persewaan, Ketenagakerjaan, Agen Perjalanan, dan Jasa Pendukung","SBR"],
    ["87610","AIRI INSAN NUSANTARA","JL FLAMBOYAN I TAMAN ASOKA ASRI","prelist","MEDAN TUNTUNGAN","TANJUNG SELAMAT","LINGKUNGAN 6","","","F. Konstruksi","SBR"],
    ["87685","UTOMO WIJESARA","JL. VANILI RAYA NO. 103 P. SIMALINGKAR","prelist","MEDAN TUNTUNGAN","MANGGA","LINGKUNGAN 17","","","G. Perdagangan Besar dan Eceran, Reparasi Mobil dan Sepeda Motor","SBR"],
    ["87867","GOEDANG ARTHA","SEI HALIAN","prelist","MEDAN TUNTUNGAN","SIMALINGKAR B","LINGKUNGAN 3","","","S. Aktivitas Jasa Lainnya","SBR"],
    ["87870","KARYA AGUNG UTAMA FARMINDO","JL JAMIN GINTING","prelist","MEDAN TUNTUNGAN","KEMENANGAN TANI","LINGKUNGAN 1","","","G. Perdagangan Besar dan Eceran, Reparasi Mobil dan Sepeda Motor","SBR"],
    ["87877","YABES CAHAYA INDONESIA","JL JAMIN GINTING GG BANGUN","prelist","MEDAN TUNTUNGAN","MANGGA","LINGKUNGAN 3","","","Q. Jasa Kesehatan dan Kegiatan Sosial","SBR"],
    ["87900","JOLIE FEMME","KOMPLEK PERUM CITRA SETIA BUDI JL SETIA BUDI","prelist","MEDAN TUNTUNGAN","SIMPANG SELAYANG","LINGKUNGAN 2","","","G. Perdagangan Besar dan Eceran, Reparasi Mobil dan Sepeda Motor","SBR"],
    ["87913","PUSTAHA INTEGRITAS","KOMPLEK NUSA TIGA BLOK F NO.28 RT. 0 RW. 0","prelist","MEDAN TUNTUNGAN","TANJUNG SELAMAT","LINGKUNGAN 3","","","G. Perdagangan Besar dan Eceran, Reparasi Mobil dan Sepeda Motor","SBR"],
    ["87992","INTI AQUARIUM INDONESIA","JL LADANG","prelist","MEDAN TUNTUNGAN","MANGGA","LINGKUNGAN 1","","","G. Perdagangan Besar dan Eceran, Reparasi Mobil dan Sepeda Motor","SBR"],
    ["88098","MITRA MASYARAKAT SEHAT","JL. STELLA RAYA","prelist","MEDAN TUNTUNGAN","SIMPANG SELAYANG","LINGKUNGAN 10","","","Q. Jasa Kesehatan dan Kegiatan Sosial","SBR"],
    ["88111","MILALA JAYA","JL.LETJEN JAMIN GINTING NO.30 KM.12,8, LAU CIH","prelist","MEDAN TUNTUNGAN","KEMENANGAN TANI","LINGKUNGAN 1","","","G. Perdagangan Besar dan Eceran, Reparasi Mobil dan Sepeda Motor","SBR"],
    ["88131","CITRA SENTOSA RAYA","JL.CENGKEH NO.61 P.SIMALINGKAR RT.00 RW.00, MANGGA","prelist","MEDAN TUNTUNGAN","MANGGA","LINGKUNGAN 16","","","G. Perdagangan Besar dan Eceran, Reparasi Mobil dan Sepeda Motor","SBR"],
    ["88164","POLARIS ENERGY CAPITAL LLC","JL PETUMA PERUM GRIYA KENCANA","prelist","MEDAN TUNTUNGAN","NAMO GAJAH","LINGKUNGAN 3","","","G. Perdagangan Besar dan Eceran, Reparasi Mobil dan Sepeda Motor","SBR"],
    ["88296","MULTI SURVEY","JL BUNGA RINTE 17","prelist","MEDAN TUNTUNGAN","SIMPANG SELAYANG","LINGKUNGAN 13","","","M. Jasa Profesional, Ilmiah, dan Teknis","SBR"],
    ["88314","CHRISTAN GIWANAN JONAKEZ","JL. PALES VIII","prelist","MEDAN TUNTUNGAN","SIMPANG SELAYANG","LINGKUNGAN 7","","","Q. Jasa Kesehatan dan Kegiatan Sosial","SBR"],
    ["88366","BINSAR BERKAT BERSAMA","JL KEMENYAN 6","prelist","MEDAN TUNTUNGAN","MANGGA","LINGKUNGAN 19","","","N. Jasa Persewaan, Ketenagakerjaan, Agen Perjalanan, dan Jasa Pendukung","SBR"],
    ["88429","RAJAWALI MITRA TELEKOMUNIKASI(RAMTEL)","JL STELLA RAYA VILLA SETIA MAKMUR I","prelist","MEDAN TUNTUNGAN","SIMPANG SELAYANG","LINGKUNGAN 10","","","F. Konstruksi","SBR"],
    ["88529","RISTA IZIQ HANAZ","JALAN FLAMBOYAN RAYA RUKO 12","prelist","MEDAN TUNTUNGAN","TANJUNG SELAMAT","LINGKUNGAN 9","","","C. Industri Pengolahan","SBR"],
    ["88578","FORUM KOMUNIKASI SUARA KEBENARAN","JL JAMIN GINTING KM 11,5","prelist","MEDAN TUNTUNGAN","SIMPANG SELAYANG","LINGKUNGAN 3","","","S. Aktivitas Jasa Lainnya","SBR"],
    ["88591","GENERASI BERKAT SEJAHTERA","PERUMAHAN GRIYA ASAM KUMBANG","prelist","MEDAN TUNTUNGAN","TANJUNG SELAMAT","LINGKUNGAN 1","","","G. Perdagangan Besar dan Eceran, Reparasi Mobil dan Sepeda Motor","SBR"],
    ["88597","RIZKY BAROKAH UTAMA","KOMP.GRIYA NUSA TIGA BLOK B 29 RT.0 RW.0, TANJUNG SELAMAT","prelist","MEDAN TUNTUNGAN","TANJUNG SELAMAT","LINGKUNGAN 3","","","G. Perdagangan Besar dan Eceran, Reparasi Mobil dan Sepeda Motor","SBR"],
    ["88637","DOLMARS SEJAHTERA","JALAN NURI KOMPLEK POLRI","prelist","MEDAN TUNTUNGAN","TANJUNG SELAMAT","LINGKUNGAN 9","","","S. Aktivitas Jasa Lainnya","SBR"],
    ["88656","MULIA SEJAHTERA","JL.PALES IX KOMP. LAU BAHING BLOK D NO.4 LK VII RT. 00 RW. 00","prelist","MEDAN TUNTUNGAN","SIMPANG SELAYANG","LINGKUNGAN 2","","","G. Perdagangan Besar dan Eceran, Reparasi Mobil dan Sepeda Motor","SBR"],
    ["88690","TOKOKU TAMBAH TERUS EMPAT","JL TEMBAKAU RAYA PERUMNAS SIMALINGKAR","prelist","MEDAN TUNTUNGAN","MANGGA","LINGKUNGAN 22","","","G. Perdagangan Besar dan Eceran, Reparasi Mobil dan Sepeda Motor","SBR"],
    ["88774","LIBERSA JAYA KONSTRUKSI","KOMPLEK SETIA BUDI FLAMBOYAN","prelist","MEDAN TUNTUNGAN","TANJUNG SELAMAT","LINGKUNGAN 9","","","G. Perdagangan Besar dan Eceran, Reparasi Mobil dan Sepeda Motor","SBR"],
    ["88777","HILLDES JAYA","JL. NILAM 2 PERUMNAS SIMALINGKAR LK. XXIII","prelist","MEDAN TUNTUNGAN","MANGGA","LINGKUNGAN 21","","","G. Perdagangan Besar dan Eceran, Reparasi Mobil dan Sepeda Motor","SBR"],
    ["88814","KARYA ANUGERAH MANDIRI","JL LIZADRI PUTRA","prelist","MEDAN TUNTUNGAN","SIMPANG SELAYANG","LINGKUNGAN 10","","","G. Perdagangan Besar dan Eceran, Reparasi Mobil dan Sepeda Motor","SBR"],
    ["88815","DWI ONE JAYA","JL. BUNGA PARIAMA II","prelist","MEDAN TUNTUNGAN","LADANG BAMBU","LINGKUNGAN 4","","","G. Perdagangan Besar dan Eceran, Reparasi Mobil dan Sepeda Motor","SBR"],
    ["88816","GLOBAL MULTI SOLUSI","JL SEROJA VII","prelist","MEDAN TUNTUNGAN","TANJUNG SELAMAT","LINGKUNGAN 9","","","G. Perdagangan Besar dan Eceran, Reparasi Mobil dan Sepeda Motor","SBR"],
    ["88828","PURSITO MANDIRI","JL KAPAS XII PERUMNAS SIMALINGKAR","prelist","MEDAN TUNTUNGAN","MANGGA","LINGKUNGAN 11","","","G. Perdagangan Besar dan Eceran, Reparasi Mobil dan Sepeda Motor","SBR"],
    ["88911","POPIE SUSANTY GRUP","KOMP PURI ZAHARA II BLOK Q7","prelist","MEDAN TUNTUNGAN","TANJUNG SELAMAT","LINGKUNGAN 8","","","J. Informasi dan Komunikasi","SBR"],
    ["88931","TK SWASTA MUTIARA KIDS","JL STELLA RAYA KOMPLEK STELLA RESIDENCE","prelist","MEDAN TUNTUNGAN","SIMPANG SELAYANG","LINGKUNGAN 11","","","P. Pendidikan","SBR"],
    ["88955","GYTRI ANUGRAH","JL TEH RAYA P SIMALINGKAR","prelist","MEDAN TUNTUNGAN","MANGGA","LINGKUNGAN 8","","","S. Aktivitas Jasa Lainnya","SBR"],
    ["88961","DAVID SISTEM GROUP","JL JAMIN GINTING KM 10.5","prelist","MEDAN TUNTUNGAN","SIMPANG SELAYANG","LINGKUNGAN 2","","","J. Informasi dan Komunikasi","SBR"],
    ["89003","REZEKI HMS","JL.VANILI RAYA NO.114 P.SIMALINGKAR, MANGGA","prelist","MEDAN TUNTUNGAN","MANGGA","LINGKUNGAN 21","","","G. Perdagangan Besar dan Eceran, Reparasi Mobil dan Sepeda Motor","SBR"],
    ["89014","PENDIDIKAN ISLAM BAITURRAHMAN MEDAN","JL FLAMBOYAN RAYA GG HARAHAP","prelist","MEDAN TUNTUNGAN","TANJUNG SELAMAT","LINGKUNGAN 3","","","P. Pendidikan","SBR"],
    ["89136","BUHIT HALONA PERKASA","JL.KOPI VI NO.19 PERUMNAS SIMALINGKAR","prelist","MEDAN TUNTUNGAN","MANGGA","LINGKUNGAN 6","","","N. Jasa Persewaan, Ketenagakerjaan, Agen Perjalanan, dan Jasa Pendukung","SBR"],
    ["89159","DELAPAN JAYA","JALAN FLAMBOYAN VII","prelist","MEDAN TUNTUNGAN","TANJUNG SELAMAT","LINGKUNGAN 7","","","F. Konstruksi","SBR"],
    ["89210","AWENA ADI LESTARI","KOMPLEK PURI ADAM MALIK JL BUNGA PARIAMA I","prelist","MEDAN TUNTUNGAN","LADANG BAMBU","LINGKUNGAN 4","","","C. Industri Pengolahan","SBR"],
    ["89213","TUMBUH TUNAS GEMBIRA","JL. NYIUR II","prelist","MEDAN TUNTUNGAN","MANGGA","LINGKUNGAN 10","","","Q. Jasa Kesehatan dan Kegiatan Sosial","SBR"],
    ["89249","NUMERO UNO","JL.KOPI RAYA IV NO.7 P.SIMALINGKAR, MANGGA","prelist","MEDAN TUNTUNGAN","MANGGA","LINGKUNGAN 6","","","F. Konstruksi","SBR"],
    ["89254","PAUD MELATI PUTIH","JL. BUNGA SAKURA","prelist","MEDAN TUNTUNGAN","TANJUNG SELAMAT","LINGKUNGAN 1","","","P. Pendidikan","SBR"],
    ["89267","ME ROTI Q","JL BUNGA NCOLE GG AKPER DEPKES","prelist","MEDAN TUNTUNGAN","KEMENANGAN TANI","LINGKUNGAN 5","","","C. Industri Pengolahan","SBR"],
    ["89318","SURYA RAJAWALI","JL.TERATAI NO.225 KOMP.PEMDA TK-I RT. 0 RW. 0","prelist","MEDAN TUNTUNGAN","SIMPANG SELAYANG","LINGKUNGAN 8","","","G. Perdagangan Besar dan Eceran, Reparasi Mobil dan Sepeda Motor","SBR"],
    ["89378","PUTRA ANDALAS PRIMA","JL. JAMIN GINTING GG. PINEM LK. III","prelist","MEDAN TUNTUNGAN","MANGGA","LINGKUNGAN 3","","","G. Perdagangan Besar dan Eceran, Reparasi Mobil dan Sepeda Motor","SBR"],
    ["89384","BINA EKA NUSANTARA","JALAN BUNGA SAKURA LK I","prelist","MEDAN TUNTUNGAN","TANJUNG SELAMAT","LINGKUNGAN 1","","","G. Perdagangan Besar dan Eceran, Reparasi Mobil dan Sepeda Motor","SBR"],
    ["89499","MARI KITA","JL JAHE RAYA","prelist","MEDAN TUNTUNGAN","MANGGA","LINGKUNGAN 14","","","M. Jasa Profesional, Ilmiah, dan Teknis","SBR"],
    ["89567","ANDIMAS ANUGERAH","JL BUNGA SAKURA KOMP ALAMADA INDAH BLOK D/43, TANJUNG SELAMAT","prelist","MEDAN TUNTUNGAN","TANJUNG SELAMAT","LINGKUNGAN 9","","","G. Perdagangan Besar dan Eceran, Reparasi Mobil dan Sepeda Motor","SBR"],
    ["89595","MITRA JUANG SENTOSA","JL FLAMBOYAN RAYA","prelist","MEDAN TUNTUNGAN","TANJUNG SELAMAT","LINGKUNGAN 4","","","G. Perdagangan Besar dan Eceran, Reparasi Mobil dan Sepeda Motor","SBR"],
    ["89617","BATU LAMAK JAYA ENGINEERING","JL. FLAMBOYAN RAYA XII","prelist","MEDAN TUNTUNGAN","TANJUNG SELAMAT","LINGKUNGAN 8","","","G. Perdagangan Besar dan Eceran, Reparasi Mobil dan Sepeda Motor","SBR"],
    ["89625","WIRATORA KARYA MANDIRI","JL. BUNGA RINTE PERUMAHAN SETIA BUDI PARADISE","prelist","MEDAN TUNTUNGAN","SIMPANG SELAYANG","LINGKUNGAN 17","","","G. Perdagangan Besar dan Eceran, Reparasi Mobil dan Sepeda Motor","SBR"],
    ["89711","PAUD KASIH BUNDA","JL. BHUMI UTAMA RAYA I","prelist","MEDAN TUNTUNGAN","LADANG BAMBU","LINGKUNGAN 4","","","P. Pendidikan","SBR"],
    ["89736","SILANDO ALAS MANDIRI","JL. JAMIN GINTING NO. P II PERUMAHAN GOLDEN VISTA I,","prelist","MEDAN TUNTUNGAN","MANGGA","LINGKUNGAN 5","","","S. Aktivitas Jasa Lainnya","SBR"],
    ["89743","AGRO NUSA PRATAMA MANDIRI","JL BUNGA RINTE RAYA PERUM PURI ZAHARA 2","prelist","MEDAN TUNTUNGAN","SIMPANG SELAYANG","LINGKUNGAN 2","","","G. Perdagangan Besar dan Eceran, Reparasi Mobil dan Sepeda Motor","SBR"],
    ["89764","ARIMAN ANUGRAH SEJAHTERA","JALAN JAMIN GINTING GANG NANGKA I NOMOR 14","prelist","MEDAN TUNTUNGAN","MANGGA","LINGKUNGAN 1","","","J. Informasi dan Komunikasi","SBR"],
    ["89774","PRODUSEN BANU SEJAHTERA SIMBHISA","JALAN JAMIN GINTING KILOMETER 12 LINGKUNGAN I MEDAN","prelist","MEDAN TUNTUNGAN","SIMPANG SELAYANG","LINGKUNGAN 2","","","A. Pertanian, Kehutanan, dan Perikanan","SBR"],
    ["89795","HABONARAN DOBONA","JL JAMIN GINTING KM 12,7, LAU CIH","prelist","MEDAN TUNTUNGAN","LAU CIH","LINGKUNGAN 2","","","G. Perdagangan Besar dan Eceran, Reparasi Mobil dan Sepeda Motor","SBR"],
    ["89843","KHZ TECHNOLOGY","JL. BUNGA PANCUR","prelist","MEDAN TUNTUNGAN","SIMPANG SELAYANG","LINGKUNGAN 6","","","S. Aktivitas Jasa Lainnya","SBR"],
    ["89869","PAUD HOCUS FOCUS FAMILY SCHOOL AND DAYCARE","JL BUNGA TEROMPET PERUMAHAN SEJAHTERA INDAH 2","prelist","MEDAN TUNTUNGAN","SIMPANG SELAYANG","LINGKUNGAN 7","","","P. Pendidikan","SBR"],
    ["89967","DELI JAYA LESTARI","JL. KAPAS 9 NO. 1 P. SIMALINGKAR, MANGGA","prelist","MEDAN TUNTUNGAN","MANGGA","LINGKUNGAN 18","","","S. Aktivitas Jasa Lainnya","SBR"],
    ["90013","ARZUNA JAYA ABADI","JL.NUSA INDAH RAYA NO.14 RT. 0 RW. 0","prelist","MEDAN TUNTUNGAN","SIMPANG SELAYANG","LINGKUNGAN 9","","","G. Perdagangan Besar dan Eceran, Reparasi Mobil dan Sepeda Motor","SBR"],
    ["90064","PASOGIT SIBAYAK","JL LETJEND JAMIN GINTING","prelist","MEDAN TUNTUNGAN","MANGGA","LINGKUNGAN 2","","","H. Transportasi dan Pergudangan","SBR"],
    ["90067","DUNIA MELANCONG","JL.BUNGA STELLA I LK XIV NO 54, SIMPANG SELAYANG","prelist","MEDAN TUNTUNGAN","SIMPANG SELAYANG","LINGKUNGAN 14","","","G. Perdagangan Besar dan Eceran, Reparasi Mobil dan Sepeda Motor","SBR"],
    ["90185","BASA MANDIRI","JL PINUS 17","prelist","MEDAN TUNTUNGAN","MANGGA","LINGKUNGAN 13","","","G. Perdagangan Besar dan Eceran, Reparasi Mobil dan Sepeda Motor","SBR"],
    ["90245","GINTHAR","KOMP GRIYA NUSA 3","prelist","MEDAN TUNTUNGAN","TANJUNG SELAMAT","LINGKUNGAN 3","","","G. Perdagangan Besar dan Eceran, Reparasi Mobil dan Sepeda Motor","SBR"],
    ["90246","TOTAL SOLUSI BERSAMA","JL LETJEN JAMIN GINTING","prelist","MEDAN TUNTUNGAN","SIDOMULYO","LINGKUNGAN 1","","","G. Perdagangan Besar dan Eceran, Reparasi Mobil dan Sepeda Motor","SBR"],
    ["90273","PERGURUAN WIRAHUSADA MEDAN","JL BUNGA NCOLE","prelist","MEDAN TUNTUNGAN","KEMENANGAN TANI","LINGKUNGAN 5","","","P. Pendidikan","SBR"],
    ["90284","GINBRES","JL BUNGA LAU","prelist","MEDAN TUNTUNGAN","KEMENANGAN TANI","LINGKUNGAN 3","","","G. Perdagangan Besar dan Eceran, Reparasi Mobil dan Sepeda Motor","SBR"],
    ["90313","SETIA KAWAN UTAMA","KOMPLEK SETIA BUDI VISTA","prelist","MEDAN TUNTUNGAN","SIMPANG SELAYANG","LINGKUNGAN 10","","","G. Perdagangan Besar dan Eceran, Reparasi Mobil dan Sepeda Motor","SBR"],
    ["90333","DIAN AQUATIK INDONESIA","JL.BUNGA KARDIOL NO.49-A, LADANG BAMBU","prelist","MEDAN TUNTUNGAN","LADANG BAMBU","LINGKUNGAN 3","","","G. Perdagangan Besar dan Eceran, Reparasi Mobil dan Sepeda Motor","SBR"],
    ["90375","FORTUNE INDONESIA","JL. SAWIT RAYA NO. 9 PERUMNAS, MANGGA","prelist","MEDAN TUNTUNGAN","MANGGA","LINGKUNGAN 9","","","G. Perdagangan Besar dan Eceran, Reparasi Mobil dan Sepeda Motor","SBR"],
    ["90395","FIAN PERDANA","JL.SILANGGE NO.46 LK.X KOMP.KEJAKSAAN","prelist","MEDAN TUNTUNGAN","SIMPANG SELAYANG","LINGKUNGAN 10","","","G. Perdagangan Besar dan Eceran, Reparasi Mobil dan Sepeda Motor","SBR"],
    ["90492","UNGGUL JORE SEJAHTERA","JL JAMIN GINTING","prelist","MEDAN TUNTUNGAN","SIMPANG SELAYANG","LINGKUNGAN 2","","","A. Pertanian, Kehutanan, dan Perikanan","SBR"],
    ["90497","OBOR SUMATERA","JL JAMIN GINTING GG BANGUN","prelist","MEDAN TUNTUNGAN","MANGGA","LINGKUNGAN 3","","","P. Pendidikan","SBR"],
    ["90519","GAJAH MADA SEPULUH","JL SETIA BUDI KOMPLEK SETIABUDI POINT LK III","prelist","MEDAN TUNTUNGAN","LADANG BAMBU","LINGKUNGAN 3","","","A. Pertanian, Kehutanan, dan Perikanan","SBR"],
    ["90526","JAMIKAH","JL.NYIUR I NO.46 P.SIMALINGKAR LK X RT. 00 RW. 00","prelist","MEDAN TUNTUNGAN","MANGGA","LINGKUNGAN 10","","","G. Perdagangan Besar dan Eceran, Reparasi Mobil dan Sepeda Motor","SBR"],
    ["90535","ANANDA PUTRA ABADI","JL COKLAT 3","prelist","MEDAN TUNTUNGAN","MANGGA","LINGKUNGAN 5","","","S. Aktivitas Jasa Lainnya","SBR"],
    ["90549","BINA MUDA PERSADA","JL.KAPAS 6 NO.2 P.SIMALINGFKAR, MANGGA","prelist","MEDAN TUNTUNGAN","MANGGA","LINGKUNGAN 18","","","G. Perdagangan Besar dan Eceran, Reparasi Mobil dan Sepeda Motor","SBR"],
    ["90553","GLOBAL SAMUDERA MANDIRI","JL BAMBU RAYA UJUNG LK XVI P SIMALINGKAR","prelist","MEDAN TUNTUNGAN","MANGGA","LINGKUNGAN 16","","","G. Perdagangan Besar dan Eceran, Reparasi Mobil dan Sepeda Motor","SBR"],
    ["90557","ERHA CITRA JARINGAN BAJA","JL BUNGA NCOLE","prelist","MEDAN TUNTUNGAN","KEMENANGAN TANI","LINGKUNGAN 5","","","G. Perdagangan Besar dan Eceran, Reparasi Mobil dan Sepeda Motor","SBR"],
    ["90573","PARHITEAN TOBA MANDIRI","JL BUNGA RAYA GRIYA ASAM KUMBANG","prelist","MEDAN TUNTUNGAN","TANJUNG SELAMAT","LINGKUNGAN 1","","","G. Perdagangan Besar dan Eceran, Reparasi Mobil dan Sepeda Motor","SBR"],
    ["90582","ANUGERAH SAWIT NUSANTARA","JL. KASMALA","prelist","MEDAN TUNTUNGAN","SIMPANG SELAYANG","LINGKUNGAN 16","","","G. Perdagangan Besar dan Eceran, Reparasi Mobil dan Sepeda Motor","SBR"],
    ["90607","MITRA ABADI ENGINERING","JL.TEMBAKAU RAYA NO.31 P.SIMALINGKAR RT. 0 RW. 0","prelist","MEDAN TUNTUNGAN","MANGGA","LINGKUNGAN 22","","","G. Perdagangan Besar dan Eceran, Reparasi Mobil dan Sepeda Motor","SBR"],
    ["90656","AVERINDO","JL.VANILI I NO.64 P.SIMALINGKAR RT. 00 RW. 00","prelist","MEDAN TUNTUNGAN","MANGGA","LINGKUNGAN 15","","","S. Aktivitas Jasa Lainnya","SBR"],
    ["90671","ZAHID GRAFIKA","CENGKEH 13 PERUMNAS SIMALINGKAR","prelist","MEDAN TUNTUNGAN","MANGGA","LINGKUNGAN 12","","","G. Perdagangan Besar dan Eceran, Reparasi Mobil dan Sepeda Motor","SBR"],
    ["90704","TIARA FARISTA TEKNIK","JL. FLAMBOYAN KOMP SETIA BUDI","prelist","MEDAN TUNTUNGAN","TANJUNG SELAMAT","LINGKUNGAN 4","","","G. Perdagangan Besar dan Eceran, Reparasi Mobil dan Sepeda Motor","SBR"],
    ["90711","PANCA ANUGRAH KARYA","KOMP. WAIKIKI","prelist","MEDAN TUNTUNGAN","TANJUNG SELAMAT","LINGKUNGAN 9","","","G. Perdagangan Besar dan Eceran, Reparasi Mobil dan Sepeda Motor","SBR"],
    ["90712","PUTRI JAYA","JL.LETJEN JAMIN GINTING NO.40 LK.I RT. 0 RW. 0","prelist","MEDAN TUNTUNGAN","SIMPANG SELAYANG","LINGKUNGAN 5","","","G. Perdagangan Besar dan Eceran, Reparasi Mobil dan Sepeda Motor","SBR"],
    ["90815","MINA RAUDHA","JL SETIA BUDI","prelist","MEDAN TUNTUNGAN","SIMPANG SELAYANG","LINGKUNGAN 2","","","G. Perdagangan Besar dan Eceran, Reparasi Mobil dan Sepeda Motor","SBR"],
    ["90826","MISRHANI LAKAL TERSIA","JL BUNGA STELLA RAYA KOMPLEK SETIA BUDI MAKMUR I LK XVI","prelist","MEDAN TUNTUNGAN","SIMPANG SELAYANG","LINGKUNGAN 2","","","G. Perdagangan Besar dan Eceran, Reparasi Mobil dan Sepeda Motor","SBR"],
    ["90838","PASCAL SINERGI UTAMA","JL. SETIA BUDI FLAMBOYAN BLOK G","prelist","MEDAN TUNTUNGAN","TANJUNG SELAMAT","LINGKUNGAN 4","","","G. Perdagangan Besar dan Eceran, Reparasi Mobil dan Sepeda Motor","SBR"],
    ["90848","MARGANDATUA","JL.TEMBAKAU RAYA NO.14 P.SIMALINGKAR RT. 0 RW. 0","prelist","MEDAN TUNTUNGAN","MANGGA","LINGKUNGAN 16","","","G. Perdagangan Besar dan Eceran, Reparasi Mobil dan Sepeda Motor","SBR"],
    ["90916","SUMBER JAYA FLAMBOYAN","KOMPLEK SETIA BUDI FLAMBOYAN","prelist","MEDAN TUNTUNGAN","TANJUNG SELAMAT","LINGKUNGAN 9","","","G. Perdagangan Besar dan Eceran, Reparasi Mobil dan Sepeda Motor","SBR"],
    ["90964","BINTANG LIBURAN UTAMA","JL BUNGA RINTE PERUMAHAN SETIA BUDI PARADISE LK XVII","prelist","MEDAN TUNTUNGAN","SIMPANG SELAYANG","LINGKUNGAN 11","","","N. Jasa Persewaan, Ketenagakerjaan, Agen Perjalanan, dan Jasa Pendukung","SBR"],
    ["91044","BUHIT HALONA","JL KOPI VI LK VI P SIMALINGKAR","prelist","MEDAN TUNTUNGAN","MANGGA","LINGKUNGAN 6","","","N. Jasa Persewaan, Ketenagakerjaan, Agen Perjalanan, dan Jasa Pendukung","SBR"],
    ["91090","DORE RUBIA LOVER","JL JAMIN GINTING KM 8 LK I","prelist","MEDAN TUNTUNGAN","MANGGA","LINGKUNGAN 1","","","G. Perdagangan Besar dan Eceran, Reparasi Mobil dan Sepeda Motor","SBR"],
    ["91095","SURYA TEKNOLOGI EDUKASI","JL LETJEND DJAMIN GINTING","prelist","MEDAN TUNTUNGAN","MANGGA","LINGKUNGAN 1","","","G. Perdagangan Besar dan Eceran, Reparasi Mobil dan Sepeda Motor","SBR"],
    ["91148","UNEDO PARSADAANTA","JL KAPAS 2 P SIMALINGKAR","prelist","MEDAN TUNTUNGAN","MANGGA","LINGKUNGAN 18","","","G. Perdagangan Besar dan Eceran, Reparasi Mobil dan Sepeda Motor","SBR"],
    ["91184","ANAK DOKAN","JL.GRIYA ASAM KUMBANG BLOK A.25 RT. 0 RW. 0","prelist","MEDAN TUNTUNGAN","TANJUNG SELAMAT","LINGKUNGAN 1","","","G. Perdagangan Besar dan Eceran, Reparasi Mobil dan Sepeda Motor","SBR"],
    ["91194","BARONK","JL BUNGA MELATI LK II","prelist","MEDAN TUNTUNGAN","KEMENANGAN TANI","LINGKUNGAN 3","","","J. Informasi dan Komunikasi","SBR"],
    ["91211","MOTUL ASIA PASIFIC PTE LTD","JL PETUMA PERUM GRIYA KENCANA","prelist","MEDAN TUNTUNGAN","NAMO GAJAH","LINGKUNGAN 3","","","G. Perdagangan Besar dan Eceran, Reparasi Mobil dan Sepeda Motor","SBR"],
    ["91242","GIO","JL.BUNGA RAMPE II NO.39, SIMALINGKAR B","prelist","MEDAN TUNTUNGAN","SIMALINGKAR B","LINGKUNGAN 2","","","G. Perdagangan Besar dan Eceran, Reparasi Mobil dan Sepeda Motor","SBR"],
    ["91252","DIASIMALEM BUNGA LAU","BUNGA MAYANG","prelist","MEDAN TUNTUNGAN","LAU CIH","LINGKUNGAN 2","","","Q. Jasa Kesehatan dan Kegiatan Sosial","SBR"],
    ["91265","DAYA CONTRUKSI","JL.FLAMBOYAN LK II NO.6, TANJUNG SELAMAT","prelist","MEDAN TUNTUNGAN","TANJUNG SELAMAT","LINGKUNGAN 4","","","G. Perdagangan Besar dan Eceran, Reparasi Mobil dan Sepeda Motor","SBR"],
    ["91286","GRAHA GUARDIAN ASRI","JL FLAMBOYAN RAYA KOMPLEK FLAMBOYAN REGENCY RUKO","prelist","MEDAN TUNTUNGAN","TANJUNG SELAMAT","LINGKUNGAN 3","","","G. Perdagangan Besar dan Eceran, Reparasi Mobil dan Sepeda Motor","SBR"],
    ["91400","TANI KATULISTIWA MANDIRI","BUNGA RINTE KOMPLEK PURI ZAHARA II","prelist","MEDAN TUNTUNGAN","TANJUNG SELAMAT","LINGKUNGAN 8","","","G. Perdagangan Besar dan Eceran, Reparasi Mobil dan Sepeda Motor","SBR"],
    ["91411","VINA TRAVEL","JL KARET IX","prelist","MEDAN TUNTUNGAN","MANGGA","LINGKUNGAN 7","","","N. Jasa Persewaan, Ketenagakerjaan, Agen Perjalanan, dan Jasa Pendukung","SBR"],
    ["91429","RENO MULTI ENGINEERING","JL.KAPAS V NO.28, SIMALINGKAR B","prelist","MEDAN TUNTUNGAN","SIMALINGKAR B","LINGKUNGAN 2","","","G. Perdagangan Besar dan Eceran, Reparasi Mobil dan Sepeda Motor","SBR"],
    ["91482","KARYA ABADI","JL. KEMENYAN 12 LK. XIX PERUMNAS SIMALINGKAR","prelist","MEDAN TUNTUNGAN","MANGGA","LINGKUNGAN 19","","","G. Perdagangan Besar dan Eceran, Reparasi Mobil dan Sepeda Motor","SBR"],
    ["91504","PITOE MOEARA ABADI","BEKALA ASRI BLOK I LK III","prelist","MEDAN TUNTUNGAN","MANGGA","LINGKUNGAN 5","","","G. Perdagangan Besar dan Eceran, Reparasi Mobil dan Sepeda Motor","SBR"],
    ["91517","BINA LAUTAN SAMUDERA","JL.KAPAS 6 NO.12, MANGGA","prelist","MEDAN TUNTUNGAN","MANGGA","LINGKUNGAN 18","","","G. Perdagangan Besar dan Eceran, Reparasi Mobil dan Sepeda Motor","SBR"],
    ["91540","TOLONG KITA MANDIRI","JL. LIZADRI PUTRA KOMP. SETIA BUDI VISTA LK.X","prelist","MEDAN TUNTUNGAN","SIMPANG SELAYANG","LINGKUNGAN 10","","","G. Perdagangan Besar dan Eceran, Reparasi Mobil dan Sepeda Motor","SBR"],
    ["91590","MEDAN MAS MANDIRI","KOMPLEK PEMERINTAH DAERAH TINGKAT II","prelist","MEDAN TUNTUNGAN","TANJUNG SELAMAT","LINGKUNGAN 1","","","G. Perdagangan Besar dan Eceran, Reparasi Mobil dan Sepeda Motor","SBR"],
    ["91649","MEDAN SAKURA WISATA","JL. FLAMBOYAN RAYA KOMPLEK TAMAN ASOKA ASRI BLOK CC NO. 16","prelist","MEDAN TUNTUNGAN","TANJUNG SELAMAT","LINGKUNGAN 6","","","M. Jasa Profesional, Ilmiah, dan Teknis","SBR"],
    ["91736","DAIDONG INDUSTRIAL SYSTEM CO","JL PETUMA PERUM GRIYA KENCANA","prelist","MEDAN TUNTUNGAN","NAMO GAJAH","LINGKUNGAN 2","","","G. Perdagangan Besar dan Eceran, Reparasi Mobil dan Sepeda Motor","SBR"],
    ["91738","ROYAL INDAH LESTARI","JL JAMIN GINTING KOMP.PERUMAHAN ROYAL SUMATERA TAH","prelist","MEDAN TUNTUNGAN","SIMPANG SELAYANG","LINGKUNGAN 5","","","G. Perdagangan Besar dan Eceran, Reparasi Mobil dan Sepeda Motor","SBR"],
    ["91769","ABTERLES","JL.JAHE III NO.2 SIMALINGKAR , LADANG BAMBU","prelist","MEDAN TUNTUNGAN","MANGGA","LINGKUNGAN 14","","","G. Perdagangan Besar dan Eceran, Reparasi Mobil dan Sepeda Motor","SBR"],
    ["91772","PENTA GROUP KONSULINDO","JL.LIZADRI PUTRA PERUM SETIA BUDI VISTA BLOK M NO.14","prelist","MEDAN TUNTUNGAN","SIMPANG SELAYANG","LINGKUNGAN 10","","","G. Perdagangan Besar dan Eceran, Reparasi Mobil dan Sepeda Motor","SBR"],
    ["91818","SUN MORA GROUP","JL BUNGA SAKURA I KOMP SAKURA PERMAI","prelist","MEDAN TUNTUNGAN","TANJUNG SELAMAT","LINGKUNGAN 9","","","G. Perdagangan Besar dan Eceran, Reparasi Mobil dan Sepeda Motor","SBR"],
    ["91831","SUMATERA PUTRA PERDANA","JL KEMENYAN IV","prelist","MEDAN TUNTUNGAN","MANGGA","LINGKUNGAN 19","","","N. Jasa Persewaan, Ketenagakerjaan, Agen Perjalanan, dan Jasa Pendukung","SBR"],
    ["91837","MEDIA GLOBAL GROUP","JL. TEMBAKAU 13 NO. 1 LK XXII","prelist","MEDAN TUNTUNGAN","MANGGA","LINGKUNGAN 22","","","G. Perdagangan Besar dan Eceran, Reparasi Mobil dan Sepeda Motor","SBR"],
    ["91878","SINAR JASPER ABADI","JL KOPI X PERUMNAS SIMALINGKAR","prelist","MEDAN TUNTUNGAN","MANGGA","LINGKUNGAN 6","","","G. Perdagangan Besar dan Eceran, Reparasi Mobil dan Sepeda Motor","SBR"],
    ["92024","AGUNG LESTARI MEDAN","JL FLAMBOYAN IV","prelist","MEDAN TUNTUNGAN","TANJUNG SELAMAT","LINGKUNGAN 8","","","G. Perdagangan Besar dan Eceran, Reparasi Mobil dan Sepeda Motor","SBR"],
    ["92170","HASIAN TORANG ABADI","JL. SETIA BUDI UJUNG KOMP. GRIYA SYAFIRA","prelist","MEDAN TUNTUNGAN","SIMPANG SELAYANG","LINGKUNGAN 9","","","G. Perdagangan Besar dan Eceran, Reparasi Mobil dan Sepeda Motor","SBR"],
    ["92257","YABES OETAMA","JL FLAMBOYAN RAYA KOMPLEK TAMAN ANGGREK SETIA BUDI","prelist","MEDAN TUNTUNGAN","TANJUNG SELAMAT","LINGKUNGAN 9","","","G. Perdagangan Besar dan Eceran, Reparasi Mobil dan Sepeda Motor","SBR"],
    ["92262","GEMILANG USAHA BERSAMA","JL ANGGREK RAYA LK IX","prelist","MEDAN TUNTUNGAN","SIMPANG SELAYANG","LINGKUNGAN 9","","","G. Perdagangan Besar dan Eceran, Reparasi Mobil dan Sepeda Motor","SBR"],
    ["92267","SANOP KREASI","JL SETIA BUDI UJUNG PERUMAHAN GRIYA SAFIRA","prelist","MEDAN TUNTUNGAN","SIMPANG SELAYANG","LINGKUNGAN 2","","","G. Perdagangan Besar dan Eceran, Reparasi Mobil dan Sepeda Motor","SBR"],
    ["92303","MAHKOTA JAYA UTAMA","JL BAWANG 7","prelist","MEDAN TUNTUNGAN","MANGGA","LINGKUNGAN 15","","","G. Perdagangan Besar dan Eceran, Reparasi Mobil dan Sepeda Motor","SBR"],
    ["92328","MEKAR","JL BUNGA SAKURA KOMPLEK MBC","prelist","MEDAN TUNTUNGAN","TANJUNG SELAMAT","LINGKUNGAN 4","","","G. Perdagangan Besar dan Eceran, Reparasi Mobil dan Sepeda Motor","SBR"],
    ["92357","AGRONIAGA PLANTATION","JL SILANGGE","prelist","MEDAN TUNTUNGAN","SIMPANG SELAYANG","LINGKUNGAN 10","","","G. Perdagangan Besar dan Eceran, Reparasi Mobil dan Sepeda Motor","SBR"],
    ["92471","MADUMA","JL.KARET 2 NO.13 , LADANG BAMBU","prelist","MEDAN TUNTUNGAN","MANGGA","LINGKUNGAN 7","","","G. Perdagangan Besar dan Eceran, Reparasi Mobil dan Sepeda Motor","SBR"],
    ["92491","MARGARITA","JAMIN GINTING KM 13,5 LINGKUNGAN III","prelist","MEDAN TUNTUNGAN","LAU CIH","LINGKUNGAN 2","","","C. Industri Pengolahan","SBR"],
    ["92538","LEMBAGA PENDIDIKAN ANAK USIA DINI VANILI RAYA","JL. VANILI RAYA NO. 63 LK. XVII PERUMNAS SIMALINGKAR","prelist","MEDAN TUNTUNGAN","MANGGA","LINGKUNGAN 17","","","P. Pendidikan","SBR"],
    ["92541","ADI GIA PERKASA","JL VANILI I NO.95 LK. XVII","prelist","MEDAN TUNTUNGAN","MANGGA","LINGKUNGAN 17","","","G. Perdagangan Besar dan Eceran, Reparasi Mobil dan Sepeda Motor","SBR"],
    ["92571","KARSA KARTA KONSTRUKSI","JL KARET DALAM","prelist","MEDAN TUNTUNGAN","MANGGA","LINGKUNGAN 9","","","G. Perdagangan Besar dan Eceran, Reparasi Mobil dan Sepeda Motor","SBR"],
    ["92602","ABADI BANGUN CITRA","KOMP.ALAMANDA INDAH BLOK B NO.29 RT.0 RW.0, TANJUNG SELAMAT","prelist","MEDAN TUNTUNGAN","TANJUNG SELAMAT","LINGKUNGAN 1","","","G. Perdagangan Besar dan Eceran, Reparasi Mobil dan Sepeda Motor","SBR"],
    ["92829","BINA MITRA MANDIRI","JL.FLAMBOYAN RAYA KOMPLEK WAIKIKI BLOK B NO.30, TANJUNG SELAMAT","prelist","MEDAN TUNTUNGAN","TANJUNG SELAMAT","LINGKUNGAN 9","","","G. Perdagangan Besar dan Eceran, Reparasi Mobil dan Sepeda Motor","SBR"],
    ["92846","HAGANA","JL FLAMBOYAN RAYA NO. 34, TANJUNG SELAMAT","prelist","MEDAN TUNTUNGAN","TANJUNG SELAMAT","LINGKUNGAN 8","","","G. Perdagangan Besar dan Eceran, Reparasi Mobil dan Sepeda Motor","SBR"],
    ["92867","ARDANI LAMTAMA JAYA","JALAN KAPAS XI","prelist","MEDAN TUNTUNGAN","MANGGA","LINGKUNGAN 18","","","G. Perdagangan Besar dan Eceran, Reparasi Mobil dan Sepeda Motor","SBR"],
    ["92872","DIMENSI JAYA SEJAHTERA","JL FLAMBOYAN 1-2 NO 19 KOMPLEK PEMDA TK-II","prelist","MEDAN TUNTUNGAN","TANJUNG SELAMAT","LINGKUNGAN 6","","","G. Perdagangan Besar dan Eceran, Reparasi Mobil dan Sepeda Motor","SBR"],
    ["92926","PENDIDIKAN ANAK USIA DINI MANGGA","TEMBAKAU RAYA","prelist","MEDAN TUNTUNGAN","MANGGA","LINGKUNGAN 22","","","P. Pendidikan","SBR"],
    ["92932","SEGAR PERSADA","JL.SAWIT 2 NO.4 P.SIMALINGKAR RT.00 RW.00, MANGGA","prelist","MEDAN TUNTUNGAN","MANGGA","LINGKUNGAN 9","","","G. Perdagangan Besar dan Eceran, Reparasi Mobil dan Sepeda Motor","SBR"],
    ["92933","POLAR CAPITAL LLP","JL PETUMA PERUM GRIYA KENCANA","prelist","MEDAN TUNTUNGAN","NAMO GAJAH","LINGKUNGAN 2","","","G. Perdagangan Besar dan Eceran, Reparasi Mobil dan Sepeda Motor","SBR"],
    ["92940","FANTASTIK","JL JAMIN GINTING","prelist","MEDAN TUNTUNGAN","KEMENANGAN TANI","LINGKUNGAN 1","","","G. Perdagangan Besar dan Eceran, Reparasi Mobil dan Sepeda Motor","SBR"],
    ["92950","SIEYUAN ELECTRIC CO LTD","JL PETUMA PERUM GRIYA KENCANA","prelist","MEDAN TUNTUNGAN","NAMO GAJAH","LINGKUNGAN 2","","","G. Perdagangan Besar dan Eceran, Reparasi Mobil dan Sepeda Motor","SBR"],
    ["93071","SYARIAH IKATAN KELUARGA RAUDHATUL HASANAH","JL SETIABUDI LK III","prelist","MEDAN TUNTUNGAN","SIMPANG SELAYANG","LINGKUNGAN 2","","","G. Perdagangan Besar dan Eceran, Reparasi Mobil dan Sepeda Motor","SBR"],
    ["93091","KELANA KARYA JAYA","JALAN FLAMBOYAN RAYA GANG JAMBU PERUMAHAN D","prelist","MEDAN TUNTUNGAN","TANJUNG SELAMAT","LINGKUNGAN 8","","","G. Perdagangan Besar dan Eceran, Reparasi Mobil dan Sepeda Motor","SBR"],
    ["93096","UBIT ANUGERAH MANDIRI","JL BUNGA SAKURA KOMP ALAMANDA BLOK A","prelist","MEDAN TUNTUNGAN","TANJUNG SELAMAT","LINGKUNGAN 1","","","G. Perdagangan Besar dan Eceran, Reparasi Mobil dan Sepeda Motor","SBR"],
    ["93160","MULTI KARYA","JL. RAMI 2 LK. XVI P. SIMALINGKAR","prelist","MEDAN TUNTUNGAN","MANGGA","LINGKUNGAN 16","","","G. Perdagangan Besar dan Eceran, Reparasi Mobil dan Sepeda Motor","SBR"],
    ["93204","AKURAT METER","KOMP.TASBI BLOK D NO.2 LK.XV, TANJUNG REJO","prelist","MEDAN TUNTUNGAN","MANGGA","LINGKUNGAN 15","","","G. Perdagangan Besar dan Eceran, Reparasi Mobil dan Sepeda Motor","SBR"],
    ["93206","SOUL INDO","JL. BUNGA SAKURA KOMP. TAMAN SAKURA INDAH","prelist","MEDAN TUNTUNGAN","TANJUNG SELAMAT","LINGKUNGAN 1","","","G. Perdagangan Besar dan Eceran, Reparasi Mobil dan Sepeda Motor","SBR"],
    ["93232","DUHA JAYA TECH","JL BUNGA SAKURA KOMPLEK MILLENIUM BUSINESS CENTER","prelist","MEDAN TUNTUNGAN","TANJUNG SELAMAT","LINGKUNGAN 4","","","G. Perdagangan Besar dan Eceran, Reparasi Mobil dan Sepeda Motor","SBR"],
    ["93261","CV INDOMEDIA GROUP","JL KEMENYAN RAYA","prelist","MEDAN TUNTUNGAN","MANGGA","LINGKUNGAN 19","","","G. Perdagangan Besar dan Eceran, Reparasi Mobil dan Sepeda Motor","SBR"],
    ["93293","CLEOSA CIPTA ENGINEERING","JL BUNGA TEROMPET KOMPLEK MAYFAIR","prelist","MEDAN TUNTUNGAN","SIMPANG SELAYANG","LINGKUNGAN 7","","","F. Konstruksi","SBR"],
    ["93316","SWARNADWIPA","JL FLAMBOYAN RAYA KOMPLEK GRIYA NUSATIGA","prelist","MEDAN TUNTUNGAN","TANJUNG SELAMAT","LINGKUNGAN 3","","","G. Perdagangan Besar dan Eceran, Reparasi Mobil dan Sepeda Motor","SBR"],
    ["93322","TOGU BELA KONSTRUKSI","JL. FLAMBOYAN RAYA VILLA FLAMBOYAN RAYA","prelist","MEDAN TUNTUNGAN","TANJUNG SELAMAT","LINGKUNGAN 9","","","G. Perdagangan Besar dan Eceran, Reparasi Mobil dan Sepeda Motor","SBR"],
    ["93359","MITA JAYA","JL MERPATI NO. 95, TANJUNG SELAMAT","prelist","MEDAN TUNTUNGAN","TANJUNG SELAMAT","LINGKUNGAN 9","","","G. Perdagangan Besar dan Eceran, Reparasi Mobil dan Sepeda Motor","SBR"],
    ["93433","PINGGAN PERPANGANEN","JL.BAWANG IX NO.9 P.SIMALINGKAR, MANGGA","prelist","MEDAN TUNTUNGAN","MANGGA","LINGKUNGAN 15","","","G. Perdagangan Besar dan Eceran, Reparasi Mobil dan Sepeda Motor","SBR"],
    ["93462","HANA MUDA PRATAMA","JL MASJID KHAIRUNA FAUZI LK XI","prelist","MEDAN TUNTUNGAN","SIMPANG SELAYANG","LINGKUNGAN 16","","","G. Perdagangan Besar dan Eceran, Reparasi Mobil dan Sepeda Motor","SBR"],
    ["93543","ADINDA","JL BUNGA NCOLE 20 LINGK V NO. 80, KEMENANGAN TANI","prelist","MEDAN TUNTUNGAN","KEMENANGAN TANI","LINGKUNGAN 5","","","G. Perdagangan Besar dan Eceran, Reparasi Mobil dan Sepeda Motor","SBR"],
    ["93604","DUTA NUSANTARA","JL.BUNGA RINTE PERUMAHAN PURI ZAHARA","prelist","MEDAN TUNTUNGAN","TANJUNG SELAMAT","LINGKUNGAN 8","","","G. Perdagangan Besar dan Eceran, Reparasi Mobil dan Sepeda Motor","SBR"],
    ["93642","PENDIDIKAN DARUL HIKMAH SIMALINGKAR","JL KARET RAYA P SIMALINGKAR","prelist","MEDAN TUNTUNGAN","MANGGA","LINGKUNGAN 7","","","G. Perdagangan Besar dan Eceran, Reparasi Mobil dan Sepeda Motor","SBR"],
    ["93679","KARYA JASA SENTANA","JL BUNGA TURI PERUMAHAN TURI MANSION LK 1","prelist","MEDAN TUNTUNGAN","SIDOMULYO","LINGKUNGAN 2","","","G. Perdagangan Besar dan Eceran, Reparasi Mobil dan Sepeda Motor","SBR"],
    ["93701","HERDI AGAPE NETWORKING","JL FLAMBOYAN PERUMAHAN FLAMBOYAN PARADISE LAND","prelist","MEDAN TUNTUNGAN","TANJUNG SELAMAT","LINGKUNGAN 3","","","G. Perdagangan Besar dan Eceran, Reparasi Mobil dan Sepeda Motor","SBR"],
    ["93722","SATU CAHAYA IHSAN","JL.BUNGA DAHLIA VI LK VIII NO.280 RT.00 RW.00, SIMPANG SELAYANG","prelist","MEDAN TUNTUNGAN","SIMPANG SELAYANG","LINGKUNGAN 8","","","G. Perdagangan Besar dan Eceran, Reparasi Mobil dan Sepeda Motor","SBR"],
    ["93727","SADA NIOGA KONSULTAN","JL LETJEN JAMIN GINTING NO 12 A KM 12,5 LK I, KEMENANGAN TANI","prelist","MEDAN TUNTUNGAN","SIMPANG SELAYANG","LINGKUNGAN 5","","","M. Jasa Profesional, Ilmiah, dan Teknis","SBR"],
    ["93796","GEMA SOLUSINDO SELARAS","KOMPLEK STELLA RESIDENCE JL STELLA","prelist","MEDAN TUNTUNGAN","SIMPANG SELAYANG","LINGKUNGAN 13","","","G. Perdagangan Besar dan Eceran, Reparasi Mobil dan Sepeda Motor","SBR"],
    ["93845","CIPTA KARYA ANUGRAH","JL BUNGA RAMPAI 3","prelist","MEDAN TUNTUNGAN","SIMALINGKAR B","LINGKUNGAN 5","","","G. Perdagangan Besar dan Eceran, Reparasi Mobil dan Sepeda Motor","SBR"],
    ["93950","SAHABAT BANGUN NUSANTARA","JL BOUGAINVILLE LK. X","prelist","MEDAN TUNTUNGAN","SIMPANG SELAYANG","LINGKUNGAN 10","","","G. Perdagangan Besar dan Eceran, Reparasi Mobil dan Sepeda Motor","SBR"],
    ["93963","BANGUN MANDIRI","JL KASMALA NO.156, SIMPANG SELAYANG","prelist","MEDAN TUNTUNGAN","SIMPANG SELAYANG","LINGKUNGAN 16","","","G. Perdagangan Besar dan Eceran, Reparasi Mobil dan Sepeda Motor","SBR"],
    ["93966","HARIAN KRIPTO INDONESIA","JALAN BUNGA RINTE XIV NOMOR 16","prelist","MEDAN TUNTUNGAN","SIMPANG SELAYANG","LINGKUNGAN 13","","","G. Perdagangan Besar dan Eceran, Reparasi Mobil dan Sepeda Motor","SBR"],
    ["93981","PARASINDO ALPHA JAYA","JL. FLAMBOYAN III NO. 1000","prelist","MEDAN TUNTUNGAN","TANJUNG SELAMAT","LINGKUNGAN 9","","","P. Pendidikan","SBR"],
    ["93997","MULIA RAHMAD GROUP","JL BUNGA TURI II","prelist","MEDAN TUNTUNGAN","SIDOMULYO","LINGKUNGAN 2","","","G. Perdagangan Besar dan Eceran, Reparasi Mobil dan Sepeda Motor","SBR"],
    ["94037","PUTERI HATI KUDUS","JL. ANGGREK RAYA LK. IX","prelist","MEDAN TUNTUNGAN","SIMPANG SELAYANG","LINGKUNGAN 9","","","P. Pendidikan","SBR"],
    ["94126","REHOBOT","JL PINUS 3","prelist","MEDAN TUNTUNGAN","MANGGA","LINGKUNGAN 13","","","G. Perdagangan Besar dan Eceran, Reparasi Mobil dan Sepeda Motor","SBR"],
    ["94154","PENDIDIKAN AR RIDHA","JL.KARET RAYA LK. VIII PERUMNAS SIMALINGKAR","prelist","MEDAN TUNTUNGAN","MANGGA","LINGKUNGAN 8","","","P. Pendidikan","SBR"],
    ["94159","ADYOTRI SEJAHTERA","JL.KAPITEN PURBA KOMP.BEKALA ASRI BLOK T-05 RT.0 RW.0, MANGGA","prelist","MEDAN TUNTUNGAN","MANGGA","LINGKUNGAN 3","","","G. Perdagangan Besar dan Eceran, Reparasi Mobil dan Sepeda Motor","SBR"],
    ["94201","JAYA LISBET","JL FLAMBOYAN RAYA","prelist","MEDAN TUNTUNGAN","TANJUNG SELAMAT","LINGKUNGAN 8","","","G. Perdagangan Besar dan Eceran, Reparasi Mobil dan Sepeda Motor","SBR"],
    ["94204","MULTI AGRO PERKASA","JL. KOMPLEK SETIA BUDI","prelist","MEDAN TUNTUNGAN","SIMPANG SELAYANG","LINGKUNGAN 16","","","G. Perdagangan Besar dan Eceran, Reparasi Mobil dan Sepeda Motor","SBR"],
    ["94205","BONA","JL LETJEN DJAMIN GINTING","prelist","MEDAN TUNTUNGAN","SIMALINGKAR B","LINGKUNGAN 4","","","G. Perdagangan Besar dan Eceran, Reparasi Mobil dan Sepeda Motor","SBR"],
    ["94216","BULUNG NA RATA","JL. KAPAS I NO. 3 LK. XVIII P. SIMALINGKAR","prelist","MEDAN TUNTUNGAN","MANGGA","LINGKUNGAN 18","","","G. Perdagangan Besar dan Eceran, Reparasi Mobil dan Sepeda Motor","SBR"],
    ["94228","BINA SAHABAT ABADI","KOMPLEK STELLA RESIDENCE","prelist","MEDAN TUNTUNGAN","SIMPANG SELAYANG","LINGKUNGAN 13","","","G. Perdagangan Besar dan Eceran, Reparasi Mobil dan Sepeda Motor","SBR"],
    ["94282","ASRIVA","JL. FLAMBOYAN RAYA","prelist","MEDAN TUNTUNGAN","TANJUNG SELAMAT","LINGKUNGAN 4","","","G. Perdagangan Besar dan Eceran, Reparasi Mobil dan Sepeda Motor","SBR"],
    ["94471","RSL GROUP","JL.CENGKEH RAYA NO 19, MANGGA","prelist","MEDAN TUNTUNGAN","MANGGA","LINGKUNGAN 11","","","G. Perdagangan Besar dan Eceran, Reparasi Mobil dan Sepeda Motor","SBR"],
    ["94475","MELAKA BANGKIT BERSAMA","JL ASOKA KOMPLEK KEJAKSAAN","prelist","MEDAN TUNTUNGAN","SIMPANG SELAYANG","LINGKUNGAN 2","","","G. Perdagangan Besar dan Eceran, Reparasi Mobil dan Sepeda Motor","SBR"],
    ["94479","DWI SHEKINA","JL.SETIA BUDI GG.B.NCOLE NO.11 LK.IX RT. 0 RW. 0","prelist","MEDAN TUNTUNGAN","SIMPANG SELAYANG","LINGKUNGAN 2","","","G. Perdagangan Besar dan Eceran, Reparasi Mobil dan Sepeda Motor","SBR"],
    ["94495","RIZKY BERKAH MELIMPAH","JL.CENGKEH RAYA NO.50 P SIMALINGKAR RT.00 RW.00, MANGGA","prelist","MEDAN TUNTUNGAN","MANGGA","LINGKUNGAN 12","","","G. Perdagangan Besar dan Eceran, Reparasi Mobil dan Sepeda Motor","SBR"],
    ["94501","ALVARO JAYA SEJAHTERA","JALAN FLAMBOYAN RAYA, KOMPLEK DE FLAMBOYAN NOMOR 1","prelist","MEDAN TUNTUNGAN","TANJUNG SELAMAT","LINGKUNGAN 4","","","G. Perdagangan Besar dan Eceran, Reparasi Mobil dan Sepeda Motor","SBR"],
    ["94563","MOIRA","JL BUNGA LAU SUDUT BUNGA NCOLE VII","prelist","MEDAN TUNTUNGAN","KEMENANGAN TANI","LINGKUNGAN 3","","","G. Perdagangan Besar dan Eceran, Reparasi Mobil dan Sepeda Motor","SBR"],
    ["94582","DWIPUTRA MEGAH PERKASA","JL STELLA RAYA KOMP STELLA RESIDENCE BLOK M","prelist","MEDAN TUNTUNGAN","SIMPANG SELAYANG","LINGKUNGAN 13","","","G. Perdagangan Besar dan Eceran, Reparasi Mobil dan Sepeda Motor","SBR"],
    ["94620","EGMA","JL BUNGA LAU LINGKUNGAN III","prelist","MEDAN TUNTUNGAN","KEMENANGAN TANI","LINGKUNGAN 3","","","G. Perdagangan Besar dan Eceran, Reparasi Mobil dan Sepeda Motor","SBR"],
    ["94660","ARIS","JL TEMBAKAU RAYA PERUMNAS SIMALINGKAR","prelist","MEDAN TUNTUNGAN","MANGGA","LINGKUNGAN 22","","","G. Perdagangan Besar dan Eceran, Reparasi Mobil dan Sepeda Motor","SBR"],
    ["94672","MULTI CIPTA KARYA","JL. BOUGANVILE 4","prelist","MEDAN TUNTUNGAN","SIMPANG SELAYANG","LINGKUNGAN 10","","","G. Perdagangan Besar dan Eceran, Reparasi Mobil dan Sepeda Motor","SBR"],
    ["94686","PENTA GROUP UTAMA","JL.LIZADRI PUTRA PERUM SETIA BUDI VISTA BLOK M NO.14","prelist","MEDAN TUNTUNGAN","SIMPANG SELAYANG","LINGKUNGAN 10","","","G. Perdagangan Besar dan Eceran, Reparasi Mobil dan Sepeda Motor","SBR"],
    ["94693","LEMBAGA GEMPITA OPERATION COLLEGE","JL FLAMBOYAN RAYA KOMPLEK WAIKIKI","prelist","MEDAN TUNTUNGAN","TANJUNG SELAMAT","LINGKUNGAN 9","","","P. Pendidikan","SBR"],
    ["94705","SISIWANGI MANDAILING","JL LIZARDI PUTRA KOMP SETIA BUDI VISTA","prelist","MEDAN TUNTUNGAN","SIMPANG SELAYANG","LINGKUNGAN 10","","","G. Perdagangan Besar dan Eceran, Reparasi Mobil dan Sepeda Motor","SBR"],
    ["94722","LAKE MAJU","JL COKLAT I P SIMALINGKAR","prelist","MEDAN TUNTUNGAN","MANGGA","LINGKUNGAN 21","","","G. Perdagangan Besar dan Eceran, Reparasi Mobil dan Sepeda Motor","SBR"],
    ["94727","KARYA MANDIRI UTAMA","JL.FLAMBOYAN IV NO.17 LK VIII, TANJUNG SELAMAT","prelist","MEDAN TUNTUNGAN","TANJUNG SELAMAT","LINGKUNGAN 8","","","G. Perdagangan Besar dan Eceran, Reparasi Mobil dan Sepeda Motor","SBR"],
    ["94746","JAMU JAYA ABADI","JL BUNGA RINTE RUKO SPRING VILLE","prelist","MEDAN TUNTUNGAN","SIMPANG SELAYANG","LINGKUNGAN 11","","","C. Industri Pengolahan","SBR"],
    ["94750","LEMBAGA DIKLAT NASIONAL","JL. BUNGA KARDIOL","prelist","MEDAN TUNTUNGAN","LADANG BAMBU","LINGKUNGAN 3","","","P. Pendidikan","SBR"],
    ["94766","ANBAZA CIPTA PERSADA","KOMPLEK PURI ZAHARA 2 JL BUNGA RINTE LK XI","prelist","MEDAN TUNTUNGAN","SIMPANG SELAYANG","LINGKUNGAN 11","","","G. Perdagangan Besar dan Eceran, Reparasi Mobil dan Sepeda Motor","SBR"],
    ["94793","SINAR GEMILANG BERSAMA","KOMP. GRIYA NUSA TIGA B-30","prelist","MEDAN TUNTUNGAN","TANJUNG SELAMAT","LINGKUNGAN 3","","","G. Perdagangan Besar dan Eceran, Reparasi Mobil dan Sepeda Motor","SBR"],
    ["94864","SUI UTAMA INDAH","JL KARET RAYA NO. 76 P SIMALINGKAR, MANGGA","prelist","MEDAN TUNTUNGAN","MANGGA","LINGKUNGAN 8","","","G. Perdagangan Besar dan Eceran, Reparasi Mobil dan Sepeda Motor","SBR"],
    ["94872","APRANTA","JL. BUNGA NCOLE NO. 01, KEMENANGAN TANI","prelist","MEDAN TUNTUNGAN","KEMENANGAN TANI","LINGKUNGAN 2","","","G. Perdagangan Besar dan Eceran, Reparasi Mobil dan Sepeda Motor","SBR"],
    ["94937","BUKIT IXORA JAPANIKA","JL KARET 16 LK IX PERUMNAS SIMALINGKAR","prelist","MEDAN TUNTUNGAN","MANGGA","LINGKUNGAN 9","","","G. Perdagangan Besar dan Eceran, Reparasi Mobil dan Sepeda Motor","SBR"],
    ["94956","PELANGI NIRWANA","JL BUNGA RINTE RAYA KOMPLEK PURI ZAHARA II","prelist","MEDAN TUNTUNGAN","TANJUNG SELAMAT","LINGKUNGAN 8","","","G. Perdagangan Besar dan Eceran, Reparasi Mobil dan Sepeda Motor","SBR"],
    ["95022","ANUGERAH SUMATRA","JALAN FLAMBOYAN RAYA KOMPLEK GRIYA NUSA TIGA B 28","prelist","MEDAN TUNTUNGAN","TANJUNG SELAMAT","LINGKUNGAN 3","","","G. Perdagangan Besar dan Eceran, Reparasi Mobil dan Sepeda Motor","SBR"],
    ["95067","SADAWIRA AGRO UTAMA","JL. FLAMBOYAN X/ GG. BATAK","prelist","MEDAN TUNTUNGAN","TANJUNG SELAMAT","LINGKUNGAN 3","","","G. Perdagangan Besar dan Eceran, Reparasi Mobil dan Sepeda Motor","SBR"],
    ["95108","ANAGATA SUKSES BERSAMA","JALAN FLAMBOYAN RAYA, KOMPLEK TAMAN MELATI INDAH BLOK A9","prelist","MEDAN TUNTUNGAN","TANJUNG SELAMAT","LINGKUNGAN 2","","","N. Jasa Persewaan, Ketenagakerjaan, Agen Perjalanan, dan Jasa Pendukung","SBR"],
    ["95119","ALOYA BUMI NUSANTARA","KLUSTER BUNGA RINTE","prelist","MEDAN TUNTUNGAN","SIMPANG SELAYANG","LINGKUNGAN 14","","","C. Industri Pengolahan","SBR"],
    ["95129","TEGER JM","BUNGA TEROMPET LINGKUNGAN II","prelist","MEDAN TUNTUNGAN","MANGGA","LINGKUNGAN 2","","","G. Perdagangan Besar dan Eceran, Reparasi Mobil dan Sepeda Motor","SBR"],
    ["95132","PONDOK PESANTREN AR-RAUDHATUL HASANAH","JL.LETJEN JAMIN GINTING KM.11, LADANG BAMBU","prelist","MEDAN TUNTUNGAN","SIMPANG SELAYANG","LINGKUNGAN 3","","","G. Perdagangan Besar dan Eceran, Reparasi Mobil dan Sepeda Motor","SBR"],
    ["95138","CV. MITRA MADYA","LIZARDI PUTRA","prelist","MEDAN TUNTUNGAN","SIMPANG SELAYANG","LINGKUNGAN 16","","","F. Konstruksi","SBR"],
    ["95207","FLAMBOYAN RAYA MOBIL","JL FLAMBOYAN RAYA","prelist","MEDAN TUNTUNGAN","TANJUNG SELAMAT","LINGKUNGAN 9","","","G. Perdagangan Besar dan Eceran, Reparasi Mobil dan Sepeda Motor","SBR"],
    ["95219","SINAR PANTAI BARAT","JALAN FLAMBOYAN RAYA KOMPLEK WAKIKI","prelist","MEDAN TUNTUNGAN","TANJUNG SELAMAT","LINGKUNGAN 9","","","G. Perdagangan Besar dan Eceran, Reparasi Mobil dan Sepeda Motor","SBR"],
    ["95297","YAYASAN NAMORA SOLUSI BERSAMA","JALAN SAWIT 2 NO.14 PERUMNAS SIMALINGKAR","prelist","MEDAN TUNTUNGAN","MANGGA","LINGKUNGAN 9","","","M. Jasa Profesional, Ilmiah, dan Teknis","SBR"],
    ["95333","BINTANG FELIX","KOMP. WAIKIKI FLAMBOYAN","prelist","MEDAN TUNTUNGAN","TANJUNG SELAMAT","LINGKUNGAN 9","","","G. Perdagangan Besar dan Eceran, Reparasi Mobil dan Sepeda Motor","SBR"],
    ["95366","MEDIA 88","JL SETIA BUDI VILLA SETIA BUDI MAKMUR II","prelist","MEDAN TUNTUNGAN","SIMPANG SELAYANG","LINGKUNGAN 2","","","G. Perdagangan Besar dan Eceran, Reparasi Mobil dan Sepeda Motor","SBR"],
    ["95399","YORORA PERSADA KONSTRUKSI","JL TEH RAYA","prelist","MEDAN TUNTUNGAN","MANGGA","LINGKUNGAN 11","","","G. Perdagangan Besar dan Eceran, Reparasi Mobil dan Sepeda Motor","SBR"],
    ["95464","MEDAN RAYA PERKASA","JL JAMIN GINTING KM 8,4 KOMPLEK ROYAL SUMATERA RUKO CITYWALK","prelist","MEDAN TUNTUNGAN","MANGGA","LINGKUNGAN 5","","","L. Real Estat","SBR"],
    ["95500","JNT MECHALINDO JAYA MANDIRI","JL SEROJA RAYA PERUMAHAN ROYAL GALAXY RESIDENT","prelist","MEDAN TUNTUNGAN","TANJUNG SELAMAT","LINGKUNGAN 8","","","G. Perdagangan Besar dan Eceran, Reparasi Mobil dan Sepeda Motor","SBR"],
    ["95573","LEMBAGA PENDIDIKAN BAHASA INGGRIS TEFL INSTITUTE","JL. STELLA RAYA BLOK A NO. 04","prelist","MEDAN TUNTUNGAN","SIMPANG SELAYANG","LINGKUNGAN 16","","","P. Pendidikan","SBR"],
    ["95594","GRAHA PROKINDO MEGATAMA","PERUM TAMAN ANGGREK SETIA BUDI","prelist","MEDAN TUNTUNGAN","TANJUNG SELAMAT","LINGKUNGAN 9","","","G. Perdagangan Besar dan Eceran, Reparasi Mobil dan Sepeda Motor","SBR"],
    ["95624","FENTANI INDAH SEJAHTERA","JL BUNGA RAYA KOMPLEK GRIYA ASAM KUMBANG","prelist","MEDAN TUNTUNGAN","TANJUNG SELAMAT","LINGKUNGAN 1","","","G. Perdagangan Besar dan Eceran, Reparasi Mobil dan Sepeda Motor","SBR"],
    ["95657","BANGUN DWIPUTRA MANDIRI","JL IRIGASI COMP ROYAL HOMELAND LK V","prelist","MEDAN TUNTUNGAN","MANGGA","LINGKUNGAN 5","","","F. Konstruksi","SBR"],
    ["95694","PENDIDIKAN ANAK USIA DINI NAGARA BAKTI","JL. SETIA BUDI","prelist","MEDAN TUNTUNGAN","SIMPANG SELAYANG","LINGKUNGAN 2","","","P. Pendidikan","SBR"],
    ["95720","SIMALEM BERKAT CONSULTANTS","JL BAWANG RAYA NO 46 LK XIII PERUMNAS SIMALINGKAR","prelist","MEDAN TUNTUNGAN","MANGGA","LINGKUNGAN 13","","","M. Jasa Profesional, Ilmiah, dan Teknis","SBR"],
    ["95739","SEVELT SERA ANUGRAH","KAPAS 5","prelist","MEDAN TUNTUNGAN","MANGGA","LINGKUNGAN 18","","","M. Jasa Profesional, Ilmiah, dan Teknis","SBR"],
    ["95742","VUTURA DIGDAYA NUSANTARA","JL BUNGA LAU","prelist","MEDAN TUNTUNGAN","KEMENANGAN TANI","LINGKUNGAN 3","","","G. Perdagangan Besar dan Eceran, Reparasi Mobil dan Sepeda Motor","SBR"],
    ["95760","SINERGI PERSADA","JL BUNGA SAKURA KOMPLEK MILENIUM BUSINESS CENTER","prelist","MEDAN TUNTUNGAN","TANJUNG SELAMAT","LINGKUNGAN 4","","","G. Perdagangan Besar dan Eceran, Reparasi Mobil dan Sepeda Motor","SBR"],
    ["95812","BERKAT DAVERO","JL LETJEN JAMIN GINTING KM 11.5","prelist","MEDAN TUNTUNGAN","SIMPANG SELAYANG","LINGKUNGAN 2","","","H. Transportasi dan Pergudangan","SBR"],
    ["95889","KARYA SIMA PRATAMA","JL.J.GINTING PERUM GRAND SUMATERA NO.49 RT. 0 RW. 0","prelist","MEDAN TUNTUNGAN","MANGGA","LINGKUNGAN 2","","","G. Perdagangan Besar dan Eceran, Reparasi Mobil dan Sepeda Motor","SBR"],
    ["95911","BANGUN REZEKI PRIMA","JL JAMIN GINTING","prelist","MEDAN TUNTUNGAN","SIDOMULYO","LINGKUNGAN 2","","","G. Perdagangan Besar dan Eceran, Reparasi Mobil dan Sepeda Motor","SBR"],
    ["95952","JOYCE","JL JAHE 7 LK XIV","prelist","MEDAN TUNTUNGAN","MANGGA","LINGKUNGAN 14","","","G. Perdagangan Besar dan Eceran, Reparasi Mobil dan Sepeda Motor","SBR"],
    ["95996","ANUGERAH CONSULTANT","JL NUSA INDAH NO.163, SIMPANG SELAYANG","prelist","MEDAN TUNTUNGAN","SIMPANG SELAYANG","LINGKUNGAN 9","","","M. Jasa Profesional, Ilmiah, dan Teknis","SBR"],
    ["96019","KARYA TEGUH UTAMA","JL.STELLA-I NO.72 LK.XIV, SIMPANG SELAYANG","prelist","MEDAN TUNTUNGAN","SIMPANG SELAYANG","LINGKUNGAN 14","","","G. Perdagangan Besar dan Eceran, Reparasi Mobil dan Sepeda Motor","SBR"],
    ["96035","JAYA UTAMA KARYA","JL JAMIN GINTING","prelist","MEDAN TUNTUNGAN","LAU CIH","LINGKUNGAN 2","","","H. Transportasi dan Pergudangan","SBR"],
    ["96048","MIKEL RAYA","JL. TEMBAKAU 13 NO 1, MANGGA","prelist","MEDAN TUNTUNGAN","MANGGA","LINGKUNGAN 22","","","G. Perdagangan Besar dan Eceran, Reparasi Mobil dan Sepeda Motor","SBR"],
    ["96119","SRIKANDI KARYA MANDIRI","JALAN PINUS 17 PERUMNAS SIMALINGKAR","prelist","MEDAN TUNTUNGAN","MANGGA","LINGKUNGAN 13","","","M. Jasa Profesional, Ilmiah, dan Teknis","SBR"],
    ["96148","ADIANKA KARUNIA SENTOSA","JL.VANILI I NO.53, MANGGA","prelist","MEDAN TUNTUNGAN","MANGGA","LINGKUNGAN 17","","","G. Perdagangan Besar dan Eceran, Reparasi Mobil dan Sepeda Motor","SBR"],
    ["96202","LUCKY & CO","JL.RINTE NO.163 LK.XIII, SIMPANG SELAYANG","prelist","MEDAN TUNTUNGAN","SIMPANG SELAYANG","LINGKUNGAN 13","","","G. Perdagangan Besar dan Eceran, Reparasi Mobil dan Sepeda Motor","SBR"],
    ["96283","FILLES ET PETITS FILS ERSADA","JL LETJEN JAMIN GINTING KM. 8,5","prelist","MEDAN TUNTUNGAN","MANGGA","LINGKUNGAN 1","","","G. Perdagangan Besar dan Eceran, Reparasi Mobil dan Sepeda Motor","SBR"],
    ["96307","DAFA ERATAMA ANDALAS","KOMPLEK MILLENIUM BUSINESS CENTER JL BUNGA SAKURA","prelist","MEDAN TUNTUNGAN","TANJUNG SELAMAT","LINGKUNGAN 4","","","G. Perdagangan Besar dan Eceran, Reparasi Mobil dan Sepeda Motor","SBR"],
    ["96316","SERBA USAHA KARYA MANDIRI KOTA MEDAN","JL. TEH RAYA LK. VIII PERUMNAS SIMALINGKAR","prelist","MEDAN TUNTUNGAN","MANGGA","LINGKUNGAN 8","","","K. Aktivitas Keuangan Dan Asuransi","SBR"],
    ["96350","ME CIVIL CONSTRUCTION","JL TALI AIR KOMP BELLA VISTA","prelist","MEDAN TUNTUNGAN","MANGGA","LINGKUNGAN 4","","","G. Perdagangan Besar dan Eceran, Reparasi Mobil dan Sepeda Motor","SBR"],
    ["96364","DRILL SOIL LAND","JL.BAWANG-14 NO.3 PERUMNAS, MANGGA","prelist","MEDAN TUNTUNGAN","MANGGA","LINGKUNGAN 13","","","G. Perdagangan Besar dan Eceran, Reparasi Mobil dan Sepeda Motor","SBR"],
    ["96484","SUMATERA INDOTRADING","JL STELLA RAYA KOMPLEK STELLA RESIDENCE","prelist","MEDAN TUNTUNGAN","SIMPANG SELAYANG","LINGKUNGAN 10","","","G. Perdagangan Besar dan Eceran, Reparasi Mobil dan Sepeda Motor","SBR"],
    ["96496","DILOVA MEDIA UTAMA","JALAN BUNGA RAMPAI II KOMPLEK MARCOPOLO RESIDENCE BLOK C 46","prelist","MEDAN TUNTUNGAN","SIMALINGKAR B","LINGKUNGAN 1","","","G. Perdagangan Besar dan Eceran, Reparasi Mobil dan Sepeda Motor","SBR"],
    ["96607","YORA PASTI SUKSES","JL BUNGA RINTE","prelist","MEDAN TUNTUNGAN","SIMPANG SELAYANG","LINGKUNGAN 13","","","G. Perdagangan Besar dan Eceran, Reparasi Mobil dan Sepeda Motor","SBR"],
    ["96614","ADYA MEICA UTAMA","JL BUNGA SAKURA RAYA GG ABDULRAHMAN","prelist","MEDAN TUNTUNGAN","TANJUNG SELAMAT","LINGKUNGAN 1","","","G. Perdagangan Besar dan Eceran, Reparasi Mobil dan Sepeda Motor","SBR"],
    ["96618","WISNU KENCANA","JL. RAMI 2 NO. 43, MANGGA","prelist","MEDAN TUNTUNGAN","MANGGA","LINGKUNGAN 16","","","G. Perdagangan Besar dan Eceran, Reparasi Mobil dan Sepeda Motor","SBR"],
    ["96658","DIMENSI INTI SINERGI","JL. FLAMBOYAN RAYA KEL. TANJUNG SELAMAT KEC. MEDAN TUNTUNGAN, SUMATERA UTARA.","prelist","MEDAN TUNTUNGAN","TANJUNG SELAMAT","LINGKUNGAN 4","","","G. Perdagangan Besar dan Eceran, Reparasi Mobil dan Sepeda Motor","SBR"],
    ["96661","GHANI TOUR INDONESIA","JL. BUNGA RINTE KOMPLEK PURI ZAHARA II BLOK F NO. 8","prelist","MEDAN TUNTUNGAN","TANJUNG SELAMAT","LINGKUNGAN 8","","","I. Penyediaan Akomodasi dan Makan Minum","SBR"],
    ["96679","PERSADA MANDIRI","JL ANYELIR NO. 2 BLOK A LK X, SIMPANG SELAYANG","prelist","MEDAN TUNTUNGAN","SIMPANG SELAYANG","LINGKUNGAN 10","","","G. Perdagangan Besar dan Eceran, Reparasi Mobil dan Sepeda Motor","SBR"],
    ["96710","ARTA AGUNG CEMERLANG","JALAN STELLA IV NOMOR 12","prelist","MEDAN TUNTUNGAN","SIMPANG SELAYANG","LINGKUNGAN 13","","","M. Jasa Profesional, Ilmiah, dan Teknis","SBR"],
    ["96718","PT BIOTECH FARMA","JAMIN GINTING KM 8,5","prelist","MEDAN TUNTUNGAN","MANGGA","LINGKUNGAN 5","","","G. Perdagangan Besar dan Eceran, Reparasi Mobil dan Sepeda Motor","SBR"],
    ["96757","LN ENGINEERING","JL JAMIN GINTING GG KARYA","prelist","MEDAN TUNTUNGAN","SIMPANG SELAYANG","LINGKUNGAN 1","","","G. Perdagangan Besar dan Eceran, Reparasi Mobil dan Sepeda Motor","SBR"],
    ["96792","ALPHA GEMILANG SEJAHTERA","JL BUNGA RINTE LK XIV","prelist","MEDAN TUNTUNGAN","SIMPANG SELAYANG","LINGKUNGAN 17","","","G. Perdagangan Besar dan Eceran, Reparasi Mobil dan Sepeda Motor","SBR"],
    ["96794","QUABI SOLAGO","JL FLORA III SIMPANG SELAYANG","prelist","MEDAN TUNTUNGAN","SIMPANG SELAYANG","LINGKUNGAN 12","","","G. Perdagangan Besar dan Eceran, Reparasi Mobil dan Sepeda Motor","SBR"],
    ["96874","PELITA JAYA NUSANTARA","BUNGA TURI II","prelist","MEDAN TUNTUNGAN","SIDOMULYO","LINGKUNGAN 4","","","P. Pendidikan","SBR"],
    ["96949","NAFARIZ PUTRA BERJAYA","JL NILAM XI","prelist","MEDAN TUNTUNGAN","MANGGA","LINGKUNGAN 23","","","G. Perdagangan Besar dan Eceran, Reparasi Mobil dan Sepeda Motor","SBR"],
    ["96972","CAHAYA KEMILAU NATANA","JL. SETIA BUDI UJUNG KOMP. GRIYA SYAFIRA","prelist","MEDAN TUNTUNGAN","SIMPANG SELAYANG","LINGKUNGAN 9","","","G. Perdagangan Besar dan Eceran, Reparasi Mobil dan Sepeda Motor","SBR"],
    ["97050","TETAP JAYA AGRO","JL SETIA BUDI PERUMAHAN SETIA BUDI RAYA","prelist","MEDAN TUNTUNGAN","SIMPANG SELAYANG","LINGKUNGAN 16","","","A. Pertanian, Kehutanan, dan Perikanan","SBR"],
    ["97069","DIMITRI UTAMA","JL PETUNIA VII NO 19 PERUM GRIYA NUSA TIGA","prelist","MEDAN TUNTUNGAN","NAMO GAJAH","LINGKUNGAN 2","","","G. Perdagangan Besar dan Eceran, Reparasi Mobil dan Sepeda Motor","SBR"],
    ["97128","GARISTA BERSAMA UTAMA","KOMPLEK ROYAL SUMATERA CLUSTER TOPAZ NOMOR 60","prelist","MEDAN TUNTUNGAN","MANGGA","LINGKUNGAN 5","","","L. Real Estat","SBR"],
    ["97167","BINAR ALAM SEMESTA","JL JAMIN GINTING GG BENDUNGAN III","prelist","MEDAN TUNTUNGAN","MANGGA","LINGKUNGAN 2","","","G. Perdagangan Besar dan Eceran, Reparasi Mobil dan Sepeda Motor","SBR"],
    ["97175","ARIRA TOP IN DONOVAN","JL. BUNGA RAMPAI II LINGK II","prelist","MEDAN TUNTUNGAN","SIMALINGKAR B","LINGKUNGAN 1","","","G. Perdagangan Besar dan Eceran, Reparasi Mobil dan Sepeda Motor","SBR"],
    ["97208","BIO INDONESIA BAROKAH","JL FLAMBOYAN RAYA","prelist","MEDAN TUNTUNGAN","TANJUNG SELAMAT","LINGKUNGAN 4","","","G. Perdagangan Besar dan Eceran, Reparasi Mobil dan Sepeda Motor","SBR"],
    ["97210","BINA ARTHA PRATAMA","JL LETJEN JAMIN GINTING LK II","prelist","MEDAN TUNTUNGAN","SIMPANG SELAYANG","LINGKUNGAN 2","","","G. Perdagangan Besar dan Eceran, Reparasi Mobil dan Sepeda Motor","SBR"],
    ["97231","GIHON JUMA SENTOSA","JL LETJEND JAMIN GINTING KM 9,5 GG PINEM","prelist","MEDAN TUNTUNGAN","MANGGA","LINGKUNGAN 1","","","G. Perdagangan Besar dan Eceran, Reparasi Mobil dan Sepeda Motor","SBR"],
    ["97278","BASK PERSADA","JL LADANG","prelist","MEDAN TUNTUNGAN","MANGGA","LINGKUNGAN 1","","","G. Perdagangan Besar dan Eceran, Reparasi Mobil dan Sepeda Motor","SBR"],
    ["97325","MIRANDA JAYA","JL NUSA INDAH II","prelist","MEDAN TUNTUNGAN","SIMPANG SELAYANG","LINGKUNGAN 9","","","G. Perdagangan Besar dan Eceran, Reparasi Mobil dan Sepeda Motor","SBR"],
    ["97414","RAJA VAN II KONSULTAN","JL KEMENYAN 4","prelist","MEDAN TUNTUNGAN","MANGGA","LINGKUNGAN 19","","","M. Jasa Profesional, Ilmiah, dan Teknis","SBR"],
    ["97417","CV. ANGKASA SAMUDRA GEMILANG","JL. BUNGA SAKURA 3 LINGKUNGAN I","prelist","MEDAN TUNTUNGAN","TANJUNG SELAMAT","LINGKUNGAN 2","","","F. Konstruksi","SBR"],
    ["97420","JAYA PARNA MANDIRI","JL. VANILI RAYA NO. 99, MANGGA","prelist","MEDAN TUNTUNGAN","MANGGA","LINGKUNGAN 17","","","G. Perdagangan Besar dan Eceran, Reparasi Mobil dan Sepeda Motor","SBR"],
    ["97562","LPK KAIZEN NIREL CENTRE","JL TEMBAKAU RAYA PERUMNAS SIMALINGKAR","prelist","MEDAN TUNTUNGAN","MANGGA","LINGKUNGAN 15","","","P. Pendidikan","SBR"],
    ["97591","GIAN ARTHA INDO","KOMP. BUNGA PARIAMA PERMAI","prelist","MEDAN TUNTUNGAN","MANGGA","LINGKUNGAN 4","","","G. Perdagangan Besar dan Eceran, Reparasi Mobil dan Sepeda Motor","SBR"],
    ["97614","BERKAT HEMAT WISATA","JL BUNGA NCOLE RAYA LK II","prelist","MEDAN TUNTUNGAN","KEMENANGAN TANI","LINGKUNGAN 5","","","N. Jasa Persewaan, Ketenagakerjaan, Agen Perjalanan, dan Jasa Pendukung","SBR"],
    ["97630","BUKIT EMAS HIMALAYA","JL. BUNGA SAKURA PERUM TAMAN ALAMANDA","prelist","MEDAN TUNTUNGAN","TANJUNG SELAMAT","LINGKUNGAN 9","","","G. Perdagangan Besar dan Eceran, Reparasi Mobil dan Sepeda Motor","SBR"],
    ["97664","MIMIKA PUTRA JAYA","JL. FLAMBOYAN RAYA","prelist","MEDAN TUNTUNGAN","TANJUNG SELAMAT","LINGKUNGAN 9","","","N. Jasa Persewaan, Ketenagakerjaan, Agen Perjalanan, dan Jasa Pendukung","SBR"],
    ["97718","HUTAMARAYA MANDIRI","JL KOPI 10","prelist","MEDAN TUNTUNGAN","MANGGA","LINGKUNGAN 6","","","G. Perdagangan Besar dan Eceran, Reparasi Mobil dan Sepeda Motor","SBR"],
    ["97833","PT MUTIARA PANCA REKAYASA","JALAN FLAMBOYAN KOMPLEK TAMAN ANGGREK SETIABUDI","prelist","MEDAN TUNTUNGAN","TANJUNG SELAMAT","LINGKUNGAN 9","","","G. Perdagangan Besar dan Eceran, Reparasi Mobil dan Sepeda Motor","SBR"],
    ["97860","SINAR CIPTA MANDIRI","JL KOPI X","prelist","MEDAN TUNTUNGAN","MANGGA","LINGKUNGAN 6","","","G. Perdagangan Besar dan Eceran, Reparasi Mobil dan Sepeda Motor","SBR"],
    ["97878","DIORI GETEP NUSANTARA","JL BUNGA TEROMPET PERUM SEJAHTERA INDAH 2 LK VI","prelist","MEDAN TUNTUNGAN","SIMPANG SELAYANG","LINGKUNGAN 2","","","G. Perdagangan Besar dan Eceran, Reparasi Mobil dan Sepeda Motor","SBR"],
    ["97889","DELTA REKATAMA KONSTRUKSI","JALAN FLAMBOYAN RAYA","prelist","MEDAN TUNTUNGAN","TANJUNG SELAMAT","LINGKUNGAN 4","","","M. Jasa Profesional, Ilmiah, dan Teknis","SBR"],
    ["97954","AGIA PERSADA","JL. KOPRA I P. SIMALINGKAR","prelist","MEDAN TUNTUNGAN","MANGGA","LINGKUNGAN 19","","","G. Perdagangan Besar dan Eceran, Reparasi Mobil dan Sepeda Motor","SBR"],
    ["98013","NASIONAL GANESA","JL.BUNGA SAKURA II, TANJUNG SELAMAT","prelist","MEDAN TUNTUNGAN","TANJUNG SELAMAT","LINGKUNGAN 1","","","G. Perdagangan Besar dan Eceran, Reparasi Mobil dan Sepeda Motor","SBR"],
    ["98062","PELANGI KARYA GEMILANG","JL. KAPITEN PURBA LK. III","prelist","MEDAN TUNTUNGAN","MANGGA","LINGKUNGAN 4","","","G. Perdagangan Besar dan Eceran, Reparasi Mobil dan Sepeda Motor","SBR"],
    ["98070","JAYA MILLING INDUSTRI","JL. PASAR I LINGK. VIII NO.50-A, SUNGGAL","prelist","MEDAN TUNTUNGAN","TANJUNG SELAMAT","LINGKUNGAN 7","","","C. Industri Pengolahan","SBR"],
    ["98101","BUANA ANDALAS SEJAHTERA","JL LIZARDI PUTRA KOMPLEK SETIA BUDI VISTA LK X","prelist","MEDAN TUNTUNGAN","SIMPANG SELAYANG","LINGKUNGAN 10","","","G. Perdagangan Besar dan Eceran, Reparasi Mobil dan Sepeda Motor","SBR"],
    ["98120","AGUNG BENGAWAN ABADI","JL BUNGA SAKURA RAYA KOMPLEK MBC LK IV","prelist","MEDAN TUNTUNGAN","TANJUNG SELAMAT","LINGKUNGAN 1","","","G. Perdagangan Besar dan Eceran, Reparasi Mobil dan Sepeda Motor","SBR"],
    ["98155","SEKOLAH TINGGI ILMU KESEHATAN SUMATERA UTARA","JL LETJEN JAMIN GINTING LK I","prelist","MEDAN TUNTUNGAN","LAU CIH","LINGKUNGAN 1","","","P. Pendidikan","SBR"],
    ["98201","REGINA KONSTRUKSI","JL. JAMIN GINTING KOMPLEK ALAM ASRI","prelist","MEDAN TUNTUNGAN","SIDOMULYO","LINGKUNGAN 2","","","G. Perdagangan Besar dan Eceran, Reparasi Mobil dan Sepeda Motor","SBR"],
    ["98212","ALAMTAMANINDO INDAHLESTARI","JL TEMBAGA GG KUNINGAN LINGK.VIII NO.10 RT/RW 00/00","prelist","MEDAN TUNTUNGAN","TANJUNG SELAMAT","LINGKUNGAN 7","","","G. Perdagangan Besar dan Eceran, Reparasi Mobil dan Sepeda Motor","SBR"],
    ["98214","BANGUN KARYA ABADI","JL.KARET RAYA LK VII NO 17, MANGGA","prelist","MEDAN TUNTUNGAN","MANGGA","LINGKUNGAN 9","","","G. Perdagangan Besar dan Eceran, Reparasi Mobil dan Sepeda Motor","SBR"],
    ["98292","THEO JAYA ABADI","JL CENGKEH 2 NO. 3 P SIMALINGKAR, MANGGA","prelist","MEDAN TUNTUNGAN","MANGGA","LINGKUNGAN 11","","","G. Perdagangan Besar dan Eceran, Reparasi Mobil dan Sepeda Motor","SBR"],
    ["98379","AGNOV JAYA","JL KAPITEN PURBA III","prelist","MEDAN TUNTUNGAN","MANGGA","LINGKUNGAN 4","","","G. Perdagangan Besar dan Eceran, Reparasi Mobil dan Sepeda Motor","SBR"],
    ["98384","HARONDA SARANA SUKSES","JL SETIA BUDI UJUNG RUKO CITRA SETIA BUDI","prelist","MEDAN TUNTUNGAN","SIMPANG SELAYANG","LINGKUNGAN 2","","","G. Perdagangan Besar dan Eceran, Reparasi Mobil dan Sepeda Motor","SBR"],
    ["98389","ILHAM ABADI SEJAHTERA","JL.KOPI 6 NO.14P.SIMALINGKAR LK VI RT. 00 RW. 00","prelist","MEDAN TUNTUNGAN","MANGGA","LINGKUNGAN 6","","","G. Perdagangan Besar dan Eceran, Reparasi Mobil dan Sepeda Motor","SBR"],
    ["98405","GREEN KARYA MULIA","JL. FLAMBOYAN KOMPLEK TAMAN ASOKA ASRI","prelist","MEDAN TUNTUNGAN","TANJUNG SELAMAT","LINGKUNGAN 9","","","G. Perdagangan Besar dan Eceran, Reparasi Mobil dan Sepeda Motor","SBR"],
    ["98457","PANUPPAK ARTA JAYA","JL SAGU 12 LK XXI PERUMNAS SIMALINGKAR","prelist","MEDAN TUNTUNGAN","MANGGA","LINGKUNGAN 21","","","F. Konstruksi","SBR"],
    ["98516","PENATA KARYA KELUARGA UTAMA","JL KOPRA I PERUMNAS","prelist","MEDAN TUNTUNGAN","MANGGA","LINGKUNGAN 19","","","G. Perdagangan Besar dan Eceran, Reparasi Mobil dan Sepeda Motor","SBR"],
    ["98592","RINITA","JL BUNGA RINTE PERUM ERAHA ANGGREK LK XVII","prelist","MEDAN TUNTUNGAN","SIMPANG SELAYANG","LINGKUNGAN 17","","","G. Perdagangan Besar dan Eceran, Reparasi Mobil dan Sepeda Motor","SBR"],
    ["98596","CITRA HAGANTA","JL PINUS RAYA MANGGA","prelist","MEDAN TUNTUNGAN","MANGGA","LINGKUNGAN 13","","","F. Konstruksi","SBR"],
    ["98615","RIMBA KENCANA MANDIRI","JL. LETJEN JAMIN GINTING KM 12,5 LK. I","prelist","MEDAN TUNTUNGAN","LAU CIH","LINGKUNGAN 2","","","H. Transportasi dan Pergudangan","SBR"],
    ["98752","OVI ANUGERAH PERDANA","JL JAMIN GINTING KOMP GRAND SUMATERA RUKO","prelist","MEDAN TUNTUNGAN","MANGGA","LINGKUNGAN 2","","","G. Perdagangan Besar dan Eceran, Reparasi Mobil dan Sepeda Motor","SBR"],
    ["98784","SINERGI OPTIMA KONSULTAN","JL BUNGA RAMPAI 3 LK V","prelist","MEDAN TUNTUNGAN","SIMALINGKAR B","LINGKUNGAN 5","","","M. Jasa Profesional, Ilmiah, dan Teknis","SBR"],
    ["98806","KARO LINGGA","SEROJA RAYA PERUM PURI MEDAN PERMAI NO 4 A, TANJUNG SELAMAT","prelist","MEDAN TUNTUNGAN","TANJUNG SELAMAT","LINGKUNGAN 8","","","G. Perdagangan Besar dan Eceran, Reparasi Mobil dan Sepeda Motor","SBR"],
    ["98896","TABI MURA JAYA","JL MERPATI NO. 95, TANJUNG SELAMAT","prelist","MEDAN TUNTUNGAN","TANJUNG SELAMAT","LINGKUNGAN 9","","","G. Perdagangan Besar dan Eceran, Reparasi Mobil dan Sepeda Motor","SBR"],
    ["98949","GUNUNG JAYA","JL.PANTJUR BATU KM.8,5, MANGGA","prelist","MEDAN TUNTUNGAN","MANGGA","LINGKUNGAN 5","","","G. Perdagangan Besar dan Eceran, Reparasi Mobil dan Sepeda Motor","SBR"],
    ["98973","KIO","JL FLAMBOYAN 9","prelist","MEDAN TUNTUNGAN","TANJUNG SELAMAT","LINGKUNGAN 3","","","F. Konstruksi","SBR"],
    ["99016","MITRA ALIH BELANJA","JL. BUNGA RAMPAI 1. GG. KELUARGA NO.7","prelist","MEDAN TUNTUNGAN","SIMALINGKAR B","LINGKUNGAN 1","","","G. Perdagangan Besar dan Eceran, Reparasi Mobil dan Sepeda Motor","SBR"],
    ["99027","GBP WORLD","JL JAMIN GINTING KOMPLEK ROYAL SUMATERA CLUSTER TOPAZ","prelist","MEDAN TUNTUNGAN","MANGGA","LINGKUNGAN 5","","","M. Jasa Profesional, Ilmiah, dan Teknis","SBR"],
    ["99101","SUKSES UTAMA KARYA","JL IRIGASI IV LK IV","prelist","MEDAN TUNTUNGAN","KEMENANGAN TANI","LINGKUNGAN 4","","","M. Jasa Profesional, Ilmiah, dan Teknis","SBR"],
    ["99143","BANGUN GRAHA MANDIRI","JL.TEMBAKAU III NO.12 P.SIMALINGKAR","prelist","MEDAN TUNTUNGAN","MANGGA","LINGKUNGAN 24","","","G. Perdagangan Besar dan Eceran, Reparasi Mobil dan Sepeda Motor","SBR"],
    ["99165","KAWAN AWAK GROUP","JL LIZARDI PUTRA","prelist","MEDAN TUNTUNGAN","SIMPANG SELAYANG","LINGKUNGAN 10","","","F. Konstruksi","SBR"],
    ["99322","PERGURUAN KRISTEN PUTERI SION","JL JAMIN GINTING KM 9.5 NO. 160, MANGGA","prelist","MEDAN TUNTUNGAN","SIMPANG SELAYANG","LINGKUNGAN 7","","","P. Pendidikan","SBR"],
    ["99339","TRIER","KOMP.STELLA RESIDENCE BLOK.J NO.1 LK XIII, SIMPANG SELAYANG","prelist","MEDAN TUNTUNGAN","SIMPANG SELAYANG","LINGKUNGAN 2","","","G. Perdagangan Besar dan Eceran, Reparasi Mobil dan Sepeda Motor","SBR"],
    ["99379","PERSAHABATAN GERMAN INDONESIA","JL FLAMBOYAN RAYA KOMPLEK WAIKIKI","prelist","MEDAN TUNTUNGAN","TANJUNG SELAMAT","LINGKUNGAN 9","","","P. Pendidikan","SBR"],
    ["99389","YOFA MANDIRI","JL. SEROJA RAYA","prelist","MEDAN TUNTUNGAN","TANJUNG SELAMAT","LINGKUNGAN 7","","","G. Perdagangan Besar dan Eceran, Reparasi Mobil dan Sepeda Motor","SBR"],
    ["99400","DE AN","JL BUNGA RINTE GG MAWAR I","prelist","MEDAN TUNTUNGAN","SIMPANG SELAYANG","LINGKUNGAN 1","","","G. Perdagangan Besar dan Eceran, Reparasi Mobil dan Sepeda Motor","SBR"],
    ["99443","ELTEGE MELIKAS PRATAMA","JALAN LETJEN JAMIN GINTING KM 8 LK I","prelist","MEDAN TUNTUNGAN","MANGGA","LINGKUNGAN 1","","","G. Perdagangan Besar dan Eceran, Reparasi Mobil dan Sepeda Motor","SBR"],
    ["99454","D JAMIN GINTING ABADI","JL JAMIN GINTING KM 9,3 LINGK III","prelist","MEDAN TUNTUNGAN","MANGGA","LINGKUNGAN 1","","","H. Transportasi dan Pergudangan","SBR"],
    ["99458","PENDIDIKAN MEDAN AREA MANDIRI","JL NILAM RAYA","prelist","MEDAN TUNTUNGAN","MANGGA","LINGKUNGAN 21","","","P. Pendidikan","SBR"],
    ["99469","SHAFERA ENVIRO LABORATORIUM","JL JAMIN GINTING","prelist","MEDAN TUNTUNGAN","SIDOMULYO","LINGKUNGAN 2","","","M. Jasa Profesional, Ilmiah, dan Teknis","SBR"],
    ["99484","LEMBAGA PENDIDIKAN IZZY FAM'S CLUB","JL. TEMABAKAU RAYA NO. 43-A PERUMNAS SIMALINGKAR","prelist","MEDAN TUNTUNGAN","MANGGA","LINGKUNGAN 22","","","P. Pendidikan","SBR"],
    ["99516","RAJAWALI MAJU JAYA","JL. TEMBAKAU RAYA P. SIMALINGKAR","prelist","MEDAN TUNTUNGAN","MANGGA","LINGKUNGAN 17","","","G. Perdagangan Besar dan Eceran, Reparasi Mobil dan Sepeda Motor","SBR"],
    ["99548","KOPERASI SEHAT SEJAHTERA MANDIRI","JLN.SEROJA RAYA PERUMAHAN TAMAN PESONA INDAH","prelist","MEDAN TUNTUNGAN","TANJUNG SELAMAT","LINGKUNGAN 9","","","K. Aktivitas Keuangan Dan Asuransi","SBR"],
    ["99682","SWARNADWIPA PROPERTI INDONESIA","JALAN LETJEND JAMIN GINTING KM 8,5","prelist","MEDAN TUNTUNGAN","MANGGA","LINGKUNGAN 1","","","N. Jasa Persewaan, Ketenagakerjaan, Agen Perjalanan, dan Jasa Pendukung","SBR"],
    ["99692","CV. FOKUS KARYA","JL. BUNGA SAKURA KOMP. MBC","prelist","MEDAN TUNTUNGAN","TANJUNG SELAMAT","LINGKUNGAN 1","","","F. Konstruksi","SBR"],
    ["99696","SADA NIOGATA","JL. VANILI I PERUMNAS SIMALINGKAR LK.XVII NO 95, MANGGA","prelist","MEDAN TUNTUNGAN","MANGGA","LINGKUNGAN 17","","","G. Perdagangan Besar dan Eceran, Reparasi Mobil dan Sepeda Motor","SBR"],
    ["99732","SANGGAR SEMENDA PRODUCTION","JALAN SERIMPI IV","prelist","MEDAN TUNTUNGAN","NAMO GAJAH","LINGKUNGAN 1","","","P. Pendidikan","SBR"],
    ["99954","TERBIT MANDIRI TERULITA","JL JAMIN GINTING KM 12,5","prelist","MEDAN TUNTUNGAN","LAU CIH","LINGKUNGAN 2","","","H. Transportasi dan Pergudangan","SBR"],
    ["99973","LAURA STAR MANDIRI","JALAN FLAMBOYAN DALAM","prelist","MEDAN TUNTUNGAN","TANJUNG SELAMAT","LINGKUNGAN 5","","","G. Perdagangan Besar dan Eceran, Reparasi Mobil dan Sepeda Motor","SBR"],
    ["100008","PERS ANDALAN BANGSA","JL SETIA BUDI UJUNG SIMPANG JL LIZARDI PUTRA RUKO LK XVI","prelist","MEDAN TUNTUNGAN","SIMPANG SELAYANG","LINGKUNGAN 10","","","J. Informasi dan Komunikasi","SBR"],
    ["100100","SANGKURIANG","JL.STELLA RAYA /2 KOMP.KEJAKSAAN, SIMPANG SELAYANG","prelist","MEDAN TUNTUNGAN","SIMPANG SELAYANG","LINGKUNGAN 13","","","G. Perdagangan Besar dan Eceran, Reparasi Mobil dan Sepeda Motor","SBR"],
    ["100200","JOSHAN MANDIRI","JL. SEROJA PERUMAHAN ROYAL GALAXY","prelist","MEDAN TUNTUNGAN","TANJUNG SELAMAT","LINGKUNGAN 8","","","F. Konstruksi","SBR"],
    ["100229","KARYA GUNA","JL. KAPITEN PURBA PERUM BEKALA ASRI","prelist","MEDAN TUNTUNGAN","MANGGA","LINGKUNGAN 5","","","G. Perdagangan Besar dan Eceran, Reparasi Mobil dan Sepeda Motor","SBR"],
    ["100349","PAHUTAR PANJAYA PERSADA","JALAN TEMBAKAU RAYA MEDAN","prelist","MEDAN TUNTUNGAN","MANGGA","LINGKUNGAN 22","","","N. Jasa Persewaan, Ketenagakerjaan, Agen Perjalanan, dan Jasa Pendukung","SBR"],
    ["100363","ORINAME INDONESIA","JL. FLAMBOYAN RAYA PERUM TAMAN ANGGREK SETIA BUDI BLOK B","prelist","MEDAN TUNTUNGAN","TANJUNG SELAMAT","LINGKUNGAN 9","","","P. Pendidikan","SBR"],
    ["100385","JENNY ERA MONICA","JL VILLA SETIA BUDI","prelist","MEDAN TUNTUNGAN","TANJUNG SELAMAT","LINGKUNGAN 6","","","A. Pertanian, Kehutanan, dan Perikanan","SBR"],
    ["100401","MAXLEON LITANI","JALAN TEMBAKAU RAYA","prelist","MEDAN TUNTUNGAN","MANGGA","LINGKUNGAN 22","","","A. Pertanian, Kehutanan, dan Perikanan","SBR"],
    ["100405","SUMBER BUMI SEJAHTERA GAHARU","JL JAMIN GINTING 36 A LK","prelist","MEDAN TUNTUNGAN","MANGGA","LINGKUNGAN 1","","","A. Pertanian, Kehutanan, dan Perikanan","SBR"],
    ["100448","GOTTHARO ENVIRO CONSULTANT","PERUMAHAN TAMAN ANGGREK SETIA BUDI CATTLEYA","prelist","MEDAN TUNTUNGAN","TANJUNG SELAMAT","LINGKUNGAN 9","","","G. Perdagangan Besar dan Eceran, Reparasi Mobil dan Sepeda Motor","SBR"],
    ["100537","ABADI IBRENA MELIALA","JL KARET RAYA NO 1 PERUMNAS SIMALINGKAR","prelist","MEDAN TUNTUNGAN","MANGGA","LINGKUNGAN 3","","","M. Jasa Profesional, Ilmiah, dan Teknis","SBR"],
    ["100640","TIGA DARA JAYA","JL BUNGA MALEM UTAMA LK III","prelist","MEDAN TUNTUNGAN","LAU CIH","LINGKUNGAN 1","","","F. Konstruksi","SBR"],
    ["100750","FAJAR JAYA BANGUN","SEROJA RAYA","prelist","MEDAN TUNTUNGAN","TANJUNG SELAMAT","LINGKUNGAN 7","","","F. Konstruksi","SBR"],
    ["100790","ANUGRAH BERLIAN KENCANA","JL. TEMBAKAU III NO. 20 PERUMNAS, MANGGA","prelist","MEDAN TUNTUNGAN","MANGGA","LINGKUNGAN 24","","","G. Perdagangan Besar dan Eceran, Reparasi Mobil dan Sepeda Motor","SBR"],
    ["100823","AUDREY AGUNG ANUGRAH","JL IRIGASI BARU","prelist","MEDAN TUNTUNGAN","KEMENANGAN TANI","LINGKUNGAN 4","","","G. Perdagangan Besar dan Eceran, Reparasi Mobil dan Sepeda Motor","SBR"],
    ["100828","KLINIK PRATAMA RAWAT JALAN SIMPANG TUNTUNGAN","JL BUNGA KEMUNING","prelist","MEDAN TUNTUNGAN","LADANG BAMBU","LINGKUNGAN 1","","","Q. Jasa Kesehatan dan Kegiatan Sosial","SBR"],
    ["100942","DARIS RAYA KREATIF","JALAN BUNGA PARIAMA I KOMPLEK PURI ADAM MALIK","prelist","MEDAN TUNTUNGAN","LADANG BAMBU","LINGKUNGAN 5","","","G. Perdagangan Besar dan Eceran, Reparasi Mobil dan Sepeda Motor","SBR"],
    ["101094","PARTOGI CONSULTANT","JL SEROJA RAYA KOMPLEK PURI MEDAN PERMAI","prelist","MEDAN TUNTUNGAN","TANJUNG SELAMAT","LINGKUNGAN 8","","","M. Jasa Profesional, Ilmiah, dan Teknis","SBR"],
    ["101170","IPMI MULTIMEDIA JAYA","JL. PALES RAYA GG. INPRES NO. 32","prelist","MEDAN TUNTUNGAN","SIMPANG SELAYANG","LINGKUNGAN 15","","","N. Jasa Persewaan, Ketenagakerjaan, Agen Perjalanan, dan Jasa Pendukung","SBR"],
    ["101208","JOGI MANDIRI","JL BUNGA RINTE PERUMAHAN STELLA RESIDENCE","prelist","MEDAN TUNTUNGAN","SIMPANG SELAYANG","LINGKUNGAN 13","","","F. Konstruksi","SBR"],
    ["101227","ARKANOID","JL. VANILI 12 LK. XVII","prelist","MEDAN TUNTUNGAN","MANGGA","LINGKUNGAN 17","","","G. Perdagangan Besar dan Eceran, Reparasi Mobil dan Sepeda Motor","SBR"],
    ["101255","BINTANG CAKRA METROTEK LESTARI","JALAN JAMIN GINTING VILLA ZEQITA NOMOR G4","prelist","MEDAN TUNTUNGAN","LAU CIH","LINGKUNGAN 1","","","G. Perdagangan Besar dan Eceran, Reparasi Mobil dan Sepeda Motor","SBR"],
    ["101269","TRI SINTESA INTEGRITAS","STELLA RESIDENCE BLOK M NO. 03","prelist","MEDAN TUNTUNGAN","SIMPANG SELAYANG","LINGKUNGAN 13","","","N. Jasa Persewaan, Ketenagakerjaan, Agen Perjalanan, dan Jasa Pendukung","SBR"],
    ["101367","BERJOET MEDIA SIPASNA","JALAN LETJEN JAMIN GINTING NOMOR 56 MEDAN","prelist","MEDAN TUNTUNGAN","KEMENANGAN TANI","LINGKUNGAN 1","","","J. Informasi dan Komunikasi","SBR"],
    ["101382","JELAJAH PULAU INDONESIA","JL FLAMBOYAN RAYA KOMP WAIKIKI","prelist","MEDAN TUNTUNGAN","TANJUNG SELAMAT","LINGKUNGAN 9","","","N. Jasa Persewaan, Ketenagakerjaan, Agen Perjalanan, dan Jasa Pendukung","SBR"],
    ["101411","FIRANO RICCO ABADI","JL SAWIT RAYA PERUMNAS SIMALINGKAR","prelist","MEDAN TUNTUNGAN","MANGGA","LINGKUNGAN 9","","","G. Perdagangan Besar dan Eceran, Reparasi Mobil dan Sepeda Motor","SBR"],
    ["101426","PENJAGA LANGIT BIRU","JL TEMBAKAU RAYA","prelist","MEDAN TUNTUNGAN","MANGGA","LINGKUNGAN 22","","","H. Transportasi dan Pergudangan","SBR"],
    ["101450","PERCA BANGUN PERSADA","JL LETJEN JAMIN GINTING KM 12","prelist","MEDAN TUNTUNGAN","KEMENANGAN TANI","LINGKUNGAN 1","","","M. Jasa Profesional, Ilmiah, dan Teknis","SBR"],
    ["101465","ARCA MAKMUR ABADI","JL. FLAMBOYAN I KOMP. TAMAN ASOKA ASRI","prelist","MEDAN TUNTUNGAN","TANJUNG SELAMAT","LINGKUNGAN 6","","","M. Jasa Profesional, Ilmiah, dan Teknis","SBR"],
    ["101533","WONDERFUL INDONESIA TOUR AND TRAVEL","JL TALI AIR KOMPLEK BELLA VISTA","prelist","MEDAN TUNTUNGAN","MANGGA","LINGKUNGAN 4","","","N. Jasa Persewaan, Ketenagakerjaan, Agen Perjalanan, dan Jasa Pendukung","SBR"],
    ["101560","MARI INDONESIA BERSINAR","JL. NUSA INDAH 4 LK-IX","prelist","MEDAN TUNTUNGAN","SIMPANG SELAYANG","LINGKUNGAN 9","","","Q. Jasa Kesehatan dan Kegiatan Sosial","SBR"],
    ["101718","YAYASAN PELESTARIAN SENI BUDAYA","JAMIN GINTING","prelist","MEDAN TUNTUNGAN","SIMPANG SELAYANG","LINGKUNGAN 2","","","P. Pendidikan","SBR"],
    ["101719","MULTI POLARINDO","JL FLAMBOYAN RAYA","prelist","MEDAN TUNTUNGAN","TANJUNG SELAMAT","LINGKUNGAN 4","","","G. Perdagangan Besar dan Eceran, Reparasi Mobil dan Sepeda Motor","SBR"],
    ["101761","DANISH PUTRA PRATAMA","JL BUNGA STELLA RAYA KOMP STELLA RESIDENCE BLOK EE NO 12","prelist","MEDAN TUNTUNGAN","SIMPANG SELAYANG","LINGKUNGAN 2","","","N. Jasa Persewaan, Ketenagakerjaan, Agen Perjalanan, dan Jasa Pendukung","SBR"],
    ["101833","SANTU YOSEF MEDAN","JL BOUGENVIL LK X","prelist","MEDAN TUNTUNGAN","TANJUNG SELAMAT","LINGKUNGAN 7","","","Q. Jasa Kesehatan dan Kegiatan Sosial","SBR"],
    ["101933","BABO CONSULTANT","JL PALES I LK VII","prelist","MEDAN TUNTUNGAN","SIMPANG SELAYANG","LINGKUNGAN 7","","","M. Jasa Profesional, Ilmiah, dan Teknis","SBR"],
    ["101966","ANUGERAH SEJAHTERA","JAMIN GINTING ASPOL BLOK G NO.12","prelist","MEDAN TUNTUNGAN","SIMPANG SELAYANG","LINGKUNGAN 2","","","C. Industri Pengolahan","SBR"],
    ["101969","TK ISLAM SITI HAJAR","JL. JAMIN GINTING KM 11 PAYA BUNDUNG","prelist","MEDAN TUNTUNGAN","SIMPANG SELAYANG","LINGKUNGAN 3","","","P. Pendidikan","SBR"],
    ["102066","ANUGERAH MITRA SAINSINDO","VILLA SETIA BUDI FLAMBOYAN JL. FLAMBOYAN RAYA","prelist","MEDAN TUNTUNGAN","TANJUNG SELAMAT","LINGKUNGAN 6","","","G. Perdagangan Besar dan Eceran, Reparasi Mobil dan Sepeda Motor","SBR"],
    ["102083","HARIAN BERITA ONLINE","PETUNIA LLL","prelist","MEDAN TUNTUNGAN","NAMO GAJAH","LINGKUNGAN 2","","","R. Kesenian, Hiburan, dan Rekreasi","SBR"],
    ["102100","SINAR TERANG SEJAHTERA","JL JAMIN GINTING GG PESONA PSR VI","prelist","MEDAN TUNTUNGAN","SIMPANG SELAYANG","LINGKUNGAN 2","","","G. Perdagangan Besar dan Eceran, Reparasi Mobil dan Sepeda Motor","SBR"],
    ["102135","ANDALAN PRIMA SEJAHTERA","JL. JAMIN GINTING GG. BUDI BUKIT NO. 6, MANGGA","prelist","MEDAN TUNTUNGAN","MANGGA","LINGKUNGAN 3","","","J. Informasi dan Komunikasi","SBR"],
    ["102136","AZZAHRA MANDIRI JAYA","JALAN BUNGA RINTE PERUMAHAN GRAHA ANGGREK BLOK B NO. 38","prelist","MEDAN TUNTUNGAN","SIMPANG SELAYANG","LINGKUNGAN 17","","","G. Perdagangan Besar dan Eceran, Reparasi Mobil dan Sepeda Motor","SBR"],
    ["102146","MULTIMEDIA BACA INDONESIA","JALAN FLAMBOYAN RAYA KOMPLEKS DOSEN EKONOMI USU NOMOR 03","prelist","MEDAN TUNTUNGAN","TANJUNG SELAMAT","LINGKUNGAN 9","","","C. Industri Pengolahan","SBR"],
    ["102157","PENDIDIKAN NASIONAL BHARLIND","JL. LETJEN JAMIN GINTING KM.10,5","prelist","MEDAN TUNTUNGAN","SIMPANG SELAYANG","LINGKUNGAN 5","","","P. Pendidikan","SBR"],
    ["102163","PRANATA EKA JAYA","JL SAWIT RAYA","prelist","MEDAN TUNTUNGAN","MANGGA","LINGKUNGAN 9","","","H. Transportasi dan Pergudangan","SBR"],
    ["102198","SAMAERI ANAK BANGSA","JALAN PACAR","prelist","MEDAN TUNTUNGAN","NAMO GAJAH","LINGKUNGAN 2","","","Q. Jasa Kesehatan dan Kegiatan Sosial","SBR"],
    ["102227","MAJU STEEL PERKASA","JL BUNGA SAKURA A-5 /267 B","prelist","MEDAN TUNTUNGAN","TANJUNG SELAMAT","LINGKUNGAN 1","","","G. Perdagangan Besar dan Eceran, Reparasi Mobil dan Sepeda Motor","SBR"],
    ["102243","ROYAL AGRO SUKSES GEMILANG","JL JAMIN GINTING KM 8,5 KOMPLEK ROYAL SUMATERA","prelist","MEDAN TUNTUNGAN","MANGGA","LINGKUNGAN 2","","","G. Perdagangan Besar dan Eceran, Reparasi Mobil dan Sepeda Motor","SBR"],
    ["102248","MELATI INDAH LAUNDRY","JL.JAMIN GINTING NO.89-H KOMP.ROYAL PLATINUM RT. 0 RW. 0","prelist","MEDAN TUNTUNGAN","MANGGA","LINGKUNGAN 1","","","S. Aktivitas Jasa Lainnya","SBR"],
    ["102289","SUPIR BEKO <FERI PARULIAN HASIBUAN>","PERUMAHAN PARIAMA BLOK E LK 5","prelist","MEDAN TUNTUNGAN","LADANG BAMBU","LINGKUNGAN 5","","","B. Pertambangan dan Penggalian","SBR"],
    ["102290","PENGGALI PASIR <JOKO>","JALAN BUNGA PARIAMNA MERAH LK 4","prelist","MEDAN TUNTUNGAN","LADANG BAMBU","LINGKUNGAN 5","","","B. Pertambangan dan Penggalian","SBR"],
    ["102291","PENGGALI PASIR<WARJU>","JALAN BUNGA PARIAMNA MERAH LK 4","prelist","MEDAN TUNTUNGAN","LADANG BAMBU","LINGKUNGAN 5","","","B. Pertambangan dan Penggalian","SBR"],
    ["102302","BENGKEL LAS <JHONY>","ANGGREK I NO 04B LINKUNGAN 4","prelist","MEDAN TUNTUNGAN","SIMPANG SELAYANG","LINGKUNGAN 9","","","C. Industri Pengolahan","SBR"],
    ["102303","PENJAHIT PAKAIAN <SUYATMI>","JALAN BUNGA PANCUR I LK 6","prelist","MEDAN TUNTUNGAN","SIMPANG SELAYANG","LINGKUNGAN 6","","","C. Industri Pengolahan","SBR"],
    ["102304","USAHA MIPIH KEMIRI<MISRAH>","JALAN BUNGA PANCUR 1 LINGKUNGAN 6","prelist","MEDAN TUNTUNGAN","SIMPANG SELAYANG","LINGKUNGAN 6","","","A. Pertanian, Kehutanan, dan Perikanan","SBR"],
    ["102305","TUKANG JAHIT PAKAIAN <RAMA>","JL BUNGA RAMPAI 2 LINGKUNGAN 2","prelist","MEDAN TUNTUNGAN","SIMALINGKAR B","LINGKUNGAN 1","","","C. Industri Pengolahan","SBR"],
    ["102306","TUKANG LAS <SAMAN>","JLN BUNGA RAMPEI RAYA SIMALINGKAR B","prelist","MEDAN TUNTUNGAN","SIMALINGKAR B","LINGKUNGAN 2","","","C. Industri Pengolahan","SBR"],
    ["102307","DAUR BOTOT <GULAM>","JL BUNGA RAMPAI RAYA SIMALINGKAR B","prelist","MEDAN TUNTUNGAN","SIMALINGKAR B","LINGKUNGAN 5","","","C. Industri Pengolahan","SBR"],
    ["102308","PENJAHIT <OKTA>","JL BUNGA RAMPEI RAYA LING 4 SIMALINGKAR B","prelist","MEDAN TUNTUNGAN","SIMALINGKAR B","LINGKUNGAN 4","","","C. Industri Pengolahan","SBR"],
    ["102309","LAS PAGAR <POLTAK S>","JALAN BUNGA NCOLE 14 B LK 5","prelist","MEDAN TUNTUNGAN","KEMENANGAN TANI","LINGKUNGAN 5","","","C. Industri Pengolahan","SBR"],
    ["102310","D5 SINAGA TAYLOR","JALAN BUNGA NCOLE RAYA LK 2","prelist","MEDAN TUNTUNGAN","KEMENANGAN TANI","LINGKUNGAN 5","","","C. Industri Pengolahan","SBR"],
    ["102311","CLEAN WATER <YUSTINA>","JL BUNGA LAU LK 3","prelist","MEDAN TUNTUNGAN","KEMENANGAN TANI","LINGKUNGAN 3","","","C. Industri Pengolahan","SBR"],
    ["102313","AIR ISI ULANG <YUDI>","JALAN BUNGA PARIAMA LK 5","prelist","MEDAN TUNTUNGAN","LADANG BAMBU","LINGKUNGAN 4","","","C. Industri Pengolahan","SBR"],
    ["102314","PEMBUAT TAPE<BUDIASNO>","JALAN BUNGA KARDIOL LK 3","prelist","MEDAN TUNTUNGAN","LADANG BAMBU","LINGKUNGAN 3","","","C. Industri Pengolahan","SBR"],
    ["102315","PEMBUAT TAPE <RENDI>","JALAN BUNGA KARDIOL","prelist","MEDAN TUNTUNGAN","LADANG BAMBU","LINGKUNGAN 3","","","C. Industri Pengolahan","SBR"],
    ["102316","MEMBUAT TAPE<HABSAH>","JALAN BUNGA KARDIOL LK 3","prelist","MEDAN TUNTUNGAN","LADANG BAMBU","LINGKUNGAN 3","","","C. Industri Pengolahan","SBR"],
    ["102318","JUAL GORENGAN <LIA>","JALAN FLAMBOYAN RAYA LINGKUNGAN 7","prelist","MEDAN TUNTUNGAN","TANJUNG SELAMAT","LINGKUNGAN 4","","","C. Industri Pengolahan","SBR"],
    ["102319","PEMBUATAN KERUPUK <HERY>","JALAN FLAMBOYAN RAYA GANG SEJATI LK 3","prelist","MEDAN TUNTUNGAN","TANJUNG SELAMAT","LINGKUNGAN 2","","","C. Industri Pengolahan","SBR"],
    ["102320","BENGKEL LAS <SANJAYA>","JALAN FLAMBOYAN RAYA","prelist","MEDAN TUNTUNGAN","TANJUNG SELAMAT","LINGKUNGAN 4","","","C. Industri Pengolahan","SBR"],
    ["102321","MENJAHIT PAKAIAN <SASNO>","JALAN FLAMBOYAN RAYA GANG HARAHAP LK 3","prelist","MEDAN TUNTUNGAN","TANJUNG SELAMAT","LINGKUNGAN 3","","","C. Industri Pengolahan","SBR"],
    ["102323","BORDIR PAKAIAN <HENDRI>","KOMPLEK SAKURA PERMAI LK I","prelist","MEDAN TUNTUNGAN","TANJUNG SELAMAT","LINGKUNGAN 1","","","C. Industri Pengolahan","SBR"],
    ["102324","KUE BASAH <WISNA>","JL FLAMBOYAN RAYA LINGKUNGAN 9","prelist","MEDAN TUNTUNGAN","TANJUNG SELAMAT","LINGKUNGAN 4","","","C. Industri Pengolahan","SBR"],
    ["102325","PENJAHIT YOS","JL SEROJA RAYA LINGKUNGAN 8","prelist","MEDAN TUNTUNGAN","TANJUNG SELAMAT","LINGKUNGAN 7","","","C. Industri Pengolahan","SBR"],
    ["102326","USAHA PISANG GORENG","JLN BUNGA RINTE LINGKUNGAN G","prelist","MEDAN TUNTUNGAN","TANJUNG SELAMAT","LINGKUNGAN 7","","","C. Industri Pengolahan","SBR"],
    ["102327","USAHA KUSEN <SUDIMAN>","JLN SEROJA 5 LINGKUNGAN 8","prelist","MEDAN TUNTUNGAN","TANJUNG SELAMAT","LINGKUNGAN 8","","","C. Industri Pengolahan","SBR"],
    ["102328","DEPOT AIR <SUSAN>","JL STELLA RAYA NO 169 LK 14","prelist","MEDAN TUNTUNGAN","SIMPANG SELAYANG","LINGKUNGAN 16","","","C. Industri Pengolahan","SBR"],
    ["102329","TUKANG JAHIT <HENI>","JALAN JAMIN GINTING GANG HARHAR","prelist","MEDAN TUNTUNGAN","SIMPANG SELAYANG","LINGKUNGAN 2","","","C. Industri Pengolahan","SBR"],
    ["102330","PENJAHIT <MILKA>","JALAN BUNGA NCOLE 3 LK 9","prelist","MEDAN TUNTUNGAN","KEMENANGAN TANI","LINGKUNGAN 1","","","C. Industri Pengolahan","SBR"],
    ["102332","PENGOLAHAN GULA AREN <ERPANI>","JALAN BUNGA PANCUR 9 LK 4","prelist","MEDAN TUNTUNGAN","SIMPANG SELAYANG","LINGKUNGAN 9","","","C. Industri Pengolahan","SBR"],
    ["102333","DEPOT AIR MINUM ISI ULANG <LAURENCIUS>","CITRA ANGGREK NO 78 LINGKUNGAN 4","prelist","MEDAN TUNTUNGAN","SIMPANG SELAYANG","LINGKUNGAN 4","","","C. Industri Pengolahan","SBR"],
    ["102334","TUKANG LAS<ROBET>","JL IRIGASI LK 5","prelist","MEDAN TUNTUNGAN","MANGGA","LINGKUNGAN 5","","","C. Industri Pengolahan","SBR"],
    ["102335","USAHA RAMUAN TRADISIONAL<BAKTI>","JALAN KOPI 17 LINGKUNGAN 6","prelist","MEDAN TUNTUNGAN","MANGGA","LINGKUNGAN 6","","","C. Industri Pengolahan","SBR"],
    ["102336","TUKANG JAHIT <ALI>","JALAN COKLAT 5 NOMOR 15 LINGKUNGAN 7","prelist","MEDAN TUNTUNGAN","MANGGA","LINGKUNGAN 7","","","C. Industri Pengolahan","SBR"],
    ["102337","PEMBUAT KUE <NURAINI>","JL SAWIT 7 NO 11 LINGKUNGAN 8","prelist","MEDAN TUNTUNGAN","MANGGA","LINGKUNGAN 9","","","C. Industri Pengolahan","SBR"],
    ["102338","BENGKEL LAS <MANULANG>","JALAN SAWIT RAYA LINGKUNGAN 10","prelist","MEDAN TUNTUNGAN","MANGGA","LINGKUNGAN 9","","","C. Industri Pengolahan","SBR"],
    ["102339","JUAL AIR MINERAL <HABIBI>","JL NYIUR 10 NO 28 LK 10","prelist","MEDAN TUNTUNGAN","MANGGA","LINGKUNGAN 10","","","C. Industri Pengolahan","SBR"],
    ["102340","TUKANG JAHIT<HUTAPEA>","JL NYIUR 9 NO 3 LK 10","prelist","MEDAN TUNTUNGAN","MANGGA","LINGKUNGAN 10","","","C. Industri Pengolahan","SBR"],
    ["102341","PENJAHIT <ELIZER>","JALAN TEMBAKAU 11 NOMOR 14 LINGKUNGAN 22","prelist","MEDAN TUNTUNGAN","MANGGA","LINGKUNGAN 24","","","C. Industri Pengolahan","SBR"],
    ["102342","PENJAHIT SPREL<TIARLIS>","JALAN PINUS 90 NOMOR 7 LINGKUNGAN 93","prelist","MEDAN TUNTUNGAN","MANGGA","LINGKUNGAN 13","","","C. Industri Pengolahan","SBR"],
    ["102343","PENJAHIT <ANNA>","JL VANILI 1 NO 89 LINGKUNGAN 17","prelist","MEDAN TUNTUNGAN","MANGGA","LINGKUNGAN 15","","","C. Industri Pengolahan","SBR"],
    ["102344","MELTRIDA WATER <RIDA>","JALAN KOPRA RAYA NO 17 LING 19","prelist","MEDAN TUNTUNGAN","MANGGA","LINGKUNGAN 19","","","C. Industri Pengolahan","SBR"],
    ["102345","MENJAHIT BORDIR","JLN KAPAS 13 NO 2 LINGK 18","prelist","MEDAN TUNTUNGAN","MANGGA","LINGKUNGAN 18","","","C. Industri Pengolahan","SBR"],
    ["102346","MENJAHIT PAKAIAN WANITA DI RUMAH","JL KAPAS 10 NO 2 P SIMALINGKAR","prelist","MEDAN TUNTUNGAN","MANGGA","LINGKUNGAN 18","","","C. Industri Pengolahan","SBR"],
    ["102347","PENJAHIT <MARSAULINA>","JALAN NILAM 3 NO 13 LINGKUNGAN 23","prelist","MEDAN TUNTUNGAN","MANGGA","LINGKUNGAN 23","","","C. Industri Pengolahan","SBR"],
    ["102348","KIOS IKAN REBUS <NURHAYAT>","JALAN FLAMBOYAN RAYA PASAR MELATI LINK 4","prelist","MEDAN TUNTUNGAN","TANJUNG SELAMAT","LINGKUNGAN 4","","","C. Industri Pengolahan","SBR"],
    ["102349","JUAL BUMBU <KAMIL>","JALAN FLAMBOYAN RAYA LINGKUNGAN 7","prelist","MEDAN TUNTUNGAN","TANJUNG SELAMAT","LINGKUNGAN 4","","","C. Industri Pengolahan","SBR"],
    ["102364","TAYLOR <JULY>","JL COKLAT 1 NO 2 LINGKUNGAN 9","prelist","MEDAN TUNTUNGAN","MANGGA","LINGKUNGAN 5","","","C. Industri Pengolahan","SBR"],
    ["102365","LAKSA FLORIST","JALAN KARET 8 NO 11 LINGKUNGAN 7","prelist","MEDAN TUNTUNGAN","MANGGA","LINGKUNGAN 4","","","C. Industri Pengolahan","SBR"],
    ["102479","BENGKEL LAS <SIMBOLON>","JL.BENDUNGAN 5 GANG PURBA","prelist","MEDAN TUNTUNGAN","MANGGA","LINGKUNGAN 1","","","C. Industri Pengolahan","SBR"],
    ["103598","FLORIST BUNGA <WATI>","JLN FLAMBOYAN LK 2","prelist","MEDAN TUNTUNGAN","TANJUNG SELAMAT","LINGKUNGAN 4","","","C. Industri Pengolahan","SBR"],
    ["103599","JUAL GORENGAN <RAMAI>","JALAN PETUNIA RAYA","prelist","MEDAN TUNTUNGAN","NAMO GAJAH","LINGKUNGAN 3","","","C. Industri Pengolahan","SBR"],
    ["103626","USAHA KUE <HARMAENI>","JL PENERBANGAN LK I","prelist","MEDAN TUNTUNGAN","MANGGA","LINGKUNGAN 1","","","C. Industri Pengolahan","SBR"],
    ["103628","PENJAHIT EMSITA","JALAN PINUS 13 NO 7","prelist","MEDAN TUNTUNGAN","MANGGA","LINGKUNGAN 13","","","C. Industri Pengolahan","SBR"],
    ["103629","TUKANG KAYU <DONI>","JALAN FLAMBOYAN RAYA LINGKUNG AN 3","prelist","MEDAN TUNTUNGAN","TANJUNG SELAMAT","LINGKUNGAN 4","","","C. Industri Pengolahan","SBR"],
    ["103853","PEMBAYARAN LISTRIK <DIANA>","JLN KOPRA RAYA NO 36 LK 19","prelist","MEDAN TUNTUNGAN","MANGGA","LINGKUNGAN 19","","","D. Pengadaan Listrik, Gas, Uap/Air Panas, dan Udara Dingin","SBR"],
    ["103860","BOTOT <NURIDA>","JLN IRIGASI LINGKUNGAN 5","prelist","MEDAN TUNTUNGAN","MANGGA","LINGKUNGAN 5","","","E. Pengadaan Air, Pengelolaan Sampah, Limbah, dan Daur Ulang","SBR"],
    ["103943","BOTOT SUANDI","J L PALEM","prelist","MEDAN TUNTUNGAN","TANJUNG SELAMAT","LINGKUNGAN 1","","","E. Pengadaan Air, Pengelolaan Sampah, Limbah, dan Daur Ulang","SBR"],
    ["104047","USAHA PEMULUNG <ANITA>","JALAN BUNGA RINTE GANG MAWAR 5","prelist","MEDAN TUNTUNGAN","SIMPANG SELAYANG","LINGKUNGAN 17","","","E. Pengadaan Air, Pengelolaan Sampah, Limbah, dan Daur Ulang","SBR"],
    ["104083","TB RONIA JAYA GYPSUM","JALAN SETIA BUDI LK 9","prelist","MEDAN TUNTUNGAN","SIMPANG SELAYANG","LINGKUNGAN 9","","","F. Konstruksi","SBR"],
    ["104084","TUKANG BANGUNAN <ADI>","JL PALES 7 GE KELUARGA LK 15","prelist","MEDAN TUNTUNGAN","MANGGA","LINGKUNGAN 15","","","F. Konstruksi","SBR"],
    ["104085","TUKANG BANGUNA <YAAMAN>","JL BUNGA RAMPAI 3 LINGKUNGAN 3","prelist","MEDAN TUNTUNGAN","SIMALINGKAR B","LINGKUNGAN 5","","","F. Konstruksi","SBR"],
    ["104086","PENGGALI SUMUR <SUKANTO>","JALAN BUNGA NCOLE LK 2","prelist","MEDAN TUNTUNGAN","KEMENANGAN TANI","LINGKUNGAN 5","","","F. Konstruksi","SBR"],
    ["104087","TUKANG <AWAL>","JALAN BUNGA PARIAMA I","prelist","MEDAN TUNTUNGAN","LADANG BAMBU","LINGKUNGAN 4","","","F. Konstruksi","SBR"],
    ["104195","TUKANG BANGUNAN <ZAINAL>","LINGKUNGAN 7 BLOK GG 28","prelist","MEDAN TUNTUNGAN","SIMPANG SELAYANG","LINGKUNGAN 11","","","F. Konstruksi","SBR"],
    ["104228","PEMBORONG BANGUNAN <ADI>","JALAN FLAMBOYAN 5 LK 9","prelist","MEDAN TUNTUNGAN","TANJUNG SELAMAT","LINGKUNGAN 4","","","F. Konstruksi","SBR"],
    ["104286","PEDAGANG BUAH <SABARITA>","PASAR INDUK LAUCIH","prelist","MEDAN TUNTUNGAN","LAU CIH","LINGKUNGAN 3","","","G. Perdagangan Besar dan Eceran, Reparasi Mobil dan Sepeda Motor","SBR"],
    ["104287","PEDAGANG BUAH <ROSNINA>","JL. MEDAN TUNTUNGAN","prelist","MEDAN TUNTUNGAN","LAU CIH","LINGKUNGAN 2","","","G. Perdagangan Besar dan Eceran, Reparasi Mobil dan Sepeda Motor","SBR"],
    ["104288","PEDAGANG BUAH <FEBRINA>","PASAR INDUK LAUCIH TUNTUNGAN","prelist","MEDAN TUNTUNGAN","LAU CIH","LINGKUNGAN 3","","","G. Perdagangan Besar dan Eceran, Reparasi Mobil dan Sepeda Motor","SBR"],
    ["104289","PEDAGANG BUAH <LISMA>","PASAR INDUK LAUCIH TUNTUNGAN","prelist","MEDAN TUNTUNGAN","LAU CIH","LINGKUNGAN 3","","","G. Perdagangan Besar dan Eceran, Reparasi Mobil dan Sepeda Motor","SBR"],
    ["104290","PEDAGANG SAYUR <SAHALA>","PASAR INDUK","prelist","MEDAN TUNTUNGAN","LAU CIH","LINGKUNGAN 3","","","G. Perdagangan Besar dan Eceran, Reparasi Mobil dan Sepeda Motor","SBR"],
    ["104291","PEDAGANG KENTANG <ANINTA>","PASAR INDUK","prelist","MEDAN TUNTUNGAN","LAU CIH","LINGKUNGAN 3","","","G. Perdagangan Besar dan Eceran, Reparasi Mobil dan Sepeda Motor","SBR"],
    ["104292","PEDAGANG KENTANG <SERLI>","Pasar induk laucih medan","prelist","MEDAN TUNTUNGAN","LAU CIH","LINGKUNGAN 3","","","G. Perdagangan Besar dan Eceran, Reparasi Mobil dan Sepeda Motor","SBR"],
    ["104293","KIOS BUAH <LIANA BR TARIGAN>","PASAR INDUK TUNTUNGAN","prelist","MEDAN TUNTUNGAN","LAU CIH","LINGKUNGAN 3","","","G. Perdagangan Besar dan Eceran, Reparasi Mobil dan Sepeda Motor","SBR"],
    ["104294","PEDAGANG BUAH <DEDI>","PASAR INDUK LAUCIH TUNTUNGAN","prelist","MEDAN TUNTUNGAN","LAU CIH","LINGKUNGAN 3","","","G. Perdagangan Besar dan Eceran, Reparasi Mobil dan Sepeda Motor","SBR"],
    ["104295","PEDAGANG BUAH <KALPEN>","PASAR INDUK LAUCIH","prelist","MEDAN TUNTUNGAN","LAU CIH","LINGKUNGAN 3","","","G. Perdagangan Besar dan Eceran, Reparasi Mobil dan Sepeda Motor","SBR"],
    ["104296","PEDAGANG SAYUR <MARIANI>","PASAR INDUK LAUCIH","prelist","MEDAN TUNTUNGAN","LAU CIH","LINGKUNGAN 3","","","G. Perdagangan Besar dan Eceran, Reparasi Mobil dan Sepeda Motor","SBR"],
    ["104297","PEDAGANG TOMAT <FANNY>","PASAR INDUK","prelist","MEDAN TUNTUNGAN","LAU CIH","LINGKUNGAN 3","","","G. Perdagangan Besar dan Eceran, Reparasi Mobil dan Sepeda Motor","SBR"],
    ["104298","PEDAGANG TOMAT <MULIANA>","PASAR INDUK TUNTUNGAN","prelist","MEDAN TUNTUNGAN","LAU CIH","LINGKUNGAN 3","","","G. Perdagangan Besar dan Eceran, Reparasi Mobil dan Sepeda Motor","SBR"],
    ["104302","TOKO SITINJAK NAULI","JL FLAMBOYAN RAYA NO 76 LK 2","prelist","MEDAN TUNTUNGAN","TANJUNG SELAMAT","LINGKUNGAN 2","","","G. Perdagangan Besar dan Eceran, Reparasi Mobil dan Sepeda Motor","SBR"],
    ["104303","TOKO DENA","JL.JAMIN GINTING NO 210","prelist","MEDAN TUNTUNGAN","KEMENANGAN TANI","LINGKUNGAN 1","","","G. Perdagangan Besar dan Eceran, Reparasi Mobil dan Sepeda Motor","SBR"],
    ["104304","PEDAGANG SAYUR <ARSANE>","PASAR INDUK LAUCIH","prelist","MEDAN TUNTUNGAN","LAU CIH","LINGKUNGAN 2","","","G. Perdagangan Besar dan Eceran, Reparasi Mobil dan Sepeda Motor","SBR"],
    ["104305","KIOS SAYURAN <ADI S>","PASAR INDUK TUNTUNGAN GROSIR","prelist","MEDAN TUNTUNGAN","LAU CIH","LINGKUNGAN 3","","","G. Perdagangan Besar dan Eceran, Reparasi Mobil dan Sepeda Motor","SBR"],
    ["104306","PEDAGANG BUAH <LINDA>","PASAR INDUK LAICIH","prelist","MEDAN TUNTUNGAN","LAU CIH","LINGKUNGAN 3","","","G. Perdagangan Besar dan Eceran, Reparasi Mobil dan Sepeda Motor","SBR"],
    ["104307","PEDAGANG BUAH <MARTALENA>","PASAR INDUK LAUCIH","prelist","MEDAN TUNTUNGAN","LAU CIH","LINGKUNGAN 3","","","G. Perdagangan Besar dan Eceran, Reparasi Mobil dan Sepeda Motor","SBR"],
    ["104308","PEDAGANG BUAH <SAPRI>","PASAR INDUK LAUCIH","prelist","MEDAN TUNTUNGAN","LAU CIH","LINGKUNGAN 3","","","G. Perdagangan Besar dan Eceran, Reparasi Mobil dan Sepeda Motor","SBR"],
    ["104309","PEDAGANG SAYUR <NAERTA>","PASAR INDUK","prelist","MEDAN TUNTUNGAN","LAU CIH","LINGKUNGAN 3","","","G. Perdagangan Besar dan Eceran, Reparasi Mobil dan Sepeda Motor","SBR"],
    ["104310","PEDAGANG SAYUR <NERLIN>","PASUR INDUK LAUCIH","prelist","MEDAN TUNTUNGAN","LAU CIH","LINGKUNGAN 2","","","G. Perdagangan Besar dan Eceran, Reparasi Mobil dan Sepeda Motor","SBR"],
    ["104311","PEDAGANG BUAH <MUSTIKA>","PASAR INDU (LAUCIH)","prelist","MEDAN TUNTUNGAN","LAU CIH","LINGKUNGAN 3","","","G. Perdagangan Besar dan Eceran, Reparasi Mobil dan Sepeda Motor","SBR"],
    ["104312","PEDAGANG BUAH <HOLDEN>","PASAR INDUK LAUCIH","prelist","MEDAN TUNTUNGAN","LAU CIH","LINGKUNGAN 3","","","G. Perdagangan Besar dan Eceran, Reparasi Mobil dan Sepeda Motor","SBR"],
    ["104313","PEDAGANG TOMAT <SRI KARTIKA>","PASAR INDUK","prelist","MEDAN TUNTUNGAN","LAU CIH","LINGKUNGAN 3","","","G. Perdagangan Besar dan Eceran, Reparasi Mobil dan Sepeda Motor","SBR"],
    ["104314","PEDAGANG JAHE <OFLY>","PASAR INDUK LAUUH","prelist","MEDAN TUNTUNGAN","LAU CIH","LINGKUNGAN 3","","","G. Perdagangan Besar dan Eceran, Reparasi Mobil dan Sepeda Motor","SBR"],
    ["104315","PEDAGANG SAYUR <FENNY>","PASAR INDUK LAUCIH","prelist","MEDAN TUNTUNGAN","LAU CIH","LINGKUNGAN 3","","","G. Perdagangan Besar dan Eceran, Reparasi Mobil dan Sepeda Motor","SBR"],
    ["104316","PEDAGANG SAYUR <WINDA>","PASAR INDUK LAUCIH","prelist","MEDAN TUNTUNGAN","LAU CIH","LINGKUNGAN 3","","","G. Perdagangan Besar dan Eceran, Reparasi Mobil dan Sepeda Motor","SBR"],
    ["104317","PEDAGANG BUAH <HELMINA>","PASAR INDOK LAUCIH","prelist","MEDAN TUNTUNGAN","LAU CIH","LINGKUNGAN 3","","","G. Perdagangan Besar dan Eceran, Reparasi Mobil dan Sepeda Motor","SBR"],
    ["104318","KIOS SAYURAN <SEDIA>","PASAR INDUK TUNTUNGAN","prelist","MEDAN TUNTUNGAN","LAU CIH","LINGKUNGAN 3","","","G. Perdagangan Besar dan Eceran, Reparasi Mobil dan Sepeda Motor","SBR"],
    ["104319","JUALAN TOMAT <DIO>","PASAR INDUK","prelist","MEDAN TUNTUNGAN","LAU CIH","LINGKUNGAN 3","","","G. Perdagangan Besar dan Eceran, Reparasi Mobil dan Sepeda Motor","SBR"],
    ["104320","JUAL SEMBAKO <SYAHDANMAT>","JALAN BUNG A TURI 1 LK 1","prelist","MEDAN TUNTUNGAN","SIDOMULYO","LINGKUNGAN 1","","","G. Perdagangan Besar dan Eceran, Reparasi Mobil dan Sepeda Motor","SBR"],
    ["104321","BENGKEL KERETA <INDRA S>","JALAN BUNGA TURI 1 LK 1","prelist","MEDAN TUNTUNGAN","SIDOMULYO","LINGKUNGAN 1","","","G. Perdagangan Besar dan Eceran, Reparasi Mobil dan Sepeda Motor","SBR"],
    ["104323","TOKO KELONTONG <WOYOK>/ <SISWOYO>","JALAN BUNGA PARIAMA LK 5","prelist","MEDAN TUNTUNGAN","LADANG BAMBU","LINGKUNGAN 4","","","G. Perdagangan Besar dan Eceran, Reparasi Mobil dan Sepeda Motor","SBR"],
    ["104324","TOKO KELONTONG <FITRI>","JALAN BUNGA GANYONG BAMBU MAS LK 5","prelist","MEDAN TUNTUNGAN","LADANG BAMBU","LINGKUNGAN 5","","","G. Perdagangan Besar dan Eceran, Reparasi Mobil dan Sepeda Motor","SBR"],
    ["104325","PEDAGANG SIRIK <SANGKEP>","JALAN BUNGA PARIAMA 1 LK 4","prelist","MEDAN TUNTUNGAN","LADANG BAMBU","LINGKUNGAN 4","","","G. Perdagangan Besar dan Eceran, Reparasi Mobil dan Sepeda Motor","SBR"],
    ["104326","DOORSMEER SEPEDA MOTOR <HERMAN>","JALAN JAMIN GINTING LK 1","prelist","MEDAN TUNTUNGAN","MANGGA","LINGKUNGAN 1","","","G. Perdagangan Besar dan Eceran, Reparasi Mobil dan Sepeda Motor","SBR"],
    ["104333","KIOS BAL MONZA <TIAMAN/MAK SAMUEL>","JALAN JAHE RAYA PASAR SIMALINGKAR","prelist","MEDAN TUNTUNGAN","MANGGA","LINGKUNGAN 13","","","G. Perdagangan Besar dan Eceran, Reparasi Mobil dan Sepeda Motor","SBR"],
    ["104334","KIOS BUAH <SARI>","PASAR INDUK TUNTUNGAN WISATA BUAH","prelist","MEDAN TUNTUNGAN","LAU CIH","LINGKUNGAN 3","","","G. Perdagangan Besar dan Eceran, Reparasi Mobil dan Sepeda Motor","SBR"],
    ["104335","PEDAGANG SAYUR <TRIANIA BR GINTING>","PASAR INDUK TUNTUNGAN ECERAN II NO 105","prelist","MEDAN TUNTUNGAN","LAU CIH","LINGKUNGAN 3","","","G. Perdagangan Besar dan Eceran, Reparasi Mobil dan Sepeda Motor","SBR"],
    ["104336","KIOS SAYUR <BENY>","PASAR INDUK TUNTUNGAN GROSIR","prelist","MEDAN TUNTUNGAN","LAU CIH","LINGKUNGAN 2","","","G. Perdagangan Besar dan Eceran, Reparasi Mobil dan Sepeda Motor","SBR"],
    ["104337","KIOS SAYUR <ROSWITA>","PASAR INDUK TUNTUNGAN","prelist","MEDAN TUNTUNGAN","LAU CIH","LINGKUNGAN 3","","","G. Perdagangan Besar dan Eceran, Reparasi Mobil dan Sepeda Motor","SBR"],
    ["104338","JUAL SAYUR <WITA>","PASAR INDUK LAUCIH","prelist","MEDAN TUNTUNGAN","LAU CIH","LINGKUNGAN 3","","","G. Perdagangan Besar dan Eceran, Reparasi Mobil dan Sepeda Motor","SBR"],
    ["104339","PEDAGANG SAYUR <SINTA>","PASAR INDUK","prelist","MEDAN TUNTUNGAN","LAU CIH","LINGKUNGAN 3","","","G. Perdagangan Besar dan Eceran, Reparasi Mobil dan Sepeda Motor","SBR"],
    ["104340","KIOS <AMELIA KOSASI>","PASAR INDUK TUNTUNGAN GROSIR NO 88","prelist","MEDAN TUNTUNGAN","LAU CIH","LINGKUNGAN 3","","","G. Perdagangan Besar dan Eceran, Reparasi Mobil dan Sepeda Motor","SBR"],
    ["104341","KIOS SAYURAN C","PASAR INDUK TUNTUNGAN GROSIR","prelist","MEDAN TUNTUNGAN","LAU CIH","LINGKUNGAN 3","","","G. Perdagangan Besar dan Eceran, Reparasi Mobil dan Sepeda Motor","SBR"],
    ["104342","JUAL SAYUR <SOPIANA>","PASAR INDUK LAUCIH","prelist","MEDAN TUNTUNGAN","LAU CIH","LINGKUNGAN 3","","","G. Perdagangan Besar dan Eceran, Reparasi Mobil dan Sepeda Motor","SBR"],
    ["104343","PEDAGANG SAYUR <NUR>","PASAR INDUK LAUCIH","prelist","MEDAN TUNTUNGAN","LAU CIH","LINGKUNGAN 3","","","G. Perdagangan Besar dan Eceran, Reparasi Mobil dan Sepeda Motor","SBR"],
    ["104344","JUAL SAYUR <MULYANA>","PASAR INDUK LAU CHI","prelist","MEDAN TUNTUNGAN","LAU CIH","LINGKUNGAN 3","","","G. Perdagangan Besar dan Eceran, Reparasi Mobil dan Sepeda Motor","SBR"],
    ["104345","JUAL SAYUR <ROMI>","PASAR INDUK LAUCIH","prelist","MEDAN TUNTUNGAN","LAU CIH","LINGKUNGAN 3","","","G. Perdagangan Besar dan Eceran, Reparasi Mobil dan Sepeda Motor","SBR"],
    ["104346","JUAL SAYUR <PANISMAN>","PASAR INDUK LAUCIH","prelist","MEDAN TUNTUNGAN","LAU CIH","LINGKUNGAN 3","","","G. Perdagangan Besar dan Eceran, Reparasi Mobil dan Sepeda Motor","SBR"],
    ["104347","KIOS SAYURAN <PANGENDAHEN>","PASAR INDUK TUNTUNGAN GROSIR","prelist","MEDAN TUNTUNGAN","LAU CIH","LINGKUNGAN 3","","","G. Perdagangan Besar dan Eceran, Reparasi Mobil dan Sepeda Motor","SBR"],
    ["104348","PEDAGANG SAYUR <SOPIANA SURBARTI>","PASAR INDUK TUNTUNGAN II NO 10","prelist","MEDAN TUNTUNGAN","LAU CIH","LINGKUNGAN 3","","","G. Perdagangan Besar dan Eceran, Reparasi Mobil dan Sepeda Motor","SBR"],
    ["104349","KIOS SAYURAN <PONAM>","PASAR INDUK TUNTUNGAN","prelist","MEDAN TUNTUNGAN","LAU CIH","LINGKUNGAN 3","","","G. Perdagangan Besar dan Eceran, Reparasi Mobil dan Sepeda Motor","SBR"],
    ["104350","PENJUAL IKAN ASIN <BUDIATI>","JALAN BUNGA MELATI LK 2","prelist","MEDAN TUNTUNGAN","KEMENANGAN TANI","LINGKUNGAN 2","","","G. Perdagangan Besar dan Eceran, Reparasi Mobil dan Sepeda Motor","SBR"],
    ["104352","TOKO PAKAN TERNAK<ADRIANI>","JALAN JAMIN GINTING LK I","prelist","MEDAN TUNTUNGAN","KEMENANGAN TANI","LINGKUNGAN 1","","","G. Perdagangan Besar dan Eceran, Reparasi Mobil dan Sepeda Motor","SBR"],
    ["104353","JUAL JAJANAN <AVENTA>","JALAN JAMIN GINTING L KI","prelist","MEDAN TUNTUNGAN","KEMENANGAN TANI","LINGKUNGAN 1","","","G. Perdagangan Besar dan Eceran, Reparasi Mobil dan Sepeda Motor","SBR"],
    ["104354","KANTIN SD NEGERI 064023","JALAN JAMIN GINTING KANTIN SD 064023 LK 1","prelist","MEDAN TUNTUNGAN","KEMENANGAN TANI","LINGKUNGAN 1","","","G. Perdagangan Besar dan Eceran, Reparasi Mobil dan Sepeda Motor","SBR"],
    ["104355","JUAL PETI JENAZAH <TARU>","JALAN PETUNIA RAYA LK 2","prelist","MEDAN TUNTUNGAN","NAMO GAJAH","LINGKUNGAN 3","","","G. Perdagangan Besar dan Eceran, Reparasi Mobil dan Sepeda Motor","SBR"],
    ["104356","JUAL SAYUR<BATO>","PASAR INDUK LAUCIH","prelist","MEDAN TUNTUNGAN","LAU CIH","LINGKUNGAN 3","","","G. Perdagangan Besar dan Eceran, Reparasi Mobil dan Sepeda Motor","SBR"],
    ["104357","PEDAGANG SAYUR <ROPINA>","PASAR INDUK","prelist","MEDAN TUNTUNGAN","LAU CIH","LINGKUNGAN 3","","","G. Perdagangan Besar dan Eceran, Reparasi Mobil dan Sepeda Motor","SBR"],
    ["104358","JUAL SAYUR <MISSANA>","PASAR INDUK LAU CIH","prelist","MEDAN TUNTUNGAN","LAU CIH","LINGKUNGAN 3","","","G. Perdagangan Besar dan Eceran, Reparasi Mobil dan Sepeda Motor","SBR"],
    ["104359","PEDAGANG SAYUR <LASTRI DIANA SIBURIAN>","PASAR INDUK TUNTUNGAN ECERAN II NO 08","prelist","MEDAN TUNTUNGAN","LAU CIH","LINGKUNGAN 3","","","G. Perdagangan Besar dan Eceran, Reparasi Mobil dan Sepeda Motor","SBR"],
    ["104360","KIOS SAYURAN <ELIYANI>","PASAR INDUK TUNTUNGAN GROSIR","prelist","MEDAN TUNTUNGAN","LAU CIH","LINGKUNGAN 3","","","G. Perdagangan Besar dan Eceran, Reparasi Mobil dan Sepeda Motor","SBR"],
    ["104361","KIOS SAYURAN <PERHATIAN>","PASAR INDUK TUNTUNGAN","prelist","MEDAN TUNTUNGAN","LAU CIH","LINGKUNGAN 3","","","G. Perdagangan Besar dan Eceran, Reparasi Mobil dan Sepeda Motor","SBR"],
    ["104362","KIOS BUAH <JAGO>","PASAR INDUK TUNTUNGAN","prelist","MEDAN TUNTUNGAN","LAU CIH","LINGKUNGAN 2","","","G. Perdagangan Besar dan Eceran, Reparasi Mobil dan Sepeda Motor","SBR"],
    ["104363","JUAL BUAH < PARDO>","PASAR INDUK LAUCIH","prelist","MEDAN TUNTUNGAN","LAU CIH","LINGKUNGAN 3","","","G. Perdagangan Besar dan Eceran, Reparasi Mobil dan Sepeda Motor","SBR"],
    ["104364","PEDAGANG KENTANG <ROIDA>","Pasar induk laucih medan","prelist","MEDAN TUNTUNGAN","LAU CIH","LINGKUNGAN 3","","","G. Perdagangan Besar dan Eceran, Reparasi Mobil dan Sepeda Motor","SBR"],
    ["104365","JUALAN SAYUR <RISA>","PASAR INDUK TUNTUNGAN","prelist","MEDAN TUNTUNGAN","LAU CIH","LINGKUNGAN 3","","","G. Perdagangan Besar dan Eceran, Reparasi Mobil dan Sepeda Motor","SBR"],
    ["104366","KEDAI KELONTONG <JUL>","JL PALES 7 LK 15","prelist","MEDAN TUNTUNGAN","SIMPANG SELAYANG","LINGKUNGAN 15","","","G. Perdagangan Besar dan Eceran, Reparasi Mobil dan Sepeda Motor","SBR"],
    ["104367","BENGKEL CAT MOBIL <AMIN>","JL PALES RAYA","prelist","MEDAN TUNTUNGAN","SIMPANG SELAYANG","LINGKUNGAN 5","","","G. Perdagangan Besar dan Eceran, Reparasi Mobil dan Sepeda Motor","SBR"],
    ["104368","BENSIN<SUJINAH>","JL.PALES RAYA","prelist","MEDAN TUNTUNGAN","SIMPANG SELAYANG","LINGKUNGAN 5","","","G. Perdagangan Besar dan Eceran, Reparasi Mobil dan Sepeda Motor","SBR"],
    ["104369","PEDAGANG KUE <AMIR>","JALAN BUNGA PANCUR 1 LINGKUNGAN 6","prelist","MEDAN TUNTUNGAN","SIMPANG SELAYANG","LINGKUNGAN 6","","","G. Perdagangan Besar dan Eceran, Reparasi Mobil dan Sepeda Motor","SBR"],
    ["104370","KEDAI SEMBAKO<BINSAR>","JALAN BUNGA TEROMPET LK 7","prelist","MEDAN TUNTUNGAN","SIMPANG SELAYANG","LINGKUNGAN 7","","","G. Perdagangan Besar dan Eceran, Reparasi Mobil dan Sepeda Motor","SBR"],
    ["104371","JUAL GAS<TORANG>","JALAN PALESIC LK 7","prelist","MEDAN TUNTUNGAN","SIMPANG SELAYANG","LINGKUNGAN 10","","","G. Perdagangan Besar dan Eceran, Reparasi Mobil dan Sepeda Motor","SBR"],
    ["104373","WARUNG SEMBAKO <MURNIATI>","JL BUNGA RAMPAI 3 LINGKUNGAN 3","prelist","MEDAN TUNTUNGAN","SIMALINGKAR B","LINGKUNGAN 5","","","G. Perdagangan Besar dan Eceran, Reparasi Mobil dan Sepeda Motor","SBR"],
    ["104374","WARUNG FAJAR","JL BUNGA RAMPE RAYA MEDAN 200","prelist","MEDAN TUNTUNGAN","SIMALINGKAR B","LINGKUNGAN 2","","","G. Perdagangan Besar dan Eceran, Reparasi Mobil dan Sepeda Motor","SBR"],
    ["104375","TOKEH ANGKOT <DAUD>","JL BUNGA RAMPEI LING 4 SIMALINGKAR B","prelist","MEDAN TUNTUNGAN","SIMALINGKAR B","LINGKUNGAN 2","","","G. Perdagangan Besar dan Eceran, Reparasi Mobil dan Sepeda Motor","SBR"],
    ["104376","WARUNG SEMBAKO <JULI>","JL BUNGA RAMPEI RAYA LING 4 SIMALINGKAR B","prelist","MEDAN TUNTUNGAN","SIMALINGKAR B","LINGKUNGAN 2","","","G. Perdagangan Besar dan Eceran, Reparasi Mobil dan Sepeda Motor","SBR"],
    ["104377","JUAL BAJU BARU<FARIDA>","JALAN IRIGASI BARU LK 4","prelist","MEDAN TUNTUNGAN","KEMENANGAN TANI","LINGKUNGAN 4","","","G. Perdagangan Besar dan Eceran, Reparasi Mobil dan Sepeda Motor","SBR"],
    ["104378","KEDAI JAJANAN <KASTA>","JALAN BUNGA NCOLE RAYA LK 5","prelist","MEDAN TUNTUNGAN","KEMENANGAN TANI","LINGKUNGAN 5","","","G. Perdagangan Besar dan Eceran, Reparasi Mobil dan Sepeda Motor","SBR"],
    ["104379","DOORSMEER MANULLANG","JALAN BUNGA LAU LK 3","prelist","MEDAN TUNTUNGAN","KEMENANGAN TANI","LINGKUNGAN 3","","","G. Perdagangan Besar dan Eceran, Reparasi Mobil dan Sepeda Motor","SBR"],
    ["104380","WARUNG SEMBAKO <IWAN>","JL BUNGA MELATI LK 3","prelist","MEDAN TUNTUNGAN","SIMPANG SELAYANG","LINGKUNGAN 1","","","G. Perdagangan Besar dan Eceran, Reparasi Mobil dan Sepeda Motor","SBR"],
    ["104381","KEDAI SEMBAKO LIDIAS","JALAN BUNDA LAU LK 3","prelist","MEDAN TUNTUNGAN","KEMENANGAN TANI","LINGKUNGAN 2","","","G. Perdagangan Besar dan Eceran, Reparasi Mobil dan Sepeda Motor","SBR"],
    ["104382","JUAL IKAN <ESRON>","JL FLAMBOYAN RAYA GG BAHRUM LK 2","prelist","MEDAN TUNTUNGAN","TANJUNG SELAMAT","LINGKUNGAN 2","","","G. Perdagangan Besar dan Eceran, Reparasi Mobil dan Sepeda Motor","SBR"],
    ["104384","KEDAI JAJANAN<EKA>","JLN FLAMBOYAN KAYA GG INPRES LK 2","prelist","MEDAN TUNTUNGAN","TANJUNG SELAMAT","LINGKUNGAN 7","","","G. Perdagangan Besar dan Eceran, Reparasi Mobil dan Sepeda Motor","SBR"],
    ["104385","JUAL DAUN<JASMAN>","JALAN FLAMBOYAN RAYA LK 2","prelist","MEDAN TUNTUNGAN","TANJUNG SELAMAT","LINGKUNGAN 4","","","G. Perdagangan Besar dan Eceran, Reparasi Mobil dan Sepeda Motor","SBR"],
    ["104387","JUAL SEPATU <PARLIN>","JL BILAL GG SAUDARA KARANG REJO","prelist","MEDAN TUNTUNGAN","TANJUNG SELAMAT","LINGKUNGAN 9","","","G. Perdagangan Besar dan Eceran, Reparasi Mobil dan Sepeda Motor","SBR"],
    ["104388","BENGKEL LAS <EDISON >","JL FLAMBOYAN RAYA LK 8","prelist","MEDAN TUNTUNGAN","TANJUNG SELAMAT","LINGKUNGAN 4","","","G. Perdagangan Besar dan Eceran, Reparasi Mobil dan Sepeda Motor","SBR"],
    ["104390","DOOR SMER <ARDI>","JLN SEROJA LINGKUNGAN 8","prelist","MEDAN TUNTUNGAN","TANJUNG SELAMAT","LINGKUNGAN 9","","","G. Perdagangan Besar dan Eceran, Reparasi Mobil dan Sepeda Motor","SBR"],
    ["104391","WARUNG SEMBAKO <KUMALA>","JL BEOUGENVILE 4 NO 6 LK 10","prelist","MEDAN TUNTUNGAN","SIMPANG SELAYANG","LINGKUNGAN 2","","","G. Perdagangan Besar dan Eceran, Reparasi Mobil dan Sepeda Motor","SBR"],
    ["104392","UD AYAM POTONG AN NISA","PASAR TRAOISIONAL SIMPANG SELAYANG JL.SETIA BUDI UJUNG LK.17","prelist","MEDAN TUNTUNGAN","SIMPANG SELAYANG","LINGKUNGAN 17","","","G. Perdagangan Besar dan Eceran, Reparasi Mobil dan Sepeda Motor","SBR"],
    ["104393","WARUNG SEMBAKO <BETA>","JALAN SETIA BUDI GG BAKANIA LK 16","prelist","MEDAN TUNTUNGAN","SIMPANG SELAYANG","LINGKUNGAN 16","","","G. Perdagangan Besar dan Eceran, Reparasi Mobil dan Sepeda Motor","SBR"],
    ["104394","BENGKEL AUTO 128","JL JAMIN GINTING KM 1 1,5","prelist","MEDAN TUNTUNGAN","SIMPANG SELAYANG","LINGKUNGAN 2","","","G. Perdagangan Besar dan Eceran, Reparasi Mobil dan Sepeda Motor","SBR"],
    ["104395","TOKO PAKAIAN PRIA DIS CA ONE<NASNARDI>","JL SETIA BUDI NO 14","prelist","MEDAN TUNTUNGAN","SIMPANG SELAYANG","LINGKUNGAN 9","","","G. Perdagangan Besar dan Eceran, Reparasi Mobil dan Sepeda Motor","SBR"],
    ["104396","JUAL BELI KEMIRI <LIN>","JL BUNGA PANCUR 9 LK 4","prelist","MEDAN TUNTUNGAN","SIMPANG SELAYANG","LINGKUNGAN 9","","","G. Perdagangan Besar dan Eceran, Reparasi Mobil dan Sepeda Motor","SBR"],
    ["104397","JUAL BELI KEMIRI <HARYANTA>","JL PALES 78 LINGKUNGAN 15","prelist","MEDAN TUNTUNGAN","SIMPANG SELAYANG","LINGKUNGAN 5","","","G. Perdagangan Besar dan Eceran, Reparasi Mobil dan Sepeda Motor","SBR"],
    ["104398","KIOS BUAH <PARULINA>","JLN FLAMBOYAN RAYA PASAR MELATI LK 4","prelist","MEDAN TUNTUNGAN","TANJUNG SELAMAT","LINGKUNGAN 4","","","G. Perdagangan Besar dan Eceran, Reparasi Mobil dan Sepeda Motor","SBR"],
    ["104399","KIOS SEPATU <SINABANG>","JLN FLAMBOYAN RAYA PASAR MELATI LK 4","prelist","MEDAN TUNTUNGAN","TANJUNG SELAMAT","LINGKUNGAN 9","","","G. Perdagangan Besar dan Eceran, Reparasi Mobil dan Sepeda Motor","SBR"],
    ["104400","KIOS CELANA BEKAS <FITRIANI>","JALAN FLAMBOYAN RAYA <PASAR MELATI> LINK 4","prelist","MEDAN TUNTUNGAN","TANJUNG SELAMAT","LINGKUNGAN 4","","","G. Perdagangan Besar dan Eceran, Reparasi Mobil dan Sepeda Motor","SBR"],
    ["104401","KIOS PAKAIAN BEKAS<MIHARJA>","JALAN FLAMBOYAN RAYA PASAR MELATI LINK 4","prelist","MEDAN TUNTUNGAN","TANJUNG SELAMAT","LINGKUNGAN 4","","","G. Perdagangan Besar dan Eceran, Reparasi Mobil dan Sepeda Motor","SBR"],
    ["104402","KIOS BAJU <SEREMINDRA>","JALAN FLAMBOYAN RAYA PASAR MELATI LK 4","prelist","MEDAN TUNTUNGAN","TANJUNG SELAMAT","LINGKUNGAN 4","","","G. Perdagangan Besar dan Eceran, Reparasi Mobil dan Sepeda Motor","SBR"],
    ["104403","KIOS CELANA <GILBERT>","JALAN FLAMBOYAN RAYA PASAR MELATI","prelist","MEDAN TUNTUNGAN","TANJUNG SELAMAT","LINGKUNGAN 4","","","G. Perdagangan Besar dan Eceran, Reparasi Mobil dan Sepeda Motor","SBR"],
    ["104406","TONGAT ELPIJI","JALAN FLAMBOYAN 6 NO 6 LINGKUNGAN 7","prelist","MEDAN TUNTUNGAN","TANJUNG SELAMAT","LINGKUNGAN 7","","","G. Perdagangan Besar dan Eceran, Reparasi Mobil dan Sepeda Motor","SBR"],
    ["104407","JUAL SIRIH <NURAISYAH>","JALAN FLAMBOYAN RAYA LINGKUNGAN 7","prelist","MEDAN TUNTUNGAN","TANJUNG SELAMAT","LINGKUNGAN 4","","","G. Perdagangan Besar dan Eceran, Reparasi Mobil dan Sepeda Motor","SBR"],
    ["104408","KIOS DAGING <RUDI>","JL SEROJA RAYA LK 7","prelist","MEDAN TUNTUNGAN","TANJUNG SELAMAT","LINGKUNGAN 7","","","G. Perdagangan Besar dan Eceran, Reparasi Mobil dan Sepeda Motor","SBR"],
    ["104409","KEDAI JAJANAN <ERNI>","JALAN FLAMBOYAN RAYA GANG SEJATI N 026 L K 3","prelist","MEDAN TUNTUNGAN","TANJUNG SELAMAT","LINGKUNGAN 2","","","G. Perdagangan Besar dan Eceran, Reparasi Mobil dan Sepeda Motor","SBR"],
    ["104410","JUALAN SAYUR <DEWI>","JL FLAMBOYAN RAYA LK 2","prelist","MEDAN TUNTUNGAN","TANJUNG SELAMAT","LINGKUNGAN 4","","","G. Perdagangan Besar dan Eceran, Reparasi Mobil dan Sepeda Motor","SBR"],
    ["104411","JUALAN ONLINE <EFRIANDANI>","JL FLAMBOYAN RAYA KOMP TAMAN MELATI LK 2","prelist","MEDAN TUNTUNGAN","TANJUNG SELAMAT","LINGKUNGAN 2","","","G. Perdagangan Besar dan Eceran, Reparasi Mobil dan Sepeda Motor","SBR"],
    ["104412","SITANGGANG JAYA MOTOR","JL FLAMBOYAN RAYA LK","prelist","MEDAN TUNTUNGAN","TANJUNG SELAMAT","LINGKUNGAN 8","","","G. Perdagangan Besar dan Eceran, Reparasi Mobil dan Sepeda Motor","SBR"],
    ["104413","DAGANG SAYUR <GUSNI>","JL FLAMBOYAN RAYA GG TARGES LK 2","prelist","MEDAN TUNTUNGAN","TANJUNG SELAMAT","LINGKUNGAN 2","","","G. Perdagangan Besar dan Eceran, Reparasi Mobil dan Sepeda Motor","SBR"],
    ["104414","DOORSMER <HOTTUA>","JLN FLAMBOYAN RAYA LK 9","prelist","MEDAN TUNTUNGAN","TANJUNG SELAMAT","LINGKUNGAN 4","","","G. Perdagangan Besar dan Eceran, Reparasi Mobil dan Sepeda Motor","SBR"],
    ["104415","KEDAI KELONTONG <SUMARNI>","JALAN FLAMBOYAN 3 LK 9","prelist","MEDAN TUNTUNGAN","TANJUNG SELAMAT","LINGKUNGAN 9","","","G. Perdagangan Besar dan Eceran, Reparasi Mobil dan Sepeda Motor","SBR"],
    ["104423","KIOS PAKAIAN BEKAS <ROSMINA>","JALAN FLAMBOYAN RAYA PASAR MELATI","prelist","MEDAN TUNTUNGAN","TANJUNG SELAMAT","LINGKUNGAN 4","","","G. Perdagangan Besar dan Eceran, Reparasi Mobil dan Sepeda Motor","SBR"],
    ["104424","KIOS BAJU BEKAS <SUCI>","JALAN FLAMBOYAN RAYA PASAR MELATI LINK 4","prelist","MEDAN TUNTUNGAN","TANJUNG SELAMAT","LINGKUNGAN 4","","","G. Perdagangan Besar dan Eceran, Reparasi Mobil dan Sepeda Motor","SBR"],
    ["104425","KIOS PAKAIAN BEKAS <LINDAWATI SIREGAR>","JALAN FLAMBOYAN RAYA PASAR MELATI LINK 4","prelist","MEDAN TUNTUNGAN","TANJUNG SELAMAT","LINGKUNGAN 4","","","G. Perdagangan Besar dan Eceran, Reparasi Mobil dan Sepeda Motor","SBR"],
    ["104426","KIOS PAKAIAN <HOTBINER>","JLN FLAMBOYAN RAYA PASAR MELATI LK 4","prelist","MEDAN TUNTUNGAN","TANJUNG SELAMAT","LINGKUNGAN 4","","","G. Perdagangan Besar dan Eceran, Reparasi Mobil dan Sepeda Motor","SBR"],
    ["104427","KIOS KAOS <TABITA>","JLN FLAMBOYAN RAYA PASAR MELATI LK 4","prelist","MEDAN TUNTUNGAN","TANJUNG SELAMAT","LINGKUNGAN 9","","","G. Perdagangan Besar dan Eceran, Reparasi Mobil dan Sepeda Motor","SBR"],
    ["104428","KIOS MONZA <SANTI>","JALAN FLAMBOYAN RAYA PASAR MELATI LK 4","prelist","MEDAN TUNTUNGAN","TANJUNG SELAMAT","LINGKUNGAN 4","","","G. Perdagangan Besar dan Eceran, Reparasi Mobil dan Sepeda Motor","SBR"],
    ["104429","KIOS PAKAIAN BEKAS<ARJUNA>","JALAN FLAMBOYAN RAYA PASAR MELATI LINK 4","prelist","MEDAN TUNTUNGAN","TANJUNG SELAMAT","LINGKUNGAN 4","","","G. Perdagangan Besar dan Eceran, Reparasi Mobil dan Sepeda Motor","SBR"],
    ["104430","KIOS KAIN BEKAS <ANNA>","JALAN JAHE RAY A PASAR SIMALINGKAR","prelist","MEDAN TUNTUNGAN","MANGGA","LINGKUNGAN 14","","","G. Perdagangan Besar dan Eceran, Reparasi Mobil dan Sepeda Motor","SBR"],
    ["104431","JUAL IKAN MAS <SANTI>","JALAN JAHE RAYA PASAR SIMALINGKAR","prelist","MEDAN TUNTUNGAN","MANGGA","LINGKUNGAN 14","","","G. Perdagangan Besar dan Eceran, Reparasi Mobil dan Sepeda Motor","SBR"],
    ["104432","KIOS KAIN MONZA <JHONSON>","JALAN JAHE RAYA PASAR SIMALINGKAR","prelist","MEDAN TUNTUNGAN","MANGGA","LINGKUNGAN 14","","","G. Perdagangan Besar dan Eceran, Reparasi Mobil dan Sepeda Motor","SBR"],
    ["104433","KIOS MONZA <MURNIATI>","JALAN JAHE RAYA PASAR SIMALINGKAR","prelist","MEDAN TUNTUNGAN","MANGGA","LINGKUNGAN 14","","","G. Perdagangan Besar dan Eceran, Reparasi Mobil dan Sepeda Motor","SBR"],
    ["104434","KIOS TAS <ARUSTA>","JALAN JAHE RATA PASAR SIMALINGKAR","prelist","MEDAN TUNTUNGAN","MANGGA","LINGKUNGAN 11","","","G. Perdagangan Besar dan Eceran, Reparasi Mobil dan Sepeda Motor","SBR"],
    ["104435","PAKAIAN BEKAS <DARMA>","JALAN JAHE RAYA PASAR SIMALINGKAR","prelist","MEDAN TUNTUNGAN","MANGGA","LINGKUNGAN 14","","","G. Perdagangan Besar dan Eceran, Reparasi Mobil dan Sepeda Motor","SBR"],
    ["104436","PENJUAL SAYUR <JUDA>","JALAN JAHE RAYA PASAR SIMALINGKAR","prelist","MEDAN TUNTUNGAN","MANGGA","LINGKUNGAN 14","","","G. Perdagangan Besar dan Eceran, Reparasi Mobil dan Sepeda Motor","SBR"],
    ["104437","PENJUAL SEMBAKAU <MARIANA>","JALAN JAHE RAYA PASAR SIMALINGKAR","prelist","MEDAN TUNTUNGAN","MANGGA","LINGKUNGAN 14","","","G. Perdagangan Besar dan Eceran, Reparasi Mobil dan Sepeda Motor","SBR"],
    ["104438","CERT FLORIST","JALANJAHERA-RANOGLIN GAUNGAN 94","prelist","MEDAN TUNTUNGAN","MANGGA","LINGKUNGAN 5","","","G. Perdagangan Besar dan Eceran, Reparasi Mobil dan Sepeda Motor","SBR"],
    ["104439","YUDHA BAN","JALAN TAHE RAYA LINGK UNGAN 14","prelist","MEDAN TUNTUNGAN","MANGGA","LINGKUNGAN 5","","","G. Perdagangan Besar dan Eceran, Reparasi Mobil dan Sepeda Motor","SBR"],
    ["104440","PENGUMPUL BARANG BEKA S <SITORUS>","JALAN RAYA 1 LINGKUNG AN 14","prelist","MEDAN TUNTUNGAN","MANGGA","LINGKUNGAN 5","","","G. Perdagangan Besar dan Eceran, Reparasi Mobil dan Sepeda Motor","SBR"],
    ["104441","WARUNG JAJANAN <DORLAN>","JALAN JAHE 10 NO 10 LINGKUNGAN 14","prelist","MEDAN TUNTUNGAN","MANGGA","LINGKUNGAN 14","","","G. Perdagangan Besar dan Eceran, Reparasi Mobil dan Sepeda Motor","SBR"],
    ["104442","WARUNG SEMBAKO <ROSDIANA>","JALAN BAWANG 1 NOMOR 6 LINGKUNGAN 15","prelist","MEDAN TUNTUNGAN","MANGGA","LINGKUNGAN 15","","","G. Perdagangan Besar dan Eceran, Reparasi Mobil dan Sepeda Motor","SBR"],
    ["104443","PENJUAL SAYUR SAYURAN <RUSTINA>","JLN TEMBAKAU RAYA PERUM SL LING 19","prelist","MEDAN TUNTUNGAN","MANGGA","LINGKUNGAN 22","","","G. Perdagangan Besar dan Eceran, Reparasi Mobil dan Sepeda Motor","SBR"],
    ["104444","KEDAI KELONTONG <GADIS>","JL KAPAS 6 NO 4 P SIMALINGKAR","prelist","MEDAN TUNTUNGAN","MANGGA","LINGKUNGAN 18","","","G. Perdagangan Besar dan Eceran, Reparasi Mobil dan Sepeda Motor","SBR"],
    ["104445","MENJUAL ELEKTRONIK <ITA>","JL SAGU LINGKUNGAN 21","prelist","MEDAN TUNTUNGAN","MANGGA","LINGKUNGAN 21","","","G. Perdagangan Besar dan Eceran, Reparasi Mobil dan Sepeda Motor","SBR"],
    ["104446","PANGLONG KEMBAREN","JALAN KAPITEN PURBA LINGKUNGAN 4 NOMOR 12B","prelist","MEDAN TUNTUNGAN","MANGGA","LINGKUNGAN 4","","","G. Perdagangan Besar dan Eceran, Reparasi Mobil dan Sepeda Motor","SBR"],
    ["104447","RODAME","JALAN KAPITEN PURBA L ING K UNGAN 4","prelist","MEDAN TUNTUNGAN","MANGGA","LINGKUNGAN 4","","","G. Perdagangan Besar dan Eceran, Reparasi Mobil dan Sepeda Motor","SBR"],
    ["104448","TARIGAN OIL","JALAN KAPITEN PURBA L ING K UNGAN 4","prelist","MEDAN TUNTUNGAN","MANGGA","LINGKUNGAN 4","","","G. Perdagangan Besar dan Eceran, Reparasi Mobil dan Sepeda Motor","SBR"],
    ["104449","JUAL KUE BOHONG <BENY>","JALAN KAPITEN PURBA LINGKUNGAN 4","prelist","MEDAN TUNTUNGAN","MANGGA","LINGKUNGAN 4","","","G. Perdagangan Besar dan Eceran, Reparasi Mobil dan Sepeda Motor","SBR"],
    ["104450","PENJUAL JAJANAN <SYAMSU>","JL COKLAT 2 NO 8 LINGKUNGAN 9","prelist","MEDAN TUNTUNGAN","MANGGA","LINGKUNGAN 9","","","G. Perdagangan Besar dan Eceran, Reparasi Mobil dan Sepeda Motor","SBR"],
    ["104451","WARUNG JAJANAN <DWI>","JALAN KOPI 11 LINGKUNGAN 6","prelist","MEDAN TUNTUNGAN","MANGGA","LINGKUNGAN 6","","","G. Perdagangan Besar dan Eceran, Reparasi Mobil dan Sepeda Motor","SBR"],
    ["104452","WARUNG JAJANAN <DIAN>","JALAN KAYUMANIS NOMOR 1 LINGKUNGAN 10","prelist","MEDAN TUNTUNGAN","MANGGA","LINGKUNGAN 7","","","G. Perdagangan Besar dan Eceran, Reparasi Mobil dan Sepeda Motor","SBR"],
    ["104453","WARUNG SEMBAKO<AZHA>","JALAN NYIUR 2 NOMOR 31 LINGKUNGAN 10","prelist","MEDAN TUNTUNGAN","MANGGA","LINGKUNGAN 10","","","G. Perdagangan Besar dan Eceran, Reparasi Mobil dan Sepeda Motor","SBR"],
    ["104454","MENJUAL GAS ELPIJI <FAHRUUL>","JALAN NYIUR 4 NOMOR 10 LINGKUNGAN 10","prelist","MEDAN TUNTUNGAN","MANGGA","LINGKUNGAN 10","","","G. Perdagangan Besar dan Eceran, Reparasi Mobil dan Sepeda Motor","SBR"],
    ["104455","JUAL ROKOK <RINTO>","JL CENGKEH 0 NO 8 LK 12","prelist","MEDAN TUNTUNGAN","MANGGA","LINGKUNGAN 11","","","G. Perdagangan Besar dan Eceran, Reparasi Mobil dan Sepeda Motor","SBR"],
    ["104456","KEDAI<SUCIANTA>","JL TALI AIR GG.SEJUK LINGKUNGAN 4","prelist","MEDAN TUNTUNGAN","MANGGA","LINGKUNGAN 4","","","G. Perdagangan Besar dan Eceran, Reparasi Mobil dan Sepeda Motor","SBR"],
    ["104457","WARONG SEMBAKO <IYES>","JALAN KEMENYAN RATA NOMOR 49 LINGKUNGAN 22","prelist","MEDAN TUNTUNGAN","MANGGA","LINGKUNGAN 19","","","G. Perdagangan Besar dan Eceran, Reparasi Mobil dan Sepeda Motor","SBR"],
    ["104458","KIOS MONZA <NIMAH>","JALAN JAHE RAYA PASAR SIMALINGKAR","prelist","MEDAN TUNTUNGAN","MANGGA","LINGKUNGAN 14","","","G. Perdagangan Besar dan Eceran, Reparasi Mobil dan Sepeda Motor","SBR"],
    ["104459","PENJUAL BUAH <FERA>","JALAN JAHE RAYA PASAR SIMALINGKAR","prelist","MEDAN TUNTUNGAN","MANGGA","LINGKUNGAN 14","","","G. Perdagangan Besar dan Eceran, Reparasi Mobil dan Sepeda Motor","SBR"],
    ["104460","KIOS MONZA <KARDIMAN>","JALAN JAHE RAYA PASAR SIMALINGKAR","prelist","MEDAN TUNTUNGAN","MANGGA","LINGKUNGAN 14","","","G. Perdagangan Besar dan Eceran, Reparasi Mobil dan Sepeda Motor","SBR"],
    ["104461","JUAL BAL PAKAIAN BEKAS <WASNI>","JALAN JAHE RAYA PASAR SIMALINGKAR","prelist","MEDAN TUNTUNGAN","MANGGA","LINGKUNGAN 14","","","G. Perdagangan Besar dan Eceran, Reparasi Mobil dan Sepeda Motor","SBR"],
    ["104470","ORIFLAME<RAHMAYANI>","ROYAL SUMATERA LINGKUNGAN LIMA","prelist","MEDAN TUNTUNGAN","MANGGA","LINGKUNGAN 5","","","G. Perdagangan Besar dan Eceran, Reparasi Mobil dan Sepeda Motor","SBR"],
    ["104471","TOKO SEMBAKO JOSUA","JL DJAMIN GINTING NO 74 KM 8.5 MEOAN","prelist","MEDAN TUNTUNGAN","MANGGA","LINGKUNGAN 1","","","G. Perdagangan Besar dan Eceran, Reparasi Mobil dan Sepeda Motor","SBR"],
    ["104472","KANTIN STIKES SENIOR MEDAN","JL DJAMIN GINTING KM 8,5 PADANG BULAN","prelist","MEDAN TUNTUNGAN","MANGGA","LINGKUNGAN 1","","","G. Perdagangan Besar dan Eceran, Reparasi Mobil dan Sepeda Motor","SBR"],
    ["104473","WARUNG SEMBAKO <ERNA>","JALAN IRIGASI NO 19 LINGKUNGAN 2","prelist","MEDAN TUNTUNGAN","MANGGA","LINGKUNGAN 2","","","G. Perdagangan Besar dan Eceran, Reparasi Mobil dan Sepeda Motor","SBR"],
    ["104474","DOOR SMEER ALL 28","JALAN JAMIN GINTING LINGKUNGAN 2","prelist","MEDAN TUNTUNGAN","SIMPANG SELAYANG","LINGKUNGAN 5","","","G. Perdagangan Besar dan Eceran, Reparasi Mobil dan Sepeda Motor","SBR"],
    ["104475","JUAL TELUR AYAM <SAPTA>","JL JAMIN GINTING LINK 2","prelist","MEDAN TUNTUNGAN","MANGGA","LINGKUNGAN 2","","","G. Perdagangan Besar dan Eceran, Reparasi Mobil dan Sepeda Motor","SBR"],
    ["104476","JUAL KEMIRI <AYESTER>","GANG BERAS MUNTE LINK 2","prelist","MEDAN TUNTUNGAN","MANGGA","LINGKUNGAN 2","","","G. Perdagangan Besar dan Eceran, Reparasi Mobil dan Sepeda Motor","SBR"],
    ["104477","KEDAI JAJANAN <PASTI>","JL LETJEN JAMIN GINTI NG GG BANGUN LINGKUNGAN 3","prelist","MEDAN TUNTUNGAN","MANGGA","LINGKUNGAN 3","","","G. Perdagangan Besar dan Eceran, Reparasi Mobil dan Sepeda Motor","SBR"],
    ["104521","JUAL JAJANAN<BENYAMIN>","JL JAMIN GINTING GG ATE MALEM NO 6","prelist","MEDAN TUNTUNGAN","SIMPANG SELAYANG","LINGKUNGAN 1","","","G. Perdagangan Besar dan Eceran, Reparasi Mobil dan Sepeda Motor","SBR"],
    ["104778","WARUNG SEMBAKO <NASMAWATI>","JLN BENDUNGAN 5 LINGKUNGAN 3","prelist","MEDAN TUNTUNGAN","MANGGA","LINGKUNGAN 1","","","G. Perdagangan Besar dan Eceran, Reparasi Mobil dan Sepeda Motor","SBR"],
    ["107102","KEDAI KELONTONG <YONA>","JL JAMIN GINTING KM 11 NO 100","prelist","MEDAN TUNTUNGAN","SIMPANG SELAYANG","LINGKUNGAN 2","","","G. Perdagangan Besar dan Eceran, Reparasi Mobil dan Sepeda Motor","SBR"],
    ["107103","USAHA KEMIRI <FAOLI>","BUNGA PANCUR IX GG PAKSANGI LINK IV","prelist","MEDAN TUNTUNGAN","SIMPANG SELAYANG","LINGKUNGAN 4","","","G. Perdagangan Besar dan Eceran, Reparasi Mobil dan Sepeda Motor","SBR"],
    ["107104","JUAL BELI KEMIRI <ZAI RUDDIN>","JALAN PALES 8 NO 28 LK 7","prelist","MEDAN TUNTUNGAN","SIMPANG SELAYANG","LINGKUNGAN 7","","","G. Perdagangan Besar dan Eceran, Reparasi Mobil dan Sepeda Motor","SBR"],
    ["107105","USAHA BARANG BEKAS <ESRA>","JALAN PALES 8 LK 7","prelist","MEDAN TUNTUNGAN","SIMPANG SELAYANG","LINGKUNGAN 7","","","G. Perdagangan Besar dan Eceran, Reparasi Mobil dan Sepeda Motor","SBR"],
    ["107106","JUAL JAJANAN <PONI>","JALAN BUNGA PARIAMA LK 5","prelist","MEDAN TUNTUNGAN","LADANG BAMBU","LINGKUNGAN 4","","","G. Perdagangan Besar dan Eceran, Reparasi Mobil dan Sepeda Motor","SBR"],
    ["107118","KIOS PAKAIAN BEKAS <BUDE>","JALAN BUNGA SAKURA PASAR MELATI LINK 14","prelist","MEDAN TUNTUNGAN","TANJUNG SELAMAT","LINGKUNGAN 4","","","G. Perdagangan Besar dan Eceran, Reparasi Mobil dan Sepeda Motor","SBR"],
    ["107119","KIOS ALAT DAPUR <SUGIONO>","JL SAKURA RAYA LK 4","prelist","MEDAN TUNTUNGAN","TANJUNG SELAMAT","LINGKUNGAN 9","","","G. Perdagangan Besar dan Eceran, Reparasi Mobil dan Sepeda Motor","SBR"],
    ["107120","KIOS PAKAIAN BEKAS <LENI>","JALAN FLAMBOYAN RAYA PASAR MELATI LINK 4","prelist","MEDAN TUNTUNGAN","TANJUNG SELAMAT","LINGKUNGAN 4","","","G. Perdagangan Besar dan Eceran, Reparasi Mobil dan Sepeda Motor","SBR"],
    ["107122","KIOS PAKAIAN BEKAS<NOVA>","JALAN FLAMBOYAN RAYA PASAR MELATI LINK 4","prelist","MEDAN TUNTUNGAN","TANJUNG SELAMAT","LINGKUNGAN 4","","","G. Perdagangan Besar dan Eceran, Reparasi Mobil dan Sepeda Motor","SBR"],
    ["107123","KIOS CELANA BEKAS <RUSMINA>","JALAN FLAMBOYAN RATA PASAR NELATI LINK 4","prelist","MEDAN TUNTUNGAN","TANJUNG SELAMAT","LINGKUNGAN 4","","","G. Perdagangan Besar dan Eceran, Reparasi Mobil dan Sepeda Motor","SBR"],
    ["107124","KIOS BED COVER BEKAS <MARULI>","JALAN FLANBOYAN RAYA PASAR MELATI LINK 4","prelist","MEDAN TUNTUNGAN","TANJUNG SELAMAT","LINGKUNGAN 4","","","G. Perdagangan Besar dan Eceran, Reparasi Mobil dan Sepeda Motor","SBR"],
    ["107125","KIOS SAYUR <LINDA>","JALAN SEROJA RAYA LK 7","prelist","MEDAN TUNTUNGAN","TANJUNG SELAMAT","LINGKUNGAN 7","","","G. Perdagangan Besar dan Eceran, Reparasi Mobil dan Sepeda Motor","SBR"],
    ["107126","JUALAN SAYUR <MARTIANA>","JL FLAMBOYAN 8 LK 2","prelist","MEDAN TUNTUNGAN","TANJUNG SELAMAT","LINGKUNGAN 2","","","G. Perdagangan Besar dan Eceran, Reparasi Mobil dan Sepeda Motor","SBR"],
    ["107127","WARUNG KELONTONG <ELIA>","JL FLAMBOYAN RAYA GG INPRES LINGKUNGAN 2","prelist","MEDAN TUNTUNGAN","TANJUNG SELAMAT","LINGKUNGAN 2","","","G. Perdagangan Besar dan Eceran, Reparasi Mobil dan Sepeda Motor","SBR"],
    ["107129","DAGANG ES TEBU <IMAM>","JL GRAHA BLOK A NO 83 TANJUNG ANOM","prelist","MEDAN TUNTUNGAN","TANJUNG SELAMAT","LINGKUNGAN 1","","","G. Perdagangan Besar dan Eceran, Reparasi Mobil dan Sepeda Motor","SBR"],
    ["107131","STAR FASHION","JL FLAMBOYAN RAYA LK 8","prelist","MEDAN TUNTUNGAN","TANJUNG SELAMAT","LINGKUNGAN 4","","","G. Perdagangan Besar dan Eceran, Reparasi Mobil dan Sepeda Motor","SBR"],
    ["107132","JUALAN BUAH<SEBAYANG>","JL SEROJA RAYA LINGKUNGAN 8","prelist","MEDAN TUNTUNGAN","TANJUNG SELAMAT","LINGKUNGAN 7","","","G. Perdagangan Besar dan Eceran, Reparasi Mobil dan Sepeda Motor","SBR"],
    ["107133","THIBBUN NAWABI<HERMAN>","KOMPLEK PURI ZAHARA 1 LINGKUNGAN 8","prelist","MEDAN TUNTUNGAN","TANJUNG SELAMAT","LINGKUNGAN 8","","","G. Perdagangan Besar dan Eceran, Reparasi Mobil dan Sepeda Motor","SBR"],
    ["107143","KEDAI<AGUS>","JALAN NILAM 2 NO 95 LINGKUNGAN 23","prelist","MEDAN TUNTUNGAN","MANGGA","LINGKUNGAN 21","","","G. Perdagangan Besar dan Eceran, Reparasi Mobil dan Sepeda Motor","SBR"],
    ["107144","KIOS PAKAIAN DALAM BEKAS <ROSMIATI>","JALAN BUNGA SAKURA PASAR MELATI LINK 4","prelist","MEDAN TUNTUNGAN","TANJUNG SELAMAT","LINGKUNGAN 4","","","G. Perdagangan Besar dan Eceran, Reparasi Mobil dan Sepeda Motor","SBR"],
    ["107145","KIOS GORDEN BEKAS <KESI>","JALAN BUNGA SAKURA PASAR MELATI LINK 4","prelist","MEDAN TUNTUNGAN","TANJUNG SELAMAT","LINGKUNGAN 4","","","G. Perdagangan Besar dan Eceran, Reparasi Mobil dan Sepeda Motor","SBR"],
    ["107146","KIOS PAKAIAN DALAM BEKAS <ANTONI>","JALAN BUNGA SAKURA PASAR MELATI LINK 4","prelist","MEDAN TUNTUNGAN","TANJUNG SELAMAT","LINGKUNGAN 4","","","G. Perdagangan Besar dan Eceran, Reparasi Mobil dan Sepeda Motor","SBR"],
    ["107147","KIOS PAKAIAN BEKAS <LAURA>","JALAN BUNGA SAKURA PASAR MELATI LINK 4","prelist","MEDAN TUNTUNGAN","TANJUNG SELAMAT","LINGKUNGAN 4","","","G. Perdagangan Besar dan Eceran, Reparasi Mobil dan Sepeda Motor","SBR"],
    ["107148","KIOS GORDEN BEKAS","JALAN FLAMBOYAN RAYA LINK 4","prelist","MEDAN TUNTUNGAN","TANJUNG SELAMAT","LINGKUNGAN 9","","","G. Perdagangan Besar dan Eceran, Reparasi Mobil dan Sepeda Motor","SBR"],
    ["107149","KIOS CELANA JEANS EEKAS <HENDRIK>","JALAN SAKURA RAYA LINK 4","prelist","MEDAN TUNTUNGAN","TANJUNG SELAMAT","LINGKUNGAN 9","","","G. Perdagangan Besar dan Eceran, Reparasi Mobil dan Sepeda Motor","SBR"],
    ["107380","KEDAI SANIA","JL MEKAR JAYA KEL SEMPAKATA","prelist","MEDAN TUNTUNGAN","MANGGA","LINGKUNGAN 1","","","G. Perdagangan Besar dan Eceran, Reparasi Mobil dan Sepeda Motor","SBR"],
    ["107646","TUKANG BECAK <AROZOLOO>","PASAR INDUK LAUCIH","prelist","MEDAN TUNTUNGAN","LAU CIH","LINGKUNGAN 3","","","H. Transportasi dan Pergudangan","SBR"],
    ["107647","TUKANG BECAK <REZA>","PASAR INDUK LAUCIH","prelist","MEDAN TUNTUNGAN","LAU CIH","LINGKUNGAN 3","","","H. Transportasi dan Pergudangan","SBR"],
    ["107648","TUKANG BECAK <MORIS>","PASAR INDUK LAUCIH","prelist","MEDAN TUNTUNGAN","LAU CIH","LINGKUNGAN 3","","","H. Transportasi dan Pergudangan","SBR"],
    ["107649","TUKANG BECAK<WARIUS>","PASAR INDUK LAUCIH","prelist","MEDAN TUNTUNGAN","LAU CIH","LINGKUNGAN 3","","","H. Transportasi dan Pergudangan","SBR"],
    ["107650","SOPIR ANGKOT<SATRIA>","JL BUNGA MALEM UTAMA LK 3","prelist","MEDAN TUNTUNGAN","LAU CIH","LINGKUNGAN 1","","","H. Transportasi dan Pergudangan","SBR"],
    ["107651","TUKANG BECAK <ANDI>","JL BUNGA MALEM UTAMA LK 3","prelist","MEDAN TUNTUNGAN","LAU CIH","LINGKUNGAN 1","","","H. Transportasi dan Pergudangan","SBR"],
    ["107652","BECA MOTOR <DINA MARIANA>","PERUMAHAN PARIAMA BLOK E LK 5","prelist","MEDAN TUNTUNGAN","LADANG BAMBU","LINGKUNGAN 5","","","H. Transportasi dan Pergudangan","SBR"],
    ["107653","SOPIR ODONG ODONG <SAHRUN SEMBIRING>","PERUMAHAN PARIAMA BLO K E LK 5","prelist","MEDAN TUNTUNGAN","LADANG BAMBU","LINGKUNGAN 5","","","H. Transportasi dan Pergudangan","SBR"],
    ["107654","BECAK MOTOR <TUKIMIN>","JALAN BUNGA KARDIOL LK 5","prelist","MEDAN TUNTUNGAN","LADANG BAMBU","LINGKUNGAN 3","","","H. Transportasi dan Pergudangan","SBR"],
    ["107655","PENARIK BECAK <DANI>","JALAN BUNGA KARDIOL LK 3","prelist","MEDAN TUNTUNGAN","LADANG BAMBU","LINGKUNGAN 3","","","H. Transportasi dan Pergudangan","SBR"],
    ["107656","SOPIR ANGKOT<AMAD>","JALAN BUNGA KARDIOL LK 3","prelist","MEDAN TUNTUNGAN","LADANG BAMBU","LINGKUNGAN 3","","","H. Transportasi dan Pergudangan","SBR"],
    ["107662","PENGANGKUTAN BARANG <BERTA>","JLN FLAMBOYAN RAYA PASAR MELATI LK 4","prelist","MEDAN TUNTUNGAN","TANJUNG SELAMAT","LINGKUNGAN 4","","","H. Transportasi dan Pergudangan","SBR"],
    ["107664","BECAK MOTOR <DACOSTA>","JALAN BUNGH RITITE GG BANGUN LINGKUNGAN 17","prelist","MEDAN TUNTUNGAN","SIMPANG SELAYANG","LINGKUNGAN 17","","","H. Transportasi dan Pergudangan","SBR"],
    ["107665","SUPIR ANGKOT <BINSAR>","JALAN BUNGA RINTE GANG MAWAR 5","prelist","MEDAN TUNTUNGAN","SIMPANG SELAYANG","LINGKUNGAN 17","","","H. Transportasi dan Pergudangan","SBR"],
    ["107666","TUKANG BECAK <AZHAM>","JALAN NDOKUM SIROGA LINGKUNGAN 16","prelist","MEDAN TUNTUNGAN","SIMPANG SELAYANG","LINGKUNGAN 10","","","H. Transportasi dan Pergudangan","SBR"],
    ["107668","SUPIR ANGKOT NO 108 <PENEGOH SEBAYANG>","BUNGA PANCUR IX 66 SEBATANG LINK I V","prelist","MEDAN TUNTUNGAN","SIMPANG SELAYANG","LINGKUNGAN 4","","","H. Transportasi dan Pergudangan","SBR"],
    ["107669","USAH A BECAK MESIN <M. ZEKIN PARHAN>","BUNGA PANCUR IX GG NASIONAL LINK IV","prelist","MEDAN TUNTUNGAN","SIMPANG SELAYANG","LINGKUNGAN 4","","","H. Transportasi dan Pergudangan","SBR"],
    ["107670","BECAK<RIADI>","JL.PALES RAYA","prelist","MEDAN TUNTUNGAN","SIMPANG SELAYANG","LINGKUNGAN 5","","","H. Transportasi dan Pergudangan","SBR"],
    ["107671","TUKANG BECAK MOTOR<RIZKI>","JALAN PALES 3 NO 30 LK 7","prelist","MEDAN TUNTUNGAN","SIMPANG SELAYANG","LINGKUNGAN 7","","","H. Transportasi dan Pergudangan","SBR"],
    ["107672","SUPIR ANGKOT<RAMLI SINURAYA>","JALAN JAMIN GINTING GANG KELUARGA","prelist","MEDAN TUNTUNGAN","MANGGA","LINGKUNGAN 2","","","H. Transportasi dan Pergudangan","SBR"],
    ["107673","NARIK BECAK <PETRUS>","BLN BUNGA RAMPAI LINGKUNGAN 2","prelist","MEDAN TUNTUNGAN","SIMALINGKAR B","LINGKUNGAN 2","","","H. Transportasi dan Pergudangan","SBR"],
    ["107674","SUPIR ANGKOT <EDY>","JLN BUNGA RAMPEI RAYA","prelist","MEDAN TUNTUNGAN","SIMALINGKAR B","LINGKUNGAN 2","","","H. Transportasi dan Pergudangan","SBR"],
    ["107675","SUPIR ANGKOT <BANGKIT>","JALAN BUNGA LAU LK 3","prelist","MEDAN TUNTUNGAN","KEMENANGAN TANI","LINGKUNGAN 3","","","H. Transportasi dan Pergudangan","SBR"],
    ["107676","BECAK MOTOR <AFRIZAL>","JALAN BUNGA NCOLE RAYA LK 2","prelist","MEDAN TUNTUNGAN","KEMENANGAN TANI","LINGKUNGAN 5","","","H. Transportasi dan Pergudangan","SBR"],
    ["107677","TUKANG B ECAK <TERIDAH>","JALAN PET UNIA 2 LING K UNG AN 2","prelist","MEDAN TUNTUNGAN","NAMO GAJAH","LINGKUNGAN 3","","","H. Transportasi dan Pergudangan","SBR"],
    ["107682","SUPIR ANGKOT <REJA>","JALAN KAPITEN PURBA L INGKUNGAN 4","prelist","MEDAN TUNTUNGAN","MANGGA","LINGKUNGAN 4","","","H. Transportasi dan Pergudangan","SBR"],
    ["107683","TUKANG BECAK <EFENDI>","JALAN KOPI 12 LINGKUNGAN 6","prelist","MEDAN TUNTUNGAN","MANGGA","LINGKUNGAN 6","","","H. Transportasi dan Pergudangan","SBR"],
    ["107685","SUPIR ANGKOT<SIHOMBING>","JL SAWIT 3 NO 4 LINGKUNGAN 8","prelist","MEDAN TUNTUNGAN","MANGGA","LINGKUNGAN 8","","","H. Transportasi dan Pergudangan","SBR"],
    ["107686","SUPIR BUS SEKOLAH <BACHRIL>","JL NYIUR 8 NO 16 LK 10","prelist","MEDAN TUNTUNGAN","MANGGA","LINGKUNGAN 10","","","H. Transportasi dan Pergudangan","SBR"],
    ["107687","TUKANG BECAK <HERIYANTO>","JL CENGKEH 15 LK 12","prelist","MEDAN TUNTUNGAN","MANGGA","LINGKUNGAN 11","","","H. Transportasi dan Pergudangan","SBR"],
    ["107688","TOKE ANGKOT <TIMBO>","JALAN BAWANG 4 NOMOR 12 LINGKUNGAN 15","prelist","MEDAN TUNTUNGAN","MANGGA","LINGKUNGAN 15","","","H. Transportasi dan Pergudangan","SBR"],
    ["107689","RENTAL MOBIL <FAISAL>","JL KAPAS 13 NO 49 P SIMALINGKAR","prelist","MEDAN TUNTUNGAN","MANGGA","LINGKUNGAN 18","","","H. Transportasi dan Pergudangan","SBR"],
    ["107690","SUPIR ANGKOT 104 <LUTER>","GG SURBAKTI","prelist","MEDAN TUNTUNGAN","MANGGA","LINGKUNGAN 4","","","H. Transportasi dan Pergudangan","SBR"],
    ["107691","SUPIR ANGKOT 141 <PRINTAN>","JL NILAM","prelist","MEDAN TUNTUNGAN","MANGGA","LINGKUNGAN 21","","","H. Transportasi dan Pergudangan","SBR"],
    ["107692","SUPIR TAXI <TOMY>","KOMPLEK WAIKIKI BLOK D NO 20 LINK 9","prelist","MEDAN TUNTUNGAN","TANJUNG SELAMAT","LINGKUNGAN 9","","","H. Transportasi dan Pergudangan","SBR"],
    ["107693","PARKIR <ANDI>","JALAN BUNGA SAKURA PASAR MELATI LINK 4","prelist","MEDAN TUNTUNGAN","TANJUNG SELAMAT","LINGKUNGAN 4","","","H. Transportasi dan Pergudangan","SBR"],
    ["107723","TUKANG BECAK BERMOTOR <IWAN>","JL JAMIN GINTING GG ATE NALEM","prelist","MEDAN TUNTUNGAN","SIMPANG SELAYANG","LINGKUNGAN 1","","","H. Transportasi dan Pergudangan","SBR"],
    ["107760","SUPIR ANGKOT <REZA>","JL BENDUNGAN 5","prelist","MEDAN TUNTUNGAN","MANGGA","LINGKUNGAN 1","","","H. Transportasi dan Pergudangan","SBR"],
    ["107761","TUKANG BECAK <ELSON>","JL BENDUNGAN 5","prelist","MEDAN TUNTUNGAN","MANGGA","LINGKUNGAN 1","","","H. Transportasi dan Pergudangan","SBR"],
    ["108534","BECAK MOTOR <JONNI>","JALAN FLAMBOYAN 10 NO 23 LK 3 MEDAN","prelist","MEDAN TUNTUNGAN","TANJUNG SELAMAT","LINGKUNGAN 3","","","H. Transportasi dan Pergudangan","SBR"],
    ["108670","JUAL MIE KELILING <YUNI>","JALAN BUNGA PARIAMA 1","prelist","MEDAN TUNTUNGAN","LADANG BAMBU","LINGKUNGAN 4","","","I. Penyediaan Akomodasi dan Makan Minum","SBR"],
    ["108671","JUAL SARAPAN PAGI <DARMI>","JALAN BUNGA PARIAMA 1","prelist","MEDAN TUNTUNGAN","LADANG BAMBU","LINGKUNGAN 4","","","I. Penyediaan Akomodasi dan Makan Minum","SBR"],
    ["108686","WARUNG MAKAN AQCN <HELENA>","JL JAMIN GINTING KM I 0,5","prelist","MEDAN TUNTUNGAN","LAU CIH","LINGKUNGAN 2","","","I. Penyediaan Akomodasi dan Makan Minum","SBR"],
    ["108687","LAPO TUAK <REMONTA>","JL BUNGA RAMPAI 3 LINGKUNGAN 3","prelist","MEDAN TUNTUNGAN","SIMALINGKAR B","LINGKUNGAN 5","","","I. Penyediaan Akomodasi dan Makan Minum","SBR"],
    ["108689","KOST KOST AN<PESTARIA>","JALAN BUNGA NCOLE","prelist","MEDAN TUNTUNGAN","KEMENANGAN TANI","LINGKUNGAN 5","","","I. Penyediaan Akomodasi dan Makan Minum","SBR"],
    ["108690","KANTIN POLTEKES <NINGSIH>","JLN BUNG A NCOLE NO 95 KEMENANGAN TANI","prelist","MEDAN TUNTUNGAN","KEMENANGAN TANI","LINGKUNGAN 5","","","I. Penyediaan Akomodasi dan Makan Minum","SBR"],
    ["108691","WARUNG MAKAN<JULIA>","JALAN BUNGA LAU KIOS NO 30 LK 3","prelist","MEDAN TUNTUNGAN","KEMENANGAN TANI","LINGKUNGAN 3","","","I. Penyediaan Akomodasi dan Makan Minum","SBR"],
    ["108692","RUMAH KOST <KARTIKA>","JALAN BUNGA NCOLE 5 LK 2","prelist","MEDAN TUNTUNGAN","KEMENANGAN TANI","LINGKUNGAN 3","","","I. Penyediaan Akomodasi dan Makan Minum","SBR"],
    ["108693","WARUNG KOPI<ALBINA>","JALAN BUNGA MELATI LK","prelist","MEDAN TUNTUNGAN","KEMENANGAN TANI","LINGKUNGAN 3","","","I. Penyediaan Akomodasi dan Makan Minum","SBR"],
    ["108694","PENJUAL MAKANAN <ROSMA>","JALAN PET UNIA RAYA LK 2","prelist","MEDAN TUNTUNGAN","NAMO GAJAH","LINGKUNGAN 3","","","I. Penyediaan Akomodasi dan Makan Minum","SBR"],
    ["108695","KOS-KOSAN<SEHAT>","JALAN BUNGA MAYANG LK I","prelist","MEDAN TUNTUNGAN","LAU CIH","LINGKUNGAN 1","","","I. Penyediaan Akomodasi dan Makan Minum","SBR"],
    ["108696","SARAPAN PAGI <SAIA>","JALAN BUNGA MAYANG LK I","prelist","MEDAN TUNTUNGAN","LAU CIH","LINGKUNGAN 1","","","I. Penyediaan Akomodasi dan Makan Minum","SBR"],
    ["108697","WARKOP <TERTIB>","JALAN JAMIN GINTING LINGKUNGAN 1","prelist","MEDAN TUNTUNGAN","LAU CIH","LINGKUNGAN 2","","","I. Penyediaan Akomodasi dan Makan Minum","SBR"],
    ["108698","KEDAI KOPI SINAR PAGI","JALAN JAMIN GINTING LK 1","prelist","MEDAN TUNTUNGAN","SIDOMULYO","LINGKUNGAN 2","","","I. Penyediaan Akomodasi dan Makan Minum","SBR"],
    ["108699","JUAL MAKANAN <PONIEM>","JALAN BUNG A TURI 1 LK 1","prelist","MEDAN TUNTUNGAN","SIDOMULYO","LINGKUNGAN 1","","","I. Penyediaan Akomodasi dan Makan Minum","SBR"],
    ["108700","PENJUAL MAKANAN <SARIPAH>","JALAN BUNGA TURI 5 LINGKUNGAN 3","prelist","MEDAN TUNTUNGAN","SIDOMULYO","LINGKUNGAN 2","","","I. Penyediaan Akomodasi dan Makan Minum","SBR"],
    ["108701","KANTIN SDN 064026 BARU LADANG BAMBU <KARSINEM>","JALAN BUNGA GANYONG LK 5","prelist","MEDAN TUNTUNGAN","LADANG BAMBU","LINGKUNGAN 5","","","I. Penyediaan Akomodasi dan Makan Minum","SBR"],
    ["108702","MENJUAL ES KELAPA < NAPISAH>","JALAN FLAMBOYAN RAYA LK 3","prelist","MEDAN TUNTUNGAN","TANJUNG SELAMAT","LINGKUNGAN 4","","","I. Penyediaan Akomodasi dan Makan Minum","SBR"],
    ["108703","RATU MINANG RM","JL FLAMBOYAN RAYA LK 2","prelist","MEDAN TUNTUNGAN","TANJUNG SELAMAT","LINGKUNGAN 2","","","I. Penyediaan Akomodasi dan Makan Minum","SBR"],
    ["108706","CIO CIO RM","JL SEROJA RAYA LINGKUNGAN 8","prelist","MEDAN TUNTUNGAN","TANJUNG SELAMAT","LINGKUNGAN 7","","","I. Penyediaan Akomodasi dan Makan Minum","SBR"],
    ["108707","LAPO TUAK TERUHTUALAH","JL STELA RAYA LK 10","prelist","MEDAN TUNTUNGAN","SIMPANG SELAYANG","LINGKUNGAN 10","","","I. Penyediaan Akomodasi dan Makan Minum","SBR"],
    ["108708","PENYEWAAN KOST - KOSTAN < UHIR >","J L.SILANGGE LK.10","prelist","MEDAN TUNTUNGAN","SIMPANG SELAYANG","LINGKUNGAN 10","","","I. Penyediaan Akomodasi dan Makan Minum","SBR"],
    ["108709","WARUNG MIE <SISKA>","JALAN BUNGA RINTE LK I","prelist","MEDAN TUNTUNGAN","SIMPANG SELAYANG","LINGKUNGAN 13","","","I. Penyediaan Akomodasi dan Makan Minum","SBR"],
    ["108710","WARKOP <JAIRUDIN>","JL STELA RAYA LK 17","prelist","MEDAN TUNTUNGAN","SIMPANG SELAYANG","LINGKUNGAN 10","","","I. Penyediaan Akomodasi dan Makan Minum","SBR"],
    ["108711","ASIA MINANG","JL SETIA BUDI","prelist","MEDAN TUNTUNGAN","SIMPANG SELAYANG","LINGKUNGAN 16","","","I. Penyediaan Akomodasi dan Makan Minum","SBR"],
    ["108712","KOS KOST AN <ARMADA>","JL PAYA BUNDUNG NO 9","prelist","MEDAN TUNTUNGAN","SIMPANG SELAYANG","LINGKUNGAN 2","","","I. Penyediaan Akomodasi dan Makan Minum","SBR"],
    ["108713","PADANG PARIAMAN <DAMAI>","JL JAMIN GINTING","prelist","MEDAN TUNTUNGAN","SIMPANG SELAYANG","LINGKUNGAN 2","","","I. Penyediaan Akomodasi dan Makan Minum","SBR"],
    ["108714","KEDAI KOPI <GEMBIRA>","JL PALES 7 N0 13 LK 15","prelist","MEDAN TUNTUNGAN","MANGGA","LINGKUNGAN 15","","","I. Penyediaan Akomodasi dan Makan Minum","SBR"],
    ["108715","WARUNG MAKAN<IMAM>","JL PALES RAYA","prelist","MEDAN TUNTUNGAN","SIMPANG SELAYANG","LINGKUNGAN 5","","","I. Penyediaan Akomodasi dan Makan Minum","SBR"],
    ["108716","MIE KELILING <NEK IYAH>","JL PALES RAYA","prelist","MEDAN TUNTUNGAN","SIMPANG SELAYANG","LINGKUNGAN 5","","","I. Penyediaan Akomodasi dan Makan Minum","SBR"],
    ["108717","JUAL MARTABAK <WATI>","JALAN BUNGA PANCUR I LK 6","prelist","MEDAN TUNTUNGAN","SIMPANG SELAYANG","LINGKUNGAN 6","","","I. Penyediaan Akomodasi dan Makan Minum","SBR"],
    ["108718","BAKSO BAKAR KELILING <EKO>","JL TEH 6 NO 1 LK 11 PERUMNAS","prelist","MEDAN TUNTUNGAN","MANGGA","LINGKUNGAN 11","","","I. Penyediaan Akomodasi dan Makan Minum","SBR"],
    ["108719","MIE ACEH TANGSE","JL SAWIT RAYA NO 53 LK 11 PERUMNAS","prelist","MEDAN TUNTUNGAN","MANGGA","LINGKUNGAN 11","","","I. Penyediaan Akomodasi dan Makan Minum","SBR"],
    ["108720","JUAL KUE <RUDIANTO>","JALAN NYIUR RAYA I NOMOR 34 LINGKUNGAN 10","prelist","MEDAN TUNTUNGAN","MANGGA","LINGKUNGAN 10","","","I. Penyediaan Akomodasi dan Makan Minum","SBR"],
    ["108721","KEDAI KOPI <FIKA FONG>","JALAN NYIUR RAYA 1 LINGKUNGAN 10","prelist","MEDAN TUNTUNGAN","MANGGA","LINGKUNGAN 10","","","I. Penyediaan Akomodasi dan Makan Minum","SBR"],
    ["108722","JAJANAN CIRENG<SUGENG>","JL CENGKEH 12 NO 7 LING 12","prelist","MEDAN TUNTUNGAN","MANGGA","LINGKUNGAN 12","","","I. Penyediaan Akomodasi dan Makan Minum","SBR"],
    ["108723","CATERING BIBI","JL COKLAT 12 NO 16 LK XXIV PERUMNAS","prelist","MEDAN TUNTUNGAN","MANGGA","LINGKUNGAN 24","","","I. Penyediaan Akomodasi dan Makan Minum","SBR"],
    ["108724","WARUNG MAKAN ROSLIANA","JALAN JAHE RAYA DASAR SIMALINGKAR","prelist","MEDAN TUNTUNGAN","MANGGA","LINGKUNGAN 14","","","I. Penyediaan Akomodasi dan Makan Minum","SBR"],
    ["108725","KEDAI KOPI <BANGUN>","JALAN JAHE RAYA NO.27 LINGKUNGAN.14","prelist","MEDAN TUNTUNGAN","MANGGA","LINGKUNGAN 17","","","I. Penyediaan Akomodasi dan Makan Minum","SBR"],
    ["108726","SARAPAN PAGI <LINA>","JALAN BAWANG 2 NOMOR 38 LINGKUNGAN 15","prelist","MEDAN TUNTUNGAN","MANGGA","LINGKUNGAN 15","","","I. Penyediaan Akomodasi dan Makan Minum","SBR"],
    ["108727","PENJUAL ES DAWET","JLN TEMBAKAU RAYA PERUMNAS SIMALINGKAR LINGKUNGAN 19","prelist","MEDAN TUNTUNGAN","MANGGA","LINGKUNGAN 22","","","I. Penyediaan Akomodasi dan Makan Minum","SBR"],
    ["108728","WARUNG MAKAN <EKA>","JALAN SAGU RAYA NO 23","prelist","MEDAN TUNTUNGAN","MANGGA","LINGKUNGAN 21","","","I. Penyediaan Akomodasi dan Makan Minum","SBR"],
    ["108729","JUAL SARAPAN PAGI <HARIZAR>","JL NILAM RAYA NO 10 LK 21","prelist","MEDAN TUNTUNGAN","MANGGA","LINGKUNGAN 21","","","I. Penyediaan Akomodasi dan Makan Minum","SBR"],
    ["108730","WARUNG KOPI <BENHUR>","JL NILAM RAYA","prelist","MEDAN TUNTUNGAN","MANGGA","LINGKUNGAN 21","","","I. Penyediaan Akomodasi dan Makan Minum","SBR"],
    ["108732","WARUNG BAKSO <SUSAN>","JALAN FLAMBOYAN RAYA PASAR MELATI LK 4","prelist","MEDAN TUNTUNGAN","TANJUNG SELAMAT","LINGKUNGAN 9","","","I. Penyediaan Akomodasi dan Makan Minum","SBR"],
    ["108733","WARUNG NASI <SOBIRIN>","JALAN FLAMBOYAN RAYA","prelist","MEDAN TUNTUNGAN","TANJUNG SELAMAT","LINGKUNGAN 4","","","I. Penyediaan Akomodasi dan Makan Minum","SBR"],
    ["108742","BURGER DESI","JL PENERBANGAN NO 5 ALAM BARU","prelist","MEDAN TUNTUNGAN","MANGGA","LINGKUNGAN 1","","","I. Penyediaan Akomodasi dan Makan Minum","SBR"],
    ["108743","PENYEWAAN KAMAR <BASRI>","JALAN IRIGASI NO 3 LINGKUNGAN 2","prelist","MEDAN TUNTUNGAN","MANGGA","LINGKUNGAN 2","","","I. Penyediaan Akomodasi dan Makan Minum","SBR"],
    ["108744","PENYEWAAN KAMAR <AMAN>","JALAN JAMIN GINTING NO 22 LINGKUNGAN 2","prelist","MEDAN TUNTUNGAN","SIMPANG SELAYANG","LINGKUNGAN 5","","","I. Penyediaan Akomodasi dan Makan Minum","SBR"],
    ["108745","LAPO TUAK <DIPO>","GANG KARO KARO LINK 2","prelist","MEDAN TUNTUNGAN","MANGGA","LINGKUNGAN 2","","","I. Penyediaan Akomodasi dan Makan Minum","SBR"],
    ["108746","BAKSO SITI","JALAN KAPITEN PURBA L ING K UNGAN 4","prelist","MEDAN TUNTUNGAN","MANGGA","LINGKUNGAN 4","","","I. Penyediaan Akomodasi dan Makan Minum","SBR"],
    ["108747","USAHA RUMAH KOST <MARGANDA>","JALAN KOPI RAYA 1 NO 8 LINGKUNGAN 7","prelist","MEDAN TUNTUNGAN","MANGGA","LINGKUNGAN 7","","","I. Penyediaan Akomodasi dan Makan Minum","SBR"],
    ["108748","JUAL SOP BUAH <LISA>","JALAN KARET RAYA NO 9","prelist","MEDAN TUNTUNGAN","MANGGA","LINGKUNGAN 7","","","I. Penyediaan Akomodasi dan Makan Minum","SBR"],
    ["108749","JUAL BURGER <BUDI>","JLN KARET 33 NO 4 LINGKUNGAN 7","prelist","MEDAN TUNTUNGAN","MANGGA","LINGKUNGAN 7","","","I. Penyediaan Akomodasi dan Makan Minum","SBR"],
    ["108757","WARUNG KOPI <KETAREN>","JALAN JAMIN GINTING GANG MELIALA NO.216","prelist","MEDAN TUNTUNGAN","LAU CIH","LINGKUNGAN 2","","","I. Penyediaan Akomodasi dan Makan Minum","SBR"],
    ["109286","SIOMAY CAB PAJAK SORE","JL JAMIN GINTING GG BLITAR","prelist","MEDAN TUNTUNGAN","SIMPANG SELAYANG","LINGKUNGAN 1","","","I. Penyediaan Akomodasi dan Makan Minum","SBR"],
    ["109350","PERSEWAAN RUMAH","JALAN JAMIN GINTING","prelist","MEDAN TUNTUNGAN","MANGGA","LINGKUNGAN 3","","","I. Penyediaan Akomodasi dan Makan Minum","SBR"],
    ["109413","WARUNG MISOP <BU LOGA>","JALAN B UNG A ASOKA","prelist","MEDAN TUNTUNGAN","TANJUNG SELAMAT","LINGKUNGAN 1","","","I. Penyediaan Akomodasi dan Makan Minum","SBR"],
    ["110350","JUAL MAKANAN <INDRA>","JALAN PETUNIA RAYA NAMO GAJAH","prelist","MEDAN TUNTUNGAN","NAMO GAJAH","LINGKUNGAN 2","","","I. Penyediaan Akomodasi dan Makan Minum","SBR"],
    ["110351","WARUNG MAKAN<NATALIA>","JALAN BUNGA LAU LK 3","prelist","MEDAN TUNTUNGAN","KEMENANGAN TANI","LINGKUNGAN 3","","","I. Penyediaan Akomodasi dan Makan Minum","SBR"],
    ["110352","KANTIN SYAFITRI","JALAN JAMIN GINTING KM 13,5 LK I","prelist","MEDAN TUNTUNGAN","LAU CIH","LINGKUNGAN 2","","","I. Penyediaan Akomodasi dan Makan Minum","SBR"],
    ["110353","JUAL ANEKA JUICE <SRI WINARTI>","NAMORIH PANCUR BATU","prelist","MEDAN TUNTUNGAN","LADANG BAMBU","LINGKUNGAN 5","","","I. Penyediaan Akomodasi dan Makan Minum","SBR"],
    ["110375","PENYEWAAN KAMAR <MANALU>","JL TEMBAKAU RAYA NO 13 LK XXIV PERUMNAS","prelist","MEDAN TUNTUNGAN","MANGGA","LINGKUNGAN 24","","","I. Penyediaan Akomodasi dan Makan Minum","SBR"],
    ["110376","UD HUTABARAT <LAMBOK>","JALAN FLAMBOYAN RAYA LINGKUNGAN 7","prelist","MEDAN TUNTUNGAN","SIMPANG SELAYANG","LINGKUNGAN 16","","","I. Penyediaan Akomodasi dan Makan Minum","SBR"],
    ["110377","WARUNG GORENG <SARTINI>","JALAN LIZARDI PUTRA LINGKUNGAN 16","prelist","MEDAN TUNTUNGAN","SIMPANG SELAYANG","LINGKUNGAN 10","","","I. Penyediaan Akomodasi dan Makan Minum","SBR"],
    ["110378","KEDAI KOPI <MONICA>","JALAN ANGGREK RAYA NOMOR 18 LK 9","prelist","MEDAN TUNTUNGAN","SIMPANG SELAYANG","LINGKUNGAN 9","","","I. Penyediaan Akomodasi dan Makan Minum","SBR"],
    ["110379","JUAL AIR TEBU <SAIDAH>","JALAN BUNG A PANCUR LI NOKUNGAN 6","prelist","MEDAN TUNTUNGAN","SIMPANG SELAYANG","LINGKUNGAN 6","","","I. Penyediaan Akomodasi dan Makan Minum","SBR"],
    ["110380","KEDAI KOPI BARONK","JALAN BUNGA LAU LK 3","prelist","MEDAN TUNTUNGAN","KEMENANGAN TANI","LINGKUNGAN 3","","","I. Penyediaan Akomodasi dan Makan Minum","SBR"],
    ["110381","SEWA KAMAR KOST <JASMAN>","JALAN BUNGAN COLE RAYA GANG SEMPIT LK 2","prelist","MEDAN TUNTUNGAN","KEMENANGAN TANI","LINGKUNGAN 2","","","I. Penyediaan Akomodasi dan Makan Minum","SBR"],
    ["110524","BAKSO MAS MARDI","JL FLAMBOYAN RAYA NO 7","prelist","MEDAN TUNTUNGAN","TANJUNG SELAMAT","LINGKUNGAN 8","","","I. Penyediaan Akomodasi dan Makan Minum","SBR"],
    ["110702","TOKEN LISTRIK <ZAHARA>","JLN BUNGA RINTE RAYA LINGKUNGAN 8","prelist","MEDAN TUNTUNGAN","TANJUNG SELAMAT","LINGKUNGAN 8","","","J. Informasi dan Komunikasi","SBR"],
    ["110703","JUAL PULSA <ERNA>","JALAN BUNGA RINTE LINGKUNGAN 1","prelist","MEDAN TUNTUNGAN","SIMPANG SELAYANG","LINGKUNGAN 13","","","J. Informasi dan Komunikasi","SBR"],
    ["110704","JUAL PULSA <WILSON>","JALAN BUNGA PANCUR 9 NO 48 LK 4","prelist","MEDAN TUNTUNGAN","SIMPANG SELAYANG","LINGKUNGAN 4","","","J. Informasi dan Komunikasi","SBR"],
    ["110707","WARNET BARONK","JALAN BUNGA LAU LK 3","prelist","MEDAN TUNTUNGAN","KEMENANGAN TANI","LINGKUNGAN 3","","","J. Informasi dan Komunikasi","SBR"],
    ["110708","WARUNG JAJANAN ANAK <BUDI>","JALAN JAMIN GINTING LK 1","prelist","MEDAN TUNTUNGAN","MANGGA","LINGKUNGAN 1","","","J. Informasi dan Komunikasi","SBR"],
    ["110709","PENJUAL PULSA <SUNITA>","JALAN JAMIN GINTING LK I","prelist","MEDAN TUNTUNGAN","LAU CIH","LINGKUNGAN 2","","","J. Informasi dan Komunikasi","SBR"],
    ["110710","JUAL PULSA <SOLIHIN>","JALAN BUNGA KARDIOL LK 5","prelist","MEDAN TUNTUNGAN","LADANG BAMBU","LINGKUNGAN 3","","","J. Informasi dan Komunikasi","SBR"],
    ["110723","KRISPA PONSEL","JL PINTU AIR 4 NO 67","prelist","MEDAN TUNTUNGAN","SIMALINGKAR B","LINGKUNGAN 2","","","J. Informasi dan Komunikasi","SBR"],
    ["110729","JUAL PULSA <COY>","JL TEH RAYA NO 6 LK 11 PERUMNAS","prelist","MEDAN TUNTUNGAN","MANGGA","LINGKUNGAN 11","","","J. Informasi dan Komunikasi","SBR"],
    ["110730","JUAL PULSA <ARI>","JL JAHE RAYA LINGKUNGAN 16","prelist","MEDAN TUNTUNGAN","MANGGA","LINGKUNGAN 14","","","J. Informasi dan Komunikasi","SBR"],
    ["110731","PULSA ELEKTRIK <GRACE>","JALAN KEMENTAN RAYA N OMOR 59 LINGKUNGAN 22","prelist","MEDAN TUNTUNGAN","MANGGA","LINGKUNGAN 21","","","J. Informasi dan Komunikasi","SBR"],
    ["110732","FIDO NET","JALAN FLAMBOYAN RAYA LINGKUNGAN 7","prelist","MEDAN TUNTUNGAN","TANJUNG SELAMAT","LINGKUNGAN 4","","","J. Informasi dan Komunikasi","SBR"],
    ["110733","IDON CELULAR","JALAN SEROJA RAYA NO 278 LINGKUNGAN 7","prelist","MEDAN TUNTUNGAN","TANJUNG SELAMAT","LINGKUNGAN 8","","","J. Informasi dan Komunikasi","SBR"],
    ["110815","RAISYA PONSEL <NURAINUN>","BUNGA WIJAYA KUSUMA","prelist","MEDAN TUNTUNGAN","MANGGA","LINGKUNGAN 3","","","J. Informasi dan Komunikasi","SBR"],
    ["111012","PULSA <SARMA>","JALAN BAWANG 1 NOMOR 13 LINGKUNG AN 15","prelist","MEDAN TUNTUNGAN","MANGGA","LINGKUNGAN 15","","","J. Informasi dan Komunikasi","SBR"],
    ["111013","ANUGERAH PONSEL","JALAN BUNGA LAU KIOS NO 8 LK 3","prelist","MEDAN TUNTUNGAN","KEMENANGAN TANI","LINGKUNGAN 3","","","J. Informasi dan Komunikasi","SBR"],
    ["111118","PENYEWAAN RUMAH <ERLI>","JALAN BUNGA PARIAMA 1 LK 4","prelist","MEDAN TUNTUNGAN","LADANG BAMBU","LINGKUNGAN 4","","","L. Real Estat","SBR"],
    ["111134","KONTRAKAN RUMAH SIMBOLON","JLN KOPI RAYA 2 NO 7 LINGKUNGAN 6","prelist","MEDAN TUNTUNGAN","MANGGA","LINGKUNGAN 6","","","L. Real Estat","SBR"],
    ["111135","KOST KOST <NURYATI>","JLN IRIGASI LINGKUNGAN 5","prelist","MEDAN TUNTUNGAN","MANGGA","LINGKUNGAN 5","","","L. Real Estat","SBR"],
    ["111136","RUMAH KONTRAKAN <TITI>","JL NYIUR 3 NO 6 LK 10","prelist","MEDAN TUNTUNGAN","MANGGA","LINGKUNGAN 10","","","L. Real Estat","SBR"],
    ["111137","RUMAH KONTRAKAN<BERIA>","JLN FLAMBOYAN RAYA 3 LK 9","prelist","MEDAN TUNTUNGAN","TANJUNG SELAMAT","LINGKUNGAN 5","","","L. Real Estat","SBR"],
    ["111138","RUMAH KONTRAKAN <DAMERIA>","JL FLAMBOYAN RAYA LK 2","prelist","MEDAN TUNTUNGAN","TANJUNG SELAMAT","LINGKUNGAN 4","","","L. Real Estat","SBR"],
    ["111139","RUMAH SEWA <ELVIN>","JALAN SAKURA GG TUGU LK 1","prelist","MEDAN TUNTUNGAN","TANJUNG SELAMAT","LINGKUNGAN 1","","","L. Real Estat","SBR"],
    ["111140","RUMAH SEWA <AHMAD>","JL STELLA RAYA KOMP STELLA RESIDENCE BLOK M NO 8 LK13","prelist","MEDAN TUNTUNGAN","SIMPANG SELAYANG","LINGKUNGAN 11","","","L. Real Estat","SBR"],
    ["111141","PERSEWAAN RUMAH<RUL I 2","JALAN STELLA I NO 28 A LK 14","prelist","MEDAN TUNTUNGAN","SIMPANG SELAYANG","LINGKUNGAN 14","","","L. Real Estat","SBR"],
    ["111143","KOST KOSTAN <RATNA>","JL SETIA BUDI","prelist","MEDAN TUNTUNGAN","SIMPANG SELAYANG","LINGKUNGAN 16","","","L. Real Estat","SBR"],
    ["111144","USAHA KONTRAKAN RUMAH <SUMIATI>","BUNGA PANCUR IX LINKUNGAN 4","prelist","MEDAN TUNTUNGAN","SIMPANG SELAYANG","LINGKUNGAN 2","","","L. Real Estat","SBR"],
    ["111145","RUMAH KONTRAKAN <NURBAYA>","JALAN PALES 4 NO 24 LK 7","prelist","MEDAN TUNTUNGAN","SIMPANG SELAYANG","LINGKUNGAN 7","","","L. Real Estat","SBR"],
    ["111146","PENYEWAAN RUMAH <PERDAMEAN>","JALAN JAMIN GINTING GANG KENANGA 1","prelist","MEDAN TUNTUNGAN","SIMPANG SELAYANG","LINGKUNGAN 3","","","L. Real Estat","SBR"],
    ["111147","PERSEWAAN RUMAH <SELAMAT>","JALAN BUNGAN COLE RAYA LK 2","prelist","MEDAN TUNTUNGAN","TANJUNG SELAMAT","LINGKUNGAN 1","","","L. Real Estat","SBR"],
    ["111148","RUMAH SEWA<MISTAR>","JALAN PETUNIA 2 LINGKUNGAN 2","prelist","MEDAN TUNTUNGAN","NAMO GAJAH","LINGKUNGAN 3","","","L. Real Estat","SBR"],
    ["111149","PENYEWAAN RUMAH<YUNAN>","JL BUNGA MALEM UTAMA LK 3","prelist","MEDAN TUNTUNGAN","LAU CIH","LINGKUNGAN 1","","","L. Real Estat","SBR"],
    ["111579","ERIZA PHOTO","JL TALI AIR NO 25 LINGKUNGAN 4","prelist","MEDAN TUNTUNGAN","MANGGA","LINGKUNGAN 4","","","M. Jasa Profesional, Ilmiah, dan Teknis","SBR"],
    ["111621","RENTAL MOBIL <SIREGAR>","JI KARET 18 NO 29 LINGKUNGAN IX","prelist","MEDAN TUNTUNGAN","MANGGA","LINGKUNGAN 9","","","N. Jasa Persewaan, Ketenagakerjaan, Agen Perjalanan, dan Jasa Pendukung","SBR"],
    ["111622","ARUAN TRAVEL","JALAN COKLAT 7 NOMOR 21 LINGKUNGAN 7","prelist","MEDAN TUNTUNGAN","MANGGA","LINGKUNGAN 7","","","N. Jasa Persewaan, Ketenagakerjaan, Agen Perjalanan, dan Jasa Pendukung","SBR"],
    ["111623","PARKIR KERETA SIANG MALAM","JL FLAMBOYAN RAYA LINGKUNGAN 2","prelist","MEDAN TUNTUNGAN","TANJUNG SELAMAT","LINGKUNGAN 2","","","N. Jasa Persewaan, Ketenagakerjaan, Agen Perjalanan, dan Jasa Pendukung","SBR"],
    ["111625","ORDY MUSIK<ARAPENTA>","JL JAMIN GINTING KM 1 1,5","prelist","MEDAN TUNTUNGAN","LAU CIH","LINGKUNGAN 2","","","N. Jasa Persewaan, Ketenagakerjaan, Agen Perjalanan, dan Jasa Pendukung","SBR"],
    ["111627","SEWA ALAT PESTA <RINI>","JALAN BUNGA PARIAMA I","prelist","MEDAN TUNTUNGAN","LADANG BAMBU","LINGKUNGAN 4","","","N. Jasa Persewaan, Ketenagakerjaan, Agen Perjalanan, dan Jasa Pendukung","SBR"],
    ["111812","RENTAL MOBIL <RHEIN>","ANGGREK I NO.40 LINK IV","prelist","MEDAN TUNTUNGAN","SIMPANG SELAYANG","LINGKUNGAN 2","","","N. Jasa Persewaan, Ketenagakerjaan, Agen Perjalanan, dan Jasa Pendukung","SBR"],
    ["111847","LES PRIVAT <HENGKI>","JL SAWIT 7 NO 6 LINGKUNGAN 8","prelist","MEDAN TUNTUNGAN","MANGGA","LINGKUNGAN 9","","","P. Pendidikan","SBR"],
    ["111925","USTAD <KASMAN>","KOMPLEK PURI ZAHARA 1 B 27 LINGKUNGAN 8","prelist","MEDAN TUNTUNGAN","TANJUNG SELAMAT","LINGKUNGAN 8","","","P. Pendidikan","SBR"],
    ["111940","AHLI PASANG GIGI <SAMSURI>","JALAN JAMIN GINTING LINGKUNGAN 2","prelist","MEDAN TUNTUNGAN","SIMPANG SELAYANG","LINGKUNGAN 1","","","Q. Jasa Kesehatan dan Kegiatan Sosial","SBR"],
    ["112024","PENGOBATAN PATAH TULANG <PETRUS>","JALAN BUNGA PANCUR 9 LK 4","prelist","MEDAN TUNTUNGAN","SIMPANG SELAYANG","LINGKUNGAN 9","","","Q. Jasa Kesehatan dan Kegiatan Sosial","SBR"],
    ["112034","HAPPY PLAYSTATION <SEDIA>","JL KARET RAYA NO 42 LINGKUNGAN IX","prelist","MEDAN TUNTUNGAN","MANGGA","LINGKUNGAN 9","","","R. Kesenian, Hiburan, dan Rekreasi","SBR"],
    ["112035","PENARI TRADISIONAL <HENNY>","JALAN IRIGASI LK 5","prelist","MEDAN TUNTUNGAN","MANGGA","LINGKUNGAN 5","","","R. Kesenian, Hiburan, dan Rekreasi","SBR"],
    ["112037","PLAYSTATION <RETNO>","JALAN BUNGA PANCUR I LINGKUNGAN 6","prelist","MEDAN TUNTUNGAN","SIMPANG SELAYANG","LINGKUNGAN 6","","","R. Kesenian, Hiburan, dan Rekreasi","SBR"],
    ["112126","MANDOR BONGKAR MUAT BARANG <FAUZI>","PASAR INDUK LAUCIH","prelist","MEDAN TUNTUNGAN","LAU CIH","LINGKUNGAN 3","","","S. Aktivitas Jasa Lainnya","SBR"],
    ["112127","SORONG BARANG <JONI>","PASAR INDUK LAUCIH","prelist","MEDAN TUNTUNGAN","LAU CIH","LINGKUNGAN 2","","","S. Aktivitas Jasa Lainnya","SBR"],
    ["112128","SORONG BARANG <AREFA>","PASAR INDUK LAUCIH","prelist","MEDAN TUNTUNGAN","LAU CIH","LINGKUNGAN 2","","","S. Aktivitas Jasa Lainnya","SBR"],
    ["112129","SORONG BARANG <ARIS>","PASAR INDUK LAUCIH","prelist","MEDAN TUNTUNGAN","LAU CIH","LINGKUNGAN 2","","","S. Aktivitas Jasa Lainnya","SBR"],
    ["112130","PERIAS PENGANTIN <ATI K SOPHIA>","JALAN BUNGA KARDIOL LK 5","prelist","MEDAN TUNTUNGAN","LADANG BAMBU","LINGKUNGAN 3","","","S. Aktivitas Jasa Lainnya","SBR"],
    ["112136","BILYARD FAOMA KHOD","JL MEKAR JAYA KEL SEMPAKATA","prelist","MEDAN TUNTUNGAN","MANGGA","LINGKUNGAN 1","","","R. Kesenian, Hiburan, dan Rekreasi","SBR"],
    ["112142","TUKANG JAIT SEPATU <SALOAN>","JALAN JAHE RAYA NO.26 B LINGKUNGAN 14","prelist","MEDAN TUNTUNGAN","MANGGA","LINGKUNGAN 14","","","S. Aktivitas Jasa Lainnya","SBR"],
    ["112143","HIRO LAUNDRY <EVA>","JALAN TEMBAKAU RAYA NOMOR 62 LINGKUNGAN 15","prelist","MEDAN TUNTUNGAN","MANGGA","LINGKUNGAN 15","","","S. Aktivitas Jasa Lainnya","SBR"],
    ["112146","PERSEWAAN TRATAK <GUGUN>","JALAN STELA RAYA LINGKUNGAN 12","prelist","MEDAN TUNTUNGAN","SIMPANG SELAYANG","LINGKUNGAN 10","","","S. Aktivitas Jasa Lainnya","SBR"],
    ["112147","TUKANG PANGKAS <RONI>","JALAN JAMIN GINTING LK I","prelist","MEDAN TUNTUNGAN","SIMPANG SELAYANG","LINGKUNGAN 2","","","S. Aktivitas Jasa Lainnya","SBR"],
    ["112148","TUKANG BABAT RUMPUT <DARMANTO>","JL KASMALA LK 16","prelist","MEDAN TUNTUNGAN","SIMPANG SELAYANG","LINGKUNGAN 16","","","S. Aktivitas Jasa Lainnya","SBR"],
    ["112149","TUKANG PIJAT <BETTI>","JALAN BUNGA PANCUR I LK 6","prelist","MEDAN TUNTUNGAN","SIMPANG SELAYANG","LINGKUNGAN 6","","","S. Aktivitas Jasa Lainnya","SBR"],
    ["112150","LAUNDRY <PURNAMA>","JALAN BUNGA TEROMPET LK 7","prelist","MEDAN TUNTUNGAN","SIMPANG SELAYANG","LINGKUNGAN 7","","","S. Aktivitas Jasa Lainnya","SBR"],
    ["112151","SALON MAWAR SARON","JALAN JAMIN GINTING LINGKUNGAN 3 NO 88 A","prelist","MEDAN TUNTUNGAN","SIMPANG SELAYANG","LINGKUNGAN 3","","","S. Aktivitas Jasa Lainnya","SBR"],
    ["112152","TUKANG KUNCI <JAHEMAT>","JL BUNG RAMPAI 3","prelist","MEDAN TUNTUNGAN","SIMALINGKAR B","LINGKUNGAN 5","","","S. Aktivitas Jasa Lainnya","SBR"],
    ["112153","BONGKAR MUAT BARANG <SASTRONI>","PASAR INDUK LAUCIH","prelist","MEDAN TUNTUNGAN","LAU CIH","LINGKUNGAN 3","","","S. Aktivitas Jasa Lainnya","SBR"],
    ["112154","BONGKAR MUAT BARANG <MANGALAHON>","PASAR INDUK LAUCIH","prelist","MEDAN TUNTUNGAN","LAU CIH","LINGKUNGAN 3","","","S. Aktivitas Jasa Lainnya","SBR"],
    ["112155","BONGKAR MUAT BARANG <IWIT>","PASAR INDUK LAUCIH","prelist","MEDAN TUNTUNGAN","LAU CIH","LINGKUNGAN 3","","","S. Aktivitas Jasa Lainnya","SBR"],
    ["112156","BONGKAR MUAT BARANG <MAKMUR>","PASAR INDUK","prelist","MEDAN TUNTUNGAN","LAU CIH","LINGKUNGAN 3","","","S. Aktivitas Jasa Lainnya","SBR"],
    ["112157","BONGKAR MUAT BARANG <EVANDOS>","PASAR INDUK LAUCIH","prelist","MEDAN TUNTUNGAN","LAU CIH","LINGKUNGAN 3","","","S. Aktivitas Jasa Lainnya","SBR"],
    ["112158","CADDY GOLF<HENNI 2>","ROYAL SUMATERA LINGKUNGAN LIMA","prelist","MEDAN TUNTUNGAN","MANGGA","LINGKUNGAN 5","","","S. Aktivitas Jasa Lainnya","SBR"],
    ["112159","CADDY GOLF <KIKI>","ROYAL SUMATERA LINGKUNGAN LIMA","prelist","MEDAN TUNTUNGAN","MANGGA","LINGKUNGAN 5","","","S. Aktivitas Jasa Lainnya","SBR"],
    ["112160","CADDY GOLF<SRI 4>","ROYAL SUMATERA LINGKUNGAN LIMA","prelist","MEDAN TUNTUNGAN","MANGGA","LINGKUNGAN 5","","","S. Aktivitas Jasa Lainnya","SBR"],
    ["112161","CADDY GOLF<LAILA>","ROYAL SUMATERA LINGKUNGAN LIMA","prelist","MEDAN TUNTUNGAN","MANGGA","LINGKUNGAN 5","","","S. Aktivitas Jasa Lainnya","SBR"],
    ["112162","CADDY GOLF<LILY>","ROYAL SUMATERA LINGKUNGAN LIMA","prelist","MEDAN TUNTUNGAN","MANGGA","LINGKUNGAN 5","","","S. Aktivitas Jasa Lainnya","SBR"],
    ["112163","CADDY GOLF<RESI>","ROYAL SUMATERA LINGKUNGAN LIMA","prelist","MEDAN TUNTUNGAN","MANGGA","LINGKUNGAN 5","","","S. Aktivitas Jasa Lainnya","SBR"],
    ["112164","CADDY GOLF<SRIE>","ROYAL SUMATERA LINGKUNGAN LIMA","prelist","MEDAN TUNTUNGAN","MANGGA","LINGKUNGAN 5","","","S. Aktivitas Jasa Lainnya","SBR"],
    ["112165","PROSES APLIKASI <SAKTI>","JL JAMIN GINTING KOMPLEK ROYAL PLATINUM","prelist","MEDAN TUNTUNGAN","MANGGA","LINGKUNGAN 1","","","S. Aktivitas Jasa Lainnya","SBR"],
    ["112166","JAYA SERVIS","JALAN JAMIN GINTING NO 1 3 8 LI NG X UNG AN 3","prelist","MEDAN TUNTUNGAN","MANGGA","LINGKUNGAN 3","","","S. Aktivitas Jasa Lainnya","SBR"],
    ["112167","TUKANG PIJAT <SISWANTO>","JALAN KARET 13 NO 1 LINGKUNGAN 7","prelist","MEDAN TUNTUNGAN","MANGGA","LINGKUNGAN 7","","","S. Aktivitas Jasa Lainnya","SBR"],
    ["112168","PENGGALI KUBUR <JASMAN>","JL IRIGASI LK 5","prelist","MEDAN TUNTUNGAN","MANGGA","LINGKUNGAN 5","","","S. Aktivitas Jasa Lainnya","SBR"],
    ["112169","PENJAHIT<EFENDI>","JALAN COKLAT 3 NOMOR 23 LINGKUNGAN 7","prelist","MEDAN TUNTUNGAN","MANGGA","LINGKUNGAN 7","","","S. Aktivitas Jasa Lainnya","SBR"],
    ["112170","REPARASI KOMPUTER <ANTO>","JL SAWIT 5 NO 20 LINGKUNGAN 8","prelist","MEDAN TUNTUNGAN","MANGGA","LINGKUNGAN 8","","","S. Aktivitas Jasa Lainnya","SBR"],
    ["112171","TUKANG JAHIT <ZEGA>","JL CENGKEH 3 NO 19 LK 12","prelist","MEDAN TUNTUNGAN","MANGGA","LINGKUNGAN 11","","","S. Aktivitas Jasa Lainnya","SBR"],
    ["112172","TUKANG JAHIT <SANTI","J A LAN JAH E F HY A F 2 5 A F SIMALINGKAR","prelist","MEDAN TUNTUNGAN","MANGGA","LINGKUNGAN 11","","","S. Aktivitas Jasa Lainnya","SBR"],
    ["112173","LINA SALON","JALAN JAHE RATA NO Z LINGKUNGAN 14","prelist","MEDAN TUNTUNGAN","MANGGA","LINGKUNGAN 14","","","S. Aktivitas Jasa Lainnya","SBR"],
    ["112189","CADDY GOLF <LISTARI>","ROYAL SUMATERA LINGKUNGAN LIMA","prelist","MEDAN TUNTUNGAN","MANGGA","LINGKUNGAN 5","","","S. Aktivitas Jasa Lainnya","SBR"],
    ["112363","RAFAEL AHLI KUNCI","JALAN JAMIN GINTING","prelist","MEDAN TUNTUNGAN","MANGGA","LINGKUNGAN 1","","","S. Aktivitas Jasa Lainnya","SBR"],
    ["112851","LAUNDRY WAZZ 88","JALAN STELLA RAYA LK 14","prelist","MEDAN TUNTUNGAN","SIMPANG SELAYANG","LINGKUNGAN 13","","","S. Aktivitas Jasa Lainnya","SBR"],
    ["112852","MARO SALOON <SRI MARIATI>","JL PALES 7 LINGK 15","prelist","MEDAN TUNTUNGAN","MANGGA","LINGKUNGAN 15","","","S. Aktivitas Jasa Lainnya","SBR"],
    ["112853","PARKIRAN ADAM MALIK","JALAN BUNGA LAU NO 17 LK 3","prelist","MEDAN TUNTUNGAN","KEMENANGAN TANI","LINGKUNGAN 3","","","S. Aktivitas Jasa Lainnya","SBR"],
    ["112854","PIJAT TRADISIONAL <SULIMAH>","JL BUNGA MALEM UTAMA LK 3","prelist","MEDAN TUNTUNGAN","LAU CIH","LINGKUNGAN 1","","","S. Aktivitas Jasa Lainnya","SBR"],
    ["112997","UD ARTHA GUNA","JL FLAMBOYAN NO 78","prelist","MEDAN TUNTUNGAN","TANJUNG SELAMAT","LINGKUNGAN 7","","","G. Perdagangan Besar dan Eceran, Reparasi Mobil dan Sepeda Motor","SBR"],
    ["112998","AROMA BAKERY","JL FLAMBOYAN RAYA NO 34","prelist","MEDAN TUNTUNGAN","TANJUNG SELAMAT","LINGKUNGAN 8","","","G. Perdagangan Besar dan Eceran, Reparasi Mobil dan Sepeda Motor","SBR"],
    ["112999","RONA FROZEN","JL.FLAMBOYAN RAYA NO 21 B","prelist","MEDAN TUNTUNGAN","TANJUNG SELAMAT","LINGKUNGAN 3","","","G. Perdagangan Besar dan Eceran, Reparasi Mobil dan Sepeda Motor","SBR"],
    ["113070","SONY TRAVEL","JL. IRIGASI NO. 19","prelist","MEDAN TUNTUNGAN","MANGGA","LINGKUNGAN 2","","","H. Transportasi dan Pergudangan","SBR"],
    ["113072","UNIT MEDAN ZOO BUMO/TAMAN MARGASATWA","Bunga Rampai iv no. 100","prelist","MEDAN TUNTUNGAN","SIMALINGKAR B","LINGKUNGAN 4","","","R. Kesenian, Hiburan, dan Rekreasi","SBR"],
    ["113076","JM ADVERTISING","JL. KAPTEN PURBA","prelist","MEDAN TUNTUNGAN","MANGGA","LINGKUNGAN 4","","","N. Jasa Persewaan, Ketenagakerjaan, Agen Perjalanan, dan Jasa Pendukung","SBR"],
    ["113092","RENTAL MOBIL MORAZA","JL. IRIGASI NO. 6","prelist","MEDAN TUNTUNGAN","MANGGA","LINGKUNGAN 2","","","H. Transportasi dan Pergudangan","SBR"],
    ["113098","RAMUAN KARO ASLI","JL. PALES V NO. 31","prelist","MEDAN TUNTUNGAN","SIMPANG SELAYANG","LINGKUNGAN 7","","","S. Aktivitas Jasa Lainnya","SBR"],
    ["113262","WESPANDEL GRUP, CV","JL FLAMBOYAN VII NO 30B","prelist","MEDAN TUNTUNGAN","TANJUNG SELAMAT","LINGKUNGAN 2","","","F. Konstruksi","SBR"],
    ["113263","ISTANA PUTRA DELI, CV","JL FLAMBOYAN RAYA NO 8 ,MEDAN","prelist","MEDAN TUNTUNGAN","TANJUNG SELAMAT","LINGKUNGAN 6","","","F. Konstruksi","SBR"],
    ["113264","PUTRA NOFRIST, CV","JL FLAMBOYAN BARU NO 18 C MEDAN","prelist","MEDAN TUNTUNGAN","TANJUNG SELAMAT","LINGKUNGAN 2","","","F. Konstruksi","SBR"],
    ["113266","MEGA NUSA ENERGY, PT","VILLA SETIA B U D I MAKM UR","prelist","MEDAN TUNTUNGAN","SIMPANG SELAYANG","LINGKUNGAN 2","","","F. Konstruksi","SBR"],
    ["113267","KARYA ABADI, CV","KOMP PURI ZAHARA BLOK D 31 MEDAN","prelist","MEDAN TUNTUNGAN","TANJUNG SELAMAT","LINGKUNGAN 8","","","F. Konstruksi","SBR"],
    ["113288","ADHI BINA PERSADA, CV","JL JAHE VII NO.8 P","prelist","MEDAN TUNTUNGAN","MANGGA","LINGKUNGAN 14","","","F. Konstruksi","SBR"],
    ["113289","PURTAN PERKASA, CV","JL VANILI I NO 41 PERUMNAS SIMALINGKAR MEDAN","prelist","MEDAN TUNTUNGAN","MANGGA","LINGKUNGAN 17","","","F. Konstruksi","SBR"],
    ["113290","AIRA BARU, CV","JL CENGKEH NO 42 LK 12","prelist","MEDAN TUNTUNGAN","MANGGA","LINGKUNGAN 11","","","F. Konstruksi","SBR"],
    ["113291","TEAM CORE, CV","JL CENGKEH 3 NO 48 LK 12","prelist","MEDAN TUNTUNGAN","MANGGA","LINGKUNGAN 12","","","F. Konstruksi","SBR"],
    ["113292","TUNAS KARYA, CV","JL BAWANG 9 NOMOR 14 LINGKUNGAN 15","prelist","MEDAN TUNTUNGAN","MANGGA","LINGKUNGAN 15","","","F. Konstruksi","SBR"],
    ["113293","DRILL SOIL LAND, CV","JL BAWANG 14 NOMOR 3 LINGK 15","prelist","MEDAN TUNTUNGAN","MANGGA","LINGKUNGAN 13","","","F. Konstruksi","SBR"],
    ["113297","LESTARI JAYA MULIA, PT","KOMPLEK CITRA WISATA BLOK 8 NOMOR 8","prelist","MEDAN TUNTUNGAN","SIMPANG SELAYANG","LINGKUNGAN 9","","","F. Konstruksi","SBR"],
    ["113418","SAGITA UTAMA, CV","JL LETJEN JHAMIN GINTING GG KAMBOJA NO 44","prelist","MEDAN TUNTUNGAN","KEMENANGAN TANI","LINGKUNGAN 1","","","F. Konstruksi","SBR"],
    ["113582","DAYA CIPTA KREATIF, CV","JL TJ. PERMATA NO 1 KOMP. KEJAKSAAN","prelist","MEDAN TUNTUNGAN","SIMPANG SELAYANG","LINGKUNGAN 12","","","F. Konstruksi","SBR"],
    ["113583","UNGGUL ARTHANIAGA, CV","JL JAHE 13 NO 43 PERUMNAS SIMALINGKAR","prelist","MEDAN TUNTUNGAN","MANGGA","LINGKUNGAN 17","","","F. Konstruksi","SBR"],
    ["113584","CIPTA NUSANTARA, CV","JL LETJEND.JAMIN GINTING GG.BENDUNGAN III, MEDAN TUNTUNGAN","prelist","MEDAN TUNTUNGAN","SIMPANG SELAYANG","LINGKUNGAN 1","","","F. Konstruksi","SBR"],
    ["113586","PACIFIC GENTENG, CV","JL JAMIN GINTING NO 76","prelist","MEDAN TUNTUNGAN","KEMENANGAN TANI","LINGKUNGAN 1","","","F. Konstruksi","SBR"],
    ["113587","MADAH GORAT JAYA, CV","JL BUNGA NCOLE XIV NO 126","prelist","MEDAN TUNTUNGAN","KEMENANGAN TANI","LINGKUNGAN 5","","","F. Konstruksi","SBR"],
    ["113588","MARIO HAN'S, CV","JL PACAR NO 15","prelist","MEDAN TUNTUNGAN","NAMO GAJAH","LINGKUNGAN 2","","","F. Konstruksi","SBR"],
    ["113589","LIBERSA JAYA KONSTRUKSI, CV","KOMP.SETIA BUDI FLAMBOYAN BLOK K-6","prelist","MEDAN TUNTUNGAN","TANJUNG SELAMAT","LINGKUNGAN 9","","","F. Konstruksi","SBR"],
    ["113598","PANGGANA JAYA, CV","JL TE H XI NO 02 P. SIMALINGKAR","prelist","MEDAN TUNTUNGAN","MANGGA","LINGKUNGAN 16","","","F. Konstruksi","SBR"],
    ["113599","MENARA BAHANA, CV","JL JAHE 8 NO 21, PERUMNAS SIMALINGKAR, MEDAN TUNTUNGAN","prelist","MEDAN TUNTUNGAN","MANGGA","LINGKUNGAN 13","","","F. Konstruksi","SBR"],
    ["113600","KARYA SAKTI JAYA 68, CV","JL KEMENYAN VII NO 6 P. SIMALINGKAR","prelist","MEDAN TUNTUNGAN","MANGGA","LINGKUNGAN 19","","","F. Konstruksi","SBR"],
    ["113601","INTI PRATAMA, CV","JL KAPAS RAYA NO 68, MEDAN TUNTUNGAN","prelist","MEDAN TUNTUNGAN","MANGGA","LINGKUNGAN 18","","","F. Konstruksi","SBR"],
    ["113602","GE PLANAR, CV","JL NILAM RAYA NO 128 PERUMNAS SIMALINGKAR","prelist","MEDAN TUNTUNGAN","MANGGA","LINGKUNGAN 21","","","F. Konstruksi","SBR"],
    ["113603","EKA PRIMA, CV","JL PINUS RAYA NO 29","prelist","MEDAN TUNTUNGAN","MANGGA","LINGKUNGAN 13","","","F. Konstruksi","SBR"],
    ["113604","DUTA GRAHA KENCANA, CV","JL KEMENYAN RAYA NO 59 P. SIMALINGKAR KEC. MEDAN TUNTUNGAN","prelist","MEDAN TUNTUNGAN","MANGGA","LINGKUNGAN 22","","","F. Konstruksi","SBR"],
    ["113605","DUTA DOLYA GRIYA, CV","JL IRIGASI NO 14A, MEDAN TUNTUNGAN","prelist","MEDAN TUNTUNGAN","MANGGA","LINGKUNGAN 2","","","F. Konstruksi","SBR"],
    ["113606","BUAHSION ANUGRAH, CV","JL PINUS RAYA NO 29, MEDAN TUNTUNGAN","prelist","MEDAN TUNTUNGAN","MANGGA","LINGKUNGAN 13","","","F. Konstruksi","SBR"],
    ["113607","ADINDA, CV","JL BUNGA NICOLE NO 20","prelist","MEDAN TUNTUNGAN","KEMENANGAN TANI","LINGKUNGAN 2","","","F. Konstruksi","SBR"],
    ["113609","MIDUK ARTHA UTAMA, CV","JL CENDRAWASIH NO 3/5 T. SELAMAT","prelist","MEDAN TUNTUNGAN","TANJUNG SELAMAT","LINGKUNGAN 9","","","F. Konstruksi","SBR"],
    ["113610","MARIZA, CV","JL LET. JEND. JAMIN GINTING NO 55 KEC. MEDAN TUNTUNGAN","prelist","MEDAN TUNTUNGAN","KEMENANGAN TANI","LINGKUNGAN 1","","","F. Konstruksi","SBR"],
    ["113611","MANDIRI SEJAHTERA, CV","JL LETJEN. JAMIN GINTING KM. 12 NO 76","prelist","MEDAN TUNTUNGAN","LAU CIH","LINGKUNGAN 2","","","F. Konstruksi","SBR"],
    ["113612","SYAH PUTRA, CV","JL DAHLIA I KAV. 218","prelist","MEDAN TUNTUNGAN","SIMPANG SELAYANG","LINGKUNGAN 8","","","F. Konstruksi","SBR"],
    ["113613","GLOBAL INTER SYSTEM, CV","JL SETIA BUDI NO 07 KEL. SIMP. SELAYANG","prelist","MEDAN TUNTUNGAN","SIMPANG SELAYANG","LINGKUNGAN 1","","","F. Konstruksi","SBR"],
    ["113625","RIZKA PERKASA, CV","JL SAGU 8 NO 22, MEDAN TUNTUNGAN","prelist","MEDAN TUNTUNGAN","MANGGA","LINGKUNGAN 21","","","F. Konstruksi","SBR"],
    ["113626","PURI SATYA DHARMA, CV","JL COKLAT 5 NO 1, MEDAN TUNTUNGAN","prelist","MEDAN TUNTUNGAN","MANGGA","LINGKUNGAN 7","","","F. Konstruksi","SBR"],
    ["113627","PRIMA UTAMA, CV","JL KEMENYAN 4 NO 8, PERUMNAS SIMALINGKAR, MEDAN TUNTUNGAN","prelist","MEDAN TUNTUNGAN","MANGGA","LINGKUNGAN 19","","","F. Konstruksi","SBR"],
    ["113628","PRANATA EKA JAYA, CV","JL PINUS RAYA NO 29","prelist","MEDAN TUNTUNGAN","MANGGA","LINGKUNGAN 13","","","F. Konstruksi","SBR"],
    ["113629","PINGGAN PERPANGANEN, CV","JL BAWANG IX NO 09 P. SIMALINGKAR KEL. MANGGA","prelist","MEDAN TUNTUNGAN","MANGGA","LINGKUNGAN 15","","","F. Konstruksi","SBR"],
    ["113925","PERCA BANGUN PERSADA, CV","JL LETJEND JAMIN GINTING NO 11 KM. 12","prelist","MEDAN TUNTUNGAN","LADANG BAMBU","LINGKUNGAN 1","","","F. Konstruksi","SBR"],
    ["113971","CITRA HAGANTA, CV","JL PINUS RAYA NO 08","prelist","MEDAN TUNTUNGAN","MANGGA","LINGKUNGAN 16","","","F. Konstruksi","SBR"],
    ["113998","APRANTA, CV","JL BUNGA NCOLE NO 1, MEDAN TUNTUNGAN","prelist","MEDAN TUNTUNGAN","KEMENANGAN TANI","LINGKUNGAN 2","","","F. Konstruksi","SBR"],
    ["114019","INTAN RAYA, CV","JL SEROJA IV NO 72","prelist","MEDAN TUNTUNGAN","TANJUNG SELAMAT","LINGKUNGAN 8","","","F. Konstruksi","SBR"],
    ["114022","HAGANA, CV","JL FLAMBOYAN RAYA NO 34","prelist","MEDAN TUNTUNGAN","TANJUNG SELAMAT","LINGKUNGAN 6","","","F. Konstruksi","SBR"],
    ["114034","TEGER GERITEN, CV","JL FLAMBOYAN RAYA NO 34","prelist","MEDAN TUNTUNGAN","TANJUNG SELAMAT","LINGKUNGAN 6","","","F. Konstruksi","SBR"],
    ["114062","CITRA KARYA PRATAMA, CV","JL FLORA 2 NO 11","prelist","MEDAN TUNTUNGAN","SIMPANG SELAYANG","LINGKUNGAN 12","","","F. Konstruksi","SBR"],
    ["114582","RINTA, CV","JL FLAMBOYAN LK VIII","prelist","MEDAN TUNTUNGAN","TANJUNG SELAMAT","LINGKUNGAN 4","","","F. Konstruksi","SBR"],
    ["114597","CAKRA BUANA SAKTI, CV","JL FLAMBOYAN NO 93","prelist","MEDAN TUNTUNGAN","TANJUNG SELAMAT","LINGKUNGAN 3","","","F. Konstruksi","SBR"],
    ["114602","TUJUH BINTANG BERSINAR, CV","JL FLAMBOYAN DALAM NO 18","prelist","MEDAN TUNTUNGAN","TANJUNG SELAMAT","LINGKUNGAN 5","","","F. Konstruksi","SBR"],
    ["114627","ANCLA CORPORATION, CV","JL SETIA BUDI PSR IV KOMP. SETIA BUDI RAYA","prelist","MEDAN TUNTUNGAN","SIMPANG SELAYANG","LINGKUNGAN 16","","","F. Konstruksi","SBR"],
    ["114637","ADNI BINA PERSADA, CV","JL JAHE VII NO 8 P","prelist","MEDAN TUNTUNGAN","MANGGA","LINGKUNGAN 14","","","F. Konstruksi","SBR"],
    ["114765","ASOKA REZEKI MANDIRI, CV","JL ASOKA NO A 126","prelist","MEDAN TUNTUNGAN","SIMPANG SELAYANG","LINGKUNGAN 10","","","F. Konstruksi","SBR"],
    ["114827","LIMA SAUDARA, CV","JL BAWANG 14 NO 3 LK. XV KEL. MANGGA KEC. MEDAN TUNTUNGAN","prelist","MEDAN TUNTUNGAN","MANGGA","LINGKUNGAN 13","","","F. Konstruksi","SBR"],
    ["114894","KARYA FEBRINA ENERGI, CV","JL BUNGA RAMPE LINGK. I NO 50","prelist","MEDAN TUNTUNGAN","SIMALINGKAR B","LINGKUNGAN 2","","","F. Konstruksi","SBR"],
    ["114895","PANDARAMAN ENGINEERING , CV","JL BUNGA RAMPAI VII LINGKUNGAN IV KEL. SIMALINGKAR-B KEC. MEDAN TUNTUNGAN KOTA MEDAN","prelist","MEDAN TUNTUNGAN","SIMALINGKAR B","LINGKUNGAN 4","","","F. Konstruksi","SBR"],
    ["114896","DUTA MANDIRI JAYA, CV","JL BUNGA RAMPAI NO 74 , SIMALINGKAR B , MEDAN TUNTUNGAN","prelist","MEDAN TUNTUNGAN","SIMALINGKAR B","LINGKUNGAN 2","","","F. Konstruksi","SBR"],
    ["114897","INDOJASA MANDIRI, CV","JL BUNGA RAMPAI IV GG. RASKITA NO 01 LINGKUNGAN IV","prelist","MEDAN TUNTUNGAN","SIMALINGKAR B","LINGKUNGAN 4","","","F. Konstruksi","SBR"],
    ["114898","GOSYEN INDOTECH PRIMA, PT","JL BUNGA RAMPAI 3 NO 123","prelist","MEDAN TUNTUNGAN","SIMALINGKAR B","LINGKUNGAN 2","","","F. Konstruksi","SBR"],
    ["114899","ALEXA KONSTRUKSI INDONESIA, CV","JL BUNGA PARIAMA II, KEL. LADANG BAMBU KEC. MEDAN TUNTUNGAN","prelist","MEDAN TUNTUNGAN","LADANG BAMBU","LINGKUNGAN 4","","","F. Konstruksi","SBR"],
    ["114900","JESSICA KONSTRUKSI , CV","JL BUNGA NCOLE XXV NO.9, LK. V, KEL. KEMENGAN TANI KEC. MEDAN TUNTUNGAN","prelist","MEDAN TUNTUNGAN","KEMENANGAN TANI","LINGKUNGAN 5","","","F. Konstruksi","SBR"],
    ["114910","RIZKY NAULI, CV","JL BUNGA STELLA - I NO 3","prelist","MEDAN TUNTUNGAN","SIMPANG SELAYANG","LINGKUNGAN 14","","","F. Konstruksi","SBR"],
    ["114913","ALVARO UTAMA, CV","JL BUNGA SAKURAKOMP GRIYA ASAM KUMBANG BLOK E NO 39 KEL TANJUNG SELAMAT KEC. MEDAN TUTUNTUNGAN","prelist","MEDAN TUNTUNGAN","TANJUNG SELAMAT","LINGKUNGAN 1","","","F. Konstruksi","SBR"],
    ["114914","STUAH SEJAHTERA RESIDENCE, PT","JL BUNGA SAKURA NO 5 C D/H 7","prelist","MEDAN TUNTUNGAN","TANJUNG SELAMAT","LINGKUNGAN 2","","","F. Konstruksi","SBR"],
    ["114915","ROGER TUNAS HARAPAN, CV","JL BUNGA SAKURA LINGK I NO 51-A","prelist","MEDAN TUNTUNGAN","TANJUNG SELAMAT","LINGKUNGAN 1","","","F. Konstruksi","SBR"],
    ["114916","UBIT ANUGERAH MANDIRI, CV","JL BUNGA SAKURA KOMPLEK ALAMANDA BLOK A-5 KEL. TJ. SELAMAT","prelist","MEDAN TUNTUNGAN","TANJUNG SELAMAT","LINGKUNGAN 1","","","F. Konstruksi","SBR"],
    ["114917","SIHOTANG BROTHER, CV","JL BUNGA SAKURA KOMP. GRIYA ASAM KUMBANG BLOK E NO 39","prelist","MEDAN TUNTUNGAN","TANJUNG SELAMAT","LINGKUNGAN 1","","","F. Konstruksi","SBR"],
    ["114918","SUMBER ANUGRAH TASLIM, CV","JL BUNGA RINTE XVI NO.64","prelist","MEDAN TUNTUNGAN","SIMPANG SELAYANG","LINGKUNGAN 11","","","F. Konstruksi","SBR"],
    ["114919","ANUGERAH DELI INDOWARNA, CV","JL BUNGA RINTE RAYA KOMP. PURI ZAHRA BLOK D-29","prelist","MEDAN TUNTUNGAN","SIMPANG SELAYANG","LINGKUNGAN 13","","","F. Konstruksi","SBR"],
    ["114920","JOGI MANDIRI, CV","JL BUNGA RINTE PERUM. STELLA RESIDENCE","prelist","MEDAN TUNTUNGAN","SIMPANG SELAYANG","LINGKUNGAN 13","","","F. Konstruksi","SBR"],
    ["114921","ALDRICH BANGUN PERSADA, PT","JL BUNGA RINTE GG. MAWAR 7 NO 23 LK. XVII","prelist","MEDAN TUNTUNGAN","SIMPANG SELAYANG","LINGKUNGAN 17","","","F. Konstruksi","SBR"],
    ["114925","BINA HARAPAN KONSTRUKSI, CV","JL BUNGA RAYA KOMP GRIYA ASAM KUMBANG BLOK A-44","prelist","MEDAN TUNTUNGAN","TANJUNG SELAMAT","LINGKUNGAN 1","","","F. Konstruksi","SBR"],
    ["114934","CLEOSA CIKAL FUTURISTIK, PT","JL BUNGA TEROMPET KOMPLEK MAYFAIR BLOK VIVALDI 2 NO.17, KEL. SIMPANG SELAYANG, MEDAN TUNTUNGAN","prelist","MEDAN TUNTUNGAN","SIMPANG SELAYANG","LINGKUNGAN 7","","","F. Konstruksi","SBR"],
    ["114941","RIZKI UTAMA TEKNIK, CV","JL BUNGA STELLA I KAV BPK NO 7. KEL. SIMPANG SELAYANG. KEC. MEDAN TUNTUNGAN","prelist","MEDAN TUNTUNGAN","SIMPANG SELAYANG","LINGKUNGAN 12","","","F. Konstruksi","SBR"],
    ["114961","MANDIRI RIDHO KONSTRUKSI, CV","JL DAHLIA III NO 300","prelist","MEDAN TUNTUNGAN","SIMPANG SELAYANG","LINGKUNGAN 8","","","F. Konstruksi","SBR"],
    ["114970","ANANDA PUTRA ABADI, CV","JL COKLAT 3 NO 22 P. SIMALINGKAR KEL. MANGGA, KEC. MEDAN TUNTUNGAN","prelist","MEDAN TUNTUNGAN","MANGGA","LINGKUNGAN 17","","","F. Konstruksi","SBR"],
    ["114971","DELAPAN ENGINEERING, CV","JL COKLAT 3 NO 22 P SIMALINGKAR KEL. MANGGA KEC. MEDAN TUNTUNGAN","prelist","MEDAN TUNTUNGAN","MANGGA","LINGKUNGAN 17","","","F. Konstruksi","SBR"],
    ["115006","LAURA STAR MANDIRI, CV","JL FLAMBOYAN DALAM NO 11","prelist","MEDAN TUNTUNGAN","TANJUNG SELAMAT","LINGKUNGAN 5","","","F. Konstruksi","SBR"],
    ["115022","ANAK KRAKATAU PERKASA, CV","JL FLAMBOYAN RAYA NO 21 LING. III TANJUNG SELAMAT","prelist","MEDAN TUNTUNGAN","TANJUNG SELAMAT","LINGKUNGAN 8","","","F. Konstruksi","SBR"],
    ["115024","SUTAN NUSLA, CV","JL FLAMBOYAN RAYA LING. III","prelist","MEDAN TUNTUNGAN","TANJUNG SELAMAT","LINGKUNGAN 4","","","F. Konstruksi","SBR"],
    ["115025","ANUGERAH TOTAL PRIMA, PT","JL FLAMBOYAN RAYA KOMPLEK FLAMBOYAN REGENSI NO 1","prelist","MEDAN TUNTUNGAN","TANJUNG SELAMAT","LINGKUNGAN 3","","","F. Konstruksi","SBR"],
    ["115026","ESERIA KARYA MAKMUR, PT","JL FLAMBOYAN RAYA KOMPLEK FLAMBOYAN REGENCY NO 24","prelist","MEDAN TUNTUNGAN","TANJUNG SELAMAT","LINGKUNGAN 3","","","F. Konstruksi","SBR"],
    ["115027","ANUGRAH REVENO LESTARI ABADI, PT","JL FLAMBOYAN RAYA KOMP. FLAMBOYAN REGENCY RUKO NO 06","prelist","MEDAN TUNTUNGAN","TANJUNG SELAMAT","LINGKUNGAN 3","","","F. Konstruksi","SBR"],
    ["115028","FRITZ ORLANDO REALTY, PT","JL FLAMBOYAN RAYA KOMP. FLAMBOYAN REGENCY RUKO NO 05","prelist","MEDAN TUNTUNGAN","TANJUNG SELAMAT","LINGKUNGAN 3","","","F. Konstruksi","SBR"],
    ["115029","SIMA, CV","JL FLAMBOYAN RAYA KOMP. WAIKIKI E/IX-15","prelist","MEDAN TUNTUNGAN","TANJUNG SELAMAT","LINGKUNGAN 9","","","F. Konstruksi","SBR"],
    ["115030","KELANA KARYA JAYA, CV","JL FLAMBOYAN RAYA GG. JAMBU PERUM D'FLAMBOYAN C NO 9","prelist","MEDAN TUNTUNGAN","TANJUNG SELAMAT","LINGKUNGAN 8","","","F. Konstruksi","SBR"],
    ["115031","KAWAI BAKTI CEMERLANG, CV","JL FLAMBOYAN RAYA GG. JAMBU KOMPLEK DEFLAMBOYAN PRIMANO C I","prelist","MEDAN TUNTUNGAN","TANJUNG SELAMAT","LINGKUNGAN 9","","","F. Konstruksi","SBR"],
    ["115032","ANUGERAH INDAH PRIMA, PT","JL FLAMBOYAN KOMP. FLAMBOYAN REGENCY RUKO NO 1","prelist","MEDAN TUNTUNGAN","TANJUNG SELAMAT","LINGKUNGAN 3","","","F. Konstruksi","SBR"],
    ["115034","TRIANDA KHAMARA JAYA, PT","JL FLAMBOYAN I/2 F 25","prelist","MEDAN TUNTUNGAN","TANJUNG SELAMAT","LINGKUNGAN 6","","","F. Konstruksi","SBR"],
    ["115035","PODANA RAS SUGEH, PT","JL FLAMBOYAN I KOMPLEK TAMAN ASOKA ASRI B NO 3 A","prelist","MEDAN TUNTUNGAN","TANJUNG SELAMAT","LINGKUNGAN 6","","","F. Konstruksi","SBR"],
    ["115036","DUTA PRIMA WAHANA, PT","JL FLAMBOYAN I KOMP. TAMAN ASOKA ASRI BLOK B-3A","prelist","MEDAN TUNTUNGAN","TANJUNG SELAMAT","LINGKUNGAN 9","","","F. Konstruksi","SBR"],
    ["115037","RAHMAT SALUDI GROUP, PT","JL FLAMBOYAN I KOMP. GOLDEN ESTATE BLOK B 11","prelist","MEDAN TUNTUNGAN","TANJUNG SELAMAT","LINGKUNGAN 1","","","F. Konstruksi","SBR"],
    ["115052","PUTRI AEK RANGAT, CV","JL FLAMBOYAN RAYA XII NO 23","prelist","MEDAN TUNTUNGAN","TANJUNG SELAMAT","LINGKUNGAN 4","","","F. Konstruksi","SBR"],
    ["115139","RICH RACH, CV","JL JAMIN GINTING KM. 14 PERUMAHAN WESLEY RESIDENCE BLOK. C NO 22","prelist","MEDAN TUNTUNGAN","SIDOMULYO","LINGKUNGAN 2","","","F. Konstruksi","SBR"],
    ["115140","SEAN SANGAP ERTUAH, PT","JL JAMIN GINTING GG. SEHATI NO 2 PADANG BULAN MEDAN BARU","prelist","MEDAN TUNTUNGAN","TANJUNG SELAMAT","LINGKUNGAN 2","","","F. Konstruksi","SBR"],
    ["115146","LATUMARA, CV","JL IRIGASI NO 78 KEL. MANGGA KEC. MEDAN TUNTUNGAN","prelist","MEDAN TUNTUNGAN","MANGGA","LINGKUNGAN 5","","","F. Konstruksi","SBR"],
    ["115147","IONNES PERMAI, CV","JL IRIGASI LK. IV NO 132","prelist","MEDAN TUNTUNGAN","KEMENANGAN TANI","LINGKUNGAN 4","","","F. Konstruksi","SBR"],
    ["115148","AUDREY AGUNG ANUGRAH, CV","JL IRIGASI BARU NO 02 KOMPLEK MEDAN PERMAI","prelist","MEDAN TUNTUNGAN","KEMENANGAN TANI","LINGKUNGAN 4","","","F. Konstruksi","SBR"],
    ["115163","ERIKO PERMANA BERSAMA, PT","JL JAMIN GINTING VILLA ZEQITA RESIDENCE LK-I KEL. LAUCIH KEC. MEDAN TUNTUNGAN","prelist","MEDAN TUNTUNGAN","LAU CIH","LINGKUNGAN 1","","","F. Konstruksi","SBR"],
    ["115182","SIURUP MARJAYA, CV","JL KAPAS 1 NO 13 KEL. MANGGA KEC. MEDAN TUNTUNGAN","prelist","MEDAN TUNTUNGAN","MANGGA","LINGKUNGAN 18","","","F. Konstruksi","SBR"],
    ["115212","FANROVY NAULI PERKASA, CV","JL KAPAS V LK VIII P. SIMALINGKAR NO 2 KEL. MANGGA KEC. MEDAN TUNTUNGAN","prelist","MEDAN TUNTUNGAN","MANGGA","LINGKUNGAN 18","","","F. Konstruksi","SBR"],
    ["115213","LUGAMAS, CV","JL KAPAS 13 NO 11 KEL. MANGGA KEC. MEDAN TUNTUNGAN","prelist","MEDAN TUNTUNGAN","MANGGA","LINGKUNGAN 18","","","F. Konstruksi","SBR"],
    ["115268","HABINSARAN, CV","JL KASTURI KOMPLEK SAVANA KASTURI LK. XVI B NO 8 MEDAN","prelist","MEDAN TUNTUNGAN","SIMPANG SELAYANG","LINGKUNGAN 2","","","F. Konstruksi","SBR"],
    ["115269","SIMUNT JAYA, CV","JL KASTURI KOMPLEK SAVANA KASTURI LK XVI B NO 8","prelist","MEDAN TUNTUNGAN","SIMPANG SELAYANG","LINGKUNGAN 16","","","F. Konstruksi","SBR"],
    ["115323","BINTANG TIMUR, CV","JL KOMPLEK SEJAHTERA INDAH II K 04","prelist","MEDAN TUNTUNGAN","SIMPANG SELAYANG","LINGKUNGAN 2","","","F. Konstruksi","SBR"],
    ["115328","ALTIGA PUTRA, CV","JL LIZADRI PUTRA KOMPLEK PERUMAHAN SETIA BUDI VISTA M NO 10","prelist","MEDAN TUNTUNGAN","SIMPANG SELAYANG","LINGKUNGAN 10","","","F. Konstruksi","SBR"],
    ["115335","SINAR GRAHA INDONUSA, PT","JL LETJEND GINTING KM. 11,6 NO 48","prelist","MEDAN TUNTUNGAN","SIMPANG SELAYANG","LINGKUNGAN 2","","","F. Konstruksi","SBR"],
    ["115470","NAFARIZ PUTRA BERJAYA, CV","JL NILAM XI NO 16 LK.XXIII PERUMNAS SIMALINGKAR KEL. MANGGA KEC. MEDAN TUNTUNGAN","prelist","MEDAN TUNTUNGAN","MANGGA","LINGKUNGAN 23","","","F. Konstruksi","SBR"],
    ["115533","FAJAR LESTARI UTAMA, PT","JL PASAR I KOMPLEK MEDAN PERMAI II KEL. NAMO GAJAH","prelist","MEDAN TUNTUNGAN","NAMO GAJAH","LINGKUNGAN 2","","","F. Konstruksi","SBR"],
    ["115553","JACK NUSANTARA, CV","JL PENERBANGAN NO 31","prelist","MEDAN TUNTUNGAN","MANGGA","LINGKUNGAN 1","","","F. Konstruksi","SBR"],
    ["115610","RAMBE JAYA MANDIRI, CV","JL PETUNIA VII PERUM KENCANA BLOK E-30 LINGKUNGAN II KELUARAHAN NAMO GAJAH KECAMATAN MEDAN TUNTUNGAN","prelist","MEDAN TUNTUNGAN","NAMO GAJAH","LINGKUNGAN 2","","","F. Konstruksi","SBR"],
    ["115611","SALSABILLAH MANDIRI, CV","JL PETUNIA VII PERUM GRIYA KENCANA BLOK C. NO 07. KEL. NAMU GAJAH. KEC. MEDAN TUNTUNGAN","prelist","MEDAN TUNTUNGAN","NAMO GAJAH","LINGKUNGAN 2","","","F. Konstruksi","SBR"],
    ["115612","DAKSA KREASI, CV","JL PETUNIA RAYA KOMPLEK GRIYA KENCANA LT.II LK II E NO 30","prelist","MEDAN TUNTUNGAN","KEMENANGAN TANI","LINGKUNGAN 3","","","F. Konstruksi","SBR"],
    ["115619","REHOBOT, CV","JL PINUS 3 NO 7 LK. XIII PERUMNAS SIMALINGKAR KEL. MANGGA KEC. MEDAN TUNTUNGAN","prelist","MEDAN TUNTUNGAN","MANGGA","LINGKUNGAN 13","","","F. Konstruksi","SBR"],
    ["115620","BASA MANDIRI, CV","JL PINUS 17 NO 07 KEL. MANGGA KEC. MEDAN TUNTUNGAN","prelist","MEDAN TUNTUNGAN","MANGGA","LINGKUNGAN 13","","","F. Konstruksi","SBR"],
    ["115702","PROFIT, CV","JL RINTE RAYA NO 119 LK. XIII","prelist","MEDAN TUNTUNGAN","SIMPANG SELAYANG","LINGKUNGAN 13","","","F. Konstruksi","SBR"],
    ["115716","BANGUN SUMBER DAYA MULYA, PT","JL SAKURA-III NO 48 LK. I","prelist","MEDAN TUNTUNGAN","TANJUNG SELAMAT","LINGKUNGAN 1","","","F. Konstruksi","SBR"],
    ["115717","TERBANGUN PERMATA, CV","JL SAKURA-III BLOK B-I","prelist","MEDAN TUNTUNGAN","TANJUNG SELAMAT","LINGKUNGAN 1","","","F. Konstruksi","SBR"],
    ["115736","MEARLO LARISTA UTAMA, PT","JL SAWIT RAYA NO 48-A LK. X KEL. MANGGA, KEC. MEDAN TUNTUNGAN","prelist","MEDAN TUNTUNGAN","MANGGA","LINGKUNGAN 10","","","F. Konstruksi","SBR"],
    ["115737","MARULI TUA, CV","JL SAWIT I NO 77 KEL. MANGGA KEC. MEDAN TUNTUNGAN","prelist","MEDAN TUNTUNGAN","MANGGA","LINGKUNGAN 8","","","F. Konstruksi","SBR"],
    ["115806","SINAR SUKSES SEMPURNA, CV","JL SETIA BUDI GG. BUNGA NCOLE NO 1","prelist","MEDAN TUNTUNGAN","SIMPANG SELAYANG","LINGKUNGAN 16","","","F. Konstruksi","SBR"],
    ["115810","JNT MECHALINDO JAYA MANDIRI, PT","JL SEROJA RAYA PERUM ROYAL GALAXY RESIDENT BLOK B NO.16","prelist","MEDAN TUNTUNGAN","TANJUNG SELAMAT","LINGKUNGAN 8","","","F. Konstruksi","SBR"],
    ["115828","ANUGRAH PUSAKA ABADI, CV","JL SETIA BUDI KOMPLEK VILLA SETIA BUDI MAKMUR 2 F NO 4 SIMPANG SELAYANG MEDAN TUNTUNGAN","prelist","MEDAN TUNTUNGAN","SIMPANG SELAYANG","LINGKUNGAN 2","","","F. Konstruksi","SBR"],
    ["115829","GALANG SOLUSI TEKNIK, PT","JL SETIA BUDI KOMPLEK RUKO SETIA BUDI RAYA NO 12","prelist","MEDAN TUNTUNGAN","SIMPANG SELAYANG","LINGKUNGAN 2","","","F. Konstruksi","SBR"],
    ["115844","SANOP KREASI, CV","JL SETIA BUDI UJUNG PERUMAHAN GRAHA SAFIRA BLOK C NO 19","prelist","MEDAN TUNTUNGAN","SIMPANG SELAYANG","LINGKUNGAN 16","","","F. Konstruksi","SBR"],
    ["115845","MADANI KARYA SENTOSA, PT","JL SETIA BUDI UJUNG KOMPLEK GRIYA SAFIRA BLOK B NO 04","prelist","MEDAN TUNTUNGAN","SIMPANG SELAYANG","LINGKUNGAN 16","","","F. Konstruksi","SBR"],
    ["115886","SIMKET KUTA MANDIRI, PT","JL STELLA RAYA KOMP. STELLA RESIDENCE BLOK C NO 3 LK. XIII, SIMPANG SELAYANG MEDAN TUNTUNGAN","prelist","MEDAN TUNTUNGAN","SIMPANG SELAYANG","LINGKUNGAN 10","","","F. Konstruksi","SBR"],
    ["115887","RAYA MULTI SARANA, CV","JL STELLA RAYA KOMP. STELLA RESIDENCE BLOK C NO 3 LK XIII SIMPANG SELAYANG MEDAN TUNTUNGAN","prelist","MEDAN TUNTUNGAN","SIMPANG SELAYANG","LINGKUNGAN 10","","","F. Konstruksi","SBR"],
    ["115917","KARYA NATRA KONSTRUKSI, PT","JL STELLA RAYA RUKO VILLA SETIA BUDI MAKMUR I BLOK A-10 SIMPANG SELAYANG","prelist","MEDAN TUNTUNGAN","SIMPANG SELAYANG","LINGKUNGAN 2","","","F. Konstruksi","SBR"],
    ["115940","ME CIVIL CONSTRUCTION, CV","JL TALI AIR KOMP. BELLA VISTA NO G-8 KEL. MANGGA, KEC. MEDAN TUNTUNGAN","prelist","MEDAN TUNTUNGAN","MANGGA","LINGKUNGAN 4","","","F. Konstruksi","SBR"],
    ["115978","INDAH KARYA BERSAMA, CV","JL TEMBAKAU RAYA NO 4 P. SIMALINGKAR KEL. MANGGA, KEC. MEDAN TUNTUNGAN","prelist","MEDAN TUNTUNGAN","MANGGA","LINGKUNGAN 16","","","F. Konstruksi","SBR"],
    ["116023","TAROMA BATUA, CV","JL VANILI I NO 2 KEL. MANGGA KEC. MEDAN TUNTUNGAN","prelist","MEDAN TUNTUNGAN","MANGGA","LINGKUNGAN 17","","","F. Konstruksi","SBR"],
    ["116055","SENTRA NIAGA MANDIRI, CV","JL BUNGAN NCOLE XXII NO.100 LK . V KEL KEMENANGAN TANI KEC. MEDAN TUNTUNGAN","prelist","MEDAN TUNTUNGAN","KEMENANGAN TANI","LINGKUNGAN 3","","","F. Konstruksi","SBR"],
    ["116094","JOSHAN MANDIRI, CV","JL SEROJA KOMPLEK ROYAL GALAXY NO.C5","prelist","MEDAN TUNTUNGAN","TANJUNG SELAMAT","LINGKUNGAN 8","","","F. Konstruksi","SBR"],
    ["116107","REGINA PUTRI TUNGGAL, CV","JL SAKURA- III NO.5","prelist","MEDAN TUNTUNGAN","TANJUNG SELAMAT","LINGKUNGAN 1","","","F. Konstruksi","SBR"],
    ["116108","PANUPPAK ARTA JAYA, CV","JL SAGU 12 NO.2 PERUM SIMALINGKAR KEC. MEDAN TUNTUNGAN","prelist","MEDAN TUNTUNGAN","MANGGA","LINGKUNGAN 21","","","F. Konstruksi","SBR"],
    ["116139","YORORA PERSADA KONSTRUKSI, CV","JL TEH RAYA NO.32 PERUMNAS SIMALINGKAR MEDAN KEL. MANGGA KEC. MEDAN TUNTUNGAN","prelist","MEDAN TUNTUNGAN","MANGGA","LINGKUNGAN 11","","","F. Konstruksi","SBR"],
    ["116149","CAHAYA CIPTA REZEKI, CV","KOMP. ALAMANDA SAKURA RAYA BLOK-E NO.51","prelist","MEDAN TUNTUNGAN","TANJUNG SELAMAT","LINGKUNGAN 1","","","F. Konstruksi","SBR"],
    ["116160","CUKAT TRENGGINAS ARIANS , PT","KOMP. TAMAN ASOKA ASRI","prelist","MEDAN TUNTUNGAN","TANJUNG SELAMAT","LINGKUNGAN 6","","","F. Konstruksi","SBR"],
    ["116161","SAMUDERA INDOTAMA, CV","KOMP. TAMAN ANGGREK SETIA BUDI NO.24 D. KEL. TANJUNG SELAMAT. KEC. MEDAN PERJUANGAN","prelist","MEDAN TUNTUNGAN","TANJUNG SELAMAT","LINGKUNGAN 9","","","F. Konstruksi","SBR"],
    ["116162","FEBY JAYA, CV","KOMP. TAMAN ANGGREK SETIA BUDI A NO 32 TANJUNG SELAMAT MEDAN TUNTUNGAN","prelist","MEDAN TUNTUNGAN","TANJUNG SELAMAT","LINGKUNGAN 9","","","F. Konstruksi","SBR"],
    ["116163","BATU GERGA KONSTRUKSI, CV","KOMP. SETIA BUDI RAYA NO B-05","prelist","MEDAN TUNTUNGAN","SIMPANG SELAYANG","LINGKUNGAN 16","","","F. Konstruksi","SBR"],
    ["116190","BERKAH MANDIRI PRATAMA, CV","KOMPLEKS STELLA RESSIDENCE BLOK D NO 5","prelist","MEDAN TUNTUNGAN","SIMPANG SELAYANG","LINGKUNGAN 2","","","F. Konstruksi","SBR"],
    ["116195","STAR DIPLOMAT, CV","KOMPLEK TAMAN ANGGREK SETIA BUDI 02 TANJUNG SELAMAT","prelist","MEDAN TUNTUNGAN","TANJUNG SELAMAT","LINGKUNGAN 9","","","F. Konstruksi","SBR"],
    ["116196","BETEHOLI, CV","KOMPLEK STELLA RESIDENCE BLOK FF NO.11 SIMPANG SELAYANG, MEDAN TUNTUNGAN","prelist","MEDAN TUNTUNGAN","SIMPANG SELAYANG","LINGKUNGAN 13","","","F. Konstruksi","SBR"],
    ["116199","NEOSOFT ART, CV","KOMPLEK ROYALE HOMELAND JL. IRIGASI LK. V NO C-20 KEL. MANGGA KEC. MEDAN TUNTUNGAN","prelist","MEDAN TUNTUNGAN","MANGGA","LINGKUNGAN 5","","","F. Konstruksi","SBR"],
    ["116200","DEBANG MANDIRI KARYA, CV","KOMP PURI MEDAN NO A5, JL SEROJA RAYA","prelist","MEDAN TUNTUNGAN","TANJUNG SELAMAT","LINGKUNGAN 8","","","F. Konstruksi","SBR"],
    ["116205","PILAR MENARA UTAMA, CV","KOMPLEK NINA JAYA FLAMBOYAN HOUSE NO 11","prelist","MEDAN TUNTUNGAN","TANJUNG SELAMAT","LINGKUNGAN 9","","","F. Konstruksi","SBR"],
    ["116222","PERDANA KANIA CITRA, PT","JL KOMP TAMAN ASOKA ASRI BLOK D NO 1","prelist","MEDAN TUNTUNGAN","TANJUNG SELAMAT","LINGKUNGAN 6","","","F. Konstruksi","SBR"],
    ["116223","RIRORA PUTRA RANITA, PT","JL TANJUNG PERMATA NO 1 LINGK XII","prelist","MEDAN TUNTUNGAN","SIMPANG SELAYANG","LINGKUNGAN 12","","","F. Konstruksi","SBR"],
    ["116224","ALAHTA, PT","JL BUNGA RINTE NO A-6","prelist","MEDAN TUNTUNGAN","SIMPANG SELAYANG","LINGKUNGAN 17","","","F. Konstruksi","SBR"],
    ["116230","DELAPAN JAYA, CV","JL FLAMBOYAN VII NO 79","prelist","MEDAN TUNTUNGAN","TANJUNG SELAMAT","LINGKUNGAN 2","","","F. Konstruksi","SBR"],
    ["116244","DEKA JAYA ABADI, PT","JL LETJEND JAMIN GINTING KM 10 NO 115","prelist","MEDAN TUNTUNGAN","SIMPANG SELAYANG","LINGKUNGAN 5","","","F. Konstruksi","SBR"],
    ["116245","MALONA TRITAMA, PT","JL TEH XI NO 02 P SIMALINGKAR","prelist","MEDAN TUNTUNGAN","MANGGA","LINGKUNGAN 16","","","F. Konstruksi","SBR"],
    ["116246","SURYA DELI CAHAYA GEMILANG, PT","PERUMNAS SIMALINGKAR, JL KEMENYAN 4 NO 8","prelist","MEDAN TUNTUNGAN","MANGGA","LINGKUNGAN 19","","","F. Konstruksi","SBR"],
    ["116247","ROSA KARYA BERSAMA, PT","JL KAPITEN PURBA NO 10 LINGK IV","prelist","MEDAN TUNTUNGAN","MANGGA","LINGKUNGAN 3","","","F. Konstruksi","SBR"],
    ["116248","BINA UTAMA, PT","JL JAHE VII NO 8 P","prelist","MEDAN TUNTUNGAN","MANGGA","LINGKUNGAN 14","","","F. Konstruksi","SBR"],
    ["116249","DODORI ABADI CEMERLANG, PT","JL IRIGASI NO 14A","prelist","MEDAN TUNTUNGAN","MANGGA","LINGKUNGAN 2","","","F. Konstruksi","SBR"],
    ["116250","TUNAS JAYA CIPTA, PT","JL DJAMIN GINTING NO 36 A KM 8,5","prelist","MEDAN TUNTUNGAN","MANGGA","LINGKUNGAN 1","","","F. Konstruksi","SBR"],
    ["116251","PIOONER PERKASA MANDIRI, PT","PERUMNAS SIMALINGKAR, JL COKLAT XI NO 8 LINGK XXIV","prelist","MEDAN TUNTUNGAN","MANGGA","LINGKUNGAN 24","","","F. Konstruksi","SBR"],
    ["116252","M2 LESTARI, PT","KOMP WAIKIKI BLOK C NO 14 LINK 9","prelist","MEDAN TUNTUNGAN","TANJUNG SELAMAT","LINGKUNGAN 9","","","F. Konstruksi","SBR"],
    ["116253","ARSIVA, PT","PERUM ROYAL GALAXY RESIDENCE BLOK C-1, JL SEROJA RAYA","prelist","MEDAN TUNTUNGAN","TANJUNG SELAMAT","LINGKUNGAN 8","","","F. Konstruksi","SBR"],
    ["116390","ARMADA PUTRA, PT","JL LETJEND JAMIN GINTING KM 12 NO 31","prelist","MEDAN TUNTUNGAN","KEMENANGAN TANI","LINGKUNGAN 1","","","F. Konstruksi","SBR"],
    ["116453","PRIMA INTI NUSA, PT","KOMP SETIA BUDI POINT BLOK D NO 6","prelist","MEDAN TUNTUNGAN","TANJUNG SELAMAT","LINGKUNGAN 6","","","F. Konstruksi","SBR"],
    ["116711","CINTA KARYA MEMBANGUN, PT","PERUM GRIYA SAFIRA BLOK C/29, JL SETIA BUDI UJUNG","prelist","MEDAN TUNTUNGAN","SIMPANG SELAYANG","LINGKUNGAN 9","","","F. Konstruksi","SBR"],
    ["116753","BANGUN DWIPUTRA MANDIRI, PT","JL IRIGASI COMP. ROYAL HOMELAND LK. V NO B - 2 KEL. MANGGA KEC. MEDAN TUNTUNGAN","prelist","MEDAN TUNTUNGAN","MANGGA","LINGKUNGAN 5","","","F. Konstruksi","SBR"],
    ["116926","BENGKEL LAS TAMPUBOLON","KOMPLEK IKIP BLOK II","prelist","MEDAN TUNTUNGAN","TANJUNG SELAMAT","LINGKUNGAN 7","","","C. Industri Pengolahan","SBR"],
    ["116927","MABEL MARIADI","KOMPLEK IKIP BLOK II","prelist","MEDAN TUNTUNGAN","TANJUNG SELAMAT","LINGKUNGAN 7","","","C. Industri Pengolahan","SBR"],
    ["116928","PENJAHIT KEBAYA RENI JULIANA","KOMPLEK IKIP BLOK 2 UJUNG","prelist","MEDAN TUNTUNGAN","TANJUNG SELAMAT","LINGKUNGAN 7","","","C. Industri Pengolahan","SBR"],
    ["116929","PENJAHIT MAYSIA","JL PALES 1B","prelist","MEDAN TUNTUNGAN","SIMPANG SELAYANG","LINGKUNGAN 7","","","C. Industri Pengolahan","SBR"],
    ["116930","RAJA LIMBONG MINYAK KARO","JL PALESIA","prelist","MEDAN TUNTUNGAN","SIMPANG SELAYANG","LINGKUNGAN 9","","","C. Industri Pengolahan","SBR"],
    ["116931","MARIA KEBAYA","GG. KENANGA II","prelist","MEDAN TUNTUNGAN","SIMPANG SELAYANG","LINGKUNGAN 4","","","C. Industri Pengolahan","SBR"],
    ["116933","PEDAGANG CABAI <JAITUN>","PASAR INDUK LAUCIH","prelist","MEDAN TUNTUNGAN","LAU CIH","LINGKUNGAN 3","","","G. Perdagangan Besar dan Eceran, Reparasi Mobil dan Sepeda Motor","SBR"],
    ["116951","DESI PAYET BAJU PENGANTIN","JL JAMIN GINTING GG HULU I","prelist","MEDAN TUNTUNGAN","SIMPANG SELAYANG","LINGKUNGAN 1","","","C. Industri Pengolahan","SBR"],
    ["116956","SEPRI GORDEN","JL FLAMBOYAN RAYA GG GEREJA","prelist","MEDAN TUNTUNGAN","TANJUNG SELAMAT","LINGKUNGAN 9","","","C. Industri Pengolahan","SBR"],
    ["116957","ZAHRA BOLU AREN","KOMPLEK IKIP BLOK II","prelist","MEDAN TUNTUNGAN","TANJUNG SELAMAT","LINGKUNGAN 7","","","C. Industri Pengolahan","SBR"],
    ["117438","STT BAPTIS MEDAN","Jl. Tali air No 7","prelist","MEDAN TUNTUNGAN","MANGGA","LINGKUNGAN 4","","","P. Pendidikan","SBR"],
    ["117439","MAK LADY BR BANGUN","Pasar induk laucih","prelist","MEDAN TUNTUNGAN","LAU CIH","LINGKUNGAN 3","","","G. Perdagangan Besar dan Eceran, Reparasi Mobil dan Sepeda Motor","SBR"],
    ["117502","KIOS MAK EKA","Pasar induk laucih","prelist","MEDAN TUNTUNGAN","LAU CIH","LINGKUNGAN 3","","","G. Perdagangan Besar dan Eceran, Reparasi Mobil dan Sepeda Motor","SBR"],
    ["117503","KIOS NAURA","Pasar induk laucih","prelist","MEDAN TUNTUNGAN","LAU CIH","LINGKUNGAN 3","","","G. Perdagangan Besar dan Eceran, Reparasi Mobil dan Sepeda Motor","SBR"],
    ["117525","TANI RAS UD","Jl Jamin Ginting","prelist","MEDAN TUNTUNGAN","LAU CIH","LINGKUNGAN 3","","","G. Perdagangan Besar dan Eceran, Reparasi Mobil dan Sepeda Motor","SBR"],
    ["117526","SUMBER ALFARIA TRIJAYA TBK","Jl Jamin Ginting","prelist","MEDAN TUNTUNGAN","MANGGA","LINGKUNGAN 2","","","G. Perdagangan Besar dan Eceran, Reparasi Mobil dan Sepeda Motor","SBR"],
    ["117531","KIOS MAK DONI","Jl Pasar Induk Laucih","prelist","MEDAN TUNTUNGAN","LAU CIH","LINGKUNGAN 3","","","G. Perdagangan Besar dan Eceran, Reparasi Mobil dan Sepeda Motor","SBR"],
    ["117543","J&M","Jl kapiten purba no 23 b","prelist","MEDAN TUNTUNGAN","MANGGA","LINGKUNGAN 4","","","N. Jasa Persewaan, Ketenagakerjaan, Agen Perjalanan, dan Jasa Pendukung","SBR"],
    ["117545","PT PERINTIS AGRALAND PROPERTINDO","Jl Flamboyan I komplek the Flamboyan suit","prelist","MEDAN TUNTUNGAN","TANJUNG SELAMAT","LINGKUNGAN 6","","","L. Real Estat","SBR"],
    ["117590","PT BERKAT SEJAHTERA VALASINDO","JL. JAMIN GINTING LK. II NO. 24 MERDEKA, MEDAN","prelist","MEDAN TUNTUNGAN","SIMPANG SELAYANG","LINGKUNGAN 2","","","K. Aktivitas Keuangan Dan Asuransi","SBR"],
    ["117609","REDDOORZ @ RS. ADAM MALIK","JL. CARDIAC CENTRE NO. 04","prelist","MEDAN TUNTUNGAN","KEMENANGAN TANI","LINGKUNGAN 3","","","I. Penyediaan Akomodasi dan Makan Minum","SBR"],
    ["117624","REDDOORZ","PROVINSI SUMATERA UTARA KAB/KOTA MEDAN KECAMATAN MEDAN TUNTUNGAN KEL/DESA LAU CIH","prelist","MEDAN TUNTUNGAN","LAU CIH","LINGKUNGAN 2","","","I. Penyediaan Akomodasi dan Makan Minum","SBR"]
  ],
  "geometry": [
    [98.6311, 3.5134],
    [98.6307, 3.5189],
    [98.61, 3.5188],
    [98.6357, 3.5211],
    [98.6338, 3.5257],
    [98.6338, 3.5256],
    [98.6338, 3.5268],
    [98.6041, 3.5411],
    [98.6094, 3.5192],
    [98.6318, 3.5254],
    [98.6243, 3.5318],
    [98.633, 3.5142],
    [98.6355, 3.5197],
    [98.6355, 3.5229],
    [98.6153, 3.5125],
    [98.633, 3.5145],
    [98.6048, 3.4945],
    [98.6074, 3.5256],
    [98.6314, 3.5244],
    [98.6334, 3.5109],
    [98.6038, 3.543],
    [98.6298, 3.5251],
    [98.6159, 3.5084],
    [98.6167, 3.5101],
    [98.6342, 3.5277],
    [98.6246, 3.5273],
    [98.6164, 3.5412],
    [98.6314, 3.5187],
    [98.6337, 3.527],
    [98.6347, 3.5245],
    [98.636, 3.5218],
    [98.6314, 3.5189],
    [98.6097, 3.4966],
    [98.6337, 3.526],
    [98.6038, 3.5414],
    [98.6148, 3.5142],
    [98.6367, 3.5288],
    [98.6329, 3.5128],
    [98.6049, 3.5433],
    [98.616, 3.5412],
    [98.6343, 3.5277],
    [98.6174, 3.5177],
    [98.603, 3.5324],
    [98.5975, 3.5432],
    [98.5977, 3.5432],
    [98.6203, 3.5244],
    [98.6433, 3.532],
    [98.61, 3.5228],
    [98.6072, 3.5414],
    [98.6331, 3.5124],
    [98.6044, 3.5417],
    [98.6424, 3.5221],
    [98.6367, 3.5196],
    [98.6342, 3.5146],
    [98.612, 3.5276],
    [98.6147, 3.5055],
    [98.6158, 3.5069],
    [98.6159, 3.5059],
    [98.6156, 3.5162],
    [98.6139, 3.5118],
    [98.6213, 3.5246],
    [98.6026, 3.5425],
    [98.6329, 3.5189],
    [98.633, 3.5154],
    [98.6173, 3.5287],
    [98.6327, 3.5111],
    [98.6131, 3.519],
    [98.6305, 3.5292],
    [98.6219, 3.5247],
    [98.6084, 3.5431],
    [98.6208, 3.5256],
    [98.6136, 3.5327],
    [98.6222, 3.5245],
    [98.5988, 3.5007],
    [98.6036, 3.5183],
    [98.6118, 3.5275],
    [98.6212, 3.5274],
    [98.6034, 3.5143],
    [98.6297, 3.5162],
    [98.6333, 3.5115],
    [98.6201, 3.5207],
    [98.6284, 3.5355],
    [98.6068, 3.5404],
    [98.6216, 3.5171],
    [98.615, 3.5239],
    [98.6202, 3.5135],
    [98.6399, 3.5314],
    [98.6163, 3.5293],
    [98.6151, 3.5109],
    [98.6058, 3.5465],
    [98.6072, 3.5486],
    [98.6076, 3.5411],
    [98.6062, 3.5118],
    [98.6574, 3.504],
    [98.6363, 3.5239],
    [98.6478, 3.5075],
    [98.6217, 3.52],
    [98.6264, 3.5266],
    [98.6044, 3.5061],
    [98.6423, 3.4831],
    [98.6163, 3.5173],
    [98.6209, 3.5133],
    [98.6142, 3.508],
    [98.5959, 3.5403],
    [98.6026, 3.5245],
    [98.6011, 3.5019],
    [98.6137, 3.5257],
    [98.628, 3.5208],
    [98.6073, 3.5374],
    [98.6075, 3.5374],
    [98.6426, 3.5321],
    [98.6296, 3.5126],
    [98.6004, 3.5021],
    [98.6011, 3.5019],
    [98.5991, 3.5252],
    [98.601, 3.5205],
    [98.5995, 3.5438],
    [98.6509, 3.4984],
    [98.6449, 3.4996],
    [98.6496, 3.5054],
    [98.6456, 3.5051],
    [98.6115, 3.5267],
    [98.6156, 3.5107],
    [98.6062, 3.5315],
    [98.6049, 3.5474],
    [98.6425, 3.5335],
    [98.6271, 3.5192],
    [98.62, 3.5268],
    [98.6013, 3.4947],
    [98.6059, 3.5471],
    [98.6005, 3.4951],
    [98.643, 3.5017],
    [98.62, 3.5288],
    [98.6034, 3.4984],
    [98.6241, 3.5344],
    [98.6016, 3.5034],
    [98.6373, 3.5291],
    [98.6431, 3.5316],
    [98.6472, 3.5022],
    [98.6108, 3.4984],
    [98.6484, 3.4986],
    [98.6192, 3.5212],
    [98.6265, 3.5234],
    [98.6193, 3.521],
    [98.6173, 3.5175],
    [98.6361, 3.5282],
    [98.6057, 3.5414],
    [98.6284, 3.53],
    [98.6132, 3.5055],
    [98.6158, 3.541],
    [98.6015, 3.5276],
    [98.6352, 3.5259],
    [98.6184, 3.536],
    [98.6432, 3.532],
    [98.6295, 3.5249],
    [98.6126, 3.5018],
    [98.6295, 3.5248],
    [98.6106, 3.545],
    [98.614, 3.5247],
    [98.6149, 3.5409],
    [98.6353, 3.5195],
    [98.644, 3.5321],
    [98.6157, 3.5168],
    [98.6345, 3.5181],
    [98.644, 3.5321],
    [98.6171, 3.5299],
    [98.6081, 3.5234],
    [98.63, 3.5247],
    [98.6223, 3.5226],
    [98.6164, 3.5409],
    [98.6294, 3.5124],
    [98.6322, 3.5123],
    [98.6115, 3.517],
    [98.6149, 3.503],
    [98.6345, 3.5103],
    [98.6132, 3.5061],
    [98.6067, 3.5489],
    [98.6101, 3.5216],
    [98.6323, 3.5187],
    [98.6092, 3.4981],
    [98.6112, 3.5414],
    [98.6312, 3.5187],
    [98.637, 3.5248],
    [98.6346, 3.5268],
    [98.6241, 3.5348],
    [98.6197, 3.5289],
    [98.6032, 3.5411],
    [98.6002, 3.5422],
    [98.6123, 3.5102],
    [98.6401, 3.4961],
    [98.6495, 3.5061],
    [98.6183, 3.546],
    [98.6018, 3.546],
    [98.5997, 3.5416],
    [98.6046, 3.5295],
    [98.6048, 3.5258],
    [98.6158, 3.5152],
    [98.602, 3.5411],
    [98.6348, 3.511],
    [98.6014, 3.5251],
    [98.6014, 3.5251],
    [98.6173, 3.5485],
    [98.6131, 3.5187],
    [98.6094, 3.5248],
    [98.613, 3.5039],
    [98.6384, 3.5287],
    [98.6036, 3.5183],
    [98.62, 3.5272],
    [98.6336, 3.526],
    [98.6331, 3.5265],
    [98.6324, 3.5188],
    [98.6005, 3.4915],
    [98.6201, 3.5286],
    [98.6267, 3.5232],
    [98.6146, 3.5407],
    [98.6067, 3.5411],
    [98.6153, 3.5136],
    [98.629, 3.5139],
    [98.6182, 3.5185],
    [98.6183, 3.5213],
    [98.6155, 3.5329],
    [98.6073, 3.5117],
    [98.6337, 3.5245],
    [98.6382, 3.5292],
    [98.6298, 3.5271],
    [98.6046, 3.5442],
    [98.6137, 3.544],
    [98.6081, 3.5413],
    [98.6302, 3.5248],
    [98.6198, 3.53],
    [98.6305, 3.5175],
    [98.6434, 3.53],
    [98.633, 3.5145],
    [98.6194, 3.5345],
    [98.6322, 3.526],
    [98.5996, 3.5416],
    [98.6158, 3.522],
    [98.6141, 3.546],
    [98.6109, 3.5038],
    [98.6028, 3.5418],
    [98.6492, 3.5026],
    [98.6366, 3.5288],
    [98.6161, 3.5303],
    [98.6317, 3.5334],
    [98.61, 3.5154],
    [98.6129, 3.5349],
    [98.6025, 3.5244],
    [98.6141, 3.5456],
    [98.6093, 3.5281],
    [98.6122, 3.503],
    [98.6271, 3.5332],
    [98.6118, 3.5014],
    [98.6114, 3.5158],
    [98.6414, 3.5295],
    [98.6137, 3.5263],
    [98.6232, 3.5277],
    [98.631, 3.5166],
    [98.5983, 3.541],
    [98.6502, 3.5067],
    [98.6164, 3.5462],
    [98.6416, 3.5173],
    [98.6184, 3.5315],
    [98.6019, 3.5076],
    [98.5963, 3.5426],
    [98.6118, 3.5013],
    [98.6192, 3.536],
    [98.6141, 3.5478],
    [98.6158, 3.5286],
    [98.6187, 3.523],
    [98.6094, 3.5282],
    [98.6123, 3.5342],
    [98.6185, 3.5114],
    [98.6134, 3.5238],
    [98.613, 3.5303],
    [98.5964, 3.5407],
    [98.6117, 3.5432],
    [98.5964, 3.5407],
    [98.6384, 3.5292],
    [98.6346, 3.5277],
    [98.6151, 3.5138],
    [98.6259, 3.5232],
    [98.6328, 3.5113],
    [98.6305, 3.5169],
    [98.6064, 3.541],
    [98.6292, 3.5247],
    [98.6246, 3.5223],
    [98.5967, 3.5408],
    [98.6151, 3.5129],
    [98.6054, 3.541],
    [98.6384, 3.5296],
    [98.6122, 3.5484],
    [98.6053, 3.5372],
    [98.6053, 3.5408],
    [98.6071, 3.5414],
    [98.6496, 3.5051],
    [98.6357, 3.5283],
    [98.603, 3.5412],
    [98.6177, 3.5333],
    [98.6186, 3.5195],
    [98.6045, 3.5417],
    [98.6164, 3.5227],
    [98.5951, 3.5404],
    [98.601, 3.4999],
    [98.6445, 3.4995],
    [98.6163, 3.516],
    [98.6328, 3.5124],
    [98.6278, 3.5269],
    [98.6494, 3.5039],
    [98.6113, 3.4987],
    [98.6146, 3.5178],
    [98.6167, 3.5161],
    [98.5954, 3.5407],
    [98.6119, 3.5415],
    [98.6438, 3.5316],
    [98.6357, 3.5199],
    [98.6129, 3.5192],
    [98.6113, 3.5265],
    [98.6163, 3.516],
    [98.6023, 3.4986],
    [98.6447, 3.5072],
    [98.6214, 3.5337],
    [98.6061, 3.5411],
    [98.6131, 3.5158],
    [98.6038, 3.5188],
    [98.6071, 3.53],
    [98.6345, 3.5245],
    [98.6053, 3.5269],
    [98.6188, 3.5206],
    [98.6117, 3.5173],
    [98.6178, 3.5214],
    [98.6353, 3.5281],
    [98.629, 3.516],
    [98.6153, 3.5136],
    [98.6295, 3.5138],
    [98.6326, 3.5261],
    [98.6215, 3.5135],
    [98.6298, 3.5171],
    [98.6119, 3.5261],
    [98.6454, 3.4982],
    [98.6294, 3.514],
    [98.6052, 3.5424],
    [98.6137, 3.5257],
    [98.6109, 3.5271],
    [98.621, 3.521],
    [98.6096, 3.5191],
    [98.6152, 3.5111],
    [98.6341, 3.527],
    [98.6024, 3.4977],
    [98.6044, 3.5412],
    [98.6278, 3.5237],
    [98.6052, 3.5422],
    [98.6116, 3.5006],
    [98.6155, 3.5149],
    [98.6178, 3.5182],
    [98.6513, 3.504],
    [98.6035, 3.5286],
    [98.6288, 3.516],
    [98.6206, 3.5128],
    [98.6204, 3.5139],
    [98.6301, 3.5132],
    [98.62, 3.5257],
    [98.622, 3.5125],
    [98.6013, 3.4947],
    [98.6189, 3.5202],
    [98.6055, 3.5395],
    [98.6113, 3.5269],
    [98.6123, 3.5293],
    [98.6326, 3.5146],
    [98.6347, 3.5274],
    [98.6325, 3.5156],
    [98.6009, 3.5016],
    [98.6292, 3.5137],
    [98.6292, 3.5137],
    [98.6123, 3.5286],
    [98.631, 3.5275],
    [98.6131, 3.5251],
    [98.631, 3.5278],
    [98.6158, 3.5234],
    [98.6323, 3.5259],
    [98.6168, 3.5364],
    [98.6101, 3.5042],
    [98.607, 3.5483],
    [98.6055, 3.5449],
    [98.6055, 3.5449],
    [98.6459, 3.4986],
    [98.6085, 3.5496],
    [98.6315, 3.5132],
    [98.6064, 3.5378],
    [98.6048, 3.542],
    [98.6045, 3.5438],
    [98.6045, 3.5438],
    [98.6113, 3.5462],
    [98.6072, 3.5481],
    [98.6079, 3.549],
    [98.6047, 3.5423],
    [98.6044, 3.5418],
    [98.5997, 3.5415],
    [98.6042, 3.5412],
    [98.6116, 3.5169],
    [98.6317, 3.5087],
    [98.6346, 3.5247],
    [98.6349, 3.5236],
    [98.6052, 3.5444],
    [98.6055, 3.5453],
    [98.6057, 3.5452],
    [98.6045, 3.5231],
    [98.6071, 3.5484],
    [98.6059, 3.5414],
    [98.6311, 3.5254],
    [98.6044, 3.5436],
    [98.6059, 3.5463],
    [98.6193, 3.5208],
    [98.6344, 3.5272],
    [98.6175, 3.5174],
    [98.639, 3.5298],
    [98.6337, 3.5257],
    [98.633, 3.5127],
    [98.6153, 3.5142],
    [98.6095, 3.5197],
    [98.634, 3.5251],
    [98.6242, 3.5296],
    [98.6241, 3.5278],
    [98.6192, 3.5178],
    [98.6028, 3.5412],
    [98.6336, 3.527],
    [98.613, 3.5491],
    [98.605, 3.5411],
    [98.6291, 3.5152],
    [98.6406, 3.5305],
    [98.6336, 3.5266],
    [98.5985, 3.5439],
    [98.61, 3.5279],
    [98.6352, 3.5233],
    [98.6017, 3.5418],
    [98.6212, 3.5332],
    [98.6181, 3.5183],
    [98.6154, 3.514],
    [98.6165, 3.5158],
    [98.6029, 3.5414],
    [98.6346, 3.5205],
    [98.6274, 3.5245],
    [98.6053, 3.5373],
    [98.6131, 3.5047],
    [98.6013, 3.5415],
    [98.6047, 3.542],
    [98.6175, 3.5177],
    [98.6302, 3.51],
    [98.6036, 3.5306],
    [98.6058, 3.5458],
    [98.6048, 3.5414],
    [98.6327, 3.5261],
    [98.6017, 3.5414],
    [98.6339, 3.5255],
    [98.6038, 3.5224],
    [98.6198, 3.53],
    [98.6381, 3.5194],
    [98.6188, 3.5195],
    [98.6031, 3.5414],
    [98.6083, 3.5411],
    [98.6342, 3.5112],
    [98.6371, 3.5203],
    [98.6206, 3.5128],
    [98.6095, 3.5205],
    [98.6098, 3.5019],
    [98.6152, 3.5342],
    [98.6141, 3.5436],
    [98.63, 3.5122],
    [98.6141, 3.5306],
    [98.6097, 3.5498],
    [98.6223, 3.5282],
    [98.6037, 3.5414],
    [98.5983, 3.4933],
    [98.6225, 3.513],
    [98.6151, 3.5174],
    [98.6157, 3.5214],
    [98.6212, 3.5331],
    [98.6203, 3.5127],
    [98.6196, 3.5331],
    [98.6123, 3.5279],
    [98.6357, 3.519],
    [98.6323, 3.5255],
    [98.6119, 3.5277],
    [98.6114, 3.4993],
    [98.6086, 3.5152],
    [98.6138, 3.5246],
    [98.6372, 3.529],
    [98.6061, 3.5411],
    [98.6304, 3.5199],
    [98.6304, 3.5215],
    [98.6334, 3.5265],
    [98.6204, 3.5204],
    [98.6261, 3.5233],
    [98.6418, 3.5307],
    [98.6417, 3.5306],
    [98.6139, 3.5071],
    [98.6146, 3.5099],
    [98.6216, 3.5259],
    [98.6328, 3.526],
    [98.6151, 3.5109],
    [98.6134, 3.5054],
    [98.6191, 3.5198],
    [98.6004, 3.4911],
    [98.619, 3.5198],
    [98.6276, 3.5254],
    [98.6149, 3.5177],
    [98.6138, 3.5481],
    [98.6359, 3.5213],
    [98.6117, 3.516],
    [98.615, 3.5113],
    [98.6071, 3.5411],
    [98.6061, 3.5462],
    [98.6417, 3.5307],
    [98.6387, 3.4894],
    [98.6341, 3.5136],
    [98.6125, 3.5407],
    [98.6336, 3.5086],
    [98.6305, 3.526],
    [98.6162, 3.5091],
    [98.6108, 3.4983],
    [98.6324, 3.5138],
    [98.6297, 3.5162],
    [98.6133, 3.5238],
    [98.6382, 3.5302],
    [98.6427, 3.4944],
    [98.6146, 3.5101],
    [98.6169, 3.5335],
    [98.6191, 3.5335],
    [98.6016, 3.54],
    [98.6108, 3.5491],
    [98.6272, 3.5351],
    [98.6336, 3.5062],
    [98.6379, 3.5212],
    [98.6003, 3.4916],
    [98.5976, 3.5407],
    [98.6293, 3.5155],
    [98.6215, 3.5342],
    [98.6138, 3.5154],
    [98.6151, 3.5129],
    [98.6102, 3.541],
    [98.6147, 3.5107],
    [98.631, 3.5211],
    [98.6347, 3.5075],
    [98.6327, 3.5078],
    [98.6359, 3.5227],
    [98.6113, 3.5267],
    [98.6153, 3.5118],
    [98.6025, 3.5024],
    [98.6207, 3.5225],
    [98.6103, 3.5214],
    [98.6104, 3.5197],
    [98.6209, 3.5327],
    [98.6179, 3.5233],
    [98.6216, 3.5259],
    [98.6327, 3.5078],
    [98.6114, 3.5409],
    [98.6113, 3.5173],
    [98.6161, 3.5182],
    [98.6326, 3.5134],
    [98.6165, 3.5175],
    [98.6153, 3.5179],
    [98.6189, 3.5206],
    [98.6189, 3.5206],
    [98.6217, 3.5342],
    [98.6385, 3.5293],
    [98.6121, 3.5416],
    [98.6317, 3.5332],
    [98.6092, 3.5452],
    [98.6143, 3.5473],
    [98.6071, 3.5438],
    [98.6348, 3.5284],
    [98.6364, 3.5211],
    [98.6351, 3.5187],
    [98.6435, 3.5001],
    [98.6178, 3.5175],
    [98.6143, 3.5285],
    [98.6094, 3.5438],
    [98.609, 3.5499],
    [98.6117, 3.5174],
    [98.6144, 3.5318],
    [98.6331, 3.5166],
    [98.6024, 3.5414],
    [98.6094, 3.4966],
    [98.6401, 3.5303],
    [98.6073, 3.5413],
    [98.6332, 3.5075],
    [98.6356, 3.5204],
    [98.6343, 3.5069],
    [98.617, 3.517],
    [98.6188, 3.5268],
    [98.62, 3.5287],
    [98.6036, 3.5417],
    [98.6357, 3.5284],
    [98.6335, 3.527],
    [98.6264, 3.5234],
    [98.6196, 3.5234],
    [98.6193, 3.52],
    [98.6122, 3.5262],
    [98.6315, 3.5252],
    [98.6141, 3.5084],
    [98.6142, 3.5153],
    [98.6198, 3.5229],
    [98.6255, 3.5246],
    [98.6251, 3.5241],
    [98.6219, 3.5343],
    [98.6127, 3.5031],
    [98.6187, 3.5093],
    [98.6463, 3.5264],
    [98.6227, 3.5331],
    [98.6022, 3.5461],
    [98.6393, 3.53],
    [98.6386, 3.5263],
    [98.6075, 3.4998],
    [98.6257, 3.5227],
    [98.6221, 3.5215],
    [98.6339, 3.5255],
    [98.6326, 3.5087],
    [98.6033, 3.5411],
    [98.6043, 3.5413],
    [98.6008, 3.4918],
    [98.6214, 3.5334],
    [98.6183, 3.521],
    [98.6198, 3.5233],
    [98.6108, 3.541],
    [98.613, 3.5253],
    [98.6068, 3.5475],
    [98.5994, 3.5271],
    [98.6098, 3.5402],
    [98.6213, 3.5212],
    [98.6079, 3.5321],
    [98.6349, 3.5237],
    [98.6176, 3.5181],
    [98.616, 3.5154],
    [98.643, 3.5011],
    [98.6302, 3.517],
    [98.6226, 3.5217],
    [98.6172, 3.5221],
    [98.6145, 3.5242],
    [98.6149, 3.511],
    [98.6291, 3.5134],
    [98.6355, 3.5266],
    [98.6056, 3.4976],
    [98.624, 3.5267],
    [98.6026, 3.5282],
    [98.602, 3.5285],
    [98.6046, 3.5395],
    [98.6424, 3.5314],
    [98.6136, 3.5149],
    [98.6207, 3.5229],
    [98.606, 3.4949],
    [98.596, 3.541],
    [98.6314, 3.5237],
    [98.6177, 3.5173],
    [98.6288, 3.5282],
    [98.6323, 3.528],
    [98.6323, 3.5292],
    [98.6483, 3.4977],
    [98.6355, 3.5244],
    [98.5986, 3.5417],
    [98.6236, 3.5318],
    [98.6145, 3.5064],
    [98.6368, 3.5293],
    [98.633, 3.5106],
    [98.6077, 3.5239],
    [98.6182, 3.5044],
    [98.6422, 3.5309],
    [98.6292, 3.5121],
    [98.6226, 3.5241],
    [98.6116, 3.5426],
    [98.6147, 3.5307],
    [98.6332, 3.5258],
    [98.6574, 3.5039],
    [98.6483, 3.498],
    [98.6359, 3.5226],
    [98.629, 3.5245],
    [98.6172, 3.5328],
    [98.6431, 3.5259],
    [98.6351, 3.5268],
    [98.6047, 3.5097],
    [98.6398, 3.5167],
    [98.6156, 3.5234],
    [98.6336, 3.5211],
    [98.6124, 3.5293],
    [98.6086, 3.5402],
    [98.6232, 3.5277],
    [98.6313, 3.525],
    [98.6338, 3.5182],
    [98.6182, 3.5169],
    [98.6019, 3.5234],
    [98.6056, 3.5155],
    [98.6431, 3.4978],
    [98.6095, 3.5402],
    [98.6224, 3.527],
    [98.6314, 3.5159],
    [98.6123, 3.5444],
    [98.5999, 3.4988],
    [98.6143, 3.5306],
    [98.6308, 3.5105],
    [98.6447, 3.5072],
    [98.6188, 3.5317],
    [98.6148, 3.5105],
    [98.6313, 3.5158],
    [98.6293, 3.5087],
    [98.6423, 3.5287],
    [98.6236, 3.5331],
    [98.608, 3.5253],
    [98.6139, 3.5118],
    [98.6096, 3.5217],
    [98.6043, 3.5411],
    [98.5996, 3.5426],
    [98.6069, 3.5104],
    [98.6359, 3.5226],
    [98.6288, 3.5172],
    [98.6305, 3.5261],
    [98.6392, 3.5229],
    [98.6245, 3.5181],
    [98.6174, 3.5233],
    [98.6219, 3.535],
    [98.635, 3.5241],
    [98.6107, 3.5271],
    [98.6136, 3.5477],
    [98.6308, 3.5249],
    [98.6358, 3.5204],
    [98.6177, 3.5282],
    [98.6123, 3.5413],
    [98.6017, 3.5437],
    [98.6387, 3.5294],
    [98.6379, 3.5238],
    [98.606, 3.5281],
    [98.6126, 3.5496],
    [98.6141, 3.5083],
    [98.6276, 3.5234],
    [98.6277, 3.5248],
    [98.6296, 3.5226],
    [98.621, 3.5175],
    [98.6429, 3.5313],
    [98.601, 3.5422],
    [98.6272, 3.5237],
    [98.6187, 3.5193],
    [98.611, 3.527],
    [98.6047, 3.5199],
    [98.6177, 3.5174],
    [98.6185, 3.5122],
    [98.6331, 3.514],
    [98.5984, 3.496],
    [98.6128, 3.5298],
    [98.6334, 3.5249],
    [98.6345, 3.5247],
    [98.6381, 3.5286],
    [98.6327, 3.5111],
    [98.5985, 3.496],
    [98.6056, 3.5412],
    [98.6412, 3.5305],
    [98.6426, 3.5189],
    [98.6126, 3.5196],
    [98.6043, 3.5293],
    [98.6106, 3.5428],
    [98.6079, 3.5323],
    [98.6299, 3.5182],
    [98.6305, 3.5113],
    [98.6193, 3.5234],
    [98.6097, 3.5282],
    [98.6162, 3.5176],
    [98.6121, 3.5226],
    [98.6392, 3.5229],
    [98.6119, 3.5034],
    [98.6264, 3.537],
    [98.6198, 3.5226],
    [98.6165, 3.5174],
    [98.6161, 3.5169],
    [98.6487, 3.502],
    [98.6199, 3.5142],
    [98.6311, 3.5321],
    [98.633, 3.5114],
    [98.601, 3.5421],
    [98.6129, 3.5292],
    [98.6069, 3.5435],
    [98.6332, 3.5142],
    [98.6067, 3.5353],
    [98.6046, 3.5276],
    [98.6176, 3.5042],
    [98.6174, 3.5172],
    [98.6044, 3.543],
    [98.6197, 3.5145],
    [98.6198, 3.5141],
    [98.6198, 3.5142],
    [98.6261, 3.5229],
    [98.6177, 3.5042],
    [98.6146, 3.5176],
    [98.6075, 3.5139],
    [98.6195, 3.5227],
    [98.6085, 3.5373],
    [98.6083, 3.4962],
    [98.6094, 3.5167],
    [98.6337, 3.5176],
    [98.6151, 3.5451],
    [98.6303, 3.5124],
    [98.6367, 3.5265],
    [98.6353, 3.5278],
    [98.5998, 3.498],
    [98.6201, 3.5336],
    [98.6224, 3.5365],
    [98.6488, 3.5002],
    [98.6147, 3.5056],
    [98.6052, 3.5156],
    [98.6389, 3.5301],
    [98.6072, 3.5134],
    [98.6106, 3.5249],
    [98.6151, 3.5154],
    [98.6137, 3.5063],
    [98.6284, 3.5215],
    [98.6185, 3.5199],
    [98.6086, 3.5184],
    [98.6089, 3.5184],
    [98.6054, 3.5414],
    [98.6304, 3.5097],
    [98.6007, 3.5419],
    [98.6379, 3.5293],
    [98.6058, 3.5461],
    [98.633, 3.5145],
    [98.6124, 3.503],
    [98.6067, 3.5185],
    [98.6162, 3.5176],
    [98.6094, 3.5171],
    [98.6323, 3.5146],
    [98.6489, 3.5023],
    [98.6442, 3.5322],
    [98.6159, 3.5086],
    [98.634, 3.5275],
    [98.6329, 3.5127],
    [98.5998, 3.4911],
    [98.6347, 3.524],
    [98.6076, 3.5182],
    [98.6098, 3.5176],
    [98.6095, 3.5158],
    [98.6215, 3.5338],
    [98.6097, 3.5183],
    [98.6086, 3.5184],
    [98.6099, 3.5176],
    [98.6159, 3.5407],
    [98.6126, 3.5409],
    [98.619, 3.5205],
    [98.6153, 3.5134],
    [98.6021, 3.504],
    [98.6134, 3.5059],
    [98.6162, 3.5166],
    [98.602, 3.5237],
    [98.6158, 3.5234],
    [98.6224, 3.5198],
    [98.6339, 3.5229],
    [98.63, 3.5228],
    [98.6313, 3.5256],
    [98.6205, 3.5275],
    [98.6331, 3.5266],
    [98.6315, 3.5253],
    [98.5982, 3.541],
    [98.5995, 3.4913],
    [98.6215, 3.5338],
    [98.6175, 3.5179],
    [98.6182, 3.5186],
    [98.633, 3.5264],
    [98.606, 3.5411],
    [98.6048, 3.5412],
    [98.6134, 3.5252],
    [98.6032, 3.5412],
    [98.6387, 3.5294],
    [98.6288, 3.5241],
    [98.6193, 3.5209],
    [98.6041, 3.5414],
    [98.6005, 3.542],
    [98.6153, 3.5134],
    [98.6008, 3.5422],
    [98.6182, 3.5184],
    [98.633, 3.5264],
    [98.6314, 3.5255],
    [98.6168, 3.5159],
    [98.5999, 3.491],
    [98.62, 3.5236],
    [98.618, 3.5181],
    [98.6336, 3.5261],
    [98.6328, 3.5115],
    [98.6023, 3.5412],
    [98.611, 3.5272],
    [98.6055, 3.5415],
    [98.619, 3.5203],
    [98.6063, 3.5463],
    [98.6216, 3.5259],
    [98.6496, 3.5044],
    [98.6192, 3.5205],
    [98.619, 3.5205],
    [98.6277, 3.5234],
    [98.6331, 3.5124],
    [98.6137, 3.5474],
    [98.6358, 3.5198],
    [98.6149, 3.5456],
    [98.6431, 3.5309],
    [98.6104, 3.5411],
    [98.6075, 3.5428],
    [98.6034, 3.5419],
    [98.6564, 3.5055],
    [98.6074, 3.5429],
    [98.6146, 3.5314],
    [98.6255, 3.5283],
    [98.625, 3.5345],
    [98.6256, 3.5341],
    [98.6053, 3.5395],
    [98.634, 3.5275],
    [98.6057, 3.5459],
    [98.6149, 3.511],
    [98.6298, 3.516],
    [98.616, 3.5412],
    [98.6158, 3.5355],
    [98.6125, 3.5249],
    [98.6112, 3.5171],
    [98.6156, 3.5282],
    [98.6254, 3.5311],
    [98.6097, 3.5399],
    [98.6012, 3.5258],
    [98.6333, 3.5158],
    [98.6158, 3.5286],
    [98.6072, 3.4976],
    [98.6192, 3.5203],
    [98.6329, 3.5094],
    [98.632, 3.5134],
    [98.6137, 3.5046],
    [98.6137, 3.5323],
    [98.619, 3.5229],
    [98.6341, 3.5123],
    [98.6087, 3.5476],
    [98.6423, 3.5189],
    [98.65, 3.5053],
    [98.6004, 3.5258],
    [98.6435, 3.4927],
    [98.6002, 3.491],
    [98.6227, 3.5253],
    [98.6112, 3.5457],
    [98.6191, 3.5202],
    [98.6144, 3.5136],
    [98.6215, 3.5296],
    [98.6254, 3.5367],
    [98.5956, 3.5407],
    [98.6077, 3.5459],
    [98.634, 3.5275],
    [98.6109, 3.5294],
    [98.6394, 3.5273],
    [98.616, 3.512],
    [98.6127, 3.4972],
    [98.6143, 3.5029],
    [98.6197, 3.5317],
    [98.6368, 3.5211],
    [98.6171, 3.5288],
    [98.6069, 3.5103],
    [98.6009, 3.5463],
    [98.6272, 3.5192],
    [98.6088, 3.5149],
    [98.6144, 3.5313],
    [98.6346, 3.5167],
    [98.6379, 3.5213],
    [98.6126, 3.5196],
    [98.634, 3.527],
    [98.6126, 3.5454],
    [98.6016, 3.5415],
    [98.6049, 3.5411],
    [98.6327, 3.5093],
    [98.6133, 3.5236],
    [98.6216, 3.523],
    [98.6283, 3.5171],
    [98.6457, 3.5236],
    [98.6154, 3.5252],
    [98.6024, 3.496],
    [98.5997, 3.5429],
    [98.6328, 3.5089],
    [98.6288, 3.5241],
    [98.6175, 3.5284],
    [98.6381, 3.5309],
    [98.6142, 3.5442],
    [98.6005, 3.4916],
    [98.6193, 3.5333],
    [98.6155, 3.541],
    [98.612, 3.5497],
    [98.6207, 3.5329],
    [98.6179, 3.5302],
    [98.6143, 3.5446],
    [98.6113, 3.5167],
    [98.6032, 3.5414],
    [98.6341, 3.5271],
    [98.6337, 3.5177],
    [98.6053, 3.4946],
    [98.6415, 3.5306],
    [98.6161, 3.5222],
    [98.6234, 3.5279],
    [98.6122, 3.5286],
    [98.6017, 3.5417],
    [98.6147, 3.5102],
    [98.6166, 3.5289],
    [98.6372, 3.529],
    [98.6159, 3.5165],
    [98.634, 3.5273],
    [98.6282, 3.5269],
    [98.6325, 3.5257],
    [98.607, 3.5414],
    [98.629, 3.514],
    [98.6219, 3.535],
    [98.6283, 3.5242],
    [98.6317, 3.5275],
    [98.6035, 3.5409],
    [98.6159, 3.5086],
    [98.6141, 3.544],
    [98.6171, 3.5222],
    [98.6128, 3.5256],
    [98.6126, 3.5162],
    [98.636, 3.5282],
    [98.636, 3.5222],
    [98.622, 3.5347],
    [98.6217, 3.5373],
    [98.6205, 3.5323],
    [98.6429, 3.5315],
    [98.6134, 3.5413],
    [98.6359, 3.5217],
    [98.6326, 3.5266],
    [98.6346, 3.5103],
    [98.6221, 3.5361],
    [98.6358, 3.5283],
    [98.6081, 3.5413],
    [98.614, 3.5217],
    [98.6349, 3.5276],
    [98.6027, 3.5382],
    [98.6041, 3.5414],
    [98.6385, 3.5234],
    [98.6147, 3.541],
    [98.6053, 3.5408],
    [98.6348, 3.5278],
    [98.6357, 3.5199],
    [98.6049, 3.5441],
    [98.633, 3.5178],
    [98.6504, 3.5043],
    [98.6123, 3.5309],
    [98.6066, 3.5375],
    [98.6327, 3.5101],
    [98.6129, 3.543],
    [98.6012, 3.5232],
    [98.6494, 3.5082],
    [98.6043, 3.4978],
    [98.6015, 3.5251],
    [98.6352, 3.5198],
    [98.6122, 3.541],
    [98.635, 3.5212],
    [98.5989, 3.5411],
    [98.6339, 3.5251],
    [98.6393, 3.5226],
    [98.6317, 3.5337],
    [98.6117, 3.5169],
    [98.633, 3.5259],
    [98.6106, 3.5249],
    [98.6114, 3.527],
    [98.6125, 3.5291],
    [98.6106, 3.5277],
    [98.6299, 3.5228],
    [98.5961, 3.5407],
    [98.6245, 3.5226],
    [98.607, 3.4958],
    [98.6074, 3.5256],
    [98.6114, 3.5268],
    [98.6098, 3.5218],
    [98.6023, 3.541],
    [98.6209, 3.5133],
    [98.6209, 3.5327],
    [98.6193, 3.5218],
    [98.6432, 3.526],
    [98.6305, 3.5169],
    [98.634, 3.5274],
    [98.6334, 3.527],
    [98.6358, 3.5208],
    [98.6323, 3.5113],
    [98.6305, 3.5162],
    [98.6306, 3.5176],
    [98.6352, 3.5236],
    [98.6119, 3.5413],
    [98.6018, 3.496],
    [98.6146, 3.5298],
    [98.6329, 3.5148],
    [98.633, 3.512],
    [98.6365, 3.5197],
    [98.6063, 3.5413],
    [98.6392, 3.5229],
    [98.6092, 3.4997],
    [98.6323, 3.5256],
    [98.6378, 3.5254],
    [98.6363, 3.522],
    [98.6358, 3.5204],
    [98.6364, 3.5221],
    [98.6333, 3.5194],
    [98.6311, 3.5098],
    [98.5999, 3.491],
    [98.6421, 3.5285],
    [98.6153, 3.5119],
    [98.6334, 3.5174],
    [98.6332, 3.5158],
    [98.6347, 3.5206],
    [98.6116, 3.5172],
    [98.6121, 3.5198],
    [98.6359, 3.5214],
    [98.6332, 3.526],
    [98.6356, 3.5205],
    [98.6307, 3.5104],
    [98.6202, 3.5135],
    [98.6202, 3.5123],
    [98.6343, 3.5254],
    [98.6333, 3.5194],
    [98.6355, 3.5195],
    [98.6351, 3.5233],
    [98.6408, 3.5182],
    [98.6116, 3.5172],
    [98.6422, 3.5308],
    [98.6326, 3.5269],
    [98.6236, 3.5279],
    [98.6199, 3.5287],
    [98.6493, 3.5053],
    [98.6101, 3.5186],
    [98.6202, 3.5135],
    [98.6202, 3.5135],
    [98.6251, 3.5332],
    [98.6332, 3.5145],
    [98.6291, 3.5143],
    [98.6329, 3.5264],
    [98.6304, 3.5164],
    [98.6489, 3.5023],
    [98.6392, 3.5229],
    [98.633, 3.516],
    [98.6363, 3.522],
    [98.6358, 3.5207],
    [98.6283, 3.5242],
    [98.637, 3.5199],
    [98.6352, 3.5236],
    [98.6408, 3.5182],
    [98.6356, 3.5224],
    [98.6356, 3.5207],
    [98.6422, 3.5289],
    [98.6329, 3.5147],
    [98.6357, 3.5213],
    [98.6359, 3.5204],
    [98.6287, 3.5159],
    [98.6324, 3.5148],
    [98.6311, 3.5098],
    [98.6411, 3.5308],
    [98.6423, 3.5323],
    [98.6358, 3.5207],
    [98.6356, 3.5198],
    [98.6397, 3.5301],
    [98.6345, 3.514],
    [98.6408, 3.5182],
    [98.6291, 3.5143],
    [98.6102, 3.5399],
    [98.6137, 3.5183],
    [98.6431, 3.531],
    [98.6353, 3.5233],
    [98.6348, 3.5265],
    [98.6358, 3.5207],
    [98.6495, 3.505],
    [98.6421, 3.5285],
    [98.6143, 3.5306],
    [98.6151, 3.5415],
    [98.6318, 3.5153],
    [98.603, 3.5412],
    [98.634, 3.525],
    [98.6315, 3.5176],
    [98.6408, 3.5182],
    [98.6129, 3.5255],
    [98.5989, 3.5414],
    [98.6333, 3.5163],
    [98.6306, 3.5176],
    [98.6291, 3.5139],
    [98.6389, 3.5261],
    [98.6209, 3.5208],
    [98.6424, 3.5311],
    [98.6353, 3.5229],
    [98.6202, 3.5135],
    [98.6153, 3.5134],
    [98.6102, 3.5495],
    [98.636, 3.5244],
    [98.6046, 3.5395],
    [98.6349, 3.5128],
    [98.6351, 3.5241],
    [98.6335, 3.5263],
    [98.6354, 3.5242],
    [98.6421, 3.5285],
    [98.633, 3.5116],
    [98.6421, 3.5271],
    [98.6138, 3.5266],
    [98.6302, 3.5273],
    [98.6042, 3.5414],
    [98.638, 3.5292],
    [98.6401, 3.53],
    [98.6351, 3.5233],
    [98.6353, 3.5208],
    [98.6408, 3.5182],
    [98.6116, 3.5427],
    [98.6212, 3.5335],
    [98.6432, 3.526],
    [98.6047, 3.5298],
    [98.617, 3.536],
    [98.6109, 3.5012],
    [98.6432, 3.526],
    [98.6371, 3.5286],
    [98.6044, 3.5437],
    [98.6299, 3.516],
    [98.6053, 3.5356],
    [98.6116, 3.5433],
    [98.6432, 3.526],
    [98.634, 3.5269],
    [98.6289, 3.5134],
    [98.6304, 3.5118],
    [98.6012, 3.4999],
    [98.6035, 3.5024],
    [98.6105, 3.545],
    [98.5976, 3.5409],
    [98.6089, 3.5222],
    [98.6013, 3.492],
    [98.6386, 3.5293],
    [98.603, 3.5279],
    [98.638, 3.5292],
    [98.6312, 3.5255],
    [98.6078, 3.5435],
    [98.6159, 3.5413],
    [98.6064, 3.5125],
    [98.633, 3.513],
    [98.6351, 3.5233],
    [98.6351, 3.5233],
    [98.6351, 3.5233],
    [98.6355, 3.5229],
    [98.6341, 3.525],
    [98.6313, 3.525],
    [98.6332, 3.5141],
    [98.6299, 3.5227],
    [98.6097, 3.5399],
    [98.611, 3.541],
    [98.6047, 3.5298],
    [98.6093, 3.5281],
    [98.629, 3.5143],
    [98.6292, 3.5127],
    [98.6089, 3.5416],
    [98.63, 3.5168],
    [98.6228, 3.5331],
    [98.6351, 3.5233],
    [98.626, 3.5283],
    [98.6147, 3.5307],
    [98.6032, 3.5291],
    [98.601, 3.5418],
    [98.6097, 3.5399],
    [98.6223, 3.537],
    [98.609, 3.5411],
    [98.608, 3.5411],
    [98.6331, 3.5265],
    [98.6323, 3.528],
    [98.6332, 3.515],
    [98.6305, 3.5175],
    [98.633, 3.5127],
    [98.6469, 3.4978],
    [98.6063, 3.5413],
    [98.6063, 3.5413],
    [98.6398, 3.5167],
    [98.6129, 3.5255],
    [98.6132, 3.5061],
    [98.636, 3.5216],
    [98.6179, 3.5181],
    [98.617, 3.5321],
    [98.6123, 3.5457],
    [98.6228, 3.5331],
    [98.6199, 3.5287],
    [98.6182, 3.5168],
    [98.6153, 3.517],
    [98.6116, 3.5172],
    [98.6421, 3.5285],
    [98.6421, 3.5285],
    [98.6092, 3.4997],
    [98.6187, 3.5206],
    [98.6104, 3.5212],
    [98.6116, 3.5172],
    [98.6495, 3.5009],
    [98.6032, 3.5291],
    [98.6018, 3.496],
    [98.6359, 3.5226],
    [98.6431, 3.4978],
    [98.596, 3.5404],
    [98.6287, 3.5136],
    [98.6323, 3.5089],
    [98.6197, 3.5309],
    [98.6366, 3.5205],
    [98.6078, 3.5435],
    [98.6069, 3.5114],
    [98.6417, 3.5324],
    [98.6082, 3.5411],
    [98.6078, 3.5435],
    [98.6215, 3.5289],
    [98.6055, 3.544],
    [98.603, 3.5279],
    [98.6032, 3.5291],
    [98.6421, 3.5271],
    [98.6123, 3.5457],
    [98.6331, 3.5132],
    [98.619, 3.5203],
    [98.6322, 3.5252],
    [98.6346, 3.5273],
    [98.6076, 3.5006],
    [98.6325, 3.5266],
    [98.6345, 3.5249],
    [98.6332, 3.526],
    [98.6141, 3.5083],
    [98.6329, 3.5127],
    [98.6018, 3.496],
    [98.6053, 3.5356],
    [98.629, 3.514],
    [98.633, 3.5127],
    [98.603, 3.5279],
    [98.6159, 3.5086],
    [98.603, 3.5279],
    [98.6351, 3.5187],
    [98.6355, 3.5231],
    [98.6024, 3.543],
    [98.6185, 3.5199],
    [98.6078, 3.4956],
    [98.6334, 3.5065],
    [98.6221, 3.5361],
    [98.6412, 3.5305],
    [98.6063, 3.5413],
    [98.6078, 3.5435],
    [98.6304, 3.53],
    [98.6328, 3.5115],
    [98.6306, 3.5114],
    [98.638, 3.5292],
    [98.6323, 3.5256],
    [98.6355, 3.5244],
    [98.6046, 3.5284],
    [98.6312, 3.5255],
    [98.6018, 3.496],
    [98.6329, 3.5095],
    [98.6323, 3.5175],
    [98.6046, 3.5365],
    [98.6178, 3.5211],
    [98.6086, 3.5184],
    [98.6178, 3.5175],
    [98.6154, 3.5128],
    [98.6042, 3.541],
    [98.6148, 3.5106],
    [98.6053, 3.5356],
    [98.6423, 3.5221],
    [98.6432, 3.526],
    [98.6322, 3.5113],
    [98.6392, 3.5295],
    [98.6341, 3.5252],
    [98.6063, 3.5413],
    [98.617, 3.536],
    [98.6372, 3.529],
    [98.6116, 3.5172],
    [98.6168, 3.5163],
    [98.6158, 3.5152],
    [98.6078, 3.5435],
    [98.6306, 3.5248],
    [98.615, 3.5404],
    [98.6018, 3.496],
    [98.6104, 3.5212],
    [98.6115, 3.5172],
    [98.6053, 3.5356],
    [98.6035, 3.5024],
    [98.5985, 3.5409],
    [98.617, 3.536],
    [98.6387, 3.5265],
    [98.6351, 3.5233],
    [98.6392, 3.5229],
    [98.6009, 3.4998],
    [98.6287, 3.5136],
    [98.629, 3.5139],
    [98.6328, 3.5099],
    [98.6343, 3.5248],
    [98.6368, 3.5279],
    [98.6203, 3.5307],
    [98.6403, 3.5304],
    [98.6119, 3.5197],
    [98.6009, 3.4998],
    [98.6104, 3.5212],
    [98.6168, 3.5163],
    [98.6018, 3.496],
    [98.6425, 3.5314],
    [98.6351, 3.5233],
    [98.6163, 3.5157],
    [98.6336, 3.5175],
    [98.6359, 3.5214],
    [98.6335, 3.5263],
    [98.6251, 3.5332],
    [98.6358, 3.5207],
    [98.6057, 3.5456],
    [98.6319, 3.5168],
    [98.637, 3.5274],
    [98.6351, 3.5233],
    [98.6304, 3.5108],
    [98.6063, 3.5413],
    [98.6353, 3.5232],
    [98.6044, 3.5421],
    [98.6178, 3.5203],
    [98.6127, 3.515],
    [98.6009, 3.4998],
    [98.6309, 3.5336],
    [98.6119, 3.5197],
    [98.6236, 3.521],
    [98.6405, 3.5286],
    [98.6054, 3.5369],
    [98.6236, 3.5318],
    [98.6074, 3.5256],
    [98.613, 3.5161],
    [98.6114, 3.5487],
    [98.6326, 3.5266],
    [98.6341, 3.5252],
    [98.6363, 3.5232],
    [98.6185, 3.5114],
    [98.6524, 3.5048],
    [98.6334, 3.5304],
    [98.6298, 3.5248],
    [98.6202, 3.5123],
    [98.6213, 3.5246],
    [98.6199, 3.5287],
    [98.6053, 3.5372],
    [98.6203, 3.5244],
    [98.6248, 3.5226],
    [98.6063, 3.5413],
    [98.6432, 3.526],
    [98.6227, 3.5331],
    [98.6276, 3.5226],
    [98.6322, 3.5258],
    [98.6336, 3.5256],
    [98.6339, 3.5252],
    [98.6337, 3.5256],
    [98.6341, 3.5106],
    [98.6312, 3.5255],
    [98.6349, 3.5189],
    [98.6312, 3.5255],
    [98.6182, 3.5169],
    [98.6032, 3.5291],
    [98.6029, 3.5002],
    [98.6188, 3.5208],
    [98.6202, 3.5135],
    [98.602, 3.5385],
    [98.6017, 3.5402],
    [98.6297, 3.5162],
    [98.6299, 3.5228],
    [98.6359, 3.5226],
    [98.6351, 3.5233],
    [98.634, 3.525],
    [98.6329, 3.5142],
    [98.6291, 3.5139],
    [98.6429, 3.4908],
    [98.6028, 3.5415],
    [98.6351, 3.5187],
    [98.6196, 3.5233],
    [98.6064, 3.5414],
    [98.6209, 3.5133],
    [98.6202, 3.5135],
    [98.6063, 3.5406],
    [98.614, 3.5414],
    [98.6119, 3.5197],
    [98.6018, 3.496],
    [98.6018, 3.496],
    [98.6034, 3.4989],
    [98.6011, 3.5019],
    [98.6353, 3.5232],
    [98.6018, 3.496],
    [98.6395, 3.531],
    [98.6245, 3.5227],
    [98.6354, 3.5242],
    [98.6202, 3.5123],
    [98.6202, 3.5135],
    [98.6212, 3.5335],
    [98.6421, 3.5285],
    [98.6252, 3.5225],
    [98.5984, 3.492],
    [98.5997, 3.5419],
    [98.6018, 3.496],
    [98.6209, 3.5133],
    [98.6038, 3.541],
    [98.6, 3.542],
    [98.6053, 3.5356],
    [98.6255, 3.5243],
    [98.6202, 3.5123],
    [98.6202, 3.5135],
    [98.6309, 3.5336],
    [98.6202, 3.5135],
    [98.6202, 3.5135],
    [98.6202, 3.5135],
    [98.6209, 3.5133],
    [98.6202, 3.5135],
    [98.6209, 3.5133],
    [98.6202, 3.5135],
    [98.6305, 3.5281],
    [98.6047, 3.5298],
    [98.6202, 3.5135],
    [98.6113, 3.5315],
    [98.6216, 3.5131],
    [98.6175, 3.5175],
    [98.6202, 3.5135],
    [98.6202, 3.5135],
    [98.6202, 3.5135],
    [98.6329, 3.5124],
    [98.629, 3.514],
    [98.638, 3.5292],
    [98.6202, 3.5123],
    [98.6408, 3.5182],
    [98.6193, 3.5208],
    [98.6202, 3.5123],
    [98.6112, 3.5415],
    [98.6285, 3.524],
    [98.6463, 3.5032],
    [98.6248, 3.5226],
    [98.6156, 3.5089],
    [98.6421, 3.5285],
    [98.6005, 3.5002],
    [98.6421, 3.5285],
    [98.6202, 3.5135],
    [98.5961, 3.5407],
    [98.6202, 3.5123],
    [98.6202, 3.5123],
    [98.6202, 3.5135],
    [98.6202, 3.5123],
    [98.6209, 3.5133],
    [98.6202, 3.5135],
    [98.6322, 3.5242],
    [98.6436, 3.5314],
    [98.6351, 3.5233],
    [98.634, 3.5209],
    [98.6351, 3.5233],
    [98.6355, 3.5198],
    [98.6202, 3.5135],
    [98.6202, 3.5135],
    [98.638, 3.5292],
    [98.6216, 3.5131],
    [98.6326, 3.5087],
    [98.6209, 3.5133],
    [98.6378, 3.5254],
    [98.6312, 3.5255],
    [98.6032, 3.5291],
    [98.6202, 3.5135],
    [98.6216, 3.5131],
    [98.6199, 3.5287],
    [98.6215, 3.5289],
    [98.6063, 3.5413],
    [98.62, 3.5296],
    [98.6202, 3.5123],
    [98.6209, 3.5133],
    [98.6053, 3.5356],
    [98.6202, 3.5135],
    [98.6202, 3.5123],
    [98.6202, 3.5135],
    [98.6069, 3.5114],
    [98.6423, 3.5221],
    [98.6421, 3.5285],
    [98.6323, 3.5187],
    [98.6394, 3.53],
    [98.6202, 3.5135],
    [98.6197, 3.5259],
    [98.6284, 3.5244],
    [98.6202, 3.5135],
    [98.6322, 3.5136],
    [98.6255, 3.5244],
    [98.6209, 3.5133],
    [98.6202, 3.5123],
    [98.6202, 3.5135],
    [98.6202, 3.5135],
    [98.6202, 3.5135],
    [98.6202, 3.5123],
    [98.6378, 3.5293],
    [98.6337, 3.5211],
    [98.6192, 3.5196],
    [98.6363, 3.5222],
    [98.6202, 3.5135],
    [98.6291, 3.5143],
    [98.6133, 3.5085],
    [98.6202, 3.5135],
    [98.6291, 3.5143],
    [98.6202, 3.5135],
    [98.6202, 3.5123],
    [98.6202, 3.5135],
    [98.6202, 3.5123],
    [98.6209, 3.5133],
    [98.6202, 3.5135],
    [98.6209, 3.5133],
    [98.6209, 3.5133],
    [98.6202, 3.5135],
    [98.6222, 3.5372],
    [98.6174, 3.5286],
    [98.6202, 3.5135],
    [98.6202, 3.5135],
    [98.6205, 3.5353],
    [98.6215, 3.5289],
    [98.6202, 3.5135],
    [98.6167, 3.5271],
    [98.6196, 3.5233],
    [98.6202, 3.5123],
    [98.6202, 3.5135],
    [98.6202, 3.5135],
    [98.6309, 3.5189],
    [98.6202, 3.5135],
    [98.6202, 3.5123],
    [98.6198, 3.5299],
    [98.6048, 3.5258],
    [98.6421, 3.5285],
    [98.6052, 3.5373],
    [98.6305, 3.5182],
    [98.609, 3.5503],
    [98.6, 3.542],
    [98.6178, 3.5203],
    [98.6111, 3.5296],
    [98.6202, 3.5135],
    [98.6216, 3.5131],
    [98.6216, 3.5131],
    [98.6202, 3.5135],
    [98.6171, 3.5172],
    [98.6202, 3.5135],
    [98.6291, 3.5139],
    [98.6299, 3.5174],
    [98.6202, 3.5135],
    [98.642, 3.5308],
    [98.6202, 3.5135],
    [98.6311, 3.5098],
    [98.6133, 3.5085],
    [98.6209, 3.5133],
    [98.6026, 3.5415],
    [98.6271, 3.5332],
    [98.6202, 3.5135],
    [98.6021, 3.5415],
    [98.6133, 3.5085],
    [98.6209, 3.5133],
    [98.6202, 3.5135],
    [98.6202, 3.5135],
    [98.6202, 3.5135],
    [98.6202, 3.5135],
    [98.6202, 3.5135],
    [98.6202, 3.5135],
    [98.6216, 3.5131],
    [98.6399, 3.5315],
    [98.6293, 3.5169],
    [98.6339, 3.5229],
    [98.6202, 3.5135],
    [98.603, 3.5412],
    [98.6202, 3.5135],
    [98.6133, 3.5085],
    [98.6202, 3.5123],
    [98.6202, 3.5135],
    [98.6063, 3.5413],
    [98.6139, 3.5091],
    [98.6209, 3.5133],
    [98.6167, 3.5334],
    [98.5996, 3.5437],
    [98.6202, 3.5123],
    [98.6316, 3.5097],
    [98.616, 3.5164],
    [98.6463, 3.5032],
    [98.6169, 3.5334],
    [98.6421, 3.5285],
    [98.6018, 3.496],
    [98.63, 3.509],
    [98.6332, 3.5258],
    [98.6202, 3.5301],
    [98.6294, 3.516],
    [98.6202, 3.5135],
    [98.6335, 3.527],
    [98.6378, 3.5293],
    [98.6209, 3.5133],
    [98.6202, 3.5135],
    [98.6009, 3.4998],
    [98.639, 3.5201],
    [98.6026, 3.5276],
    [98.6334, 3.5304],
    [98.6202, 3.5135],
    [98.6202, 3.5135],
    [98.6133, 3.5146],
    [98.6173, 3.5331],
    [98.6136, 3.5423],
    [98.6356, 3.5284],
    [98.6212, 3.5332],
    [98.6063, 3.5413],
    [98.6344, 3.525],
    [98.6137, 3.5424],
    [98.6163, 3.541],
    [98.6497, 3.5064],
    [98.6099, 3.5187],
    [98.6063, 3.5413],
    [98.6053, 3.5356],
    [98.6216, 3.5259],
    [98.6345, 3.514],
    [98.6202, 3.5135],
    [98.6202, 3.5135],
    [98.6224, 3.5365],
    [98.638, 3.5292],
    [98.6351, 3.5233],
    [98.6357, 3.52],
    [98.6069, 3.5114],
    [98.6312, 3.5255],
    [98.6104, 3.5212],
    [98.6009, 3.5434],
    [98.6026, 3.5282],
    [98.6228, 3.5249],
    [98.6437, 3.4997],
    [98.6314, 3.5154],
    [98.6098, 3.5218],
    [98.6035, 3.5024],
    [98.6345, 3.5249],
    [98.6355, 3.5244],
    [98.6312, 3.5255],
    [98.6018, 3.496],
    [98.6092, 3.4997],
    [98.6307, 3.5166],
    [98.6318, 3.5257],
    [98.6338, 3.5252],
    [98.6359, 3.5203],
    [98.6355, 3.525],
    [98.6202, 3.5135],
    [98.6129, 3.5189],
    [98.6492, 3.5029],
    [98.6329, 3.5128],
    [98.6343, 3.5186],
    [98.6105, 3.54],
    [98.6423, 3.5221],
    [98.6179, 3.5181],
    [98.6224, 3.5372],
    [98.6363, 3.522],
    [98.633, 3.5264],
    [98.6278, 3.5258],
    [98.6161, 3.5155],
    [98.6221, 3.5361],
    [98.6215, 3.5336],
    [98.6359, 3.5214],
    [98.6131, 3.5162],
    [98.5996, 3.5437],
    [98.6356, 3.5226],
    [98.6159, 3.5086],
    [98.6371, 3.5286],
    [98.6364, 3.5221],
    [98.6321, 3.5271],
    [98.6106, 3.5182],
    [98.6291, 3.5139],
    [98.6328, 3.5148],
    [98.6397, 3.5301],
    [98.633, 3.5127],
    [98.6347, 3.5208],
    [98.6078, 3.4957],
    [98.6147, 3.5295],
    [98.6353, 3.5232],
    [98.6423, 3.5221],
    [98.6352, 3.5238],
    [98.6333, 3.5194],
    [98.6358, 3.5207],
    [98.6201, 3.5295],
    [98.6363, 3.5232],
    [98.6363, 3.5232],
    [98.6408, 3.5182],
    [98.6333, 3.5194],
    [98.6357, 3.5212],
    [98.6226, 3.5335],
    [98.6185, 3.5114],
    [98.6302, 3.5273],
    [98.6104, 3.5212],
    [98.6202, 3.5135],
    [98.6446, 3.5043],
    [98.6018, 3.496],
    [98.6199, 3.5251],
    [98.6126, 3.5196],
    [98.6333, 3.5155],
    [98.6409, 3.5303],
    [98.6398, 3.5299],
    [98.6369, 3.5248],
    [98.6202, 3.5123],
    [98.6187, 3.5193],
    [98.6306, 3.5176],
    [98.6408, 3.5182],
    [98.6216, 3.5259],
    [98.6306, 3.5176],
    [98.6211, 3.5327],
    [98.6177, 3.5174],
    [98.6219, 3.5321],
    [98.6202, 3.5135],
    [98.6202, 3.5237],
    [98.619, 3.5205],
    [98.6126, 3.5454],
    [98.6345, 3.5204],
    [98.6408, 3.5182],
    [98.6403, 3.5304],
    [98.6102, 3.5495],
    [98.6018, 3.496],
    [98.6432, 3.526],
    [98.6221, 3.5361],
    [98.6002, 3.4913],
    [98.6421, 3.5285],
    [98.6212, 3.5332],
    [98.6268, 3.5362],
    [98.6355, 3.5217],
    [98.6386, 3.5293],
    [98.6355, 3.5229],
    [98.6351, 3.5241],
    [98.6332, 3.526],
    [98.6357, 3.5213],
    [98.6327, 3.5152],
    [98.633, 3.5153],
    [98.6078, 3.5435],
    [98.6377, 3.529],
    [98.6463, 3.5032],
    [98.6326, 3.5123],
    [98.6046, 3.5395],
    [98.6333, 3.5194],
    [98.6008, 3.5422],
    [98.6234, 3.5244],
    [98.6299, 3.517],
    [98.6335, 3.5135],
    [98.6291, 3.5143],
    [98.6392, 3.5229],
    [98.6164, 3.5412],
    [98.6221, 3.5361],
    [98.6198, 3.5299],
    [98.6196, 3.5239],
    [98.6378, 3.5254],
    [98.6356, 3.5226],
    [98.6363, 3.522],
    [98.6355, 3.5198],
    [98.6366, 3.5285],
    [98.6421, 3.5285],
    [98.6319, 3.5157],
    [98.6295, 3.516],
    [98.6293, 3.5155],
    [98.6358, 3.5208],
    [98.6342, 3.5246],
    [98.6343, 3.5206],
    [98.6291, 3.5143],
    [98.6078, 3.5435],
    [98.6063, 3.5413],
    [98.6357, 3.5215],
    [98.6291, 3.5139],
    [98.6103, 3.5211],
    [98.6053, 3.5356],
    [98.6063, 3.5413],
    [98.6199, 3.5252],
    [98.62, 3.5227],
    [98.6233, 3.5278],
    [98.6336, 3.5256],
    [98.6363, 3.5222],
    [98.6392, 3.5229],
    [98.636, 3.5217],
    [98.6314, 3.5153],
    [98.6317, 3.5147],
    [98.6364, 3.5206],
    [98.6358, 3.5207],
    [98.6351, 3.5212],
    [98.6334, 3.5257],
    [98.637, 3.5289],
    [98.6291, 3.5143],
    [98.6389, 3.531],
    [98.6102, 3.5495],
    [98.6392, 3.5229],
    [98.6102, 3.5185],
    [98.6168, 3.5163],
    [98.633, 3.5127],
    [98.6216, 3.5259],
    [98.6126, 3.5353],
    [98.6092, 3.5269],
    [98.617, 3.5203],
    [98.6421, 3.5271],
    [98.6131, 3.5162],
    [98.6289, 3.5244],
    [98.6491, 3.5025],
    [98.6484, 3.5057],
    [98.6018, 3.496],
    [98.6334, 3.5109],
    [98.622, 3.5283],
    [98.614, 3.5414],
    [98.6227, 3.5328],
    [98.6333, 3.5194],
    [98.6355, 3.5198],
    [98.635, 3.5233],
    [98.6332, 3.5266],
    [98.6358, 3.5207],
    [98.6363, 3.522],
    [98.616, 3.5164],
    [98.6158, 3.5409],
    [98.6421, 3.5285],
    [98.6223, 3.5349],
    [98.6178, 3.5203],
    [98.6378, 3.5254],
    [98.638, 3.5292],
    [98.6278, 3.5258],
    [98.6228, 3.5331],
    [98.624, 3.5267],
    [98.6422, 3.5289],
    [98.6202, 3.5123],
    [98.6096, 3.4967],
    [98.638, 3.5292],
    [98.6335, 3.5263],
    [98.6187, 3.5269],
    [98.6068, 3.5482],
    [98.6112, 3.5268],
    [98.616, 3.5298],
    [98.6131, 3.5337],
    [98.6215, 3.5213],
    [98.6133, 3.5085],
    [98.6116, 3.5172],
    [98.6104, 3.5212],
    [98.6368, 3.5279],
    [98.6102, 3.5177],
    [98.621, 3.5334],
    [98.6292, 3.513],
    [98.6408, 3.5182],
    [98.6345, 3.5249],
    [98.6352, 3.5238],
    [98.6357, 3.5212],
    [98.6094, 3.5192],
    [98.6359, 3.5214],
    [98.6318, 3.5157],
    [98.6332, 3.5146],
    [98.6068, 3.5407],
    [98.6429, 3.5313],
    [98.6387, 3.5265],
    [98.6359, 3.5219],
    [98.6421, 3.5285],
    [98.6063, 3.5413],
    [98.6356, 3.5199],
    [98.635, 3.5232],
    [98.6355, 3.5218],
    [98.614, 3.5366],
    [98.6211, 3.5334],
    [98.6063, 3.5413],
    [98.6129, 3.5255],
    [98.6052, 3.536],
    [98.6419, 3.5316],
    [98.616, 3.5298],
    [98.6291, 3.5143],
    [98.6421, 3.5285],
    [98.619, 3.5203],
    [98.6226, 3.5335],
    [98.6443, 3.5319],
    [98.6354, 3.5276],
    [98.6357, 3.5218],
    [98.6308, 3.5178],
    [98.6104, 3.5212],
    [98.6105, 3.5447],
    [98.6351, 3.5233],
    [98.6339, 3.5182],
    [98.6175, 3.5175],
    [98.6357, 3.5216],
    [98.6334, 3.5065],
    [98.6044, 3.5432],
    [98.6421, 3.5285],
    [98.6202, 3.5135],
    [98.6095, 3.5197],
    [98.6097, 3.5399],
    [98.6422, 3.5289],
    [98.615, 3.5404],
    [98.6331, 3.5265],
    [98.6356, 3.5229],
    [98.633, 3.5153],
    [98.62, 3.5239],
    [98.6346, 3.5208],
    [98.6069, 3.5114],
    [98.6116, 3.5427],
    [98.6018, 3.496],
    [98.6421, 3.5285],
    [98.6018, 3.496],
    [98.6329, 3.5128],
    [98.6191, 3.5351],
    [98.6053, 3.5386],
    [98.6102, 3.5495],
    [98.6278, 3.5237],
    [98.6126, 3.5454],
    [98.6463, 3.5032],
    [98.6412, 3.5305],
    [98.6432, 3.526],
    [98.6306, 3.5243],
    [98.6333, 3.5263],
    [98.6412, 3.5305],
    [98.6419, 3.5316],
    [98.6198, 3.5299],
    [98.6251, 3.5332],
    [98.642, 3.5308],
    [98.6009, 3.4998],
    [98.6409, 3.5187],
    [98.6399, 3.5315],
    [98.6215, 3.5342],
    [98.6185, 3.5199],
    [98.6483, 3.5008],
    [98.6302, 3.5248],
    [98.6291, 3.5143],
    [98.6392, 3.5229],
    [98.6299, 3.5291],
    [98.6179, 3.5181],
    [98.6095, 3.5444],
    [98.6216, 3.5259],
    [98.6392, 3.5229],
    [98.6399, 3.5315],
    [98.6463, 3.5032],
    [98.6291, 3.5151],
    [98.633, 3.5127],
    [98.6127, 3.5286],
    [98.62, 3.5296],
    [98.6495, 3.5009],
    [98.6105, 3.4973],
    [98.5975, 3.4966],
    [98.6141, 3.5478],
    [98.6328, 3.5113],
    [98.638, 3.5292],
    [98.6343, 3.5092],
    [98.6033, 3.5303],
    [98.6513, 3.4992],
    [98.6069, 3.5459],
    [98.6321, 3.5131],
    [98.6307, 3.5081],
    [98.6219, 3.535],
    [98.606, 3.5307],
    [98.6074, 3.5474],
    [98.6305, 3.5113],
    [98.6333, 3.5194],
    [98.6424, 3.5276],
    [98.6386, 3.5293],
    [98.6358, 3.5207],
    [98.6292, 3.5268],
    [98.6333, 3.5234],
    [98.6122, 3.5246],
    [98.6354, 3.5149],
    [98.6063, 3.5466],
    [98.6056, 3.5155],
    [98.6063, 3.5413],
    [98.6333, 3.5093],
    [98.6185, 3.5312],
    [98.5986, 3.5409],
    [98.6119, 3.5197],
    [98.6005, 3.5002],
    [98.6116, 3.5414],
    [98.6118, 3.5014],
    [98.6147, 3.54],
    [98.6122, 3.5302],
    [98.6351, 3.5233],
    [98.6363, 3.5232],
    [98.6327, 3.5111],
    [98.6167, 3.5188],
    [98.6147, 3.5472],
    [98.6327, 3.5143],
    [98.6116, 3.5172],
    [98.619, 3.5203],
    [98.6081, 3.5226],
    [98.5964, 3.5407],
    [98.6116, 3.5427],
    [98.6469, 3.4978],
    [98.6321, 3.5128],
    [98.6247, 3.5304],
    [98.6344, 3.5058],
    [98.6385, 3.5254],
    [98.6339, 3.5229],
    [98.6306, 3.5176],
    [98.6423, 3.5221],
    [98.6179, 3.5181],
    [98.6117, 3.5497],
    [98.6029, 3.5431],
    [98.6122, 3.5246],
    [98.6078, 3.5435],
    [98.6032, 3.5291],
    [98.6446, 3.5043],
    [98.6185, 3.5114],
    [98.6123, 3.5152],
    [98.6029, 3.5431],
    [98.6185, 3.5114],
    [98.6408, 3.5182],
    [98.6358, 3.5207],
    [98.6248, 3.5231],
    [98.6116, 3.5414],
    [98.6122, 3.5302],
    [98.616, 3.5298],
    [98.6329, 3.5265],
    [98.6435, 3.4951],
    [98.6492, 3.4972],
    [98.6491, 3.5025],
    [98.6086, 3.5184],
    [98.609, 3.5411],
    [98.6116, 3.5427],
    [98.6116, 3.5427],
    [98.6231, 3.5351],
    [98.6248, 3.5231],
    [98.6254, 3.5332],
    [98.6102, 3.5495],
    [98.6334, 3.5065],
    [98.6078, 3.5435],
    [98.6219, 3.535],
    [98.6122, 3.5302],
    [98.6063, 3.5413],
    [98.608, 3.5492],
    [98.6155, 3.5193],
    [98.6172, 3.5167],
    [98.6122, 3.5237],
    [98.6063, 3.5413],
    [98.6377, 3.5198],
    [98.6116, 3.5414],
    [98.6028, 3.5194],
    [98.5964, 3.5407],
    [98.6091, 3.5475],
    [98.6254, 3.5332],
    [98.6432, 3.526],
    [98.6078, 3.5435],
    [98.638, 3.5292],
    [98.6219, 3.535],
    [98.6392, 3.5229],
    [98.6116, 3.5427],
    [98.6316, 3.5171],
    [98.6129, 3.543],
    [98.6185, 3.5114],
    [98.624, 3.5355],
    [98.6148, 3.5454],
    [98.6143, 3.5169],
    [98.6306, 3.5296],
    [98.603, 3.5412],
    [98.6057, 3.5369],
    [98.617, 3.536],
    [98.6197, 3.5488],
    [98.6277, 3.5361],
    [98.6351, 3.5233],
    [98.6158, 3.5071],
    [98.6116, 3.5172],
    [98.616, 3.5298],
    [98.614, 3.5414],
    [98.6185, 3.5114],
    [98.6164, 3.5462],
    [98.6493, 3.5058],
    [98.6384, 3.5194],
    [98.6148, 3.5454],
    [98.6276, 3.5294],
    [98.6117, 3.5497],
    [98.6024, 3.496],
    [98.6197, 3.5488],
    [98.6116, 3.5172],
    [98.6116, 3.5172],
    [98.6317, 3.5147],
    [98.6317, 3.5293],
    [98.6248, 3.5226],
    [98.6216, 3.5259],
    [98.608, 3.5492],
    [98.6133, 3.5085],
    [98.617, 3.536],
    [98.616, 3.5298],
    [98.6178, 3.5203],
    [98.6104, 3.5212],
    [98.6085, 3.5441],
    [98.6127, 3.5256],
    [98.5964, 3.5407],
    [98.6116, 3.5427],
    [98.6255, 3.5252],
    [98.6086, 3.5184],
    [98.612, 3.5169],
    [98.6063, 3.5413],
    [98.6078, 3.5435],
    [98.6311, 3.5098],
    [98.6293, 3.513],
    [98.6078, 3.5435],
    [98.616, 3.5298],
    [98.6057, 3.5369],
    [98.616, 3.5298],
    [98.6119, 3.5495],
    [98.6333, 3.5084],
    [98.6463, 3.5032],
    [98.6216, 3.5259],
    [98.6196, 3.5233],
    [98.6012, 3.5237],
    [98.6162, 3.5091],
    [98.6078, 3.5433],
    [98.5964, 3.5407],
    [98.6312, 3.5169],
    [98.6317, 3.5325],
    [98.6335, 3.512],
    [98.6137, 3.5117],
    [98.6159, 3.5086],
    [98.6317, 3.5097],
    [98.6063, 3.5413],
    [98.6159, 3.5086],
    [98.6068, 3.5478],
    [98.6116, 3.5414],
    [98.6349, 3.5209],
    [98.633, 3.5127],
    [98.6317, 3.5325],
    [98.6047, 3.5298],
    [98.6328, 3.5118],
    [98.6144, 3.5325],
    [98.6351, 3.5233],
    [98.6491, 3.5025],
    [98.6351, 3.5174],
    [98.617, 3.536],
    [98.6082, 3.5411],
    [98.6199, 3.5287],
    [98.6063, 3.5413],
    [98.6179, 3.5181],
    [98.6118, 3.545],
    [98.6305, 3.5167],
    [98.6245, 3.5352],
    [98.6116, 3.5427],
    [98.6322, 3.5252],
    [98.6185, 3.5312],
    [98.6122, 3.5302],
    [98.6316, 3.5135],
    [98.6155, 3.5193],
    [98.6138, 3.5266],
    [98.6292, 3.516],
    [98.634, 3.5098],
    [98.6346, 3.5214],
    [98.6058, 3.5452],
    [98.634, 3.5098],
    [98.6423, 3.5221],
    [98.6221, 3.5361],
    [98.6189, 3.5214],
    [98.6005, 3.5002],
    [98.6053, 3.4946],
    [98.6347, 3.5208],
    [98.6241, 3.5305],
    [98.6084, 3.5411],
    [98.608, 3.5492],
    [98.6186, 3.519],
    [98.6102, 3.5436],
    [98.6423, 3.5221],
    [98.6063, 3.5413],
    [98.6102, 3.541],
    [98.6197, 3.5488],
    [98.6372, 3.5208],
    [98.6075, 3.5226],
    [98.6129, 3.5255],
    [98.6095, 3.5247],
    [98.6392, 3.5229],
    [98.6317, 3.5325],
    [98.6141, 3.5459],
    [98.6343, 3.5262],
    [98.6141, 3.5478],
    [98.6122, 3.5302],
    [98.6333, 3.5194],
    [98.6197, 3.5488],
    [98.6392, 3.5229],
    [98.6053, 3.5395],
    [98.6063, 3.5413],
    [98.6197, 3.5488],
    [98.6078, 3.5435],
    [98.6273, 3.5361],
    [98.6108, 3.4983],
    [98.6171, 3.5336],
    [98.6136, 3.5423],
    [98.6122, 3.5166],
    [98.6343, 3.5134],
    [98.6179, 3.5181],
    [98.6334, 3.5065],
    [98.5994, 3.5269],
    [98.6078, 3.5469],
    [98.6149, 3.511],
    [98.6129, 3.5255],
    [98.6104, 3.5212],
    [98.6029, 3.5274],
    [98.6432, 3.526],
    [98.608, 3.5492],
    [98.6215, 3.5131],
    [98.6333, 3.5194],
    [98.6124, 3.5214],
    [98.6299, 3.5291],
    [98.6063, 3.5413],
    [98.6078, 3.5433],
    [98.6435, 3.5334],
    [98.6179, 3.5311],
    [98.6057, 3.5456],
    [98.6126, 3.5266],
    [98.6305, 3.5113],
    [98.6178, 3.5203],
    [98.612, 3.5402],
    [98.6334, 3.5065],
    [98.6248, 3.5231],
    [98.5964, 3.5407],
    [98.615, 3.5404],
    [98.6126, 3.5287],
    [98.6121, 3.5327],
    [98.6104, 3.5212],
    [98.6063, 3.5413],
    [98.5964, 3.5407],
    [98.6356, 3.5205],
    [98.6221, 3.5361],
    [98.6219, 3.535],
    [98.609, 3.5503],
    [98.6268, 3.5366],
    [98.6116, 3.5424],
    [98.6248, 3.5231],
    [98.6208, 3.5261],
    [98.616, 3.5298],
    [98.615, 3.5252],
    [98.6104, 3.5212],
    [98.608, 3.5492],
    [98.6063, 3.5413],
    [98.6053, 3.5356],
    [98.6131, 3.5349],
    [98.6414, 3.5309],
    [98.6378, 3.5254],
    [98.632, 3.5175],
    [98.6085, 3.5441],
    [98.6069, 3.5104],
    [98.5975, 3.4966],
    [98.6185, 3.5312],
    [98.6178, 3.5203],
    [98.6289, 3.5134],
    [98.6063, 3.5413],
    [98.6115, 3.5461],
    [98.6336, 3.5261],
    [98.6116, 3.5172],
    [98.6085, 3.5441],
    [98.6126, 3.5353],
    [98.6197, 3.5488],
    [98.5996, 3.5438],
    [98.6339, 3.5252],
    [98.6013, 3.4948],
    [98.6108, 3.4983],
    [98.6495, 3.5009],
    [98.6311, 3.5098],
    [98.6316, 3.5139],
    [98.6184, 3.5241],
    [98.6142, 3.5445],
    [98.6024, 3.543],
    [98.6268, 3.5366],
    [98.6122, 3.5246],
    [98.615, 3.5252],
    [98.6228, 3.535],
    [98.6505, 3.504],
    [98.6061, 3.5166],
    [98.6044, 3.5421],
    [98.6176, 3.5287],
    [98.61, 3.5236],
    [98.6171, 3.5275],
    [98.6312, 3.5255],
    [98.631, 3.5174],
    [98.6179, 3.5311],
    [98.6116, 3.5172],
    [98.633, 3.5127],
    [98.6236, 3.5279],
    [98.6126, 3.5266],
    [98.6309, 3.5084],
    [98.6397, 3.5194],
    [98.6085, 3.5441],
    [98.608, 3.5492],
    [98.6102, 3.5495],
    [98.6047, 3.5298],
    [98.6193, 3.5209],
    [98.6331, 3.5069],
    [98.6171, 3.5248],
    [98.6091, 3.5475],
    [98.6066, 3.5444],
    [98.6253, 3.5351],
    [98.6018, 3.496],
    [98.62, 3.5302],
    [98.6309, 3.5089],
    [98.6305, 3.5292],
    [98.616, 3.5298],
    [98.6078, 3.5435],
    [98.627, 3.5255],
    [98.6057, 3.538],
    [98.6012, 3.5237],
    [98.6429, 3.5274],
    [98.6112, 3.5171],
    [98.6333, 3.5093],
    [98.6122, 3.5302],
    [98.6292, 3.516],
    [98.6156, 3.5176],
    [98.6322, 3.5136],
    [98.6197, 3.5488],
    [98.6208, 3.5331],
    [98.633, 3.5127],
    [98.6236, 3.5279],
    [98.6364, 3.5208],
    [98.6063, 3.5413],
    [98.6358, 3.5207],
    [98.6323, 3.5092],
    [98.6078, 3.5433],
    [98.631, 3.5176],
    [98.6378, 3.5207],
    [98.6484, 3.5056],
    [98.6429, 3.4908],
    [98.6169, 3.5334],
    [98.6057, 3.538],
    [98.6199, 3.5287],
    [98.6129, 3.5255],
    [98.6122, 3.5302],
    [98.6085, 3.5441],
    [98.6248, 3.5363],
    [98.6421, 3.5271],
    [98.6429, 3.4908],
    [98.6351, 3.5233],
    [98.6116, 3.5427],
    [98.6338, 3.509],
    [98.6189, 3.5204],
    [98.6046, 3.5365],
    [98.6172, 3.5328],
    [98.6291, 3.5155],
    [98.6495, 3.5009],
    [98.6358, 3.5207],
    [98.6331, 3.5079],
    [98.6039, 3.5413],
    [98.6108, 3.4983],
    [98.6078, 3.5435],
    [98.6063, 3.5413],
    [98.632, 3.5093],
    [98.6102, 3.5438],
    [98.6078, 3.5435],
    [98.615, 3.5404],
    [98.6095, 3.5503],
    [98.6169, 3.5334],
    [98.6142, 3.508],
    [98.632, 3.508],
    [98.6305, 3.5292],
    [98.6378, 3.5303],
    [98.6185, 3.5114],
    [98.6495, 3.5009],
    [98.6219, 3.535],
    [98.5968, 3.4933],
    [98.6293, 3.5158],
    [98.603, 3.5412],
    [98.6408, 3.5182],
    [98.6435, 3.4951],
    [98.6116, 3.5172],
    [98.617, 3.5321],
    [98.6129, 3.5255],
    [98.6125, 3.5333],
    [98.6268, 3.5366],
    [98.6335, 3.512],
    [98.6005, 3.5394],
    [98.6329, 3.5094],
    [98.6463, 3.5032],
    [98.632, 3.5175],
    [98.6317, 3.5325],
    [98.6357, 3.5189],
    [98.6311, 3.5098],
    [98.6061, 3.5411],
    [98.6399, 3.5315],
    [98.6337, 3.5211],
    [98.6115, 3.5502],
    [98.6179, 3.5181],
    [98.6127, 3.5349],
    [98.6343, 3.5277],
    [98.6236, 3.5318],
    [98.6316, 3.5103],
    [98.6123, 3.5286],
    [98.615, 3.5252],
    [98.6131, 3.5047],
    [98.6392, 3.5229],
    [98.6012, 3.5237],
    [98.6158, 3.5065],
    [98.6228, 3.5249],
    [98.6053, 3.5463],
    [98.6194, 3.5209],
    [98.6097, 3.5399],
    [98.615, 3.5248],
    [98.6323, 3.5081],
    [98.6408, 3.5182],
    [98.6092, 3.4997],
    [98.6078, 3.5278],
    [98.6025, 3.4932],
    [98.6082, 3.5411],
    [98.6078, 3.5435],
    [98.6399, 3.5315],
    [98.6139, 3.5454],
    [98.6351, 3.5233],
    [98.6221, 3.5361],
    [98.6145, 3.5284],
    [98.6147, 3.5472],
    [98.6463, 3.5032],
    [98.6217, 3.5345],
    [98.617, 3.536],
    [98.6023, 3.5394],
    [98.6358, 3.5207],
    [98.6085, 3.5441],
    [98.6409, 3.5302],
    [98.6032, 3.5291],
    [98.6134, 3.5428],
    [98.6336, 3.5059],
    [98.633, 3.5069],
    [98.6159, 3.5086],
    [98.6215, 3.5335],
    [98.6248, 3.5226],
    [98.6005, 3.5394],
    [98.5975, 3.4966],
    [98.6116, 3.5414],
    [98.6331, 3.5093],
    [98.6313, 3.5102],
    [98.6326, 3.5123],
    [98.6143, 3.5306],
    [98.6248, 3.5231],
    [98.5964, 3.5407],
    [98.6158, 3.5071],
    [98.6332, 3.5096],
    [98.6295, 3.5151],
    [98.6317, 3.5147],
    [98.6107, 3.5411],
    [98.6223, 3.5361],
    [98.6095, 3.5197],
    [98.5994, 3.5269],
    [98.6063, 3.5413],
    [98.6063, 3.5413],
    [98.6277, 3.5352],
    [98.5961, 3.5407],
    [98.6437, 3.4997],
    [98.6341, 3.517],
    [98.6152, 3.5252],
    [98.633, 3.5127],
    [98.6378, 3.5254],
    [98.6495, 3.5009],
    [98.6116, 3.5427],
    [98.6387, 3.5268],
    [98.6063, 3.5413],
    [98.6187, 3.5319],
    [98.6179, 3.5181],
    [98.6047, 3.5298],
    [98.6063, 3.5413],
    [98.6305, 3.5258],
    [98.5964, 3.5407],
    [98.608, 3.5492],
    [98.6319, 3.5182],
    [98.6306, 3.5176],
    [98.6072, 3.5428],
    [98.5964, 3.5407],
    [98.6142, 3.5017],
    [98.6005, 3.5002],
    [98.6129, 3.5255],
    [98.6116, 3.5414],
    [98.6285, 3.5169],
    [98.6053, 3.5356],
    [98.6185, 3.5114],
    [98.6083, 3.5235],
    [98.6112, 3.5265],
    [98.6306, 3.5113],
    [98.6276, 3.5239],
    [98.5964, 3.5407],
    [98.6119, 3.5197],
    [98.6041, 3.5412],
    [98.6199, 3.5287],
    [98.6248, 3.5231],
    [98.6175, 3.5217],
    [98.6306, 3.5142],
    [98.6289, 3.5144],
    [98.6037, 3.5148],
    [98.6132, 3.5414],
    [98.6369, 3.5248],
    [98.6159, 3.5084],
    [98.6046, 3.544],
    [98.6005, 3.5002],
    [98.6198, 3.5299],
    [98.6104, 3.5212],
    [98.6112, 3.5268],
    [98.6339, 3.5134],
    [98.633, 3.5127],
    [98.6335, 3.512],
    [98.6138, 3.5266],
    [98.6179, 3.5181],
    [98.6141, 3.5478],
    [98.6392, 3.5229],
    [98.6078, 3.5435],
    [98.6121, 3.5327],
    [98.6282, 3.5291],
    [98.6063, 3.5413],
    [98.6176, 3.5287],
    [98.6146, 3.5294],
    [98.6122, 3.5246],
    [98.6122, 3.5302],
    [98.6178, 3.5179],
    [98.6103, 3.5411],
    [98.6116, 3.5427],
    [98.6248, 3.5231],
    [98.6174, 3.5165],
    [98.6065, 3.5423],
    [98.6053, 3.5356],
    [98.6317, 3.5334],
    [98.6078, 3.5435],
    [98.6104, 3.5212],
    [98.6483, 3.5008],
    [98.6141, 3.5263],
    [98.6298, 3.5251],
    [98.6308, 3.5185],
    [98.6318, 3.5138],
    [98.6326, 3.5123],
    [98.6144, 3.5308],
    [98.6005, 3.5002],
    [98.6122, 3.5302],
    [98.612, 3.5276],
    [98.6126, 3.5281],
    [98.6314, 3.5152],
    [98.6047, 3.5432],
    [98.6201, 3.5274],
    [98.6121, 3.5327],
    [98.6037, 3.5148],
    [98.632, 3.5172],
    [98.6178, 3.5203],
    [98.5985, 3.5432],
    [98.6167, 3.5334],
    [98.6399, 3.5315],
    [98.6167, 3.5101],
    [98.6248, 3.5231],
    [98.6326, 3.5123],
    [98.6305, 3.5113],
    [98.625, 3.5268],
    [98.6311, 3.5098],
    [98.6377, 3.5198],
    [98.6333, 3.5128],
    [98.6338, 3.5068],
    [98.6147, 3.5105],
    [98.6138, 3.5481],
    [98.619, 3.5205],
    [98.6285, 3.5153],
    [98.6092, 3.4997],
    [98.6129, 3.5497],
    [98.6388, 3.5298],
    [98.6005, 3.5002],
    [98.6225, 3.5251],
    [98.6316, 3.5135],
    [98.6509, 3.4984],
    [98.6392, 3.5229],
    [98.6299, 3.5181],
    [98.6105, 3.54],
    [98.6111, 3.5256],
    [98.6031, 3.5277],
    [98.6233, 3.5278],
    [98.6063, 3.5413],
    [98.6087, 3.5403],
    [98.6116, 3.5427],
    [98.6116, 3.5427],
    [98.6095, 3.5503],
    [98.6325, 3.5086],
    [98.6317, 3.5334],
    [98.6293, 3.5171],
    [98.6116, 3.5172],
    [98.6307, 3.5199],
    [98.6257, 3.523],
    [98.6113, 3.5315],
    [98.6083, 3.5285],
    [98.615, 3.5252],
    [98.6057, 3.538],
    [98.6383, 3.5288],
    [98.6012, 3.5237],
    [98.6159, 3.5155],
    [98.6369, 3.5248],
    [98.6305, 3.5113],
    [98.6331, 3.5084],
    [98.6177, 3.5057],
    [98.617, 3.536],
    [98.6278, 3.5258],
    [98.6351, 3.5233],
    [98.6129, 3.543],
    [98.6166, 3.5197],
    [98.6197, 3.5488],
    [98.6323, 3.5089],
    [98.6401, 3.4981],
    [98.6151, 3.5138],
    [98.6351, 3.5268],
    [98.6203, 3.5238],
    [98.5986, 3.5409],
    [98.6387, 3.5312],
    [98.6145, 3.5316],
    [98.6171, 3.517],
    [98.6305, 3.5161],
    [98.6037, 3.5148],
    [98.6111, 3.5256],
    [98.6321, 3.5281],
    [98.6339, 3.5127],
    [98.616, 3.5298],
    [98.6078, 3.5435],
    [98.6179, 3.5181],
    [98.6141, 3.5478],
    [98.6005, 3.5394],
    [98.6078, 3.5435],
    [98.6216, 3.5259],
    [98.633, 3.5127],
    [98.6116, 3.5414],
    [98.6326, 3.5087],
    [98.6169, 3.5334],
    [98.6005, 3.5002],
    [98.6078, 3.5435],
    [98.6292, 3.516],
    [98.6047, 3.5298],
    [98.612, 3.5276],
    [98.632, 3.5175],
    [98.6248, 3.5226],
    [98.6325, 3.5086],
    [98.5996, 3.5438],
    [98.6372, 3.5215],
    [98.6041, 3.5412],
    [98.5975, 3.4966],
    [98.633, 3.5193],
    [98.638, 3.5191],
    [98.608, 3.5492],
    [98.6063, 3.5251],
    [98.6279, 3.5369],
    [98.6348, 3.5265],
    [98.608, 3.5492],
    [98.6291, 3.5139],
    [98.6078, 3.5435],
    [98.6063, 3.5413],
    [98.609, 3.5411],
    [98.6134, 3.5238],
    [98.5992, 3.5009],
    [98.6408, 3.5182],
    [98.6216, 3.5259],
    [98.6443, 3.5319],
    [98.6248, 3.5231],
    [98.6133, 3.5085],
    [98.6278, 3.5258],
    [98.6317, 3.5334],
    [98.6341, 3.5104],
    [98.6248, 3.536],
    [98.6367, 3.5284],
    [98.615, 3.5252],
    [98.6323, 3.5146],
    [98.5986, 3.5409],
    [98.6118, 3.5006],
    [98.608, 3.5253],
    [98.6116, 3.5172],
    [98.617, 3.536],
    [98.6014, 3.4947],
    [98.6345, 3.5204],
    [98.6145, 3.5331],
    [98.6248, 3.5231],
    [98.6354, 3.5265],
    [98.6013, 3.4948],
    [98.6329, 3.5195],
    [98.6408, 3.5182],
    [98.634, 3.5107],
    [98.6322, 3.5164],
    [98.6104, 3.5212],
    [98.6095, 3.5503],
    [98.6185, 3.5312],
    [98.6331, 3.5146],
    [98.631, 3.5109],
    [98.6285, 3.5169],
    [98.6063, 3.5413],
    [98.6116, 3.5427],
    [98.6282, 3.5241],
    [98.62, 3.5257],
    [98.6216, 3.5259],
    [98.6063, 3.5413],
    [98.633, 3.5156],
    [98.6116, 3.5414],
    [98.6104, 3.5274],
    [98.6372, 3.5215],
    [98.6432, 3.526],
    [98.6409, 3.5304],
    [98.6343, 3.5103],
    [98.612, 3.5495],
    [98.6126, 3.515],
    [98.6037, 3.5148],
    [98.6491, 3.5025],
    [98.6133, 3.5085],
    [98.6063, 3.5413],
    [98.5964, 3.5407],
    [98.6047, 3.5298],
    [98.6364, 3.5213],
    [98.6463, 3.5032],
    [98.634, 3.513],
    [98.6408, 3.5182],
    [98.6332, 3.5091],
    [98.617, 3.536],
    [98.6121, 3.5476],
    [98.6196, 3.5488],
    [98.6012, 3.5237],
    [98.6278, 3.5237],
    [98.6285, 3.5149],
    [98.6167, 3.5334],
    [98.6078, 3.5435],
    [98.6349, 3.5128],
    [98.6341, 3.5142],
    [98.6371, 3.5203],
    [98.6087, 3.5403],
    [98.6231, 3.5351],
    [98.6078, 3.5433],
    [98.6251, 3.5332],
    [98.6216, 3.5259],
    [98.6317, 3.5126],
    [98.6057, 3.5453],
    [98.6153, 3.5328],
    [98.6368, 3.523],
    [98.6158, 3.5071],
    [98.6309, 3.5105],
    [98.6308, 3.511],
    [98.6358, 3.5207],
    [98.6102, 3.5495],
    [98.6116, 3.5427],
    [98.6126, 3.5408],
    [98.6332, 3.5103],
    [98.6136, 3.5423],
    [98.633, 3.5127],
    [98.6351, 3.5212],
    [98.6012, 3.5237],
    [98.6168, 3.5163],
    [98.6012, 3.5237],
    [98.6213, 3.5246],
    [98.609, 3.5411],
    [98.6102, 3.5495],
    [98.6314, 3.5154],
    [98.6326, 3.5123],
    [98.608, 3.5492],
    [98.6058, 3.5452],
    [98.6343, 3.5134],
    [98.6317, 3.5325],
    [98.5986, 3.5409],
    [98.6116, 3.5414],
    [98.6092, 3.545],
    [98.6323, 3.5113],
    [98.6171, 3.5304],
    [98.609, 3.5235],
    [98.6047, 3.5298],
    [98.6359, 3.5226],
    [98.6092, 3.4997],
    [98.5971, 3.541],
    [98.6282, 3.5356],
    [98.6313, 3.5255],
    [98.6122, 3.5302],
    [98.651, 3.5007],
    [98.6155, 3.5338],
    [98.6182, 3.5302],
    [98.6129, 3.5255],
    [98.61, 3.5425],
    [98.6109, 3.5038],
    [98.6251, 3.5332],
    [98.6316, 3.5139],
    [98.6338, 3.5182],
    [98.6378, 3.523],
    [98.609, 3.5411],
    [98.6199, 3.5287],
    [98.6442, 3.4978],
    [98.6343, 3.5105],
    [98.6122, 3.5302],
    [98.6063, 3.5413],
    [98.6308, 3.518],
    [98.6216, 3.5259],
    [98.6216, 3.5259],
    [98.6289, 3.5165],
    [98.6065, 3.5423],
    [98.6118, 3.5176],
    [98.6122, 3.5302],
    [98.6093, 3.5192],
    [98.633, 3.5127],
    [98.6155, 3.534],
    [98.6167, 3.5334],
    [98.6116, 3.5427],
    [98.617, 3.536],
    [98.6334, 3.5065],
    [98.6089, 3.5409],
    [98.6112, 3.5265],
    [98.6013, 3.4938],
    [98.6132, 3.5288],
    [98.6005, 3.5394],
    [98.6333, 3.5175],
    [98.6163, 3.5165],
    [98.6357, 3.5213],
    [98.6047, 3.5298],
    [98.5986, 3.5409],
    [98.5985, 3.5432],
    [98.603, 3.5412],
    [98.6137, 3.5248],
    [98.6368, 3.5279],
    [98.6179, 3.5181],
    [98.6208, 3.5334],
    [98.6081, 3.5413],
    [98.6116, 3.5427],
    [98.6351, 3.5212],
    [98.6116, 3.5427],
    [98.6214, 3.5266],
    [98.6318, 3.5171],
    [98.6406, 3.5212],
    [98.6057, 3.5369],
    [98.6177, 3.5282],
    [98.6085, 3.5441],
    [98.6117, 3.5497],
    [98.6392, 3.5229],
    [98.62, 3.5227],
    [98.631, 3.5137],
    [98.6343, 3.5092],
    [98.6116, 3.5172],
    [98.6058, 3.5452],
    [98.6248, 3.5226],
    [98.6378, 3.5303],
    [98.6105, 3.4973],
    [98.6287, 3.5143],
    [98.6245, 3.5338],
    [98.6153, 3.5253],
    [98.6141, 3.5083],
    [98.6341, 3.5142],
    [98.6323, 3.5146],
    [98.6313, 3.5101],
    [98.6145, 3.5275],
    [98.6432, 3.526],
    [98.6058, 3.5452],
    [98.632, 3.5175],
    [98.6295, 3.5224],
    [98.6322, 3.5136],
    [98.616, 3.5298],
    [98.6446, 3.5043],
    [98.6129, 3.5255],
    [98.608, 3.5492],
    [98.6314, 3.5153],
    [98.6063, 3.5413],
    [98.6047, 3.5298],
    [98.6166, 3.5318],
    [98.6138, 3.5314],
    [98.6408, 3.5182],
    [98.6178, 3.5203],
    [98.6145, 3.5242],
    [98.6141, 3.5351],
    [98.6076, 3.5006],
    [98.6347, 3.5071],
    [98.6231, 3.5351],
    [98.6219, 3.535],
    [98.6025, 3.5246],
    [98.6451, 3.5225],
    [98.638, 3.5292],
    [98.6505, 3.504],
    [98.6063, 3.5413],
    [98.6248, 3.5226],
    [98.6399, 3.5315],
    [98.6394, 3.5308],
    [98.6235, 3.5341],
    [98.6349, 3.5128],
    [98.6044, 3.5422],
    [98.632, 3.509],
    [98.6327, 3.5103],
    [98.6321, 3.5255],
    [98.6104, 3.5212],
    [98.6078, 3.5435],
    [98.6078, 3.5435],
    [98.6371, 3.5203],
    [98.6078, 3.5433],
    [98.6371, 3.5203],
    [98.6216, 3.5259],
    [98.6063, 3.5413],
    [98.6335, 3.512],
    [98.608, 3.5492],
    [98.6351, 3.5233],
    [98.6033, 3.5303],
    [98.6169, 3.5334],
    [98.608, 3.5492],
    [98.6139, 3.5118],
    [98.6092, 3.4997],
    [98.6033, 3.5303],
    [98.6358, 3.5207],
    [98.6303, 3.5185],
    [98.6351, 3.5233],
    [98.6203, 3.5238],
    [98.6372, 3.5215],
    [98.6078, 3.5435],
    [98.6309, 3.5084],
    [98.6338, 3.5113],
    [98.617, 3.5248],
    [98.6317, 3.5147],
    [98.6159, 3.5086],
    [98.6378, 3.5303],
    [98.6495, 3.5009],
    [98.6057, 3.538],
    [98.6078, 3.5435],
    [98.6408, 3.5182],
    [98.6002, 3.544],
    [98.6472, 3.5076],
    [98.6451, 3.5225],
    [98.6046, 3.5281],
    [98.6334, 3.5149],
    [98.6169, 3.5334],
    [98.6323, 3.5292],
    [98.6216, 3.5259],
    [98.6116, 3.5427],
    [98.6053, 3.5356],
    [98.6172, 3.5205],
    [98.6432, 3.526],
    [98.6399, 3.5315],
    [98.6334, 3.5065],
    [98.612, 3.5024],
    [98.6332, 3.5139],
    [98.6305, 3.5113],
    [98.6078, 3.5435],
    [98.6432, 3.526],
    [98.608, 3.5492],
    [98.6313, 3.5102],
    [98.6006, 3.5269],
    [98.6159, 3.5086],
    [98.615, 3.5404],
    [98.6169, 3.5334],
    [98.6144, 3.5308],
    [98.6057, 3.5369],
    [98.6408, 3.5182],
    [98.633, 3.5127],
    [98.6085, 3.5441],
    [98.6115, 3.5461],
    [98.633, 3.5127],
    [98.6413, 3.5309],
    [98.6085, 3.5441],
    [98.6353, 3.5232],
    [98.6162, 3.5091],
    [98.6051, 3.5393],
    [98.6334, 3.5151],
    [98.6029, 3.5273],
    [98.6004, 3.4911],
    [98.6011, 3.5019],
    [98.6057, 3.538],
    [98.6288, 3.5288],
    [98.6122, 3.5302],
    [98.6296, 3.5129],
    [98.6185, 3.5114],
    [98.6122, 3.5302],
    [98.6165, 3.5162],
    [98.6116, 3.5427],
    [98.6342, 3.5204],
    [98.633, 3.5127],
    [98.6156, 3.5147],
    [98.6197, 3.5488],
    [98.6295, 3.5224],
    [98.6244, 3.5352],
    [98.6248, 3.5226],
    [98.6063, 3.5413],
    [98.6216, 3.5259],
    [98.6046, 3.5395],
    [98.6327, 3.5299],
    [98.6248, 3.5231],
    [98.6179, 3.5181],
    [98.6123, 3.5413],
    [98.6022, 3.5241],
    [98.6248, 3.5231],
    [98.6343, 3.5264],
    [98.6171, 3.5248],
    [98.6081, 3.5426],
    [98.6312, 3.5255],
    [98.6333, 3.5194],
    [98.6023, 3.5262],
    [98.608, 3.5492],
    [98.6388, 3.5298],
    [98.6421, 3.5297],
    [98.6035, 3.5024],
    [98.6009, 3.4998],
    [98.6009, 3.4998],
    [98.6246, 3.5325],
    [98.6278, 3.5258],
    [98.628, 3.5259],
    [98.6505, 3.504],
    [98.6491, 3.5025],
    [98.6492, 3.4972],
    [98.6455, 3.4981],
    [98.6104, 3.5239],
    [98.6104, 3.5212],
    [98.6116, 3.5172],
    [98.6005, 3.5002],
    [98.6018, 3.496],
    [98.6018, 3.496],
    [98.6018, 3.496],
    [98.6063, 3.5413],
    [98.6006, 3.5411],
    [98.6063, 3.5413],
    [98.5996, 3.5438],
    [98.6093, 3.5464],
    [98.6063, 3.5413],
    [98.6053, 3.5356],
    [98.6042, 3.5323],
    [98.6069, 3.5374],
    [98.6171, 3.5287],
    [98.6216, 3.5259],
    [98.6162, 3.5162],
    [98.6215, 3.5289],
    [98.6239, 3.5291],
    [98.6392, 3.5229],
    [98.638, 3.5195],
    [98.6357, 3.5189],
    [98.6347, 3.5206],
    [98.6333, 3.5194],
    [98.6303, 3.5198],
    [98.6307, 3.5199],
    [98.6333, 3.5154],
    [98.6311, 3.5148],
    [98.6309, 3.5109],
    [98.6334, 3.5117],
    [98.6337, 3.5104],
    [98.6336, 3.5101],
    [98.634, 3.5073],
    [98.6063, 3.5413],
    [98.6063, 3.5413],
    [98.6408, 3.5182],
    [98.6342, 3.5237],
    [98.6421, 3.5271],
    [98.6063, 3.5413],
    [98.6069, 3.5114],
    [98.6426, 3.5324],
    [98.6324, 3.5146],
    [98.6063, 3.5413],
    [98.6337, 3.5126],
    [98.6392, 3.5229],
    [98.6094, 3.5494],
    [98.6144, 3.5225],
    [98.6201, 3.5287],
    [98.6326, 3.5123],
    [98.6495, 3.5009],
    [98.6104, 3.5212],
    [98.6005, 3.5002],
    [98.6113, 3.5315],
    [98.6072, 3.5424],
    [98.6209, 3.5133],
    [98.6133, 3.5085],
    [98.6209, 3.5133],
    [98.6209, 3.5133],
    [98.6202, 3.5123],
    [98.6202, 3.5123],
    [98.6202, 3.5123],
    [98.6202, 3.5135],
    [98.6209, 3.5133],
    [98.6209, 3.5133],
    [98.6209, 3.5133],
    [98.6202, 3.5123],
    [98.6202, 3.5135],
    [98.6035, 3.5411],
    [98.6171, 3.5172],
    [98.6133, 3.5085],
    [98.6202, 3.5135],
    [98.6209, 3.5133],
    [98.6209, 3.5133],
    [98.6209, 3.5133],
    [98.6202, 3.5123],
    [98.6133, 3.5085],
    [98.6209, 3.5133],
    [98.6209, 3.5133],
    [98.6202, 3.5123],
    [98.6202, 3.5123],
    [98.6209, 3.5133],
    [98.6209, 3.5133],
    [98.6209, 3.5133],
    [98.6202, 3.5135],
    [98.6202, 3.5123],
    [98.6142, 3.5017],
    [98.6142, 3.5017],
    [98.6005, 3.5002],
    [98.6034, 3.4989],
    [98.6005, 3.5002],
    [98.6421, 3.5285],
    [98.6292, 3.5137],
    [98.6202, 3.5123],
    [98.6202, 3.5135],
    [98.6133, 3.5085],
    [98.6202, 3.5135],
    [98.6209, 3.5133],
    [98.6202, 3.5123],
    [98.6202, 3.5135],
    [98.6202, 3.5135],
    [98.6209, 3.5133],
    [98.6209, 3.5133],
    [98.6202, 3.5123],
    [98.6209, 3.5133],
    [98.6202, 3.5123],
    [98.6202, 3.5135],
    [98.6202, 3.5135],
    [98.6202, 3.5135],
    [98.616, 3.5164],
    [98.6168, 3.5163],
    [98.6168, 3.5163],
    [98.6182, 3.5169],
    [98.6058, 3.5148],
    [98.6209, 3.5133],
    [98.6202, 3.5123],
    [98.6216, 3.5131],
    [98.6202, 3.5135],
    [98.6202, 3.5135],
    [98.6202, 3.5135],
    [98.6133, 3.5085],
    [98.6209, 3.5133],
    [98.6202, 3.5123],
    [98.6202, 3.5123],
    [98.6282, 3.5291],
    [98.6302, 3.5273],
    [98.6302, 3.5273],
    [98.628, 3.5259],
    [98.6334, 3.5304],
    [98.616, 3.5298],
    [98.6495, 3.5009],
    [98.6463, 3.5032],
    [98.6491, 3.5025],
    [98.6491, 3.5025],
    [98.6029, 3.5273],
    [98.6104, 3.5212],
    [98.6116, 3.5172],
    [98.6189, 3.5206],
    [98.6119, 3.5197],
    [98.6023, 3.541],
    [98.6041, 3.5411],
    [98.6063, 3.5413],
    [98.6078, 3.5435],
    [98.6063, 3.5413],
    [98.6078, 3.5435],
    [98.6216, 3.5259],
    [98.6197, 3.5259],
    [98.6189, 3.5287],
    [98.6199, 3.5206],
    [98.6215, 3.5338],
    [98.6215, 3.5289],
    [98.6283, 3.5268],
    [98.6063, 3.5413],
    [98.6078, 3.5435],
    [98.6063, 3.5413],
    [98.6063, 3.5413],
    [98.6063, 3.5413],
    [98.6063, 3.5413],
    [98.602, 3.5397],
    [98.6063, 3.5413],
    [98.6053, 3.5356],
    [98.6006, 3.5411],
    [98.6063, 3.5413],
    [98.603, 3.5412],
    [98.609, 3.5411],
    [98.6017, 3.5412],
    [98.6063, 3.5413],
    [98.6102, 3.5431],
    [98.6063, 3.5413],
    [98.6063, 3.5413],
    [98.6063, 3.5413],
    [98.6063, 3.5413],
    [98.6078, 3.5435],
    [98.6052, 3.5424],
    [98.6048, 3.542],
    [98.6291, 3.5143],
    [98.6291, 3.5143],
    [98.6291, 3.5143],
    [98.6291, 3.5143],
    [98.6292, 3.516],
    [98.6291, 3.5143],
    [98.6291, 3.5143],
    [98.6291, 3.5143],
    [98.6408, 3.5182],
    [98.6408, 3.5182],
    [98.6408, 3.5182],
    [98.6292, 3.5121],
    [98.6326, 3.5131],
    [98.633, 3.5127],
    [98.634, 3.5107],
    [98.632, 3.508],
    [98.6351, 3.5233],
    [98.6331, 3.526],
    [98.6351, 3.5233],
    [98.6351, 3.5233],
    [98.6351, 3.52],
    [98.6371, 3.52],
    [98.6365, 3.5197],
    [98.633, 3.5197],
    [98.6325, 3.5202],
    [98.6306, 3.5186],
    [98.6314, 3.5225],
    [98.6343, 3.5134],
    [98.6291, 3.5143],
    [98.6291, 3.5139],
    [98.6291, 3.5143],
    [98.6291, 3.5143],
    [98.6423, 3.5221],
    [98.6401, 3.5303],
    [98.6432, 3.526],
    [98.6389, 3.5267],
    [98.6295, 3.5248],
    [98.638, 3.5292],
    [98.637, 3.5274],
    [98.6354, 3.5265],
    [98.6178, 3.5203],
    [98.6421, 3.5271],
    [98.6223, 3.5216],
    [98.6233, 3.5278],
    [98.6319, 3.5282],
    [98.6321, 3.5271],
    [98.6005, 3.5002],
    [98.6052, 3.5424],
    [98.6078, 3.5435],
    [98.6063, 3.5413],
    [98.6063, 3.5413],
    [98.6063, 3.5413],
    [98.6063, 3.5413],
    [98.6053, 3.5356],
    [98.6016, 3.5429],
    [98.6039, 3.5427],
    [98.6127, 3.5497],
    [98.6063, 3.5413],
    [98.6053, 3.5356],
    [98.6047, 3.5298],
    [98.6326, 3.5087],
    [98.6052, 3.5424],
    [98.6052, 3.5424],
    [98.6052, 3.5424],
    [98.6052, 3.5424],
    [98.6098, 3.5413],
    [98.6078, 3.5435],
    [98.6394, 3.532],
    [98.6209, 3.5133],
    [98.6209, 3.5133],
    [98.6209, 3.5133],
    [98.6209, 3.5133],
    [98.6162, 3.5091],
    [98.6162, 3.5091],
    [98.6035, 3.5024],
    [98.6009, 3.4998],
    [98.6018, 3.496],
    [98.6018, 3.496],
    [98.6018, 3.496],
    [98.6063, 3.5413],
    [98.6161, 3.5245],
    [98.6144, 3.5225],
    [98.616, 3.5298],
    [98.6254, 3.5244],
    [98.6258, 3.5289],
    [98.6302, 3.5273],
    [98.6308, 3.5295],
    [98.6385, 3.5284],
    [98.6463, 3.5032],
    [98.6491, 3.5025],
    [98.6116, 3.5172],
    [98.6104, 3.5212],
    [98.6064, 3.5125],
    [98.6351, 3.5233],
    [98.6378, 3.5207],
    [98.6327, 3.5176],
    [98.6306, 3.5192],
    [98.6307, 3.5182],
    [98.6321, 3.5127],
    [98.6338, 3.509],
    [98.6336, 3.5247],
    [98.6334, 3.5065],
    [98.6078, 3.5435],
    [98.6052, 3.5424],
    [98.6178, 3.5203],
    [98.6421, 3.5271],
    [98.6421, 3.5271],
    [98.5984, 3.544],
    [98.6005, 3.5002],
    [98.6005, 3.5002],
    [98.6159, 3.5086],
    [98.6495, 3.5009],
    [98.6104, 3.5212],
    [98.6089, 3.5222],
    [98.6116, 3.5172],
    [98.6125, 3.5179],
    [98.6144, 3.5145],
    [98.6058, 3.5148],
    [98.6137, 3.5117],
    [98.6137, 3.5117],
    [98.6141, 3.5083],
    [98.6092, 3.4997],
    [98.6142, 3.5017],
    [98.6109, 3.5012],
    [98.6029, 3.5002],
    [98.6063, 3.5413],
    [98.6009, 3.5419],
    [98.6053, 3.5356],
    [98.6165, 3.5297],
    [98.6153, 3.5328],
    [98.6129, 3.5255],
    [98.616, 3.5298],
    [98.6199, 3.5287],
    [98.6222, 3.5223],
    [98.6248, 3.5226],
    [98.6326, 3.5123],
    [98.6302, 3.5273],
    [98.6288, 3.5268],
    [98.6278, 3.5258],
    [98.6319, 3.5182],
    [98.6318, 3.5187],
    [98.632, 3.5199],
    [98.632, 3.5199],
    [98.6284, 3.5171],
    [98.6339, 3.5167],
    [98.6291, 3.5139],
    [98.6301, 3.5119],
    [98.6317, 3.5131],
    [98.633, 3.5127],
    [98.6319, 3.5078],
    [98.6327, 3.5087],
    [98.6334, 3.5065],
    [98.6078, 3.5435],
    [98.6063, 3.5413],
    [98.6436, 3.5328],
    [98.6384, 3.5287],
    [98.6287, 3.5245],
    [98.638, 3.5277],
    [98.6351, 3.5233],
    [98.6365, 3.5218],
    [98.636, 3.5216],
    [98.6359, 3.5212],
    [98.6141, 3.5083],
    [98.6178, 3.5203],
    [98.6354, 3.5257],
    [98.6121, 3.5491],
    [98.6049, 3.5207],
    [98.6116, 3.5172],
    [98.6158, 3.5071],
    [98.6009, 3.4998],
    [98.6332, 3.5153],
    [98.6221, 3.537],
    [98.6169, 3.5334],
    [98.6222, 3.5332],
    [98.6278, 3.5258],
    [98.6076, 3.52],
    [98.6119, 3.5197],
    [98.6063, 3.5411],
    [98.6058, 3.5311],
    [98.6129, 3.5255],
    [98.6254, 3.5244],
    [98.6076, 3.52],
    [98.6421, 3.5285],
    [98.6141, 3.5083],
    [98.6018, 3.496],
    [98.6492, 3.5029],
    [98.6319, 3.5182],
    [98.6291, 3.5139],
    [98.6334, 3.5065],
    [98.6063, 3.5413],
    [98.6041, 3.531],
    [98.6329, 3.5263],
    [98.6327, 3.5129],
    [98.6122, 3.5175],
    [98.6005, 3.5002],
    [98.6375, 3.5215],
    [98.6392, 3.5229],
    [98.632, 3.52],
    [98.6161, 3.5409],
    [98.6063, 3.5413],
    [98.6083, 3.5503],
    [98.6111, 3.5296],
    [98.6167, 3.5274],
    [98.6199, 3.5287],
    [98.6216, 3.5259],
    [98.6303, 3.5288],
    [98.6188, 3.5183],
    [98.609, 3.5503],
    [98.6064, 3.5125],
    [98.6162, 3.5091],
    [98.6299, 3.5226],
    [98.6342, 3.5208],
    [98.6355, 3.5185],
    [98.6043, 3.5414],
    [98.6159, 3.5086],
    [98.6005, 3.5002],
    [98.6216, 3.5259],
    [98.6347, 3.5206],
    [98.6047, 3.5298],
    [98.6178, 3.5203],
    [98.6215, 3.5289],
    [98.6354, 3.5199],
    [98.6392, 3.5229],
    [98.6278, 3.5258],
    [98.6209, 3.5133],
    [98.6133, 3.5085],
    [98.6133, 3.5085],
    [98.6133, 3.5085],
    [98.6018, 3.496],
    [98.6394, 3.532],
    [98.629, 3.5142],
    [98.6329, 3.5128],
    [98.616, 3.5298],
    [98.6248, 3.5226],
    [98.6185, 3.5312],
    [98.6278, 3.5258],
    [98.6334, 3.5304],
    [98.6186, 3.519],
    [98.6495, 3.5009],
    [98.6209, 3.5133],
    [98.6209, 3.5133],
    [98.6209, 3.5133],
    [98.6202, 3.5123],
    [98.6209, 3.5133],
    [98.6423, 3.5221],
    [98.6423, 3.5221],
    [98.6423, 3.5221],
    [98.6423, 3.5221],
    [98.6423, 3.5221],
    [98.6423, 3.5221],
    [98.6423, 3.5221],
    [98.6415, 3.5295],
    [98.6335, 3.5263],
    [98.6363, 3.5223],
    [98.6392, 3.5229],
    [98.6351, 3.5187],
    [98.6322, 3.5176],
    [98.6299, 3.5179],
    [98.6292, 3.516],
    [98.6291, 3.5155],
    [98.6423, 3.5221],
    [98.642, 3.5311],
    [98.6166, 3.5289],
    [98.6326, 3.5123],
    [98.6095, 3.5197],
    [98.6162, 3.5091],
    [98.6038, 3.541],
    [98.6126, 3.5408],
    [98.599, 3.5414],
    [98.6389, 3.5267],
    [98.6423, 3.4831],
    [98.6351, 3.5233],
    [98.6382, 3.5284],
    [98.6304, 3.53],
    [98.6024, 3.543],
    [98.614, 3.5414],
    [98.6013, 3.5437],
    [98.6214, 3.5266],
    [98.6047, 3.5298],
    [98.6287, 3.5136],
    [98.6316, 3.5097],
    [98.6297, 3.5162],
    [98.6293, 3.5169],
    [98.6322, 3.5113],
    [98.6322, 3.5136],
    [98.6254, 3.5332],
    [98.6163, 3.5157],
    [98.6118, 3.5318],
    [98.6296, 3.5126],
    [98.6178, 3.5203],
    [98.6159, 3.5155],
    [98.6113, 3.5232],
    [98.6011, 3.5256],
    [98.6078, 3.5435],
    [98.6312, 3.5166],
    [98.6291, 3.5139],
    [98.6354, 3.5149],
    [98.6331, 3.5084],
    [98.6331, 3.5079],
    [98.6318, 3.5146],
    [98.6348, 3.5144],
    [98.6387, 3.5265],
    [98.6318, 3.5146],
    [98.6156, 3.5169],
    [98.6075, 3.5434],
    [98.6164, 3.5155],
    [98.6159, 3.5086],
    [98.6268, 3.5366],
    [98.619, 3.5205],
    [98.6313, 3.5073],
    [98.6357, 3.5189],
    [98.6346, 3.5124],
    [98.6318, 3.5146],
    [98.6323, 3.5113],
    [98.6053, 3.4946],
    [98.6326, 3.5148],
    [98.6163, 3.5165],
    [98.6065, 3.5385],
    [98.617, 3.5483],
    [98.617, 3.5483],
    [98.614, 3.5348],
    [98.6063, 3.5413],
    [98.5991, 3.5412],
    [98.6145, 3.54],
    [98.6219, 3.535],
    [98.6287, 3.5136],
    [98.6144, 3.5325],
    [98.6322, 3.5136],
    [98.6491, 3.5025],
    [98.6435, 3.4951],
    [98.6463, 3.5032],
    [98.6429, 3.4908],
    [98.6506, 3.5009],
    [98.6005, 3.5002],
    [98.6075, 3.5226],
    [98.6172, 3.5277],
    [98.6137, 3.5481],
    [98.6044, 3.5424],
    [98.608, 3.5492],
    [98.6102, 3.5495],
    [98.608, 3.5492],
    [98.613, 3.5272],
    [98.6129, 3.5255],
    [98.6122, 3.5302],
    [98.6117, 3.5237],
    [98.6119, 3.5497],
    [98.6317, 3.5325],
    [98.6125, 3.5333],
    [98.6279, 3.535],
    [98.6305, 3.5113],
    [98.6305, 3.5113],
    [98.6145, 3.54],
    [98.6102, 3.541],
    [98.6063, 3.5413],
    [98.5964, 3.5407],
    [98.5964, 3.5407],
    [98.5964, 3.5407],
    [98.5964, 3.5407],
    [98.6116, 3.5427],
    [98.609, 3.5411],
    [98.6078, 3.5435],
    [98.5964, 3.5407],
    [98.6121, 3.5424],
    [98.6197, 3.5488],
    [98.6078, 3.5435],
    [98.6116, 3.5495],
    [98.6063, 3.5413],
    [98.6108, 3.4983],
    [98.6044, 3.5432],
    [98.6392, 3.5232],
    [98.6031, 3.5277],
    [98.6029, 3.5273],
    [98.6185, 3.5114],
    [98.6343, 3.5105],
    [98.6343, 3.5092],
    [98.6337, 3.5101],
    [98.6216, 3.5259],
    [98.6179, 3.5311],
    [98.6216, 3.5259],
    [98.6167, 3.5334],
    [98.6216, 3.5259],
    [98.6344, 3.5071],
    [98.6028, 3.5194],
    [98.6419, 3.5325],
    [98.6012, 3.5236],
    [98.6027, 3.5234],
    [98.6061, 3.5166],
    [98.6324, 3.5138],
    [98.6323, 3.5146],
    [98.6137, 3.5265],
    [98.6074, 3.5474],
    [98.6091, 3.5475],
    [98.633, 3.5192],
    [98.6329, 3.5187],
    [98.6215, 3.5344],
    [98.6057, 3.5369],
    [98.6208, 3.5261],
    [98.6216, 3.5259],
    [98.6221, 3.5361],
    [98.6221, 3.5361],
    [98.616, 3.5298],
    [98.616, 3.5298],
    [98.6214, 3.5266],
    [98.6304, 3.5212],
    [98.6331, 3.5159],
    [98.6323, 3.5092],
    [98.6089, 3.5199],
    [98.6057, 3.5369],
    [98.6107, 3.5474],
    [98.6325, 3.5078],
    [98.6318, 3.5171],
    [98.6102, 3.5495],
    [98.6197, 3.5488],
    [98.6085, 3.5441],
    [98.6078, 3.5433],
    [98.6219, 3.535],
    [98.6216, 3.5259],
    [98.6085, 3.5441],
    [98.6122, 3.5302],
    [98.6397, 3.5194],
    [98.6059, 3.5381],
    [98.6078, 3.5435],
    [98.6197, 3.5488],
    [98.6118, 3.5318],
    [98.614, 3.5244],
    [98.6022, 3.545],
    [98.6312, 3.5255],
    [98.6312, 3.5166],
    [98.6346, 3.5124],
    [98.6336, 3.5261],
    [98.6287, 3.5136],
    [98.6387, 3.5265],
    [98.6413, 3.5309],
    [98.6342, 3.5171],
    [98.6078, 3.5435],
    [98.6057, 3.5369],
    [98.6174, 3.5165],
    [98.6164, 3.5462],
    [98.624, 3.5355],
    [98.6397, 3.5194],
    [98.6023, 3.5394],
    [98.6023, 3.5394],
    [98.6023, 3.5394],
    [98.6323, 3.5303],
    [98.6246, 3.5326],
    [98.6255, 3.5252],
    [98.6209, 3.5133],
    [98.6178, 3.5203],
    [98.6098, 3.5413],
    [98.6023, 3.5394],
    [98.6314, 3.5237],
    [98.6209, 3.5133],
    [98.6209, 3.5133],
    [98.6209, 3.5133],
    [98.6132, 3.5055],
    [98.638, 3.5292],
    [98.6209, 3.5133],
    [98.6342, 3.5246],
    [98.614, 3.546],
    [98.6248, 3.5231],
    [98.6076, 3.5175],
    [98.6133, 3.5085]
  ]
}
