{
  "type": "FeatureCollection",
  "properties": [
    ["id","nama_usaha","alamat","jenis_peta","kecamatan","kelurahan_desa","sls","blok_sensus","telepon","kbli_kategori","sumber_data"],
    ["65","Lin Salon","Jl. Brigjend Katamso No.789","prelist","MEDAN MAIMUN","KAMPUNG BARU","LINGKUNGAN 1","","","S. Aktivitas Jasa Lainnya","Gmaps + SBR"],
    ["66","Efi Salon Multatuli","Jl. Komp. Multatuli Indah Blk. F No.6","prelist","MEDAN MAIMUN","A U R","LINGKUNGAN 10","","","S. Aktivitas Jasa Lainnya","Gmaps + SBR"],
    ["67","BUMI CLEAN","Jl. Brigjend Katamso No.453","prelist","MEDAN MAIMUN","SEI MATI","LINGKUNGAN 6","","0853-7131-8318","S. Aktivitas Jasa Lainnya","Gmaps + SBR"],
    ["81","Klinik Dermatologi","Jl. Brigjend Katamso No.683 D","prelist","MEDAN MAIMUN","KAMPUNG BARU","LINGKUNGAN 19","","(061) 7874291","Q. Jasa Kesehatan dan Kegiatan Sosial","Gmaps + SBR"],
    ["82","Klinik Fisioterapi Manual","Jl. Brigjend Katamso No.37 - A","prelist","MEDAN MAIMUN","A U R","LINGKUNGAN 8","","(061) 4579453","Q. Jasa Kesehatan dan Kegiatan Sosial","Gmaps + SBR"],
    ["83","Oriskin Medan Juanda","Jl. Ir. H. Juanda No.3E","prelist","MEDAN MAIMUN","SUKARAJA","LINGKUNGAN 5","","(061) 88817490","Q. Jasa Kesehatan dan Kegiatan Sosial","Gmaps + SBR"],
    ["84","Puskesmas Kampung Baru","Jl. Ps. Senen","prelist","MEDAN MAIMUN","KAMPUNG BARU","LINGKUNGAN 4","","","Q. Jasa Kesehatan dan Kegiatan Sosial","Gmaps + SBR"],
    ["85","Apotik Sukaraja","Jl. Brigjend Katamso No.82C","prelist","MEDAN MAIMUN","SUKARAJA","LINGKUNGAN 5","","(061) 4519955","Q. Jasa Kesehatan dan Kegiatan Sosial","Gmaps + SBR"],
    ["86","Apotik Parinduri","Jl. Brigjend Katamso No.351","prelist","MEDAN MAIMUN","SEI MATI","LINGKUNGAN 3","","0853-6019-1855","Q. Jasa Kesehatan dan Kegiatan Sosial","Gmaps + SBR"],
    ["87","Apotik Agung","Jl. Brigjend Katamso No.246","prelist","MEDAN MAIMUN","SEI MATI","LINGKUNGAN 10","","","Q. Jasa Kesehatan dan Kegiatan Sosial","Gmaps + SBR"],
    ["88","Family Dental Clinic","Jalan Brigjend Katamso Komplek Istana Prima No.C6","prelist","MEDAN MAIMUN","SEI MATI","LINGKUNGAN 9","","0823-6099-1334","Q. Jasa Kesehatan dan Kegiatan Sosial","Gmaps + SBR"],
    ["89","Century Franchisindo Utama. PT","Jl. Brigjend Katamso No.242","prelist","MEDAN MAIMUN","SEI MATI","LINGKUNGAN 10","","(061) 7882371","Q. Jasa Kesehatan dan Kegiatan Sosial","Gmaps + SBR"],
    ["90","K2 Karaoke Keluarga","Kompleks Multatuli Jl. H. Misbah No.60","prelist","MEDAN MAIMUN","HAMDAN","LINGKUNGAN 1","","(061) 4575055","R. Kesenian, Hiburan dan Rekreasi","Gmaps + SBR"],
    ["91","Masterpiece Signature Family KTV","Jl. Multatuli No.30","prelist","MEDAN MAIMUN","HAMDAN","LINGKUNGAN 5","","(061) 4555890","R. Kesenian, Hiburan dan Rekreasi","Gmaps + SBR"],
    ["93","UD. YUS TANJUNG","Jl. Brigjend Katamso No.503","prelist","MEDAN MAIMUN","SEI MATI","LINGKUNGAN 6","","0813-6177-8451","R. Kesenian, Hiburan dan Rekreasi","Gmaps + SBR"],
    ["94","Victoria","Jl. Letjen Suprapto No.3 L","prelist","MEDAN MAIMUN","A U R","LINGKUNGAN 4","","(061) 4513785","R. Kesenian, Hiburan dan Rekreasi","Gmaps + SBR"],
    ["95","Fitness City Hotel Danau Toba","Jl. Imam Bonjol","prelist","MEDAN MAIMUN","HAMDAN","LINGKUNGAN 10","","","R. Kesenian, Hiburan dan Rekreasi","Gmaps + SBR"],
    ["96","Sir Salon Juanda","Jl. Ir. H. Juanda No.49","prelist","MEDAN MAIMUN","SUKARAJA","LINGKUNGAN 5","","0822-7605-7314","S. Aktivitas Jasa Lainnya","Gmaps + SBR"],
    ["97","Paud Harapan Bangsa Gemilang","Jl. Syah Bandar No.23","prelist","MEDAN MAIMUN","A U R","LINGKUNGAN 4","","0878-6849-4411","P. Pendidikan","Gmaps + SBR"],
    ["98","Aurora Ballet Centre","Komplek Multatuli Indah Lestari Blok G/15","prelist","MEDAN MAIMUN","A U R","LINGKUNGAN 10","","(061) 4514045","P. Pendidikan","Gmaps + SBR"],
    ["99","Eureka Bimbingan Belajar","Jl. Komp. Multatuli Indah Blok A/8","prelist","MEDAN MAIMUN","A U R","LINGKUNGAN 10","","(061) 4531264","P. Pendidikan","Gmaps + SBR"],
    ["100","Caterpillar Playhouse & Library","Jl. Samanhudi No.12","prelist","MEDAN MAIMUN","J A T I","LINGKUNGAN 1","","0851-5532-0220","P. Pendidikan","Gmaps + SBR"],
    ["101","PAUD SAHABAT RABBANI","Jl. Brigjend Katamso Gg. Indra No.4","prelist","MEDAN MAIMUN","KAMPUNG BARU","LINGKUNGAN 20","","","P. Pendidikan","Gmaps + SBR"],
    ["102","KM STUDIO","Jl. Komp. Multatuli Indah Jl: Haji Misbah Blok G No: 3 & 4","prelist","MEDAN MAIMUN","A U R","LINGKUNGAN 10","","0811-6076-612","P. Pendidikan","Gmaps + SBR"],
    ["103","RA. IBUNDA","Gg. Jeruk","prelist","MEDAN MAIMUN","KAMPUNG BARU","LINGKUNGAN 10","","0813-6161-0372","P. Pendidikan","Gmaps + SBR"],
    ["104","Artha Mandiri","Jl. Suka Mulia No.06","prelist","MEDAN MAIMUN","A U R","LINGKUNGAN 6","","(061) 4514084","P. Pendidikan","Gmaps + SBR"],
    ["105","RSIA Stella Maris Medan","Jl. Samanhudi No.20","prelist","MEDAN MAIMUN","J A T I","LINGKUNGAN 1","","(061) 4158383","Q. Jasa Kesehatan dan Kegiatan Sosial","Gmaps + SBR"],
    ["109","Klinik Sahabat","Jl. Brigjend Katamso No.11","prelist","MEDAN MAIMUN","KAMPUNG BARU","LINGKUNGAN 19","","0813-6224-1184","Q. Jasa Kesehatan dan Kegiatan Sosial","Gmaps + SBR"],
    ["110","Klinik Pratama Anata Kasih","Jl. Brigjend Katamso No.45 B","prelist","MEDAN MAIMUN","A U R","LINGKUNGAN 8","","0815-3354-321","Q. Jasa Kesehatan dan Kegiatan Sosial","Gmaps + SBR"],
    ["111","Teratai Medical Centre","Jl. Brigjend Katamso No.585A","prelist","MEDAN MAIMUN","KAMPUNG BARU","LINGKUNGAN 20","","(061) 7876889","Q. Jasa Kesehatan dan Kegiatan Sosial","Gmaps + SBR"],
    ["112","Klinik Pratama Sam","Jl. Ps. Senen","prelist","MEDAN MAIMUN","KAMPUNG BARU","LINGKUNGAN 4","","0812-6052-802","Q. Jasa Kesehatan dan Kegiatan Sosial","Gmaps + SBR"],
    ["113","Hoo Yee ??","Jl. Palang Merah No.20-21","prelist","MEDAN MAIMUN","A U R","LINGKUNGAN 6","","(061) 4537123","I. Penyediaan Akomodasi dan Makan Minum","Gmaps + SBR"],
    ["114","Brothers Cafe","Jl. Suryo No.9","prelist","MEDAN MAIMUN","J A T I","LINGKUNGAN 1","","(061) 4155053","I. Penyediaan Akomodasi dan Makan Minum","Gmaps + SBR"],
    ["115","Coffee Box Palang Merah","Jl. Suka Mulia No.A - 7","prelist","MEDAN MAIMUN","A U R","LINGKUNGAN 6","","(061) 4558177","I. Penyediaan Akomodasi dan Makan Minum","Gmaps + SBR"],
    ["116","Common Folks","Jl. H. Misbah No.18","prelist","MEDAN MAIMUN","HAMDAN","LINGKUNGAN 6","","0821-6778-8882","I. Penyediaan Akomodasi dan Makan Minum","Gmaps + SBR"],
    ["117","RUMAH MAKAN KAK YUS","Jl. Multatuli No.24","prelist","MEDAN MAIMUN","HAMDAN","LINGKUNGAN 1","","0812-6389-963","I. Penyediaan Akomodasi dan Makan Minum","Gmaps + SBR"],
    ["118","Warkop Agem Senyum Ketawa","Jl. H. Misbah No.14","prelist","MEDAN MAIMUN","HAMDAN","LINGKUNGAN 7","","","I. Penyediaan Akomodasi dan Makan Minum","Gmaps + SBR"],
    ["119","SMP Global Prima Medan","Jl. Brigjend Katamso No.282-383","prelist","MEDAN MAIMUN","SEI MATI","LINGKUNGAN 1","","(061) 4556090","P. Pendidikan","Gmaps + SBR"],
    ["120","SMP NEGERI 2 MEDAN","Jl. Brigjend Katamso","prelist","MEDAN MAIMUN","KAMPUNG BARU","LINGKUNGAN 11","","(061) 7867928","P. Pendidikan","Gmaps + SBR"],
    ["121","SD Santo Yoseph 1 Jl. Pemuda No. 3 A Medan","Jl. Pemuda No.3 A","prelist","MEDAN MAIMUN","A U R","LINGKUNGAN 7","","(061) 4512686","P. Pendidikan","Gmaps + SBR"],
    ["122","SMP Santo Yoseph Pemuda Medan","Jl. Pemuda No.3A","prelist","MEDAN MAIMUN","A U R","LINGKUNGAN 7","","(061) 4567486","P. Pendidikan","Gmaps + SBR"],
    ["123","Warkop Iwan","Jl. H. Misbah No.14D","prelist","MEDAN MAIMUN","HAMDAN","LINGKUNGAN 7","","0822-7280-7128","I. Penyediaan Akomodasi dan Makan Minum","Gmaps + SBR"],
    ["126","Smp Surya Didik Bangsa","Jl. Samanhudi No.1 B","prelist","MEDAN MAIMUN","HAMDAN","LINGKUNGAN 6","","","P. Pendidikan","Gmaps + SBR"],
    ["127","Sakamoto Method Medan - Multatuli Centre","Jl. Multatuli Indah Blok Bb No. 34","prelist","MEDAN MAIMUN","HAMDAN","LINGKUNGAN 1","","(061) 4566425","P. Pendidikan","Gmaps + SBR"],
    ["128","Sekolah masyarakat","Jl. Ir. H. Juanda No.56B","prelist","MEDAN MAIMUN","SUKARAJA","LINGKUNGAN 5","","0877-1388-1007","P. Pendidikan","Gmaps + SBR"],
    ["129","Toba Total PT","Jl. Komp. Multatuli Indah No.7 Blok B","prelist","MEDAN MAIMUN","A U R","LINGKUNGAN 10","","(061) 4158843","H. Transportasi dan Pergudangan","Gmaps + SBR"],
    ["130","Harini Mandiri. PT","MKU Building, 3rd Floor, JL Kol Sugiono 3-C, Medan, 20151, A U R, Medan Maimun, Medan City, North Sumatra 20212","prelist","MEDAN MAIMUN","A U R","LINGKUNGAN 5","","(061) 4515599","H. Transportasi dan Pergudangan","Gmaps + SBR"],
    ["131","Hotel Danau Toba International","Jl. Imam Bonjol No.17","prelist","MEDAN MAIMUN","HAMDAN","LINGKUNGAN 10","","(061) 4157000","I. Penyediaan Akomodasi dan Makan Minum","Gmaps + SBR"],
    ["132","E Hotel Medan","Jl. Ir. H. Juanda No.3C","prelist","MEDAN MAIMUN","SUKARAJA","LINGKUNGAN 4","","0813-8627-8696","I. Penyediaan Akomodasi dan Makan Minum","Gmaps + SBR"],
    ["133","RM Minang Jasa Baru","Jl. Brigjend Katamso No.122","prelist","MEDAN MAIMUN","SUKARAJA","LINGKUNGAN 6","","(061) 4531659","I. Penyediaan Akomodasi dan Makan Minum","Gmaps + SBR"],
    ["134","RM. Gumarang Jaya","Jl. Brigjend Katamso No.27-29","prelist","MEDAN MAIMUN","A U R","LINGKUNGAN 8","","0811-6068-778","I. Penyediaan Akomodasi dan Makan Minum","Gmaps + SBR"],
    ["135","Restoran Miramar","Jl. Pemuda No.11 Abc","prelist","MEDAN MAIMUN","A U R","LINGKUNGAN 7","","(061) 4555691","I. Penyediaan Akomodasi dan Makan Minum","Gmaps + SBR"],
    ["136","Royal Suite Condotel","Jl. Palang Merah","prelist","MEDAN MAIMUN","A U R","LINGKUNGAN 6","","","I. Penyediaan Akomodasi dan Makan Minum","Gmaps + SBR"],
    ["137","Soto Bening Khas Medan H Anwar Sulaiman","Jl. Brigjend Katamso No.43","prelist","MEDAN MAIMUN","A U R","LINGKUNGAN 8","","0813-6106-0791","I. Penyediaan Akomodasi dan Makan Minum","Gmaps + SBR"],
    ["138","Nasi Goreng Semalam Suntuk","No.45 L","prelist","MEDAN MAIMUN","SUKARAJA","LINGKUNGAN 7","","0813-3655-1520","I. Penyediaan Akomodasi dan Makan Minum","Gmaps + SBR"],
    ["139","Sawasdee Thai Restaurant","Jl. Multatuli Raya Blok-Ff No.36-37","prelist","MEDAN MAIMUN","HAMDAN","LINGKUNGAN 1","","0852-7021-8979","I. Penyediaan Akomodasi dan Makan Minum","Gmaps + SBR"],
    ["140","Radja Laoet Seafood","Jl. Kol. Sugiono No.3B","prelist","MEDAN MAIMUN","A U R","LINGKUNGAN 5","","(061) 42012262","I. Penyediaan Akomodasi dan Makan Minum","Gmaps + SBR"],
    ["141","Warung Manado","Jl. Mangkubumi No.14","prelist","MEDAN MAIMUN","A U R","LINGKUNGAN 5","","(061) 4152363","I. Penyediaan Akomodasi dan Makan Minum","Gmaps + SBR"],
    ["142","Chasio Afoek 88","Jl. Brigjend Katamso No.80E 148","prelist","MEDAN MAIMUN","SUKARAJA","LINGKUNGAN 6","","0853-6297-7777","I. Penyediaan Akomodasi dan Makan Minum","Gmaps + SBR"],
    ["143","Kimbab Nara","Jl. Brigjend Katamso Dalam No.56 E","prelist","MEDAN MAIMUN","A U R","LINGKUNGAN 3","","0821-4088-3855","I. Penyediaan Akomodasi dan Makan Minum","Gmaps + SBR"],
    ["144","sanresto","Jl. H. Misbah No.14 G","prelist","MEDAN MAIMUN","HAMDAN","LINGKUNGAN 7","","0822-5000-3781","I. Penyediaan Akomodasi dan Makan Minum","Gmaps + SBR"],
    ["145","TIKI Cabang Medan","Jl. Brigjend Katamso No.27C","prelist","MEDAN MAIMUN","A U R","LINGKUNGAN 8","","(061) 4532076","H. Transportasi dan Pergudangan","Gmaps + SBR"],
    ["146","PT. Sagapo Express","Komplek Istana Bisnis Centre","prelist","MEDAN MAIMUN","SUKARAJA","LINGKUNGAN 7","","(061) 4539662","H. Transportasi dan Pergudangan","Gmaps + SBR"],
    ["147","Andalan 21 Express. PT","Komplek Multatuli Ruko Blok E No .47","prelist","MEDAN MAIMUN","A U R","LINGKUNGAN 10","","(061) 4576535","H. Transportasi dan Pergudangan","Gmaps + SBR"],
    ["148","Mustika Asri Agung","Jl. Pertamanan Multatuli Indah","prelist","MEDAN MAIMUN","A U R","LINGKUNGAN 10","","(061) 4518070","H. Transportasi dan Pergudangan","Gmaps + SBR"],
    ["149","Titipan Inda Taxi PT","Jl. Brigjend Katamso No.60 / 78","prelist","MEDAN MAIMUN","A U R","LINGKUNGAN 2","","0811-6214-899","H. Transportasi dan Pergudangan","Gmaps + SBR"],
    ["150","Lion Parcel Katamso 41K Medan Maimun","Jl. Brigjend Katamso No.41K","prelist","MEDAN MAIMUN","A U R","LINGKUNGAN 8","","0821-6044-4480","H. Transportasi dan Pergudangan","Gmaps + SBR"],
    ["151","PT. Hersan Cargo","Jl. Brigjend Katamso No.481 B","prelist","MEDAN MAIMUN","SEI MATI","LINGKUNGAN 6","","(061) 91116999","H. Transportasi dan Pergudangan","Gmaps + SBR"],
    ["152","Mutiara Anugerah Samudera. PT","Jl. Brigjend Katamso Dalam No.65","prelist","MEDAN MAIMUN","A U R","LINGKUNGAN 1","","","H. Transportasi dan Pergudangan","Gmaps + SBR"],
    ["153","Schenker Petrolog Utama. PT - Medan","Jl. Brigjend Katamso No.56-U","prelist","MEDAN MAIMUN","KAMPUNG BARU","LINGKUNGAN 8","","(061) 4521352","H. Transportasi dan Pergudangan","Gmaps + SBR"],
    ["154","Alfamo Utama Mandiri. CV","Jl. Pemuda Baru No.7","prelist","MEDAN MAIMUN","A U R","LINGKUNGAN 7","","(061) 4572315","H. Transportasi dan Pergudangan","Gmaps + SBR"],
    ["155","Global Cahaya Firdaus. PT","Jl. Brigjend Katamso No.29","prelist","MEDAN MAIMUN","A U R","LINGKUNGAN 8","","(061) 4519270","H. Transportasi dan Pergudangan","Gmaps + SBR"],
    ["158","Jakarta Lloyd. PT","Jl. Brigjend Katamso No.242","prelist","MEDAN MAIMUN","SEI MATI","LINGKUNGAN 10","","(061) 4523193","H. Transportasi dan Pergudangan","Gmaps + SBR"],
    ["159","PT. Rhintisan Turanggadirga","Jl. Ir. H. Juanda No.77","prelist","MEDAN MAIMUN","HAMDAN","LINGKUNGAN 4","","(061) 4513950","H. Transportasi dan Pergudangan","Gmaps + SBR"],
    ["160","Fajar Insan Nusantara PT","JL Brigjen Katamso, no 45-F, Maimun, Medan, 20151, Kampung Baru, Medan Maimun, Medan City, North Sumatra 20217","prelist","MEDAN MAIMUN","KAMPUNG BARU","LINGKUNGAN 7","","(061) 4515464","H. Transportasi dan Pergudangan","Gmaps + SBR"],
    ["161","Mongonsidi Travel","Jl. Brigjend Katamso","prelist","MEDAN MAIMUN","A U R","LINGKUNGAN 8","","(061) 4567890","H. Transportasi dan Pergudangan","Gmaps + SBR"],
    ["162","Mutiara Holidays","Jl. Brigjend Katamso No.43K","prelist","MEDAN MAIMUN","A U R","LINGKUNGAN 8","","(061) 4566700","H. Transportasi dan Pergudangan","Gmaps + SBR"],
    ["163","Jaya Wisata Tour & Travel","Jl. Brigjend Katamso No.202","prelist","MEDAN MAIMUN","SUKARAJA","LINGKUNGAN 2","","(061) 88813800","H. Transportasi dan Pergudangan","Gmaps + SBR"],
    ["164","Icon Holiday","Jalan Brigjend Katamso Komp Istana Bisnis Centre No 42","prelist","MEDAN MAIMUN","SUKARAJA","LINGKUNGAN 7","","(061) 4569801","H. Transportasi dan Pergudangan","Gmaps + SBR"],
    ["165","Hari Hari Utama Travel PT","Jl. Pemuda Baru I No.23","prelist","MEDAN MAIMUN","A U R","LINGKUNGAN 7","","(061) 4142312","H. Transportasi dan Pergudangan","Gmaps + SBR"],
    ["166","Narasindo Tour","Jl. Ir. H. Juanda No.55E","prelist","MEDAN MAIMUN","SUKARAJA","LINGKUNGAN 5","","0851-3555-5414","H. Transportasi dan Pergudangan","Gmaps + SBR"],
    ["167","PT Armindo Jaya Tur","Jl. Brigjend Katamso No.329 A","prelist","MEDAN MAIMUN","SEI MATI","LINGKUNGAN 2","","(061) 88817556","H. Transportasi dan Pergudangan","Gmaps + SBR"],
    ["168","SAFEER Umrah dan Hajj","Jl. Brigjend Katamso No.45 P","prelist","MEDAN MAIMUN","SUKARAJA","LINGKUNGAN 7","","(061) 4551609","H. Transportasi dan Pergudangan","Gmaps + SBR"],
    ["169","Aurora Wisata Tour & Travel","Jl. Ps. Senen No.9","prelist","MEDAN MAIMUN","KAMPUNG BARU","LINGKUNGAN 4","","0812-6016-610","H. Transportasi dan Pergudangan","Gmaps + SBR"],
    ["170","PT. Grand Shaavire Holidays","Komplek Istana Bisnis Center","prelist","MEDAN MAIMUN","SUKARAJA","LINGKUNGAN 7","","(061) 7321089","H. Transportasi dan Pergudangan","Gmaps + SBR"],
    ["171","PT. Anna Rajawali","Jl. Brigjend Katamso No.333","prelist","MEDAN MAIMUN","SEI MATI","LINGKUNGAN 3","","(061) 4527117","H. Transportasi dan Pergudangan","Gmaps + SBR"],
    ["175","Lintas Angkasa. PT","Jalan Brigjend Katamso Istana Bisnis Centre No.9","prelist","MEDAN MAIMUN","SUKARAJA","LINGKUNGAN 7","","0811-6408-099","H. Transportasi dan Pergudangan","Gmaps + SBR"],
    ["176","Damco","Jl. Imam Bonjol No.23 Lantai 4","prelist","MEDAN MAIMUN","HAMDAN","LINGKUNGAN 10","","(061) 4149999","H. Transportasi dan Pergudangan","Gmaps + SBR"],
    ["177","Cahaya Perabot","Jl. Letjen Suprapto No.3 M-N","prelist","MEDAN MAIMUN","A U R","LINGKUNGAN 4","","0813-6128-4172","G. Perdagangan Besar dan Eceran, Reparasi Mobil dan Sepeda Motor","Gmaps + SBR"],
    ["178","Serikat Furniture","Jl. Letjen Suprapto No.3 J K","prelist","MEDAN MAIMUN","A U R","LINGKUNGAN 4","","(061) 4517728","G. Perdagangan Besar dan Eceran, Reparasi Mobil dan Sepeda Motor","Gmaps + SBR"],
    ["179","PT. Indako Trading Coy","Jalan Pemuda No.18 D-H","prelist","MEDAN MAIMUN","A U R","LINGKUNGAN 5","","0823-6946-9100","G. Perdagangan Besar dan Eceran, Reparasi Mobil dan Sepeda Motor","Gmaps + SBR"],
    ["180","Roda Bhakti","Jl. Brigjend Katamso No.486 D/78 D","prelist","MEDAN MAIMUN","KAMPUNG BARU","LINGKUNGAN 17","","(061) 7873610","G. Perdagangan Besar dan Eceran, Reparasi Mobil dan Sepeda Motor","Gmaps + SBR"],
    ["181","Wan-Wan Florist","Jl. Brigjend Katamso No.43-C","prelist","MEDAN MAIMUN","A U R","LINGKUNGAN 8","","0852-6233-1517","G. Perdagangan Besar dan Eceran, Reparasi Mobil dan Sepeda Motor","Gmaps + SBR"],
    ["182","Fa.Sinar Makmur","Jl. Brigjend Katamso No.43-F/G","prelist","MEDAN MAIMUN","A U R","LINGKUNGAN 8","","(061) 4512147","G. Perdagangan Besar dan Eceran, Reparasi Mobil dan Sepeda Motor","Gmaps + SBR"],
    ["183","Toba Permai","No.43Rest","prelist","MEDAN MAIMUN","A U R","LINGKUNGAN 8","","(061) 4151333","G. Perdagangan Besar dan Eceran, Reparasi Mobil dan Sepeda Motor","Gmaps + SBR"],
    ["184","Toko Lampu","Jl. Brigjend Katamso","prelist","MEDAN MAIMUN","KAMPUNG BARU","LINGKUNGAN 7","","(061) 7862504","G. Perdagangan Besar dan Eceran, Reparasi Mobil dan Sepeda Motor","Gmaps + SBR"],
    ["185","Permata Sakti. PT","Jl. Mangkubumi No.10 A","prelist","MEDAN MAIMUN","A U R","LINGKUNGAN 5","","(061) 4557844","G. Perdagangan Besar dan Eceran, Reparasi Mobil dan Sepeda Motor","Gmaps + SBR"],
    ["186","Mulia Sakti Perkasa.PT","JL P Mangkubumi No.10-A, A U R, Kec. Medan Maimun, Kota Medan, Sumatera Utara 20212","prelist","MEDAN MAIMUN","A U R","LINGKUNGAN 9","","(061) 4142402","G. Perdagangan Besar dan Eceran, Reparasi Mobil dan Sepeda Motor","Gmaps + SBR"],
    ["187","Sinar Bersaudara","Jl. Brigjend Katamso","prelist","MEDAN MAIMUN","SEI MATI","LINGKUNGAN 6","","","G. Perdagangan Besar dan Eceran, Reparasi Mobil dan Sepeda Motor","Gmaps + SBR"],
    ["188","Optik Utama Jaya","Jl. Brigjend Katamso No.767","prelist","MEDAN MAIMUN","KAMPUNG BARU","LINGKUNGAN 2","","0812-6548-6627","G. Perdagangan Besar dan Eceran, Reparasi Mobil dan Sepeda Motor","Gmaps + SBR"],
    ["190","Sampai Travel Medan","Jl. Pemuda Baru Ii No.20","prelist","MEDAN MAIMUN","A U R","LINGKUNGAN 7","","0852-9747-6888","H. Transportasi dan Pergudangan","Gmaps + SBR"],
    ["191","Raya Utama Travel","JL Juanda Boulevard No.3i, Sukaraja, Kec. Medan Maimun, Kota Medan, Sumatera Utara 20212","prelist","MEDAN MAIMUN","SUKARAJA","LINGKUNGAN 5","","(061) 4520033","H. Transportasi dan Pergudangan","Gmaps + SBR"],
    ["192","Hermes Palace Hotel Medan","Jl. Pemuda No.22","prelist","MEDAN MAIMUN","A U R","LINGKUNGAN 5","","(061) 4515777","H. Transportasi dan Pergudangan","Gmaps + SBR"],
    ["193","MAFIABRANDED","KOMP.MULTATULI, Blok CC 9, Hamdan, Kec. Medan Maimun, Kota Medan, Sumatera Utara 20212","prelist","MEDAN MAIMUN","HAMDAN","LINGKUNGAN 1","","0812-6079-797","G. Perdagangan Besar dan Eceran, Reparasi Mobil dan Sepeda Motor","Gmaps + SBR"],
    ["194","Jakarta Jaya Electronic","Jl. Brigjend Katamso No.654","prelist","MEDAN MAIMUN","KAMPUNG BARU","LINGKUNGAN 5","","(061) 7860195","G. Perdagangan Besar dan Eceran, Reparasi Mobil dan Sepeda Motor","Gmaps + SBR"],
    ["195","Makmur Jaya Elektronik","Jl. Brigjend Katamso No.650","prelist","MEDAN MAIMUN","KAMPUNG BARU","LINGKUNGAN 5","","0812-7567-0000","G. Perdagangan Besar dan Eceran, Reparasi Mobil dan Sepeda Motor","Gmaps + SBR"],
    ["196","Budi Sports","Jl. Ir. H. Juanda No.67","prelist","MEDAN MAIMUN","SUKARAJA","LINGKUNGAN 1","","0812-7672-0599","G. Perdagangan Besar dan Eceran, Reparasi Mobil dan Sepeda Motor","Gmaps + SBR"],
    ["197","Kedai Batik/Telekung Wajir","Jl. Kol. Sugiono","prelist","MEDAN MAIMUN","A U R","LINGKUNGAN 9","","0812-6392-372","G. Perdagangan Besar dan Eceran, Reparasi Mobil dan Sepeda Motor","Gmaps + SBR"],
    ["198","Gemilang Jaya Toko","Jl. Pemuda Baru Iii No.5","prelist","MEDAN MAIMUN","A U R","LINGKUNGAN 7","","(061) 4517668","G. Perdagangan Besar dan Eceran, Reparasi Mobil dan Sepeda Motor","Gmaps + SBR"],
    ["199","Toko JD ELEKTRONIK","Jl. Brigjend Katamso","prelist","MEDAN MAIMUN","KAMPUNG BARU","LINGKUNGAN 7","","0853-7237-5533","G. Perdagangan Besar dan Eceran, Reparasi Mobil dan Sepeda Motor","Gmaps + SBR"],
    ["200","Toko Sinar Terang","Jl. Brigjend Katamso No.631","prelist","MEDAN MAIMUN","KAMPUNG BARU","LINGKUNGAN 8","","","G. Perdagangan Besar dan Eceran, Reparasi Mobil dan Sepeda Motor","Gmaps + SBR"],
    ["201","Bintang Jaya Furniture","Jl. Pemuda No.26 B","prelist","MEDAN MAIMUN","A U R","LINGKUNGAN 5","","(061) 4515449","G. Perdagangan Besar dan Eceran, Reparasi Mobil dan Sepeda Motor","Gmaps + SBR"],
    ["202","JV Furniture","JL Letnan Jenderal Suprapto G-H 1, Medan Maimun, Medan, 20151, A U R, Medan Maimun, A U R, Medan Maimun, Medan City, North Sumatra 20151","prelist","MEDAN MAIMUN","A U R","LINGKUNGAN 4","","0823-6599-8088","G. Perdagangan Besar dan Eceran, Reparasi Mobil dan Sepeda Motor","Gmaps + SBR"],
    ["203","Brands Mobile","Jalan Brigjend Katamso No.327 A-B","prelist","MEDAN MAIMUN","SEI MATI","LINGKUNGAN 2","","0812-6990-9095","G. Perdagangan Besar dan Eceran, Reparasi Mobil dan Sepeda Motor","Gmaps + SBR"],
    ["206","Western Meubel","Jl. Letjen Suprapto No.1 I-J-K","prelist","MEDAN MAIMUN","A U R","LINGKUNGAN 4","","(061) 4532298","G. Perdagangan Besar dan Eceran, Reparasi Mobil dan Sepeda Motor","Gmaps + SBR"],
    ["207","Masfurin","Hamdan, Kec. Medan Maimun, Kota Medan, Sumatera Utara 20212","prelist","MEDAN MAIMUN","A U R","LINGKUNGAN 5","","0811-6319-383","G. Perdagangan Besar dan Eceran, Reparasi Mobil dan Sepeda Motor","Gmaps + SBR"],
    ["208","Paddini","Jl. Letjen Suprapto No.3","prelist","MEDAN MAIMUN","A U R","LINGKUNGAN 4","","0822-6092-2622","G. Perdagangan Besar dan Eceran, Reparasi Mobil dan Sepeda Motor","Gmaps + SBR"],
    ["209","Sun Supermart","Jl. Brigjend Katamso No.688 C","prelist","MEDAN MAIMUN","KAMPUNG BARU","LINGKUNGAN 2","","0831-8808-8000","G. Perdagangan Besar dan Eceran, Reparasi Mobil dan Sepeda Motor","Gmaps + SBR"],
    ["210","Megah Realty","Kompleks Centrium","prelist","MEDAN MAIMUN","A U R","LINGKUNGAN 3","","","L. Real Estat","Gmaps + SBR"],
    ["211","Alfamart Katamso","Jl. Brigjend Katamso","prelist","MEDAN MAIMUN","KAMPUNG BARU","LINGKUNGAN 11","","0855-1779-891","G. Perdagangan Besar dan Eceran, Reparasi Mobil dan Sepeda Motor","Gmaps + SBR"],
    ["212","INDOMARET KATAMSO KAMPUNG BARU","Jl. Brigjend Katamso No.577","prelist","MEDAN MAIMUN","KAMPUNG BARU","LINGKUNGAN 17","","","G. Perdagangan Besar dan Eceran, Reparasi Mobil dan Sepeda Motor","Gmaps + SBR"],
    ["213","Indomaret Katamso 3","Jl. Brigjend Katamso No.465","prelist","MEDAN MAIMUN","SEI MATI","LINGKUNGAN 6","","","G. Perdagangan Besar dan Eceran, Reparasi Mobil dan Sepeda Motor","Gmaps + SBR"],
    ["214","SUZUYA Superstore Kampung Baru Medan","Jl. Brigjend Katamso No.710","prelist","MEDAN MAIMUN","KAMPUNG BARU","LINGKUNGAN 2","","(061) 7882617","G. Perdagangan Besar dan Eceran, Reparasi Mobil dan Sepeda Motor","Gmaps + SBR"],
    ["215","Brastagi Fruit Market","Jl. Kol. Sugiono No.18 Def","prelist","MEDAN MAIMUN","A U R","LINGKUNGAN 9","","0819-9578-1164","G. Perdagangan Besar dan Eceran, Reparasi Mobil dan Sepeda Motor","Gmaps + SBR"],
    ["216","Istana Maimun","Jl. Brigjend Katamso No.370","prelist","MEDAN MAIMUN","A U R","LINGKUNGAN 1","","","G. Perdagangan Besar dan Eceran, Reparasi Mobil dan Sepeda Motor","Gmaps + SBR"],
    ["217","Mitra Petra Sejahtera. PT - Pelita","Jl. Pemuda Baru Ii No.11","prelist","MEDAN MAIMUN","A U R","LINGKUNGAN 7","","(061) 4524120","G. Perdagangan Besar dan Eceran, Reparasi Mobil dan Sepeda Motor","Gmaps + SBR"],
    ["223","Toko Surya Mas","Jl. Mantri No.9","prelist","MEDAN MAIMUN","A U R","LINGKUNGAN 3","","(061) 7869930","G. Perdagangan Besar dan Eceran, Reparasi Mobil dan Sepeda Motor","Gmaps + SBR"],
    ["224","Toko SS","Jl. Mantri No.9","prelist","MEDAN MAIMUN","A U R","LINGKUNGAN 3","","(061) 7869989","G. Perdagangan Besar dan Eceran, Reparasi Mobil dan Sepeda Motor","Gmaps + SBR"],
    ["225","Sumatera Prima Jaya. PT","Jl. B. Katamso","prelist","MEDAN MAIMUN","A U R","LINGKUNGAN 3","","(061) 4572512","F. Konstruksi","Gmaps + SBR"],
    ["226","PT .Medcon-e","Komplek Istana Bisnis Center","prelist","MEDAN MAIMUN","SUKARAJA","LINGKUNGAN 7","","(061) 4521987","F. Konstruksi","Gmaps + SBR"],
    ["227","SUMBER JAYA BAN ( lelek )","Jl. Brigjend Katamso","prelist","MEDAN MAIMUN","SEI MATI","LINGKUNGAN 9","","0812-6000-0891","G. Perdagangan Besar dan Eceran, Reparasi Mobil dan Sepeda Motor","Gmaps + SBR"],
    ["228","Global Property","Jl. Brigjend Katamso L No.39","prelist","MEDAN MAIMUN","A U R","LINGKUNGAN 8","","(061) 4520123","F. Konstruksi","Gmaps + SBR"],
    ["229","KARYA SEPAKAT","Jl. Mesjid Raya No.1Z","prelist","MEDAN MAIMUN","A U R","LINGKUNGAN 8","","0813-7071-5577","F. Konstruksi","Gmaps + SBR"],
    ["230","PT. Bukit Sion Abadi","Jl. Brigjend Katamso Komp. Prima Minimalis No. 327 T","prelist","MEDAN MAIMUN","SEI MATI","LINGKUNGAN 2","","(061) 4515806","F. Konstruksi","Gmaps + SBR"],
    ["231","PT. Pandu Paramitra","Jl. Ir. H. Juanda No.57 / 1","prelist","MEDAN MAIMUN","SUKARAJA","LINGKUNGAN 5","","(061) 4515956","L. Real Estat","Gmaps + SBR"],
    ["232","PT. PAN AGRIFUME INDONESIA","Jl. Cemp. No.3","prelist","MEDAN MAIMUN","HAMDAN","LINGKUNGAN 7","","0812-6444-913","F. Konstruksi","Gmaps + SBR"],
    ["233","Sentosa Alami Harapan. PT.","Jl. Brigjend Katamso No.402-B","prelist","MEDAN MAIMUN","SEI MATI","LINGKUNGAN 7","","(061) 4574427","F. Konstruksi","Gmaps + SBR"],
    ["234","Indo Global","Jl. Brigjend Katamso No.27 B","prelist","MEDAN MAIMUN","KAMPUNG BARU","LINGKUNGAN 20","","0823-6495-6888","F. Konstruksi","Gmaps + SBR"],
    ["235","Karunia Bangun Persada. CV","Jl. Mangkubumi No.1A","prelist","MEDAN MAIMUN","A U R","LINGKUNGAN 6","","(061) 4145226","F. Konstruksi","Gmaps + SBR"],
    ["237","Medan Jaya Makmur","Jl. Brigjend Katamso No.676","prelist","MEDAN MAIMUN","KAMPUNG BARU","LINGKUNGAN 4","","(061) 7860176","F. Konstruksi","Gmaps + SBR"],
    ["238","Toko Jati Mas","Jl. Brigjend Katamso No.11 H","prelist","MEDAN MAIMUN","KAMPUNG BARU","LINGKUNGAN 19","","(061) 7866140","F. Konstruksi","Gmaps + SBR"],
    ["239","Serba Teknik","Jl. Brigjend Katamso No.99 / 267","prelist","MEDAN MAIMUN","SUKARAJA","LINGKUNGAN 1","","(061) 4572060","F. Konstruksi","Gmaps + SBR"],
    ["240","S24 minimart Katamso","Jl. Brigjend Katamso No.266","prelist","MEDAN MAIMUN","SEI MATI","LINGKUNGAN 10","","0822-6740-9603","G. Perdagangan Besar dan Eceran, Reparasi Mobil dan Sepeda Motor","Gmaps + SBR"],
    ["241","MUJUR TIMBER GROUP","Jl. Kol. Sugiono No No.10Def","prelist","MEDAN MAIMUN","A U R","LINGKUNGAN 9","","(061) 4559888","C. Industri Pengolahan","Gmaps + SBR"],
    ["242","Dunia Mas Indo Pratama. PT","Komplek Multatuli Indah Lestari Blok D/13","prelist","MEDAN MAIMUN","HAMDAN","LINGKUNGAN 6","","(061) 4559201","C. Industri Pengolahan","Gmaps + SBR"],
    ["243","Alumex","Jl. Mesjid Raya No.14","prelist","MEDAN MAIMUN","A U R","LINGKUNGAN 8","","(061) 4514704","C. Industri Pengolahan","Gmaps + SBR"],
    ["244","JAYA MOTOR","Jl. Brigjend Katamso No.439","prelist","MEDAN MAIMUN","SEI MATI","LINGKUNGAN 6","","0815-3088-883","G. Perdagangan Besar dan Eceran, Reparasi Mobil dan Sepeda Motor","Gmaps + SBR"],
    ["245","Wajir Seafood","Jl. Kol. Sugiono No.3 I","prelist","MEDAN MAIMUN","A U R","LINGKUNGAN 5","","(061) 4573785","C. Industri Pengolahan","Gmaps + SBR"],
    ["246","Surya Jaya Motor","Jl. Brigjend Katamso No.382","prelist","MEDAN MAIMUN","SEI MATI","LINGKUNGAN 4","","","G. Perdagangan Besar dan Eceran, Reparasi Mobil dan Sepeda Motor","Gmaps + SBR"],
    ["247","SUMBER INDAH MOTOR","Jl. Brigjend Katamso No.625","prelist","MEDAN MAIMUN","KAMPUNG BARU","LINGKUNGAN 20","","","G. Perdagangan Besar dan Eceran, Reparasi Mobil dan Sepeda Motor","Gmaps + SBR"],
    ["248","24 Motor Oil - Ganti oli, Aki & Aksesoris Mobil","Jl. Brigjend Katamso No.690","prelist","MEDAN MAIMUN","KAMPUNG BARU","LINGKUNGAN 4","","0852-6177-5931","G. Perdagangan Besar dan Eceran, Reparasi Mobil dan Sepeda Motor","Gmaps + SBR"],
    ["249","KATAMSO JAYA MOTOR","Jl. Brigjend Katamso No.245A","prelist","MEDAN MAIMUN","KAMPUNG BARU","LINGKUNGAN 20","","0878-6867-3268","G. Perdagangan Besar dan Eceran, Reparasi Mobil dan Sepeda Motor","Gmaps + SBR"],
    ["250","BENGKEL BUBUT DUA PUTRA JAYA","Jl. Brigjend Katamso Gg. Sentosa","prelist","MEDAN MAIMUN","SEI MATI","LINGKUNGAN 6","","0821-6387-1810","G. Perdagangan Besar dan Eceran, Reparasi Mobil dan Sepeda Motor","Gmaps + SBR"],
    ["254","PT. RAFA GUNA MANDIRI","Jl. Bahagia No.7","prelist","MEDAN MAIMUN","SUKARAJA","LINGKUNGAN 6","","0813-9772-3231","F. Konstruksi","Gmaps + SBR"],
    ["255","Kontraktor Bangunan di Medan","Jl. Cemp. No.2","prelist","MEDAN MAIMUN","HAMDAN","LINGKUNGAN 7","","0853-7267-5567","F. Konstruksi","Gmaps + SBR"],
    ["256","Sinar Intiberkah Sejahtera. PT","Jl. Kyai Haji Misbah","prelist","MEDAN MAIMUN","A U R","LINGKUNGAN 10","","(061) 4510380","F. Konstruksi","Gmaps + SBR"],
    ["263","Megah Pusaka Andalas. PT","Komplek Centrium","prelist","MEDAN MAIMUN","A U R","LINGKUNGAN 3","","(061) 4515262","A. Pertanian, Kehutanan dan Perikanan","Gmaps + SBR"],
    ["264","Paya Pinang Group","Jl. Samanhudi No.15","prelist","MEDAN MAIMUN","HAMDAN","LINGKUNGAN 5","","(061) 4538877","A. Pertanian, Kehutanan dan Perikanan","Gmaps + SBR"],
    ["265","Badan Kerjasama Perusahaan Perkebunan Sumatera","Jl. Pemuda 2","prelist","MEDAN MAIMUN","A U R","LINGKUNGAN 5","","(061) 4514519","A. Pertanian, Kehutanan dan Perikanan","Gmaps + SBR"],
    ["266","Museum Perkebunan Indonesia - 2","Jl. Pemuda No.10","prelist","MEDAN MAIMUN","A U R","LINGKUNGAN 5","","0811-6515-181","A. Pertanian, Kehutanan dan Perikanan","Gmaps + SBR"],
    ["267","Museum Perkebunan Indonesia (MUSPERIN-1)","Jl. Brigjend Katamso No.53","prelist","MEDAN MAIMUN","KAMPUNG BARU","LINGKUNGAN 15","","0853-6196-8255","A. Pertanian, Kehutanan dan Perikanan","Gmaps + SBR"],
    ["269","PT. MULTI MAS CHEMINDO","Jl. Imam Bonjol No.40","prelist","MEDAN MAIMUN","J A T I","LINGKUNGAN 2","","(061) 4550039","G. Perdagangan Besar dan Eceran, Reparasi Mobil dan Sepeda Motor","Gmaps + SBR"],
    ["271","Sumber Sawit Makmur. PT","Jl. Samanhudi No.15","prelist","MEDAN MAIMUN","HAMDAN","LINGKUNGAN 6","","(061) 4538877","C. Industri Pengolahan","Gmaps + SBR"],
    ["272","Pt. Laris Sumut Makmur","Jl. Brigjend Katamso No.32 02","prelist","MEDAN MAIMUN","A U R","LINGKUNGAN 4","","","D. Pengadaan Listrik, Gas, Uap/Air Panas dan Udara Dingin","Gmaps + SBR"],
    ["33051","Guppy milenial","Jl. Bahagia No.1","prelist","MEDAN MAIMUN","SUKARAJA","LINGKUNGAN 6","","0899-0754-916","A. Pertanian, Kehutanan dan Perikanan","Gmaps"],
    ["33052","Susu Sapi Farm","Jl. Avros","prelist","MEDAN MAIMUN","KAMPUNG BARU","LINGKUNGAN 14","","0813-7276-6164","A. Pertanian, Kehutanan dan Perikanan","Gmaps"],
    ["33053","Guppy Aqua","Hamdan, Kec. Medan Maimun, Kota Medan, Sumatera Utara 20212","prelist","MEDAN MAIMUN","HAMDAN","LINGKUNGAN 7","","","A. Pertanian, Kehutanan dan Perikanan","Gmaps"],
    ["33054","Farm 34 KP","Gg. Lampu I Bawah","prelist","MEDAN MAIMUN","KAMPUNG BARU","LINGKUNGAN 16","","","A. Pertanian, Kehutanan dan Perikanan","Gmaps"],
    ["33055","Pusat Penelitian Kelapa Sawit","Jl. Brigjend Katamso No.51","prelist","MEDAN MAIMUN","KAMPUNG BARU","LINGKUNGAN 15","","(061) 7862488","A. Pertanian, Kehutanan dan Perikanan","Gmaps"],
    ["33056","De Kopyor","Jl. Brigjend Katamso","prelist","MEDAN MAIMUN","KAMPUNG BARU","LINGKUNGAN 15","","0821-8306-5056","A. Pertanian, Kehutanan dan Perikanan","Gmaps"],
    ["33057","Fertilizer and Pesticide","Jl. Multatuli Jl. Komp. Multatuli Indah Blok Aa 52","prelist","MEDAN MAIMUN","HAMDAN","LINGKUNGAN 1","","0852-6000-9906","A. Pertanian, Kehutanan dan Perikanan","Gmaps"],
    ["33058","Indonesian Oil Palm Research Institute","Jl. Brigjend Katamso No.51","prelist","MEDAN MAIMUN","KAMPUNG BARU","LINGKUNGAN 15","","(061) 7862477","A. Pertanian, Kehutanan dan Perikanan","Gmaps"],
    ["33059","PT Perkebunan Nusantara IV","Jl. Letjen Suprapto No.2","prelist","MEDAN MAIMUN","HAMDAN","LINGKUNGAN 10","","(061) 4154666","A. Pertanian, Kehutanan dan Perikanan","Gmaps"],
    ["33061","SPBU Pertamina 11.201.103","Jl. Brigjend Katamso No.575","prelist","MEDAN MAIMUN","KAMPUNG BARU","LINGKUNGAN 17","","(061) 7869734","D. Pengadaan Listrik, Gas, Uap/Air Panas dan Udara Dingin","Gmaps"],
    ["33062","SPBU Pertamina","Jl. Ir. H. Juanda No.65","prelist","MEDAN MAIMUN","J A T I","LINGKUNGAN 1","","(061) 4516175","D. Pengadaan Listrik, Gas, Uap/Air Panas dan Udara Dingin","Gmaps"],
    ["33063","SPBU Singapore Station","Jl. Brigjend Katamso No.266","prelist","MEDAN MAIMUN","SEI MATI","LINGKUNGAN 10","","(061) 4143923","D. Pengadaan Listrik, Gas, Uap/Air Panas dan Udara Dingin","Gmaps"],
    ["33064","HOUSE OF PET","Jl. Brigjend Katamso No.475","prelist","MEDAN MAIMUN","KAMPUNG BARU","LINGKUNGAN 17","","(061) 7862386","A. Pertanian, Kehutanan dan Perikanan","Gmaps"],
    ["33065","Mahrani Lubis","Jl. Brigjend Katamso No.238 B","prelist","MEDAN MAIMUN","KAMPUNG BARU","LINGKUNGAN 17","","0813-9762-0872","A. Pertanian, Kehutanan dan Perikanan","Gmaps"],
    ["33066","RUMAH KUCING PETS n KLINIK","Jl. Brigjend Katamso No.351","prelist","MEDAN MAIMUN","SEI MATI","LINGKUNGAN 3","","(061) 88814594","A. Pertanian, Kehutanan dan Perikanan","Gmaps"],
    ["33067","Praktek Dokter Hewan Katamso Carnava Vet Clinic.","Jl. Brigjend Katamso No.324","prelist","MEDAN MAIMUN","SEI MATI","LINGKUNGAN 10","","0822-7292-9783","A. Pertanian, Kehutanan dan Perikanan","Gmaps"],
    ["33068","Pakan Ikan","Gg. Pancasila No.24","prelist","MEDAN MAIMUN","SUKARAJA","LINGKUNGAN 7","","","A. Pertanian, Kehutanan dan Perikanan","Gmaps"],
    ["33069","I Seed You","Jl. Ir. H. Juanda","prelist","MEDAN MAIMUN","J A T I","LINGKUNGAN 1","","0852-9601-5801","G. Perdagangan Besar dan Eceran, Reparasi Mobil dan Sepeda Motor","Gmaps"],
    ["33070","Alifa Hidroponik - Sayuran Hidroponik Medan","Jl. Brigjend Katamso No.454/51","prelist","MEDAN MAIMUN","KAMPUNG BARU","LINGKUNGAN 19","","0856-6577-255","G. Perdagangan Besar dan Eceran, Reparasi Mobil dan Sepeda Motor","Gmaps"],
    ["33071","Papa Mama Florist","Jl. Kol. Sugiono No.16 16A","prelist","MEDAN MAIMUN","A U R","LINGKUNGAN 9","","(061) 4557761","G. Perdagangan Besar dan Eceran, Reparasi Mobil dan Sepeda Motor","Gmaps"],
    ["33072","Toko Bunga Lily","Jl. Brigjend Katamso","prelist","MEDAN MAIMUN","KAMPUNG BARU","LINGKUNGAN 2","","0812-6559-373","G. Perdagangan Besar dan Eceran, Reparasi Mobil dan Sepeda Motor","Gmaps"],
    ["33073","Kebun Green Feast","Jl. Brigjend Katamso","prelist","MEDAN MAIMUN","SEI MATI","LINGKUNGAN 10","","0852-6241-4028","G. Perdagangan Besar dan Eceran, Reparasi Mobil dan Sepeda Motor","Gmaps"],
    ["33074","Rumah Tanaman Medan","Kp. Baru, Kec. Medan Maimun, Kota Medan, Sumatera Utara 20217","prelist","MEDAN MAIMUN","KAMPUNG BARU","LINGKUNGAN 21","","","G. Perdagangan Besar dan Eceran, Reparasi Mobil dan Sepeda Motor","Gmaps"],
    ["33075","Rumah mauza","Kp. Baru, Kec. Medan Maimun, Kota Medan, Sumatera Utara","prelist","MEDAN MAIMUN","KAMPUNG BARU","LINGKUNGAN 11","","","A. Pertanian, Kehutanan dan Perikanan","Gmaps"],
    ["33091","Juli Pabrik","Jl. Busi No.58","prelist","MEDAN MAIMUN","KAMPUNG BARU","LINGKUNGAN 20","","(061) 4535297","C. Industri Pengolahan","Gmaps"],
    ["33092","PT PERKASA SAWIT SEJAHTERA","Jl. Komp. Centrium Business Centre","prelist","MEDAN MAIMUN","A U R","LINGKUNGAN 3","","","C. Industri Pengolahan","Gmaps"],
    ["33093","Berkah Indah","JL Brigjen Katamso Km 5, 5/28-B, Medan, 20158, Sei Mati, Medan Maimun, Medan City, North Sumatra 20215","prelist","MEDAN MAIMUN","SEI MATI","LINGKUNGAN 10","","(061) 7860129","C. Industri Pengolahan","Gmaps"],
    ["33094","Lambang Utama. PT","Jl. B. Katamso","prelist","MEDAN MAIMUN","A U R","LINGKUNGAN 4","","(061) 6851651","C. Industri Pengolahan","Gmaps"],
    ["33095","Cahaya Murni Plastik Medan","Jl. Brigjend Katamso No.216B","prelist","MEDAN MAIMUN","KAMPUNG BARU","LINGKUNGAN 9","","(061) 7869934","C. Industri Pengolahan","Gmaps"],
    ["33096","Pabrik Tikar Sutejo","Kp. Baru, Kec. Medan Maimun, Kota Medan, Sumatera Utara 20217","prelist","MEDAN MAIMUN","KAMPUNG BARU","LINGKUNGAN 21","","","C. Industri Pengolahan","Gmaps"],
    ["33097","Tapian Nadenggan. PT","Jl. Mangkubumi No.18","prelist","MEDAN MAIMUN","A U R","LINGKUNGAN 6","","(061) 4538538","C. Industri Pengolahan","Gmaps"],
    ["33098","Shamrock Manufacturing Corporation. PT","Jl. Pemuda No.11","prelist","MEDAN MAIMUN","A U R","LINGKUNGAN 7","","(061) 4520588","C. Industri Pengolahan","Gmaps"],
    ["33099","Kober Industri Plastik. CV","Jl. Haji Misbah","prelist","MEDAN MAIMUN","HAMDAN","LINGKUNGAN 6","","(061) 4531841","C. Industri Pengolahan","Gmaps"],
    ["33100","PT. Plastika Makmur","Unnamed Road, A U R, Kec. Medan Maimun, Kota Medan, Sumatera Utara 20212","prelist","MEDAN MAIMUN","A U R","LINGKUNGAN 8","","","C. Industri Pengolahan","Gmaps"],
    ["33101","AHS Keluarga (Aqua Home Service)","Jl. Brigjend Katamso No.744","prelist","MEDAN MAIMUN","KAMPUNG BARU","LINGKUNGAN 21","","0813-7557-2629","D. Pengadaan Listrik, Gas, Uap/Air Panas dan Udara Dingin","Gmaps"],
    ["33102","Pangkalan Elpiji 3 Kg/Isi Ulang Air Minum","Jl. Brigjend Katamso No.74","prelist","MEDAN MAIMUN","KAMPUNG BARU","LINGKUNGAN 21","","(061) 7678900","D. Pengadaan Listrik, Gas, Uap/Air Panas dan Udara Dingin","Gmaps"],
    ["33103","PANGKALAN GAS LPG ALI MARPAUNG","Jl. Ir. H. Juanda","prelist","MEDAN MAIMUN","SEI MATI","LINGKUNGAN 1","","","D. Pengadaan Listrik, Gas, Uap/Air Panas dan Udara Dingin","Gmaps"],
    ["33104","Pom Bensin S Station","Sei Mati, Kec. Medan Maimun, Kota Medan, Sumatera Utara","prelist","MEDAN MAIMUN","SEI MATI","LINGKUNGAN 10","","0853-5882-1212","D. Pengadaan Listrik, Gas, Uap/Air Panas dan Udara Dingin","Gmaps"],
    ["33105","Woopy Clothing Medan","Kompleks","prelist","MEDAN MAIMUN","A U R","LINGKUNGAN 10","","0811-6550-999","C. Industri Pengolahan","Gmaps"],
    ["33106","Office Bilah Baja Medan","Jalan Cakrawati No.5 (Simpang Jl. Kol. Sugiono / Wazir","prelist","MEDAN MAIMUN","A U R","LINGKUNGAN 5","","(061) 7347000","C. Industri Pengolahan","Gmaps"],
    ["33107","PT. Garda Bhakti Nusantara","No. 12-12A","prelist","MEDAN MAIMUN","A U R","LINGKUNGAN 9","","(061) 4533140","C. Industri Pengolahan","Gmaps"],
    ["33108","Indah Kiat Pulp & Paper Ltd. PT","Jl. Multatuli No.125","prelist","MEDAN MAIMUN","HAMDAN","LINGKUNGAN 6","","","C. Industri Pengolahan","Gmaps"],
    ["33109","Pabrik Kain Ulos","Kp. Baru, Kec. Medan Maimun, Kota Medan, Sumatera Utara 20217","prelist","MEDAN MAIMUN","KAMPUNG BARU","LINGKUNGAN 21","","","C. Industri Pengolahan","Gmaps"],
    ["33110","Global Geo Resources. PT","Jl. Pemuda Baru No.7","prelist","MEDAN MAIMUN","A U R","LINGKUNGAN 7","","0821-6100-9888","C. Industri Pengolahan","Gmaps"],
    ["33111","Anggun Toko","JL Sutomo No.P-334, A U R, Medan Maimun, Medan City, North Sumatra 20212","prelist","MEDAN MAIMUN","A U R","LINGKUNGAN 8","","(061) 4514861","C. Industri Pengolahan","Gmaps"],
    ["33112","Dupont Powder Coating Indonesia. PT","Jl. Brigadir Jenderal Katamso Gang Sahabat","prelist","MEDAN MAIMUN","KAMPUNG BARU","LINGKUNGAN 17","","(061) 77379788","C. Industri Pengolahan","Gmaps"],
    ["33113","Toko Besi Mega Baja","Jl. Brigjend Katamso No.245","prelist","MEDAN MAIMUN","KAMPUNG BARU","LINGKUNGAN 20","","0812-6006-536","C. Industri Pengolahan","Gmaps"],
    ["33114","PT. Sinar Gunung Sawit Raya","Jl. Kol. Sugiono No.10 Def","prelist","MEDAN MAIMUN","A U R","LINGKUNGAN 9","","(061) 4559888","C. Industri Pengolahan","Gmaps"],
    ["33115","Prima Baja Bahana Raya, Cv","Jl. Brigjend Katamso No.469","prelist","MEDAN MAIMUN","SEI MATI","LINGKUNGAN 6","","","C. Industri Pengolahan","Gmaps"],
    ["33116","Sumatra Utara Perkasa Semen. PT","JL P. Mangkubumi C No.8, A U R, Kec. Medan Maimun, Kota Medan, Sumatera Utara 20212","prelist","MEDAN MAIMUN","A U R","LINGKUNGAN 9","","(061) 6940160","C. Industri Pengolahan","Gmaps"],
    ["33117","PT.Berkat Niaga Dunia (Berkat Safety)","Jl. Brigjend Katamso Depan Sentrium Medan No.37F","prelist","MEDAN MAIMUN","A U R","LINGKUNGAN 8","","0852-6110-9883","C. Industri Pengolahan","Gmaps"],
    ["33118","bengkel mobil man service","Jl. Brigjend Katamso Gg. Pelita Ii No.64","prelist","MEDAN MAIMUN","KAMPUNG BARU","LINGKUNGAN 18","","0812-6567-536","G. Perdagangan Besar dan Eceran, Reparasi Mobil dan Sepeda Motor","Gmaps"],
    ["33119","Bengkel Bang Anto","Jl. Multatuli No.78","prelist","MEDAN MAIMUN","HAMDAN","LINGKUNGAN 5","","","G. Perdagangan Besar dan Eceran, Reparasi Mobil dan Sepeda Motor","Gmaps"],
    ["33120","Keluarga Bengkel","Jl. Brigjend Katamso Gg. Pelita Ii No.17 A","prelist","MEDAN MAIMUN","KAMPUNG BARU","LINGKUNGAN 18","","(061) 7872545","G. Perdagangan Besar dan Eceran, Reparasi Mobil dan Sepeda Motor","Gmaps"],
    ["33121","Body Repair Mobil Medan","Jalan Brigjend Katamso","prelist","MEDAN MAIMUN","KAMPUNG BARU","LINGKUNGAN 18","","0852-7518-6399","G. Perdagangan Besar dan Eceran, Reparasi Mobil dan Sepeda Motor","Gmaps"],
    ["33122","Toko Toray","Jl. Multatuli No.3","prelist","MEDAN MAIMUN","J A T I","LINGKUNGAN 3","","0852-0789-1455","C. Industri Pengolahan","Gmaps"],
    ["33123","Berkah Group Percetakan & Konveksi","Gg. Perbatasan Baru Blk. V","prelist","MEDAN MAIMUN","KAMPUNG BARU","LINGKUNGAN 21","","0858-1034-4481","C. Industri Pengolahan","Gmaps"],
    ["33124","Herdin Sablon percetakan & konveksi","Jl. Brigjend Katamso Gg. Kesatria","prelist","MEDAN MAIMUN","SEI MATI","LINGKUNGAN 12","","0882-6487-1806","C. Industri Pengolahan","Gmaps"],
    ["33125","FIZZ KONVEKSI & BORDIR","Jl. Brigjen Katamso No.72 Aur","prelist","MEDAN MAIMUN","SUKARAJA","LINGKUNGAN 6","","0852-6164-0333","C. Industri Pengolahan","Gmaps"],
    ["33126","Big Fat KONVEKSI","Jl. Pemuda Baru Ii No.24","prelist","MEDAN MAIMUN","A U R","LINGKUNGAN 7","","0852-6221-8833","C. Industri Pengolahan","Gmaps"],
    ["33127","Rumah Makan Bu’ Netti","Jl. Brigjend Katamso No.385","prelist","MEDAN MAIMUN","SEI MATI","LINGKUNGAN 4","","0822-6475-4841","C. Industri Pengolahan","Gmaps"],
    ["33128","Dapur Bunda Morin","Jl. Kol. Sugiono","prelist","MEDAN MAIMUN","A U R","LINGKUNGAN 5","","0813-8220-9010","C. Industri Pengolahan","Gmaps"],
    ["33129","FLORAL HOME","Jl. Pemuda No.19 C","prelist","MEDAN MAIMUN","A U R","LINGKUNGAN 7","","","C. Industri Pengolahan","Gmaps"],
    ["33130","Saf Handycraft","Jl. Mantri No.16","prelist","MEDAN MAIMUN","A U R","LINGKUNGAN 4","","(061) 4577716","C. Industri Pengolahan","Gmaps"],
    ["33131","PT. Media Antar Nusa","Jl. Haji Misbah Jl. Komp. Multatuli Indah No.1 Blok D","prelist","MEDAN MAIMUN","A U R","LINGKUNGAN 10","","(061) 4558100","C. Industri Pengolahan","Gmaps"],
    ["33132","Cahaya Motor","Jl. Ir. H. Juanda No.34","prelist","MEDAN MAIMUN","SUKARAJA","LINGKUNGAN 5","","(061) 75114339","G. Perdagangan Besar dan Eceran, Reparasi Mobil dan Sepeda Motor","Gmaps"],
    ["33133","H. ALOK (cat mobil)","Gg. Pelita Ii No.50","prelist","MEDAN MAIMUN","KAMPUNG BARU","LINGKUNGAN 18","","","G. Perdagangan Besar dan Eceran, Reparasi Mobil dan Sepeda Motor","Gmaps"],
    ["33134","Stir Medan","Jl. Brigjend Katamso Gg. Subur Lama No.2M","prelist","MEDAN MAIMUN","KAMPUNG BARU","LINGKUNGAN 17","","0853-7011-8371","G. Perdagangan Besar dan Eceran, Reparasi Mobil dan Sepeda Motor","Gmaps"],
    ["33135","sukaraja service sepeda motor","Jln Ir H Juanda Simp","prelist","MEDAN MAIMUN","SUKARAJA","LINGKUNGAN 6","","0813-6506-5955","G. Perdagangan Besar dan Eceran, Reparasi Mobil dan Sepeda Motor","Gmaps"],
    ["33136","samo raja bengkel","Gg. Jarak","prelist","MEDAN MAIMUN","KAMPUNG BARU","LINGKUNGAN 1","","","G. Perdagangan Besar dan Eceran, Reparasi Mobil dan Sepeda Motor","Gmaps"],
    ["33137","Bengkel Alfi Motor","Jl. Brigjend Katamso No.342","prelist","MEDAN MAIMUN","SEI MATI","LINGKUNGAN 8","","","G. Perdagangan Besar dan Eceran, Reparasi Mobil dan Sepeda Motor","Gmaps"],
    ["33138","Central Motor","Jl. Brigjend Katamso No.314G","prelist","MEDAN MAIMUN","KAMPUNG BARU","LINGKUNGAN 2","","0812-6045-3629","G. Perdagangan Besar dan Eceran, Reparasi Mobil dan Sepeda Motor","Gmaps"],
    ["33139","Kampung baru","Jl. Brigjend Katamso No.775 A","prelist","MEDAN MAIMUN","KAMPUNG BARU","LINGKUNGAN 2","","","G. Perdagangan Besar dan Eceran, Reparasi Mobil dan Sepeda Motor","Gmaps"],
    ["33140","Bengkel TENZO","Jl. Brigjend Katamso No.812","prelist","MEDAN MAIMUN","KAMPUNG BARU","LINGKUNGAN 1","","0852-7060-4369","G. Perdagangan Besar dan Eceran, Reparasi Mobil dan Sepeda Motor","Gmaps"],
    ["33141","AHASS INDAKO PEMUDA","Jl. Pemuda Baru Ii","prelist","MEDAN MAIMUN","A U R","LINGKUNGAN 7","","0821-6060-1604","G. Perdagangan Besar dan Eceran, Reparasi Mobil dan Sepeda Motor","Gmaps"],
    ["33142","Melet Tuning","Gg. Indra","prelist","MEDAN MAIMUN","KAMPUNG BARU","LINGKUNGAN 20","","0812-6338-9685","G. Perdagangan Besar dan Eceran, Reparasi Mobil dan Sepeda Motor","Gmaps"],
    ["33143","Harapan Baru","Jl. Ir. H. Juanda No.1 J","prelist","MEDAN MAIMUN","SUKARAJA","LINGKUNGAN 5","","0812-6022-137","G. Perdagangan Besar dan Eceran, Reparasi Mobil dan Sepeda Motor","Gmaps"],
    ["33144","Green Nitrogen Katamso Medan SPBU 11201103","Jl. Brigjend Katamso No.482","prelist","MEDAN MAIMUN","KAMPUNG BARU","LINGKUNGAN 17","","(021) 29286176","G. Perdagangan Besar dan Eceran, Reparasi Mobil dan Sepeda Motor","Gmaps"],
    ["33145","In & Out Auto Care","Jl. Brigjend Katamso No.332","prelist","MEDAN MAIMUN","SEI MATI","LINGKUNGAN 8","","0822-2006-6640","G. Perdagangan Besar dan Eceran, Reparasi Mobil dan Sepeda Motor","Gmaps"],
    ["33146","Garasi Sahabat","Jl. Teratai No.1A","prelist","MEDAN MAIMUN","HAMDAN","LINGKUNGAN 7","","","G. Perdagangan Besar dan Eceran, Reparasi Mobil dan Sepeda Motor","Gmaps"],
    ["33147","Budi Autodetailing","Jl. Brigjend Katamso No.452","prelist","MEDAN MAIMUN","KAMPUNG BARU","LINGKUNGAN 17","","0821-6695-5199","G. Perdagangan Besar dan Eceran, Reparasi Mobil dan Sepeda Motor","Gmaps"],
    ["33148","Bengkel PISS","Jl. Brigjend Katamso No.799A","prelist","MEDAN MAIMUN","KAMPUNG BARU","LINGKUNGAN 1","","","G. Perdagangan Besar dan Eceran, Reparasi Mobil dan Sepeda Motor","Gmaps"],
    ["33149","Sukaraja Service Fauzi","Jl. Warni","prelist","MEDAN MAIMUN","SUKARAJA","LINGKUNGAN 6","","0813-6506-5955","G. Perdagangan Besar dan Eceran, Reparasi Mobil dan Sepeda Motor","Gmaps"],
    ["33150","SAUDARA JAYA","Jl. Katamso Baru No.95","prelist","MEDAN MAIMUN","SUKARAJA","LINGKUNGAN 1","","(061) 4521898","G. Perdagangan Besar dan Eceran, Reparasi Mobil dan Sepeda Motor","Gmaps"],
    ["33151","Bengkel motor ssm jaya","Jl. Brigjend Katamso No.765","prelist","MEDAN MAIMUN","KAMPUNG BARU","LINGKUNGAN 2","","0821-6520-1293","G. Perdagangan Besar dan Eceran, Reparasi Mobil dan Sepeda Motor","Gmaps"],
    ["33152","Tracto Shop","Jl. Brigjend Katamso Dalam No.16","prelist","MEDAN MAIMUN","A U R","LINGKUNGAN 1","","(061) 4573958","G. Perdagangan Besar dan Eceran, Reparasi Mobil dan Sepeda Motor","Gmaps"],
    ["33153","Mtech58","Jl. Suka Mulia","prelist","MEDAN MAIMUN","A U R","LINGKUNGAN 6","","","G. Perdagangan Besar dan Eceran, Reparasi Mobil dan Sepeda Motor","Gmaps"],
    ["33154","Asahi Mas","Jl. Brigjend Katamso","prelist","MEDAN MAIMUN","KAMPUNG BARU","LINGKUNGAN 2","","(061) 7869670","G. Perdagangan Besar dan Eceran, Reparasi Mobil dan Sepeda Motor","Gmaps"],
    ["33155","AGUNG MOTOR (SPAREPART MOBIL)","Jl. Brigjend Katamso No.700C","prelist","MEDAN MAIMUN","KAMPUNG BARU","LINGKUNGAN 2","","0821-6610-0024","G. Perdagangan Besar dan Eceran, Reparasi Mobil dan Sepeda Motor","Gmaps"],
    ["33156","Pak Men Bengkel","Jl. Multatuli No.11","prelist","MEDAN MAIMUN","HAMDAN","LINGKUNGAN 4","","","G. Perdagangan Besar dan Eceran, Reparasi Mobil dan Sepeda Motor","Gmaps"],
    ["33157","Bengkel Oto Klinik Bodyrepair (OKB)","Jalan Bz Hamid No.812","prelist","MEDAN MAIMUN","KAMPUNG BARU","LINGKUNGAN 1","","0852-7060-4369","G. Perdagangan Besar dan Eceran, Reparasi Mobil dan Sepeda Motor","Gmaps"],
    ["33158","Omega Service","Jl. Ir. H. Juanda No.71","prelist","MEDAN MAIMUN","SUKARAJA","LINGKUNGAN 1","","(061) 4519095","G. Perdagangan Besar dan Eceran, Reparasi Mobil dan Sepeda Motor","Gmaps"],
    ["33172","PT INDOTEKNIK TJANDRA UTAMA","Jl. Brigjend Katamso Kompleks Istana Prima 2 No.F-3","prelist","MEDAN MAIMUN","SEI MATI","LINGKUNGAN 10","","","F. Konstruksi","Gmaps"],
    ["33173","Karya Utama Mandiri. CV","Jl. Brigjend Katamso No.43-I","prelist","MEDAN MAIMUN","A U R","LINGKUNGAN 8","","(061) 4142802","F. Konstruksi","Gmaps"],
    ["33174","Fomoti Mobil Derek","JL Rahmadsyah, no 28 B, Medan, 20215, Kampung Baru, Medan Maimun, Medan City, North Sumatra 20215","prelist","MEDAN MAIMUN","KAMPUNG BARU","LINGKUNGAN 17","","(061) 7341158","G. Perdagangan Besar dan Eceran, Reparasi Mobil dan Sepeda Motor","Gmaps"],
    ["33175","Big Ban","Jl. Brigjend Katamso","prelist","MEDAN MAIMUN","SEI MATI","LINGKUNGAN 9","","","G. Perdagangan Besar dan Eceran, Reparasi Mobil dan Sepeda Motor","Gmaps"],
    ["33176","PANCA AGUNG MOTOR","Jl. Brigjend Katamso No.314B 712","prelist","MEDAN MAIMUN","KAMPUNG BARU","LINGKUNGAN 2","","0812-6077-100","G. Perdagangan Besar dan Eceran, Reparasi Mobil dan Sepeda Motor","Gmaps"],
    ["33177","LUBIS BAN","Jl. Brigjend Katamso","prelist","MEDAN MAIMUN","SEI MATI","LINGKUNGAN 6","","","G. Perdagangan Besar dan Eceran, Reparasi Mobil dan Sepeda Motor","Gmaps"],
    ["33178","Shell Helix Autocare Asahi Mas","Jl. Brigjend Katamso No.759","prelist","MEDAN MAIMUN","KAMPUNG BARU","LINGKUNGAN 2","","(061) 7869670","G. Perdagangan Besar dan Eceran, Reparasi Mobil dan Sepeda Motor","Gmaps"],
    ["33179","YAMAH KATAMSO","Jl. Brigjend Katamso No.156 -I","prelist","MEDAN MAIMUN","KAMPUNG BARU","LINGKUNGAN 11","","","G. Perdagangan Besar dan Eceran, Reparasi Mobil dan Sepeda Motor","Gmaps"],
    ["33180","CV.Gemilang Jaya","Jl. Palang Merah No.37","prelist","MEDAN MAIMUN","A U R","LINGKUNGAN 9","","(061) 4571066","G. Perdagangan Besar dan Eceran, Reparasi Mobil dan Sepeda Motor","Gmaps"],
    ["33181","Bengkel Ucok Radiator","Jl. Brigjend Katamso Gg. Setia Baru No.13","prelist","MEDAN MAIMUN","KAMPUNG BARU","LINGKUNGAN 19","","0822-7258-3439","G. Perdagangan Besar dan Eceran, Reparasi Mobil dan Sepeda Motor","Gmaps"],
    ["33182","Karlim, UD","Jl. Brigjend Katamso No.232","prelist","MEDAN MAIMUN","SEI MATI","LINGKUNGAN 8","","(061) 7860336","F. Konstruksi","Gmaps"],
    ["33183","PT Solusi Tunas Pratama Tbk. (STP Tower) - Medan","Jl. Brigjend Katamso No.53","prelist","MEDAN MAIMUN","A U R","LINGKUNGAN 3","","(061) 88816041","F. Konstruksi","Gmaps"],
    ["33184","Agung Cemara Realty. PT","Jl. Jenderal Sudirman No.29","prelist","MEDAN MAIMUN","J A T I","LINGKUNGAN 1","","(061) 4155355","F. Konstruksi","Gmaps"],
    ["33185","cv. bangun jaya abadi","Jl. Brigjend Katamso","prelist","MEDAN MAIMUN","SEI MATI","LINGKUNGAN 10","","0821-7878-9389","F. Konstruksi","Gmaps"],
    ["33186","PT. ASIA BETON","Jl. Pemuda Baru No.5A","prelist","MEDAN MAIMUN","A U R","LINGKUNGAN 7","","(061) 4566857","F. Konstruksi","Gmaps"],
    ["33187","PT KARYA PUTRA MADINA","Jl. Brigjend Katamso No.295","prelist","MEDAN MAIMUN","KAMPUNG BARU","LINGKUNGAN 17","","0813-7070-4708","F. Konstruksi","Gmaps"],
    ["33188","Kantor PT. M. JUSUF & SONS","Jl. Kantil No.7","prelist","MEDAN MAIMUN","HAMDAN","LINGKUNGAN 8","","","F. Konstruksi","Gmaps"],
    ["33189","Green Park Office","Komplek Centrium No.47 Sudut","prelist","MEDAN MAIMUN","A U R","LINGKUNGAN 3","","(061) 44025081","F. Konstruksi","Gmaps"],
    ["33190","Darwinsyah Surveindo","Jl. Brigjend Katamso Gg. Penghulu Lama No.9","prelist","MEDAN MAIMUN","KAMPUNG BARU","LINGKUNGAN 2","","0813-7747-1920","F. Konstruksi","Gmaps"],
    ["33191","Jaya Intero (Baja ringan, PLAFON specialis)","Jl. Brigjend Katamso No.723","prelist","MEDAN MAIMUN","KAMPUNG BARU","LINGKUNGAN 7","","0821-6863-9543","F. Konstruksi","Gmaps"],
    ["33192","Tamoratama Prakarsa. PT","Jl. Brigadir Jenderal Katamso No.162 80","prelist","MEDAN MAIMUN","SEI MATI","LINGKUNGAN 6","","(061) 4532872","F. Konstruksi","Gmaps"],
    ["33193","Sibakom. PT","Jl. Brigjend Katamso No.39 - Cde","prelist","MEDAN MAIMUN","A U R","LINGKUNGAN 8","","(061) 4515386","F. Konstruksi","Gmaps"],
    ["33194","Sinar Merapi","Kompleks Istana Bisnis Center","prelist","MEDAN MAIMUN","SUKARAJA","LINGKUNGAN 7","","(061) 4536519","F. Konstruksi","Gmaps"],
    ["33195","Sopo Godang Hkbp Sudirman","Jl. Jenderal Sudirman No.17A","prelist","MEDAN MAIMUN","J A T I","LINGKUNGAN 1","","","L. Real Estat","Gmaps"],
    ["33196","Convention hall Toba","Jl. Palang Merah","prelist","MEDAN MAIMUN","HAMDAN","LINGKUNGAN 10","","","L. Real Estat","Gmaps"],
    ["33197","Asosiasi Pengembang Perumahan dan Permukiman Seluruh Indonesia (APERSI) - DPD Sumatera Utara","Jl. Ir. H. Juanda Baru","prelist","MEDAN MAIMUN","J A T I","LINGKUNGAN 1","","(061) 7351111","L. Real Estat","Gmaps"],
    ["33198","Laura Consultant","Jl. Pemuda No.6","prelist","MEDAN MAIMUN","A U R","LINGKUNGAN 7","","(061) 4519093","F. Konstruksi","Gmaps"],
    ["33199","Putra ducting medan","Jl. Brigjend Katamso","prelist","MEDAN MAIMUN","SEI MATI","LINGKUNGAN 9","","0812-6417-1920","F. Konstruksi","Gmaps"],
    ["33200","DJOENtak Flo","Jl. Brigjen Katamso","prelist","MEDAN MAIMUN","KAMPUNG BARU","LINGKUNGAN 10","","","F. Konstruksi","Gmaps"],
    ["33201","Panorama Gultom","Jl. Mahkamah No.76D","prelist","MEDAN MAIMUN","SUKARAJA","LINGKUNGAN 7","","0812-6543-8617","F. Konstruksi","Gmaps"],
    ["33202","SEWA Scaffolding Medan Sumatera","Jl. Brigjend Katamso No.408","prelist","MEDAN MAIMUN","SEI MATI","LINGKUNGAN 7","","0811-6512-111","F. Konstruksi","Gmaps"],
    ["33203","Rumah Mas nanang","Jl. Brigjend Katamso","prelist","MEDAN MAIMUN","KAMPUNG BARU","LINGKUNGAN 17","","","F. Konstruksi","Gmaps"],
    ["33204","build by habibi","Gg. Abdul Muluk No.20","prelist","MEDAN MAIMUN","SEI MATI","LINGKUNGAN 3","","0852-1015-1211","F. Konstruksi","Gmaps"],
    ["33205","PT. Karya udara sahabat","Jl. Brigjend Katamso Gg. Merdeka","prelist","MEDAN MAIMUN","SEI MATI","LINGKUNGAN 8","","","F. Konstruksi","Gmaps"],
    ["33221","medan","Jl. Brigjend Katamso No.387","prelist","MEDAN MAIMUN","SEI MATI","LINGKUNGAN 4","","0877-8938-1269","L. Real Estat","Gmaps"],
    ["33222","Deli Baru UD","Jl. Brigjend Katamso No.390","prelist","MEDAN MAIMUN","KAMPUNG BARU","LINGKUNGAN 19","","(061) 4144031","F. Konstruksi","Gmaps"],
    ["33223","Mandiri. UD","Jl. Pemuda No.14-C","prelist","MEDAN MAIMUN","A U R","LINGKUNGAN 5","","0819-833-223","F. Konstruksi","Gmaps"],
    ["33224","Pt Anugerah Mentari Abadi","Jl. Brigjend Katamso No.449","prelist","MEDAN MAIMUN","SEI MATI","LINGKUNGAN 6","","0821-6500-9998","F. Konstruksi","Gmaps"],
    ["33225","Toko Besi Batam Jaya","Jl. Ir. H. Juanda No.123","prelist","MEDAN MAIMUN","SUKARAJA","LINGKUNGAN 1","","(061) 4515078","F. Konstruksi","Gmaps"],
    ["33226","TOKO BESI SURYA JAYA","Jl. Brigjend Katamso No.222C","prelist","MEDAN MAIMUN","KAMPUNG BARU","LINGKUNGAN 20","","0812-6527-642","F. Konstruksi","Gmaps"],
    ["33227","Decorindo Jaya. PT","Jl. Brigjend Katamso No.458 B","prelist","MEDAN MAIMUN","KAMPUNG BARU","LINGKUNGAN 17","","(061) 7852315","F. Konstruksi","Gmaps"],
    ["33228","TOKO KITA JAYA","Jl. Brigjend Katamso No.565","prelist","MEDAN MAIMUN","KAMPUNG BARU","LINGKUNGAN 10","","0811-489-807","F. Konstruksi","Gmaps"],
    ["33229","Toko Putri Mandiri Teknik","Jl. Brigjend Katamso No.345","prelist","MEDAN MAIMUN","SEI MATI","LINGKUNGAN 3","","(061) 4551932","F. Konstruksi","Gmaps"],
    ["33230","Mitra Dunia Baru Perkasa PT","Komplek Multatuli Indah No.35 Bl Ff","prelist","MEDAN MAIMUN","HAMDAN","LINGKUNGAN 6","","(061) 4576754","F. Konstruksi","Gmaps"],
    ["33231","Toko Santosa Bahan bangunan dan teknik","Jl. Brigjend Katamso No.249","prelist","MEDAN MAIMUN","SUKARAJA","LINGKUNGAN 7","","0812-6590-002","F. Konstruksi","Gmaps"],
    ["33232","Meriam Puntung","Jl. Brigjend Katamso No.118","prelist","MEDAN MAIMUN","A U R","LINGKUNGAN 1","","","L. Real Estat","Gmaps"],
    ["33233","Edelweiss Gown & Safari Videography","Komplek Istana Prima 2 Blok B3-B4","prelist","MEDAN MAIMUN","SEI MATI","LINGKUNGAN 10","","(061) 4528225","L. Real Estat","Gmaps"],
    ["33234","Indomaret Katamso Pantai Burung","Jl. Brigjend Katamso No.60","prelist","MEDAN MAIMUN","A U R","LINGKUNGAN 2","","","G. Perdagangan Besar dan Eceran, Reparasi Mobil dan Sepeda Motor","Gmaps"],
    ["33235","Indomaret Suka Mulia","Jl. Suka Mulia No.A - 7","prelist","MEDAN MAIMUN","A U R","LINGKUNGAN 6","","","G. Perdagangan Besar dan Eceran, Reparasi Mobil dan Sepeda Motor","Gmaps"],
    ["33236","Medan Jaya","Jl. Brigjend Katamso No.25B","prelist","MEDAN MAIMUN","A U R","LINGKUNGAN 8","","(061) 4512601","G. Perdagangan Besar dan Eceran, Reparasi Mobil dan Sepeda Motor","Gmaps"],
    ["33237","Toko Prima","Jl. Brigjend Katamso No.352","prelist","MEDAN MAIMUN","SEI MATI","LINGKUNGAN 8","","","G. Perdagangan Besar dan Eceran, Reparasi Mobil dan Sepeda Motor","Gmaps"],
    ["33238","Toko Sembako Aurel","Jl. Brigjend Katamso No.515","prelist","MEDAN MAIMUN","SEI MATI","LINGKUNGAN 6","","","G. Perdagangan Besar dan Eceran, Reparasi Mobil dan Sepeda Motor","Gmaps"],
    ["33239","TOKO SEMBAKO PUTRA TAMIANG","kawasan multatuli, Blk. BB - CC Jl. Multatuli No.48, Hamdan, Kec. Medan Maimun, Kota Medan, Sumatera Utara 20212","prelist","MEDAN MAIMUN","HAMDAN","LINGKUNGAN 5","","","G. Perdagangan Besar dan Eceran, Reparasi Mobil dan Sepeda Motor","Gmaps"],
    ["33240","Toko Beras \"JAMFADLY MART\"","Jl. Brigjend Katamso No.431","prelist","MEDAN MAIMUN","KAMPUNG BARU","LINGKUNGAN 8","","","G. Perdagangan Besar dan Eceran, Reparasi Mobil dan Sepeda Motor","Gmaps"],
    ["33241","Toko Warung Sembako Mbak Syifa","Jl. Bahagia No.24","prelist","MEDAN MAIMUN","SUKARAJA","LINGKUNGAN 5","","0821-6594-5858","G. Perdagangan Besar dan Eceran, Reparasi Mobil dan Sepeda Motor","Gmaps"],
    ["33242","RUMAH SEWA DITENGAH KOTA MEDAN","Jl. Brigjend Katamso Gg. Perdamaian No.18","prelist","MEDAN MAIMUN","SEI MATI","LINGKUNGAN 1","","","L. Real Estat","Gmaps"],
    ["33243","HB Group","Jl. H. Misbah Kompl Multatuli Indah No.35 Bl D","prelist","MEDAN MAIMUN","HAMDAN","LINGKUNGAN 6","","(061) 4575434","L. Real Estat","Gmaps"],
    ["33244","Badut lucu sulap medan","Jl. Multatuli","prelist","MEDAN MAIMUN","HAMDAN","LINGKUNGAN 3","","0853-7387-5691","L. Real Estat","Gmaps"],
    ["33245","AGEN BANPOL","Jl. Ps. Senen","prelist","MEDAN MAIMUN","KAMPUNG BARU","LINGKUNGAN 4","","","L. Real Estat","Gmaps"],
    ["33246","Graha Crown Property","Jl. Brigjend Katamso No.39 N","prelist","MEDAN MAIMUN","A U R","LINGKUNGAN 8","","(061) 4569838","L. Real Estat","Gmaps"],
    ["33247","Prima Freshmart Brigjend Katamso","Jl. Brigjend Katamso No.311F","prelist","MEDAN MAIMUN","KAMPUNG BARU","LINGKUNGAN 2","","0817-6034-792","G. Perdagangan Besar dan Eceran, Reparasi Mobil dan Sepeda Motor","Gmaps"],
    ["33248","SMARCO SUPERMART","Jl. Ir. H. Juanda No.63","prelist","MEDAN MAIMUN","J A T I","LINGKUNGAN 1","","0812-3988-3655","G. Perdagangan Besar dan Eceran, Reparasi Mobil dan Sepeda Motor","Gmaps"],
    ["33249","Bright alfamart katamso","Jl. Brigjend Katamso","prelist","MEDAN MAIMUN","KAMPUNG BARU","LINGKUNGAN 17","","","G. Perdagangan Besar dan Eceran, Reparasi Mobil dan Sepeda Motor","Gmaps"],
    ["33250","INDOMARET PEMUDA","Jl. Mangkubumi","prelist","MEDAN MAIMUN","A U R","LINGKUNGAN 5","","","G. Perdagangan Besar dan Eceran, Reparasi Mobil dan Sepeda Motor","Gmaps"],
    ["33251","Toko Samosir","Jl. Mangkubumi No.8","prelist","MEDAN MAIMUN","A U R","LINGKUNGAN 9","","0813-7038-6922","G. Perdagangan Besar dan Eceran, Reparasi Mobil dan Sepeda Motor","Gmaps"],
    ["33252","Bintang Baru","Jl. Brigjend Katamso No.33 Blok B-C","prelist","MEDAN MAIMUN","A U R","LINGKUNGAN 8","","(061) 4517925","G. Perdagangan Besar dan Eceran, Reparasi Mobil dan Sepeda Motor","Gmaps"],
    ["33253","Toko Pak Haji","Jl. Brigjend Katamso","prelist","MEDAN MAIMUN","SEI MATI","LINGKUNGAN 7","","(061) 7876800","G. Perdagangan Besar dan Eceran, Reparasi Mobil dan Sepeda Motor","Gmaps"],
    ["33254","TOKO M. NAULI","Jl. Ir. H. Juanda No.19","prelist","MEDAN MAIMUN","SUKARAJA","LINGKUNGAN 5","","0852-2759-9368","G. Perdagangan Besar dan Eceran, Reparasi Mobil dan Sepeda Motor","Gmaps"],
    ["33255","Yulie","Jl. Brigjend Katamso No.227","prelist","MEDAN MAIMUN","SUKARAJA","LINGKUNGAN 7","","(061) 4533883","G. Perdagangan Besar dan Eceran, Reparasi Mobil dan Sepeda Motor","Gmaps"],
    ["33256","Toko Sofian","Jl. Multatuli No.11","prelist","MEDAN MAIMUN","J A T I","LINGKUNGAN 3","","0852-6284-5950","G. Perdagangan Besar dan Eceran, Reparasi Mobil dan Sepeda Motor","Gmaps"],
    ["33257","Alfamart Surya Jaya","Kp. Baru, Kec. Medan Maimun, Kota Medan, Sumatera Utara","prelist","MEDAN MAIMUN","KAMPUNG BARU","LINGKUNGAN 20","","0813-9856-9568","G. Perdagangan Besar dan Eceran, Reparasi Mobil dan Sepeda Motor","Gmaps"],
    ["33258","YES248 Kol. Sugiono","Jl. Kol. Sugiono No.9","prelist","MEDAN MAIMUN","A U R","LINGKUNGAN 5","","","G. Perdagangan Besar dan Eceran, Reparasi Mobil dan Sepeda Motor","Gmaps"],
    ["33259","Toko Sintia / mini market sintia","Gg. Perdamaian No.14","prelist","MEDAN MAIMUN","SEI MATI","LINGKUNGAN 1","","0812-6364-0078","G. Perdagangan Besar dan Eceran, Reparasi Mobil dan Sepeda Motor","Gmaps"],
    ["33260","Warung Burju Silalahi","Unnamed Road, Hamdan, Kec. Medan Maimun, Kota Medan, Sumatera Utara 20212","prelist","MEDAN MAIMUN","HAMDAN","LINGKUNGAN 3","","","G. Perdagangan Besar dan Eceran, Reparasi Mobil dan Sepeda Motor","Gmaps"],
    ["33261","Maternal Disaster Store Medan","Jl. Letjen Suprapto No.3E","prelist","MEDAN MAIMUN","A U R","LINGKUNGAN 4","","0813-1000-8913","G. Perdagangan Besar dan Eceran, Reparasi Mobil dan Sepeda Motor","Gmaps"],
    ["33262","AZKO - Medan Juanda","Jl. Ir. H. Juanda No.88","prelist","MEDAN MAIMUN","SUKARAJA","LINGKUNGAN 2","","0812-6577-328","G. Perdagangan Besar dan Eceran, Reparasi Mobil dan Sepeda Motor","Gmaps"],
    ["33263","Deli Store Suprapto","Jl. Letjen Suprapto No.3 M-N","prelist","MEDAN MAIMUN","A U R","LINGKUNGAN 4","","0811-6111-714","G. Perdagangan Besar dan Eceran, Reparasi Mobil dan Sepeda Motor","Gmaps"],
    ["33264","Pasar Swalayan Maju Bersama Mangkubumi","Jl. Mangkubumi No.3-5","prelist","MEDAN MAIMUN","A U R","LINGKUNGAN 9","","(061) 4510694","G. Perdagangan Besar dan Eceran, Reparasi Mobil dan Sepeda Motor","Gmaps"],
    ["33265","Wae Mart Katamso","Jl. Brigjend Katamso No.238C","prelist","MEDAN MAIMUN","KAMPUNG BARU","LINGKUNGAN 17","","","G. Perdagangan Besar dan Eceran, Reparasi Mobil dan Sepeda Motor","Gmaps"],
    ["33266","Toko Mifta / Mifta Ponsel","Jl. Ir. H. Juanda No.108A/29","prelist","MEDAN MAIMUN","SUKARAJA","LINGKUNGAN 1","","0852-9602-1786","G. Perdagangan Besar dan Eceran, Reparasi Mobil dan Sepeda Motor","Gmaps"],
    ["33267","UD Indojaya Stationery","Jl. Brigjend Katamso No.778 D","prelist","MEDAN MAIMUN","KAMPUNG BARU","LINGKUNGAN 2","","(061) 7851711","G. Perdagangan Besar dan Eceran, Reparasi Mobil dan Sepeda Motor","Gmaps"],
    ["33268","UD Pandora","Likeking, Kec. Medan Maimun, Kota Medan, Sumatera Utara 20212","prelist","MEDAN MAIMUN","SUKARAJA","LINGKUNGAN 6","","","G. Perdagangan Besar dan Eceran, Reparasi Mobil dan Sepeda Motor","Gmaps"],
    ["33269","Toko Budi","Jl. Ir. H. Juanda No.44","prelist","MEDAN MAIMUN","SUKARAJA","LINGKUNGAN 1","","0813-7073-4655","G. Perdagangan Besar dan Eceran, Reparasi Mobil dan Sepeda Motor","Gmaps"],
    ["33270","Bintang Anugrah Water Ro","Gg. Perbatasan Jl. Brigjend Katamso","prelist","MEDAN MAIMUN","KAMPUNG BARU","LINGKUNGAN 21","","0852-6239-5655","G. Perdagangan Besar dan Eceran, Reparasi Mobil dan Sepeda Motor","Gmaps"],
    ["33271","Toko Moses Sinaga usaha jaya","Prasejahtra Ii, Kp. Baru, Kec. Medan Maimun, Kota Medan, Sumatera Utara 20124","prelist","MEDAN MAIMUN","KAMPUNG BARU","LINGKUNGAN 21","","0812-6460-8498","G. Perdagangan Besar dan Eceran, Reparasi Mobil dan Sepeda Motor","Gmaps"],
    ["33272","TOKO MAHIRA","Jl. Samanhudi No.25","prelist","MEDAN MAIMUN","J A T I","LINGKUNGAN 3","","0813-6150-8292","G. Perdagangan Besar dan Eceran, Reparasi Mobil dan Sepeda Motor","Gmaps"],
    ["33273","Budi Mart & Fotocopy","Jl. Brigjend Katamso No.410","prelist","MEDAN MAIMUN","SEI MATI","LINGKUNGAN 5","","0852-6144-6198","G. Perdagangan Besar dan Eceran, Reparasi Mobil dan Sepeda Motor","Gmaps"],
    ["33274","Mitra Toko","Hamdan, Kec. Medan Maimun, Kota Medan, Sumatera Utara 20212","prelist","MEDAN MAIMUN","HAMDAN","LINGKUNGAN 10","","(061) 4153213","G. Perdagangan Besar dan Eceran, Reparasi Mobil dan Sepeda Motor","Gmaps"],
    ["33275","Roemah Sprei","D Jl. Kol. Sugiono No.6C, A U R, Medan Maimun, Medan City, North Sumatra 20151","prelist","MEDAN MAIMUN","A U R","LINGKUNGAN 9","","(061) 42006505","G. Perdagangan Besar dan Eceran, Reparasi Mobil dan Sepeda Motor","Gmaps"],
    ["33276","Acai Jaya","Jl. Brigjend Katamso No.70-72","prelist","MEDAN MAIMUN","A U R","LINGKUNGAN 2","","0853-6201-9999","G. Perdagangan Besar dan Eceran, Reparasi Mobil dan Sepeda Motor","Gmaps"],
    ["33277","Tiara Market","Jl. Bahagia No.35","prelist","MEDAN MAIMUN","SUKARAJA","LINGKUNGAN 5","","0822-6186-2288","G. Perdagangan Besar dan Eceran, Reparasi Mobil dan Sepeda Motor","Gmaps"],
    ["33278","Perintis Fashion","Gg. Intan No.Mor 26","prelist","MEDAN MAIMUN","KAMPUNG BARU","LINGKUNGAN 11","","0822-7959-4591","G. Perdagangan Besar dan Eceran, Reparasi Mobil dan Sepeda Motor","Gmaps"],
    ["33279","Grosir Cantik","Jalan Pusat Pasar","prelist","MEDAN MAIMUN","A U R","LINGKUNGAN 8","","","G. Perdagangan Besar dan Eceran, Reparasi Mobil dan Sepeda Motor","Gmaps"],
    ["33280","Pajak Warna","Sukaraja, Kec. Medan Maimun, Kota Medan, Sumatera Utara 20212","prelist","MEDAN MAIMUN","SUKARAJA","LINGKUNGAN 6","","","G. Perdagangan Besar dan Eceran, Reparasi Mobil dan Sepeda Motor","Gmaps"],
    ["33281","PD Pasar Kota Medan Unit Pasar Kampung Baru","Jl. Brigjend Katamso No.1","prelist","MEDAN MAIMUN","KAMPUNG BARU","LINGKUNGAN 8","","","G. Perdagangan Besar dan Eceran, Reparasi Mobil dan Sepeda Motor","Gmaps"],
    ["33282","Y","Jl. Pemuda No.3","prelist","MEDAN MAIMUN","A U R","LINGKUNGAN 7","","0852-9716-3218","G. Perdagangan Besar dan Eceran, Reparasi Mobil dan Sepeda Motor","Gmaps"],
    ["33283","Kede Wak Abi","Jl. Multatuli Lorong V No.7","prelist","MEDAN MAIMUN","HAMDAN","LINGKUNGAN 6","","","G. Perdagangan Besar dan Eceran, Reparasi Mobil dan Sepeda Motor","Gmaps"],
    ["33284","depot air frez water jln mangkubumi no 6","Jl. Mangkubumi No.6","prelist","MEDAN MAIMUN","A U R","LINGKUNGAN 9","","0813-7488-7138","G. Perdagangan Besar dan Eceran, Reparasi Mobil dan Sepeda Motor","Gmaps"],
    ["33285","Sumber Murni. Cv","Jl. Brigjend Katamso No.39K","prelist","MEDAN MAIMUN","A U R","LINGKUNGAN 8","","","G. Perdagangan Besar dan Eceran, Reparasi Mobil dan Sepeda Motor","Gmaps"],
    ["33286","Toko Matahari","Jl. Mantri No.9","prelist","MEDAN MAIMUN","A U R","LINGKUNGAN 3","","(061) 77501818","G. Perdagangan Besar dan Eceran, Reparasi Mobil dan Sepeda Motor","Gmaps"],
    ["33287","BOLDe STORE MEDAN KATAMSO","Jl. Brigjend Katamso No.29E","prelist","MEDAN MAIMUN","A U R","LINGKUNGAN 8","","","G. Perdagangan Besar dan Eceran, Reparasi Mobil dan Sepeda Motor","Gmaps"],
    ["33299","Aneka Indah Perabot","Jl. Brigjend Katamso No.729","prelist","MEDAN MAIMUN","KAMPUNG BARU","LINGKUNGAN 7","","0823-6770-7822","G. Perdagangan Besar dan Eceran, Reparasi Mobil dan Sepeda Motor","Gmaps"],
    ["33300","Toko Mika","Jl. Multatuli No.79","prelist","MEDAN MAIMUN","HAMDAN","LINGKUNGAN 2","","0812-6493-3925","G. Perdagangan Besar dan Eceran, Reparasi Mobil dan Sepeda Motor","Gmaps"],
    ["33301","Zafa Kurma - Baarik Madu House","Jl. Brigjend Katamso Gg. Kenanga No.22","prelist","MEDAN MAIMUN","KAMPUNG BARU","LINGKUNGAN 8","","0813-9662-8125","G. Perdagangan Besar dan Eceran, Reparasi Mobil dan Sepeda Motor","Gmaps"],
    ["33302","Toko Aiman 3 Grosir Dan Eceran","Jl. Brigjend Katamso No.224A","prelist","MEDAN MAIMUN","SEI MATI","LINGKUNGAN 11","","","G. Perdagangan Besar dan Eceran, Reparasi Mobil dan Sepeda Motor","Gmaps"],
    ["33303","Grosir Ikan Cupang","Kp. Baru, Kec. Medan Maimun, Kota Medan, Sumatera Utara 20217","prelist","MEDAN MAIMUN","KAMPUNG BARU","LINGKUNGAN 3","","0812-6042-3715","G. Perdagangan Besar dan Eceran, Reparasi Mobil dan Sepeda Motor","Gmaps"],
    ["33304","gudang boneka","Jl. Mantri No.8","prelist","MEDAN MAIMUN","A U R","LINGKUNGAN 3","","","G. Perdagangan Besar dan Eceran, Reparasi Mobil dan Sepeda Motor","Gmaps"],
    ["33305","Beauty World Medan","Jl. Pemuda No.13","prelist","MEDAN MAIMUN","A U R","LINGKUNGAN 7","","0811-650-633","G. Perdagangan Besar dan Eceran, Reparasi Mobil dan Sepeda Motor","Gmaps"],
    ["33306","NENENG SUI","A U R, Kec. Medan Maimun, Kota Medan, Sumatera Utara 20212","prelist","MEDAN MAIMUN","A U R","LINGKUNGAN 3","","0821-6757-0188","G. Perdagangan Besar dan Eceran, Reparasi Mobil dan Sepeda Motor","Gmaps"],
    ["33307","Murni","Jl. Brigjend Katamso No.104","prelist","MEDAN MAIMUN","A U R","LINGKUNGAN 1","","(061) 8451628","G. Perdagangan Besar dan Eceran, Reparasi Mobil dan Sepeda Motor","Gmaps"],
    ["33308","Toko grosir sabena","Jl. H. Misbah No.22G","prelist","MEDAN MAIMUN","HAMDAN","LINGKUNGAN 7","","","G. Perdagangan Besar dan Eceran, Reparasi Mobil dan Sepeda Motor","Gmaps"],
    ["33309","Medan Jaya Toko","Gg. Datuk No.46","prelist","MEDAN MAIMUN","KAMPUNG BARU","LINGKUNGAN 11","","(061) 4512601","G. Perdagangan Besar dan Eceran, Reparasi Mobil dan Sepeda Motor","Gmaps"],
    ["33310","Grosir Beras Sukaraja","Jl. Warna","prelist","MEDAN MAIMUN","SUKARAJA","LINGKUNGAN 6","","","G. Perdagangan Besar dan Eceran, Reparasi Mobil dan Sepeda Motor","Gmaps"],
    ["33311","Ruko Langit Biru","Jl. H. Misbah No.D17","prelist","MEDAN MAIMUN","HAMDAN","LINGKUNGAN 1","","","G. Perdagangan Besar dan Eceran, Reparasi Mobil dan Sepeda Motor","Gmaps"],
    ["33312","Toko Masta","Jl. Gaharu Blk. F No.5","prelist","MEDAN MAIMUN","A U R","LINGKUNGAN 10","","0852-6206-6238","G. Perdagangan Besar dan Eceran, Reparasi Mobil dan Sepeda Motor","Gmaps"],
    ["33313","Mandiri Utama CV.","Jl. Samanhudi","prelist","MEDAN MAIMUN","HAMDAN","LINGKUNGAN 6","","(061) 7871551","G. Perdagangan Besar dan Eceran, Reparasi Mobil dan Sepeda Motor","Gmaps"],
    ["33314","PRIMA LED","Jl. Brigjend Katamso No.402 B","prelist","MEDAN MAIMUN","SEI MATI","LINGKUNGAN 7","","0812-6003-0024","G. Perdagangan Besar dan Eceran, Reparasi Mobil dan Sepeda Motor","Gmaps"],
    ["33315","Bimanusa Rajawali. PT","Jl. Brigjend Katamso No.25","prelist","MEDAN MAIMUN","A U R","LINGKUNGAN 8","","(061) 4147716","G. Perdagangan Besar dan Eceran, Reparasi Mobil dan Sepeda Motor","Gmaps"],
    ["33316","Smarco Bottle Shop","Jl. Ir. H. Juanda No.63","prelist","MEDAN MAIMUN","J A T I","LINGKUNGAN 1","","0853-6159-8230","G. Perdagangan Besar dan Eceran, Reparasi Mobil dan Sepeda Motor","Gmaps"],
    ["33317","Kencana Perabot","Jl. Mahkamah No.64 A","prelist","MEDAN MAIMUN","A U R","LINGKUNGAN 8","","0813-6308-8663","G. Perdagangan Besar dan Eceran, Reparasi Mobil dan Sepeda Motor","Gmaps"],
    ["33318","PT. MGS","A U R, Kec. Medan Maimun, Kota Medan, Sumatera Utara 20212","prelist","MEDAN MAIMUN","A U R","LINGKUNGAN 10","","(061) 42006228","G. Perdagangan Besar dan Eceran, Reparasi Mobil dan Sepeda Motor","Gmaps"],
    ["33319","Samad & Sons Carpets | Toko Karpet Import - Toko karpet - Distributor Karpet","Jl. Brigjend Katamso","prelist","MEDAN MAIMUN","A U R","LINGKUNGAN 4","","(061) 4566652","G. Perdagangan Besar dan Eceran, Reparasi Mobil dan Sepeda Motor","Gmaps"],
    ["33320","KATAMSO ELECTRONIC | Toko Elektronik , Komputer , CCTV & Handphone Murah Medan","Jl. Brigjend Katamso No.698","prelist","MEDAN MAIMUN","KAMPUNG BARU","LINGKUNGAN 4","","0811-619-608","G. Perdagangan Besar dan Eceran, Reparasi Mobil dan Sepeda Motor","Gmaps"],
    ["33321","Setia Baru","Jl. Kol. Sugiono No.10-E","prelist","MEDAN MAIMUN","A U R","LINGKUNGAN 9","","(061) 4145524","G. Perdagangan Besar dan Eceran, Reparasi Mobil dan Sepeda Motor","Gmaps"],
    ["33322","Universal Cabbage Indonesia","Hamdan, Kec. Medan Maimun, Kota Medan, Sumatera Utara 20151","prelist","MEDAN MAIMUN","HAMDAN","LINGKUNGAN 8","","0812-8724-7540","G. Perdagangan Besar dan Eceran, Reparasi Mobil dan Sepeda Motor","Gmaps"],
    ["33323","Cahaya panenn electronic","Jl. Brigjend Katamso No.721 A","prelist","MEDAN MAIMUN","KAMPUNG BARU","LINGKUNGAN 7","","0812-6920-7808","G. Perdagangan Besar dan Eceran, Reparasi Mobil dan Sepeda Motor","Gmaps"],
    ["33324","Cakrawala Mega Indah. PT","Komplek Multatuli Indah Lestari Blok E/35","prelist","MEDAN MAIMUN","J A T I","LINGKUNGAN 1","","(061) 4564231","G. Perdagangan Besar dan Eceran, Reparasi Mobil dan Sepeda Motor","Gmaps"],
    ["33325","Toko Teratai Alat Sembayang","Jl. Komp. Multatuli Indah No.19 Blok B","prelist","MEDAN MAIMUN","A U R","LINGKUNGAN 10","","0812-6068-033","G. Perdagangan Besar dan Eceran, Reparasi Mobil dan Sepeda Motor","Gmaps"],
    ["33326","Telur SPNI Katamso","Jl. Brigjend Katamso No.45 P","prelist","MEDAN MAIMUN","SUKARAJA","LINGKUNGAN 7","","0821-6598-5939","G. Perdagangan Besar dan Eceran, Reparasi Mobil dan Sepeda Motor","Gmaps"],
    ["33327","ANGKASA JAYA ELEKTRONIK","Jl. Brigjend Katamso No.739","prelist","MEDAN MAIMUN","KAMPUNG BARU","LINGKUNGAN 7","","0812-6378-8779","G. Perdagangan Besar dan Eceran, Reparasi Mobil dan Sepeda Motor","Gmaps"],
    ["33328","Kujuma Tani","Jl. Tuanku Imam Bonjol No.208","prelist","MEDAN MAIMUN","HAMDAN","LINGKUNGAN 10","","0812-6393-5499","G. Perdagangan Besar dan Eceran, Reparasi Mobil dan Sepeda Motor","Gmaps"],
    ["33329","M A I R A","Jl. Samanhudi No.8","prelist","MEDAN MAIMUN","J A T I","LINGKUNGAN 1","","0822-6733-3153","G. Perdagangan Besar dan Eceran, Reparasi Mobil dan Sepeda Motor","Gmaps"],
    ["33330","Umama gallery medan","Jl. Ir. H. Juanda No.49","prelist","MEDAN MAIMUN","SUKARAJA","LINGKUNGAN 5","","","G. Perdagangan Besar dan Eceran, Reparasi Mobil dan Sepeda Motor","Gmaps"],
    ["33331","TOKO TIOTI","A U R, Kec. Medan Maimun, Kota Medan, Sumatera Utara 20212","prelist","MEDAN MAIMUN","A U R","LINGKUNGAN 8","","(061) 4522285","G. Perdagangan Besar dan Eceran, Reparasi Mobil dan Sepeda Motor","Gmaps"],
    ["33332","Katamso Dlm No. 58-K","Jl. Brigjend Katamso Dalam No.58-K","prelist","MEDAN MAIMUN","A U R","LINGKUNGAN 2","","","G. Perdagangan Besar dan Eceran, Reparasi Mobil dan Sepeda Motor","Gmaps"],
    ["33333","Malika By Modelano Store","Jl. Komp. Multatuli Indah No.A 29","prelist","MEDAN MAIMUN","A U R","LINGKUNGAN 10","","0823-7227-9696","G. Perdagangan Besar dan Eceran, Reparasi Mobil dan Sepeda Motor","Gmaps"],
    ["33334","Second Market Store","Jl. Pantai Burung Ii","prelist","MEDAN MAIMUN","A U R","LINGKUNGAN 2","","0813-1422-4810","G. Perdagangan Besar dan Eceran, Reparasi Mobil dan Sepeda Motor","Gmaps"],
    ["33335","Kennikhoza Fashion & Design Centre","Jl. Komp. Multatuli Indah Blk. Bb - Cc No.45","prelist","MEDAN MAIMUN","HAMDAN","LINGKUNGAN 1","","0852-7659-9688","G. Perdagangan Besar dan Eceran, Reparasi Mobil dan Sepeda Motor","Gmaps"],
    ["33336","Six6Street Sneakers Streetwear Store","Jl. Multatuli No 26Ff","prelist","MEDAN MAIMUN","A U R","LINGKUNGAN 10","","0819-9010-6666","G. Perdagangan Besar dan Eceran, Reparasi Mobil dan Sepeda Motor","Gmaps"],
    ["33337","Ruko royal residence","Jl. Palang Merah No.4","prelist","MEDAN MAIMUN","A U R","LINGKUNGAN 5","","","G. Perdagangan Besar dan Eceran, Reparasi Mobil dan Sepeda Motor","Gmaps"],
    ["33338","Surya Samudera Suar Sejahtera. PT","Jl. Multatuli No.15A","prelist","MEDAN MAIMUN","HAMDAN","LINGKUNGAN 6","","(061) 4519090","G. Perdagangan Besar dan Eceran, Reparasi Mobil dan Sepeda Motor","Gmaps"],
    ["33339","GT Radial Permata Center. PT","Jl. Mangkubumi No.23","prelist","MEDAN MAIMUN","A U R","LINGKUNGAN 9","","0821-7623-8563","G. Perdagangan Besar dan Eceran, Reparasi Mobil dan Sepeda Motor","Gmaps"],
    ["33340","Bubble Wrap Medan OFFICIAL Bubblewrap_medan Glossugashop","Jl. Brigjend Katamso Gg. Sosial No.20","prelist","MEDAN MAIMUN","SEI MATI","LINGKUNGAN 11","","0852-9648-0855","G. Perdagangan Besar dan Eceran, Reparasi Mobil dan Sepeda Motor","Gmaps"],
    ["33341","Toffin Medan","Jl. Pemuda No.24B","prelist","MEDAN MAIMUN","A U R","LINGKUNGAN 5","","0853-7077-7171","G. Perdagangan Besar dan Eceran, Reparasi Mobil dan Sepeda Motor","Gmaps"],
    ["33342","Amorindomitraperkasa","Jl. Brigjend Katamso No.88","prelist","MEDAN MAIMUN","KAMPUNG BARU","LINGKUNGAN 17","","0822-7326-9099","G. Perdagangan Besar dan Eceran, Reparasi Mobil dan Sepeda Motor","Gmaps"],
    ["33343","Mawar Bakery & Cake Shop","Jl. Brigjend Katamso","prelist","MEDAN MAIMUN","KAMPUNG BARU","LINGKUNGAN 1","","(061) 7853448","G. Perdagangan Besar dan Eceran, Reparasi Mobil dan Sepeda Motor","Gmaps"],
    ["33344","Rahman Fashion","Jl. Brigjend Katamso No.657","prelist","MEDAN MAIMUN","KAMPUNG BARU","LINGKUNGAN 8","","","G. Perdagangan Besar dan Eceran, Reparasi Mobil dan Sepeda Motor","Gmaps"],
    ["33345","Roemah Batik Solo","Komplek Multatuli Indah","prelist","MEDAN MAIMUN","HAMDAN","LINGKUNGAN 1","","(061) 4151797","G. Perdagangan Besar dan Eceran, Reparasi Mobil dan Sepeda Motor","Gmaps"],
    ["33346","BAR BABY MEDAN","Jalan Brigjen Katamso No. 39 A","prelist","MEDAN MAIMUN","SUKARAJA","LINGKUNGAN 5","","0812-6327-3762","G. Perdagangan Besar dan Eceran, Reparasi Mobil dan Sepeda Motor","Gmaps"],
    ["33347","Rumah Sulam Dan Batik","Jl. Brigjend Katamso No.90","prelist","MEDAN MAIMUN","A U R","LINGKUNGAN 1","","(061) 42005100","G. Perdagangan Besar dan Eceran, Reparasi Mobil dan Sepeda Motor","Gmaps"],
    ["33348","ETHICA MEDAN","Jl. Ir. H. Juanda No.49Ab","prelist","MEDAN MAIMUN","SUKARAJA","LINGKUNGAN 5","","0851-5818-8660","G. Perdagangan Besar dan Eceran, Reparasi Mobil dan Sepeda Motor","Gmaps"],
    ["33349","Xpissan","Jl. Ir. H. Juanda No.16A/21","prelist","MEDAN MAIMUN","SUKARAJA","LINGKUNGAN 5","","0813-6169-7718","G. Perdagangan Besar dan Eceran, Reparasi Mobil dan Sepeda Motor","Gmaps"],
    ["33350","Heritage Attire","Jalan Haji Misbah","prelist","MEDAN MAIMUN","A U R","LINGKUNGAN 10","","0813-7543-6118","G. Perdagangan Besar dan Eceran, Reparasi Mobil dan Sepeda Motor","Gmaps"],
    ["33351","butik ayu lestari","Jl. Ir. H. Juanda","prelist","MEDAN MAIMUN","SUKARAJA","LINGKUNGAN 7","","0831-2569-5333","G. Perdagangan Besar dan Eceran, Reparasi Mobil dan Sepeda Motor","Gmaps"],
    ["33352","butik queenshop","Jl. Ir. H. Juanda","prelist","MEDAN MAIMUN","SUKARAJA","LINGKUNGAN 1","","0811-6100-128","G. Perdagangan Besar dan Eceran, Reparasi Mobil dan Sepeda Motor","Gmaps"],
    ["33353","Runway T&t","Sukaraja, Kec. Medan Maimun, Kota Medan, Sumatera Utara 20212","prelist","MEDAN MAIMUN","SUKARAJA","LINGKUNGAN 5","","","G. Perdagangan Besar dan Eceran, Reparasi Mobil dan Sepeda Motor","Gmaps"],
    ["33354","Sahira Boutique","A U R, Kec. Medan Maimun, Kota Medan, Sumatera Utara 20212","prelist","MEDAN MAIMUN","A U R","LINGKUNGAN 3","","","G. Perdagangan Besar dan Eceran, Reparasi Mobil dan Sepeda Motor","Gmaps"],
    ["33355","MEDAN UNDERWEAR","Jl. Brigjend Katamso Belakang No.48F","prelist","MEDAN MAIMUN","A U R","LINGKUNGAN 8","","0882-6482-4067","G. Perdagangan Besar dan Eceran, Reparasi Mobil dan Sepeda Motor","Gmaps"],
    ["33356","Cartenz Tactical Medan","Jl. Ir. H. Juanda No.3H","prelist","MEDAN MAIMUN","SUKARAJA","LINGKUNGAN 4","","0838-9147-6866","G. Perdagangan Besar dan Eceran, Reparasi Mobil dan Sepeda Motor","Gmaps"],
    ["33357","Amitie appareal","Jl. H. Misbah Jl. Komp. Multatuli Indah No.48 Blok A","prelist","MEDAN MAIMUN","A U R","LINGKUNGAN 10","","","G. Perdagangan Besar dan Eceran, Reparasi Mobil dan Sepeda Motor","Gmaps"],
    ["33358","d'ZM Store","Singapore Station, Deretan Gg. Perwira No.230, Sei Mati, Kec. Medan Maimun, Kota Medan, Sumatera Utara 20159","prelist","MEDAN MAIMUN","SEI MATI","LINGKUNGAN 10","","0852-7052-9260","G. Perdagangan Besar dan Eceran, Reparasi Mobil dan Sepeda Motor","Gmaps"],
    ["33359","MO BOUTIQUE","Jl. Brigjend Katamso No.462","prelist","MEDAN MAIMUN","KAMPUNG BARU","LINGKUNGAN 17","","","G. Perdagangan Besar dan Eceran, Reparasi Mobil dan Sepeda Motor","Gmaps"],
    ["33360","Toko Sinar Abadi Elektronik","Jl. Brigjend Katamso No.314E","prelist","MEDAN MAIMUN","KAMPUNG BARU","LINGKUNGAN 2","","0811-6089-333","G. Perdagangan Besar dan Eceran, Reparasi Mobil dan Sepeda Motor","Gmaps"],
    ["33361","Katamso Store","Jl. Brigjend Katamso No 761 C","prelist","MEDAN MAIMUN","KAMPUNG BARU","LINGKUNGAN 2","","0819-1169-8988","G. Perdagangan Besar dan Eceran, Reparasi Mobil dan Sepeda Motor","Gmaps"],
    ["33362","SUBUR JAYA ELEKTRONIK","Jl. Brigjend Katamso No.699","prelist","MEDAN MAIMUN","KAMPUNG BARU","LINGKUNGAN 7","","(061) 7860006","G. Perdagangan Besar dan Eceran, Reparasi Mobil dan Sepeda Motor","Gmaps"],
    ["33363","INFORMA ELEKTRONIK JUANDA MEDAN","Jl. Ir. H. Juanda No.88","prelist","MEDAN MAIMUN","SUKARAJA","LINGKUNGAN 2","","0815-1100-2000","G. Perdagangan Besar dan Eceran, Reparasi Mobil dan Sepeda Motor","Gmaps"],
    ["33364","Laris Jaya Electronics","Jl. Brigjend Katamso","prelist","MEDAN MAIMUN","KAMPUNG BARU","LINGKUNGAN 9","","0813-6153-9878","G. Perdagangan Besar dan Eceran, Reparasi Mobil dan Sepeda Motor","Gmaps"],
    ["33365","Hokki.Medan","Jl. Mangkubumi No.8","prelist","MEDAN MAIMUN","A U R","LINGKUNGAN 5","","","G. Perdagangan Besar dan Eceran, Reparasi Mobil dan Sepeda Motor","Gmaps"],
    ["33366","Toko sepatu Nadila.store","Jl. Brigjend Katamso Gg. Merdeka","prelist","MEDAN MAIMUN","SEI MATI","LINGKUNGAN 8","","0882-6291-2498","G. Perdagangan Besar dan Eceran, Reparasi Mobil dan Sepeda Motor","Gmaps"],
    ["33367","PUCUK.ID SNEAKERS MEDAN","Jl. Brigjend Katamso","prelist","MEDAN MAIMUN","KAMPUNG BARU","LINGKUNGAN 9","","0896-7107-4154","G. Perdagangan Besar dan Eceran, Reparasi Mobil dan Sepeda Motor","Gmaps"],
    ["33368","Toko Sepatu | Satria Shoes","Disamping Hope Coffe, l. Brigjend Katamso, Dekat Simpang Jl. Pelangi No.394, Sei Mati, Kec. Medan Maimun, Kota Medan, Sumatera Utara 20214","prelist","MEDAN MAIMUN","SEI MATI","LINGKUNGAN 7","","0895-6010-24370","G. Perdagangan Besar dan Eceran, Reparasi Mobil dan Sepeda Motor","Gmaps"],
    ["33369","Pladeo Shoes","Jl. Brigjend Katamso No.1","prelist","MEDAN MAIMUN","KAMPUNG BARU","LINGKUNGAN 8","","","G. Perdagangan Besar dan Eceran, Reparasi Mobil dan Sepeda Motor","Gmaps"],
    ["33370","Kubiga Store","Jl. Avros Gg. Mancang No.35","prelist","MEDAN MAIMUN","KAMPUNG BARU","LINGKUNGAN 14","","0878-5921-2195","G. Perdagangan Besar dan Eceran, Reparasi Mobil dan Sepeda Motor","Gmaps"],
    ["33371","ALMASA APPAREL","Jl. Letjen Suprapto No.2E","prelist","MEDAN MAIMUN","A U R","LINGKUNGAN 5","","","G. Perdagangan Besar dan Eceran, Reparasi Mobil dan Sepeda Motor","Gmaps"],
    ["33372","ERAFONE & MORE MULTATULI","Hamdan, Kec. Medan Maimun, Kota Medan, Sumatera Utara 20212","prelist","MEDAN MAIMUN","A U R","LINGKUNGAN 10","","(061) 44025009","G. Perdagangan Besar dan Eceran, Reparasi Mobil dan Sepeda Motor","Gmaps"],
    ["33373","Usaha Elektronik","Gg. Subur Baru No.138","prelist","MEDAN MAIMUN","KAMPUNG BARU","LINGKUNGAN 17","","","G. Perdagangan Besar dan Eceran, Reparasi Mobil dan Sepeda Motor","Gmaps"],
    ["33374","WIN ELEKTRONIK","Jl. Brigjend Katamso No.656","prelist","MEDAN MAIMUN","KAMPUNG BARU","LINGKUNGAN 5","","0813-7515-3017","G. Perdagangan Besar dan Eceran, Reparasi Mobil dan Sepeda Motor","Gmaps"],
    ["33375","JO ELEKTRONIK","Jl. Brigjend Katamso No.733","prelist","MEDAN MAIMUN","KAMPUNG BARU","LINGKUNGAN 7","","","G. Perdagangan Besar dan Eceran, Reparasi Mobil dan Sepeda Motor","Gmaps"],
    ["33376","Toko Jaya Utama","Jl. Brigjend Katamso No.646","prelist","MEDAN MAIMUN","KAMPUNG BARU","LINGKUNGAN 17","","(061) 7860030","G. Perdagangan Besar dan Eceran, Reparasi Mobil dan Sepeda Motor","Gmaps"],
    ["33377","Metro","Jl. Brigjend Katamso No.693","prelist","MEDAN MAIMUN","KAMPUNG BARU","LINGKUNGAN 7","","0851-0003-2294","G. Perdagangan Besar dan Eceran, Reparasi Mobil dan Sepeda Motor","Gmaps"],
    ["33378","Mega Rezeki","Jl. Brigjend Katamso No.296 B","prelist","MEDAN MAIMUN","KAMPUNG BARU","LINGKUNGAN 5","","0815-3542-4767","G. Perdagangan Besar dan Eceran, Reparasi Mobil dan Sepeda Motor","Gmaps"],
    ["33379","VENUS ELEKTRONIK","Jl. Brigjend Katamso No.719","prelist","MEDAN MAIMUN","KAMPUNG BARU","LINGKUNGAN 7","","","G. Perdagangan Besar dan Eceran, Reparasi Mobil dan Sepeda Motor","Gmaps"],
    ["33380","Sinar Electronic","Jl. Brigjend Katamso No.683","prelist","MEDAN MAIMUN","KAMPUNG BARU","LINGKUNGAN 19","","(061) 7869656","G. Perdagangan Besar dan Eceran, Reparasi Mobil dan Sepeda Motor","Gmaps"],
    ["33381","SEMANGAT BARU Elektronik","Jl. Brigjend Katamso No.654","prelist","MEDAN MAIMUN","KAMPUNG BARU","LINGKUNGAN 5","","","G. Perdagangan Besar dan Eceran, Reparasi Mobil dan Sepeda Motor","Gmaps"],
    ["33382","Sahabat Jaya Elektronik","Jl. Brigjend Katamso No.751","prelist","MEDAN MAIMUN","KAMPUNG BARU","LINGKUNGAN 2","","","G. Perdagangan Besar dan Eceran, Reparasi Mobil dan Sepeda Motor","Gmaps"],
    ["33383","Hendra Jaya Elektronic","Jl. Brigjend Katamso No.717","prelist","MEDAN MAIMUN","KAMPUNG BARU","LINGKUNGAN 7","","0813-6221-7659","G. Perdagangan Besar dan Eceran, Reparasi Mobil dan Sepeda Motor","Gmaps"],
    ["33384","cahaya panen electronic","Jl. Brigjend Katamso No.721 A","prelist","MEDAN MAIMUN","KAMPUNG BARU","LINGKUNGAN 7","","0812-6920-7808","G. Perdagangan Besar dan Eceran, Reparasi Mobil dan Sepeda Motor","Gmaps"],
    ["33385","Jaya Perabot","Jl. Brigjend Katamso No.658-660","prelist","MEDAN MAIMUN","KAMPUNG BARU","LINGKUNGAN 5","","0822-7671-5505","G. Perdagangan Besar dan Eceran, Reparasi Mobil dan Sepeda Motor","Gmaps"],
    ["33386","BEHOME FURNITURE STORE","Jl. Brigjend Katamso No.306-308","prelist","MEDAN MAIMUN","SEI MATI","LINGKUNGAN 9","","0812-6539-2999","G. Perdagangan Besar dan Eceran, Reparasi Mobil dan Sepeda Motor","Gmaps"],
    ["33387","KATAMSO PERABOT","Jl. Brigjend Katamso No.777","prelist","MEDAN MAIMUN","KAMPUNG BARU","LINGKUNGAN 2","","0813-7051-0256","G. Perdagangan Besar dan Eceran, Reparasi Mobil dan Sepeda Motor","Gmaps"],
    ["33388","PT. VIRIYA PERSADA NETINDO","Kompleks Istana Prima I","prelist","MEDAN MAIMUN","SEI MATI","LINGKUNGAN 9","","(061) 42002718","G. Perdagangan Besar dan Eceran, Reparasi Mobil dan Sepeda Motor","Gmaps"],
    ["33389","OutletPC.id","Jl. Komp. Multatuli Indah No.19 Blok D","prelist","MEDAN MAIMUN","A U R","LINGKUNGAN 10","","0823-6257-7608","G. Perdagangan Besar dan Eceran, Reparasi Mobil dan Sepeda Motor","Gmaps"],
    ["33390","Toko Komputer dan Jaringan Medan","Jl. Brigjend Katamso","prelist","MEDAN MAIMUN","SEI MATI","LINGKUNGAN 9","","(061) 42002718","G. Perdagangan Besar dan Eceran, Reparasi Mobil dan Sepeda Motor","Gmaps"],
    ["33391","DRAGON COMPUTER","Komplek Multatuli Indah Blok G No.5","prelist","MEDAN MAIMUN","A U R","LINGKUNGAN 10","","0813-6200-1132","G. Perdagangan Besar dan Eceran, Reparasi Mobil dan Sepeda Motor","Gmaps"],
    ["33392","Hokkie Computer","Jl. Brigjend Katamso No.446","prelist","MEDAN MAIMUN","KAMPUNG BARU","LINGKUNGAN 19","","0852-6122-5961","G. Perdagangan Besar dan Eceran, Reparasi Mobil dan Sepeda Motor","Gmaps"],
    ["33393","Newtech Computer Center","Jl. Multatuli","prelist","MEDAN MAIMUN","A U R","LINGKUNGAN 10","","0852-6117-3575","G. Perdagangan Besar dan Eceran, Reparasi Mobil dan Sepeda Motor","Gmaps"],
    ["33394","MANDIRI PONSEL","Jl. Brigjend Katamso No.646 A","prelist","MEDAN MAIMUN","KAMPUNG BARU","LINGKUNGAN 6","","0821-2120-1111","G. Perdagangan Besar dan Eceran, Reparasi Mobil dan Sepeda Motor","Gmaps"],
    ["33395","Sellular Poin","Jl. Brigjend Katamso No.686C","prelist","MEDAN MAIMUN","KAMPUNG BARU","LINGKUNGAN 4","","0812-9309-2724","G. Perdagangan Besar dan Eceran, Reparasi Mobil dan Sepeda Motor","Gmaps"],
    ["33396","BESTKINGCELL (Best King Cell STORE) Ho Medan","Sei Mati, Kec. Medan Maimun, Kota Medan, Sumatera Utara","prelist","MEDAN MAIMUN","SEI MATI","LINGKUNGAN 10","","0812-5028-4791","G. Perdagangan Besar dan Eceran, Reparasi Mobil dan Sepeda Motor","Gmaps"],
    ["33397","Damier Ponsel","Jl. Brigjend Katamso No.314","prelist","MEDAN MAIMUN","KAMPUNG BARU","LINGKUNGAN 2","","0852-6193-3398","G. Perdagangan Besar dan Eceran, Reparasi Mobil dan Sepeda Motor","Gmaps"],
    ["33412","JWF Plastindo","Jl. Warna No.25","prelist","MEDAN MAIMUN","SUKARAJA","LINGKUNGAN 6","","0822-7223-8030","G. Perdagangan Besar dan Eceran, Reparasi Mobil dan Sepeda Motor","Gmaps"],
    ["33413","CV. Cipta Plastik","Jl. Brigjend Katamso No.242","prelist","MEDAN MAIMUN","SEI MATI","LINGKUNGAN 10","","(061) 7030371","G. Perdagangan Besar dan Eceran, Reparasi Mobil dan Sepeda Motor","Gmaps"],
    ["33414","Dunlopillo","Jl. Pemuda No.4","prelist","MEDAN MAIMUN","A U R","LINGKUNGAN 5","","","G. Perdagangan Besar dan Eceran, Reparasi Mobil dan Sepeda Motor","Gmaps"],
    ["33415","INFORMA - JUANDA MEDAN","Jl. Ir. H. Juanda","prelist","MEDAN MAIMUN","SUKARAJA","LINGKUNGAN 2","","0815-1100-2000","G. Perdagangan Besar dan Eceran, Reparasi Mobil dan Sepeda Motor","Gmaps"],
    ["33416","Pacific Foam Wazir Medan","Jl. Kol. Sugiono No.9G","prelist","MEDAN MAIMUN","A U R","LINGKUNGAN 5","","(061) 4555091","G. Perdagangan Besar dan Eceran, Reparasi Mobil dan Sepeda Motor","Gmaps"],
    ["33417","Jati Kayu Perabot","A U R, Kec. Medan Maimun, Kota Medan, Sumatera Utara 20212","prelist","MEDAN MAIMUN","A U R","LINGKUNGAN 3","","","G. Perdagangan Besar dan Eceran, Reparasi Mobil dan Sepeda Motor","Gmaps"],
    ["33418","Horas Perabot","Jl. Pandu No.4","prelist","MEDAN MAIMUN","A U R","LINGKUNGAN 8","","","G. Perdagangan Besar dan Eceran, Reparasi Mobil dan Sepeda Motor","Gmaps"],
    ["33419","Shafa Furniture Medan","Jl. Brigjend Katamso No.438","prelist","MEDAN MAIMUN","KAMPUNG BARU","LINGKUNGAN 19","","0813-6210-3206","G. Perdagangan Besar dan Eceran, Reparasi Mobil dan Sepeda Motor","Gmaps"],
    ["33420","Mondela Furniture","A U R, Kec. Medan Maimun, Kota Medan, Sumatera Utara 20212","prelist","MEDAN MAIMUN","A U R","LINGKUNGAN 4","","0813-6252-8929","G. Perdagangan Besar dan Eceran, Reparasi Mobil dan Sepeda Motor","Gmaps"],
    ["33421","Garuda Perabot","Jl. Letjen Suprapto No.2K 2L","prelist","MEDAN MAIMUN","A U R","LINGKUNGAN 5","","(061) 4571898","G. Perdagangan Besar dan Eceran, Reparasi Mobil dan Sepeda Motor","Gmaps"],
    ["33422","SUMBER MAKMUR FURNITURE","Jl. Brigjend Katamso No.705","prelist","MEDAN MAIMUN","KAMPUNG BARU","LINGKUNGAN 7","","(061) 7860149","G. Perdagangan Besar dan Eceran, Reparasi Mobil dan Sepeda Motor","Gmaps"],
    ["33423","Distributor Hikvision CCTV","Jl. Brigjend Katamso No.353","prelist","MEDAN MAIMUN","SEI MATI","LINGKUNGAN 3","","0852-9690-8838","G. Perdagangan Besar dan Eceran, Reparasi Mobil dan Sepeda Motor","Gmaps"],
    ["33424","Toko Besi Mitra Sakti","Jl. Brigjend Katamso No.95/253","prelist","MEDAN MAIMUN","SUKARAJA","LINGKUNGAN 7","","0813-7560-6418","G. Perdagangan Besar dan Eceran, Reparasi Mobil dan Sepeda Motor","Gmaps"],
    ["33425","Istana Cemilan (Istana C3milan)","Jl. Brigjend Katamso No.35","prelist","MEDAN MAIMUN","KAMPUNG BARU","LINGKUNGAN 15","","0811-6316-667","G. Perdagangan Besar dan Eceran, Reparasi Mobil dan Sepeda Motor","Gmaps"],
    ["33426","Distributor Nu Skin","Jl. Multatuli No.3","prelist","MEDAN MAIMUN","HAMDAN","LINGKUNGAN 10","","0823-6812-2288","G. Perdagangan Besar dan Eceran, Reparasi Mobil dan Sepeda Motor","Gmaps"],
    ["33427","PT. Melakim Inti Perkasa","JL Multatuli, Pertokoan Multatuli Indah Blok E/41-42, Hamdan, Kec. Medan Maimun, Kota Medan, Sumatera Utara 20212","prelist","MEDAN MAIMUN","A U R","LINGKUNGAN 10","","(061) 4573232","G. Perdagangan Besar dan Eceran, Reparasi Mobil dan Sepeda Motor","Gmaps"],
    ["33428","Distributor Murah Medan","Gg. Perbatasan No.47","prelist","MEDAN MAIMUN","KAMPUNG BARU","LINGKUNGAN 21","","0821-6609-4052","G. Perdagangan Besar dan Eceran, Reparasi Mobil dan Sepeda Motor","Gmaps"],
    ["33429","Koperasi Jasa Audit Handayani","Jl. Brigjend Katamso No.45Q","prelist","MEDAN MAIMUN","KAMPUNG BARU","LINGKUNGAN 4","","(061) 4511606","G. Perdagangan Besar dan Eceran, Reparasi Mobil dan Sepeda Motor","Gmaps"],
    ["33430","Syariah BMT Serumpun","Jl. Brigjend Katamso No.12","prelist","MEDAN MAIMUN","KAMPUNG BARU","LINGKUNGAN 19","","(061) 4517115","G. Perdagangan Besar dan Eceran, Reparasi Mobil dan Sepeda Motor","Gmaps"],
    ["33431","Koperasi Sumber Graha Inti","Jl. Brigjend Katamso No.28","prelist","MEDAN MAIMUN","A U R","LINGKUNGAN 3","","(061) 42005169","G. Perdagangan Besar dan Eceran, Reparasi Mobil dan Sepeda Motor","Gmaps"],
    ["33432","Koperasi Maimun","Sukaraja, Kec. Medan Maimun, Kota Medan, Sumatera Utara 20212","prelist","MEDAN MAIMUN","SUKARAJA","LINGKUNGAN 6","","","G. Perdagangan Besar dan Eceran, Reparasi Mobil dan Sepeda Motor","Gmaps"],
    ["33433","Mela Mebel","Jl. Brigjend Katamso No.719","prelist","MEDAN MAIMUN","KAMPUNG BARU","LINGKUNGAN 7","","","G. Perdagangan Besar dan Eceran, Reparasi Mobil dan Sepeda Motor","Gmaps"],
    ["33434","Sinar Agung Furniture","Jl. Brigjend Katamso No.753","prelist","MEDAN MAIMUN","KAMPUNG BARU","LINGKUNGAN 7","","0812-6017-509","G. Perdagangan Besar dan Eceran, Reparasi Mobil dan Sepeda Motor","Gmaps"],
    ["33435","Karpet Seribu Jaya Toko","Jl. Pemuda No.15A","prelist","MEDAN MAIMUN","A U R","LINGKUNGAN 7","","(061) 4565116","G. Perdagangan Besar dan Eceran, Reparasi Mobil dan Sepeda Motor","Gmaps"],
    ["33436","Le Minerale","Jl. Warni No.46","prelist","MEDAN MAIMUN","SUKARAJA","LINGKUNGAN 6","","","G. Perdagangan Besar dan Eceran, Reparasi Mobil dan Sepeda Motor","Gmaps"],
    ["33437","Medan Parfum Laundry","Jl. Pemuda Baru No.5M","prelist","MEDAN MAIMUN","A U R","LINGKUNGAN 7","","0823-8951-2889","G. Perdagangan Besar dan Eceran, Reparasi Mobil dan Sepeda Motor","Gmaps"],
    ["33438","Graha Bintang Tamora. PT","Jl. Brigjend Katamso No.672","prelist","MEDAN MAIMUN","KAMPUNG BARU","LINGKUNGAN 4","","(061) 4511470","G. Perdagangan Besar dan Eceran, Reparasi Mobil dan Sepeda Motor","Gmaps"],
    ["33439","Sumut Perkasa Semen. PT","Jl. Kol. Sugiono No.3","prelist","MEDAN MAIMUN","A U R","LINGKUNGAN 5","","0878-2231-8680","G. Perdagangan Besar dan Eceran, Reparasi Mobil dan Sepeda Motor","Gmaps"],
    ["33440","Alexa Medika. PT","Komplek Istana Prima 1","prelist","MEDAN MAIMUN","SEI MATI","LINGKUNGAN 9","","(061) 4525288","G. Perdagangan Besar dan Eceran, Reparasi Mobil dan Sepeda Motor","Gmaps"],
    ["33441","Surya Keramik","Jl. Brigjend Katamso No.740","prelist","MEDAN MAIMUN","KAMPUNG BARU","LINGKUNGAN 1","","0852-6028-0320","G. Perdagangan Besar dan Eceran, Reparasi Mobil dan Sepeda Motor","Gmaps"],
    ["33442","EKG Onduline","Jl. Brigjend Katamso No.98 / 373","prelist","MEDAN MAIMUN","SEI MATI","LINGKUNGAN 4","","(061) 4565085","G. Perdagangan Besar dan Eceran, Reparasi Mobil dan Sepeda Motor","Gmaps"],
    ["33443","PT. Tunggal Inti Mandiri","Jl. Brigjend Katamso Blok C15-C16","prelist","MEDAN MAIMUN","SEI MATI","LINGKUNGAN 9","","(061) 88812005","G. Perdagangan Besar dan Eceran, Reparasi Mobil dan Sepeda Motor","Gmaps"],
    ["33444","Ingco Exclusive Store Juanda","Jl. Brigjend Katamso No.82-I","prelist","MEDAN MAIMUN","SUKARAJA","LINGKUNGAN 5","","0811-6047-155","G. Perdagangan Besar dan Eceran, Reparasi Mobil dan Sepeda Motor","Gmaps"],
    ["33445","PT. Pupuk Indonesia Niaga","Jl. Komp. Multatuli Indah Jl. H. Misbah","prelist","MEDAN MAIMUN","HAMDAN","LINGKUNGAN 1","","","G. Perdagangan Besar dan Eceran, Reparasi Mobil dan Sepeda Motor","Gmaps"],
    ["33446","Distributor ZKTeco Medan","Jl. Brigjend Katamso No.353A-B","prelist","MEDAN MAIMUN","SEI MATI","LINGKUNGAN 3","","0852-9690-8838","G. Perdagangan Besar dan Eceran, Reparasi Mobil dan Sepeda Motor","Gmaps"],
    ["33447","PT Kartika Swarna Dwipa","Kompleks Istana Bisnis Center No. 7-8","prelist","MEDAN MAIMUN","SUKARAJA","LINGKUNGAN 7","","(061) 4516780","G. Perdagangan Besar dan Eceran, Reparasi Mobil dan Sepeda Motor","Gmaps"],
    ["33448","PT. Ramindo Daya Perkasa","Jl. Ir. H. Juanda No.35","prelist","MEDAN MAIMUN","J A T I","LINGKUNGAN 1","","(061) 4553290","G. Perdagangan Besar dan Eceran, Reparasi Mobil dan Sepeda Motor","Gmaps"],
    ["33449","Distributor Onduline Onduvilla","Jl. Brigjend Katamso No.375","prelist","MEDAN MAIMUN","SEI MATI","LINGKUNGAN 4","","(061) 4565085","G. Perdagangan Besar dan Eceran, Reparasi Mobil dan Sepeda Motor","Gmaps"],
    ["33450","Amoz Water","Sukaraja, Kec. Medan Maimun, Kota Medan, Sumatera Utara 20212","prelist","MEDAN MAIMUN","SUKARAJA","LINGKUNGAN 6","","0896-8782-2898","G. Perdagangan Besar dan Eceran, Reparasi Mobil dan Sepeda Motor","Gmaps"],
    ["33451","Sumber Rezeki","Jl. Brigjend Katamso No.743","prelist","MEDAN MAIMUN","KAMPUNG BARU","LINGKUNGAN 7","","(061) 7869761","G. Perdagangan Besar dan Eceran, Reparasi Mobil dan Sepeda Motor","Gmaps"],
    ["33452","JOTUN","Jl. Brigjend Katamso H-I No.311","prelist","MEDAN MAIMUN","KAMPUNG BARU","LINGKUNGAN 2","","0813-6021-6079","G. Perdagangan Besar dan Eceran, Reparasi Mobil dan Sepeda Motor","Gmaps"],
    ["33453","Hilook CCTV Medan","Jl. Brigjend Katamso No.353","prelist","MEDAN MAIMUN","SEI MATI","LINGKUNGAN 3","","0852-9690-8838","G. Perdagangan Besar dan Eceran, Reparasi Mobil dan Sepeda Motor","Gmaps"],
    ["33454","Top Milk Online","A U R, Kec. Medan Maimun, Kota Medan, Sumatera Utara 20212","prelist","MEDAN MAIMUN","A U R","LINGKUNGAN 8","","","G. Perdagangan Besar dan Eceran, Reparasi Mobil dan Sepeda Motor","Gmaps"],
    ["33455","Obat Bersama Toko","Jl. Brigjend Katamso No.60","prelist","MEDAN MAIMUN","A U R","LINGKUNGAN 8","","(061) 7883215","G. Perdagangan Besar dan Eceran, Reparasi Mobil dan Sepeda Motor","Gmaps"],
    ["33456","Sabang Jaya Lestari. PT","Komplek Multatuli Indah C-35","prelist","MEDAN MAIMUN","KAMPUNG BARU","LINGKUNGAN 18","","(061) 4530382","G. Perdagangan Besar dan Eceran, Reparasi Mobil dan Sepeda Motor","Gmaps"],
    ["33457","Venato Marmer & Granit","Jl. Brigjend Katamso No.11C","prelist","MEDAN MAIMUN","KAMPUNG BARU","LINGKUNGAN 19","","(061) 7883388","G. Perdagangan Besar dan Eceran, Reparasi Mobil dan Sepeda Motor","Gmaps"],
    ["33458","Multatuli Medimart","Komplek Multatuli Indah","prelist","MEDAN MAIMUN","A U R","LINGKUNGAN 10","","(061) 4537160","G. Perdagangan Besar dan Eceran, Reparasi Mobil dan Sepeda Motor","Gmaps"],
    ["33459","Surya Panasonic. PD","Jl. Brigjend Katamso No.375 B","prelist","MEDAN MAIMUN","KAMPUNG BARU","LINGKUNGAN 7","","(061) 4151985","G. Perdagangan Besar dan Eceran, Reparasi Mobil dan Sepeda Motor","Gmaps"],
    ["33460","Central Wallpaper","Jl. Multatuli Blok Ff No.17","prelist","MEDAN MAIMUN","A U R","LINGKUNGAN 10","","(061) 4562515","G. Perdagangan Besar dan Eceran, Reparasi Mobil dan Sepeda Motor","Gmaps"],
    ["33461","Distributor Resmi Tiens Syariah Juanda Imam Bonjol","Jl. H. Misbah","prelist","MEDAN MAIMUN","J A T I","LINGKUNGAN 2","","0812-6041-8199","G. Perdagangan Besar dan Eceran, Reparasi Mobil dan Sepeda Motor","Gmaps"],
    ["33462","Agen Galon Le Minerale Kaba Mart","Jl. Brigjen Katamso","prelist","MEDAN MAIMUN","KAMPUNG BARU","LINGKUNGAN 10","","","G. Perdagangan Besar dan Eceran, Reparasi Mobil dan Sepeda Motor","Gmaps"],
    ["33463","Jaya Cipta Deterindo","Jl. Pemuda Baru No.5M","prelist","MEDAN MAIMUN","A U R","LINGKUNGAN 7","","0823-8951-2889","G. Perdagangan Besar dan Eceran, Reparasi Mobil dan Sepeda Motor","Gmaps"],
    ["33464","DISTRIBUTOR HNI CENTER FATIMAH ISMAIL","Gg. Amal No.15-A","prelist","MEDAN MAIMUN","SUKARAJA","LINGKUNGAN 5","","0812-6041-4599","G. Perdagangan Besar dan Eceran, Reparasi Mobil dan Sepeda Motor","Gmaps"],
    ["33465","Grosir Teratai","Jl. Teratai No.72","prelist","MEDAN MAIMUN","HAMDAN","LINGKUNGAN 8","","0813-6172-2575","G. Perdagangan Besar dan Eceran, Reparasi Mobil dan Sepeda Motor","Gmaps"],
    ["33466","ban truk","Jl. Brigjend Katamso Gg. Merdeka","prelist","MEDAN MAIMUN","SEI MATI","LINGKUNGAN 8","","0831-1086-3652","G. Perdagangan Besar dan Eceran, Reparasi Mobil dan Sepeda Motor","Gmaps"],
    ["33467","Penta Prima Heavy Duty & Marine Paint Medan Projects Division","Hamdan, Kec. Medan Maimun, Kota Medan, Sumatera Utara 20151","prelist","MEDAN MAIMUN","HAMDAN","LINGKUNGAN 7","","0812-6057-577","G. Perdagangan Besar dan Eceran, Reparasi Mobil dan Sepeda Motor","Gmaps"],
    ["33468","Toko Kaca & Aluminium Iksan","Jl. Brigjend Katamso No.618 02","prelist","MEDAN MAIMUN","KAMPUNG BARU","LINGKUNGAN 9","","0812-3880-2901","G. Perdagangan Besar dan Eceran, Reparasi Mobil dan Sepeda Motor","Gmaps"],
    ["33469","Surya Lampu","Jl. Pemuda No.19","prelist","MEDAN MAIMUN","A U R","LINGKUNGAN 7","","0811-6198-825","G. Perdagangan Besar dan Eceran, Reparasi Mobil dan Sepeda Motor","Gmaps"],
    ["33470","RADATIME","Jl. Brigjend Katamso No.228-A","prelist","MEDAN MAIMUN","SEI MATI","LINGKUNGAN 11","","0812-6400-0067","G. Perdagangan Besar dan Eceran, Reparasi Mobil dan Sepeda Motor","Gmaps"],
    ["33471","Printer Epson Store","Jl. Warna No.5A","prelist","MEDAN MAIMUN","SUKARAJA","LINGKUNGAN 6","","0852-7692-4458","G. Perdagangan Besar dan Eceran, Reparasi Mobil dan Sepeda Motor","Gmaps"],
    ["33472","JNE Kantor Perwakilan Katamso Juanda Medan","Jl. Brigjend Katamso No.275/99D","prelist","MEDAN MAIMUN","SUKARAJA","LINGKUNGAN 1","","(061) 30003888","G. Perdagangan Besar dan Eceran, Reparasi Mobil dan Sepeda Motor","Gmaps"],
    ["33473","TP-LINK MEDAN","Kompleks Istana Prima I No. A7-A8","prelist","MEDAN MAIMUN","SEI MATI","LINGKUNGAN 9","","","G. Perdagangan Besar dan Eceran, Reparasi Mobil dan Sepeda Motor","Gmaps"],
    ["33474","Toko Mas Murni","Jl. Brigjend Katamso No.216","prelist","MEDAN MAIMUN","KAMPUNG BARU","LINGKUNGAN 9","","(061) 7869858","G. Perdagangan Besar dan Eceran, Reparasi Mobil dan Sepeda Motor","Gmaps"],
    ["33475","Toko Ingat Jaya","Jl. Brigjend Katamso No.156F","prelist","MEDAN MAIMUN","KAMPUNG BARU","LINGKUNGAN 11","","(061) 7875180","G. Perdagangan Besar dan Eceran, Reparasi Mobil dan Sepeda Motor","Gmaps"],
    ["33476","Yes235 Mart","Jl. Brigjend Katamso No.134C","prelist","MEDAN MAIMUN","SEI MATI","LINGKUNGAN 6","","0813-6656-7235","G. Perdagangan Besar dan Eceran, Reparasi Mobil dan Sepeda Motor","Gmaps"],
    ["33477","Toko Mas Agung","Jl. Brigjend Katamso No.168","prelist","MEDAN MAIMUN","KAMPUNG BARU","LINGKUNGAN 7","","(061) 7869219","G. Perdagangan Besar dan Eceran, Reparasi Mobil dan Sepeda Motor","Gmaps"],
    ["33478","Zaman Keramik","Jl. Brigjend Katamso No.314 D","prelist","MEDAN MAIMUN","KAMPUNG BARU","LINGKUNGAN 2","","","G. Perdagangan Besar dan Eceran, Reparasi Mobil dan Sepeda Motor","Gmaps"],
    ["33479","Clover Bake Shoppe","Jl. Brigjend Katamso No.710","prelist","MEDAN MAIMUN","KAMPUNG BARU","LINGKUNGAN 2","","(061) 42771755","G. Perdagangan Besar dan Eceran, Reparasi Mobil dan Sepeda Motor","Gmaps"],
    ["33480","Outlet Amanda Brownies - Katamso Medan","Jl. Brigjend Katamso No.486B","prelist","MEDAN MAIMUN","KAMPUNG BARU","LINGKUNGAN 17","","(061) 7879940","G. Perdagangan Besar dan Eceran, Reparasi Mobil dan Sepeda Motor","Gmaps"],
    ["33481","Kosmetik & Obat","Jl. Kantil No.40","prelist","MEDAN MAIMUN","HAMDAN","LINGKUNGAN 7","","","G. Perdagangan Besar dan Eceran, Reparasi Mobil dan Sepeda Motor","Gmaps"],
    ["33482","Phillip Jaya Abadi","Jl. Brigjen Katamso Perumahan Baru 2 No.32","prelist","MEDAN MAIMUN","KAMPUNG BARU","LINGKUNGAN 20","","0811-6575-999","G. Perdagangan Besar dan Eceran, Reparasi Mobil dan Sepeda Motor","Gmaps"],
    ["33483","Bika Ambon Ahun","Jl. Brigjend Katamso No.171","prelist","MEDAN MAIMUN","KAMPUNG BARU","LINGKUNGAN 9","","0812-6025-9889","G. Perdagangan Besar dan Eceran, Reparasi Mobil dan Sepeda Motor","Gmaps"],
    ["33484","Triasco","Jl. Brigjend Katamso No.96","prelist","MEDAN MAIMUN","A U R","LINGKUNGAN 1","","(061) 4523479","G. Perdagangan Besar dan Eceran, Reparasi Mobil dan Sepeda Motor","Gmaps"],
    ["33485","Fotile Medan (PT Fotile Electrical Appliance Indonesia)","Jl. Multatuli Jl. Komp. Multatuli Indah No.C 01","prelist","MEDAN MAIMUN","A U R","LINGKUNGAN 10","","0800 1819777","G. Perdagangan Besar dan Eceran, Reparasi Mobil dan Sepeda Motor","Gmaps"],
    ["33486","Made by G&G","Kompleks","prelist","MEDAN MAIMUN","A U R","LINGKUNGAN 10","","0819-1996-0224","G. Perdagangan Besar dan Eceran, Reparasi Mobil dan Sepeda Motor","Gmaps"],
    ["33487","Cs cipta sejahtera","Jl. Brigjend Katamso","prelist","MEDAN MAIMUN","SUKARAJA","LINGKUNGAN 7","","0813-7000-7128","G. Perdagangan Besar dan Eceran, Reparasi Mobil dan Sepeda Motor","Gmaps"],
    ["33488","Rapa Tech Rexi One Medan","Jl. Multatuli","prelist","MEDAN MAIMUN","HAMDAN","LINGKUNGAN 5","","","G. Perdagangan Besar dan Eceran, Reparasi Mobil dan Sepeda Motor","Gmaps"],
    ["33489","Nesya Boneka","Sukaraja, Kec. Medan Maimun, Kota Medan, Sumatera Utara 20214","prelist","MEDAN MAIMUN","SUKARAJA","LINGKUNGAN 5","","0831-9607-6707","G. Perdagangan Besar dan Eceran, Reparasi Mobil dan Sepeda Motor","Gmaps"],
    ["33490","Pangeran Snack","Jl. Brigjend Katamso No.124","prelist","MEDAN MAIMUN","SUKARAJA","LINGKUNGAN 6","","0821-6547-7200","G. Perdagangan Besar dan Eceran, Reparasi Mobil dan Sepeda Motor","Gmaps"],
    ["33491","Rumah Moorlife Elmy & Hampers Medan","Jl. Brigjend Katamso Gg. Datuk","prelist","MEDAN MAIMUN","KAMPUNG BARU","LINGKUNGAN 11","","0852-7023-9068","G. Perdagangan Besar dan Eceran, Reparasi Mobil dan Sepeda Motor","Gmaps"],
    ["33492","Toko Tarutung","Jl. Brigjend Katamso No.214","prelist","MEDAN MAIMUN","SEI MATI","LINGKUNGAN 12","","(061) 4563423","G. Perdagangan Besar dan Eceran, Reparasi Mobil dan Sepeda Motor","Gmaps"],
    ["33508","PT. Eva Prima Angkasa Tour & Travel","Jl. Pemuda Baru I No.10","prelist","MEDAN MAIMUN","A U R","LINGKUNGAN 7","","(061) 4565123","H. Transportasi dan Pergudangan","Gmaps"],
    ["33509","Rasa Sayang Holidays","Jl. Brigjend Katamso No.45-R","prelist","MEDAN MAIMUN","SUKARAJA","LINGKUNGAN 7","","(061) 4558333","H. Transportasi dan Pergudangan","Gmaps"],
    ["33510","PT. Lovely Holidays Tour and Travel","Jl. Ir. H. Juanda No.55 A-B","prelist","MEDAN MAIMUN","SUKARAJA","LINGKUNGAN 5","","0813-7070-1997","H. Transportasi dan Pergudangan","Gmaps"],
    ["33511","Travel Medan Rantauprapat Pekanbaru","Jl. Brigjend Katamso","prelist","MEDAN MAIMUN","SEI MATI","LINGKUNGAN 6","","0838-9984-1736","H. Transportasi dan Pergudangan","Gmaps"],
    ["33512","Mega Kencana Tours, Travel Medan","Jl. Brigjend Katamso No.395","prelist","MEDAN MAIMUN","SEI MATI","LINGKUNGAN 4","","0811-667-735","H. Transportasi dan Pergudangan","Gmaps"],
    ["33513","Radio Istana Mbc","Jl. Multatuli No.45","prelist","MEDAN MAIMUN","J A T I","LINGKUNGAN 3","","0813-7045-0175","H. Transportasi dan Pergudangan","Gmaps"],
    ["33514","Stasiun KA Kampung Baru","Gg. Tukang Besi No.2C","prelist","MEDAN MAIMUN","KAMPUNG BARU","LINGKUNGAN 7","","0882-6623-6172","H. Transportasi dan Pergudangan","Gmaps"],
    ["33515","Kantor Camat Medan Maimun","Jl. Melati No.1","prelist","MEDAN MAIMUN","HAMDAN","LINGKUNGAN 7","","(061) 4539038","H. Transportasi dan Pergudangan","Gmaps"],
    ["33516","Raja Patin","Jl. Brigjend Katamso","prelist","MEDAN MAIMUN","KAMPUNG BARU","LINGKUNGAN 17","","0821-6636-9955","G. Perdagangan Besar dan Eceran, Reparasi Mobil dan Sepeda Motor","Gmaps"],
    ["33517","PT. Lem Bumi Perkasa","A U R, Kec. Medan Maimun, Kota Medan, Sumatera Utara 20212","prelist","MEDAN MAIMUN","A U R","LINGKUNGAN 3","","","G. Perdagangan Besar dan Eceran, Reparasi Mobil dan Sepeda Motor","Gmaps"],
    ["33518","Angliss Bakehouse Multatuli","Jl. Multatuli No.6 7Ff","prelist","MEDAN MAIMUN","A U R","LINGKUNGAN 10","","0812-6426-5952","G. Perdagangan Besar dan Eceran, Reparasi Mobil dan Sepeda Motor","Gmaps"],
    ["33519","Muhammad Ali. UD","Jl. Mantri No.1C","prelist","MEDAN MAIMUN","A U R","LINGKUNGAN 3","","0812-6322-882","G. Perdagangan Besar dan Eceran, Reparasi Mobil dan Sepeda Motor","Gmaps"],
    ["33520","Seabass Indonesia","Jl. Pemuda No.19A","prelist","MEDAN MAIMUN","A U R","LINGKUNGAN 7","","(061) 624264","G. Perdagangan Besar dan Eceran, Reparasi Mobil dan Sepeda Motor","Gmaps"],
    ["33521","Billow Willow Travel","Jl. Komp. Multatuli Indah Blk. Bb - Cc No.36","prelist","MEDAN MAIMUN","HAMDAN","LINGKUNGAN 1","","0813-6086-1300","H. Transportasi dan Pergudangan","Gmaps"],
    ["33522","PT.travel bersama","Jl. Slamet Riyadi No.4","prelist","MEDAN MAIMUN","J A T I","LINGKUNGAN 2","","0852-7500-3847","H. Transportasi dan Pergudangan","Gmaps"],
    ["33523","Cemara Anugerah Tour & Travel","Jl. A. Rivai No.17","prelist","MEDAN MAIMUN","J A T I","LINGKUNGAN 1","","0821-7272-2018","H. Transportasi dan Pergudangan","Gmaps"],
    ["33524","PT. Kanomas Tour & Travel","Jl. Brigjend Katamso No.439","prelist","MEDAN MAIMUN","SEI MATI","LINGKUNGAN 6","","(061) 80514003","H. Transportasi dan Pergudangan","Gmaps"],
    ["33525","Wan Wisata","Jl. Mulatuli","prelist","MEDAN MAIMUN","A U R","LINGKUNGAN 10","","(061) 4513486","H. Transportasi dan Pergudangan","Gmaps"],
    ["33526","Trophy Tour & Travel","Jl. Brigjend Katamso No.33","prelist","MEDAN MAIMUN","A U R","LINGKUNGAN 8","","0813-2881-4679","H. Transportasi dan Pergudangan","Gmaps"],
    ["33527","Duta Ceria Tour & Travel. PT","Jl. Brigjend Katamso No.Dalam","prelist","MEDAN MAIMUN","A U R","LINGKUNGAN 1","","(061) 4511106","H. Transportasi dan Pergudangan","Gmaps"],
    ["33528","Nosutoga Tours & Travel. PT","Jl. Pemuda Baru Iii No.12","prelist","MEDAN MAIMUN","A U R","LINGKUNGAN 7","","(061) 4155854","H. Transportasi dan Pergudangan","Gmaps"],
    ["33529","Roma Travel","Jl. Mangkubumi No.2 A","prelist","MEDAN MAIMUN","A U R","LINGKUNGAN 6","","0813-9799-9791","H. Transportasi dan Pergudangan","Gmaps"],
    ["33530","TX TRAVEL KATAMSO","Komplek Centrium Jl. Brigjend Katamso No.77","prelist","MEDAN MAIMUN","A U R","LINGKUNGAN 8","","0811-639-889","H. Transportasi dan Pergudangan","Gmaps"],
    ["33531","PT SAI TRAVEL","Komplek Bisnis Point","prelist","MEDAN MAIMUN","HAMDAN","LINGKUNGAN 1","","0853-6039-1623","H. Transportasi dan Pergudangan","Gmaps"],
    ["33532","Worta Holidays","No. 32-D/E","prelist","MEDAN MAIMUN","A U R","LINGKUNGAN 3","","(061) 4539000","H. Transportasi dan Pergudangan","Gmaps"],
    ["33533","Medan Hotel Reservation","Jl. Brigjend Katamso G No.35","prelist","MEDAN MAIMUN","KAMPUNG BARU","LINGKUNGAN 15","","(0623) 61463448","H. Transportasi dan Pergudangan","Gmaps"],
    ["33534","SAM TOUR & TRAVEL","Jl. Imam Bonjol No.17","prelist","MEDAN MAIMUN","HAMDAN","LINGKUNGAN 10","","(061) 4142008","H. Transportasi dan Pergudangan","Gmaps"],
    ["33535","Mega Express Utama Travel Agency. PT","Jl. Brigadir Jenderal Katamso Km. 3","prelist","MEDAN MAIMUN","SEI MATI","LINGKUNGAN 12","","(061) 7868080","H. Transportasi dan Pergudangan","Gmaps"],
    ["33536","Tekun Vacation Travel","Jl. Kol. Sugiono No.12 D","prelist","MEDAN MAIMUN","A U R","LINGKUNGAN 9","","(061) 4517786","H. Transportasi dan Pergudangan","Gmaps"],
    ["33537","Yume Sky Tour","Jl. Multatuli Blok Aa - 53","prelist","MEDAN MAIMUN","HAMDAN","LINGKUNGAN 1","","","H. Transportasi dan Pergudangan","Gmaps"],
    ["33538","Maher Umrah","Maher Umrah. 70C / 106. Sukaraja, Kec. Medan Maimun, Kota Medan, Sumatera Utara 20212, Samping Istana Maimun, Kota Medan, Sumatera Utara 20159","prelist","MEDAN MAIMUN","SUKARAJA","LINGKUNGAN 6","","0811-673-330","H. Transportasi dan Pergudangan","Gmaps"],
    ["33539","Ira wisata travel","Jl. Avros No.68B","prelist","MEDAN MAIMUN","KAMPUNG BARU","LINGKUNGAN 14","","0853-7127-3903","H. Transportasi dan Pergudangan","Gmaps"],
    ["33540","Central Express","Jl. Mangkubumi No.15D","prelist","MEDAN MAIMUN","A U R","LINGKUNGAN 9","","(061) 4512350","H. Transportasi dan Pergudangan","Gmaps"],
    ["33541","Fantasy Holidays","Jl.Brigjend Katamso No 70 C/ 106 Lt 3 Gedung Maju Malindo","prelist","MEDAN MAIMUN","SUKARAJA","LINGKUNGAN 6","","(061) 4535455","H. Transportasi dan Pergudangan","Gmaps"],
    ["33542","Garuda Transport. PT","Jl. Bipka Katamso No.65","prelist","MEDAN MAIMUN","SEI MATI","LINGKUNGAN 6","","(061) 7861280","H. Transportasi dan Pergudangan","Gmaps"],
    ["33543","Ramayana Travel Service","Jl. Brigadir Jenderal Katamso","prelist","MEDAN MAIMUN","KAMPUNG BARU","LINGKUNGAN 20","","(061) 4514001","H. Transportasi dan Pergudangan","Gmaps"],
    ["33544","PT. Pesona Sumatera Holidays","Jl. Busi No.3","prelist","MEDAN MAIMUN","KAMPUNG BARU","LINGKUNGAN 20","","0813-6155-8870","H. Transportasi dan Pergudangan","Gmaps"],
    ["33545","KBIH Humairah","Jl. Brigjend Katamso No.385","prelist","MEDAN MAIMUN","SEI MATI","LINGKUNGAN 4","","(061) 7852765","H. Transportasi dan Pergudangan","Gmaps"],
    ["33546","TRAVEL POLTAKS","Jl. Brigjend Katamso","prelist","MEDAN MAIMUN","KAMPUNG BARU","LINGKUNGAN 19","","","H. Transportasi dan Pergudangan","Gmaps"],
    ["33547","SAHABAT RENT CAR & TRAVEL","Jl. Brigjend Katamso Gg. Kenanga No.46","prelist","MEDAN MAIMUN","KAMPUNG BARU","LINGKUNGAN 15","","","H. Transportasi dan Pergudangan","Gmaps"],
    ["33548","Al-kautsar tour & travel","Jl. Mangkubumi No.1G","prelist","MEDAN MAIMUN","A U R","LINGKUNGAN 9","","(061) 4515447","H. Transportasi dan Pergudangan","Gmaps"],
    ["33549","Abacus","Jl. Brigjend Katamso No.41","prelist","MEDAN MAIMUN","SUKARAJA","LINGKUNGAN 7","","(021) 27535388","H. Transportasi dan Pergudangan","Gmaps"],
    ["33550","Giant Travel Umrah & Haji","Jl. Ir. H. Juanda","prelist","MEDAN MAIMUN","SUKARAJA","LINGKUNGAN 5","","0813-2287-1609","H. Transportasi dan Pergudangan","Gmaps"],
    ["33551","PANADA Indo Pacific","Jalan Pemuda Baru No.5-P","prelist","MEDAN MAIMUN","A U R","LINGKUNGAN 7","","0851-0273-1985","H. Transportasi dan Pergudangan","Gmaps"],
    ["33552","Perdana Express Transport","Sei Mati, Kec. Medan Maimun, Kota Medan, Sumatera Utara 20215","prelist","MEDAN MAIMUN","SEI MATI","LINGKUNGAN 6","","(061) 4566222","H. Transportasi dan Pergudangan","Gmaps"],
    ["33553","SGI Travel - Sigura Gura Indah. PT","Jl. Brigjend Katamso No.25","prelist","MEDAN MAIMUN","KAMPUNG BARU","LINGKUNGAN 5","","(061) 4553991","H. Transportasi dan Pergudangan","Gmaps"],
    ["33554","Kimchi Hana Tour","Komplek Multatuli","prelist","MEDAN MAIMUN","HAMDAN","LINGKUNGAN 1","","0823-0430-0988","H. Transportasi dan Pergudangan","Gmaps"],
    ["33555","Pt Aero Umroh Nusantara Cabang Medan","Jl. Brigjend Katamso No.325Kel","prelist","MEDAN MAIMUN","SEI MATI","LINGKUNGAN 2","","","H. Transportasi dan Pergudangan","Gmaps"],
    ["33556","SATRIA TRAVEL & TOUR","Jl. Brigjend Katamso No.400","prelist","MEDAN MAIMUN","SEI MATI","LINGKUNGAN 7","","","H. Transportasi dan Pergudangan","Gmaps"],
    ["33557","New Takagama","Jl. Brigjend Katamso No.45 G","prelist","MEDAN MAIMUN","A U R","LINGKUNGAN 8","","(061) 4519654","H. Transportasi dan Pergudangan","Gmaps"],
    ["33571","diskotik new zone","Jl. Mangkubumi","prelist","MEDAN MAIMUN","A U R","LINGKUNGAN 9","","","H. Transportasi dan Pergudangan","Gmaps"],
    ["33572","RENTAL MOBIL BIN MAHMOOD","Jl. Brigjend Katamso Gg. Jarak No.7","prelist","MEDAN MAIMUN","KAMPUNG BARU","LINGKUNGAN 1","","0822-7390-0173","H. Transportasi dan Pergudangan","Gmaps"],
    ["33573","PT NAGA HITAM RENT CAR","Jl. Brigjend Katamso Gg. Kenangan No.46","prelist","MEDAN MAIMUN","KAMPUNG BARU","LINGKUNGAN 17","","","H. Transportasi dan Pergudangan","Gmaps"],
    ["33574","irwan rent car","Gg. Bunga No.8","prelist","MEDAN MAIMUN","SEI MATI","LINGKUNGAN 3","","0838-3934-3216","H. Transportasi dan Pergudangan","Gmaps"],
    ["33575","NASUTION Rental Mobil Medan","Jl. Brigjend Katamso No.254","prelist","MEDAN MAIMUN","SEI MATI","LINGKUNGAN 10","","0822-7302-3133","H. Transportasi dan Pergudangan","Gmaps"],
    ["33576","PFrentcar","Jl. Brigjend Katamso Gg. Nasional No.19","prelist","MEDAN MAIMUN","KAMPUNG BARU","LINGKUNGAN 8","","0853-6227-4111","H. Transportasi dan Pergudangan","Gmaps"],
    ["33577","Afif rent car","Gg. Perwira No.32","prelist","MEDAN MAIMUN","SEI MATI","LINGKUNGAN 11","","0853-2525-9995","H. Transportasi dan Pergudangan","Gmaps"],
    ["33578","CV. Mavioso Mandiri Rental Mobil Medan","Hamdan, Kec. Medan Maimun, Kota Medan, Sumatera Utara 20212","prelist","MEDAN MAIMUN","HAMDAN","LINGKUNGAN 1","","0822-6705-7902","H. Transportasi dan Pergudangan","Gmaps"],
    ["33579","Mobil Kualanamu Medan","Jl. Brigjend Katamso","prelist","MEDAN MAIMUN","KAMPUNG BARU","LINGKUNGAN 10","","","H. Transportasi dan Pergudangan","Gmaps"],
    ["33580","Jet plane music karaoke","Hamdan, Kec. Medan Maimun, Kota Medan, Sumatera Utara 20212","prelist","MEDAN MAIMUN","HAMDAN","LINGKUNGAN 10","","","H. Transportasi dan Pergudangan","Gmaps"],
    ["33581","Hiba Taxi","Jl. Pemuda Baru I Jl. Pemuda No.32","prelist","MEDAN MAIMUN","A U R","LINGKUNGAN 7","","0852-7099-6093","H. Transportasi dan Pergudangan","Gmaps"],
    ["33582","Sewa mobil LUTHFi Rental Mobil","Jl. Brigjend Katamso No.254","prelist","MEDAN MAIMUN","SEI MATI","LINGKUNGAN 10","","","H. Transportasi dan Pergudangan","Gmaps"],
    ["33583","Sumur keramat mencekam","Jl. Samanhudi No.8","prelist","MEDAN MAIMUN","J A T I","LINGKUNGAN 1","","","H. Transportasi dan Pergudangan","Gmaps"],
    ["33584","Dharma Biro Jasa","Jl. Pemuda Baru Iii No.7","prelist","MEDAN MAIMUN","A U R","LINGKUNGAN 7","","(061) 4513558","H. Transportasi dan Pergudangan","Gmaps"],
    ["33585","Boing Express. PT","Jl. Pemuda Baru No.5-M","prelist","MEDAN MAIMUN","A U R","LINGKUNGAN 7","","(061) 4510692","H. Transportasi dan Pergudangan","Gmaps"],
    ["33586","Shipper Medan Maimun","Jl. Warni No.43","prelist","MEDAN MAIMUN","SUKARAJA","LINGKUNGAN 5","","0819-0888-7447","H. Transportasi dan Pergudangan","Gmaps"],
    ["33587","PT. MEX Barlian Dirgantara Medan","Jl. Sakti Lubis","prelist","MEDAN MAIMUN","KAMPUNG BARU","LINGKUNGAN 8","","(061) 7851977","H. Transportasi dan Pergudangan","Gmaps"],
    ["33588","Kikan Utama Mandiri. PT","Jl. Brigjend Katamso No.258","prelist","MEDAN MAIMUN","SEI MATI","LINGKUNGAN 10","","(061) 4571507","H. Transportasi dan Pergudangan","Gmaps"],
    ["33589","PT. Elteha International","Jl. Brigjend Katamso No.62 B","prelist","MEDAN MAIMUN","A U R","LINGKUNGAN 1","","(061) 4155765","H. Transportasi dan Pergudangan","Gmaps"],
    ["33590","TKD EXPRESS MEDAN","Jl. Brigjend Katamso","prelist","MEDAN MAIMUN","KAMPUNG BARU","LINGKUNGAN 19","","(061) 4566584","H. Transportasi dan Pergudangan","Gmaps"],
    ["33591","Andalan Dua Satu Ekspres. PT","Komplek Multatuli Indah Lestari Blok A/42","prelist","MEDAN MAIMUN","HAMDAN","LINGKUNGAN 6","","0813-3041-6626","H. Transportasi dan Pergudangan","Gmaps"],
    ["33592","APEX Cargo","Jl. Brigjend Katamso No.43 S","prelist","MEDAN MAIMUN","A U R","LINGKUNGAN 8","","","H. Transportasi dan Pergudangan","Gmaps"],
    ["33593","Dakota Cargo Katamso Agen","Jl. Brigjend Katamso No.25","prelist","MEDAN MAIMUN","A U R","LINGKUNGAN 8","","0813-7044-6088","H. Transportasi dan Pergudangan","Gmaps"],
    ["33594","Indah Logistik Cargo Maimun","Jl. Brigjend Katamso No.54","prelist","MEDAN MAIMUN","A U R","LINGKUNGAN 2","","0812-1445-1696","H. Transportasi dan Pergudangan","Gmaps"],
    ["33595","Ekspedisi Medan-Jakarta-Kalimantan, PT Tara Trans Movers","Jl. Brigjend Katamso No.557","prelist","MEDAN MAIMUN","KAMPUNG BARU","LINGKUNGAN 19","","0812-6502-900","H. Transportasi dan Pergudangan","Gmaps"],
    ["33596","Bkl Express","Jl. Brigjend Katamso No.104","prelist","MEDAN MAIMUN","A U R","LINGKUNGAN 2","","","H. Transportasi dan Pergudangan","Gmaps"],
    ["33597","Aurell Cargo","Jl. Brigjend Katamso No.43","prelist","MEDAN MAIMUN","A U R","LINGKUNGAN 8","","0821-3798-5051","H. Transportasi dan Pergudangan","Gmaps"],
    ["33598","JNE MULTATULI","Jl. Multatuli No.42-44","prelist","MEDAN MAIMUN","HAMDAN","LINGKUNGAN 5","","0831-9427-1800","H. Transportasi dan Pergudangan","Gmaps"],
    ["33599","SJL Courir Cargo","JL Haji Misbah Komplek Multatuli Indah No.48-49 Blok AA, A U R, Kec. Medan Maimun, Kota Medan, Sumatera Utara 20151","prelist","MEDAN MAIMUN","A U R","LINGKUNGAN 10","","(061) 4557200","H. Transportasi dan Pergudangan","Gmaps"],
    ["33600","Ritra Logistics","Jl. Brigjend Katamso No.557","prelist","MEDAN MAIMUN","KAMPUNG BARU","LINGKUNGAN 19","","(061) 80043307","H. Transportasi dan Pergudangan","Gmaps"],
    ["33601","Tiki (Mantri)","A U R, Kec. Medan Maimun, Kota Medan, Sumatera Utara 20212","prelist","MEDAN MAIMUN","A U R","LINGKUNGAN 4","","(061) 4148054","H. Transportasi dan Pergudangan","Gmaps"],
    ["33602","Bersaudara Express Cargo (beX)","Jl. Brigjen Katamso","prelist","MEDAN MAIMUN","KAMPUNG BARU","LINGKUNGAN 17","","(061) 4160011","H. Transportasi dan Pergudangan","Gmaps"],
    ["33603","Dsi Cargo","Jl. Brigjend Katamso No.43S","prelist","MEDAN MAIMUN","A U R","LINGKUNGAN 8","","","H. Transportasi dan Pergudangan","Gmaps"],
    ["33604","Caraka Jaya Sentosa ( Caraka Cargo). PT","Jl. Ir.H.Juanda No.77","prelist","MEDAN MAIMUN","J A T I","LINGKUNGAN 1","","(061) 4513950","H. Transportasi dan Pergudangan","Gmaps"],
    ["33605","PT Cen Kurir Indonesia","Jl. Brigjend Katamso No.455 B","prelist","MEDAN MAIMUN","SEI MATI","LINGKUNGAN 6","","(061) 4574630","H. Transportasi dan Pergudangan","Gmaps"],
    ["33606","Arpeni Pratama Ocean Line. PT","Jl. Multatuli","prelist","MEDAN MAIMUN","HAMDAN","LINGKUNGAN 6","","(061) 4518518","H. Transportasi dan Pergudangan","Gmaps"],
    ["33607","Kiriman paket Kilat","Jl. Brigjend Katamso No.23","prelist","MEDAN MAIMUN","A U R","LINGKUNGAN 8","","(061) 04513802","H. Transportasi dan Pergudangan","Gmaps"],
    ["33608","Wiraco Mitra Sindo. PT","Jl. Ir H Juanda Baru","prelist","MEDAN MAIMUN","J A T I","LINGKUNGAN 1","","(061) 7341880","H. Transportasi dan Pergudangan","Gmaps"],
    ["33609","Kirimaja_ExpoMedan","Jl. Pemuda Baru I No.30","prelist","MEDAN MAIMUN","A U R","LINGKUNGAN 7","","0821-6752-5489","H. Transportasi dan Pergudangan","Gmaps"],
    ["33610","J&T EXPRESS","Jl. Brigjend Katamso No.489-490","prelist","MEDAN MAIMUN","SEI MATI","LINGKUNGAN 6","","(061) 4141182","H. Transportasi dan Pergudangan","Gmaps"],
    ["33611","Pandu Siwi Sentosa. PT","Jl. Brigadir Jenderal Katamso No.246","prelist","MEDAN MAIMUN","KAMPUNG BARU","LINGKUNGAN 7","","(061) 4517817","H. Transportasi dan Pergudangan","Gmaps"],
    ["33612","J&T Express Pemuda baru","Jl. Pemuda No.19 D","prelist","MEDAN MAIMUN","A U R","LINGKUNGAN 7","","0858-3065-2191","H. Transportasi dan Pergudangan","Gmaps"],
    ["33613","Prima Agung Express. PT","Jl. Brigjend Katamso No.685","prelist","MEDAN MAIMUN","KAMPUNG BARU","LINGKUNGAN 7","","(061) 7860178","H. Transportasi dan Pergudangan","Gmaps"],
    ["33614","Indah cargo Katamso","Jl. Brigjend Katamso No.418","prelist","MEDAN MAIMUN","KAMPUNG BARU","LINGKUNGAN 19","","0812-6241-4488","H. Transportasi dan Pergudangan","Gmaps"],
    ["33615","Hanjin Shipping","Jl. Kol. Sugiono No.10 G","prelist","MEDAN MAIMUN","A U R","LINGKUNGAN 9","","(061) 4153992","H. Transportasi dan Pergudangan","Gmaps"],
    ["33616","Gesuri Lloyd. PT","Jl. Kol. Sugiono No.3","prelist","MEDAN MAIMUN","A U R","LINGKUNGAN 5","","(061) 4156677","H. Transportasi dan Pergudangan","Gmaps"],
    ["33617","PT. Andalan Putra Express","Jl. Brigjend Katamso No.43T","prelist","MEDAN MAIMUN","A U R","LINGKUNGAN 8","","(061) 4555982","H. Transportasi dan Pergudangan","Gmaps"],
    ["33618","Multisarana Aditransjaya PT","Jl. Letjen Suprapto No.4","prelist","MEDAN MAIMUN","HAMDAN","LINGKUNGAN 10","","(061) 4526669","H. Transportasi dan Pergudangan","Gmaps"],
    ["33619","Caraka Tirta Perkasa. PT","Jl. Brigjend Katamso No.386","prelist","MEDAN MAIMUN","SEI MATI","LINGKUNGAN 7","","(061) 4572910","H. Transportasi dan Pergudangan","Gmaps"],
    ["33620","Gabe Expres. PT","Jl. Brigjend Katamso No.43F","prelist","MEDAN MAIMUN","A U R","LINGKUNGAN 3","","(061) 4555982","H. Transportasi dan Pergudangan","Gmaps"],
    ["33621","RPX Logistics","Jl. Pemuda Baru","prelist","MEDAN MAIMUN","A U R","LINGKUNGAN 5","","","H. Transportasi dan Pergudangan","Gmaps"],
    ["33622","CTP LINE Cabang Medan","A U R, Kec. Medan Maimun, Kota Medan, Sumatera Utara 20212","prelist","MEDAN MAIMUN","A U R","LINGKUNGAN 1","","(061) 4572910","H. Transportasi dan Pergudangan","Gmaps"],
    ["33623","Advance Container Lines (ACL)","Komplek Multatuli Indah","prelist","MEDAN MAIMUN","HAMDAN","LINGKUNGAN 6","","(061) 4534071","H. Transportasi dan Pergudangan","Gmaps"],
    ["33624","D.T","A U R, Kec. Medan Maimun, Kota Medan, Sumatera Utara","prelist","MEDAN MAIMUN","A U R","LINGKUNGAN 5","","","H. Transportasi dan Pergudangan","Gmaps"],
    ["33625","J&T Express Multatuli","Indah, Blk. B Jl. Multatuli No.17, A U R, Kec. Medan Maimun, Kota Medan, Sumatera Utara 20212","prelist","MEDAN MAIMUN","A U R","LINGKUNGAN 10","","","H. Transportasi dan Pergudangan","Gmaps"],
    ["33626","Husada Pratama. PT","Jl. Brigjend Katamso No.242","prelist","MEDAN MAIMUN","SEI MATI","LINGKUNGAN 10","","(061) 7854744","H. Transportasi dan Pergudangan","Gmaps"],
    ["33627","Cepat Service Sakti. PT","Jl. Brigjend Katamso No.72/122","prelist","MEDAN MAIMUN","A U R","LINGKUNGAN 2","","(061) 4158629","H. Transportasi dan Pergudangan","Gmaps"],
    ["33628","Kantor Pos KJMEXPRESS 20158C1","Jl. Brigjend Katamso No.243 A","prelist","MEDAN MAIMUN","KAMPUNG BARU","LINGKUNGAN 20","","","H. Transportasi dan Pergudangan","Gmaps"],
    ["33629","Fachri Trans. CV","Jl. Brigjend Katamso No.104","prelist","MEDAN MAIMUN","A U R","LINGKUNGAN 8","","0813-6055-3660","H. Transportasi dan Pergudangan","Gmaps"],
    ["33630","LION PARCEL POS WAJIR","Jl. Kol. Sugiono No.12D","prelist","MEDAN MAIMUN","A U R","LINGKUNGAN 9","","","H. Transportasi dan Pergudangan","Gmaps"],
    ["33631","Merpati Express","Jl. Brigjend Katamso No.489-490","prelist","MEDAN MAIMUN","SEI MATI","LINGKUNGAN 6","","(061) 7365360","H. Transportasi dan Pergudangan","Gmaps"],
    ["33632","BDP Indonesia. PT - Medan","JL Multatuli, Kompl.Multatuli B6-B7, Medan, 20151, Hamdan, Medan Maimun, Medan City, North Sumatra 20212","prelist","MEDAN MAIMUN","HAMDAN","LINGKUNGAN 6","","(061) 4153555","H. Transportasi dan Pergudangan","Gmaps"],
    ["33633","PT. Forecastle Indonesia Medan Branch","Jl. Komp. Multatuli Indah Jl. H. Misbah No.24 Blok C","prelist","MEDAN MAIMUN","A U R","LINGKUNGAN 10","","(061) 4567455","H. Transportasi dan Pergudangan","Gmaps"],
    ["33634","Lion Parcel Jati","Jl. Brigjend Zein Hamid No.398B","prelist","MEDAN MAIMUN","KAMPUNG BARU","LINGKUNGAN 19","","0852-6122-5961","H. Transportasi dan Pergudangan","Gmaps"],
    ["33635","PT. Binatama Sentrafajar","Jl. Brigjend Katamso No.23 C","prelist","MEDAN MAIMUN","A U R","LINGKUNGAN 8","","(061) 4513802","H. Transportasi dan Pergudangan","Gmaps"],
    ["33636","Layar Sentosa Shipping Corp.","Jl. Kol. Sugiono No.10 C","prelist","MEDAN MAIMUN","A U R","LINGKUNGAN 9","","(061) 4146145","H. Transportasi dan Pergudangan","Gmaps"],
    ["33637","P.M.H express","Jl. Brigjend Katamso No.30","prelist","MEDAN MAIMUN","A U R","LINGKUNGAN 4","","(061) 4147784","H. Transportasi dan Pergudangan","Gmaps"],
    ["33652","Indo Logistic. PT","Jl. Brigjend Katamso No.458 B","prelist","MEDAN MAIMUN","KAMPUNG BARU","LINGKUNGAN 17","","(061) 4529978","H. Transportasi dan Pergudangan","Gmaps"],
    ["33653","Gesuri Lloyd. PT","J A T I, Kec. Medan Maimun, Kota Medan, Sumatera Utara 20151","prelist","MEDAN MAIMUN","J A T I","LINGKUNGAN 1","","(061) 4523823","H. Transportasi dan Pergudangan","Gmaps"],
    ["33654","PT.Meta Jaya Nusantara","Jl. Mangkubumi No.13Ab","prelist","MEDAN MAIMUN","A U R","LINGKUNGAN 9","","(061) 4518333","H. Transportasi dan Pergudangan","Gmaps"],
    ["33655","NCS Line","Jl. Brigjend Katamso","prelist","MEDAN MAIMUN","A U R","LINGKUNGAN 8","","(061) 4155736","H. Transportasi dan Pergudangan","Gmaps"],
    ["33656","Sanitasi Makmur. PT","Jl. Multatuli No.5","prelist","MEDAN MAIMUN","HAMDAN","LINGKUNGAN 6","","(061) 4144557","H. Transportasi dan Pergudangan","Gmaps"],
    ["33657","PT. Pelayaran Bintang Putih","Jl. Imam Bonjol Lantai 4 No. 23","prelist","MEDAN MAIMUN","HAMDAN","LINGKUNGAN 10","","(061) 4149999","H. Transportasi dan Pergudangan","Gmaps"],
    ["33658","PT. Mitra Tama Intermedia","No. 156B","prelist","MEDAN MAIMUN","KAMPUNG BARU","LINGKUNGAN 20","","(061) 7866503","H. Transportasi dan Pergudangan","Gmaps"],
    ["33659","Asian Groupage Services. PT","Jl. Pemuda Baru No.7","prelist","MEDAN MAIMUN","A U R","LINGKUNGAN 7","","(061) 4143699","H. Transportasi dan Pergudangan","Gmaps"],
    ["33660","J&T Express","Jl. Brigjend Katamso No.690","prelist","MEDAN MAIMUN","KAMPUNG BARU","LINGKUNGAN 7","","0822-6127-1188","H. Transportasi dan Pergudangan","Gmaps"],
    ["33661","PT Samudera Berkah Benua","Jl. Komp. Multatuli Indah Blok E20","prelist","MEDAN MAIMUN","A U R","LINGKUNGAN 10","","0895-3264-58546","H. Transportasi dan Pergudangan","Gmaps"],
    ["33662","Gita Dharma. PT EMKL","Jl. Pemuda No.10 A","prelist","MEDAN MAIMUN","A U R","LINGKUNGAN 5","","(061) 4152414","H. Transportasi dan Pergudangan","Gmaps"],
    ["33663","SUPER OYO 839 Royal Guest House","Jl. Suka Mulia No.1","prelist","MEDAN MAIMUN","A U R","LINGKUNGAN 6","","(021) 29707601","I. Penyediaan Akomodasi dan Makan Minum","Gmaps"],
    ["33664","RedDoorz Plus @ Centrium Katamso Medan","Jl. Brigjend Katamso Komplek Centrium No. 80-81 & 46","prelist","MEDAN MAIMUN","A U R","LINGKUNGAN 3","","0895-4173-00072","I. Penyediaan Akomodasi dan Makan Minum","Gmaps"],
    ["33665","JNE Cabang Brigjend Katamso Medan","Jl. Brigjend Katamso No.523E","prelist","MEDAN MAIMUN","SEI MATI","LINGKUNGAN 7","","(061) 76526200","H. Transportasi dan Pergudangan","Gmaps"],
    ["33666","Admin Tekhnik AC","Jl. Brigjen Katamso","prelist","MEDAN MAIMUN","KAMPUNG BARU","LINGKUNGAN 10","","","H. Transportasi dan Pergudangan","Gmaps"],
    ["33667","ATT Group","Jl. H. Misbah Komplek Multatuli Indah Blok Aa/34","prelist","MEDAN MAIMUN","HAMDAN","LINGKUNGAN 5","","(021) 55955868","H. Transportasi dan Pergudangan","Gmaps"],
    ["33668","Singa Margana. PT","Jl. Kol. Sugiono No.3","prelist","MEDAN MAIMUN","A U R","LINGKUNGAN 5","","(061) 4513773","H. Transportasi dan Pergudangan","Gmaps"],
    ["33669","LION PARCEL MULTATULI INDAH POS21984","Jl. Komp. Multatuli Indah No.19 Blok D","prelist","MEDAN MAIMUN","A U R","LINGKUNGAN 10","","0823-6257-7609","H. Transportasi dan Pergudangan","Gmaps"],
    ["33670","PT. Universal Shipping Indonesia","Komplek Istana Bisnis Center","prelist","MEDAN MAIMUN","SUKARAJA","LINGKUNGAN 7","","(061) 4156898","H. Transportasi dan Pergudangan","Gmaps"],
    ["33671","PT MABUA JAFE RAYA","Jl. Brigjend Katamso No.328","prelist","MEDAN MAIMUN","SEI MATI","LINGKUNGAN 7","","(061) 4503055","H. Transportasi dan Pergudangan","Gmaps"],
    ["33672","Tiki Gerai 034 Juanda","Jl. Ir. H. Juanda","prelist","MEDAN MAIMUN","SUKARAJA","LINGKUNGAN 4","","","H. Transportasi dan Pergudangan","Gmaps"],
    ["33673","Unitrans. PT","Jl. Brigjend Katamso No.12","prelist","MEDAN MAIMUN","KAMPUNG BARU","LINGKUNGAN 19","","(061) 4529981","H. Transportasi dan Pergudangan","Gmaps"],
    ["33674","KOMP_MULTATULI","Jl. Komp. Multatuli Indah Blk. B No.17","prelist","MEDAN MAIMUN","A U R","LINGKUNGAN 10","","","H. Transportasi dan Pergudangan","Gmaps"],
    ["33675","TIKI GERAI PELANGI","Jl. Brigjend Katamso No.410","prelist","MEDAN MAIMUN","SEI MATI","LINGKUNGAN 7","","(061) 00000","H. Transportasi dan Pergudangan","Gmaps"],
    ["33676","Sealand - A Maersk Company","Jl. Imam Bonjol No.23","prelist","MEDAN MAIMUN","HAMDAN","LINGKUNGAN 10","","","H. Transportasi dan Pergudangan","Gmaps"],
    ["33677","Rumah Makan Minang Maimbau","Jl. Brigjend Katamso No.247","prelist","MEDAN MAIMUN","KAMPUNG BARU","LINGKUNGAN 20","","0813-6211-4814","I. Penyediaan Akomodasi dan Makan Minum","Gmaps"],
    ["33678","Restauran sederhana Katamso","Gg. Baru","prelist","MEDAN MAIMUN","A U R","LINGKUNGAN 3","","(061) 42001182","I. Penyediaan Akomodasi dan Makan Minum","Gmaps"],
    ["33679","Hai Kou Restaurant Wajir","Jl. Kol. Sugiono No.14D","prelist","MEDAN MAIMUN","A U R","LINGKUNGAN 9","","0812-6431-2188","I. Penyediaan Akomodasi dan Makan Minum","Gmaps"],
    ["33680","Rumah Makan Mbak Bolek","Jalan Wajir K Maimun No.2","prelist","MEDAN MAIMUN","A U R","LINGKUNGAN 9","","(061) 4555389","I. Penyediaan Akomodasi dan Makan Minum","Gmaps"],
    ["33681","Srikandi Samanhudi","Jl. Samanhudi No.3","prelist","MEDAN MAIMUN","HAMDAN","LINGKUNGAN 6","","(061) 4514858","I. Penyediaan Akomodasi dan Makan Minum","Gmaps"],
    ["33682","Bing Bing Soo Korean Dessert House","Komplek Multatuli Blok Ff No. 32-33","prelist","MEDAN MAIMUN","HAMDAN","LINGKUNGAN 1","","0813-1016-7890","I. Penyediaan Akomodasi dan Makan Minum","Gmaps"],
    ["33683","Nasi Goreng Pemuda","Jl. Pemuda Baru Iii","prelist","MEDAN MAIMUN","A U R","LINGKUNGAN 7","","0812-6597-981","I. Penyediaan Akomodasi dan Makan Minum","Gmaps"],
    ["33684","Rumah Makan Tabona","Jl. Mangkubumi No.17","prelist","MEDAN MAIMUN","A U R","LINGKUNGAN 5","","(061) 4519613","I. Penyediaan Akomodasi dan Makan Minum","Gmaps"],
    ["33685","Rumah Makan Pondok Gurih","Jl. Brigjend Katamso No.33A","prelist","MEDAN MAIMUN","A U R","LINGKUNGAN 8","","(061) 4537982","I. Penyediaan Akomodasi dan Makan Minum","Gmaps"],
    ["33686","RedDoorz @ Avros Guest House Medan","Jl. Brigjend Katamso No.1","prelist","MEDAN MAIMUN","KAMPUNG BARU","LINGKUNGAN 15","","0895-4173-00072","I. Penyediaan Akomodasi dan Makan Minum","Gmaps"],
    ["33687","RedDoorz Plus @ Jalan Juanda Medan WA,082129210301","Jl. Ir. H. Juanda No.3C","prelist","MEDAN MAIMUN","SUKARAJA","LINGKUNGAN 4","","0895-4173-00072","I. Penyediaan Akomodasi dan Makan Minum","Gmaps"],
    ["33688","Urbanview Os Residence Medan By RedDoorz","Jl. Brigjend Katamso No.Rt.2","prelist","MEDAN MAIMUN","SEI MATI","LINGKUNGAN 10","","0895-4173-00072","I. Penyediaan Akomodasi dan Makan Minum","Gmaps"],
    ["33689","The Thirty-Six","Jl. Multatuli No.36","prelist","MEDAN MAIMUN","HAMDAN","LINGKUNGAN 5","","(061) 4530970","I. Penyediaan Akomodasi dan Makan Minum","Gmaps"],
    ["33690","Izumiya Restaurant @ GAIA ENCLAVE","Jl. Letjen Suprapto No.13","prelist","MEDAN MAIMUN","HAMDAN","LINGKUNGAN 6","","0811-6055-729","I. Penyediaan Akomodasi dan Makan Minum","Gmaps"],
    ["33691","Li Kung Restaurant","Jl. Kol Sugiono No.7A","prelist","MEDAN MAIMUN","A U R","LINGKUNGAN 5","","0822-9931-6788","I. Penyediaan Akomodasi dan Makan Minum","Gmaps"],
    ["33692","RUMAH MAKAN AKSARA MINANG","Jl. Brigjend Katamso No.476","prelist","MEDAN MAIMUN","KAMPUNG BARU","LINGKUNGAN 17","","0813-7090-6700","I. Penyediaan Akomodasi dan Makan Minum","Gmaps"],
    ["33693","Pilastro Signature","Jl. H. Misbah No.18B","prelist","MEDAN MAIMUN","J A T I","LINGKUNGAN 1","","","I. Penyediaan Akomodasi dan Makan Minum","Gmaps"],
    ["33694","Nasi Goreng Wak Ribut","Jl. Multatuli No.83","prelist","MEDAN MAIMUN","HAMDAN","LINGKUNGAN 5","","","I. Penyediaan Akomodasi dan Makan Minum","Gmaps"],
    ["33695","Sondoro Seafood Singapore Station","Jl. Brigjend Katamso","prelist","MEDAN MAIMUN","SEI MATI","LINGKUNGAN 10","","(061) 88813893","I. Penyediaan Akomodasi dan Makan Minum","Gmaps"],
    ["33696","Rumah Makan Medan Jaya","Jl. H Misbah 28","prelist","MEDAN MAIMUN","HAMDAN","LINGKUNGAN 6","","(061) 4146944","I. Penyediaan Akomodasi dan Makan Minum","Gmaps"],
    ["33697","Rumah Makan Medan Jaya","Jl. Samanhudi No.41","prelist","MEDAN MAIMUN","J A T I","LINGKUNGAN 3","","0813-6217-7663","I. Penyediaan Akomodasi dan Makan Minum","Gmaps"],
    ["33698","Bebek Carok - Medan","Jl. H. Misbah Jl. Komp. Multatuli Indah No.1 Blok.G","prelist","MEDAN MAIMUN","A U R","LINGKUNGAN 10","","0821-4491-8227","I. Penyediaan Akomodasi dan Makan Minum","Gmaps"],
    ["33699","Yum Thai","Jl. Samanhudi No.7","prelist","MEDAN MAIMUN","HAMDAN","LINGKUNGAN 6","","0816-343-488","I. Penyediaan Akomodasi dan Makan Minum","Gmaps"],
    ["33700","RGI Medan Maimun","Jl. Brigjend Katamso No.279-281","prelist","MEDAN MAIMUN","SUKARAJA","LINGKUNGAN 1","","0857-1767-8893","I. Penyediaan Akomodasi dan Makan Minum","Gmaps"],
    ["33717","Restoran Bahagia Perbaungan Cab. Katamso","Jl. Brigjend Katamso No.58","prelist","MEDAN MAIMUN","A U R","LINGKUNGAN 2","","0852-7791-2522","I. Penyediaan Akomodasi dan Makan Minum","Gmaps"],
    ["33718","LovingHut Wajir","Jl. Kol. Sugiono","prelist","MEDAN MAIMUN","A U R","LINGKUNGAN 9","","(061) 4554041","I. Penyediaan Akomodasi dan Makan Minum","Gmaps"],
    ["33719","Gumarang Jaya 2","Jl. Brigjend Katamso No.223","prelist","MEDAN MAIMUN","SUKARAJA","LINGKUNGAN 7","","0853-7930-2010","I. Penyediaan Akomodasi dan Makan Minum","Gmaps"],
    ["33720","Fritto Chicken Pemuda","Jl. Pemuda","prelist","MEDAN MAIMUN","A U R","LINGKUNGAN 5","","","I. Penyediaan Akomodasi dan Makan Minum","Gmaps"],
    ["33721","Mie Pangsit Don Marco","Jl. Multatuli No.34","prelist","MEDAN MAIMUN","HAMDAN","LINGKUNGAN 5","","0852-6176-1055","I. Penyediaan Akomodasi dan Makan Minum","Gmaps"],
    ["33722","Earth Bake","Jl. Komp. Multatuli Indah Blok F11","prelist","MEDAN MAIMUN","A U R","LINGKUNGAN 10","","0812-6046-0798","I. Penyediaan Akomodasi dan Makan Minum","Gmaps"],
    ["33723","My Mala","Jl. Brigjend Katamso No.14-15","prelist","MEDAN MAIMUN","A U R","LINGKUNGAN 3","","0812-6200-5656","I. Penyediaan Akomodasi dan Makan Minum","Gmaps"],
    ["33724","Wak Uduk by Potbelly Blok B53-54","Jl. H. Misbah","prelist","MEDAN MAIMUN","A U R","LINGKUNGAN 10","","(061) 4537998","I. Penyediaan Akomodasi dan Makan Minum","Gmaps"],
    ["33725","Nasi Bungkus Bu Yusni Multatuli","Komplek Multatuli","prelist","MEDAN MAIMUN","A U R","LINGKUNGAN 10","","0811-6070-268","I. Penyediaan Akomodasi dan Makan Minum","Gmaps"],
    ["33726","Kitchenette Brasserie","Jl. Gerilya No.5","prelist","MEDAN MAIMUN","J A T I","LINGKUNGAN 1","","0822-7208-8880","I. Penyediaan Akomodasi dan Makan Minum","Gmaps"],
    ["33727","Ta Shanghai Restaurant (?????)","Jl. Multa Tuli Raya","prelist","MEDAN MAIMUN","A U R","LINGKUNGAN 10","","(061) 4539796","I. Penyediaan Akomodasi dan Makan Minum","Gmaps"],
    ["33728","Warung by tangga","Jl. Letjen Suprapto No.11","prelist","MEDAN MAIMUN","HAMDAN","LINGKUNGAN 6","","","I. Penyediaan Akomodasi dan Makan Minum","Gmaps"],
    ["33729","ARA SPACE","Komplek","prelist","MEDAN MAIMUN","HAMDAN","LINGKUNGAN 1","","0821-7167-3939","I. Penyediaan Akomodasi dan Makan Minum","Gmaps"],
    ["33730","Avros cafe","Jl. Pemuda 2","prelist","MEDAN MAIMUN","A U R","LINGKUNGAN 5","","","I. Penyediaan Akomodasi dan Makan Minum","Gmaps"],
    ["33731","Locana Coffee","Jl. Multatuli","prelist","MEDAN MAIMUN","HAMDAN","LINGKUNGAN 6","","0853-3144-7644","I. Penyediaan Akomodasi dan Makan Minum","Gmaps"],
    ["33732","Semeja Cafe","Jl. Komp. Multatuli Indah No.5 No 4","prelist","MEDAN MAIMUN","A U R","LINGKUNGAN 10","","0813-7516-2983","I. Penyediaan Akomodasi dan Makan Minum","Gmaps"],
    ["33733","Chobb coffee & eatery","Blok BB - CC Jalan Kompleks Multatuli Indah.53 BB 53, Kota Medan, Sumatera Utara 20212","prelist","MEDAN MAIMUN","HAMDAN","LINGKUNGAN 1","","0819-2069-815","I. Penyediaan Akomodasi dan Makan Minum","Gmaps"],
    ["33734","Halifax Coffee Multatuli Medan","Jl. Komp. Multatuli Indah No.46 Blok A","prelist","MEDAN MAIMUN","A U R","LINGKUNGAN 10","","0851-7316-7884","I. Penyediaan Akomodasi dan Makan Minum","Gmaps"],
    ["33735","D'raja Coffee Multatuli","Jl. Multatuli No.12 - 13","prelist","MEDAN MAIMUN","A U R","LINGKUNGAN 10","","0821-6373-0737","I. Penyediaan Akomodasi dan Makan Minum","Gmaps"],
    ["33736","Treasure Box Cafe (Dessert House)","Jl. Komp. Multatuli Indah No.35 Blok E","prelist","MEDAN MAIMUN","A U R","LINGKUNGAN 10","","0813-6016-6477","I. Penyediaan Akomodasi dan Makan Minum","Gmaps"],
    ["33737","Guzva Coffee","Jl. Suka Mulia No.1-2","prelist","MEDAN MAIMUN","A U R","LINGKUNGAN 6","","0851-6577-4146","I. Penyediaan Akomodasi dan Makan Minum","Gmaps"],
    ["33738","M-Avenue Cafe & Resto","Jl. Multatuli No.36","prelist","MEDAN MAIMUN","A U R","LINGKUNGAN 10","","(061) 4156746","I. Penyediaan Akomodasi dan Makan Minum","Gmaps"],
    ["33739","Omochisando Cafe & Patisserie","Jl. Letjen Suprapto No.13","prelist","MEDAN MAIMUN","HAMDAN","LINGKUNGAN 6","","0811-6146-807","I. Penyediaan Akomodasi dan Makan Minum","Gmaps"],
    ["33740","NO BRAND CAFE","Jl. Pandu No.1 J K L","prelist","MEDAN MAIMUN","A U R","LINGKUNGAN 7","","(061) 4517826","I. Penyediaan Akomodasi dan Makan Minum","Gmaps"],
    ["33741","Warkop Ramah Tamah","Jl. Multatuli No.28","prelist","MEDAN MAIMUN","HAMDAN","LINGKUNGAN 6","","0813-7685-0758","I. Penyediaan Akomodasi dan Makan Minum","Gmaps"],
    ["33742","Scoop & Brew Gelato and Coffee","Blk. BB - CC No.29-45, Hamdan, Kec. Medan Maimun, Kota Medan, Sumatera Utara 20212","prelist","MEDAN MAIMUN","HAMDAN","LINGKUNGAN 1","","","I. Penyediaan Akomodasi dan Makan Minum","Gmaps"],
    ["33743","Kedai Kopi Akong","Jl. H. Misbah Jl. Komp. Multatuli Indah Blok Cc No. 30","prelist","MEDAN MAIMUN","HAMDAN","LINGKUNGAN 1","","0878-7612-4977","I. Penyediaan Akomodasi dan Makan Minum","Gmaps"],
    ["33744","Kopi Pagi","Jl. Kol. Sugiono No.10B","prelist","MEDAN MAIMUN","A U R","LINGKUNGAN 9","","0812-6036-1003","I. Penyediaan Akomodasi dan Makan Minum","Gmaps"],
    ["33745","JO'S BREWS","Blk. F No.20, A U R, Kec. Medan Maimun, Kota Medan, Sumatera Utara 20212","prelist","MEDAN MAIMUN","A U R","LINGKUNGAN 10","","0895-3432-15000","I. Penyediaan Akomodasi dan Makan Minum","Gmaps"],
    ["33746","Cafe Mendai Istana Maimoon","Sukaraja, Kec. Medan Maimun, Kota Medan, Sumatera Utara 20212","prelist","MEDAN MAIMUN","A U R","LINGKUNGAN 1","","","I. Penyediaan Akomodasi dan Makan Minum","Gmaps"],
    ["33747","MARKAJ KOPI","Jl. Dahlia No.9","prelist","MEDAN MAIMUN","HAMDAN","LINGKUNGAN 7","","","I. Penyediaan Akomodasi dan Makan Minum","Gmaps"],
    ["33748","M - Gravity Cafe","Jl. Brigjend Katamso No.361","prelist","MEDAN MAIMUN","SEI MATI","LINGKUNGAN 4","","","I. Penyediaan Akomodasi dan Makan Minum","Gmaps"],
    ["33749","Cent coffee","Jl. Multatuli No.19 Block Ff No 18","prelist","MEDAN MAIMUN","A U R","LINGKUNGAN 10","","0878-6875-5167","I. Penyediaan Akomodasi dan Makan Minum","Gmaps"],
    ["33750","Point Coffee Katamso","Jl. Brigjend Katamso Pantai Burung","prelist","MEDAN MAIMUN","A U R","LINGKUNGAN 2","","0882-6034-9420","I. Penyediaan Akomodasi dan Makan Minum","Gmaps"],
    ["33751","BS Cafe","Jl. Teratai","prelist","MEDAN MAIMUN","HAMDAN","LINGKUNGAN 7","","0853-6000-6401","I. Penyediaan Akomodasi dan Makan Minum","Gmaps"],
    ["33752","BLOOMS CAFE","Jl. Kol. Sugiono No.6A","prelist","MEDAN MAIMUN","A U R","LINGKUNGAN 9","","0813-9799-5700","I. Penyediaan Akomodasi dan Makan Minum","Gmaps"],
    ["33753","Peak Cafe","Jl. Brigjend Katamso No.99-104","prelist","MEDAN MAIMUN","SUKARAJA","LINGKUNGAN 1","","","I. Penyediaan Akomodasi dan Makan Minum","Gmaps"],
    ["33754","LOYD Coffee","Jl. H. Misbah Jl. Komp. Multatuli Indah No.18 Blok A","prelist","MEDAN MAIMUN","HAMDAN","LINGKUNGAN 1","","","I. Penyediaan Akomodasi dan Makan Minum","Gmaps"],
    ["33755","Alligator Roastery","Jl. Kenanga No.17","prelist","MEDAN MAIMUN","HAMDAN","LINGKUNGAN 7","","0813-6222-3557","I. Penyediaan Akomodasi dan Makan Minum","Gmaps"],
    ["33756","DOFFEE - Dough & Coffee","Jl. Multatuli No.14 - 15","prelist","MEDAN MAIMUN","HAMDAN","LINGKUNGAN 6","","0821-6569-0555","I. Penyediaan Akomodasi dan Makan Minum","Gmaps"],
    ["33757","Sate Padang Afrizal Amir","Jl. Brigjend Katamso No.150B","prelist","MEDAN MAIMUN","KAMPUNG BARU","LINGKUNGAN 11","","","I. Penyediaan Akomodasi dan Makan Minum","Gmaps"],
    ["33758","Ayam Pecak Joko Moro","Jl. Brigjend Katamso No.313","prelist","MEDAN MAIMUN","SEI MATI","LINGKUNGAN 1","","","I. Penyediaan Akomodasi dan Makan Minum","Gmaps"],
    ["33759","Kedai Delima","Jl. Brigjend Katamso No.45 P","prelist","MEDAN MAIMUN","SUKARAJA","LINGKUNGAN 7","","0813-7500-5095","I. Penyediaan Akomodasi dan Makan Minum","Gmaps"],
    ["33760","RUMAH MAKAN UNI AJO","Jl. Mangkubumi","prelist","MEDAN MAIMUN","A U R","LINGKUNGAN 9","","","I. Penyediaan Akomodasi dan Makan Minum","Gmaps"],
    ["33761","Kopeakoé","Jl. Imam Bonjol No.37","prelist","MEDAN MAIMUN","J A T I","LINGKUNGAN 1","","0852-7031-1006","I. Penyediaan Akomodasi dan Makan Minum","Gmaps"],
    ["33762","The Three Carrari","Jl. Palang Merah 11","prelist","MEDAN MAIMUN","A U R","LINGKUNGAN 6","","0811-6321-638","I. Penyediaan Akomodasi dan Makan Minum","Gmaps"],
    ["33763","Syifa Coffee","Jl. Jenderal Sudirman No.31","prelist","MEDAN MAIMUN","J A T I","LINGKUNGAN 1","","0813-7588-0420","I. Penyediaan Akomodasi dan Makan Minum","Gmaps"],
    ["33764","23 Coffee Stand","Jl. Kenanga No.32","prelist","MEDAN MAIMUN","HAMDAN","LINGKUNGAN 6","","0857-6537-7827","I. Penyediaan Akomodasi dan Makan Minum","Gmaps"],
    ["33765","Home Cafe","Jl. Komp. Multatuli Indah No.43 Blok Cc No. 42","prelist","MEDAN MAIMUN","HAMDAN","LINGKUNGAN 1","","0852-1842-2325","I. Penyediaan Akomodasi dan Makan Minum","Gmaps"],
    ["33766","Sinar Kopi","Jl. Brigjend Katamso No.62C","prelist","MEDAN MAIMUN","A U R","LINGKUNGAN 2","","0852-6023-7771","I. Penyediaan Akomodasi dan Makan Minum","Gmaps"],
    ["33767","HOPE COFFEE MEDAN","Jl. Brigjend Katamso No.400","prelist","MEDAN MAIMUN","SEI MATI","LINGKUNGAN 7","","0811-2270-027","I. Penyediaan Akomodasi dan Makan Minum","Gmaps"],
    ["33768","AL Coffee House (??????)","Jl. Komp. Multatuli Indah Blok E 42","prelist","MEDAN MAIMUN","A U R","LINGKUNGAN 10","","","I. Penyediaan Akomodasi dan Makan Minum","Gmaps"],
    ["33769","Dalitan Coffee","Jl. Ir. H. Juanda No.55 Rt.02","prelist","MEDAN MAIMUN","SUKARAJA","LINGKUNGAN 5","","(061) 88741245","I. Penyediaan Akomodasi dan Makan Minum","Gmaps"],
    ["33770","Kopi saok Simalungun","Sukaraja, Kec. Medan Maimun, Kota Medan, Sumatera Utara 20212","prelist","MEDAN MAIMUN","A U R","LINGKUNGAN 1","","0813-9603-9144","I. Penyediaan Akomodasi dan Makan Minum","Gmaps"],
    ["33771","Kelas IX-A SMP Harapan I Medan","Jl. Samanhudi No.5","prelist","MEDAN MAIMUN","J A T I","LINGKUNGAN 1","","","P. Pendidikan","Gmaps"],
    ["33772","Yayasan Perguruan Darul Aman","Kp. Baru, Kec. Medan Maimun, Kota Medan, Sumatera Utara 20215","prelist","MEDAN MAIMUN","KAMPUNG BARU","LINGKUNGAN 20","","","P. Pendidikan","Gmaps"],
    ["33773","SD Kemala Bhayangkari 1 Medan","Jl. H. Misbah No.18-A","prelist","MEDAN MAIMUN","J A T I","LINGKUNGAN 1","","(061) 4513099","P. Pendidikan","Gmaps"],
    ["33774","sekolah","Jl. Ir. H. Juanda","prelist","MEDAN MAIMUN","J A T I","LINGKUNGAN 1","","","P. Pendidikan","Gmaps"],
    ["33775","Sekolah Dasar Harapan 1","Jl. Imam Bonjol No.32","prelist","MEDAN MAIMUN","J A T I","LINGKUNGAN 1","","0823-7383-0851","P. Pendidikan","Gmaps"],
    ["33776","Sekolah Menengah Atas Katolik Santa Maria Medan","Jl. Palang Merah No.15","prelist","MEDAN MAIMUN","A U R","LINGKUNGAN 7","","(061) 4524113","P. Pendidikan","Gmaps"],
    ["33777","Yayasan Pendidikan Harapan - Sekolah Tinggi Bahasa Asing (STBA) Harapan Medan","Jl. Imam Bonjol No.35","prelist","MEDAN MAIMUN","J A T I","LINGKUNGAN 1","","(061) 4514435","P. Pendidikan","Gmaps"],
    ["33778","Singapore International Academy","Jl. Suryo No.12","prelist","MEDAN MAIMUN","J A T I","LINGKUNGAN 1","","(061) 4564069","P. Pendidikan","Gmaps"],
    ["33779","UPT SDN 060898 MEDAN MAIMUN","Sei Mati, Kec. Medan Maimun, Kota Medan, Sumatera Utara 20217","prelist","MEDAN MAIMUN","SEI MATI","LINGKUNGAN 8","","0852-9770-9098","P. Pendidikan","Gmaps"],
    ["33780","Global Prima National Plus School","Jl. Brigjend Katamso No.282-283","prelist","MEDAN MAIMUN","SEI MATI","LINGKUNGAN 1","","(061) 4556090","P. Pendidikan","Gmaps"],
    ["33781","WARUNG NASI GORENG WAK SEMPENG","Jl. Multatuli No.193","prelist","MEDAN MAIMUN","HAMDAN","LINGKUNGAN 3","","0822-8463-5945","I. Penyediaan Akomodasi dan Makan Minum","Gmaps"],
    ["33782","SMA Swasta Harapan Kota Medan","Jl. Imam Bonjol No.39","prelist","MEDAN MAIMUN","J A T I","LINGKUNGAN 1","","","P. Pendidikan","Gmaps"],
    ["33783","Skooldays Mandarin","Jl. Komp. Multatuli Indah Jl. H. Misbah No.31 Block D","prelist","MEDAN MAIMUN","A U R","LINGKUNGAN 10","","0823-6577-7075","P. Pendidikan","Gmaps"],
    ["33784","Smp Swt Darul Aman","Gg. Darul Aman No.8A","prelist","MEDAN MAIMUN","KAMPUNG BARU","LINGKUNGAN 20","","","P. Pendidikan","Gmaps"],
    ["33785","Kith & Kin","Jl. H. Misbah No.22","prelist","MEDAN MAIMUN","J A T I","LINGKUNGAN 1","","(061) 7765322","P. Pendidikan","Gmaps"],
    ["33786","Kelas 9A","Jl. Imam Bonjol No.35","prelist","MEDAN MAIMUN","J A T I","LINGKUNGAN 1","","","P. Pendidikan","Gmaps"],
    ["33787","Perkumpulan Membangun Sekolah-Sekolah Kristen Immanuel","No. 1","prelist","MEDAN MAIMUN","J A T I","LINGKUNGAN 1","","(061) 4516670","P. Pendidikan","Gmaps"],
    ["33788","SMP Swasta Yapena 45","Gg. Kopi Jl. Brigjend Katamso No.4","prelist","MEDAN MAIMUN","KAMPUNG BARU","LINGKUNGAN 10","","(061) 7877331","P. Pendidikan","Gmaps"],
    ["33789","SMPN 2 MEDAN","Gg. Keluarga","prelist","MEDAN MAIMUN","KAMPUNG BARU","LINGKUNGAN 1","","","P. Pendidikan","Gmaps"],
    ["33790","Kelas 8A","Jl. Imam Bonjol No.35","prelist","MEDAN MAIMUN","J A T I","LINGKUNGAN 1","","","P. Pendidikan","Gmaps"],
    ["33791","SD Harapan 2 Medan","Jl. Imam Bonjol","prelist","MEDAN MAIMUN","J A T I","LINGKUNGAN 1","","(061) 5477358","P. Pendidikan","Gmaps"],
    ["33792","Sekolah Dasar Negeri 060907","Jl. Ps. Senen","prelist","MEDAN MAIMUN","KAMPUNG BARU","LINGKUNGAN 4","","","P. Pendidikan","Gmaps"],
    ["33793","Sekolah Menengah Pertama Al - Washliyah 24","Jl. Ps. Senen No.7","prelist","MEDAN MAIMUN","KAMPUNG BARU","LINGKUNGAN 4","","0831-1510-1347","P. Pendidikan","Gmaps"],
    ["33794","CIE Central International Education - Medan","Jl. Komp. Multatuli Indah No.26 Blok A","prelist","MEDAN MAIMUN","A U R","LINGKUNGAN 10","","0822-7609-1989","P. Pendidikan","Gmaps"],
    ["33795","Sekolah penerbangan","Jalan Brigjend Katamso Komplek","prelist","MEDAN MAIMUN","SUKARAJA","LINGKUNGAN 7","","0811-6408-099","P. Pendidikan","Gmaps"],
    ["33796","SDN. 060788","Sei Mati, Kec. Medan Maimun, Kota Medan, Sumatera Utara 20217","prelist","MEDAN MAIMUN","SEI MATI","LINGKUNGAN 8","","0821-6061-3788","P. Pendidikan","Gmaps"],
    ["33797","Sekolah Menengah Pertama Harapan 1","Jl. Imam Bonjol No.35","prelist","MEDAN MAIMUN","J A T I","LINGKUNGAN 1","","(061) 4515661","P. Pendidikan","Gmaps"],
    ["33812","SEKOLAH DASAR NEGERI NO. 064961","Jl. Ps. Senen","prelist","MEDAN MAIMUN","KAMPUNG BARU","LINGKUNGAN 4","","0857-6106-2644","P. Pendidikan","Gmaps"],
    ["33813","Wi Learning Centre Branch Mangkubumi","Jl. Mangkubumi No.15G","prelist","MEDAN MAIMUN","A U R","LINGKUNGAN 9","","0811-6505-938","P. Pendidikan","Gmaps"],
    ["33814","SD - SMP Al Falah","Jl. Ir. H. Juanda No.56","prelist","MEDAN MAIMUN","SUKARAJA","LINGKUNGAN 5","","(061) 4152100","P. Pendidikan","Gmaps"],
    ["33815","Yayasan Perguruan Yaspendhar A Medan","Jl. Imam Bonjol No.35","prelist","MEDAN MAIMUN","J A T I","LINGKUNGAN 1","","","P. Pendidikan","Gmaps"],
    ["33816","Shuli Mandarin Private","Komplek","prelist","MEDAN MAIMUN","A U R","LINGKUNGAN 10","","","P. Pendidikan","Gmaps"],
    ["33817","Sekolah Tahfidz Insan Berkemampuan Khusus","Jl. Brigjend Katamso","prelist","MEDAN MAIMUN","KAMPUNG BARU","LINGKUNGAN 11","","","P. Pendidikan","Gmaps"],
    ["33818","Saint Joseph Junior High School","Jl. Pemuda","prelist","MEDAN MAIMUN","A U R","LINGKUNGAN 5","","","P. Pendidikan","Gmaps"],
    ["33819","Osaka Education","Jl. Multatuli Blok E No. 26 -27","prelist","MEDAN MAIMUN","A U R","LINGKUNGAN 10","","","P. Pendidikan","Gmaps"],
    ["33820","Madrasah & Rumah Tahfizh Gg. Darul Aman","Jl. Brigjend Katamso Gg. Darul Aman","prelist","MEDAN MAIMUN","KAMPUNG BARU","LINGKUNGAN 20","","0896-2633-9211","P. Pendidikan","Gmaps"],
    ["33821","Sekolah Dasar Gosyut","Gg. Karya","prelist","MEDAN MAIMUN","KAMPUNG BARU","LINGKUNGAN 1","","0813-6111-54243","P. Pendidikan","Gmaps"],
    ["33822","Sekolah Menengah Pertama Harapan 3","Jl. Imam Bonjol No.32","prelist","MEDAN MAIMUN","J A T I","LINGKUNGAN 1","","","P. Pendidikan","Gmaps"],
    ["33823","SMKS AL WASHLIYAH PASAR SENEN 2 MEDAN","Kp. Baru, Kec. Medan Maimun, Kota Medan, Sumatera Utara","prelist","MEDAN MAIMUN","KAMPUNG BARU","LINGKUNGAN 4","","","P. Pendidikan","Gmaps"],
    ["33824","SMP Harapan 2 Medan","Jl. Imam Bonjol No.32","prelist","MEDAN MAIMUN","J A T I","LINGKUNGAN 1","","(061) 4554242","P. Pendidikan","Gmaps"],
    ["33825","TK Kemala Bhayangkari","Jl. H. Misbah No.14C","prelist","MEDAN MAIMUN","J A T I","LINGKUNGAN 1","","(061) 4561441","P. Pendidikan","Gmaps"],
    ["33826","SMK YATPI GODONG","Jl. Brigjend Katamso No.Km. 01","prelist","MEDAN MAIMUN","KAMPUNG BARU","LINGKUNGAN 17","","","P. Pendidikan","Gmaps"],
    ["33827","Sekolah Luar Biasa Catolik Karya Tulus Medan","Jl. Palang Merah No.15","prelist","MEDAN MAIMUN","A U R","LINGKUNGAN 7","","","P. Pendidikan","Gmaps"],
    ["33828","SDN 060793","Kp. Baru, Kec. Medan Maimun, Kota Medan, Sumatera Utara 20158","prelist","MEDAN MAIMUN","KAMPUNG BARU","LINGKUNGAN 21","","","P. Pendidikan","Gmaps"],
    ["33829","TKQ AL-AFIYA","Jl. Brigjend Katamso Gg. Asli No.70","prelist","MEDAN MAIMUN","KAMPUNG BARU","LINGKUNGAN 3","","0813-6203-8548","P. Pendidikan","Gmaps"],
    ["33830","Kith & Kin Preschool Suryo","Jl. Suryo","prelist","MEDAN MAIMUN","J A T I","LINGKUNGAN 1","","0812-6262-9889","P. Pendidikan","Gmaps"],
    ["33831","LEB Komputer Sekolah Dasar","Jl. Imam Bonjol No.35","prelist","MEDAN MAIMUN","J A T I","LINGKUNGAN 1","","","P. Pendidikan","Gmaps"],
    ["33832","Bimbingan Belajar POLRI, TNI, Sekolah Kedinasan - SIAP TRAINING CENTER","Jl. Brigjend Katamso No.458 A","prelist","MEDAN MAIMUN","KAMPUNG BARU","LINGKUNGAN 17","","0857-6736-1904","P. Pendidikan","Gmaps"],
    ["33833","PMCI Spring Campus","Jl. H. Misbah Jl. Komp. Multatuli Indah No.11-14 Blok C","prelist","MEDAN MAIMUN","A U R","LINGKUNGAN 10","","(061) 4578818","P. Pendidikan","Gmaps"],
    ["33834","Sekretariat PW PII SUMUT","Jl. Brigjend Katamso No.325","prelist","MEDAN MAIMUN","SEI MATI","LINGKUNGAN 2","","","P. Pendidikan","Gmaps"],
    ["33835","jlnn cinta karya gg family","smp negri 34 medan, Kp. Baru, Kec. Medan Maimun, Kota Medan, Sumatera Utara","prelist","MEDAN MAIMUN","KAMPUNG BARU","LINGKUNGAN 21","","","P. Pendidikan","Gmaps"],
    ["33836","FSEC ohayo Montesori Sugaku","Jl. Komp. Multatuli Indah No.13 Blok Cc 12","prelist","MEDAN MAIMUN","HAMDAN","LINGKUNGAN 1","","0821-6386-8821","P. Pendidikan","Gmaps"],
    ["33837","UPT SD Negeri 060904","Jl. Multatuli","prelist","MEDAN MAIMUN","HAMDAN","LINGKUNGAN 6","","","P. Pendidikan","Gmaps"],
    ["33838","Sekolah Tinggi Ilmu Ekonomi Tricom","Jl. Brigjend Katamso No.32","prelist","MEDAN MAIMUN","A U R","LINGKUNGAN 4","","","P. Pendidikan","Gmaps"],
    ["33839","RA/BA/TA Munawarrah","Jl. Brigjend Katamso No.672","prelist","MEDAN MAIMUN","KAMPUNG BARU","LINGKUNGAN 4","","(061) 77522333","P. Pendidikan","Gmaps"],
    ["33840","Picket Fence Int. Preschool Mas Kadiran Medan","Jl. Kol. Mas Kadiran No.1","prelist","MEDAN MAIMUN","J A T I","LINGKUNGAN 1","","0852-1899-8075","P. Pendidikan","Gmaps"],
    ["33841","TK Harap","Pilastro Signature Jl. Hj. Misbah No.18B J A, T I, Kec. Medan Maimun, Kota Medan, Sumatera Utara 20152","prelist","MEDAN MAIMUN","J A T I","LINGKUNGAN 1","","","P. Pendidikan","Gmaps"],
    ["33842","Taman Kanak - Kanak (TK) Ar - Ridho","JL Brigadir Jenderal Katamso No.48, Kp. Baru, Kec. Medan Maimun, Kota Medan, Sumatera Utara","prelist","MEDAN MAIMUN","KAMPUNG BARU","LINGKUNGAN 20","","0813-6136-8761","P. Pendidikan","Gmaps"],
    ["33843","TK.Bunda","Gg. Kenangan No.23B","prelist","MEDAN MAIMUN","KAMPUNG BARU","LINGKUNGAN 17","","0812-6252-8650","P. Pendidikan","Gmaps"],
    ["33844","Sanggar Anak Sungai Deli","Gg. Kesatria","prelist","MEDAN MAIMUN","SEI MATI","LINGKUNGAN 12","","0821-6058-8229","P. Pendidikan","Gmaps"],
    ["33845","Home Autis Center Medan","Jl. Brigjend Katamso No.132","prelist","MEDAN MAIMUN","KAMPUNG BARU","LINGKUNGAN 11","","0813-7534-5335","P. Pendidikan","Gmaps"],
    ["33846","Global Art Medan - Multatuli","Jl. Komp. Multatuli Indah Jl. H. Misbah Blok Cc No. 31","prelist","MEDAN MAIMUN","HAMDAN","LINGKUNGAN 1","","(061) 88813506","P. Pendidikan","Gmaps"],
    ["33847","Course Centre","Blk. D-E, A U R, Kec. Medan Maimun, Kota Medan, Sumatera Utara 20212","prelist","MEDAN MAIMUN","A U R","LINGKUNGAN 10","","","P. Pendidikan","Gmaps"],
    ["33848","SEA EDUCATION - LPK Perhotelan & Kapal Pesiar","Jl. Brigjend Katamso No.27","prelist","MEDAN MAIMUN","KAMPUNG BARU","LINGKUNGAN 17","","(061) 42776233","P. Pendidikan","Gmaps"],
    ["33849","Boston Academy Indonesia","Komplek Istana Prima 2","prelist","MEDAN MAIMUN","SEI MATI","LINGKUNGAN 10","","0811-6330-089","P. Pendidikan","Gmaps"],
    ["33850","Oreo Fam","Komplek Taman Multatuli Indah Blok D/53","prelist","MEDAN MAIMUN","J A T I","LINGKUNGAN 1","","","P. Pendidikan","Gmaps"],
    ["33851","Summer Les bimbel TK, SD, SMP, SMA","Gg. Rela10A","prelist","MEDAN MAIMUN","A U R","LINGKUNGAN 4","","","P. Pendidikan","Gmaps"],
    ["33852","Sunny Glow Montesory","Hamdan, Kec. Medan Maimun, Kota Medan, Sumatera Utara 20212","prelist","MEDAN MAIMUN","HAMDAN","LINGKUNGAN 7","","","P. Pendidikan","Gmaps"],
    ["33853","Sekolah Tinggi Manajemen Informatika dan Komputer (STMIK) & Akademi Manajemen Informatika dan Komput","Jl. Brigjend Katamso No.36 A","prelist","MEDAN MAIMUN","KAMPUNG BARU","LINGKUNGAN 7","","(061) 6632858","P. Pendidikan","Gmaps"],
    ["33854","Ok","Jl. Kp. Aur No.22","prelist","MEDAN MAIMUN","A U R","LINGKUNGAN 4","","","P. Pendidikan","Gmaps"],
    ["33855","Taman Kanak-Kanak Katolik Santo Yoseph Medan","Jl. Palang Merah No.15","prelist","MEDAN MAIMUN","A U R","LINGKUNGAN 7","","","P. Pendidikan","Gmaps"],
    ["33856","Concertino Music School","Multatuli Indah A11 City, A U R, Medan Maimun, Medan City, North Sumatra 20212","prelist","MEDAN MAIMUN","A U R","LINGKUNGAN 10","","0812-6366-6877","P. Pendidikan","Gmaps"],
    ["33857","Hiro Tower - Medan Multatuli Station","Jl. Multatuli Indah","prelist","MEDAN MAIMUN","HAMDAN","LINGKUNGAN 1","","0819-7490-662","P. Pendidikan","Gmaps"],
    ["33858","Medan Musik","Jl. Imam Bonjol No.37","prelist","MEDAN MAIMUN","J A T I","LINGKUNGAN 1","","","P. Pendidikan","Gmaps"],
    ["33859","Perpustakaan Daerah Provinsi Sumatera Utara","Jl. Brigjen Katamso No. 45 K Sei Mati","prelist","MEDAN MAIMUN","A U R","LINGKUNGAN 8","","(061) 4512746","P. Pendidikan","Gmaps"],
    ["33860","Kelompok Bermain Pelangi","Jl. Avros No.85","prelist","MEDAN MAIMUN","KAMPUNG BARU","LINGKUNGAN 14","","0852-7510-8555","P. Pendidikan","Gmaps"],
    ["33861","Taman Kanak-Kanak Harapan 1","Jl. Imam Bonjol No.32","prelist","MEDAN MAIMUN","J A T I","LINGKUNGAN 1","","","P. Pendidikan","Gmaps"],
    ["33862","Kelompok Bermain Tiara","Jl. Brigjend Katamso No.1","prelist","MEDAN MAIMUN","KAMPUNG BARU","LINGKUNGAN 8","","0812-6508-647","P. Pendidikan","Gmaps"],
    ["33863","rumah si belok","Gg. Persatuan","prelist","MEDAN MAIMUN","SEI MATI","LINGKUNGAN 2","","","P. Pendidikan","Gmaps"],
    ["33864","Alwasliyah 22","Jl. Brigjend Katamso","prelist","MEDAN MAIMUN","KAMPUNG BARU","LINGKUNGAN 10","","","P. Pendidikan","Gmaps"],
    ["33865","Kith and Kin Preschool","Jl. Slamet Riyadi No.6","prelist","MEDAN MAIMUN","J A T I","LINGKUNGAN 1","","0812-6262-9889","P. Pendidikan","Gmaps"],
    ["33866","Kelompok Bermain Bina Guna","Gg. Datuk No.27","prelist","MEDAN MAIMUN","KAMPUNG BARU","LINGKUNGAN 12","","0852-9660-6768","P. Pendidikan","Gmaps"],
    ["33867","Universitas Harapan Medan","Jl. Imam Bonjol No.35","prelist","MEDAN MAIMUN","J A T I","LINGKUNGAN 1","","(061) 4521513","P. Pendidikan","Gmaps"],
    ["33868","Timedoor Academy | Kursus Coding, Programming di Medan Maimun, Indonesia","Jl. Pandu No.1","prelist","MEDAN MAIMUN","A U R","LINGKUNGAN 7","","0851-7515-7715","P. Pendidikan","Gmaps"],
    ["33869","Kost \" MASINTAN - RUSMINA \"","Jl. Samanhudi","prelist","MEDAN MAIMUN","J A T I","LINGKUNGAN 3","","0812-6060-3073","P. Pendidikan","Gmaps"],
    ["33870","Quality Management Institute","No. 16D","prelist","MEDAN MAIMUN","HAMDAN","LINGKUNGAN 10","","(061) 4156122","P. Pendidikan","Gmaps"],
    ["33871","FBK UNHAR Fakultas Bahasa Dan Komunikasi","Jl. Imam Bonjol No.35","prelist","MEDAN MAIMUN","J A T I","LINGKUNGAN 1","","0821-6208-3322","P. Pendidikan","Gmaps"],
    ["33872","AMK Abidin","Jl. Brigjend Katamso","prelist","MEDAN MAIMUN","KAMPUNG BARU","LINGKUNGAN 10","","","P. Pendidikan","Gmaps"],
    ["33873","Manajemen Perkantoran UnHar Medan","Jl. Imam Bonjol No.35","prelist","MEDAN MAIMUN","J A T I","LINGKUNGAN 1","","","P. Pendidikan","Gmaps"],
    ["33874","STMIK Logika (Kampus 2)","Jl. Brigjend Katamso No.36 A","prelist","MEDAN MAIMUN","KAMPUNG BARU","LINGKUNGAN 12","","(061) 6632858","P. Pendidikan","Gmaps"],
    ["33875","Upmi","Jl. Brigjend Katamso No.407","prelist","MEDAN MAIMUN","SEI MATI","LINGKUNGAN 5","","","P. Pendidikan","Gmaps"],
    ["33876","Chloe Learning Centre","Komplek Istana Prima 2","prelist","MEDAN MAIMUN","SEI MATI","LINGKUNGAN 10","","0811-6330-089","P. Pendidikan","Gmaps"],
    ["33877","Universitas Harapan","Jl. Imam Bonjol","prelist","MEDAN MAIMUN","J A T I","LINGKUNGAN 1","","(061) 4521513","P. Pendidikan","Gmaps"],
    ["33878","BLC (British Learning Centre)","Komplek Multatuli Indah","prelist","MEDAN MAIMUN","HAMDAN","LINGKUNGAN 1","","(061) 4555123","P. Pendidikan","Gmaps"],
    ["33879","Victor Learning Centre","Jl. Komp. Multatuli Indah No.54","prelist","MEDAN MAIMUN","A U R","LINGKUNGAN 10","","(061) 88813336","P. Pendidikan","Gmaps"],
    ["33880","Obkg Japanese Language School","Blk. D-E, A U R, Kec. Medan Maimun, Kota Medan, Sumatera Utara 20212","prelist","MEDAN MAIMUN","A U R","LINGKUNGAN 10","","","P. Pendidikan","Gmaps"],
    ["33881","Melody Harmony","Jl. Letjen Suprapto No.3O","prelist","MEDAN MAIMUN","A U R","LINGKUNGAN 4","","0852-7035-5544","P. Pendidikan","Gmaps"],
    ["33882","Kemenhub Dirjen Perkeretaapian Sumbagut","Jl. H. Misbah No.06","prelist","MEDAN MAIMUN","J A T I","LINGKUNGAN 1","","","O. Administrasi Pemerintahan, Pertahanan, dan Jaminan Sosial Wajib","Gmaps"],
    ["33883","Korp Pegawai Republik Indonesia","Jl. Brigjend Katamso No.45 K","prelist","MEDAN MAIMUN","A U R","LINGKUNGAN 8","","(061) 4512746","O. Administrasi Pemerintahan, Pertahanan, dan Jaminan Sosial Wajib","Gmaps"],
    ["33884","PAC PDI PERJUANGAN MEDAN MAIMUN","Jl. Brigjend Katamso No.144","prelist","MEDAN MAIMUN","SUKARAJA","LINGKUNGAN 6","","","O. Administrasi Pemerintahan, Pertahanan, dan Jaminan Sosial Wajib","Gmaps"],
    ["33885","KPP Pratama Medan Polonia","Jl. Suka Mulia No.17A","prelist","MEDAN MAIMUN","A U R","LINGKUNGAN 6","","0812-5777-9121","O. Administrasi Pemerintahan, Pertahanan, dan Jaminan Sosial Wajib","Gmaps"],
    ["33886","Kantor Pelayanan Pajak Madya Dua Medan","Jl. Suka Mulia Lantai Iii","prelist","MEDAN MAIMUN","A U R","LINGKUNGAN 6","","(061) 4529379","O. Administrasi Pemerintahan, Pertahanan, dan Jaminan Sosial Wajib","Gmaps"],
    ["33887","Kantor Urusan Agama Kec. Medan Maimun","Jl. Avros Gg. Mancang No.12","prelist","MEDAN MAIMUN","KAMPUNG BARU","LINGKUNGAN 14","","","O. Administrasi Pemerintahan, Pertahanan, dan Jaminan Sosial Wajib","Gmaps"],
    ["33888","Kantor","Jl. Sakti Lubis","prelist","MEDAN MAIMUN","KAMPUNG BARU","LINGKUNGAN 7","","","O. Administrasi Pemerintahan, Pertahanan, dan Jaminan Sosial Wajib","Gmaps"],
    ["33889","Kantor Lurah Kampung Baru","Jl. Brigjend Katamso No.674","prelist","MEDAN MAIMUN","KAMPUNG BARU","LINGKUNGAN 4","","0853-6050-7919","O. Administrasi Pemerintahan, Pertahanan, dan Jaminan Sosial Wajib","Gmaps"],
    ["33890","KPP Madya Medan","Jl. Suka Mulia No.17A","prelist","MEDAN MAIMUN","A U R","LINGKUNGAN 6","","(061) 4559763","O. Administrasi Pemerintahan, Pertahanan, dan Jaminan Sosial Wajib","Gmaps"],
    ["33891","Kanwil DJP Sumut I","Jl. Suka Mulia No.17A","prelist","MEDAN MAIMUN","A U R","LINGKUNGAN 6","","(061) 4538833","O. Administrasi Pemerintahan, Pertahanan, dan Jaminan Sosial Wajib","Gmaps"],
    ["33892","Kantor Wilayah BPN Provinsi Sumatera Utara","Jl. Brigjend Katamso No.45","prelist","MEDAN MAIMUN","A U R","LINGKUNGAN 8","","(061) 4560017","O. Administrasi Pemerintahan, Pertahanan, dan Jaminan Sosial Wajib","Gmaps"],
    ["33893","My Tuition","Jl. Komp. Multatuli Indah Blk. Bb - Cc No.41","prelist","MEDAN MAIMUN","HAMDAN","LINGKUNGAN 1","","0811-6557-100","P. Pendidikan","Gmaps"],
    ["33894","Gajah Mada Baru","Jl. Brigjend Katamso No.39 A","prelist","MEDAN MAIMUN","KAMPUNG BARU","LINGKUNGAN 12","","(061) 7879575","P. Pendidikan","Gmaps"],
    ["33895","Multi Education","Jl. Brigjend Katamso","prelist","MEDAN MAIMUN","KAMPUNG BARU","LINGKUNGAN 1","","0811-6395-522","P. Pendidikan","Gmaps"],
    ["33896","Scholar Tuition Centre (pusat bimbingan belajar)","Jl. Multatuli No.10B","prelist","MEDAN MAIMUN","HAMDAN","LINGKUNGAN 6","","(061) 4538969","P. Pendidikan","Gmaps"],
    ["33897","Kelurahan Hamdan","Jl. Multatuli No.27","prelist","MEDAN MAIMUN","HAMDAN","LINGKUNGAN 6","","(061) 4562517","O. Administrasi Pemerintahan, Pertahanan, dan Jaminan Sosial Wajib","Gmaps"],
    ["33898","Kantor Lurah Hamdan","Jl. Kantil No.11","prelist","MEDAN MAIMUN","HAMDAN","LINGKUNGAN 8","","","O. Administrasi Pemerintahan, Pertahanan, dan Jaminan Sosial Wajib","Gmaps"],
    ["33899","Kantor Lurah Jati","Jl. Samanhudi No.47","prelist","MEDAN MAIMUN","J A T I","LINGKUNGAN 3","","(061) 4578985","O. Administrasi Pemerintahan, Pertahanan, dan Jaminan Sosial Wajib","Gmaps"],
    ["33900","Kantor Lurah Sei Mati","Jl. Brigjend Katamso No.370","prelist","MEDAN MAIMUN","SEI MATI","LINGKUNGAN 8","","","O. Administrasi Pemerintahan, Pertahanan, dan Jaminan Sosial Wajib","Gmaps"],
    ["33901","Korpri Pekerjaan Umum","Jl.Bakti Lubis","prelist","MEDAN MAIMUN","KAMPUNG BARU","LINGKUNGAN 7","","","O. Administrasi Pemerintahan, Pertahanan, dan Jaminan Sosial Wajib","Gmaps"],
    ["33902","KPP Pratama Medan Timur","Jl. Suka Mulia No.17A","prelist","MEDAN MAIMUN","A U R","LINGKUNGAN 6","","(061) 4513284","O. Administrasi Pemerintahan, Pertahanan, dan Jaminan Sosial Wajib","Gmaps"],
    ["33903","Kantor Kelurahan A U R","Jl. Brigjend Katamso","prelist","MEDAN MAIMUN","A U R","LINGKUNGAN 8","","","O. Administrasi Pemerintahan, Pertahanan, dan Jaminan Sosial Wajib","Gmaps"],
    ["33904","Rumah Dinas Syahbandar","Jl. Multatuli Jl. Natal No.Pasar 1","prelist","MEDAN MAIMUN","HAMDAN","LINGKUNGAN 6","","","O. Administrasi Pemerintahan, Pertahanan, dan Jaminan Sosial Wajib","Gmaps"],
    ["33905","Markas Kompi Senapan PPPSU","Jl. Melati","prelist","MEDAN MAIMUN","HAMDAN","LINGKUNGAN 7","","","O. Administrasi Pemerintahan, Pertahanan, dan Jaminan Sosial Wajib","Gmaps"],
    ["33906","Dinas PU Bina Marga","Jl. Jend Jl. Kol. Sugiono No.1","prelist","MEDAN MAIMUN","A U R","LINGKUNGAN 5","","(061) 7867276","O. Administrasi Pemerintahan, Pertahanan, dan Jaminan Sosial Wajib","Gmaps"],
    ["33907","Kantor","Jl. Letjen Suprapto No.1","prelist","MEDAN MAIMUN","HAMDAN","LINGKUNGAN 7","","","O. Administrasi Pemerintahan, Pertahanan, dan Jaminan Sosial Wajib","Gmaps"],
    ["33908","Kantor Imigrasi Kelas 1 TPI Polonia","Jl. Mangkubumi No.2","prelist","MEDAN MAIMUN","A U R","LINGKUNGAN 6","","0811-6069-973","O. Administrasi Pemerintahan, Pertahanan, dan Jaminan Sosial Wajib","Gmaps"],
    ["33909","Pemeri Tah Kota Medan Kant Rlurahseimah","Gg. Bidan","prelist","MEDAN MAIMUN","SEI MATI","LINGKUNGAN 8","","","O. Administrasi Pemerintahan, Pertahanan, dan Jaminan Sosial Wajib","Gmaps"],
    ["33910","Rumah Dinas Walikota Medan","Jl. Jenderal Sudirman No.35","prelist","MEDAN MAIMUN","J A T I","LINGKUNGAN 1","","0813-6166-4655","O. Administrasi Pemerintahan, Pertahanan, dan Jaminan Sosial Wajib","Gmaps"],
    ["33911","Gedung BIDLIT PPKS Medan","Jl. Avros","prelist","MEDAN MAIMUN","KAMPUNG BARU","LINGKUNGAN 15","","","O. Administrasi Pemerintahan, Pertahanan, dan Jaminan Sosial Wajib","Gmaps"],
    ["33912","Kantor Keuangan medan","Jl. Palang Merah No.15","prelist","MEDAN MAIMUN","A U R","LINGKUNGAN 7","","","O. Administrasi Pemerintahan, Pertahanan, dan Jaminan Sosial Wajib","Gmaps"],
    ["33913","Rumah Sakit Santa Elisabeth","Jl. H. Misbah No.7","prelist","MEDAN MAIMUN","J A T I","LINGKUNGAN 2","","(061) 4144737","Q. Jasa Kesehatan dan Kegiatan Sosial","Gmaps"],
    ["33914","Kantor Pos LE KPP Sukamulia","Jl. Suka Mulia","prelist","MEDAN MAIMUN","A U R","LINGKUNGAN 6","","","O. Administrasi Pemerintahan, Pertahanan, dan Jaminan Sosial Wajib","Gmaps"],
    ["33915","Konsultan Pajak Setia Utama","Jl. Brigjend Katamso Dalam No.1","prelist","MEDAN MAIMUN","A U R","LINGKUNGAN 1","","(061) 4573373","O. Administrasi Pemerintahan, Pertahanan, dan Jaminan Sosial Wajib","Gmaps"],
    ["33916","Pangkalan TNI AU Soewondo Medan","J A T I, Kec. Medan Maimun, Kota Medan, Sumatera Utara","prelist","MEDAN MAIMUN","J A T I","LINGKUNGAN 1","","","O. Administrasi Pemerintahan, Pertahanan, dan Jaminan Sosial Wajib","Gmaps"],
    ["33917","Simpang Empat SukaRaja, Juanda - Medan Maimun","Jl. Brigjend Katamso No.275","prelist","MEDAN MAIMUN","SUKARAJA","LINGKUNGAN 5","","","O. Administrasi Pemerintahan, Pertahanan, dan Jaminan Sosial Wajib","Gmaps"],
    ["33918","Simpang Empat Palang Merah, Medan Maimun","Jl. Pemuda No.3","prelist","MEDAN MAIMUN","A U R","LINGKUNGAN 5","","","O. Administrasi Pemerintahan, Pertahanan, dan Jaminan Sosial Wajib","Gmaps"],
    ["33919","Military Police","Jl.Letjend Suprapto 3","prelist","MEDAN MAIMUN","HAMDAN","LINGKUNGAN 7","","","O. Administrasi Pemerintahan, Pertahanan, dan Jaminan Sosial Wajib","Gmaps"],
    ["33920","Detasemen Polisi Militer (Denpom) I/5 Medan","Jl. Letjen Suprapto No.4","prelist","MEDAN MAIMUN","HAMDAN","LINGKUNGAN 7","","(061) 4569131","O. Administrasi Pemerintahan, Pertahanan, dan Jaminan Sosial Wajib","Gmaps"],
    ["33921","Polsub Sektor Kampung Baru","Jl. Brigjend Katamso No.685","prelist","MEDAN MAIMUN","KAMPUNG BARU","LINGKUNGAN 7","","","O. Administrasi Pemerintahan, Pertahanan, dan Jaminan Sosial Wajib","Gmaps"],
    ["33922","TPS Juanda Punya Robet","Jl. Ir. H. Juanda","prelist","MEDAN MAIMUN","SUKARAJA","LINGKUNGAN 2","","","O. Administrasi Pemerintahan, Pertahanan, dan Jaminan Sosial Wajib","Gmaps"],
    ["33923","Pdam","Jl. Brigjend Katamso No.434","prelist","MEDAN MAIMUN","KAMPUNG BARU","LINGKUNGAN 17","","","O. Administrasi Pemerintahan, Pertahanan, dan Jaminan Sosial Wajib","Gmaps"],
    ["33924","Gedung Bank SUMUT","Jl. Imam Bonjol","prelist","MEDAN MAIMUN","HAMDAN","LINGKUNGAN 10","","","O. Administrasi Pemerintahan, Pertahanan, dan Jaminan Sosial Wajib","Gmaps"],
    ["33925","Pradanya & Co.","No.1 Km.3","prelist","MEDAN MAIMUN","KAMPUNG BARU","LINGKUNGAN 19","","","O. Administrasi Pemerintahan, Pertahanan, dan Jaminan Sosial Wajib","Gmaps"],
    ["33926","Kantor Kelurahan Sukaraja","Jl. Warna Ujung No.2","prelist","MEDAN MAIMUN","SUKARAJA","LINGKUNGAN 8","","(061) 4151145","O. Administrasi Pemerintahan, Pertahanan, dan Jaminan Sosial Wajib","Gmaps"],
    ["33927","Lembaga Jasa Administrasi dan Konsultan Hukum Wicaksana","Jl. Brigjend Katamso Gg. Lampu I No.2Aa","prelist","MEDAN MAIMUN","KAMPUNG BARU","LINGKUNGAN 20","","0811-616-282","O. Administrasi Pemerintahan, Pertahanan, dan Jaminan Sosial Wajib","Gmaps"],
    ["33928","Dharma Surya Agung. PT","Jl. Pemuda Baru Iii No.7","prelist","MEDAN MAIMUN","A U R","LINGKUNGAN 7","","(061) 4513558","O. Administrasi Pemerintahan, Pertahanan, dan Jaminan Sosial Wajib","Gmaps"],
    ["33929","klinik amatjaya","Kp. Baru, Kec. Medan Maimun, Kota Medan, Sumatera Utara 20215","prelist","MEDAN MAIMUN","KAMPUNG BARU","LINGKUNGAN 20","","","Q. Jasa Kesehatan dan Kegiatan Sosial","Gmaps"],
    ["33930","Rumah Sakit Lanu Dokter ABD Malik","Jl. Imam Bonjol No.1","prelist","MEDAN MAIMUN","HAMDAN","LINGKUNGAN 10","","","Q. Jasa Kesehatan dan Kegiatan Sosial","Gmaps"],
    ["33931","Lobby RS. Elisabeth","Jl. H. Misbah No.22","prelist","MEDAN MAIMUN","J A T I","LINGKUNGAN 2","","","Q. Jasa Kesehatan dan Kegiatan Sosial","Gmaps"],
    ["33932","Klinik Winna","Jl. Ps. Senen","prelist","MEDAN MAIMUN","KAMPUNG BARU","LINGKUNGAN 4","","0813-9700-9401","Q. Jasa Kesehatan dan Kegiatan Sosial","Gmaps"],
    ["33933","Jelita Rumah Sehat Bunda Dan Balita","Jl. Kenanga Jl. Multatuli No.23","prelist","MEDAN MAIMUN","HAMDAN","LINGKUNGAN 7","","(061) 88816198","Q. Jasa Kesehatan dan Kegiatan Sosial","Gmaps"],
    ["33934","LIGA UTAMA","Jl. Samanhudi No.22-20","prelist","MEDAN MAIMUN","J A T I","LINGKUNGAN 1","","","Q. Jasa Kesehatan dan Kegiatan Sosial","Gmaps"],
    ["33935","Spesialis Ortopedi RS Elisabeth","Jl. H. Misbah No.7","prelist","MEDAN MAIMUN","J A T I","LINGKUNGAN 2","","(061) 4144737","Q. Jasa Kesehatan dan Kegiatan Sosial","Gmaps"],
    ["33936","Rumah Sakit Bersalin (RSB) Chandra","Jl.Letjen Suprapto","prelist","MEDAN MAIMUN","HAMDAN","LINGKUNGAN 10","","","Q. Jasa Kesehatan dan Kegiatan Sosial","Gmaps"],
    ["33937","Island Hospital Penang (Dewi Hartika)","Jl. Avros","prelist","MEDAN MAIMUN","KAMPUNG BARU","LINGKUNGAN 14","","0812-6494-841","Q. Jasa Kesehatan dan Kegiatan Sosial","Gmaps"],
    ["33938","Amir Dr","Jl. Brigjend Katamso No.82-A","prelist","MEDAN MAIMUN","SUKARAJA","LINGKUNGAN 7","","(061) 4519955","Q. Jasa Kesehatan dan Kegiatan Sosial","Gmaps"],
    ["33939","RS MERDEKA","Kp. Baru, Kec. Medan Maimun, Kota Medan, Sumatera Utara 20215","prelist","MEDAN MAIMUN","KAMPUNG BARU","LINGKUNGAN 17","","","Q. Jasa Kesehatan dan Kegiatan Sosial","Gmaps"],
    ["33940","Rumah Sakit Mulia","Jl. Brigjend Katamso No.2","prelist","MEDAN MAIMUN","SEI MATI","LINGKUNGAN 7","","(061) 7869091","Q. Jasa Kesehatan dan Kegiatan Sosial","Gmaps"],
    ["33941","IGD RS. Elisabeth Medan","J A T I, Kec. Medan Maimun, Kota Medan, Sumatera Utara 20151","prelist","MEDAN MAIMUN","J A T I","LINGKUNGAN 2","","","Q. Jasa Kesehatan dan Kegiatan Sosial","Gmaps"],
    ["33942","RUMAH SAKIT REGINA MARIS | REGINA MARIS HOSPITAL","Jl. Brigjend Katamso No.403 - 405","prelist","MEDAN MAIMUN","SEI MATI","LINGKUNGAN 5","","(061) 88880808","Q. Jasa Kesehatan dan Kegiatan Sosial","Gmaps"],
    ["33943","Rumah Sakit Umum Martha Friska Multatuli","Jl. Multatuli No.1","prelist","MEDAN MAIMUN","A U R","LINGKUNGAN 1","","(061) 4149666","Q. Jasa Kesehatan dan Kegiatan Sosial","Gmaps"],
    ["33957","Praktek dr.Yanni Tjandra, M.Ked(Clin.Path),Sp.PK","Jl. Brigjend Katamso","prelist","MEDAN MAIMUN","KAMPUNG BARU","LINGKUNGAN 20","","","Q. Jasa Kesehatan dan Kegiatan Sosial","Gmaps"],
    ["33958","Kristie Multatuli (eks Kusuma)","Komp. Multatuli Indah, Blok AA no: 14-15, Hamdan, Medan Maimun, Medan City, North Sumatra 20212","prelist","MEDAN MAIMUN","A U R","LINGKUNGAN 10","","(061) 4570030","Q. Jasa Kesehatan dan Kegiatan Sosial","Gmaps"],
    ["33959","JELIM","Jl. Brigjend Katamso No.9","prelist","MEDAN MAIMUN","A U R","LINGKUNGAN 3","","(061) 88812079","Q. Jasa Kesehatan dan Kegiatan Sosial","Gmaps"],
    ["33960","Praktek dr Lily S Ketaren/Klinik Winna/ Dokter gigi Yanta S Keloko","Jl. Ps. Senen No.10","prelist","MEDAN MAIMUN","KAMPUNG BARU","LINGKUNGAN 4","","0813-9700-9401","Q. Jasa Kesehatan dan Kegiatan Sosial","Gmaps"],
    ["33961","Laboratorium Medis Klinik dr Hondo Supeno","Jl.Brigjend Katamso No 27 D Medan (Dekat","prelist","MEDAN MAIMUN","KAMPUNG BARU","LINGKUNGAN 20","","0812-6561-200","Q. Jasa Kesehatan dan Kegiatan Sosial","Gmaps"],
    ["33962","Poliklinik Katamso","Jl. Brigjend Katamso","prelist","MEDAN MAIMUN","KAMPUNG BARU","LINGKUNGAN 20","","","Q. Jasa Kesehatan dan Kegiatan Sosial","Gmaps"],
    ["33963","Klinik Harapan Bunda 3","Jl. Brigjend Katamso No.440 B","prelist","MEDAN MAIMUN","KAMPUNG BARU","LINGKUNGAN 19","","(061) 7789007","Q. Jasa Kesehatan dan Kegiatan Sosial","Gmaps"],
    ["33964","Klinik Pratama RJ Katamso","Gg. Lampu I No.2 Abc","prelist","MEDAN MAIMUN","KAMPUNG BARU","LINGKUNGAN 20","","0812-6542-5406","Q. Jasa Kesehatan dan Kegiatan Sosial","Gmaps"],
    ["33965","Klinik Medan Medical Center","Jl. Multatuli No.57","prelist","MEDAN MAIMUN","HAMDAN","LINGKUNGAN 1","","0813-6238-9728","Q. Jasa Kesehatan dan Kegiatan Sosial","Gmaps"],
    ["33966","Apotik Sehat Sentosa","Hamdan, Kec. Medan Maimun, Kota Medan, Sumatera Utara 20212","prelist","MEDAN MAIMUN","HAMDAN","LINGKUNGAN 10","","","Q. Jasa Kesehatan dan Kegiatan Sosial","Gmaps"],
    ["33967","Rumah Bersalin Mulia","Gg. Mesjid No.2","prelist","MEDAN MAIMUN","KAMPUNG BARU","LINGKUNGAN 9","","(061) 7869493","Q. Jasa Kesehatan dan Kegiatan Sosial","Gmaps"],
    ["33968","RSU. Budi Setia","Jl. Melati No.25 Longowan Barat","prelist","MEDAN MAIMUN","HAMDAN","LINGKUNGAN 7","","(0431) 371391","Q. Jasa Kesehatan dan Kegiatan Sosial","Gmaps"],
    ["33969","Praktek drg. Elfi Purnama Nst","Jl. Brigjend Katamso No.409","prelist","MEDAN MAIMUN","SEI MATI","LINGKUNGAN 5","","(061) 4578277","Q. Jasa Kesehatan dan Kegiatan Sosial","Gmaps"],
    ["33970","Klinik Syifa Dental Aesthetic","Jl. A. Rivai No.31 Lantai 2","prelist","MEDAN MAIMUN","J A T I","LINGKUNGAN 1","","0823-6366-6655","Q. Jasa Kesehatan dan Kegiatan Sosial","Gmaps"],
    ["33971","Dr. AMIR, SpKJ ( Spesialis Kedokteran Jiwa )","Jl. Brigjend Katamso No.228-B","prelist","MEDAN MAIMUN","SEI MATI","LINGKUNGAN 11","","(061) 88813408","Q. Jasa Kesehatan dan Kegiatan Sosial","Gmaps"],
    ["33972","Harapan RD","Jl. Brigjend Katamso","prelist","MEDAN MAIMUN","KAMPUNG BARU","LINGKUNGAN 9","","0852-9675-5284","Q. Jasa Kesehatan dan Kegiatan Sosial","Gmaps"],
    ["33973","Shine Skin Clinic","Jl. Brigjend Katamso No.652","prelist","MEDAN MAIMUN","A U R","LINGKUNGAN 3","","(061) 7869913","Q. Jasa Kesehatan dan Kegiatan Sosial","Gmaps"],
    ["33974","Klinik Gigi Medan - Sozo Dental","Jl. Ir. H. Juanda No.3G","prelist","MEDAN MAIMUN","SUKARAJA","LINGKUNGAN 5","","","Q. Jasa Kesehatan dan Kegiatan Sosial","Gmaps"],
    ["33975","Klinik Dr. Zuleika","Jl. Multatuli","prelist","MEDAN MAIMUN","HAMDAN","LINGKUNGAN 5","","0853-6193-5248","Q. Jasa Kesehatan dan Kegiatan Sosial","Gmaps"],
    ["33976","Yamet CDC Kota Medan","Jl. Multatuli No.38 Blok E","prelist","MEDAN MAIMUN","A U R","LINGKUNGAN 10","","0811-276-300","Q. Jasa Kesehatan dan Kegiatan Sosial","Gmaps"],
    ["33977","Klinik Raihan","Komplek Menteng Indah Bl B1/29","prelist","MEDAN MAIMUN","J A T I","LINGKUNGAN 1","","(061) 7878129","Q. Jasa Kesehatan dan Kegiatan Sosial","Gmaps"],
    ["33978","Klinik Samanhudi","Jl. Samanhudi No.20","prelist","MEDAN MAIMUN","J A T I","LINGKUNGAN 1","","","Q. Jasa Kesehatan dan Kegiatan Sosial","Gmaps"],
    ["33979","Klinik Ar Rahman","Jl. Kantil No.40","prelist","MEDAN MAIMUN","HAMDAN","LINGKUNGAN 7","","0853-7307-9016","Q. Jasa Kesehatan dan Kegiatan Sosial","Gmaps"],
    ["33980","Klinik CT Scan dan Laboratorium Medis dr Hondo Supeno","Jl. Brigjend Katamso No.27 C & D","prelist","MEDAN MAIMUN","KAMPUNG BARU","LINGKUNGAN 20","","0812-6561-200","Q. Jasa Kesehatan dan Kegiatan Sosial","Gmaps"],
    ["33981","APOTEK ABADI SEJAHTERA","Jl. Pemuda Baru Iii No.7","prelist","MEDAN MAIMUN","A U R","LINGKUNGAN 7","","","Q. Jasa Kesehatan dan Kegiatan Sosial","Gmaps"],
    ["33982","APOTEK NYOMAN FARMA","Jl. Brigjend Katamso No.295","prelist","MEDAN MAIMUN","SEI MATI","LINGKUNGAN 1","","0823-6359-4279","Q. Jasa Kesehatan dan Kegiatan Sosial","Gmaps"],
    ["33983","APOTEK TOP FARMA","Jl. Brigjend Katamso No.705","prelist","MEDAN MAIMUN","KAMPUNG BARU","LINGKUNGAN 7","","","Q. Jasa Kesehatan dan Kegiatan Sosial","Gmaps"],
    ["33984","Apotek sehat jaya","Jl. Brigjend Katamso","prelist","MEDAN MAIMUN","A U R","LINGKUNGAN 2","","0812-6009-153","Q. Jasa Kesehatan dan Kegiatan Sosial","Gmaps"],
    ["33985","Yunita Apotek","Jl. Brigadir Jenderal Katamso No.100 C","prelist","MEDAN MAIMUN","KAMPUNG BARU","LINGKUNGAN 17","","","Q. Jasa Kesehatan dan Kegiatan Sosial","Gmaps"],
    ["33986","Apotek Teratai","Jl. Brigjend Katamso No.585A","prelist","MEDAN MAIMUN","KAMPUNG BARU","LINGKUNGAN 20","","(061) 7876889","Q. Jasa Kesehatan dan Kegiatan Sosial","Gmaps"],
    ["33987","Sudirman Apotek","Jl. Letnan Jenderal Suprapto No.2 P-Q","prelist","MEDAN MAIMUN","A U R","LINGKUNGAN 5","","(061) 510903","Q. Jasa Kesehatan dan Kegiatan Sosial","Gmaps"],
    ["33988","Apotik Maimun","Gg. Baru No.67","prelist","MEDAN MAIMUN","SUKARAJA","LINGKUNGAN 6","","","Q. Jasa Kesehatan dan Kegiatan Sosial","Gmaps"],
    ["33989","Bondi Klinik","Jl. Komp. Multatuli Indah Jl. H. Misbah No.Bb46","prelist","MEDAN MAIMUN","HAMDAN","LINGKUNGAN 1","","(061) 80015540","Q. Jasa Kesehatan dan Kegiatan Sosial","Gmaps"],
    ["33990","Dental CLinic","Jl. Letjen Suprapto No.3Q","prelist","MEDAN MAIMUN","A U R","LINGKUNGAN 4","","(061) 4517334","Q. Jasa Kesehatan dan Kegiatan Sosial","Gmaps"],
    ["33991","Dokter Gigi Spesialis Chandra Susanto & Jennifer Xavier Ongko (Klinik Gigi Spesialis Periodonsia Ortodonsia Bedah Mulut)","Jl. Brigjend Katamso Kompleks Centrium No.72","prelist","MEDAN MAIMUN","A U R","LINGKUNGAN 3","","0811-6129-288","Q. Jasa Kesehatan dan Kegiatan Sosial","Gmaps"],
    ["33992","Timeless Aesthetic Clinic Medan","Jl. Pemuda No.13 Lt 2","prelist","MEDAN MAIMUN","A U R","LINGKUNGAN 7","","0821-2836-0202","Q. Jasa Kesehatan dan Kegiatan Sosial","Gmaps"],
    ["33993","Laboratorium Medis Pratama Medan Medical Center 1","Kompleks Multatuli 40 Medan","prelist","MEDAN MAIMUN","HAMDAN","LINGKUNGAN 1","","0812-6224-1969","Q. Jasa Kesehatan dan Kegiatan Sosial","Gmaps"],
    ["33994","Toko Obat Mujarab","Kp. Baru, Kec. Medan Maimun, Kota Medan, Sumatera Utara 20217","prelist","MEDAN MAIMUN","KAMPUNG BARU","LINGKUNGAN 21","","","Q. Jasa Kesehatan dan Kegiatan Sosial","Gmaps"],
    ["33995","Toko Obat Pintu MAS","Jl. Brigjend Katamso No.638","prelist","MEDAN MAIMUN","KAMPUNG BARU","LINGKUNGAN 6","","(061) 7869830","Q. Jasa Kesehatan dan Kegiatan Sosial","Gmaps"],
    ["33996","Toko Gunung Kawi","Jl. Brigjend Katamso No.349","prelist","MEDAN MAIMUN","SEI MATI","LINGKUNGAN 11","","(061) 7345415","Q. Jasa Kesehatan dan Kegiatan Sosial","Gmaps"],
    ["33997","Ayang","Jl. H. Misbah","prelist","MEDAN MAIMUN","J A T I","LINGKUNGAN 1","","","Q. Jasa Kesehatan dan Kegiatan Sosial","Gmaps"],
    ["33998","Apotek Dokter Boyke","Kp. Baru, Kec. Medan Maimun, Kota Medan, Sumatera Utara 20217","prelist","MEDAN MAIMUN","KAMPUNG BARU","LINGKUNGAN 21","","","Q. Jasa Kesehatan dan Kegiatan Sosial","Gmaps"],
    ["33999","Saseng Toko","Jl. Ir. H. Juanda No.55 02","prelist","MEDAN MAIMUN","SUKARAJA","LINGKUNGAN 5","","(061) 4559117","Q. Jasa Kesehatan dan Kegiatan Sosial","Gmaps"],
    ["34000","Apotek DRB Farma","Jl. Brigjend Katamso No.437A","prelist","MEDAN MAIMUN","SEI MATI","LINGKUNGAN 5","","0812-6424-9292","Q. Jasa Kesehatan dan Kegiatan Sosial","Gmaps"],
    ["34001","PT.KARYA MEDICALINO","Jl. Brigjend Katamso No.33","prelist","MEDAN MAIMUN","A U R","LINGKUNGAN 8","","","Q. Jasa Kesehatan dan Kegiatan Sosial","Gmaps"],
    ["34002","Yunita Apotik","Jl. Brigjend Katamso No.386","prelist","MEDAN MAIMUN","SEI MATI","LINGKUNGAN 7","","(061) 7869711","Q. Jasa Kesehatan dan Kegiatan Sosial","Gmaps"],
    ["34003","Apotik Tri Farma","Jl. Brigjend Katamso No.773","prelist","MEDAN MAIMUN","KAMPUNG BARU","LINGKUNGAN 2","","","Q. Jasa Kesehatan dan Kegiatan Sosial","Gmaps"],
    ["34004","Apotik Melia Farma","Jl. Pemuda Baru I","prelist","MEDAN MAIMUN","A U R","LINGKUNGAN 7","","","Q. Jasa Kesehatan dan Kegiatan Sosial","Gmaps"],
    ["34005","Apotik Murni Teguh, PT","Sei Mati, Kec. Medan Maimun, Kota Medan, Sumatera Utara 20215","prelist","MEDAN MAIMUN","SEI MATI","LINGKUNGAN 10","","(061) 4514677","Q. Jasa Kesehatan dan Kegiatan Sosial","Gmaps"],
    ["34006","Apotek Sehat Jaya","Gg. Indra","prelist","MEDAN MAIMUN","KAMPUNG BARU","LINGKUNGAN 20","","0812-6009-153","Q. Jasa Kesehatan dan Kegiatan Sosial","Gmaps"],
    ["34007","Apotik Promed","Jalan Multatuli Raya","prelist","MEDAN MAIMUN","HAMDAN","LINGKUNGAN 1","","","Q. Jasa Kesehatan dan Kegiatan Sosial","Gmaps"],
    ["34008","D'King Cafe","Jl. Komp. Centrium Business Centre","prelist","MEDAN MAIMUN","A U R","LINGKUNGAN 3","","0812-6002-0224","R. Kesenian, Hiburan dan Rekreasi","Gmaps"],
    ["34009","NZ Discotique","Jl. Mangkubumi No.17","prelist","MEDAN MAIMUN","A U R","LINGKUNGAN 5","","","R. Kesenian, Hiburan dan Rekreasi","Gmaps"],
    ["34010","Inul Vizta Family KTV","Jl. H. Misbah No.30","prelist","MEDAN MAIMUN","J A T I","LINGKUNGAN 1","","","R. Kesenian, Hiburan dan Rekreasi","Gmaps"],
    ["34011","INUL VIZTA FAMILY KTV","Jl. H. Misbah No.18","prelist","MEDAN MAIMUN","HAMDAN","LINGKUNGAN 5","","(061) 4555020","R. Kesenian, Hiburan dan Rekreasi","Gmaps"],
    ["34012","The Cube Club","Jl. Imam Bonjol No.17","prelist","MEDAN MAIMUN","HAMDAN","LINGKUNGAN 10","","","R. Kesenian, Hiburan dan Rekreasi","Gmaps"],
    ["34013","Grand station","Jl. Brigjend Katamso","prelist","MEDAN MAIMUN","A U R","LINGKUNGAN 3","","","R. Kesenian, Hiburan dan Rekreasi","Gmaps"],
    ["34014","E Karaoke Lounge Medan","Jl. Ir. H. Juanda No.3C","prelist","MEDAN MAIMUN","SUKARAJA","LINGKUNGAN 4","","0822-7748-5221","R. Kesenian, Hiburan dan Rekreasi","Gmaps"],
    ["34015","Grand Charly VHT Medan","Kompleks Centrium","prelist","MEDAN MAIMUN","A U R","LINGKUNGAN 3","","(061) 4552206","R. Kesenian, Hiburan dan Rekreasi","Gmaps"],
    ["34016","Grand Station Karaoke","Unnamed Road, A U R, Kec. Medan Maimun, Kota Medan, Sumatera Utara 20212","prelist","MEDAN MAIMUN","A U R","LINGKUNGAN 3","","0896-3791-1970","R. Kesenian, Hiburan dan Rekreasi","Gmaps"],
    ["34017","Panti Asuhan Bala Keselamatan","Jl. Samanhudi No.27","prelist","MEDAN MAIMUN","HAMDAN","LINGKUNGAN 5","","(061) 4142163","Q. Jasa Kesehatan dan Kegiatan Sosial","Gmaps"],
    ["34018","Ahwanumi","Jl. Brigjend Zein Hamid","prelist","MEDAN MAIMUN","KAMPUNG BARU","LINGKUNGAN 21","","","Q. Jasa Kesehatan dan Kegiatan Sosial","Gmaps"],
    ["34019","Praktek dr. Binarwan Halim, Sp.OG","Jl. Pemuda Baru Ii No.6-12","prelist","MEDAN MAIMUN","A U R","LINGKUNGAN 7","","(061) 4551196","Q. Jasa Kesehatan dan Kegiatan Sosial","Gmaps"],
    ["34020","Sumber Aneka Karya Abadi","Jl. Haji Misbah Komplek Multatuli Indah Blok F20","prelist","MEDAN MAIMUN","A U R","LINGKUNGAN 10","","(061) 4550995","Q. Jasa Kesehatan dan Kegiatan Sosial","Gmaps"],
    ["34021","Laboratorium Murni Sadar","Jl. Brigjend Katamso","prelist","MEDAN MAIMUN","A U R","LINGKUNGAN 4","","","Q. Jasa Kesehatan dan Kegiatan Sosial","Gmaps"],
    ["34022","Halodoc Drive Thru Multatuli Medan","Jl. Multatuli No.1","prelist","MEDAN MAIMUN","A U R","LINGKUNGAN 1","","","Q. Jasa Kesehatan dan Kegiatan Sosial","Gmaps"],
    ["34023","Neurodance Wellness Group","Jl. Brigjend Katamso No.486B","prelist","MEDAN MAIMUN","KAMPUNG BARU","LINGKUNGAN 17","","(061) 7879940","R. Kesenian, Hiburan dan Rekreasi","Gmaps"],
    ["34024","Yi Tiao Xian Family Massage & Reflexology (Medan Katamso)","Jl. Brigjend Katamso No.427","prelist","MEDAN MAIMUN","SEI MATI","LINGKUNGAN 5","","0812-8000-3761","R. Kesenian, Hiburan dan Rekreasi","Gmaps"],
    ["34025","Delta Men's Health Club Medan","Jl. Brigjend Katamso Komplek Centrium No.37F","prelist","MEDAN MAIMUN","A U R","LINGKUNGAN 3","","(061) 42005777","R. Kesenian, Hiburan dan Rekreasi","Gmaps"],
    ["34026","Kamalini Yoga studio","Jl. H. Misbah Komplek Multatuli Indah No.11-12 Blok F","prelist","MEDAN MAIMUN","A U R","LINGKUNGAN 10","","(061) 50383939","R. Kesenian, Hiburan dan Rekreasi","Gmaps"],
    ["34027","Kolam Renang Hermina Lagoon HDTI","Jl. Imam Bonjol","prelist","MEDAN MAIMUN","HAMDAN","LINGKUNGAN 10","","0858-3444-7848","R. Kesenian, Hiburan dan Rekreasi","Gmaps"],
    ["34028","kolam renang samudra","Sei Mati, Kec. Medan Maimun, Kota Medan, Sumatera Utara 20217","prelist","MEDAN MAIMUN","SEI MATI","LINGKUNGAN 8","","","R. Kesenian, Hiburan dan Rekreasi","Gmaps"],
    ["34029","AUR","A U R, Kec. Medan Maimun, Kota Medan, Sumatera Utara","prelist","MEDAN MAIMUN","A U R","LINGKUNGAN 4","","","R. Kesenian, Hiburan dan Rekreasi","Gmaps"],
    ["34030","Taman Budiman","Gg. Budiman","prelist","MEDAN MAIMUN","SUKARAJA","LINGKUNGAN 1","","","R. Kesenian, Hiburan dan Rekreasi","Gmaps"],
    ["34031","taman mangkubumi","Jl. Mangkubumi No.40","prelist","MEDAN MAIMUN","A U R","LINGKUNGAN 5","","","R. Kesenian, Hiburan dan Rekreasi","Gmaps"],
    ["34032","Simpang Raya Istana Maimun","Jl. Brigjend Katamso No.176-164","prelist","MEDAN MAIMUN","A U R","LINGKUNGAN 8","","","R. Kesenian, Hiburan dan Rekreasi","Gmaps"],
    ["34033","Avros Park","Jl. Avros No.60B","prelist","MEDAN MAIMUN","KAMPUNG BARU","LINGKUNGAN 14","","0853-7127-3903","R. Kesenian, Hiburan dan Rekreasi","Gmaps"],
    ["34034","Taman Kota TomatskillO","Jl. H. Misbah","prelist","MEDAN MAIMUN","J A T I","LINGKUNGAN 1","","","R. Kesenian, Hiburan dan Rekreasi","Gmaps"],
    ["34035","Taman Ahmad Yani Medan","Jl. Imam Bonjol","prelist","MEDAN MAIMUN","J A T I","LINGKUNGAN 2","","","R. Kesenian, Hiburan dan Rekreasi","Gmaps"],
    ["34036","HEAVEN HELL Pool&Lounge H2","Jl. Pegadaian No.7","prelist","MEDAN MAIMUN","A U R","LINGKUNGAN 7","","(061) 4561555","R. Kesenian, Hiburan dan Rekreasi","Gmaps"],
    ["34037","Inul Vizta","Jl. Multatuli No.30","prelist","MEDAN MAIMUN","HAMDAN","LINGKUNGAN 6","","","R. Kesenian, Hiburan dan Rekreasi","Gmaps"],
    ["34053","Yayasan Seni Rupa Simpassri","Jalan Letjen Suprapto Simpang Jalan Teratai No.1 H A. M D. A N Medan Maimun","prelist","MEDAN MAIMUN","HAMDAN","LINGKUNGAN 7","","","R. Kesenian, Hiburan dan Rekreasi","Gmaps"],
    ["34054","Lapangan","Gg. Pelita Ii","prelist","MEDAN MAIMUN","KAMPUNG BARU","LINGKUNGAN 19","","","R. Kesenian, Hiburan dan Rekreasi","Gmaps"],
    ["34055","Sinergi Fitnes","Unnamed Road, 20215, Sei Mati, Medan Maimun, Medan City, North Sumatra 20215","prelist","MEDAN MAIMUN","SEI MATI","LINGKUNGAN 10","","","R. Kesenian, Hiburan dan Rekreasi","Gmaps"],
    ["34056","NL Fitnes club","Kp. Baru, Kec. Medan Maimun, Kota Medan, Sumatera Utara 20218","prelist","MEDAN MAIMUN","KAMPUNG BARU","LINGKUNGAN 11","","0815-3424-0911","R. Kesenian, Hiburan dan Rekreasi","Gmaps"],
    ["34057","firness sehat","Sei Mati, Kec. Medan Maimun, Kota Medan, Sumatera Utara 20214","prelist","MEDAN MAIMUN","SEI MATI","LINGKUNGAN 1","","","R. Kesenian, Hiburan dan Rekreasi","Gmaps"],
    ["34058","Indragymclub","Gg. Persatuan No.54","prelist","MEDAN MAIMUN","SEI MATI","LINGKUNGAN 2","","","R. Kesenian, Hiburan dan Rekreasi","Gmaps"],
    ["34059","globalindo art gym","Jl. Brigjend Katamso No.25","prelist","MEDAN MAIMUN","SEI MATI","LINGKUNGAN 1","","","R. Kesenian, Hiburan dan Rekreasi","Gmaps"],
    ["34060","JENNY FIT HOUSE","Gg. Istilah No.19","prelist","MEDAN MAIMUN","SUKARAJA","LINGKUNGAN 3","","","R. Kesenian, Hiburan dan Rekreasi","Gmaps"],
    ["34061","One Royal Club","Jl. Palang Merah No.1 5Th Floor","prelist","MEDAN MAIMUN","A U R","LINGKUNGAN 6","","0811-6488-554","R. Kesenian, Hiburan dan Rekreasi","Gmaps"],
    ["34062","Royal fitness center","Jl. Palang Merah No.1","prelist","MEDAN MAIMUN","A U R","LINGKUNGAN 6","","0812-8997-8999","R. Kesenian, Hiburan dan Rekreasi","Gmaps"],
    ["34063","DAVINCI FAMILY REFLEXOLOGY (Komplek Multatuli Indah)","Jl. H. Misbah Jl. Komp. Multatuli Indah No.56 Blok D No.55","prelist","MEDAN MAIMUN","A U R","LINGKUNGAN 10","","0823-1100-8886","R. Kesenian, Hiburan dan Rekreasi","Gmaps"],
    ["34064","E Spa & Wellness Medan","Jl. Ir. H. Juanda No.3C","prelist","MEDAN MAIMUN","SUKARAJA","LINGKUNGAN 4","","0812-9813-0422","R. Kesenian, Hiburan dan Rekreasi","Gmaps"],
    ["34065","Maimun Meditasi Center","A U R, Kec. Medan Maimun, Kota Medan, Sumatera Utara 20212","prelist","MEDAN MAIMUN","A U R","LINGKUNGAN 2","","","R. Kesenian, Hiburan dan Rekreasi","Gmaps"],
    ["34066","Ely Salon","Sei Mati, Kec. Medan Maimun, Kota Medan, Sumatera Utara","prelist","MEDAN MAIMUN","SEI MATI","LINGKUNGAN 9","","0812-6040-730","S. Aktivitas Jasa Lainnya","Gmaps"],
    ["34067","LINA SALON","Jl. Multatuli","prelist","MEDAN MAIMUN","HAMDAN","LINGKUNGAN 1","","0823-6207-8650","S. Aktivitas Jasa Lainnya","Gmaps"],
    ["34068","Ctwo","Jl. Komp. Multatuli Indah Jl. H. Misbah No.54 Blok C/53","prelist","MEDAN MAIMUN","A U R","LINGKUNGAN 10","","0811-6563-699","S. Aktivitas Jasa Lainnya","Gmaps"],
    ["34069","OWNHAIR","Jalan Haji Misbah Komplek Multatuli Indah Blok G 26-27","prelist","MEDAN MAIMUN","A U R","LINGKUNGAN 10","","0812-6029-6296","S. Aktivitas Jasa Lainnya","Gmaps"],
    ["34070","MOS Nail & Beauty Bar","Jl. H. Misbah Jl. Komp. Multatuli Indah No.19 Blok Aa","prelist","MEDAN MAIMUN","HAMDAN","LINGKUNGAN 1","","0821-6533-6595","S. Aktivitas Jasa Lainnya","Gmaps"],
    ["34071","Arvira salon","Jl. Brigjend Katamso No.697","prelist","MEDAN MAIMUN","KAMPUNG BARU","LINGKUNGAN 7","","0821-6582-4873","S. Aktivitas Jasa Lainnya","Gmaps"],
    ["34072","Belleza Beauty Bar","Komplek Multatuli Blok Aa No. 30","prelist","MEDAN MAIMUN","A U R","LINGKUNGAN 10","","0813-6249-4007","S. Aktivitas Jasa Lainnya","Gmaps"],
    ["34073","De’ Nail Studio (NEW Concept)","Jl. Mangkubumi No.9","prelist","MEDAN MAIMUN","A U R","LINGKUNGAN 9","","0812-6589-792","S. Aktivitas Jasa Lainnya","Gmaps"],
    ["34074","Mooi Salon","Jl. Komp. Multatuli Indah","prelist","MEDAN MAIMUN","HAMDAN","LINGKUNGAN 1","","(061) 42005037","S. Aktivitas Jasa Lainnya","Gmaps"],
    ["34075","Ndy salon","Jalan Kompleks Multatuli Indah Blok F No.18","prelist","MEDAN MAIMUN","A U R","LINGKUNGAN 10","","0811-6358-663","S. Aktivitas Jasa Lainnya","Gmaps"],
    ["34076","Apin Salon","Jl. Palang Merah No.4","prelist","MEDAN MAIMUN","A U R","LINGKUNGAN 6","","0811-6060-800","S. Aktivitas Jasa Lainnya","Gmaps"],
    ["34077","Candy Salon","Jl. Brigjend Katamso No.140","prelist","MEDAN MAIMUN","SUKARAJA","LINGKUNGAN 6","","(061) 4538369","S. Aktivitas Jasa Lainnya","Gmaps"],
    ["34078","Museum Djoeang 45' Provinsi Sumatera Utara","Jl. Pemuda Baru Iii","prelist","MEDAN MAIMUN","A U R","LINGKUNGAN 7","","0857-6398-7098","R. Kesenian, Hiburan dan Rekreasi","Gmaps"],
    ["34079","Fendy Art & Galery","JL Pemuda, H-I 26, Medan, 20151, A U R, Medan Maimun, Medan City, North Sumatra 20212","prelist","MEDAN MAIMUN","A U R","LINGKUNGAN 7","","(061) 4158826","R. Kesenian, Hiburan dan Rekreasi","Gmaps"],
    ["34080","Sam's Gallerry","Sukaraja, Kec. Medan Maimun, Kota Medan, Sumatera Utara 20212","prelist","MEDAN MAIMUN","SUKARAJA","LINGKUNGAN 6","","","R. Kesenian, Hiburan dan Rekreasi","Gmaps"],
    ["34081","TheWashPort Laundry Multatuli Medan","Jl. H. Misbah Jl. Komp. Multatuli Indah No.16 Blok A","prelist","MEDAN MAIMUN","A U R","LINGKUNGAN 10","","0851-1741-1427","S. Aktivitas Jasa Lainnya","Gmaps"],
    ["34082","FreshFold Laundry","Jl. Brigjend Katamso No.554","prelist","MEDAN MAIMUN","KAMPUNG BARU","LINGKUNGAN 11","","0859-2135-6800","S. Aktivitas Jasa Lainnya","Gmaps"],
    ["34083","Happy Clean Laundry","Jalan H. Misbah","prelist","MEDAN MAIMUN","A U R","LINGKUNGAN 10","","0812-8326-8992","S. Aktivitas Jasa Lainnya","Gmaps"],
    ["34084","BIK CUCI LAUNDRY & DRYCLEAN","Jl. Komp. Multatuli Indah No.50","prelist","MEDAN MAIMUN","A U R","LINGKUNGAN 10","","0877-7268-1819","S. Aktivitas Jasa Lainnya","Gmaps"],
    ["34085","Dalitan Barbershop","Jl. Ir. H. Juanda No.55 C","prelist","MEDAN MAIMUN","SUKARAJA","LINGKUNGAN 5","","","I. Penyediaan Akomodasi dan Makan Minum","Gmaps"],
    ["34086","Da' Boss Barbershop","Jl. Multatuli Komplek Multatuli Indah No.47 Blok Bb","prelist","MEDAN MAIMUN","A U R","LINGKUNGAN 10","","(061) 4576377","I. Penyediaan Akomodasi dan Makan Minum","Gmaps"],
    ["34087","Iam TheBarbershop","Jl. Brigjend Katamso No.243","prelist","MEDAN MAIMUN","KAMPUNG BARU","LINGKUNGAN 20","","","I. Penyediaan Akomodasi dan Makan Minum","Gmaps"],
    ["34088","Barbershop medan","Jl. Brigjend Katamso No.41C","prelist","MEDAN MAIMUN","A U R","LINGKUNGAN 8","","0821-6382-6959","I. Penyediaan Akomodasi dan Makan Minum","Gmaps"],
    ["34089","NJ BARBERSHOP","Gg. Bakti No.16-6","prelist","MEDAN MAIMUN","SUKARAJA","LINGKUNGAN 7","","0812-6354-680","I. Penyediaan Akomodasi dan Makan Minum","Gmaps"],
    ["34090","Raden the barber katamso","Jl. Brigjend Katamso No.283","prelist","MEDAN MAIMUN","SEI MATI","LINGKUNGAN 1","","0821-6706-3355","I. Penyediaan Akomodasi dan Makan Minum","Gmaps"],
    ["34091","Brooklyn Barbershop","Jl. H. Misbah No.55","prelist","MEDAN MAIMUN","HAMDAN","LINGKUNGAN 1","","0822-2708-5557","I. Penyediaan Akomodasi dan Makan Minum","Gmaps"],
    ["34092","Captain Barbershop Multatuli Medan","Jl. Multatuli Raya","prelist","MEDAN MAIMUN","A U R","LINGKUNGAN 10","","0813-6269-8899","I. Penyediaan Akomodasi dan Makan Minum","Gmaps"],
    ["34093","Reakiosha Muslimah Salon & Spa","Jl. Brigjend Katamso No.412","prelist","MEDAN MAIMUN","SEI MATI","LINGKUNGAN 7","","0821-6837-1118","S. Aktivitas Jasa Lainnya","Gmaps"],
    ["34094","Infinity Salon","Komplek Centrium","prelist","MEDAN MAIMUN","A U R","LINGKUNGAN 3","","(061) 42011344","S. Aktivitas Jasa Lainnya","Gmaps"],
    ["34095","Happy Wash Laundry","Jl. Brigjend Katamso No.326","prelist","MEDAN MAIMUN","SEI MATI","LINGKUNGAN 9","","","S. Aktivitas Jasa Lainnya","Gmaps"],
    ["34096","Toray laundry","Jl. Brigjend Katamso No.450","prelist","MEDAN MAIMUN","KAMPUNG BARU","LINGKUNGAN 17","","0821-6267-3262","S. Aktivitas Jasa Lainnya","Gmaps"],
    ["34097","Naynay Loundry Coin","Jl. Brigjend Katamso No.351","prelist","MEDAN MAIMUN","SEI MATI","LINGKUNGAN 7","","0812-4002-1185","S. Aktivitas Jasa Lainnya","Gmaps"],
    ["34098","Dry N Wash","Jl. Mangkubumi No.7","prelist","MEDAN MAIMUN","A U R","LINGKUNGAN 9","","","S. Aktivitas Jasa Lainnya","Gmaps"],
    ["34099","FRESH ‘N GO HELMET MEDAN","Jl. Brigjend Katamso No.266","prelist","MEDAN MAIMUN","SEI MATI","LINGKUNGAN 10","","0877-7556-4600","S. Aktivitas Jasa Lainnya","Gmaps"],
    ["34100","Laundry Hari Hari Cuci","Jl. Teratai No.7A","prelist","MEDAN MAIMUN","HAMDAN","LINGKUNGAN 7","","0851-6913-0253","S. Aktivitas Jasa Lainnya","Gmaps"],
    ["34101","Castell Laundry","Jl. Brigjend Katamso No.132","prelist","MEDAN MAIMUN","KAMPUNG BARU","LINGKUNGAN 12","","0822-7349-9705","S. Aktivitas Jasa Lainnya","Gmaps"],
    ["34102","Toray Laundry","Jl. Multatuli No.3","prelist","MEDAN MAIMUN","J A T I","LINGKUNGAN 3","","0813-6160-8454","S. Aktivitas Jasa Lainnya","Gmaps"],
    ["34103","Quick Clean Self Laundry","Jl. Ir. H. Juanda No.24","prelist","MEDAN MAIMUN","SUKARAJA","LINGKUNGAN 5","","","S. Aktivitas Jasa Lainnya","Gmaps"],
    ["34104","Di Wash Laundry","Jl. Multatuli No.81","prelist","MEDAN MAIMUN","HAMDAN","LINGKUNGAN 2","","0896-2981-0877","S. Aktivitas Jasa Lainnya","Gmaps"],
    ["34105","Happy Wash Laundry","Jl. Brigjend Katamso No.626","prelist","MEDAN MAIMUN","KAMPUNG BARU","LINGKUNGAN 9","","","S. Aktivitas Jasa Lainnya","Gmaps"],
    ["34106","PAPA COIN LAUNDRY","Jl. Brigjend Katamso No.168 80Ff","prelist","MEDAN MAIMUN","SUKARAJA","LINGKUNGAN 6","","0878-9338-9347","S. Aktivitas Jasa Lainnya","Gmaps"],
    ["34107","The Daily Wash Laundry Katamso","Jl. Brigjend Katamso","prelist","MEDAN MAIMUN","KAMPUNG BARU","LINGKUNGAN 2","","","S. Aktivitas Jasa Lainnya","Gmaps"],
    ["34108","King Laundry","Jl. Brigjend Katamso No.82G","prelist","MEDAN MAIMUN","SUKARAJA","LINGKUNGAN 5","","0812-2888-8632","S. Aktivitas Jasa Lainnya","Gmaps"],
    ["34109","Laundry Zone","Komplek Multatuli Indah Jl. Multatuli No.23 Blok C","prelist","MEDAN MAIMUN","A U R","LINGKUNGAN 10","","0813-7514-5908","S. Aktivitas Jasa Lainnya","Gmaps"],
    ["34110","Tukang Plafon Medan","GMWM+JXCKampung, BaruMedan Maimun, Kota Medan, Sumatera Utara 20217","prelist","MEDAN MAIMUN","KAMPUNG BARU","LINGKUNGAN 21","","0822-7642-5968","S. Aktivitas Jasa Lainnya","Gmaps"],
    ["34111","Service Center Mesin HL Medan, SUMATRA UTARA","Jl. Pandu No.6","prelist","MEDAN MAIMUN","A U R","LINGKUNGAN 8","","0812-6376-5997","J. Informasi dan Komunikasi","Gmaps"],
    ["34112","Service iPhone Solution (Apple Solution Medan)","Jl. Brigjend Katamso No.342","prelist","MEDAN MAIMUN","SEI MATI","LINGKUNGAN 8","","","J. Informasi dan Komunikasi","Gmaps"],
    ["34113","mitraCare Multibrand Authorized Service Provider (Medan)","Jl. Suka Mulia No.3","prelist","MEDAN MAIMUN","A U R","LINGKUNGAN 6","","(061) 88880637","S. Aktivitas Jasa Lainnya","Gmaps"],
    ["34114","SS COMPUTER","Jl. Brigjend Katamso Gg. Silaturrahim","prelist","MEDAN MAIMUN","KAMPUNG BARU","LINGKUNGAN 17","","0813-7364-5701","S. Aktivitas Jasa Lainnya","Gmaps"],
    ["34115","Servis komputet","Gg. Sederhana","prelist","MEDAN MAIMUN","SUKARAJA","LINGKUNGAN 8","","0838-1212-6485","S. Aktivitas Jasa Lainnya","Gmaps"],
    ["34116","Tanaka Teknik Jaya","Gg. Nasional No.230","prelist","MEDAN MAIMUN","SEI MATI","LINGKUNGAN 10","","0812-8160-7898","D. Pengadaan Listrik, Gas, Uap/Air Panas, dan Udara Dingin","Gmaps"],
    ["34117","Reza Service","Jl. Ir. H. Juanda No.37","prelist","MEDAN MAIMUN","SUKARAJA","LINGKUNGAN 5","","0813-6075-8161","D. Pengadaan Listrik, Gas, Uap/Air Panas, dan Udara Dingin","Gmaps"],
    ["34118","Albadr Service Ac","Jl. Ir. H. Juanda Gg. Usaha I No.3","prelist","MEDAN MAIMUN","SUKARAJA","LINGKUNGAN 3","","0822-9507-2971","D. Pengadaan Listrik, Gas, Uap/Air Panas, dan Udara Dingin","Gmaps"],
    ["34119","jasa service tv Medan","Jl. Pantai Burung I Jl. Brigjend Katamso","prelist","MEDAN MAIMUN","A U R","LINGKUNGAN 2","","0813-6143-8707","S. Aktivitas Jasa Lainnya","Gmaps"],
    ["34120","Dira doorsmer","Jl. Avros No.31","prelist","MEDAN MAIMUN","KAMPUNG BARU","LINGKUNGAN 14","","0853-7133-9379","S. Aktivitas Jasa Lainnya","Gmaps"],
    ["34121","CoolPlus Medan Kaca Film | Coating | PPF | Car Wash","Jl. Brigjend Katamso No.172","prelist","MEDAN MAIMUN","KAMPUNG BARU","LINGKUNGAN 20","","0821-6297-0899","S. Aktivitas Jasa Lainnya","Gmaps"],
    ["34122","John's Motor","Jl. Brigjend Katamso","prelist","MEDAN MAIMUN","KAMPUNG BARU","LINGKUNGAN 1","","(061) 7880577","S. Aktivitas Jasa Lainnya","Gmaps"],
    ["34123","MULTI DOORSMEER","Jl. Multatuli No.93","prelist","MEDAN MAIMUN","HAMDAN","LINGKUNGAN 3","","0813-9725-5188","S. Aktivitas Jasa Lainnya","Gmaps"],
    ["34124","D' Samudra Car Wash","Jl. Brigjend Katamso No.318","prelist","MEDAN MAIMUN","SEI MATI","LINGKUNGAN 9","","0823-6369-4661","S. Aktivitas Jasa Lainnya","Gmaps"],
    ["34125","Nadenggan18 Autocare (Salon Mobil, Doorsmeer & Car Steam Wash)","Jl. Brigjend Katamso","prelist","MEDAN MAIMUN","SEI MATI","LINGKUNGAN 7","","0851-1701-8106","S. Aktivitas Jasa Lainnya","Gmaps"],
    ["34139","RA/BA/TA Tarbiyah Islamiyah","Jl. Brigjend Katamso No.51","prelist","MEDAN MAIMUN","KAMPUNG BARU","LINGKUNGAN 15","","(061) 7875486","P. Pendidikan","Gmaps"],
    ["34140","pacto tours travel & mice","Jl. Brigjend Katamso No.365","prelist","MEDAN MAIMUN","SEI MATI","LINGKUNGAN 4","","(061) 4510081","S. Aktivitas Jasa Lainnya","Gmaps"],
    ["34141","Sewa HT Medan","Jl. Brigjend Katamso Gg. Pelita Ii No.81","prelist","MEDAN MAIMUN","KAMPUNG BARU","LINGKUNGAN 18","","0812-8323-2307","S. Aktivitas Jasa Lainnya","Gmaps"],
    ["35221","KEDAI KOPI (AMRIZAL)","JALAN MANTRI","prelist","MEDAN MAIMUN","A U R","LINGKUNGAN 3","","","I. Penyediaan Akomodasi dan Makan Minum","SBR"],
    ["35243","UD BINTANG BARU (HUSIN ONG)","JALAN BRIGJEN KATAMSO NO 33A","prelist","MEDAN MAIMUN","A U R","LINGKUNGAN 8","","","G. Perdagangan Besar dan Eceran, Reparasi Mobil dan Sepeda Motor","SBR"],
    ["35375","SWEET ROOM","JL PEMUDA II","prelist","MEDAN MAIMUN","A U R","LINGKUNGAN 7","","","G. Perdagangan Besar dan Eceran, Reparasi Mobil dan Sepeda Motor","SBR"],
    ["35377","MINUMAN BANDREK","KOMPLEKS MULTATULI BLOK FF HO 8-9-10","prelist","MEDAN MAIMUN","HAMDAN","LINGKUNGAN 6","","","G. Perdagangan Besar dan Eceran, Reparasi Mobil dan Sepeda Motor","SBR"],
    ["35390","CETAKAN KUE ZULKIFLY","JL BRIGJEND KATAMSO GG PERWIRA","prelist","MEDAN MAIMUN","SEI MATI","LINGKUNGAN 11","","","C. Industri Pengolahan","SBR"],
    ["35529","RIDHO SPORT (FATMA)","JL IR H JUANDA NO 77","prelist","MEDAN MAIMUN","SUKARAJA","LINGKUNGAN 1","","","G. Perdagangan Besar dan Eceran, Reparasi Mobil dan Sepeda Motor","SBR"],
    ["35590","RIDHO WATER","JALAN BRIGJEN KATAMSO NO 386","prelist","MEDAN MAIMUN","SEI MATI","LINGKUNGAN 8","","","C. Industri Pengolahan","SBR"],
    ["35602","REPARASI ELEKTRONIK BAMBANG","JL BRIGJEND KATAMSO GG PERWIRA","prelist","MEDAN MAIMUN","SEI MATI","LINGKUNGAN 11","","","S. Aktivitas Jasa Lainnya","SBR"],
    ["35646","TABO CAFFE (SIMSON)","KOMPLEKS MULTATULI BLOK FF NO 20-21","prelist","MEDAN MAIMUN","HAMDAN","LINGKUNGAN 6","","","I. Penyediaan Akomodasi dan Makan Minum","SBR"],
    ["35651","WARUNG KOPI (RAMADHANI)","KOMPLEKS MULTATULI BLOK BB NO- 14-15","prelist","MEDAN MAIMUN","HAMDAN","LINGKUNGAN 1","","","I. Penyediaan Akomodasi dan Makan Minum","SBR"],
    ["35652","ZAFARA PONSEL","JALAN BRIGJEN KATAMSO NO 513","prelist","MEDAN MAIMUN","KAMPUNG BARU","LINGKUNGAN 19","","","J. Informasi dan Komunikasi","SBR"],
    ["35662","SD ALWASLIYAH 14","JALAN BRIGJEN KATAMSO NO 477","prelist","MEDAN MAIMUN","SEI MATI","LINGKUNGAN 6","","","P. Pendidikan","SBR"],
    ["35718","TOKO MULIA BARU","JL B KATAMSO NO 765","prelist","MEDAN MAIMUN","KAMPUNG BARU","LINGKUNGAN 2","","","G. Perdagangan Besar dan Eceran, Reparasi Mobil dan Sepeda Motor","SBR"],
    ["35719","KATAMSO ELEKTRONIK","JALAN B KATAMSO NO 698","prelist","MEDAN MAIMUN","SEI MATI","LINGKUNGAN 2","","","G. Perdagangan Besar dan Eceran, Reparasi Mobil dan Sepeda Motor","SBR"],
    ["35724","MAWAR","JL BRIGJEN KATAMSO","prelist","MEDAN MAIMUN","KAMPUNG BARU","LINGKUNGAN 1","","","C. Industri Pengolahan","SBR"],
    ["35815","TOKO GUNA MEGA (DAMAI)","JALAN BRIGIEND KATAMSO DALAM NO 64 M","prelist","MEDAN MAIMUN","A U R","LINGKUNGAN 1","","","G. Perdagangan Besar dan Eceran, Reparasi Mobil dan Sepeda Motor","SBR"],
    ["36022","RENTAL MOBIL (SOFIANA)","JLN.B.KATAMSO GG. PELITA 2","prelist","MEDAN MAIMUN","KAMPUNG BARU","LINGKUNGAN 18","","","N. Jasa Persewaan, Ketenagakerjaan, Agen Perjalanan, dan Jasa Pendukung","SBR"],
    ["36109","PERSEWAAN RUMAH","JLN.B.KATAMSO GG. PELITA 2 NO.56","prelist","MEDAN MAIMUN","KAMPUNG BARU","LINGKUNGAN 18","","","L. Real Estat","SBR"],
    ["36116","TOKO KACA <TJAIMIN>","JALAN BRIGIEN KATANSO","prelist","MEDAN MAIMUN","SEI MATI","LINGKUNGAN 1","","","G. Perdagangan Besar dan Eceran, Reparasi Mobil dan Sepeda Motor","SBR"],
    ["36127","WARNET ABIJAR","JL BRIGJEND KATAMSO GG PERWIRA","prelist","MEDAN MAIMUN","SEI MATI","LINGKUNGAN 11","","","J. Informasi dan Komunikasi","SBR"],
    ["36151","UD MAJU JAYA","JALAN BRIGJEN KATAMSO NO 481A","prelist","MEDAN MAIMUN","SEI MATI","LINGKUNGAN 6","","","G. Perdagangan Besar dan Eceran, Reparasi Mobil dan Sepeda Motor","SBR"],
    ["36454","BENGKEL BANSINDO","JL B KATAMSO","prelist","MEDAN MAIMUN","SEI MATI","LINGKUNGAN 9","","","G. Perdagangan Besar dan Eceran, Reparasi Mobil dan Sepeda Motor","SBR"],
    ["36478","NOTARIS JUNITA RITONGA SH","JALAN BRIGJEND KATAMSO NO 45 H","prelist","MEDAN MAIMUN","SUKARAJA","LINGKUNGAN 7","","","M. Jasa Profesional, Ilmiah, dan Teknis","SBR"],
    ["36488","JUALAN KUE ELWIN","JALAN WARNA DALAM 53","prelist","MEDAN MAIMUN","SUKARAJA","LINGKUNGAN 6","","","I. Penyediaan Akomodasi dan Makan Minum","SBR"],
    ["36507","SBJ","JALAN WARNI NO 24-26","prelist","MEDAN MAIMUN","SUKARAJA","LINGKUNGAN 6","","","G. Perdagangan Besar dan Eceran, Reparasi Mobil dan Sepeda Motor","SBR"],
    ["36638","DEJAVU (ROY CANDRA)","KOMPLEKS MULTATULI BLOK CC NO 50-51","prelist","MEDAN MAIMUN","HAMDAN","LINGKUNGAN 6","","","M. Jasa Profesional, Ilmiah, dan Teknis","SBR"],
    ["36647","NOTARIS PPAT (MARTUA)","JL BRIGJEND KATAMSO NO 41 C","prelist","MEDAN MAIMUN","A U R","LINGKUNGAN 8","","","M. Jasa Profesional, Ilmiah, dan Teknis","SBR"],
    ["36654","PERPARKIRAN (DEDDI)","JL MANGKUBUMI","prelist","MEDAN MAIMUN","A U R","LINGKUNGAN 9","","","S. Aktivitas Jasa Lainnya","SBR"],
    ["36663","SOP BUNTUT (HJ TUTY)","KOMPLEKS MULTATULI BLOK FF NO 8-9-10","prelist","MEDAN MAIMUN","HAMDAN","LINGKUNGAN 6","","","I. Penyediaan Akomodasi dan Makan Minum","SBR"],
    ["36667","KANA PHOTOGRAPHY","KOMPLEKS MULTATULL BLOK BB NO 33","prelist","MEDAN MAIMUN","HAMDAN","LINGKUNGAN 1","","","M. Jasa Profesional, Ilmiah, dan Teknis","SBR"],
    ["36669","KARAOKE BONAVISTA","JL MULTATULL NO 30 ABC","prelist","MEDAN MAIMUN","HAMDAN","LINGKUNGAN 5","","","R. Kesenian, Hiburan, dan Rekreasi","SBR"],
    ["36711","BIMBEL MELATI KARTIKA ( SAMUDRA)","JLN PEMUDA BARU 1","prelist","MEDAN MAIMUN","A U R","LINGKUNGAN 7","","","P. Pendidikan","SBR"],
    ["36795","LEMBAGA AMBIL ZAKAT BANK SUMUT","JALAN IMAM BONJOL GEDUNG BANK SUMUT","prelist","MEDAN MAIMUN","HAMDAN","LINGKUNGAN 10","","","S. Aktivitas Jasa Lainnya","SBR"],
    ["36817","WARKOP ALAM JAYA (ALAM)","JALAN H MISBAH NO 14","prelist","MEDAN MAIMUN","HAMDAN","LINGKUNGAN 7","","","I. Penyediaan Akomodasi dan Makan Minum","SBR"],
    ["36818","MIE AYAM KUMANGO","JALAN MANGKUBUMI NO 16","prelist","MEDAN MAIMUN","A U R","LINGKUNGAN 5","","","I. Penyediaan Akomodasi dan Makan Minum","SBR"],
    ["36890","AMALIUN SEE FOOD","KOMPLEKS MULTATULI BLOK FF 8-9-10","prelist","MEDAN MAIMUN","HAMDAN","LINGKUNGAN 6","","","I. Penyediaan Akomodasi dan Makan Minum","SBR"],
    ["36891","CRYSTAL BOUTIQUE AND BAKING","KOMP MULTATULL BLOK BB NO 54","prelist","MEDAN MAIMUN","HAMDAN","LINGKUNGAN 1","","","G. Perdagangan Besar dan Eceran, Reparasi Mobil dan Sepeda Motor","SBR"],
    ["36892","GOLDEN EXPRES","JL BRIGJEND KATAMSO GG SOSIAL","prelist","MEDAN MAIMUN","SEI MATI","LINGKUNGAN 11","","","H. Transportasi dan Pergudangan","SBR"],
    ["36893","NOTARIS AFRIZAL","JALAN MANGKUBUMI NO 1","prelist","MEDAN MAIMUN","A U R","LINGKUNGAN 9","","","M. Jasa Profesional, Ilmiah, dan Teknis","SBR"],
    ["36895","SPARTAN(HENDY)","KOMPLEKS MULTATULI BLOK CC NO 10-11","prelist","MEDAN MAIMUN","HAMDAN","LINGKUNGAN 6","","","I. Penyediaan Akomodasi dan Makan Minum","SBR"],
    ["36930","PRAKTER DOKTER DR ABDUL MULUK","JALAN BRIGJEN KATAMSO GANG ADIL NO 20","prelist","MEDAN MAIMUN","SEI MATI","LINGKUNGAN 3","","","Q. Jasa Kesehatan dan Kegiatan Sosial","SBR"],
    ["36936","KARAOKEL INUL VISTA","JALAN PALANG MERAH","prelist","MEDAN MAIMUN","A U R","LINGKUNGAN 9","","","R. Kesenian, Hiburan, dan Rekreasi","SBR"],
    ["36937","TOKO GUDANG BATIK (SELVIA)","JALAN BRIGJEN KATAMSO NO 391","prelist","MEDAN MAIMUN","A U R","LINGKUNGAN 8","","","G. Perdagangan Besar dan Eceran, Reparasi Mobil dan Sepeda Motor","SBR"],
    ["36953","NOTARIS LILIS SUANNY SH MKN","COMPLEK MULTATUL I IALD AH BLOK G NO 25","prelist","MEDAN MAIMUN","A U R","LINGKUNGAN 3","","","M. Jasa Profesional, Ilmiah, dan Teknis","SBR"],
    ["36962","TRAVEL BLESS HOLIDAY","JALAN H MISBAH NO 14 B","prelist","MEDAN MAIMUN","HAMDAN","LINGKUNGAN 7","","","N. Jasa Persewaan, Ketenagakerjaan, Agen Perjalanan, dan Jasa Pendukung","SBR"],
    ["37015","TUKANG BECAK (NURSAN)","JALAN PACAR NO 10","prelist","MEDAN MAIMUN","HAMDAN","LINGKUNGAN 8","","","H. Transportasi dan Pergudangan","SBR"],
    ["37183","SUPIR ANGKOT MEDAN","JLN. B. KATAMSO GG PELITA 2 NO.120","prelist","MEDAN MAIMUN","KAMPUNG BARU","LINGKUNGAN 18","","","H. Transportasi dan Pergudangan","SBR"],
    ["37184","PAUD SAHABAT RABANI","JL B KATAMSO G INDRA NO 4","prelist","MEDAN MAIMUN","KAMPUNG BARU","LINGKUNGAN 20","","","P. Pendidikan","SBR"],
    ["37187","KAFE THIRTY SIX","JL MULTATULI NO 36/38","prelist","MEDAN MAIMUN","HAMDAN","LINGKUNGAN 5","","","I. Penyediaan Akomodasi dan Makan Minum","SBR"],
    ["37235","SEKOLAH NEGERI 060902","JALAN MANGKUBUMI NO 6","prelist","MEDAN MAIMUN","A U R","LINGKUNGAN 9","","","P. Pendidikan","SBR"],
    ["37240","ANGLISS <FRANS LAY>","KOMPLEKS MULTATULI BLOK FF NO 6-7","prelist","MEDAN MAIMUN","HAMDAN","LINGKUNGAN 6","","","I. Penyediaan Akomodasi dan Makan Minum","SBR"],
    ["37241","PANGKAS ELHCE BERKOLEKTIF (DANIL)","JL IR H JUANDA NO 55C","prelist","MEDAN MAIMUN","SUKARAJA","LINGKUNGAN 5","","","S. Aktivitas Jasa Lainnya","SBR"],
    ["37313","TOKO SEJAHTERA","JALAN MAHKAMAH 48B","prelist","MEDAN MAIMUN","A U R","LINGKUNGAN 8","","","G. Perdagangan Besar dan Eceran, Reparasi Mobil dan Sepeda Motor","SBR"],
    ["37316","ISTANA CCTV","JL B KATAMSO KOMPLEK ISTANA BISNIS CENTER NO 22","prelist","MEDAN MAIMUN","SUKARAJA","LINGKUNGAN 7","","","G. Perdagangan Besar dan Eceran, Reparasi Mobil dan Sepeda Motor","SBR"],
    ["37417","JUAL BAKSO(LILIS)","JL.BRIGJEN KATAMSO","prelist","MEDAN MAIMUN","KAMPUNG BARU","LINGKUNGAN 17","","","I. Penyediaan Akomodasi dan Makan Minum","SBR"],
    ["37429","PET SHOP (MAHRANI)","JL BRIGJEN KATAMSO NO 474","prelist","MEDAN MAIMUN","KAMPUNG BARU","LINGKUNGAN 17","","","G. Perdagangan Besar dan Eceran, Reparasi Mobil dan Sepeda Motor","SBR"],
    ["37456","JUAL AQUA (SYAH BENI)","JL BRIGJEND KATAMSO","prelist","MEDAN MAIMUN","KAMPUNG BARU","LINGKUNGAN 11","","","C. Industri Pengolahan","SBR"],
    ["37498","RANTAU GERBANG MANDIRI","JALAN BIGJEN KATAMSO","prelist","MEDAN MAIMUN","SEI MATI","LINGKUNGAN 5","","","N. Jasa Persewaan, Ketenagakerjaan, Agen Perjalanan, dan Jasa Pendukung","SBR"],
    ["37744","UMI CATERING (FEBI)","JALAN TERATAI NO 11","prelist","MEDAN MAIMUN","HAMDAN","LINGKUNGAN 7","","","I. Penyediaan Akomodasi dan Makan Minum","SBR"],
    ["37746","KURSUS MENJAHIT","KOMPLEKS MULTATULI B LOK BB NO 45","prelist","MEDAN MAIMUN","HAMDAN","LINGKUNGAN 1","","","P. Pendidikan","SBR"],
    ["37748","GENIUS EDUCATION","JALAN BRIGJEND KATAMSO NO 43X","prelist","MEDAN MAIMUN","A U R","LINGKUNGAN 8","","","P. Pendidikan","SBR"],
    ["38226","INDAH MACHINE","JALAN MANGKUBUMI NO 12","prelist","MEDAN MAIMUN","A U R","LINGKUNGAN 5","","","G. Perdagangan Besar dan Eceran, Reparasi Mobil dan Sepeda Motor","SBR"],
    ["38240","BRIGIN LIFE (M RIDWAN)","KOMPLEKS MULTATULI BLOK FF NO 13","prelist","MEDAN MAIMUN","HAMDAN","LINGKUNGAN 6","","","K. Aktivitas Keuangan Dan Asuransi","SBR"],
    ["38247","JEAN AND LEON","JL MULTATULI NO 10 B","prelist","MEDAN MAIMUN","HAMDAN","LINGKUNGAN 6","","","G. Perdagangan Besar dan Eceran, Reparasi Mobil dan Sepeda Motor","SBR"],
    ["38278","BECAK MESIN (RAHMAN)","JLN.B. KATAMSO GG. PELITA 2","prelist","MEDAN MAIMUN","KAMPUNG BARU","LINGKUNGAN 18","","","H. Transportasi dan Pergudangan","SBR"],
    ["38311","JUAL ALAT TK (ZULMADIR)","JL BRIGJEN KATAMSO","prelist","MEDAN MAIMUN","KAMPUNG BARU","LINGKUNGAN 15","","","G. Perdagangan Besar dan Eceran, Reparasi Mobil dan Sepeda Motor","SBR"],
    ["38350","DOKTER MERRY","JL BRIGJEND KATAMSO NO 28A","prelist","MEDAN MAIMUN","A U R","LINGKUNGAN 4","","","Q. Jasa Kesehatan dan Kegiatan Sosial","SBR"],
    ["38359","BENGKEL LAS (MUMAD RISKI)","JL MESJID RATA NO 1","prelist","MEDAN MAIMUN","A U R","LINGKUNGAN 8","","","C. Industri Pengolahan","SBR"],
    ["38364","ME I CHIN SALON","COMPLEK YULTATULI IND AH BLOK G NO 16","prelist","MEDAN MAIMUN","A U R","LINGKUNGAN 10","","","S. Aktivitas Jasa Lainnya","SBR"],
    ["38376","ANEMER INTERIOR","JLN BRIGJEND KATAMSO NO 130","prelist","MEDAN MAIMUN","SUKARAJA","LINGKUNGAN 6","","","G. Perdagangan Besar dan Eceran, Reparasi Mobil dan Sepeda Motor","SBR"],
    ["38379","SUPER LIGHT UD","JL PEMUDA BARU 3 NO.21","prelist","MEDAN MAIMUN","A U R","LINGKUNGAN 7","","","G. Perdagangan Besar dan Eceran, Reparasi Mobil dan Sepeda Motor","SBR"],
    ["38380","KOPERASI SEKOLAH SANTO YOSEPH","JL PEMUDA NO 3A","prelist","MEDAN MAIMUN","A U R","LINGKUNGAN 7","","","K. Aktivitas Keuangan Dan Asuransi","SBR"],
    ["38381","KAKI MAS","JL PEMUDA BARU 1 NO 31","prelist","MEDAN MAIMUN","A U R","LINGKUNGAN 7","","","Q. Jasa Kesehatan dan Kegiatan Sosial","SBR"],
    ["38385","MIKASA SPORT (SINDE)","JL IR H JUANDA NO 61","prelist","MEDAN MAIMUN","SUKARAJA","LINGKUNGAN 1","","","G. Perdagangan Besar dan Eceran, Reparasi Mobil dan Sepeda Motor","SBR"],
    ["38386","BATAM JAYA(HOEI)","JL IR H JUANDA","prelist","MEDAN MAIMUN","SUKARAJA","LINGKUNGAN 1","","","G. Perdagangan Besar dan Eceran, Reparasi Mobil dan Sepeda Motor","SBR"],
    ["38404","CAFE INN","COMPLEK MULTATULI INDAH BLOK F NO 1","prelist","MEDAN MAIMUN","A U R","LINGKUNGAN 10","","","I. Penyediaan Akomodasi dan Makan Minum","SBR"],
    ["38451","UD KENCANA JAYA MAKMUR (A HUI)","JALAN BRIGJEND ZEIN HAMIDGG BESI NO 101","prelist","MEDAN MAIMUN","KAMPUNG BARU","LINGKUNGAN 4","","","G. Perdagangan Besar dan Eceran, Reparasi Mobil dan Sepeda Motor","SBR"],
    ["38512","PANGHEGAR TRAVEL (HJ MAYSARAH)","JL BRIGJEN KATAMSO NO 238 B","prelist","MEDAN MAIMUN","KAMPUNG BARU","LINGKUNGAN 17","","","N. Jasa Persewaan, Ketenagakerjaan, Agen Perjalanan, dan Jasa Pendukung","SBR"],
    ["38522","PANGLONG","JL B KATAMSO NO 565","prelist","MEDAN MAIMUN","KAMPUNG BARU","LINGKUNGAN 10","","","G. Perdagangan Besar dan Eceran, Reparasi Mobil dan Sepeda Motor","SBR"],
    ["38533","PNM ULMM","JL SAKTI LUBIS NO 10","prelist","MEDAN MAIMUN","KAMPUNG BARU","LINGKUNGAN 7","","","K. Aktivitas Keuangan Dan Asuransi","SBR"],
    ["38766","TOKO CAHAYA MURNI","JLN B. KATAMSO NO 144","prelist","MEDAN MAIMUN","SUKARAJA","LINGKUNGAN 6","","","G. Perdagangan Besar dan Eceran, Reparasi Mobil dan Sepeda Motor","SBR"],
    ["38775","OCEAN FOAM","JALAN KOLONEL SUGIONO NO 96","prelist","MEDAN MAIMUN","A U R","LINGKUNGAN 9","","","G. Perdagangan Besar dan Eceran, Reparasi Mobil dan Sepeda Motor","SBR"],
    ["38784","GREEN WORLD","JALAN PASAR SENEN KAMPUNG BARU","prelist","MEDAN MAIMUN","KAMPUNG BARU","LINGKUNGAN 4","","","G. Perdagangan Besar dan Eceran, Reparasi Mobil dan Sepeda Motor","SBR"],
    ["38804","BANK DANAMON","JL BRIGJEND KATAMSO N0731A","prelist","MEDAN MAIMUN","KAMPUNG BARU","LINGKUNGAN 2","","","K. Aktivitas Keuangan Dan Asuransi","SBR"],
    ["38810","NOTARIS SAFNIL GANI","JALAN BRIGJEND KATAMSO NO 43E","prelist","MEDAN MAIMUN","A U R","LINGKUNGAN 8","","","M. Jasa Profesional, Ilmiah, dan Teknis","SBR"],
    ["38836","MEMBUAT KUE(WONG TJING LAN)","JALAN B KATAMSO DALAM INO 56 L","prelist","MEDAN MAIMUN","A U R","LINGKUNGAN 2","","","C. Industri Pengolahan","SBR"],
    ["38961","GUANG ZHOU (NOVAWATI)","KOMPLEKS MULTATULI BLOK NO 21","prelist","MEDAN MAIMUN","HAMDAN","LINGKUNGAN 7","","","Q. Jasa Kesehatan dan Kegiatan Sosial","SBR"],
    ["38970","WAFFLE HOUSE","KOMPLEKS MULTATULI BLOK FF NO 23","prelist","MEDAN MAIMUN","HAMDAN","LINGKUNGAN 6","","","I. Penyediaan Akomodasi dan Makan Minum","SBR"],
    ["39006","JUAL TUPPERWERE (ULI)","JLN. B. KATAMSO GG PELITA 2","prelist","MEDAN MAIMUN","KAMPUNG BARU","LINGKUNGAN 18","","","G. Perdagangan Besar dan Eceran, Reparasi Mobil dan Sepeda Motor","SBR"],
    ["39339","DANAU TOBA INTERNATIONAL HOTEL","Jl. IMAM BONJOL NO. 17","prelist","MEDAN MAIMUN","HAMDAN","LINGKUNGAN 10","","","I. Penyediaan Akomodasi dan Makan Minum","SBR"],
    ["39354","NUSA NET","Jl. KOMPLEK MULTATULI BLOK D NO. 5","prelist","MEDAN MAIMUN","A U R","LINGKUNGAN 10","","","J. Informasi dan Komunikasi","SBR"],
    ["39390","SDN 060904","JL.MULTATULI LK 4","prelist","MEDAN MAIMUN","HAMDAN","LINGKUNGAN 6","","","P. Pendidikan","SBR"],
    ["39402","SANTA ELISABETH","JL. HAJI MISBAH NO.7","prelist","MEDAN MAIMUN","J A T I","LINGKUNGAN 2","","","Q. Jasa Kesehatan dan Kegiatan Sosial","SBR"],
    ["39416","PT NARASINDO MITRA PERDANA","JL IR H JUANDA BARU NO 55E-20","prelist","MEDAN MAIMUN","SUKARAJA","LINGKUNGAN 5","","","K. Aktivitas Keuangan Dan Asuransi","SBR"],
    ["39417","SDN 060905","JL B KATAMSO GG BALAI DESA NO 366","prelist","MEDAN MAIMUN","KAMPUNG BARU","LINGKUNGAN 17","","","P. Pendidikan","SBR"],
    ["39420","SDN 060902","JLN MANGKUBUMI NO 6","prelist","MEDAN MAIMUN","A U R","LINGKUNGAN 9","","","P. Pendidikan","SBR"],
    ["39435","PT AIA FINANCIAL INDONESIA CABANG MEDAN (MDN ARP AURORA)","Komplek Istana Bisnis Centre No. 3 Jalan Brigjen Katamso","prelist","MEDAN MAIMUN","SEI MATI","LINGKUNGAN 3","","","K. Aktivitas Keuangan Dan Asuransi","SBR"],
    ["39436","Sentral Investasi Danakersa (SID) Medan","Komplek Ruko Royal Apartemen Jl. Palang Merah No.5 Medan 20112","prelist","MEDAN MAIMUN","A U R","LINGKUNGAN 6","","","K. Aktivitas Keuangan Dan Asuransi","SBR"],
    ["39450","SDN 066045","JL. MELUR","prelist","MEDAN MAIMUN","HAMDAN","LINGKUNGAN 7","","","P. Pendidikan","SBR"],
    ["39468","PT Bank Danamon Tbk., Kantor Cabang Medan-Katamso","JL BRIGJEN KATAMSO NO 733 A","prelist","MEDAN MAIMUN","KAMPUNG BARU","LINGKUNGAN 17","","","M. Jasa Profesional, Ilmiah, dan Teknis","SBR"],
    ["39538","SINAR MAS MULTIFINANCE, PT","WISMA SIMAS JL. MANGKUBUMI NO.18 LT. 4,KE. AUR, KEC. MEDAN MAIMUN","prelist","MEDAN MAIMUN","A U R","LINGKUNGAN 4","","","K. Aktivitas Keuangan Dan Asuransi","SBR"],
    ["39539","PUSAT PENELITIAN KELAPA SAWIT, PT","JL. BRIGJEN KATAMSO NO. 51, KP. BARU, MEDAN 20158","prelist","MEDAN MAIMUN","KAMPUNG BARU","LINGKUNGAN 15","","","M. Jasa Profesional, Ilmiah, dan Teknis","SBR"],
    ["39543","PT MANDIRI SEKURITAS, KANTOR CABANG MEDAN TIARA","Tiara Convention Center, 1st Floor Jl. Imam Bonjol No. 28-30","prelist","MEDAN MAIMUN","HAMDAN","LINGKUNGAN 10","","","M. Jasa Profesional, Ilmiah, dan Teknis","SBR"],
    ["39563","PT Sequislife. Service Center Regional Medan","GEDUNG URO GEDUNG CITYBANK LT.3,JLN IMAM BONJOL NO 23","prelist","MEDAN MAIMUN","HAMDAN","LINGKUNGAN 10","","","K. Aktivitas Keuangan Dan Asuransi","SBR"],
    ["39586","BINATAMA SENTRAFAJAR ,PT","JL B KATAMSO NO 23 C","prelist","MEDAN MAIMUN","A U R","LINGKUNGAN 8","","","H. Transportasi dan Pergudangan","SBR"],
    ["39588","FORE CASTLE,PT","KOMP MULTATULI BLOK C-24","prelist","MEDAN MAIMUN","A U R","LINGKUNGAN 10","","","H. Transportasi dan Pergudangan","SBR"],
    ["39589","SERASI SHIPPING INDONESIA PT","KOMP MULTATULI BLOK B-31","prelist","MEDAN MAIMUN","A U R","LINGKUNGAN 10","","","H. Transportasi dan Pergudangan","SBR"],
    ["39597","GUDANG ALUMEX","JALAN MESJID RAYA NO 18/20 RT RW","prelist","MEDAN MAIMUN","A U R","LINGKUNGAN 8","","","G. Perdagangan Besar dan Eceran, Reparasi Mobil dan Sepeda Motor","SBR"],
    ["39605","FRANCE BAKERY","JALAN PEMUDA 24C","prelist","MEDAN MAIMUN","A U R","LINGKUNGAN 5","","","G. Perdagangan Besar dan Eceran, Reparasi Mobil dan Sepeda Motor","SBR"],
    ["39779","TEA GARDEN - DENNI ZULFAN","KOMPLEKS MULTATULI BLOK AA NO 1-5","prelist","MEDAN MAIMUN","HAMDAN","LINGKUNGAN 1","","","I. Penyediaan Akomodasi dan Makan Minum","SBR"],
    ["39780","CV CENDRAWASI (BINSAR)","JL BRIGJEN KATAMSO NO 198","prelist","MEDAN MAIMUN","KAMPUNG BARU","LINGKUNGAN 17","","","G. Perdagangan Besar dan Eceran, Reparasi Mobil dan Sepeda Motor","SBR"],
    ["39781","KLINIK PRATAMA ANATA KASIH","JALAN B KATAMSO","prelist","MEDAN MAIMUN","A U R","LINGKUNGAN 8","","","Q. Jasa Kesehatan dan Kegiatan Sosial","SBR"],
    ["39782","IBANK SUMUT","JALAN B KATAMSO","prelist","MEDAN MAIMUN","SUKARAJA","LINGKUNGAN 5","","","K. Aktivitas Keuangan Dan Asuransi","SBR"],
    ["39784","PT KARYA MAS","KOMPLEKS MULTATULI BLOK AA NO 50","prelist","MEDAN MAIMUN","HAMDAN","LINGKUNGAN 7","","","C. Industri Pengolahan","SBR"],
    ["39785","PT AJ ADI SARANA WANA A","JL H MISBAH NO 18","prelist","MEDAN MAIMUN","A U R","LINGKUNGAN 10","","","K. Aktivitas Keuangan Dan Asuransi","SBR"],
    ["39806","INDOMARET","JL MULTATULI 20-21","prelist","MEDAN MAIMUN","HAMDAN","LINGKUNGAN 6","","","G. Perdagangan Besar dan Eceran, Reparasi Mobil dan Sepeda Motor","SBR"],
    ["39813","PT ALFA SCORPII","Jln Brigjend katamso","prelist","MEDAN MAIMUN","KAMPUNG BARU","LINGKUNGAN 15","","","G. Perdagangan Besar dan Eceran, Reparasi Mobil dan Sepeda Motor","SBR"],
    ["39814","SEKOLAH DARUL AMAN","JL B KATAMSO GG DARUL AMAN NO 8A","prelist","MEDAN MAIMUN","KAMPUNG BARU","LINGKUNGAN 20","","","P. Pendidikan","SBR"],
    ["39835","KANTOR NOTARIS (IRMA Y)","JALAN BRIGJEN KATAMSO","prelist","MEDAN MAIMUN","SEI MATI","LINGKUNGAN 5","","","M. Jasa Profesional, Ilmiah, dan Teknis","SBR"],
    ["39836","TRIWAHANA GEMASAKTI PT","JL BRIGJEND KATAMSO NO 34 A","prelist","MEDAN MAIMUN","A U R","LINGKUNGAN 2","","","J. Informasi dan Komunikasi","SBR"],
    ["39837","CV MINI PAM TIRTA MANDIRI IBRAHIM IRSAN","JALAN BRIGJEN KATAMSO","prelist","MEDAN MAIMUN","KAMPUNG BARU","LINGKUNGAN 19","","","M. Jasa Profesional, Ilmiah, dan Teknis","SBR"],
    ["39881","TIKET PESAWAT (JOHNNY)","JL B KATAMSO","prelist","MEDAN MAIMUN","SUKARAJA","LINGKUNGAN 5","","","N. Jasa Persewaan, Ketenagakerjaan, Agen Perjalanan, dan Jasa Pendukung","SBR"],
    ["39972","BAKSO MORO TRESNO","JALAN BRIGJEND KATAMSO","prelist","MEDAN MAIMUN","KAMPUNG BARU","LINGKUNGAN 4","","","I. Penyediaan Akomodasi dan Makan Minum","SBR"],
    ["40066","TOKO SEJATI","JL PALANG MERAH","prelist","MEDAN MAIMUN","A U R","LINGKUNGAN 6","","","G. Perdagangan Besar dan Eceran, Reparasi Mobil dan Sepeda Motor","SBR"],
    ["40126","TOKO ASESORIS SEPEDA MOTOR(KIM HAN)","JL BRIGJEND KATAMSO ND 743 A","prelist","MEDAN MAIMUN","KAMPUNG BARU","LINGKUNGAN 7","","","G. Perdagangan Besar dan Eceran, Reparasi Mobil dan Sepeda Motor","SBR"],
    ["40130","TOKO ROTI WINNER (SUATI)","JL BRIGJEND KATAMSO NO 743 B","prelist","MEDAN MAIMUN","KAMPUNG BARU","LINGKUNGAN 7","","","C. Industri Pengolahan","SBR"],
    ["40190","PT AYU WIJAYA PERKASA","JL PEMUDA BARU 1 NO 7 MEDAN","prelist","MEDAN MAIMUN","A U R","LINGKUNGAN 7","","","G. Perdagangan Besar dan Eceran, Reparasi Mobil dan Sepeda Motor","SBR"],
    ["40192","PT PANIN SEKURITAS TBK","JL PEMUDA NO 16-22 LANTAI 5","prelist","MEDAN MAIMUN","A U R","LINGKUNGAN 7","","","K. Aktivitas Keuangan Dan Asuransi","SBR"],
    ["40195","CIMB NIAGA BANK","JALAN PEMUDA","prelist","MEDAN MAIMUN","A U R","LINGKUNGAN 5","","","K. Aktivitas Keuangan Dan Asuransi","SBR"],
    ["40196","PEGADAIN, PT","JL PEGADAIAN NO112 MEDAN","prelist","MEDAN MAIMUN","A U R","LINGKUNGAN 7","","","K. Aktivitas Keuangan Dan Asuransi","SBR"],
    ["40214","BUMI LAUT SHIPPING PT","JALAN KOLONEL SUGIONO NO 10B","prelist","MEDAN MAIMUN","A U R","LINGKUNGAN 9","","","H. Transportasi dan Pergudangan","SBR"],
    ["40216","KURNIA BANGUNAN","JALAN MANGKUBUMI NO IA","prelist","MEDAN MAIMUN","A U R","LINGKUNGAN 9","","","F. Konstruksi","SBR"],
    ["40218","BANK DANAMON TBK, PT","JL PEMUDA NO 5 A-D MEDAN","prelist","MEDAN MAIMUN","A U R","LINGKUNGAN 7","","","K. Aktivitas Keuangan Dan Asuransi","SBR"],
    ["40219","TOKO KUALI MAS","JALAN PALANG MERAH NO 33","prelist","MEDAN MAIMUN","A U R","LINGKUNGAN 9","","","G. Perdagangan Besar dan Eceran, Reparasi Mobil dan Sepeda Motor","SBR"],
    ["40220","VOLTAMA PT","JALAN MANGKUBUMI NO 6A","prelist","MEDAN MAIMUN","A U R","LINGKUNGAN 5","","","G. Perdagangan Besar dan Eceran, Reparasi Mobil dan Sepeda Motor","SBR"],
    ["40221","MAJU BERSAMA","JALAN MANGKUBUMI 3-5","prelist","MEDAN MAIMUN","A U R","LINGKUNGAN 9","","","G. Perdagangan Besar dan Eceran, Reparasi Mobil dan Sepeda Motor","SBR"],
    ["40255","FRHA TOUR DAN TRAVEL","JLN BRIGJEND KATAMSO NO 140","prelist","MEDAN MAIMUN","SUKARAJA","LINGKUNGAN 6","","","N. Jasa Persewaan, Ketenagakerjaan, Agen Perjalanan, dan Jasa Pendukung","SBR"],
    ["40281","ANJUR NAULI PT","JL. MULTATULI NO 2","prelist","MEDAN MAIMUN","HAMDAN","LINGKUNGAN 10","","","L. Real Estat","SBR"],
    ["40325","MATAHARI ENGINEERING CV","JL SISINGAMANGARAJA KOMPLEK ATC BLOK E NO 26","prelist","MEDAN MAIMUN","SEI MATI","LINGKUNGAN 6","","","H. Transportasi dan Pergudangan","SBR"],
    ["40341","AMPLAS TUNAS MANDIRI UD","JL SISINGAMANGARAJA KOMPLEK ATC BLOK F NO 20","prelist","MEDAN MAIMUN","A U R","LINGKUNGAN 5","","","H. Transportasi dan Pergudangan","SBR"],
    ["40446","CV AMANDABROWNIS(M IKHSAN)","JL B KATAMSO NO 486 E","prelist","MEDAN MAIMUN","KAMPUNG BARU","LINGKUNGAN 17","","","I. Penyediaan Akomodasi dan Makan Minum","SBR"],
    ["40448","PESONA DELI INDAH IRWANSYAH, PT","JALAN BRIGJEN KATAMSO GANG RAKYAT NO 9","prelist","MEDAN MAIMUN","SEI MATI","LINGKUNGAN 4","","","F. Konstruksi","SBR"],
    ["40469","CAFE NONGKRONG","JL SAMANHUDI","prelist","MEDAN MAIMUN","HAMDAN","LINGKUNGAN 6","","","I. Penyediaan Akomodasi dan Makan Minum","SBR"],
    ["40470","WOM FINANCE <DJAJA H>","KOMPLEKS MULTATULI BLOK FF 32- 33","prelist","MEDAN MAIMUN","HAMDAN","LINGKUNGAN 6","","","K. Aktivitas Keuangan Dan Asuransi","SBR"],
    ["40558","LAUTAN BIRU PT","JALAN MANGKU BUMI NO8","prelist","MEDAN MAIMUN","A U R","LINGKUNGAN 5","","","F. Konstruksi","SBR"],
    ["40580","PT AREDOS","JL SUPRAPTO NO 8 QR","prelist","MEDAN MAIMUN","A U R","LINGKUNGAN 4","","","G. Perdagangan Besar dan Eceran, Reparasi Mobil dan Sepeda Motor","SBR"],
    ["40582","DWIDAYATOUR","JALAN BRIGJEND KATAM 50 NO 90192","prelist","MEDAN MAIMUN","A U R","LINGKUNGAN 2","","","N. Jasa Persewaan, Ketenagakerjaan, Agen Perjalanan, dan Jasa Pendukung","SBR"],
    ["40585","AKU BANK ICM","JALAN SUKAMULIA NO 1-2","prelist","MEDAN MAIMUN","A U R","LINGKUNGAN 6","","","P. Pendidikan","SBR"],
    ["40586","ITC FINANCE PT","JALAN KOLONEL SUGIONO NO 90","prelist","MEDAN MAIMUN","A U R","LINGKUNGAN 9","","","K. Aktivitas Keuangan Dan Asuransi","SBR"],
    ["40587","COBER CV","JALAN MANTRI NO 5","prelist","MEDAN MAIMUN","A U R","LINGKUNGAN 3","","","G. Perdagangan Besar dan Eceran, Reparasi Mobil dan Sepeda Motor","SBR"],
    ["40609","TOKO ANEKA PERABOT (TAN CUI ICE)","JL BRIGJEND KATAMSO NO 729/7292/7298","prelist","MEDAN MAIMUN","KAMPUNG BARU","LINGKUNGAN 7","","","G. Perdagangan Besar dan Eceran, Reparasi Mobil dan Sepeda Motor","SBR"],
    ["40635","AGUNG LAISMANA PRIBADI, PT","JL. BRIGJEN. KATAMSO NO. 474","prelist","MEDAN MAIMUN","KAMPUNG BARU","LINGKUNGAN 17","","","F. Konstruksi","SBR"],
    ["40719","BPM HAMIDAH","JLN BRIGJEN KATAMSO GG SAUDARA NO 3","prelist","MEDAN MAIMUN","SEI MATI","LINGKUNGAN 9","","","Q. Jasa Kesehatan dan Kegiatan Sosial","SBR"],
    ["40724","PT SEQUISLIFE","JL BRIGJEN KATAMSO KOMPLEK ISTANA PRIMA 2 NO E 20-21","prelist","MEDAN MAIMUN","SEI MATI","LINGKUNGAN 10","","","K. Aktivitas Keuangan Dan Asuransi","SBR"],
    ["40725","PRIMA BAJA (PHILIP)","JL BRIGJEND KATAMSO","prelist","MEDAN MAIMUN","KAMPUNG BARU","LINGKUNGAN 20","","","G. Perdagangan Besar dan Eceran, Reparasi Mobil dan Sepeda Motor","SBR"],
    ["40727","TOKO HERENA GORDEN (HARTONO)","JL BRIGJEN KATAMSO","prelist","MEDAN MAIMUN","SEI MATI","LINGKUNGAN 10","","","G. Perdagangan Besar dan Eceran, Reparasi Mobil dan Sepeda Motor","SBR"],
    ["40746","BINAREKSA ESTATE PT <RIDHWAN>","JALAN BRIGJEND KATAMSO NO 62 QQ","prelist","MEDAN MAIMUN","A U R","LINGKUNGAN 1","","","L. Real Estat","SBR"],
    ["40749","CENTRAL PRATAMA PROPERTY,PT","KOMP MULTATULI B LOK D- 17","prelist","MEDAN MAIMUN","A U R","LINGKUNGAN 3","","","N. Jasa Persewaan, Ketenagakerjaan, Agen Perjalanan, dan Jasa Pendukung","SBR"],
    ["40775","TK YAPENA 45 (RUSMIATI)","JL B KATAMSO GG JERUK NO 2","prelist","MEDAN MAIMUN","KAMPUNG BARU","LINGKUNGAN 10","","","P. Pendidikan","SBR"],
    ["40779","MDA MUNAWWARAH","JALAN PASAR SENEN NO 9","prelist","MEDAN MAIMUN","KAMPUNG BARU","LINGKUNGAN 4","","","P. Pendidikan","SBR"],
    ["40855","TOKO HENDRA ELEKTRONIK(ACIN)","JLN B KATAMSO","prelist","MEDAN MAIMUN","KAMPUNG BARU","LINGKUNGAN 11","","","G. Perdagangan Besar dan Eceran, Reparasi Mobil dan Sepeda Motor","SBR"],
    ["40858","J&T EXPRESS <SUDARDINATA>","JALAN BRIGJEN KATAMSO NO 490","prelist","MEDAN MAIMUN","SEI MATI","LINGKUNGAN 7","","","H. Transportasi dan Pergudangan","SBR"],
    ["40901","SETIA UTAMA","JALAN BRIGJEND KATAMSO DALAM NO 62 EFG","prelist","MEDAN MAIMUN","A U R","LINGKUNGAN 1","","","S. Aktivitas Jasa Lainnya","SBR"],
    ["40903","SUKMA MEKAR SARI, PT","JL. BRIGJEND. KATAMSO NO. 45 - E","prelist","MEDAN MAIMUN","KAMPUNG BARU","LINGKUNGAN 20","","","F. Konstruksi","SBR"],
    ["40912","MULTI PROMOSI UTAMA, CV","JL MULTATULI NO 95 MEDAN","prelist","MEDAN MAIMUN","HAMDAN","LINGKUNGAN 3","","","F. Konstruksi","SBR"],
    ["41016","STARPEAK QUALITY PT","JL LISTRIK GD SELECTA NO 2 LT 2","prelist","MEDAN MAIMUN","A U R","LINGKUNGAN 6","","","K. Aktivitas Keuangan Dan Asuransi","SBR"],
    ["41038","TAMBAL BAN (AKAM)","JL B KATAMSO.NO 785","prelist","MEDAN MAIMUN","KAMPUNG BARU","LINGKUNGAN 2","","","G. Perdagangan Besar dan Eceran, Reparasi Mobil dan Sepeda Motor","SBR"],
    ["41039","ALFAMART <JOKO>","JALAN IR JUANDA NO 8","prelist","MEDAN MAIMUN","SUKARAJA","LINGKUNGAN 5","","","G. Perdagangan Besar dan Eceran, Reparasi Mobil dan Sepeda Motor","SBR"],
    ["41057","SUPERTECH MAKMUR PERKASA, PT","JL. BRIGJEND.KATAMSO 35 D","prelist","MEDAN MAIMUN","A U R","LINGKUNGAN 8","","","F. Konstruksi","SBR"],
    ["41058","BENGKEL RIDHO RASIDIN PARINDURI","JALAN BRIGJEN KATAMSO GANG PEMUDA NO 4","prelist","MEDAN MAIMUN","SEI MATI","LINGKUNGAN 9","","","C. Industri Pengolahan","SBR"],
    ["41067","TOK O SINAR BARU (NG JEK KHIM)","JL B KATAMSO NO 705 8 MEDAN","prelist","MEDAN MAIMUN","KAMPUNG BARU","LINGKUNGAN 7","","","G. Perdagangan Besar dan Eceran, Reparasi Mobil dan Sepeda Motor","SBR"],
    ["41068","BANK BCA","JL BRIGJEND KATAMSO NO KAMPUNG BARU","prelist","MEDAN MAIMUN","KAMPUNG BARU","LINGKUNGAN 4","","","K. Aktivitas Keuangan Dan Asuransi","SBR"],
    ["41199","MEWAH","JL PANDU 18 LK 1","prelist","MEDAN MAIMUN","A U R","LINGKUNGAN 8","","","Q. Jasa Kesehatan dan Kegiatan Sosial","SBR"],
    ["41283","BNI","JL PEMUDA NO 12","prelist","MEDAN MAIMUN","A U R","LINGKUNGAN 5","","","K. Aktivitas Keuangan Dan Asuransi","SBR"],
    ["41302","POLONIA TRASO","JALAN SUPRAPTO NO 2 F","prelist","MEDAN MAIMUN","A U R","LINGKUNGAN 5","","","G. Perdagangan Besar dan Eceran, Reparasi Mobil dan Sepeda Motor","SBR"],
    ["41334","ALIVA KONSULTAN","JALAN KOLONEL SUGIONO NO 16B","prelist","MEDAN MAIMUN","A U R","LINGKUNGAN 9","","","M. Jasa Profesional, Ilmiah, dan Teknis","SBR"],
    ["41346","EDDY POLTAKS CV","JALAN BRIGJEND KATAMSO NO 43 S","prelist","MEDAN MAIMUN","KAMPUNG BARU","LINGKUNGAN 19","","","H. Transportasi dan Pergudangan","SBR"],
    ["41347","DHARMA MITRA ABADI PT","COMPLEK MULTATULI IND A H BLOK G NO 5","prelist","MEDAN MAIMUN","A U R","LINGKUNGAN 3","","","G. Perdagangan Besar dan Eceran, Reparasi Mobil dan Sepeda Motor","SBR"],
    ["41358","SINAR BARU PT","JL. BRIGJEN KATAMSO NO. 39 CDE","prelist","MEDAN MAIMUN","A U R","LINGKUNGAN 8","","","F. Konstruksi","SBR"],
    ["41367","MAJU MALINDO PT <ADE>","JLN BRIGJEND KATAMSO NO 106","prelist","MEDAN MAIMUN","SUKARAJA","LINGKUNGAN 7","","","K. Aktivitas Keuangan Dan Asuransi","SBR"],
    ["41407","TOKO MAJU JAYA","JL B KATAMSO NO 311 H","prelist","MEDAN MAIMUN","KAMPUNG BARU","LINGKUNGAN 2","","","G. Perdagangan Besar dan Eceran, Reparasi Mobil dan Sepeda Motor","SBR"],
    ["41409","PRAKTEK DOKTER GIGI (MARULI)","JL MULTATULI NO 58 60","prelist","MEDAN MAIMUN","HAMDAN","LINGKUNGAN 5","","","Q. Jasa Kesehatan dan Kegiatan Sosial","SBR"],
    ["41410","TOKO SINAR AGUNG (LIM PENG CHONG)","JL.B KATAMSO NO 753","prelist","MEDAN MAIMUN","KAMPUNG BARU","LINGKUNGAN 7","","","G. Perdagangan Besar dan Eceran, Reparasi Mobil dan Sepeda Motor","SBR"],
    ["41452","LAUNDRY SUKSES (IRWAN)","JALAN TUMAR 55","prelist","MEDAN MAIMUN","A U R","LINGKUNGAN 5","","","S. Aktivitas Jasa Lainnya","SBR"],
    ["41470","SD NEGERI 064980","JALAN PASAR SENEN KAMPUNG BARU","prelist","MEDAN MAIMUN","KAMPUNG BARU","LINGKUNGAN 4","","","P. Pendidikan","SBR"],
    ["41474","GUDANG TRANSIT","JALAN B KATAMSI NO 446","prelist","MEDAN MAIMUN","KAMPUNG BARU","LINGKUNGAN 11","","","H. Transportasi dan Pergudangan","SBR"],
    ["41477","NISA PONSEL NIA PURNAMA","JALAN BRIGJEN KATAMSO NO 367","prelist","MEDAN MAIMUN","SEI MATI","LINGKUNGAN 4","","","J. Informasi dan Komunikasi","SBR"],
    ["41479","SMP SWASTA ALWASHLIYAH","JALAN PASAR SENIN NO 7 KAMPUNG BARU","prelist","MEDAN MAIMUN","KAMPUNG BARU","LINGKUNGAN 4","","","P. Pendidikan","SBR"],
    ["41483","PANDU LOGISTICS","JL BRIGJEN KATAMSO NO 41 B","prelist","MEDAN MAIMUN","A U R","LINGKUNGAN 8","","","H. Transportasi dan Pergudangan","SBR"],
    ["41485","BPR DUTA ADIARTA PT","JL B KATAMSO NO 158","prelist","MEDAN MAIMUN","KAMPUNG BARU","LINGKUNGAN 20","","","K. Aktivitas Keuangan Dan Asuransi","SBR"],
    ["41487","AEROLINE INDONESIA","JL BRIGJEND KATAMSO NO 100","prelist","MEDAN MAIMUN","SUKARAJA","LINGKUNGAN 6","","","P. Pendidikan","SBR"],
    ["41497","LOVELY HOLIDAYS <MARULI>","JL IR H JUANDA NO 55AB","prelist","MEDAN MAIMUN","SUKARAJA","LINGKUNGAN 5","","","N. Jasa Persewaan, Ketenagakerjaan, Agen Perjalanan, dan Jasa Pendukung","SBR"],
    ["41498","CIPTA MANDIRI JAYA SUTI","JALAN BRIGJEN KATAMSO","prelist","MEDAN MAIMUN","SEI MATI","LINGKUNGAN 4","","","G. Perdagangan Besar dan Eceran, Reparasi Mobil dan Sepeda Motor","SBR"],
    ["41500","SALON(DAHLIA)","JLN B KATAMSO GG. LAMPU 1","prelist","MEDAN MAIMUN","KAMPUNG BARU","LINGKUNGAN 16","","","S. Aktivitas Jasa Lainnya","SBR"],
    ["41502","ASURANSI SINAR JIWA PT","JL PALANG MERAH NO 12-A","prelist","MEDAN MAIMUN","A U R","LINGKUNGAN 6","","","K. Aktivitas Keuangan Dan Asuransi","SBR"],
    ["41503","TRI MURTI EXPRESS WISATA","JALAN KOLONEL SUGIONO NO 2B","prelist","MEDAN MAIMUN","A U R","LINGKUNGAN 9","","","N. Jasa Persewaan, Ketenagakerjaan, Agen Perjalanan, dan Jasa Pendukung","SBR"],
    ["41504","NOTARIS YETTY ROSLIAN SEMBIRING","JALAN MANGKUBUMI NO 15","prelist","MEDAN MAIMUN","A U R","LINGKUNGAN 5","","","M. Jasa Profesional, Ilmiah, dan Teknis","SBR"],
    ["41516","KARYA OKTA ENERGY CV","JL B KATAMSO KOMPLEK ISTANA BISNIS CENTER RT RW","prelist","MEDAN MAIMUN","SUKARAJA","LINGKUNGAN 7","","","A. Pertanian, Kehutanan, dan Perikanan","SBR"],
    ["41547","KARIMUN KENCANA AROMATIK PT","JALAN KOLONEL SUGIONO","prelist","MEDAN MAIMUN","A U R","LINGKUNGAN 9","","","H. Transportasi dan Pergudangan","SBR"],
    ["41590","PT ABRAHAM","JL MELUR 14","prelist","MEDAN MAIMUN","HAMDAN","LINGKUNGAN 7","","","F. Konstruksi","SBR"],
    ["41597","KCP CITI BANK MEDAN","JL IMAM BONJOL NO 23","prelist","MEDAN MAIMUN","HAMDAN","LINGKUNGAN 10","","","K. Aktivitas Keuangan Dan Asuransi","SBR"],
    ["41635","SEKOLAH IRAFFLES SCHOOL","JALAN KH AHMAD DAHLAN NO 5","prelist","MEDAN MAIMUN","A U R","LINGKUNGAN 5","","","P. Pendidikan","SBR"],
    ["41716","UD TAKWIM","JL BRIGJEND KATAMSO GG PERWIRA","prelist","MEDAN MAIMUN","SEI MATI","LINGKUNGAN 11","","","C. Industri Pengolahan","SBR"],
    ["41718","SUMBER MEDIKA.CV","KOMP MULTATULI BLOK B 51 52 RT RW 20151","prelist","MEDAN MAIMUN","A U R","LINGKUNGAN 10","","","G. Perdagangan Besar dan Eceran, Reparasi Mobil dan Sepeda Motor","SBR"],
    ["41722","SURYA AGUNG (TOKO KACA)","JALAN BRIGJEN KATAMSO NO 401","prelist","MEDAN MAIMUN","SEI MATI","LINGKUNGAN 5","","","G. Perdagangan Besar dan Eceran, Reparasi Mobil dan Sepeda Motor","SBR"],
    ["41740","SIBAKUM PT","JALAN BRIGJEN KATAMSO BELAKANG NO 46 48","prelist","MEDAN MAIMUN","KAMPUNG BARU","LINGKUNGAN 20","","","D. Pengadaan Listrik, Gas, Uap/Air Panas, dan Udara Dingin","SBR"],
    ["41983","TOKO VIN VIN","CENTRAL PASAR LT 1 BLOK 2 LK 4","prelist","MEDAN MAIMUN","KAMPUNG BARU","LINGKUNGAN 4","","","G. Perdagangan Besar dan Eceran, Reparasi Mobil dan Sepeda Motor","SBR"],
    ["42096","MADRASAH IBTIDAIYAH","JALAN BRIGJEN KATAMSO NO 477","prelist","MEDAN MAIMUN","SEI MATI","LINGKUNGAN 6","","","P. Pendidikan","SBR"],
    ["42107","FAHIRA WATER (RUDI)","JL B KATAMSO G SENTOSA NO 10","prelist","MEDAN MAIMUN","SEI MATI","LINGKUNGAN 12","","","C. Industri Pengolahan","SBR"],
    ["42109","ZHENG BAO DAILY","KOMPLEKS MULTATULI BLOK AA NO 22-23","prelist","MEDAN MAIMUN","HAMDAN","LINGKUNGAN 1","","","J. Informasi dan Komunikasi","SBR"],
    ["42158","COFFEE BOX","LT 4 SUN PLAZA","prelist","MEDAN MAIMUN","A U R","LINGKUNGAN 6","","","I. Penyediaan Akomodasi dan Makan Minum","SBR"],
    ["42174","PEGADAIAN MULTATULI ADHI BAHTERANDA","JALAN IR H DJUANDA NO 71","prelist","MEDAN MAIMUN","J A T I","LINGKUNGAN 1","","","K. Aktivitas Keuangan Dan Asuransi","SBR"],
    ["42211","SURYAMAS REZEKI BERSAMA, PT","H. M. JONI KOMP. PERUM OURI TELADAN BLOK CATELIA NO. 4","prelist","MEDAN MAIMUN","SEI MATI","LINGKUNGAN 7","","","F. Konstruksi","SBR"],
    ["42218","PENGOBATAN WASIR (AHMAD)","JLN B KATAMSO NO 683C","prelist","MEDAN MAIMUN","KAMPUNG BARU","LINGKUNGAN 19","","","Q. Jasa Kesehatan dan Kegiatan Sosial","SBR"],
    ["42265","PT. ASTRA INTERNATIONAL TBK ISUZU","JALAN SM RAJA","prelist","MEDAN MAIMUN","KAMPUNG BARU","LINGKUNGAN 15","","","G. Perdagangan Besar dan Eceran, Reparasi Mobil dan Sepeda Motor","SBR"],
    ["42308","SMA SANTO YOSEPH ( CAWIK)","JL PEMUDA 34","prelist","MEDAN MAIMUN","A U R","LINGKUNGAN 7","","","P. Pendidikan","SBR"],
    ["42346","SEKOLAH SD BHAYANGKARI","JALAN H.MISBAH NO.18A","prelist","MEDAN MAIMUN","J A T I","LINGKUNGAN 1","","","P. Pendidikan","SBR"],
    ["42385","BANK NEGARA INDONESIA PT PERSERO TBK SENTRA KREDIT MENENGAH","JL PEMUDA NO 12","prelist","MEDAN MAIMUN","A U R","LINGKUNGAN 5","","","K. Aktivitas Keuangan Dan Asuransi","SBR"],
    ["42629","Asuransi Jiwa Sinarmas MSIG PT/ Kantor Cabang Medan","JALAN MANGKUBUMI NO 18 WISMA SIMAS LT.4","prelist","MEDAN MAIMUN","A U R","LINGKUNGAN 5","","","K. Aktivitas Keuangan Dan Asuransi","SBR"],
    ["42687","ISTANA HOTEL <YONG KAM WO>","JL. IR. H. JUANDA","prelist","MEDAN MAIMUN","SUKARAJA","LINGKUNGAN 5","","","I. Penyediaan Akomodasi dan Makan Minum","SBR"],
    ["42688","TOKO BATU CINCIN(ZAINAL)","JALAN BRIGJEN KATAMSO GG INDRA NO 04","prelist","MEDAN MAIMUN","KAMPUNG BARU","LINGKUNGAN 20","","","G. Perdagangan Besar dan Eceran, Reparasi Mobil dan Sepeda Motor","SBR"],
    ["42691","SINAR CIPTA KREASI PT (SARDJONO)","JALAN BRIGJEN KATAMSO NO 35","prelist","MEDAN MAIMUN","A U R","LINGKUNGAN 8","","","G. Perdagangan Besar dan Eceran, Reparasi Mobil dan Sepeda Motor","SBR"],
    ["42692","JAYA PRINT","JALAN MANGKUBUMI NO 1 G RT RW 20151","prelist","MEDAN MAIMUN","A U R","LINGKUNGAN 9","","","C. Industri Pengolahan","SBR"],
    ["42696","SINAR","KOMP MULTATULI BLOK A-44/45 RT RW 20151","prelist","MEDAN MAIMUN","A U R","LINGKUNGAN 10","","","A. Pertanian, Kehutanan, dan Perikanan","SBR"],
    ["42697","PMCI I","KOMP MULTATULI BLOK C 1 9-14","prelist","MEDAN MAIMUN","A U R","LINGKUNGAN 10","","","P. Pendidikan","SBR"],
    ["42980","AVROSMART","JL AVROS","prelist","MEDAN MAIMUN","KAMPUNG BARU","LINGKUNGAN 14","","","G. Perdagangan Besar dan Eceran, Reparasi Mobil dan Sepeda Motor","SBR"],
    ["42981","SMK SWASTA ALWASHLIYAH","JALAN PASAR SENEN NO 7 KAMPUNG BARU","prelist","MEDAN MAIMUN","KAMPUNG BARU","LINGKUNGAN 4","","","P. Pendidikan","SBR"],
    ["43110","UNIVERSITAS GLOBAL PRIMA <WILLY TANJAYA DR SH>","JALAN BRIGJEN KATAMSO NO 282-283","prelist","MEDAN MAIMUN","SEI MATI","LINGKUNGAN 1","","","P. Pendidikan","SBR"],
    ["43111","BE HOME FURNITURE","JL B KATAMSO","prelist","MEDAN MAIMUN","SEI MATI","LINGKUNGAN 9","","","G. Perdagangan Besar dan Eceran, Reparasi Mobil dan Sepeda Motor","SBR"],
    ["43114","PAUD (SRI)","JL B KATAMSO","prelist","MEDAN MAIMUN","KAMPUNG BARU","LINGKUNGAN 11","","","P. Pendidikan","SBR"],
    ["43173","PT BANK MAYAPADA INTERNASIONAL TBK","JL PEMUDA NO 15","prelist","MEDAN MAIMUN","A U R","LINGKUNGAN 7","","","K. Aktivitas Keuangan Dan Asuransi","SBR"],
    ["43174","CENTRAL BRASTAGI BUAH","JALAN MANGKUBUMI 13AB","prelist","MEDAN MAIMUN","A U R","LINGKUNGAN 9","","","M. Jasa Profesional, Ilmiah, dan Teknis","SBR"],
    ["43175","PANGKALAN GAS","JALAN BRIGJEND KATAM SO NO 66","prelist","MEDAN MAIMUN","A U R","LINGKUNGAN 1","","","G. Perdagangan Besar dan Eceran, Reparasi Mobil dan Sepeda Motor","SBR"],
    ["43179","BUANA FINANCE TBK PT","JALAN SUKAMULIA 7-8","prelist","MEDAN MAIMUN","A U R","LINGKUNGAN 6","","","K. Aktivitas Keuangan Dan Asuransi","SBR"],
    ["43255","BERJAYA TRAVEL TOUR","JALAN BRIGJEN KATAMSO NO 33BC","prelist","MEDAN MAIMUN","A U R","LINGKUNGAN 8","","","N. Jasa Persewaan, Ketenagakerjaan, Agen Perjalanan, dan Jasa Pendukung","SBR"],
    ["43258","PMH FA","JL KAMPUNG AUR NO 3","prelist","MEDAN MAIMUN","A U R","LINGKUNGAN 4","","","N. Jasa Persewaan, Ketenagakerjaan, Agen Perjalanan, dan Jasa Pendukung","SBR"],
    ["43259","JET STAR TRAVEL","JALAN BRIGJEN KATAMSO NO 29 H","prelist","MEDAN MAIMUN","A U R","LINGKUNGAN 8","","","N. Jasa Persewaan, Ketenagakerjaan, Agen Perjalanan, dan Jasa Pendukung","SBR"],
    ["43267","CENTRAL ASIA RAYA <JULIANI>","KOMPLEKS MULTATULI BLOK BB NO 48","prelist","MEDAN MAIMUN","HAMDAN","LINGKUNGAN 1","","","M. Jasa Profesional, Ilmiah, dan Teknis","SBR"],
    ["43269","PT. WAHANA SORUM","JALAN BRIGJEND KATAMSO NO 410 AB","prelist","MEDAN MAIMUN","SEI MATI","LINGKUNGAN 7","","","G. Perdagangan Besar dan Eceran, Reparasi Mobil dan Sepeda Motor","SBR"],
    ["43270","PENGGALI KUBUR (ERLIANSYAH)","PERKUBURAN JALAN AV RDS","prelist","MEDAN MAIMUN","KAMPUNG BARU","LINGKUNGAN 11","","","S. Aktivitas Jasa Lainnya","SBR"],
    ["43273","IN HOUSE PRINTING","KOMPLEKS MULTATULI BLOK AA NO 10 RT RW","prelist","MEDAN MAIMUN","HAMDAN","LINGKUNGAN 1","","","C. Industri Pengolahan","SBR"],
    ["43275","PT MEDAN MEGA PROPERTY RDT","JL AVROS","prelist","MEDAN MAIMUN","KAMPUNG BARU","LINGKUNGAN 14","","","L. Real Estat","SBR"],
    ["43276","FINSOC PT <FELIX HADI Y>","KOMPLEKS MULTATULI BLOK CC NO 5-6","prelist","MEDAN MAIMUN","HAMDAN","LINGKUNGAN 1","","","K. Aktivitas Keuangan Dan Asuransi","SBR"],
    ["43287","GOJEK (JUNAIDI)","JL BRIGGEN KATAMSO GG SATRIA","prelist","MEDAN MAIMUN","A U R","LINGKUNGAN 4","","","H. Transportasi dan Pergudangan","SBR"],
    ["43292","INDOMARCO PRISMA","JALAN B KATAMSO NO 2420","prelist","MEDAN MAIMUN","KAMPUNG BARU","LINGKUNGAN 11","","","Q. Jasa Kesehatan dan Kegiatan Sosial","SBR"],
    ["43293","PT ASURANSI RAKSA PRATIKARA","KOMPLEKS MULTATULI BLOK BB NO.31","prelist","MEDAN MAIMUN","HAMDAN","LINGKUNGAN 1","","","K. Aktivitas Keuangan Dan Asuransi","SBR"],
    ["43411","APOTEK MULIA JAYA (YAP)","JL B KATAMSO NO 156 B","prelist","MEDAN MAIMUN","KAMPUNG BARU","LINGKUNGAN 11","","","G. Perdagangan Besar dan Eceran, Reparasi Mobil dan Sepeda Motor","SBR"],
    ["43423","ALINA MONA / KONVEKSI CELANA DALAM WANITA","JL. BRIGJEND KATAMSO GG AMIR NO. 761II","prelist","MEDAN MAIMUN","KAMPUNG BARU","LINGKUNGAN 2","","","C. Industri Pengolahan","SBR"],
    ["43424","KANTOR PEMASARAN","MEDAN POLONIA","prelist","MEDAN MAIMUN","J A T I","LINGKUNGAN 1","","","M. Jasa Profesional, Ilmiah, dan Teknis","SBR"],
    ["43438","BUMI ALAM LESTARINDO INDAH, PT","JL. PEMUDA 22 MEDAN","prelist","MEDAN MAIMUN","A U R","LINGKUNGAN 5","","","F. Konstruksi","SBR"],
    ["43442","CV DIANA UTAMA MANDIRI","JLAN BRIGIEN KATAMSO","prelist","MEDAN MAIMUN","SEI MATI","LINGKUNGAN 1","","","F. Konstruksi","SBR"],
    ["43443","CV EGC","JLN B KATAMSO DALAM NO 118","prelist","MEDAN MAIMUN","SUKARAJA","LINGKUNGAN 5","","","J. Informasi dan Komunikasi","SBR"],
    ["43444","ERNI TOUR & TRAVEL","JALAN BRIGJEND KATAMSO NO 43 L","prelist","MEDAN MAIMUN","A U R","LINGKUNGAN 8","","","N. Jasa Persewaan, Ketenagakerjaan, Agen Perjalanan, dan Jasa Pendukung","SBR"],
    ["43445","KANTOR HUKUM (MARTONO SIMANJUNTAK)","JALAN MANGKUBUMI NO 9","prelist","MEDAN MAIMUN","A U R","LINGKUNGAN 9","","","M. Jasa Profesional, Ilmiah, dan Teknis","SBR"],
    ["43446","MULTI MITRA BARUNA PT <LEWIS>","JALAN BRIGJEND KATAMSO DALAM NO 65","prelist","MEDAN MAIMUN","A U R","LINGKUNGAN 1","","","H. Transportasi dan Pergudangan","SBR"],
    ["43447","PAUD AL FITRIAH (MARIANA)","JL PASAR SENEN LEMBAH NO 70","prelist","MEDAN MAIMUN","KAMPUNG BARU","LINGKUNGAN 4","","","P. Pendidikan","SBR"],
    ["43448","MANDIRI MAKMUR PT","JALAN B KATAMS O","prelist","MEDAN MAIMUN","SUKARAJA","LINGKUNGAN 6","","","G. Perdagangan Besar dan Eceran, Reparasi Mobil dan Sepeda Motor","SBR"],
    ["43449","GRADITA KONSULTAN, PT","JL. IR. H. JUANDA NO. B. 17-19","prelist","MEDAN MAIMUN","J A T I","LINGKUNGAN 1","","","M. Jasa Profesional, Ilmiah, dan Teknis","SBR"],
    ["43450","TOKO BESI ELLITE","JALAN WARNI NO 28 28A","prelist","MEDAN MAIMUN","SUKARAJA","LINGKUNGAN 6","","","G. Perdagangan Besar dan Eceran, Reparasi Mobil dan Sepeda Motor","SBR"],
    ["43456","PT HARI HARI UTAMA TRAVEL","JALAN MEDAN MAIMUN","prelist","MEDAN MAIMUN","A U R","LINGKUNGAN 7","","","N. Jasa Persewaan, Ketenagakerjaan, Agen Perjalanan, dan Jasa Pendukung","SBR"],
    ["43457","ALFAMART","JL B KATAMSO NO 22 MEDAN","prelist","MEDAN MAIMUN","SEI MATI","LINGKUNGAN 7","","","G. Perdagangan Besar dan Eceran, Reparasi Mobil dan Sepeda Motor","SBR"],
    ["43458","JIWASRAYA","JALAN PALANG MERAH NO 1","prelist","MEDAN MAIMUN","A U R","LINGKUNGAN 5","","","K. Aktivitas Keuangan Dan Asuransi","SBR"],
    ["43459","ALUMEX CAB (PAIDI)","JALAN MESJID RAYA NO 18/20 RT RW","prelist","MEDAN MAIMUN","A U R","LINGKUNGAN 8","","","G. Perdagangan Besar dan Eceran, Reparasi Mobil dan Sepeda Motor","SBR"],
    ["43464","JET PLANE EXECUTIVE MUSIC ROOM","JALAN IMAM BONJOL NO 17 MEDAN","prelist","MEDAN MAIMUN","HAMDAN","LINGKUNGAN 10","","","R. Kesenian, Hiburan, dan Rekreasi","SBR"],
    ["43465","PT ASURANSI RAMA SATRIA WIBAWA","JL WAJIR NO 7 (LETNAN SUGIONO)","prelist","MEDAN MAIMUN","A U R","LINGKUNGAN 5","","","K. Aktivitas Keuangan Dan Asuransi","SBR"],
    ["43467","RUMAH BOLA","JL B KATAMSO NO 436","prelist","MEDAN MAIMUN","KAMPUNG BARU","LINGKUNGAN 19","","","G. Perdagangan Besar dan Eceran, Reparasi Mobil dan Sepeda Motor","SBR"],
    ["43495","CENTRAL SINGGALANG ASIA, PT","JL. BRIGJEND. KATAMSO NO. 306","prelist","MEDAN MAIMUN","SEI MATI","LINGKUNGAN 9","","","F. Konstruksi","SBR"],
    ["43501","HOLIDAYS TOUR AND TRAVEL <PM MARBUN>","JALAN IR H JUANDA","prelist","MEDAN MAIMUN","J A T I","LINGKUNGAN 1","","","N. Jasa Persewaan, Ketenagakerjaan, Agen Perjalanan, dan Jasa Pendukung","SBR"],
    ["43515","CEMERLANG JAYA PERKASA","JALAN BRIGJEND KATAMSO DALAM NO 64 0","prelist","MEDAN MAIMUN","A U R","LINGKUNGAN 1","","","G. Perdagangan Besar dan Eceran, Reparasi Mobil dan Sepeda Motor","SBR"],
    ["43586","CITY ELECTRONIK (HANDI)","JL B KATAMSO NO 703","prelist","MEDAN MAIMUN","KAMPUNG BARU","LINGKUNGAN 7","","","G. Perdagangan Besar dan Eceran, Reparasi Mobil dan Sepeda Motor","SBR"],
    ["43587","JUAL BELI MKAYU BEKAS","JLAN B KATAMSO GANG SETIA BARU","prelist","MEDAN MAIMUN","KAMPUNG BARU","LINGKUNGAN 19","","","G. Perdagangan Besar dan Eceran, Reparasi Mobil dan Sepeda Motor","SBR"],
    ["43590","CV ROYAL TEKNIK <ROLLY P>","JL B KATAMSO NO 222 D MEDAN","prelist","MEDAN MAIMUN","KAMPUNG BARU","LINGKUNGAN 20","","","S. Aktivitas Jasa Lainnya","SBR"],
    ["43636","PT ASURANSI WAHANA TATA","JLN PEMUDA 9","prelist","MEDAN MAIMUN","A U R","LINGKUNGAN 7","","","K. Aktivitas Keuangan Dan Asuransi","SBR"],
    ["43640","G4S CASH SERVICE PT","KOMP MULTATULI BLOK A-3-5","prelist","MEDAN MAIMUN","A U R","LINGKUNGAN 10","","","H. Transportasi dan Pergudangan","SBR"],
    ["43660","ALFAMO CV <TIKI>","JL PEMUDA","prelist","MEDAN MAIMUN","A U R","LINGKUNGAN 3","","","H. Transportasi dan Pergudangan","SBR"],
    ["43662","GADING MUTIARA","JL DAHLIA NO 23","prelist","MEDAN MAIMUN","HAMDAN","LINGKUNGAN 7","","","G. Perdagangan Besar dan Eceran, Reparasi Mobil dan Sepeda Motor","SBR"],
    ["43678","INDOMARET","JL B KATAMSO","prelist","MEDAN MAIMUN","KAMPUNG BARU","LINGKUNGAN 11","","","G. Perdagangan Besar dan Eceran, Reparasi Mobil dan Sepeda Motor","SBR"],
    ["43688","PT MIKO YOVA","JL.BRIGJEND KATAMSO","prelist","MEDAN MAIMUN","KAMPUNG BARU","LINGKUNGAN 11","","","P. Pendidikan","SBR"],
    ["43698","PENGACARA ROSALINDA","JL IR H JUANDA NO 6 IN","prelist","MEDAN MAIMUN","SUKARAJA","LINGKUNGAN 5","","","M. Jasa Profesional, Ilmiah, dan Teknis","SBR"],
    ["43703","KOPERASI KARYAWAN RISPA","JL BJ KATAMBO NO 51 KAMPUNG BARU","prelist","MEDAN MAIMUN","KAMPUNG BARU","LINGKUNGAN 15","","","K. Aktivitas Keuangan Dan Asuransi","SBR"],
    ["43724","CV MATAHARI ENGINE RING","JALAN BRIGJEN KATAM50 NO 491","prelist","MEDAN MAIMUN","SEI MATI","LINGKUNGAN 6","","","G. Perdagangan Besar dan Eceran, Reparasi Mobil dan Sepeda Motor","SBR"],
    ["43725","THE LAW OFFICE OF HERMANSYAH SH","JLN B KATAMSO NO 106","prelist","MEDAN MAIMUN","A U R","LINGKUNGAN 1","","","M. Jasa Profesional, Ilmiah, dan Teknis","SBR"],
    ["43730","LAURA CONSULTANT CV","JL BRIGJEN KATAMSO","prelist","MEDAN MAIMUN","KAMPUNG BARU","LINGKUNGAN 20","","","F. Konstruksi","SBR"],
    ["43756","UD REZEKI BARU <KHAIRUL NIAM>","JL BRIGJEND KATAMSO","prelist","MEDAN MAIMUN","A U R","LINGKUNGAN 7","","","C. Industri Pengolahan","SBR"],
    ["43787","WIRADOOR","JALAN KOLONEL SUGIONO NO 26H RT RW 20151","prelist","MEDAN MAIMUN","A U R","LINGKUNGAN 9","","","G. Perdagangan Besar dan Eceran, Reparasi Mobil dan Sepeda Motor","SBR"],
    ["43805","RM AYANG","JALAN BRIGJEND KATAMSO","prelist","MEDAN MAIMUN","SEI MATI","LINGKUNGAN 7","","","I. Penyediaan Akomodasi dan Makan Minum","SBR"],
    ["43834","PARKIR (JAMALI)","JL PALANG MERAH","prelist","MEDAN MAIMUN","A U R","LINGKUNGAN 6","","","H. Transportasi dan Pergudangan","SBR"],
    ["43846","BUMI LAUT SENTOSA PERWAKILAN PT","JALAN KOLONEL SUGIONO","prelist","MEDAN MAIMUN","A U R","LINGKUNGAN 5","","","H. Transportasi dan Pergudangan","SBR"],
    ["43869","MURNI JAYA PERCETAKAN","JL. KOL. SUGIONO NO 3","prelist","MEDAN MAIMUN","A U R","LINGKUNGAN 5","","","C. Industri Pengolahan","SBR"],
    ["43875","TOKO PUTRI JAYA JOHAN","JALAN BRIGJEN KATAMSO NO 347","prelist","MEDAN MAIMUN","SEI MATI","LINGKUNGAN 3","","","G. Perdagangan Besar dan Eceran, Reparasi Mobil dan Sepeda Motor","SBR"],
    ["43878","FIRMA HUKUM (LUBIS FAHMI DAN REKAN)","JALAN SM RAJA KM G","prelist","MEDAN MAIMUN","KAMPUNG BARU","LINGKUNGAN 8","","","M. Jasa Profesional, Ilmiah, dan Teknis","SBR"],
    ["43915","DOLLAR ASIA","JL IR H JUANDA NO 56B","prelist","MEDAN MAIMUN","SUKARAJA","LINGKUNGAN 5","","","K. Aktivitas Keuangan Dan Asuransi","SBR"],
    ["43931","PT TOLAN TIGA","JALAN IMAM BONJOL GEDUNG BANK SUMUT","prelist","MEDAN MAIMUN","HAMDAN","LINGKUNGAN 10","","","K. Aktivitas Keuangan Dan Asuransi","SBR"],
    ["44199","SPA DELTA","JL IR H JUANDA NO 3C","prelist","MEDAN MAIMUN","SUKARAJA","LINGKUNGAN 4","","","S. Aktivitas Jasa Lainnya","SBR"],
    ["44215","MEX BERLIAN DIRGANTARA","JL SAKTI LUBIS NO 9A","prelist","MEDAN MAIMUN","KAMPUNG BARU","LINGKUNGAN 8","","","H. Transportasi dan Pergudangan","SBR"],
    ["44219","KANTOR NOTARIS PEJABAT PEMBUAT AKTA TANAH <RATNA>","JALAN BRIGJEN KATAMSO NO 37B","prelist","MEDAN MAIMUN","A U R","LINGKUNGAN 8","","","M. Jasa Profesional, Ilmiah, dan Teknis","SBR"],
    ["44233","PANGAN LESTARI SENTOS A. PT","KOMP MULTATULI BLOK C-3 5","prelist","MEDAN MAIMUN","A U R","LINGKUNGAN 10","","","G. Perdagangan Besar dan Eceran, Reparasi Mobil dan Sepeda Motor","SBR"],
    ["44240","PMI","JALAN PALANG MERAH","prelist","MEDAN MAIMUN","A U R","LINGKUNGAN 5","","","Q. Jasa Kesehatan dan Kegiatan Sosial","SBR"],
    ["44286","PENGACARA BAMBANG","JL IR H JUANDA NO 44","prelist","MEDAN MAIMUN","SUKARAJA","LINGKUNGAN 1","","","M. Jasa Profesional, Ilmiah, dan Teknis","SBR"],
    ["44347","BANK SUMUT SYARIAH (M ANDI)","KOMPLEKS MULTATULI BLOK FF NO 38","prelist","MEDAN MAIMUN","HAMDAN","LINGKUNGAN 1","","","K. Aktivitas Keuangan Dan Asuransi","SBR"],
    ["44385","KEDAI WAJIR","JALAN KOLONEL SUGIONO N0 38","prelist","MEDAN MAIMUN","A U R","LINGKUNGAN 5","","","I. Penyediaan Akomodasi dan Makan Minum","SBR"],
    ["44405","TAKAGAMA TOUR TRAVEL PT","JALAN B KATAMSO NO 45 G","prelist","MEDAN MAIMUN","A U R","LINGKUNGAN 8","","","N. Jasa Persewaan, Ketenagakerjaan, Agen Perjalanan, dan Jasa Pendukung","SBR"],
    ["44408","PANIN BANK, PT","JL. PEMUDA NO. 16-22 MEDAN","prelist","MEDAN MAIMUN","A U R","LINGKUNGAN 5","","","K. Aktivitas Keuangan Dan Asuransi","SBR"],
    ["44409","KIMCHI TABLE","KOMPLEK MULTATULL IND AH BLOK G NO 53.54","prelist","MEDAN MAIMUN","A U R","LINGKUNGAN 10","","","I. Penyediaan Akomodasi dan Makan Minum","SBR"],
    ["44426","ASURANSI BUANA INDEPENDEN","JALAN SUKAMULIA NO 10","prelist","MEDAN MAIMUN","A U R","LINGKUNGAN 6","","","K. Aktivitas Keuangan Dan Asuransi","SBR"],
    ["44610","SIBACIPTA TELEKOMINDO, PT","JALAN BRIGJEN KATAMSO NO 39CDE","prelist","MEDAN MAIMUN","KAMPUNG BARU","LINGKUNGAN 20","","","F. Konstruksi","SBR"],
    ["44612","PANCARANCANG PRATAMA PT","JALAN MESJID RAYA NO 14/24","prelist","MEDAN MAIMUN","A U R","LINGKUNGAN 8","","","M. Jasa Profesional, Ilmiah, dan Teknis","SBR"],
    ["44635","ASIA JAYA","JL PEMUDA NO 4","prelist","MEDAN MAIMUN","A U R","LINGKUNGAN 5","","","G. Perdagangan Besar dan Eceran, Reparasi Mobil dan Sepeda Motor","SBR"],
    ["44636","ARTA BATRINDO PT","KOMPLEK MULTATULI INDAH BLOK E NO 39 - 40","prelist","MEDAN MAIMUN","A U R","LINGKUNGAN 10","","","G. Perdagangan Besar dan Eceran, Reparasi Mobil dan Sepeda Motor","SBR"],
    ["44734","PRAKTEK BIDAN ROMA","JALAN MULTATULI LK 4","prelist","MEDAN MAIMUN","HAMDAN","LINGKUNGAN 6","","","Q. Jasa Kesehatan dan Kegiatan Sosial","SBR"],
    ["44735","MEDAN JAYA","JL B KATAMSO NO 676 KAMPUNG BARU","prelist","MEDAN MAIMUN","KAMPUNG BARU","LINGKUNGAN 4","","","G. Perdagangan Besar dan Eceran, Reparasi Mobil dan Sepeda Motor","SBR"],
    ["44736","MEDAN CONTROL ENGINEERING (MEDCON) CV","JL B KATAMSO KOMPLEK ISTANA BISNIS CENTER","prelist","MEDAN MAIMUN","SUKARAJA","LINGKUNGAN 7","","","F. Konstruksi","SBR"],
    ["44737","TAMAN EDUKASI AVROS","JL AVROS","prelist","MEDAN MAIMUN","KAMPUNG BARU","LINGKUNGAN 14","","","R. Kesenian, Hiburan, dan Rekreasi","SBR"],
    ["44739","DAPOER OLE-OLE (SUSANA)","KOMPLEKS MULTATULI BLOK FF NO 4-5","prelist","MEDAN MAIMUN","A U R","LINGKUNGAN 10","","","C. Industri Pengolahan","SBR"],
    ["44741","DOKTER HEWAN <PUJIONO>","JALAN B KATAMSO","prelist","MEDAN MAIMUN","SEI MATI","LINGKUNGAN 5","","","M. Jasa Profesional, Ilmiah, dan Teknis","SBR"],
    ["44742","PRAKTEK BIDAN EMMY WARNI NST","JALAN BRIGJEN KATAMSO GANG PAHLAWAN NO 12","prelist","MEDAN MAIMUN","SEI MATI","LINGKUNGAN 10","","","Q. Jasa Kesehatan dan Kegiatan Sosial","SBR"],
    ["44798","MADRASAH DARUL AMAN","JL B KATAMSO GG DARUL AMAN NO 10","prelist","MEDAN MAIMUN","KAMPUNG BARU","LINGKUNGAN 20","","","P. Pendidikan","SBR"],
    ["44815","MULTATULI BHAKTI FA","JALAN MANGKUBUMI NO 10A","prelist","MEDAN MAIMUN","A U R","LINGKUNGAN 5","","","H. Transportasi dan Pergudangan","SBR"],
    ["44816","BANGUN ACEH PERSADA PT","JALAN KOLONEL SUGIONO NO 18 C","prelist","MEDAN MAIMUN","A U R","LINGKUNGAN 9","","","F. Konstruksi","SBR"],
    ["44819","CV DIAN","JL BRIGJEN KATAMSO","prelist","MEDAN MAIMUN","A U R","LINGKUNGAN 2","","","F. Konstruksi","SBR"],
    ["44820","PRAKTER DOKTER HARDI CITRA","JALAN KOLONEL SUGIONO NO 24","prelist","MEDAN MAIMUN","A U R","LINGKUNGAN 9","","","Q. Jasa Kesehatan dan Kegiatan Sosial","SBR"],
    ["44821","EVA PRIMA PT","JL PEMUDA","prelist","MEDAN MAIMUN","A U R","LINGKUNGAN 7","","","N. Jasa Persewaan, Ketenagakerjaan, Agen Perjalanan, dan Jasa Pendukung","SBR"],
    ["44822","ADE BUSANA","JL BRIGJEN KATAMSO DEPAN PETRONAS","prelist","MEDAN MAIMUN","SEI MATI","LINGKUNGAN 5","","","C. Industri Pengolahan","SBR"],
    ["44829","BILAL MAYIT","JL BRIGJEND KATAMSO GG MELUR NO 54","prelist","MEDAN MAIMUN","KAMPUNG BARU","LINGKUNGAN 7","","","S. Aktivitas Jasa Lainnya","SBR"],
    ["44832","BANK CIMB NIAGA (LI YUNG)","IR DJUANDA NO 29 A","prelist","MEDAN MAIMUN","J A T I","LINGKUNGAN 1","","","K. Aktivitas Keuangan Dan Asuransi","SBR"],
    ["44833","ANUGRAH CIPTA LAMGANDANA, PT","JL. MULTATULI NO. 26/27-A","prelist","MEDAN MAIMUN","HAMDAN","LINGKUNGAN 6","","","F. Konstruksi","SBR"],
    ["44835","MULTATULI PUTRA JAYA, PT","JL. H. SAMANHUDI NO. 9","prelist","MEDAN MAIMUN","HAMDAN","LINGKUNGAN 6","","","F. Konstruksi","SBR"],
    ["44840","FIRE FLY,BUT","JL PALANG MERAH NO A-17","prelist","MEDAN MAIMUN","A U R","LINGKUNGAN 6","","","N. Jasa Persewaan, Ketenagakerjaan, Agen Perjalanan, dan Jasa Pendukung","SBR"],
    ["44841","KING STAR","JALAN SUPRAPTO NO 2N","prelist","MEDAN MAIMUN","A U R","LINGKUNGAN 5","","","N. Jasa Persewaan, Ketenagakerjaan, Agen Perjalanan, dan Jasa Pendukung","SBR"],
    ["44844","TOKO BAHAGIA (WONG)","JL IR H JUANDA NO 19A","prelist","MEDAN MAIMUN","SUKARAJA","LINGKUNGAN 5","","","G. Perdagangan Besar dan Eceran, Reparasi Mobil dan Sepeda Motor","SBR"],
    ["44845","KANAYA TRANS PROMO (RIO)","JALAN BRIGJEN KATAMSO KOMP P MINI NU 327-S","prelist","MEDAN MAIMUN","SEI MATI","LINGKUNGAN 5","","","N. Jasa Persewaan, Ketenagakerjaan, Agen Perjalanan, dan Jasa Pendukung","SBR"],
    ["44980","PT. GRAND HAWAI","JL B KATAMSO","prelist","MEDAN MAIMUN","A U R","LINGKUNGAN 3","","","N. Jasa Persewaan, Ketenagakerjaan, Agen Perjalanan, dan Jasa Pendukung","SBR"],
    ["44990","JV FURNITURE 1","JL SUPRAPTO NO 3GH","prelist","MEDAN MAIMUN","A U R","LINGKUNGAN 4","","","G. Perdagangan Besar dan Eceran, Reparasi Mobil dan Sepeda Motor","SBR"],
    ["44992","PUTRA LIKA PERKASA, PT","Jl. Kol. Sugiono No.10 D-E-F","prelist","MEDAN MAIMUN","A U R","LINGKUNGAN 9","","","G. Perdagangan Besar dan Eceran, Reparasi Mobil dan Sepeda Motor","SBR"],
    ["45131","PT PERTAMINA RETAIL","Jln Brigjend Katamso no 575","prelist","MEDAN MAIMUN","KAMPUNG BARU","LINGKUNGAN 17","","","G. Perdagangan Besar dan Eceran, Reparasi Mobil dan Sepeda Motor","SBR"],
    ["45157","FERDA PERSADA INDONESIA PT","JALAN SUPRAPTO NO 2 H","prelist","MEDAN MAIMUN","A U R","LINGKUNGAN 5","","","C. Industri Pengolahan","SBR"],
    ["45175","SPBU DJUANDA","Jln.Ir H Djuanda no .65","prelist","MEDAN MAIMUN","J A T I","LINGKUNGAN 1","","","G. Perdagangan Besar dan Eceran, Reparasi Mobil dan Sepeda Motor","SBR"],
    ["45211","BTN","JALAN PEMUDA","prelist","MEDAN MAIMUN","A U R","LINGKUNGAN 5","","","K. Aktivitas Keuangan Dan Asuransi","SBR"],
    ["45212","PALMAC PT","JL PEMUDA BARU","prelist","MEDAN MAIMUN","A U R","LINGKUNGAN 7","","","H. Transportasi dan Pergudangan","SBR"],
    ["45217","YUKI TOUR & TRAVEL PT","JALAN B KATAMSO NO 215","prelist","MEDAN MAIMUN","SUKARAJA","LINGKUNGAN 7","","","N. Jasa Persewaan, Ketenagakerjaan, Agen Perjalanan, dan Jasa Pendukung","SBR"],
    ["45259","BANK YUDHA BAKTI","JL BRIGJEND KATAMSO NO 39 - 39A","prelist","MEDAN MAIMUN","KAMPUNG BARU","LINGKUNGAN 17","","","K. Aktivitas Keuangan Dan Asuransi","SBR"],
    ["45282","PELITA JAYA MANDIRI, PT","JL. BRIGJEND. KATAMSO GG. PAHLAWAN NO. 86B","prelist","MEDAN MAIMUN","SEI MATI","LINGKUNGAN 3","","","F. Konstruksi","SBR"],
    ["45307","SMA SWASTA ALWASHLIYAH","JL PASAR SENEN NO 7 KAMPUNG BARU","prelist","MEDAN MAIMUN","KAMPUNG BARU","LINGKUNGAN 4","","","P. Pendidikan","SBR"],
    ["45309","PRAKTEK DRG (SUWITO)","JL B KATAMSO NO 707","prelist","MEDAN MAIMUN","KAMPUNG BARU","LINGKUNGAN 7","","","Q. Jasa Kesehatan dan Kegiatan Sosial","SBR"],
    ["45338","TRI TUNGGAL PT","KOMP MULTATULI B LOK,D- 5","prelist","MEDAN MAIMUN","A U R","LINGKUNGAN 10","","","N. Jasa Persewaan, Ketenagakerjaan, Agen Perjalanan, dan Jasa Pendukung","SBR"],
    ["45412","GEMILANG JAYA CV","JALAN MANGKUBUMI","prelist","MEDAN MAIMUN","A U R","LINGKUNGAN 9","","","G. Perdagangan Besar dan Eceran, Reparasi Mobil dan Sepeda Motor","SBR"],
    ["45508","YUNAMA RAYA","D L BAH NG I A NO 56 L 4 7","prelist","MEDAN MAIMUN","J A T I","LINGKUNGAN 1","","","S. Aktivitas Jasa Lainnya","SBR"],
    ["45624","SUBIKSA SEMPURNA PT","JL PEMUDA BARU I NO 24","prelist","MEDAN MAIMUN","A U R","LINGKUNGAN 7","","","G. Perdagangan Besar dan Eceran, Reparasi Mobil dan Sepeda Motor","SBR"],
    ["45638","PT DELTA SESAR","JL KOL SUGIONO NO 2","prelist","MEDAN MAIMUN","A U R","LINGKUNGAN 9","","","M. Jasa Profesional, Ilmiah, dan Teknis","SBR"],
    ["45642","METRASCO","JL KOLONEL SUGIONO NO 9","prelist","MEDAN MAIMUN","A U R","LINGKUNGAN 5","","","N. Jasa Persewaan, Ketenagakerjaan, Agen Perjalanan, dan Jasa Pendukung","SBR"],
    ["45775","YAYASAN SULTAN MA MOEN","JALAN BRIGJEND KATAM S0 NO 66","prelist","MEDAN MAIMUN","A U R","LINGKUNGAN 2","","","R. Kesenian, Hiburan, dan Rekreasi","SBR"],
    ["45784","MUSI PROPERTY PT","JL. B KATAMSO","prelist","MEDAN MAIMUN","A U R","LINGKUNGAN 2","","","G. Perdagangan Besar dan Eceran, Reparasi Mobil dan Sepeda Motor","SBR"],
    ["45805","CV KARYA CIPTA BERSAMA","JL PALANG MERAH DALAM NO 34 C MEDAN","prelist","MEDAN MAIMUN","A U R","LINGKUNGAN 9","","","F. Konstruksi","SBR"],
    ["45918","GEROBAK PULSA","JALAN BRIGGEN KATAMSO NO 399","prelist","MEDAN MAIMUN","SEI MATI","LINGKUNGAN 5","","","J. Informasi dan Komunikasi","SBR"],
    ["45919","PT GRAND MECCA TOURS","JALAN BRIGJEN KATAMSO NC 330","prelist","MEDAN MAIMUN","KAMPUNG BARU","LINGKUNGAN 20","","","N. Jasa Persewaan, Ketenagakerjaan, Agen Perjalanan, dan Jasa Pendukung","SBR"],
    ["45932","PRIMA LIGO","KOMPLEKS MULTATULI BLOK 8B NO 24","prelist","MEDAN MAIMUN","HAMDAN","LINGKUNGAN 6","","","S. Aktivitas Jasa Lainnya","SBR"],
    ["45954","SEKOLAH SMP ALFALAH","JL WARNI GG ALFALAH","prelist","MEDAN MAIMUN","SUKARAJA","LINGKUNGAN 5","","","P. Pendidikan","SBR"],
    ["45969","BATAVIA PT","JALAN B KATAMS O NO 56 A","prelist","MEDAN MAIMUN","A U R","LINGKUNGAN 2","","","K. Aktivitas Keuangan Dan Asuransi","SBR"],
    ["46152","MINNA PADI ASET MANAJEMEN, PT","KOMP MULTATULI BLOK D-43/4 4","prelist","MEDAN MAIMUN","A U R","LINGKUNGAN 3","","","K. Aktivitas Keuangan Dan Asuransi","SBR"],
    ["46223","FREIGT LINEN INDONESIA PT <IHNUL>","JALAN B KATAMSO DALAM NO 56 1","prelist","MEDAN MAIMUN","A U R","LINGKUNGAN 3","","","H. Transportasi dan Pergudangan","SBR"],
    ["46224","SD NEGERI 064961","JALAN PASAR SENEN KAMPUNG BARU","prelist","MEDAN MAIMUN","KAMPUNG BARU","LINGKUNGAN 4","","","P. Pendidikan","SBR"],
    ["46226","ALUMEX CAB (RIADI)","JALAN MESJID RAYA NO 16","prelist","MEDAN MAIMUN","A U R","LINGKUNGAN 8","","","G. Perdagangan Besar dan Eceran, Reparasi Mobil dan Sepeda Motor","SBR"],
    ["46241","ACE HARDWARE","JL IR H JUANDA NO 88","prelist","MEDAN MAIMUN","SUKARAJA","LINGKUNGAN 2","","","G. Perdagangan Besar dan Eceran, Reparasi Mobil dan Sepeda Motor","SBR"],
    ["46246","KEDAI KELONTONG HASAN","JALAN BRIGJEN KATAMSO NO 367","prelist","MEDAN MAIMUN","SEI MATI","LINGKUNGAN 4","","","G. Perdagangan Besar dan Eceran, Reparasi Mobil dan Sepeda Motor","SBR"],
    ["46251","JAVA NET <ISKANDAR LIE>","JALAN WARNA NO 36","prelist","MEDAN MAIMUN","SUKARAJA","LINGKUNGAN 6","","","J. Informasi dan Komunikasi","SBR"],
    ["46252","MARGA SARANA PT","JL PEMUDA BARU 5 A MEDAN","prelist","MEDAN MAIMUN","A U R","LINGKUNGAN 7","","","G. Perdagangan Besar dan Eceran, Reparasi Mobil dan Sepeda Motor","SBR"],
    ["46304","OPTIK (EMI)","JALAN BRIGJEN KATAMSO NO 497","prelist","MEDAN MAIMUN","SEI MATI","LINGKUNGAN 6","","","G. Perdagangan Besar dan Eceran, Reparasi Mobil dan Sepeda Motor","SBR"],
    ["46305","LION AIR(RUN WAY TT)","JL IR H JUANDA","prelist","MEDAN MAIMUN","SUKARAJA","LINGKUNGAN 5","","","N. Jasa Persewaan, Ketenagakerjaan, Agen Perjalanan, dan Jasa Pendukung","SBR"],
    ["46306","J & T EXPRESS MAHARANI","JALAN BRIGJEN KATAMSO NO 387","prelist","MEDAN MAIMUN","SEI MATI","LINGKUNGAN 4","","","H. Transportasi dan Pergudangan","SBR"],
    ["46308","PEMBUATAN BATU CINCIN MASRIAL","JALAN BRIGJEN KATAMSO GANG PAHLAWAN","prelist","MEDAN MAIMUN","SEI MATI","LINGKUNGAN 3","","","C. Industri Pengolahan","SBR"],
    ["46311","SIMAS MULTI FINANCE PT","JALAN MANGKUBUMI NO 18","prelist","MEDAN MAIMUN","A U R","LINGKUNGAN 5","","","K. Aktivitas Keuangan Dan Asuransi","SBR"],
    ["46312","INTI PALM SUMATRA PT <HARTONO>","JL B KATAMSO KOMP CENTRIUM NO 89","prelist","MEDAN MAIMUN","A U R","LINGKUNGAN 3","","","G. Perdagangan Besar dan Eceran, Reparasi Mobil dan Sepeda Motor","SBR"],
    ["46317","CHARLY KARAOKE","JL. B KATAMSO KOMP CEN TRIUM NO","prelist","MEDAN MAIMUN","A U R","LINGKUNGAN 3","","","R. Kesenian, Hiburan, dan Rekreasi","SBR"],
    ["46319","RES KARYA PT","JL. PALANG MERAH DALAM","prelist","MEDAN MAIMUN","A U R","LINGKUNGAN 6","","","F. Konstruksi","SBR"],
    ["46327","KAFE AL ZAZIRAH (MARWAN)","JL MULTATULI NO 30 D","prelist","MEDAN MAIMUN","HAMDAN","LINGKUNGAN 5","","","I. Penyediaan Akomodasi dan Makan Minum","SBR"],
    ["46330","MIHIN LANKA","JALAN B KATAMSO NO 45 Q","prelist","MEDAN MAIMUN","SUKARAJA","LINGKUNGAN 7","","","N. Jasa Persewaan, Ketenagakerjaan, Agen Perjalanan, dan Jasa Pendukung","SBR"],
    ["46331","ASURANSI ACLIVE","JL IR H JUANDA NO 36","prelist","MEDAN MAIMUN","SUKARAJA","LINGKUNGAN 1","","","K. Aktivitas Keuangan Dan Asuransi","SBR"],
    ["46333","SURYA LENCANA, PT","JL. BRIGJEND KATAMSO NO. 474 B","prelist","MEDAN MAIMUN","KAMPUNG BARU","LINGKUNGAN 17","","","F. Konstruksi","SBR"],
    ["46349","PANDU PARAMITRA, PT","JL. IR. H. JUANDA NO.1/57","prelist","MEDAN MAIMUN","SUKARAJA","LINGKUNGAN 5","","","F. Konstruksi","SBR"],
    ["46528","COC CV","KOMP MULTATULI BLOK B-8/9","prelist","MEDAN MAIMUN","A U R","LINGKUNGAN 10","","","P. Pendidikan","SBR"],
    ["46531","ASURANSI JIWASRAYA","JL KOLONEL SUGIONO NO 5","prelist","MEDAN MAIMUN","A U R","LINGKUNGAN 5","","","K. Aktivitas Keuangan Dan Asuransi","SBR"],
    ["46534","TOKO SUMBER REZEKI","JL BRIGJEND KATAMSO NO 743","prelist","MEDAN MAIMUN","KAMPUNG BARU","LINGKUNGAN 7","","","G. Perdagangan Besar dan Eceran, Reparasi Mobil dan Sepeda Motor","SBR"],
    ["46543","TK BINA GUNA NURAINI","JALAN BRIGJEN KATAMSO NO 481","prelist","MEDAN MAIMUN","SEI MATI","LINGKUNGAN 5","","","P. Pendidikan","SBR"],
    ["46544","KSO MAJU WAHANA MADUMA","JALAN ANGGREK NO 9","prelist","MEDAN MAIMUN","HAMDAN","LINGKUNGAN 7","","","D. Pengadaan Listrik, Gas, Uap/Air Panas, dan Udara Dingin","SBR"],
    ["46545","PANINDAI ICHI LIFE","JL PALANG MERAH NO A-8/9","prelist","MEDAN MAIMUN","A U R","LINGKUNGAN 6","","","K. Aktivitas Keuangan Dan Asuransi","SBR"],
    ["46548","SEKOLAH TK BHAYANGKARI","JALAN H.MISBAH NO.18A","prelist","MEDAN MAIMUN","J A T I","LINGKUNGAN 1","","","P. Pendidikan","SBR"],
    ["46551","DUTA CERIA TOUR DAN TRAVEL","JALAN BRIGJEND KATAM S O NO 64/ 1","prelist","MEDAN MAIMUN","A U R","LINGKUNGAN 3","","","N. Jasa Persewaan, Ketenagakerjaan, Agen Perjalanan, dan Jasa Pendukung","SBR"],
    ["46556","PATUAN SAYUR MULIA PT","JL. BRIGJEND. KATAMSO NO. 408 C","prelist","MEDAN MAIMUN","SEI MATI","LINGKUNGAN 7","","","F. Konstruksi","SBR"],
    ["46562","PIZZA HUT","JL SUPRAPTO NO 13","prelist","MEDAN MAIMUN","HAMDAN","LINGKUNGAN 6","","","C. Industri Pengolahan","SBR"],
    ["46586","JF & P CONSELLOR AT LAW","JL BRIGINMMMSO KCMPLEK ISTANA PRIMA2 NO 4 -GF","prelist","MEDAN MAIMUN","SEI MATI","LINGKUNGAN 10","","","M. Jasa Profesional, Ilmiah, dan Teknis","SBR"],
    ["46587","PMCI","KOMP MULTATULI BLOK D-21/22","prelist","MEDAN MAIMUN","A U R","LINGKUNGAN 10","","","P. Pendidikan","SBR"],
    ["46588","SEQUIS LIFE","KOMP MULTATULI BLOK B-45/46","prelist","MEDAN MAIMUN","A U R","LINGKUNGAN 10","","","K. Aktivitas Keuangan Dan Asuransi","SBR"],
    ["46589","ALFINKY BINAMITRA SEJAHTERA PT","JL PALANG MERAH NO 1","prelist","MEDAN MAIMUN","A U R","LINGKUNGAN 6","","","L. Real Estat","SBR"],
    ["46839","KANTOR NOTARIS","JL PALANG MERAH","prelist","MEDAN MAIMUN","A U R","LINGKUNGAN 6","","","M. Jasa Profesional, Ilmiah, dan Teknis","SBR"],
    ["46930","MAYESTIK","JALAN B KATAMSO NO 311","prelist","MEDAN MAIMUN","KAMPUNG BARU","LINGKUNGAN 2","","","C. Industri Pengolahan","SBR"],
    ["46938","TOKO MELA MEBEL <SUHARJA LUIS>","JL B KATAMSO NO 719 MEDAN","prelist","MEDAN MAIMUN","KAMPUNG BARU","LINGKUNGAN 7","","","G. Perdagangan Besar dan Eceran, Reparasi Mobil dan Sepeda Motor","SBR"],
    ["46939","T K MUNAWWARAH","JL PASAR SENEN NO 9 KAMPUNG BARU","prelist","MEDAN MAIMUN","KAMPUNG BARU","LINGKUNGAN 4","","","P. Pendidikan","SBR"],
    ["46974","TK SANTO YOSEPH","JL PALANG MERAH NO 3A","prelist","MEDAN MAIMUN","A U R","LINGKUNGAN 7","","","P. Pendidikan","SBR"],
    ["46981","DWI INDO PASIFIC PT","JALAN BRIGJEND KATAMSO NO 41J","prelist","MEDAN MAIMUN","A U R","LINGKUNGAN 8","","","N. Jasa Persewaan, Ketenagakerjaan, Agen Perjalanan, dan Jasa Pendukung","SBR"],
    ["46990","SUKSES AMANAH PLASTIK, PT","KOMPLEK ATC BLOK E NO 3","prelist","MEDAN MAIMUN","HAMDAN","LINGKUNGAN 6","","","H. Transportasi dan Pergudangan","SBR"],
    ["47003","SEKOLAH YAPENA 45 (SD SMP SMA)","JL B. KATAMSO GG KOPI NO 4","prelist","MEDAN MAIMUN","KAMPUNG BARU","LINGKUNGAN 10","","","P. Pendidikan","SBR"],
    ["47004","SATELIT","JALAN PEMUDA 24 A","prelist","MEDAN MAIMUN","A U R","LINGKUNGAN 5","","","G. Perdagangan Besar dan Eceran, Reparasi Mobil dan Sepeda Motor","SBR"],
    ["47134","TOKO SAKBAN","JALAN BRIGJEND KATAMDO","prelist","MEDAN MAIMUN","KAMPUNG BARU","LINGKUNGAN 10","","","G. Perdagangan Besar dan Eceran, Reparasi Mobil dan Sepeda Motor","SBR"],
    ["47155","PTPN IV","JALAN LETJEN SUPRAPTO NO. 2 MEDAN POLONIA RT RW 20151","prelist","MEDAN MAIMUN","HAMDAN","LINGKUNGAN 10","","","C. Industri Pengolahan","SBR"],
    ["47165","HARI BAIK (EFENDI)","JALAN BRIGJEND KATAMSO","prelist","MEDAN MAIMUN","KAMPUNG BARU","LINGKUNGAN 19","","","G. Perdagangan Besar dan Eceran, Reparasi Mobil dan Sepeda Motor","SBR"],
    ["47296","MMC KLINIK <DR SOFIAN W>","KOMPLEKS MULTATULU BLOK BB 56- 57","prelist","MEDAN MAIMUN","HAMDAN","LINGKUNGAN 5","","","Q. Jasa Kesehatan dan Kegiatan Sosial","SBR"],
    ["47298","SD NEGERI 14","GANG PERBATASAN BARU","prelist","MEDAN MAIMUN","KAMPUNG BARU","LINGKUNGAN 21","","","P. Pendidikan","SBR"],
    ["47310","KONVEKSI BORDIR (NUR HAFIZAH)","JLN IR H JUANDA 85","prelist","MEDAN MAIMUN","SUKARAJA","LINGKUNGAN 1","","","C. Industri Pengolahan","SBR"],
    ["47315","SD GLOBAL PRIMA (WILLY TANJAYA DR SH)","JALAN BRIGJEN KATAMSO NO 282-283","prelist","MEDAN MAIMUN","SEI MATI","LINGKUNGAN 1","","","P. Pendidikan","SBR"],
    ["47316","PT.ANNA RT <NADJRI>","JALAN BRIGGEN KATAMSO NO 333","prelist","MEDAN MAIMUN","SEI MATI","LINGKUNGAN 3","","","N. Jasa Persewaan, Ketenagakerjaan, Agen Perjalanan, dan Jasa Pendukung","SBR"],
    ["47317","QISTHI PRESS","JALAN BRIGJEN KATAMSO GANG PEMUDA","prelist","MEDAN MAIMUN","SEI MATI","LINGKUNGAN 4","","","M. Jasa Profesional, Ilmiah, dan Teknis","SBR"],
    ["47318","PT HARIAN CENTRAL MEDIA","JALAN BRIGJEN KATAMSO NO","prelist","MEDAN MAIMUN","SEI MATI","LINGKUNGAN 4","","","J. Informasi dan Komunikasi","SBR"],
    ["47323","SUN MOTOR SUDARTO","JALAN BRIGJEN KATAMSO NOP 391","prelist","MEDAN MAIMUN","KAMPUNG BARU","LINGKUNGAN 12","","","G. Perdagangan Besar dan Eceran, Reparasi Mobil dan Sepeda Motor","SBR"],
    ["47467","MESTIKA KARUNIA UTAMA PT","JALAN KOLONEL SUGIONO NO 36","prelist","MEDAN MAIMUN","A U R","LINGKUNGAN 5","","","M. Jasa Profesional, Ilmiah, dan Teknis","SBR"],
    ["47559","TX TRAVEL","JLN BRIGJEND KATAMSO NO 124","prelist","MEDAN MAIMUN","SUKARAJA","LINGKUNGAN 6","","","N. Jasa Persewaan, Ketenagakerjaan, Agen Perjalanan, dan Jasa Pendukung","SBR"],
    ["47585","HASRAT CIPTA PT","JL SAMANHUDI NO 15 MEDAN RT RW 20151","prelist","MEDAN MAIMUN","HAMDAN","LINGKUNGAN 5","","","C. Industri Pengolahan","SBR"],
    ["47586","CIPTA NUANSA NAULI PT <SOLAHUDDIN>","JL MULTATULI NO 56","prelist","MEDAN MAIMUN","HAMDAN","LINGKUNGAN 5","","","N. Jasa Persewaan, Ketenagakerjaan, Agen Perjalanan, dan Jasa Pendukung","SBR"],
    ["47587","MADJIN PT","JL SAMANHUDI NO 7 RT 1 RW 6 20151","prelist","MEDAN MAIMUN","HAMDAN","LINGKUNGAN 6","","","C. Industri Pengolahan","SBR"],
    ["47588","PT DUNIA JAYA VALAS","KOMPLEKS MULTATULI BLOK BB NO 4 9","prelist","MEDAN MAIMUN","HAMDAN","LINGKUNGAN 1","","","K. Aktivitas Keuangan Dan Asuransi","SBR"],
    ["47590","KD BORDIR (ABD MUNIR)","JL BRIGJEND KATAMSO","prelist","MEDAN MAIMUN","SEI MATI","LINGKUNGAN 5","","","S. Aktivitas Jasa Lainnya","SBR"],
    ["47595","THE PRIME (SUWANDI)","KOMPLEKS MULTATULI BLOK CC NO 24","prelist","MEDAN MAIMUN","HAMDAN","LINGKUNGAN 6","","","J. Informasi dan Komunikasi","SBR"],
    ["47615","KANTOR POS INDONESIA","JALAN SUDIRMAN BUNDARAN IMAM BONJOL","prelist","MEDAN MAIMUN","J A T I","LINGKUNGAN 1","","","H. Transportasi dan Pergudangan","SBR"],
    ["47646","UNZA VITALIS PT(ALI)","JALAN BRIGJEND KATAMSO DALAM N0 77/62 00","prelist","MEDAN MAIMUN","A U R","LINGKUNGAN 1","","","G. Perdagangan Besar dan Eceran, Reparasi Mobil dan Sepeda Motor","SBR"],
    ["47647","TOKO OBAT AGUNG (LIE TD)","JL B KATAMSO NO 156 A","prelist","MEDAN MAIMUN","KAMPUNG BARU","LINGKUNGAN 11","","","G. Perdagangan Besar dan Eceran, Reparasi Mobil dan Sepeda Motor","SBR"],
    ["47650","PT INNI HAPPY DREAM","JL B KATAMSO NO5/665","prelist","MEDAN MAIMUN","KAMPUNG BARU","LINGKUNGAN 8","","","Q. Jasa Kesehatan dan Kegiatan Sosial","SBR"],
    ["47651","SUMBER ALFARIA TRIJAYA, PT","JL IR H JUANDA NO 38","prelist","MEDAN MAIMUN","SUKARAJA","LINGKUNGAN 1","","","G. Perdagangan Besar dan Eceran, Reparasi Mobil dan Sepeda Motor","SBR"],
    ["47653","TOKO ANGKASA JAYA (IRWAN)","JL BRIGGEND KATAMSO NO 739","prelist","MEDAN MAIMUN","KAMPUNG BARU","LINGKUNGAN 7","","","G. Perdagangan Besar dan Eceran, Reparasi Mobil dan Sepeda Motor","SBR"],
    ["47655","PT SUPRA RAGA <ANTON>","JLN B KATAMSO NO 110","prelist","MEDAN MAIMUN","KAMPUNG BARU","LINGKUNGAN 17","","","H. Transportasi dan Pergudangan","SBR"],
    ["47657","PT SUKA JAYA SINDO","JL BRIGJEM KATAMSO KOMPLEK ISTANA PRIMA 2 NO 2 B","prelist","MEDAN MAIMUN","SEI MATI","LINGKUNGAN 9","","","K. Aktivitas Keuangan Dan Asuransi","SBR"],
    ["47659","PT TIKI","JALAN BRIGIEND KATAMSO NO 40IC","prelist","MEDAN MAIMUN","SEI MATI","LINGKUNGAN 12","","","H. Transportasi dan Pergudangan","SBR"],
    ["47660","KOPERASI ASPERINDO (EKA)","JL BRIGJEN KATAMSO NO 288A","prelist","MEDAN MAIMUN","SEI MATI","LINGKUNGAN 1","","","S. Aktivitas Jasa Lainnya","SBR"],
    ["47674","DOKTER GIGI","JL LETJEN SUPRAPTO NO 3D","prelist","MEDAN MAIMUN","A U R","LINGKUNGAN 4","","","Q. Jasa Kesehatan dan Kegiatan Sosial","SBR"],
    ["47675","CV BEAJO KESUMA LESTA RI (EKSPEDISI)","JL B KATAMSO NO. 50 C","prelist","MEDAN MAIMUN","A U R","LINGKUNGAN 3","","","H. Transportasi dan Pergudangan","SBR"],
    ["47677","PT. INDOMARCO PRISMATA MA","JL. B. KATAMSO NO. 58 AB","prelist","MEDAN MAIMUN","A U R","LINGKUNGAN 2","","","G. Perdagangan Besar dan Eceran, Reparasi Mobil dan Sepeda Motor","SBR"],
    ["47889","KOPI LOKAL","JL B KATAMSO KOMP CEN ITRIUM NO 79","prelist","MEDAN MAIMUN","A U R","LINGKUNGAN 3","","","I. Penyediaan Akomodasi dan Makan Minum","SBR"],
    ["47891","PM CONTRACTOR PT","JALAN MANTRI NO 3","prelist","MEDAN MAIMUN","A U R","LINGKUNGAN 3","","","F. Konstruksi","SBR"],
    ["47903","TOKO 118 AQUARIUM (WONG KOK BUN)","JL BRIGJEND KATAMSO NO 721/118","prelist","MEDAN MAIMUN","KAMPUNG BARU","LINGKUNGAN 7","","","G. Perdagangan Besar dan Eceran, Reparasi Mobil dan Sepeda Motor","SBR"],
    ["47904","UNIVERSAL SHIPPING INDONESIA PT","JL B KATAMSO KOMPEK ISTANA BISNIS CENTER NO 12","prelist","MEDAN MAIMUN","SUKARAJA","LINGKUNGAN 7","","","H. Transportasi dan Pergudangan","SBR"],
    ["47906","PT TRINITY INTERLINK","JL AVROS","prelist","MEDAN MAIMUN","KAMPUNG BARU","LINGKUNGAN 14","","","S. Aktivitas Jasa Lainnya","SBR"],
    ["47907","DELTA MEDIA GRAFIKA","JALAN MANGKUBUMI 1 H1","prelist","MEDAN MAIMUN","A U R","LINGKUNGAN 9","","","C. Industri Pengolahan","SBR"],
    ["47908","PALMAS","JALAN BRIGJEN KATAMSO NO 419","prelist","MEDAN MAIMUN","SEI MATI","LINGKUNGAN 5","","","G. Perdagangan Besar dan Eceran, Reparasi Mobil dan Sepeda Motor","SBR"],
    ["47919","SURYA SHOP","JL B KATAMSO NO 17","prelist","MEDAN MAIMUN","KAMPUNG BARU","LINGKUNGAN 8","","","G. Perdagangan Besar dan Eceran, Reparasi Mobil dan Sepeda Motor","SBR"],
    ["47920","KANTOR PEMASARAN SIBAYAK","JALAN SAMAN HUDI","prelist","MEDAN MAIMUN","J A T I","LINGKUNGAN 3","","","I. Penyediaan Akomodasi dan Makan Minum","SBR"],
    ["47922","BERJAYA TRAVEL CABANG (MERRY)","JALAN BRIGJEN KATAMSO NO 33G","prelist","MEDAN MAIMUN","A U R","LINGKUNGAN 8","","","N. Jasa Persewaan, Ketenagakerjaan, Agen Perjalanan, dan Jasa Pendukung","SBR"],
    ["47931","GLOBAL AGRO PERKASA PT ( ZULKARNAIN )","JALAN BRIGJEND KATAMSO DALAM NO 64 N RT RW 20151","prelist","MEDAN MAIMUN","A U R","LINGKUNGAN 1","","","C. Industri Pengolahan","SBR"],
    ["47940","PRIORITAS TETAP MAKMUR, PT","JL PALANG MERAH NO 13/14","prelist","MEDAN MAIMUN","A U R","LINGKUNGAN 6","","","K. Aktivitas Keuangan Dan Asuransi","SBR"],
    ["48002","MIKO YOVA PT","JL. BRIGJEND KATAMSO NO. 200-T/ 8-BB","prelist","MEDAN MAIMUN","KAMPUNG BARU","LINGKUNGAN 20","","","F. Konstruksi","SBR"],
    ["48064","RM PADANG KOTA","JL KOLONEL SUGIONO NO 5","prelist","MEDAN MAIMUN","A U R","LINGKUNGAN 5","","","I. Penyediaan Akomodasi dan Makan Minum","SBR"],
    ["48066","TOKO BAHAN KUE (ACAI JAYA)","BRIGJEND KATAMSO NO 72","prelist","MEDAN MAIMUN","A U R","LINGKUNGAN 1","","","G. Perdagangan Besar dan Eceran, Reparasi Mobil dan Sepeda Motor","SBR"],
    ["48068","SURYA BARU","JALAN PALANG MERAH 31","prelist","MEDAN MAIMUN","A U R","LINGKUNGAN 9","","","Q. Jasa Kesehatan dan Kegiatan Sosial","SBR"],
    ["48070","BANK MEGA TBK KCP MEDAN KATAMSO PT","KOMP GRAND KATAMSO JL BRIGJEN KATAMSO","prelist","MEDAN MAIMUN","A U R","LINGKUNGAN 8","","","K. Aktivitas Keuangan Dan Asuransi","SBR"],
    ["48075","HOTEL DELTA","JL IR H JUANDA NO 3","prelist","MEDAN MAIMUN","SUKARAJA","LINGKUNGAN 4","","","I. Penyediaan Akomodasi dan Makan Minum","SBR"],
    ["48085","PENERBITAN WASPADA, PT","JL. LETJEN SUPRAPTO NO 1 MEDAN","prelist","MEDAN MAIMUN","A U R","LINGKUNGAN 4","","","C. Industri Pengolahan","SBR"],
    ["48086","VICTOR LEARNING","KOMP MULTATULI BLOK D-54","prelist","MEDAN MAIMUN","A U R","LINGKUNGAN 10","","","P. Pendidikan","SBR"],
    ["48092","BESS CENTRAL INSURANCE PT <ELLY>","JALAN B KATAMSO KOMP ICENTRIUM NO 18","prelist","MEDAN MAIMUN","A U R","LINGKUNGAN 3","","","K. Aktivitas Keuangan Dan Asuransi","SBR"],
    ["48106","PERCETAKAN HERNAS UD","JALAN MAHKAMAH 54D/54E RT RW 20213","prelist","MEDAN MAIMUN","A U R","LINGKUNGAN 8","","","C. Industri Pengolahan","SBR"],
    ["48110","DE VOGUES","KOMPLEKS MULTATULI BLOK BO NO 28","prelist","MEDAN MAIMUN","A U R","LINGKUNGAN 10","","","G. Perdagangan Besar dan Eceran, Reparasi Mobil dan Sepeda Motor","SBR"],
    ["48114","TRI EMBUN SURYA MATIO, PT","JL. H. SAMANHUDI NO. 9C","prelist","MEDAN MAIMUN","HAMDAN","LINGKUNGAN 6","","","F. Konstruksi","SBR"],
    ["48128","PT BONAPARTE PRATAMA SUPPLINDO (YAHYA)","JALAN BRIGJEN KATAMSO NO 295-B","prelist","MEDAN MAIMUN","SEI MATI","LINGKUNGAN 1","","","H. Transportasi dan Pergudangan","SBR"],
    ["48131","ISTANA VALAS PT","JL IR H JUANDA NO 52 C","prelist","MEDAN MAIMUN","SUKARAJA","LINGKUNGAN 1","","","K. Aktivitas Keuangan Dan Asuransi","SBR"],
    ["48132","SURYA INDONESIA BARU","JALAN DAHLIA NO 7","prelist","MEDAN MAIMUN","HAMDAN","LINGKUNGAN 7","","","F. Konstruksi","SBR"],
    ["48139","PRAKTEK DOKTER (FRANSISCUS)","JL MULTATULI LK.3 NO.87","prelist","MEDAN MAIMUN","HAMDAN","LINGKUNGAN 6","","","Q. Jasa Kesehatan dan Kegiatan Sosial","SBR"],
    ["48156","OPTIK MEMORI(IRIANTO)","JL BRIGJEND KATAMSO NO 727A","prelist","MEDAN MAIMUN","KAMPUNG BARU","LINGKUNGAN 7","","","G. Perdagangan Besar dan Eceran, Reparasi Mobil dan Sepeda Motor","SBR"],
    ["48166","PT GANDA RIMA SARI","JL. PALANG MERAH DALAM NO. 34 C","prelist","MEDAN MAIMUN","A U R","LINGKUNGAN 6","","","F. Konstruksi","SBR"],
    ["48200","JUAL DURIAN <INDRA SUCIPTO>","JL B KATAMSO GG JAWA","prelist","MEDAN MAIMUN","A U R","LINGKUNGAN 4","","","G. Perdagangan Besar dan Eceran, Reparasi Mobil dan Sepeda Motor","SBR"],
    ["48224","VENATO <EDI>","JLN B KATAMSO 11 C","prelist","MEDAN MAIMUN","KAMPUNG BARU","LINGKUNGAN 19","","","G. Perdagangan Besar dan Eceran, Reparasi Mobil dan Sepeda Motor","SBR"],
    ["48228","ANDALAN PUTRA EXPRESS PT","JALAN BRIEJEND KATAMSO NO 43 S","prelist","MEDAN MAIMUN","A U R","LINGKUNGAN 3","","","H. Transportasi dan Pergudangan","SBR"],
    ["48229","ET 45","JALAN MANGKUBUMI NO 12 A","prelist","MEDAN MAIMUN","A U R","LINGKUNGAN 9","","","G. Perdagangan Besar dan Eceran, Reparasi Mobil dan Sepeda Motor","SBR"],
    ["48242","PENGACARA SARBUAN HARAHAP","JL IR JUANDA NO 34","prelist","MEDAN MAIMUN","SUKARAJA","LINGKUNGAN 5","","","M. Jasa Profesional, Ilmiah, dan Teknis","SBR"],
    ["48245","BERCA SCHINDLER LIFTS PT","JL BRIGJEN KATAMSO KOMPLEK ISTANA PRIMA 2 NO D 4","prelist","MEDAN MAIMUN","SEI MATI","LINGKUNGAN 10","","","F. Konstruksi","SBR"],
    ["48246","UD PAN ELEKTRONIK","JL BRIGJEN KATAMSO GG BARISAN NO 9","prelist","MEDAN MAIMUN","SEI MATI","LINGKUNGAN 9","","","S. Aktivitas Jasa Lainnya","SBR"],
    ["48247","BANK MAYAPADA","JL BRIGJEND KATAMSO No 311 G","prelist","MEDAN MAIMUN","KAMPUNG BARU","LINGKUNGAN 2","","","K. Aktivitas Keuangan Dan Asuransi","SBR"],
    ["48307","MY BANK","JL PALANG MERAH","prelist","MEDAN MAIMUN","A U R","LINGKUNGAN 9","","","K. Aktivitas Keuangan Dan Asuransi","SBR"],
    ["48320","SD SWASTA ALWASHLIYAH","JALAN PASAR SENEN NO 7 KAMPUNG BARU","prelist","MEDAN MAIMUN","KAMPUNG BARU","LINGKUNGAN 4","","","P. Pendidikan","SBR"],
    ["48321","TOKO SERBU CITRA (PENRI)","JALAN B KATAMSO NO 735","prelist","MEDAN MAIMUN","KAMPUNG BARU","LINGKUNGAN 2","","","G. Perdagangan Besar dan Eceran, Reparasi Mobil dan Sepeda Motor","SBR"],
    ["48326","PT BFI FINANC EINDONESIA TBK","JL IR JUANDA NO 23","prelist","MEDAN MAIMUN","J A T I","LINGKUNGAN 1","","","K. Aktivitas Keuangan Dan Asuransi","SBR"],
    ["48344","OUTSOURCING CS <DIAN>","JLN. B KATAMSO GG. LAMPU 1","prelist","MEDAN MAIMUN","KAMPUNG BARU","LINGKUNGAN 16","","","S. Aktivitas Jasa Lainnya","SBR"],
    ["48364","MAYBANK","JALAN B KATAMSO","prelist","MEDAN MAIMUN","KAMPUNG BARU","LINGKUNGAN 15","","","K. Aktivitas Keuangan Dan Asuransi","SBR"],
    ["48554","PEGADAIAN","JL B KATAMSO","prelist","MEDAN MAIMUN","SEI MATI","LINGKUNGAN 9","","","K. Aktivitas Keuangan Dan Asuransi","SBR"],
    ["48555","PACTO TOUR AND TRAVEL METTO MUHAMMAD AMD PAR","JALAN BRIGJEN KATAMSO NO 365","prelist","MEDAN MAIMUN","SEI MATI","LINGKUNGAN 4","","","N. Jasa Persewaan, Ketenagakerjaan, Agen Perjalanan, dan Jasa Pendukung","SBR"],
    ["49038","DOKTER GIGI","JALAN BRIGJEN KARAMSO","prelist","MEDAN MAIMUN","A U R","LINGKUNGAN 3","","","Q. Jasa Kesehatan dan Kegiatan Sosial","SBR"],
    ["49061","LOKET PEMBAYARAN LISTRIK","LK 10","prelist","MEDAN MAIMUN","SEI MATI","LINGKUNGAN 9","","","J. Informasi dan Komunikasi","SBR"],
    ["49069","EKA JAYA MOTOR","JL BRIGJEN KATAMSO","prelist","MEDAN MAIMUN","KAMPUNG BARU","LINGKUNGAN 12","","","G. Perdagangan Besar dan Eceran, Reparasi Mobil dan Sepeda Motor","SBR"],
    ["49100","PANGLONG JATI MAS (WIWIN)","JLN B KATAMSO NO 11H","prelist","MEDAN MAIMUN","KAMPUNG BARU","LINGKUNGAN 19","","","G. Perdagangan Besar dan Eceran, Reparasi Mobil dan Sepeda Motor","SBR"],
    ["49168","PT BANK PERMATA TBK","JL B KATAMSO NO 713 MEDAN","prelist","MEDAN MAIMUN","KAMPUNG BARU","LINGKUNGAN 7","","","K. Aktivitas Keuangan Dan Asuransi","SBR"],
    ["49186","INDO NUSANTARA RAYA PT","JL SAMANHUDI NO 1 B RT 1 RW 6 20151","prelist","MEDAN MAIMUN","HAMDAN","LINGKUNGAN 6","","","G. Perdagangan Besar dan Eceran, Reparasi Mobil dan Sepeda Motor","SBR"],
    ["49188","BISNIS INDONESIA","JALAN B KATAMSO NO 6","prelist","MEDAN MAIMUN","SUKARAJA","LINGKUNGAN 7","","","J. Informasi dan Komunikasi","SBR"],
    ["49198","PT FASTFOOD INDONESIA KENTUCY FRIED CHICKEN <KFC>","JALAN BRIGJEN KATAMSO LK KP BARU","prelist","MEDAN MAIMUN","KAMPUNG BARU","LINGKUNGAN 2","","","I. Penyediaan Akomodasi dan Makan Minum","SBR"],
    ["49213","JASA SURVEY","JL B KATAMSO KOMPLEK ISTANA BISNIS CENTER 40","prelist","MEDAN MAIMUN","SUKARAJA","LINGKUNGAN 7","","","S. Aktivitas Jasa Lainnya","SBR"],
    ["49215","SEQUIS LIFE","J L PALANG MERAH NO A-3","prelist","MEDAN MAIMUN","A U R","LINGKUNGAN 9","","","K. Aktivitas Keuangan Dan Asuransi","SBR"],
    ["49216","TOURS TRAVEL<YOGI>","JALAN JUANDA NO 55 A","prelist","MEDAN MAIMUN","SUKARAJA","LINGKUNGAN 5","","","N. Jasa Persewaan, Ketenagakerjaan, Agen Perjalanan, dan Jasa Pendukung","SBR"],
    ["49223","BANK BRI (HOTLER)","JALAN BRIGJEN KATAMSO","prelist","MEDAN MAIMUN","KAMPUNG BARU","LINGKUNGAN 7","","","K. Aktivitas Keuangan Dan Asuransi","SBR"],
    ["49257","LAW OFFICE DANIALSYAH SH MH","JALAN PEMUDA NO 18","prelist","MEDAN MAIMUN","A U R","LINGKUNGAN 5","","","M. Jasa Profesional, Ilmiah, dan Teknis","SBR"],
    ["49284","FANTASY HOLIDAYS PT <ERWIN>","JL BRIGJEN KATAMSO 70 C 106","prelist","MEDAN MAIMUN","KAMPUNG BARU","LINGKUNGAN 17","","","N. Jasa Persewaan, Ketenagakerjaan, Agen Perjalanan, dan Jasa Pendukung","SBR"],
    ["49292","NAOMI PT","JL IR H JUANDA NO 36","prelist","MEDAN MAIMUN","SUKARAJA","LINGKUNGAN 1","","","N. Jasa Persewaan, Ketenagakerjaan, Agen Perjalanan, dan Jasa Pendukung","SBR"],
    ["49343","TOKO SWALAYAN <AWI>","JL. KATAMSO 166","prelist","MEDAN MAIMUN","KAMPUNG BARU","LINGKUNGAN 20","","","G. Perdagangan Besar dan Eceran, Reparasi Mobil dan Sepeda Motor","SBR"],
    ["49439","LION AIR MENTARI","JALAN BRIGJEN KATAMSO NO 809","prelist","MEDAN MAIMUN","KAMPUNG BARU","LINGKUNGAN 2","","","N. Jasa Persewaan, Ketenagakerjaan, Agen Perjalanan, dan Jasa Pendukung","SBR"],
    ["49518","PANCA ANUGRAH LESTARI PT","KOMP MULTATULI BLOK A-27","prelist","MEDAN MAIMUN","A U R","LINGKUNGAN 10","","","G. Perdagangan Besar dan Eceran, Reparasi Mobil dan Sepeda Motor","SBR"],
    ["49549","PULUHAN SERUWAI,PT","KOMP MULTATULI BLOK C-33","prelist","MEDAN MAIMUN","A U R","LINGKUNGAN 10","","","G. Perdagangan Besar dan Eceran, Reparasi Mobil dan Sepeda Motor","SBR"],
    ["49695","MEDAN VILLE HOTEL","KOMPLEKS MULTATULI BLOK BB NO 1-4","prelist","MEDAN MAIMUN","HAMDAN","LINGKUNGAN 1","","","I. Penyediaan Akomodasi dan Makan Minum","SBR"],
    ["49701","PRAKTEK PATOLOGI","JL BRIEJEN KATAMSO KOMPLEK ISTANA PRIMA 20NO D 18","prelist","MEDAN MAIMUN","SEI MATI","LINGKUNGAN 9","","","Q. Jasa Kesehatan dan Kegiatan Sosial","SBR"],
    ["49706","TOKO BUKU AGAMA RAYA","JALAN BRIGJEN KATAMSO NO 371","prelist","MEDAN MAIMUN","SEI MATI","LINGKUNGAN 4","","","G. Perdagangan Besar dan Eceran, Reparasi Mobil dan Sepeda Motor","SBR"],
    ["49715","PRIMA DINA LESTARI PT (KENDI)","JALAN BRIGJEND KATAMSO DALAM NO 62 QR/22","prelist","MEDAN MAIMUN","A U R","LINGKUNGAN 1","","","G. Perdagangan Besar dan Eceran, Reparasi Mobil dan Sepeda Motor","SBR"],
    ["49718","CENTRAL CAPITAL FUTURES PT","JL PALANG MERAH NO 1","prelist","MEDAN MAIMUN","A U R","LINGKUNGAN 6","","","K. Aktivitas Keuangan Dan Asuransi","SBR"],
    ["49719","BANK SINAR MAS","JALAN MANGKUBUMI NO 18","prelist","MEDAN MAIMUN","A U R","LINGKUNGAN 5","","","K. Aktivitas Keuangan Dan Asuransi","SBR"],
    ["49721","KINERJA PT","JL MULTATULI NO 8A","prelist","MEDAN MAIMUN","HAMDAN","LINGKUNGAN 6","","","J. Informasi dan Komunikasi","SBR"],
    ["49729","BANK SUMUT (TONI)","JL B KATAMSO","prelist","MEDAN MAIMUN","KAMPUNG BARU","LINGKUNGAN 11","","","K. Aktivitas Keuangan Dan Asuransi","SBR"],
    ["50001","JUAL PULSA <ELVI SUKESIH>","JL. BAAGIA GG. WARNA","prelist","MEDAN MAIMUN","SUKARAJA","LINGKUNGAN 3","","","J. Informasi dan Komunikasi","SBR"],
    ["50017","JUAL PULSA <RISNANI>","JL. BAHAGIA GG. WARNA UJUNG","prelist","MEDAN MAIMUN","SUKARAJA","LINGKUNGAN 3","","","J. Informasi dan Komunikasi","SBR"],
    ["50224","ANDAL PAPERIN PT","JALAN BRIGJEND KATAMSO GANG PRIADI N0 17","prelist","MEDAN MAIMUN","KAMPUNG BARU","LINGKUNGAN 20","","","M. Jasa Profesional, Ilmiah, dan Teknis","SBR"],
    ["50238","U D THIAN SHEN GINSENG","COMPLEK MULTATULI IND AH BLOK G NO 23","prelist","MEDAN MAIMUN","A U R","LINGKUNGAN 3","","","G. Perdagangan Besar dan Eceran, Reparasi Mobil dan Sepeda Motor","SBR"],
    ["50253","CV AYU RAYA","JL PALANG MERAH DALAM NO 3H-J","prelist","MEDAN MAIMUN","A U R","LINGKUNGAN 6","","","F. Konstruksi","SBR"],
    ["50258","PEMUDA BARU, PT","JLN B KATAMSO NO 54","prelist","MEDAN MAIMUN","A U R","LINGKUNGAN 2","","","F. Konstruksi","SBR"],
    ["50264","TANI MAS EDIBEL OIL PT","COMPLEK MULTATULI INDAH BLOK E NO 46","prelist","MEDAN MAIMUN","A U R","LINGKUNGAN 10","","","G. Perdagangan Besar dan Eceran, Reparasi Mobil dan Sepeda Motor","SBR"],
    ["50272","OMNI SOLUSINDO CV","JALAN PALANG MERAH 37","prelist","MEDAN MAIMUN","A U R","LINGKUNGAN 9","","","G. Perdagangan Besar dan Eceran, Reparasi Mobil dan Sepeda Motor","SBR"],
    ["50285","PANGKAS MAHKOTA","JALAN CAKRAWATI NO 4","prelist","MEDAN MAIMUN","A U R","LINGKUNGAN 9","","","S. Aktivitas Jasa Lainnya","SBR"],
    ["50288","SINAR INTI BERKAH SEJ AHTERA PT","KOMPLEK MULTATULI IND AH BLOK E NO 21-22","prelist","MEDAN MAIMUN","A U R","LINGKUNGAN 10","","","F. Konstruksi","SBR"],
    ["50293","TITIPAN INDA TAXI <SOPHIAN CHANDJAJA ALS SOPHIAN TAN>","POLTAK JALAN BRIGJEND KATAMSO NO 78/60","prelist","MEDAN MAIMUN","SUKARAJA","LINGKUNGAN 6","","","H. Transportasi dan Pergudangan","SBR"],
    ["50294","PRAKTEK DR ADRIAN","JALAN MANGKUBUMI NO 14 B","prelist","MEDAN MAIMUN","A U R","LINGKUNGAN 5","","","Q. Jasa Kesehatan dan Kegiatan Sosial","SBR"],
    ["50298","BANK QNB","JL PEMUDA NO 5 MEDAN","prelist","MEDAN MAIMUN","A U R","LINGKUNGAN 7","","","K. Aktivitas Keuangan Dan Asuransi","SBR"],
    ["50299","GLOBAL GRAFIK , PT","JL. MANGKUBUMI NO.68C","prelist","MEDAN MAIMUN","A U R","LINGKUNGAN 9","","","C. Industri Pengolahan","SBR"],
    ["50301","JASA TRANS SUMATERA","JALAN KOLONEL SUGIONO NO 12E","prelist","MEDAN MAIMUN","A U R","LINGKUNGAN 9","","","H. Transportasi dan Pergudangan","SBR"],
    ["50315","BAHANA CV","JALAN MANTRI 407 A","prelist","MEDAN MAIMUN","A U R","LINGKUNGAN 3","","","H. Transportasi dan Pergudangan","SBR"],
    ["50388","RIDHO JAYA PERSADA, PT","JL. BRIGJEND KATAMSO GG. PERBATASAN BARU NO. VI/67 C","prelist","MEDAN MAIMUN","KAMPUNG BARU","LINGKUNGAN 17","","","F. Konstruksi","SBR"],
    ["50391","SALON(RINI NOVITA)","JL. B KATAMSO GG. LAMPU 1","prelist","MEDAN MAIMUN","KAMPUNG BARU","LINGKUNGAN 16","","","S. Aktivitas Jasa Lainnya","SBR"],
    ["50402","EVERGREEN MARINE INDONESIA PT","JL P DIPONEGORO 18 WISMA BII LT 1 ROOM 901, JATI, MEDAN MAIMUN","prelist","MEDAN MAIMUN","J A T I","LINGKUNGAN 1","","","H. Transportasi dan Pergudangan","SBR"],
    ["50403","SWAASDEE <DR KIANTO NAZAR>","KOMPLEKS MULTATULI BLOK FF NO 36-37","prelist","MEDAN MAIMUN","HAMDAN","LINGKUNGAN 1","","","I. Penyediaan Akomodasi dan Makan Minum","SBR"],
    ["50404","RUMAH MAKAN SONDORO","JL BRIGJEN KATAMSO","prelist","MEDAN MAIMUN","SEI MATI","LINGKUNGAN 10","","","I. Penyediaan Akomodasi dan Makan Minum","SBR"],
    ["50405","BANKOM JUSTICE KAMTIBMAS (SAMSUL)","JALAN B KATAMS O DALAM NO 56. X","prelist","MEDAN MAIMUN","A U R","LINGKUNGAN 3","","","R. Kesenian, Hiburan, dan Rekreasi","SBR"],
    ["50419","GLORIA","JALAN PEMUDA 26F","prelist","MEDAN MAIMUN","A U R","LINGKUNGAN 5","","","G. Perdagangan Besar dan Eceran, Reparasi Mobil dan Sepeda Motor","SBR"],
    ["50420","KARYA ELGAS PT","JL BRIGJEND KATAMSO NO 32","prelist","MEDAN MAIMUN","A U R","LINGKUNGAN 4","","","G. Perdagangan Besar dan Eceran, Reparasi Mobil dan Sepeda Motor","SBR"],
    ["50439","TOKO SETIA BUDI CO ABIE","JALAN BRIGJEN KATAMSO NO 345","prelist","MEDAN MAIMUN","SEI MATI","LINGKUNGAN 3","","","G. Perdagangan Besar dan Eceran, Reparasi Mobil dan Sepeda Motor","SBR"],
    ["50446","TAMAN BERMAIN GANBARE","JL BRIGJEN KATAMSO PERWIRA BAWAH","prelist","MEDAN MAIMUN","SEI MATI","LINGKUNGAN 11","","","P. Pendidikan","SBR"],
    ["50451","SUCURINDO SIDDI (PT)","JL PALANG MERAH NO 15","prelist","MEDAN MAIMUN","A U R","LINGKUNGAN 7","","","G. Perdagangan Besar dan Eceran, Reparasi Mobil dan Sepeda Motor","SBR"],
    ["50453","GOUSLTY TJOT ABADI PT","JL PEMUDA BARU 3 NO 12","prelist","MEDAN MAIMUN","A U R","LINGKUNGAN 7","","","H. Transportasi dan Pergudangan","SBR"],
    ["50474","SMA GLOBAL PRIMA (WILLY TAN JAYA DR SH)","JALAN BRIGJEN KATAMSO NO 282-283","prelist","MEDAN MAIMUN","SEI MATI","LINGKUNGAN 1","","","P. Pendidikan","SBR"],
    ["50477","TAMAN KANAK-KANAK SEKOLAH GLOBAL PRIMA (WILLY TANJAYA DR SH)","BALAN BRIGJEN KATAMSO NO 282-283","prelist","MEDAN MAIMUN","SEI MATI","LINGKUNGAN 1","","","P. Pendidikan","SBR"],
    ["50486","MBAK MOLEK","JALAN KOLONEL SUGIONO NO 2K","prelist","MEDAN MAIMUN","A U R","LINGKUNGAN 9","","","M. Jasa Profesional, Ilmiah, dan Teknis","SBR"],
    ["50495","TOKO GENIO MOTOR (HASA SUWANTO)","JL B KATAMSO NO 585B","prelist","MEDAN MAIMUN","KAMPUNG BARU","LINGKUNGAN 20","","","G. Perdagangan Besar dan Eceran, Reparasi Mobil dan Sepeda Motor","SBR"],
    ["50543","PT MAG INSURANCE","GEDUNG BANK PANIN LT 5 JL PEMUDA 16-22","prelist","MEDAN MAIMUN","A U R","LINGKUNGAN 7","","","K. Aktivitas Keuangan Dan Asuransi","SBR"],
    ["50548","SUMATRA UTAMA INDAH PT(ASIANG)","JALAN B KATAMS O DALAM NC 56 5-56 R","prelist","MEDAN MAIMUN","A U R","LINGKUNGAN 3","","","H. Transportasi dan Pergudangan","SBR"],
    ["50552","RIZKY ANANDA PRATAMA MANDIRI PT","JL BRIGJEN KATAMSO GG JARAK NO 9 A","prelist","MEDAN MAIMUN","KAMPUNG BARU","LINGKUNGAN 1","","","F. Konstruksi","SBR"],
    ["50554","TOKO SEMANGAT JAYA (H ASANUDIN)","JL B KATAMS O NO 724 RT 1 RW 1 20158","prelist","MEDAN MAIMUN","KAMPUNG BARU","LINGKUNGAN 11","","","C. Industri Pengolahan","SBR"],
    ["50571","BANK MANDIRI CABANG","JALAN BRIGJEN KATAMSO NO 35AB","prelist","MEDAN MAIMUN","A U R","LINGKUNGAN 2","","","K. Aktivitas Keuangan Dan Asuransi","SBR"],
    ["50572","SUMBER WAHANA LESTARI PT","JL KOLONEL SUGIONO NO 9","prelist","MEDAN MAIMUN","A U R","LINGKUNGAN 5","","","G. Perdagangan Besar dan Eceran, Reparasi Mobil dan Sepeda Motor","SBR"],
    ["50594","RUMAH PULSA <KARTIKA>","JALAN WARNI NO 32","prelist","MEDAN MAIMUN","SUKARAJA","LINGKUNGAN 5","","","J. Informasi dan Komunikasi","SBR"],
    ["50647","FIRMA SINAR MAKMUR","JALAN BRIGJEND KATAMSO NO 43EFG","prelist","MEDAN MAIMUN","A U R","LINGKUNGAN 8","","","G. Perdagangan Besar dan Eceran, Reparasi Mobil dan Sepeda Motor","SBR"],
    ["50648","PELAYARAN CARAKA TIRTA","JALAN BRIGJEND KATAM S O DALAM NO 62 K","prelist","MEDAN MAIMUN","SEI MATI","LINGKUNGAN 7","","","H. Transportasi dan Pergudangan","SBR"],
    ["50650","NOTARIS","JALAN BRIGJEN KATAMSO NO 451","prelist","MEDAN MAIMUN","SEI MATI","LINGKUNGAN 6","","","M. Jasa Profesional, Ilmiah, dan Teknis","SBR"],
    ["50702","SARANG WALET","JL BRIGJEN KATAMSO KOMPLEK PRIMA 2 NO B2 DAN B3","prelist","MEDAN MAIMUN","A U R","LINGKUNGAN 10","","","G. Perdagangan Besar dan Eceran, Reparasi Mobil dan Sepeda Motor","SBR"],
    ["50724","JUAL PULSA <PUSPARANI>","JALAN BAHAGIA GG. WARNA UJUNG","prelist","MEDAN MAIMUN","SUKARAJA","LINGKUNGAN 3","","","J. Informasi dan Komunikasi","SBR"],
    ["50728","PELITA JAYA CV","JL B KATAMSO NO 45 S","prelist","MEDAN MAIMUN","A U R","LINGKUNGAN 5","","","H. Transportasi dan Pergudangan","SBR"],
    ["50729","MAHKOTA MANDIRI PT","KOMP MULTATULI BLOK A-39","prelist","MEDAN MAIMUN","A U R","LINGKUNGAN 10","","","F. Konstruksi","SBR"],
    ["50730","NOTARIS RIMA AGUSTINA","KOMP MULTATULI B LOK C-3 9","prelist","MEDAN MAIMUN","A U R","LINGKUNGAN 3","","","M. Jasa Profesional, Ilmiah, dan Teknis","SBR"],
    ["50731","MUTIARA ANUGERAH SAMUDERA PT(IRFANSYAH)","JALAN BRIGJEND KATAMSO DALAM NO 65","prelist","MEDAN MAIMUN","A U R","LINGKUNGAN 1","","","S. Aktivitas Jasa Lainnya","SBR"],
    ["50732","ELTEHA","JALAN BRIGJEND KATAM 50 NO 62 B","prelist","MEDAN MAIMUN","A U R","LINGKUNGAN 1","","","H. Transportasi dan Pergudangan","SBR"],
    ["50733","STANDARD CHARTERED BANK, PT","JALAN IMAM BONJOL NO 17 MEDAN","prelist","MEDAN MAIMUN","HAMDAN","LINGKUNGAN 10","","","K. Aktivitas Keuangan Dan Asuransi","SBR"],
    ["50738","PASIFIC WORLD TRANS CV","KOMP MULTATULL BLOK 0-55","prelist","MEDAN MAIMUN","HAMDAN","LINGKUNGAN 1","","","H. Transportasi dan Pergudangan","SBR"],
    ["50749","AIR SEHAT","JLN BRIEJEND KATAMSO DALAM NO 114","prelist","MEDAN MAIMUN","A U R","LINGKUNGAN 2","","","C. Industri Pengolahan","SBR"],
    ["50929","MEGA JAYA TEKNIK MANDIRI","JLN B KATAMSO NO 154","prelist","MEDAN MAIMUN","SUKARAJA","LINGKUNGAN 6","","","G. Perdagangan Besar dan Eceran, Reparasi Mobil dan Sepeda Motor","SBR"],
    ["50931","ASURANSI VIDEI","JL B KATAMSO KOMPLEK ISTANA BISNIS CENTER","prelist","MEDAN MAIMUN","SUKARAJA","LINGKUNGAN 7","","","K. Aktivitas Keuangan Dan Asuransi","SBR"],
    ["50945","TOKO LARIS JAYA (ALBERT)","JL B KATAMSO NO 715 MEDAN","prelist","MEDAN MAIMUN","KAMPUNG BARU","LINGKUNGAN 9","","","G. Perdagangan Besar dan Eceran, Reparasi Mobil dan Sepeda Motor","SBR"],
    ["50946","TOKO CAT WARNA WARNI","JL B KATAMSO NO 436B","prelist","MEDAN MAIMUN","KAMPUNG BARU","LINGKUNGAN 19","","","G. Perdagangan Besar dan Eceran, Reparasi Mobil dan Sepeda Motor","SBR"],
    ["50950","SUBUR OLI ANAM","JALAN BRIGJEN KATAMSO NO 377","prelist","MEDAN MAIMUN","SEI MATI","LINGKUNGAN 4","","","G. Perdagangan Besar dan Eceran, Reparasi Mobil dan Sepeda Motor","SBR"],
    ["50967","BENGKEL CIPTA SARANA (ABU)","JALAN SM RAJA KM 88 NOMOR 196 C","prelist","MEDAN MAIMUN","A U R","LINGKUNGAN 4","","","C. Industri Pengolahan","SBR"],
    ["50998","X PISSAN PROM A C V CCHALDUNZY","JALAN JUANDA NO 1 6","prelist","MEDAN MAIMUN","SUKARAJA","LINGKUNGAN 5","","","G. Perdagangan Besar dan Eceran, Reparasi Mobil dan Sepeda Motor","SBR"],
    ["51000","BANK RAKYAT INDONESIA (DICKY)","JALAN JUANDA","prelist","MEDAN MAIMUN","SUKARAJA","LINGKUNGAN 6","","","K. Aktivitas Keuangan Dan Asuransi","SBR"],
    ["51001","PT GIANT TRANSPORT INDONESIA","JL BRIGJEN KATAMSO KOMPEK ISTANA PRIMA 2 NO E 18","prelist","MEDAN MAIMUN","SEI MATI","LINGKUNGAN 9","","","H. Transportasi dan Pergudangan","SBR"],
    ["51054","INDOMARET CAB JUANDA","JALAN JUANDA NO 7A LK 1","prelist","MEDAN MAIMUN","SUKARAJA","LINGKUNGAN 5","","","G. Perdagangan Besar dan Eceran, Reparasi Mobil dan Sepeda Motor","SBR"],
    ["51099","BANK MUAMALAT <WINDA>","JALAN JENDRAL SUDIRMAN NO 29 A MEDAN","prelist","MEDAN MAIMUN","J A T I","LINGKUNGAN 1","","","K. Aktivitas Keuangan Dan Asuransi","SBR"],
    ["51100","NANO-NANO REFLEXY","KOMPLEKS MULTATULI BLOK CC NO 1-2-3-4","prelist","MEDAN MAIMUN","HAMDAN","LINGKUNGAN 6","","","S. Aktivitas Jasa Lainnya","SBR"],
    ["51289","NOTARIS","JL PALANG MERAH","prelist","MEDAN MAIMUN","A U R","LINGKUNGAN 6","","","M. Jasa Profesional, Ilmiah, dan Teknis","SBR"],
    ["51331","SEHATKU REFLEKSI","JALAN KATAMSO","prelist","MEDAN MAIMUN","KAMPUNG BARU","LINGKUNGAN 20","","","Q. Jasa Kesehatan dan Kegiatan Sosial","SBR"],
    ["51332","YAYASAN DARUL ULUM ADDINIYAH","JL BRIGJEN KATAMSO","prelist","MEDAN MAIMUN","SEI MATI","LINGKUNGAN 5","","","P. Pendidikan","SBR"],
    ["51408","MARTHA FRISKA HOSPITA L","JALAN BRIGJEND KATAM SO GANG MERI AM NO 1","prelist","MEDAN MAIMUN","A U R","LINGKUNGAN 1","","","Q. Jasa Kesehatan dan Kegiatan Sosial","SBR"],
    ["51423","PT TIKI","JL MANTRI ND 34","prelist","MEDAN MAIMUN","A U R","LINGKUNGAN 3","","","H. Transportasi dan Pergudangan","SBR"],
    ["51425","PT. CMI (CAKRAWALA MEGA INDAH)","GEDUNG SINARMAS LAND PLAZA LANTAI 8 MEDAN","prelist","MEDAN MAIMUN","J A T I","LINGKUNGAN 1","","","G. Perdagangan Besar dan Eceran, Reparasi Mobil dan Sepeda Motor","SBR"],
    ["51427","PT MEGA ELTRA","KOMPLEKS MULTATULI BLOK AA NO 52","prelist","MEDAN MAIMUN","HAMDAN","LINGKUNGAN 6","","","G. Perdagangan Besar dan Eceran, Reparasi Mobil dan Sepeda Motor","SBR"],
    ["51428","APOTIK","JALAN B KATAMSO N053C","prelist","MEDAN MAIMUN","SUKARAJA","LINGKUNGAN 5","","","G. Perdagangan Besar dan Eceran, Reparasi Mobil dan Sepeda Motor","SBR"],
    ["51429","UD MARBUN","JLN B KATAMSO DALAM NO 134","prelist","MEDAN MAIMUN","SUKARAJA","LINGKUNGAN 5","","","G. Perdagangan Besar dan Eceran, Reparasi Mobil dan Sepeda Motor","SBR"],
    ["51438","SD NEGERI 060907","JALAN PASAR SENEN KAMPUNG BARU","prelist","MEDAN MAIMUN","KAMPUNG BARU","LINGKUNGAN 4","","","P. Pendidikan","SBR"],
    ["51448","ALUMEX CAB (LENI)","JALAN MESJID RAYA NO 22 RT RW","prelist","MEDAN MAIMUN","A U R","LINGKUNGAN 8","","","A. Pertanian, Kehutanan, dan Perikanan","SBR"],
    ["51469","PT AORORA WISATA INTER NUSA","JALAN PASAR SENEN NO 9 KAMPUNG BARU","prelist","MEDAN MAIMUN","KAMPUNG BARU","LINGKUNGAN 4","","","N. Jasa Persewaan, Ketenagakerjaan, Agen Perjalanan, dan Jasa Pendukung","SBR"],
    ["51512","KANTIN SEKOLAH HARAPAN","JALAN IMAM BONJOL NO. 35","prelist","MEDAN MAIMUN","J A T I","LINGKUNGAN 1","","","I. Penyediaan Akomodasi dan Makan Minum","SBR"],
    ["51571","WARUNG INTERNET MD NET <YENNI>","JL. BRIGJEND KATAMSO GG. LORI","prelist","MEDAN MAIMUN","KAMPUNG BARU","LINGKUNGAN 5","","","J. Informasi dan Komunikasi","SBR"],
    ["51656","PRAKTEK DOKTER (STEVEN)","JL B KATAMSO NO 156 C","prelist","MEDAN MAIMUN","KAMPUNG BARU","LINGKUNGAN 11","","","Q. Jasa Kesehatan dan Kegiatan Sosial","SBR"],
    ["51697","ARDO CITRA MANDIRI, PT","JL. MELUR NO. 1","prelist","MEDAN MAIMUN","HAMDAN","LINGKUNGAN 7","","","F. Konstruksi","SBR"],
    ["51700","KONTRAKTOR","JALAN KANTIL NO 7","prelist","MEDAN MAIMUN","HAMDAN","LINGKUNGAN 8","","","F. Konstruksi","SBR"],
    ["52014","HANDA TERMINAL PT","JALAN KOLONEL SUGIONO NO 6/38","prelist","MEDAN MAIMUN","A U R","LINGKUNGAN 9","","","N. Jasa Persewaan, Ketenagakerjaan, Agen Perjalanan, dan Jasa Pendukung","SBR"],
    ["52017","FENG HUAN PT","JALAN SUKAMULYA 869","prelist","MEDAN MAIMUN","A U R","LINGKUNGAN 6","","","Q. Jasa Kesehatan dan Kegiatan Sosial","SBR"],
    ["52018","SAFARI","JL BRIGJEN KATAMSO KOMPLEK ISTANA PRIMA 2 NO C6","prelist","MEDAN MAIMUN","SEI MATI","LINGKUNGAN 10","","","M. Jasa Profesional, Ilmiah, dan Teknis","SBR"],
    ["52019","HUTARIH JAYA","JALAN PALANG MERAH 39 RT 1 RW 11 20151","prelist","MEDAN MAIMUN","A U R","LINGKUNGAN 9","","","G. Perdagangan Besar dan Eceran, Reparasi Mobil dan Sepeda Motor","SBR"],
    ["52021","PLAZA PRINTING 88 PT","JALAN MANGKUBUMI NO 4 B- 4 C RT RW 20151","prelist","MEDAN MAIMUN","A U R","LINGKUNGAN 9","","","C. Industri Pengolahan","SBR"],
    ["52023","GARDA BHAKTI NUSANTARA PT","JALAN KOLONEL SUGIONA NO 12-12 A","prelist","MEDAN MAIMUN","A U R","LINGKUNGAN 9","","","N. Jasa Persewaan, Ketenagakerjaan, Agen Perjalanan, dan Jasa Pendukung","SBR"],
    ["52024","SAMAD SONS CARPETS","JL BRIGJEND KATAMSO N0 28 E","prelist","MEDAN MAIMUN","A U R","LINGKUNGAN 4","","","G. Perdagangan Besar dan Eceran, Reparasi Mobil dan Sepeda Motor","SBR"],
    ["52045","TOP EXCHANGE PT","JALAN KOLONEL SUGIONO NO 2G","prelist","MEDAN MAIMUN","A U R","LINGKUNGAN 9","","","K. Aktivitas Keuangan Dan Asuransi","SBR"],
    ["52151","VIRLANA UTAMA, PT","JL. BRIGJEND. KATAMSO NO. 408C","prelist","MEDAN MAIMUN","SEI MATI","LINGKUNGAN 7","","","F. Konstruksi","SBR"],
    ["52153","KANTOR POS","JL B KATAMSO NO 2434","prelist","MEDAN MAIMUN","KAMPUNG BARU","LINGKUNGAN 11","","","H. Transportasi dan Pergudangan","SBR"],
    ["52156","MACOLINE INDONESIA,PT","KOMP MULTATULI B LOK C- 1 0","prelist","MEDAN MAIMUN","A U R","LINGKUNGAN 10","","","H. Transportasi dan Pergudangan","SBR"],
    ["52175","RAYA UTAMA TRAVEL PT","JALAN BRIGJEND KATAMSO NO 41F","prelist","MEDAN MAIMUN","A U R","LINGKUNGAN 8","","","N. Jasa Persewaan, Ketenagakerjaan, Agen Perjalanan, dan Jasa Pendukung","SBR"],
    ["52194","CBD POLONIA PT","JL.ADE IRMA NO 4","prelist","MEDAN MAIMUN","HAMDAN","LINGKUNGAN 10","","","L. Real Estat","SBR"],
    ["52195","AIA FINANCIAL","KOMPLEKS MULTATULI BLOK BB NO.36","prelist","MEDAN MAIMUN","HAMDAN","LINGKUNGAN 1","","","K. Aktivitas Keuangan Dan Asuransi","SBR"],
    ["52197","PT SAKURA MARIFEE","JALAN WARNA NO 43 A","prelist","MEDAN MAIMUN","SUKARAJA","LINGKUNGAN 6","","","N. Jasa Persewaan, Ketenagakerjaan, Agen Perjalanan, dan Jasa Pendukung","SBR"],
    ["52204","BKS","JL PEMUDA NO 2","prelist","MEDAN MAIMUN","A U R","LINGKUNGAN 5","","","M. Jasa Profesional, Ilmiah, dan Teknis","SBR"],
    ["52213","SD DWIWARNA","JALAN TERATAI","prelist","MEDAN MAIMUN","HAMDAN","LINGKUNGAN 7","","","P. Pendidikan","SBR"],
    ["52224","SUNGLI PRATAMA PT","COMPLEK MULTATULI IND AH BLOK G NO 1","prelist","MEDAN MAIMUN","HAMDAN","LINGKUNGAN 7","","","C. Industri Pengolahan","SBR"],
    ["52225","TAWADA HEALTH CARE PT","KOMP MULTATULI BLOK B-37","prelist","MEDAN MAIMUN","HAMDAN","LINGKUNGAN 1","","","G. Perdagangan Besar dan Eceran, Reparasi Mobil dan Sepeda Motor","SBR"],
    ["52258","PT GOGO KARYA MANDIRI","JL PALANG MERAH DALAM NO 34 KESAWAN MEDAN","prelist","MEDAN MAIMUN","A U R","LINGKUNGAN 6","","","F. Konstruksi","SBR"],
    ["52401","SIBA TEKNO UNGGUL, PT","JL. BRIGJEN KATAMSO NO. 29 E","prelist","MEDAN MAIMUN","A U R","LINGKUNGAN 4","","","G. Perdagangan Besar dan Eceran, Reparasi Mobil dan Sepeda Motor","SBR"],
    ["52402","SUMBER ANEKA KARY A AB ADI PT","KOMPLEK MULTATULI INDAH BLOK F NO 20","prelist","MEDAN MAIMUN","A U R","LINGKUNGAN 8","","","G. Perdagangan Besar dan Eceran, Reparasi Mobil dan Sepeda Motor","SBR"],
    ["52403","POLONIA PHOTO","JALAN BRIGJEND KATAMSO NO 104","prelist","MEDAN MAIMUN","SUKARAJA","LINGKUNGAN 6","","","N. Jasa Persewaan, Ketenagakerjaan, Agen Perjalanan, dan Jasa Pendukung","SBR"],
    ["52429","PT CAKRA LINTAS BUANA","JALAN KENANGA NO.12","prelist","MEDAN MAIMUN","HAMDAN","LINGKUNGAN 7","","","H. Transportasi dan Pergudangan","SBR"],
    ["52575","BILAL M AYAT (HARDIMAN)","JL B KATAMSO G JAWA","prelist","MEDAN MAIMUN","KAMPUNG BARU","LINGKUNGAN 11","","","S. Aktivitas Jasa Lainnya","SBR"],
    ["52591","NOTARIS","JL BRIGJEN KATAMSO GG KENANGA NO 85","prelist","MEDAN MAIMUN","SEI MATI","LINGKUNGAN 9","","","M. Jasa Profesional, Ilmiah, dan Teknis","SBR"],
    ["52606","GALERI DELTA","JALAN SUPRAPTO NO 2 I-J","prelist","MEDAN MAIMUN","A U R","LINGKUNGAN 5","","","G. Perdagangan Besar dan Eceran, Reparasi Mobil dan Sepeda Motor","SBR"],
    ["52611","MELAKIM INTI PERKASA PT","KOMPLE K MULTATULL ANDAH BLOK E NO 41-42","prelist","MEDAN MAIMUN","A U R","LINGKUNGAN 3","","","G. Perdagangan Besar dan Eceran, Reparasi Mobil dan Sepeda Motor","SBR"],
    ["52638","USAHA BERSAMA (KHAIRUL)","JL BRIGJEND KATAMSO","prelist","MEDAN MAIMUN","SEI MATI","LINGKUNGAN 4","","","C. Industri Pengolahan","SBR"],
    ["52641","CITRA ELEKTRIK","JL BRIGJEND KATAMSO","prelist","MEDAN MAIMUN","SEI MATI","LINGKUNGAN 9","","","G. Perdagangan Besar dan Eceran, Reparasi Mobil dan Sepeda Motor","SBR"],
    ["52890","J LIM PR DUCTION","JL B KATAMSO KOMP CENTRIUM NO 70","prelist","MEDAN MAIMUN","A U R","LINGKUNGAN 3","","","S. Aktivitas Jasa Lainnya","SBR"],
    ["52907","PT. GODHIN","JL. B. KATAMSO P BURUNG LK 2","prelist","MEDAN MAIMUN","A U R","LINGKUNGAN 2","","","G. Perdagangan Besar dan Eceran, Reparasi Mobil dan Sepeda Motor","SBR"],
    ["52908","SABRE PT","B KATAMSO KOMPLEK ISTANA BISNIS CENTER","prelist","MEDAN MAIMUN","SUKARAJA","LINGKUNGAN 7","","","S. Aktivitas Jasa Lainnya","SBR"],
    ["53246","PT SHAFFIYAH AMEERA WISTA","JL B KATAMSO NO 432","prelist","MEDAN MAIMUN","KAMPUNG BARU","LINGKUNGAN 19","","","N. Jasa Persewaan, Ketenagakerjaan, Agen Perjalanan, dan Jasa Pendukung","SBR"],
    ["53250","KLINIK SPESIALIS (DR SARAH)","JLN B KATAMSO NO 11 B","prelist","MEDAN MAIMUN","KAMPUNG BARU","LINGKUNGAN 11","","","Q. Jasa Kesehatan dan Kegiatan Sosial","SBR"],
    ["53276","KHARISMA RASA SAYANG INDONESIA PT","JL B KATAMSO NO 205 / 45 R","prelist","MEDAN MAIMUN","SUKARAJA","LINGKUNGAN 7","","","N. Jasa Persewaan, Ketenagakerjaan, Agen Perjalanan, dan Jasa Pendukung","SBR"],
    ["53290","SOMTAM THAI","COMPLEK MULTATULI IND A H BLOK G NO T 2-13","prelist","MEDAN MAIMUN","A U R","LINGKUNGAN 10","","","I. Penyediaan Akomodasi dan Makan Minum","SBR"],
    ["53291","QUEEN BEAUTY CENTER","KOMPLEK MULTATULI INDAH BLOK F NO 21","prelist","MEDAN MAIMUN","HAMDAN","LINGKUNGAN 7","","","G. Perdagangan Besar dan Eceran, Reparasi Mobil dan Sepeda Motor","SBR"],
    ["53466","PKBI","JL MULTATULI NO 34 X","prelist","MEDAN MAIMUN","HAMDAN","LINGKUNGAN 5","","","Q. Jasa Kesehatan dan Kegiatan Sosial","SBR"],
    ["53467","SATE PADANG (SABARUDDIN)","KOMPLEKS MULTATULI BLOK FF NO 8-9-10","prelist","MEDAN MAIMUN","HAMDAN","LINGKUNGAN 6","","","I. Penyediaan Akomodasi dan Makan Minum","SBR"],
    ["53486","LBH MEWS INVESTIGASI","JLBRIEJEMD FATAMSO 66 MASIONAL 0029","prelist","MEDAN MAIMUN","A U R","LINGKUNGAN 1","","","M. Jasa Profesional, Ilmiah, dan Teknis","SBR"],
    ["53491","PRAKTEK DOKTER UMUM (DR AZRINA)","JLN BRIGJEN KATAMSO NO 392","prelist","MEDAN MAIMUN","SEI MATI","LINGKUNGAN 7","","","G. Perdagangan Besar dan Eceran, Reparasi Mobil dan Sepeda Motor","SBR"],
    ["53492","REZEKI BERSAMA","JALAN BRIGJEN KATAMSO","prelist","MEDAN MAIMUN","SEI MATI","LINGKUNGAN 7","","","G. Perdagangan Besar dan Eceran, Reparasi Mobil dan Sepeda Motor","SBR"],
    ["53493","DOKTER HEWAN <HARANI>","JL BRIGJEN KATAMSO","prelist","MEDAN MAIMUN","KAMPUNG BARU","LINGKUNGAN 15","","","M. Jasa Profesional, Ilmiah, dan Teknis","SBR"],
    ["53516","SHOWROOM MOTOR (HENDRA)","JALAN JUANDA NO 29 A","prelist","MEDAN MAIMUN","SUKARAJA","LINGKUNGAN 5","","","G. Perdagangan Besar dan Eceran, Reparasi Mobil dan Sepeda Motor","SBR"],
    ["53517","MEDAN TEHNIK","JALAN PELANGL 0048","prelist","MEDAN MAIMUN","SEI MATI","LINGKUNGAN 7","","","S. Aktivitas Jasa Lainnya","SBR"],
    ["53518","TOKO INTI MAS","KOMPLEK MULTATULI INDAH BLOK F NO 18","prelist","MEDAN MAIMUN","A U R","LINGKUNGAN 10","","","G. Perdagangan Besar dan Eceran, Reparasi Mobil dan Sepeda Motor","SBR"],
    ["53529","BENGKEL LAS HARI JAYA","JL MESJID RAYA NO 2A","prelist","MEDAN MAIMUN","A U R","LINGKUNGAN 8","","","C. Industri Pengolahan","SBR"],
    ["53533","TAHU GORENG (NITA)","JL PASAR SENEN KAMPUNG BARU","prelist","MEDAN MAIMUN","KAMPUNG BARU","LINGKUNGAN 4","","","I. Penyediaan Akomodasi dan Makan Minum","SBR"],
    ["53547","MEGA BURGER (DESY A)","KOMPLEKS MULTATULI BLOK FF NO 20-21","prelist","MEDAN MAIMUN","HAMDAN","LINGKUNGAN 6","","","I. Penyediaan Akomodasi dan Makan Minum","SBR"],
    ["53624","TK PELANGI","JALAN LAMPU 1","prelist","MEDAN MAIMUN","KAMPUNG BARU","LINGKUNGAN 16","","","P. Pendidikan","SBR"],
    ["53652","RESTAURANT SHANGHAI (AMEI)","KOMPLEKS MULTATULI BLOK FF NO 1-3","prelist","MEDAN MAIMUN","HAMDAN","LINGKUNGAN 7","","","I. Penyediaan Akomodasi dan Makan Minum","SBR"],
    ["53654","DOKTER HONDO SUPENO SPESIALIS RADIOLOGI","JALAN BRIGJEND KATAMSO NO 408 C","prelist","MEDAN MAIMUN","SEI MATI","LINGKUNGAN 7","","","Q. Jasa Kesehatan dan Kegiatan Sosial","SBR"],
    ["53655","JUAL CET (YENTO)","JLN B KATAMSO NO 11","prelist","MEDAN MAIMUN","KAMPUNG BARU","LINGKUNGAN 19","","","G. Perdagangan Besar dan Eceran, Reparasi Mobil dan Sepeda Motor","SBR"],
    ["53656","GLORI WEDYNG <HALIM>","JALAN B KATAMS O DALAM NO 56 G","prelist","MEDAN MAIMUN","A U R","LINGKUNGAN 3","","","M. Jasa Profesional, Ilmiah, dan Teknis","SBR"],
    ["53657","WARKOP NANDAR","COMPLEK MULTATULI IND AH BLOK G NO 22","prelist","MEDAN MAIMUN","A U R","LINGKUNGAN 10","","","I. Penyediaan Akomodasi dan Makan Minum","SBR"],
    ["53693","SENTRAL AUTO CARE","JL BRIGJEN KATAMSO","prelist","MEDAN MAIMUN","SEI MATI","LINGKUNGAN 10","","","G. Perdagangan Besar dan Eceran, Reparasi Mobil dan Sepeda Motor","SBR"],
    ["53915","RUMAH SPREI","JL PEMUDA NO 10A","prelist","MEDAN MAIMUN","A U R","LINGKUNGAN 5","","","G. Perdagangan Besar dan Eceran, Reparasi Mobil dan Sepeda Motor","SBR"],
    ["53950","SANGGAR SENI BETON","JALAN BRIEJEN KATAMSO NO 404","prelist","MEDAN MAIMUN","SEI MATI","LINGKUNGAN 7","","","C. Industri Pengolahan","SBR"],
    ["53951","FILEDA RERAMIK (SJALAN)","JL 8 KATAMSO NO 486 B","prelist","MEDAN MAIMUN","KAMPUNG BARU","LINGKUNGAN 17","","","G. Perdagangan Besar dan Eceran, Reparasi Mobil dan Sepeda Motor","SBR"],
    ["53957","BENGKEL HONDA OMEGA (LIEO AYEN)","J L IR H JUANDA NO 71","prelist","MEDAN MAIMUN","SUKARAJA","LINGKUNGAN 6","","","G. Perdagangan Besar dan Eceran, Reparasi Mobil dan Sepeda Motor","SBR"],
    ["53958","GENERASI ASUKANSI LESTARINA","JALAN BRIGJEN KATAMSO NO 349","prelist","MEDAN MAIMUN","SEI MATI","LINGKUNGAN 3","","","K. Aktivitas Keuangan Dan Asuransi","SBR"],
    ["53980","BENGKEL TRUK (A HUA)","JL PEMUDA KARYA / METAL UJUNG","prelist","MEDAN MAIMUN","A U R","LINGKUNGAN 5","","","G. Perdagangan Besar dan Eceran, Reparasi Mobil dan Sepeda Motor","SBR"],
    ["54039","D`ART (TEGUH)","JL B KATAMSO KOMP CENTRIUM NO 23-24-25","prelist","MEDAN MAIMUN","A U R","LINGKUNGAN 3","","","S. Aktivitas Jasa Lainnya","SBR"],
    ["54040","WARUNG NASI (IRWANSYAH)","JALAN BRIGJEND KATAMSO","prelist","MEDAN MAIMUN","A U R","LINGKUNGAN 2","","","I. Penyediaan Akomodasi dan Makan Minum","SBR"],
    ["54126","ROYAL MARKET","JL PALANG MERAH NO 1","prelist","MEDAN MAIMUN","A U R","LINGKUNGAN 6","","","G. Perdagangan Besar dan Eceran, Reparasi Mobil dan Sepeda Motor","SBR"],
    ["54149","REPUBLIK KOPI","JL PEMUDA NO 19F","prelist","MEDAN MAIMUN","A U R","LINGKUNGAN 7","","","I. Penyediaan Akomodasi dan Makan Minum","SBR"],
    ["54161","PARFUM (PUTRI)","JL B KATAMSO GG PELITA 2","prelist","MEDAN MAIMUN","KAMPUNG BARU","LINGKUNGAN 18","","","G. Perdagangan Besar dan Eceran, Reparasi Mobil dan Sepeda Motor","SBR"],
    ["54162","EVERCOS (EDDY CHANDRA)","JL B KATAMSO NO 587","prelist","MEDAN MAIMUN","KAMPUNG BARU","LINGKUNGAN 20","","","G. Perdagangan Besar dan Eceran, Reparasi Mobil dan Sepeda Motor","SBR"],
    ["54163","GENERALI","KOMPLEKS MULTATULI BLOK CC NO 25-26-27-28","prelist","MEDAN MAIMUN","HAMDAN","LINGKUNGAN 1","","","K. Aktivitas Keuangan Dan Asuransi","SBR"],
    ["54164","GAME BAR (EFENDI)","KOMPLEKS MULTATULI BLOK CC NO 42-43","prelist","MEDAN MAIMUN","HAMDAN","LINGKUNGAN 6","","","J. Informasi dan Komunikasi","SBR"],
    ["54165","AVENUE (ALING)","KOMPLEKS MULTATULI BLOK FF NO 18-19","prelist","MEDAN MAIMUN","HAMDAN","LINGKUNGAN 6","","","I. Penyediaan Akomodasi dan Makan Minum","SBR"],
    ["54181","KUNCI PINTU (DELA)","JL IR H JUANDA","prelist","MEDAN MAIMUN","SUKARAJA","LINGKUNGAN 5","","","G. Perdagangan Besar dan Eceran, Reparasi Mobil dan Sepeda Motor","SBR"],
    ["54212","MEGA SAFETY","JALAN BRIGJEND KATAMSO NO 954","prelist","MEDAN MAIMUN","SUKARAJA","LINGKUNGAN 6","","","G. Perdagangan Besar dan Eceran, Reparasi Mobil dan Sepeda Motor","SBR"],
    ["54215","KEDAI MAKANAN RINGAN (MUFRTIAR)","JALAN ANG GREK NO 15","prelist","MEDAN MAIMUN","HAMDAN","LINGKUNGAN 7","","","G. Perdagangan Besar dan Eceran, Reparasi Mobil dan Sepeda Motor","SBR"],
    ["54228","PEDAGANG MINUMAN (ARDI)","JALAN BRIGJEN KATAMSO BELAKANG REL NO 2","prelist","MEDAN MAIMUN","A U R","LINGKUNGAN 2","","","G. Perdagangan Besar dan Eceran, Reparasi Mobil dan Sepeda Motor","SBR"],
    ["54358","JUALAN NASI DAN MIE GORENG(AIDIL)","JALAN MANTRI","prelist","MEDAN MAIMUN","A U R","LINGKUNGAN 3","","","I. Penyediaan Akomodasi dan Makan Minum","SBR"],
    ["54359","WARUNG MINUMAN","JL BRIGJEND KATAMSO BELAKANG","prelist","MEDAN MAIMUN","A U R","LINGKUNGAN 2","","","I. Penyediaan Akomodasi dan Makan Minum","SBR"],
    ["54360","MEDAN SOUVINER SNACK","JALAN BRIGJEND KATAMSO NO 45D","prelist","MEDAN MAIMUN","KAMPUNG BARU","LINGKUNGAN 1","","","S. Aktivitas Jasa Lainnya","SBR"],
    ["54464","PERSEWAAN KEYBOARD (JHON)","JLN B. KATAMSO GG PELITA 2 NO. 246 C","prelist","MEDAN MAIMUN","KAMPUNG BARU","LINGKUNGAN 19","","","N. Jasa Persewaan, Ketenagakerjaan, Agen Perjalanan, dan Jasa Pendukung","SBR"],
    ["54465","KARI BIHUN (AGUSTINUS)","KOMPLEKS MULTATULI BLOK FF NO 8-9-10","prelist","MEDAN MAIMUN","HAMDAN","LINGKUNGAN 6","","","I. Penyediaan Akomodasi dan Makan Minum","SBR"],
    ["54487","TOKO SURYA KERAMIK (TAN TJENG KIE)","JL BRIGJEND KATAMS O NO 740 B","prelist","MEDAN MAIMUN","KAMPUNG BARU","LINGKUNGAN 1","","","G. Perdagangan Besar dan Eceran, Reparasi Mobil dan Sepeda Motor","SBR"],
    ["54488","MINYAK WANGI (DONI)","JL IR H JUANDA NO 24","prelist","MEDAN MAIMUN","SUKARAJA","LINGKUNGAN 5","","","G. Perdagangan Besar dan Eceran, Reparasi Mobil dan Sepeda Motor","SBR"],
    ["54490","NOTARIS RAHMI ATAN","JALAN BRIGJEN KATAMSO NO 465","prelist","MEDAN MAIMUN","SEI MATI","LINGKUNGAN 6","","","M. Jasa Profesional, Ilmiah, dan Teknis","SBR"],
    ["54510","USAHA PANGLONG (FUAD)","JALAN BRIGJEN KATAMSO NO 315","prelist","MEDAN MAIMUN","SEI MATI","LINGKUNGAN 1","","","C. Industri Pengolahan","SBR"],
    ["54534","KEDAI SEMBAKO","JALAN CAKRAWATI NO 6","prelist","MEDAN MAIMUN","A U R","LINGKUNGAN 5","","","G. Perdagangan Besar dan Eceran, Reparasi Mobil dan Sepeda Motor","SBR"],
    ["54733","WARUNG MAKAN (YUNNI)","JALAN BRIGJEND KATAMSO NO 43T","prelist","MEDAN MAIMUN","A U R","LINGKUNGAN 8","","","I. Penyediaan Akomodasi dan Makan Minum","SBR"],
    ["54785","NURAFOAM","JL PALANG MERAH NO 15","prelist","MEDAN MAIMUN","A U R","LINGKUNGAN 7","","","G. Perdagangan Besar dan Eceran, Reparasi Mobil dan Sepeda Motor","SBR"],
    ["54856","SAKAI (LAMPU HIAS)","JALAN BRIGJEN KATAMSO NO 411","prelist","MEDAN MAIMUN","SEI MATI","LINGKUNGAN 5","","","G. Perdagangan Besar dan Eceran, Reparasi Mobil dan Sepeda Motor","SBR"],
    ["54857","PRAKTEK DOKTER UMUM","JALAN BRIGJEN KATAMSO","prelist","MEDAN MAIMUN","SEI MATI","LINGKUNGAN 5","","","Q. Jasa Kesehatan dan Kegiatan Sosial","SBR"],
    ["55163","RISON SAFARI CARGO","JLN BRIGJEND KATAMSO NO 80/144","prelist","MEDAN MAIMUN","SUKARAJA","LINGKUNGAN 6","","","H. Transportasi dan Pergudangan","SBR"],
    ["55178","PEMBUATAN KOSEN","JALAN PELANGI GANG MUSHOLLA","prelist","MEDAN MAIMUN","SEI MATI","LINGKUNGAN 7","","","C. Industri Pengolahan","SBR"],
    ["55179","BENGKEL MOBIL","JL B KATAMSO NO 561","prelist","MEDAN MAIMUN","KAMPUNG BARU","LINGKUNGAN 17","","","G. Perdagangan Besar dan Eceran, Reparasi Mobil dan Sepeda Motor","SBR"],
    ["55241","JUAL SEPATU/SANDAL (MURSRILIADI)","JL BRIGJEN KATAMSO GG NETRAL","prelist","MEDAN MAIMUN","A U R","LINGKUNGAN 4","","","G. Perdagangan Besar dan Eceran, Reparasi Mobil dan Sepeda Motor","SBR"],
    ["55366","MAGNUM (FANI)","JALAN BRIGJEN KATAMSO","prelist","MEDAN MAIMUN","SEI MATI","LINGKUNGAN 5","","","C. Industri Pengolahan","SBR"],
    ["55367","CARISSA BOUTIQE","KOMPLEKS MULTATULI BLOK CC NO 15-16","prelist","MEDAN MAIMUN","HAMDAN","LINGKUNGAN 1","","","G. Perdagangan Besar dan Eceran, Reparasi Mobil dan Sepeda Motor","SBR"],
    ["55375","USAHA MENGEMUDI MOBIL","JL AVROS GG MANCANG","prelist","MEDAN MAIMUN","KAMPUNG BARU","LINGKUNGAN 14","","","S. Aktivitas Jasa Lainnya","SBR"],
    ["55397","KONVEKSI (SUDARSONO)","JALAN WARNA NO 18","prelist","MEDAN MAIMUN","SUKARAJA","LINGKUNGAN 6","","","C. Industri Pengolahan","SBR"],
    ["55454","RANDY`S (MASUDI)","KOMPLEKS MULTATULI BLOK FF NO 8-9-10","prelist","MEDAN MAIMUN","HAMDAN","LINGKUNGAN 6","","","I. Penyediaan Akomodasi dan Makan Minum","SBR"],
    ["55463","RESTO DOFFE (ISABELA)","KOMPLEKS MULTATULI BLOK FF NO 11","prelist","MEDAN MAIMUN","HAMDAN","LINGKUNGAN 6","","","I. Penyediaan Akomodasi dan Makan Minum","SBR"],
    ["55484","D GOWN","JL MULTATULI","prelist","MEDAN MAIMUN","HAMDAN","LINGKUNGAN 6","","","G. Perdagangan Besar dan Eceran, Reparasi Mobil dan Sepeda Motor","SBR"],
    ["55498","WARKOP UDIN (UDIN)","JALAN H MISBAH","prelist","MEDAN MAIMUN","HAMDAN","LINGKUNGAN 7","","","I. Penyediaan Akomodasi dan Makan Minum","SBR"],
    ["55551","KANTOR HUKUM (YON)","JL SUPRAPTO","prelist","MEDAN MAIMUN","A U R","LINGKUNGAN 5","","","M. Jasa Profesional, Ilmiah, dan Teknis","SBR"],
    ["55566","MARQUEE","KOMPLEK MULTATULI IND AH BLOK F NO 18","prelist","MEDAN MAIMUN","A U R","LINGKUNGAN 10","","","G. Perdagangan Besar dan Eceran, Reparasi Mobil dan Sepeda Motor","SBR"],
    ["55719","ORIFLAME (ANAYATI)","JALAN PASAR SENEN KAMPUNG BARU","prelist","MEDAN MAIMUN","KAMPUNG BARU","LINGKUNGAN 4","","","G. Perdagangan Besar dan Eceran, Reparasi Mobil dan Sepeda Motor","SBR"],
    ["55720","ZOYA","JL IR H JUANDA NO 22","prelist","MEDAN MAIMUN","SUKARAJA","LINGKUNGAN 5","","","G. Perdagangan Besar dan Eceran, Reparasi Mobil dan Sepeda Motor","SBR"],
    ["55721","LOKET AIR/LISTRIK (RUKIJAH)","JALAN BRIGJEN KATAMSO 6 6 PERSATUAN NO 38","prelist","MEDAN MAIMUN","SEI MATI","LINGKUNGAN 3","","","D. Pengadaan Listrik, Gas, Uap/Air Panas, dan Udara Dingin","SBR"],
    ["55864","JUALAN LONTONG MALAM","ASRAMA KOWILHAN K 27","prelist","MEDAN MAIMUN","KAMPUNG BARU","LINGKUNGAN 19","","","I. Penyediaan Akomodasi dan Makan Minum","SBR"],
    ["56096","NAS I TIMBEL BAKAR","KOMPLEK MULTATULI INDAH BLOK F NO 24","prelist","MEDAN MAIMUN","HAMDAN","LINGKUNGAN 7","","","I. Penyediaan Akomodasi dan Makan Minum","SBR"],
    ["56130","BOEING","JL PEMUDA BARU","prelist","MEDAN MAIMUN","A U R","LINGKUNGAN 7","","","N. Jasa Persewaan, Ketenagakerjaan, Agen Perjalanan, dan Jasa Pendukung","SBR"],
    ["56136","EKSPEDISI","JL PEMUDA BARU","prelist","MEDAN MAIMUN","A U R","LINGKUNGAN 7","","","H. Transportasi dan Pergudangan","SBR"],
    ["56159","WAROENG BLANGKON JOWO","JL BRIGIEN KATAMSO NO 41 E","prelist","MEDAN MAIMUN","A U R","LINGKUNGAN 8","","","I. Penyediaan Akomodasi dan Makan Minum","SBR"],
    ["56239","RUMAH MAKAN SEDERHANA","JALAN B KATAMS O KOMP CENTRIUM NO 5","prelist","MEDAN MAIMUN","A U R","LINGKUNGAN 3","","","I. Penyediaan Akomodasi dan Makan Minum","SBR"],
    ["56240","NOTARIS IHDINA NIDA","JALAN BRIGJEND KATAMSO NO 45A","prelist","MEDAN MAIMUN","A U R","LINGKUNGAN 8","","","M. Jasa Profesional, Ilmiah, dan Teknis","SBR"],
    ["56241","CREME Q CO","COMPLEK MULTATULI IND AH BLOK E NO 27","prelist","MEDAN MAIMUN","HAMDAN","LINGKUNGAN 1","","","I. Penyediaan Akomodasi dan Makan Minum","SBR"],
    ["56242","LUMBINI","KOMPLEK MULTATULL INDAH BLOK F NO 23","prelist","MEDAN MAIMUN","HAMDAN","LINGKUNGAN 7","","","N. Jasa Persewaan, Ketenagakerjaan, Agen Perjalanan, dan Jasa Pendukung","SBR"],
    ["56248","JD EXPRESS (EKO TANZIL)","JALAN WARNA NO 51 B","prelist","MEDAN MAIMUN","SUKARAJA","LINGKUNGAN 6","","","H. Transportasi dan Pergudangan","SBR"],
    ["56252","TK MASYITAH (A HUSNA)","JL MANTRI NO 11 A","prelist","MEDAN MAIMUN","A U R","LINGKUNGAN 3","","","P. Pendidikan","SBR"],
    ["56263","DOKTER GIGI (JEFFRY)","JL.BRIGJEND KATAMSO NO 32 B","prelist","MEDAN MAIMUN","A U R","LINGKUNGAN 4","","","Q. Jasa Kesehatan dan Kegiatan Sosial","SBR"],
    ["56264","THE VILLAGE SPA (EDY)","JALAN B KATAMSO KOMPL CENTRIUM NO 14-15","prelist","MEDAN MAIMUN","A U R","LINGKUNGAN 3","","","S. Aktivitas Jasa Lainnya","SBR"],
    ["56277","RUMAH MAKAN BUKIT TINGGI","JALAN B KATAMSO NO 45 L","prelist","MEDAN MAIMUN","SUKARAJA","LINGKUNGAN 7","","","I. Penyediaan Akomodasi dan Makan Minum","SBR"],
    ["56404","WARUNG BAKPAO(YUYUN)","JLN IR H JUANDA NO77","prelist","MEDAN MAIMUN","J A T I","LINGKUNGAN 1","","","G. Perdagangan Besar dan Eceran, Reparasi Mobil dan Sepeda Motor","SBR"],
    ["56405","JOPAN PRATAMA","JL IR H JUANDA NO 77","prelist","MEDAN MAIMUN","HAMDAN","LINGKUNGAN 4","","","G. Perdagangan Besar dan Eceran, Reparasi Mobil dan Sepeda Motor","SBR"],
    ["56406","PRAKTER DOKTER ISMAIL SALIM","JL B KATAMSO","prelist","MEDAN MAIMUN","SUKARAJA","LINGKUNGAN 7","","","Q. Jasa Kesehatan dan Kegiatan Sosial","SBR"],
    ["56407","GS GRETA SHOP","JALAN BRIGJEN KATAMSO NO 439 C","prelist","MEDAN MAIMUN","SEI MATI","LINGKUNGAN 6","","","G. Perdagangan Besar dan Eceran, Reparasi Mobil dan Sepeda Motor","SBR"],
    ["56408","SALON (NISA)","JALAN B KATAMSO NO 412","prelist","MEDAN MAIMUN","SEI MATI","LINGKUNGAN 7","","","S. Aktivitas Jasa Lainnya","SBR"],
    ["56409","JUALAN PAKAIAN (SUSI)","JALAN TERATAI NO. 42","prelist","MEDAN MAIMUN","HAMDAN","LINGKUNGAN 8","","","G. Perdagangan Besar dan Eceran, Reparasi Mobil dan Sepeda Motor","SBR"],
    ["56410","PECEL LELE KAKI LIMA UMAR","JL BRIGJEND KATAMSO GG PERWIRA","prelist","MEDAN MAIMUN","SEI MATI","LINGKUNGAN 11","","","I. Penyediaan Akomodasi dan Makan Minum","SBR"],
    ["56411","KLINIK BONDI","KOMPLEKS MULTATULI BLOK BB NO 46","prelist","MEDAN MAIMUN","HAMDAN","LINGKUNGAN 1","","","S. Aktivitas Jasa Lainnya","SBR"],
    ["56488","KANTOR NOTARIS ELZA","JL B KATAMSO GG LORI KAMPUNG BARU","prelist","MEDAN MAIMUN","KAMPUNG BARU","LINGKUNGAN 5","","","M. Jasa Profesional, Ilmiah, dan Teknis","SBR"],
    ["56862","BAKSO LEBONG","KOMPLEKS MULTATULI BLOK FF NO 8-9-10","prelist","MEDAN MAIMUN","HAMDAN","LINGKUNGAN 6","","","I. Penyediaan Akomodasi dan Makan Minum","SBR"],
    ["56880","MAXX PANGKAS (ERNAWATI)","KOMPLEKS MULTATULI BLOK FF NO 30","prelist","MEDAN MAIMUN","HAMDAN","LINGKUNGAN 6","","","S. Aktivitas Jasa Lainnya","SBR"],
    ["56885","WARUNG INTERNET","JALAN BRIGJEND KATAMSO BARU GG ISRAEL","prelist","MEDAN MAIMUN","A U R","LINGKUNGAN 2","","","J. Informasi dan Komunikasi","SBR"],
    ["56886","KARYA SEPAKAT STANLIS","JALAN MESJID RAYA GG WISATA","prelist","MEDAN MAIMUN","A U R","LINGKUNGAN 8","","","C. Industri Pengolahan","SBR"],
    ["56888","KEDAI TIRAMISU","JALAN B KATAMS O DALAM NO 56 K","prelist","MEDAN MAIMUN","A U R","LINGKUNGAN 3","","","G. Perdagangan Besar dan Eceran, Reparasi Mobil dan Sepeda Motor","SBR"],
    ["56897","SUMBER JAYA","JALAN MANGKUBUMI NO 7E","prelist","MEDAN MAIMUN","A U R","LINGKUNGAN 9","","","G. Perdagangan Besar dan Eceran, Reparasi Mobil dan Sepeda Motor","SBR"],
    ["56898","NOTARIS ADIPINEM SH","JALAN KOLONEL SUGIONO NO 18B","prelist","MEDAN MAIMUN","A U R","LINGKUNGAN 9","","","M. Jasa Profesional, Ilmiah, dan Teknis","SBR"],
    ["56910","NEIMAR SHOES (LIDYA FADILLA)","JL BRIGJEND KATAMSO NO 737","prelist","MEDAN MAIMUN","KAMPUNG BARU","LINGKUNGAN 2","","","G. Perdagangan Besar dan Eceran, Reparasi Mobil dan Sepeda Motor","SBR"],
    ["56911","JNE","JL B KATAMSO NO 287","prelist","MEDAN MAIMUN","SUKARAJA","LINGKUNGAN 1","","","H. Transportasi dan Pergudangan","SBR"],
    ["56916","INDO JAYA MENENGAH","JALAN BRIGJEN KATAMSO","prelist","MEDAN MAIMUN","KAMPUNG BARU","LINGKUNGAN 2","","","G. Perdagangan Besar dan Eceran, Reparasi Mobil dan Sepeda Motor","SBR"],
    ["56923","FLADEO <FATMULIATI>","JL B KATAMSO NO 156 G","prelist","MEDAN MAIMUN","KAMPUNG BARU","LINGKUNGAN 11","","","G. Perdagangan Besar dan Eceran, Reparasi Mobil dan Sepeda Motor","SBR"],
    ["56935","CHLOE PRIVATE","JL BRIGJEN KATAMSSO KOMP ISTANA PRIMA 2 NO E 9","prelist","MEDAN MAIMUN","SEI MATI","LINGKUNGAN 10","","","P. Pendidikan","SBR"],
    ["56957","KANTOR HUKUM OK ISKANDAR SH MH","JALAN BRIGJEN KATAMSO NO 371 A","prelist","MEDAN MAIMUN","SEI MATI","LINGKUNGAN 4","","","M. Jasa Profesional, Ilmiah, dan Teknis","SBR"],
    ["56973","PENGACARA (KARLIM)","JL B.KATAMSO NO 466","prelist","MEDAN MAIMUN","KAMPUNG BARU","LINGKUNGAN 17","","","M. Jasa Profesional, Ilmiah, dan Teknis","SBR"],
    ["57075","WARKOP REZA (HANDOKO)","JALAN H MISBAH","prelist","MEDAN MAIMUN","HAMDAN","LINGKUNGAN 7","","","I. Penyediaan Akomodasi dan Makan Minum","SBR"],
    ["57094","BANK ARTHA GRAHA","JL PEMUDA NO 3","prelist","MEDAN MAIMUN","A U R","LINGKUNGAN 7","","","K. Aktivitas Keuangan Dan Asuransi","SBR"],
    ["57095","RIVA REPARAS TAS KOPER","JALAN BRIGJEND KATAMSO NO 43V","prelist","MEDAN MAIMUN","A U R","LINGKUNGAN 8","","","G. Perdagangan Besar dan Eceran, Reparasi Mobil dan Sepeda Motor","SBR"],
    ["57300","RUMAH MAKAN BUNDA","JL BRIEJEND KATAMSO","prelist","MEDAN MAIMUN","KAMPUNG BARU","LINGKUNGAN 5","","","I. Penyediaan Akomodasi dan Makan Minum","SBR"],
    ["57307","USAHA KANTIN (MAS KARYO)","JALAN PEMUDA NO 2","prelist","MEDAN MAIMUN","A U R","LINGKUNGAN 5","","","I. Penyediaan Akomodasi dan Makan Minum","SBR"],
    ["57311","SONI SPORT","JL IR H JUANDA N011/23","prelist","MEDAN MAIMUN","SUKARAJA","LINGKUNGAN 1","","","G. Perdagangan Besar dan Eceran, Reparasi Mobil dan Sepeda Motor","SBR"],
    ["57312","HOTEL BINAKA","JL B KATAMSO GANG BARU NO 90 EF","prelist","MEDAN MAIMUN","SUKARAJA","LINGKUNGAN 2","","","I. Penyediaan Akomodasi dan Makan Minum","SBR"],
    ["57316","JUALAN SEMBAKO (ROSLAINI)","JALAN PACAR NO 3 A","prelist","MEDAN MAIMUN","HAMDAN","LINGKUNGAN 8","","","G. Perdagangan Besar dan Eceran, Reparasi Mobil dan Sepeda Motor","SBR"],
    ["57355","JASA ANGKUTAN SETIA","JALAN BIGJEN KATAMSO","prelist","MEDAN MAIMUN","SEI MATI","LINGKUNGAN 7","","","S. Aktivitas Jasa Lainnya","SBR"],
    ["57356","RM TIARA JAYA(DEDY)","JALAN B KATAMSO","prelist","MEDAN MAIMUN","SUKARAJA","LINGKUNGAN 5","","","I. Penyediaan Akomodasi dan Makan Minum","SBR"],
    ["57371","USAHA PENYIMPANAN MOBIL","JALAN F.KIEJEN NATAMSU","prelist","MEDAN MAIMUN","A U R","LINGKUNGAN 10","","","H. Transportasi dan Pergudangan","SBR"],
    ["57409","MPM FINANCE (TAN HUA TJAI)","KOMPLEKS MULTATULI BLOK CC NO 38-39","prelist","MEDAN MAIMUN","HAMDAN","LINGKUNGAN 1","","","K. Aktivitas Keuangan Dan Asuransi","SBR"],
    ["57410","CHIKEN MONSTER","KOMPLEKS MULTATULI BLOK FF NO 22","prelist","MEDAN MAIMUN","HAMDAN","LINGKUNGAN 7","","","I. Penyediaan Akomodasi dan Makan Minum","SBR"],
    ["57415","INNOVATION STORE","JL PEMUDA","prelist","MEDAN MAIMUN","A U R","LINGKUNGAN 7","","","R. Kesenian, Hiburan, dan Rekreasi","SBR"],
    ["57439","MULTI SARANA UD <STAN LEY >","JALAN BRIGJEND KATAMSO DALAM NO 62 KK/69","prelist","MEDAN MAIMUN","A U R","LINGKUNGAN 1","","","C. Industri Pengolahan","SBR"],
    ["57443","KEDAI KELONTONG (HERLINA)","JALAN KANTIL NO 13","prelist","MEDAN MAIMUN","HAMDAN","LINGKUNGAN 8","","","I. Penyediaan Akomodasi dan Makan Minum","SBR"],
    ["57452","STATION KARAOKE","JL KOLONEL SUGIONO NO 1","prelist","MEDAN MAIMUN","A U R","LINGKUNGAN 5","","","R. Kesenian, Hiburan, dan Rekreasi","SBR"],
    ["57467","NASI PEDAS BALI BARONG BLOK E","COMPLEK MULTATUL-1 INDAH BLOK E NO 56","prelist","MEDAN MAIMUN","A U R","LINGKUNGAN 10","","","I. Penyediaan Akomodasi dan Makan Minum","SBR"],
    ["57469","PERCETAKAN UD SABAR","JL MESJID RAYA BARU NO 3","prelist","MEDAN MAIMUN","A U R","LINGKUNGAN 8","","","G. Perdagangan Besar dan Eceran, Reparasi Mobil dan Sepeda Motor","SBR"],
    ["57512","HERITAGE SPA","KOMPLEKS MULTATULI BLOK BB NO 5-7","prelist","MEDAN MAIMUN","HAMDAN","LINGKUNGAN 1","","","Q. Jasa Kesehatan dan Kegiatan Sosial","SBR"],
    ["57513","NOAH PRAWEDDING","KOMP MULTATULI BLOK BB NO 55","prelist","MEDAN MAIMUN","HAMDAN","LINGKUNGAN 1","","","S. Aktivitas Jasa Lainnya","SBR"],
    ["57523","SKIN CARE","JL PALANG MERAH","prelist","MEDAN MAIMUN","HAMDAN","LINGKUNGAN 10","","","S. Aktivitas Jasa Lainnya","SBR"],
    ["57585","CLINIC HEAVEALLY (DARWI)","JL B KATAMSO NO 486 G","prelist","MEDAN MAIMUN","KAMPUNG BARU","LINGKUNGAN 17","","","S. Aktivitas Jasa Lainnya","SBR"],
    ["57596","DOKTER SPESIALIS","JALAN BRIGJEN KATAMSO","prelist","MEDAN MAIMUN","SEI MATI","LINGKUNGAN 5","","","P. Pendidikan","SBR"],
    ["57605","WARUNG NASI SOTO","JALAN BRIGJEN KATAMSO NO 29 E","prelist","MEDAN MAIMUN","A U R","LINGKUNGAN 4","","","I. Penyediaan Akomodasi dan Makan Minum","SBR"],
    ["57670","AMAN JAYA (HENDRY)","JL SURABAYA LK 7","prelist","MEDAN MAIMUN","A U R","LINGKUNGAN 9","","","G. Perdagangan Besar dan Eceran, Reparasi Mobil dan Sepeda Motor","SBR"],
    ["57687","SALON RUMAH CEMPAKA (RIZA SANTIVA)","JALAN CEMPAKA NO 3","prelist","MEDAN MAIMUN","HAMDAN","LINGKUNGAN 7","","","S. Aktivitas Jasa Lainnya","SBR"],
    ["58142","OJI SAM CURRY","KOMPLEKS MULTATULI BLOK FF NO 23","prelist","MEDAN MAIMUN","HAMDAN","LINGKUNGAN 6","","","I. Penyediaan Akomodasi dan Makan Minum","SBR"],
    ["58143","OPAL COFFEE","JL BRIGJEN KATAMSO","prelist","MEDAN MAIMUN","SEI MATI","LINGKUNGAN 5","","","I. Penyediaan Akomodasi dan Makan Minum","SBR"],
    ["58152","NASI SOTO SINAR PAGI","JALAN MANGKUBUMI NO 10B","prelist","MEDAN MAIMUN","A U R","LINGKUNGAN 5","","","I. Penyediaan Akomodasi dan Makan Minum","SBR"],
    ["58161","GUARBIA MINI MARKET (SARI)","JALAN BRIGJEND KATAMSO GANG MERIAM NO 1","prelist","MEDAN MAIMUN","A U R","LINGKUNGAN 2","","","G. Perdagangan Besar dan Eceran, Reparasi Mobil dan Sepeda Motor","SBR"],
    ["58167","TITO TAILOR","KOMPLEKS MULTATULI BLOK AA NO 20","prelist","MEDAN MAIMUN","HAMDAN","LINGKUNGAN 1","","","C. Industri Pengolahan","SBR"],
    ["58173","VICTOR (ELIE ROMY)","KOMPLEKS MULTATULI BLOK CC NO 32","prelist","MEDAN MAIMUN","HAMDAN","LINGKUNGAN 1","","","P. Pendidikan","SBR"],
    ["58184","PRAKTEK DOKTER (SUNARIO SALIM MKT)","JALAN WARNA NO 34","prelist","MEDAN MAIMUN","SUKARAJA","LINGKUNGAN 6","","","Q. Jasa Kesehatan dan Kegiatan Sosial","SBR"],
    ["58187","TOKO EKG WILISON","JALAN BRIGJEN KATAMSO NO 98 / 378","prelist","MEDAN MAIMUN","SEI MATI","LINGKUNGAN 7","","","G. Perdagangan Besar dan Eceran, Reparasi Mobil dan Sepeda Motor","SBR"],
    ["58243","C&F BAKERY","JALAN MANGKUBUMI NO 14 D","prelist","MEDAN MAIMUN","A U R","LINGKUNGAN 5","","","G. Perdagangan Besar dan Eceran, Reparasi Mobil dan Sepeda Motor","SBR"],
    ["58269","NOTARIS","JALAN BRIGJEN KATAMSO NO 417","prelist","MEDAN MAIMUN","SEI MATI","LINGKUNGAN 5","","","M. Jasa Profesional, Ilmiah, dan Teknis","SBR"],
    ["58718","DE PLACE (LIANA)","KOMPLEKS MULTATULI BLOK FF NO 24","prelist","MEDAN MAIMUN","A U R","LINGKUNGAN 10","","","I. Penyediaan Akomodasi dan Makan Minum","SBR"],
    ["58738","PRIMA JAYA","JL PEMUDA BARU 2 NO 21","prelist","MEDAN MAIMUN","A U R","LINGKUNGAN 7","","","G. Perdagangan Besar dan Eceran, Reparasi Mobil dan Sepeda Motor","SBR"],
    ["58784","TUNG AIR AIZIUM","JALAN BRIGJEND KATAMSO N0 408 A","prelist","MEDAN MAIMUN","SEI MATI","LINGKUNGAN 9","","","C. Industri Pengolahan","SBR"],
    ["58791","FOTOCOPY","JALAN MANGKUBUMI","prelist","MEDAN MAIMUN","A U R","LINGKUNGAN 9","","","N. Jasa Persewaan, Ketenagakerjaan, Agen Perjalanan, dan Jasa Pendukung","SBR"],
    ["58803","RUYI REFLEXOLOGI","KOMPLEKS MULTATULI BLOK CC NO 17-18","prelist","MEDAN MAIMUN","HAMDAN","LINGKUNGAN 1","","","S. Aktivitas Jasa Lainnya","SBR"],
    ["58810","PENYEWAAN RUMAH (ALI)","JL B KATAMSO GG JERUK NO 1","prelist","MEDAN MAIMUN","KAMPUNG BARU","LINGKUNGAN 8","","","L. Real Estat","SBR"],
    ["58850","INVESMENT B (EDDY G)","KOMPLEKS MULTATULI BLOK FF NO 27 A","prelist","MEDAN MAIMUN","HAMDAN","LINGKUNGAN 6","","","G. Perdagangan Besar dan Eceran, Reparasi Mobil dan Sepeda Motor","SBR"],
    ["58855","UD REZEKI BERSAMA","JALAN BRIGJEN KATAMSO NO 515","prelist","MEDAN MAIMUN","SEI MATI","LINGKUNGAN 7","","","G. Perdagangan Besar dan Eceran, Reparasi Mobil dan Sepeda Motor","SBR"],
    ["58856","TB ABADI SEJAHTERA (YENTO)","JLN B KATAMSO NO 11E","prelist","MEDAN MAIMUN","KAMPUNG BARU","LINGKUNGAN 11","","","G. Perdagangan Besar dan Eceran, Reparasi Mobil dan Sepeda Motor","SBR"],
    ["58857","SALON RUMAH CEMPAKA (RIZA)","JALAN H MISBAH NO 146","prelist","MEDAN MAIMUN","HAMDAN","LINGKUNGAN 8","","","I. Penyediaan Akomodasi dan Makan Minum","SBR"],
    ["58864","TK PAUD<FATIMAH>","JL IR H JUANDA GG AMAL NO 15","prelist","MEDAN MAIMUN","SUKARAJA","LINGKUNGAN 5","","","P. Pendidikan","SBR"],
    ["59006","KANTIN PERPUSTAKAAN","JALAN BRIGJEND KATAMSO NO 45 K","prelist","MEDAN MAIMUN","A U R","LINGKUNGAN 8","","","I. Penyediaan Akomodasi dan Makan Minum","SBR"],
    ["59007","HARIAN REALITAS","JL BRIGJEND KATAMSO NO 43","prelist","MEDAN MAIMUN","A U R","LINGKUNGAN 8","","","J. Informasi dan Komunikasi","SBR"],
    ["59022","TOKO GIAT KENCANA","JL BRIGJEN KATAMSO","prelist","MEDAN MAIMUN","SEI MATI","LINGKUNGAN 7","","","C. Industri Pengolahan","SBR"],
    ["59098","PRAKTEK DOKTER GIGI","JL B KATAMSO GG SILATURAHMI NO 10","prelist","MEDAN MAIMUN","A U R","LINGKUNGAN 4","","","Q. Jasa Kesehatan dan Kegiatan Sosial","SBR"],
    ["59183","MONDEAL FUNITURE","JL SUPRAPTO NO 16","prelist","MEDAN MAIMUN","A U R","LINGKUNGAN 5","","","G. Perdagangan Besar dan Eceran, Reparasi Mobil dan Sepeda Motor","SBR"],
    ["59184","KARYA SEPAKAT (BENGKEL LAS BESI)","JALAN MESJID RAYA","prelist","MEDAN MAIMUN","A U R","LINGKUNGAN 8","","","C. Industri Pengolahan","SBR"],
    ["59185","MARTHA COFFEE SHOP (NUR IMAM )","JALAN BRIGJEND KATAMSO GANG MERIAM NO 1","prelist","MEDAN MAIMUN","HAMDAN","LINGKUNGAN 8","","","I. Penyediaan Akomodasi dan Makan Minum","SBR"],
    ["59208","PAUD BINA MANDIRI","JALAN PASAR SENEN NO 674 KAMPUNG BARU","prelist","MEDAN MAIMUN","KAMPUNG BARU","LINGKUNGAN 4","","","P. Pendidikan","SBR"],
    ["59234","KLINIK PARU-PARU DAN ASMA KAMPUNG BARU(FAJRINUR SYAHRANI)","JL B KATAMSO NO 722","prelist","MEDAN MAIMUN","KAMPUNG BARU","LINGKUNGAN 1","","","Q. Jasa Kesehatan dan Kegiatan Sosial","SBR"],
    ["59235","SALON WAXING QUEEN","JL MULTATULI","prelist","MEDAN MAIMUN","HAMDAN","LINGKUNGAN 6","","","S. Aktivitas Jasa Lainnya","SBR"],
    ["59237","SEMPOA SIP","JLN B KATAMSO NO 683 B","prelist","MEDAN MAIMUN","KAMPUNG BARU","LINGKUNGAN 19","","","P. Pendidikan","SBR"],
    ["59238","SALON CELEBRITY","KOMPLEKS MULTATULI BLOK FF NO 14-15","prelist","MEDAN MAIMUN","A U R","LINGKUNGAN 10","","","S. Aktivitas Jasa Lainnya","SBR"],
    ["59239","DAGANG GAS (RIJA)","JALAN B KATAMS O N 0527","prelist","MEDAN MAIMUN","SEI MATI","LINGKUNGAN 7","","","G. Perdagangan Besar dan Eceran, Reparasi Mobil dan Sepeda Motor","SBR"],
    ["59240","MARTABAK TELUR","KOMPLEKS MULTATULI BLOK FF NO 8-9-10","prelist","MEDAN MAIMUN","HAMDAN","LINGKUNGAN 6","","","I. Penyediaan Akomodasi dan Makan Minum","SBR"],
    ["59241","TOKO KRATON BATIK (SYAHRIKI)","JL BRIGJEND KATAMSO NO 7470","prelist","MEDAN MAIMUN","KAMPUNG BARU","LINGKUNGAN 7","","","G. Perdagangan Besar dan Eceran, Reparasi Mobil dan Sepeda Motor","SBR"],
    ["59242","JUALAN ASESORIS(KASIM)","JL B KATAMSO GG 2.UBUR KOMPLEK NO 2 K","prelist","MEDAN MAIMUN","A U R","LINGKUNGAN 4","","","G. Perdagangan Besar dan Eceran, Reparasi Mobil dan Sepeda Motor","SBR"],
    ["59250","JASA PETI KEMAS","JL PEMUDA BARU","prelist","MEDAN MAIMUN","A U R","LINGKUNGAN 7","","","N. Jasa Persewaan, Ketenagakerjaan, Agen Perjalanan, dan Jasa Pendukung","SBR"],
    ["59311","AYAM PENYET","KOMPLEKS MULTATULI BLOK FF NO 8-9-10","prelist","MEDAN MAIMUN","HAMDAN","LINGKUNGAN 6","","","I. Penyediaan Akomodasi dan Makan Minum","SBR"],
    ["59314","USAHA ONLINE (MURNI)","JL AVROS GG MANCANG","prelist","MEDAN MAIMUN","KAMPUNG BARU","LINGKUNGAN 14","","","J. Informasi dan Komunikasi","SBR"],
    ["59315","EL ZATTA","JL IR H JUANDA NO 49 AB","prelist","MEDAN MAIMUN","SUKARAJA","LINGKUNGAN 5","","","G. Perdagangan Besar dan Eceran, Reparasi Mobil dan Sepeda Motor","SBR"],
    ["59316","SEMEN INSTAN (WONG KIMSOEN)","JL IR H JUANDA NO 24","prelist","MEDAN MAIMUN","SUKARAJA","LINGKUNGAN 5","","","G. Perdagangan Besar dan Eceran, Reparasi Mobil dan Sepeda Motor","SBR"],
    ["59317","JUAL ECERAN SEMBAKO","JALAN IR H JUANDA GG ISTILAH NO 15","prelist","MEDAN MAIMUN","SUKARAJA","LINGKUNGAN 2","","","G. Perdagangan Besar dan Eceran, Reparasi Mobil dan Sepeda Motor","SBR"],
    ["59318","PERCETAKAN SINGGIH","JALAN BRIGJEN KATAMSO GG PERDAMALAN NO 06","prelist","MEDAN MAIMUN","A U R","LINGKUNGAN 4","","","C. Industri Pengolahan","SBR"],
    ["59319","MPS WILLY","JALAN BRIGJEN KATAMSO NO 389 A","prelist","MEDAN MAIMUN","SEI MATI","LINGKUNGAN 4","","","G. Perdagangan Besar dan Eceran, Reparasi Mobil dan Sepeda Motor","SBR"],
    ["59341","SALON JBS","JALAN BRIGJEN KATAMSO NO 437 A","prelist","MEDAN MAIMUN","SEI MATI","LINGKUNGAN 5","","","S. Aktivitas Jasa Lainnya","SBR"],
    ["59344","KEDAI LAUK PAUK (DARWIS)","JALAN BRIGJEN KATAMSO BELAKANG REL","prelist","MEDAN MAIMUN","KAMPUNG BARU","LINGKUNGAN 20","","","G. Perdagangan Besar dan Eceran, Reparasi Mobil dan Sepeda Motor","SBR"],
    ["59345","BUBUR AYAM BANG BOY (AMALIA TURSINA)","JALAN KANTIL","prelist","MEDAN MAIMUN","HAMDAN","LINGKUNGAN 8","","","I. Penyediaan Akomodasi dan Makan Minum","SBR"],
    ["59346","PONDOK INDAH HARLEY","JL SAMANHUDI NO 3","prelist","MEDAN MAIMUN","HAMDAN","LINGKUNGAN 6","","","I. Penyediaan Akomodasi dan Makan Minum","SBR"],
    ["59347","GLOBAL ART (IRSAN T)","KOMPLEKS MULTATULI BLOK CC NO 31","prelist","MEDAN MAIMUN","HAMDAN","LINGKUNGAN 7","","","P. Pendidikan","SBR"],
    ["59348","CENTRAL W PAPER (KURNIATY)","KOMPLEKS MULTATULI BLOK FF NO 16-17","prelist","MEDAN MAIMUN","HAMDAN","LINGKUNGAN 6","","","F. Konstruksi","SBR"],
    ["59350","WARUNG MAKAN EFI","JL BRIGJEND KATAMSO","prelist","MEDAN MAIMUN","A U R","LINGKUNGAN 2","","","I. Penyediaan Akomodasi dan Makan Minum","SBR"],
    ["59356","UD ANUGRAH (WEDDY TAN)","JALAN BRIGIEN KATAMSO NO 690-692 KP BARU","prelist","MEDAN MAIMUN","KAMPUNG BARU","LINGKUNGAN 2","","","G. Perdagangan Besar dan Eceran, Reparasi Mobil dan Sepeda Motor","SBR"],
    ["59357","SALOON (WONG MIE FONG)","SALAN BRIGJEND KATAM SO.NO 314F KP BARU","prelist","MEDAN MAIMUN","KAMPUNG BARU","LINGKUNGAN 2","","","S. Aktivitas Jasa Lainnya","SBR"],
    ["59365","PROPERTI","JL B KATAMSO NO 486","prelist","MEDAN MAIMUN","KAMPUNG BARU","LINGKUNGAN 17","","","L. Real Estat","SBR"],
    ["59373","PABRIK BOLU KUKUS(UNA)","JLE KATAMSO GG SUBUR KOMPLEK NO 3 J","prelist","MEDAN MAIMUN","KAMPUNG BARU","LINGKUNGAN 11","","","C. Industri Pengolahan","SBR"],
    ["59382","SONI SPORT (PREM SINGH)","JL IR H JUANDA","prelist","MEDAN MAIMUN","SUKARAJA","LINGKUNGAN 1","","","G. Perdagangan Besar dan Eceran, Reparasi Mobil dan Sepeda Motor","SBR"],
    ["59442","SEAFOOD REST","JALAN PEMUDA","prelist","MEDAN MAIMUN","A U R","LINGKUNGAN 5","","","I. Penyediaan Akomodasi dan Makan Minum","SBR"],
    ["59502","UD JABBAR (RUFRI ISKANDAR)","JALAN BRIGJEN KATAMSO","prelist","MEDAN MAIMUN","SEI MATI","LINGKUNGAN 5","","","G. Perdagangan Besar dan Eceran, Reparasi Mobil dan Sepeda Motor","SBR"],
    ["59510","NOTARIS DAN PPAT (MHD SYAFEI LUBIS SH)","JLN B KATAMSO NO 136","prelist","MEDAN MAIMUN","SUKARAJA","LINGKUNGAN 6","","","M. Jasa Profesional, Ilmiah, dan Teknis","SBR"],
    ["59533","NINA PONSEL JUNAIDI","JALAN BRIGJEN KATAMSO NO 337","prelist","MEDAN MAIMUN","SEI MATI","LINGKUNGAN 3","","","G. Perdagangan Besar dan Eceran, Reparasi Mobil dan Sepeda Motor","SBR"],
    ["59551","BIRO JASA","JLB KATAMSO NO 486 D","prelist","MEDAN MAIMUN","KAMPUNG BARU","LINGKUNGAN 17","","","S. Aktivitas Jasa Lainnya","SBR"],
    ["59554","LOUNDRY BUMI CLEAN","JALAN BRIGJEN KATAMSO NO 445","prelist","MEDAN MAIMUN","SEI MATI","LINGKUNGAN 6","","","S. Aktivitas Jasa Lainnya","SBR"],
    ["59597","TOKO WIN WIN","PASAR PETISAH LINGKUNGAN 12","prelist","MEDAN MAIMUN","KAMPUNG BARU","LINGKUNGAN 11","","","G. Perdagangan Besar dan Eceran, Reparasi Mobil dan Sepeda Motor","SBR"],
    ["59612","TOKO SAMAD","JL H ZAINUL ARIFIN","prelist","MEDAN MAIMUN","A U R","LINGKUNGAN 4","","","G. Perdagangan Besar dan Eceran, Reparasi Mobil dan Sepeda Motor","SBR"],
    ["59671","BENGKEL SIRHAN","JL BRIGIEN KATAMSO","prelist","MEDAN MAIMUN","KAMPUNG BARU","LINGKUNGAN 17","","","G. Perdagangan Besar dan Eceran, Reparasi Mobil dan Sepeda Motor","SBR"],
    ["59689","RUMAH BERSALIN(WINNA)","JALAN B KATAMSO KAMPUNG BARU","prelist","MEDAN MAIMUN","KAMPUNG BARU","LINGKUNGAN 5","","","Q. Jasa Kesehatan dan Kegiatan Sosial","SBR"],
    ["59692","TOKO KACA (SANTO)","JL IR H JUANDA","prelist","MEDAN MAIMUN","SUKARAJA","LINGKUNGAN 5","","","G. Perdagangan Besar dan Eceran, Reparasi Mobil dan Sepeda Motor","SBR"],
    ["59834","PROSES BELAJAR S M P N 34","GANG PERBATASAN BARU","prelist","MEDAN MAIMUN","KAMPUNG BARU","LINGKUNGAN 21","","","P. Pendidikan","SBR"],
    ["59841","KANTOR NOTARIS","JL BRIEJEND KATAMSO","prelist","MEDAN MAIMUN","SEI MATI","LINGKUNGAN 5","","","M. Jasa Profesional, Ilmiah, dan Teknis","SBR"],
    ["59842","D CAFE","JL BRIGJEND KATAMSO","prelist","MEDAN MAIMUN","KAMPUNG BARU","LINGKUNGAN 17","","","I. Penyediaan Akomodasi dan Makan Minum","SBR"],
    ["59845","BABE CATERING (MAHARANI)","JALAN TERATAI NO 9","prelist","MEDAN MAIMUN","HAMDAN","LINGKUNGAN 7","","","I. Penyediaan Akomodasi dan Makan Minum","SBR"],
    ["59847","NOTARIS (DIRHAMSYAH ARSYAD)","JALAN BRIGJEN KATAMSO NO 467","prelist","MEDAN MAIMUN","SEI MATI","LINGKUNGAN 6","","","M. Jasa Profesional, Ilmiah, dan Teknis","SBR"],
    ["59849","BENGKEL (ADI)","JALAN B KATAMSO N011","prelist","MEDAN MAIMUN","SEI MATI","LINGKUNGAN 5","","","G. Perdagangan Besar dan Eceran, Reparasi Mobil dan Sepeda Motor","SBR"],
    ["59890","TRAVEL","JL. B. KATAMSO NO. 60","prelist","MEDAN MAIMUN","A U R","LINGKUNGAN 2","","","N. Jasa Persewaan, Ketenagakerjaan, Agen Perjalanan, dan Jasa Pendukung","SBR"],
    ["59910","BIO GREEN","KOMPLEK MULTATULI INDAH BLOK E NO 48 A","prelist","MEDAN MAIMUN","A U R","LINGKUNGAN 10","","","I. Penyediaan Akomodasi dan Makan Minum","SBR"],
    ["59923","PERABOT LEMARI","JALAN BRIGJEND KATAMSO NO 26","prelist","MEDAN MAIMUN","SUKARAJA","LINGKUNGAN 1","","","C. Industri Pengolahan","SBR"],
    ["59932","TEH KUN FU (WOEN CHIN)","JALAN MESJID RAYA NO 12","prelist","MEDAN MAIMUN","A U R","LINGKUNGAN 8","","","I. Penyediaan Akomodasi dan Makan Minum","SBR"],
    ["59969","ANUGERAH JAYA","JL B KATAMSO NO 682 KAMPUNG BARU","prelist","MEDAN MAIMUN","KAMPUNG BARU","LINGKUNGAN 4","","","G. Perdagangan Besar dan Eceran, Reparasi Mobil dan Sepeda Motor","SBR"],
    ["59989","BUGIS COFFEE (SALIM)","JL B KATAMSO KOMP CERITRIUM NO 56.57","prelist","MEDAN MAIMUN","SEI MATI","LINGKUNGAN 10","","","I. Penyediaan Akomodasi dan Makan Minum","SBR"],
    ["59991","NOTARIS EGAWATI SIREGAR","JALAN MANGKUBUMI NO 15E","prelist","MEDAN MAIMUN","A U R","LINGKUNGAN 9","","","M. Jasa Profesional, Ilmiah, dan Teknis","SBR"],
    ["59992","KANTIN PERKUMPULAN BU DHA AMITHABA","COMPLEK MULTATULL IND AH BLOK G NO 19-20","prelist","MEDAN MAIMUN","A U R","LINGKUNGAN 10","","","I. Penyediaan Akomodasi dan Makan Minum","SBR"],
    ["59994","BENGKEL LAS TENDA","JALAN MESJID RAYA GG WISATA","prelist","MEDAN MAIMUN","A U R","LINGKUNGAN 3","","","C. Industri Pengolahan","SBR"],
    ["59995","TAPANULI KACA","JL BRIGJEND KATAMSO NO 43 H","prelist","MEDAN MAIMUN","A U R","LINGKUNGAN 8","","","C. Industri Pengolahan","SBR"],
    ["60119","HUTAN BARUMUN PERKASA, PT","Jl. Kolonel Sugiono No 10 D-E-F","prelist","MEDAN MAIMUN","A U R","LINGKUNGAN 9","","","A. Pertanian, Kehutanan, dan Perikanan","SBR"],
    ["60123","NOTARIS LINDAWANI GIRSANG","JALAN SUPRAPTO","prelist","MEDAN MAIMUN","A U R","LINGKUNGAN 5","","","M. Jasa Profesional, Ilmiah, dan Teknis","SBR"],
    ["60130","TERAPI DELIMA","JL B KATAMSO NO ZOOD","prelist","MEDAN MAIMUN","SUKARAJA","LINGKUNGAN 7","","","N. Jasa Persewaan, Ketenagakerjaan, Agen Perjalanan, dan Jasa Pendukung","SBR"],
    ["60131","BAKSO AMAT","JL H JUANDA NO.112","prelist","MEDAN MAIMUN","HAMDAN","LINGKUNGAN 4","","","I. Penyediaan Akomodasi dan Makan Minum","SBR"],
    ["60136","SATE<AFRIZAI AMIR>","JL B KATAMSO NO 150B","prelist","MEDAN MAIMUN","KAMPUNG BARU","LINGKUNGAN 11","","","I. Penyediaan Akomodasi dan Makan Minum","SBR"],
    ["60167","LIVE MUSIC BATAK SONG ROYAL CAFE PT HOTEL DANAU TOBA INT","IMAM BONJOL NO 17","prelist","MEDAN MAIMUN","HAMDAN","LINGKUNGAN 10","","","R. Kesenian, Hiburan, dan Rekreasi","SBR"],
    ["60168","LIVE MUSIC THE TAVERN PT HOTEL DANAU TOBA INTE","IMAM BONJOL NO 17","prelist","MEDAN MAIMUN","HAMDAN","LINGKUNGAN 10","","","R. Kesenian, Hiburan, dan Rekreasi","SBR"],
    ["60169","KLAB MALAM THE CUBE PT HOTEL DANAU TOBA INT","IMAM BONJOL NO 17","prelist","MEDAN MAIMUN","HAMDAN","LINGKUNGAN 10","","","R. Kesenian, Hiburan, dan Rekreasi","SBR"],
    ["60170","LIVE MUSIC URBAN CLUB","IMAM BONJOL NO 17","prelist","MEDAN MAIMUN","HAMDAN","LINGKUNGAN 10","","","I. Penyediaan Akomodasi dan Makan Minum","SBR"],
    ["60209","PUB DELTA","H JUANDA NO 3L","prelist","MEDAN MAIMUN","SUKARAJA","LINGKUNGAN 3","","","R. Kesenian, Hiburan, dan Rekreasi","SBR"],
    ["60239","HOTEL HERMES PALACE MEDAN","JL. PEMUDA NO. 22","prelist","MEDAN MAIMUN","A U R","LINGKUNGAN 5","","","I. Penyediaan Akomodasi dan Makan Minum","SBR"],
    ["60241","511 IDEAL STAY","PEMUDA BARU II NO. 5","prelist","MEDAN MAIMUN","A U R","LINGKUNGAN 7","","","I. Penyediaan Akomodasi dan Makan Minum","SBR"],
    ["60299","HOTEL ISTANA","JL. IR. H JUANDA NO. 1 C-D-E-F MEDAN","prelist","MEDAN MAIMUN","SUKARAJA","LINGKUNGAN 5","","","I. Penyediaan Akomodasi dan Makan Minum","SBR"],
    ["60354","RED DOORZ CENTRIUM GUEST HOUSE","KOMPLEK CENTRIUM NO. 80","prelist","MEDAN MAIMUN","A U R","LINGKUNGAN 3","","","I. Penyediaan Akomodasi dan Makan Minum","SBR"],
    ["60355","RED DOORZ PEMUDA","PEMUDA NO. 1D","prelist","MEDAN MAIMUN","A U R","LINGKUNGAN 7","","","I. Penyediaan Akomodasi dan Makan Minum","SBR"],
    ["60356","AVROS GUEST HOUSE","AVROS","prelist","MEDAN MAIMUN","KAMPUNG BARU","LINGKUNGAN 14","","","I. Penyediaan Akomodasi dan Makan Minum","SBR"],
    ["60357","OYO 839 ROYAL GUEST HOUSE","SUKA MULIA NO 1-2","prelist","MEDAN MAIMUN","A U R","LINGKUNGAN 6","","","I. Penyediaan Akomodasi dan Makan Minum","SBR"],
    ["60358","OYO STUDIO 10 HOMESTAY","HAJI MISBAH NO. 10","prelist","MEDAN MAIMUN","A U R","LINGKUNGAN 10","","","I. Penyediaan Akomodasi dan Makan Minum","SBR"],
    ["60359","OYO OS RESIDEN","BRIGJEND KATAMSO NO 622","prelist","MEDAN MAIMUN","SEI MATI","LINGKUNGAN 10","","","I. Penyediaan Akomodasi dan Makan Minum","SBR"],
    ["60542","TOR SIBOHI NAULI","JL BRIGJEN KATAMSO DALAM I","prelist","MEDAN MAIMUN","A U R","LINGKUNGAN 3","","","H. Transportasi dan Pergudangan","SBR"],
    ["60544","MUSEUM UANG SUMATERA","JL PEMUDA","prelist","MEDAN MAIMUN","A U R","LINGKUNGAN 7","","","R. Kesenian, Hiburan, dan Rekreasi","SBR"],
    ["60590","ETIKA TATA MEDIA","KOMPLEK MULTATULI INDAH","prelist","MEDAN MAIMUN","HAMDAN","LINGKUNGAN 1","","","J. Informasi dan Komunikasi","SBR"],
    ["60676","SATRIA BRATA JAYA","JL KOLONEL SUGIONO","prelist","MEDAN MAIMUN","A U R","LINGKUNGAN 5","","","M. Jasa Profesional, Ilmiah, dan Teknis","SBR"],
    ["60685","TECHNO PRIMA MEDIKA","JL BRIGJEND KATAMSO GG JAWA","prelist","MEDAN MAIMUN","A U R","LINGKUNGAN 4","","","N. Jasa Persewaan, Ketenagakerjaan, Agen Perjalanan, dan Jasa Pendukung","SBR"],
    ["60689","RIDITA TRIDAYA PERSADA","JL IR H JUANDA","prelist","MEDAN MAIMUN","J A T I","LINGKUNGAN 1","","","F. Konstruksi","SBR"],
    ["60709","MODERN HEALTH CONSULTANCY AND SERVICE CENTRE","KOMPLEK MULTATULI INDAH","prelist","MEDAN MAIMUN","HAMDAN","LINGKUNGAN 1","","","Q. Jasa Kesehatan dan Kegiatan Sosial","SBR"],
    ["60792","JAYA GEMILANG","JL. B. KATAMSO GG. SEMPURNA","prelist","MEDAN MAIMUN","SEI MATI","LINGKUNGAN 7","","","G. Perdagangan Besar dan Eceran, Reparasi Mobil dan Sepeda Motor","SBR"],
    ["60807","BINA EDIKA NUSANTARA","KOMP MULTATULI INDAH","prelist","MEDAN MAIMUN","HAMDAN","LINGKUNGAN 6","","","P. Pendidikan","SBR"],
    ["60826","SURYA AJITAMA MAKMURVALASINDO","JL BRIGJEND KATAMSO","prelist","MEDAN MAIMUN","KAMPUNG BARU","LINGKUNGAN 20","","","K. Aktivitas Keuangan Dan Asuransi","SBR"],
    ["60828","SOEGEE GAYO COFFEE","JL KH ZAINUL ARIFIN","prelist","MEDAN MAIMUN","J A T I","LINGKUNGAN 1","","","G. Perdagangan Besar dan Eceran, Reparasi Mobil dan Sepeda Motor","SBR"],
    ["60883","FAEDAH ANDALAN SENTOSA","JL BRIGJEND KATAMSO KOMPLEK CENTRIUM BISNIS","prelist","MEDAN MAIMUN","SEI MATI","LINGKUNGAN 12","","","L. Real Estat","SBR"],
    ["60945","MULTI TECH NUSANTARA","JL B KATAMSO","prelist","MEDAN MAIMUN","SEI MATI","LINGKUNGAN 5","","","G. Perdagangan Besar dan Eceran, Reparasi Mobil dan Sepeda Motor","SBR"],
    ["60957","PHOENIX SUMBER REZEKI","JL B KATAMSO KOMPLEK ISTANA BISNIS CENTER MEDAN","prelist","MEDAN MAIMUN","SUKARAJA","LINGKUNGAN 7","","","K. Aktivitas Keuangan Dan Asuransi","SBR"],
    ["61043","MELKIS PRIMA","JL B.KATAMSO NO.458-B, KAMPUNG BARU","prelist","MEDAN MAIMUN","KAMPUNG BARU","LINGKUNGAN 17","","","S. Aktivitas Jasa Lainnya","SBR"],
    ["61061","WIRALANAO LTD.","JL.KOL SUGIONO NO.26, AUR","prelist","MEDAN MAIMUN","A U R","LINGKUNGAN 9","","","C. Industri Pengolahan","SBR"],
    ["61068","MULIA HATI","JL MULTATULI BLOK F NO. 15, AUR","prelist","MEDAN MAIMUN","J A T I","LINGKUNGAN 1","","","S. Aktivitas Jasa Lainnya","SBR"],
    ["61120","ASILAH ENERGY CONSULTANT","JL B KATAMSO NO 408","prelist","MEDAN MAIMUN","SEI MATI","LINGKUNGAN 7","","","M. Jasa Profesional, Ilmiah, dan Teknis","SBR"],
    ["61131","INDO CEMERLANG MAKMUR","JL BRIGJEND KATAMSO GG PELITA II","prelist","MEDAN MAIMUN","KAMPUNG BARU","LINGKUNGAN 18","","","G. Perdagangan Besar dan Eceran, Reparasi Mobil dan Sepeda Motor","SBR"],
    ["61194","SAHABAT MEDIA KREATIF","JL BRIGJEND KATAMSO LR III P BURUNG","prelist","MEDAN MAIMUN","A U R","LINGKUNGAN 2","","","J. Informasi dan Komunikasi","SBR"],
    ["61214","ZIKRAKA HARISASQILA","JL MAYJEND SUTOYO S NO P-5 RT.000 RW.000, KESAWAN","prelist","MEDAN MAIMUN","KAMPUNG BARU","LINGKUNGAN 17","","","G. Perdagangan Besar dan Eceran, Reparasi Mobil dan Sepeda Motor","SBR"],
    ["61246","BEUNA NIAGA","JL B KATAMSO GG KENANGA NO. 8C, KAMPUNG BARU","prelist","MEDAN MAIMUN","SEI MATI","LINGKUNGAN 9","","","G. Perdagangan Besar dan Eceran, Reparasi Mobil dan Sepeda Motor","SBR"],
    ["61249","GUZVA INDONESIA LESTARI","SUKAMULIA NO. 1","prelist","MEDAN MAIMUN","A U R","LINGKUNGAN 6","","","I. Penyediaan Akomodasi dan Makan Minum","SBR"],
    ["61285","TIARA MANDIRI","JL B KATAMSO GG PEMUDA NO 2, SEI MATI","prelist","MEDAN MAIMUN","SEI MATI","LINGKUNGAN 4","","","G. Perdagangan Besar dan Eceran, Reparasi Mobil dan Sepeda Motor","SBR"],
    ["61314","AROMA PERINTIS SELERA","KOMP ISTANA PRIMA JL BRIGJEND KATAMSO","prelist","MEDAN MAIMUN","SEI MATI","LINGKUNGAN 9","","","N. Jasa Persewaan, Ketenagakerjaan, Agen Perjalanan, dan Jasa Pendukung","SBR"],
    ["61322","TAIPAN ASRI INTERNASIONAL","JL PEMUDA PERISAI PLAZA LT VII","prelist","MEDAN MAIMUN","A U R","LINGKUNGAN 7","","","L. Real Estat","SBR"],
    ["61335","SUKSES CEMERLANG ABADI","JL MESJID RAYA","prelist","MEDAN MAIMUN","A U R","LINGKUNGAN 8","","","G. Perdagangan Besar dan Eceran, Reparasi Mobil dan Sepeda Motor","SBR"],
    ["61343","AIR BARAT","JL. BRIGJEND KATAMSO PASAR SENEN","prelist","MEDAN MAIMUN","KAMPUNG BARU","LINGKUNGAN 4","","","H. Transportasi dan Pergudangan","SBR"],
    ["61344","SAMUDERA LAUTAN PERSADA","JL TERATAI","prelist","MEDAN MAIMUN","HAMDAN","LINGKUNGAN 7","","","H. Transportasi dan Pergudangan","SBR"],
    ["61376","MITRA PASIFIK SOLUSINDO","KOMPLEK MULTATULI INDAH JL H MISBAH","prelist","MEDAN MAIMUN","HAMDAN","LINGKUNGAN 1","","","G. Perdagangan Besar dan Eceran, Reparasi Mobil dan Sepeda Motor","SBR"],
    ["61418","KARYA MANDIRI","JL MELUR","prelist","MEDAN MAIMUN","HAMDAN","LINGKUNGAN 7","","","G. Perdagangan Besar dan Eceran, Reparasi Mobil dan Sepeda Motor","SBR"],
    ["61423","NUSA BAKTI PRATAMA","JL MANGKUBUMI NO 3 - 5, AUR","prelist","MEDAN MAIMUN","A U R","LINGKUNGAN 9","","","G. Perdagangan Besar dan Eceran, Reparasi Mobil dan Sepeda Motor","SBR"],
    ["61438","ERNI PANCA RAJATI","JL B KATAMSO","prelist","MEDAN MAIMUN","A U R","LINGKUNGAN 2","","","N. Jasa Persewaan, Ketenagakerjaan, Agen Perjalanan, dan Jasa Pendukung","SBR"],
    ["61489","OKTA KARYA ENGINEERING","KOMPLEK ISTANA BISNIS CENTER JL B KATAMSO","prelist","MEDAN MAIMUN","SUKARAJA","LINGKUNGAN 7","","","G. Perdagangan Besar dan Eceran, Reparasi Mobil dan Sepeda Motor","SBR"],
    ["61541","SUMATERA INDO PETROLEUM","JL KOMP MULTATULI INDAH LK X","prelist","MEDAN MAIMUN","HAMDAN","LINGKUNGAN 7","","","G. Perdagangan Besar dan Eceran, Reparasi Mobil dan Sepeda Motor","SBR"],
    ["61625","MATAHARI TERBIT PAGI","JL PEMUDA BARU DALAM","prelist","MEDAN MAIMUN","A U R","LINGKUNGAN 7","","","G. Perdagangan Besar dan Eceran, Reparasi Mobil dan Sepeda Motor","SBR"],
    ["61639","NERO INSPIRATION","BRIGJEND. KATAMSO GG. PEMUDA NO. 29 RT. 000 RW. 000","prelist","MEDAN MAIMUN","SEI MATI","LINGKUNGAN 4","","","G. Perdagangan Besar dan Eceran, Reparasi Mobil dan Sepeda Motor","SBR"],
    ["61649","SEMESTA TETAP ABADI","JL BRIGJEN KATAMSO","prelist","MEDAN MAIMUN","SEI MATI","LINGKUNGAN 7","","","G. Perdagangan Besar dan Eceran, Reparasi Mobil dan Sepeda Motor","SBR"],
    ["61657","KEBAB SUMATERA","JL B KATAMSO","prelist","MEDAN MAIMUN","SUKARAJA","LINGKUNGAN 5","","","G. Perdagangan Besar dan Eceran, Reparasi Mobil dan Sepeda Motor","SBR"],
    ["61668","KEONG MAS PRATAMA","JL KOLONEL SUGIONO","prelist","MEDAN MAIMUN","A U R","LINGKUNGAN 5","","","M. Jasa Profesional, Ilmiah, dan Teknis","SBR"],
    ["61706","INDONESIA VIDYA CARITA","KOMP.MULTATULI INDAH BLOK C NO.18, AUR","prelist","MEDAN MAIMUN","A U R","LINGKUNGAN 10","","","S. Aktivitas Jasa Lainnya","SBR"],
    ["61740","YAYASAN PERGURUAN AL WASHLIYAH","PASAR SENEN","prelist","MEDAN MAIMUN","KAMPUNG BARU","LINGKUNGAN 4","","","P. Pendidikan","SBR"],
    ["61777","ISMED NASUTION","JL.B.KATAMSO GG.PELITA II","prelist","MEDAN MAIMUN","KAMPUNG BARU","LINGKUNGAN 18","","","G. Perdagangan Besar dan Eceran, Reparasi Mobil dan Sepeda Motor","SBR"],
    ["61842","FORTUNE INTI OBOR","JL. BRIGJEND KATAMSO NO 37-G","prelist","MEDAN MAIMUN","A U R","LINGKUNGAN 8","","","F. Konstruksi","SBR"],
    ["61872","BINA SARANA PERSADAUTAMA","JL BRIGJEN KATAMSO","prelist","MEDAN MAIMUN","KAMPUNG BARU","LINGKUNGAN 15","","","G. Perdagangan Besar dan Eceran, Reparasi Mobil dan Sepeda Motor","SBR"],
    ["61886","PRIMA GEMA ANGKASA","JL HAJI MISBAH KOMPLEK MULTATULI","prelist","MEDAN MAIMUN","HAMDAN","LINGKUNGAN 1","","","N. Jasa Persewaan, Ketenagakerjaan, Agen Perjalanan, dan Jasa Pendukung","SBR"],
    ["61937","SHIMA INDO MULIA ARTIKA","KOMP MULTATULI INDAH","prelist","MEDAN MAIMUN","HAMDAN","LINGKUNGAN 6","","","G. Perdagangan Besar dan Eceran, Reparasi Mobil dan Sepeda Motor","SBR"],
    ["61970","PANCING BUSINESS CENTRE","JL SUPRAPTO","prelist","MEDAN MAIMUN","HAMDAN","LINGKUNGAN 6","","","L. Real Estat","SBR"],
    ["62032","BINATAMA MARTABE","JL PEMUDA","prelist","MEDAN MAIMUN","A U R","LINGKUNGAN 5","","","G. Perdagangan Besar dan Eceran, Reparasi Mobil dan Sepeda Motor","SBR"],
    ["62069","KAS PRODUCTS","JL H MISBAH KOMP MULTATULI","prelist","MEDAN MAIMUN","HAMDAN","LINGKUNGAN 1","","","G. Perdagangan Besar dan Eceran, Reparasi Mobil dan Sepeda Motor","SBR"],
    ["62072","PALMEC SURYA LESTARI","JL PEMUDA BARU III","prelist","MEDAN MAIMUN","A U R","LINGKUNGAN 7","","","F. Konstruksi","SBR"],
    ["62115","TULUS MARISI","KOMPLEK RUKO MULTATULI JL MULTATULI BLOK F/19","prelist","MEDAN MAIMUN","HAMDAN","LINGKUNGAN 5","","","G. Perdagangan Besar dan Eceran, Reparasi Mobil dan Sepeda Motor","SBR"],
    ["62132","FORUM SILATURRAHIM BADAN KEMAKMURAN MESJID KOTA MEDAN","JL. LETJEND. SUPRAPTO","prelist","MEDAN MAIMUN","A U R","LINGKUNGAN 5","","","S. Aktivitas Jasa Lainnya","SBR"],
    ["62145","PLUS EDGES","JL BRIGJEND KATAMSO KOMP ISTANA PRIMA NO B-5 LINGKUNGAN IX","prelist","MEDAN MAIMUN","SEI MATI","LINGKUNGAN 9","","","N. Jasa Persewaan, Ketenagakerjaan, Agen Perjalanan, dan Jasa Pendukung","SBR"],
    ["62176","MULIA KARYA MANDIRI","JL MULTATULI LK I","prelist","MEDAN MAIMUN","HAMDAN","LINGKUNGAN 6","","","G. Perdagangan Besar dan Eceran, Reparasi Mobil dan Sepeda Motor","SBR"],
    ["62246","MEDIA REALITAS SIBER","JL BRIGJEND KATAMSO","prelist","MEDAN MAIMUN","KAMPUNG BARU","LINGKUNGAN 17","","","J. Informasi dan Komunikasi","SBR"],
    ["62273","GRAHAREKSA MANUNGGAL","JL KOLONEL SUGIONO","prelist","MEDAN MAIMUN","A U R","LINGKUNGAN 5","","","G. Perdagangan Besar dan Eceran, Reparasi Mobil dan Sepeda Motor","SBR"],
    ["62292","PRAKASHA MITRA YAHITO","JL.B.KATAMSO GG SUBUR","prelist","MEDAN MAIMUN","A U R","LINGKUNGAN 4","","","G. Perdagangan Besar dan Eceran, Reparasi Mobil dan Sepeda Motor","SBR"],
    ["62297","KARUNA BARA NUSA","JL BRIGJEN KATAMSO GG KARYA","prelist","MEDAN MAIMUN","KAMPUNG BARU","LINGKUNGAN 1","","","G. Perdagangan Besar dan Eceran, Reparasi Mobil dan Sepeda Motor","SBR"],
    ["62300","YATACOM CEMERLANG","JL BRIGJEND KATAMSO KM 3 GG SETIA","prelist","MEDAN MAIMUN","KAMPUNG BARU","LINGKUNGAN 19","","","G. Perdagangan Besar dan Eceran, Reparasi Mobil dan Sepeda Motor","SBR"],
    ["62373","IDLOKASI","JL. BRIGJEND KATAMSO","prelist","MEDAN MAIMUN","SEI MATI","LINGKUNGAN 5","","","J. Informasi dan Komunikasi","SBR"],
    ["62409","SKUTERINDO MANDIRI LESTARI","JL IR H JUANDA","prelist","MEDAN MAIMUN","SUKARAJA","LINGKUNGAN 5","","","G. Perdagangan Besar dan Eceran, Reparasi Mobil dan Sepeda Motor","SBR"],
    ["62423","PANCA ANUGRAH LESTARI","KOMPLEK MULTATULI INDAH LINGK X","prelist","MEDAN MAIMUN","A U R","LINGKUNGAN 10","","","G. Perdagangan Besar dan Eceran, Reparasi Mobil dan Sepeda Motor","SBR"],
    ["62429","PENERANG ALAM SEMESTA","JL PACAR","prelist","MEDAN MAIMUN","HAMDAN","LINGKUNGAN 8","","","G. Perdagangan Besar dan Eceran, Reparasi Mobil dan Sepeda Motor","SBR"],
    ["62444","SINERGI PRIMA FIBER","JL. BRIGADIR JENDERAL KATAMSO GANG SUBUR BARU NO. 21","prelist","MEDAN MAIMUN","KAMPUNG BARU","LINGKUNGAN 17","","","G. Perdagangan Besar dan Eceran, Reparasi Mobil dan Sepeda Motor","SBR"],
    ["62448","SULANGALING AGRO LESTARI","JL B KATAMSO DALAM","prelist","MEDAN MAIMUN","A U R","LINGKUNGAN 2","","","G. Perdagangan Besar dan Eceran, Reparasi Mobil dan Sepeda Motor","SBR"],
    ["62453","BANGUN GRAHA LESTARI","JL LETJEN SUPRAPTO","prelist","MEDAN MAIMUN","HAMDAN","LINGKUNGAN 6","","","G. Perdagangan Besar dan Eceran, Reparasi Mobil dan Sepeda Motor","SBR"],
    ["62478","SERE MULTI PERTIWI","JL.TERATAI NO.22, HAMDAN","prelist","MEDAN MAIMUN","HAMDAN","LINGKUNGAN 7","","","F. Konstruksi","SBR"],
    ["62508","AGRO JAYA PERKASA","JL B RIGJEND KATAMSO GG RUKUN","prelist","MEDAN MAIMUN","SEI MATI","LINGKUNGAN 5","","","G. Perdagangan Besar dan Eceran, Reparasi Mobil dan Sepeda Motor","SBR"],
    ["62564","PITER'S SON","JL PALANG MERAH DALAM","prelist","MEDAN MAIMUN","A U R","LINGKUNGAN 6","","","G. Perdagangan Besar dan Eceran, Reparasi Mobil dan Sepeda Motor","SBR"],
    ["62591","PELANGI PRIMA INDONESIA","JL B KATAMSO","prelist","MEDAN MAIMUN","A U R","LINGKUNGAN 2","","","G. Perdagangan Besar dan Eceran, Reparasi Mobil dan Sepeda Motor","SBR"],
    ["62598","SERBA USAHA WINNA PROP.SUMUT","JL.KATAMSO/PASAR SENEN NO.10 (R.S.WINNA), KAMPUNG BARU","prelist","MEDAN MAIMUN","KAMPUNG BARU","LINGKUNGAN 4","","","G. Perdagangan Besar dan Eceran, Reparasi Mobil dan Sepeda Motor","SBR"],
    ["62658","SENTRAL NUSANTARA MAKMUR","JL MANGKUBUMI","prelist","MEDAN MAIMUN","A U R","LINGKUNGAN 9","","","G. Perdagangan Besar dan Eceran, Reparasi Mobil dan Sepeda Motor","SBR"],
    ["62665","ANUGRAH NUSA TALENTA","JL. B. KATAMSO KOMP. ISTANA PRIMA II","prelist","MEDAN MAIMUN","A U R","LINGKUNGAN 10","","","C. Industri Pengolahan","SBR"],
    ["62697","MULTI ARTHA PERKASA","JL. BRIGJEND KATAMSO LK. VIII","prelist","MEDAN MAIMUN","A U R","LINGKUNGAN 2","","","G. Perdagangan Besar dan Eceran, Reparasi Mobil dan Sepeda Motor","SBR"],
    ["62714","ADMARA BERLIAN ABADI","JL BRIGJEN KATAMSO ISTANA BISNIS CENTER","prelist","MEDAN MAIMUN","SUKARAJA","LINGKUNGAN 7","","","P. Pendidikan","SBR"],
    ["62720","LAGENDA MARKETING INDONESIA","JL LETJEND SUPRAPTO","prelist","MEDAN MAIMUN","A U R","LINGKUNGAN 5","","","G. Perdagangan Besar dan Eceran, Reparasi Mobil dan Sepeda Motor","SBR"],
    ["62739","AMANDO PERSADA PRIMA","JL BRIGJEND. KATAMSO KOMPLEKS ISTANA PRIMA 2","prelist","MEDAN MAIMUN","SEI MATI","LINGKUNGAN 10","","","G. Perdagangan Besar dan Eceran, Reparasi Mobil dan Sepeda Motor","SBR"],
    ["62751","INDO PALAPA","JL ADE IRMA SURYANI NASUTION","prelist","MEDAN MAIMUN","HAMDAN","LINGKUNGAN 10","","","L. Real Estat","SBR"],
    ["62765","ABRAHAM","JL MELUR","prelist","MEDAN MAIMUN","HAMDAN","LINGKUNGAN 7","","","G. Perdagangan Besar dan Eceran, Reparasi Mobil dan Sepeda Motor","SBR"],
    ["62837","HUNIAN BUMI NUSANTARA","JL PALANG MERAH THE ROYAL EXECUTIVE OFFICE TOWER A LT 2 A201","prelist","MEDAN MAIMUN","A U R","LINGKUNGAN 9","","","G. Perdagangan Besar dan Eceran, Reparasi Mobil dan Sepeda Motor","SBR"],
    ["62866","PLAZA PRINTING NUSANTARA","JL MANGKUBUMI","prelist","MEDAN MAIMUN","A U R","LINGKUNGAN 9","","","G. Perdagangan Besar dan Eceran, Reparasi Mobil dan Sepeda Motor","SBR"],
    ["62887","CATA KURNIA INDONESIA","JL BRIGJEND KATAMSO","prelist","MEDAN MAIMUN","SUKARAJA","LINGKUNGAN 5","","","J. Informasi dan Komunikasi","SBR"],
    ["62896","ICON HOLIDAY INDONESIA","JL. BRIGJEND. KATAMSO KOMPLEK ISTANA BISNIS CENTER NO. 42 MEDAN","prelist","MEDAN MAIMUN","SUKARAJA","LINGKUNGAN 7","","","N. Jasa Persewaan, Ketenagakerjaan, Agen Perjalanan, dan Jasa Pendukung","SBR"],
    ["62904","MEGA BORNEO AGRO","JL BRIGJEND KATAMSO KOMPLEK SINGAPORE STATION","prelist","MEDAN MAIMUN","SEI MATI","LINGKUNGAN 9","","","G. Perdagangan Besar dan Eceran, Reparasi Mobil dan Sepeda Motor","SBR"],
    ["62907","FIOSULA ELANG INDO","JL AVROS","prelist","MEDAN MAIMUN","KAMPUNG BARU","LINGKUNGAN 14","","","G. Perdagangan Besar dan Eceran, Reparasi Mobil dan Sepeda Motor","SBR"],
    ["62920","WITARA TRIJAYA MANDIRI","JL B KATAMSO","prelist","MEDAN MAIMUN","SEI MATI","LINGKUNGAN 5","","","G. Perdagangan Besar dan Eceran, Reparasi Mobil dan Sepeda Motor","SBR"],
    ["62932","MEDAN MAHKOTA PERKASA","JL AVROS","prelist","MEDAN MAIMUN","KAMPUNG BARU","LINGKUNGAN 14","","","G. Perdagangan Besar dan Eceran, Reparasi Mobil dan Sepeda Motor","SBR"],
    ["62934","MAJAW ABADI BERSAMA","JL. BRIGJEND KATAMSO DALAM","prelist","MEDAN MAIMUN","A U R","LINGKUNGAN 1","","","G. Perdagangan Besar dan Eceran, Reparasi Mobil dan Sepeda Motor","SBR"],
    ["62935","TAMAN HARJO SARI INDAH","JL ADE IRMA SURYANI","prelist","MEDAN MAIMUN","HAMDAN","LINGKUNGAN 10","","","G. Perdagangan Besar dan Eceran, Reparasi Mobil dan Sepeda Motor","SBR"],
    ["62936","SUKINDO SUPRASEMESTA","JL MANGKUBUMI NO 15 - J, AUR","prelist","MEDAN MAIMUN","A U R","LINGKUNGAN 9","","","C. Industri Pengolahan","SBR"],
    ["62984","NUTRIEA SUBUR SAKTI","JL SUKA MULIA/PALANG MERAH TOWER A","prelist","MEDAN MAIMUN","A U R","LINGKUNGAN 6","","","G. Perdagangan Besar dan Eceran, Reparasi Mobil dan Sepeda Motor","SBR"],
    ["62992","PENGPROV PBFI SUMATERA UTARA","JL. BRIGJEN KATAMSO GG PEMUDA","prelist","MEDAN MAIMUN","SEI MATI","LINGKUNGAN 4","","","R. Kesenian, Hiburan, dan Rekreasi","SBR"],
    ["63032","SUKSES CHANTIQ LESTARI","JL MULTATULI BELAKANG","prelist","MEDAN MAIMUN","A U R","LINGKUNGAN 5","","","G. Perdagangan Besar dan Eceran, Reparasi Mobil dan Sepeda Motor","SBR"],
    ["63035","SEMESTA PASTI MENDUKUNG","JL KOLONEL SUGIONO","prelist","MEDAN MAIMUN","A U R","LINGKUNGAN 5","","","G. Perdagangan Besar dan Eceran, Reparasi Mobil dan Sepeda Motor","SBR"],
    ["63038","WORTA HOLYDAYS","JL KATAMSO","prelist","MEDAN MAIMUN","KAMPUNG BARU","LINGKUNGAN 17","","","N. Jasa Persewaan, Ketenagakerjaan, Agen Perjalanan, dan Jasa Pendukung","SBR"],
    ["63047","GLOBAL CAPITAL LAND","JL IR.JUANDA","prelist","MEDAN MAIMUN","SUKARAJA","LINGKUNGAN 5","","","L. Real Estat","SBR"],
    ["63092","ARMINDO","JL.B.KATAMSO NO.70 C, SUKA RAJA","prelist","MEDAN MAIMUN","KAMPUNG BARU","LINGKUNGAN 17","","","G. Perdagangan Besar dan Eceran, Reparasi Mobil dan Sepeda Motor","SBR"],
    ["63096","GUNUNG MAS CORPORATAMA","JL IR H JUANDA","prelist","MEDAN MAIMUN","J A T I","LINGKUNGAN 1","","","G. Perdagangan Besar dan Eceran, Reparasi Mobil dan Sepeda Motor","SBR"],
    ["63117","PALMA INTI INDAH RAYA","JL B KATAMSO","prelist","MEDAN MAIMUN","A U R","LINGKUNGAN 3","","","G. Perdagangan Besar dan Eceran, Reparasi Mobil dan Sepeda Motor","SBR"],
    ["63121","MITSI CITRA MANDIRI","JL B. KATAMSO","prelist","MEDAN MAIMUN","A U R","LINGKUNGAN 2","","","H. Transportasi dan Pergudangan","SBR"],
    ["63147","MULIA KARYA","JL.B.KATAMSO GG PERBATASAN BLOK II/NO.15, KAMPUNG BARU","prelist","MEDAN MAIMUN","KAMPUNG BARU","LINGKUNGAN 21","","","G. Perdagangan Besar dan Eceran, Reparasi Mobil dan Sepeda Motor","SBR"],
    ["63160","ANUGRAH SEJAHTERA PERKASA","JL.PEMUDA BARU NO.5-A, AUR","prelist","MEDAN MAIMUN","A U R","LINGKUNGAN 7","","","G. Perdagangan Besar dan Eceran, Reparasi Mobil dan Sepeda Motor","SBR"],
    ["63209","BELAWAN CONTAINER SERVICE","LORONG 5 LINGK XI RT. 000 RW. 000","prelist","MEDAN MAIMUN","SEI MATI","LINGKUNGAN 11","","","S. Aktivitas Jasa Lainnya","SBR"],
    ["63212","KHARISMA MULTI AGRI","JALAN BRIGJEN KATAMSO KOMPLEK ISTANA BISNIS NOMOR 27","prelist","MEDAN MAIMUN","SUKARAJA","LINGKUNGAN 6","","","K. Aktivitas Keuangan Dan Asuransi","SBR"],
    ["63221","SUKSES MANTAP JAYA","JL BRIGJEND KATAMSO NO 385 RT 00 RW 00, SEI MATI","prelist","MEDAN MAIMUN","SEI MATI","LINGKUNGAN 4","","","G. Perdagangan Besar dan Eceran, Reparasi Mobil dan Sepeda Motor","SBR"],
    ["63225","PHHP INDONESIA","JL HAJI MISBAH KOMPLEK MULTATULI INDAH LINGKUNGAN X","prelist","MEDAN MAIMUN","A U R","LINGKUNGAN 10","","","G. Perdagangan Besar dan Eceran, Reparasi Mobil dan Sepeda Motor","SBR"],
    ["63263","ADI GUNA SENTOSA","JL. WARNI","prelist","MEDAN MAIMUN","SUKARAJA","LINGKUNGAN 5","","","G. Perdagangan Besar dan Eceran, Reparasi Mobil dan Sepeda Motor","SBR"],
    ["63283","LOVELY FOREX MONEY CHANGER","JL IR H JUANDA BARU","prelist","MEDAN MAIMUN","SUKARAJA","LINGKUNGAN 5","","","K. Aktivitas Keuangan Dan Asuransi","SBR"],
    ["63330","KELUARGA PAYA PINANG","JL.SAMANHUDI NO.15 RT.0 RW.0, HAMDAN","prelist","MEDAN MAIMUN","HAMDAN","LINGKUNGAN 5","","","S. Aktivitas Jasa Lainnya","SBR"],
    ["63332","MANDALA KARYA NUSANTARA","JL JUANDA BARU","prelist","MEDAN MAIMUN","J A T I","LINGKUNGAN 1","","","G. Perdagangan Besar dan Eceran, Reparasi Mobil dan Sepeda Motor","SBR"],
    ["63335","CIPTA CEMERLANG SOLUSINDO","JL. BRIGJEN KATAMSO","prelist","MEDAN MAIMUN","A U R","LINGKUNGAN 4","","","G. Perdagangan Besar dan Eceran, Reparasi Mobil dan Sepeda Motor","SBR"],
    ["63350","BANGUN INDAH MAKMUR ABADI","JL B KATAMSO","prelist","MEDAN MAIMUN","KAMPUNG BARU","LINGKUNGAN 4","","","G. Perdagangan Besar dan Eceran, Reparasi Mobil dan Sepeda Motor","SBR"],
    ["63378","PEG.NEG DIKLAT DEP.PU WILAYAH I MEDAN","JL SAKTI LUBIS","prelist","MEDAN MAIMUN","KAMPUNG BARU","LINGKUNGAN 20","","","G. Perdagangan Besar dan Eceran, Reparasi Mobil dan Sepeda Motor","SBR"],
    ["63451","LIMA BERKAH","JL B ZEIN HAMID GG MELUR","prelist","MEDAN MAIMUN","KAMPUNG BARU","LINGKUNGAN 2","","","G. Perdagangan Besar dan Eceran, Reparasi Mobil dan Sepeda Motor","SBR"],
    ["63470","JAYA LESTARI INTI MANDIRI","JALAN BRIGJEND KATAMSO KOMPLEK CENTRIUM BUSINESS CENTRE","prelist","MEDAN MAIMUN","A U R","LINGKUNGAN 3","","","G. Perdagangan Besar dan Eceran, Reparasi Mobil dan Sepeda Motor","SBR"],
    ["63478","RUMAH ROTI","JL. BRIGJEND KATAMSO","prelist","MEDAN MAIMUN","SEI MATI","LINGKUNGAN 10","","","G. Perdagangan Besar dan Eceran, Reparasi Mobil dan Sepeda Motor","SBR"],
    ["63494","SUNLI PRATAMA","JL KOMP MULTATULI INDAH","prelist","MEDAN MAIMUN","HAMDAN","LINGKUNGAN 7","","","G. Perdagangan Besar dan Eceran, Reparasi Mobil dan Sepeda Motor","SBR"],
    ["63504","QADDASA INDOKARYA PRAKASA","JL. PALANG MERAH","prelist","MEDAN MAIMUN","A U R","LINGKUNGAN 6","","","G. Perdagangan Besar dan Eceran, Reparasi Mobil dan Sepeda Motor","SBR"],
    ["63532","CENDRAWASIH","JL.B.KATAMSO NO.242-A, KAMPUNG BARU","prelist","MEDAN MAIMUN","KAMPUNG BARU","LINGKUNGAN 17","","","G. Perdagangan Besar dan Eceran, Reparasi Mobil dan Sepeda Motor","SBR"],
    ["63594","WAWASAN REALITAS","JL.KOL.SUGIONO NO.2-D, AUR","prelist","MEDAN MAIMUN","A U R","LINGKUNGAN 9","","","J. Informasi dan Komunikasi","SBR"],
    ["63600","MULIA KARYA SENTOSA","JL LETJEN SUPRAPTO","prelist","MEDAN MAIMUN","HAMDAN","LINGKUNGAN 6","","","G. Perdagangan Besar dan Eceran, Reparasi Mobil dan Sepeda Motor","SBR"],
    ["63620","BESTARINDO CIPTA ASTRA","KOMPLEK ISTANA PRIMA 2 JL B. KATAMSO LK X","prelist","MEDAN MAIMUN","SEI MATI","LINGKUNGAN 10","","","G. Perdagangan Besar dan Eceran, Reparasi Mobil dan Sepeda Motor","SBR"],
    ["63633","SINAR CIPTA KREASI","JL MANDALA BY PASS","prelist","MEDAN MAIMUN","A U R","LINGKUNGAN 8","","","G. Perdagangan Besar dan Eceran, Reparasi Mobil dan Sepeda Motor","SBR"],
    ["63641","MALAYSIA AIRLINES BERHAD","KOMPLEK HOTEL DANAU TOBA INTERNATIONAL JL IMAM BONJOL","prelist","MEDAN MAIMUN","HAMDAN","LINGKUNGAN 10","","","H. Transportasi dan Pergudangan","SBR"],
    ["63652","AGRI NUSANTARA","JL. BRIGJEND KATAMSO KOMP. ISTANA PRIMA","prelist","MEDAN MAIMUN","SEI MATI","LINGKUNGAN 9","","","G. Perdagangan Besar dan Eceran, Reparasi Mobil dan Sepeda Motor","SBR"],
    ["63653","PRIMA SARANA TEKNIK, PT","JL. BRIGJEND KATAMSO NO. 238 E","prelist","MEDAN MAIMUN","KAMPUNG BARU","LINGKUNGAN 17","","","G. Perdagangan Besar dan Eceran, Reparasi Mobil dan Sepeda Motor","SBR"],
    ["63693","BANK SYARIAH MANDIRI","JL BRIGJEN KATAMSO","prelist","MEDAN MAIMUN","KAMPUNG BARU","LINGKUNGAN 1","","","K. Aktivitas Keuangan Dan Asuransi","SBR"],
    ["63706","ASIA TRADING INDONESIA","JL BRIGJEN KATAMSO","prelist","MEDAN MAIMUN","KAMPUNG BARU","LINGKUNGAN 11","","","G. Perdagangan Besar dan Eceran, Reparasi Mobil dan Sepeda Motor","SBR"],
    ["63755","MEDAN MEGAH PROPERTINDO","JL AVROS","prelist","MEDAN MAIMUN","KAMPUNG BARU","LINGKUNGAN 14","","","G. Perdagangan Besar dan Eceran, Reparasi Mobil dan Sepeda Motor","SBR"],
    ["63820","MEGA BUANA SOLUSINDO","KOMPLEK MULTATULI INDAH LESTARI","prelist","MEDAN MAIMUN","A U R","LINGKUNGAN 3","","","G. Perdagangan Besar dan Eceran, Reparasi Mobil dan Sepeda Motor","SBR"],
    ["63887","PRODUSEN PENGUSAHA INDUSTRI KECIL PENGECORAN LOGAM (KOPPEL)","JL BRIGJEND KATAMSO DALAM","prelist","MEDAN MAIMUN","A U R","LINGKUNGAN 1","","","C. Industri Pengolahan","SBR"],
    ["63912","SURYA GRAHA PERDANA","JL SUPRAPTO","prelist","MEDAN MAIMUN","HAMDAN","LINGKUNGAN 6","","","G. Perdagangan Besar dan Eceran, Reparasi Mobil dan Sepeda Motor","SBR"],
    ["63926","KURSUS PLS LINA SAN-Q","JL.KENANGA NO.10 MULTATULI, HAMDAN","prelist","MEDAN MAIMUN","HAMDAN","LINGKUNGAN 6","","","P. Pendidikan","SBR"],
    ["63936","BAHARI PERKASA","JL BRIGJEND KATAMSO","prelist","MEDAN MAIMUN","SEI MATI","LINGKUNGAN 5","","","G. Perdagangan Besar dan Eceran, Reparasi Mobil dan Sepeda Motor","SBR"],
    ["63949","LEMBAGA KURSUS DAN PELATIHAN MEDAN ESTETIKA CENTER","JL. BRIGJEN KATAMSO NO. 486 A LK. XVII","prelist","MEDAN MAIMUN","KAMPUNG BARU","LINGKUNGAN 17","","","P. Pendidikan","SBR"],
    ["63964","AUTOTRANS","JALAN BRIGJEND KATAMSO","prelist","MEDAN MAIMUN","A U R","LINGKUNGAN 1","","","G. Perdagangan Besar dan Eceran, Reparasi Mobil dan Sepeda Motor","SBR"],
    ["64082","SINAR PUTRA NIAGA","JL SUPRAPTO","prelist","MEDAN MAIMUN","HAMDAN","LINGKUNGAN 6","","","G. Perdagangan Besar dan Eceran, Reparasi Mobil dan Sepeda Motor","SBR"],
    ["64163","SAFARI DIGITAL INTERMEDIA","KOMP ISTANA PRIMA II C","prelist","MEDAN MAIMUN","SEI MATI","LINGKUNGAN 9","","","M. Jasa Profesional, Ilmiah, dan Teknis","SBR"],
    ["64189","TEGUH KITA BERJAYA","JL. B. KATAMSO GG KAMPUNG AUR NO. 17, AUR","prelist","MEDAN MAIMUN","A U R","LINGKUNGAN 8","","","G. Perdagangan Besar dan Eceran, Reparasi Mobil dan Sepeda Motor","SBR"],
    ["64206","SUKSES REZEKI ABADI","JL BRIGJEN KATAMSO BELAKANG","prelist","MEDAN MAIMUN","A U R","LINGKUNGAN 5","","","G. Perdagangan Besar dan Eceran, Reparasi Mobil dan Sepeda Motor","SBR"],
    ["64210","LSM MASYARAKAT INDONESIA TRANSPARANSI (MITRA)","JL.MAYJEND.SUTOYO S NO.48-A RT.000 RW.000, KESAWAN","prelist","MEDAN MAIMUN","KAMPUNG BARU","LINGKUNGAN 17","","","S. Aktivitas Jasa Lainnya","SBR"],
    ["64331","SUMBER AGRINDO SEJAHTERA","JL MULTATULI KOMPLEK MULTATULI INDAH","prelist","MEDAN MAIMUN","HAMDAN","LINGKUNGAN 6","","","G. Perdagangan Besar dan Eceran, Reparasi Mobil dan Sepeda Motor","SBR"],
    ["64368","KANTOR JASA PENILAI PUBLIK AREYANTI, JUNITA","JL.B.KATAMSO BELAKANG","prelist","MEDAN MAIMUN","SEI MATI","LINGKUNGAN 7","","","M. Jasa Profesional, Ilmiah, dan Teknis","SBR"],
    ["64412","ENGGAL SAKTI PERKASA","JL PEMUDA","prelist","MEDAN MAIMUN","A U R","LINGKUNGAN 5","","","G. Perdagangan Besar dan Eceran, Reparasi Mobil dan Sepeda Motor","SBR"],
    ["64416","VALFITS INDOSUKSES MAKMUR","KOMPLEK MULTATULI","prelist","MEDAN MAIMUN","A U R","LINGKUNGAN 3","","","G. Perdagangan Besar dan Eceran, Reparasi Mobil dan Sepeda Motor","SBR"],
    ["64456","TRINITY PALMTRANS INDONESIA","JL AVROS","prelist","MEDAN MAIMUN","KAMPUNG BARU","LINGKUNGAN 14","","","H. Transportasi dan Pergudangan","SBR"],
    ["64459","GUNUNG AYU WIJAYA","JL.PEMUDA BARU I NO.7 RT. 0 RW. 0","prelist","MEDAN MAIMUN","A U R","LINGKUNGAN 7","","","G. Perdagangan Besar dan Eceran, Reparasi Mobil dan Sepeda Motor","SBR"],
    ["64465","UBETE TRANSPORTAMA SEMESTA","JL B KATAMSO GG PEMUDA LK IV","prelist","MEDAN MAIMUN","SEI MATI","LINGKUNGAN 4","","","H. Transportasi dan Pergudangan","SBR"],
    ["64472","MEGA JAYA TEKNIK MANDIRI","JL BRIGJEND KATAMSO","prelist","MEDAN MAIMUN","SUKARAJA","LINGKUNGAN 6","","","G. Perdagangan Besar dan Eceran, Reparasi Mobil dan Sepeda Motor","SBR"],
    ["64554","SINAR BUMI WANGSA MAS","JL B KATAMSO KOMPLEKS CENTRIUM BISNIS","prelist","MEDAN MAIMUN","A U R","LINGKUNGAN 3","","","G. Perdagangan Besar dan Eceran, Reparasi Mobil dan Sepeda Motor","SBR"],
    ["64609","PRADO PUTRA GEMILANG","JL BRIGJEN KATAMSO GG PERWIRA","prelist","MEDAN MAIMUN","SEI MATI","LINGKUNGAN 11","","","G. Perdagangan Besar dan Eceran, Reparasi Mobil dan Sepeda Motor","SBR"],
    ["64663","ARGO MANDALA PERDANA","JL BRIGJEN KATAMSO BELAKANG","prelist","MEDAN MAIMUN","A U R","LINGKUNGAN 2","","","B. Pertambangan dan Penggalian","SBR"],
    ["64665","EKA MANDIRI JAYA","JL BRIGJEND.KATAMSO GG.RELA NO.15, KAMPUNG BARU","prelist","MEDAN MAIMUN","KAMPUNG BARU","LINGKUNGAN 21","","","G. Perdagangan Besar dan Eceran, Reparasi Mobil dan Sepeda Motor","SBR"],
    ["64666","OXBRIDGE INSTITUTE","JL IMAM BONJOL NO 23 URO BUILDING LT 5","prelist","MEDAN MAIMUN","HAMDAN","LINGKUNGAN 10","","","P. Pendidikan","SBR"],
    ["64690","SHANDANA YASA NUSANTARA","JL BRIGJEN KATAMSO KOMP ISTANA PRIMA 2","prelist","MEDAN MAIMUN","SEI MATI","LINGKUNGAN 9","","","G. Perdagangan Besar dan Eceran, Reparasi Mobil dan Sepeda Motor","SBR"],
    ["64704","PORONG KENCANA","JL.HAJI MISBAH NO.12, HAMDAN","prelist","MEDAN MAIMUN","HAMDAN","LINGKUNGAN 7","","","G. Perdagangan Besar dan Eceran, Reparasi Mobil dan Sepeda Motor","SBR"],
    ["64709","MEDIA KONSULTAN ENERGI","JL BRIGJEND KATAMSO DALAM","prelist","MEDAN MAIMUN","SUKARAJA","LINGKUNGAN 5","","","G. Perdagangan Besar dan Eceran, Reparasi Mobil dan Sepeda Motor","SBR"],
    ["64721","TORU HILIR HIDROENERGI","JL PALANG MERAH KAV 01 THE ROYAL CONDOMINIUM TOWER A LEVEL 10TH FLOOR 7","prelist","MEDAN MAIMUN","A U R","LINGKUNGAN 6","","","G. Perdagangan Besar dan Eceran, Reparasi Mobil dan Sepeda Motor","SBR"],
    ["64729","BANK PEMBANGUNAN DAERAH BANTEN TBK.","JL IR HAJI JUANDA","prelist","MEDAN MAIMUN","J A T I","LINGKUNGAN 1","","","K. Aktivitas Keuangan Dan Asuransi","SBR"],
    ["64736","BANK SINARMAS TBK","JL MANGKUBUMI","prelist","MEDAN MAIMUN","A U R","LINGKUNGAN 5","","","K. Aktivitas Keuangan Dan Asuransi","SBR"],
    ["64744","WIRAJAYA TETAP CEMERLANG","JL IR H JUANDA","prelist","MEDAN MAIMUN","J A T I","LINGKUNGAN 1","","","G. Perdagangan Besar dan Eceran, Reparasi Mobil dan Sepeda Motor","SBR"],
    ["64752","SHINTA JAYA","JL BRIGJEND KATAMSO GG SENTOSA","prelist","MEDAN MAIMUN","KAMPUNG BARU","LINGKUNGAN 20","","","P. Pendidikan","SBR"],
    ["64789","GUNA BUDI BAKTI","JL JEND. SUDIRMAN","prelist","MEDAN MAIMUN","J A T I","LINGKUNGAN 1","","","S. Aktivitas Jasa Lainnya","SBR"],
    ["64819","LINGKAR LINTAS ABADI","JL B KATAMSO","prelist","MEDAN MAIMUN","SEI MATI","LINGKUNGAN 7","","","G. Perdagangan Besar dan Eceran, Reparasi Mobil dan Sepeda Motor","SBR"],
    ["64828","TOBATOTAL TRANSINDO","KOMPLEK MULTATULI INDAH","prelist","MEDAN MAIMUN","A U R","LINGKUNGAN 10","","","H. Transportasi dan Pergudangan","SBR"],
    ["64847","SUKSES ALAM SEMESTA","JL SUTOMO LINGK III","prelist","MEDAN MAIMUN","A U R","LINGKUNGAN 5","","","G. Perdagangan Besar dan Eceran, Reparasi Mobil dan Sepeda Motor","SBR"],
    ["64865","KAISAR INDO ASIA","JL BRIGJEND KATAMSO","prelist","MEDAN MAIMUN","SEI MATI","LINGKUNGAN 5","","","G. Perdagangan Besar dan Eceran, Reparasi Mobil dan Sepeda Motor","SBR"],
    ["64886","MITRA MULIA MANDIRI","JL B KATAMSO GG JAWA NO. 33, KAMPUNG BARU","prelist","MEDAN MAIMUN","KAMPUNG BARU","LINGKUNGAN 2","","","G. Perdagangan Besar dan Eceran, Reparasi Mobil dan Sepeda Motor","SBR"],
    ["64893","CAHAYA CATUR MITRA","KOMPLEK MULTATULI INDAH BLOK D NO 10","prelist","MEDAN MAIMUN","HAMDAN","LINGKUNGAN 7","","","G. Perdagangan Besar dan Eceran, Reparasi Mobil dan Sepeda Motor","SBR"],
    ["64903","HASWIN PRIMA TERMINAL","JL KOLONEL SUGIONO","prelist","MEDAN MAIMUN","A U R","LINGKUNGAN 5","","","G. Perdagangan Besar dan Eceran, Reparasi Mobil dan Sepeda Motor","SBR"],
    ["64926","ANUGERAH MAS PROPERTI","KOMPLEK MULTATULI INDAH JL HAJI MISBAH","prelist","MEDAN MAIMUN","HAMDAN","LINGKUNGAN 7","","","G. Perdagangan Besar dan Eceran, Reparasi Mobil dan Sepeda Motor","SBR"],
    ["64927","SURYA MENTARI","JL B KATAMSO","prelist","MEDAN MAIMUN","KAMPUNG BARU","LINGKUNGAN 2","","","G. Perdagangan Besar dan Eceran, Reparasi Mobil dan Sepeda Motor","SBR"],
    ["64931","BERKAT HIDRO LESTARI","JL.PEMUDA BARU","prelist","MEDAN MAIMUN","A U R","LINGKUNGAN 7","","","G. Perdagangan Besar dan Eceran, Reparasi Mobil dan Sepeda Motor","SBR"],
    ["64947","UNISYS INFONET","JL H MISBAH KOMPLEK MULTATULI","prelist","MEDAN MAIMUN","HAMDAN","LINGKUNGAN 7","","","G. Perdagangan Besar dan Eceran, Reparasi Mobil dan Sepeda Motor","SBR"],
    ["64959","SYNERGY PRODUCTION","JL BADUR","prelist","MEDAN MAIMUN","HAMDAN","LINGKUNGAN 10","","","R. Kesenian, Hiburan, dan Rekreasi","SBR"],
    ["64989","LEMBAGA PAUD ALESHA","JL BADUR","prelist","MEDAN MAIMUN","HAMDAN","LINGKUNGAN 10","","","P. Pendidikan","SBR"],
    ["65009","PROMED MEDISTRA INDONESIA","KOMPLEK MULTATULI JL MULTATULI","prelist","MEDAN MAIMUN","HAMDAN","LINGKUNGAN 1","","","G. Perdagangan Besar dan Eceran, Reparasi Mobil dan Sepeda Motor","SBR"],
    ["65038","ANDALAN PLATINUM SUKSES","KOMP MULTATULI INDAH LESTARI LK X","prelist","MEDAN MAIMUN","A U R","LINGKUNGAN 5","","","G. Perdagangan Besar dan Eceran, Reparasi Mobil dan Sepeda Motor","SBR"],
    ["65108","SARIBUANGIN","JL. HALAT GG. SAUDARA NO. 4 MEDAN, PASAR MERAH BARAT","prelist","MEDAN MAIMUN","SEI MATI","LINGKUNGAN 9","","","J. Informasi dan Komunikasi","SBR"],
    ["65122","KARYA SUKSES MAJU BERSAMA, PT","JL MANGKUBUMI 3-5","prelist","MEDAN MAIMUN","A U R","LINGKUNGAN 9","","","G. Perdagangan Besar dan Eceran, Reparasi Mobil dan Sepeda Motor","SBR"],
    ["65141","FAJAR NUSANTARA JAYA","JL. BRIGJEND KATAMSO GG. PANTAI BURUNG III","prelist","MEDAN MAIMUN","A U R","LINGKUNGAN 2","","","G. Perdagangan Besar dan Eceran, Reparasi Mobil dan Sepeda Motor","SBR"],
    ["65169","PUTRIMEGA DELI INDAH","JALAN BRIGJEND KATAMSO KOMPLEK CENTRIUM BUSINESS CENTRE","prelist","MEDAN MAIMUN","A U R","LINGKUNGAN 3","","","L. Real Estat","SBR"],
    ["65177","SURIATAMA MAHKOTA KENCANA","JL B KATAMSO","prelist","MEDAN MAIMUN","KAMPUNG BARU","LINGKUNGAN 2","","","G. Perdagangan Besar dan Eceran, Reparasi Mobil dan Sepeda Motor","SBR"],
    ["65202","MULTI ARTHA MAKMUR SEHATI","JALAN BRIGADIR JENDERAL KATAMSO NOMOR 402-B MEDAN","prelist","MEDAN MAIMUN","SEI MATI","LINGKUNGAN 7","","","L. Real Estat","SBR"],
    ["65237","ROYAL SEJAHTERA","JL PALANG MERAH SUKAMULIA","prelist","MEDAN MAIMUN","A U R","LINGKUNGAN 6","","","G. Perdagangan Besar dan Eceran, Reparasi Mobil dan Sepeda Motor","SBR"],
    ["65263","SEMANGAT JAYA","BRIGJEN KATAMSO","prelist","MEDAN MAIMUN","KAMPUNG BARU","LINGKUNGAN 1","","","G. Perdagangan Besar dan Eceran, Reparasi Mobil dan Sepeda Motor","SBR"],
    ["65265","SAMUDERA LINDO GROUP","KAMPUNG AUR","prelist","MEDAN MAIMUN","A U R","LINGKUNGAN 4","","","G. Perdagangan Besar dan Eceran, Reparasi Mobil dan Sepeda Motor","SBR"],
    ["65286","USAHA PRIMA NUSANTARA","KOLONEL SUGIONO","prelist","MEDAN MAIMUN","A U R","LINGKUNGAN 5","","","G. Perdagangan Besar dan Eceran, Reparasi Mobil dan Sepeda Motor","SBR"],
    ["65288","SUMBER ALFARIA TRIJAYA, TBK","JL BRIGJEND KATAMSO LINGKUNGAN XI","prelist","MEDAN MAIMUN","SEI MATI","LINGKUNGAN 11","","","G. Perdagangan Besar dan Eceran, Reparasi Mobil dan Sepeda Motor","SBR"],
    ["65309","AGNESIA PRATAMA","JL B KATAMSO LK II","prelist","MEDAN MAIMUN","SUKARAJA","LINGKUNGAN 5","","","G. Perdagangan Besar dan Eceran, Reparasi Mobil dan Sepeda Motor","SBR"],
    ["65322","SUMBER REZEKI BESAR","KOMPLEK MULTATULI INDAH","prelist","MEDAN MAIMUN","HAMDAN","LINGKUNGAN 7","","","K. Aktivitas Keuangan Dan Asuransi","SBR"],
    ["65346","MITRA PRODUCTION","JL. BRIGJEND KATAMSO GG. NASIONAL","prelist","MEDAN MAIMUN","SEI MATI","LINGKUNGAN 10","","","G. Perdagangan Besar dan Eceran, Reparasi Mobil dan Sepeda Motor","SBR"],
    ["65366","PANGAN LESTARI SENTOSA","KOMPLEK MULTATULI INDAH","prelist","MEDAN MAIMUN","HAMDAN","LINGKUNGAN 6","","","G. Perdagangan Besar dan Eceran, Reparasi Mobil dan Sepeda Motor","SBR"],
    ["65451","CENTRAL PRATAMA PROPERTY","KOMPLEK MULTATULI INDAH","prelist","MEDAN MAIMUN","HAMDAN","LINGKUNGAN 7","","","L. Real Estat","SBR"],
    ["65456","RANKKING SADA","JL TERATAI PASIRAN","prelist","MEDAN MAIMUN","HAMDAN","LINGKUNGAN 7","","","G. Perdagangan Besar dan Eceran, Reparasi Mobil dan Sepeda Motor","SBR"],
    ["65474","KEONG MAS","JL KOLONEL SUGIONO","prelist","MEDAN MAIMUN","A U R","LINGKUNGAN 5","","","G. Perdagangan Besar dan Eceran, Reparasi Mobil dan Sepeda Motor","SBR"],
    ["65539","PEMETA INTERNASIONAL","JL KOLONEL SUGIONO","prelist","MEDAN MAIMUN","A U R","LINGKUNGAN 5","","","M. Jasa Profesional, Ilmiah, dan Teknis","SBR"],
    ["65543","PADANG HIJAU SELARAS","JL AVROS","prelist","MEDAN MAIMUN","KAMPUNG BARU","LINGKUNGAN 14","","","L. Real Estat","SBR"],
    ["65544","VILA IMPIAN PRIMA","JL MANGKUBUMI","prelist","MEDAN MAIMUN","A U R","LINGKUNGAN 9","","","L. Real Estat","SBR"],
    ["65557","MANGKOK LOSARI INDONESIA","JL MULTATULI, KOMPLEK MULTATULI INDAH","prelist","MEDAN MAIMUN","HAMDAN","LINGKUNGAN 1","","","G. Perdagangan Besar dan Eceran, Reparasi Mobil dan Sepeda Motor","SBR"],
    ["65595","RAFT ORIGIN","JL.B.KATAMSO COMP.ISTANA PRIMA NO.C-6, SEI MATI","prelist","MEDAN MAIMUN","SEI MATI","LINGKUNGAN 9","","","G. Perdagangan Besar dan Eceran, Reparasi Mobil dan Sepeda Motor","SBR"],
    ["65614","PK FERTILIZERS INDONESIA","PERDANA NO.99-H","prelist","MEDAN MAIMUN","HAMDAN","LINGKUNGAN 6","","","G. Perdagangan Besar dan Eceran, Reparasi Mobil dan Sepeda Motor","SBR"],
    ["65627","MEDICUS NUR RAHMAN","JALAN DAHLIA NOMOR 17","prelist","MEDAN MAIMUN","HAMDAN","LINGKUNGAN 7","","","P. Pendidikan","SBR"],
    ["65725","SUCI MAJU JAYA","BRIGJEND KATAMSO","prelist","MEDAN MAIMUN","KAMPUNG BARU","LINGKUNGAN 9","","","G. Perdagangan Besar dan Eceran, Reparasi Mobil dan Sepeda Motor","SBR"],
    ["65730","KANGEN CENTER INDONESIA","KOMPLEK MULTATULI INDAH JL H MISBAH","prelist","MEDAN MAIMUN","HAMDAN","LINGKUNGAN 1","","","G. Perdagangan Besar dan Eceran, Reparasi Mobil dan Sepeda Motor","SBR"],
    ["65760","PERDANA MAIMOON","JL MANTRI LK III","prelist","MEDAN MAIMUN","A U R","LINGKUNGAN 7","","","G. Perdagangan Besar dan Eceran, Reparasi Mobil dan Sepeda Motor","SBR"],
    ["65768","SENTRAL INTERNET MEDIA","JL BRIGJEND KATAMSO","prelist","MEDAN MAIMUN","SEI MATI","LINGKUNGAN 5","","","J. Informasi dan Komunikasi","SBR"],
    ["65783","YUDHISTIRA","JL B.KATAMSO GG SUBUR NO.5-C","prelist","MEDAN MAIMUN","A U R","LINGKUNGAN 4","","","G. Perdagangan Besar dan Eceran, Reparasi Mobil dan Sepeda Motor","SBR"],
    ["65827","CAHAYA TERANG","JL MULTATULI KOMPLEK MULTATULI INDAH","prelist","MEDAN MAIMUN","HAMDAN","LINGKUNGAN 1","","","G. Perdagangan Besar dan Eceran, Reparasi Mobil dan Sepeda Motor","SBR"],
    ["65868","UPT SD NEGERI 060907","JL.PASAR SENEN","prelist","MEDAN MAIMUN","KAMPUNG BARU","LINGKUNGAN 4","","","P. Pendidikan","SBR"],
    ["65876","ISTIQOMAH MAJU JAYA","JL. MANTRI LK-III","prelist","MEDAN MAIMUN","A U R","LINGKUNGAN 3","","","L. Real Estat","SBR"],
    ["65906","DARUJI MITRA ABADI","JL MANGKUBUMI","prelist","MEDAN MAIMUN","A U R","LINGKUNGAN 9","","","G. Perdagangan Besar dan Eceran, Reparasi Mobil dan Sepeda Motor","SBR"],
    ["65930","SUKSES AMANAH PLASTIK","JL MULTATULI KOMP.MULTATULI","prelist","MEDAN MAIMUN","HAMDAN","LINGKUNGAN 6","","","G. Perdagangan Besar dan Eceran, Reparasi Mobil dan Sepeda Motor","SBR"],
    ["65968","DUATIGA PANEN MAS","JL LETJEN SUPRAPTO","prelist","MEDAN MAIMUN","A U R","LINGKUNGAN 5","","","G. Perdagangan Besar dan Eceran, Reparasi Mobil dan Sepeda Motor","SBR"],
    ["65979","HUMBANG MITRA ENERGI","JL BRIGJEN KATAMSO KOMPLEK PRIMA MINIMALIS LT II","prelist","MEDAN MAIMUN","SEI MATI","LINGKUNGAN 9","","","G. Perdagangan Besar dan Eceran, Reparasi Mobil dan Sepeda Motor","SBR"],
    ["65992","BINTANG MITRAJAYA MANDIRI","JALAN HAJI MISBAH KOMPLEK MULTATULI INDAH","prelist","MEDAN MAIMUN","HAMDAN","LINGKUNGAN 1","","","G. Perdagangan Besar dan Eceran, Reparasi Mobil dan Sepeda Motor","SBR"],
    ["66069","LUNAR ENERGI PRATAMA","JL. PEMUDA BARU I NO. 31 MEDAN","prelist","MEDAN MAIMUN","A U R","LINGKUNGAN 7","","","L. Real Estat","SBR"],
    ["66161","MOMENTUM MEDIA ARTSY","JL SAIJA","prelist","MEDAN MAIMUN","HAMDAN","LINGKUNGAN 7","","","J. Informasi dan Komunikasi","SBR"],
    ["66167","BINGEI AGUNG, PT","KOMPLEK MULTATULI INDAH BLOK B NO. 20","prelist","MEDAN MAIMUN","A U R","LINGKUNGAN 10","","","G. Perdagangan Besar dan Eceran, Reparasi Mobil dan Sepeda Motor","SBR"],
    ["66185","RIDHO ANUGRAH","JL.BRIGJEND KATAMSO NO.386, SEI MATI","prelist","MEDAN MAIMUN","SEI MATI","LINGKUNGAN 8","","","G. Perdagangan Besar dan Eceran, Reparasi Mobil dan Sepeda Motor","SBR"],
    ["66199","NEWTONINDO PRIMA","JL.B.KATAMSO GG.DATUK NO.2-K, KAMPUNG BARU","prelist","MEDAN MAIMUN","KAMPUNG BARU","LINGKUNGAN 8","","","G. Perdagangan Besar dan Eceran, Reparasi Mobil dan Sepeda Motor","SBR"],
    ["66207","SINAR SUMUR WANGSA MAS","JL BRIGJEND KATAMSO KOMPLEK CENTRIUM BISNIS","prelist","MEDAN MAIMUN","A U R","LINGKUNGAN 3","","","G. Perdagangan Besar dan Eceran, Reparasi Mobil dan Sepeda Motor","SBR"],
    ["66226","XENOTECH","PALANG MERAH","prelist","MEDAN MAIMUN","A U R","LINGKUNGAN 3","","","G. Perdagangan Besar dan Eceran, Reparasi Mobil dan Sepeda Motor","SBR"],
    ["66232","KINERJA INDONESIA","JL MULTATULI","prelist","MEDAN MAIMUN","HAMDAN","LINGKUNGAN 6","","","G. Perdagangan Besar dan Eceran, Reparasi Mobil dan Sepeda Motor","SBR"],
    ["66275","AKBAR BERJAYA","JL. MANTRI","prelist","MEDAN MAIMUN","A U R","LINGKUNGAN 8","","","G. Perdagangan Besar dan Eceran, Reparasi Mobil dan Sepeda Motor","SBR"],
    ["66281","ARTHASRI BHADRATA INDONESIA","JL KOMP MULTATULI INDAH","prelist","MEDAN MAIMUN","HAMDAN","LINGKUNGAN 7","","","G. Perdagangan Besar dan Eceran, Reparasi Mobil dan Sepeda Motor","SBR"],
    ["66299","TERRA INDORAYA ORIENTAMA","JL MANTRI","prelist","MEDAN MAIMUN","A U R","LINGKUNGAN 3","","","G. Perdagangan Besar dan Eceran, Reparasi Mobil dan Sepeda Motor","SBR"],
    ["66315","INDOPACIFIC GARDEN DEVELOPMENT","JL LETJEND SUPRAPTO","prelist","MEDAN MAIMUN","HAMDAN","LINGKUNGAN 6","","","G. Perdagangan Besar dan Eceran, Reparasi Mobil dan Sepeda Motor","SBR"],
    ["66347","PT. BERSINAR ENERGI LESTARI","JL MULTATULI","prelist","MEDAN MAIMUN","HAMDAN","LINGKUNGAN 6","","","G. Perdagangan Besar dan Eceran, Reparasi Mobil dan Sepeda Motor","SBR"],
    ["66355","MAHMUD GEMILANG","JL B KATAMSO","prelist","MEDAN MAIMUN","SEI MATI","LINGKUNGAN 5","","","G. Perdagangan Besar dan Eceran, Reparasi Mobil dan Sepeda Motor","SBR"],
    ["66363","SUMBERJAYA LIMEC CARGO","KOMPLEK MULTATULI INDAH JL MULTATULI","prelist","MEDAN MAIMUN","HAMDAN","LINGKUNGAN 1","","","H. Transportasi dan Pergudangan","SBR"],
    ["66377","CIPTA JADI JAYA","JL PANDU","prelist","MEDAN MAIMUN","A U R","LINGKUNGAN 4","","","G. Perdagangan Besar dan Eceran, Reparasi Mobil dan Sepeda Motor","SBR"],
    ["66392","BANK SYARIAH INDONESIA TBK.","JL BRIGJEND KATAMSO","prelist","MEDAN MAIMUN","KAMPUNG BARU","LINGKUNGAN 1","","","K. Aktivitas Keuangan Dan Asuransi","SBR"],
    ["66417","MITRA KENCANA NUSANTARA","JL PEMUDA BARU II","prelist","MEDAN MAIMUN","A U R","LINGKUNGAN 7","","","G. Perdagangan Besar dan Eceran, Reparasi Mobil dan Sepeda Motor","SBR"],
    ["66435","SARI BAROKAH AGRINDO","JL. STM/PERSATUAN NO.42, SITI REJO II","prelist","MEDAN MAIMUN","SEI MATI","LINGKUNGAN 10","","","G. Perdagangan Besar dan Eceran, Reparasi Mobil dan Sepeda Motor","SBR"],
    ["66463","YAYASAN HATI MERAH MEDAN","JL.B.KATAMSO KOMPL ISTANA PRIMA 2 BLOK F 4,5,6 RT. 000 RW. 000","prelist","MEDAN MAIMUN","KAMPUNG BARU","LINGKUNGAN 17","","","G. Perdagangan Besar dan Eceran, Reparasi Mobil dan Sepeda Motor","SBR"],
    ["66486","TAIKO PERSADA INDOPRIMA","KOMPLEK MULTATULI INDAH","prelist","MEDAN MAIMUN","HAMDAN","LINGKUNGAN 1","","","G. Perdagangan Besar dan Eceran, Reparasi Mobil dan Sepeda Motor","SBR"],
    ["66491","TOYA MANAGEMENT","JL B KATAMSO GG RELA","prelist","MEDAN MAIMUN","KAMPUNG BARU","LINGKUNGAN 1","","","G. Perdagangan Besar dan Eceran, Reparasi Mobil dan Sepeda Motor","SBR"],
    ["66521","P.S. PRATAMA","B.KATAMSO GG.AMIR","prelist","MEDAN MAIMUN","KAMPUNG BARU","LINGKUNGAN 2","","","R. Kesenian, Hiburan, dan Rekreasi","SBR"],
    ["66577","YEHUDA","JL.BADUR NO.14-B, HAMDAN","prelist","MEDAN MAIMUN","HAMDAN","LINGKUNGAN 10","","","F. Konstruksi","SBR"],
    ["66591","PORTE ALUMINIUM","JL BRIGJEN KATAMSO","prelist","MEDAN MAIMUN","A U R","LINGKUNGAN 5","","","G. Perdagangan Besar dan Eceran, Reparasi Mobil dan Sepeda Motor","SBR"],
    ["66600","CV. CIPTA MAKMUR WIRATAMA","JL. KOMPLEK MULTATULI","prelist","MEDAN MAIMUN","HAMDAN","LINGKUNGAN 7","","","G. Perdagangan Besar dan Eceran, Reparasi Mobil dan Sepeda Motor","SBR"],
    ["66639","SURAT TANI","JL KOL. SUGIONO LT. III","prelist","MEDAN MAIMUN","A U R","LINGKUNGAN 5","","","G. Perdagangan Besar dan Eceran, Reparasi Mobil dan Sepeda Motor","SBR"],
    ["66667","TARUNA BANGSA CITRA JAYA ABADI","JL KH AHMAD DAHLAN","prelist","MEDAN MAIMUN","A U R","LINGKUNGAN 5","","","G. Perdagangan Besar dan Eceran, Reparasi Mobil dan Sepeda Motor","SBR"],
    ["66707","BINA MITRA SEJAHTERA INDONESIA","JL BRIGJEND KATAMSO","prelist","MEDAN MAIMUN","KAMPUNG BARU","LINGKUNGAN 11","","","H. Transportasi dan Pergudangan","SBR"],
    ["66717","MEGAH KENCANA ABADI JAYA","KOMPLEK MULTATULI INDAH JL MULTATULI","prelist","MEDAN MAIMUN","HAMDAN","LINGKUNGAN 1","","","G. Perdagangan Besar dan Eceran, Reparasi Mobil dan Sepeda Motor","SBR"],
    ["66806","UTAMA SEJAHTERA AGRO","JALAN MULTATULI KOMPLEK MULTATULI INDAH","prelist","MEDAN MAIMUN","HAMDAN","LINGKUNGAN 7","","","A. Pertanian, Kehutanan, dan Perikanan","SBR"],
    ["66808","PALAS RAYA SENANG SUKSES","JL BRIGADIR JENDERAL KATAMSO","prelist","MEDAN MAIMUN","A U R","LINGKUNGAN 5","","","L. Real Estat","SBR"],
    ["66828","KARYA MANDOGE ENERGI","JL MULTATULI KOMPLEK MULTATULI","prelist","MEDAN MAIMUN","HAMDAN","LINGKUNGAN 1","","","D. Pengadaan Listrik, Gas, Uap/Air Panas, dan Udara Dingin","SBR"],
    ["66885","HERBAL KIDNEY INDONESIA","KOMP. MULTATULI INDAH E-50 RT. 00 RW. 00","prelist","MEDAN MAIMUN","A U R","LINGKUNGAN 10","","","G. Perdagangan Besar dan Eceran, Reparasi Mobil dan Sepeda Motor","SBR"],
    ["66890","BINTANG MITRA SEMESTARAYA TBK","JL BRIGJEND KATAMSO","prelist","MEDAN MAIMUN","KAMPUNG BARU","LINGKUNGAN 9","","","G. Perdagangan Besar dan Eceran, Reparasi Mobil dan Sepeda Motor","SBR"],
    ["66921","SARENA WISATA TOOR AND TRAVEL","JL MULTATULI","prelist","MEDAN MAIMUN","HAMDAN","LINGKUNGAN 6","","","N. Jasa Persewaan, Ketenagakerjaan, Agen Perjalanan, dan Jasa Pendukung","SBR"],
    ["66959","ALAM NUSA ZENTA","JL KOMP MULTATULI INDAH F-II LK X","prelist","MEDAN MAIMUN","HAMDAN","LINGKUNGAN 7","","","G. Perdagangan Besar dan Eceran, Reparasi Mobil dan Sepeda Motor","SBR"],
    ["66995","SHAFCO MULTI TRADING","JL IR H JUANDA KOMPLEK DELTA","prelist","MEDAN MAIMUN","SUKARAJA","LINGKUNGAN 6","","","G. Perdagangan Besar dan Eceran, Reparasi Mobil dan Sepeda Motor","SBR"],
    ["67008","MAHKOTA GINSENG INTERNASIONAL","KOMP MULTATULI INDAH","prelist","MEDAN MAIMUN","HAMDAN","LINGKUNGAN 1","","","G. Perdagangan Besar dan Eceran, Reparasi Mobil dan Sepeda Motor","SBR"],
    ["67075","POLASUMUT YAPUTRA","JL PALANG MERAH DALAM","prelist","MEDAN MAIMUN","HAMDAN","LINGKUNGAN 10","","","G. Perdagangan Besar dan Eceran, Reparasi Mobil dan Sepeda Motor","SBR"],
    ["67107","ARYATHA MANDIRI SEMESTA","JL. BRIGADIR JENDERAL KATAMSO NO. 134 C/441","prelist","MEDAN MAIMUN","KAMPUNG BARU","LINGKUNGAN 15","","","H. Transportasi dan Pergudangan","SBR"],
    ["67109","MENTARI SUKSES SEJAHTERA","JL BRIGJEND KATAMSO KOMPLEK CENTRIUM","prelist","MEDAN MAIMUN","A U R","LINGKUNGAN 5","","","A. Pertanian, Kehutanan, dan Perikanan","SBR"],
    ["67193","FORUM MASYARAKAT LITERASI INDONESIA","JL. BRIGJEND KATAMSO NO. 45 K LK. VIII","prelist","MEDAN MAIMUN","A U R","LINGKUNGAN 8","","","P. Pendidikan","SBR"],
    ["67246","SIBISA HANAWI INTERNATIONAL","JALAN PEMUDA BARU III 19 LINGKUNGAN VII","prelist","MEDAN MAIMUN","A U R","LINGKUNGAN 7","","","L. Real Estat","SBR"],
    ["67285","NUGRAHA DELI NUSANTARA","JL. IR. H. JUANDA","prelist","MEDAN MAIMUN","J A T I","LINGKUNGAN 1","","","G. Perdagangan Besar dan Eceran, Reparasi Mobil dan Sepeda Motor","SBR"],
    ["67328","GUNUNG MAS AGRA PERSADA","JL.PEMUDA BARU I NO.5 RT.0 RW.0, AUR","prelist","MEDAN MAIMUN","A U R","LINGKUNGAN 7","","","G. Perdagangan Besar dan Eceran, Reparasi Mobil dan Sepeda Motor","SBR"],
    ["67365","XIOLIFT ELEVATOR INDONESIA","JL BRIGJEND KATAMSO KOMP ISTANA PRIMA II","prelist","MEDAN MAIMUN","A U R","LINGKUNGAN 10","","","G. Perdagangan Besar dan Eceran, Reparasi Mobil dan Sepeda Motor","SBR"],
    ["67447","TUNAS HARAPAN AGRO","JL.B.KATAMSO KO ISTANA PRIMA, SEI MATI","prelist","MEDAN MAIMUN","SEI MATI","LINGKUNGAN 9","","","G. Perdagangan Besar dan Eceran, Reparasi Mobil dan Sepeda Motor","SBR"],
    ["67540","STARPEAK EQUITY FUTURES","JALAN LISTRIK","prelist","MEDAN MAIMUN","A U R","LINGKUNGAN 6","","","K. Aktivitas Keuangan Dan Asuransi","SBR"],
    ["67617","DOUBLE SEASONS T&T","JL BRIGJEN KATAMSO","prelist","MEDAN MAIMUN","KAMPUNG BARU","LINGKUNGAN 15","","","N. Jasa Persewaan, Ketenagakerjaan, Agen Perjalanan, dan Jasa Pendukung","SBR"],
    ["67675","WEGO MEDIKA INDONESIA","JL H MISBAH KOMPLEK MULTATULI INDAH","prelist","MEDAN MAIMUN","HAMDAN","LINGKUNGAN 7","","","G. Perdagangan Besar dan Eceran, Reparasi Mobil dan Sepeda Motor","SBR"],
    ["67687","SMP HARAPAN 1 MEDAN","JL IMAM BONJOL","prelist","MEDAN MAIMUN","J A T I","LINGKUNGAN 1","","","P. Pendidikan","SBR"],
    ["67727","PELESTARI KEBUDAYAAN BATAK","JL LETJEND SUPRAPTO","prelist","MEDAN MAIMUN","HAMDAN","LINGKUNGAN 6","","","P. Pendidikan","SBR"],
    ["67730","FIZZ BERKAH MANDIRI","JL. BRIGJEND KATAMSO NO. 120/72","prelist","MEDAN MAIMUN","SUKARAJA","LINGKUNGAN 6","","","H. Transportasi dan Pergudangan","SBR"],
    ["67734","PACIFIC ANDALIMAN SEDAYA","MANTRI","prelist","MEDAN MAIMUN","A U R","LINGKUNGAN 3","","","H. Transportasi dan Pergudangan","SBR"],
    ["67735","SINAR INTIBERKAH SEJAHTERA","KOMPLEK MULTATULI INDAH","prelist","MEDAN MAIMUN","A U R","LINGKUNGAN 10","","","F. Konstruksi","SBR"],
    ["67744","EKA SENTOSA ABADI","JL BRIGJEND KATAMSO KOMP.SURYA BERLIAN","prelist","MEDAN MAIMUN","SEI MATI","LINGKUNGAN 12","","","G. Perdagangan Besar dan Eceran, Reparasi Mobil dan Sepeda Motor","SBR"],
    ["67761","REZEKI MANDIRI SENTOSA","JL BRIGJEN KATAMSO GG BUDI","prelist","MEDAN MAIMUN","KAMPUNG BARU","LINGKUNGAN 8","","","G. Perdagangan Besar dan Eceran, Reparasi Mobil dan Sepeda Motor","SBR"],
    ["67783","PANCARAN BERKAT AGUNG MANDIRI","JL BRIGJEND KATAMSO KOMPLEK ISTANA PRIMA 2","prelist","MEDAN MAIMUN","SEI MATI","LINGKUNGAN 9","","","G. Perdagangan Besar dan Eceran, Reparasi Mobil dan Sepeda Motor","SBR"],
    ["67813","MITRA ABADI MAKMUR SEJAHTERA","KOMPLEK MULTATULI INDAH BLOK FF NO.27","prelist","MEDAN MAIMUN","A U R","LINGKUNGAN 10","","","G. Perdagangan Besar dan Eceran, Reparasi Mobil dan Sepeda Motor","SBR"],
    ["67866","BETAMA CIPTA ARSINDO","KOMP MULTATULI INDAH","prelist","MEDAN MAIMUN","A U R","LINGKUNGAN 10","","","G. Perdagangan Besar dan Eceran, Reparasi Mobil dan Sepeda Motor","SBR"],
    ["67881","STAR UMROH ENGINEERING","JL. B. KATAMSO GG.KENANGA KAMPUNG BARU","prelist","MEDAN MAIMUN","KAMPUNG BARU","LINGKUNGAN 17","","","G. Perdagangan Besar dan Eceran, Reparasi Mobil dan Sepeda Motor","SBR"],
    ["67923","BARISAN CEGAH TANGKAL ANCAMAN NASIONAL","KOMPLEK MULTATULI INDAH","prelist","MEDAN MAIMUN","HAMDAN","LINGKUNGAN 1","","","S. Aktivitas Jasa Lainnya","SBR"],
    ["67927","UNIVERSAL PRIMA LOGISTIK","JL BRIGJEN KATAMSO KOMPLEK CENTRIUM","prelist","MEDAN MAIMUN","A U R","LINGKUNGAN 3","","","G. Perdagangan Besar dan Eceran, Reparasi Mobil dan Sepeda Motor","SBR"],
    ["67979","BENTUK INDO RAYA","JALAN BRIGJEN KATAMSO KOMP CENTRIUM BUSINESS CENTRE","prelist","MEDAN MAIMUN","A U R","LINGKUNGAN 3","","","L. Real Estat","SBR"],
    ["67983","VIHARA BOROBUDUR","JL IMAM BONJOL","prelist","MEDAN MAIMUN","HAMDAN","LINGKUNGAN 10","","","S. Aktivitas Jasa Lainnya","SBR"],
    ["67990","MEGA GEMILANG SEMESTA","JL BRIGJEN KATAMSO","prelist","MEDAN MAIMUN","KAMPUNG BARU","LINGKUNGAN 20","","","G. Perdagangan Besar dan Eceran, Reparasi Mobil dan Sepeda Motor","SBR"],
    ["67996","PELANGI JAGAT RAYA","JL B KATAMSO DALAM","prelist","MEDAN MAIMUN","SUKARAJA","LINGKUNGAN 5","","","E. Pengadaan Air, Pengelolaan Sampah, Limbah, dan Daur Ulang","SBR"],
    ["68034","FLORIS","KOMPLEK MULTATULI INDAH","prelist","MEDAN MAIMUN","HAMDAN","LINGKUNGAN 1","","","G. Perdagangan Besar dan Eceran, Reparasi Mobil dan Sepeda Motor","SBR"],
    ["68082","TAWADA HEALTHCARE","KOMPLEK MULTATULI INDAH","prelist","MEDAN MAIMUN","HAMDAN","LINGKUNGAN 1","","","G. Perdagangan Besar dan Eceran, Reparasi Mobil dan Sepeda Motor","SBR"],
    ["68083","TROPHY TRAVEL SERVICE","JL B KATAMSO","prelist","MEDAN MAIMUN","A U R","LINGKUNGAN 2","","","N. Jasa Persewaan, Ketenagakerjaan, Agen Perjalanan, dan Jasa Pendukung","SBR"],
    ["68104","FREIGHT LINER MEDAN","JL BRIGJEN KATAMSO BELAKANG","prelist","MEDAN MAIMUN","SEI MATI","LINGKUNGAN 4","","","H. Transportasi dan Pergudangan","SBR"],
    ["68205","BUANA KARYA","JL PALANG MERAH DALAM","prelist","MEDAN MAIMUN","A U R","LINGKUNGAN 6","","","G. Perdagangan Besar dan Eceran, Reparasi Mobil dan Sepeda Motor","SBR"],
    ["68237","SUBUR NUSANTARA","JL B KATAMSO GG BAKTI","prelist","MEDAN MAIMUN","SUKARAJA","LINGKUNGAN 7","","","G. Perdagangan Besar dan Eceran, Reparasi Mobil dan Sepeda Motor","SBR"],
    ["68238","CIPTA AGUNG MANDIRI","JL IR HAJI JUANDA BARU","prelist","MEDAN MAIMUN","J A T I","LINGKUNGAN 1","","","G. Perdagangan Besar dan Eceran, Reparasi Mobil dan Sepeda Motor","SBR"],
    ["68239","SERASI SHIPPING INDONESIA","JL.KOMPLEKS MULTATULI INDAH B-31, AUR","prelist","MEDAN MAIMUN","HAMDAN","LINGKUNGAN 7","","","H. Transportasi dan Pergudangan","SBR"],
    ["68250","PELAYARAN BINTANG PUTIH","JL IMAM BONJOL GEDUNG URO LT 4","prelist","MEDAN MAIMUN","HAMDAN","LINGKUNGAN 10","","","H. Transportasi dan Pergudangan","SBR"],
    ["68267","RICHFIELD MARINE INDONESIA","JL BRIGJEND KATAMSO","prelist","MEDAN MAIMUN","A U R","LINGKUNGAN 2","","","H. Transportasi dan Pergudangan","SBR"],
    ["68282","JAYA UTAMA","JL. LETJEN SUPRAPTO NO. 2 M, AUR","prelist","MEDAN MAIMUN","HAMDAN","LINGKUNGAN 10","","","N. Jasa Persewaan, Ketenagakerjaan, Agen Perjalanan, dan Jasa Pendukung","SBR"],
    ["68309","MITRA MANDIRI","JL BAHAGIA GG SEHAT","prelist","MEDAN MAIMUN","SUKARAJA","LINGKUNGAN 6","","","G. Perdagangan Besar dan Eceran, Reparasi Mobil dan Sepeda Motor","SBR"],
    ["68311","KARYA PRIMA MAKMUR","JL. PEMUDA","prelist","MEDAN MAIMUN","A U R","LINGKUNGAN 5","","","G. Perdagangan Besar dan Eceran, Reparasi Mobil dan Sepeda Motor","SBR"],
    ["68315","MITRA KARYA","JL.ADE IRMA SURYANI NASUTION NO.4, HAMDAN","prelist","MEDAN MAIMUN","HAMDAN","LINGKUNGAN 10","","","G. Perdagangan Besar dan Eceran, Reparasi Mobil dan Sepeda Motor","SBR"],
    ["68338","ANDIANA MUSRI GLOBAL EXPRESS","JL BRIGJEN KATAMSO GG PELITA II NO.7","prelist","MEDAN MAIMUN","KAMPUNG BARU","LINGKUNGAN 18","","","G. Perdagangan Besar dan Eceran, Reparasi Mobil dan Sepeda Motor","SBR"],
    ["68345","DHOPS INDONESIA","JL HAJI MISBAH","prelist","MEDAN MAIMUN","HAMDAN","LINGKUNGAN 5","","","I. Penyediaan Akomodasi dan Makan Minum","SBR"],
    ["68354","KAGUM SARIPUTRA RAYA","JL. BRIGJEND KATAMSO NO. 99/267","prelist","MEDAN MAIMUN","SUKARAJA","LINGKUNGAN 1","","","G. Perdagangan Besar dan Eceran, Reparasi Mobil dan Sepeda Motor","SBR"],
    ["68386","PERMATA","JL MANTRI","prelist","MEDAN MAIMUN","A U R","LINGKUNGAN 3","","","G. Perdagangan Besar dan Eceran, Reparasi Mobil dan Sepeda Motor","SBR"],
    ["68413","BOENTOEL CORNER","JALAN MANTRI","prelist","MEDAN MAIMUN","A U R","LINGKUNGAN 3","","","G. Perdagangan Besar dan Eceran, Reparasi Mobil dan Sepeda Motor","SBR"],
    ["68459","ASINDO AIIS INDONESIA","JL LINGGAR JATI","prelist","MEDAN MAIMUN","J A T I","LINGKUNGAN 1","","","B. Pertambangan dan Penggalian","SBR"],
    ["68492","JATI MASINDO","JL KOLONEL SUGIONO","prelist","MEDAN MAIMUN","A U R","LINGKUNGAN 9","","","L. Real Estat","SBR"],
    ["68493","MITRA MEDIA MOBILE","JL MULTATULI KOMPLEK MULTATULI INDAH","prelist","MEDAN MAIMUN","HAMDAN","LINGKUNGAN 1","","","J. Informasi dan Komunikasi","SBR"],
    ["68498","SUKSES ANUGERAH","JL PACAR","prelist","MEDAN MAIMUN","HAMDAN","LINGKUNGAN 8","","","H. Transportasi dan Pergudangan","SBR"],
    ["68529","F L O R I","JL MULTATULI BLOK AA NO. 33, HAMDAN","prelist","MEDAN MAIMUN","HAMDAN","LINGKUNGAN 6","","","G. Perdagangan Besar dan Eceran, Reparasi Mobil dan Sepeda Motor","SBR"],
    ["68555","VISI BERSAMA SEJAHTERA ABADI","JALAN BRIGJEND KATAMSO","prelist","MEDAN MAIMUN","SEI MATI","LINGKUNGAN 7","","","G. Perdagangan Besar dan Eceran, Reparasi Mobil dan Sepeda Motor","SBR"],
    ["68599","PATRA KANAKA FORTIS","JL MULTATULI KOMPLEK MULTATULI INDAH","prelist","MEDAN MAIMUN","HAMDAN","LINGKUNGAN 1","","","G. Perdagangan Besar dan Eceran, Reparasi Mobil dan Sepeda Motor","SBR"],
    ["68609","BORNEO SAWIT INDAH","JL IR H JUANDA NOMOR 33","prelist","MEDAN MAIMUN","J A T I","LINGKUNGAN 1","","","G. Perdagangan Besar dan Eceran, Reparasi Mobil dan Sepeda Motor","SBR"],
    ["68701","SIWALU OPPU PERKASA","JL PALANG MERAH DALAM","prelist","MEDAN MAIMUN","A U R","LINGKUNGAN 6","","","G. Perdagangan Besar dan Eceran, Reparasi Mobil dan Sepeda Motor","SBR"],
    ["68746","SAWIT PAYUNG SUKAJADI","JL KOL.SUGIONO NO.10 D-E, AUR","prelist","MEDAN MAIMUN","A U R","LINGKUNGAN 9","","","M. Jasa Profesional, Ilmiah, dan Teknis","SBR"],
    ["68749","SMARTFREN TELECOM Tbk","JL PALANG MERAH","prelist","MEDAN MAIMUN","HAMDAN","LINGKUNGAN 10","","","J. Informasi dan Komunikasi","SBR"],
    ["68817","LIKA INDO ERA","JL. ADE IRMA SURYANI","prelist","MEDAN MAIMUN","HAMDAN","LINGKUNGAN 10","","","G. Perdagangan Besar dan Eceran, Reparasi Mobil dan Sepeda Motor","SBR"],
    ["68821","KHARISMA AGRI INDO NUSA","JL PALANG MERAH THE ROYAL EXECUTIVE OFFICE TOWER A LT 2 A201","prelist","MEDAN MAIMUN","A U R","LINGKUNGAN 3","","","G. Perdagangan Besar dan Eceran, Reparasi Mobil dan Sepeda Motor","SBR"],
    ["68829","METROPOLITAN MAKMUR BERSAMA","JL B KATAMSO","prelist","MEDAN MAIMUN","A U R","LINGKUNGAN 2","","","G. Perdagangan Besar dan Eceran, Reparasi Mobil dan Sepeda Motor","SBR"],
    ["68861","LAKSMANA CEMERLANG","JL MANTRI NO.-C, AUR","prelist","MEDAN MAIMUN","A U R","LINGKUNGAN 3","","","G. Perdagangan Besar dan Eceran, Reparasi Mobil dan Sepeda Motor","SBR"],
    ["68959","SRI REZEKI","JL.BRIGJEND KATAMSO GG PERDAMAIAN NO.1 LK I, SEI MATI","prelist","MEDAN MAIMUN","SEI MATI","LINGKUNGAN 1","","","G. Perdagangan Besar dan Eceran, Reparasi Mobil dan Sepeda Motor","SBR"],
    ["68963","DURBAN","JL PALANG MERAH","prelist","MEDAN MAIMUN","A U R","LINGKUNGAN 6","","","G. Perdagangan Besar dan Eceran, Reparasi Mobil dan Sepeda Motor","SBR"],
    ["68972","PELAYARAN CARAKA TIRTA PERKASA","KOMPLEK MULTATULI INDAH","prelist","MEDAN MAIMUN","SEI MATI","LINGKUNGAN 7","","","H. Transportasi dan Pergudangan","SBR"],
    ["68987","SINAR SURYA SARANA SEJAHTERA","KOMP MULTATULI INDAH","prelist","MEDAN MAIMUN","HAMDAN","LINGKUNGAN 1","","","G. Perdagangan Besar dan Eceran, Reparasi Mobil dan Sepeda Motor","SBR"],
    ["69001","MAIMOON ARTHA SENTOSA","JL MANTRI","prelist","MEDAN MAIMUN","A U R","LINGKUNGAN 3","","","F. Konstruksi","SBR"],
    ["69034","MITRA KARYA CEMERLANG","JALAN BRIGJEND KATAMSO DALAM","prelist","MEDAN MAIMUN","KAMPUNG BARU","LINGKUNGAN 17","","","G. Perdagangan Besar dan Eceran, Reparasi Mobil dan Sepeda Motor","SBR"],
    ["69049","DINAMIKA UTAMA INDONESIA","JL B KATAMSO GG INTAN","prelist","MEDAN MAIMUN","KAMPUNG BARU","LINGKUNGAN 11","","","G. Perdagangan Besar dan Eceran, Reparasi Mobil dan Sepeda Motor","SBR"],
    ["69072","GUNUNG MAS SEJATI","JL IR H JUANDA","prelist","MEDAN MAIMUN","J A T I","LINGKUNGAN 1","","","G. Perdagangan Besar dan Eceran, Reparasi Mobil dan Sepeda Motor","SBR"],
    ["69081","BANGUN ENERGI UTAMA","JL BRIGJEN KATAMSO KOMPLEK PRIMA MINIMALIS","prelist","MEDAN MAIMUN","SEI MATI","LINGKUNGAN 2","","","G. Perdagangan Besar dan Eceran, Reparasi Mobil dan Sepeda Motor","SBR"],
    ["69084","SEWU JAYA UTAMA","JL BRIGJEN KATAMSO","prelist","MEDAN MAIMUN","KAMPUNG BARU","LINGKUNGAN 12","","","G. Perdagangan Besar dan Eceran, Reparasi Mobil dan Sepeda Motor","SBR"],
    ["69118","SAHABAT GUKGUK MEDAN","JL TERATAI","prelist","MEDAN MAIMUN","HAMDAN","LINGKUNGAN 7","","","Q. Jasa Kesehatan dan Kegiatan Sosial","SBR"],
    ["69157","KARYA UTAMA SEHAT SEJAHTERA","JL B KATAMSO GG MERIAM","prelist","MEDAN MAIMUN","A U R","LINGKUNGAN 4","","","Q. Jasa Kesehatan dan Kegiatan Sosial","SBR"],
    ["69202","GELORA KARYA MADANI","JL KOLONEL SUGIONO","prelist","MEDAN MAIMUN","A U R","LINGKUNGAN 5","","","G. Perdagangan Besar dan Eceran, Reparasi Mobil dan Sepeda Motor","SBR"],
    ["69203","DWI KEDANDIO ANANDA","JL BRIGJEND KATAMSO GG KESATRIA","prelist","MEDAN MAIMUN","SEI MATI","LINGKUNGAN 12","","","G. Perdagangan Besar dan Eceran, Reparasi Mobil dan Sepeda Motor","SBR"],
    ["69204","MEDRI ARTHA PRATIWI","JL BRIGJEND KATAMSO","prelist","MEDAN MAIMUN","SEI MATI","LINGKUNGAN 5","","","G. Perdagangan Besar dan Eceran, Reparasi Mobil dan Sepeda Motor","SBR"],
    ["69227","ASURANSI MULTI ARTHA GUNA, TBK","JL PEMUDA","prelist","MEDAN MAIMUN","A U R","LINGKUNGAN 5","","","K. Aktivitas Keuangan Dan Asuransi","SBR"],
    ["69228","WASPADA ONLINE","JL BRIGJEN KATAMSO","prelist","MEDAN MAIMUN","A U R","LINGKUNGAN 4","","","J. Informasi dan Komunikasi","SBR"],
    ["69295","LIANDANIS","JL LETJEN SUPRAPTO","prelist","MEDAN MAIMUN","HAMDAN","LINGKUNGAN 7","","","M. Jasa Profesional, Ilmiah, dan Teknis","SBR"],
    ["69300","CATUR HAGEN SENTOSA","JL B KATAMSO NO 53-A","prelist","MEDAN MAIMUN","A U R","LINGKUNGAN 3","","","G. Perdagangan Besar dan Eceran, Reparasi Mobil dan Sepeda Motor","SBR"],
    ["69310","BUDY RAHAYU","JL. BRIGJEN KATAMSO","prelist","MEDAN MAIMUN","SEI MATI","LINGKUNGAN 5","","","A. Pertanian, Kehutanan, dan Perikanan","SBR"],
    ["69324","USAHA JAYA PERSADA","KOMPLEKS MULTATULI INDAH","prelist","MEDAN MAIMUN","HAMDAN","LINGKUNGAN 1","","","G. Perdagangan Besar dan Eceran, Reparasi Mobil dan Sepeda Motor","SBR"],
    ["69345","DIPO STAR FINANCE","JL BRIGJEND KATAMSO KOMPLEK RUKO CENTRIUM","prelist","MEDAN MAIMUN","A U R","LINGKUNGAN 3","","","K. Aktivitas Keuangan Dan Asuransi","SBR"],
    ["69360","BUANA JASA ENTERPRISE","JL.B.KATAMSO NO.41 H RT. 0 RW. 0","prelist","MEDAN MAIMUN","SUKARAJA","LINGKUNGAN 7","","","G. Perdagangan Besar dan Eceran, Reparasi Mobil dan Sepeda Motor","SBR"],
    ["69485","PRATAMA MANDIRI GEMILANG","KOMPLEK MULTATULI INDAH","prelist","MEDAN MAIMUN","HAMDAN","LINGKUNGAN 7","","","G. Perdagangan Besar dan Eceran, Reparasi Mobil dan Sepeda Motor","SBR"],
    ["69492","DWI ANUGRAH BARU","JL MULTATULI KOMPLEK MULTATULI INDAH","prelist","MEDAN MAIMUN","HAMDAN","LINGKUNGAN 1","","","G. Perdagangan Besar dan Eceran, Reparasi Mobil dan Sepeda Motor","SBR"],
    ["69522","JJ STEAK MEDAN","MANTRI","prelist","MEDAN MAIMUN","A U R","LINGKUNGAN 3","","","I. Penyediaan Akomodasi dan Makan Minum","SBR"],
    ["69585","CIPALIAS TEKNIK AGUNG","JL B KATAMSO GG PASAR SENEN LEMBAH","prelist","MEDAN MAIMUN","KAMPUNG BARU","LINGKUNGAN 11","","","G. Perdagangan Besar dan Eceran, Reparasi Mobil dan Sepeda Motor","SBR"],
    ["69639","GRAHA SUMATRA KROWN","JL B KATAMSO LK VIII","prelist","MEDAN MAIMUN","A U R","LINGKUNGAN 2","","","G. Perdagangan Besar dan Eceran, Reparasi Mobil dan Sepeda Motor","SBR"],
    ["69647","BRISK BUSI INDONESIA","GEDUNG THE ROYAL EXECUTIVE OFFICE TOWER A LANTAI 2 JL PALANG MERAH","prelist","MEDAN MAIMUN","A U R","LINGKUNGAN 3","","","G. Perdagangan Besar dan Eceran, Reparasi Mobil dan Sepeda Motor","SBR"],
    ["69651","TJAHAJA BINTANG RUGEMUK","JL B KATAMSO GG DATUK","prelist","MEDAN MAIMUN","KAMPUNG BARU","LINGKUNGAN 11","","","G. Perdagangan Besar dan Eceran, Reparasi Mobil dan Sepeda Motor","SBR"],
    ["69700","SANOBAR MITRA UTAMA","JL BRIGJEN KATAMSO","prelist","MEDAN MAIMUN","KAMPUNG BARU","LINGKUNGAN 20","","","G. Perdagangan Besar dan Eceran, Reparasi Mobil dan Sepeda Motor","SBR"],
    ["69725","CAHAYA REZEKI GEMILANG","JL AVROS KOMPLEK AVROS","prelist","MEDAN MAIMUN","KAMPUNG BARU","LINGKUNGAN 14","","","G. Perdagangan Besar dan Eceran, Reparasi Mobil dan Sepeda Motor","SBR"],
    ["69728","SURYA PERMATA ENERGI","JL BRIGJEN KATAMSO KM 3","prelist","MEDAN MAIMUN","KAMPUNG BARU","LINGKUNGAN 11","","","G. Perdagangan Besar dan Eceran, Reparasi Mobil dan Sepeda Motor","SBR"],
    ["69735","MIEL NUSANTARA DEVELOPMENT","KOMPLEK MULTATULI INDAH","prelist","MEDAN MAIMUN","HAMDAN","LINGKUNGAN 7","","","L. Real Estat","SBR"],
    ["69744","CITRA AGUNG PRIMA","JL MANGKUBUMI","prelist","MEDAN MAIMUN","A U R","LINGKUNGAN 9","","","G. Perdagangan Besar dan Eceran, Reparasi Mobil dan Sepeda Motor","SBR"],
    ["69782","SUKSES JAYA ALKESINDO","KOMPLEK MULTATULI INDAH JL HAJI MISBAH","prelist","MEDAN MAIMUN","HAMDAN","LINGKUNGAN 7","","","G. Perdagangan Besar dan Eceran, Reparasi Mobil dan Sepeda Motor","SBR"],
    ["69790","MARTIN VERSA INDONESIA","JL BRIGJEN KATAMSO","prelist","MEDAN MAIMUN","SUKARAJA","LINGKUNGAN 6","","","G. Perdagangan Besar dan Eceran, Reparasi Mobil dan Sepeda Motor","SBR"],
    ["69838","TERANG MENTARI","JL KOLONEL SUGIONO","prelist","MEDAN MAIMUN","A U R","LINGKUNGAN 5","","","G. Perdagangan Besar dan Eceran, Reparasi Mobil dan Sepeda Motor","SBR"],
    ["69848","KARYA PERSADA MANDIRI","JL B KATAMSO GG INTAN","prelist","MEDAN MAIMUN","KAMPUNG BARU","LINGKUNGAN 11","","","N. Jasa Persewaan, Ketenagakerjaan, Agen Perjalanan, dan Jasa Pendukung","SBR"],
    ["69871","AUZANO ANUGERAH ABADI","JL. B. KATAMSO GG. PELITA II NO. 33","prelist","MEDAN MAIMUN","KAMPUNG BARU","LINGKUNGAN 19","","","G. Perdagangan Besar dan Eceran, Reparasi Mobil dan Sepeda Motor","SBR"],
    ["69896","WILCO TERA CITRA","JL PALANG MERAH","prelist","MEDAN MAIMUN","HAMDAN","LINGKUNGAN 10","","","G. Perdagangan Besar dan Eceran, Reparasi Mobil dan Sepeda Motor","SBR"],
    ["69906","ARIGA GLOBAL UTAMA","JL BRIGADIR JENDERAL KATAMSO GG DARUL AMAN","prelist","MEDAN MAIMUN","KAMPUNG BARU","LINGKUNGAN 20","","","G. Perdagangan Besar dan Eceran, Reparasi Mobil dan Sepeda Motor","SBR"],
    ["69915","INDO GUNA PRATAMA","JL. BRIGJEND KATAMSO BLK NO. 15-A / 64-I LK-I","prelist","MEDAN MAIMUN","A U R","LINGKUNGAN 8","","","G. Perdagangan Besar dan Eceran, Reparasi Mobil dan Sepeda Motor","SBR"],
    ["69928","MADA PERKASA","JL. TERATAI PASIRAN","prelist","MEDAN MAIMUN","HAMDAN","LINGKUNGAN 7","","","G. Perdagangan Besar dan Eceran, Reparasi Mobil dan Sepeda Motor","SBR"],
    ["69965","PREMIUM INTI PROPERTI","KOMPLEK MULTATULI INDAH JL MULTATULI","prelist","MEDAN MAIMUN","HAMDAN","LINGKUNGAN 1","","","G. Perdagangan Besar dan Eceran, Reparasi Mobil dan Sepeda Motor","SBR"],
    ["69968","MAHKOTA MANDIRI MAKMUR","KOMPLEK MULTATULI INDAH","prelist","MEDAN MAIMUN","HAMDAN","LINGKUNGAN 7","","","G. Perdagangan Besar dan Eceran, Reparasi Mobil dan Sepeda Motor","SBR"],
    ["70005","KARUNIA NIAGA ABADI","JL MANGKUBUMI","prelist","MEDAN MAIMUN","A U R","LINGKUNGAN 9","","","L. Real Estat","SBR"],
    ["70038","CHEMIKOS WICAKSANA SELATAN","JL MULTATULI KOMPLEK MULTATULI INDAH","prelist","MEDAN MAIMUN","HAMDAN","LINGKUNGAN 5","","","G. Perdagangan Besar dan Eceran, Reparasi Mobil dan Sepeda Motor","SBR"],
    ["70049","EPELIN","JL.KARYA GG.RAKYAT NO.46, TANJUNG GUSTA","prelist","MEDAN MAIMUN","SEI MATI","LINGKUNGAN 4","","","G. Perdagangan Besar dan Eceran, Reparasi Mobil dan Sepeda Motor","SBR"],
    ["70080","MANDIRI SUKSES","JL BRIGJEN KATAMSO","prelist","MEDAN MAIMUN","A U R","LINGKUNGAN 5","","","G. Perdagangan Besar dan Eceran, Reparasi Mobil dan Sepeda Motor","SBR"],
    ["70084","ANUGERAH BINTANG ABADI","JL PALANG MERAH RUKO ROYAL RESIDENCE NO 11, AUR","prelist","MEDAN MAIMUN","A U R","LINGKUNGAN 5","","","G. Perdagangan Besar dan Eceran, Reparasi Mobil dan Sepeda Motor","SBR"],
    ["70114","SUKSES INTI PERSADA","JL MULTATULI KOMPLEK MULTATULI INDAH","prelist","MEDAN MAIMUN","HAMDAN","LINGKUNGAN 1","","","G. Perdagangan Besar dan Eceran, Reparasi Mobil dan Sepeda Motor","SBR"],
    ["70129","CHRISTY MILKA BERSAMA","JL BRIGJEND KATAMSO KOMPLEK ISTANA PRIMA 2 D 6 LK X","prelist","MEDAN MAIMUN","SEI MATI","LINGKUNGAN 10","","","G. Perdagangan Besar dan Eceran, Reparasi Mobil dan Sepeda Motor","SBR"],
    ["70133","MUSTIKA NIAGA INDONESIA","KOMP MULTA INDAH","prelist","MEDAN MAIMUN","A U R","LINGKUNGAN 10","","","G. Perdagangan Besar dan Eceran, Reparasi Mobil dan Sepeda Motor","SBR"],
    ["70137","ADYTIA SIMBISA ERSADA","JL LETJEN SUPRAPTO","prelist","MEDAN MAIMUN","A U R","LINGKUNGAN 5","","","G. Perdagangan Besar dan Eceran, Reparasi Mobil dan Sepeda Motor","SBR"],
    ["70216","CATUR ANUGERAH SEJATI","KOMPLEK MULTATULI INDAH","prelist","MEDAN MAIMUN","HAMDAN","LINGKUNGAN 1","","","G. Perdagangan Besar dan Eceran, Reparasi Mobil dan Sepeda Motor","SBR"],
    ["70300","GRAHA SINGA MAS","JL.B.KATAMSO NO.266 LK X","prelist","MEDAN MAIMUN","SEI MATI","LINGKUNGAN 10","","","G. Perdagangan Besar dan Eceran, Reparasi Mobil dan Sepeda Motor","SBR"],
    ["70304","BCA MULTI FINANCE","JL BRIGJEN KATAMSO","prelist","MEDAN MAIMUN","KAMPUNG BARU","LINGKUNGAN 11","","","K. Aktivitas Keuangan Dan Asuransi","SBR"],
    ["70342","JAYA ABADI DUTAKONSULT","JL B KATAMSO GG LAMPU I","prelist","MEDAN MAIMUN","KAMPUNG BARU","LINGKUNGAN 16","","","M. Jasa Profesional, Ilmiah, dan Teknis","SBR"],
    ["70364","KHARISMA LOGISTIK SEJAHTERA","KOMPLEK MULTATULI INDAH JL H MISBAH","prelist","MEDAN MAIMUN","A U R","LINGKUNGAN 10","","","H. Transportasi dan Pergudangan","SBR"],
    ["70388","BINTANG TERANG MANDIRI","JL MELUR","prelist","MEDAN MAIMUN","HAMDAN","LINGKUNGAN 7","","","G. Perdagangan Besar dan Eceran, Reparasi Mobil dan Sepeda Motor","SBR"],
    ["70404","KAGUM SARIPUTRA RAYA","JL. B. KATAMSO GG. BARU","prelist","MEDAN MAIMUN","SUKARAJA","LINGKUNGAN 6","","","G. Perdagangan Besar dan Eceran, Reparasi Mobil dan Sepeda Motor","SBR"],
    ["70432","RIZKI AUDY","JL B KATAMSO DALAM","prelist","MEDAN MAIMUN","SUKARAJA","LINGKUNGAN 5","","","G. Perdagangan Besar dan Eceran, Reparasi Mobil dan Sepeda Motor","SBR"],
    ["70437","SEMUT MERAH","JL. KOLONEL SUGIONO NO. 18 - B","prelist","MEDAN MAIMUN","A U R","LINGKUNGAN 9","","","G. Perdagangan Besar dan Eceran, Reparasi Mobil dan Sepeda Motor","SBR"],
    ["70500","EXCELLENT DATA CONSULTING","JL B KATAMSO","prelist","MEDAN MAIMUN","KAMPUNG BARU","LINGKUNGAN 8","","","G. Perdagangan Besar dan Eceran, Reparasi Mobil dan Sepeda Motor","SBR"],
    ["70511","SINAR JERNIH SARANA","JL MULTATULI KOMPLEK MULTATULI INDAH","prelist","MEDAN MAIMUN","HAMDAN","LINGKUNGAN 1","","","N. Jasa Persewaan, Ketenagakerjaan, Agen Perjalanan, dan Jasa Pendukung","SBR"],
    ["70530","BERKAT GRAHA BERBUNGA","JL IRIAN BARAT","prelist","MEDAN MAIMUN","A U R","LINGKUNGAN 7","","","G. Perdagangan Besar dan Eceran, Reparasi Mobil dan Sepeda Motor","SBR"],
    ["70551","BINATAMA BABURAMAKMUR","JALAN BRIGJEN KATAMSO KOMP CENTRIUM BUSINESS CENTRE","prelist","MEDAN MAIMUN","A U R","LINGKUNGAN 3","","","L. Real Estat","SBR"],
    ["70561","MARGA MANDIRI KENCANA","JL B.KATAMSO NO.64-B","prelist","MEDAN MAIMUN","A U R","LINGKUNGAN 3","","","G. Perdagangan Besar dan Eceran, Reparasi Mobil dan Sepeda Motor","SBR"],
    ["70598","SONY WIJAYA","WARNA UJUNG NO 28C","prelist","MEDAN MAIMUN","SUKARAJA","LINGKUNGAN 6","","","A. Pertanian, Kehutanan, dan Perikanan","SBR"],
    ["70606","OKTA KARYA ENERGI, PT","JL B KATAMSO KOMP ISTANA BISNIS CENTER NO. 45","prelist","MEDAN MAIMUN","SUKARAJA","LINGKUNGAN 7","","","G. Perdagangan Besar dan Eceran, Reparasi Mobil dan Sepeda Motor","SBR"],
    ["70616","GRAHA ALAM GEMILANG","JL IR H JUANDA BARU","prelist","MEDAN MAIMUN","SUKARAJA","LINGKUNGAN 5","","","G. Perdagangan Besar dan Eceran, Reparasi Mobil dan Sepeda Motor","SBR"],
    ["70622","MITRA PERDANA SUKSES","JL. BRIGJEND KATAMSO","prelist","MEDAN MAIMUN","A U R","LINGKUNGAN 5","","","G. Perdagangan Besar dan Eceran, Reparasi Mobil dan Sepeda Motor","SBR"],
    ["70629","IMPRESSIVE TRAVEL SUMATRA","JL BRIGJEN KATAMSO GG KELUARGA","prelist","MEDAN MAIMUN","KAMPUNG BARU","LINGKUNGAN 1","","","G. Perdagangan Besar dan Eceran, Reparasi Mobil dan Sepeda Motor","SBR"],
    ["70637","PERUSAHAAN BONGKAR MUAT SAMPULUR JAYA","JL KOLONEL SUGIONO","prelist","MEDAN MAIMUN","A U R","LINGKUNGAN 5","","","G. Perdagangan Besar dan Eceran, Reparasi Mobil dan Sepeda Motor","SBR"],
    ["70679","TUNAS JAYA KERTASINDO","JL.BRIGJEND KATAMSO BLK 585-M RT. 0 RW. 0","prelist","MEDAN MAIMUN","KAMPUNG BARU","LINGKUNGAN 11","","","G. Perdagangan Besar dan Eceran, Reparasi Mobil dan Sepeda Motor","SBR"],
    ["70716","MANDIRI ABADI SEJAHTERA","JL MULTATULI","prelist","MEDAN MAIMUN","A U R","LINGKUNGAN 7","","","O. Administrasi Pemerintahan, Pertahanan, dan Jaminan Sosial Wajib","SBR"],
    ["70724","JENTERA KREATIVITAS MUDA","JL, BRIGJEND KATAMSO GG. JAWA","prelist","MEDAN MAIMUN","KAMPUNG BARU","LINGKUNGAN 10","","","G. Perdagangan Besar dan Eceran, Reparasi Mobil dan Sepeda Motor","SBR"],
    ["70788","GASPRO TEKNIK UTAMA","JL. PEMUDA BARU I NO. 31 MEDAN","prelist","MEDAN MAIMUN","A U R","LINGKUNGAN 7","","","N. Jasa Persewaan, Ketenagakerjaan, Agen Perjalanan, dan Jasa Pendukung","SBR"],
    ["70848","GOUSLY TJOE ABADI","JL PEMUDA BARU III LK VII","prelist","MEDAN MAIMUN","A U R","LINGKUNGAN 7","","","G. Perdagangan Besar dan Eceran, Reparasi Mobil dan Sepeda Motor","SBR"],
    ["70863","JAYA TAMBANG KARIMUN","JL BRIGJEND KATAMSO KOMPLEK ISTANA BISNIS CENTER NO 35","prelist","MEDAN MAIMUN","SUKARAJA","LINGKUNGAN 6","","","B. Pertambangan dan Penggalian","SBR"],
    ["70868","SEMUT MERAH BERIRING","JL KOLONEL SUGIONO LINGKUNGAN V","prelist","MEDAN MAIMUN","A U R","LINGKUNGAN 5","","","G. Perdagangan Besar dan Eceran, Reparasi Mobil dan Sepeda Motor","SBR"],
    ["70953","ANUGERAH TRIJAYA MANDIRI","KOMP.MULTATULI","prelist","MEDAN MAIMUN","A U R","LINGKUNGAN 10","","","G. Perdagangan Besar dan Eceran, Reparasi Mobil dan Sepeda Motor","SBR"],
    ["70958","DONGPEINIM BUDI LESTARI","JALAN PEMUDA","prelist","MEDAN MAIMUN","A U R","LINGKUNGAN 7","","","P. Pendidikan","SBR"],
    ["70974","SINDONOVA","JL.KOMPLEK MULTATULI","prelist","MEDAN MAIMUN","HAMDAN","LINGKUNGAN 7","","","P. Pendidikan","SBR"],
    ["70977","MAJAINDO CITRA SWAKARSA","JL B KATAMSO DALAM","prelist","MEDAN MAIMUN","A U R","LINGKUNGAN 2","","","L. Real Estat","SBR"],
    ["70980","PRIMA TERMINAL PETIKEMAS","JL JEND SUDIRMAN","prelist","MEDAN MAIMUN","J A T I","LINGKUNGAN 1","","","H. Transportasi dan Pergudangan","SBR"],
    ["70996","BARUMUN SARI PALMA","JL.MAYJEND.SUTOYO.S.NO.57/59, KESAWAN","prelist","MEDAN MAIMUN","KAMPUNG BARU","LINGKUNGAN 17","","","G. Perdagangan Besar dan Eceran, Reparasi Mobil dan Sepeda Motor","SBR"],
    ["71000","PANCA NIAGA BERSAMA","JL BRIGJEN KATAMSO GG BAKTI","prelist","MEDAN MAIMUN","SUKARAJA","LINGKUNGAN 7","","","G. Perdagangan Besar dan Eceran, Reparasi Mobil dan Sepeda Motor","SBR"],
    ["71001","METROPOLITAN SEJAHTERA BERSAMA","JL PEMUDA","prelist","MEDAN MAIMUN","A U R","LINGKUNGAN 5","","","G. Perdagangan Besar dan Eceran, Reparasi Mobil dan Sepeda Motor","SBR"],
    ["71007","GRAND MENARA MEDIA","JL IR H JUANDA","prelist","MEDAN MAIMUN","SUKARAJA","LINGKUNGAN 5","","","G. Perdagangan Besar dan Eceran, Reparasi Mobil dan Sepeda Motor","SBR"],
    ["71010","HARAZAKI ANANTA EXIM","JL KENANGA","prelist","MEDAN MAIMUN","HAMDAN","LINGKUNGAN 6","","","G. Perdagangan Besar dan Eceran, Reparasi Mobil dan Sepeda Motor","SBR"],
    ["71056","BUKIT SION ABADI","JL B KATAMSO","prelist","MEDAN MAIMUN","SEI MATI","LINGKUNGAN 7","","","F. Konstruksi","SBR"],
    ["71057","DUNIA JAYA VALAS","KOMPLEK MULTATULI LK I","prelist","MEDAN MAIMUN","HAMDAN","LINGKUNGAN 1","","","G. Perdagangan Besar dan Eceran, Reparasi Mobil dan Sepeda Motor","SBR"],
    ["71071","GLORY MANDIRI SUKSES","BRIG JEND KATAMSO GG BARISAN","prelist","MEDAN MAIMUN","SEI MATI","LINGKUNGAN 10","","","G. Perdagangan Besar dan Eceran, Reparasi Mobil dan Sepeda Motor","SBR"],
    ["71093","WIRALANAO LESTARI","JL KOL SUGIONO","prelist","MEDAN MAIMUN","A U R","LINGKUNGAN 9","","","G. Perdagangan Besar dan Eceran, Reparasi Mobil dan Sepeda Motor","SBR"],
    ["71108","VIRA SWASTIKA BOGA INDONESIA","JL B.KATAMSO NO.699, KAMPUNG BARU","prelist","MEDAN MAIMUN","KAMPUNG BARU","LINGKUNGAN 7","","","G. Perdagangan Besar dan Eceran, Reparasi Mobil dan Sepeda Motor","SBR"],
    ["71150","SUKSES PRATAMA ANDALAN","JL BRIGJEND KATAMSO","prelist","MEDAN MAIMUN","A U R","LINGKUNGAN 5","","","G. Perdagangan Besar dan Eceran, Reparasi Mobil dan Sepeda Motor","SBR"],
    ["71161","KARYA HARAPAN JAYA","JL WARNI","prelist","MEDAN MAIMUN","SUKARAJA","LINGKUNGAN 5","","","G. Perdagangan Besar dan Eceran, Reparasi Mobil dan Sepeda Motor","SBR"],
    ["71169","MUSTIKA PRATAMA INDONESIA","JL MESJID RAYA NO. 10/20, AUR","prelist","MEDAN MAIMUN","A U R","LINGKUNGAN 8","","","M. Jasa Profesional, Ilmiah, dan Teknis","SBR"],
    ["71172","ALFA SCORPII","JL BRIGJEN KATAMSO","prelist","MEDAN MAIMUN","KAMPUNG BARU","LINGKUNGAN 15","","","G. Perdagangan Besar dan Eceran, Reparasi Mobil dan Sepeda Motor","SBR"],
    ["71174","BERKAH SEJATI","KOMP MULTATULI INDAH","prelist","MEDAN MAIMUN","A U R","LINGKUNGAN 10","","","G. Perdagangan Besar dan Eceran, Reparasi Mobil dan Sepeda Motor","SBR"],
    ["71216","DELTAGUNA INDOMEGAH","JL SUPRAPTO","prelist","MEDAN MAIMUN","HAMDAN","LINGKUNGAN 7","","","L. Real Estat","SBR"],
    ["71221","MANDIRI JAYA PUTRA","JL B KATAMSO NO 53, SUKA RAJA","prelist","MEDAN MAIMUN","A U R","LINGKUNGAN 3","","","G. Perdagangan Besar dan Eceran, Reparasi Mobil dan Sepeda Motor","SBR"],
    ["71233","TIGA IKAN JAYA","JL B KATAMSO","prelist","MEDAN MAIMUN","SEI MATI","LINGKUNGAN 5","","","G. Perdagangan Besar dan Eceran, Reparasi Mobil dan Sepeda Motor","SBR"],
    ["71254","BAHANA","JL MANTRI LK.III","prelist","MEDAN MAIMUN","A U R","LINGKUNGAN 3","","","G. Perdagangan Besar dan Eceran, Reparasi Mobil dan Sepeda Motor","SBR"],
    ["71277","BERINDO","JALAN MULTATULI KOMPLEK MULTATULI INDAH BLOK D NO.13","prelist","MEDAN MAIMUN","A U R","LINGKUNGAN 10","","","G. Perdagangan Besar dan Eceran, Reparasi Mobil dan Sepeda Motor","SBR"],
    ["71284","ANATA KASIH UTAMA","JL BRIGJEND KATAMSO","prelist","MEDAN MAIMUN","A U R","LINGKUNGAN 2","","","G. Perdagangan Besar dan Eceran, Reparasi Mobil dan Sepeda Motor","SBR"],
    ["71297","ANGKASA TEHNIK MANDIRI","KOMPLEK ISTANA BISNIS CENTER JL B KATAMSO","prelist","MEDAN MAIMUN","SUKARAJA","LINGKUNGAN 7","","","G. Perdagangan Besar dan Eceran, Reparasi Mobil dan Sepeda Motor","SBR"],
    ["71317","PRO MEKANIKA","JL MULTATULI","prelist","MEDAN MAIMUN","HAMDAN","LINGKUNGAN 10","","","G. Perdagangan Besar dan Eceran, Reparasi Mobil dan Sepeda Motor","SBR"],
    ["71325","SUMBER JASA LESTARI","JL MELUR NO 5","prelist","MEDAN MAIMUN","HAMDAN","LINGKUNGAN 7","","","G. Perdagangan Besar dan Eceran, Reparasi Mobil dan Sepeda Motor","SBR"],
    ["71352","PADANG MANDIRI SEJATI","JL KOLONEL SUGIONO","prelist","MEDAN MAIMUN","A U R","LINGKUNGAN 5","","","F. Konstruksi","SBR"],
    ["71434","SUN","JL BRIGJEND.KATAMSO NO.1-A/655, KAMPUNG BARU","prelist","MEDAN MAIMUN","KAMPUNG BARU","LINGKUNGAN 5","","","G. Perdagangan Besar dan Eceran, Reparasi Mobil dan Sepeda Motor","SBR"],
    ["71438","SUMBER BERKAT PELITA","JL. PALANG MERAH","prelist","MEDAN MAIMUN","A U R","LINGKUNGAN 6","","","N. Jasa Persewaan, Ketenagakerjaan, Agen Perjalanan, dan Jasa Pendukung","SBR"],
    ["71497","JACCS MITRA PINASTHIKA MUSTIKA FINANCE INDONESIA","KOMPLEKS MULTATULI INDAH","prelist","MEDAN MAIMUN","HAMDAN","LINGKUNGAN 1","","","K. Aktivitas Keuangan Dan Asuransi","SBR"],
    ["71500","JAYA PRATAMA","JL.IR.H.JUANDA BARU NO.11 RT.00 RW.00, SUKA RAJA","prelist","MEDAN MAIMUN","SUKARAJA","LINGKUNGAN 1","","","H. Transportasi dan Pergudangan","SBR"],
    ["71568","SINAR LAUT SUMATERA","KOMPLEK MULTATULI INDAH","prelist","MEDAN MAIMUN","HAMDAN","LINGKUNGAN 7","","","G. Perdagangan Besar dan Eceran, Reparasi Mobil dan Sepeda Motor","SBR"],
    ["71628","AVIASI INTI ABADI","JL. BRIGJEN KATAMSO NO. 398-C","prelist","MEDAN MAIMUN","SEI MATI","LINGKUNGAN 7","","","P. Pendidikan","SBR"],
    ["71645","EMELGE KAPITAL","JL BRIGJEND KATAMSO KOMPLEK ISTANA PRIMA","prelist","MEDAN MAIMUN","SEI MATI","LINGKUNGAN 9","","","G. Perdagangan Besar dan Eceran, Reparasi Mobil dan Sepeda Motor","SBR"],
    ["71704","INDOTECNIC JAYA GROUP","KOMPLEK MULTATULI INDAH","prelist","MEDAN MAIMUN","HAMDAN","LINGKUNGAN 7","","","G. Perdagangan Besar dan Eceran, Reparasi Mobil dan Sepeda Motor","SBR"],
    ["71706","PUTRA RAJA","JL KOLONEL SUGIONO","prelist","MEDAN MAIMUN","A U R","LINGKUNGAN 5","","","G. Perdagangan Besar dan Eceran, Reparasi Mobil dan Sepeda Motor","SBR"],
    ["71715","PERMATA LOEBIS","JL.H.MISBAH KOMP.MULTATULI INDAH BLOK F NO.15","prelist","MEDAN MAIMUN","HAMDAN","LINGKUNGAN 7","","","G. Perdagangan Besar dan Eceran, Reparasi Mobil dan Sepeda Motor","SBR"],
    ["71735","INDOPAC CONTROL SERVICES","JL B KATAMSO KOMP ISTANA BISNIS CENTER NO. 40, SUKA RAJA","prelist","MEDAN MAIMUN","SUKARAJA","LINGKUNGAN 7","","","M. Jasa Profesional, Ilmiah, dan Teknis","SBR"],
    ["71758","DHARMA MITRA ABADI","KOMP MULTATULI INDAH","prelist","MEDAN MAIMUN","A U R","LINGKUNGAN 10","","","G. Perdagangan Besar dan Eceran, Reparasi Mobil dan Sepeda Motor","SBR"],
    ["72025","CINTA MAKMUR PERKASA","JL.BRIGJEN KATAMSO NO.156 G","prelist","MEDAN MAIMUN","SUKARAJA","LINGKUNGAN 6","","","F. Konstruksi","SBR"],
    ["72106","ALFINKY BINAMITRA SEJAHTERA","JL ADE IRMA SURYANI","prelist","MEDAN MAIMUN","HAMDAN","LINGKUNGAN 10","","","L. Real Estat","SBR"],
    ["72154","HARI INDO AGUNG PERKASA","JL.BRIGJEND KATAMSO NO.33 B-C RT/RW -/-","prelist","MEDAN MAIMUN","A U R","LINGKUNGAN 8","","","H. Transportasi dan Pergudangan","SBR"],
    ["72159","REZEKI UTAMA","JL BRIG. JEND. KATAMSO GG WAJA","prelist","MEDAN MAIMUN","KAMPUNG BARU","LINGKUNGAN 7","","","G. Perdagangan Besar dan Eceran, Reparasi Mobil dan Sepeda Motor","SBR"],
    ["72206","FOODS BEVERAGES INDONESIA","JL IR H JUANDA","prelist","MEDAN MAIMUN","SUKARAJA","LINGKUNGAN 5","","","I. Penyediaan Akomodasi dan Makan Minum","SBR"],
    ["72223","PUTRI AYU MONICA","LINGKUNGAN XI","prelist","MEDAN MAIMUN","SEI MATI","LINGKUNGAN 11","","","H. Transportasi dan Pergudangan","SBR"],
    ["72254","MELAKIM INTI PERKASA, PT","KOMPLEK MULTATULI BLOK E NO. 41-42","prelist","MEDAN MAIMUN","A U R","LINGKUNGAN 10","","","G. Perdagangan Besar dan Eceran, Reparasi Mobil dan Sepeda Motor","SBR"],
    ["72258","FILOSOFI KOPI MANDIRI","JL. SAMANHUDI","prelist","MEDAN MAIMUN","HAMDAN","LINGKUNGAN 6","","","I. Penyediaan Akomodasi dan Makan Minum","SBR"],
    ["72292","ASURANSI SAHABAT ARTHA PROTEKSI","JL BRIGJEND KATAMSO, KOMPLEK CENTRUM BISNIS LING III","prelist","MEDAN MAIMUN","A U R","LINGKUNGAN 2","","","K. Aktivitas Keuangan Dan Asuransi","SBR"],
    ["72294","BHUMI ALFA","JL BRIGJEND KATAMSO","prelist","MEDAN MAIMUN","SEI MATI","LINGKUNGAN 5","","","G. Perdagangan Besar dan Eceran, Reparasi Mobil dan Sepeda Motor","SBR"],
    ["72332","MIKO YOVA DUTANELSARI","JL BRIGJEN KATAMSO LK XX","prelist","MEDAN MAIMUN","KAMPUNG BARU","LINGKUNGAN 15","","","M. Jasa Profesional, Ilmiah, dan Teknis","SBR"],
    ["72418","GRIYA RIATUR INDAH","JL SAMANHUDI","prelist","MEDAN MAIMUN","J A T I","LINGKUNGAN 3","","","F. Konstruksi","SBR"],
    ["72432","KARYA BERSAMA","JL MELUR","prelist","MEDAN MAIMUN","HAMDAN","LINGKUNGAN 7","","","G. Perdagangan Besar dan Eceran, Reparasi Mobil dan Sepeda Motor","SBR"],
    ["72434","GAVARAN INDONESIA PERSADA","JL LETJEND SUPRAPTO","prelist","MEDAN MAIMUN","A U R","LINGKUNGAN 5","","","I. Penyediaan Akomodasi dan Makan Minum","SBR"],
    ["72436","ROYAL MAHKOTA LESTARI","KOMPLEK CENTRIUM UNIT JL B KATAMSO","prelist","MEDAN MAIMUN","A U R","LINGKUNGAN 3","","","F. Konstruksi","SBR"],
    ["72491","TIGA SERUMPUN","JL.BRIGJEND KATAMSO NO.330, SEI MATI","prelist","MEDAN MAIMUN","SEI MATI","LINGKUNGAN 9","","","G. Perdagangan Besar dan Eceran, Reparasi Mobil dan Sepeda Motor","SBR"],
    ["72530","VIRGO SEJAHTERA ABADI","JL PACAR","prelist","MEDAN MAIMUN","HAMDAN","LINGKUNGAN 8","","","G. Perdagangan Besar dan Eceran, Reparasi Mobil dan Sepeda Motor","SBR"],
    ["72635","SINGA LANGIT UTAMA MEDAN","KOMPLEK MULTATULI INDAH","prelist","MEDAN MAIMUN","A U R","LINGKUNGAN 3","","","G. Perdagangan Besar dan Eceran, Reparasi Mobil dan Sepeda Motor","SBR"],
    ["72696","PANCA KREASI SUPRATAMA","JL BRIGJEND KATAMSO GG WAJA","prelist","MEDAN MAIMUN","KAMPUNG BARU","LINGKUNGAN 7","","","F. Konstruksi","SBR"],
    ["72724","MACSYS EDUKASI PRIMA","JL MULTATULI","prelist","MEDAN MAIMUN","HAMDAN","LINGKUNGAN 6","","","G. Perdagangan Besar dan Eceran, Reparasi Mobil dan Sepeda Motor","SBR"],
    ["72776","BINA SEJAHTERA","JL B KATAMSO GG INTAN","prelist","MEDAN MAIMUN","KAMPUNG BARU","LINGKUNGAN 11","","","G. Perdagangan Besar dan Eceran, Reparasi Mobil dan Sepeda Motor","SBR"],
    ["72784","PELITA PANGAN PERSADA","JL IR H JUANDA","prelist","MEDAN MAIMUN","SUKARAJA","LINGKUNGAN 5","","","I. Penyediaan Akomodasi dan Makan Minum","SBR"],
    ["72797","BANK TABUNGAN NEGARA","JL SISINGAMANGARAJA","prelist","MEDAN MAIMUN","A U R","LINGKUNGAN 5","","","K. Aktivitas Keuangan Dan Asuransi","SBR"],
    ["72805","MULTI PALMA SEJAHTERA","JL. MULTATULI NO 8-A LT 5 & 6","prelist","MEDAN MAIMUN","HAMDAN","LINGKUNGAN 6","","","C. Industri Pengolahan","SBR"],
    ["72807","SEKAWAN MAKMUR SEJAHTERA","JL MULTATULI","prelist","MEDAN MAIMUN","HAMDAN","LINGKUNGAN 6","","","I. Penyediaan Akomodasi dan Makan Minum","SBR"],
    ["72811","GRAHA DEWANTARA","JL.BRIGJEND KATAMSO KM 3 NO.426, KAMPUNG BARU","prelist","MEDAN MAIMUN","KAMPUNG BARU","LINGKUNGAN 7","","","G. Perdagangan Besar dan Eceran, Reparasi Mobil dan Sepeda Motor","SBR"],
    ["72822","KABULINCO JAYA","JL MULTATULI KOMPLEK MULTATULI INDAH BLOK E","prelist","MEDAN MAIMUN","HAMDAN","LINGKUNGAN 7","","","G. Perdagangan Besar dan Eceran, Reparasi Mobil dan Sepeda Motor","SBR"],
    ["72824","BINAREKSA ESTATE","JL BRIGJEND KATAMSO DALAM QQ/ 81","prelist","MEDAN MAIMUN","A U R","LINGKUNGAN 1","","","L. Real Estat","SBR"],
    ["72850","USAHA BERSAMA KITA","JL MELUR","prelist","MEDAN MAIMUN","HAMDAN","LINGKUNGAN 7","","","H. Transportasi dan Pergudangan","SBR"],
    ["72863","DWIKEN CINTA ALAM","JL CAKRAWATI","prelist","MEDAN MAIMUN","A U R","LINGKUNGAN 5","","","I. Penyediaan Akomodasi dan Makan Minum","SBR"],
    ["72868","SD SWASTA AL-WASHLIYAH 14 MEDAN","JL. B. KATAMSO","prelist","MEDAN MAIMUN","SEI MATI","LINGKUNGAN 5","","","P. Pendidikan","SBR"],
    ["72921","RUNWAY TRAVEL","JL IR H JUANDA","prelist","MEDAN MAIMUN","SUKARAJA","LINGKUNGAN 5","","","N. Jasa Persewaan, Ketenagakerjaan, Agen Perjalanan, dan Jasa Pendukung","SBR"],
    ["73000","USAHA BARU BERJAYA","JL MELUR","prelist","MEDAN MAIMUN","HAMDAN","LINGKUNGAN 7","","","H. Transportasi dan Pergudangan","SBR"],
    ["73059","GLOBAL INDO PERMATA","JL B KATAMSO DALAM","prelist","MEDAN MAIMUN","A U R","LINGKUNGAN 2","","","G. Perdagangan Besar dan Eceran, Reparasi Mobil dan Sepeda Motor","SBR"],
    ["73094","MANDIRI SEKURITAS","JL IMAM BONJOL NO 28-30 TIARA CONVENTION CENTRE2FL, MADRAS HULU","prelist","MEDAN MAIMUN","HAMDAN","LINGKUNGAN 10","","","K. Aktivitas Keuangan Dan Asuransi","SBR"],
    ["73166","INTAN AMANAH","JL B.KATAMSO DALAM","prelist","MEDAN MAIMUN","SUKARAJA","LINGKUNGAN 5","","","G. Perdagangan Besar dan Eceran, Reparasi Mobil dan Sepeda Motor","SBR"],
    ["73200","SMOJO MAKMUR INDONESIA","JL PALANG MERAH","prelist","MEDAN MAIMUN","A U R","LINGKUNGAN 9","","","I. Penyediaan Akomodasi dan Makan Minum","SBR"],
    ["73217","RIMBA ADHI KARYA PERKASA","JL.WARNA NO.30","prelist","MEDAN MAIMUN","SUKARAJA","LINGKUNGAN 6","","","M. Jasa Profesional, Ilmiah, dan Teknis","SBR"],
    ["73227","BERSAMA SUKSES ABADI","JL BRIGJEN KATAMSO","prelist","MEDAN MAIMUN","A U R","LINGKUNGAN 5","","","I. Penyediaan Akomodasi dan Makan Minum","SBR"],
    ["73251","SINAR PERSADA PERMAI","KOMPLEK MULTATULI INDAH","prelist","MEDAN MAIMUN","HAMDAN","LINGKUNGAN 7","","","G. Perdagangan Besar dan Eceran, Reparasi Mobil dan Sepeda Motor","SBR"],
    ["73271","NARASINDO SINERGI AMALIAH","IR. H. JUANDA","prelist","MEDAN MAIMUN","SUKARAJA","LINGKUNGAN 5","","","P. Pendidikan","SBR"],
    ["73307","SINAR GUNUNG SAWIT RAYA, PT","JL. KOLONEL SUGIONO NO. 10 DEF","prelist","MEDAN MAIMUN","A U R","LINGKUNGAN 9","","","C. Industri Pengolahan","SBR"],
    ["73321","COFFEE BOX INDONESIA","JL SUKAMULIA","prelist","MEDAN MAIMUN","A U R","LINGKUNGAN 6","","","I. Penyediaan Akomodasi dan Makan Minum","SBR"],
    ["73333","PRIMA JAYA RACHMAT","KOMPLEK MULTATULI INDAH","prelist","MEDAN MAIMUN","HAMDAN","LINGKUNGAN 1","","","N. Jasa Persewaan, Ketenagakerjaan, Agen Perjalanan, dan Jasa Pendukung","SBR"],
    ["73358","LIKUNG MAJU BERSAMA","JL. KOLONEL SUGIONO NO.7 A-D","prelist","MEDAN MAIMUN","A U R","LINGKUNGAN 5","","","I. Penyediaan Akomodasi dan Makan Minum","SBR"],
    ["73367","STARWINDOW FILM","JL. BRIGJEND KATAMSO KOMPLEK CENTRIUM BISNIS","prelist","MEDAN MAIMUN","A U R","LINGKUNGAN 3","","","G. Perdagangan Besar dan Eceran, Reparasi Mobil dan Sepeda Motor","SBR"],
    ["73380","TIKI JALUR NUGRAHA EKAKURIR","JL B KATAMSO","prelist","MEDAN MAIMUN","A U R","LINGKUNGAN 2","","","H. Transportasi dan Pergudangan","SBR"],
    ["73416","VARYA GEMILANG ABADI","JL BRIGJEN KATAMSO GG MESJID","prelist","MEDAN MAIMUN","KAMPUNG BARU","LINGKUNGAN 9","","","G. Perdagangan Besar dan Eceran, Reparasi Mobil dan Sepeda Motor","SBR"],
    ["73509","REGION ABADI","JL BRIGJEN KATAMSO GG JARAK NO.5","prelist","MEDAN MAIMUN","KAMPUNG BARU","LINGKUNGAN 1","","","G. Perdagangan Besar dan Eceran, Reparasi Mobil dan Sepeda Motor","SBR"],
    ["73524","METRO PARK INDONESIA","ADE IRMA SURYANI","prelist","MEDAN MAIMUN","HAMDAN","LINGKUNGAN 7","","","L. Real Estat","SBR"],
    ["73541","MEDAN YOUTH ENTREPRENEUR","JL. TERATAI","prelist","MEDAN MAIMUN","HAMDAN","LINGKUNGAN 7","","","S. Aktivitas Jasa Lainnya","SBR"],
    ["73641","HERMES REALTY INDONESIA","JL PEMUDA NO.22, AUR","prelist","MEDAN MAIMUN","A U R","LINGKUNGAN 5","","","I. Penyediaan Akomodasi dan Makan Minum","SBR"],
    ["73665","INDO CITRA HARTA BERKAH","JL BRIGJEN KATAMSO","prelist","MEDAN MAIMUN","A U R","LINGKUNGAN 2","","","K. Aktivitas Keuangan Dan Asuransi","SBR"],
    ["73690","GLOBAL TRANS NUSA","JL MELUR","prelist","MEDAN MAIMUN","HAMDAN","LINGKUNGAN 7","","","H. Transportasi dan Pergudangan","SBR"],
    ["73710","BANK TABUNGAN NEGARA","JALAN PEMUDA","prelist","MEDAN MAIMUN","A U R","LINGKUNGAN 5","","","K. Aktivitas Keuangan Dan Asuransi","SBR"],
    ["73751","RIZKATU","JL BRIGJEND KATAMSO GG PERBATASAN","prelist","MEDAN MAIMUN","KAMPUNG BARU","LINGKUNGAN 11","","","G. Perdagangan Besar dan Eceran, Reparasi Mobil dan Sepeda Motor","SBR"],
    ["73765","PERKASA MAKMUR ABADI","JL B.KATAMSO GG.SUBUR BARU NO.3, KAMPUNG BARU","prelist","MEDAN MAIMUN","KAMPUNG BARU","LINGKUNGAN 17","","","G. Perdagangan Besar dan Eceran, Reparasi Mobil dan Sepeda Motor","SBR"],
    ["73787","INTI GUNA PRAKARSA","JL. BRIGJEND KATAMSO NO. 45 M LK. VIII","prelist","MEDAN MAIMUN","A U R","LINGKUNGAN 5","","","G. Perdagangan Besar dan Eceran, Reparasi Mobil dan Sepeda Motor","SBR"],
    ["73797","BUMI PUTRA ABADI","JL. B KATAMSO NO. 156-I","prelist","MEDAN MAIMUN","KAMPUNG BARU","LINGKUNGAN 11","","","I. Penyediaan Akomodasi dan Makan Minum","SBR"],
    ["73831","BANK MANDIRI (PERSERO)","JL. BRIGJEND KATAMSO","prelist","MEDAN MAIMUN","A U R","LINGKUNGAN 2","","","K. Aktivitas Keuangan Dan Asuransi","SBR"],
    ["73844","LAUTAN SAMUDERA","JL B.KATAMSO","prelist","MEDAN MAIMUN","SEI MATI","LINGKUNGAN 5","","","G. Perdagangan Besar dan Eceran, Reparasi Mobil dan Sepeda Motor","SBR"],
    ["73868","PUTRA FORTUNA INDONESIA","JL B. KATAMSO LK.II","prelist","MEDAN MAIMUN","KAMPUNG BARU","LINGKUNGAN 11","","","G. Perdagangan Besar dan Eceran, Reparasi Mobil dan Sepeda Motor","SBR"],
    ["73930","SINAR SURYA TEKNIK","JL.B.KATAMSO GG.BESI NO.8 RT. 0 RW. 0","prelist","MEDAN MAIMUN","KAMPUNG BARU","LINGKUNGAN 17","","","G. Perdagangan Besar dan Eceran, Reparasi Mobil dan Sepeda Motor","SBR"],
    ["74003","MARCON ELECTRIK","JALAN IR H JUANDA","prelist","MEDAN MAIMUN","SUKARAJA","LINGKUNGAN 6","","","G. Perdagangan Besar dan Eceran, Reparasi Mobil dan Sepeda Motor","SBR"],
    ["74010","DUTA PALAS PERKASA","JL KOMP ISTANA BISNIS CENTER NO 27","prelist","MEDAN MAIMUN","SUKARAJA","LINGKUNGAN 7","","","C. Industri Pengolahan","SBR"],
    ["74016","PALMECHANDRA ABADI","JL PEMUDA BARU-III","prelist","MEDAN MAIMUN","A U R","LINGKUNGAN 7","","","F. Konstruksi","SBR"],
    ["74022","SUMBER PENA ABADI","PEMUDA BARU 3","prelist","MEDAN MAIMUN","A U R","LINGKUNGAN 7","","","G. Perdagangan Besar dan Eceran, Reparasi Mobil dan Sepeda Motor","SBR"],
    ["74025","ASOSIASI CHIEF ENGINEER SUMATERA UTARA (ACE) SUMUT","JL B KATAMSO DALAM KOMP ISTANA BISNIS CENTER","prelist","MEDAN MAIMUN","SUKARAJA","LINGKUNGAN 6","","","M. Jasa Profesional, Ilmiah, dan Teknis","SBR"],
    ["74089","MITRA REZEKI ABADI","JL PANDU NO 1-G LK VII, AUR","prelist","MEDAN MAIMUN","A U R","LINGKUNGAN 7","","","G. Perdagangan Besar dan Eceran, Reparasi Mobil dan Sepeda Motor","SBR"],
    ["74123","SENTOSA DIVA SANTIK","JL MANGKUBUMI","prelist","MEDAN MAIMUN","A U R","LINGKUNGAN 9","","","G. Perdagangan Besar dan Eceran, Reparasi Mobil dan Sepeda Motor","SBR"],
    ["74130","HALIMJAYA SAKTI","KOMPLEK MULTATULI","prelist","MEDAN MAIMUN","HAMDAN","LINGKUNGAN 7","","","C. Industri Pengolahan","SBR"],
    ["74182","MITRA PELITA","JL. PEMUDA BARU 5K LK. VII","prelist","MEDAN MAIMUN","A U R","LINGKUNGAN 7","","","G. Perdagangan Besar dan Eceran, Reparasi Mobil dan Sepeda Motor","SBR"],
    ["74302","DELI MITRA","JL MANGKUBUMI","prelist","MEDAN MAIMUN","A U R","LINGKUNGAN 9","","","F. Konstruksi","SBR"],
    ["74322","BANK CENTRAL ASIA TBK.","JL B KATAMSO","prelist","MEDAN MAIMUN","A U R","LINGKUNGAN 2","","","K. Aktivitas Keuangan Dan Asuransi","SBR"],
    ["74324","RIMBA CIPTA NIAGA","KOMPLEK MULTATULI INDAH LK I","prelist","MEDAN MAIMUN","HAMDAN","LINGKUNGAN 1","","","G. Perdagangan Besar dan Eceran, Reparasi Mobil dan Sepeda Motor","SBR"],
    ["74346","CENT TETAP JAYA","KOMPLEK MULTATULI INDAH","prelist","MEDAN MAIMUN","A U R","LINGKUNGAN 10","","","I. Penyediaan Akomodasi dan Makan Minum","SBR"],
    ["74348","SINAR CIPTA KREASI","JL B KATAMSO","prelist","MEDAN MAIMUN","A U R","LINGKUNGAN 8","","","G. Perdagangan Besar dan Eceran, Reparasi Mobil dan Sepeda Motor","SBR"],
    ["74382","REJEKI JAYA ABADI","JL BRIGJEND KATAMSO GG BUSI","prelist","MEDAN MAIMUN","KAMPUNG BARU","LINGKUNGAN 5","","","G. Perdagangan Besar dan Eceran, Reparasi Mobil dan Sepeda Motor","SBR"],
    ["74385","WIRA KENCANA BERJAYA ABADI","JL BRIGJEND KATAMSO LK VIII","prelist","MEDAN MAIMUN","KAMPUNG BARU","LINGKUNGAN 17","","","G. Perdagangan Besar dan Eceran, Reparasi Mobil dan Sepeda Motor","SBR"],
    ["74400","NUSANTARA DAGANG CEMERLANG","JL LETJEN SUPRAPTO II LT 1 LK V","prelist","MEDAN MAIMUN","A U R","LINGKUNGAN 5","","","G. Perdagangan Besar dan Eceran, Reparasi Mobil dan Sepeda Motor","SBR"],
    ["74430","SENTOSA JAYA","JL.B.KATAMSO GG.SENTOSA NO.7-A, KAMPUNG BARU","prelist","MEDAN MAIMUN","SEI MATI","LINGKUNGAN 9","","","G. Perdagangan Besar dan Eceran, Reparasi Mobil dan Sepeda Motor","SBR"],
    ["74516","KARYA MULYA SANJAYA","JL BRIGJEND KATAMSO GG MERDEKA LINGKUNGAN IX","prelist","MEDAN MAIMUN","SEI MATI","LINGKUNGAN 9","","","G. Perdagangan Besar dan Eceran, Reparasi Mobil dan Sepeda Motor","SBR"],
    ["74657","BALOK ABADI SEJAHTERA","KOMPLEK MULTATULI INDAH","prelist","MEDAN MAIMUN","HAMDAN","LINGKUNGAN 1","","","G. Perdagangan Besar dan Eceran, Reparasi Mobil dan Sepeda Motor","SBR"],
    ["74688","CAHAYA AGUNG","JL.PACAR NO.3-A, PETISAH HULU","prelist","MEDAN MAIMUN","HAMDAN","LINGKUNGAN 8","","","F. Konstruksi","SBR"],
    ["74689","NAHARCO PRIMA","JL.BRIGJEND KATAMSO NO.402-B LK.VII","prelist","MEDAN MAIMUN","SEI MATI","LINGKUNGAN 7","","","G. Perdagangan Besar dan Eceran, Reparasi Mobil dan Sepeda Motor","SBR"],
    ["74729","CIPTA KARYA SEMESTA","JALAN BRIGJEND KATAMSO DALAM","prelist","MEDAN MAIMUN","A U R","LINGKUNGAN 1","","","G. Perdagangan Besar dan Eceran, Reparasi Mobil dan Sepeda Motor","SBR"],
    ["74776","CITI BANK N.A.","JL IMAM BONJOL","prelist","MEDAN MAIMUN","HAMDAN","LINGKUNGAN 10","","","K. Aktivitas Keuangan Dan Asuransi","SBR"],
    ["74878","SEWANGI SEJATI LUHUR","JL IR.H.JUANDA NO.37, JATI","prelist","MEDAN MAIMUN","J A T I","LINGKUNGAN 1","","","C. Industri Pengolahan","SBR"],
    ["74911","BINTANG TIMUR","JL.BRIGJEND.KATAMSO DALAM NO.62-BB, AUR","prelist","MEDAN MAIMUN","A U R","LINGKUNGAN 1","","","G. Perdagangan Besar dan Eceran, Reparasi Mobil dan Sepeda Motor","SBR"],
    ["74928","SURYALESTARI TATAANDALAS","JL B KATAMSO","prelist","MEDAN MAIMUN","SUKARAJA","LINGKUNGAN 5","","","G. Perdagangan Besar dan Eceran, Reparasi Mobil dan Sepeda Motor","SBR"],
    ["74945","L.A. PRO AGENCY","JL. MULTATULI INDAH NO. 49 A, AUR","prelist","MEDAN MAIMUN","HAMDAN","LINGKUNGAN 1","","","M. Jasa Profesional, Ilmiah, dan Teknis","SBR"],
    ["74958","MARITIM INTERNASIONAL TRANSPOR","JL BRIGJEND KATAMSO KOMPLEKS ISTANA PRIMA II","prelist","MEDAN MAIMUN","SEI MATI","LINGKUNGAN 10","","","H. Transportasi dan Pergudangan","SBR"],
    ["74981","GIANT TRANSPORTER INDONESIA","JL BRIGJEND KATAMSO KOMPLEK PRIMA II LK X","prelist","MEDAN MAIMUN","KAMPUNG BARU","LINGKUNGAN 19","","","H. Transportasi dan Pergudangan","SBR"],
    ["75028","SUBUR SEMESTA ABADI","JL BRIGJEN KATAMSO","prelist","MEDAN MAIMUN","A U R","LINGKUNGAN 2","","","F. Konstruksi","SBR"],
    ["75037","INDONESIA TERCINTA","AVROS KOMP. AVROS","prelist","MEDAN MAIMUN","KAMPUNG BARU","LINGKUNGAN 14","","","H. Transportasi dan Pergudangan","SBR"],
    ["75101","ALAM AGRO ABADI","JL B KATAMSO KOMPLEK ISTANA BISNIS CENTER","prelist","MEDAN MAIMUN","SUKARAJA","LINGKUNGAN 7","","","G. Perdagangan Besar dan Eceran, Reparasi Mobil dan Sepeda Motor","SBR"],
    ["75106","MASYARAKAT BERKAH BERLIMPAH","BRIGJEND KATAMSO","prelist","MEDAN MAIMUN","SUKARAJA","LINGKUNGAN 5","","","S. Aktivitas Jasa Lainnya","SBR"],
    ["75121","ALIVA KONSULTAN","JL. KOL. SUGIONO 16 B LK. V / IX, AUR","prelist","MEDAN MAIMUN","A U R","LINGKUNGAN 9","","","M. Jasa Profesional, Ilmiah, dan Teknis","SBR"],
    ["75181","SEKAMPUNG IBU BERSAMA","JL H MISBAH KOMPLEK MULTATULI","prelist","MEDAN MAIMUN","HAMDAN","LINGKUNGAN 1","","","I. Penyediaan Akomodasi dan Makan Minum","SBR"],
    ["75294","PERKASA SAWIT SEJAHTERA","LANTAI 2 JL BRIGJEN KATAMSO RUKO KOMPLEKS CENTRIUM","prelist","MEDAN MAIMUN","SEI MATI","LINGKUNGAN 2","","","G. Perdagangan Besar dan Eceran, Reparasi Mobil dan Sepeda Motor","SBR"],
    ["75406","MANTAP JAYA","JL B KATAMSO NO 385 RT 00 RW 00, SEI MATI","prelist","MEDAN MAIMUN","SEI MATI","LINGKUNGAN 4","","","H. Transportasi dan Pergudangan","SBR"],
    ["75412","BERASTAGI BINTANG ASIA","KOMPLEK MULTATULI INDAH","prelist","MEDAN MAIMUN","HAMDAN","LINGKUNGAN 6","","","I. Penyediaan Akomodasi dan Makan Minum","SBR"],
    ["75419","FOKUS YOGA STUDIO","IMAM BONJOL NOMOR 37 MEDAN","prelist","MEDAN MAIMUN","J A T I","LINGKUNGAN 1","","","P. Pendidikan","SBR"],
    ["75434","ADITAMA ANUGERAH RIZKI USAHA","JL. B. KATAMSO","prelist","MEDAN MAIMUN","SUKARAJA","LINGKUNGAN 5","","","G. Perdagangan Besar dan Eceran, Reparasi Mobil dan Sepeda Motor","SBR"],
    ["75557","PIXXELED INDO PRATAMA","JL B KATAMSO KOMPLEK ISTANA PRIMA 2","prelist","MEDAN MAIMUN","SEI MATI","LINGKUNGAN 10","","","G. Perdagangan Besar dan Eceran, Reparasi Mobil dan Sepeda Motor","SBR"],
    ["75651","RISET PERKEBUNAN NUSANTARA","JL BRIGJEN KATAMSO","prelist","MEDAN MAIMUN","KAMPUNG BARU","LINGKUNGAN 11","","","A. Pertanian, Kehutanan, dan Perikanan","SBR"],
    ["75676","IOLA LESTARI JAYA","JALAN KANTIL","prelist","MEDAN MAIMUN","HAMDAN","LINGKUNGAN 7","","","G. Perdagangan Besar dan Eceran, Reparasi Mobil dan Sepeda Motor","SBR"],
    ["75682","RIVIERA VILLAGE PERMAI","JL BRIGJEN KATAMSO KOMPLEK CENTRIUM BUSINESS CENTRE","prelist","MEDAN MAIMUN","A U R","LINGKUNGAN 3","","","L. Real Estat","SBR"],
    ["75687","KANTOR AKUNTAN PUBLIK HENDRAWINATA HANNY ERWIN & SUMARGO","JL PALANG MERAH","prelist","MEDAN MAIMUN","A U R","LINGKUNGAN 6","","","M. Jasa Profesional, Ilmiah, dan Teknis","SBR"],
    ["75702","CIPTADAYA SEJATILUHUR","MULTATULI","prelist","MEDAN MAIMUN","HAMDAN","LINGKUNGAN 7","","","A. Pertanian, Kehutanan, dan Perikanan","SBR"],
    ["75714","CIKA INDO TAMA","JL B KATAMSO NO 330, SEI MATI","prelist","MEDAN MAIMUN","SEI MATI","LINGKUNGAN 9","","","H. Transportasi dan Pergudangan","SBR"],
    ["75731","LEGEND LOGISTIK INDONESIA","KOMPLEK MULTATULI INDAH","prelist","MEDAN MAIMUN","HAMDAN","LINGKUNGAN 7","","","H. Transportasi dan Pergudangan","SBR"],
    ["75743","KANTOR HUKUM JUN CAI & PARTNERS","JL. BRIGJEND KATAMSO KOMP. ISTANA PRIMA II","prelist","MEDAN MAIMUN","SEI MATI","LINGKUNGAN 10","","","M. Jasa Profesional, Ilmiah, dan Teknis","SBR"],
    ["75755","SABRE TRAVEL NETWORK INDONESIA","JL B KATAMSO KOMPLEK ISTANA BISNIS CENTRE","prelist","MEDAN MAIMUN","SUKARAJA","LINGKUNGAN 6","","","H. Transportasi dan Pergudangan","SBR"],
    ["75856","CIPTA DANA KARYA UNGGUL","JL.MAYJEND SUTOYO S. NO.123, KESAWAN","prelist","MEDAN MAIMUN","KAMPUNG BARU","LINGKUNGAN 17","","","G. Perdagangan Besar dan Eceran, Reparasi Mobil dan Sepeda Motor","SBR"],
    ["75864","JF & P COUNSELLOR AT LAW","KOMP.MULTATULI INDAH BLOK G NO.29 RT. 00 RW. 00","prelist","MEDAN MAIMUN","A U R","LINGKUNGAN 10","","","M. Jasa Profesional, Ilmiah, dan Teknis","SBR"],
    ["75919","RITRA CARGO INDONESIA","JL BRIGJEND KATAMSO","prelist","MEDAN MAIMUN","KAMPUNG BARU","LINGKUNGAN 11","","","H. Transportasi dan Pergudangan","SBR"],
    ["75925","BUANA MAS CITRA LESTARI","JL PEMUDA II","prelist","MEDAN MAIMUN","A U R","LINGKUNGAN 7","","","H. Transportasi dan Pergudangan","SBR"],
    ["75926","ISTANA VALAS MEDAN","JL IR H JUANDA BARU","prelist","MEDAN MAIMUN","SUKARAJA","LINGKUNGAN 5","","","K. Aktivitas Keuangan Dan Asuransi","SBR"],
    ["75942","GLOBAL AGRO PERKASA","JL B KATAMSO DALAM","prelist","MEDAN MAIMUN","A U R","LINGKUNGAN 2","","","G. Perdagangan Besar dan Eceran, Reparasi Mobil dan Sepeda Motor","SBR"],
    ["75958","EUNOMIA INTERNASIONAL GRUP","JALAN BRIGJEND KATAMSO KOMPLEK KATAMSO VISTA BLOK F NO. 29","prelist","MEDAN MAIMUN","KAMPUNG BARU","LINGKUNGAN 19","","","J. Informasi dan Komunikasi","SBR"],
    ["75978","BAKARA ENERGI LESTARI","THE ROYAL EXECUTIVE OFFICE LT GROUND FLOOR TOWER A JL PALANG MERAH","prelist","MEDAN MAIMUN","A U R","LINGKUNGAN 6","","","D. Pengadaan Listrik, Gas, Uap/Air Panas, dan Udara Dingin","SBR"],
    ["76006","WATANA INDOJAYA","JL BRIGJEN KATAMSO","prelist","MEDAN MAIMUN","KAMPUNG BARU","LINGKUNGAN 2","","","G. Perdagangan Besar dan Eceran, Reparasi Mobil dan Sepeda Motor","SBR"],
    ["76016","PEDULI UMMAT WASPADA","JL.BRIGJEND.KATAMSO NO.1, AUR","prelist","MEDAN MAIMUN","SEI MATI","LINGKUNGAN 12","","","Q. Jasa Kesehatan dan Kegiatan Sosial","SBR"],
    ["76018","KSO PT BUKIT SION ABADI DAN PT TEKTONINDO HENIDA JAYA","JL BRIGJEND KATAMSO KOMPLEK PRIMA MINIMALIS","prelist","MEDAN MAIMUN","SEI MATI","LINGKUNGAN 9","","","D. Pengadaan Listrik, Gas, Uap/Air Panas, dan Udara Dingin","SBR"],
    ["76038","MEDIA KREASI NUSANTARA","JL H MISBAH KOMP MULTATULI","prelist","MEDAN MAIMUN","HAMDAN","LINGKUNGAN 7","","","N. Jasa Persewaan, Ketenagakerjaan, Agen Perjalanan, dan Jasa Pendukung","SBR"],
    ["76131","ANUGRAH KITA ABADI","JL BRIGJEND KATAMSO","prelist","MEDAN MAIMUN","A U R","LINGKUNGAN 2","","","H. Transportasi dan Pergudangan","SBR"],
    ["76143","PUSAT INFORMASI MODERN INDONESIA","JL MULTATULI KOMPLEK MULTATULI INDAH","prelist","MEDAN MAIMUN","HAMDAN","LINGKUNGAN 1","","","J. Informasi dan Komunikasi","SBR"],
    ["76172","BERKAT EXSA SENTOSA TAMA","JL B.KATAMSO NO.37 G LANTAI III","prelist","MEDAN MAIMUN","A U R","LINGKUNGAN 8","","","A. Pertanian, Kehutanan, dan Perikanan","SBR"],
    ["76179","CLOVER","JL. BRIGJEND KATAMSO (AREA PARKIR DEPAN GEDUNG SUZUYA)","prelist","MEDAN MAIMUN","KAMPUNG BARU","LINGKUNGAN 11","","","C. Industri Pengolahan","SBR"],
    ["76200","PUTRA MANDIRI","JL BRIGJEND KATAMSO GG.SALAM NO.32, KAMPUNG BARU","prelist","MEDAN MAIMUN","A U R","LINGKUNGAN 4","","","F. Konstruksi","SBR"],
    ["76250","PERMATA INDONESIA MANDIRI","JL PALANG MERAH","prelist","MEDAN MAIMUN","A U R","LINGKUNGAN 6","","","B. Pertambangan dan Penggalian","SBR"],
    ["76251","SUMATEL","JL B. KATAMSO DALAM LK VI","prelist","MEDAN MAIMUN","SUKARAJA","LINGKUNGAN 6","","","F. Konstruksi","SBR"],
    ["76341","AGROINDO","JL KOLONEL SUGIONO","prelist","MEDAN MAIMUN","A U R","LINGKUNGAN 5","","","G. Perdagangan Besar dan Eceran, Reparasi Mobil dan Sepeda Motor","SBR"],
    ["76347","PERISAI ANDALAS","JL.PEMUDA NO. 7 LANTAI V, AUR","prelist","MEDAN MAIMUN","A U R","LINGKUNGAN 7","","","R. Kesenian, Hiburan, dan Rekreasi","SBR"],
    ["76362","SOLID MITRA ABADI","JL MULTATULI","prelist","MEDAN MAIMUN","HAMDAN","LINGKUNGAN 6","","","R. Kesenian, Hiburan, dan Rekreasi","SBR"],
    ["76367","TANIMAS EDIBLE OIL, PT","JL. PERINTIS KEMERDEKAAN GRAND JATI JUNCTION NO. 34","prelist","MEDAN MAIMUN","A U R","LINGKUNGAN 10","","","G. Perdagangan Besar dan Eceran, Reparasi Mobil dan Sepeda Motor","SBR"],
    ["76432","CHINA BRIDGE GROUP INDONESIA","JL PALANG MERAH THE ROYAL RESIDENCE CONDOMINIUM","prelist","MEDAN MAIMUN","A U R","LINGKUNGAN 3","","","M. Jasa Profesional, Ilmiah, dan Teknis","SBR"],
    ["76442","KHARISMA RASA SAYANGINDONESIA","JL BRIGJEND KATAMSO","prelist","MEDAN MAIMUN","A U R","LINGKUNGAN 2","","","N. Jasa Persewaan, Ketenagakerjaan, Agen Perjalanan, dan Jasa Pendukung","SBR"],
    ["76447","PUSAT KEGIATAN BELAJAR MASYARAKAT TELADAN MEDAN","JL. BRIGJEN KATAMSO","prelist","MEDAN MAIMUN","KAMPUNG BARU","LINGKUNGAN 17","","","P. Pendidikan","SBR"],
    ["76453","PRIMA MINA NUSANTARA","JL SURYO","prelist","MEDAN MAIMUN","J A T I","LINGKUNGAN 1","","","C. Industri Pengolahan","SBR"],
    ["76473","LEMBAGA KURSUS DAN PELATIHAN CANDY SALON","JL BRIGJEN KATAMSO","prelist","MEDAN MAIMUN","SUKARAJA","LINGKUNGAN 6","","","P. Pendidikan","SBR"],
    ["76498","TELAGA SAKTI","JL.KOL SUGIONO NO.18-F, AUR","prelist","MEDAN MAIMUN","A U R","LINGKUNGAN 9","","","G. Perdagangan Besar dan Eceran, Reparasi Mobil dan Sepeda Motor","SBR"],
    ["76504","PONDOK GURIH","JL BRIGJEN KATAMSO","prelist","MEDAN MAIMUN","A U R","LINGKUNGAN 8","","","I. Penyediaan Akomodasi dan Makan Minum","SBR"],
    ["76528","GO RIVER INDONESIA","JL. BRIGJEN KATAMSO KOMP. IBC","prelist","MEDAN MAIMUN","SUKARAJA","LINGKUNGAN 5","","","Q. Jasa Kesehatan dan Kegiatan Sosial","SBR"],
    ["76539","DOA KITA JAYA","JL STM GG SYUKUR BARAT","prelist","MEDAN MAIMUN","KAMPUNG BARU","LINGKUNGAN 10","","","I. Penyediaan Akomodasi dan Makan Minum","SBR"],
    ["76557","BINA INDAH DRAWA NUSANTARA","JL BRIGJEN KATAMSO","prelist","MEDAN MAIMUN","KAMPUNG BARU","LINGKUNGAN 15","","","G. Perdagangan Besar dan Eceran, Reparasi Mobil dan Sepeda Motor","SBR"],
    ["76755","DUTA AHSANI","JL.B.KATAMSO NO.335 A LK III","prelist","MEDAN MAIMUN","SEI MATI","LINGKUNGAN 3","","","N. Jasa Persewaan, Ketenagakerjaan, Agen Perjalanan, dan Jasa Pendukung","SBR"],
    ["76761","SINDU UTAMA NADI","JL KOLONEL SUGIONO","prelist","MEDAN MAIMUN","A U R","LINGKUNGAN 5","","","G. Perdagangan Besar dan Eceran, Reparasi Mobil dan Sepeda Motor","SBR"],
    ["76772","QUEEN SACHI HOLIDAYS","JL BRIGJEN KATAMSO KOMPLEK ISTANA BISNIS CENTRE","prelist","MEDAN MAIMUN","SUKARAJA","LINGKUNGAN 7","","","N. Jasa Persewaan, Ketenagakerjaan, Agen Perjalanan, dan Jasa Pendukung","SBR"],
    ["76773","RAFFIE MEDAN NETWORK","JL AVROSS","prelist","MEDAN MAIMUN","KAMPUNG BARU","LINGKUNGAN 11","","","S. Aktivitas Jasa Lainnya","SBR"],
    ["76776","KURSUS DAN PELATIHAN (LKP) HARAPAN KITA","JL. PELOPOR NO. 15 C RT.000 RW.000, TELADAN TIMUR","prelist","MEDAN MAIMUN","SEI MATI","LINGKUNGAN 5","","","P. Pendidikan","SBR"],
    ["76792","PRIMA INDOLIGO","KOMPLEKS MULTATULI INDAH BLOK BB NO.24","prelist","MEDAN MAIMUN","HAMDAN","LINGKUNGAN 1","","","P. Pendidikan","SBR"],
    ["76804","MASSA SINGAPORE KATAMSO","JL. BRIGJEND KATAMSO LK. X","prelist","MEDAN MAIMUN","SEI MATI","LINGKUNGAN 5","","","I. Penyediaan Akomodasi dan Makan Minum","SBR"],
    ["76810","DELTA INTERNATIONAL HOTEL","JL IR JUANDA BARU","prelist","MEDAN MAIMUN","SUKARAJA","LINGKUNGAN 5","","","I. Penyediaan Akomodasi dan Makan Minum","SBR"],
    ["76843","INDOTRADE","JL IR H JUANDA BARU","prelist","MEDAN MAIMUN","SUKARAJA","LINGKUNGAN 5","","","G. Perdagangan Besar dan Eceran, Reparasi Mobil dan Sepeda Motor","SBR"],
    ["76904","MENTARI JAYA PRADANA","JALAN. BRIGADIR JENDRAL KATAMSO","prelist","MEDAN MAIMUN","KAMPUNG BARU","LINGKUNGAN 2","","","H. Transportasi dan Pergudangan","SBR"],
    ["76914","MULTI MITRA BAHARI","JL B KATAMSO DALAM","prelist","MEDAN MAIMUN","A U R","LINGKUNGAN 2","","","N. Jasa Persewaan, Ketenagakerjaan, Agen Perjalanan, dan Jasa Pendukung","SBR"],
    ["76934","BUANA TRANS SEANTERO","JL.BRIGJEN KATAMSO NO.29-D, AUR","prelist","MEDAN MAIMUN","A U R","LINGKUNGAN 4","","","H. Transportasi dan Pergudangan","SBR"],
    ["76945","ARTA BATRINDO","KOMPLEK MULTATULI INDAH JL MULTATULI","prelist","MEDAN MAIMUN","A U R","LINGKUNGAN 10","","","G. Perdagangan Besar dan Eceran, Reparasi Mobil dan Sepeda Motor","SBR"],
    ["77038","AGUNG GUNUNG GEMILANG","JL BADUR","prelist","MEDAN MAIMUN","HAMDAN","LINGKUNGAN 10","","","H. Transportasi dan Pergudangan","SBR"],
    ["77184","TASBIH AMANAH BERSAMA","JL BRIGJEND KATAMSO","prelist","MEDAN MAIMUN","SEI MATI","LINGKUNGAN 6","","","N. Jasa Persewaan, Ketenagakerjaan, Agen Perjalanan, dan Jasa Pendukung","SBR"],
    ["77185","IMPERIAL JAYA ANGKASA","JL B KATAMSO DALAM","prelist","MEDAN MAIMUN","A U R","LINGKUNGAN 3","","","A. Pertanian, Kehutanan, dan Perikanan","SBR"],
    ["77262","PATUDU RIZKY","JL B KATAMSO GG JARAK","prelist","MEDAN MAIMUN","KAMPUNG BARU","LINGKUNGAN 1","","","F. Konstruksi","SBR"],
    ["77292","STELLA MANDIRI HUSADA","JALAN SAMANHUDI","prelist","MEDAN MAIMUN","J A T I","LINGKUNGAN 3","","","Q. Jasa Kesehatan dan Kegiatan Sosial","SBR"],
    ["77297","SOLUSI MEGA ARTHA","JL JUANDA","prelist","MEDAN MAIMUN","SUKARAJA","LINGKUNGAN 5","","","K. Aktivitas Keuangan Dan Asuransi","SBR"],
    ["77307","DCLA LAW FIRM","JL. BRIGJEND KATAMSO","prelist","MEDAN MAIMUN","KAMPUNG BARU","LINGKUNGAN 11","","","M. Jasa Profesional, Ilmiah, dan Teknis","SBR"],
    ["77362","LAMBO ACTIVATED CHARCOAL","KOMPLEK MULTATULI INDAH CC 9","prelist","MEDAN MAIMUN","HAMDAN","LINGKUNGAN 1","","","G. Perdagangan Besar dan Eceran, Reparasi Mobil dan Sepeda Motor","SBR"],
    ["77371","PERGURUAN TINGGI PRIMA INDONESIA","JL BRIGJEND KATAMSO","prelist","MEDAN MAIMUN","SEI MATI","LINGKUNGAN 5","","","P. Pendidikan","SBR"],
    ["77416","BINAVALASINDO DOLARASIA SEJAHTERA UTAMA","JL IR H JUANDA BARU","prelist","MEDAN MAIMUN","SUKARAJA","LINGKUNGAN 5","","","K. Aktivitas Keuangan Dan Asuransi","SBR"],
    ["77423","TEKUN TETAP ABADI","JL KOLONEL SUGIONO","prelist","MEDAN MAIMUN","A U R","LINGKUNGAN 5","","","N. Jasa Persewaan, Ketenagakerjaan, Agen Perjalanan, dan Jasa Pendukung","SBR"],
    ["77483","PEONY ROYAL TRAVELINDO","JL JUANDA BARU","prelist","MEDAN MAIMUN","SUKARAJA","LINGKUNGAN 5","","","N. Jasa Persewaan, Ketenagakerjaan, Agen Perjalanan, dan Jasa Pendukung","SBR"],
    ["77504","DHARMA UTAMA METRASCO","JL KOL.SUGIONO","prelist","MEDAN MAIMUN","A U R","LINGKUNGAN 5","","","N. Jasa Persewaan, Ketenagakerjaan, Agen Perjalanan, dan Jasa Pendukung","SBR"],
    ["77535","BIRO TEHNIK HARAPAN","JL.PEMUDA NO.26-A, AUR","prelist","MEDAN MAIMUN","A U R","LINGKUNGAN 7","","","F. Konstruksi","SBR"],
    ["77555","ANDALAS AGRO ABADI","JL PEMUDA BARU I","prelist","MEDAN MAIMUN","A U R","LINGKUNGAN 7","","","G. Perdagangan Besar dan Eceran, Reparasi Mobil dan Sepeda Motor","SBR"],
    ["77580","EVAPRIMA ANGKASA","JL PEMUDA BARU I","prelist","MEDAN MAIMUN","A U R","LINGKUNGAN 7","","","N. Jasa Persewaan, Ketenagakerjaan, Agen Perjalanan, dan Jasa Pendukung","SBR"],
    ["77583","PANCA ENERGI NABATI","JL BRIGJEND KATAMSO DALAM","prelist","MEDAN MAIMUN","A U R","LINGKUNGAN 1","","","C. Industri Pengolahan","SBR"],
    ["77655","AVIOPRO INOVASI TERDEPAN","JL BRIGJEND KATAMSO KOMPLEK ISTANA BISNIS CENTER","prelist","MEDAN MAIMUN","SUKARAJA","LINGKUNGAN 6","","","G. Perdagangan Besar dan Eceran, Reparasi Mobil dan Sepeda Motor","SBR"],
    ["77677","SATSACO (SAMPAI TRAVEL SERVICEAGEN","JL PEMUDA BARU II","prelist","MEDAN MAIMUN","A U R","LINGKUNGAN 7","","","N. Jasa Persewaan, Ketenagakerjaan, Agen Perjalanan, dan Jasa Pendukung","SBR"],
    ["77698","FA RFC N PARTNER LAWFIRM","JL BRIGJEND KATAMSO","prelist","MEDAN MAIMUN","A U R","LINGKUNGAN 2","","","M. Jasa Profesional, Ilmiah, dan Teknis","SBR"],
    ["77704","CENDANA KARYAGRAHA","JL IR H JUANDA BARU","prelist","MEDAN MAIMUN","SUKARAJA","LINGKUNGAN 5","","","F. Konstruksi","SBR"],
    ["77708","MITRA NETRAL CONSULTING","JL PALANG MERAH","prelist","MEDAN MAIMUN","A U R","LINGKUNGAN 6","","","M. Jasa Profesional, Ilmiah, dan Teknis","SBR"],
    ["77714","GLOBAL TEKNIKA GEMILANG","LT 3 JL BRIGJEN KATAMSO RUKO KOMPLEKS CENTRIUM","prelist","MEDAN MAIMUN","SEI MATI","LINGKUNGAN 10","","","G. Perdagangan Besar dan Eceran, Reparasi Mobil dan Sepeda Motor","SBR"],
    ["77745","BINATAMA SENTRAFAZAR","JL BRIGJEN KATAMSO","prelist","MEDAN MAIMUN","A U R","LINGKUNGAN 8","","","N. Jasa Persewaan, Ketenagakerjaan, Agen Perjalanan, dan Jasa Pendukung","SBR"],
    ["77838","SURYA TOBA TOUR & TRAVEL AGENCY","JL BRIGJEN KATAMSO","prelist","MEDAN MAIMUN","KAMPUNG BARU","LINGKUNGAN 8","","","N. Jasa Persewaan, Ketenagakerjaan, Agen Perjalanan, dan Jasa Pendukung","SBR"],
    ["77844","GODWIN AUSTEN INDONESIA","JL BRIGJEND KATAMSO","prelist","MEDAN MAIMUN","A U R","LINGKUNGAN 3","","","G. Perdagangan Besar dan Eceran, Reparasi Mobil dan Sepeda Motor","SBR"],
    ["77861","KING'S STAR","JALAN LETJEND SUPRAPTO","prelist","MEDAN MAIMUN","A U R","LINGKUNGAN 5","","","N. Jasa Persewaan, Ketenagakerjaan, Agen Perjalanan, dan Jasa Pendukung","SBR"],
    ["77866","YUKI TOUR &TRAVEL","JL B KATAMSO NO 215, SUKA RAJA","prelist","MEDAN MAIMUN","SUKARAJA","LINGKUNGAN 7","","","N. Jasa Persewaan, Ketenagakerjaan, Agen Perjalanan, dan Jasa Pendukung","SBR"],
    ["77867","SUPER SEMBILAN WISATA","KOMP MULTATULI INDAH","prelist","MEDAN MAIMUN","A U R","LINGKUNGAN 10","","","L. Real Estat","SBR"],
    ["77873","REPOEBLIK KOPI INDONESIA","JALAN IR H. JUANDA NOMOR 41","prelist","MEDAN MAIMUN","J A T I","LINGKUNGAN 1","","","I. Penyediaan Akomodasi dan Makan Minum","SBR"],
    ["77879","IKATAN SARJANA PENDAMPING DESA/KELURAHAN PURNA TUGAS SUMUT","JL B KATAMSO GG TANGSI NO. 23, SUKA RAJA","prelist","MEDAN MAIMUN","SUKARAJA","LINGKUNGAN 7","","","S. Aktivitas Jasa Lainnya","SBR"],
    ["77903","CATHY SUMBER MAKMUR","JL BRIGJEND KATAMSO KOMPLEK ISTANA BISNIS CENTER","prelist","MEDAN MAIMUN","SUKARAJA","LINGKUNGAN 7","","","G. Perdagangan Besar dan Eceran, Reparasi Mobil dan Sepeda Motor","SBR"],
    ["77936","BENTENG LUHUR SEJATI","KOMP. MULTATULI INDAH","prelist","MEDAN MAIMUN","A U R","LINGKUNGAN 10","","","Q. Jasa Kesehatan dan Kegiatan Sosial","SBR"],
    ["77953","WAHANA ANDALAN NUSA WISATA","JL H MISBAH KOMPLEK MULTATULI INDAH","prelist","MEDAN MAIMUN","HAMDAN","LINGKUNGAN 7","","","N. Jasa Persewaan, Ketenagakerjaan, Agen Perjalanan, dan Jasa Pendukung","SBR"],
    ["77974","GRAND SHAAVIRE HOLIDAYS","JL B KATAMSO KOMPLEK IBC","prelist","MEDAN MAIMUN","SUKARAJA","LINGKUNGAN 5","","","N. Jasa Persewaan, Ketenagakerjaan, Agen Perjalanan, dan Jasa Pendukung","SBR"],
    ["77985","PANCARAN KEMILAU SEJAHTERA","JL BRIGJEND KATAMSO KOMPLEK CENTRIUM","prelist","MEDAN MAIMUN","A U R","LINGKUNGAN 3","","","K. Aktivitas Keuangan Dan Asuransi","SBR"],
    ["78006","ANUGERAH CITRA CIPTA","JL SUTOMO","prelist","MEDAN MAIMUN","A U R","LINGKUNGAN 4","","","M. Jasa Profesional, Ilmiah, dan Teknis","SBR"],
    ["78042","REGINA MANDIRI HUSADA","JL B KATAMSO","prelist","MEDAN MAIMUN","SEI MATI","LINGKUNGAN 5","","","Q. Jasa Kesehatan dan Kegiatan Sosial","SBR"],
    ["78065","DWI DAYA WORLD WIDE","JL B KATAMSO","prelist","MEDAN MAIMUN","A U R","LINGKUNGAN 2","","","N. Jasa Persewaan, Ketenagakerjaan, Agen Perjalanan, dan Jasa Pendukung","SBR"],
    ["78086","MUTIARA BIRO PERJALANAN WISATA","JALAN BRIGJEND KATAMSO","prelist","MEDAN MAIMUN","A U R","LINGKUNGAN 2","","","N. Jasa Persewaan, Ketenagakerjaan, Agen Perjalanan, dan Jasa Pendukung","SBR"],
    ["78088","CENTRAL BRASTAGI UTAMA","JL KOL. SUGIONO","prelist","MEDAN MAIMUN","A U R","LINGKUNGAN 9","","","G. Perdagangan Besar dan Eceran, Reparasi Mobil dan Sepeda Motor","SBR"],
    ["78091","GRAND HAWAII","JALAN B KATAMSO LANTAI II","prelist","MEDAN MAIMUN","A U R","LINGKUNGAN 3","","","N. Jasa Persewaan, Ketenagakerjaan, Agen Perjalanan, dan Jasa Pendukung","SBR"],
    ["78147","KARYA UTAMA PERKASA","JL.AMALIUN GG.PERSATUAN NO.09, KOTA MATSUM I","prelist","MEDAN MAIMUN","SEI MATI","LINGKUNGAN 1","","","F. Konstruksi","SBR"],
    ["78198","INTER CONTINENT INDONESIA","JL BRIGJEND KATAMSO KOMP ISTANA BISNIS CENTRE","prelist","MEDAN MAIMUN","SUKARAJA","LINGKUNGAN 7","","","N. Jasa Persewaan, Ketenagakerjaan, Agen Perjalanan, dan Jasa Pendukung","SBR"],
    ["78200","DUTA LINTAS CERIA","JL BRIGJEND KATAMSO DALAM","prelist","MEDAN MAIMUN","A U R","LINGKUNGAN 1","","","N. Jasa Persewaan, Ketenagakerjaan, Agen Perjalanan, dan Jasa Pendukung","SBR"],
    ["78201","ADRIWARA KRIDA","JL. IR H JUANDA NO. 45","prelist","MEDAN MAIMUN","J A T I","LINGKUNGAN 1","","","M. Jasa Profesional, Ilmiah, dan Teknis","SBR"],
    ["78220","SATYA PERDANA EXIM","JL KENANGA","prelist","MEDAN MAIMUN","HAMDAN","LINGKUNGAN 6","","","G. Perdagangan Besar dan Eceran, Reparasi Mobil dan Sepeda Motor","SBR"],
    ["78243","PEGAWAI NEGERI SLTP 34 MEDAN","JL B KATAMSO GG PERBATASAN, KAMPUNG BARU","prelist","MEDAN MAIMUN","KAMPUNG BARU","LINGKUNGAN 11","","","G. Perdagangan Besar dan Eceran, Reparasi Mobil dan Sepeda Motor","SBR"],
    ["78248","DWI INDO PACIFIC","JL B KATAMSO","prelist","MEDAN MAIMUN","KAMPUNG BARU","LINGKUNGAN 11","","","N. Jasa Persewaan, Ketenagakerjaan, Agen Perjalanan, dan Jasa Pendukung","SBR"],
    ["78310","SAKURA MEGAH WISATA","JL WARNA","prelist","MEDAN MAIMUN","SUKARAJA","LINGKUNGAN 6","","","N. Jasa Persewaan, Ketenagakerjaan, Agen Perjalanan, dan Jasa Pendukung","SBR"],
    ["78323","KARYA TEKNIK","JL B KATAMSO NO 45-M LK VIII","prelist","MEDAN MAIMUN","A U R","LINGKUNGAN 8","","","G. Perdagangan Besar dan Eceran, Reparasi Mobil dan Sepeda Motor","SBR"],
    ["78341","TEKNOLOGI KOMUNIKASI NASIONAL","JALAN KANTIL NOMOR 15","prelist","MEDAN MAIMUN","HAMDAN","LINGKUNGAN 8","","","N. Jasa Persewaan, Ketenagakerjaan, Agen Perjalanan, dan Jasa Pendukung","SBR"],
    ["78347","MAJU MALINDO","JL IR H JUANDA NO 55-A, SUKA RAJA","prelist","MEDAN MAIMUN","SUKARAJA","LINGKUNGAN 5","","","K. Aktivitas Keuangan Dan Asuransi","SBR"],
    ["78352","SANOBAR GUNAJAYA","JL BRIGJEN KATAMSO","prelist","MEDAN MAIMUN","KAMPUNG BARU","LINGKUNGAN 20","","","F. Konstruksi","SBR"],
    ["78361","HARAPAN SUMATRA MOTOR","JL BRIGJEND KATAMSO NO.198 B, KAMPUNG BARU","prelist","MEDAN MAIMUN","KAMPUNG BARU","LINGKUNGAN 17","","","G. Perdagangan Besar dan Eceran, Reparasi Mobil dan Sepeda Motor","SBR"],
    ["78400","BAHTERA BUDI","JL.KOL.SUGIONO NO.8-E, AUR","prelist","MEDAN MAIMUN","A U R","LINGKUNGAN 9","","","G. Perdagangan Besar dan Eceran, Reparasi Mobil dan Sepeda Motor","SBR"],
    ["78433","EKA JAYA MOTOR","JL B KATAMSO NO 301-C","prelist","MEDAN MAIMUN","KAMPUNG BARU","LINGKUNGAN 12","","","G. Perdagangan Besar dan Eceran, Reparasi Mobil dan Sepeda Motor","SBR"],
    ["78447","KEMALA BHAYANGKARI DAERAH SUMATERA UTARA","JL. LETJEND SUPRAPTO","prelist","MEDAN MAIMUN","HAMDAN","LINGKUNGAN 10","","","S. Aktivitas Jasa Lainnya","SBR"],
    ["78478","WEM","JL. LETJEND SUPRAPTO NO. 1","prelist","MEDAN MAIMUN","A U R","LINGKUNGAN 4","","","J. Informasi dan Komunikasi","SBR"],
    ["78503","KOKEASNI JAYA","JL MANGKUBUMI","prelist","MEDAN MAIMUN","A U R","LINGKUNGAN 9","","","G. Perdagangan Besar dan Eceran, Reparasi Mobil dan Sepeda Motor","SBR"],
    ["78521","KELOMPOK MASYARAKAT SEMADAN","JL. B. KATAMSO GG BIDAN UJUNG","prelist","MEDAN MAIMUN","SEI MATI","LINGKUNGAN 8","","","S. Aktivitas Jasa Lainnya","SBR"],
    ["78526","ANUGRAH BUANA MAKMUR","JL B KATAMSO","prelist","MEDAN MAIMUN","A U R","LINGKUNGAN 2","","","G. Perdagangan Besar dan Eceran, Reparasi Mobil dan Sepeda Motor","SBR"],
    ["78539","ARTHA WAHANA PRAKARSA","JL B KATAMSO KM 6,8","prelist","MEDAN MAIMUN","SEI MATI","LINGKUNGAN 7","","","G. Perdagangan Besar dan Eceran, Reparasi Mobil dan Sepeda Motor","SBR"],
    ["78546","TIARA GRAHA MUSTIKA","KOMPLEK MULTATULI","prelist","MEDAN MAIMUN","HAMDAN","LINGKUNGAN 1","","","G. Perdagangan Besar dan Eceran, Reparasi Mobil dan Sepeda Motor","SBR"],
    ["78553","ALESHA BASMALAH","JL MANTRI","prelist","MEDAN MAIMUN","A U R","LINGKUNGAN 3","","","G. Perdagangan Besar dan Eceran, Reparasi Mobil dan Sepeda Motor","SBR"],
    ["78555","INTIPNEWS BERKAH JAYA","JL SUPRAPTO/ TERATAI","prelist","MEDAN MAIMUN","HAMDAN","LINGKUNGAN 7","","","J. Informasi dan Komunikasi","SBR"],
    ["78582","SEKAWAN MAKMUR BERSAMA","JL PALANG MERAH","prelist","MEDAN MAIMUN","A U R","LINGKUNGAN 6","","","R. Kesenian, Hiburan, dan Rekreasi","SBR"],
    ["78606","KELOMPOK MASYRAKAT ALFAZAR","JL. BRIGJEND KATAMSO GG. ALFAZAR","prelist","MEDAN MAIMUN","SEI MATI","LINGKUNGAN 7","","","S. Aktivitas Jasa Lainnya","SBR"],
    ["78628","TRAVELINDO LUSIYANA","JL BRIGJEND KATAMSO","prelist","MEDAN MAIMUN","KAMPUNG BARU","LINGKUNGAN 11","","","N. Jasa Persewaan, Ketenagakerjaan, Agen Perjalanan, dan Jasa Pendukung","SBR"],
    ["78664","VFS SERVICES","JL. MULTATULI","prelist","MEDAN MAIMUN","HAMDAN","LINGKUNGAN 6","","","N. Jasa Persewaan, Ketenagakerjaan, Agen Perjalanan, dan Jasa Pendukung","SBR"],
    ["78686","WAHANA INDAHKARYA NIAGA","JL MULTATULI","prelist","MEDAN MAIMUN","HAMDAN","LINGKUNGAN 6","","","I. Penyediaan Akomodasi dan Makan Minum","SBR"],
    ["78695","AGRO BINA USAHA","JL KENANGA","prelist","MEDAN MAIMUN","HAMDAN","LINGKUNGAN 6","","","G. Perdagangan Besar dan Eceran, Reparasi Mobil dan Sepeda Motor","SBR"],
    ["78713","MITRANESIA SAMPURNA","JL KOMP MULTATULI INDAH","prelist","MEDAN MAIMUN","HAMDAN","LINGKUNGAN 1","","","Q. Jasa Kesehatan dan Kegiatan Sosial","SBR"],
    ["78718","UTAMA JAYA INDONESIA","JL. DAHLIA NO.17","prelist","MEDAN MAIMUN","HAMDAN","LINGKUNGAN 7","","","G. Perdagangan Besar dan Eceran, Reparasi Mobil dan Sepeda Motor","SBR"],
    ["78745","KEBUN SAYUR INDONESIA","JL BRIGJEND KATAMSO KOMPLEK ISTANA PRIMA 2","prelist","MEDAN MAIMUN","SEI MATI","LINGKUNGAN 10","","","A. Pertanian, Kehutanan, dan Perikanan","SBR"],
    ["78774","MORA ABADI","JL. B. KATAMSO GG MESJID","prelist","MEDAN MAIMUN","KAMPUNG BARU","LINGKUNGAN 9","","","G. Perdagangan Besar dan Eceran, Reparasi Mobil dan Sepeda Motor","SBR"],
    ["78787","BUMI DAYA PLAZA","JL. PALANG MERAH","prelist","MEDAN MAIMUN","A U R","LINGKUNGAN 6","","","L. Real Estat","SBR"],
    ["78804","DIAN MAHARTAMAS","JL B KATAMSO GG.BUDIMAN","prelist","MEDAN MAIMUN","SUKARAJA","LINGKUNGAN 1","","","G. Perdagangan Besar dan Eceran, Reparasi Mobil dan Sepeda Motor","SBR"],
    ["78810","MEDIA CONTROL ENGINEERING","JL BRIGJEN KATAMSO KOMPLEK ISTANA BISNIS CENTER","prelist","MEDAN MAIMUN","SUKARAJA","LINGKUNGAN 7","","","G. Perdagangan Besar dan Eceran, Reparasi Mobil dan Sepeda Motor","SBR"],
    ["78826","ANGGADA KARIB ABADI","KOMPLEK MULTATULI INDAH","prelist","MEDAN MAIMUN","HAMDAN","LINGKUNGAN 7","","","G. Perdagangan Besar dan Eceran, Reparasi Mobil dan Sepeda Motor","SBR"],
    ["78827","MATA AIR REZEKI ABADI","JL SUKAMULIA","prelist","MEDAN MAIMUN","A U R","LINGKUNGAN 6","","","I. Penyediaan Akomodasi dan Makan Minum","SBR"],
    ["78886","SINAR CAHAYA DUTA","JL. B. KATAMSO NO. 242, KAMPUNG BARU","prelist","MEDAN MAIMUN","KAMPUNG BARU","LINGKUNGAN 20","","","G. Perdagangan Besar dan Eceran, Reparasi Mobil dan Sepeda Motor","SBR"],
    ["78933","SHAH CARPET AND GALLERY","JL BRIGJEND KATAMSO","prelist","MEDAN MAIMUN","A U R","LINGKUNGAN 2","","","G. Perdagangan Besar dan Eceran, Reparasi Mobil dan Sepeda Motor","SBR"],
    ["78937","CIPTA REKA KRIYA","JL MANGKUBUMI","prelist","MEDAN MAIMUN","A U R","LINGKUNGAN 9","","","M. Jasa Profesional, Ilmiah, dan Teknis","SBR"],
    ["78985","PASI PROVINSI SUMATERA UTARA","JL IMAM BONJOL GEDUNG BANK SUMUT","prelist","MEDAN MAIMUN","HAMDAN","LINGKUNGAN 10","","","R. Kesenian, Hiburan, dan Rekreasi","SBR"],
    ["79010","PENGAYOMAN PEGAWAI DEPARTEMENKEHAKIMAN RUTAN KLAS I MEDAN.","JL.SUKAMULIA NO.23 , KAMPUNG BARU","prelist","MEDAN MAIMUN","A U R","LINGKUNGAN 6","","","K. Aktivitas Keuangan Dan Asuransi","SBR"],
    ["79025","MEDAN SMART MANDIRI","JL BRIGJEND KATAMSO","prelist","MEDAN MAIMUN","SEI MATI","LINGKUNGAN 5","","","G. Perdagangan Besar dan Eceran, Reparasi Mobil dan Sepeda Motor","SBR"],
    ["79047","PANCA JAYA TEKNIK","JL. BRIGJEND KATAMSO GANG BIDAN","prelist","MEDAN MAIMUN","SEI MATI","LINGKUNGAN 8","","","F. Konstruksi","SBR"],
    ["79075","ELFREY PERKASA","JL BRIGJEND KATAMSO GG WARISAN LK V","prelist","MEDAN MAIMUN","SEI MATI","LINGKUNGAN 4","","","G. Perdagangan Besar dan Eceran, Reparasi Mobil dan Sepeda Motor","SBR"],
    ["79088","RAJA FAJAR TUNGGAL","JL SAKTI LUBIS GG.STASIUN","prelist","MEDAN MAIMUN","KAMPUNG BARU","LINGKUNGAN 7","","","G. Perdagangan Besar dan Eceran, Reparasi Mobil dan Sepeda Motor","SBR"],
    ["79093","THAMES STEEL & RUBBER","JL BRIGJEN KATAMSO GG SUBUR","prelist","MEDAN MAIMUN","KAMPUNG BARU","LINGKUNGAN 17","","","G. Perdagangan Besar dan Eceran, Reparasi Mobil dan Sepeda Motor","SBR"],
    ["79097","BCA FINANCE","KOMPLEK CENTRIUM BISNIS NO. 10-11, JL BRIGJEN KATAMSO","prelist","MEDAN MAIMUN","A U R","LINGKUNGAN 8","","","K. Aktivitas Keuangan Dan Asuransi","SBR"],
    ["79099","ARTHADANA BAHARU NIAGATAMA","KOMPLEK MULTATULI INDAH","prelist","MEDAN MAIMUN","HAMDAN","LINGKUNGAN 7","","","G. Perdagangan Besar dan Eceran, Reparasi Mobil dan Sepeda Motor","SBR"],
    ["79100","BERKAT BINAKARYA","JL B. KATAMSO","prelist","MEDAN MAIMUN","SEI MATI","LINGKUNGAN 11","","","G. Perdagangan Besar dan Eceran, Reparasi Mobil dan Sepeda Motor","SBR"],
    ["79133","WADAH ASPIRASI WARGA TERPADU (W-ASWAT)","JL.B.KATAMSO NO.439 LK VI RT.00 RW.00, SEI MATI","prelist","MEDAN MAIMUN","SEI MATI","LINGKUNGAN 6","","","S. Aktivitas Jasa Lainnya","SBR"],
    ["79137","NATHANAEL INTERNATIONAL CARGO EXPRES","JL.MELUR XII NO.17, TANJUNG SARI","prelist","MEDAN MAIMUN","HAMDAN","LINGKUNGAN 7","","","H. Transportasi dan Pergudangan","SBR"],
    ["79183","ANDALAS LESTARI INTERNASIONAL","JL. KOL SUGIONO","prelist","MEDAN MAIMUN","A U R","LINGKUNGAN 5","","","M. Jasa Profesional, Ilmiah, dan Teknis","SBR"],
    ["79188","BANGUN MABAR JAYA","JL PEMUDA PERISAI PLAZA","prelist","MEDAN MAIMUN","A U R","LINGKUNGAN 7","","","L. Real Estat","SBR"],
    ["79201","SAMATRA PRATAMA","JL.PACAR NO.2-B, HAMDAN","prelist","MEDAN MAIMUN","HAMDAN","LINGKUNGAN 8","","","G. Perdagangan Besar dan Eceran, Reparasi Mobil dan Sepeda Motor","SBR"],
    ["79202","BADAN KAS BAITUL UMAT","JALAN DIPENOGORO TOWER/GEDUNG BANK SUMUT LANTAI 8","prelist","MEDAN MAIMUN","HAMDAN","LINGKUNGAN 10","","","S. Aktivitas Jasa Lainnya","SBR"],
    ["79218","LAURA","JL B KATAMSO","prelist","MEDAN MAIMUN","KAMPUNG BARU","LINGKUNGAN 20","","","M. Jasa Profesional, Ilmiah, dan Teknis","SBR"],
    ["79240","PRIMER KOPERASI KARTIKA KARYAWAN DAN VETERAN","JL LETJEND SUPRAPTO","prelist","MEDAN MAIMUN","HAMDAN","LINGKUNGAN 6","","","G. Perdagangan Besar dan Eceran, Reparasi Mobil dan Sepeda Motor","SBR"],
    ["79252","BAJATRA","JL B. KATAMSO","prelist","MEDAN MAIMUN","SUKARAJA","LINGKUNGAN 7","","","G. Perdagangan Besar dan Eceran, Reparasi Mobil dan Sepeda Motor","SBR"],
    ["79257","MAHKOTA KUDA LAUTANINDO BERJAYA","JL. PALANG MERAH BLOK A NO 18-19 RUKO ROYAL CONDOMINIUM","prelist","MEDAN MAIMUN","A U R","LINGKUNGAN 6","","","I. Penyediaan Akomodasi dan Makan Minum","SBR"],
    ["79329","KELOMPOK MASYARAKAT MERDEKA MANDIRI","JL. B. KATAMSO GG MERDEKA","prelist","MEDAN MAIMUN","SEI MATI","LINGKUNGAN 8","","","S. Aktivitas Jasa Lainnya","SBR"],
    ["79396","KALIMAS UTAMA","JL.BIRGJEND.KATAMSO NO.80-CC, SUKA RAJA","prelist","MEDAN MAIMUN","SUKARAJA","LINGKUNGAN 6","","","F. Konstruksi","SBR"],
    ["79461","KARYA SEMESTA PRIMA","JL BRIGJEN KATAMSO NO.458-B, KAMPUNG BARU","prelist","MEDAN MAIMUN","KAMPUNG BARU","LINGKUNGAN 17","","","G. Perdagangan Besar dan Eceran, Reparasi Mobil dan Sepeda Motor","SBR"],
    ["79541","PT.MULIA SINAR GUNUNG","JL MULTATULI","prelist","MEDAN MAIMUN","HAMDAN","LINGKUNGAN 6","","","L. Real Estat","SBR"],
    ["79620","DELI TABAK","JL KOLONEL SUGIONO","prelist","MEDAN MAIMUN","A U R","LINGKUNGAN 5","","","G. Perdagangan Besar dan Eceran, Reparasi Mobil dan Sepeda Motor","SBR"],
    ["79658","ACAI JAYA","JL.BRIGJEND KATAMSO NO.72, AUR","prelist","MEDAN MAIMUN","A U R","LINGKUNGAN 1","","","G. Perdagangan Besar dan Eceran, Reparasi Mobil dan Sepeda Motor","SBR"],
    ["79665","AGRO TANI MARISI","KOMPLEK RUKO MULTATULI JL MULTATULI","prelist","MEDAN MAIMUN","HAMDAN","LINGKUNGAN 5","","","G. Perdagangan Besar dan Eceran, Reparasi Mobil dan Sepeda Motor","SBR"],
    ["79671","CITRA PEMBAHARUAN","JL PALANG MERAH","prelist","MEDAN MAIMUN","A U R","LINGKUNGAN 6","","","G. Perdagangan Besar dan Eceran, Reparasi Mobil dan Sepeda Motor","SBR"],
    ["79716","MITRA KSA","JL BRIGJEN KATAMSO KOMP ISBC","prelist","MEDAN MAIMUN","SUKARAJA","LINGKUNGAN 6","","","G. Perdagangan Besar dan Eceran, Reparasi Mobil dan Sepeda Motor","SBR"],
    ["79744","TRISUKSES DENTAL ABADI","JL. MULTATULI KOMPLEK MULTATULI INDAH BLOK BB NO. 33","prelist","MEDAN MAIMUN","HAMDAN","LINGKUNGAN 7","","","G. Perdagangan Besar dan Eceran, Reparasi Mobil dan Sepeda Motor","SBR"],
    ["79747","ANDALAN FAMILI INDONESIA","KOMP MULTATULI INDAH","prelist","MEDAN MAIMUN","A U R","LINGKUNGAN 10","","","R. Kesenian, Hiburan, dan Rekreasi","SBR"],
    ["79749","STUDIO PERISAI","JL PEMUDA NO 7 LANTAI V","prelist","MEDAN MAIMUN","A U R","LINGKUNGAN 7","","","R. Kesenian, Hiburan, dan Rekreasi","SBR"],
    ["79785","BUANA BERKAT BERSAMA","KOMPLEK MULTATULI INDAH LESTARI","prelist","MEDAN MAIMUN","HAMDAN","LINGKUNGAN 7","","","G. Perdagangan Besar dan Eceran, Reparasi Mobil dan Sepeda Motor","SBR"],
    ["79793","PENERBITAN HARIAN WASPADA","JL SUPRAPTO","prelist","MEDAN MAIMUN","A U R","LINGKUNGAN 4","","","J. Informasi dan Komunikasi","SBR"],
    ["79816","WIJAYA BANGUN GEMILANG","JL. LETJEND SUPRAPTO","prelist","MEDAN MAIMUN","HAMDAN","LINGKUNGAN 6","","","L. Real Estat","SBR"],
    ["79833","MEGADIRGA ANTARINDO","JL HAJI MISBAH KOM MULTATULI INDAH","prelist","MEDAN MAIMUN","HAMDAN","LINGKUNGAN 7","","","H. Transportasi dan Pergudangan","SBR"],
    ["79837","NORMA KARYA UTAMA","JL HAJI MISBAH KOMPLEK MULTATULI","prelist","MEDAN MAIMUN","HAMDAN","LINGKUNGAN 1","","","J. Informasi dan Komunikasi","SBR"],
    ["79845","AJB BUMI PUTERA 1912","JL BRIGJEN KATAMSO","prelist","MEDAN MAIMUN","A U R","LINGKUNGAN 2","","","K. Aktivitas Keuangan Dan Asuransi","SBR"],
    ["79852","MITRA HARAPAN DUNIA","JALAN PEMUDA BARU III 19 LINGKUNGAN VII","prelist","MEDAN MAIMUN","A U R","LINGKUNGAN 7","","","G. Perdagangan Besar dan Eceran, Reparasi Mobil dan Sepeda Motor","SBR"],
    ["79882","INDOGLASS ARTHA DAYAMIKA","JL HAJI MISBAH KOMPLEK MULTATULI INDAH","prelist","MEDAN MAIMUN","HAMDAN","LINGKUNGAN 7","","","G. Perdagangan Besar dan Eceran, Reparasi Mobil dan Sepeda Motor","SBR"],
    ["79956","FAZLY ALARFA","JL.MANTRI NO.11-A LK.III, AUR","prelist","MEDAN MAIMUN","A U R","LINGKUNGAN 3","","","G. Perdagangan Besar dan Eceran, Reparasi Mobil dan Sepeda Motor","SBR"],
    ["79961","DWI LUCKY PLASTIK","KOMP BISNIS CENTER","prelist","MEDAN MAIMUN","SUKARAJA","LINGKUNGAN 6","","","G. Perdagangan Besar dan Eceran, Reparasi Mobil dan Sepeda Motor","SBR"],
    ["79980","PRODINTA EXPRESS","JL B KATAMSO","prelist","MEDAN MAIMUN","SUKARAJA","LINGKUNGAN 5","","","H. Transportasi dan Pergudangan","SBR"],
    ["80003","KANGEN POWER","JL MULTATULI KOMPLEK MULTATULI INDAH","prelist","MEDAN MAIMUN","HAMDAN","LINGKUNGAN 1","","","G. Perdagangan Besar dan Eceran, Reparasi Mobil dan Sepeda Motor","SBR"],
    ["80152","SURYA WISESA ABADI","JL BRIGJEND KATAMSO KOMPLEK ISTANA PRIMA 2","prelist","MEDAN MAIMUN","SEI MATI","LINGKUNGAN 10","","","G. Perdagangan Besar dan Eceran, Reparasi Mobil dan Sepeda Motor","SBR"],
    ["80207","KETIK BERITA INDONESIA","JL MULTATULI","prelist","MEDAN MAIMUN","HAMDAN","LINGKUNGAN 6","","","J. Informasi dan Komunikasi","SBR"],
    ["80261","FARMA ABADI SEJAHTERA","JL PEMUDA BARU III","prelist","MEDAN MAIMUN","A U R","LINGKUNGAN 7","","","G. Perdagangan Besar dan Eceran, Reparasi Mobil dan Sepeda Motor","SBR"],
    ["80299","FRACORA SUKSES INDONESIA","JL BRIGJEN KATAMSO","prelist","MEDAN MAIMUN","A U R","LINGKUNGAN 5","","","G. Perdagangan Besar dan Eceran, Reparasi Mobil dan Sepeda Motor","SBR"],
    ["80301","PERGURUAN AL WASHLIYAH","JL. PASAR SENEN NO. 7 LINGKUNGAN IV, KAMPUNG BARU","prelist","MEDAN MAIMUN","KAMPUNG BARU","LINGKUNGAN 4","","","P. Pendidikan","SBR"],
    ["80314","KONSUMEN FONDASI RAKYAT MANDIRI","JALAN H. MISBAH KOMPLEK RUKO MULTATULI INDAH","prelist","MEDAN MAIMUN","A U R","LINGKUNGAN 10","","","G. Perdagangan Besar dan Eceran, Reparasi Mobil dan Sepeda Motor","SBR"],
    ["80340","KARYAWAN RISPA MEDAN","JL BRIGJEN KATAMSO","prelist","MEDAN MAIMUN","KAMPUNG BARU","LINGKUNGAN 15","","","G. Perdagangan Besar dan Eceran, Reparasi Mobil dan Sepeda Motor","SBR"],
    ["80358","BANGUN DAMAI SEJAHTERA","JL LETJEN SUPRAPTO","prelist","MEDAN MAIMUN","HAMDAN","LINGKUNGAN 6","","","L. Real Estat","SBR"],
    ["80366","KONSUMEN PERPUSTAKAAN ARSIP SUMUT","JALAN BRIGJEND KATAMSO","prelist","MEDAN MAIMUN","A U R","LINGKUNGAN 8","","","G. Perdagangan Besar dan Eceran, Reparasi Mobil dan Sepeda Motor","SBR"],
    ["80397","TITIPAN ANUGRAH KITA","JL B KATAMSO","prelist","MEDAN MAIMUN","A U R","LINGKUNGAN 2","","","G. Perdagangan Besar dan Eceran, Reparasi Mobil dan Sepeda Motor","SBR"],
    ["80464","GLOBAL MANAGEMENT DEVELOPMENT CENTER INDONESIA","KOMPEK MULTATULI INDAH C 11","prelist","MEDAN MAIMUN","A U R","LINGKUNGAN 3","","","P. Pendidikan","SBR"],
    ["80466","SINERGI AGRO MAKMUR","JL BRIGJEN KATAMSO DALAM","prelist","MEDAN MAIMUN","A U R","LINGKUNGAN 2","","","G. Perdagangan Besar dan Eceran, Reparasi Mobil dan Sepeda Motor","SBR"],
    ["80496","AGRIKOM INDONUSA ABADI","JL.BRIGJEND.KATAMSO NO.11, AUR","prelist","MEDAN MAIMUN","A U R","LINGKUNGAN 8","","","G. Perdagangan Besar dan Eceran, Reparasi Mobil dan Sepeda Motor","SBR"],
    ["80506","BENTARA BUMI MORAWA","JALAN ADE IRMA SURYANI","prelist","MEDAN MAIMUN","HAMDAN","LINGKUNGAN 10","","","L. Real Estat","SBR"],
    ["80523","SIGN ART ADVERTISING","JL MANGKUBUMI","prelist","MEDAN MAIMUN","A U R","LINGKUNGAN 9","","","M. Jasa Profesional, Ilmiah, dan Teknis","SBR"],
    ["80582","SUPRA RAGA TRANSPORT","JL BRIGJEN KATAMSO","prelist","MEDAN MAIMUN","KAMPUNG BARU","LINGKUNGAN 15","","","H. Transportasi dan Pergudangan","SBR"],
    ["80596","PALMCHEMA INTERNATIONAL","JALAN BRIGJEND KATAMSO","prelist","MEDAN MAIMUN","A U R","LINGKUNGAN 2","","","C. Industri Pengolahan","SBR"],
    ["80601","KONSTRUKSINDO HUTAMA KARYA","JL. BRIGJEND KATAMSO NO.54 AUR","prelist","MEDAN MAIMUN","A U R","LINGKUNGAN 2","","","F. Konstruksi","SBR"],
    ["80628","SELAMAT SENTOSA BAHAGIA","JALAN PEMUDA BARU I","prelist","MEDAN MAIMUN","A U R","LINGKUNGAN 7","","","G. Perdagangan Besar dan Eceran, Reparasi Mobil dan Sepeda Motor","SBR"],
    ["80636","KATAMSO CAHAYA CEMERLANG","JL BRIGJEND KATAMSO","prelist","MEDAN MAIMUN","SEI MATI","LINGKUNGAN 2","","","R. Kesenian, Hiburan, dan Rekreasi","SBR"],
    ["80675","CANDI AGRO MANDIRI","JALAN BRIGJEND KATAMSO BARU","prelist","MEDAN MAIMUN","A U R","LINGKUNGAN 2","","","G. Perdagangan Besar dan Eceran, Reparasi Mobil dan Sepeda Motor","SBR"],
    ["80738","BERSAMA KARYA TRANSPORT","JL BRIGJEND KATAMSO DALAM","prelist","MEDAN MAIMUN","A U R","LINGKUNGAN 1","","","H. Transportasi dan Pergudangan","SBR"],
    ["80797","LEMBAGA PENDIDIKAN MADRASAH NURUL HUDA","JL KAMPUNG AUR LEMBAH","prelist","MEDAN MAIMUN","A U R","LINGKUNGAN 4","","","P. Pendidikan","SBR"],
    ["80809","AYIN DALET BERSAMA","JL SUDIRMAN","prelist","MEDAN MAIMUN","J A T I","LINGKUNGAN 1","","","G. Perdagangan Besar dan Eceran, Reparasi Mobil dan Sepeda Motor","SBR"],
    ["80838","JATAYU GELANG SEJAHTERA","JL. SISINGAMANGARAJA NO 18, MESJID","prelist","MEDAN MAIMUN","KAMPUNG BARU","LINGKUNGAN 4","","","H. Transportasi dan Pergudangan","SBR"],
    ["80873","JUNJUNG DRAJAT","JL.TERATAI NO.7B LK IX, HAMDAN","prelist","MEDAN MAIMUN","HAMDAN","LINGKUNGAN 7","","","G. Perdagangan Besar dan Eceran, Reparasi Mobil dan Sepeda Motor","SBR"],
    ["80901","LINTAS SURYA LOGISTIK","JL. BRIGJEND KATAMSO DALAM NO. 56 I","prelist","MEDAN MAIMUN","A U R","LINGKUNGAN 3","","","H. Transportasi dan Pergudangan","SBR"],
    ["80956","SARANA SERVICE CARE","JL. B. KATAMSO GG. INTAN","prelist","MEDAN MAIMUN","KAMPUNG BARU","LINGKUNGAN 11","","","N. Jasa Persewaan, Ketenagakerjaan, Agen Perjalanan, dan Jasa Pendukung","SBR"],
    ["81033","WAHANA TAMAN EDEN.","JL.B.KATAMSO KM.7.1 NO.30., SIDODADI","prelist","MEDAN MAIMUN","KAMPUNG BARU","LINGKUNGAN 17","","","S. Aktivitas Jasa Lainnya","SBR"],
    ["81096","AIRE ENERGY","JL SUKAMULIA","prelist","MEDAN MAIMUN","A U R","LINGKUNGAN 6","","","G. Perdagangan Besar dan Eceran, Reparasi Mobil dan Sepeda Motor","SBR"],
    ["81120","HARIAN BERITA SORE","JL LETJEND SUPRAPTO","prelist","MEDAN MAIMUN","A U R","LINGKUNGAN 5","","","J. Informasi dan Komunikasi","SBR"],
    ["81132","KUALANAMU LESTARI","JL ADE IRMA SURYANI NO.4","prelist","MEDAN MAIMUN","HAMDAN","LINGKUNGAN 10","","","L. Real Estat","SBR"],
    ["81133","BIMA NUSA GLOBALINDO","KOMPLEK MULTATULI INDAH","prelist","MEDAN MAIMUN","HAMDAN","LINGKUNGAN 7","","","N. Jasa Persewaan, Ketenagakerjaan, Agen Perjalanan, dan Jasa Pendukung","SBR"],
    ["81150","MAJELIS TA'LIM MASYITHOH","JL BRIGJEND KATAMSO GG LANGGAR","prelist","MEDAN MAIMUN","KAMPUNG BARU","LINGKUNGAN 17","","","S. Aktivitas Jasa Lainnya","SBR"],
    ["81158","ALFO CITRA ABADI","JL MESJID RAYA","prelist","MEDAN MAIMUN","A U R","LINGKUNGAN 8","","","G. Perdagangan Besar dan Eceran, Reparasi Mobil dan Sepeda Motor","SBR"],
    ["81220","ANUGERAH REZEKI VAREM","JL BRIGJEND KATAMSO","prelist","MEDAN MAIMUN","A U R","LINGKUNGAN 2","","","A. Pertanian, Kehutanan, dan Perikanan","SBR"],
    ["81242","INDO WICAKSANA CEMERLANG","JL PEMUDA BARU III","prelist","MEDAN MAIMUN","A U R","LINGKUNGAN 7","","","M. Jasa Profesional, Ilmiah, dan Teknis","SBR"],
    ["81247","SAM KARYA INDAH LESTARI","JL BRIGJEN KATAMSO","prelist","MEDAN MAIMUN","KAMPUNG BARU","LINGKUNGAN 17","","","L. Real Estat","SBR"],
    ["81256","TANGGUH HARTA ABADI (TAHTA)","KOMPLEK MULTATULI INDAH","prelist","MEDAN MAIMUN","HAMDAN","LINGKUNGAN 1","","","K. Aktivitas Keuangan Dan Asuransi","SBR"],
    ["81260","PROFESSIONAL MANAGEMENT COLLEGE INDONESIA","KOMPLEK MULTATULI INDAH LK X","prelist","MEDAN MAIMUN","A U R","LINGKUNGAN 10","","","N. Jasa Persewaan, Ketenagakerjaan, Agen Perjalanan, dan Jasa Pendukung","SBR"],
    ["81278","RIDHO JAYA PERSADA","JL BRIGJEN KATAMSO GG P BARU B V KAMPUNG BARU","prelist","MEDAN MAIMUN","A U R","LINGKUNGAN 4","","","G. Perdagangan Besar dan Eceran, Reparasi Mobil dan Sepeda Motor","SBR"],
    ["81280","MITRA MAKMUR REJEKI","JL. PEMUDA BARU III","prelist","MEDAN MAIMUN","A U R","LINGKUNGAN 7","","","G. Perdagangan Besar dan Eceran, Reparasi Mobil dan Sepeda Motor","SBR"],
    ["81283","SAUJANA JAYA","JL B KATAMSO","prelist","MEDAN MAIMUN","A U R","LINGKUNGAN 2","","","G. Perdagangan Besar dan Eceran, Reparasi Mobil dan Sepeda Motor","SBR"],
    ["81324","PELITA JAYA","JALAN BRIGJEN KATAMSO","prelist","MEDAN MAIMUN","A U R","LINGKUNGAN 1","","","H. Transportasi dan Pergudangan","SBR"],
    ["81326","GINCU BLACK","JL. BRIGJEND KATAMSO","prelist","MEDAN MAIMUN","A U R","LINGKUNGAN 2","","","G. Perdagangan Besar dan Eceran, Reparasi Mobil dan Sepeda Motor","SBR"],
    ["81346","WAHANA HIDRO ENERGI","JL BRIGJEN KATAMSO","prelist","MEDAN MAIMUN","SEI MATI","LINGKUNGAN 7","","","G. Perdagangan Besar dan Eceran, Reparasi Mobil dan Sepeda Motor","SBR"],
    ["81359","MEGAH PUTIH RAYA SODA SUMATERA","JL MANGKUBUMI","prelist","MEDAN MAIMUN","A U R","LINGKUNGAN 5","","","C. Industri Pengolahan","SBR"],
    ["81462","GRAHA PRIMA SEKURINDO","KOMPLEK MULTATULI INDAH","prelist","MEDAN MAIMUN","HAMDAN","LINGKUNGAN 7","","","N. Jasa Persewaan, Ketenagakerjaan, Agen Perjalanan, dan Jasa Pendukung","SBR"],
    ["81510","SURYA PERKASA ABADI","JL SAKTI LUBIS","prelist","MEDAN MAIMUN","KAMPUNG BARU","LINGKUNGAN 20","","","G. Perdagangan Besar dan Eceran, Reparasi Mobil dan Sepeda Motor","SBR"],
    ["81557","WIRAJAYA LESTARIABADI","JL KOLONEL SUGIONO","prelist","MEDAN MAIMUN","A U R","LINGKUNGAN 5","","","G. Perdagangan Besar dan Eceran, Reparasi Mobil dan Sepeda Motor","SBR"],
    ["81581","DAIRI TETAP JAYA","JL.KOL.SUGIONO NO. 14 - F, AUR","prelist","MEDAN MAIMUN","A U R","LINGKUNGAN 9","","","G. Perdagangan Besar dan Eceran, Reparasi Mobil dan Sepeda Motor","SBR"],
    ["81594","MULIA SAKTIPERKASA, PT","JALAN MANGKUBUMI NO. 10","prelist","MEDAN MAIMUN","A U R","LINGKUNGAN 9","","","G. Perdagangan Besar dan Eceran, Reparasi Mobil dan Sepeda Motor","SBR"],
    ["81662","SUMATERA UTAMA INDAH","JL BRIGJEND KATAMSO DALAM","prelist","MEDAN MAIMUN","SEI MATI","LINGKUNGAN 1","","","G. Perdagangan Besar dan Eceran, Reparasi Mobil dan Sepeda Motor","SBR"],
    ["81686","WASPADA MEDAN INDONESIA","JL. LETJEND SUPRAPTO","prelist","MEDAN MAIMUN","A U R","LINGKUNGAN 4","","","J. Informasi dan Komunikasi","SBR"],
    ["81687","GEMA JAYA ANGKASA","JL BRIGJEND KATAMSO KOMPLEK ISTANA PRIMA","prelist","MEDAN MAIMUN","SEI MATI","LINGKUNGAN 9","","","M. Jasa Profesional, Ilmiah, dan Teknis","SBR"],
    ["81700","PERGURUAN DARUL ULUM ADDINIYAH","JL.BRIGJEND KATAMSO SEI MATI , SEI MATI","prelist","MEDAN MAIMUN","SEI MATI","LINGKUNGAN 5","","","P. Pendidikan","SBR"],
    ["81704","JAYA BINA PERKASA","JL.MAHKAMAH DALAM NO.5-II, MESJID","prelist","MEDAN MAIMUN","A U R","LINGKUNGAN 8","","","F. Konstruksi","SBR"],
    ["81730","BARITO","JALAN BRIGJEND KATAMSO DALAM","prelist","MEDAN MAIMUN","A U R","LINGKUNGAN 1","","","H. Transportasi dan Pergudangan","SBR"],
    ["81753","MARGA SARANA BLOC","JALAN PEMUDA BARU","prelist","MEDAN MAIMUN","A U R","LINGKUNGAN 7","","","C. Industri Pengolahan","SBR"],
    ["81766","SUSHI BAHAGIA ABADI","JL. KOMPLEK MULTATULI BLOK F1-2","prelist","MEDAN MAIMUN","HAMDAN","LINGKUNGAN 7","","","G. Perdagangan Besar dan Eceran, Reparasi Mobil dan Sepeda Motor","SBR"],
    ["81781","PAGI CAHAYA DUNIA","JL KOL SUGIONO","prelist","MEDAN MAIMUN","A U R","LINGKUNGAN 5","","","I. Penyediaan Akomodasi dan Makan Minum","SBR"],
    ["81899","TEGUH INDAH ORI","JL KOLONEL SUGIONO LANTAI II","prelist","MEDAN MAIMUN","A U R","LINGKUNGAN 5","","","G. Perdagangan Besar dan Eceran, Reparasi Mobil dan Sepeda Motor","SBR"],
    ["81965","DOKTOR GM. PANGGABEAN","JL B KATAMSO","prelist","MEDAN MAIMUN","A U R","LINGKUNGAN 2","","","Q. Jasa Kesehatan dan Kegiatan Sosial","SBR"],
    ["82039","GRAHA MARELAN INDAH","JL BRIGJEN KATAMSO NO.683 B KAMPUNG BARU","prelist","MEDAN MAIMUN","KAMPUNG BARU","LINGKUNGAN 19","","","L. Real Estat","SBR"],
    ["82162","ASURANSI JIWA SEQUIS LIFE","JL PALANG MERAH LINGKUNGAN VI","prelist","MEDAN MAIMUN","A U R","LINGKUNGAN 9","","","K. Aktivitas Keuangan Dan Asuransi","SBR"],
    ["82238","REKATAMA BANGUN MANDIRI","KOMPLEK ISTANA PRIMA II D-5","prelist","MEDAN MAIMUN","A U R","LINGKUNGAN 10","","","F. Konstruksi","SBR"],
    ["82292","ANATA BAHARI SEJAHTERA","JALAN BRIGJEND. KATAMSO NOMOR 45 C","prelist","MEDAN MAIMUN","A U R","LINGKUNGAN 5","","","F. Konstruksi","SBR"],
    ["82302","LESTARI SUBUR INDONESIA","JL B KATAMSO","prelist","MEDAN MAIMUN","A U R","LINGKUNGAN 3","","","G. Perdagangan Besar dan Eceran, Reparasi Mobil dan Sepeda Motor","SBR"],
    ["82312","FOUNTAIN","JL. SUKAMULIA KOMPLEK RUKO ROYAL RESIDENCE","prelist","MEDAN MAIMUN","A U R","LINGKUNGAN 5","","","C. Industri Pengolahan","SBR"],
    ["82351","PUSKOPAU LANUD MEDAN","JL GURILLA","prelist","MEDAN MAIMUN","A U R","LINGKUNGAN 5","","","K. Aktivitas Keuangan Dan Asuransi","SBR"],
    ["82374","PANIN DAI - ICHI LIFE","JL.PALANG MERAH NO.8-9 RUKO ROYAL RESIDENCE, AUR","prelist","MEDAN MAIMUN","A U R","LINGKUNGAN 6","","","K. Aktivitas Keuangan Dan Asuransi","SBR"],
    ["82385","BUMI WARANA ARTHA","JL IR H JUANDA","prelist","MEDAN MAIMUN","SUKARAJA","LINGKUNGAN 5","","","I. Penyediaan Akomodasi dan Makan Minum","SBR"],
    ["82430","JAYA OCEAN AGRO","KOMP. MULTATULI","prelist","MEDAN MAIMUN","A U R","LINGKUNGAN 10","","","G. Perdagangan Besar dan Eceran, Reparasi Mobil dan Sepeda Motor","SBR"],
    ["82443","COCO","JL WARNA","prelist","MEDAN MAIMUN","SUKARAJA","LINGKUNGAN 6","","","G. Perdagangan Besar dan Eceran, Reparasi Mobil dan Sepeda Motor","SBR"],
    ["82471","MULTI ARTHA KOSMETIK","B KATAMSO KAMPUNG AUR","prelist","MEDAN MAIMUN","A U R","LINGKUNGAN 4","","","G. Perdagangan Besar dan Eceran, Reparasi Mobil dan Sepeda Motor","SBR"],
    ["82495","KANVAS MITRA AKTIVA","JL BRIGJEND KATAMSO NO 35 F","prelist","MEDAN MAIMUN","A U R","LINGKUNGAN 8","","","I. Penyediaan Akomodasi dan Makan Minum","SBR"],
    ["82545","SURYA MANGGALA","JL. B. KATAMSO","prelist","MEDAN MAIMUN","KAMPUNG BARU","LINGKUNGAN 11","","","G. Perdagangan Besar dan Eceran, Reparasi Mobil dan Sepeda Motor","SBR"],
    ["82574","ASURANSI UMUM MEGA","KOMPLEK ROYAL RESIDENCE JL PALANG MERAH","prelist","MEDAN MAIMUN","A U R","LINGKUNGAN 9","","","K. Aktivitas Keuangan Dan Asuransi","SBR"],
    ["82581","ROYAL ASTON FURNITURE MAKMUR LESTARI","JL PEMUDA","prelist","MEDAN MAIMUN","A U R","LINGKUNGAN 5","","","G. Perdagangan Besar dan Eceran, Reparasi Mobil dan Sepeda Motor","SBR"],
    ["82697","KHARINA UTAMA","JL TERATAI","prelist","MEDAN MAIMUN","HAMDAN","LINGKUNGAN 7","","","F. Konstruksi","SBR"],
    ["82719","BUMI KELAPA NUSANTARA","JL IR H JUANDA","prelist","MEDAN MAIMUN","J A T I","LINGKUNGAN 1","","","G. Perdagangan Besar dan Eceran, Reparasi Mobil dan Sepeda Motor","SBR"],
    ["82721","PRIORITAS TETAP MAKMUR","JL PALANG MERAH KOMPLEK RUKO ROYAL RESIDENCE","prelist","MEDAN MAIMUN","A U R","LINGKUNGAN 5","","","K. Aktivitas Keuangan Dan Asuransi","SBR"],
    ["82728","TENERA BINA SEJAHTERA","JL IR H JUANDA","prelist","MEDAN MAIMUN","SUKARAJA","LINGKUNGAN 5","","","K. Aktivitas Keuangan Dan Asuransi","SBR"],
    ["82850","MEGA ELTRA","KOMPLEK MULTATULI INDAH","prelist","MEDAN MAIMUN","HAMDAN","LINGKUNGAN 7","","","G. Perdagangan Besar dan Eceran, Reparasi Mobil dan Sepeda Motor","SBR"],
    ["82891","SAM LEE AGRO INDO","JL PANDU","prelist","MEDAN MAIMUN","A U R","LINGKUNGAN 3","","","G. Perdagangan Besar dan Eceran, Reparasi Mobil dan Sepeda Motor","SBR"],
    ["82915","CENTRO MUSIKA INDONESIA","JL. BRIGADIR JENDERAL KATAMSO KOMPLEK CENTRIUM NO. 37 - KELURAHAN AUR","prelist","MEDAN MAIMUN","A U R","LINGKUNGAN 3","","","R. Kesenian, Hiburan, dan Rekreasi","SBR"],
    ["83014","ASURANSI JIWASRAYA","JL PALANG MERAH","prelist","MEDAN MAIMUN","A U R","LINGKUNGAN 5","","","K. Aktivitas Keuangan Dan Asuransi","SBR"],
    ["83019","ASURANSI MEGA PRATAMA","KOMP MULTATULI INDAH","prelist","MEDAN MAIMUN","HAMDAN","LINGKUNGAN 5","","","K. Aktivitas Keuangan Dan Asuransi","SBR"],
    ["83021","LUCIANO HOMEART","JL PALANG MERAH","prelist","MEDAN MAIMUN","HAMDAN","LINGKUNGAN 10","","","G. Perdagangan Besar dan Eceran, Reparasi Mobil dan Sepeda Motor","SBR"],
    ["83035","ASTRA OTOPARTS TBK.","JL IR H JUANDA BARU","prelist","MEDAN MAIMUN","SUKARAJA","LINGKUNGAN 4","","","C. Industri Pengolahan","SBR"],
    ["83040","RODA ELANG SAKTI","JL B. KATAMSO","prelist","MEDAN MAIMUN","KAMPUNG BARU","LINGKUNGAN 11","","","G. Perdagangan Besar dan Eceran, Reparasi Mobil dan Sepeda Motor","SBR"],
    ["83074","SORIK MERAPI JAYA","JL. B. KATAMSO","prelist","MEDAN MAIMUN","SEI MATI","LINGKUNGAN 5","","","G. Perdagangan Besar dan Eceran, Reparasi Mobil dan Sepeda Motor","SBR"],
    ["83142","ASURANSI RAKSA PRATIKARA","KOMPLEK MULTATULI INDAH","prelist","MEDAN MAIMUN","HAMDAN","LINGKUNGAN 7","","","K. Aktivitas Keuangan Dan Asuransi","SBR"],
    ["83233","ABADI JAYA","JL.B.KATAMSO GG.KENANGA NO. 29 , BABURA","prelist","MEDAN MAIMUN","SEI MATI","LINGKUNGAN 9","","","F. Konstruksi","SBR"],
    ["83235","KARYA KARTIKA UTAMA","JL TERATAI","prelist","MEDAN MAIMUN","HAMDAN","LINGKUNGAN 7","","","F. Konstruksi","SBR"],
    ["83238","ZAMAN","JL IR H JUANDA BARU","prelist","MEDAN MAIMUN","SUKARAJA","LINGKUNGAN 5","","","F. Konstruksi","SBR"],
    ["83240","KARYA ANUGERAH MULYA","JL BRIGJEN KATAMSO GG MELUR","prelist","MEDAN MAIMUN","KAMPUNG BARU","LINGKUNGAN 2","","","G. Perdagangan Besar dan Eceran, Reparasi Mobil dan Sepeda Motor","SBR"],
    ["83274","TATA MULTINDO","JL BAHAGIA","prelist","MEDAN MAIMUN","SUKARAJA","LINGKUNGAN 8","","","G. Perdagangan Besar dan Eceran, Reparasi Mobil dan Sepeda Motor","SBR"],
    ["83276","SUMBER BERKAT ANUGERAH","JL. SUKAMULIA","prelist","MEDAN MAIMUN","A U R","LINGKUNGAN 6","","","K. Aktivitas Keuangan Dan Asuransi","SBR"],
    ["83291","PEMUDA BARU","JALAN BRIGJEND KATAMSO","prelist","MEDAN MAIMUN","A U R","LINGKUNGAN 2","","","F. Konstruksi","SBR"],
    ["83306","SIBACIPTA TELEKOMINDO ( SIBAKOM )","JL B.KATAMSO","prelist","MEDAN MAIMUN","A U R","LINGKUNGAN 8","","","G. Perdagangan Besar dan Eceran, Reparasi Mobil dan Sepeda Motor","SBR"],
    ["83307","MUGI GUNUNG MAS","JL PEMUDA BARU II","prelist","MEDAN MAIMUN","A U R","LINGKUNGAN 7","","","G. Perdagangan Besar dan Eceran, Reparasi Mobil dan Sepeda Motor","SBR"],
    ["83326","AGUNG TAHTA MANDIRI","JL ADE IRMA SURYANI","prelist","MEDAN MAIMUN","HAMDAN","LINGKUNGAN 10","","","G. Perdagangan Besar dan Eceran, Reparasi Mobil dan Sepeda Motor","SBR"],
    ["83328","AYAM MAS","JL. BRIGJEND KATAMSO NO. 266 LK. X","prelist","MEDAN MAIMUN","SEI MATI","LINGKUNGAN 10","","","G. Perdagangan Besar dan Eceran, Reparasi Mobil dan Sepeda Motor","SBR"],
    ["83367","BANK NEO COMMERCE TBK","JL BRIGJEND KATAMSO","prelist","MEDAN MAIMUN","KAMPUNG BARU","LINGKUNGAN 17","","","K. Aktivitas Keuangan Dan Asuransi","SBR"],
    ["83382","ABIDIN KATAMSO SETIA","JL B KATAMSO GG SETIA BARU","prelist","MEDAN MAIMUN","SEI MATI","LINGKUNGAN 7","","","G. Perdagangan Besar dan Eceran, Reparasi Mobil dan Sepeda Motor","SBR"],
    ["83533","MANDIRI MAKMUR MEDAN","JL BRIGJEN KATAMSO","prelist","MEDAN MAIMUN","SUKARAJA","LINGKUNGAN 5","","","G. Perdagangan Besar dan Eceran, Reparasi Mobil dan Sepeda Motor","SBR"],
    ["83547","KARTIKA SWARNA DWIPA","KOMPLEK ISTANA BISNIS CENTER JL B.KATAMSO","prelist","MEDAN MAIMUN","SUKARAJA","LINGKUNGAN 7","","","G. Perdagangan Besar dan Eceran, Reparasi Mobil dan Sepeda Motor","SBR"],
    ["83554","BADAN KESEJAHTERAAN MASJID AR RAHMAN GG PELITA II LK XVIII","JL BRIGJEND KATAMSO GG PELITA II","prelist","MEDAN MAIMUN","KAMPUNG BARU","LINGKUNGAN 18","","","S. Aktivitas Jasa Lainnya","SBR"],
    ["83555","GUDANG PULSA","JL.B.KATAMSO LK V NO 399, SEI MATI","prelist","MEDAN MAIMUN","SEI MATI","LINGKUNGAN 5","","","G. Perdagangan Besar dan Eceran, Reparasi Mobil dan Sepeda Motor","SBR"],
    ["83562","SUKSESINDO MAJU SAMUDERA","JL WARNA","prelist","MEDAN MAIMUN","SUKARAJA","LINGKUNGAN 6","","","G. Perdagangan Besar dan Eceran, Reparasi Mobil dan Sepeda Motor","SBR"],
    ["83583","SIMPAN PINJAM SARANA USAHA BERDIKARI","JL.BRIGJEND KATAMSO KOMP.ISTANA PRIMA I NO. C 15","prelist","MEDAN MAIMUN","SEI MATI","LINGKUNGAN 9","","","K. Aktivitas Keuangan Dan Asuransi","SBR"],
    ["83628","GUNUNG CAHAYA DIGITAL","JL BADUR","prelist","MEDAN MAIMUN","HAMDAN","LINGKUNGAN 10","","","J. Informasi dan Komunikasi","SBR"],
    ["83694","JENTERA MEDIA CITRA","JL.B.KATAMSO GG JAWA NO.4A/57","prelist","MEDAN MAIMUN","A U R","LINGKUNGAN 4","","","J. Informasi dan Komunikasi","SBR"],
    ["83710","SEMANGAT JAYA LESTARI","JALAN KENANGA","prelist","MEDAN MAIMUN","HAMDAN","LINGKUNGAN 6","","","H. Transportasi dan Pergudangan","SBR"],
    ["83767","LANCAR ABADI PRIMA","KOMP MULTATULI INDAH","prelist","MEDAN MAIMUN","A U R","LINGKUNGAN 10","","","G. Perdagangan Besar dan Eceran, Reparasi Mobil dan Sepeda Motor","SBR"],
    ["83780","ALHUDA BUKIT PERMATA NORBU","JALAN BRIGADIR JENDERAL KATAMSO LINGKUNGAN VII NOMOR 797","prelist","MEDAN MAIMUN","SEI MATI","LINGKUNGAN 9","","","F. Konstruksi","SBR"],
    ["83898","KARYA INTI RAKYAT","KOMP. MULTATULI","prelist","MEDAN MAIMUN","A U R","LINGKUNGAN 10","","","G. Perdagangan Besar dan Eceran, Reparasi Mobil dan Sepeda Motor","SBR"],
    ["83957","PERUSAHAAN LISTRIK NEGARA (PERSERO)","JL BRIGJEN. KATAMSO 5.5","prelist","MEDAN MAIMUN","KAMPUNG BARU","LINGKUNGAN 7","","","D. Pengadaan Listrik, Gas, Uap/Air Panas, dan Udara Dingin","SBR"],
    ["84058","MICRO SUKSES ABADI","JL. B. KATAMSO GG. AMIR","prelist","MEDAN MAIMUN","A U R","LINGKUNGAN 5","","","G. Perdagangan Besar dan Eceran, Reparasi Mobil dan Sepeda Motor","SBR"],
    ["84073","MEKAR AGUNG TIRTALESTARI","JL BRIGJEND KATAMSO","prelist","MEDAN MAIMUN","KAMPUNG BARU","LINGKUNGAN 11","","","F. Konstruksi","SBR"],
    ["84159","KELOMPOK MASYARAKAT MAJATERA","JL. BRIGJEND KATAMSO GANG PEMUDA","prelist","MEDAN MAIMUN","SEI MATI","LINGKUNGAN 4","","","S. Aktivitas Jasa Lainnya","SBR"],
    ["84204","BINTANG KHOSASI SINAR SUMATERA","JL.B KATAMSO KOMPLEK ISTANA PRIMA II","prelist","MEDAN MAIMUN","A U R","LINGKUNGAN 10","","","G. Perdagangan Besar dan Eceran, Reparasi Mobil dan Sepeda Motor","SBR"],
    ["84239","MITRA SUBUR BERJAYA","JL. MULTATULI KOMP. MULTATULI INDAH LK.X","prelist","MEDAN MAIMUN","A U R","LINGKUNGAN 10","","","G. Perdagangan Besar dan Eceran, Reparasi Mobil dan Sepeda Motor","SBR"],
    ["84257","KENCANA BERKAT GLOBAL","JL PALANG MERAH","prelist","MEDAN MAIMUN","A U R","LINGKUNGAN 9","","","G. Perdagangan Besar dan Eceran, Reparasi Mobil dan Sepeda Motor","SBR"],
    ["84270","SUMBER TANI ABADI","KOMP. MULTATULI","prelist","MEDAN MAIMUN","A U R","LINGKUNGAN 10","","","G. Perdagangan Besar dan Eceran, Reparasi Mobil dan Sepeda Motor","SBR"],
    ["84298","SUBUR ALAM PRATAMA INDONESIA","JL B KATAMSO","prelist","MEDAN MAIMUN","A U R","LINGKUNGAN 2","","","G. Perdagangan Besar dan Eceran, Reparasi Mobil dan Sepeda Motor","SBR"],
    ["84310","TRANSINDO JAYA","JL. B. KATAMSO GG. SUBUR","prelist","MEDAN MAIMUN","A U R","LINGKUNGAN 4","","","G. Perdagangan Besar dan Eceran, Reparasi Mobil dan Sepeda Motor","SBR"],
    ["84334","ASURANSI BRI LIFE","KOMPLEK MULTATULI","prelist","MEDAN MAIMUN","HAMDAN","LINGKUNGAN 1","","","K. Aktivitas Keuangan Dan Asuransi","SBR"],
    ["84375","SMP NEGERI 34 MEDAN","JL. BRIGJEND ZEIN HAMID GG. PERBATASAN BARU","prelist","MEDAN MAIMUN","KAMPUNG BARU","LINGKUNGAN 21","","","P. Pendidikan","SBR"],
    ["84397","FUNWORLD PRIMA","JL B KATAMSO SUZUYA KAMPUNG BARU LT I","prelist","MEDAN MAIMUN","KAMPUNG BARU","LINGKUNGAN 2","","","P. Pendidikan","SBR"],
    ["84398","WINDU JAYA","KOMP MULTATULI LK X","prelist","MEDAN MAIMUN","A U R","LINGKUNGAN 10","","","G. Perdagangan Besar dan Eceran, Reparasi Mobil dan Sepeda Motor","SBR"],
    ["84581","LIA MULTI NIAGA","JL.B.KATAMSO NO.230 A, SEI MATI","prelist","MEDAN MAIMUN","SEI MATI","LINGKUNGAN 10","","","G. Perdagangan Besar dan Eceran, Reparasi Mobil dan Sepeda Motor","SBR"],
    ["84629","SINAR MAHKOTA BUMI PERTIWI","JALAN DIPONEGORO TOWER/GEDUNG BANK SUMUT LANTAI 8","prelist","MEDAN MAIMUN","HAMDAN","LINGKUNGAN 10","","","L. Real Estat","SBR"],
    ["84655","ANUGRAH ALAM ABADI","JL B KATAMSO NO. 523 C, SEI MATI","prelist","MEDAN MAIMUN","SEI MATI","LINGKUNGAN 7","","","H. Transportasi dan Pergudangan","SBR"],
    ["84657","MITRA TANI JAYA","KOMPLEK MULTATULI LK.X","prelist","MEDAN MAIMUN","HAMDAN","LINGKUNGAN 7","","","G. Perdagangan Besar dan Eceran, Reparasi Mobil dan Sepeda Motor","SBR"],
    ["84688","CITRA CENDEKIA","JL.MANGKUBUMI NO.11-A, AUR","prelist","MEDAN MAIMUN","A U R","LINGKUNGAN 9","","","M. Jasa Profesional, Ilmiah, dan Teknis","SBR"],
    ["84738","WIRATAMA MARGA AGUNG","JL BRIGJEN.KATAMSO NO.32-A, KAMPUNG BARU","prelist","MEDAN MAIMUN","KAMPUNG BARU","LINGKUNGAN 20","","","F. Konstruksi","SBR"],
    ["84761","ANDJUR NAULI","JL MULTATULI","prelist","MEDAN MAIMUN","HAMDAN","LINGKUNGAN 6","","","F. Konstruksi","SBR"],
    ["84772","SURYA BALAM JAYA","JL. AVROS GG. JAWA","prelist","MEDAN MAIMUN","KAMPUNG BARU","LINGKUNGAN 14","","","G. Perdagangan Besar dan Eceran, Reparasi Mobil dan Sepeda Motor","SBR"],
    ["84849","LEMBAGA PENDIDIKAN ANAK USIA DINI (PAUD) ANANDA","JL BRIGJEND KATAMSO BELAKANG","prelist","MEDAN MAIMUN","KAMPUNG BARU","LINGKUNGAN 4","","","P. Pendidikan","SBR"],
    ["84877","SUPERIN","JL KOLONEL SUGIONO","prelist","MEDAN MAIMUN","A U R","LINGKUNGAN 5","","","C. Industri Pengolahan","SBR"],
    ["84905","CIYAMA","JALAN BRIGJEND KATAMSO GG TANGSI","prelist","MEDAN MAIMUN","SUKARAJA","LINGKUNGAN 7","","","F. Konstruksi","SBR"],
    ["84918","WOOK GLOBAL TECHNOLOGY","KOMPLEK MULTATULI INDAH","prelist","MEDAN MAIMUN","HAMDAN","LINGKUNGAN 1","","","G. Perdagangan Besar dan Eceran, Reparasi Mobil dan Sepeda Motor","SBR"],
    ["85002","VIA SUMATERA","JL. B. KATAMSO","prelist","MEDAN MAIMUN","SEI MATI","LINGKUNGAN 5","","","F. Konstruksi","SBR"],
    ["85021","ANEKA DIGITAL PRIMA","JL KOLONEL SUGIONO","prelist","MEDAN MAIMUN","A U R","LINGKUNGAN 5","","","G. Perdagangan Besar dan Eceran, Reparasi Mobil dan Sepeda Motor","SBR"],
    ["85029","SUKARAJA INDAH","JL PEMUDA","prelist","MEDAN MAIMUN","A U R","LINGKUNGAN 5","","","F. Konstruksi","SBR"],
    ["85056","BOGA AMANDA","JL. BRIGJEND KATAMSO NO. 486-B","prelist","MEDAN MAIMUN","KAMPUNG BARU","LINGKUNGAN 17","","","C. Industri Pengolahan","SBR"],
    ["85059","CIPTA NARATAMA CEMERLANG","JL. KOMLEK MULTATULI INDAH","prelist","MEDAN MAIMUN","HAMDAN","LINGKUNGAN 7","","","G. Perdagangan Besar dan Eceran, Reparasi Mobil dan Sepeda Motor","SBR"],
    ["85096","SUNGAI MAS ABADI","JL AVROS BLOK A NO.9, KAMPUNG BARU","prelist","MEDAN MAIMUN","KAMPUNG BARU","LINGKUNGAN 14","","","G. Perdagangan Besar dan Eceran, Reparasi Mobil dan Sepeda Motor","SBR"],
    ["85135","BANK MUAMALAT INDONESIA","JL JEND SUDIRMAN","prelist","MEDAN MAIMUN","J A T I","LINGKUNGAN 1","","","K. Aktivitas Keuangan Dan Asuransi","SBR"],
    ["85242","PERMATA HIJAU NUSANTARA","JL BRIGJEN KATAMSO GG KASIH NO. 1, SEI MATI","prelist","MEDAN MAIMUN","SEI MATI","LINGKUNGAN 5","","","G. Perdagangan Besar dan Eceran, Reparasi Mobil dan Sepeda Motor","SBR"],
    ["85289","BUMI MADINA LESTARI","JL B KATAMSO NO. 222, KAMPUNG BARU","prelist","MEDAN MAIMUN","KAMPUNG BARU","LINGKUNGAN 20","","","G. Perdagangan Besar dan Eceran, Reparasi Mobil dan Sepeda Motor","SBR"],
    ["85303","SINAR INDONESIA BARU","JL BRIGJEN KATAMSO","prelist","MEDAN MAIMUN","A U R","LINGKUNGAN 2","","","C. Industri Pengolahan","SBR"],
    ["85322","MULTATULI PUTRA JAYA","JL MULTATULI","prelist","MEDAN MAIMUN","HAMDAN","LINGKUNGAN 5","","","F. Konstruksi","SBR"],
    ["85323","SINGGAH MATA BERSAUDARA","JL MANGKUBUMI","prelist","MEDAN MAIMUN","A U R","LINGKUNGAN 9","","","F. Konstruksi","SBR"],
    ["85333","BINA SARANA PERSADA","JL MANGKUBUMI","prelist","MEDAN MAIMUN","A U R","LINGKUNGAN 9","","","F. Konstruksi","SBR"],
    ["85376","PAUD AMANAH","KAPTEN ILYAS","prelist","MEDAN MAIMUN","SEI MATI","LINGKUNGAN 9","","","P. Pendidikan","SBR"],
    ["85421","HEVEA SUMBER OKSIGEN","JL. PEMUDA","prelist","MEDAN MAIMUN","A U R","LINGKUNGAN 5","","","G. Perdagangan Besar dan Eceran, Reparasi Mobil dan Sepeda Motor","SBR"],
    ["85428","SUMBER WAHANA AGUNG","JALAN KOLONEL SUGIONO NOMOR 9-F, MEDAN","prelist","MEDAN MAIMUN","A U R","LINGKUNGAN 5","","","F. Konstruksi","SBR"],
    ["85452","SYARAF ANAK STELLA INDONESIA","JALAN SAMANHUDI","prelist","MEDAN MAIMUN","J A T I","LINGKUNGAN 1","","","Q. Jasa Kesehatan dan Kegiatan Sosial","SBR"],
    ["85538","SIDO NUSA PERKASA","JALAN WARNI NOMOR 21","prelist","MEDAN MAIMUN","SUKARAJA","LINGKUNGAN 5","","","C. Industri Pengolahan","SBR"],
    ["85578","ALGONET","STM KOMPLEK SBC LT 2","prelist","MEDAN MAIMUN","KAMPUNG BARU","LINGKUNGAN 21","","","G. Perdagangan Besar dan Eceran, Reparasi Mobil dan Sepeda Motor","SBR"],
    ["85605","HARAPAN JAYA BARU","JL. BRIGJEN KATAMSO GG. PERBATASAN","prelist","MEDAN MAIMUN","KAMPUNG BARU","LINGKUNGAN 17","","","G. Perdagangan Besar dan Eceran, Reparasi Mobil dan Sepeda Motor","SBR"],
    ["85638","BANK MEGA TBK","JL BRIGJEN KATAMSO KOMP GRAND KATAMSO","prelist","MEDAN MAIMUN","KAMPUNG BARU","LINGKUNGAN 1","","","K. Aktivitas Keuangan Dan Asuransi","SBR"],
    ["85647","HALIM FARMA CHANDRA","JL.PEMUDA BARU II NO.6","prelist","MEDAN MAIMUN","A U R","LINGKUNGAN 7","","","G. Perdagangan Besar dan Eceran, Reparasi Mobil dan Sepeda Motor","SBR"],
    ["85654","BUMI MANSYUR PERMAI","JL PEMUDA BARU III","prelist","MEDAN MAIMUN","A U R","LINGKUNGAN 7","","","F. Konstruksi","SBR"],
    ["85659","SAWIT MAS SUKSES","JL B KATAMSO","prelist","MEDAN MAIMUN","A U R","LINGKUNGAN 5","","","C. Industri Pengolahan","SBR"],
    ["85667","GLOBAL ABADI INDONESIA","JL BRIGJEND KATAMSO LK VII","prelist","MEDAN MAIMUN","SEI MATI","LINGKUNGAN 5","","","G. Perdagangan Besar dan Eceran, Reparasi Mobil dan Sepeda Motor","SBR"],
    ["85802","GRAHA PURNA KARYA CONSULTANT","JL SISINGAMANGARAJA","prelist","MEDAN MAIMUN","A U R","LINGKUNGAN 7","","","M. Jasa Profesional, Ilmiah, dan Teknis","SBR"],
    ["85958","SERE MEGAWATI","JL B.KATAMSO NO.66-CD, AUR","prelist","MEDAN MAIMUN","A U R","LINGKUNGAN 1","","","C. Industri Pengolahan","SBR"],
    ["86011","SOLID ANDALAS MAKMUR","JL ADE IRMA SURYANI","prelist","MEDAN MAIMUN","HAMDAN","LINGKUNGAN 10","","","G. Perdagangan Besar dan Eceran, Reparasi Mobil dan Sepeda Motor","SBR"],
    ["86068","BANK CIMB NIAGA TBK.","JL IR JUANDA","prelist","MEDAN MAIMUN","J A T I","LINGKUNGAN 1","","","K. Aktivitas Keuangan Dan Asuransi","SBR"],
    ["86089","ARDIAH UTAMA","JL. B. KATAMSO GG GALON NO. 8, KAMPUNG BARU","prelist","MEDAN MAIMUN","A U R","LINGKUNGAN 4","","","G. Perdagangan Besar dan Eceran, Reparasi Mobil dan Sepeda Motor","SBR"],
    ["86157","GLOBAL SARANA PENDIDIKAN","JL SLAMET RIYADI","prelist","MEDAN MAIMUN","J A T I","LINGKUNGAN 2","","","P. Pendidikan","SBR"],
    ["86251","TUNGGAL MANDIRI SEMPURNA","KOMP MULTATULI INDAH LK X","prelist","MEDAN MAIMUN","A U R","LINGKUNGAN 10","","","G. Perdagangan Besar dan Eceran, Reparasi Mobil dan Sepeda Motor","SBR"],
    ["86277","PERKUMPULAN KELOMPOK KERJA KEHUMASAN SUMATERA UTARA","JL. B. ZEIN HAMID GG. MELUR","prelist","MEDAN MAIMUN","KAMPUNG BARU","LINGKUNGAN 7","","","S. Aktivitas Jasa Lainnya","SBR"],
    ["86306","BERJAYA SUKSES ABADI","JL.B.KATAMSO NO.335 RT.00 RW.00, SEI MATI","prelist","MEDAN MAIMUN","SEI MATI","LINGKUNGAN 3","","","N. Jasa Persewaan, Ketenagakerjaan, Agen Perjalanan, dan Jasa Pendukung","SBR"],
    ["86443","FORUM KOMUNIKASI PENGUSAHA PEKERJA PENGGUNA LISTRIK INDONESI","JL.BRIGJEND KATAMSO NO.439 LK.VI RT. 0 RW. 0","prelist","MEDAN MAIMUN","SEI MATI","LINGKUNGAN 6","","","G. Perdagangan Besar dan Eceran, Reparasi Mobil dan Sepeda Motor","SBR"],
    ["86471","ALPA MANDIRI MITOKONA","JL B KATAMSO LK VIII","prelist","MEDAN MAIMUN","A U R","LINGKUNGAN 2","","","G. Perdagangan Besar dan Eceran, Reparasi Mobil dan Sepeda Motor","SBR"],
    ["86507","SOLID SUKSES JAYA","JL MULTATULI","prelist","MEDAN MAIMUN","A U R","LINGKUNGAN 5","","","R. Kesenian, Hiburan, dan Rekreasi","SBR"],
    ["86591","LAWIRA MAS","JL.BRIGJEN KATAMSO NO.168/80 FF, SUKA RAJA","prelist","MEDAN MAIMUN","SUKARAJA","LINGKUNGAN 6","","","F. Konstruksi","SBR"],
    ["86625","REGIONAL MASTER CENTER NASIONAL","JL BRIGADIR JENDERAL KATAMSO","prelist","MEDAN MAIMUN","A U R","LINGKUNGAN 4","","","G. Perdagangan Besar dan Eceran, Reparasi Mobil dan Sepeda Motor","SBR"],
    ["86626","BINTANG JAYA LESTARI","JL BRIGJEND KATAMSO KOMPLEK CENTRIUM BISNIS","prelist","MEDAN MAIMUN","KAMPUNG BARU","LINGKUNGAN 6","","","G. Perdagangan Besar dan Eceran, Reparasi Mobil dan Sepeda Motor","SBR"],
    ["86631","PRAKARSA ABADI PRESS","JL LETJEND SUPRAPTO","prelist","MEDAN MAIMUN","A U R","LINGKUNGAN 5","","","C. Industri Pengolahan","SBR"],
    ["86647","CIPTA HUTANI PERMAI","JL SUTOMO","prelist","MEDAN MAIMUN","A U R","LINGKUNGAN 4","","","N. Jasa Persewaan, Ketenagakerjaan, Agen Perjalanan, dan Jasa Pendukung","SBR"],
    ["86703","DURBAN INDONESIA","JL PALANG MERAH","prelist","MEDAN MAIMUN","A U R","LINGKUNGAN 6","","","G. Perdagangan Besar dan Eceran, Reparasi Mobil dan Sepeda Motor","SBR"],
    ["86706","LINGGA TIGA SAWIT","JL IMAM BONJOL","prelist","MEDAN MAIMUN","J A T I","LINGKUNGAN 1","","","C. Industri Pengolahan","SBR"],
    ["86738","MEDAN GLOBAL ENGINEERING","JL.B.KATAMSO GG LORI NO.46 E RT. 00 RW. 00","prelist","MEDAN MAIMUN","KAMPUNG BARU","LINGKUNGAN 7","","","G. Perdagangan Besar dan Eceran, Reparasi Mobil dan Sepeda Motor","SBR"],
    ["86775","LEMBAGA KURSUS DAN PELATIHAN KULIFASKRAFT SUMATERA UTARA","JL MANTRI","prelist","MEDAN MAIMUN","A U R","LINGKUNGAN 3","","","C. Industri Pengolahan","SBR"],
    ["86790","ANUGERAH ESA","JL AHMAD RIVAI","prelist","MEDAN MAIMUN","A U R","LINGKUNGAN 5","","","F. Konstruksi","SBR"],
    ["86796","SMP YAPENA 45 MEDAN","JL BRIGJEN KATAMSO GG KOPI","prelist","MEDAN MAIMUN","KAMPUNG BARU","LINGKUNGAN 10","","","P. Pendidikan","SBR"],
    ["86824","VICTOR MANDIRI SEJAHTERA","JL. MULTATULI","prelist","MEDAN MAIMUN","HAMDAN","LINGKUNGAN 6","","","P. Pendidikan","SBR"],
    ["86841","PENGUKURAN DAN PEMETAAN INDONESIA","JL. PASAR SENEN NO. 677 E","prelist","MEDAN MAIMUN","KAMPUNG BARU","LINGKUNGAN 4","","","G. Perdagangan Besar dan Eceran, Reparasi Mobil dan Sepeda Motor","SBR"],
    ["87006","LEMBAGA PHOENIX EDUCATION CENTER","KOMP. MULTATULI INDAH","prelist","MEDAN MAIMUN","HAMDAN","LINGKUNGAN 7","","","P. Pendidikan","SBR"],
    ["87073","LAUTAN CAHAYA MANDIRI","JL HAJI MISBAH KOMPLEK MULTATULI INDAH","prelist","MEDAN MAIMUN","HAMDAN","LINGKUNGAN 7","","","Q. Jasa Kesehatan dan Kegiatan Sosial","SBR"],
    ["87091","MARIRO SUKSES","JL SM RAJA","prelist","MEDAN MAIMUN","A U R","LINGKUNGAN 5","","","S. Aktivitas Jasa Lainnya","SBR"],
    ["87119","INDOMA SAWIT ANDALAN","JL IR H JUANDA","prelist","MEDAN MAIMUN","J A T I","LINGKUNGAN 1","","","A. Pertanian, Kehutanan, dan Perikanan","SBR"],
    ["87143","ANJUR BARU ARA","JL MULTATULI","prelist","MEDAN MAIMUN","HAMDAN","LINGKUNGAN 10","","","F. Konstruksi","SBR"],
    ["87145","MULIA PROCON INDONESIA","ADE IRMA SURYANI","prelist","MEDAN MAIMUN","HAMDAN","LINGKUNGAN 10","","","L. Real Estat","SBR"],
    ["87148","LOVELY HOLIDAYS","JL IR H JUANDA BARU","prelist","MEDAN MAIMUN","SUKARAJA","LINGKUNGAN 5","","","F. Konstruksi","SBR"],
    ["87151","ACE HARDWARE INDONESIA TBK","JL IR H JUANDA (EKS GED.ISTANA PLAZA LT I)","prelist","MEDAN MAIMUN","SUKARAJA","LINGKUNGAN 6","","","G. Perdagangan Besar dan Eceran, Reparasi Mobil dan Sepeda Motor","SBR"],
    ["87178","LEMBAGA BANTUAN HUKUM BELA NEGARA","JL. BRIGJEND KATAMSO LK. VI","prelist","MEDAN MAIMUN","SEI MATI","LINGKUNGAN 5","","","Q. Jasa Kesehatan dan Kegiatan Sosial","SBR"],
    ["87307","SETIA UTAMA","JALAN BRIGJEN KATAMSO BLK","prelist","MEDAN MAIMUN","A U R","LINGKUNGAN 1","","","M. Jasa Profesional, Ilmiah, dan Teknis","SBR"],
    ["87329","PILINDO MEGAH SELATAN","JL H MISBAH KOMP MULTATULI INDAH LESTARI E","prelist","MEDAN MAIMUN","HAMDAN","LINGKUNGAN 7","","","H. Transportasi dan Pergudangan","SBR"],
    ["87350","ANUGRAH DIRGANTARA PERKASA","JL MANGKUBUMI","prelist","MEDAN MAIMUN","A U R","LINGKUNGAN 9","","","F. Konstruksi","SBR"],
    ["87355","WAHANAARTHA RITELINDO","JL B. KATAMSO","prelist","MEDAN MAIMUN","SEI MATI","LINGKUNGAN 5","","","G. Perdagangan Besar dan Eceran, Reparasi Mobil dan Sepeda Motor","SBR"],
    ["87395","LEMBAGA EDUKASI KEWIRAUSAHAAN INDONESIA SUMATERA UTARA (LEKISU)","BRIGJEN KATAMSO GG M ISA","prelist","MEDAN MAIMUN","A U R","LINGKUNGAN 4","","","S. Aktivitas Jasa Lainnya","SBR"],
    ["87406","JETINDO NAGASAKTI TRANSEKSPRESS","JL BRIGJEND KATAMSO","prelist","MEDAN MAIMUN","SEI MATI","LINGKUNGAN 6","","","H. Transportasi dan Pergudangan","SBR"],
    ["87512","DUTAVARIA PERTIWI","JL B KATAMSO","prelist","MEDAN MAIMUN","A U R","LINGKUNGAN 8","","","A. Pertanian, Kehutanan, dan Perikanan","SBR"],
    ["87556","OLE CREATIVES","JL BRIGJEND KATAMSO KOMPLEK ISTANA PRIMA LK IX","prelist","MEDAN MAIMUN","SEI MATI","LINGKUNGAN 9","","","C. Industri Pengolahan","SBR"],
    ["87558","DELI KENCANA","JL MANGKUBUMI","prelist","MEDAN MAIMUN","A U R","LINGKUNGAN 9","","","F. Konstruksi","SBR"],
    ["87581","PRIMA AUTO TRANS","JL BRIGJEN KATAMSO DALAM","prelist","MEDAN MAIMUN","A U R","LINGKUNGAN 2","","","H. Transportasi dan Pergudangan","SBR"],
    ["87593","DARMA NINO MULTIGUNA","JL IR JUANDA","prelist","MEDAN MAIMUN","SUKARAJA","LINGKUNGAN 5","","","F. Konstruksi","SBR"],
    ["87672","CHUBB LIFE INSURANCE INDONESIA","JL IR H JUANDA BARU","prelist","MEDAN MAIMUN","SUKARAJA","LINGKUNGAN 5","","","K. Aktivitas Keuangan Dan Asuransi","SBR"],
    ["87708","ASURANSI RAMA SATRIA WIBAWA","JL KOL SUGIONO","prelist","MEDAN MAIMUN","A U R","LINGKUNGAN 5","","","K. Aktivitas Keuangan Dan Asuransi","SBR"],
    ["87711","MITRATEK BANGUN PERSADA","JL. BRIGJEND KATAMSO LK. VIII","prelist","MEDAN MAIMUN","A U R","LINGKUNGAN 3","","","G. Perdagangan Besar dan Eceran, Reparasi Mobil dan Sepeda Motor","SBR"],
    ["87743","FONDACO DWITAMA MANDIRI","JL MULTATULI KOMPLEK MULTATULI INDAH B","prelist","MEDAN MAIMUN","HAMDAN","LINGKUNGAN 7","","","G. Perdagangan Besar dan Eceran, Reparasi Mobil dan Sepeda Motor","SBR"],
    ["87758","VIRLANA UTAMA","JL.BRIGJEN KATAMSO NO.408-C, KAMPUNG BARU","prelist","MEDAN MAIMUN","SEI MATI","LINGKUNGAN 7","","","F. Konstruksi","SBR"],
    ["87766","IVO PERKASA","JL. MAHKAMAH NO. 54 C, MESJID","prelist","MEDAN MAIMUN","A U R","LINGKUNGAN 8","","","G. Perdagangan Besar dan Eceran, Reparasi Mobil dan Sepeda Motor","SBR"],
    ["87818","PERUSAHAAN BERSAMA PERKEBUNAN DAN PERTANIAN TJIPTA MAKMUR","JL SAMANHUDI","prelist","MEDAN MAIMUN","HAMDAN","LINGKUNGAN 5","","","A. Pertanian, Kehutanan, dan Perikanan","SBR"],
    ["87845","INTI PALM SUMATRA","KOMPLEK CENTRIUM JL BRIGADIR JENDERAL KATAMSO","prelist","MEDAN MAIMUN","A U R","LINGKUNGAN 3","","","A. Pertanian, Kehutanan, dan Perikanan","SBR"],
    ["87846","NUSA RAYA INDAH","JL.SUKA MULIA NO.12 RT.00 RW.00, AUR","prelist","MEDAN MAIMUN","A U R","LINGKUNGAN 6","","","C. Industri Pengolahan","SBR"],
    ["87851","GEMILANG KREASI UTAMA","JL B KATAMSO NO.712, KAMPUNG BARU","prelist","MEDAN MAIMUN","KAMPUNG BARU","LINGKUNGAN 1","","","F. Konstruksi","SBR"],
    ["87879","PERKUMPULAN WARGA GUANG ZHAO MEDAN","JL. BRIGJEND KATAMSO KOMP. CENTRIUM","prelist","MEDAN MAIMUN","A U R","LINGKUNGAN 3","","","Q. Jasa Kesehatan dan Kegiatan Sosial","SBR"],
    ["87933","BINTANG MAGA","JL B KATAMSO NO. 408C, SEI MATI","prelist","MEDAN MAIMUN","SEI MATI","LINGKUNGAN 7","","","G. Perdagangan Besar dan Eceran, Reparasi Mobil dan Sepeda Motor","SBR"],
    ["87947","CORPUS PRIMA MANDIRI","KOMPLEK RUKO ROYAL RESIDENCE JL PALANG MERAH","prelist","MEDAN MAIMUN","A U R","LINGKUNGAN 5","","","M. Jasa Profesional, Ilmiah, dan Teknis","SBR"],
    ["87971","METRO SERVICE","JL PEMUDA BARU I","prelist","MEDAN MAIMUN","A U R","LINGKUNGAN 7","","","G. Perdagangan Besar dan Eceran, Reparasi Mobil dan Sepeda Motor","SBR"],
    ["87982","PULAHAN SERUWAI","KOMPLEK MULTATULI INDAH","prelist","MEDAN MAIMUN","HAMDAN","LINGKUNGAN 1","","","A. Pertanian, Kehutanan, dan Perikanan","SBR"],
    ["88005","HANDA TERMINAL","JL KOL SUGIONO, KAMPUNG BARU","prelist","MEDAN MAIMUN","A U R","LINGKUNGAN 5","","","N. Jasa Persewaan, Ketenagakerjaan, Agen Perjalanan, dan Jasa Pendukung","SBR"],
    ["88008","LIANA JAYA","JL.BRIGJEND KATAMSO NO.360 , SEI MATI","prelist","MEDAN MAIMUN","SEI MATI","LINGKUNGAN 8","","","F. Konstruksi","SBR"],
    ["88108","ALIFA AGRICULTURAL RESEARCH CENTRE","JL B KATAMSO","prelist","MEDAN MAIMUN","KAMPUNG BARU","LINGKUNGAN 17","","","M. Jasa Profesional, Ilmiah, dan Teknis","SBR"],
    ["88130","BERKAT LESTARI EKA SURYA","JL H MISBAH","prelist","MEDAN MAIMUN","HAMDAN","LINGKUNGAN 6","","","G. Perdagangan Besar dan Eceran, Reparasi Mobil dan Sepeda Motor","SBR"],
    ["88183","PACTO","JL BRIGJEN KATAMSO","prelist","MEDAN MAIMUN","A U R","LINGKUNGAN 2","","","N. Jasa Persewaan, Ketenagakerjaan, Agen Perjalanan, dan Jasa Pendukung","SBR"],
    ["88286","PRANANDA SURYA PALOH","JL KYAI HAJI AHMAD DAHLAN","prelist","MEDAN MAIMUN","A U R","LINGKUNGAN 5","","","Q. Jasa Kesehatan dan Kegiatan Sosial","SBR"],
    ["88297","HASJRAT TJIPTA PERUSAHAAN DAGANG SWASTA","JL SAMANHUDI","prelist","MEDAN MAIMUN","HAMDAN","LINGKUNGAN 5","","","A. Pertanian, Kehutanan, dan Perikanan","SBR"],
    ["88410","MALINDO PLANTATION MANAGEMENT SERVICES","JL PALANG MERAH","prelist","MEDAN MAIMUN","A U R","LINGKUNGAN 6","","","M. Jasa Profesional, Ilmiah, dan Teknis","SBR"],
    ["88484","FLYFIREFLY SDN BHD","JL. BRIDGJEN KATAMSO NO. 62D MEDAN RT.000 RW.000, SEI MATI","prelist","MEDAN MAIMUN","KAMPUNG BARU","LINGKUNGAN 17","","","H. Transportasi dan Pergudangan","SBR"],
    ["88486","HOME CENTER INDONESIA","JL IR H JUANDA EKS ISTANA PLAZA LT 2 & 3","prelist","MEDAN MAIMUN","SUKARAJA","LINGKUNGAN 6","","","G. Perdagangan Besar dan Eceran, Reparasi Mobil dan Sepeda Motor","SBR"],
    ["88544","FARMAKOR DERMATO SAINS","KOMPLEKS MULTATULI INDAH","prelist","MEDAN MAIMUN","HAMDAN","LINGKUNGAN 1","","","G. Perdagangan Besar dan Eceran, Reparasi Mobil dan Sepeda Motor","SBR"],
    ["88564","RA TARBIYAH ISLAMIYAH AL-MUSHTHAFAWIYAH","JL. TAUD","prelist","MEDAN MAIMUN","KAMPUNG BARU","LINGKUNGAN 15","","","P. Pendidikan","SBR"],
    ["88579","NANO-NANO REFLEKSI KELUARGA","KOMPLEK MULTATULI INDAH","prelist","MEDAN MAIMUN","HAMDAN","LINGKUNGAN 1","","","Q. Jasa Kesehatan dan Kegiatan Sosial","SBR"],
    ["88644","MUFARIZ IKHSANI SAUDARA","JL.BRIGJEND KATAMSO GG.BIDAN NO.80 RT.0 RW.0, SEI MATI","prelist","MEDAN MAIMUN","SEI MATI","LINGKUNGAN 8","","","G. Perdagangan Besar dan Eceran, Reparasi Mobil dan Sepeda Motor","SBR"],
    ["88663","JASA MULIA","JL.KARIM M.S NO.11-A, SEI SIKAMBING C II","prelist","MEDAN MAIMUN","J A T I","LINGKUNGAN 1","","","G. Perdagangan Besar dan Eceran, Reparasi Mobil dan Sepeda Motor","SBR"],
    ["88667","FIRST INTERNATIONAL GLOVES","JL PEMUDA","prelist","MEDAN MAIMUN","A U R","LINGKUNGAN 5","","","C. Industri Pengolahan","SBR"],
    ["88672","SIMANGALAM SAWIT SUBUR JAYA","JL B KATAMSO","prelist","MEDAN MAIMUN","KAMPUNG BARU","LINGKUNGAN 7","","","A. Pertanian, Kehutanan, dan Perikanan","SBR"],
    ["88682","AGRILESTARI HIJAU INDONESIA","JL B KATAMSO","prelist","MEDAN MAIMUN","A U R","LINGKUNGAN 2","","","A. Pertanian, Kehutanan, dan Perikanan","SBR"],
    ["88688","MUTIARA BINTANG","JL. B. KATAMSO","prelist","MEDAN MAIMUN","SEI MATI","LINGKUNGAN 7","","","G. Perdagangan Besar dan Eceran, Reparasi Mobil dan Sepeda Motor","SBR"],
    ["88920","BOLON JAYA","JL LINGK.XVII","prelist","MEDAN MAIMUN","SEI MATI","LINGKUNGAN 9","","","G. Perdagangan Besar dan Eceran, Reparasi Mobil dan Sepeda Motor","SBR"],
    ["88956","CIPTA KERJA ARUNIKA NUSANTARA","JALAN MULTATULI INDAH CC-12","prelist","MEDAN MAIMUN","HAMDAN","LINGKUNGAN 1","","","J. Informasi dan Komunikasi","SBR"],
    ["88959","MULTI SARANA PRATAMA","JL BRIGJEN KATAMSO DALAM","prelist","MEDAN MAIMUN","A U R","LINGKUNGAN 1","","","G. Perdagangan Besar dan Eceran, Reparasi Mobil dan Sepeda Motor","SBR"],
    ["89016","PERUSAHAAN DAGANG PAJA PINANG","JL SAMANHUDI","prelist","MEDAN MAIMUN","HAMDAN","LINGKUNGAN 5","","","A. Pertanian, Kehutanan, dan Perikanan","SBR"],
    ["89020","MKAMUR PANGAN RAYA","JL MULTATULI","prelist","MEDAN MAIMUN","HAMDAN","LINGKUNGAN 6","","","M. Jasa Profesional, Ilmiah, dan Teknis","SBR"],
    ["89107","ELTEHA INTERNATIONAL","JL MAYJEND.SUTOYO SISWOMIHARJO","prelist","MEDAN MAIMUN","A U R","LINGKUNGAN 1","","","N. Jasa Persewaan, Ketenagakerjaan, Agen Perjalanan, dan Jasa Pendukung","SBR"],
    ["89114","SABITA","JL. IR H JUANDA BARU","prelist","MEDAN MAIMUN","SUKARAJA","LINGKUNGAN 5","","","G. Perdagangan Besar dan Eceran, Reparasi Mobil dan Sepeda Motor","SBR"],
    ["89209","PENDIDIKAN HARAPAN MEDAN","JL IMAM BONJOL","prelist","MEDAN MAIMUN","J A T I","LINGKUNGAN 1","","","P. Pendidikan","SBR"],
    ["89230","PRATAMA MAKMUR MEDICA","B KATAMSO GG INTAN NO 8, KAMPUNG BARU","prelist","MEDAN MAIMUN","KAMPUNG BARU","LINGKUNGAN 11","","","G. Perdagangan Besar dan Eceran, Reparasi Mobil dan Sepeda Motor","SBR"],
    ["89264","MULTI AGUNG DENTALINDO","JL MANGKUBUMI","prelist","MEDAN MAIMUN","A U R","LINGKUNGAN 9","","","G. Perdagangan Besar dan Eceran, Reparasi Mobil dan Sepeda Motor","SBR"],
    ["89275","SUARA MEDIA PERDANA","JL.H.MISBAH NO.14 MEDAN","prelist","MEDAN MAIMUN","HAMDAN","LINGKUNGAN 7","","","J. Informasi dan Komunikasi","SBR"],
    ["89422","CV NAOSA BERSAUDARA","JL. TAPIAN NAULI","prelist","MEDAN MAIMUN","KAMPUNG BARU","LINGKUNGAN 17","","","G. Perdagangan Besar dan Eceran, Reparasi Mobil dan Sepeda Motor","SBR"],
    ["89446","HARJADI CEMERLANGPRIMA","JL.MANGKUBUMI NO.14-B, AUR","prelist","MEDAN MAIMUN","A U R","LINGKUNGAN 5","","","G. Perdagangan Besar dan Eceran, Reparasi Mobil dan Sepeda Motor","SBR"],
    ["89542","CIPTA GRUP INDONESIA","JL. BRIGJEND KATAMSO NO. 82 I/190","prelist","MEDAN MAIMUN","SUKARAJA","LINGKUNGAN 5","","","G. Perdagangan Besar dan Eceran, Reparasi Mobil dan Sepeda Motor","SBR"],
    ["89561","KALPIKA ABADI FISHERY","JL.BRIGJEND.KATAMSO NO.238-B, KAMPUNG BARU","prelist","MEDAN MAIMUN","KAMPUNG BARU","LINGKUNGAN 17","","","F. Konstruksi","SBR"],
    ["89594","TEKUN ROYAL ABADI","JL KOLONEL SUGIONO 12 D","prelist","MEDAN MAIMUN","A U R","LINGKUNGAN 9","","","N. Jasa Persewaan, Ketenagakerjaan, Agen Perjalanan, dan Jasa Pendukung","SBR"],
    ["89599","BENAH JARING PRATAMA","JL BRIGJEN KATAMSO","prelist","MEDAN MAIMUN","KAMPUNG BARU","LINGKUNGAN 15","","","S. Aktivitas Jasa Lainnya","SBR"],
    ["89600","SOSIAL MARGA RAJA","JL KOL SUGIONO / WAZIR","prelist","MEDAN MAIMUN","A U R","LINGKUNGAN 5","","","S. Aktivitas Jasa Lainnya","SBR"],
    ["89614","MITRA NUSANTARA","JL MULTATULI NO. 2, HAMDAN","prelist","MEDAN MAIMUN","HAMDAN","LINGKUNGAN 10","","","G. Perdagangan Besar dan Eceran, Reparasi Mobil dan Sepeda Motor","SBR"],
    ["89770","ENRICH INDONESIA","JALAN BRIGJEND KATAMSO","prelist","MEDAN MAIMUN","A U R","LINGKUNGAN 2","","","G. Perdagangan Besar dan Eceran, Reparasi Mobil dan Sepeda Motor","SBR"],
    ["89777","PERDANA GLOBAL","JALAN MAYJEND SUTOYO S","prelist","MEDAN MAIMUN","KAMPUNG BARU","LINGKUNGAN 17","","","C. Industri Pengolahan","SBR"],
    ["89817","GLORIOUS GOD ALMIGHTY","JL.IR.H.JUANDA BARU NO.37 RT.000 RW.000, PASAR MERAH BARAT","prelist","MEDAN MAIMUN","SUKARAJA","LINGKUNGAN 5","","","G. Perdagangan Besar dan Eceran, Reparasi Mobil dan Sepeda Motor","SBR"],
    ["89921","HAKKA SUMATERA UTARA INDONESIA","JL H MISBAH KOMP MULTATULI INDAH","prelist","MEDAN MAIMUN","HAMDAN","LINGKUNGAN 8","","","Q. Jasa Kesehatan dan Kegiatan Sosial","SBR"],
    ["89960","PUTRA STABAT INDUSTRI","JL KOL. SUGIONO","prelist","MEDAN MAIMUN","A U R","LINGKUNGAN 9","","","C. Industri Pengolahan","SBR"],
    ["89962","AMERIKA ANTI CANCER INSTITUSI INDONESIA","KOMPLEK MULTATULI BLOK FF LINGKUNGAN I","prelist","MEDAN MAIMUN","HAMDAN","LINGKUNGAN 7","","","Q. Jasa Kesehatan dan Kegiatan Sosial","SBR"],
    ["89963","TATA MITRA ENERGI","JL BAHAGIA","prelist","MEDAN MAIMUN","SUKARAJA","LINGKUNGAN 8","","","D. Pengadaan Listrik, Gas, Uap/Air Panas, dan Udara Dingin","SBR"],
    ["89974","WAJIR SEAFOOD MAKMUR","JALAN KOLONEL SUGIONO NOMOR 3 I","prelist","MEDAN MAIMUN","A U R","LINGKUNGAN 5","","","C. Industri Pengolahan","SBR"],
    ["89978","APM KAPITAL INTERNASIONAL","JALAN BRIGJEN KATAMSO NOMOR 138/256AA","prelist","MEDAN MAIMUN","KAMPUNG BARU","LINGKUNGAN 17","","","K. Aktivitas Keuangan Dan Asuransi","SBR"],
    ["89990","SUMBER DELI","JL SAMANHUDI","prelist","MEDAN MAIMUN","HAMDAN","LINGKUNGAN 5","","","A. Pertanian, Kehutanan, dan Perikanan","SBR"],
    ["90031","INTERNUSA SARANA NIAGA CERIA","KOMPLEKS MULTATULI INDAH","prelist","MEDAN MAIMUN","HAMDAN","LINGKUNGAN 1","","","H. Transportasi dan Pergudangan","SBR"],
    ["90047","KENCANA METAL MANDIRI","JL BRIGJEND KATAMSO","prelist","MEDAN MAIMUN","KAMPUNG BARU","LINGKUNGAN 11","","","G. Perdagangan Besar dan Eceran, Reparasi Mobil dan Sepeda Motor","SBR"],
    ["90216","PALMA","JL B KATAMSO","prelist","MEDAN MAIMUN","A U R","LINGKUNGAN 2","","","H. Transportasi dan Pergudangan","SBR"],
    ["90259","INHOUSE GRAFIKA","JL MULTATULI INDAH BLOK AA","prelist","MEDAN MAIMUN","HAMDAN","LINGKUNGAN 1","","","C. Industri Pengolahan","SBR"],
    ["90321","LEMBAGA PENDIDIKAN ANAK USIA DINI CITRA SEJATI","JL. SAMANHUDI","prelist","MEDAN MAIMUN","J A T I","LINGKUNGAN 3","","","P. Pendidikan","SBR"],
    ["90393","WIRA KUSUMA","JL. PACAR","prelist","MEDAN MAIMUN","HAMDAN","LINGKUNGAN 8","","","G. Perdagangan Besar dan Eceran, Reparasi Mobil dan Sepeda Motor","SBR"],
    ["90403","ALAM GEMILANG SEJAHTERA","KOMP MULTATULI INDAH","prelist","MEDAN MAIMUN","HAMDAN","LINGKUNGAN 1","","","N. Jasa Persewaan, Ketenagakerjaan, Agen Perjalanan, dan Jasa Pendukung","SBR"],
    ["90418","AREDOS INDONESIA","JL. LETJEND. SUPRAPTO","prelist","MEDAN MAIMUN","A U R","LINGKUNGAN 4","","","G. Perdagangan Besar dan Eceran, Reparasi Mobil dan Sepeda Motor","SBR"],
    ["90457","SAINA","JL B KATAMSO GG PERBATASAN","prelist","MEDAN MAIMUN","KAMPUNG BARU","LINGKUNGAN 11","","","G. Perdagangan Besar dan Eceran, Reparasi Mobil dan Sepeda Motor","SBR"],
    ["90472","GUNUNG MELATI","JL.B.KATAMSO NO.200-A RT. 00 RW. 00","prelist","MEDAN MAIMUN","KAMPUNG BARU","LINGKUNGAN 11","","","G. Perdagangan Besar dan Eceran, Reparasi Mobil dan Sepeda Motor","SBR"],
    ["90493","MAKMUR INTI PRIMA","JL H MISBAH KOMPLEK MULTATULI INDAH","prelist","MEDAN MAIMUN","HAMDAN","LINGKUNGAN 7","","","G. Perdagangan Besar dan Eceran, Reparasi Mobil dan Sepeda Motor","SBR"],
    ["90581","KARYA JAYA PERSADA","JL.BRIGJEN KATAMSO KOMP.FAMILY BLOK A NO.18, TITI KUNING","prelist","MEDAN MAIMUN","KAMPUNG BARU","LINGKUNGAN 17","","","G. Perdagangan Besar dan Eceran, Reparasi Mobil dan Sepeda Motor","SBR"],
    ["90623","CHINDY AURIN GRUP","JL. PACAR NO. 15, HAMDAN","prelist","MEDAN MAIMUN","HAMDAN","LINGKUNGAN 8","","","G. Perdagangan Besar dan Eceran, Reparasi Mobil dan Sepeda Motor","SBR"],
    ["90678","SEJAHTERA AKSES SOLUSINDO","JALAN B. KATAMSO NOMOR: 545-A","prelist","MEDAN MAIMUN","KAMPUNG BARU","LINGKUNGAN 19","","","G. Perdagangan Besar dan Eceran, Reparasi Mobil dan Sepeda Motor","SBR"],
    ["90775","DHARMA HUSADA PRATAMA","JL BRIGJEND KATAMSO","prelist","MEDAN MAIMUN","SEI MATI","LINGKUNGAN 10","","","Q. Jasa Kesehatan dan Kegiatan Sosial","SBR"],
    ["90791","GARUDA PRIMA INDONESIA","JL. LETJEND SUPRAPTO","prelist","MEDAN MAIMUN","HAMDAN","LINGKUNGAN 6","","","F. Konstruksi","SBR"],
    ["90798","BERKAH REZEKY BERSAMA","JL. BRIGJEND. KATAMSO","prelist","MEDAN MAIMUN","SEI MATI","LINGKUNGAN 7","","","G. Perdagangan Besar dan Eceran, Reparasi Mobil dan Sepeda Motor","SBR"],
    ["90829","DEWANTARA KARYA CIPTA","JL SISINGAMANGARAJA","prelist","MEDAN MAIMUN","A U R","LINGKUNGAN 4","","","G. Perdagangan Besar dan Eceran, Reparasi Mobil dan Sepeda Motor","SBR"],
    ["90865","PRIMER KOPERASI ANGKASALANUD MEDAN","JL.K.H.M.DAHLAN NO. 12 , JATI","prelist","MEDAN MAIMUN","J A T I","LINGKUNGAN 1","","","S. Aktivitas Jasa Lainnya","SBR"],
    ["90932","PENATA KARYA UTAMA","JL BRIGJEND KATAMSO","prelist","MEDAN MAIMUN","A U R","LINGKUNGAN 2","","","G. Perdagangan Besar dan Eceran, Reparasi Mobil dan Sepeda Motor","SBR"],
    ["90965","DWI GANDA UTAMA ABADI","JL MANGKUBUMI","prelist","MEDAN MAIMUN","A U R","LINGKUNGAN 9","","","C. Industri Pengolahan","SBR"],
    ["90978","SURYA MAS ASRI","KOMPLEK MULTATULI INDAH JL MULTATULI","prelist","MEDAN MAIMUN","HAMDAN","LINGKUNGAN 1","","","F. Konstruksi","SBR"],
    ["91053","METRO BERKAH SEJAHTERA","JL BRIGJEN KATAMSO GG MELATI","prelist","MEDAN MAIMUN","KAMPUNG BARU","LINGKUNGAN 12","","","M. Jasa Profesional, Ilmiah, dan Teknis","SBR"],
    ["91158","EMERALD WORLD ISTIQOMAH","JL BRIGJEN KATAMSO KOMPLEK PRIMA MINIMALIS LK II","prelist","MEDAN MAIMUN","SEI MATI","LINGKUNGAN 2","","","N. Jasa Persewaan, Ketenagakerjaan, Agen Perjalanan, dan Jasa Pendukung","SBR"],
    ["91159","SKY TOUR & TRAVEL","JL B KATAMSO BLOK IV","prelist","MEDAN MAIMUN","SUKARAJA","LINGKUNGAN 5","","","N. Jasa Persewaan, Ketenagakerjaan, Agen Perjalanan, dan Jasa Pendukung","SBR"],
    ["91163","GETRABBIT INTERKONEKSI INDONESIA","KOMP MULTATULI INDAH","prelist","MEDAN MAIMUN","A U R","LINGKUNGAN 10","","","H. Transportasi dan Pergudangan","SBR"],
    ["91339","ERNI DANNA MAKMUR","JL BRIGJEN KATAMSO","prelist","MEDAN MAIMUN","A U R","LINGKUNGAN 2","","","K. Aktivitas Keuangan Dan Asuransi","SBR"],
    ["91373","RADA KREASI INDOJAYA","JL H MISBAH KOMPLEK MULTATULI INDAH","prelist","MEDAN MAIMUN","HAMDAN","LINGKUNGAN 7","","","G. Perdagangan Besar dan Eceran, Reparasi Mobil dan Sepeda Motor","SBR"],
    ["91509","KARYA MADA PERKASA","JL KOLONEL SUGIONO","prelist","MEDAN MAIMUN","A U R","LINGKUNGAN 5","","","G. Perdagangan Besar dan Eceran, Reparasi Mobil dan Sepeda Motor","SBR"],
    ["91553","MEGA STAR MALINDO","JL BRIGJEN KATAMSO","prelist","MEDAN MAIMUN","KAMPUNG BARU","LINGKUNGAN 15","","","G. Perdagangan Besar dan Eceran, Reparasi Mobil dan Sepeda Motor","SBR"],
    ["91564","SINAR BERSAMA","JL.LETJEND SUPRAPTO NO.2-E","prelist","MEDAN MAIMUN","A U R","LINGKUNGAN 5","","","G. Perdagangan Besar dan Eceran, Reparasi Mobil dan Sepeda Motor","SBR"],
    ["91645","BERKAT TIMUR JAYA","JL.B.KATAMSO NO.86, KAMPUNG BARU","prelist","MEDAN MAIMUN","A U R","LINGKUNGAN 1","","","C. Industri Pengolahan","SBR"],
    ["91647","INTEC","JL KOLONEL SUGIONO","prelist","MEDAN MAIMUN","A U R","LINGKUNGAN 5","","","C. Industri Pengolahan","SBR"],
    ["91701","WIJAYA BANGUN SEMESTA","JL LETJEND SUPRAPTO","prelist","MEDAN MAIMUN","HAMDAN","LINGKUNGAN 6","","","G. Perdagangan Besar dan Eceran, Reparasi Mobil dan Sepeda Motor","SBR"],
    ["91792","BENTARA PRATAMA INDONESIA","JL PEMUDA BARU I","prelist","MEDAN MAIMUN","A U R","LINGKUNGAN 7","","","G. Perdagangan Besar dan Eceran, Reparasi Mobil dan Sepeda Motor","SBR"],
    ["91803","PURNA BHAKTI BANK TABUNGAN NEGARA MEDAN","JL.PEMUDA NO.10-A, AUR","prelist","MEDAN MAIMUN","A U R","LINGKUNGAN 5","","","G. Perdagangan Besar dan Eceran, Reparasi Mobil dan Sepeda Motor","SBR"],
    ["91894","ANUGRAH MARITIM LESTARI","JL PEMUDA BARU I","prelist","MEDAN MAIMUN","A U R","LINGKUNGAN 7","","","G. Perdagangan Besar dan Eceran, Reparasi Mobil dan Sepeda Motor","SBR"],
    ["91957","KELOMPOK KERJA GURU WILAYAH 3 KEC. MEDAN MAIMUN","JL BRIGJEN KATAMSO GG PERBATASAN","prelist","MEDAN MAIMUN","KAMPUNG BARU","LINGKUNGAN 17","","","P. Pendidikan","SBR"],
    ["91978","KISANAKMAS","JL TAPIANNAULI NO.132, TELADAN BARAT","prelist","MEDAN MAIMUN","KAMPUNG BARU","LINGKUNGAN 19","","","G. Perdagangan Besar dan Eceran, Reparasi Mobil dan Sepeda Motor","SBR"],
    ["91982","MUSTAFA PERKASA","JL BRIGJEND KATAMSO GG KENANGA","prelist","MEDAN MAIMUN","SEI MATI","LINGKUNGAN 9","","","G. Perdagangan Besar dan Eceran, Reparasi Mobil dan Sepeda Motor","SBR"],
    ["92003","MITRA HERITAGE BERJAYA","KOMP MULTATULI INDAH BLOK BB","prelist","MEDAN MAIMUN","A U R","LINGKUNGAN 10","","","S. Aktivitas Jasa Lainnya","SBR"],
    ["92083","LEMBAGA PENDIDIKAN USIA DINI DIHAN AL FARISI","BAHAGIA","prelist","MEDAN MAIMUN","SUKARAJA","LINGKUNGAN 6","","","P. Pendidikan","SBR"],
    ["92118","MAKANAN MINUMAN SEGAR","JL INSINYUR JUANDA","prelist","MEDAN MAIMUN","J A T I","LINGKUNGAN 1","","","I. Penyediaan Akomodasi dan Makan Minum","SBR"],
    ["92120","GLOBAL MULIA NUSANTARA","JL. LETJEND. SUPRAPTO","prelist","MEDAN MAIMUN","HAMDAN","LINGKUNGAN 7","","","I. Penyediaan Akomodasi dan Makan Minum","SBR"],
    ["92136","BARISTA JAYA ABADI","KOMPLEK MULTATULI INDAH JL H MISBAH","prelist","MEDAN MAIMUN","HAMDAN","LINGKUNGAN 1","","","I. Penyediaan Akomodasi dan Makan Minum","SBR"],
    ["92229","HEINT LOGISTIK","JL H MISBAH KOMPLEK MULTATULI INDAH","prelist","MEDAN MAIMUN","HAMDAN","LINGKUNGAN 7","","","H. Transportasi dan Pergudangan","SBR"],
    ["92239","UNIVERSAL PRIMA SUKSES","JL BRIGJEN KATAMSO KOMPLEK CENTRIUM","prelist","MEDAN MAIMUN","A U R","LINGKUNGAN 3","","","G. Perdagangan Besar dan Eceran, Reparasi Mobil dan Sepeda Motor","SBR"],
    ["92375","REZEKI NAGA KEMBAR","JLN.MELATI NOMOR 02","prelist","MEDAN MAIMUN","HAMDAN","LINGKUNGAN 7","","","M. Jasa Profesional, Ilmiah, dan Teknis","SBR"],
    ["92387","KSO PUTERA SANOBAR JAYA","JL. BRIGJEND KATAMSO","prelist","MEDAN MAIMUN","KAMPUNG BARU","LINGKUNGAN 20","","","G. Perdagangan Besar dan Eceran, Reparasi Mobil dan Sepeda Motor","SBR"],
    ["92423","MEDIA ADHITAMA","JL B KATAMSO GG KESATRIA NO. 3A, SEI MATI","prelist","MEDAN MAIMUN","SEI MATI","LINGKUNGAN 3","","","G. Perdagangan Besar dan Eceran, Reparasi Mobil dan Sepeda Motor","SBR"],
    ["92432","BERSAMA ZATTA JAYA","JL IR H JUANDA BARU","prelist","MEDAN MAIMUN","SUKARAJA","LINGKUNGAN 5","","","G. Perdagangan Besar dan Eceran, Reparasi Mobil dan Sepeda Motor","SBR"],
    ["92453","OPTIMAL MANDIRI","JL.B.KATAMSO PERUM PRIMA MINIMALIS NO.327 X LK.II","prelist","MEDAN MAIMUN","SEI MATI","LINGKUNGAN 2","","","G. Perdagangan Besar dan Eceran, Reparasi Mobil dan Sepeda Motor","SBR"],
    ["92512","KARYA PERSADA SEJAHTERA","ASRAMA TNI-AD GLUGUR HONG RT.000 RW.000, GANG BUNTU","prelist","MEDAN MAIMUN","HAMDAN","LINGKUNGAN 10","","","G. Perdagangan Besar dan Eceran, Reparasi Mobil dan Sepeda Motor","SBR"],
    ["92529","STAREAST SEJAHTERA GROUP","JALAN MULTATULI","prelist","MEDAN MAIMUN","HAMDAN","LINGKUNGAN 6","","","G. Perdagangan Besar dan Eceran, Reparasi Mobil dan Sepeda Motor","SBR"],
    ["92606","SHAHEEN GLOBAL PRODUCTION","JL PALANG MERAH","prelist","MEDAN MAIMUN","A U R","LINGKUNGAN 6","","","G. Perdagangan Besar dan Eceran, Reparasi Mobil dan Sepeda Motor","SBR"],
    ["92636","UCC LINTONG MANDHELINGCOFFEE ESTATE","JL.PEMUDA NO.40/22, AUR","prelist","MEDAN MAIMUN","A U R","LINGKUNGAN 5","","","G. Perdagangan Besar dan Eceran, Reparasi Mobil dan Sepeda Motor","SBR"],
    ["92687","SWADAYA MASYARAKAT VETERINER BAGI KONSERVASI SATWA LIAR SUMA","JL B KATAMSO NO 712 A, KAMPUNG BARU","prelist","MEDAN MAIMUN","KAMPUNG BARU","LINGKUNGAN 1","","","R. Kesenian, Hiburan, dan Rekreasi","SBR"],
    ["92832","KSO PCI - DARYA","JL BRIGADIR JENDERAL KATAMSO KOMPLEKS CENTRIUM BUSINESS CENTER","prelist","MEDAN MAIMUN","A U R","LINGKUNGAN 3","","","G. Perdagangan Besar dan Eceran, Reparasi Mobil dan Sepeda Motor","SBR"],
    ["92877","ENAM STREETWEAR","JL INSINYUR JUANDA","prelist","MEDAN MAIMUN","J A T I","LINGKUNGAN 1","","","G. Perdagangan Besar dan Eceran, Reparasi Mobil dan Sepeda Motor","SBR"],
    ["92957","CIPTA RASA INDO BOGA","JL B KATAMSO KOMPLEK CENTRIUM LK III","prelist","MEDAN MAIMUN","A U R","LINGKUNGAN 3","","","I. Penyediaan Akomodasi dan Makan Minum","SBR"],
    ["92976","SARANA SAWIT LESTARI","JL PEMUDA BARU III","prelist","MEDAN MAIMUN","A U R","LINGKUNGAN 7","","","C. Industri Pengolahan","SBR"],
    ["93062","BINTANG JAYA SUKSES","JL. PEMUDA","prelist","MEDAN MAIMUN","A U R","LINGKUNGAN 5","","","G. Perdagangan Besar dan Eceran, Reparasi Mobil dan Sepeda Motor","SBR"],
    ["93127","ARTHA LESTARI INDOTAMA","JL B KATAMSO GG SEMPURNA LK VII","prelist","MEDAN MAIMUN","SEI MATI","LINGKUNGAN 7","","","G. Perdagangan Besar dan Eceran, Reparasi Mobil dan Sepeda Motor","SBR"],
    ["93157","WIKA INDAH NUSANTARA","JL MANGKUBUMI LOS 5","prelist","MEDAN MAIMUN","A U R","LINGKUNGAN 9","","","G. Perdagangan Besar dan Eceran, Reparasi Mobil dan Sepeda Motor","SBR"],
    ["93191","KARYAGUNA SAWITA MANDIRI","JL BRIGJEND KATAMSO","prelist","MEDAN MAIMUN","SEI MATI","LINGKUNGAN 5","","","G. Perdagangan Besar dan Eceran, Reparasi Mobil dan Sepeda Motor","SBR"],
    ["93283","SEMANGAT BERSAMA ABADI","JL KANTIL","prelist","MEDAN MAIMUN","HAMDAN","LINGKUNGAN 7","","","C. Industri Pengolahan","SBR"],
    ["93291","JAGAT WINDU","KOMP. MULTATULI BLOK A","prelist","MEDAN MAIMUN","A U R","LINGKUNGAN 10","","","G. Perdagangan Besar dan Eceran, Reparasi Mobil dan Sepeda Motor","SBR"],
    ["93297","LUXINDO RAYA","JL SISINGAMANGARAJA","prelist","MEDAN MAIMUN","KAMPUNG BARU","LINGKUNGAN 20","","","G. Perdagangan Besar dan Eceran, Reparasi Mobil dan Sepeda Motor","SBR"],
    ["93338","BAHAGIA LESTARI","JL IR H JUANDA","prelist","MEDAN MAIMUN","SUKARAJA","LINGKUNGAN 5","","","G. Perdagangan Besar dan Eceran, Reparasi Mobil dan Sepeda Motor","SBR"],
    ["93410","INDO UNICOM PRIMA","JL MANGKUBUMI","prelist","MEDAN MAIMUN","A U R","LINGKUNGAN 9","","","G. Perdagangan Besar dan Eceran, Reparasi Mobil dan Sepeda Motor","SBR"],
    ["93533","SINAR INTIBERKAH SENTOSA","KOMP MULTATULI INDAH LK X","prelist","MEDAN MAIMUN","A U R","LINGKUNGAN 10","","","F. Konstruksi","SBR"],
    ["93606","MACKELA","JL KENANGA","prelist","MEDAN MAIMUN","HAMDAN","LINGKUNGAN 6","","","F. Konstruksi","SBR"],
    ["93829","RANCAK RIZKI NUSANTARA","PASAR SENEN LEMBAH","prelist","MEDAN MAIMUN","KAMPUNG BARU","LINGKUNGAN 4","","","G. Perdagangan Besar dan Eceran, Reparasi Mobil dan Sepeda Motor","SBR"],
    ["93844","RAJAWALI MULTI MANDIRI","JALAN BRIGADIR JENDERAL KATAMSO NOMOR 66","prelist","MEDAN MAIMUN","A U R","LINGKUNGAN 1","","","M. Jasa Profesional, Ilmiah, dan Teknis","SBR"],
    ["93888","MIKO YOVA","JL B KATAMSO","prelist","MEDAN MAIMUN","KAMPUNG BARU","LINGKUNGAN 11","","","F. Konstruksi","SBR"],
    ["93904","SINGGALANG JAYA","JL.IR.H.JUANDA BARU NO.71, MESJID","prelist","MEDAN MAIMUN","SUKARAJA","LINGKUNGAN 1","","","G. Perdagangan Besar dan Eceran, Reparasi Mobil dan Sepeda Motor","SBR"],
    ["93915","SARANA SAWIT RIAU","JL PEMUDA BARU III","prelist","MEDAN MAIMUN","A U R","LINGKUNGAN 7","","","C. Industri Pengolahan","SBR"],
    ["93925","MUTIARA CEMERLANG","JL IMAM BONJOL","prelist","MEDAN MAIMUN","HAMDAN","LINGKUNGAN 6","","","G. Perdagangan Besar dan Eceran, Reparasi Mobil dan Sepeda Motor","SBR"],
    ["93927","BUMI ORGANIK MAKMUR","JL BRIGJEND KATAMSO","prelist","MEDAN MAIMUN","A U R","LINGKUNGAN 2","","","G. Perdagangan Besar dan Eceran, Reparasi Mobil dan Sepeda Motor","SBR"],
    ["94028","MITRA BERSAMA ABADI","KOMPLEK MULTATULI INDAH","prelist","MEDAN MAIMUN","HAMDAN","LINGKUNGAN 7","","","P. Pendidikan","SBR"],
    ["94043","SENTRUM MULTI MEDIA DINAMIKA","KOMP MULTATULI INDAH","prelist","MEDAN MAIMUN","A U R","LINGKUNGAN 10","","","G. Perdagangan Besar dan Eceran, Reparasi Mobil dan Sepeda Motor","SBR"],
    ["94165","PERGURUAN DARUL AMAN","JL.B.KATAM,SO GG DARUL AMAN NO.8A, KAMPUNG BARU","prelist","MEDAN MAIMUN","KAMPUNG BARU","LINGKUNGAN 20","","","P. Pendidikan","SBR"],
    ["94187","GLOBAL CAPITAL INVESTMENT","JL BRIGJEND KATAMSO","prelist","MEDAN MAIMUN","SUKARAJA","LINGKUNGAN 5","","","K. Aktivitas Keuangan Dan Asuransi","SBR"],
    ["94202","PRAKARSA UTAMA JAYA","JL.HALAT GG.SAUDARA NO.6, PASAR MERAH BARAT","prelist","MEDAN MAIMUN","SEI MATI","LINGKUNGAN 9","","","G. Perdagangan Besar dan Eceran, Reparasi Mobil dan Sepeda Motor","SBR"],
    ["94364","UNECO PERKASA ENGINEERING","JL BRIGJEN KATAMSO","prelist","MEDAN MAIMUN","A U R","LINGKUNGAN 4","","","F. Konstruksi","SBR"],
    ["94399","MEGA RAYA","JL IR H JUANDA NO 3-B","prelist","MEDAN MAIMUN","SUKARAJA","LINGKUNGAN 3","","","G. Perdagangan Besar dan Eceran, Reparasi Mobil dan Sepeda Motor","SBR"],
    ["94407","NEW ZONE","JL KOLONEL SUGIONO","prelist","MEDAN MAIMUN","A U R","LINGKUNGAN 5","","","R. Kesenian, Hiburan, dan Rekreasi","SBR"],
    ["94423","KELUARGA ANDA","JL B KATAMSO","prelist","MEDAN MAIMUN","SUKARAJA","LINGKUNGAN 7","","","G. Perdagangan Besar dan Eceran, Reparasi Mobil dan Sepeda Motor","SBR"],
    ["94461","RIZKY DARUS SALAM","B. KATAMSO GG. KASIH","prelist","MEDAN MAIMUN","KAMPUNG BARU","LINGKUNGAN 6","","","G. Perdagangan Besar dan Eceran, Reparasi Mobil dan Sepeda Motor","SBR"],
    ["94464","SWASMUDA TRIYASA","JL BRIGJEN KATAMSO KOMPLEK ISTANA PRIMA","prelist","MEDAN MAIMUN","SEI MATI","LINGKUNGAN 9","","","F. Konstruksi","SBR"],
    ["94491","ESHA BANGKIT JAYA","JL. BRIGJEND KATAMSO GG. NASIONAL","prelist","MEDAN MAIMUN","SEI MATI","LINGKUNGAN 10","","","G. Perdagangan Besar dan Eceran, Reparasi Mobil dan Sepeda Motor","SBR"],
    ["94512","MARIO HAN`S","JL PACAR NO. 15 RT.000 RW.000, HAMDAN","prelist","MEDAN MAIMUN","HAMDAN","LINGKUNGAN 8","","","G. Perdagangan Besar dan Eceran, Reparasi Mobil dan Sepeda Motor","SBR"],
    ["94616","GLOBAL TEKNIK RAYA","JL BRIGJEN KATAMSO GG PERBATASAN NO.3","prelist","MEDAN MAIMUN","KAMPUNG BARU","LINGKUNGAN 21","","","G. Perdagangan Besar dan Eceran, Reparasi Mobil dan Sepeda Motor","SBR"],
    ["94674","KARYA MULIA SENTOSA ABADI","JL SLAMET RIYADI","prelist","MEDAN MAIMUN","J A T I","LINGKUNGAN 2","","","P. Pendidikan","SBR"],
    ["94704","SURYA SARANA MAKMUR","JL MULTATULI KOMPLEK MULTATULI INDAH","prelist","MEDAN MAIMUN","HAMDAN","LINGKUNGAN 1","","","F. Konstruksi","SBR"],
    ["94745","MERPATI SUKSES","JL KO CBD","prelist","MEDAN MAIMUN","A U R","LINGKUNGAN 5","","","I. Penyediaan Akomodasi dan Makan Minum","SBR"],
    ["94757","SUKSES AGUNG MULIA","JL BRIGJEND KATAMSO","prelist","MEDAN MAIMUN","A U R","LINGKUNGAN 5","","","G. Perdagangan Besar dan Eceran, Reparasi Mobil dan Sepeda Motor","SBR"],
    ["94802","BEJO KESUMA LESTARI","JLN. PANTAI BURUNG III NO.34, AUR","prelist","MEDAN MAIMUN","A U R","LINGKUNGAN 2","","","G. Perdagangan Besar dan Eceran, Reparasi Mobil dan Sepeda Motor","SBR"],
    ["94847","SRIKANDI JAYA PERMAI","JL AVROS","prelist","MEDAN MAIMUN","KAMPUNG BARU","LINGKUNGAN 14","","","G. Perdagangan Besar dan Eceran, Reparasi Mobil dan Sepeda Motor","SBR"],
    ["94876","INOVASI SAUDARA CHANDRA TERPADU","JL. PEMUDA BARU III","prelist","MEDAN MAIMUN","A U R","LINGKUNGAN 7","","","G. Perdagangan Besar dan Eceran, Reparasi Mobil dan Sepeda Motor","SBR"],
    ["94945","SRI SHINTA SEJATI","KL.B.KATAMSO GG LAMPU-I NO.11-A, KAMPUNG BARU","prelist","MEDAN MAIMUN","KAMPUNG BARU","LINGKUNGAN 16","","","G. Perdagangan Besar dan Eceran, Reparasi Mobil dan Sepeda Motor","SBR"],
    ["94981","BANK PERKREDITAN RAKYAT DANA MANDIRI","JL BRIGJEN KATAMSO","prelist","MEDAN MAIMUN","KAMPUNG BARU","LINGKUNGAN 20","","","K. Aktivitas Keuangan Dan Asuransi","SBR"],
    ["95085","ATRIA DUTA PERMAI","JL IR H JUANDA LK I","prelist","MEDAN MAIMUN","J A T I","LINGKUNGAN 1","","","G. Perdagangan Besar dan Eceran, Reparasi Mobil dan Sepeda Motor","SBR"],
    ["95091","TRI AGUNG ABADI","JL B KATAMSO","prelist","MEDAN MAIMUN","SEI MATI","LINGKUNGAN 7","","","N. Jasa Persewaan, Ketenagakerjaan, Agen Perjalanan, dan Jasa Pendukung","SBR"],
    ["95135","PERMATA HIDUP CAHAYA KASIH","JL. BRIGJEND KATAMSO","prelist","MEDAN MAIMUN","A U R","LINGKUNGAN 2","","","G. Perdagangan Besar dan Eceran, Reparasi Mobil dan Sepeda Motor","SBR"],
    ["95146","CAKRA UTAMA","JL SUDIRMAN NO 35 RT.000 RW.000, MESJID","prelist","MEDAN MAIMUN","J A T I","LINGKUNGAN 1","","","N. Jasa Persewaan, Ketenagakerjaan, Agen Perjalanan, dan Jasa Pendukung","SBR"],
    ["95186","SERIBU JAYA","JL PALANG MERAH LK VII","prelist","MEDAN MAIMUN","A U R","LINGKUNGAN 7","","","G. Perdagangan Besar dan Eceran, Reparasi Mobil dan Sepeda Motor","SBR"],
    ["95251","KARYA BAKTI BERSAUDARA","JL PINTU AIR GG GABETUA","prelist","MEDAN MAIMUN","KAMPUNG BARU","LINGKUNGAN 17","","","G. Perdagangan Besar dan Eceran, Reparasi Mobil dan Sepeda Motor","SBR"],
    ["95265","MAHA BINTANG INDONESIA","JL B KATAMSO","prelist","MEDAN MAIMUN","A U R","LINGKUNGAN 8","","","G. Perdagangan Besar dan Eceran, Reparasi Mobil dan Sepeda Motor","SBR"],
    ["95303","NUSA BAHARI SAKTI","JL JEND SUDIRMAN","prelist","MEDAN MAIMUN","J A T I","LINGKUNGAN 1","","","F. Konstruksi","SBR"],
    ["95308","BSJ KARYA KREASINDO","JL BRIGJEN KATAMSO KOMPLEKS ISTANA PRIMA-2","prelist","MEDAN MAIMUN","SEI MATI","LINGKUNGAN 10","","","G. Perdagangan Besar dan Eceran, Reparasi Mobil dan Sepeda Motor","SBR"],
    ["95337","KOBRA ADI PERKASA","JLN. BRIGJEND KATAMSO NO.438 B","prelist","MEDAN MAIMUN","KAMPUNG BARU","LINGKUNGAN 19","","","T. Jasa Perorangan yang Melayani Rumah Tangga","SBR"],
    ["95340","PERMATA JASA","JL. MANGKUBUMI","prelist","MEDAN MAIMUN","A U R","LINGKUNGAN 9","","","M. Jasa Profesional, Ilmiah, dan Teknis","SBR"],
    ["95343","MAJU JAYA ABADI","JL. SISINGAMANGARAJA","prelist","MEDAN MAIMUN","SEI MATI","LINGKUNGAN 7","","","G. Perdagangan Besar dan Eceran, Reparasi Mobil dan Sepeda Motor","SBR"],
    ["95351","TIGA PUTRI TANAMAN HIJAU","JL AVROS GG MANCANG","prelist","MEDAN MAIMUN","KAMPUNG BARU","LINGKUNGAN 14","","","G. Perdagangan Besar dan Eceran, Reparasi Mobil dan Sepeda Motor","SBR"],
    ["95359","KARYAWAN WASPADA GROUP","JL.LETJEN SUPRAPTO NO. 1, AUR","prelist","MEDAN MAIMUN","A U R","LINGKUNGAN 4","","","G. Perdagangan Besar dan Eceran, Reparasi Mobil dan Sepeda Motor","SBR"],
    ["95367","HARUMA","JL. B. KATAMSO P. BURUNG LR I","prelist","MEDAN MAIMUN","A U R","LINGKUNGAN 2","","","G. Perdagangan Besar dan Eceran, Reparasi Mobil dan Sepeda Motor","SBR"],
    ["95372","ASA LINDO","JL BRIGJEN KATAMSO GG PERBATASAN BARU","prelist","MEDAN MAIMUN","KAMPUNG BARU","LINGKUNGAN 11","","","G. Perdagangan Besar dan Eceran, Reparasi Mobil dan Sepeda Motor","SBR"],
    ["95389","SAYUR ONLINE MEDAN","JL BRIGJEND KATAMSO GG INDRA","prelist","MEDAN MAIMUN","KAMPUNG BARU","LINGKUNGAN 20","","","Q. Jasa Kesehatan dan Kegiatan Sosial","SBR"],
    ["95403","PERINTIS PENDIDIKAN LESTARI","KOMPLEK RUKO SERDANG PERMAI JL PERINTIS KEMERDEKAAN","prelist","MEDAN MAIMUN","KAMPUNG BARU","LINGKUNGAN 14","","","P. Pendidikan","SBR"],
    ["95428","ASPERINDO","BRIGJEND KATAMSO","prelist","MEDAN MAIMUN","SEI MATI","LINGKUNGAN 1","","","K. Aktivitas Keuangan Dan Asuransi","SBR"],
    ["95494","AGAM SEMPURNA","JL JENDSUDIRMAN","prelist","MEDAN MAIMUN","J A T I","LINGKUNGAN 1","","","C. Industri Pengolahan","SBR"],
    ["95511","HEXA PUTRI BERJAYA","JL. BRIGJEN KATAMSO NO.104 / 64 G","prelist","MEDAN MAIMUN","A U R","LINGKUNGAN 1","","","M. Jasa Profesional, Ilmiah, dan Teknis","SBR"],
    ["95535","TIRTA ECHO HOTEL","JL. INSINYUR HAJI JUANDA BARU","prelist","MEDAN MAIMUN","SUKARAJA","LINGKUNGAN 5","","","I. Penyediaan Akomodasi dan Makan Minum","SBR"],
    ["95592","HARLIE","JALAN MULTATULI KOMPLEK MULTATULI INDAH","prelist","MEDAN MAIMUN","HAMDAN","LINGKUNGAN 1","","","I. Penyediaan Akomodasi dan Makan Minum","SBR"],
    ["95629","MANA AKTIVA KREASI","JL BRIGJEN KATAMSO DALAM","prelist","MEDAN MAIMUN","A U R","LINGKUNGAN 8","","","G. Perdagangan Besar dan Eceran, Reparasi Mobil dan Sepeda Motor","SBR"],
    ["95645","DUTA SOLUSINDO","JL.B.KATAMSO GG.SENTOSA NO.10 RT. 0 RW. 0","prelist","MEDAN MAIMUN","SEI MATI","LINGKUNGAN 9","","","G. Perdagangan Besar dan Eceran, Reparasi Mobil dan Sepeda Motor","SBR"],
    ["95688","SUMBER SINAR GEMILANG","JL PEMUDA BARU II NO 28-30","prelist","MEDAN MAIMUN","A U R","LINGKUNGAN 7","","","I. Penyediaan Akomodasi dan Makan Minum","SBR"],
    ["95723","PROMED HEALTH SOLUTION","KOMP MULTATULI INDAH","prelist","MEDAN MAIMUN","HAMDAN","LINGKUNGAN 1","","","M. Jasa Profesional, Ilmiah, dan Teknis","SBR"],
    ["95735","MEDIA CHANDRA INDONESIA","JL BRIGJEN KATAMSO GG LORI","prelist","MEDAN MAIMUN","KAMPUNG BARU","LINGKUNGAN 5","","","J. Informasi dan Komunikasi","SBR"],
    ["95845","MEDAN PESONA","JL.MAHKAMAH NO.64-D, MESJID","prelist","MEDAN MAIMUN","A U R","LINGKUNGAN 8","","","G. Perdagangan Besar dan Eceran, Reparasi Mobil dan Sepeda Motor","SBR"],
    ["95919","SARANA KARYA PRATAMA","JL.B KATAMSO GG INTAN NO.25 RT.00 RW.00, KAMPUNG BARU","prelist","MEDAN MAIMUN","KAMPUNG BARU","LINGKUNGAN 8","","","G. Perdagangan Besar dan Eceran, Reparasi Mobil dan Sepeda Motor","SBR"],
    ["96011","PLI WORLD SUKSES","JL BRIGJEND KATAMSO GG MERDEKA LK IX","prelist","MEDAN MAIMUN","SEI MATI","LINGKUNGAN 8","","","G. Perdagangan Besar dan Eceran, Reparasi Mobil dan Sepeda Motor","SBR"],
    ["96017","KSO PUTRA SANOBAR ENERGI","JL B KATAMSO","prelist","MEDAN MAIMUN","KAMPUNG BARU","LINGKUNGAN 20","","","G. Perdagangan Besar dan Eceran, Reparasi Mobil dan Sepeda Motor","SBR"],
    ["96108","SINAR SURYA SEMESTA","JL PASAR SENEN","prelist","MEDAN MAIMUN","KAMPUNG BARU","LINGKUNGAN 4","","","G. Perdagangan Besar dan Eceran, Reparasi Mobil dan Sepeda Motor","SBR"],
    ["96150","TULUNG AGUNG","JL SAMANHUDI","prelist","MEDAN MAIMUN","HAMDAN","LINGKUNGAN 5","","","F. Konstruksi","SBR"],
    ["96401","RAJA SUANGKUPON MUDA","JL BRIGJEND KATAMSO GG. KOPI","prelist","MEDAN MAIMUN","KAMPUNG BARU","LINGKUNGAN 10","","","G. Perdagangan Besar dan Eceran, Reparasi Mobil dan Sepeda Motor","SBR"],
    ["96427","MITRA SUKSES","JL MULTATULI","prelist","MEDAN MAIMUN","A U R","LINGKUNGAN 5","","","I. Penyediaan Akomodasi dan Makan Minum","SBR"],
    ["96442","SUBHIKSA SEMPURNA","JL PEMUDA BARU I","prelist","MEDAN MAIMUN","A U R","LINGKUNGAN 7","","","G. Perdagangan Besar dan Eceran, Reparasi Mobil dan Sepeda Motor","SBR"],
    ["96447","TEPEWE MAKMUR","KOMP. MULTATULI","prelist","MEDAN MAIMUN","A U R","LINGKUNGAN 10","","","G. Perdagangan Besar dan Eceran, Reparasi Mobil dan Sepeda Motor","SBR"],
    ["96497","OXBRIDGE TECHNOLOGY","KOMPLEK MULTATULI NOMOR BB 25","prelist","MEDAN MAIMUN","HAMDAN","LINGKUNGAN 1","","","J. Informasi dan Komunikasi","SBR"],
    ["96558","AVIA DIGITAL NIAGA","JL SAIJAH","prelist","MEDAN MAIMUN","HAMDAN","LINGKUNGAN 10","","","G. Perdagangan Besar dan Eceran, Reparasi Mobil dan Sepeda Motor","SBR"],
    ["96559","BAYI HIDUP SEHAT","JL INSINYUR JUANDA NO 63","prelist","MEDAN MAIMUN","J A T I","LINGKUNGAN 1","","","S. Aktivitas Jasa Lainnya","SBR"],
    ["96560","BIOSOURCE ENERGI INDONESIA","JL. PALANG MERAH","prelist","MEDAN MAIMUN","HAMDAN","LINGKUNGAN 10","","","G. Perdagangan Besar dan Eceran, Reparasi Mobil dan Sepeda Motor","SBR"],
    ["96648","MULTI SARANA ABADI","JL.LETJEN SUPRAPTO NO.2-I DAN 2-J RT. 00 RW. 00","prelist","MEDAN MAIMUN","HAMDAN","LINGKUNGAN 10","","","G. Perdagangan Besar dan Eceran, Reparasi Mobil dan Sepeda Motor","SBR"],
    ["96753","KARYA ELGAS","JALAN B KATAMSO","prelist","MEDAN MAIMUN","A U R","LINGKUNGAN 8","","","G. Perdagangan Besar dan Eceran, Reparasi Mobil dan Sepeda Motor","SBR"],
    ["96755","SANUR NUSANTARA","JL.IR.JUANDA BARU NO.38, SUKA RAJA","prelist","MEDAN MAIMUN","SUKARAJA","LINGKUNGAN 1","","","G. Perdagangan Besar dan Eceran, Reparasi Mobil dan Sepeda Motor","SBR"],
    ["96846","STARINDO MITRA OTOMOTIF","JL BRIGJEND KATAMSO KOMPLEK CENTRIUM","prelist","MEDAN MAIMUN","A U R","LINGKUNGAN 3","","","G. Perdagangan Besar dan Eceran, Reparasi Mobil dan Sepeda Motor","SBR"],
    ["96877","OUTPLAY PRO","JL H MISBAH","prelist","MEDAN MAIMUN","HAMDAN","LINGKUNGAN 6","","","N. Jasa Persewaan, Ketenagakerjaan, Agen Perjalanan, dan Jasa Pendukung","SBR"],
    ["96899","INDAH KARISMA PRATAMA","JL.ANGGREK NO.4-A, HAMDAN","prelist","MEDAN MAIMUN","HAMDAN","LINGKUNGAN 7","","","G. Perdagangan Besar dan Eceran, Reparasi Mobil dan Sepeda Motor","SBR"],
    ["96926","ARGO MANDIRI","JL.CEMPAKA NO.02, HAMDAN","prelist","MEDAN MAIMUN","HAMDAN","LINGKUNGAN 7","","","G. Perdagangan Besar dan Eceran, Reparasi Mobil dan Sepeda Motor","SBR"],
    ["97030","MELTIN ABADI","JL B KATAMSO","prelist","MEDAN MAIMUN","SEI MATI","LINGKUNGAN 7","","","H. Transportasi dan Pergudangan","SBR"],
    ["97052","GS GRETHA SHOP","JL BRIGJEND KATAMSO","prelist","MEDAN MAIMUN","SEI MATI","LINGKUNGAN 6","","","G. Perdagangan Besar dan Eceran, Reparasi Mobil dan Sepeda Motor","SBR"],
    ["97138","KAPITAL BERKEMBANG INDONESIA","JL.BRIGJEND KATAMSO GG KOPI","prelist","MEDAN MAIMUN","KAMPUNG BARU","LINGKUNGAN 10","","","M. Jasa Profesional, Ilmiah, dan Teknis","SBR"],
    ["97191","SURYA GEMILANG UTAMA","JL. B KATAMSO GG. JARAK","prelist","MEDAN MAIMUN","KAMPUNG BARU","LINGKUNGAN 1","","","G. Perdagangan Besar dan Eceran, Reparasi Mobil dan Sepeda Motor","SBR"],
    ["97200","ESA KUSUMA SAMPURNA","KOMPLEKS MULTATULI INDAH BLOK AA","prelist","MEDAN MAIMUN","HAMDAN","LINGKUNGAN 1","","","S. Aktivitas Jasa Lainnya","SBR"],
    ["97334","TRI BINA SARANA","JL.MULTATULI LK.IV NO.47, HAMDAN","prelist","MEDAN MAIMUN","HAMDAN","LINGKUNGAN 6","","","G. Perdagangan Besar dan Eceran, Reparasi Mobil dan Sepeda Motor","SBR"],
    ["97352","PADANG KOTA","KOLONEL SUGIONO LINGKUNGAN V","prelist","MEDAN MAIMUN","A U R","LINGKUNGAN 3","","","I. Penyediaan Akomodasi dan Makan Minum","SBR"],
    ["97366","GUNUNG HUTANI RAYA","JL MANGKUBUMI","prelist","MEDAN MAIMUN","A U R","LINGKUNGAN 9","","","A. Pertanian, Kehutanan, dan Perikanan","SBR"],
    ["97367","INANTA TIMBER & TRADING","JL MANGKUBUMI","prelist","MEDAN MAIMUN","A U R","LINGKUNGAN 6","","","A. Pertanian, Kehutanan, dan Perikanan","SBR"],
    ["97388","CAHAYA BARU","JL.B.KATAMSO NO.11/73, SUKA RAJA","prelist","MEDAN MAIMUN","KAMPUNG BARU","LINGKUNGAN 19","","","C. Industri Pengolahan","SBR"],
    ["97522","WIJAYA GIGI","JL MULTATULI KOMPLEK MULTATULI INDAH","prelist","MEDAN MAIMUN","HAMDAN","LINGKUNGAN 1","","","Q. Jasa Kesehatan dan Kegiatan Sosial","SBR"],
    ["97575","INDOLAND DHARMA KENCANA","JL ADE IRMA","prelist","MEDAN MAIMUN","HAMDAN","LINGKUNGAN 10","","","N. Jasa Persewaan, Ketenagakerjaan, Agen Perjalanan, dan Jasa Pendukung","SBR"],
    ["97624","IKON MAKMUR ABADI","JL PALANG MERAH","prelist","MEDAN MAIMUN","A U R","LINGKUNGAN 9","","","G. Perdagangan Besar dan Eceran, Reparasi Mobil dan Sepeda Motor","SBR"],
    ["97665","ANUGERAH KARYA MANDIRI","JL A RIVAI","prelist","MEDAN MAIMUN","J A T I","LINGKUNGAN 1","","","F. Konstruksi","SBR"],
    ["97693","KINGSTARINDO WISATA INDAH","JL LETJEND SUPRAPTO","prelist","MEDAN MAIMUN","A U R","LINGKUNGAN 5","","","N. Jasa Persewaan, Ketenagakerjaan, Agen Perjalanan, dan Jasa Pendukung","SBR"],
    ["97739","BAHAGIA","JL.H.MISBAH NO.22 , BABURA","prelist","MEDAN MAIMUN","J A T I","LINGKUNGAN 1","","","Q. Jasa Kesehatan dan Kegiatan Sosial","SBR"],
    ["97747","ALKALINDO ABADI LESTARI","KOMPLEK MULTATULI INDAH JL H MISBAH","prelist","MEDAN MAIMUN","HAMDAN","LINGKUNGAN 1","","","G. Perdagangan Besar dan Eceran, Reparasi Mobil dan Sepeda Motor","SBR"],
    ["97767","BHUMI ARTHA PERKASA","JL. BRIGJEND KATAMSO","prelist","MEDAN MAIMUN","SEI MATI","LINGKUNGAN 5","","","C. Industri Pengolahan","SBR"],
    ["97770","ALIFA MEDIKA SEJAHTERA","JL BRIGJEN KATAMSO","prelist","MEDAN MAIMUN","KAMPUNG BARU","LINGKUNGAN 11","","","Q. Jasa Kesehatan dan Kegiatan Sosial","SBR"],
    ["97784","MITRA SAKTI MAKMUR GEMILANG INDONESIA","JL BRIGJEND KATAMSO","prelist","MEDAN MAIMUN","SUKARAJA","LINGKUNGAN 6","","","M. Jasa Profesional, Ilmiah, dan Teknis","SBR"],
    ["97786","UNI VALASINDO","KOMPLEK MULTATULI","prelist","MEDAN MAIMUN","HAMDAN","LINGKUNGAN 7","","","K. Aktivitas Keuangan Dan Asuransi","SBR"],
    ["97921","PEREKAT BANGSA INDONESIA","JL. B. KATAMSO NO. 72, AUR","prelist","MEDAN MAIMUN","A U R","LINGKUNGAN 1","","","P. Pendidikan","SBR"],
    ["97955","SUPER GIATMAJU","JL B.KATAMSO NO.278 , KAMPUNG BARU","prelist","MEDAN MAIMUN","SEI MATI","LINGKUNGAN 10","","","G. Perdagangan Besar dan Eceran, Reparasi Mobil dan Sepeda Motor","SBR"],
    ["97974","SUMBER TEKNIK","GG. AMAL","prelist","MEDAN MAIMUN","SUKARAJA","LINGKUNGAN 8","","","G. Perdagangan Besar dan Eceran, Reparasi Mobil dan Sepeda Motor","SBR"],
    ["98014","EXPO TETAP JAYA","JL PEMUDA BARU I","prelist","MEDAN MAIMUN","A U R","LINGKUNGAN 7","","","N. Jasa Persewaan, Ketenagakerjaan, Agen Perjalanan, dan Jasa Pendukung","SBR"],
    ["98030","BINA SEHAT","KOMPLEKS MULTATULI","prelist","MEDAN MAIMUN","A U R","LINGKUNGAN 8","","","Q. Jasa Kesehatan dan Kegiatan Sosial","SBR"],
    ["98042","BANK PERKREDITAN RAKYAT DUTA ADIARTA","JL B KATAMSO","prelist","MEDAN MAIMUN","KAMPUNG BARU","LINGKUNGAN 20","","","K. Aktivitas Keuangan Dan Asuransi","SBR"],
    ["98160","RAISSA ANDALAN SEHAT","JL PALANG MERAH SUDUT JL SUKAMULIA","prelist","MEDAN MAIMUN","A U R","LINGKUNGAN 9","","","Q. Jasa Kesehatan dan Kegiatan Sosial","SBR"],
    ["98162","BIOHEALTH MANDIRI","JL HAJI MISBAH","prelist","MEDAN MAIMUN","HAMDAN","LINGKUNGAN 6","","","G. Perdagangan Besar dan Eceran, Reparasi Mobil dan Sepeda Motor","SBR"],
    ["98177","SURE IN PASSION","JL JUANDA BARU","prelist","MEDAN MAIMUN","SUKARAJA","LINGKUNGAN 5","","","G. Perdagangan Besar dan Eceran, Reparasi Mobil dan Sepeda Motor","SBR"],
    ["98256","SINAGA INDO GLOBAL","JALAN BRIGJEND KATAMSO GG PASAR SENEN NO.26 KAMPUNG BARU","prelist","MEDAN MAIMUN","KAMPUNG BARU","LINGKUNGAN 20","","","G. Perdagangan Besar dan Eceran, Reparasi Mobil dan Sepeda Motor","SBR"],
    ["98270","ANUGERAH PROSPOND INDONESIA","JL SUKA MULIA LK VI","prelist","MEDAN MAIMUN","A U R","LINGKUNGAN 6","","","G. Perdagangan Besar dan Eceran, Reparasi Mobil dan Sepeda Motor","SBR"],
    ["98310","LEMBAGA PAUD ALMINA","JL KANTIL","prelist","MEDAN MAIMUN","HAMDAN","LINGKUNGAN 7","","","P. Pendidikan","SBR"],
    ["98336","PINANG BARIS LANGIT BIRU","JL IR H JUANDA","prelist","MEDAN MAIMUN","J A T I","LINGKUNGAN 1","","","G. Perdagangan Besar dan Eceran, Reparasi Mobil dan Sepeda Motor","SBR"],
    ["98342","HEVEA EKA ASIA","JL. PEMUDA","prelist","MEDAN MAIMUN","A U R","LINGKUNGAN 5","","","G. Perdagangan Besar dan Eceran, Reparasi Mobil dan Sepeda Motor","SBR"],
    ["98375","PINTUBATU TAMPAHAN ALAM SEGAR","JL. B. KATAMSO NO. 45 G LT. III, AUR","prelist","MEDAN MAIMUN","A U R","LINGKUNGAN 8","","","F. Konstruksi","SBR"],
    ["98377","NAPOLEON PERDANA EXPRESS","JL.B.KATAMSO GG.JAWA","prelist","MEDAN MAIMUN","A U R","LINGKUNGAN 8","","","H. Transportasi dan Pergudangan","SBR"],
    ["98378","TATA JELITA","KOMP. MULTATULI","prelist","MEDAN MAIMUN","HAMDAN","LINGKUNGAN 1","","","S. Aktivitas Jasa Lainnya","SBR"],
    ["98410","BARA PUTIH SELARAS","JALAN JUANDA NOMOR 40","prelist","MEDAN MAIMUN","SUKARAJA","LINGKUNGAN 1","","","G. Perdagangan Besar dan Eceran, Reparasi Mobil dan Sepeda Motor","SBR"],
    ["98474","BINA BISNIS SOLUSINDO","JL MANGKUBUMI","prelist","MEDAN MAIMUN","A U R","LINGKUNGAN 9","","","G. Perdagangan Besar dan Eceran, Reparasi Mobil dan Sepeda Motor","SBR"],
    ["98558","HUTAMA RAYA NUSANTARA","JL. B. KATAMSO KOMPLEK ISTANA PRIMA II","prelist","MEDAN MAIMUN","SEI MATI","LINGKUNGAN 9","","","K. Aktivitas Keuangan Dan Asuransi","SBR"],
    ["98628","GRAHA VINOTI KREASINDO","JL IR H JUANDA","prelist","MEDAN MAIMUN","J A T I","LINGKUNGAN 1","","","G. Perdagangan Besar dan Eceran, Reparasi Mobil dan Sepeda Motor","SBR"],
    ["98647","ATHENA MEDAN","JL MANGKUBUMI LK V","prelist","MEDAN MAIMUN","A U R","LINGKUNGAN 9","","","Q. Jasa Kesehatan dan Kegiatan Sosial","SBR"],
    ["98706","TRICOM SAKTI","JL AIP II KS TUBUN","prelist","MEDAN MAIMUN","SEI MATI","LINGKUNGAN 10","","","G. Perdagangan Besar dan Eceran, Reparasi Mobil dan Sepeda Motor","SBR"],
    ["98751","UNESCO CORPORATION","JL BRIGJEN KATAMSO GG SUBUR","prelist","MEDAN MAIMUN","A U R","LINGKUNGAN 4","","","G. Perdagangan Besar dan Eceran, Reparasi Mobil dan Sepeda Motor","SBR"],
    ["98765","INDAH JAYA","JL.MAHKAMAH DALAM GG.II NO.3-UU, MESJID","prelist","MEDAN MAIMUN","A U R","LINGKUNGAN 8","","","G. Perdagangan Besar dan Eceran, Reparasi Mobil dan Sepeda Motor","SBR"],
    ["98786","ISTANA TEKNIK CENTER","JL BRIGJEND KATAMSO NO 178/82 C, SUKA RAJA","prelist","MEDAN MAIMUN","SUKARAJA","LINGKUNGAN 5","","","E. Pengadaan Air, Pengelolaan Sampah, Limbah, dan Daur Ulang","SBR"],
    ["98816","BAGJA KUMBARA ANDALAS","JL IR H JUANDA","prelist","MEDAN MAIMUN","SUKARAJA","LINGKUNGAN 5","","","N. Jasa Persewaan, Ketenagakerjaan, Agen Perjalanan, dan Jasa Pendukung","SBR"],
    ["98841","SAUDARA BERJAYA PRINTING","KOMPLEK ISTANA PRIMA 2","prelist","MEDAN MAIMUN","SEI MATI","LINGKUNGAN 10","","","G. Perdagangan Besar dan Eceran, Reparasi Mobil dan Sepeda Motor","SBR"],
    ["98865","MINIPAM TIRTA MANDIRI","JL B KATAMSO","prelist","MEDAN MAIMUN","SEI MATI","LINGKUNGAN 3","","","E. Pengadaan Air, Pengelolaan Sampah, Limbah, dan Daur Ulang","SBR"],
    ["98919","YESTOKARYA SUKSES","JL.BRIGJEND KATAMSO NO.335-A LK.III RT. 0 RW. 0","prelist","MEDAN MAIMUN","SEI MATI","LINGKUNGAN 3","","","G. Perdagangan Besar dan Eceran, Reparasi Mobil dan Sepeda Motor","SBR"],
    ["98931","BAOJI TEHNOLOGI","JL.MAHKAMAH NO.40-D RT.002 RW.006, MESJID","prelist","MEDAN MAIMUN","A U R","LINGKUNGAN 8","","","G. Perdagangan Besar dan Eceran, Reparasi Mobil dan Sepeda Motor","SBR"],
    ["98966","SINAR GANDA PUTRA","JL BRIGJEN KATAMSO","prelist","MEDAN MAIMUN","KAMPUNG BARU","LINGKUNGAN 15","","","F. Konstruksi","SBR"],
    ["99044","BERKAT TEGUH UTAMA","JL BRIGJEND KATAMSO","prelist","MEDAN MAIMUN","A U R","LINGKUNGAN 2","","","Q. Jasa Kesehatan dan Kegiatan Sosial","SBR"],
    ["99130","SIAGA DHARMA ADHYAKSA","JL. BRIGADIR JENDERAL KATAMSO, KOMPLEK ISTANA PRIMA II BLOK F NO 4-6, SEI MATI","prelist","MEDAN MAIMUN","A U R","LINGKUNGAN 10","","","G. Perdagangan Besar dan Eceran, Reparasi Mobil dan Sepeda Motor","SBR"],
    ["99158","SALOMO BERKAT","JL SELAMAT RIYADI","prelist","MEDAN MAIMUN","J A T I","LINGKUNGAN 2","","","H. Transportasi dan Pergudangan","SBR"],
    ["99170","ABAMA INDONESIA","JALAN MANTRI","prelist","MEDAN MAIMUN","A U R","LINGKUNGAN 3","","","G. Perdagangan Besar dan Eceran, Reparasi Mobil dan Sepeda Motor","SBR"],
    ["99188","CEPAT SERVICE SAKTI","JL B KATAMSO NO 122/72, SUKA RAJA","prelist","MEDAN MAIMUN","SUKARAJA","LINGKUNGAN 6","","","F. Konstruksi","SBR"],
    ["99211","ARKANANTA BUANA CIPTA AGRO","JL BRIGJEND KATAMSO GG BUDI","prelist","MEDAN MAIMUN","KAMPUNG BARU","LINGKUNGAN 8","","","G. Perdagangan Besar dan Eceran, Reparasi Mobil dan Sepeda Motor","SBR"],
    ["99292","ISLAMIC CENTRE DARUL QUR'AN JENDERAL BESAR DOKTOR HAJI ABDUL HARIS NASUTION","JL. BRIGJEN KATAMSO","prelist","MEDAN MAIMUN","SEI MATI","LINGKUNGAN 7","","","P. Pendidikan","SBR"],
    ["99417","ROCKSTARS","JL BRIGJEN KATAMSO DALAM NO. 58-W, AUR","prelist","MEDAN MAIMUN","A U R","LINGKUNGAN 3","","","G. Perdagangan Besar dan Eceran, Reparasi Mobil dan Sepeda Motor","SBR"],
    ["99429","BAHAGIA JAYA LESTARI","JL JUANDA BARU","prelist","MEDAN MAIMUN","SUKARAJA","LINGKUNGAN 5","","","F. Konstruksi","SBR"],
    ["99464","SEWANGI SURYAPERMAI","JL B KATAMSO KOMP.CENTRIUM 6","prelist","MEDAN MAIMUN","A U R","LINGKUNGAN 3","","","L. Real Estat","SBR"],
    ["99543","PD II GM KB FKPPI SUMATERA UTARA","JLN STM","prelist","MEDAN MAIMUN","KAMPUNG BARU","LINGKUNGAN 9","","","S. Aktivitas Jasa Lainnya","SBR"],
    ["99604","DARSUM","JL PEMUDA","prelist","MEDAN MAIMUN","A U R","LINGKUNGAN 5","","","A. Pertanian, Kehutanan, dan Perikanan","SBR"],
    ["99614","SHEER GILL ANUGRAH","JL PALANG MERAH","prelist","MEDAN MAIMUN","A U R","LINGKUNGAN 9","","","B. Pertambangan dan Penggalian","SBR"],
    ["99659","EKA PUTRA","JL.BRIGJEND.KATAMSO NO.238-D, KAMPUNG BARU","prelist","MEDAN MAIMUN","KAMPUNG BARU","LINGKUNGAN 12","","","G. Perdagangan Besar dan Eceran, Reparasi Mobil dan Sepeda Motor","SBR"],
    ["99664","PERUSAHAAN BONGKAR MUAT HANDATERMINAL","JL KOLONEL SUGIONO","prelist","MEDAN MAIMUN","A U R","LINGKUNGAN 5","","","H. Transportasi dan Pergudangan","SBR"],
    ["99666","POKMAS LINGKUNGAN 13","JALAN BRIGJEND KATAMSO GG JAWA","prelist","MEDAN MAIMUN","KAMPUNG BARU","LINGKUNGAN 1","","","S. Aktivitas Jasa Lainnya","SBR"],
    ["99694","SUMBER MEDIKA MAKMUR","JL. KOMPLEK MULTATULI INDAH BLOK C NO.52, AUR","prelist","MEDAN MAIMUN","A U R","LINGKUNGAN 10","","","G. Perdagangan Besar dan Eceran, Reparasi Mobil dan Sepeda Motor","SBR"],
    ["99736","ARTA KUSUMA SEJATI","JL. BRIGJEN KATAMSO","prelist","MEDAN MAIMUN","KAMPUNG BARU","LINGKUNGAN 15","","","G. Perdagangan Besar dan Eceran, Reparasi Mobil dan Sepeda Motor","SBR"],
    ["99762","PHOENIX","JL B KATAMSO KOMPLEK ISTANA BISNIS CENTRE","prelist","MEDAN MAIMUN","SUKARAJA","LINGKUNGAN 7","","","G. Perdagangan Besar dan Eceran, Reparasi Mobil dan Sepeda Motor","SBR"],
    ["99763","DIPRO SOLUSI","JL BRIGJEN KATAMSO DALAM","prelist","MEDAN MAIMUN","A U R","LINGKUNGAN 3","","","N. Jasa Persewaan, Ketenagakerjaan, Agen Perjalanan, dan Jasa Pendukung","SBR"],
    ["99792","SEHAT WIJAYA","KOMP. MULTATULI INDAH BLOK BB","prelist","MEDAN MAIMUN","A U R","LINGKUNGAN 10","","","Q. Jasa Kesehatan dan Kegiatan Sosial","SBR"],
    ["99928","REALITAS MEDIA PERKASA","JL BRIGJEND KATAMSO LK VIII","prelist","MEDAN MAIMUN","KAMPUNG BARU","LINGKUNGAN 17","","","J. Informasi dan Komunikasi","SBR"],
    ["99946","PRAPAT VIEW","JL.BRIGJEND KATAMSO NO.62-A, KAMPUNG BARU","prelist","MEDAN MAIMUN","KAMPUNG BARU","LINGKUNGAN 17","","","I. Penyediaan Akomodasi dan Makan Minum","SBR"],
    ["99968","KARYA UTHAMA SAHAT SEJAHTERA","JL MULTATULI KOMPLEK TAMAN MULTATULI INDAH","prelist","MEDAN MAIMUN","A U R","LINGKUNGAN 10","","","G. Perdagangan Besar dan Eceran, Reparasi Mobil dan Sepeda Motor","SBR"],
    ["99981","BRINKS SOLUTIONS INDONESIA","KOMPLEK PERTOKOAN TAMAN MULTATULI INDAH","prelist","MEDAN MAIMUN","A U R","LINGKUNGAN 1","","","M. Jasa Profesional, Ilmiah, dan Teknis","SBR"],
    ["100012","CITRA BANGUN PERSADA","JL AVROS KOMPLEK RUKO MEDAN","prelist","MEDAN MAIMUN","KAMPUNG BARU","LINGKUNGAN 14","","","G. Perdagangan Besar dan Eceran, Reparasi Mobil dan Sepeda Motor","SBR"],
    ["100027","YAYASAN DANA LAKKHI SAGARA","HAJI MISBAH KOMPLEK MULTATULI INDAH","prelist","MEDAN MAIMUN","HAMDAN","LINGKUNGAN 7","","","S. Aktivitas Jasa Lainnya","SBR"],
    ["100069","SASTRA DOCINDO","JLN.KOL.SUGIONO NO.9-C, AUR","prelist","MEDAN MAIMUN","A U R","LINGKUNGAN 5","","","G. Perdagangan Besar dan Eceran, Reparasi Mobil dan Sepeda Motor","SBR"],
    ["100073","SINAR BARU","JALAN BRIGJEND KATAMSO","prelist","MEDAN MAIMUN","KAMPUNG BARU","LINGKUNGAN 7","","","G. Perdagangan Besar dan Eceran, Reparasi Mobil dan Sepeda Motor","SBR"],
    ["100105","INDAH SURI","JL.B.KATAMSO COMP.RISPA NO.6, KAMPUNG BARU","prelist","MEDAN MAIMUN","KAMPUNG BARU","LINGKUNGAN 15","","","F. Konstruksi","SBR"],
    ["100123","LAUTAN REZEKI MANDIRI","JL. BRIGADIR JENDERAL KATAMSO NO. 242 D","prelist","MEDAN MAIMUN","KAMPUNG BARU","LINGKUNGAN 20","","","S. Aktivitas Jasa Lainnya","SBR"],
    ["100133","PHHP PEMASARAN INDONESIA","KOMPLEK MULTATULI INDAH LK. X","prelist","MEDAN MAIMUN","A U R","LINGKUNGAN 10","","","G. Perdagangan Besar dan Eceran, Reparasi Mobil dan Sepeda Motor","SBR"],
    ["100220","SARANA PETRO DINAMIKA","JL B KATAMSO","prelist","MEDAN MAIMUN","A U R","LINGKUNGAN 2","","","G. Perdagangan Besar dan Eceran, Reparasi Mobil dan Sepeda Motor","SBR"],
    ["100271","MULTI PERDANA INDONESIA","JL BRIGJEN KATAMSO","prelist","MEDAN MAIMUN","A U R","LINGKUNGAN 2","","","G. Perdagangan Besar dan Eceran, Reparasi Mobil dan Sepeda Motor","SBR"],
    ["100298","FORECASTLE INDONESIA","JL.HAJI MISBAH KOMP.MULTATULI INDAH BLOK C NO.24, AUR","prelist","MEDAN MAIMUN","HAMDAN","LINGKUNGAN 7","","","H. Transportasi dan Pergudangan","SBR"],
    ["100350","MEDIA ANTAR NUSA, PT","KOMPLEK MULTATULI INDAH BLOK D NO. 1","prelist","MEDAN MAIMUN","A U R","LINGKUNGAN 10","","","J. Informasi dan Komunikasi","SBR"],
    ["100409","KARUNIA BANGUN PERSADA","JL MANGKUBUMI","prelist","MEDAN MAIMUN","A U R","LINGKUNGAN 6","","","F. Konstruksi","SBR"],
    ["100425","SD SWASTA HARAPAN 1","JL IMAM BONJOL","prelist","MEDAN MAIMUN","J A T I","LINGKUNGAN 1","","","P. Pendidikan","SBR"],
    ["100443","GRAHA INDONESIA BARU","JL.BRIGJEND.KATAMSO NO.360, SEI MATI","prelist","MEDAN MAIMUN","SEI MATI","LINGKUNGAN 8","","","F. Konstruksi","SBR"],
    ["100461","PACIFIC WORLD TRANS","KOMPLEK MULTATULI INDAH","prelist","MEDAN MAIMUN","HAMDAN","LINGKUNGAN 7","","","H. Transportasi dan Pergudangan","SBR"],
    ["100520","VOLTAMA VISTA MEGAH","JL MANGKUBUMI","prelist","MEDAN MAIMUN","A U R","LINGKUNGAN 9","","","C. Industri Pengolahan","SBR"],
    ["100553","SURYA UTAMA INDOINDUSTRIAL","JALAN JEMADI GANG FAMILYNOMOR 28 I","prelist","MEDAN MAIMUN","A U R","LINGKUNGAN 4","","","F. Konstruksi","SBR"],
    ["100570","GEMILANG NUSANTARA","JL BRIGJEND KATAMSO GG INTAN","prelist","MEDAN MAIMUN","KAMPUNG BARU","LINGKUNGAN 11","","","G. Perdagangan Besar dan Eceran, Reparasi Mobil dan Sepeda Motor","SBR"],
    ["100571","XIMULA","JL MESJID RAYA","prelist","MEDAN MAIMUN","A U R","LINGKUNGAN 8","","","C. Industri Pengolahan","SBR"],
    ["100625","HUTAN BARUMUN PERKASA","JL KOLONEL SUGIONO","prelist","MEDAN MAIMUN","A U R","LINGKUNGAN 9","","","A. Pertanian, Kehutanan, dan Perikanan","SBR"],
    ["100631","KABANA","JL.TERATAI NO.44, HAMDAN","prelist","MEDAN MAIMUN","HAMDAN","LINGKUNGAN 8","","","G. Perdagangan Besar dan Eceran, Reparasi Mobil dan Sepeda Motor","SBR"],
    ["100647","DELTA SESAR","JL KOLONEL SUGIONO","prelist","MEDAN MAIMUN","A U R","LINGKUNGAN 5","","","M. Jasa Profesional, Ilmiah, dan Teknis","SBR"],
    ["100668","PENDIDIKAN LOGIKA MEDAN","JL BRIGJEN KATAMSO GG AVROS","prelist","MEDAN MAIMUN","KAMPUNG BARU","LINGKUNGAN 14","","","P. Pendidikan","SBR"],
    ["100769","MCE KOPI INTERNASIONAL","JALAN PALANG MERAH","prelist","MEDAN MAIMUN","A U R","LINGKUNGAN 9","","","G. Perdagangan Besar dan Eceran, Reparasi Mobil dan Sepeda Motor","SBR"],
    ["100776","NANDA RACHMAN, CV","BRIGJEND. KATAMSO","prelist","MEDAN MAIMUN","KAMPUNG BARU","LINGKUNGAN 2","","","F. Konstruksi","SBR"],
    ["100799","INDONESIA LESTARI KEBUN","JL","prelist","MEDAN MAIMUN","A U R","LINGKUNGAN 3","","","G. Perdagangan Besar dan Eceran, Reparasi Mobil dan Sepeda Motor","SBR"],
    ["100808","LOVELY ADVERTISING","JL.IR. H JUANDA BARU NO 55B, SUKA RAJA","prelist","MEDAN MAIMUN","SUKARAJA","LINGKUNGAN 5","","","N. Jasa Persewaan, Ketenagakerjaan, Agen Perjalanan, dan Jasa Pendukung","SBR"],
    ["100811","CITA GLOBAL INDONESIA","TERATAI","prelist","MEDAN MAIMUN","HAMDAN","LINGKUNGAN 7","","","P. Pendidikan","SBR"],
    ["100875","EKA PRIMA SEMESTA","JL BRIGJEND KATAMSO KOMPLEKS CENTRIUM BUSINESS CENTRE","prelist","MEDAN MAIMUN","A U R","LINGKUNGAN 3","","","G. Perdagangan Besar dan Eceran, Reparasi Mobil dan Sepeda Motor","SBR"],
    ["100889","PRIMA MAKMUR NUSANTARA","JL B KATAMSO","prelist","MEDAN MAIMUN","KAMPUNG BARU","LINGKUNGAN 11","","","F. Konstruksi","SBR"],
    ["100955","SUMBER MEDIKA INDONESIA","KOMPLEK MULTATULI INDAH","prelist","MEDAN MAIMUN","HAMDAN","LINGKUNGAN 7","","","G. Perdagangan Besar dan Eceran, Reparasi Mobil dan Sepeda Motor","SBR"],
    ["101007","MINIPAM JASA TIRTA","JL.B.KATAMSO NO.361, SEI MATI","prelist","MEDAN MAIMUN","SEI MATI","LINGKUNGAN 4","","","E. Pengadaan Air, Pengelolaan Sampah, Limbah, dan Daur Ulang","SBR"],
    ["101099","CEMERLANG TELEVISI INDONESIA","JL MULTATULI LK II","prelist","MEDAN MAIMUN","HAMDAN","LINGKUNGAN 6","","","J. Informasi dan Komunikasi","SBR"],
    ["101138","ROGERIO BEGUIRISTEN","JL. SUKAMULIA","prelist","MEDAN MAIMUN","A U R","LINGKUNGAN 6","","","G. Perdagangan Besar dan Eceran, Reparasi Mobil dan Sepeda Motor","SBR"],
    ["101149","ALSAFIAH AMEERA WISATA RELIGI","JL BRIGJEN KATAMSO","prelist","MEDAN MAIMUN","KAMPUNG BARU","LINGKUNGAN 15","","","N. Jasa Persewaan, Ketenagakerjaan, Agen Perjalanan, dan Jasa Pendukung","SBR"],
    ["101175","EXPO PANORAMA INDAH","JL PEMUDA BARU I","prelist","MEDAN MAIMUN","A U R","LINGKUNGAN 7","","","N. Jasa Persewaan, Ketenagakerjaan, Agen Perjalanan, dan Jasa Pendukung","SBR"],
    ["101219","MAKAMULIA BONGKENG SHINTA RAMA","JL MULTATULI NOMOR 9","prelist","MEDAN MAIMUN","HAMDAN","LINGKUNGAN 6","","","J. Informasi dan Komunikasi","SBR"],
    ["101355","AMIBAHWANA UTAMA JAYA","JL.HALAT GG.SAUDARA NO.1, PASAR MERAH BARAT","prelist","MEDAN MAIMUN","SEI MATI","LINGKUNGAN 9","","","G. Perdagangan Besar dan Eceran, Reparasi Mobil dan Sepeda Motor","SBR"],
    ["101478","KARYA BERKAT","JL PALANG MERAH DALAM","prelist","MEDAN MAIMUN","A U R","LINGKUNGAN 6","","","F. Konstruksi","SBR"],
    ["101506","SUMBER MITRA ANUGRAH","KOMPLEK MULTATULI INDAH JL MULTATULI","prelist","MEDAN MAIMUN","HAMDAN","LINGKUNGAN 1","","","H. Transportasi dan Pergudangan","SBR"],
    ["101528","JALIL MAYA BERKAH","JL ANGGREK NO 10 MEDAN","prelist","MEDAN MAIMUN","HAMDAN","LINGKUNGAN 7","","","B. Pertambangan dan Penggalian","SBR"],
    ["101591","SENTOSA TOP ABADI","JL KOLONEL SUGIONO","prelist","MEDAN MAIMUN","A U R","LINGKUNGAN 5","","","K. Aktivitas Keuangan Dan Asuransi","SBR"],
    ["101608","INTERNUSA TRIBUANA CITRA MULTI FINANCE","JL KOLONEL SUGIONO","prelist","MEDAN MAIMUN","A U R","LINGKUNGAN 5","","","K. Aktivitas Keuangan Dan Asuransi","SBR"],
    ["101795","MENARA PRIMA SOLUSINDO","JL BRIGJEND KATAMSO","prelist","MEDAN MAIMUN","SEI MATI","LINGKUNGAN 4","","","G. Perdagangan Besar dan Eceran, Reparasi Mobil dan Sepeda Motor","SBR"],
    ["101805","EZRA JAYA KENCANA","JL.BRIG KATAMSO GG.PERSATUAN NO.27","prelist","MEDAN MAIMUN","SEI MATI","LINGKUNGAN 2","","","F. Konstruksi","SBR"],
    ["101858","BUMI GRAHA MAS LESTARI","JL LETNAN JENDERAL SUPRAPTO","prelist","MEDAN MAIMUN","HAMDAN","LINGKUNGAN 6","","","I. Penyediaan Akomodasi dan Makan Minum","SBR"],
    ["101890","BINTIKA KUSUMA","JL MANGKUBUMI","prelist","MEDAN MAIMUN","A U R","LINGKUNGAN 9","","","G. Perdagangan Besar dan Eceran, Reparasi Mobil dan Sepeda Motor","SBR"],
    ["101892","MIKROBIOS NUSANTARA","JL.BADUR NO.02-B RT.00 RW.00, HAMDAN","prelist","MEDAN MAIMUN","HAMDAN","LINGKUNGAN 10","","","G. Perdagangan Besar dan Eceran, Reparasi Mobil dan Sepeda Motor","SBR"],
    ["101932","SINO INDONESIA PETROCHEMICALS ENGINEERING","JL MULTATULI","prelist","MEDAN MAIMUN","HAMDAN","LINGKUNGAN 6","","","C. Industri Pengolahan","SBR"],
    ["101971","NETACADEMY INDONESIA","KOMP MULTATULI INDAH LK X","prelist","MEDAN MAIMUN","A U R","LINGKUNGAN 10","","","P. Pendidikan","SBR"],
    ["101985","EMELGE KARYA SERASI","JL BRIGJEND KATAMSO KOMP A ISTANA PRIMA","prelist","MEDAN MAIMUN","SEI MATI","LINGKUNGAN 12","","","G. Perdagangan Besar dan Eceran, Reparasi Mobil dan Sepeda Motor","SBR"],
    ["102008","SWADAYA MANDIRI PRIMA SEJAHTERA","JL. PEMUDA NO. 14 A-B, AUR","prelist","MEDAN MAIMUN","A U R","LINGKUNGAN 5","","","K. Aktivitas Keuangan Dan Asuransi","SBR"],
    ["102016","REZEKI PUTERI","JL.B.KATAMSO GG.BALI NO.3, KAMPUNG BARU","prelist","MEDAN MAIMUN","KAMPUNG BARU","LINGKUNGAN 7","","","G. Perdagangan Besar dan Eceran, Reparasi Mobil dan Sepeda Motor","SBR"],
    ["102047","KREASI GEMILANG","JL. PERNIAGAAN","prelist","MEDAN MAIMUN","A U R","LINGKUNGAN 9","","","G. Perdagangan Besar dan Eceran, Reparasi Mobil dan Sepeda Motor","SBR"],
    ["102076","ELTEHA INTERNATIONAL","JL BRIGJEND KATAMSO","prelist","MEDAN MAIMUN","A U R","LINGKUNGAN 1","","","H. Transportasi dan Pergudangan","SBR"],
    ["102079","ZENIFIX INDONESIA","JL KOMPLEK MULTATULI BLOK D","prelist","MEDAN MAIMUN","A U R","LINGKUNGAN 10","","","G. Perdagangan Besar dan Eceran, Reparasi Mobil dan Sepeda Motor","SBR"],
    ["102081","CIPTA DINAMIS NUSANTARA CARI","JL KOMPLEK MULTATULI","prelist","MEDAN MAIMUN","HAMDAN","LINGKUNGAN 7","","","G. Perdagangan Besar dan Eceran, Reparasi Mobil dan Sepeda Motor","SBR"],
    ["102091","RUDI SANTANA","JL.B.KATAMSO GG KENANGAN NO 7","prelist","MEDAN MAIMUN","KAMPUNG BARU","LINGKUNGAN 17","","","G. Perdagangan Besar dan Eceran, Reparasi Mobil dan Sepeda Motor","SBR"],
    ["102099","RELAWAN ANTISIPASI SOLIDARITAS BENCANA (RENTAN)","SAMANHUDI","prelist","MEDAN MAIMUN","HAMDAN","LINGKUNGAN 5","","","S. Aktivitas Jasa Lainnya","SBR"],
    ["102125","JOEJAC MAKMUR INDONESIA","JL. BRIGJEN KATAMSO KOMP. PRIMA MINIMALIS NO. 327 Y","prelist","MEDAN MAIMUN","SEI MATI","LINGKUNGAN 2","","","G. Perdagangan Besar dan Eceran, Reparasi Mobil dan Sepeda Motor","SBR"],
    ["102187","SOTEK GONTI PENK","JL MULTATULI LK I","prelist","MEDAN MAIMUN","HAMDAN","LINGKUNGAN 7","","","K. Aktivitas Keuangan Dan Asuransi","SBR"],
    ["102197","CENTRAL CAPITAL FUTURES","JL IR H JUANDA RUKO DELTA","prelist","MEDAN MAIMUN","SUKARAJA","LINGKUNGAN 5","","","G. Perdagangan Besar dan Eceran, Reparasi Mobil dan Sepeda Motor","SBR"],
    ["102226","MARTHA FRISKA MULTATULI","JL. MULTATULI KOMPLEK MULTATULI NOMOR 1 - KELURAHAN AUR","prelist","MEDAN MAIMUN","A U R","LINGKUNGAN 1","","","Q. Jasa Kesehatan dan Kegiatan Sosial","SBR"],
    ["102425","PENJAHIT PAKAIAN <MAL>","GG PERBATASAN","prelist","MEDAN MAIMUN","KAMPUNG BARU","LINGKUNGAN 21","","","C. Industri Pengolahan","SBR"],
    ["102426","PENJAHIT GORDEN <NUR>","GG PERBATASAN","prelist","MEDAN MAIMUN","KAMPUNG BARU","LINGKUNGAN 21","","","C. Industri Pengolahan","SBR"],
    ["102430","JUALAN GORENGAN<KELIEM>","GG. PERBATASAN","prelist","MEDAN MAIMUN","KAMPUNG BARU","LINGKUNGAN 21","","","C. Industri Pengolahan","SBR"],
    ["102782","BENGKEL LAS BONY","JL MAHKAMAH NO 68C LK 4","prelist","MEDAN MAIMUN","A U R","LINGKUNGAN 8","","","C. Industri Pengolahan","SBR"],
    ["102784","BENGKELLAS HARRYJAYA","JL MAHKAMAH NO","prelist","MEDAN MAIMUN","A U R","LINGKUNGAN 8","","","C. Industri Pengolahan","SBR"],
    ["102788","EXPRESS","JALAN IR H JUANDA BARU NO 67 LK 3","prelist","MEDAN MAIMUN","SUKARAJA","LINGKUNGAN 1","","","C. Industri Pengolahan","SBR"],
    ["102811","DAHLIA PERABOT","JALAN MAHKAMAH 40B","prelist","MEDAN MAIMUN","A U R","LINGKUNGAN 8","","","C. Industri Pengolahan","SBR"],
    ["102812","MERAKIT BESI <HAIRANI>","JALAN MAHKAMAH 54 A","prelist","MEDAN MAIMUN","A U R","LINGKUNGAN 8","","","C. Industri Pengolahan","SBR"],
    ["102814","JUAL KACANG REBUS <LASMIATI>","JL BRIGJEN MATAMSO GO SATRIA","prelist","MEDAN MAIMUN","SEI MATI","LINGKUNGAN 9","","","C. Industri Pengolahan","SBR"],
    ["102815","TUKANG KALENG ATAU SENDOK REFDAS","JL BRIGJEND KATAMSO GG PERWIRA","prelist","MEDAN MAIMUN","SEI MATI","LINGKUNGAN 11","","","C. Industri Pengolahan","SBR"],
    ["102816","SABLON CAHAYA MUTIARA HASMUNI LUBIS","JALAN BRIGJEN KATAMSO GANG PAHLAWAN","prelist","MEDAN MAIMUN","SEI MATI","LINGKUNGAN 3","","","C. Industri Pengolahan","SBR"],
    ["102817","BENGKEL PRE LINE <RAHMAN>","JALAN BRIGGEN KATAMSO CIANG AL_FAJAR","prelist","MEDAN MAIMUN","SEI MATI","LINGKUNGAN 5","","","C. Industri Pengolahan","SBR"],
    ["102818","TUKANG JAHIT <AMIRUDIN>","JL BRIGJEN KATAMSO GG KENANGAN BAWAH","prelist","MEDAN MAIMUN","KAMPUNG BARU","LINGKUNGAN 17","","","C. Industri Pengolahan","SBR"],
    ["102819","JUALAN POT BUNGA <YUSUF HELMY>","JL AVROS GG MANCANG","prelist","MEDAN MAIMUN","KAMPUNG BARU","LINGKUNGAN 14","","","C. Industri Pengolahan","SBR"],
    ["102820","LASTRI FLORIST <SULASTRI>","JL BJ KATAMBO NO 231 KAMPUNG BARU","prelist","MEDAN MAIMUN","KAMPUNG BARU","LINGKUNGAN 11","","","C. Industri Pengolahan","SBR"],
    ["102821","PENJAHIT PAKAIAN <RUBIATI>","JLN B KATAMSO G JAWA N","prelist","MEDAN MAIMUN","KAMPUNG BARU","LINGKUNGAN 11","","","C. Industri Pengolahan","SBR"],
    ["102822","PERCETAKAN IRVAN","JL SAKTI LUBIS","prelist","MEDAN MAIMUN","KAMPUNG BARU","LINGKUNGAN 7","","","C. Industri Pengolahan","SBR"],
    ["102823","PENJAHIT BAJU <EPI>","JL BRIGJEN KATAMSO GG JARAK NO 8","prelist","MEDAN MAIMUN","KAMPUNG BARU","LINGKUNGAN 1","","","C. Industri Pengolahan","SBR"],
    ["102824","PENJAHIT TAS <ALI MUNAR>","JLN B KATAMSO GG REL","prelist","MEDAN MAIMUN","A U R","LINGKUNGAN 4","","","C. Industri Pengolahan","SBR"],
    ["102825","PEMBUATAN HIO <USMAN>","JL B.KATAMSO GG RELA","prelist","MEDAN MAIMUN","KAMPUNG BARU","LINGKUNGAN 1","","","C. Industri Pengolahan","SBR"],
    ["102836","USAHA KAPORIT <ADRIANI>","JL KAMPUNG AUR NO 36","prelist","MEDAN MAIMUN","A U R","LINGKUNGAN 4","","","C. Industri Pengolahan","SBR"],
    ["102837","USAHA KUE BASAH <ASNITA>","JL KAMPUNG AUR NO3B","prelist","MEDAN MAIMUN","A U R","LINGKUNGAN 4","","","C. Industri Pengolahan","SBR"],
    ["102838","PENJAHIT PAKAIAN <RAHMADYSAH>","JALAN BRIGJEND KATAMSO BARU GG ISRAEL","prelist","MEDAN MAIMUN","A U R","LINGKUNGAN 3","","","C. Industri Pengolahan","SBR"],
    ["102839","TUKANG KUNCI <BUDIARTO>","JALAN SAMANHUDI","prelist","MEDAN MAIMUN","J A T I","LINGKUNGAN 1","","","C. Industri Pengolahan","SBR"],
    ["102840","PENJAHIT <YUSRI>","JALAN SAMANHUDI","prelist","MEDAN MAIMUN","J A T I","LINGKUNGAN 3","","","C. Industri Pengolahan","SBR"],
    ["102841","TOKO KUE MEIYEN <SUKIMIN>","JALAN BRIGJEND KATAMSO NO 142","prelist","MEDAN MAIMUN","SUKARAJA","LINGKUNGAN 6","","","C. Industri Pengolahan","SBR"],
    ["102842","RISOL<LISNA>","JL WARNI NO 47 A","prelist","MEDAN MAIMUN","SUKARAJA","LINGKUNGAN 5","","","C. Industri Pengolahan","SBR"],
    ["102843","BENGKEL BESI <H RIDWAN TAHIR>","JL BRIGJEN KATAMSO GG KESATRIA","prelist","MEDAN MAIMUN","SEI MATI","LINGKUNGAN 12","","","C. Industri Pengolahan","SBR"],
    ["102844","PENJAHIT <PAINI>","JL BRIGJEN KATAMSO GG ISTIRAHAT","prelist","MEDAN MAIMUN","A U R","LINGKUNGAN 4","","","C. Industri Pengolahan","SBR"],
    ["102845","PENJAHIT BORDIR <NURMAITA>","JL BRIGJEN KATAMSO GG SATRIA","prelist","MEDAN MAIMUN","A U R","LINGKUNGAN 4","","","C. Industri Pengolahan","SBR"],
    ["103695","PERABOT HORAS","JALAN PANDU NO 4","prelist","MEDAN MAIMUN","A U R","LINGKUNGAN 8","","","C. Industri Pengolahan","SBR"],
    ["103696","TUKANG JAHIT <SUDIRMAN>","JL BRIGJEND KATAMSO","prelist","MEDAN MAIMUN","SEI MATI","LINGKUNGAN 5","","","C. Industri Pengolahan","SBR"],
    ["103697","PEMBUATAN BATU NISAN","JALN BRIGJEN KATAMSO GG SEMPURNA NO 36","prelist","MEDAN MAIMUN","SEI MATI","LINGKUNGAN 7","","","C. Industri Pengolahan","SBR"],
    ["103698","BENGKEL LAS <M RIFAI>","JLN B KATAMSO GG LAMPU 1","prelist","MEDAN MAIMUN","KAMPUNG BARU","LINGKUNGAN 16","","","C. Industri Pengolahan","SBR"],
    ["103699","TUKANG BABAT RUMPUT <ASWAN KHOIR>","JL BRIGJEN KATAMSO GG MANCANG","prelist","MEDAN MAIMUN","KAMPUNG BARU","LINGKUNGAN 14","","","C. Industri Pengolahan","SBR"],
    ["103700","PENJAHIT GORDEN <HERIONO>","JL B KATAMSO GG LORI NO 78","prelist","MEDAN MAIMUN","KAMPUNG BARU","LINGKUNGAN 7","","","C. Industri Pengolahan","SBR"],
    ["103701","JUALAN ES <RUKANA>","JL PASAR SENEN LEMBAH","prelist","MEDAN MAIMUN","KAMPUNG BARU","LINGKUNGAN 4","","","C. Industri Pengolahan","SBR"],
    ["103702","DEPOT AIR <AGUS RUDIANTO>","GG PERBATASAN","prelist","MEDAN MAIMUN","KAMPUNG BARU","LINGKUNGAN 21","","","C. Industri Pengolahan","SBR"],
    ["103703","JUAL KUE<T HAYANUNNIZAR>","JL BRIGJEND KATAMASO","prelist","MEDAN MAIMUN","KAMPUNG BARU","LINGKUNGAN 11","","","C. Industri Pengolahan","SBR"],
    ["103825","PDM INDONESIA/KIMSARI PAPER INDONESIA,PT","JL. BRIGJEN KATAMSO KM 6,9 RT: 0 RW: 0 KODEPOS: 20146","prelist","MEDAN MAIMUN","KAMPUNG BARU","LINGKUNGAN 20","","","C. Industri Pengolahan","SBR"],
    ["103865","PEMBAYARAN REKENING","JALAN MULTATULL LK 3 NO 3","prelist","MEDAN MAIMUN","J A T I","LINGKUNGAN 3","","","D. Pengadaan Listrik, Gas, Uap/Air Panas, dan Udara Dingin","SBR"],
    ["103919","CARI BUTUT <TUMIAR>","JL SAKTI LUBIS GG REL KP BARU","prelist","MEDAN MAIMUN","KAMPUNG BARU","LINGKUNGAN 7","","","E. Pengadaan Air, Pengelolaan Sampah, Limbah, dan Daur Ulang","SBR"],
    ["104066","BOTOTT","JL BRIGJEN KATAMSO GG ISTIRAHAT","prelist","MEDAN MAIMUN","A U R","LINGKUNGAN 4","","","E. Pengadaan Air, Pengelolaan Sampah, Limbah, dan Daur Ulang","SBR"],
    ["104067","BAN BEKAS <ARIF>","JALAN BRIGJEN KATAMSO GANG KENANGA NO 03","prelist","MEDAN MAIMUN","SEI MATI","LINGKUNGAN 9","","","E. Pengadaan Air, Pengelolaan Sampah, Limbah, dan Daur Ulang","SBR"],
    ["104068","PEMULUNG <RIDWAN INTONG>","JL.BRIGJEND KATAMSO GG PENGHULU LAMA","prelist","MEDAN MAIMUN","KAMPUNG BARU","LINGKUNGAN 2","","","E. Pengadaan Air, Pengelolaan Sampah, Limbah, dan Daur Ulang","SBR"],
    ["104130","TUKANG BANGUNAN","JL.P BURUNG","prelist","MEDAN MAIMUN","A U R","LINGKUNGAN 3","","","F. Konstruksi","SBR"],
    ["104240","PEMBORONG BANGUNAN","JL B KATAMSO GG SEMPURNA NO 9","prelist","MEDAN MAIMUN","SEI MATI","LINGKUNGAN 7","","","F. Konstruksi","SBR"],
    ["104332","TOKO SWALAYAN/SERBA JADI TOKO","JL B KATAMSO 166 RT: RW: KODEPOS: 20158","prelist","MEDAN MAIMUN","KAMPUNG BARU","LINGKUNGAN 20","","","G. Perdagangan Besar dan Eceran, Reparasi Mobil dan Sepeda Motor","SBR"],
    ["104676","JUAL BAJU <HOTMA>","JL SM RAJA GANG AMAN NO 338","prelist","MEDAN MAIMUN","SEI MATI","LINGKUNGAN 6","","","G. Perdagangan Besar dan Eceran, Reparasi Mobil dan Sepeda Motor","SBR"],
    ["105162","TOKO OBAT <ANWAR>","JALAN PANDU NO 18/77","prelist","MEDAN MAIMUN","A U R","LINGKUNGAN 8","","","G. Perdagangan Besar dan Eceran, Reparasi Mobil dan Sepeda Motor","SBR"],
    ["105246","TOKO LIMA RIBU","JALAN BRIGJEND KATAMSO NO.702 KP BARU","prelist","MEDAN MAIMUN","KAMPUNG BARU","LINGKUNGAN 2","","","G. Perdagangan Besar dan Eceran, Reparasi Mobil dan Sepeda Motor","SBR"],
    ["105247","JUAL MAKANAN RINGAN <MURNI>","JL PASAR SENEN LEMBAH","prelist","MEDAN MAIMUN","KAMPUNG BARU","LINGKUNGAN 4","","","G. Perdagangan Besar dan Eceran, Reparasi Mobil dan Sepeda Motor","SBR"],
    ["105248","JUAL KERAMIK <SUWANDI>","JL.BRIGJEND KATAMSO NO.314.D KP.BARU","prelist","MEDAN MAIMUN","KAMPUNG BARU","LINGKUNGAN 2","","","G. Perdagangan Besar dan Eceran, Reparasi Mobil dan Sepeda Motor","SBR"],
    ["105249","SUPERSONIK PART <ANTO>","JL BRIGJEND-KATAMSO NO.700.E","prelist","MEDAN MAIMUN","KAMPUNG BARU","LINGKUNGAN 2","","","G. Perdagangan Besar dan Eceran, Reparasi Mobil dan Sepeda Motor","SBR"],
    ["105250","JUAL BUAH ROKOK DAN JAJANAN","JL B KATAMSO NO 3148","prelist","MEDAN MAIMUN","KAMPUNG BARU","LINGKUNGAN 11","","","G. Perdagangan Besar dan Eceran, Reparasi Mobil dan Sepeda Motor","SBR"],
    ["105251","JUAL GAS ELPIJI 3 KG","JL BRIGJEN KATAMSO GG TARAK","prelist","MEDAN MAIMUN","A U R","LINGKUNGAN 4","","","G. Perdagangan Besar dan Eceran, Reparasi Mobil dan Sepeda Motor","SBR"],
    ["105252","JUAL BELI MOBIL","GANG PERBATASAN BARU BLOK 2","prelist","MEDAN MAIMUN","KAMPUNG BARU","LINGKUNGAN 21","","","G. Perdagangan Besar dan Eceran, Reparasi Mobil dan Sepeda Motor","SBR"],
    ["105253","JUALAN KEDAI KLONTONG <MARDIAH HASIBUAN>","JL. B. KATAMSO GG. PERBATASAN","prelist","MEDAN MAIMUN","KAMPUNG BARU","LINGKUNGAN 11","","","G. Perdagangan Besar dan Eceran, Reparasi Mobil dan Sepeda Motor","SBR"],
    ["105254","SAHABAT SERVICE","JL B KATAMSO NO 742","prelist","MEDAN MAIMUN","KAMPUNG BARU","LINGKUNGAN 21","","","G. Perdagangan Besar dan Eceran, Reparasi Mobil dan Sepeda Motor","SBR"],
    ["105263","WARUNG JAJANAN <HAMDANI>","JALAN B KATAMSO GANG ALFAJAR","prelist","MEDAN MAIMUN","SEI MATI","LINGKUNGAN 7","","","G. Perdagangan Besar dan Eceran, Reparasi Mobil dan Sepeda Motor","SBR"],
    ["105264","KEDAI SAMPAH <HAMDAN>","JALAN B KATAMSO GANG ALFAJAR","prelist","MEDAN MAIMUN","SEI MATI","LINGKUNGAN 7","","","G. Perdagangan Besar dan Eceran, Reparasi Mobil dan Sepeda Motor","SBR"],
    ["105265","PENJUAL TANGGA DAN SAPU <MARSAL>","J L B KATAMSO GG AL FAJAR","prelist","MEDAN MAIMUN","SEI MATI","LINGKUNGAN 7","","","G. Perdagangan Besar dan Eceran, Reparasi Mobil dan Sepeda Motor","SBR"],
    ["105266","JAJANAN ANAK <SUSI>","JL B KATAMSO GANG SETIA BARU NO 28","prelist","MEDAN MAIMUN","KAMPUNG BARU","LINGKUNGAN 19","","","G. Perdagangan Besar dan Eceran, Reparasi Mobil dan Sepeda Motor","SBR"],
    ["105267","SEMBAKO <SOLEMAN>","JL B KATAMSO GG PELITA 2","prelist","MEDAN MAIMUN","KAMPUNG BARU","LINGKUNGAN 18","","","G. Perdagangan Besar dan Eceran, Reparasi Mobil dan Sepeda Motor","SBR"],
    ["105268","JUALAN PAKAIAN ONLINE","JLN. B. KATAMSO GG. PELITA 2 NO. 131","prelist","MEDAN MAIMUN","KAMPUNG BARU","LINGKUNGAN 19","","","G. Perdagangan Besar dan Eceran, Reparasi Mobil dan Sepeda Motor","SBR"],
    ["105269","JUAL ROKOKKELILING <TIUR>","IL REL UJUNG NO 42 B","prelist","MEDAN MAIMUN","KAMPUNG BARU","LINGKUNGAN 11","","","G. Perdagangan Besar dan Eceran, Reparasi Mobil dan Sepeda Motor","SBR"],
    ["105270","JAJANAN <HJ AIN S SRG>","JL B KATAMSO G INDRA BENGKEL","prelist","MEDAN MAIMUN","KAMPUNG BARU","LINGKUNGAN 11","","","G. Perdagangan Besar dan Eceran, Reparasi Mobil dan Sepeda Motor","SBR"],
    ["105271","PENJUAL SERBU <DENI>","JALAN B KATAMSO GANG LAMPU 1","prelist","MEDAN MAIMUN","KAMPUNG BARU","LINGKUNGAN 16","","","G. Perdagangan Besar dan Eceran, Reparasi Mobil dan Sepeda Motor","SBR"],
    ["105272","JUAL PAKAIAN <NOVELINA>","JALAN B KATAMSO GANG LAMPU 1 NO 70","prelist","MEDAN MAIMUN","KAMPUNG BARU","LINGKUNGAN 20","","","G. Perdagangan Besar dan Eceran, Reparasi Mobil dan Sepeda Motor","SBR"],
    ["105273","JUALAN ROKOK <SAMSUL>","JLN B KATAMSO GG LAMPU 1","prelist","MEDAN MAIMUN","KAMPUNG BARU","LINGKUNGAN 16","","","G. Perdagangan Besar dan Eceran, Reparasi Mobil dan Sepeda Motor","SBR"],
    ["105274","JAJANAN ANAK ANAK <RAMINAN>","JALAN B KATAMSO LORONG TOLERANSI","prelist","MEDAN MAIMUN","KAMPUNG BARU","LINGKUNGAN 11","","","G. Perdagangan Besar dan Eceran, Reparasi Mobil dan Sepeda Motor","SBR"],
    ["105276","TOKO LARIS JAYA <AH KIM>","JL B KATAMSO NO 620","prelist","MEDAN MAIMUN","KAMPUNG BARU","LINGKUNGAN 9","","","G. Perdagangan Besar dan Eceran, Reparasi Mobil dan Sepeda Motor","SBR"],
    ["105278","KEDAI KELONTONG <HAKIM>","JALAN MANGKUBUMI","prelist","MEDAN MAIMUN","A U R","LINGKUNGAN 9","","","G. Perdagangan Besar dan Eceran, Reparasi Mobil dan Sepeda Motor","SBR"],
    ["105279","KIOS GAS ELPIJI","JL MANTRI","prelist","MEDAN MAIMUN","A U R","LINGKUNGAN 3","","","G. Perdagangan Besar dan Eceran, Reparasi Mobil dan Sepeda Motor","SBR"],
    ["105280","WARUNG ECERAN SEMBAKO <HERMIN>","B KATAMSO PANTAI BURUNG LR 1 NO 20","prelist","MEDAN MAIMUN","A U R","LINGKUNGAN 3","","","G. Perdagangan Besar dan Eceran, Reparasi Mobil dan Sepeda Motor","SBR"],
    ["105281","JUAL TANAMAN HIAS","JALAN BRIGJEND KATAM SO NO 66","prelist","MEDAN MAIMUN","A U R","LINGKUNGAN 1","","","G. Perdagangan Besar dan Eceran, Reparasi Mobil dan Sepeda Motor","SBR"],
    ["105282","LOAF BAKERY <HARONO>","KOMPLEKS MULTATULI BLOK CC NO 41","prelist","MEDAN MAIMUN","HAMDAN","LINGKUNGAN 7","","","G. Perdagangan Besar dan Eceran, Reparasi Mobil dan Sepeda Motor","SBR"],
    ["105283","T KELONTONG <HENDRIK>","JALAN MULTATULI LK 1 NO 26","prelist","MEDAN MAIMUN","HAMDAN","LINGKUNGAN 6","","","G. Perdagangan Besar dan Eceran, Reparasi Mobil dan Sepeda Motor","SBR"],
    ["105285","JUAL KEDAI SAMPAH","JL MULTATULI LK 3 NO 75 A","prelist","MEDAN MAIMUN","HAMDAN","LINGKUNGAN 6","","","G. Perdagangan Besar dan Eceran, Reparasi Mobil dan Sepeda Motor","SBR"],
    ["105286","JUALAN JAJANAN <N ARITONANG>","JL MULTATULI NO 2","prelist","MEDAN MAIMUN","HAMDAN","LINGKUNGAN 10","","","G. Perdagangan Besar dan Eceran, Reparasi Mobil dan Sepeda Motor","SBR"],
    ["105287","TAMBAL BAN <NANDA>","JALAN SAMANHUDI","prelist","MEDAN MAIMUN","J A T I","LINGKUNGAN 3","","","G. Perdagangan Besar dan Eceran, Reparasi Mobil dan Sepeda Motor","SBR"],
    ["105288","PENJUAL AYAM POTONG <TAHIER JSP>","JALAN WARNA NO 21","prelist","MEDAN MAIMUN","SUKARAJA","LINGKUNGAN 6","","","G. Perdagangan Besar dan Eceran, Reparasi Mobil dan Sepeda Motor","SBR"],
    ["105289","UTC HP","JL IR H JUANDA NO 58","prelist","MEDAN MAIMUN","SUKARAJA","LINGKUNGAN 5","","","G. Perdagangan Besar dan Eceran, Reparasi Mobil dan Sepeda Motor","SBR"],
    ["105290","JUAL DAN BELI KARTON BEKAS ABAS","JL BRIGJEND KATAMSO GG PERWIRA","prelist","MEDAN MAIMUN","SEI MATI","LINGKUNGAN 11","","","G. Perdagangan Besar dan Eceran, Reparasi Mobil dan Sepeda Motor","SBR"],
    ["105291","JUAL GAS ECERAN <NURYUSRI>","JL BRIGJEND KATAMSO GG BIDAN BAWAH","prelist","MEDAN MAIMUN","SEI MATI","LINGKUNGAN 8","","","G. Perdagangan Besar dan Eceran, Reparasi Mobil dan Sepeda Motor","SBR"],
    ["105292","JUAL BELI BAN BEKAS <SYAIFUL>","JL BRIGJEND KATAMSO GG KELUARGA BAWAH","prelist","MEDAN MAIMUN","SEI MATI","LINGKUNGAN 8","","","G. Perdagangan Besar dan Eceran, Reparasi Mobil dan Sepeda Motor","SBR"],
    ["105293","TEMPEL BAN SEPEDA","JALAN BRIGJEN KATAMSO NO 505","prelist","MEDAN MAIMUN","SEI MATI","LINGKUNGAN 6","","","G. Perdagangan Besar dan Eceran, Reparasi Mobil dan Sepeda Motor","SBR"],
    ["106712","JUAL JAJANAN <SYALMI>","LINGKUNGAN 11","prelist","MEDAN MAIMUN","SEI MATI","LINGKUNGAN 9","","","G. Perdagangan Besar dan Eceran, Reparasi Mobil dan Sepeda Motor","SBR"],
    ["107326","KEDAI SAYUR MAYUR <ASNAH>","JALAN PASAR SENEN KAMPUNG BARU","prelist","MEDAN MAIMUN","KAMPUNG BARU","LINGKUNGAN 4","","","G. Perdagangan Besar dan Eceran, Reparasi Mobil dan Sepeda Motor","SBR"],
    ["107327","JUAL IKAN HIAS <T ANDHIKA>","JL B KATAMSO GG ASLI LEMBAH","prelist","MEDAN MAIMUN","KAMPUNG BARU","LINGKUNGAN 2","","","G. Perdagangan Besar dan Eceran, Reparasi Mobil dan Sepeda Motor","SBR"],
    ["107328","JUAL SANDAL <RAHMAD>","JALAN B KATAMSO GANG AMIR","prelist","MEDAN MAIMUN","KAMPUNG BARU","LINGKUNGAN 2","","","G. Perdagangan Besar dan Eceran, Reparasi Mobil dan Sepeda Motor","SBR"],
    ["107329","REPARASI SEPEDA MOTOR","GANG PERBATASAN BARU NO.66","prelist","MEDAN MAIMUN","KAMPUNG BARU","LINGKUNGAN 1","","","G. Perdagangan Besar dan Eceran, Reparasi Mobil dan Sepeda Motor","SBR"],
    ["107330","JUAL TELUR <SAWALINA>","JALAN B KATAMSO GG PERBATASAN","prelist","MEDAN MAIMUN","KAMPUNG BARU","LINGKUNGAN 11","","","G. Perdagangan Besar dan Eceran, Reparasi Mobil dan Sepeda Motor","SBR"],
    ["107343","PEDAGANG BAJU KAOS","JL B KATAMSO GG KENANGAN","prelist","MEDAN MAIMUN","KAMPUNG BARU","LINGKUNGAN 17","","","G. Perdagangan Besar dan Eceran, Reparasi Mobil dan Sepeda Motor","SBR"],
    ["107344","JUAL ES BATU <LENI>","JL MULTATULI","prelist","MEDAN MAIMUN","HAMDAN","LINGKUNGAN 6","","","G. Perdagangan Besar dan Eceran, Reparasi Mobil dan Sepeda Motor","SBR"],
    ["107345","KEDAI KELONTONG <BARANI>","JL B KATAMSO GG WISATA NO 37","prelist","MEDAN MAIMUN","A U R","LINGKUNGAN 4","","","G. Perdagangan Besar dan Eceran, Reparasi Mobil dan Sepeda Motor","SBR"],
    ["107346","JUAL JAJANAN <ERNAWATI>","JALAN BRIGJEN KATAMSO GG SATRIA","prelist","MEDAN MAIMUN","A U R","LINGKUNGAN 4","","","G. Perdagangan Besar dan Eceran, Reparasi Mobil dan Sepeda Motor","SBR"],
    ["107347","KEDAI SAMPAH EDI","IL BRIEJEMD KATAMSO 65 NASIONAL","prelist","MEDAN MAIMUN","KAMPUNG BARU","LINGKUNGAN 9","","","G. Perdagangan Besar dan Eceran, Reparasi Mobil dan Sepeda Motor","SBR"],
    ["107349","PENJUAL BUAH <ZANI>","JALAN BRIGJEN KATAMSO","prelist","MEDAN MAIMUN","SEI MATI","LINGKUNGAN 5","","","G. Perdagangan Besar dan Eceran, Reparasi Mobil dan Sepeda Motor","SBR"],
    ["107350","JUAL GAS <KAIRUDDIN>","JALAN B KATAMSO GANG ALFAJAR","prelist","MEDAN MAIMUN","SEI MATI","LINGKUNGAN 7","","","G. Perdagangan Besar dan Eceran, Reparasi Mobil dan Sepeda Motor","SBR"],
    ["107351","REFITA PARFUM","JL BRIGJEN KATAMSO GG NETRAL NO 12","prelist","MEDAN MAIMUN","A U R","LINGKUNGAN 4","","","G. Perdagangan Besar dan Eceran, Reparasi Mobil dan Sepeda Motor","SBR"],
    ["107352","PECAH BELAH <HENDRIK>","JL B KATAMSO NO 74","prelist","MEDAN MAIMUN","KAMPUNG BARU","LINGKUNGAN 11","","","G. Perdagangan Besar dan Eceran, Reparasi Mobil dan Sepeda Motor","SBR"],
    ["107353","PENJUAL KUE KUE <MARNIS>","JL B KATAMSO GG JERUK NO 12","prelist","MEDAN MAIMUN","KAMPUNG BARU","LINGKUNGAN 8","","","G. Perdagangan Besar dan Eceran, Reparasi Mobil dan Sepeda Motor","SBR"],
    ["107354","JUAL JAJANAN ANAK <JULUI>","JL B KATAMSO G MESJID NO 10","prelist","MEDAN MAIMUN","KAMPUNG BARU","LINGKUNGAN 11","","","G. Perdagangan Besar dan Eceran, Reparasi Mobil dan Sepeda Motor","SBR"],
    ["107355","JUAL MAINAN ANAK-ANAK <SARMEDI>","JL BRIGJEN KATAMSO GG MESJID","prelist","MEDAN MAIMUN","KAMPUNG BARU","LINGKUNGAN 9","","","G. Perdagangan Besar dan Eceran, Reparasi Mobil dan Sepeda Motor","SBR"],
    ["107356","JUALAN KEDAI SAMPAH <ELOK>","JL SAKTI LUBIS GG STASIUN NO 18","prelist","MEDAN MAIMUN","KAMPUNG BARU","LINGKUNGAN 7","","","G. Perdagangan Besar dan Eceran, Reparasi Mobil dan Sepeda Motor","SBR"],
    ["107357","CALO MAKANAN <YUSNIAR>","JL BRIGJEND KATAMSO GG LORI","prelist","MEDAN MAIMUN","KAMPUNG BARU","LINGKUNGAN 5","","","G. Perdagangan Besar dan Eceran, Reparasi Mobil dan Sepeda Motor","SBR"],
    ["107366","TOKO BUKU < MHD TAHIR >","JL PEGADAIAN","prelist","MEDAN MAIMUN","A U R","LINGKUNGAN 7","","","G. Perdagangan Besar dan Eceran, Reparasi Mobil dan Sepeda Motor","SBR"],
    ["107367","TOKO BUKU < RUDY SUDIRMAN>","JL PEGADAIAN","prelist","MEDAN MAIMUN","A U R","LINGKUNGAN 7","","","G. Perdagangan Besar dan Eceran, Reparasi Mobil dan Sepeda Motor","SBR"],
    ["107368","TOKO BUKU < NANDA S >","JL PEGADAIAN","prelist","MEDAN MAIMUN","A U R","LINGKUNGAN 7","","","G. Perdagangan Besar dan Eceran, Reparasi Mobil dan Sepeda Motor","SBR"],
    ["107369","TOKO BUKU < JAUDIN >","JL PEGADAIAN","prelist","MEDAN MAIMUN","A U R","LINGKUNGAN 7","","","G. Perdagangan Besar dan Eceran, Reparasi Mobil dan Sepeda Motor","SBR"],
    ["107370","TOKO BUKU < MUHAMAD YUSUF >","JL PEGADAIAN","prelist","MEDAN MAIMUN","A U R","LINGKUNGAN 7","","","G. Perdagangan Besar dan Eceran, Reparasi Mobil dan Sepeda Motor","SBR"],
    ["107371","WARUNG JAJANAN <TUMALAWATI>","JL KAMPUNG AUR","prelist","MEDAN MAIMUN","A U R","LINGKUNGAN 4","","","G. Perdagangan Besar dan Eceran, Reparasi Mobil dan Sepeda Motor","SBR"],
    ["107372","WARUNG ROKOK <SURYA SUNHADJI>","JL KAMPUNG AUR","prelist","MEDAN MAIMUN","A U R","LINGKUNGAN 4","","","G. Perdagangan Besar dan Eceran, Reparasi Mobil dan Sepeda Motor","SBR"],
    ["107373","PEDAGANG CELANA <TINA>","JL BRIGJEN KATAMSO","prelist","MEDAN MAIMUN","A U R","LINGKUNGAN 2","","","G. Perdagangan Besar dan Eceran, Reparasi Mobil dan Sepeda Motor","SBR"],
    ["107511","TUPPERWARE<DIANA>","JALAN GURILA GANG ABDULLAH NO.8","prelist","MEDAN MAIMUN","J A T I","LINGKUNGAN 1","","","G. Perdagangan Besar dan Eceran, Reparasi Mobil dan Sepeda Motor","SBR"],
    ["107886","BAWAK BECAK <ZULHARDI>","JL BRIGJEN KATAMSO NO 456","prelist","MEDAN MAIMUN","KAMPUNG BARU","LINGKUNGAN 17","","","H. Transportasi dan Pergudangan","SBR"],
    ["107887","BECAK MESIN <IWAN LUBIS>","JALAN LAMPU 1","prelist","MEDAN MAIMUN","KAMPUNG BARU","LINGKUNGAN 16","","","H. Transportasi dan Pergudangan","SBR"],
    ["107888","BETOR <UDIN>","JL SAKTI LUBIS GG REL NO 1","prelist","MEDAN MAIMUN","KAMPUNG BARU","LINGKUNGAN 7","","","H. Transportasi dan Pergudangan","SBR"],
    ["107889","TUKANG BECAK MESIN <SADIKUN>","JL STASIUN NO 20","prelist","MEDAN MAIMUN","KAMPUNG BARU","LINGKUNGAN 11","","","H. Transportasi dan Pergudangan","SBR"],
    ["107890","TUKANG BECAK MESIN <ERWINSYAH>","JALAN BRIGJEND KATAMSO GG PENGHULU LAMA","prelist","MEDAN MAIMUN","KAMPUNG BARU","LINGKUNGAN 2","","","H. Transportasi dan Pergudangan","SBR"],
    ["107891","TUKANG BECAK <ISMAN>","JL PASAR SENEN LEMBAH NO 75","prelist","MEDAN MAIMUN","KAMPUNG BARU","LINGKUNGAN 4","","","H. Transportasi dan Pergudangan","SBR"],
    ["107893","BETOR <MAULANA>","JLN B KATAMSO GG REL","prelist","MEDAN MAIMUN","A U R","LINGKUNGAN 4","","","H. Transportasi dan Pergudangan","SBR"],
    ["107908","BAWA BETOR <BECAK MESIN>","JL MULTATULI LK III NO 75","prelist","MEDAN MAIMUN","HAMDAN","LINGKUNGAN 6","","","H. Transportasi dan Pergudangan","SBR"],
    ["107909","BECAK DAYUNG <YUSMEN>","JL MULTATULI LORONG 5 NO 23","prelist","MEDAN MAIMUN","J A T I","LINGKUNGAN 3","","","H. Transportasi dan Pergudangan","SBR"],
    ["107910","BECAK ABDUL RIFAI","JL BRIGJEN KATAMSO PERWIRA BAWAH","prelist","MEDAN MAIMUN","SEI MATI","LINGKUNGAN 5","","","H. Transportasi dan Pergudangan","SBR"],
    ["107911","BECAK MUSTAFA","JL BRIGJEND KATAMSO GG PERWIRA","prelist","MEDAN MAIMUN","SEI MATI","LINGKUNGAN 11","","","H. Transportasi dan Pergudangan","SBR"],
    ["107913","SUPIR <SURYADI AHMAD>","JLN BRIGJEN KATAMSO GG KENANGA NO 23","prelist","MEDAN MAIMUN","SEI MATI","LINGKUNGAN 9","","","H. Transportasi dan Pergudangan","SBR"],
    ["107914","TUKANG BECAK MOTOR <FADIL>","JL BRIGJEND KATAMSO GG BIDAN BAWAH","prelist","MEDAN MAIMUN","SEI MATI","LINGKUNGAN 8","","","H. Transportasi dan Pergudangan","SBR"],
    ["107915","JASA TRANSPORTASI","JALAN BRIGJEN KATAMSO NO 523 DF","prelist","MEDAN MAIMUN","SEI MATI","LINGKUNGAN 7","","","H. Transportasi dan Pergudangan","SBR"],
    ["107916","BECAK MOTOR <RIDWAN>","JALAN B KATAMSO GG SETIA BARU","prelist","MEDAN MAIMUN","KAMPUNG BARU","LINGKUNGAN 19","","","H. Transportasi dan Pergudangan","SBR"],
    ["107917","BECAK MESIN <RUDI>","JLN.B.KATAMSO GG PELITA 2","prelist","MEDAN MAIMUN","KAMPUNG BARU","LINGKUNGAN 18","","","H. Transportasi dan Pergudangan","SBR"],
    ["108361","OJEK KELILING <FIRMAN>","LINGKUNGAN I","prelist","MEDAN MAIMUN","SEI MATI","LINGKUNGAN 9","","","H. Transportasi dan Pergudangan","SBR"],
    ["108602","TUKANG BECAK MESIN <LEMAN >","JL MANTRI NO 21 D","prelist","MEDAN MAIMUN","A U R","LINGKUNGAN 3","","","H. Transportasi dan Pergudangan","SBR"],
    ["108603","BECAK MESIN <JANNU S>","JI BRIGJEN KATAMSO GG PANCASILA","prelist","MEDAN MAIMUN","SUKARAJA","LINGKUNGAN 7","","","H. Transportasi dan Pergudangan","SBR"],
    ["108604","TUKANG BECAK <DEVYUZAR>","JLN. B.KATAMSO GG LAMPU 1","prelist","MEDAN MAIMUN","KAMPUNG BARU","LINGKUNGAN 16","","","H. Transportasi dan Pergudangan","SBR"],
    ["109182","GORENGAN <SITI>","JLN B KATAMSO GG PEMUDA 9","prelist","MEDAN MAIMUN","SEI MATI","LINGKUNGAN 4","","","I. Penyediaan Akomodasi dan Makan Minum","SBR"],
    ["109183","JUAL MARTABAK <SUTRISNO>","JL BRIGGEND KATAMSO GANG RELA","prelist","MEDAN MAIMUN","KAMPUNG BARU","LINGKUNGAN 1","","","I. Penyediaan Akomodasi dan Makan Minum","SBR"],
    ["109184","JUALAN JUICE INSTANS <ZUKHRINA AKMAL>","GANG PERBATASAN BARU BLOK 1","prelist","MEDAN MAIMUN","KAMPUNG BARU","LINGKUNGAN 11","","","I. Penyediaan Akomodasi dan Makan Minum","SBR"],
    ["109198","MIE GORENG <NURLELA>","JL B KATAMSO GG BUDIMAN","prelist","MEDAN MAIMUN","SUKARAJA","LINGKUNGAN 1","","","I. Penyediaan Akomodasi dan Makan Minum","SBR"],
    ["109199","WARUNG KOPI","JL BRIGJEN KATAMSO GG ISTIRAHAT","prelist","MEDAN MAIMUN","A U R","LINGKUNGAN 4","","","I. Penyediaan Akomodasi dan Makan Minum","SBR"],
    ["109200","RUMAH KOST WIDYA","JL BRIGJEND KATAMSO GG SOSIAL","prelist","MEDAN MAIMUN","SEI MATI","LINGKUNGAN 11","","","I. Penyediaan Akomodasi dan Makan Minum","SBR"],
    ["109201","KEDAI NASI <YUSNIDAWATI>","JL BRIGJEND KATAMSO GG PERWIRA","prelist","MEDAN MAIMUN","SEI MATI","LINGKUNGAN 11","","","I. Penyediaan Akomodasi dan Makan Minum","SBR"],
    ["109202","JUAL NASI BUNGKUS <SUMIATI>","JL BRIGJEND KATAMSO GG KELUARGA BAWAH","prelist","MEDAN MAIMUN","SEI MATI","LINGKUNGAN 8","","","I. Penyediaan Akomodasi dan Makan Minum","SBR"],
    ["109203","KANTIN SD 060788 <YENDRA>","JL BRIGJEND KATAMSO GS BALAI DESA","prelist","MEDAN MAIMUN","SEI MATI","LINGKUNGAN 5","","","I. Penyediaan Akomodasi dan Makan Minum","SBR"],
    ["109204","JUALAN NASI GORENG","JLN.B.KATAMSO GG. PELITA 2","prelist","MEDAN MAIMUN","KAMPUNG BARU","LINGKUNGAN 18","","","I. Penyediaan Akomodasi dan Makan Minum","SBR"],
    ["109205","JUAL ES <ABDULLAH>","JL BRIGJEN KATAMSO GG KENANGAN NO 124","prelist","MEDAN MAIMUN","KAMPUNG BARU","LINGKUNGAN 17","","","I. Penyediaan Akomodasi dan Makan Minum","SBR"],
    ["109206","JUAL LONTONG <EVA>","JL BRIGJEN KATAMSO GG KENANGAN 2027","prelist","MEDAN MAIMUN","KAMPUNG BARU","LINGKUNGAN 17","","","I. Penyediaan Akomodasi dan Makan Minum","SBR"],
    ["109208","JUAL BAKSO BAKAR <LAILA SAFITRI NAWAR>","JLN. B.KATAMSO GG. LAMPU 1","prelist","MEDAN MAIMUN","KAMPUNG BARU","LINGKUNGAN 16","","","I. Penyediaan Akomodasi dan Makan Minum","SBR"],
    ["109209","JUAL LONTONG MALAM <NURHAYETI>","JL B KATAMS O GG MESJID","prelist","MEDAN MAIMUN","KAMPUNG BARU","LINGKUNGAN 9","","","I. Penyediaan Akomodasi dan Makan Minum","SBR"],
    ["109210","CATRINGAN <ISMAR>","JL B KATAMSO GG MESJID NO 79","prelist","MEDAN MAIMUN","KAMPUNG BARU","LINGKUNGAN 8","","","I. Penyediaan Akomodasi dan Makan Minum","SBR"],
    ["109211","JUALAN LONTONG <JULI>","JL SAKTI LUBIS GG STASIUN NO 14","prelist","MEDAN MAIMUN","KAMPUNG BARU","LINGKUNGAN 7","","","I. Penyediaan Akomodasi dan Makan Minum","SBR"],
    ["109212","JUAL GORENGAN <DESI>","JALAN PASAR SENEN KOMPLEK SD","prelist","MEDAN MAIMUN","KAMPUNG BARU","LINGKUNGAN 4","","","I. Penyediaan Akomodasi dan Makan Minum","SBR"],
    ["109213","JUALAN ES CREAM <JOKO>","JL PASAR SENEN LEMBAH","prelist","MEDAN MAIMUN","KAMPUNG BARU","LINGKUNGAN 4","","","I. Penyediaan Akomodasi dan Makan Minum","SBR"],
    ["109214","KEDAI MINUMAN SACHET <KARTINAH>","JL KAMPUNG AUR NO 14","prelist","MEDAN MAIMUN","A U R","LINGKUNGAN 4","","","I. Penyediaan Akomodasi dan Makan Minum","SBR"],
    ["109215","JUAL LONTONG KELILING <KARMELITA>","JL MANTRI NO 28 B","prelist","MEDAN MAIMUN","A U R","LINGKUNGAN 4","","","I. Penyediaan Akomodasi dan Makan Minum","SBR"],
    ["109216","ES CAMPUR <DESNITA>","SEI MATI GG RAKYAT NO 39","prelist","MEDAN MAIMUN","SEI MATI","LINGKUNGAN 9","","","I. Penyediaan Akomodasi dan Makan Minum","SBR"],
    ["109218","LONTONG AZURA","JALAN B KATAMSO PANTA I BURUNG LOR 3 NO 88","prelist","MEDAN MAIMUN","KAMPUNG BARU","LINGKUNGAN 17","","","I. Penyediaan Akomodasi dan Makan Minum","SBR"],
    ["109219","PERSEWAAN KAMAR <LINDA>","JALAN BADUR GG B UNTU NO 4 6","prelist","MEDAN MAIMUN","HAMDAN","LINGKUNGAN 10","","","I. Penyediaan Akomodasi dan Makan Minum","SBR"],
    ["109221","WARKOP REZA","JALAN HAJI MISBAH","prelist","MEDAN MAIMUN","HAMDAN","LINGKUNGAN 7","","","I. Penyediaan Akomodasi dan Makan Minum","SBR"],
    ["109222","WARUNG NASI KAK YUS <YUSNIAR>","JL MULTATULI NO 42","prelist","MEDAN MAIMUN","HAMDAN","LINGKUNGAN 5","","","I. Penyediaan Akomodasi dan Makan Minum","SBR"],
    ["109223","JUAL JAJANAN DAN PISANG GORENG","JL MULTATULI LK IV NO 68","prelist","MEDAN MAIMUN","HAMDAN","LINGKUNGAN 6","","","I. Penyediaan Akomodasi dan Makan Minum","SBR"],
    ["109224","PENYEWAAN KOST <LINDA SIMBOLON>","JALAN MULTATULI","prelist","MEDAN MAIMUN","J A T I","LINGKUNGAN 1","","","I. Penyediaan Akomodasi dan Makan Minum","SBR"],
    ["109225","WARKOP<NINING>","JALAN SAMANHUDI","prelist","MEDAN MAIMUN","J A T I","LINGKUNGAN 3","","","I. Penyediaan Akomodasi dan Makan Minum","SBR"],
    ["109226","WARKOP <INGADI>","JALAN SAMANHUDI","prelist","MEDAN MAIMUN","J A T I","LINGKUNGAN 3","","","I. Penyediaan Akomodasi dan Makan Minum","SBR"],
    ["109227","WARUNG KOPI 10 <JOEL>","JALAN HAJI MISBAH","prelist","MEDAN MAIMUN","J A T I","LINGKUNGAN 2","","","I. Penyediaan Akomodasi dan Makan Minum","SBR"],
    ["109228","PENJUAL SARAPAN <TETI>","PAJAK WARNA","prelist","MEDAN MAIMUN","SUKARAJA","LINGKUNGAN 6","","","I. Penyediaan Akomodasi dan Makan Minum","SBR"],
    ["109229","JUALAN KUE SUPINAH","JALAN BAHAGI A GANG SEHAT NO 4","prelist","MEDAN MAIMUN","SUKARAJA","LINGKUNGAN 6","","","I. Penyediaan Akomodasi dan Makan Minum","SBR"],
    ["109242","RUMAH MAKAN RASO BASAMO","JALAN SUKA MULIA 12-13","prelist","MEDAN MAIMUN","A U R","LINGKUNGAN 6","","","I. Penyediaan Akomodasi dan Makan Minum","SBR"],
    ["109243","WARUNG KOPI <TAN JUI>","JALAN MANGKUBUMI NO 30","prelist","MEDAN MAIMUN","A U R","LINGKUNGAN 9","","","I. Penyediaan Akomodasi dan Makan Minum","SBR"],
    ["109244","WARUNG SUNDA","JL KOLONEL SUGIONO NO 3B","prelist","MEDAN MAIMUN","A U R","LINGKUNGAN 5","","","I. Penyediaan Akomodasi dan Makan Minum","SBR"],
    ["109245","KEDE BUBUR","JALAN MANGKUBUMI NO 16 A","prelist","MEDAN MAIMUN","A U R","LINGKUNGAN 5","","","I. Penyediaan Akomodasi dan Makan Minum","SBR"],
    ["109258","PENJUAL GORENGAN KELILING","JALAN MULTATULI","prelist","MEDAN MAIMUN","HAMDAN","LINGKUNGAN 6","","","I. Penyediaan Akomodasi dan Makan Minum","SBR"],
    ["109271","PERSEWAAN KAMAR <TJIE>","JALAN TUMAR N 056","prelist","MEDAN MAIMUN","J A T I","LINGKUNGAN 1","","","I. Penyediaan Akomodasi dan Makan Minum","SBR"],
    ["109620","WARUNG MINUM KOKO","LT 2 NO 56 YTAHAP 1 PASAR PETISAH","prelist","MEDAN MAIMUN","J A T I","LINGKUNGAN 1","","","I. Penyediaan Akomodasi dan Makan Minum","SBR"],
    ["109662","KOS KOSAN IT","JL PALANG MERAH NO II","prelist","MEDAN MAIMUN","A U R","LINGKUNGAN 6","","","I. Penyediaan Akomodasi dan Makan Minum","SBR"],
    ["109693","KOST KOSAN 12 P <ALINUR>","JL PALANG MERAH BELAKANG","prelist","MEDAN MAIMUN","A U R","LINGKUNGAN 6","","","I. Penyediaan Akomodasi dan Makan Minum","SBR"],
    ["110397","JUAL BANDREK < RUSLAN >","GG PERBATASAN","prelist","MEDAN MAIMUN","KAMPUNG BARU","LINGKUNGAN 21","","","I. Penyediaan Akomodasi dan Makan Minum","SBR"],
    ["110462","PENJUAL PEVCAL <JOHAN>","KAMPUNG BARU","prelist","MEDAN MAIMUN","KAMPUNG BARU","LINGKUNGAN 2","","","I. Penyediaan Akomodasi dan Makan Minum","SBR"],
    ["110463","PENYEWAAN KAMAR <YANI>","JL BRIGJEND KATAMSO GG LORI NO 124B","prelist","MEDAN MAIMUN","KAMPUNG BARU","LINGKUNGAN 7","","","I. Penyediaan Akomodasi dan Makan Minum","SBR"],
    ["110464","JUAL SAYUR MASAK <JANNA>","JL B KATAMSO GG ASLI LEMBAH","prelist","MEDAN MAIMUN","KAMPUNG BARU","LINGKUNGAN 2","","","I. Penyediaan Akomodasi dan Makan Minum","SBR"],
    ["110484","KEDAI NASI GORENG <MUHAMMAD TOPIK>","JL KAMPUNG AUR","prelist","MEDAN MAIMUN","A U R","LINGKUNGAN 4","","","I. Penyediaan Akomodasi dan Makan Minum","SBR"],
    ["110485","KEDAI MINUMAN <NOVA>","JALAN BRIGJEN KATAMSO BELAKANG REL NO 2C","prelist","MEDAN MAIMUN","A U R","LINGKUNGAN 2","","","I. Penyediaan Akomodasi dan Makan Minum","SBR"],
    ["110486","WARUNG MAKANAN <SRI>","JALAN KANTIL","prelist","MEDAN MAIMUN","HAMDAN","LINGKUNGAN 7","","","I. Penyediaan Akomodasi dan Makan Minum","SBR"],
    ["110487","PENYEWAAN KAMAR","JL MULTATULI LK IV NO 69","prelist","MEDAN MAIMUN","HAMDAN","LINGKUNGAN 6","","","I. Penyediaan Akomodasi dan Makan Minum","SBR"],
    ["110488","PENJUAL KUE JUWITA TENTU","JLN WARNA NO 47","prelist","MEDAN MAIMUN","SUKARAJA","LINGKUNGAN 8","","","I. Penyediaan Akomodasi dan Makan Minum","SBR"],
    ["110489","KEDAI KOPI <BAKDIIAH>","JL BRIGJEN KATAMSO GG MERDEKA","prelist","MEDAN MAIMUN","SEI MATI","LINGKUNGAN 8","","","I. Penyediaan Akomodasi dan Makan Minum","SBR"],
    ["110490","JUAL JAJANAN ANAK <ADEK>","JL BRIGJEND KATAMSO GG BIDAN BAWAH","prelist","MEDAN MAIMUN","SEI MATI","LINGKUNGAN 8","","","I. Penyediaan Akomodasi dan Makan Minum","SBR"],
    ["110491","JUAL TAHUMEDAN <MUSLIM>","JL BRIGJEN KATAMSO GG KENANGAN BAWAH","prelist","MEDAN MAIMUN","KAMPUNG BARU","LINGKUNGAN 17","","","I. Penyediaan Akomodasi dan Makan Minum","SBR"],
    ["110492","JUALAN MIE BALAP <MAIMUNAH>","JALAN LAMPU 1","prelist","MEDAN MAIMUN","KAMPUNG BARU","LINGKUNGAN 16","","","I. Penyediaan Akomodasi dan Makan Minum","SBR"],
    ["110493","WARUNG KOPI","JL SAKTI LUBIS","prelist","MEDAN MAIMUN","KAMPUNG BARU","LINGKUNGAN 7","","","I. Penyediaan Akomodasi dan Makan Minum","SBR"],
    ["110804","JUAL PULSA <RUDI>","JALAN MANTRI","prelist","MEDAN MAIMUN","A U R","LINGKUNGAN 3","","","J. Informasi dan Komunikasi","SBR"],
    ["110805","JUAL PULSA <RUMI>","JL MULTATULI NO 14","prelist","MEDAN MAIMUN","HAMDAN","LINGKUNGAN 6","","","J. Informasi dan Komunikasi","SBR"],
    ["110806","RADIO MBC <ANGKUH SUTAN SINARO>","JALAN MULTATULI NO.45","prelist","MEDAN MAIMUN","J A T I","LINGKUNGAN 1","","","J. Informasi dan Komunikasi","SBR"],
    ["110807","PULSA<CHAIDIR>","JL B KATAMSO NO 285","prelist","MEDAN MAIMUN","SUKARAJA","LINGKUNGAN 1","","","J. Informasi dan Komunikasi","SBR"],
    ["110808","JUAL PULSA<AINI>","JL BRIGJEND KATAMSO GG BIDAN BAWAH","prelist","MEDAN MAIMUN","SEI MATI","LINGKUNGAN 8","","","J. Informasi dan Komunikasi","SBR"],
    ["110809","PERSEWAAN RUMAH <BAHAR>","JL B KATAMSO GG PELITA 2","prelist","MEDAN MAIMUN","KAMPUNG BARU","LINGKUNGAN 18","","","J. Informasi dan Komunikasi","SBR"],
    ["110810","JUAL PULSA <SYAFRIDA>","JL B KATAMSO GG MANCANG","prelist","MEDAN MAIMUN","A U R","LINGKUNGAN 4","","","J. Informasi dan Komunikasi","SBR"],
    ["110811","JUAL PULSA <FAHMI>","JALAN B KATAMSO KAMPUNG BARU","prelist","MEDAN MAIMUN","KAMPUNG BARU","LINGKUNGAN 11","","","J. Informasi dan Komunikasi","SBR"],
    ["110812","BUKA WARNET<NILMAN>","GANG PERBATASAN NO 6","prelist","MEDAN MAIMUN","KAMPUNG BARU","LINGKUNGAN 21","","","J. Informasi dan Komunikasi","SBR"],
    ["111049","JUAL PULSA <COLI>","JALAN B KATAMSO GANG BALI NO 11","prelist","MEDAN MAIMUN","KAMPUNG BARU","LINGKUNGAN 2","","","J. Informasi dan Komunikasi","SBR"],
    ["111124","BSM KC MEDAN KAMPUNG BARU","JL.BRIGJEND KATAMSO NO 717B RT: RW: KODEPOS: 20217","prelist","MEDAN MAIMUN","KAMPUNG BARU","LINGKUNGAN 7","","","K. Aktivitas Keuangan Dan Asuransi","SBR"],
    ["111125","BANK TABUNGAN NEGARA CABANG, PT","JL.PEMUDA NO 10A LT3,","prelist","MEDAN MAIMUN","A U R","LINGKUNGAN 5","","","K. Aktivitas Keuangan Dan Asuransi","SBR"],
    ["111126","BANK BNI KANWIL MEDAN","JL. PEMUDA NO. 12 LT IV MEDAN","prelist","MEDAN MAIMUN","A U R","LINGKUNGAN 5","","","K. Aktivitas Keuangan Dan Asuransi","SBR"],
    ["111133","JASA KEUANGAN <FITRIANI>","JL BRIGJEN KATAMSO GG KENANGA","prelist","MEDAN MAIMUN","KAMPUNG BARU","LINGKUNGAN 12","","","K. Aktivitas Keuangan Dan Asuransi","SBR"],
    ["111252","KONTRAKAN RUMAH <HJ SYARIAH BR BARUS>","JL BRIGIEND KATAMSO NO 755","prelist","MEDAN MAIMUN","KAMPUNG BARU","LINGKUNGAN 2","","","L. Real Estat","SBR"],
    ["111253","RUMAH SEWA <DAMSIR>","JALAN BRIGGEND KATAMSO GG PENGHULU LAMA","prelist","MEDAN MAIMUN","KAMPUNG BARU","LINGKUNGAN 2","","","L. Real Estat","SBR"],
    ["111254","PENYEWAAN RUMAH <UMI>","JL PASAR SENEN LEMBAH","prelist","MEDAN MAIMUN","KAMPUNG BARU","LINGKUNGAN 4","","","L. Real Estat","SBR"],
    ["111522","PERSEWAAN RUMAH <CHAIRUNISAH>","JL B KATAMSO GG ALFAJAR","prelist","MEDAN MAIMUN","SEI MATI","LINGKUNGAN 7","","","L. Real Estat","SBR"],
    ["111523","PERSEWAAN RUMAH <SUMARNI>","JALAN B KATAMSO GANG LAMPU 1","prelist","MEDAN MAIMUN","KAMPUNG BARU","LINGKUNGAN 16","","","L. Real Estat","SBR"],
    ["111524","SEWA RUMAH <EKA YUSRINA>","JL PASAR SENEN LEMBAH","prelist","MEDAN MAIMUN","KAMPUNG BARU","LINGKUNGAN 4","","","L. Real Estat","SBR"],
    ["111628","NEISIA HOLIDAY & LEISURE","JALAN PANDU NO 10 RT: RW: KODEPOS: 20151","prelist","MEDAN MAIMUN","A U R","LINGKUNGAN 8","","","N. Jasa Persewaan, Ketenagakerjaan, Agen Perjalanan, dan Jasa Pendukung","SBR"],
    ["111686","OKTA FOTOCOPY","JALAN MANGKUBUMI","prelist","MEDAN MAIMUN","A U R","LINGKUNGAN 9","","","N. Jasa Persewaan, Ketenagakerjaan, Agen Perjalanan, dan Jasa Pendukung","SBR"],
    ["111809","JUAL TIKET PESAWAT <ZUL>","JL B KATAMSO GG PENGHULU LAMA KP BARU","prelist","MEDAN MAIMUN","KAMPUNG BARU","LINGKUNGAN 2","","","N. Jasa Persewaan, Ketenagakerjaan, Agen Perjalanan, dan Jasa Pendukung","SBR"],
    ["111866","LES MUSIK <IMANUELA>","JL SM RAJA KOMPLEK RIVIERA","prelist","MEDAN MAIMUN","SEI MATI","LINGKUNGAN 10","","","P. Pendidikan","SBR"],
    ["111978","BIDAN","JL BAHAGIA","prelist","MEDAN MAIMUN","SUKARAJA","LINGKUNGAN 8","","","Q. Jasa Kesehatan dan Kegiatan Sosial","SBR"],
    ["111994","KLINIK DR WILIF","J L PALANG MERAH","prelist","MEDAN MAIMUN","A U R","LINGKUNGAN 6","","","Q. Jasa Kesehatan dan Kegiatan Sosial","SBR"],
    ["112020","PENGOBATAN BEKAM <CHAIRUL>","JL BRIGJEN KATAMSO GG MESJID","prelist","MEDAN MAIMUN","KAMPUNG BARU","LINGKUNGAN 9","","","Q. Jasa Kesehatan dan Kegiatan Sosial","SBR"],
    ["112137","PS <MAHYUDIN>","JALAN B KATAMSO GANG TANJUNG BAWAH","prelist","MEDAN MAIMUN","KAMPUNG BARU","LINGKUNGAN 20","","","R. Kesenian, Hiburan, dan Rekreasi","SBR"],
    ["112302","BILAL MAYIT <IMLAWATI BR GINTING>","JLN B KATAMSO GG LAMPU 1","prelist","MEDAN MAIMUN","KAMPUNG BARU","LINGKUNGAN 16","","","S. Aktivitas Jasa Lainnya","SBR"],
    ["112303","TEMPEL BAN <EDI SYAHPUTRA>","JLN. B.KATAMSO GG. LAMPU 1","prelist","MEDAN MAIMUN","KAMPUNG BARU","LINGKUNGAN 16","","","S. Aktivitas Jasa Lainnya","SBR"],
    ["112304","SOL SEPATU <B PANJAITAN>","JL BUSI GG REL N0 43 KP BARU","prelist","MEDAN MAIMUN","KAMPUNG BARU","LINGKUNGAN 11","","","S. Aktivitas Jasa Lainnya","SBR"],
    ["112305","RAHMAD SERVICE","JL SAKTI LUBIS","prelist","MEDAN MAIMUN","KAMPUNG BARU","LINGKUNGAN 7","","","S. Aktivitas Jasa Lainnya","SBR"],
    ["112307","TUKANG PARKIR <TAUFIK>","JL BRIGJEND KATAMSO GG LORI","prelist","MEDAN MAIMUN","KAMPUNG BARU","LINGKUNGAN 5","","","S. Aktivitas Jasa Lainnya","SBR"],
    ["112308","GURU NGAJI <ASMIDAR>","JL PASAR SENEN LEMBAH","prelist","MEDAN MAIMUN","KAMPUNG BARU","LINGKUNGAN 4","","","S. Aktivitas Jasa Lainnya","SBR"],
    ["112309","PANGKAS MULIA <JHON>","JL BRIGJEN KATAMSO NO 326","prelist","MEDAN MAIMUN","SEI MATI","LINGKUNGAN 9","","","S. Aktivitas Jasa Lainnya","SBR"],
    ["112329","TUKANG PARKIR <BUDI SINAGA>","JALAN MANGKUBUMI","prelist","MEDAN MAIMUN","A U R","LINGKUNGAN 9","","","S. Aktivitas Jasa Lainnya","SBR"],
    ["112330","TAMBAL BAN <ZAKARIA>","JL TERATAI NO 24A","prelist","MEDAN MAIMUN","HAMDAN","LINGKUNGAN 7","","","S. Aktivitas Jasa Lainnya","SBR"],
    ["112331","JURU PARKIR <FAISAL>","JALAN SAMANHUDI LK 1 RS STELLA MARIS","prelist","MEDAN MAIMUN","J A T I","LINGKUNGAN 1","","","S. Aktivitas Jasa Lainnya","SBR"],
    ["112332","SALON <SUSANNA>","JL BAHAGIA GG USAHA 1 NO 4","prelist","MEDAN MAIMUN","SUKARAJA","LINGKUNGAN 4","","","S. Aktivitas Jasa Lainnya","SBR"],
    ["112333","BUAT ENGSEL PINTU","JL BRIGJEN KATAMSO GG KESATRIA","prelist","MEDAN MAIMUN","SEI MATI","LINGKUNGAN 12","","","S. Aktivitas Jasa Lainnya","SBR"],
    ["112881","TUKANG SEMIR SEPATU","JL MANTRI NO.24-H","prelist","MEDAN MAIMUN","A U R","LINGKUNGAN 3","","","S. Aktivitas Jasa Lainnya","SBR"],
    ["112882","TUKANG PARKIR<JOKKOL>","JL HAJI MISBAH NO 60","prelist","MEDAN MAIMUN","HAMDAN","LINGKUNGAN 1","","","S. Aktivitas Jasa Lainnya","SBR"],
    ["112883","ZI LAUNDRY DEDY HERIANTO","JL BAHAGIA NO 23 A","prelist","MEDAN MAIMUN","SUKARAJA","LINGKUNGAN 6","","","S. Aktivitas Jasa Lainnya","SBR"],
    ["112884","BILAL MAYIT <LELI>","JL WARNI","prelist","MEDAN MAIMUN","SUKARAJA","LINGKUNGAN 5","","","S. Aktivitas Jasa Lainnya","SBR"],
    ["112885","REPARASI TAS <ELVIYANTI>","JL BRIGJEN KATAMSO GG MERDEKA","prelist","MEDAN MAIMUN","SEI MATI","LINGKUNGAN 8","","","S. Aktivitas Jasa Lainnya","SBR"],
    ["112886","DAKWAH<BURHAN>","JL B KATAMSO GG SEMPURNA","prelist","MEDAN MAIMUN","SEI MATI","LINGKUNGAN 7","","","S. Aktivitas Jasa Lainnya","SBR"],
    ["112887","TUKANG SABLON <ZULHERY>","JL BRIGJEND KATAMSO GG RELA NO 26","prelist","MEDAN MAIMUN","KAMPUNG BARU","LINGKUNGAN 1","","","S. Aktivitas Jasa Lainnya","SBR"],
    ["113062","SUMBER MEDIKA, PT","JL. H. MISBAH","prelist","MEDAN MAIMUN","HAMDAN","LINGKUNGAN 6","","","G. Perdagangan Besar dan Eceran, Reparasi Mobil dan Sepeda Motor","SBR"],
    ["113063","SUMBER MEDIKA","JL. H. MISBAH","prelist","MEDAN MAIMUN","HAMDAN","LINGKUNGAN 6","","","G. Perdagangan Besar dan Eceran, Reparasi Mobil dan Sepeda Motor","SBR"],
    ["113124","MULTI SIBOLGA TIMBER, PT","Jl. Kol. Sugiono No.10 D-E-F","prelist","MEDAN MAIMUN","A U R","LINGKUNGAN 5","","","A. Pertanian, Kehutanan, dan Perikanan","SBR"],
    ["113125","GUNUNG RAYA UTAMA TIMBER INDUSTRIES, PT","Jl. Kol. Sugiono No.10 D-E-F","prelist","MEDAN MAIMUN","A U R","LINGKUNGAN 9","","","A. Pertanian, Kehutanan, dan Perikanan","SBR"],
    ["113208","BENGKEL LAS CIAMIS JAYA \"HARYONO\"","JL MAHKAMAH NO 68","prelist","MEDAN MAIMUN","A U R","LINGKUNGAN 8","","","C. Industri Pengolahan","SBR"],
    ["113209","BENGKEL LAS CAHAYA \"RIZAL\"","JL MAHKAMAH NO 70D","prelist","MEDAN MAIMUN","A U R","LINGKUNGAN 8","","","C. Industri Pengolahan","SBR"],
    ["113210","CV MAJU JAYA \"RAHMAD\"","JL MAHKAMAH NO 72D","prelist","MEDAN MAIMUN","A U R","LINGKUNGAN 8","","","C. Industri Pengolahan","SBR"],
    ["113395","SINAR INTI BERKAH SEJ AHTERA, PT","KOMPLEK MULTATULI IND AH BLOK E NO 21-22","prelist","MEDAN MAIMUN","A U R","LINGKUNGAN 10","","","F. Konstruksi","SBR"],
    ["113396","KARYA CIPTA BERSAMA, CV","JL PALANG MERAH DALAM NO 34 C MEDAN","prelist","MEDAN MAIMUN","A U R","LINGKUNGAN 9","","","F. Konstruksi","SBR"],
    ["113398","DIAN, CV","JL BRIGJEN KATAMSO","prelist","MEDAN MAIMUN","A U R","LINGKUNGAN 2","","","F. Konstruksi","SBR"],
    ["113399","KURNIA BANGUNAN, CV","JL MANGKUBUMI NO IA","prelist","MEDAN MAIMUN","A U R","LINGKUNGAN 9","","","F. Konstruksi","SBR"],
    ["113400","MIEL NUSANTARA DEVELO MENT, PT","COM PLEK MULTATULI IND AH BLOK G N C 7","prelist","MEDAN MAIMUN","A U R","LINGKUNGAN 3","","","F. Konstruksi","SBR"],
    ["113401","SURYA INDONESIA BARU, CV","JL DAHLIA NO 7","prelist","MEDAN MAIMUN","HAMDAN","LINGKUNGAN 7","","","F. Konstruksi","SBR"],
    ["113402","MEDAN CONTROL ENGINEERING, CV","JL B KATAMSO KOMPLEK ISTANA BISNIS CENTER","prelist","MEDAN MAIMUN","SUKARAJA","LINGKUNGAN 7","","","F. Konstruksi","SBR"],
    ["113403","DIANA UTAMA MANDIRI, CV","JLAN BRIGIEN KATAMSO","prelist","MEDAN MAIMUN","SEI MATI","LINGKUNGAN 1","","","F. Konstruksi","SBR"],
    ["113404","RIZKY ANANDA PRATAMA MANDIRI, PT","JL BRIGJEN KATAMSO GG JARAK NO 9 A","prelist","MEDAN MAIMUN","KAMPUNG BARU","LINGKUNGAN 1","","","F. Konstruksi","SBR"],
    ["113405","LAURA CONSULTANT, CV","JL BRIGJEN KATAMSO","prelist","MEDAN MAIMUN","KAMPUNG BARU","LINGKUNGAN 20","","","F. Konstruksi","SBR"],
    ["113516","AYU RAYA, CV","JL PALANG MERAH DALAM NO 3H-J","prelist","MEDAN MAIMUN","A U R","LINGKUNGAN 6","","","F. Konstruksi","SBR"],
    ["113870","PUTRA PRIMA CIPTA, CV","JL BRIGJEND KATAMSO NO 222-F","prelist","MEDAN MAIMUN","KAMPUNG BARU","LINGKUNGAN 20","","","F. Konstruksi","SBR"],
    ["113871","NOVINDO GLOBAL ENGINEERING, CV","JL B. KATAMSO NO 412 LK. VII","prelist","MEDAN MAIMUN","SEI MATI","LINGKUNGAN 7","","","F. Konstruksi","SBR"],
    ["113872","HANAN PRIMA LESTARI, CV","JL BRIGJEND. KATAMSO NO 243 KAMPUNG BARU","prelist","MEDAN MAIMUN","KAMPUNG BARU","LINGKUNGAN 20","","","F. Konstruksi","SBR"],
    ["113886","WIRATA CONSULTANT, CV","JL MULTATULI KOMP. MULTATULI INDAH BLOK. F NO 10","prelist","MEDAN MAIMUN","HAMDAN","LINGKUNGAN 1","","","F. Konstruksi","SBR"],
    ["113887","PRIMA JAYA PERKASA, CV","JL MULTATULI LK.IV NO 03","prelist","MEDAN MAIMUN","HAMDAN","LINGKUNGAN 6","","","F. Konstruksi","SBR"],
    ["113889","ZAMAN, CV","JL IR. H. JUANDA BARU NO 37, MEDAN MAIMUN","prelist","MEDAN MAIMUN","SUKARAJA","LINGKUNGAN 5","","","F. Konstruksi","SBR"],
    ["113890","USNI, UD","JL IR. H. JUANDA BARU NO 37, MEDAN MAIMUN","prelist","MEDAN MAIMUN","SUKARAJA","LINGKUNGAN 5","","","F. Konstruksi","SBR"],
    ["113892","MANDIRI ABADI SEJAHTERA, CV","JL MULTATULI NO 95 KEL. HAMDAN KEC. MEDAN MAIMUN","prelist","MEDAN MAIMUN","HAMDAN","LINGKUNGAN 3","","","F. Konstruksi","SBR"],
    ["113893","ALDIRON TRIJAYA SAKTI, CV","JL H. JUANDA NO 37","prelist","MEDAN MAIMUN","SUKARAJA","LINGKUNGAN 5","","","F. Konstruksi","SBR"],
    ["113894","AGNESIA PRATAMA, CV","JL BRIGJEND KATAMSO GG. BAKTI NO 12","prelist","MEDAN MAIMUN","SUKARAJA","LINGKUNGAN 7","","","F. Konstruksi","SBR"],
    ["113895","DINI UTAMA KARYA, CV","JL BIRGJEN. KATAMSO GG. KASIH NO 09","prelist","MEDAN MAIMUN","KAMPUNG BARU","LINGKUNGAN 9","","","F. Konstruksi","SBR"],
    ["113896","CENDRAWASIH, CV","JL BRIG. JEND. KATAMSO NO 339","prelist","MEDAN MAIMUN","SEI MATI","LINGKUNGAN 8","","","F. Konstruksi","SBR"],
    ["113897","AZKA PERSADA, CV","JL BRIGJEND. KATAMSO NO 243 MEDAN MAIMUN","prelist","MEDAN MAIMUN","KAMPUNG BARU","LINGKUNGAN 20","","","F. Konstruksi","SBR"],
    ["113899","TRIMUSI UTAMA, CV","JL B. KATAMSO NO 408 - C","prelist","MEDAN MAIMUN","SEI MATI","LINGKUNGAN 7","","","F. Konstruksi","SBR"],
    ["113900","ROYAL TEKNIK, CV","JL BRIGJEND KATAMSO NO 222 D","prelist","MEDAN MAIMUN","KAMPUNG BARU","LINGKUNGAN 20","","","F. Konstruksi","SBR"],
    ["113911","REZEKI UTAMA, CV","JL BRIG. JEND. KATAMSO NO 3 - 5","prelist","MEDAN MAIMUN","SEI MATI","LINGKUNGAN 3","","","F. Konstruksi","SBR"],
    ["113912","PUTRA UTAMA, CV","JL BRIGJEND. KATAMSO NO 408C, MEDAN MAIMUN","prelist","MEDAN MAIMUN","SEI MATI","LINGKUNGAN 10","","","F. Konstruksi","SBR"],
    ["113913","PEMETA INTERNATIONAL, CV","JL KOL. SUGIONO","prelist","MEDAN MAIMUN","A U R","LINGKUNGAN 5","","","F. Konstruksi","SBR"],
    ["113916","DHARMA JAYA, UD","JL PALANG MERAH NO 01 - F","prelist","MEDAN MAIMUN","A U R","LINGKUNGAN 6","","","F. Konstruksi","SBR"],
    ["113917","ADI SEMESTA TEHNIK, CV","JL PEMUDA NO 22","prelist","MEDAN MAIMUN","A U R","LINGKUNGAN 5","","","F. Konstruksi","SBR"],
    ["114224","PEDULI BANGSA, CV","JL BARU NO 53 A","prelist","MEDAN MAIMUN","J A T I","LINGKUNGAN 1","","","F. Konstruksi","SBR"],
    ["114614","AA GROUP, CV","JL BRIGJEN KATAMSO DALAM NO 110","prelist","MEDAN MAIMUN","A U R","LINGKUNGAN 2","","","F. Konstruksi","SBR"],
    ["114621","MORA ABADI, CV","JL BRIGJEN KATAMSO GG MESJID NO 88","prelist","MEDAN MAIMUN","KAMPUNG BARU","LINGKUNGAN 9","","","F. Konstruksi","SBR"],
    ["114635","HERSI JAYA, CV","JL BRIGJEN KATAMSO NO 355","prelist","MEDAN MAIMUN","SEI MATI","LINGKUNGAN 4","","","F. Konstruksi","SBR"],
    ["114751","KARYA TEKNIK, CV","JL B. KATAMSO NO 45-M LK. VIII KEL. AUR KEC. MEDAN MAIMUN","prelist","MEDAN MAIMUN","A U R","LINGKUNGAN 8","","","F. Konstruksi","SBR"],
    ["114752","PALMA, CV","JL B. KATAMSO NO 45-K KEL. AUR KEC. MEDAN MAIMUN","prelist","MEDAN MAIMUN","A U R","LINGKUNGAN 8","","","F. Konstruksi","SBR"],
    ["114753","MANDIRI SUKSES, CV","JL B. KATAMSO NO 45 M KEL. AUR KEC. MEDAN MAIMUN","prelist","MEDAN MAIMUN","A U R","LINGKUNGAN 5","","","F. Konstruksi","SBR"],
    ["114754","ARTHA LESTARI INDOTAMA, CV","JL B. KATAMSO GG. SEMPURNA NO 6 F LK. VII","prelist","MEDAN MAIMUN","SEI MATI","LINGKUNGAN 7","","","F. Konstruksi","SBR"],
    ["114755","MITRA MULIA MANDIRI, CV","JL B. KATAMSO GG. JAWA NO 33","prelist","MEDAN MAIMUN","KAMPUNG BARU","LINGKUNGAN 2","","","F. Konstruksi","SBR"],
    ["114756","DINAMIKA UTAMA INDONESIA, PT","JL B. KATAMSO GG. INTAN NO 8C","prelist","MEDAN MAIMUN","KAMPUNG BARU","LINGKUNGAN 8","","","F. Konstruksi","SBR"],
    ["114757","NURCAHAYA, CV","JL B. KATAMSO BARU NO 2-B KEL. AUR KEC. MEDAN MAIMUN","prelist","MEDAN MAIMUN","KAMPUNG BARU","LINGKUNGAN 8","","","F. Konstruksi","SBR"],
    ["114775","MITRA KSA, CV","JL B.KATAMSO KOMP.ISTANA BISNIS CENTER NO 2","prelist","MEDAN MAIMUN","SUKARAJA","LINGKUNGAN 6","","","F. Konstruksi","SBR"],
    ["114846","GUNPUR PERSADA MEMBANGUN, PT","JL BRIGJEND KATAMSO NO 438 B","prelist","MEDAN MAIMUN","KAMPUNG BARU","LINGKUNGAN 19","","","F. Konstruksi","SBR"],
    ["114847","ANGKASA TEHNIK MANDIRI, PT","JL BRIGJEND KATAMSO NO 38 KEL. SUKARAJA KEC. MEDAN MAIMUN","prelist","MEDAN MAIMUN","SUKARAJA","LINGKUNGAN 7","","","F. Konstruksi","SBR"],
    ["114848","MEDAN SMART MANDIRI, CV","JL BRIGJEND KATAMSO KOMP. PRIMA MINIMALIS NO 327-T","prelist","MEDAN MAIMUN","SUKARAJA","LINGKUNGAN 6","","","F. Konstruksi","SBR"],
    ["114849","CHRISTY MILKA BERSAMA, CV","JL BRIGJEND KATAMSO KOMP. ISTANA PRIMA 2 D - 6","prelist","MEDAN MAIMUN","SEI MATI","LINGKUNGAN 10","","","F. Konstruksi","SBR"],
    ["114850","BEUNA NIAGA, CV","JL BRIGJEND KATAMSO GG. KENANGA NO 8 - C","prelist","MEDAN MAIMUN","SEI MATI","LINGKUNGAN 9","","","F. Konstruksi","SBR"],
    ["114851","RIZKATU, CV","JL BRIGJEND KATAMSO GG PERBATASAN KAMPUNG BARU MEDAN MAIMUN","prelist","MEDAN MAIMUN","KAMPUNG BARU","LINGKUNGAN 11","","","F. Konstruksi","SBR"],
    ["114852","RIZKI AUDY, CV","JL BRIGJEND KATAMSO DALAM NO 110 KEL. SUKARAJA KEC. MEDAN MAIMUN","prelist","MEDAN MAIMUN","A U R","LINGKUNGAN 2","","","F. Konstruksi","SBR"],
    ["114853","KEONG MAS, CV","JL BRIGJEND KATAMSO DALAM NO 39/64 U KEL. AUR KEC. MEDAN MAIMUN","prelist","MEDAN MAIMUN","A U R","LINGKUNGAN 1","","","F. Konstruksi","SBR"],
    ["114860","SIBA TEKNO UNGGUL, PT","JL BRIGJEN KATAMSO NO 39 E MEDAN","prelist","MEDAN MAIMUN","A U R","LINGKUNGAN 8","","","F. Konstruksi","SBR"],
    ["114861","PATUDU RIZKY, CV","JL BRIGJEN KATAMSO GG. JARAK NO 9-A MEDAN","prelist","MEDAN MAIMUN","KAMPUNG BARU","LINGKUNGAN 1","","","F. Konstruksi","SBR"],
    ["114870","NABATI AGROTECH PERSADA, PT","JL BRIGJEND. KATAMSO NO.41-C KEL. AUR KEC. MEDAN MAIMUN","prelist","MEDAN MAIMUN","A U R","LINGKUNGAN 8","","","F. Konstruksi","SBR"],
    ["114871","AUZANO ANUGERAH ABADI, CV","JL BRIGJEND. KATAMSO GG. PELITA II NO 33","prelist","MEDAN MAIMUN","KAMPUNG BARU","LINGKUNGAN 19","","","F. Konstruksi","SBR"],
    ["114874","BINTANG TEKNIK SAKTI SOLUSINDO, PT","JL BRIGJEND KATAMSO NO.797 LINGK. VII","prelist","MEDAN MAIMUN","KAMPUNG BARU","LINGKUNGAN 1","","","F. Konstruksi","SBR"],
    ["114875","MEDRI ARTHA PRATIWI, PT","JL BRIGJEND KATAMSO NO 523-C","prelist","MEDAN MAIMUN","SEI MATI","LINGKUNGAN 7","","","F. Konstruksi","SBR"],
    ["114876","VIA SUMATERA , CV","JL BRIGJEND KATAMSO NO 493","prelist","MEDAN MAIMUN","SEI MATI","LINGKUNGAN 6","","","F. Konstruksi","SBR"],
    ["114877","AUTOTRANS, CV","JL BRIGJEND KATAMSO NO 45-S KEL. AUR KEC. MEDAN MAIMUN","prelist","MEDAN MAIMUN","A U R","LINGKUNGAN 5","","","F. Konstruksi","SBR"],
    ["114960","GADING MUTIARA, CV","JL DAHLIA NO 23 KEL. HAMDAN KEC. MEDAN MAIMUN","prelist","MEDAN MAIMUN","HAMDAN","LINGKUNGAN 7","","","F. Konstruksi","SBR"],
    ["115120","BAHAGIA LESTARI, CV","JL IR. H. JUANDA NO 19 KEL. SUKARAJA KEC. MEDAN MAIMUN","prelist","MEDAN MAIMUN","SUKARAJA","LINGKUNGAN 5","","","F. Konstruksi","SBR"],
    ["115121","JAYA PRATAMA, CV","JL IR. H. JUANDA BARU NO 11 KEL. SUKARAJA KEC. MEDAN MAIMUN","prelist","MEDAN MAIMUN","SUKARAJA","LINGKUNGAN 1","","","F. Konstruksi","SBR"],
    ["115358","VINI PRATAMA , CV","JL MANTRI NO 20 KEL. AUR KEC. MEDAN MAIMUN","prelist","MEDAN MAIMUN","A U R","LINGKUNGAN 3","","","F. Konstruksi","SBR"],
    ["115359","ALESHA BASMALAH, CV","JL MANTRI NO 20 KEL. AUR KEC. MEDAN MAIMUN","prelist","MEDAN MAIMUN","A U R","LINGKUNGAN 3","","","F. Konstruksi","SBR"],
    ["115360","AKBAR BERJAYA, CV","JL MANTRI NO 20 KEL. AUR KEC. MEDAN MAIMUN","prelist","MEDAN MAIMUN","A U R","LINGKUNGAN 3","","","F. Konstruksi","SBR"],
    ["115388","ANDHIKA PERKASA, CV","JL MANTRI NO 20, KEL. AUR, KEC. MEDAN MAIMUN","prelist","MEDAN MAIMUN","A U R","LINGKUNGAN 3","","","F. Konstruksi","SBR"],
    ["115389","PERMATA, CV","JL MANTRI NO 20 MEDAN KEL. AUR KEC. MEDAN MAIMUN","prelist","MEDAN MAIMUN","A U R","LINGKUNGAN 3","","","F. Konstruksi","SBR"],
    ["115398","BINA JATI EKA KARYA , PT","JL MAYJEND SUTOYO S NO 38","prelist","MEDAN MAIMUN","KAMPUNG BARU","LINGKUNGAN 17","","","F. Konstruksi","SBR"],
    ["115410","SUMBER JASA LESTARI, CV","JL MELUR NO 5 KEL. HAMDAN KEC. MEDAN MAIMUN","prelist","MEDAN MAIMUN","HAMDAN","LINGKUNGAN 7","","","F. Konstruksi","SBR"],
    ["115485","PRO MEKANIKA, CV","JL MULTATULI NO 2 KEL. HAMDAN KEC. MEDAN MAIMUN","prelist","MEDAN MAIMUN","HAMDAN","LINGKUNGAN 10","","","F. Konstruksi","SBR"],
    ["115489","PITER'S SON, CV","JL PALANG MERAH DALAM NO 34 C","prelist","MEDAN MAIMUN","A U R","LINGKUNGAN 6","","","F. Konstruksi","SBR"],
    ["115490","BUANA KARYA, CV","JL PALANG MERAH DALAM NO 34 C","prelist","MEDAN MAIMUN","A U R","LINGKUNGAN 6","","","F. Konstruksi","SBR"],
    ["115556","GRIYALAND CIPTA BANGUNPERSADA, PT","JL PEMUDA BARU III NO.19 KEL. AUR, MEDAN MAIMUN","prelist","MEDAN MAIMUN","A U R","LINGKUNGAN 7","","","F. Konstruksi","SBR"],
    ["115969","RANKKING SADA, CV","JL TERATAI PASIRAN NO 38 KEL. HAMDAN KEC. MEDAN MAIMUN","prelist","MEDAN MAIMUN","HAMDAN","LINGKUNGAN 7","","","F. Konstruksi","SBR"],
    ["116036","MATAHARI ENGINEERING, CV","JL B. KATAMSO NO.491","prelist","MEDAN MAIMUN","SEI MATI","LINGKUNGAN 6","","","F. Konstruksi","SBR"],
    ["116069","KEONG MAS PRATAMA, PT","JL KOLONEL SUGIONO NO.18 - B ,KEL. AUR ,KEC. MEDAN MAIMUN KOTA MEDAN","prelist","MEDAN MAIMUN","A U R","LINGKUNGAN 9","","","F. Konstruksi","SBR"],
    ["116070","SEMUT MERAH, CV","JL KOLONEL SUGIONO NO.18 - B ,KEL. AUR ,KEC. MEDAN MAIMUN","prelist","MEDAN MAIMUN","A U R","LINGKUNGAN 9","","","F. Konstruksi","SBR"],
    ["116131","VTECH INTERNASIONAL TEKNOLOGI, PT","JL BRIGJEND KATAMSO NO.56 KEL. AUR KEC. MEDAN MAIMUN","prelist","MEDAN MAIMUN","A U R","LINGKUNGAN 3","","","F. Konstruksi","SBR"],
    ["116175","SINAR PERSADA PERMAI, CV","KOMPLEK MULTATULI INDAH BLOK D NO 10 KEC. MEDAN MAIMUN","prelist","MEDAN MAIMUN","HAMDAN","LINGKUNGAN 7","","","F. Konstruksi","SBR"],
    ["116334","BESTARINDO CIPTA ASTRA, PT","KOMP PRIMA 2 NO 4 C, JL BRIGJEN KATAMSO","prelist","MEDAN MAIMUN","SEI MATI","LINGKUNGAN 7","","","F. Konstruksi","SBR"],
    ["116335","BERCA SCHINDLER LIFTS, PT","KOMP ISTANA PRIMA 2 NO D4, JL BRIGJEN KATAMSO","prelist","MEDAN MAIMUN","SEI MATI","LINGKUNGAN 10","","","F. Konstruksi","SBR"],
    ["116336","PELITA JAYA MANDIRI, PT","JL BRIGJEND KATAMSO GG PAHLAWAN NO 86B","prelist","MEDAN MAIMUN","SEI MATI","LINGKUNGAN 3","","","F. Konstruksi","SBR"],
    ["116337","AGUNG LAISMANA PRIBADI, PT","JL BRIGJEND KATAMSO NO 474","prelist","MEDAN MAIMUN","KAMPUNG BARU","LINGKUNGAN 17","","","F. Konstruksi","SBR"],
    ["116338","MIKO YOVA, PT","JL BRIGJEND KATAMSO NO 200-T/ 8-BB","prelist","MEDAN MAIMUN","KAMPUNG BARU","LINGKUNGAN 20","","","F. Konstruksi","SBR"],
    ["116339","RIDHO JAYA PERSADA, PT","JL BRIGJEND KATAMSO GG PERBATASAN BARU NO VI/67 C","prelist","MEDAN MAIMUN","KAMPUNG BARU","LINGKUNGAN 17","","","F. Konstruksi","SBR"],
    ["116340","LAMTORO BLANG MANE, PT","JL BRIGJEND KATAMSO GG LAMPU I NO 11 AA","prelist","MEDAN MAIMUN","KAMPUNG BARU","LINGKUNGAN 16","","","F. Konstruksi","SBR"],
    ["116341","MAJU ASPALINDO KENCANA, PT","JL BRIGJEN KATAMSO NO 37","prelist","MEDAN MAIMUN","KAMPUNG BARU","LINGKUNGAN 12","","","F. Konstruksi","SBR"],
    ["116350","SEMUT MERAH BERIRING, PT","JL B KATAMSO DALAM NO 39/64-U","prelist","MEDAN MAIMUN","A U R","LINGKUNGAN 1","","","F. Konstruksi","SBR"],
    ["116351","PEMUDA BARU, PT","JL B KATAMSO NO 54","prelist","MEDAN MAIMUN","A U R","LINGKUNGAN 2","","","F. Konstruksi","SBR"],
    ["116352","CENTRAL BUSINESS DISTRICT POLONIA, PT","KOMP MULTATULI INDAH BLOK-CC NO 44","prelist","MEDAN MAIMUN","HAMDAN","LINGKUNGAN 1","","","F. Konstruksi","SBR"],
    ["116353","SURYA SARANA MAKMUR, PT","KOMP MULTATULI INDAH BLOK BB NO 25","prelist","MEDAN MAIMUN","HAMDAN","LINGKUNGAN 1","","","F. Konstruksi","SBR"],
    ["116355","CIPAYUNG SLIPI INDO MEGA, PT","JL SAMANHUDI NO 9","prelist","MEDAN MAIMUN","HAMDAN","LINGKUNGAN 7","","","F. Konstruksi","SBR"],
    ["116356","TRI EMBUN SURYA MATIO, PT","JL H SAMANHUDI NO 9C","prelist","MEDAN MAIMUN","HAMDAN","LINGKUNGAN 6","","","F. Konstruksi","SBR"],
    ["116357","ANUGRAH CIPTA LAMGANDANA, PT","JL MULTATULI NO 26/27-A","prelist","MEDAN MAIMUN","HAMDAN","LINGKUNGAN 6","","","F. Konstruksi","SBR"],
    ["116359","PANDU PARAMITRA, PT","JL IR H JUANDA NO 1/57","prelist","MEDAN MAIMUN","SUKARAJA","LINGKUNGAN 5","","","F. Konstruksi","SBR"],
    ["116361","SUPERTECH MAKMUR PERKASA, PT","JL BRIGJEND KATAMSO 35 D","prelist","MEDAN MAIMUN","A U R","LINGKUNGAN 8","","","F. Konstruksi","SBR"],
    ["116362","CIYAMA, PT","JL BRIGJEND KATAMSO GG TANGSI NO 49","prelist","MEDAN MAIMUN","SUKARAJA","LINGKUNGAN 7","","","F. Konstruksi","SBR"],
    ["116364","VIRLANA UTAMA, PT","JL BRIGJEND KATAMSO NO 408C","prelist","MEDAN MAIMUN","SEI MATI","LINGKUNGAN 7","","","F. Konstruksi","SBR"],
    ["116365","PATUAN SAYUR MULIA, PT","JL BRIGJEND KATAMSO NO 408 C","prelist","MEDAN MAIMUN","SEI MATI","LINGKUNGAN 7","","","F. Konstruksi","SBR"],
    ["116373","PALMEC SURYA LESTARI, PT","JL PEMUDA BARU III NO 1/11","prelist","MEDAN MAIMUN","A U R","LINGKUNGAN 7","","","F. Konstruksi","SBR"],
    ["116375","HEYOBE BERJAYA MAKMUR, PT","JL MANTRI NO 7 A","prelist","MEDAN MAIMUN","A U R","LINGKUNGAN 3","","","F. Konstruksi","SBR"],
    ["116376","PM CONTRACTOR, PT","JL MANTRI NO 3","prelist","MEDAN MAIMUN","A U R","LINGKUNGAN 3","","","F. Konstruksi","SBR"],
    ["116377","LAUTAN BIRU, PT","JL MANGKU BUMI NO8","prelist","MEDAN MAIMUN","A U R","LINGKUNGAN 5","","","F. Konstruksi","SBR"],
    ["116378","ESCONSOIL ENSAN, PT","JL KOL SUGIONO NO 3-A","prelist","MEDAN MAIMUN","A U R","LINGKUNGAN 5","","","F. Konstruksi","SBR"],
    ["116379","SUKMA MEKAR SARI, PT","JL BRIGJEND KATAMSO NO 45 - E","prelist","MEDAN MAIMUN","KAMPUNG BARU","LINGKUNGAN 20","","","F. Konstruksi","SBR"],
    ["116380","SIBACIPTA TELEKOMINDO, PT","JL BRIGJEN KATAMSO NO 39CDE","prelist","MEDAN MAIMUN","KAMPUNG BARU","LINGKUNGAN 20","","","F. Konstruksi","SBR"],
    ["116381","SINAR BARU, PT","JL BRIGJEN KATAMSO NO 39 CDE","prelist","MEDAN MAIMUN","A U R","LINGKUNGAN 8","","","F. Konstruksi","SBR"],
    ["116686","DELTA SESAR, PT","JL KOLONEL SUGINO NO 3-A","prelist","MEDAN MAIMUN","A U R","LINGKUNGAN 5","","","F. Konstruksi","SBR"],
    ["116721","PRIMA MAKMUR NUSANTARA, PT","JL B. KATAMSO NO 238-E","prelist","MEDAN MAIMUN","KAMPUNG BARU","LINGKUNGAN 17","","","F. Konstruksi","SBR"],
    ["116741","PRIMA SARANA TEKNIK, PT","JL BRIGJEND. KATAMSO NO 238 - E","prelist","MEDAN MAIMUN","KAMPUNG BARU","LINGKUNGAN 17","","","F. Konstruksi","SBR"],
    ["116743","PALMA INTI INDAH RAYA, PT","JL BRIGJEND KATAMSO NO 45 - S KEL. AUR KEC. MEDAN MAIMUN","prelist","MEDAN MAIMUN","A U R","LINGKUNGAN 5","","","F. Konstruksi","SBR"],
    ["116744","INDOTEKNIK TJANDRA UTAMA, PT","JL BRIGJEND KATAMSO KOMPLEKS ISTANA PRIMA 2 BLOK F-3 LINGKUNGAN X","prelist","MEDAN MAIMUN","SEI MATI","LINGKUNGAN 10","","","F. Konstruksi","SBR"],
    ["116745","MEDIA CONTROL ENGINEERING, PT","JL BRIGJEND KATAMSO KOMP. ISTANA BISNIS CENTER NO 4","prelist","MEDAN MAIMUN","SUKARAJA","LINGKUNGAN 7","","","F. Konstruksi","SBR"],
    ["117154","TOKO NURUL PERABOT","JL MAHKAMAH NO 62 D KEC MEDAN KOTA KEL MESJID MEDAN SUMATERA UTARA","prelist","MEDAN MAIMUN","A U R","LINGKUNGAN 8","","","C. Industri Pengolahan","SBR"],
    ["117156","BENGKEL LAS THOMAS","JL MAHKAMAH NO 64 D KEC MEDAN KOTA KEL MESJID MEDAN SUMATERA UTARA","prelist","MEDAN MAIMUN","A U R","LINGKUNGAN 8","","","C. Industri Pengolahan","SBR"],
    ["117160","TOKO RIZKY","JL MAHKAMAH NO 50 C","prelist","MEDAN MAIMUN","A U R","LINGKUNGAN 8","","","C. Industri Pengolahan","SBR"],
    ["117170","BENGKEL LAS SEDERHANA","JL MAHKAMAH NO 40 C KEC MEDAN KOTA KEL MESJID MEDAN SUMATERA UTARA","prelist","MEDAN MAIMUN","A U R","LINGKUNGAN 8","","","C. Industri Pengolahan","SBR"],
    ["117174","TOKO BERKAH TIKA","JL MAHKAMAH NO 54 A KEC MEDAN KOTA KEL MESJID MEDAN SUMATERA UTARA","prelist","MEDAN MAIMUN","A U R","LINGKUNGAN 8","","","C. Industri Pengolahan","SBR"],
    ["117175","TOKO SYARIAL","JL MAHKAMAH NO 54 B KEC MEDAN KOTA KEL MESJID MEDAN SUMATERA UTARA","prelist","MEDAN MAIMUN","A U R","LINGKUNGAN 8","","","C. Industri Pengolahan","SBR"],
    ["117176","TOKO CAHAYA MANDIRI","JL MAHKAMAH NO 54 C KEC MEDAN KOTA KEL MESJID MEDAN SUMATERA UTARA","prelist","MEDAN MAIMUN","A U R","LINGKUNGAN 8","","","C. Industri Pengolahan","SBR"],
    ["117178","PERCETAKAN CV ASKO","JL MAHKAMAH NO 54 B KEC MEDAN KOTA KEL MESJID MEDAN SUMATERA UTARA","prelist","MEDAN MAIMUN","A U R","LINGKUNGAN 8","","","C. Industri Pengolahan","SBR"],
    ["117193","RONALI JAYA \"POSMA SITUMEANG\"","JL MESJID RAYA","prelist","MEDAN MAIMUN","A U R","LINGKUNGAN 8","","","C. Industri Pengolahan","SBR"],
    ["117194","UD SABAR SABARUDDIN","JL MESJID RAYA","prelist","MEDAN MAIMUN","A U R","LINGKUNGAN 8","","","C. Industri Pengolahan","SBR"],
    ["117195","BENGKEL LAS M. RISKY","JL MESJID RAYA","prelist","MEDAN MAIMUN","A U R","LINGKUNGAN 8","","","C. Industri Pengolahan","SBR"],
    ["117291","PERCETAKAN SUMBER REZEKI","JL MASJID","prelist","MEDAN MAIMUN","A U R","LINGKUNGAN 6","","","C. Industri Pengolahan","SBR"],
    ["117440","MASTER PIECE FAMILY KARAOKE","JL.Multatuli no.30 ABC","prelist","MEDAN MAIMUN","HAMDAN","LINGKUNGAN 5","","","R. Kesenian, Hiburan, dan Rekreasi","SBR"],
    ["117441","MITRACARE APPLE","JL. SUKA MULIA NO.3","prelist","MEDAN MAIMUN","A U R","LINGKUNGAN 6","","","S. Aktivitas Jasa Lainnya","SBR"],
    ["117486","PT PERCETAKAN WASPADA","Jl. Brigjen Katamso/Letjen Suprapto No. 1 Medan","prelist","MEDAN MAIMUN","A U R","LINGKUNGAN 4","","","J. Informasi dan Komunikasi","SBR"],
    ["117488","Alifa ARC","Jl brigjen katamso no 450","prelist","MEDAN MAIMUN","KAMPUNG BARU","LINGKUNGAN 17","","","A. Pertanian, Kehutanan, dan Perikanan","SBR"],
    ["117588","SMARTDEAL MEDAN","JALAN IR. H JUANDA NO. 5","prelist","MEDAN MAIMUN","SUKARAJA","LINGKUNGAN 5","","","K. Aktivitas Keuangan Dan Asuransi","SBR"],
    ["117599","JUANDA INN PENGINAPAN","JL IR H JUANDA NO 3H","prelist","MEDAN MAIMUN","SUKARAJA","LINGKUNGAN 4","","","I. Penyediaan Akomodasi dan Makan Minum","SBR"],
    ["117614","JUANDA INN PENGINAPAN","PROVINSI SUMATERA UTARA KAB/KOTA MEDAN KECAMATAN MEDAN MAIMUN KEL/DESA SUKARAJA","prelist","MEDAN MAIMUN","SUKARAJA","LINGKUNGAN 4","","","I. Penyediaan Akomodasi dan Makan Minum","SBR"],
    ["117630","F28 CAFE","KOMPLEK MULTATULI INDAH BLOK F NO 22","prelist","MEDAN MAIMUN","HAMDAN","LINGKUNGAN 7","","","I. Penyediaan Akomodasi dan Makan Minum","SBR"]
  ],
  "geometry": [
    [98.6881, 3.5482],
    [98.6802, 3.5758],
    [98.6888, 3.5663],
    [98.6896, 3.5617],
    [98.6838, 3.5793],
    [98.683, 3.5722],
    [98.6874, 3.5506],
    [98.6853, 3.5729],
    [98.6868, 3.5695],
    [98.6867, 3.569],
    [98.6875, 3.5674],
    [98.6867, 3.5692],
    [98.6804, 3.5754],
    [98.6793, 3.576],
    [98.6898, 3.5647],
    [98.6815, 3.5806],
    [98.6762, 3.5839],
    [98.6836, 3.5725],
    [98.6824, 3.5805],
    [98.681, 3.5768],
    [98.6823, 3.5756],
    [98.679, 3.5746],
    [98.6892, 3.5584],
    [98.6814, 3.5769],
    [98.6873, 3.5537],
    [98.6786, 3.5833],
    [98.6808, 3.5728],
    [98.6896, 3.5615],
    [98.685, 3.5758],
    [98.6891, 3.5594],
    [98.6868, 3.5507],
    [98.6776, 3.5841],
    [98.6724, 3.5732],
    [98.6782, 3.584],
    [98.6789, 3.5762],
    [98.6803, 3.5751],
    [98.6801, 3.5768],
    [98.6862, 3.5712],
    [98.6879, 3.555],
    [98.6822, 3.5846],
    [98.6822, 3.5846],
    [98.6802, 3.5768],
    [98.6783, 3.5776],
    [98.6814, 3.5753],
    [98.6829, 3.5725],
    [98.6823, 3.576],
    [98.6804, 3.5836],
    [98.6764, 3.5827],
    [98.6832, 3.572],
    [98.685, 3.5742],
    [98.6832, 3.5804],
    [98.682, 3.5825],
    [98.6777, 3.5837],
    [98.6846, 3.5775],
    [98.6853, 3.5747],
    [98.6804, 3.5749],
    [98.6804, 3.5838],
    [98.6815, 3.5815],
    [98.6852, 3.5737],
    [98.6837, 3.5786],
    [98.6802, 3.5768],
    [98.6832, 3.5805],
    [98.6853, 3.5744],
    [98.6806, 3.5765],
    [98.6818, 3.576],
    [98.6842, 3.5772],
    [98.6843, 3.5781],
    [98.6894, 3.5654],
    [98.6833, 3.5767],
    [98.689, 3.554],
    [98.6818, 3.5835],
    [98.6833, 3.5803],
    [98.6867, 3.5692],
    [98.6819, 3.5725],
    [98.6886, 3.5529],
    [98.6834, 3.5802],
    [98.6845, 3.5776],
    [98.6857, 3.5719],
    [98.6856, 3.5748],
    [98.6826, 3.5828],
    [98.6831, 3.5726],
    [98.6865, 3.5702],
    [98.6852, 3.5746],
    [98.6869, 3.5505],
    [98.6855, 3.5747],
    [98.6867, 3.5701],
    [98.6853, 3.5742],
    [98.677, 3.5809],
    [98.6818, 3.5806],
    [98.6816, 3.5806],
    [98.6817, 3.5825],
    [98.6885, 3.5596],
    [98.6844, 3.578],
    [98.6844, 3.5779],
    [98.6846, 3.5774],
    [98.6887, 3.5521],
    [98.6811, 3.5814],
    [98.68, 3.5821],
    [98.6888, 3.5661],
    [98.6885, 3.5498],
    [98.6828, 3.5823],
    [98.6833, 3.5722],
    [98.6819, 3.582],
    [98.6819, 3.575],
    [98.6882, 3.5517],
    [98.6885, 3.5518],
    [98.6862, 3.5726],
    [98.6802, 3.5834],
    [98.6827, 3.582],
    [98.6886, 3.5511],
    [98.6887, 3.5537],
    [98.6823, 3.5816],
    [98.6823, 3.5809],
    [98.6865, 3.5705],
    [98.682, 3.5807],
    [98.6815, 3.5809],
    [98.6818, 3.5808],
    [98.6882, 3.5495],
    [98.6834, 3.5794],
    [98.6884, 3.5548],
    [98.689, 3.5598],
    [98.6887, 3.5663],
    [98.6877, 3.5488],
    [98.6812, 3.5816],
    [98.6841, 3.5753],
    [98.6825, 3.5824],
    [98.6821, 3.5793],
    [98.6821, 3.5793],
    [98.6832, 3.5793],
    [98.6856, 3.5748],
    [98.688, 3.5668],
    [98.6841, 3.5788],
    [98.6856, 3.5758],
    [98.6865, 3.5704],
    [98.6852, 3.5727],
    [98.6802, 3.5784],
    [98.6899, 3.5637],
    [98.6886, 3.5581],
    [98.6793, 3.5836],
    [98.6884, 3.5506],
    [98.6895, 3.5612],
    [98.6858, 3.5726],
    [98.6866, 3.5683],
    [98.6806, 3.5829],
    [98.6794, 3.5773],
    [98.6855, 3.5758],
    [98.6883, 3.5669],
    [98.6804, 3.5836],
    [98.6872, 3.5688],
    [98.6888, 3.5579],
    [98.6883, 3.5504],
    [98.6889, 3.558],
    [98.6891, 3.5669],
    [98.6838, 3.5734],
    [98.6802, 3.5787],
    [98.6815, 3.5765],
    [98.6833, 3.5793],
    [98.6793, 3.5753],
    [98.6805, 3.5845],
    [98.6805, 3.5844],
    [98.6891, 3.5564],
    [98.6774, 3.574],
    [98.6784, 3.5768],
    [98.6829, 3.5805],
    [98.6838, 3.5736],
    [98.6834, 3.5567],
    [98.6798, 3.578],
    [98.6854, 3.558],
    [98.6875, 3.5567],
    [98.6891, 3.5568],
    [98.6808, 3.5754],
    [98.6879, 3.5565],
    [98.6795, 3.5804],
    [98.6893, 3.5602],
    [98.6805, 3.5724],
    [98.6865, 3.5683],
    [98.6888, 3.5601],
    [98.6888, 3.5601],
    [98.6868, 3.5696],
    [98.6867, 3.5691],
    [98.6857, 3.5737],
    [98.6726, 3.5729],
    [98.6891, 3.5612],
    [98.6809, 3.5821],
    [98.6885, 3.5497],
    [98.687, 3.5679],
    [98.6855, 3.5467],
    [98.6869, 3.5547],
    [98.689, 3.5578],
    [98.6827, 3.5789],
    [98.6866, 3.5686],
    [98.6821, 3.5805],
    [98.6885, 3.5529],
    [98.686, 3.5472],
    [98.6793, 3.5834],
    [98.6814, 3.584],
    [98.6791, 3.5766],
    [98.6841, 3.5798],
    [98.6872, 3.5466],
    [98.6871, 3.5464],
    [98.6871, 3.5721],
    [98.6866, 3.5683],
    [98.6805, 3.5767],
    [98.681, 3.5826],
    [98.6807, 3.5826],
    [98.6787, 3.5773],
    [98.6855, 3.5464],
    [98.6822, 3.5837],
    [98.6848, 3.5779],
    [98.6885, 3.559],
    [98.6889, 3.5583],
    [98.6803, 3.583],
    [98.6891, 3.5658],
    [98.6797, 3.5834],
    [98.6839, 3.5793],
    [98.6877, 3.5621],
    [98.6807, 3.5742],
    [98.6889, 3.5613],
    [98.6877, 3.5619],
    [98.6813, 3.5734],
    [98.6839, 3.5477],
    [98.684, 3.5703],
    [98.685, 3.5742],
    [98.6828, 3.5825],
    [98.6872, 3.5687],
    [98.6807, 3.5829],
    [98.6826, 3.5816],
    [98.6822, 3.5799],
    [98.6825, 3.5763],
    [98.6841, 3.5725],
    [98.6887, 3.5617],
    [98.6868, 3.5599],
    [98.6838, 3.5734],
    [98.6887, 3.5482],
    [98.6884, 3.5662],
    [98.688, 3.549],
    [98.6885, 3.5497],
    [98.688, 3.5475],
    [98.6825, 3.5824],
    [98.6894, 3.5587],
    [98.6849, 3.5726],
    [98.6891, 3.56],
    [98.6883, 3.5664],
    [98.6806, 3.5803],
    [98.689, 3.5608],
    [98.6879, 3.5476],
    [98.6853, 3.5733],
    [98.6856, 3.5729],
    [98.6885, 3.5497],
    [98.684, 3.5768],
    [98.678, 3.5831],
    [98.6886, 3.5501],
    [98.6882, 3.5493],
    [98.6819, 3.5737],
    [98.6875, 3.5467],
    [98.6863, 3.5725],
    [98.6868, 3.5674],
    [98.6846, 3.5778],
    [98.6896, 3.5609],
    [98.6879, 3.5668],
    [98.6879, 3.5491],
    [98.6889, 3.566],
    [98.6889, 3.5497],
    [98.6884, 3.5542],
    [98.6793, 3.5842],
    [98.6895, 3.5618],
    [98.6884, 3.5659],
    [98.683, 3.5792],
    [98.674, 3.5754],
    [98.6866, 3.5687],
    [98.6817, 3.5833],
    [98.6889, 3.5595],
    [98.6812, 3.5775],
    [98.6827, 3.5791],
    [98.6878, 3.55],
    [98.6887, 3.5515],
    [98.6893, 3.5661],
    [98.684, 3.5791],
    [98.6857, 3.5745],
    [98.6779, 3.5771],
    [98.6761, 3.5838],
    [98.6718, 3.5732],
    [98.6812, 3.5845],
    [98.6876, 3.5673],
    [98.6885, 3.5538],
    [98.6866, 3.5735],
    [98.6895, 3.5632],
    [98.6888, 3.5594],
    [98.6877, 3.5702],
    [98.6866, 3.5663],
    [98.6873, 3.5687],
    [98.6899, 3.562],
    [98.6817, 3.5826],
    [98.6887, 3.5665],
    [98.6866, 3.5726],
    [98.689, 3.5586],
    [98.6889, 3.561],
    [98.6884, 3.5539],
    [98.6867, 3.5697],
    [98.6785, 3.5777],
    [98.6857, 3.5731],
    [98.684, 3.5749],
    [98.687, 3.5682],
    [98.6839, 3.5785],
    [98.6782, 3.5839],
    [98.6831, 3.5808],
    [98.6886, 3.566],
    [98.69, 3.5642],
    [98.6801, 3.5748],
    [98.6887, 3.5542],
    [98.6836, 3.5729],
    [98.686, 3.5717],
    [98.679, 3.5765],
    [98.6813, 3.574],
    [98.6877, 3.5504],
    [98.6842, 3.5786],
    [98.6885, 3.5492],
    [98.6802, 3.5723],
    [98.6892, 3.5602],
    [98.6819, 3.5817],
    [98.6803, 3.5818],
    [98.6835, 3.58],
    [98.6897, 3.5628],
    [98.6844, 3.5726],
    [98.6856, 3.5733],
    [98.681, 3.5732],
    [98.6889, 3.5588],
    [98.6813, 3.5823],
    [98.6866, 3.5719],
    [98.6817, 3.5739],
    [98.6818, 3.5808],
    [98.6852, 3.5721],
    [98.6818, 3.5806],
    [98.6798, 3.5831],
    [98.6886, 3.5594],
    [98.686, 3.5722],
    [98.6885, 3.5494],
    [98.6842, 3.5738],
    [98.6864, 3.5722],
    [98.6867, 3.5464],
    [98.6851, 3.5471],
    [98.6813, 3.573],
    [98.6874, 3.5683],
    [98.6805, 3.5807],
    [98.6802, 3.5833],
    [98.6842, 3.5776],
    [98.6838, 3.5726],
    [98.6866, 3.5547],
    [98.6848, 3.5779],
    [98.6849, 3.5737],
    [98.6887, 3.5539],
    [98.6829, 3.5822],
    [98.6788, 3.5784],
    [98.6798, 3.5828],
    [98.6841, 3.5788],
    [98.6821, 3.5793],
    [98.6833, 3.5804],
    [98.6887, 3.5512],
    [98.6809, 3.5742],
    [98.6887, 3.5534],
    [98.6864, 3.5697],
    [98.6857, 3.5503],
    [98.682, 3.5797],
    [98.6822, 3.5822],
    [98.6831, 3.5786],
    [98.6845, 3.5765],
    [98.6809, 3.577],
    [98.6868, 3.5544],
    [98.6843, 3.5739],
    [98.6827, 3.5756],
    [98.6802, 3.5757],
    [98.6785, 3.577],
    [98.6897, 3.5638],
    [98.6831, 3.5808],
    [98.6803, 3.5724],
    [98.6856, 3.5761],
    [98.681, 3.5756],
    [98.6827, 3.5809],
    [98.6883, 3.5502],
    [98.68, 3.5835],
    [98.6816, 3.5776],
    [98.6887, 3.5516],
    [98.6776, 3.5761],
    [98.6819, 3.5759],
    [98.6852, 3.5746],
    [98.6886, 3.5509],
    [98.6771, 3.5791],
    [98.6787, 3.5753],
    [98.6836, 3.5725],
    [98.6842, 3.5785],
    [98.6835, 3.5784],
    [98.6813, 3.5756],
    [98.6831, 3.5777],
    [98.681, 3.575],
    [98.6801, 3.5754],
    [98.6802, 3.5844],
    [98.6792, 3.5775],
    [98.6798, 3.5834],
    [98.6857, 3.5694],
    [98.6821, 3.5818],
    [98.6894, 3.5608],
    [98.6876, 3.5468],
    [98.6887, 3.5538],
    [98.6821, 3.5755],
    [98.6854, 3.573],
    [98.6844, 3.5768],
    [98.6836, 3.5726],
    [98.6844, 3.5725],
    [98.68, 3.5764],
    [98.6861, 3.5741],
    [98.6865, 3.5724],
    [98.6833, 3.5722],
    [98.6832, 3.5786],
    [98.6841, 3.5793],
    [98.6832, 3.5721],
    [98.6807, 3.5756],
    [98.6868, 3.5689],
    [98.689, 3.5608],
    [98.6878, 3.549],
    [98.6886, 3.55],
    [98.6887, 3.5524],
    [98.6852, 3.5721],
    [98.6885, 3.5529],
    [98.681, 3.5812],
    [98.6859, 3.5651],
    [98.6886, 3.5532],
    [98.6894, 3.5648],
    [98.6888, 3.5534],
    [98.6851, 3.5573],
    [98.6816, 3.5809],
    [98.6798, 3.5761],
    [98.688, 3.5593],
    [98.6884, 3.5516],
    [98.6886, 3.5512],
    [98.6897, 3.5598],
    [98.6888, 3.5527],
    [98.6884, 3.5518],
    [98.6887, 3.5519],
    [98.6897, 3.5617],
    [98.6884, 3.5518],
    [98.6882, 3.5487],
    [98.6887, 3.5518],
    [98.6887, 3.5516],
    [98.6884, 3.5516],
    [98.6877, 3.5672],
    [98.6886, 3.55],
    [98.6875, 3.5675],
    [98.6817, 3.5764],
    [98.6875, 3.5675],
    [98.6814, 3.5768],
    [98.6893, 3.5614],
    [98.6811, 3.5761],
    [98.6883, 3.5521],
    [98.6883, 3.5504],
    [98.6866, 3.5693],
    [98.6881, 3.5492],
    [98.6844, 3.5737],
    [98.6867, 3.5692],
    [98.6807, 3.5843],
    [98.6852, 3.5721],
    [98.6814, 3.5819],
    [98.6817, 3.5791],
    [98.6829, 3.5813],
    [98.6894, 3.5616],
    [98.6823, 3.5808],
    [98.6813, 3.5809],
    [98.6887, 3.5522],
    [98.6869, 3.5695],
    [98.6856, 3.573],
    [98.689, 3.5561],
    [98.6781, 3.5791],
    [98.6807, 3.5765],
    [98.6851, 3.5462],
    [98.688, 3.5502],
    [98.6895, 3.5614],
    [98.6833, 3.5791],
    [98.6848, 3.5737],
    [98.6887, 3.5517],
    [98.6887, 3.5503],
    [98.6809, 3.5846],
    [98.6848, 3.5731],
    [98.682, 3.5836],
    [98.6883, 3.5511],
    [98.6803, 3.5839],
    [98.6871, 3.5671],
    [98.6871, 3.5468],
    [98.687, 3.5692],
    [98.687, 3.567],
    [98.6854, 3.5728],
    [98.6808, 3.5754],
    [98.6868, 3.5695],
    [98.6855, 3.5743],
    [98.6758, 3.5724],
    [98.6871, 3.5691],
    [98.6848, 3.5738],
    [98.6886, 3.5509],
    [98.6885, 3.5493],
    [98.6869, 3.5695],
    [98.6842, 3.579],
    [98.6852, 3.5759],
    [98.6886, 3.561],
    [98.6895, 3.5614],
    [98.6805, 3.5759],
    [98.6889, 3.5518],
    [98.6799, 3.5758],
    [98.6766, 3.5757],
    [98.6885, 3.5538],
    [98.6822, 3.5834],
    [98.6833, 3.573],
    [98.6818, 3.5771],
    [98.6866, 3.5662],
    [98.6805, 3.5774],
    [98.6885, 3.5532],
    [98.6826, 3.5815],
    [98.6865, 3.5696],
    [98.6847, 3.5738],
    [98.6858, 3.5727],
    [98.6875, 3.5675],
    [98.6885, 3.553],
    [98.6884, 3.5545],
    [98.6883, 3.5666],
    [98.6887, 3.5528],
    [98.6881, 3.5491],
    [98.6876, 3.5485],
    [98.6887, 3.5595],
    [98.681, 3.5776],
    [98.6896, 3.5577],
    [98.6885, 3.5536],
    [98.6844, 3.5767],
    [98.6825, 3.5761],
    [98.6805, 3.5768],
    [98.6864, 3.5734],
    [98.6797, 3.5755],
    [98.6837, 3.5723],
    [98.685, 3.5742],
    [98.6881, 3.5543],
    [98.6858, 3.5714],
    [98.6824, 3.5826],
    [98.6852, 3.5744],
    [98.6831, 3.5725],
    [98.6891, 3.566],
    [98.6873, 3.5686],
    [98.6811, 3.5732],
    [98.6895, 3.5525],
    [98.68, 3.5778],
    [98.6888, 3.5594],
    [98.6829, 3.5786],
    [98.6797, 3.5762],
    [98.6834, 3.5787],
    [98.6815, 3.5837],
    [98.6817, 3.575],
    [98.6765, 3.5757],
    [98.6739, 3.5751],
    [98.6883, 3.5669],
    [98.6805, 3.5762],
    [98.6836, 3.5798],
    [98.6843, 3.5767],
    [98.6823, 3.5838],
    [98.6791, 3.5835],
    [98.6838, 3.5795],
    [98.6825, 3.5752],
    [98.6833, 3.5794],
    [98.6884, 3.556],
    [98.6762, 3.5827],
    [98.6859, 3.5705],
    [98.6807, 3.5825],
    [98.6807, 3.5754],
    [98.6849, 3.5743],
    [98.6846, 3.5565],
    [98.6805, 3.5818],
    [98.685, 3.5744],
    [98.6892, 3.5659],
    [98.6889, 3.5583],
    [98.6899, 3.5579],
    [98.6872, 3.5687],
    [98.6895, 3.562],
    [98.6885, 3.5556],
    [98.6794, 3.5836],
    [98.6853, 3.5744],
    [98.6852, 3.5726],
    [98.6817, 3.5833],
    [98.6884, 3.5668],
    [98.6882, 3.5518],
    [98.6824, 3.575],
    [98.6864, 3.5706],
    [98.6895, 3.5648],
    [98.685, 3.5757],
    [98.6803, 3.5821],
    [98.6887, 3.5482],
    [98.6874, 3.5605],
    [98.6868, 3.5701],
    [98.6868, 3.5682],
    [98.6887, 3.5534],
    [98.6851, 3.5698],
    [98.682, 3.5754],
    [98.6885, 3.5538],
    [98.6761, 3.5839],
    [98.6827, 3.583],
    [98.6868, 3.5688],
    [98.6786, 3.5759],
    [98.6827, 3.582],
    [98.682, 3.5836],
    [98.6842, 3.5728],
    [98.6887, 3.5533],
    [98.6867, 3.5681],
    [98.6844, 3.577],
    [98.6895, 3.562],
    [98.6793, 3.5775],
    [98.6847, 3.577],
    [98.6831, 3.5808],
    [98.684, 3.5781],
    [98.6896, 3.5611],
    [98.684, 3.5782],
    [98.6845, 3.5781],
    [98.68, 3.5749],
    [98.6807, 3.5756],
    [98.6895, 3.5612],
    [98.6831, 3.5801],
    [98.6894, 3.5607],
    [98.6847, 3.577],
    [98.6743, 3.5726],
    [98.6885, 3.5665],
    [98.6792, 3.5765],
    [98.683, 3.581],
    [98.6717, 3.5735],
    [98.6827, 3.5829],
    [98.6896, 3.5651],
    [98.689, 3.5527],
    [98.6826, 3.5817],
    [98.6888, 3.5531],
    [98.6896, 3.5624],
    [98.6802, 3.5829],
    [98.6805, 3.5835],
    [98.6848, 3.577],
    [98.6789, 3.5797],
    [98.6893, 3.5651],
    [98.6831, 3.5796],
    [98.6814, 3.5829],
    [98.6842, 3.5768],
    [98.6789, 3.5765],
    [98.6826, 3.5813],
    [98.6819, 3.5759],
    [98.6867, 3.5692],
    [98.684, 3.5772],
    [98.6889, 3.5586],
    [98.685, 3.5768],
    [98.6807, 3.5824],
    [98.6896, 3.5652],
    [98.6793, 3.5775],
    [98.6815, 3.5761],
    [98.6893, 3.5614],
    [98.6831, 3.5808],
    [98.6804, 3.5829],
    [98.6828, 3.5806],
    [98.6889, 3.561],
    [98.675, 3.5732],
    [98.6804, 3.5819],
    [98.685, 3.5758],
    [98.6789, 3.5773],
    [98.6768, 3.5809],
    [98.6885, 3.5583],
    [98.6821, 3.5837],
    [98.6887, 3.5505],
    [98.6816, 3.5765],
    [98.6808, 3.584],
    [98.6786, 3.5835],
    [98.6829, 3.5793],
    [98.6901, 3.5635],
    [98.6885, 3.5538],
    [98.6791, 3.576],
    [98.6805, 3.5835],
    [98.6818, 3.5764],
    [98.6856, 3.5742],
    [98.6891, 3.5651],
    [98.6836, 3.5721],
    [98.6895, 3.5614],
    [98.6819, 3.5759],
    [98.69, 3.5631],
    [98.6769, 3.5809],
    [98.6889, 3.558],
    [98.6836, 3.579],
    [98.6809, 3.5821],
    [98.68, 3.5837],
    [98.6784, 3.5773],
    [98.6802, 3.5751],
    [98.6824, 3.5819],
    [98.6815, 3.5818],
    [98.6835, 3.5801],
    [98.6891, 3.5571],
    [98.6833, 3.5717],
    [98.6869, 3.5687],
    [98.6797, 3.5752],
    [98.6786, 3.5786],
    [98.6812, 3.5824],
    [98.6889, 3.56],
    [98.6779, 3.5758],
    [98.6809, 3.5741],
    [98.6865, 3.5685],
    [98.679, 3.5763],
    [98.6816, 3.5726],
    [98.6815, 3.5768],
    [98.6787, 3.5767],
    [98.6859, 3.5721],
    [98.6841, 3.578],
    [98.6808, 3.5822],
    [98.6854, 3.5737],
    [98.6824, 3.5813],
    [98.6795, 3.5756],
    [98.6802, 3.5759],
    [98.6835, 3.579],
    [98.6804, 3.5759],
    [98.6803, 3.5755],
    [98.6787, 3.5741],
    [98.6797, 3.5763],
    [98.679, 3.5789],
    [98.6821, 3.5752],
    [98.6806, 3.5845],
    [98.6792, 3.5775],
    [98.6797, 3.5763],
    [98.6806, 3.5751],
    [98.6807, 3.5756],
    [98.6799, 3.576],
    [98.681, 3.5765],
    [98.6785, 3.5835],
    [98.6798, 3.576],
    [98.6786, 3.5786],
    [98.6831, 3.5818],
    [98.6791, 3.5767],
    [98.6814, 3.5751],
    [98.6815, 3.5749],
    [98.6804, 3.583],
    [98.6801, 3.5763],
    [98.6845, 3.5745],
    [98.6804, 3.5787],
    [98.6869, 3.5694],
    [98.6799, 3.5756],
    [98.6838, 3.5779],
    [98.6806, 3.5802],
    [98.6802, 3.5834],
    [98.6858, 3.5727],
    [98.682, 3.5755],
    [98.6797, 3.5786],
    [98.6794, 3.5772],
    [98.6884, 3.5547],
    [98.6863, 3.5711],
    [98.6852, 3.5746],
    [98.6805, 3.5815],
    [98.6778, 3.5753],
    [98.678, 3.584],
    [98.6734, 3.5753],
    [98.6793, 3.5786],
    [98.6811, 3.575],
    [98.6841, 3.5779],
    [98.6896, 3.5647],
    [98.6808, 3.5765],
    [98.6831, 3.5725],
    [98.6847, 3.5745],
    [98.6781, 3.5766],
    [98.6895, 3.558],
    [98.6783, 3.576],
    [98.6796, 3.5723],
    [98.6777, 3.5764],
    [98.6814, 3.585],
    [98.6776, 3.5762],
    [98.672, 3.5735],
    [98.6885, 3.5656],
    [98.6863, 3.5713],
    [98.6813, 3.5736],
    [98.6778, 3.575],
    [98.6812, 3.5763],
    [98.6893, 3.5581],
    [98.6759, 3.5756],
    [98.6781, 3.5767],
    [98.6746, 3.5728],
    [98.6878, 3.5541],
    [98.6879, 3.5477],
    [98.6779, 3.5769],
    [98.6776, 3.5764],
    [98.6867, 3.5505],
    [98.687, 3.5506],
    [98.6816, 3.5756],
    [98.6854, 3.5742],
    [98.6885, 3.5657],
    [98.6776, 3.5768],
    [98.6864, 3.5505],
    [98.6806, 3.5817],
    [98.6829, 3.5725],
    [98.6776, 3.5767],
    [98.6811, 3.5756],
    [98.6879, 3.5552],
    [98.6815, 3.5831],
    [98.6815, 3.5765],
    [98.6893, 3.5581],
    [98.6861, 3.5477],
    [98.6776, 3.5766],
    [98.687, 3.5506],
    [98.6776, 3.5767],
    [98.6783, 3.5761],
    [98.6888, 3.5594],
    [98.6815, 3.5847],
    [98.6847, 3.5468],
    [98.6867, 3.5491],
    [98.6726, 3.5735],
    [98.6779, 3.5764],
    [98.6891, 3.5609],
    [98.682, 3.576],
    [98.6864, 3.5706],
    [98.6841, 3.5471],
    [98.6802, 3.5754],
    [98.6791, 3.5776],
    [98.6828, 3.5804],
    [98.6883, 3.5511],
    [98.6766, 3.5728],
    [98.6777, 3.5759],
    [98.6891, 3.5575],
    [98.6883, 3.5603],
    [98.6839, 3.5703],
    [98.6882, 3.5552],
    [98.6814, 3.5752],
    [98.6812, 3.5765],
    [98.6889, 3.5596],
    [98.6866, 3.5673],
    [98.6783, 3.5765],
    [98.6817, 3.5802],
    [98.6798, 3.5795],
    [98.6888, 3.5503],
    [98.6818, 3.5802],
    [98.6816, 3.5852],
    [98.6821, 3.5757],
    [98.6814, 3.5752],
    [98.6778, 3.5752],
    [98.6854, 3.5751],
    [98.6854, 3.5559],
    [98.6781, 3.5767],
    [98.6888, 3.5534],
    [98.6868, 3.5709],
    [98.6885, 3.5538],
    [98.6757, 3.5751],
    [98.688, 3.5553],
    [98.6777, 3.5767],
    [98.6828, 3.5816],
    [98.6815, 3.5729],
    [98.6772, 3.5797],
    [98.6777, 3.5764],
    [98.6885, 3.5538],
    [98.6776, 3.5766],
    [98.6884, 3.5558],
    [98.6877, 3.568],
    [98.6866, 3.5674],
    [98.6774, 3.5761],
    [98.6807, 3.5749],
    [98.6803, 3.5764],
    [98.6813, 3.5765],
    [98.6814, 3.5806],
    [98.6758, 3.5757],
    [98.6854, 3.5752],
    [98.6851, 3.5737],
    [98.6783, 3.5828],
    [98.6781, 3.5828],
    [98.6854, 3.557],
    [98.6897, 3.5531],
    [98.6883, 3.5508],
    [98.6781, 3.5828],
    [98.6781, 3.5829],
    [98.6848, 3.5764],
    [98.6812, 3.575],
    [98.6882, 3.5556],
    [98.6881, 3.5482],
    [98.6786, 3.5782],
    [98.679, 3.5772],
    [98.6812, 3.5772],
    [98.6817, 3.5725],
    [98.6888, 3.5654],
    [98.6897, 3.5526],
    [98.6781, 3.5827],
    [98.6844, 3.5789],
    [98.6793, 3.5769],
    [98.68, 3.5776],
    [98.6802, 3.5839],
    [98.6803, 3.5795],
    [98.679, 3.5836],
    [98.6888, 3.5654],
    [98.6722, 3.5748],
    [98.6864, 3.5564],
    [98.6814, 3.5849],
    [98.6767, 3.5749],
    [98.6781, 3.5831],
    [98.6842, 3.5767],
    [98.6778, 3.5743],
    [98.6856, 3.5724],
    [98.6806, 3.5845],
    [98.6797, 3.5796],
    [98.6793, 3.5792],
    [98.6887, 3.5531],
    [98.6847, 3.5722],
    [98.689, 3.5601],
    [98.6767, 3.5801],
    [98.6897, 3.5614],
    [98.6837, 3.5737],
    [98.6876, 3.5577],
    [98.6827, 3.582],
    [98.6898, 3.5577],
    [98.6768, 3.5795],
    [98.6767, 3.5755],
    [98.6875, 3.551],
    [98.6795, 3.5784],
    [98.6808, 3.5729],
    [98.6766, 3.575],
    [98.6795, 3.5805],
    [98.6856, 3.556],
    [98.6853, 3.5745],
    [98.6901, 3.5609],
    [98.6896, 3.5627],
    [98.6769, 3.5754],
    [98.6876, 3.5682],
    [98.683, 3.576],
    [98.6884, 3.5581],
    [98.6821, 3.5756],
    [98.6834, 3.5794],
    [98.6877, 3.5508],
    [98.6886, 3.5581],
    [98.688, 3.5589],
    [98.6893, 3.5616],
    [98.6883, 3.5576],
    [98.6803, 3.575],
    [98.6793, 3.5817],
    [98.6876, 3.5531],
    [98.6796, 3.5776],
    [98.6875, 3.5684],
    [98.6735, 3.5751],
    [98.6864, 3.5696],
    [98.6885, 3.5535],
    [98.6831, 3.579],
    [98.6831, 3.5722],
    [98.6797, 3.5754],
    [98.6809, 3.5765],
    [98.6728, 3.5745],
    [98.6809, 3.5728],
    [98.681, 3.5776],
    [98.6886, 3.5581],
    [98.6827, 3.5821],
    [98.686, 3.5719],
    [98.6888, 3.5522],
    [98.6843, 3.5776],
    [98.6891, 3.561],
    [98.6891, 3.5594],
    [98.6812, 3.5809],
    [98.6848, 3.5734],
    [98.6809, 3.5751],
    [98.6819, 3.5808],
    [98.6831, 3.5793],
    [98.6814, 3.5838],
    [98.6804, 3.5747],
    [98.6846, 3.5473],
    [98.6885, 3.5524],
    [98.6855, 3.5697],
    [98.6784, 3.5761],
    [98.6842, 3.548],
    [98.6831, 3.5725],
    [98.6882, 3.567],
    [98.6836, 3.5799],
    [98.6893, 3.5651],
    [98.6886, 3.5499],
    [98.6828, 3.5829],
    [98.6869, 3.5678],
    [98.6889, 3.5586],
    [98.6804, 3.5747],
    [98.6833, 3.5791],
    [98.6815, 3.5818],
    [98.6781, 3.5761],
    [98.6794, 3.576],
    [98.6762, 3.5825],
    [98.6833, 3.5797],
    [98.6832, 3.572],
    [98.6821, 3.5791],
    [98.6826, 3.5791],
    [98.6802, 3.574],
    [98.6859, 3.5461],
    [98.6826, 3.5823],
    [98.6815, 3.5765],
    [98.6826, 3.581],
    [98.683, 3.576],
    [98.6886, 3.5595],
    [98.6881, 3.5672],
    [98.6832, 3.5792],
    [98.6802, 3.5759],
    [98.6765, 3.5832],
    [98.6857, 3.566],
    [98.6818, 3.5802],
    [98.6866, 3.5722],
    [98.6809, 3.5809],
    [98.6849, 3.5755],
    [98.6838, 3.5564],
    [98.6746, 3.5746],
    [98.6766, 3.5764],
    [98.6826, 3.5833],
    [98.6793, 3.5765],
    [98.6807, 3.5803],
    [98.6883, 3.5625],
    [98.686, 3.5675],
    [98.6879, 3.5545],
    [98.6872, 3.5716],
    [98.6873, 3.5709],
    [98.6873, 3.5715],
    [98.6842, 3.572],
    [98.6778, 3.5834],
    [98.6777, 3.5835],
    [98.6803, 3.5763],
    [98.6832, 3.572],
    [98.6832, 3.5781],
    [98.6872, 3.5673],
    [98.6807, 3.5743],
    [98.6803, 3.5763],
    [98.6806, 3.5768],
    [98.682, 3.5755],
    [98.6887, 3.5526],
    [98.6814, 3.5756],
    [98.6801, 3.5827],
    [98.6801, 3.5753],
    [98.6801, 3.5761],
    [98.6783, 3.5838],
    [98.6851, 3.5737],
    [98.6824, 3.5818],
    [98.6814, 3.5839],
    [98.6845, 3.5732],
    [98.682, 3.5756],
    [98.6884, 3.5546],
    [98.6805, 3.5756],
    [98.6809, 3.5761],
    [98.6831, 3.5725],
    [98.6805, 3.5763],
    [98.6888, 3.5584],
    [98.6842, 3.5785],
    [98.6855, 3.5732],
    [98.6864, 3.5714],
    [98.6806, 3.5751],
    [98.68, 3.5755],
    [98.6896, 3.5629],
    [98.683, 3.5792],
    [98.6881, 3.5667],
    [98.689, 3.5612],
    [98.69, 3.563],
    [98.6799, 3.5829],
    [98.6867, 3.5685],
    [98.6807, 3.5792],
    [98.6884, 3.5553],
    [98.6812, 3.5733],
    [98.6842, 3.5723],
    [98.681, 3.5742],
    [98.6883, 3.553],
    [98.6853, 3.5733],
    [98.6883, 3.5488],
    [98.6854, 3.5731],
    [98.6816, 3.576],
    [98.6849, 3.5466],
    [98.683, 3.5813],
    [98.6885, 3.5662],
    [98.6783, 3.5838],
    [98.6891, 3.56],
    [98.6827, 3.5735],
    [98.6866, 3.5695],
    [98.684, 3.5725],
    [98.6845, 3.5715],
    [98.6838, 3.5774],
    [98.6869, 3.5559],
    [98.6885, 3.558],
    [98.6876, 3.5467],
    [98.6813, 3.5737],
    [98.6879, 3.5669],
    [98.6891, 3.5651],
    [98.6882, 3.5574],
    [98.6869, 3.5694],
    [98.6877, 3.5619],
    [98.6821, 3.5796],
    [98.6835, 3.58],
    [98.6825, 3.5823],
    [98.6794, 3.5772],
    [98.6852, 3.5697],
    [98.6865, 3.5726],
    [98.6882, 3.5656],
    [98.6852, 3.5697],
    [98.6794, 3.5772],
    [98.6822, 3.5752],
    [98.6901, 3.5624],
    [98.6892, 3.5656],
    [98.6885, 3.5497],
    [98.6868, 3.5709],
    [98.6876, 3.5468],
    [98.6837, 3.5766],
    [98.6878, 3.5619],
    [98.6883, 3.5616],
    [98.6865, 3.5716],
    [98.6852, 3.5697],
    [98.6894, 3.5654],
    [98.6877, 3.5671],
    [98.6853, 3.5744],
    [98.6841, 3.5738],
    [98.6846, 3.5731],
    [98.6791, 3.5775],
    [98.6842, 3.5785],
    [98.6802, 3.582],
    [98.6794, 3.5772],
    [98.6814, 3.575],
    [98.6793, 3.576],
    [98.6828, 3.583],
    [98.6767, 3.5801],
    [98.6804, 3.5768],
    [98.6817, 3.5816],
    [98.6794, 3.5772],
    [98.6807, 3.5752],
    [98.6857, 3.5695],
    [98.6794, 3.5839],
    [98.6791, 3.5775],
    [98.6875, 3.5704],
    [98.6796, 3.5844],
    [98.6841, 3.5788],
    [98.6827, 3.5798],
    [98.6803, 3.5769],
    [98.6822, 3.5772],
    [98.6868, 3.5623],
    [98.6892, 3.5584],
    [98.6797, 3.5752],
    [98.6808, 3.5815],
    [98.6794, 3.5772],
    [98.6831, 3.5725],
    [98.6851, 3.5772],
    [98.6855, 3.5747],
    [98.6888, 3.5594],
    [98.6888, 3.5601],
    [98.6885, 3.5544],
    [98.6879, 3.5672],
    [98.6807, 3.5788],
    [98.6804, 3.5748],
    [98.6847, 3.5771],
    [98.6814, 3.5814],
    [98.6794, 3.5772],
    [98.6786, 3.5782],
    [98.6878, 3.5619],
    [98.6887, 3.5559],
    [98.6826, 3.5809],
    [98.6856, 3.5758],
    [98.6809, 3.5768],
    [98.685, 3.5741],
    [98.6829, 3.5822],
    [98.6821, 3.5846],
    [98.6828, 3.5829],
    [98.686, 3.5725],
    [98.6866, 3.5726],
    [98.6803, 3.5755],
    [98.6884, 3.5506],
    [98.6886, 3.5594],
    [98.6884, 3.5539],
    [98.689, 3.5531],
    [98.6851, 3.5737],
    [98.6811, 3.5816],
    [98.6872, 3.5507],
    [98.6879, 3.5489],
    [98.6844, 3.5781],
    [98.6841, 3.5781],
    [98.68, 3.5785],
    [98.6794, 3.5772],
    [98.6878, 3.5619],
    [98.6764, 3.5827],
    [98.6825, 3.5763],
    [98.6791, 3.5776],
    [98.6767, 3.5749],
    [98.6831, 3.5726],
    [98.6888, 3.5594],
    [98.6808, 3.5815],
    [98.6871, 3.5702],
    [98.6782, 3.5838],
    [98.6807, 3.5776],
    [98.6888, 3.5594],
    [98.6818, 3.5802],
    [98.6883, 3.5573],
    [98.6766, 3.5809],
    [98.6769, 3.5809],
    [98.6831, 3.5808],
    [98.6806, 3.576],
    [98.6819, 3.5759],
    [98.6851, 3.5756],
    [98.6822, 3.5816],
    [98.6827, 3.5753],
    [98.6886, 3.559],
    [98.685, 3.5758],
    [98.6854, 3.5732],
    [98.68, 3.5785],
    [98.6809, 3.5756],
    [98.679, 3.5773],
    [98.6887, 3.5559],
    [98.6895, 3.558],
    [98.6879, 3.5672],
    [98.6843, 3.5776],
    [98.6898, 3.5622],
    [98.6854, 3.5732],
    [98.6882, 3.5504],
    [98.6786, 3.5841],
    [98.6886, 3.5507],
    [98.6886, 3.5509],
    [98.6823, 3.5827],
    [98.6814, 3.5838],
    [98.6815, 3.5829],
    [98.6826, 3.5836],
    [98.6804, 3.583],
    [98.6802, 3.582],
    [98.6817, 3.5833],
    [98.6794, 3.5842],
    [98.6809, 3.5812],
    [98.6798, 3.5831],
    [98.6851, 3.5737],
    [98.6774, 3.5799],
    [98.6896, 3.5651],
    [98.6817, 3.5826],
    [98.6887, 3.5595],
    [98.6876, 3.5692],
    [98.6787, 3.5764],
    [98.6794, 3.5772],
    [98.681, 3.5813],
    [98.6812, 3.5805],
    [98.6841, 3.5781],
    [98.6786, 3.5835],
    [98.6811, 3.5816],
    [98.6823, 3.5797],
    [98.6887, 3.5513],
    [98.6888, 3.5601],
    [98.688, 3.5667],
    [98.687, 3.5681],
    [98.6886, 3.5587],
    [98.6874, 3.5678],
    [98.6844, 3.577],
    [98.6827, 3.5798],
    [98.6878, 3.5541],
    [98.6862, 3.5505],
    [98.6885, 3.5544],
    [98.69, 3.5631],
    [98.6833, 3.5766],
    [98.6887, 3.5585],
    [98.6813, 3.5737],
    [98.6779, 3.5837],
    [98.6881, 3.5484],
    [98.6842, 3.5725],
    [98.6838, 3.5796],
    [98.6876, 3.5672],
    [98.689, 3.5528],
    [98.6883, 3.5505],
    [98.6832, 3.5815],
    [98.6809, 3.5833],
    [98.6815, 3.581],
    [98.6809, 3.5821],
    [98.6895, 3.562],
    [98.6827, 3.5798],
    [98.6839, 3.5789],
    [98.6852, 3.5743],
    [98.6885, 3.5493],
    [98.6801, 3.5745],
    [98.6887, 3.5504],
    [98.6823, 3.5814],
    [98.6862, 3.5507],
    [98.6869, 3.5547],
    [98.6868, 3.5693],
    [98.6874, 3.5507],
    [98.6842, 3.5785],
    [98.6886, 3.5584],
    [98.685, 3.5744],
    [98.6852, 3.5725],
    [98.6873, 3.5686],
    [98.6873, 3.5577],
    [98.6778, 3.584],
    [98.6798, 3.584],
    [98.681, 3.5811],
    [98.6855, 3.5747],
    [98.68, 3.5835],
    [98.6801, 3.5774],
    [98.6769, 3.5809],
    [98.6826, 3.5813],
    [98.6852, 3.5697],
    [98.6819, 3.5759],
    [98.6874, 3.5684],
    [98.6887, 3.5585],
    [98.6884, 3.5506],
    [98.6892, 3.5656],
    [98.6861, 3.5704],
    [98.6818, 3.5755],
    [98.6782, 3.584],
    [98.6752, 3.5742],
    [98.69, 3.5641],
    [98.6897, 3.5618],
    [98.6862, 3.5566],
    [98.6815, 3.5836],
    [98.6782, 3.576],
    [98.6809, 3.5833],
    [98.682, 3.5816],
    [98.6849, 3.5726],
    [98.6892, 3.5584],
    [98.6836, 3.5797],
    [98.6795, 3.5837],
    [98.6819, 3.5759],
    [98.6806, 3.576],
    [98.686, 3.556],
    [98.6874, 3.5507],
    [98.6866, 3.5715],
    [98.6877, 3.5672],
    [98.6885, 3.5544],
    [98.6823, 3.5821],
    [98.6812, 3.5816],
    [98.6844, 3.577],
    [98.6782, 3.584],
    [98.6835, 3.5799],
    [98.6828, 3.5804],
    [98.6833, 3.5803],
    [98.6809, 3.5752],
    [98.6896, 3.5629],
    [98.6869, 3.5547],
    [98.6823, 3.5754],
    [98.686, 3.556],
    [98.6802, 3.5754],
    [98.6817, 3.5802],
    [98.6885, 3.5544],
    [98.6815, 3.5749],
    [98.6884, 3.5542],
    [98.6888, 3.5494],
    [98.6812, 3.5726],
    [98.6817, 3.582],
    [98.6865, 3.5716],
    [98.6854, 3.5732],
    [98.6844, 3.5781],
    [98.6801, 3.5827],
    [98.6833, 3.5767],
    [98.6872, 3.5507],
    [98.6841, 3.5735],
    [98.6775, 3.5724],
    [98.6843, 3.5729],
    [98.6826, 3.5828],
    [98.69, 3.5632],
    [98.6802, 3.584],
    [98.6851, 3.5756],
    [98.6761, 3.5839],
    [98.6804, 3.5836],
    [98.6894, 3.5619],
    [98.6877, 3.5671],
    [98.6779, 3.5722],
    [98.6837, 3.5766],
    [98.6886, 3.5523],
    [98.6889, 3.5622],
    [98.6889, 3.5587],
    [98.6819, 3.5829],
    [98.6819, 3.5759],
    [98.6827, 3.5798],
    [98.6806, 3.578],
    [98.6885, 3.5544],
    [98.6869, 3.5547],
    [98.6841, 3.5724],
    [98.6883, 3.5573],
    [98.6896, 3.5651],
    [98.6847, 3.576],
    [98.688, 3.5579],
    [98.6826, 3.5813],
    [98.6801, 3.5837],
    [98.6887, 3.5635],
    [98.6786, 3.5841],
    [98.6807, 3.5827],
    [98.6804, 3.5838],
    [98.6868, 3.5698],
    [98.689, 3.5533],
    [98.6829, 3.5725],
    [98.6767, 3.5801],
    [98.6832, 3.572],
    [98.6892, 3.5534],
    [98.6838, 3.5794],
    [98.6806, 3.576],
    [98.6802, 3.5844],
    [98.6864, 3.5722],
    [98.6804, 3.5748],
    [98.6804, 3.5836],
    [98.685, 3.5757],
    [98.6815, 3.5827],
    [98.6802, 3.5766],
    [98.6786, 3.5832],
    [98.6887, 3.5585],
    [98.6855, 3.5758],
    [98.6804, 3.5841],
    [98.6807, 3.5765],
    [98.6791, 3.5775],
    [98.6884, 3.5506],
    [98.6855, 3.5747],
    [98.6838, 3.5564],
    [98.6797, 3.5763],
    [98.6879, 3.5672],
    [98.6863, 3.5676],
    [98.6895, 3.558],
    [98.6812, 3.5814],
    [98.6811, 3.5818],
    [98.6841, 3.5781],
    [98.6811, 3.5816],
    [98.6824, 3.5826],
    [98.6879, 3.5672],
    [98.6885, 3.5511],
    [98.6744, 3.5724],
    [98.6792, 3.5768],
    [98.6791, 3.5775],
    [98.6773, 3.5841],
    [98.6811, 3.5809],
    [98.6844, 3.5726],
    [98.6879, 3.5672],
    [98.6827, 3.5798],
    [98.6825, 3.581],
    [98.6805, 3.5828],
    [98.6893, 3.5602],
    [98.6814, 3.581],
    [98.6752, 3.5742],
    [98.6808, 3.584],
    [98.6825, 3.5837],
    [98.6853, 3.574],
    [98.6893, 3.5607],
    [98.6879, 3.5701],
    [98.6874, 3.5507],
    [98.6887, 3.5522],
    [98.6819, 3.5759],
    [98.6793, 3.5842],
    [98.6804, 3.5725],
    [98.6826, 3.5829],
    [98.6799, 3.5839],
    [98.6813, 3.5822],
    [98.6841, 3.5781],
    [98.6841, 3.5781],
    [98.6796, 3.5844],
    [98.6873, 3.5684],
    [98.6887, 3.5585],
    [98.6784, 3.5781],
    [98.684, 3.5728],
    [98.6832, 3.5784],
    [98.6827, 3.5798],
    [98.6833, 3.5786],
    [98.6864, 3.5505],
    [98.6855, 3.5758],
    [98.6852, 3.5721],
    [98.6868, 3.5693],
    [98.684, 3.574],
    [98.6817, 3.5833],
    [98.6897, 3.5648],
    [98.6833, 3.5722],
    [98.6873, 3.5687],
    [98.6875, 3.5699],
    [98.682, 3.5816],
    [98.6834, 3.5794],
    [98.6827, 3.5798],
    [98.6786, 3.5841],
    [98.6794, 3.5759],
    [98.6852, 3.5745],
    [98.6861, 3.5724],
    [98.6888, 3.5601],
    [98.684, 3.5724],
    [98.6819, 3.5759],
    [98.6805, 3.5834],
    [98.6886, 3.5509],
    [98.6878, 3.5674],
    [98.68, 3.5785],
    [98.678, 3.5842],
    [98.6782, 3.576],
    [98.6827, 3.5798],
    [98.6895, 3.5632],
    [98.6786, 3.5786],
    [98.687, 3.5681],
    [98.682, 3.576],
    [98.6819, 3.5759],
    [98.6778, 3.5834],
    [98.6786, 3.5841],
    [98.6885, 3.5493],
    [98.6887, 3.5517],
    [98.6862, 3.5505],
    [98.6821, 3.5846],
    [98.6843, 3.5782],
    [98.6785, 3.5776],
    [98.6878, 3.5541],
    [98.6816, 3.581],
    [98.6885, 3.554],
    [98.6795, 3.5803],
    [98.6899, 3.562],
    [98.6802, 3.5747],
    [98.6856, 3.5461],
    [98.6866, 3.5726],
    [98.6866, 3.5715],
    [98.6867, 3.5701],
    [98.6874, 3.5695],
    [98.6869, 3.5695],
    [98.6881, 3.5554],
    [98.6804, 3.5837],
    [98.685, 3.5741],
    [98.6793, 3.5753],
    [98.6802, 3.5747],
    [98.6787, 3.5767],
    [98.6808, 3.5751],
    [98.6879, 3.5672],
    [98.6791, 3.5775],
    [98.6724, 3.5755],
    [98.6834, 3.5766],
    [98.6882, 3.5544],
    [98.6889, 3.5536],
    [98.6862, 3.5723],
    [98.6886, 3.5509],
    [98.6889, 3.5596],
    [98.6869, 3.5672],
    [98.6858, 3.5714],
    [98.6861, 3.5712],
    [98.6818, 3.5806],
    [98.6832, 3.5791],
    [98.6841, 3.578],
    [98.6827, 3.5798],
    [98.6826, 3.5798],
    [98.6887, 3.5516],
    [98.6852, 3.5743],
    [98.6858, 3.5558],
    [98.6795, 3.5836],
    [98.6879, 3.5674],
    [98.6887, 3.5534],
    [98.6811, 3.573],
    [98.6835, 3.5799],
    [98.6837, 3.5766],
    [98.6779, 3.5841],
    [98.6885, 3.5578],
    [98.6805, 3.5834],
    [98.6844, 3.5769],
    [98.6795, 3.5842],
    [98.6839, 3.5792],
    [98.6829, 3.572],
    [98.6825, 3.5811],
    [98.6819, 3.5759],
    [98.6837, 3.5787],
    [98.6853, 3.5769],
    [98.6809, 3.5762],
    [98.6787, 3.5764],
    [98.686, 3.5719],
    [98.6867, 3.5723],
    [98.6804, 3.5787],
    [98.6791, 3.5775],
    [98.6887, 3.5514],
    [98.6786, 3.5841],
    [98.6817, 3.5802],
    [98.6895, 3.5614],
    [98.6827, 3.5798],
    [98.6805, 3.5815],
    [98.684, 3.5725],
    [98.687, 3.5681],
    [98.6869, 3.5672],
    [98.6883, 3.5491],
    [98.6796, 3.5844],
    [98.6874, 3.5507],
    [98.6883, 3.5489],
    [98.6763, 3.5726],
    [98.6873, 3.5577],
    [98.6889, 3.5569],
    [98.6877, 3.5673],
    [98.687, 3.5694],
    [98.6831, 3.5793],
    [98.6869, 3.5672],
    [98.6881, 3.5554],
    [98.6895, 3.5612],
    [98.6886, 3.5516],
    [98.6782, 3.5776],
    [98.6853, 3.5743],
    [98.6877, 3.5489],
    [98.6855, 3.5747],
    [98.6796, 3.5844],
    [98.6831, 3.5725],
    [98.6887, 3.5526],
    [98.6816, 3.5826],
    [98.6887, 3.5604],
    [98.6861, 3.5724],
    [98.6885, 3.5581],
    [98.6884, 3.5492],
    [98.6816, 3.5756],
    [98.6806, 3.576],
    [98.6825, 3.5752],
    [98.6876, 3.5672],
    [98.687, 3.5692],
    [98.6833, 3.5766],
    [98.6778, 3.5834],
    [98.6819, 3.5816],
    [98.6784, 3.5781],
    [98.6885, 3.5544],
    [98.6838, 3.5718],
    [98.6838, 3.5718],
    [98.6887, 3.5585],
    [98.6827, 3.5798],
    [98.6786, 3.5841],
    [98.684, 3.5781],
    [98.6806, 3.5765],
    [98.6793, 3.5841],
    [98.6803, 3.5822],
    [98.6815, 3.5765],
    [98.685, 3.5741],
    [98.6815, 3.5815],
    [98.6817, 3.5833],
    [98.6809, 3.5808],
    [98.68, 3.5834],
    [98.6821, 3.5796],
    [98.6888, 3.5594],
    [98.6873, 3.5577],
    [98.6752, 3.5742],
    [98.6804, 3.5749],
    [98.6865, 3.5685],
    [98.6829, 3.5785],
    [98.6823, 3.5815],
    [98.6828, 3.5804],
    [98.6867, 3.5697],
    [98.6852, 3.5697],
    [98.6812, 3.5847],
    [98.683, 3.5821],
    [98.6866, 3.5715],
    [98.6866, 3.5715],
    [98.6799, 3.5839],
    [98.6891, 3.5594],
    [98.6814, 3.5838],
    [98.6827, 3.5798],
    [98.6887, 3.5482],
    [98.6869, 3.5547],
    [98.6841, 3.5781],
    [98.6813, 3.5822],
    [98.6843, 3.5728],
    [98.6844, 3.5779],
    [98.6894, 3.5651],
    [98.6887, 3.5664],
    [98.6803, 3.5757],
    [98.6838, 3.5718],
    [98.6823, 3.5814],
    [98.6819, 3.5759],
    [98.6827, 3.5798],
    [98.6833, 3.5767],
    [98.6844, 3.577],
    [98.6759, 3.5835],
    [98.6805, 3.5747],
    [98.6832, 3.5771],
    [98.6852, 3.5734],
    [98.6855, 3.5747],
    [98.6885, 3.5529],
    [98.6894, 3.5618],
    [98.6871, 3.569],
    [98.6818, 3.5806],
    [98.6851, 3.5727],
    [98.6841, 3.5735],
    [98.6869, 3.5672],
    [98.6841, 3.5725],
    [98.6752, 3.5742],
    [98.6791, 3.5775],
    [98.6786, 3.5841],
    [98.6887, 3.5586],
    [98.6879, 3.5672],
    [98.683, 3.576],
    [98.6827, 3.5798],
    [98.6776, 3.5761],
    [98.6791, 3.5775],
    [98.6853, 3.5729],
    [98.6854, 3.5732],
    [98.6867, 3.5505],
    [98.6857, 3.5758],
    [98.6869, 3.5505],
    [98.6778, 3.5765],
    [98.6878, 3.5513],
    [98.6885, 3.5543],
    [98.6806, 3.5776],
    [98.6812, 3.5775],
    [98.6802, 3.5833],
    [98.6788, 3.5839],
    [98.687, 3.5681],
    [98.6793, 3.5841],
    [98.6795, 3.5838],
    [98.6807, 3.5826],
    [98.6827, 3.5809],
    [98.6799, 3.5838],
    [98.6895, 3.5632],
    [98.6885, 3.5544],
    [98.6809, 3.5761],
    [98.6843, 3.5784],
    [98.6785, 3.5798],
    [98.6812, 3.5752],
    [98.6841, 3.5738],
    [98.6806, 3.5845],
    [98.6807, 3.5783],
    [98.68, 3.5766],
    [98.6807, 3.5752],
    [98.6786, 3.5841],
    [98.6831, 3.5802],
    [98.6853, 3.5757],
    [98.6849, 3.5742],
    [98.6801, 3.5791],
    [98.6885, 3.5544],
    [98.6873, 3.5663],
    [98.6814, 3.5809],
    [98.6827, 3.5798],
    [98.687, 3.5692],
    [98.6876, 3.5672],
    [98.6834, 3.5794],
    [98.6841, 3.5781],
    [98.6855, 3.5747],
    [98.6895, 3.5621],
    [98.6879, 3.5552],
    [98.6852, 3.5744],
    [98.6812, 3.5768],
    [98.68, 3.5766],
    [98.6796, 3.5755],
    [98.6794, 3.5772],
    [98.6846, 3.5745],
    [98.6895, 3.5649],
    [98.69, 3.5641],
    [98.6887, 3.5559],
    [98.6845, 3.5726],
    [98.6901, 3.563],
    [98.6817, 3.5765],
    [98.6854, 3.5751],
    [98.6872, 3.5507],
    [98.6794, 3.5772],
    [98.6873, 3.5577],
    [98.68, 3.5785],
    [98.6898, 3.5632],
    [98.6896, 3.5615],
    [98.6833, 3.5786],
    [98.6806, 3.5768],
    [98.6863, 3.568],
    [98.6805, 3.5844],
    [98.6897, 3.5636],
    [98.6886, 3.5596],
    [98.6841, 3.5735],
    [98.6868, 3.5697],
    [98.6816, 3.5829],
    [98.6827, 3.5798],
    [98.6841, 3.5781],
    [98.6778, 3.5834],
    [98.6825, 3.5817],
    [98.6878, 3.5619],
    [98.689, 3.5593],
    [98.6817, 3.575],
    [98.6791, 3.5775],
    [98.6794, 3.5772],
    [98.6852, 3.5725],
    [98.6852, 3.5736],
    [98.68, 3.5785],
    [98.6841, 3.5781],
    [98.6821, 3.5796],
    [98.6841, 3.5781],
    [98.6877, 3.5473],
    [98.6895, 3.5618],
    [98.6794, 3.5772],
    [98.6871, 3.5468],
    [98.6843, 3.5723],
    [98.6892, 3.5661],
    [98.6863, 3.5711],
    [98.6809, 3.5833],
    [98.6849, 3.577],
    [98.6812, 3.5847],
    [98.6878, 3.5676],
    [98.6879, 3.5672],
    [98.6852, 3.5738],
    [98.6899, 3.5629],
    [98.6894, 3.5609],
    [98.6817, 3.5802],
    [98.6879, 3.5672],
    [98.6822, 3.575],
    [98.685, 3.5568],
    [98.6845, 3.5739],
    [98.6794, 3.5772],
    [98.6794, 3.5772],
    [98.6791, 3.5775],
    [98.6807, 3.577],
    [98.6817, 3.5809],
    [98.6809, 3.5761],
    [98.6872, 3.5507],
    [98.6842, 3.5723],
    [98.6867, 3.5701],
    [98.6897, 3.5621],
    [98.68, 3.5766],
    [98.6825, 3.5837],
    [98.6825, 3.5837],
    [98.6842, 3.5784],
    [98.6834, 3.5794],
    [98.6849, 3.576],
    [98.6817, 3.5752],
    [98.68, 3.5766],
    [98.6839, 3.5737],
    [98.6821, 3.5791],
    [98.6829, 3.5804],
    [98.6827, 3.5798],
    [98.6852, 3.5746],
    [98.6779, 3.5722],
    [98.6819, 3.5724],
    [98.6856, 3.5731],
    [98.6883, 3.5668],
    [98.6895, 3.5629],
    [98.6818, 3.5778],
    [98.6852, 3.5697],
    [98.6809, 3.5752],
    [98.6878, 3.5513],
    [98.6794, 3.5772],
    [98.6794, 3.5772],
    [98.6841, 3.5781],
    [98.6856, 3.5758],
    [98.6833, 3.5786],
    [98.6799, 3.5828],
    [98.6809, 3.5817],
    [98.6882, 3.5489],
    [98.6859, 3.572],
    [98.6878, 3.549],
    [98.6884, 3.5542],
    [98.687, 3.5681],
    [98.687, 3.5692],
    [98.6889, 3.5595],
    [98.6808, 3.5771],
    [98.6816, 3.5844],
    [98.6846, 3.5771],
    [98.6883, 3.5514],
    [98.6806, 3.5845],
    [98.6862, 3.5727],
    [98.6854, 3.5718],
    [98.6823, 3.5774],
    [98.6897, 3.5639],
    [98.6854, 3.5732],
    [98.6803, 3.5759],
    [98.6812, 3.575],
    [98.68, 3.5785],
    [98.6822, 3.5844],
    [98.6833, 3.5766],
    [98.6812, 3.5775],
    [98.6803, 3.5839],
    [98.6825, 3.5763],
    [98.6856, 3.5758],
    [98.6825, 3.5752],
    [98.6805, 3.5747],
    [98.677, 3.5842],
    [98.6887, 3.5595],
    [98.6879, 3.5672],
    [98.6831, 3.5802],
    [98.6797, 3.584],
    [98.68, 3.5785],
    [98.6794, 3.5772],
    [98.6879, 3.5672],
    [98.6811, 3.5813],
    [98.6841, 3.5781],
    [98.682, 3.5754],
    [98.6802, 3.5754],
    [98.684, 3.574],
    [98.69, 3.5631],
    [98.6817, 3.5816],
    [98.6879, 3.5674],
    [98.68, 3.5756],
    [98.6827, 3.5826],
    [98.6869, 3.5672],
    [98.6802, 3.582],
    [98.682, 3.575],
    [98.6888, 3.5534],
    [98.6794, 3.5772],
    [98.69, 3.5641],
    [98.6879, 3.5552],
    [98.6812, 3.577],
    [98.6833, 3.573],
    [98.6855, 3.5752],
    [98.6844, 3.5781],
    [98.6893, 3.565],
    [98.6817, 3.5802],
    [98.6811, 3.5809],
    [98.6856, 3.5758],
    [98.6824, 3.5768],
    [98.6881, 3.5508],
    [98.6874, 3.5473],
    [98.6791, 3.5775],
    [98.6897, 3.5619],
    [98.6799, 3.5758],
    [98.69, 3.5627],
    [98.6794, 3.5772],
    [98.6886, 3.5505],
    [98.6817, 3.5802],
    [98.6825, 3.5837],
    [98.6794, 3.5772],
    [98.685, 3.5568],
    [98.6837, 3.5726],
    [98.6843, 3.5723],
    [98.6844, 3.5721],
    [98.6817, 3.5802],
    [98.6873, 3.5686],
    [98.6882, 3.567],
    [98.6891, 3.5594],
    [98.6811, 3.5771],
    [98.6784, 3.5773],
    [98.68, 3.5785],
    [98.6794, 3.5772],
    [98.6841, 3.5781],
    [98.6881, 3.5493],
    [98.6881, 3.5492],
    [98.6887, 3.5595],
    [98.6869, 3.5547],
    [98.6862, 3.5727],
    [98.6816, 3.5829],
    [98.6879, 3.5672],
    [98.685, 3.574],
    [98.6867, 3.5699],
    [98.6887, 3.5595],
    [98.6888, 3.5663],
    [98.687, 3.5544],
    [98.6827, 3.5809],
    [98.6886, 3.5598],
    [98.6877, 3.5512],
    [98.6852, 3.5725],
    [98.6854, 3.546],
    [98.6879, 3.5672],
    [98.6883, 3.5592],
    [98.6807, 3.5788],
    [98.689, 3.5658],
    [98.6879, 3.5672],
    [98.6839, 3.5784],
    [98.6807, 3.5756],
    [98.6864, 3.5728],
    [98.6858, 3.5754],
    [98.6883, 3.5505],
    [98.6868, 3.5682],
    [98.6807, 3.5815],
    [98.6811, 3.5768],
    [98.6827, 3.5798],
    [98.6844, 3.5781],
    [98.6803, 3.583],
    [98.6817, 3.5809],
    [98.6852, 3.5746],
    [98.6822, 3.5725],
    [98.6884, 3.5547],
    [98.6764, 3.5827],
    [98.6764, 3.5827],
    [98.6762, 3.5825],
    [98.6765, 3.5834],
    [98.6845, 3.5715],
    [98.6819, 3.582],
    [98.6825, 3.5824],
    [98.6849, 3.5726],
    [98.6834, 3.5794],
    [98.6813, 3.5842],
    [98.6853, 3.5561],
    [98.6786, 3.5835],
    [98.6802, 3.5759],
    [98.6869, 3.5687],
    [98.6827, 3.5798],
    [98.6823, 3.5819],
    [98.6802, 3.5754],
    [98.6807, 3.5827],
    [98.6817, 3.5802],
    [98.6797, 3.5722],
    [98.6802, 3.5754],
    [98.6892, 3.5633],
    [98.6788, 3.577],
    [98.6886, 3.5585],
    [98.6752, 3.5742],
    [98.6861, 3.5704],
    [98.6879, 3.5672],
    [98.6855, 3.5747],
    [98.6889, 3.561],
    [98.6801, 3.5837],
    [98.6752, 3.5742],
    [98.6895, 3.5632],
    [98.6878, 3.5619],
    [98.6836, 3.5778],
    [98.6888, 3.5594],
    [98.6872, 3.5663],
    [98.6786, 3.5835],
    [98.6871, 3.5693],
    [98.6876, 3.5672],
    [98.6824, 3.5835],
    [98.6853, 3.5757],
    [98.6872, 3.5507],
    [98.6807, 3.5783],
    [98.6802, 3.5754],
    [98.6807, 3.5776],
    [98.6794, 3.5838],
    [98.6841, 3.5781],
    [98.6855, 3.5747],
    [98.68, 3.5766],
    [98.6825, 3.5837],
    [98.6874, 3.5695],
    [98.6896, 3.5638],
    [98.6854, 3.5732],
    [98.6807, 3.5827],
    [98.6816, 3.576],
    [98.6872, 3.5507],
    [98.6878, 3.5619],
    [98.684, 3.5795],
    [98.6887, 3.5559],
    [98.6802, 3.5754],
    [98.6784, 3.5776],
    [98.679, 3.5792],
    [98.6816, 3.5829],
    [98.6802, 3.5754],
    [98.6826, 3.5819],
    [98.68, 3.5747],
    [98.6817, 3.5809],
    [98.6876, 3.5672],
    [98.6791, 3.5775],
    [98.6888, 3.561],
    [98.6807, 3.5827],
    [98.6817, 3.5802],
    [98.6861, 3.5476],
    [98.6898, 3.562],
    [98.6879, 3.5672],
    [98.6852, 3.5725],
    [98.6816, 3.5756],
    [98.6822, 3.5769],
    [98.6881, 3.5594],
    [98.6841, 3.5781],
    [98.679, 3.5792],
    [98.6808, 3.5784],
    [98.6879, 3.5675],
    [98.6786, 3.5841],
    [98.6841, 3.5781],
    [98.6877, 3.5508],
    [98.6802, 3.582],
    [98.6803, 3.5757],
    [98.6841, 3.5781],
    [98.6852, 3.5743],
    [98.6817, 3.5809],
    [98.687, 3.5681],
    [98.6784, 3.5798],
    [98.6807, 3.5776],
    [98.6796, 3.5844],
    [98.6802, 3.582],
    [98.6854, 3.5732],
    [98.6855, 3.5747],
    [98.6869, 3.5672],
    [98.686, 3.556],
    [98.6879, 3.5672],
    [98.686, 3.556],
    [98.6834, 3.5766],
    [98.6785, 3.5798],
    [98.6807, 3.5815],
    [98.6785, 3.5834],
    [98.6874, 3.5695],
    [98.6823, 3.5814],
    [98.6807, 3.5827],
    [98.6893, 3.5604],
    [98.6852, 3.5725],
    [98.6887, 3.5604],
    [98.6779, 3.5722],
    [98.6827, 3.5798],
    [98.6841, 3.5781],
    [98.6862, 3.5461],
    [98.6817, 3.5833],
    [98.6861, 3.57],
    [98.6841, 3.5735],
    [98.6872, 3.5687],
    [98.6801, 3.5755],
    [98.684, 3.5728],
    [98.6852, 3.5725],
    [98.6793, 3.5753],
    [98.6797, 3.5722],
    [98.6818, 3.5806],
    [98.6883, 3.5509],
    [98.6898, 3.5568],
    [98.688, 3.5489],
    [98.683, 3.5793],
    [98.6867, 3.5692],
    [98.68, 3.5766],
    [98.6786, 3.5841],
    [98.6887, 3.5591],
    [98.6798, 3.5839],
    [98.679, 3.5792],
    [98.687, 3.5681],
    [98.6836, 3.5797],
    [98.6764, 3.5827],
    [98.6876, 3.5672],
    [98.6887, 3.5592],
    [98.688, 3.5478],
    [98.6885, 3.5544],
    [98.686, 3.556],
    [98.6827, 3.5798],
    [98.6834, 3.5766],
    [98.679, 3.5792],
    [98.6786, 3.5781],
    [98.6879, 3.5672],
    [98.6887, 3.5595],
    [98.6835, 3.5764],
    [98.679, 3.5792],
    [98.6876, 3.5672],
    [98.683, 3.5811],
    [98.6823, 3.5814],
    [98.6888, 3.5594],
    [98.6787, 3.5775],
    [98.6884, 3.5631],
    [98.6816, 3.5829],
    [98.6827, 3.5798],
    [98.686, 3.556],
    [98.6823, 3.5827],
    [98.6874, 3.5695],
    [98.6852, 3.5734],
    [98.6827, 3.5798],
    [98.6852, 3.5697],
    [98.6841, 3.5781],
    [98.6854, 3.5475],
    [98.6769, 3.5809],
    [98.6869, 3.5672],
    [98.6805, 3.5771],
    [98.6854, 3.5732],
    [98.6778, 3.5837],
    [98.6752, 3.5742],
    [98.6819, 3.5816],
    [98.6779, 3.5722],
    [98.6895, 3.559],
    [98.6724, 3.5755],
    [98.6896, 3.5638],
    [98.6823, 3.576],
    [98.6823, 3.5814],
    [98.6879, 3.5672],
    [98.6883, 3.5491],
    [98.68, 3.5766],
    [98.6807, 3.5827],
    [98.68, 3.5766],
    [98.6884, 3.5492],
    [98.6825, 3.5837],
    [98.68, 3.5766],
    [98.6788, 3.5812],
    [98.6787, 3.5812],
    [98.6804, 3.5747],
    [98.6823, 3.5814],
    [98.688, 3.5667],
    [98.6798, 3.5831],
    [98.6836, 3.5781],
    [98.683, 3.5793],
    [98.6877, 3.5485],
    [98.6898, 3.5638],
    [98.6785, 3.5834],
    [98.6873, 3.547],
    [98.6821, 3.5803],
    [98.6807, 3.5827],
    [98.6861, 3.57],
    [98.6854, 3.5732],
    [98.68, 3.5766],
    [98.6857, 3.5692],
    [98.6792, 3.5776],
    [98.68, 3.5766],
    [98.6807, 3.579],
    [98.6807, 3.5827],
    [98.6807, 3.5827],
    [98.686, 3.556],
    [98.6802, 3.582],
    [98.6801, 3.5752],
    [98.6876, 3.5672],
    [98.679, 3.5772],
    [98.6804, 3.5783],
    [98.6882, 3.5529],
    [98.6802, 3.5754],
    [98.6828, 3.5825],
    [98.6879, 3.5672],
    [98.6817, 3.5802],
    [98.6802, 3.5754],
    [98.6867, 3.5505],
    [98.6821, 3.5796],
    [98.6802, 3.582],
    [98.6785, 3.5776],
    [98.6817, 3.5809],
    [98.6869, 3.5672],
    [98.6802, 3.5754],
    [98.6827, 3.583],
    [98.68, 3.5785],
    [98.6818, 3.576],
    [98.6882, 3.5656],
    [98.6887, 3.5534],
    [98.6834, 3.5794],
    [98.6827, 3.5798],
    [98.6791, 3.5775],
    [98.6835, 3.5799],
    [98.68, 3.5766],
    [98.6821, 3.5796],
    [98.679, 3.5792],
    [98.6791, 3.5775],
    [98.6879, 3.5672],
    [98.6802, 3.5754],
    [98.6818, 3.5806],
    [98.688, 3.5478],
    [98.6825, 3.5823],
    [98.6867, 3.5692],
    [98.6888, 3.5594],
    [98.6802, 3.5754],
    [98.6857, 3.5474],
    [98.6888, 3.5494],
    [98.6784, 3.5808],
    [98.6823, 3.5814],
    [98.68, 3.5766],
    [98.6807, 3.5827],
    [98.6826, 3.5813],
    [98.6885, 3.5544],
    [98.6802, 3.5754],
    [98.68, 3.5766],
    [98.6823, 3.5814],
    [98.6802, 3.5754],
    [98.6826, 3.5758],
    [98.6885, 3.5528],
    [98.6791, 3.5775],
    [98.68, 3.5766],
    [98.6841, 3.5735],
    [98.6805, 3.5751],
    [98.677, 3.5842],
    [98.689, 3.5574],
    [98.6823, 3.5814],
    [98.6855, 3.5752],
    [98.6829, 3.5822],
    [98.6752, 3.5742],
    [98.6822, 3.5827],
    [98.6803, 3.5757],
    [98.6877, 3.5671],
    [98.6779, 3.5837],
    [98.6887, 3.5559],
    [98.68, 3.5766],
    [98.6775, 3.5746],
    [98.679, 3.5792],
    [98.6849, 3.5743],
    [98.6821, 3.5796],
    [98.6815, 3.5765],
    [98.6861, 3.5704],
    [98.6886, 3.5544],
    [98.6869, 3.5672],
    [98.68, 3.5757],
    [98.6815, 3.5758],
    [98.6872, 3.5606],
    [98.6802, 3.5754],
    [98.6834, 3.5794],
    [98.683, 3.5793],
    [98.677, 3.5813],
    [98.6889, 3.5583],
    [98.6854, 3.5732],
    [98.6802, 3.5754],
    [98.6807, 3.5752],
    [98.6841, 3.5781],
    [98.6873, 3.5687],
    [98.6786, 3.5841],
    [98.686, 3.5733],
    [98.6782, 3.5729],
    [98.68, 3.5766],
    [98.6769, 3.5809],
    [98.6841, 3.5781],
    [98.6795, 3.5803],
    [98.6849, 3.5736],
    [98.6816, 3.5829],
    [98.6785, 3.5798],
    [98.6878, 3.5619],
    [98.6794, 3.5762],
    [98.6858, 3.5726],
    [98.6821, 3.5796],
    [98.6821, 3.5796],
    [98.6752, 3.5742],
    [98.6804, 3.583],
    [98.6802, 3.5754],
    [98.6822, 3.5769],
    [98.679, 3.5772],
    [98.6896, 3.5638],
    [98.6802, 3.5754],
    [98.6758, 3.5722],
    [98.6786, 3.5841],
    [98.6803, 3.583],
    [98.677, 3.5842],
    [98.6785, 3.5798],
    [98.6827, 3.5798],
    [98.6841, 3.5781],
    [98.6821, 3.5796],
    [98.6861, 3.5718],
    [98.6786, 3.5841],
    [98.6894, 3.5651],
    [98.6805, 3.5751],
    [98.6821, 3.5796],
    [98.6888, 3.5593],
    [98.6873, 3.5547],
    [98.6779, 3.5722],
    [98.6865, 3.5704],
    [98.6884, 3.5554],
    [98.6807, 3.5783],
    [98.6817, 3.5802],
    [98.6807, 3.5827],
    [98.685, 3.5704],
    [98.6879, 3.5672],
    [98.6816, 3.5829],
    [98.6825, 3.5811],
    [98.6793, 3.5795],
    [98.683, 3.5792],
    [98.6879, 3.5672],
    [98.6805, 3.5751],
    [98.6836, 3.5792],
    [98.6853, 3.5744],
    [98.68, 3.5766],
    [98.6802, 3.5754],
    [98.6826, 3.5798],
    [98.6885, 3.5544],
    [98.6841, 3.5781],
    [98.6827, 3.5798],
    [98.6876, 3.5544],
    [98.6889, 3.5589],
    [98.686, 3.556],
    [98.6885, 3.5544],
    [98.68, 3.5766],
    [98.6802, 3.582],
    [98.68, 3.5766],
    [98.6841, 3.5735],
    [98.6807, 3.5827],
    [98.6873, 3.5547],
    [98.6895, 3.5618],
    [98.677, 3.5842],
    [98.6894, 3.5581],
    [98.6833, 3.5815],
    [98.6807, 3.5783],
    [98.6802, 3.5754],
    [98.68, 3.5766],
    [98.6802, 3.582],
    [98.68, 3.5746],
    [98.6877, 3.569],
    [98.6823, 3.5814],
    [98.6802, 3.5844],
    [98.6817, 3.5754],
    [98.687, 3.5681],
    [98.6819, 3.5759],
    [98.6817, 3.5809],
    [98.6802, 3.5754],
    [98.6868, 3.5687],
    [98.6885, 3.5544],
    [98.6873, 3.5577],
    [98.6805, 3.5765],
    [98.6807, 3.5776],
    [98.6852, 3.5734],
    [98.6854, 3.5732],
    [98.6809, 3.5817],
    [98.689, 3.5545],
    [98.6807, 3.5751],
    [98.6814, 3.5838],
    [98.683, 3.5793],
    [98.6834, 3.5794],
    [98.6841, 3.5735],
    [98.6857, 3.5748],
    [98.6852, 3.5725],
    [98.6823, 3.5814],
    [98.6879, 3.5477],
    [98.6807, 3.5827],
    [98.6885, 3.5544],
    [98.6827, 3.5821],
    [98.6875, 3.5537],
    [98.6827, 3.583],
    [98.6826, 3.5819],
    [98.6841, 3.5735],
    [98.6807, 3.5827],
    [98.6819, 3.5759],
    [98.6816, 3.5837],
    [98.68, 3.5766],
    [98.6841, 3.5781],
    [98.6724, 3.5755],
    [98.6888, 3.5594],
    [98.686, 3.5733],
    [98.6816, 3.5829],
    [98.6852, 3.5725],
    [98.6793, 3.5784],
    [98.6896, 3.5638],
    [98.6808, 3.5751],
    [98.6864, 3.569],
    [98.6801, 3.5837],
    [98.6889, 3.5524],
    [98.6823, 3.5814],
    [98.684, 3.5728],
    [98.6857, 3.5758],
    [98.6887, 3.5559],
    [98.6802, 3.5759],
    [98.68, 3.5785],
    [98.683, 3.5792],
    [98.6879, 3.5672],
    [98.6821, 3.5796],
    [98.6825, 3.5763],
    [98.6841, 3.5781],
    [98.6855, 3.5747],
    [98.6773, 3.5799],
    [98.6807, 3.5775],
    [98.6807, 3.5827],
    [98.6882, 3.5512],
    [98.6786, 3.5841],
    [98.6805, 3.5751],
    [98.6857, 3.5726],
    [98.68, 3.5766],
    [98.6898, 3.5644],
    [98.6876, 3.5672],
    [98.68, 3.5766],
    [98.6807, 3.5827],
    [98.68, 3.5766],
    [98.6853, 3.5743],
    [98.6815, 3.5758],
    [98.6852, 3.5735],
    [98.6785, 3.5798],
    [98.6835, 3.58],
    [98.6886, 3.552],
    [98.6852, 3.5725],
    [98.6861, 3.57],
    [98.6807, 3.5765],
    [98.6787, 3.5767],
    [98.6841, 3.5781],
    [98.6879, 3.5672],
    [98.6887, 3.5559],
    [98.6811, 3.573],
    [98.6807, 3.5776],
    [98.6817, 3.5809],
    [98.6834, 3.5794],
    [98.6881, 3.5668],
    [98.6822, 3.5769],
    [98.6827, 3.5798],
    [98.6886, 3.552],
    [98.6791, 3.5775],
    [98.6873, 3.5547],
    [98.6852, 3.5725],
    [98.6808, 3.584],
    [98.6784, 3.5781],
    [98.6791, 3.5775],
    [98.6886, 3.5509],
    [98.68, 3.5766],
    [98.6834, 3.5766],
    [98.6807, 3.5776],
    [98.6807, 3.5827],
    [98.6879, 3.5672],
    [98.6852, 3.5725],
    [98.6807, 3.5776],
    [98.6841, 3.5781],
    [98.6766, 3.5808],
    [98.6854, 3.5732],
    [98.6796, 3.5844],
    [98.685, 3.5736],
    [98.6823, 3.5814],
    [98.68, 3.5766],
    [98.6831, 3.5726],
    [98.6803, 3.583],
    [98.6782, 3.584],
    [98.6802, 3.5754],
    [98.6812, 3.5823],
    [98.6834, 3.5794],
    [98.6841, 3.5781],
    [98.6872, 3.5532],
    [98.6887, 3.5482],
    [98.68, 3.5785],
    [98.6807, 3.5783],
    [98.6817, 3.582],
    [98.6841, 3.5781],
    [98.6807, 3.5776],
    [98.6808, 3.584],
    [98.6885, 3.5544],
    [98.6883, 3.5593],
    [98.6823, 3.5814],
    [98.6884, 3.5542],
    [98.6841, 3.5781],
    [98.6879, 3.5672],
    [98.6885, 3.5544],
    [98.6888, 3.5594],
    [98.6841, 3.5735],
    [98.6853, 3.5744],
    [98.6826, 3.5819],
    [98.6826, 3.5819],
    [98.6841, 3.5735],
    [98.6831, 3.5817],
    [98.6802, 3.582],
    [98.68, 3.5766],
    [98.682, 3.5836],
    [98.6802, 3.582],
    [98.6841, 3.5781],
    [98.6802, 3.5754],
    [98.6799, 3.5756],
    [98.6836, 3.5797],
    [98.6884, 3.5514],
    [98.6887, 3.5598],
    [98.6817, 3.5809],
    [98.6881, 3.5667],
    [98.6869, 3.5666],
    [98.6802, 3.5754],
    [98.6823, 3.5774],
    [98.6898, 3.5638],
    [98.6834, 3.5766],
    [98.6769, 3.5809],
    [98.6759, 3.5725],
    [98.6833, 3.5766],
    [98.6854, 3.5732],
    [98.6802, 3.5754],
    [98.6863, 3.5673],
    [98.6896, 3.5623],
    [98.6841, 3.5781],
    [98.6853, 3.5561],
    [98.6855, 3.5747],
    [98.6854, 3.5732],
    [98.6809, 3.5821],
    [98.6802, 3.5754],
    [98.6866, 3.5702],
    [98.6872, 3.5687],
    [98.6783, 3.5777],
    [98.6752, 3.5742],
    [98.6854, 3.5732],
    [98.687, 3.5681],
    [98.6885, 3.5544],
    [98.6811, 3.5773],
    [98.683, 3.5793],
    [98.6786, 3.5841],
    [98.68, 3.5785],
    [98.6881, 3.5668],
    [98.68, 3.5766],
    [98.6867, 3.5674],
    [98.6841, 3.5735],
    [98.6888, 3.5594],
    [98.6826, 3.5758],
    [98.6885, 3.5544],
    [98.6827, 3.5824],
    [98.6852, 3.5725],
    [98.6841, 3.5781],
    [98.6898, 3.5619],
    [98.6778, 3.5837],
    [98.6878, 3.549],
    [98.6857, 3.571],
    [98.6869, 3.5672],
    [98.68, 3.5766],
    [98.6841, 3.5781],
    [98.6802, 3.5754],
    [98.6838, 3.5792],
    [98.6869, 3.5547],
    [98.6817, 3.5802],
    [98.6786, 3.5841],
    [98.6841, 3.5735],
    [98.6807, 3.5827],
    [98.6813, 3.5839],
    [98.6791, 3.5775],
    [98.6806, 3.5765],
    [98.6827, 3.5798],
    [98.6841, 3.5781],
    [98.6888, 3.5594],
    [98.6752, 3.5742],
    [98.6851, 3.5737],
    [98.6811, 3.5818],
    [98.6835, 3.5801],
    [98.6854, 3.5732],
    [98.6884, 3.5539],
    [98.6887, 3.5559],
    [98.6867, 3.5699],
    [98.6807, 3.5827],
    [98.6852, 3.5743],
    [98.6869, 3.5547],
    [98.6884, 3.5688],
    [98.6818, 3.5752],
    [98.6879, 3.5672],
    [98.6852, 3.5725],
    [98.6852, 3.5725],
    [98.6884, 3.5492],
    [98.6841, 3.5781],
    [98.6831, 3.5802],
    [98.6807, 3.5765],
    [98.6788, 3.5812],
    [98.6883, 3.5669],
    [98.6827, 3.5798],
    [98.6885, 3.5482],
    [98.6811, 3.573],
    [98.6852, 3.5725],
    [98.6885, 3.5544],
    [98.6802, 3.5754],
    [98.6879, 3.5672],
    [98.6829, 3.5725],
    [98.6807, 3.5827],
    [98.6852, 3.5725],
    [98.6807, 3.5827],
    [98.6814, 3.5838],
    [98.6828, 3.583],
    [98.6824, 3.5826],
    [98.6834, 3.5766],
    [98.6841, 3.5735],
    [98.6828, 3.5823],
    [98.6841, 3.5781],
    [98.6852, 3.5725],
    [98.6786, 3.5841],
    [98.6872, 3.5678],
    [98.6831, 3.5808],
    [98.6888, 3.5534],
    [98.6827, 3.5798],
    [98.6811, 3.5809],
    [98.6853, 3.574],
    [98.6815, 3.5758],
    [98.6752, 3.5742],
    [98.6855, 3.5747],
    [98.6855, 3.5747],
    [98.6815, 3.5758],
    [98.68, 3.5766],
    [98.6854, 3.5732],
    [98.6834, 3.5794],
    [98.6818, 3.5806],
    [98.6876, 3.5682],
    [98.6841, 3.5781],
    [98.6841, 3.5781],
    [98.6812, 3.5816],
    [98.6827, 3.5798],
    [98.6869, 3.5713],
    [98.6852, 3.5743],
    [98.6834, 3.5766],
    [98.6773, 3.5724],
    [98.6793, 3.5784],
    [98.6885, 3.5544],
    [98.6885, 3.5544],
    [98.6841, 3.5738],
    [98.6855, 3.5752],
    [98.6812, 3.5775],
    [98.6831, 3.5725],
    [98.6889, 3.5589],
    [98.6886, 3.559],
    [98.6802, 3.5832],
    [98.6881, 3.5554],
    [98.6804, 3.5808],
    [98.6825, 3.581],
    [98.6802, 3.582],
    [98.6878, 3.5658],
    [98.6841, 3.5781],
    [98.6897, 3.5631],
    [98.6802, 3.5754],
    [98.6821, 3.5796],
    [98.6807, 3.5783],
    [98.6786, 3.5841],
    [98.6885, 3.5642],
    [98.6885, 3.5544],
    [98.6791, 3.5775],
    [98.6791, 3.5775],
    [98.6793, 3.5784],
    [98.6802, 3.5754],
    [98.68, 3.5785],
    [98.687, 3.5681],
    [98.6872, 3.5532],
    [98.6786, 3.5841],
    [98.6866, 3.5722],
    [98.6855, 3.5747],
    [98.68, 3.5766],
    [98.6784, 3.5822],
    [98.6893, 3.5595],
    [98.6841, 3.5781],
    [98.6794, 3.5838],
    [98.6767, 3.5801],
    [98.6787, 3.5829],
    [98.6879, 3.5672],
    [98.6878, 3.5658],
    [98.6878, 3.5686],
    [98.6894, 3.5517],
    [98.6885, 3.5599],
    [98.6833, 3.5809],
    [98.68, 3.5766],
    [98.6859, 3.57],
    [98.6883, 3.5669],
    [98.6807, 3.5776],
    [98.6807, 3.5827],
    [98.6824, 3.5835],
    [98.6822, 3.5775],
    [98.6767, 3.5801],
    [98.688, 3.5579],
    [98.679, 3.5792],
    [98.6853, 3.5745],
    [98.6778, 3.5837],
    [98.6866, 3.5662],
    [98.6852, 3.5737],
    [98.6889, 3.561],
    [98.6791, 3.5775],
    [98.6807, 3.5827],
    [98.6844, 3.5769],
    [98.68, 3.5747],
    [98.6786, 3.5841],
    [98.6841, 3.5735],
    [98.68, 3.5766],
    [98.6815, 3.5758],
    [98.6824, 3.5835],
    [98.68, 3.5766],
    [98.6825, 3.5811],
    [98.679, 3.5792],
    [98.68, 3.5766],
    [98.6802, 3.5754],
    [98.6841, 3.5781],
    [98.6829, 3.5822],
    [98.68, 3.5766],
    [98.6821, 3.5791],
    [98.6841, 3.5735],
    [98.6854, 3.5732],
    [98.6802, 3.5754],
    [98.687, 3.5681],
    [98.6791, 3.5775],
    [98.6827, 3.5821],
    [98.6823, 3.5814],
    [98.6874, 3.5507],
    [98.6815, 3.5758],
    [98.689, 3.5571],
    [98.679, 3.5792],
    [98.6854, 3.5751],
    [98.6841, 3.5781],
    [98.6827, 3.5798],
    [98.6841, 3.5781],
    [98.6829, 3.5812],
    [98.6785, 3.5798],
    [98.6802, 3.582],
    [98.6887, 3.5559],
    [98.6841, 3.5781],
    [98.684, 3.5781],
    [98.6828, 3.583],
    [98.6868, 3.5709],
    [98.6841, 3.5781],
    [98.6834, 3.5766],
    [98.6813, 3.5804],
    [98.6724, 3.5755],
    [98.688, 3.5504],
    [98.68, 3.5785],
    [98.6833, 3.5786],
    [98.6873, 3.5547],
    [98.6888, 3.5594],
    [98.6785, 3.5834],
    [98.6817, 3.5809],
    [98.6783, 3.5798],
    [98.68, 3.5766],
    [98.6887, 3.5609],
    [98.6853, 3.5757],
    [98.6841, 3.5781],
    [98.6826, 3.5819],
    [98.6893, 3.5595],
    [98.6801, 3.5753],
    [98.682, 3.576],
    [98.6817, 3.5802],
    [98.6826, 3.5819],
    [98.6841, 3.5781],
    [98.6835, 3.5764],
    [98.6841, 3.5781],
    [98.6897, 3.5631],
    [98.6803, 3.5839],
    [98.68, 3.5766],
    [98.6896, 3.5577],
    [98.6807, 3.5827],
    [98.6807, 3.5822],
    [98.68, 3.5821],
    [98.6862, 3.5714],
    [98.6825, 3.5811],
    [98.6876, 3.5672],
    [98.6879, 3.5672],
    [98.6857, 3.5758],
    [98.6834, 3.5766],
    [98.6817, 3.5833],
    [98.68, 3.5766],
    [98.6807, 3.5827],
    [98.6807, 3.5827],
    [98.6841, 3.5781],
    [98.6897, 3.5619],
    [98.6796, 3.5844],
    [98.6803, 3.5757],
    [98.6823, 3.5814],
    [98.6827, 3.5798],
    [98.6802, 3.5844],
    [98.6826, 3.5813],
    [98.678, 3.5842],
    [98.6852, 3.5725],
    [98.6819, 3.5759],
    [98.6841, 3.5738],
    [98.6821, 3.5803],
    [98.6837, 3.5795],
    [98.6885, 3.5544],
    [98.6796, 3.5844],
    [98.6809, 3.584],
    [98.6807, 3.5783],
    [98.6752, 3.5742],
    [98.6802, 3.5844],
    [98.6852, 3.5725],
    [98.68, 3.5766],
    [98.6827, 3.5798],
    [98.6834, 3.5794],
    [98.6802, 3.584],
    [98.6797, 3.5752],
    [98.677, 3.5842],
    [98.6832, 3.5721],
    [98.6885, 3.5544],
    [98.6879, 3.5672],
    [98.68, 3.5766],
    [98.6873, 3.5663],
    [98.6807, 3.5783],
    [98.6852, 3.5725],
    [98.6883, 3.5491],
    [98.6838, 3.5732],
    [98.6784, 3.5822],
    [98.6841, 3.578],
    [98.684, 3.5791],
    [98.6825, 3.5823],
    [98.6785, 3.5797],
    [98.6868, 3.5687],
    [98.6893, 3.5607],
    [98.6897, 3.5626],
    [98.6854, 3.5732],
    [98.6855, 3.5747],
    [98.686, 3.562],
    [98.6879, 3.5672],
    [98.6841, 3.5738],
    [98.6876, 3.5672],
    [98.6788, 3.5812],
    [98.6817, 3.5802],
    [98.6793, 3.5784],
    [98.6815, 3.5758],
    [98.6869, 3.5672],
    [98.6819, 3.5759],
    [98.6885, 3.5512],
    [98.6823, 3.5814],
    [98.6882, 3.5544],
    [98.6874, 3.5695],
    [98.6803, 3.5757],
    [98.6826, 3.5758],
    [98.6796, 3.5844],
    [98.6819, 3.5759],
    [98.6841, 3.5781],
    [98.6817, 3.5802],
    [98.6802, 3.5754],
    [98.6841, 3.5471],
    [98.6877, 3.5488],
    [98.6819, 3.5759],
    [98.6866, 3.5695],
    [98.6767, 3.5801],
    [98.6901, 3.5633],
    [98.68, 3.5766],
    [98.6804, 3.5821],
    [98.6896, 3.5576],
    [98.6791, 3.5775],
    [98.6864, 3.5555],
    [98.6883, 3.5502],
    [98.6807, 3.5827],
    [98.6859, 3.5741],
    [98.6802, 3.5754],
    [98.6879, 3.5672],
    [98.6807, 3.5827],
    [98.6816, 3.5829],
    [98.6887, 3.5595],
    [98.68, 3.5766],
    [98.686, 3.556],
    [98.6752, 3.5742],
    [98.6886, 3.5682],
    [98.689, 3.5586],
    [98.6841, 3.5778],
    [98.68, 3.5747],
    [98.6802, 3.582],
    [98.6802, 3.582],
    [98.6869, 3.5672],
    [98.6816, 3.5829],
    [98.6813, 3.5822],
    [98.6752, 3.5742],
    [98.6848, 3.573],
    [98.6851, 3.547],
    [98.6888, 3.5594],
    [98.688, 3.5478],
    [98.6826, 3.5823],
    [98.6826, 3.5819],
    [98.6823, 3.5814],
    [98.6879, 3.5672],
    [98.6814, 3.5838],
    [98.6846, 3.5745],
    [98.6785, 3.5798],
    [98.6744, 3.5724],
    [98.6817, 3.5802],
    [98.6758, 3.5745],
    [98.6826, 3.5758],
    [98.6889, 3.5508],
    [98.6867, 3.5699],
    [98.6883, 3.5669],
    [98.6841, 3.5781],
    [98.6823, 3.5814],
    [98.6853, 3.5733],
    [98.6831, 3.5802],
    [98.6885, 3.5524],
    [98.6817, 3.5809],
    [98.6818, 3.5806],
    [98.6786, 3.5841],
    [98.6752, 3.5742],
    [98.6885, 3.5511],
    [98.6821, 3.5796],
    [98.6826, 3.5813],
    [98.6878, 3.5541],
    [98.6791, 3.5775],
    [98.688, 3.5506],
    [98.68, 3.5785],
    [98.68, 3.5766],
    [98.6823, 3.5814],
    [98.6779, 3.5722],
    [98.6774, 3.5799],
    [98.6785, 3.5798],
    [98.6852, 3.5725],
    [98.6841, 3.5735],
    [98.6879, 3.5672],
    [98.6843, 3.5769],
    [98.68, 3.5766],
    [98.6802, 3.582],
    [98.6879, 3.5672],
    [98.6817, 3.5802],
    [98.6896, 3.5652],
    [98.6839, 3.5795],
    [98.6876, 3.5672],
    [98.6802, 3.582],
    [98.6841, 3.5781],
    [98.6852, 3.5725],
    [98.6852, 3.5725],
    [98.681, 3.5825],
    [98.6827, 3.5798],
    [98.68, 3.5766],
    [98.6895, 3.5632],
    [98.6852, 3.577],
    [98.6788, 3.5756],
    [98.6834, 3.5794],
    [98.6785, 3.583],
    [98.6869, 3.5483],
    [98.6834, 3.5794],
    [98.6895, 3.5632],
    [98.6802, 3.5844],
    [98.6828, 3.583],
    [98.6802, 3.5754],
    [98.6807, 3.5827],
    [98.6888, 3.5657],
    [98.6889, 3.561],
    [98.6797, 3.5765],
    [98.6841, 3.5781],
    [98.6826, 3.5813],
    [98.6792, 3.5754],
    [98.6786, 3.5841],
    [98.6887, 3.5598],
    [98.6841, 3.5735],
    [98.6805, 3.5751],
    [98.6882, 3.5574],
    [98.6802, 3.5754],
    [98.6883, 3.5658],
    [98.6745, 3.5735],
    [98.6816, 3.5829],
    [98.6887, 3.5524],
    [98.6841, 3.5781],
    [98.6901, 3.5632],
    [98.6869, 3.5672],
    [98.6802, 3.5754],
    [98.6833, 3.5768],
    [98.6788, 3.5756],
    [98.6791, 3.5775],
    [98.6844, 3.577],
    [98.6852, 3.5725],
    [98.6774, 3.5761],
    [98.6877, 3.5548],
    [98.6802, 3.582],
    [98.6804, 3.577],
    [98.6894, 3.5607],
    [98.6816, 3.5815],
    [98.6853, 3.5726],
    [98.6886, 3.5594],
    [98.6807, 3.5824],
    [98.6887, 3.5559],
    [98.6807, 3.5827],
    [98.6773, 3.5799],
    [98.6841, 3.5781],
    [98.6888, 3.5594],
    [98.684, 3.5725],
    [98.6815, 3.5768],
    [98.6801, 3.5835],
    [98.68, 3.5785],
    [98.6838, 3.5732],
    [98.6804, 3.5836],
    [98.6889, 3.5596],
    [98.6788, 3.5756],
    [98.6805, 3.5751],
    [98.6885, 3.5544],
    [98.6841, 3.5781],
    [98.6823, 3.5754],
    [98.6811, 3.573],
    [98.6822, 3.5767],
    [98.6805, 3.5751],
    [98.6812, 3.5805],
    [98.6885, 3.5544],
    [98.6869, 3.5547],
    [98.68, 3.5766],
    [98.6883, 3.5593],
    [98.6823, 3.5768],
    [98.6897, 3.5619],
    [98.6867, 3.5692],
    [98.679, 3.5792],
    [98.69, 3.5641],
    [98.6818, 3.5806],
    [98.6752, 3.5742],
    [98.6841, 3.5781],
    [98.6802, 3.582],
    [98.6802, 3.5754],
    [98.6881, 3.5555],
    [98.6873, 3.5708],
    [98.6854, 3.5732],
    [98.6815, 3.5758],
    [98.6841, 3.5781],
    [98.68, 3.5766],
    [98.6807, 3.5827],
    [98.6887, 3.5559],
    [98.6815, 3.581],
    [98.6844, 3.5769],
    [98.6807, 3.5827],
    [98.679, 3.5792],
    [98.6828, 3.583],
    [98.6805, 3.5844],
    [98.6828, 3.583],
    [98.6888, 3.5594],
    [98.6901, 3.561],
    [98.6875, 3.5664],
    [98.6815, 3.5758],
    [98.6841, 3.5735],
    [98.6779, 3.5722],
    [98.68, 3.5785],
    [98.6802, 3.5754],
    [98.68, 3.5766],
    [98.6834, 3.5794],
    [98.68, 3.5785],
    [98.6889, 3.5589],
    [98.6871, 3.5702],
    [98.6837, 3.5726],
    [98.6865, 3.5704],
    [98.679, 3.5817],
    [98.6791, 3.5775],
    [98.6786, 3.5841],
    [98.6825, 3.5814],
    [98.6869, 3.5483],
    [98.6838, 3.5787],
    [98.6779, 3.5722],
    [98.6834, 3.5794],
    [98.6826, 3.5819],
    [98.6823, 3.5816],
    [98.6892, 3.5633],
    [98.6802, 3.582],
    [98.6879, 3.5672],
    [98.6811, 3.5773],
    [98.6819, 3.5759],
    [98.6893, 3.5577],
    [98.6852, 3.5725],
    [98.6802, 3.582],
    [98.6815, 3.5765],
    [98.6793, 3.5784],
    [98.6872, 3.5507],
    [98.6844, 3.577],
    [98.6885, 3.5544],
    [98.6863, 3.5728],
    [98.6826, 3.5819],
    [98.6792, 3.5777],
    [98.6841, 3.5781],
    [98.68, 3.5766],
    [98.6826, 3.5758],
    [98.6893, 3.5581],
    [98.6854, 3.5732],
    [98.688, 3.5667],
    [98.6828, 3.5804],
    [98.6845, 3.5715],
    [98.6812, 3.5823],
    [98.6855, 3.5735],
    [98.6878, 3.5523],
    [98.6876, 3.5672],
    [98.6857, 3.5692],
    [98.6823, 3.5768],
    [98.6869, 3.5467],
    [98.6758, 3.5745],
    [98.6802, 3.5754],
    [98.6823, 3.5814],
    [98.6823, 3.5814],
    [98.6838, 3.5781],
    [98.686, 3.556],
    [98.6826, 3.5819],
    [98.6872, 3.5577],
    [98.6886, 3.5584],
    [98.6779, 3.5722],
    [98.6896, 3.5638],
    [98.6841, 3.5781],
    [98.6722, 3.5749],
    [98.6809, 3.5846],
    [98.6894, 3.5607],
    [98.6843, 3.5781],
    [98.6752, 3.5742],
    [98.687, 3.5681],
    [98.6894, 3.5616],
    [98.6802, 3.582],
    [98.6898, 3.5639],
    [98.685, 3.5568],
    [98.6825, 3.5811],
    [98.6841, 3.5781],
    [98.6885, 3.5544],
    [98.6895, 3.5584],
    [98.6861, 3.5558],
    [98.6861, 3.5712],
    [98.6724, 3.5755],
    [98.6844, 3.5765],
    [98.6852, 3.5725],
    [98.6802, 3.5754],
    [98.6837, 3.5795],
    [98.6871, 3.5671],
    [98.6828, 3.5824],
    [98.6809, 3.5751],
    [98.6878, 3.5513],
    [98.6856, 3.576],
    [98.6887, 3.5534],
    [98.6866, 3.5662],
    [98.6889, 3.5589],
    [98.6872, 3.5507],
    [98.6788, 3.5756],
    [98.6879, 3.554],
    [98.6823, 3.5814],
    [98.6818, 3.5836],
    [98.6819, 3.5759],
    [98.6818, 3.5751],
    [98.6787, 3.5803],
    [98.6802, 3.5724],
    [98.677, 3.5842],
    [98.68, 3.5803],
    [98.6838, 3.5795],
    [98.6862, 3.5723],
    [98.6834, 3.5794],
    [98.6797, 3.5765],
    [98.68, 3.5785],
    [98.6802, 3.5787],
    [98.6896, 3.5638],
    [98.6883, 3.5668],
    [98.6879, 3.554],
    [98.6885, 3.5482],
    [98.6805, 3.5751],
    [98.679, 3.5772],
    [98.6827, 3.5798],
    [98.6802, 3.582],
    [98.6795, 3.5829],
    [98.6896, 3.5615],
    [98.6802, 3.5754],
    [98.6785, 3.5798],
    [98.6796, 3.5844],
    [98.674, 3.5748],
    [98.6817, 3.5809],
    [98.6753, 3.5754],
    [98.6802, 3.5754],
    [98.6879, 3.5672],
    [98.6869, 3.5547],
    [98.6841, 3.5735],
    [98.6792, 3.5781],
    [98.6844, 3.5769],
    [98.6872, 3.5682],
    [98.6832, 3.5731],
    [98.6828, 3.583],
    [98.6838, 3.5794],
    [98.6886, 3.5584],
    [98.6796, 3.5844],
    [98.6797, 3.5765],
    [98.6852, 3.5725],
    [98.6886, 3.5581],
    [98.6785, 3.5834],
    [98.6811, 3.5773],
    [98.6779, 3.5722],
    [98.6816, 3.5829],
    [98.685, 3.5757],
    [98.6837, 3.5795],
    [98.6802, 3.5754],
    [98.6862, 3.5724],
    [98.6802, 3.582],
    [98.6869, 3.5672],
    [98.6757, 3.5724],
    [98.6802, 3.582],
    [98.6869, 3.5682],
    [98.6817, 3.5802],
    [98.6857, 3.5758],
    [98.6855, 3.5727],
    [98.6852, 3.5725],
    [98.687, 3.5681],
    [98.6869, 3.5695],
    [98.6867, 3.5699],
    [98.6847, 3.5782],
    [98.6887, 3.5559],
    [98.6841, 3.5781],
    [98.6803, 3.5757],
    [98.6758, 3.5745],
    [98.6821, 3.5796],
    [98.685, 3.5742],
    [98.6886, 3.5544],
    [98.69, 3.5627],
    [98.683, 3.5786],
    [98.6852, 3.5725],
    [98.6834, 3.5794],
    [98.6885, 3.5533],
    [98.6816, 3.5829],
    [98.6796, 3.5844],
    [98.6881, 3.5554],
    [98.6807, 3.5827],
    [98.6871, 3.5472],
    [98.6806, 3.576],
    [98.6887, 3.5559],
    [98.6852, 3.5743],
    [98.6827, 3.5798],
    [98.6815, 3.5758],
    [98.6888, 3.561],
    [98.6887, 3.5598],
    [98.6815, 3.5758],
    [98.683, 3.5756],
    [98.686, 3.556],
    [98.68, 3.5766],
    [98.6813, 3.5822],
    [98.6888, 3.5522],
    [98.689, 3.5571],
    [98.6886, 3.5588],
    [98.6801, 3.5755],
    [98.6841, 3.5781],
    [98.6841, 3.5781],
    [98.6808, 3.577],
    [98.6825, 3.5763],
    [98.6792, 3.5836],
    [98.6776, 3.5764],
    [98.6888, 3.5657],
    [98.68, 3.5766],
    [98.6802, 3.582],
    [98.6827, 3.5803],
    [98.6873, 3.5547],
    [98.6851, 3.5755],
    [98.6797, 3.5833],
    [98.6818, 3.5778],
    [98.6807, 3.5827],
    [98.686, 3.556],
    [98.6796, 3.5844],
    [98.6886, 3.5499],
    [98.6827, 3.5798],
    [98.6831, 3.5725],
    [98.6807, 3.5783],
    [98.683, 3.5793],
    [98.6885, 3.5544],
    [98.68, 3.5766],
    [98.6869, 3.5694],
    [98.6791, 3.5775],
    [98.6784, 3.5822],
    [98.6887, 3.5559],
    [98.6827, 3.5829],
    [98.6787, 3.5781],
    [98.688, 3.5667],
    [98.6786, 3.5841],
    [98.6802, 3.5754],
    [98.68, 3.5785],
    [98.6807, 3.5827],
    [98.6807, 3.5827],
    [98.6873, 3.5686],
    [98.6868, 3.5709],
    [98.679, 3.5792],
    [98.6802, 3.582],
    [98.6791, 3.5814],
    [98.6791, 3.5775],
    [98.6815, 3.5758],
    [98.6858, 3.5702],
    [98.6813, 3.5829],
    [98.6889, 3.5508],
    [98.6793, 3.5842],
    [98.6844, 3.577],
    [98.6825, 3.5763],
    [98.68, 3.5766],
    [98.6894, 3.5599],
    [98.6791, 3.5749],
    [98.6865, 3.5704],
    [98.68, 3.5785],
    [98.6852, 3.5725],
    [98.683, 3.576],
    [98.6861, 3.5461],
    [98.6861, 3.5461],
    [98.6861, 3.5461],
    [98.6857, 3.5755],
    [98.6854, 3.5751],
    [98.6862, 3.5726],
    [98.6847, 3.5782],
    [98.6853, 3.5769],
    [98.6869, 3.5672],
    [98.6852, 3.5697],
    [98.6875, 3.5699],
    [98.6879, 3.5672],
    [98.6872, 3.5606],
    [98.685, 3.5568],
    [98.6869, 3.5547],
    [98.6885, 3.5544],
    [98.6895, 3.5532],
    [98.6885, 3.5482],
    [98.6817, 3.5802],
    [98.6857, 3.5474],
    [98.6821, 3.5802],
    [98.6821, 3.5803],
    [98.6827, 3.5798],
    [98.6812, 3.5726],
    [98.6813, 3.573],
    [98.6851, 3.5738],
    [98.684, 3.5727],
    [98.685, 3.5704],
    [98.6817, 3.5802],
    [98.6817, 3.5802],
    [98.6829, 3.5812],
    [98.6879, 3.5672],
    [98.69, 3.5632],
    [98.6873, 3.5577],
    [98.685, 3.5568],
    [98.6885, 3.5511],
    [98.6872, 3.5507],
    [98.6867, 3.5466],
    [98.6885, 3.5544],
    [98.6887, 3.5585],
    [98.6811, 3.5734],
    [98.6895, 3.5532],
    [98.6817, 3.5802],
    [98.688, 3.5667],
    [98.6878, 3.55],
    [98.6827, 3.5798],
    [98.6886, 3.5634],
    [98.6885, 3.5581],
    [98.6883, 3.5669],
    [98.6832, 3.5815],
    [98.6883, 3.5501],
    [98.6872, 3.5507],
    [98.6881, 3.5492],
    [98.6881, 3.5493],
    [98.6885, 3.5544],
    [98.6817, 3.5802],
    [98.6851, 3.547],
    [98.6885, 3.5544],
    [98.6872, 3.5466],
    [98.6885, 3.5642],
    [98.6885, 3.5642],
    [98.6885, 3.5642],
    [98.6885, 3.5623],
    [98.6878, 3.5619],
    [98.6895, 3.5618],
    [98.6869, 3.5547],
    [98.6885, 3.5544],
    [98.6873, 3.5577],
    [98.6887, 3.558],
    [98.6873, 3.5577],
    [98.6885, 3.5544],
    [98.6885, 3.5529],
    [98.6794, 3.5839],
    [98.6821, 3.5796],
    [98.6827, 3.5798],
    [98.6846, 3.5745],
    [98.68, 3.5785],
    [98.6791, 3.5775],
    [98.6791, 3.5775],
    [98.6773, 3.5799],
    [98.6811, 3.573],
    [98.684, 3.5738],
    [98.6831, 3.5725],
    [98.6852, 3.5697],
    [98.6878, 3.5658],
    [98.6882, 3.566],
    [98.6899, 3.5645],
    [98.6869, 3.5672],
    [98.6872, 3.5507],
    [98.6874, 3.5496],
    [98.6888, 3.5494],
    [98.6846, 3.5486],
    [98.6885, 3.5544],
    [98.6872, 3.5606],
    [98.6791, 3.5775],
    [98.6817, 3.5802],
    [98.6817, 3.5802],
    [98.6868, 3.5531],
    [98.6879, 3.5672],
    [98.6885, 3.5642],
    [98.6817, 3.5802],
    [98.6882, 3.5551],
    [98.6887, 3.5534],
    [98.6885, 3.5544],
    [98.6872, 3.5532],
    [98.6893, 3.5519],
    [98.6878, 3.5513],
    [98.6826, 3.5836],
    [98.6826, 3.5836],
    [98.6826, 3.5836],
    [98.6826, 3.5836],
    [98.6826, 3.5836],
    [98.6821, 3.5803],
    [98.6821, 3.5803],
    [98.6841, 3.5781],
    [98.6787, 3.573],
    [98.689, 3.561],
    [98.6873, 3.5577],
    [98.6895, 3.5532],
    [98.6869, 3.5547],
    [98.6878, 3.55],
    [98.6872, 3.5507],
    [98.6817, 3.5802],
    [98.6791, 3.5775],
    [98.6811, 3.5734],
    [98.6879, 3.5672],
    [98.6852, 3.5697],
    [98.6873, 3.5663],
    [98.6878, 3.5658],
    [98.69, 3.5637],
    [98.6889, 3.5622],
    [98.6878, 3.5619],
    [98.6869, 3.5672],
    [98.6817, 3.5787],
    [98.6861, 3.5738],
    [98.6873, 3.5577],
    [98.6873, 3.5695],
    [98.6857, 3.5474],
    [98.6869, 3.5547],
    [98.6866, 3.5722],
    [98.6817, 3.5802],
    [98.6857, 3.5695],
    [98.6852, 3.5697],
    [98.6882, 3.566],
    [98.6879, 3.5672],
    [98.6878, 3.5619],
    [98.6889, 3.5596],
    [98.6872, 3.5606],
    [98.6873, 3.5577],
    [98.6872, 3.5532],
    [98.6887, 3.5534],
    [98.6893, 3.552],
    [98.6872, 3.5507],
    [98.6872, 3.5507],
    [98.6811, 3.5803],
    [98.6812, 3.5795],
    [98.6869, 3.5672],
    [98.6889, 3.56],
    [98.6788, 3.5812],
    [98.6808, 3.5771],
    [98.6801, 3.5749],
    [98.6791, 3.5775],
    [98.6752, 3.5742],
    [98.6811, 3.573],
    [98.6811, 3.573],
    [98.6763, 3.5755],
    [98.6849, 3.5737],
    [98.6847, 3.5736],
    [98.6785, 3.583],
    [98.6805, 3.5813],
    [98.6803, 3.5838],
    [98.6817, 3.5817],
    [98.6793, 3.5769],
    [98.6804, 3.5725],
    [98.6804, 3.5725],
    [98.6786, 3.5841],
    [98.6786, 3.5841],
    [98.6861, 3.5461],
    [98.6886, 3.5497],
    [98.6885, 3.5512],
    [98.6874, 3.5496],
    [98.6821, 3.5803],
    [98.6841, 3.5781],
    [98.6811, 3.5773],
    [98.6791, 3.5775],
    [98.684, 3.5738],
    [98.6866, 3.5662],
    [98.6878, 3.5658],
    [98.6872, 3.5606],
    [98.6873, 3.5577],
    [98.6895, 3.5532],
    [98.6821, 3.5796],
    [98.6787, 3.5777],
    [98.6752, 3.5742],
    [98.6859, 3.572],
    [98.6878, 3.5658],
    [98.6878, 3.5619],
    [98.6817, 3.5802],
    [98.6885, 3.5544],
    [98.6848, 3.547],
    [98.6882, 3.5489],
    [98.6887, 3.5518],
    [98.6805, 3.5844],
    [98.6809, 3.5833],
    [98.6879, 3.5553],
    [98.6886, 3.5501],
    [98.6878, 3.55],
    [98.6872, 3.5507],
    [98.6885, 3.5642],
    [98.6873, 3.5577],
    [98.6872, 3.5507],
    [98.683, 3.5814],
    [98.6802, 3.582],
    [98.6878, 3.55],
    [98.6867, 3.5691],
    [98.6838, 3.5732],
    [98.6786, 3.5841],
    [98.6872, 3.5532],
    [98.6884, 3.5589],
    [98.6873, 3.5577],
    [98.6873, 3.5577],
    [98.6869, 3.5547],
    [98.6895, 3.5532],
    [98.6878, 3.5513],
    [98.6872, 3.5507],
    [98.6881, 3.5667],
    [98.6802, 3.582],
    [98.68, 3.5785],
    [98.6752, 3.5742],
    [98.6837, 3.5712],
    [98.685, 3.5704],
    [98.6817, 3.5795],
    [98.6804, 3.5754],
    [98.6841, 3.5735],
    [98.684, 3.5728],
    [98.6866, 3.5662],
    [98.6892, 3.5633],
    [98.6851, 3.5478],
    [98.6797, 3.5765],
    [98.6797, 3.5765],
    [98.6803, 3.5839],
    [98.6803, 3.5829],
    [98.6857, 3.5755],
    [98.6859, 3.5752],
    [98.686, 3.5749],
    [98.6815, 3.5765],
    [98.6796, 3.5844],
    [98.6841, 3.5781],
    [98.6802, 3.582],
    [98.6827, 3.5798],
    [98.6804, 3.5787],
    [98.6855, 3.5747],
    [98.6865, 3.5716],
    [98.6887, 3.5482],
    [98.688, 3.5579],
    [98.6786, 3.5841],
    [98.6889, 3.5586],
    [98.6895, 3.5629],
    [98.689, 3.5584],
    [98.6805, 3.5751],
    [98.6791, 3.5775],
    [98.684, 3.5725],
    [98.684, 3.5725],
    [98.6813, 3.5737],
    [98.684, 3.5725],
    [98.6862, 3.5732],
    [98.6883, 3.5531],
    [98.6883, 3.5662],
    [98.689, 3.5584],
    [98.6895, 3.5632],
    [98.6889, 3.5587],
    [98.6871, 3.5702],
    [98.6869, 3.5682],
    [98.6807, 3.5827],
    [98.6778, 3.5834],
    [98.6817, 3.582],
    [98.6792, 3.5725],
    [98.6841, 3.5781],
    [98.687, 3.5534],
    [98.687, 3.5695],
    [98.6855, 3.5752],
    [98.6855, 3.5752],
    [98.6823, 3.5814],
    [98.6892, 3.5633],
    [98.6883, 3.5491],
    [98.6887, 3.5534],
    [98.6888, 3.5543],
    [98.6841, 3.5735],
    [98.6894, 3.5616],
    [98.6856, 3.5745],
    [98.6841, 3.5735],
    [98.687, 3.5681],
    [98.6872, 3.5663],
    [98.6885, 3.5544],
    [98.6832, 3.5771],
    [98.6836, 3.5764],
    [98.684, 3.579],
    [98.6885, 3.5482],
    [98.6842, 3.5785],
    [98.6895, 3.5618],
    [98.6881, 3.5479],
    [98.6901, 3.5633],
    [98.6895, 3.5651],
    [98.6823, 3.5814],
    [98.6806, 3.578],
    [98.6844, 3.5726],
    [98.6857, 3.5726],
    [98.6816, 3.5785],
    [98.6816, 3.5785],
    [98.6816, 3.5785],
    [98.6816, 3.5785],
    [98.6816, 3.5785],
    [98.6888, 3.5594],
    [98.6807, 3.5775],
    [98.6773, 3.5799],
    [98.6786, 3.5841],
    [98.6786, 3.5841],
    [98.6829, 3.5822],
    [98.6807, 3.579],
    [98.6896, 3.5651],
    [98.6809, 3.5817],
    [98.6809, 3.5817],
    [98.6838, 3.5787],
    [98.68, 3.5766],
    [98.6893, 3.5634],
    [98.687, 3.5681],
    [98.6879, 3.5701],
    [98.6888, 3.5601],
    [98.6885, 3.5578],
    [98.6888, 3.5594],
    [98.6872, 3.5577],
    [98.6884, 3.5557],
    [98.6836, 3.5764],
    [98.684, 3.5781],
    [98.6805, 3.5751],
    [98.6816, 3.5749],
    [98.68, 3.5785],
    [98.6787, 3.5764],
    [98.6792, 3.5768],
    [98.684, 3.5724],
    [98.6838, 3.5796],
    [98.6853, 3.5745],
    [98.6895, 3.5632],
    [98.6895, 3.5632],
    [98.6826, 3.582],
    [98.6823, 3.5793],
    [98.6826, 3.5798],
    [98.681, 3.5813],
    [98.6802, 3.5838],
    [98.6887, 3.5585],
    [98.6887, 3.5585],
    [98.6839, 3.5789],
    [98.6807, 3.5827],
    [98.6887, 3.5592],
    [98.6887, 3.5592],
    [98.6823, 3.5814],
    [98.6868, 3.5674],
    [98.6855, 3.5747],
    [98.6853, 3.5763],
    [98.6856, 3.576],
    [98.6851, 3.5773],
    [98.6847, 3.5782],
    [98.6853, 3.5769],
    [98.6853, 3.5769],
    [98.6852, 3.577],
    [98.6853, 3.5769],
    [98.6851, 3.5755],
    [98.6856, 3.5758],
    [98.6851, 3.5755],
    [98.6793, 3.5833],
    [98.6793, 3.576],
    [98.6786, 3.5834],
    [98.6825, 3.5811],
    [98.689, 3.5612],
    [98.6833, 3.5725],
    [98.6832, 3.5721],
    [98.6832, 3.5721],
    [98.68, 3.5766]
  ]
}
